{"type":"FeatureCollection","metadata":{"gemeente":"Agrigento","slug":"agrigento","generated_at":"2026-09-26T14:26:50.472778Z","total_points":176,"providers":["PosteItaliane","DPD","InPost","GLS","DHL","Amazon","FedEx"],"bounds":[13.51748806,37.25987,13.62489,37.35241191]},"features":[{"type":"Feature","geometry":{"type":"Point","coordinates":[13.58553245,37.27573138]},"properties":{"type":"pakketpunt","locatieNaam":"Tabaccheria N. 7","straatNaam":"Viale Emporium","straatNr":"28","vervoerder":"PosteItaliane","puntType":"servicepunt","bezettingsgraad":50,"latitude":37.27573138,"longitude":13.58553245,"canPickup":true,"canDropoff":true,"openingstijden":{"za":"07:00 - 20:00","zo":"gesloten","ma":"07:00 - 20:00","di":"07:00 - 20:00","wo":"07:00 - 20:00","do":"07:00 - 20:00","vr":"07:00 - 20:00"}}},{"type":"Feature","geometry":{"type":"Point","coordinates":[13.58631721,37.30404818]},"properties":{"type":"pakketpunt","locatieNaam":"Tabaccheria N. 34","straatNaam":"Via Francesco Petrarca","straatNr":"4","vervoerder":"PosteItaliane","puntType":"servicepunt","bezettingsgraad":50,"latitude":37.30404818,"longitude":13.58631721,"canPickup":true,"canDropoff":true,"openingstijden":{"za":"07:30 - 13:00, 15:00 - 19:30","zo":"gesloten","ma":"07:30 - 13:00, 15:00 - 19:30","di":"07:30 - 13:00, 15:00 - 19:30","wo":"07:30 - 13:00, 15:00 - 19:30","do":"07:30 - 13:00, 15:00 - 19:30","vr":"07:30 - 13:00, 15:00 - 19:30"}}},{"type":"Feature","geometry":{"type":"Point","coordinates":[13.5778823,37.30914849]},"properties":{"type":"pakketpunt","locatieNaam":"Agrigento 6","straatNaam":"Via Dante Alighieri","straatNr":"42","vervoerder":"PosteItaliane","puntType":"postkantoor","bezettingsgraad":50,"latitude":37.30914849,"longitude":13.5778823,"canPickup":true,"canDropoff":true,"openingstijden":{"za":"08:20 - 12:35","zo":"gesloten","ma":"08:20 - 13:35","di":"08:20 - 13:35","wo":"08:20 - 13:35","do":"08:20 - 13:35","vr":"08:20 - 13:35"}}},{"type":"Feature","geometry":{"type":"Point","coordinates":[13.59036723,37.30386069]},"properties":{"type":"pakketpunt","locatieNaam":"Agrigento 3","straatNaam":"Via Ugo La Malfa","straatNr":"44","vervoerder":"PosteItaliane","puntType":"postkantoor","bezettingsgraad":50,"latitude":37.30386069,"longitude":13.59036723,"canPickup":true,"canDropoff":true,"openingstijden":{"za":"08:20 - 12:35","zo":"gesloten","ma":"08:20 - 19:05","di":"08:20 - 19:05","wo":"08:20 - 19:05","do":"08:20 - 19:05","vr":"08:20 - 19:05"}}},{"type":"Feature","geometry":{"type":"Point","coordinates":[13.59303788,37.3058139]},"properties":{"type":"pakketpunt","locatieNaam":"Agrigento 8","straatNaam":"Viale Della Vittoria","straatNr":"243","vervoerder":"PosteItaliane","puntType":"postkantoor","bezettingsgraad":50,"latitude":37.3058139,"longitude":13.59303788,"canPickup":true,"canDropoff":true,"openingstijden":{"za":"08:20 - 12:35","zo":"gesloten","ma":"08:20 - 13:35","di":"08:20 - 13:35","wo":"08:20 - 13:35","do":"08:20 - 13:35","vr":"08:20 - 13:35"}}},{"type":"Feature","geometry":{"type":"Point","coordinates":[13.61980251,37.26885482]},"properties":{"type":"pakketpunt","locatieNaam":"Agrigento 11","straatNaam":"Viale Cannatello","straatNr":"25","vervoerder":"PosteItaliane","puntType":"postkantoor","bezettingsgraad":50,"latitude":37.26885482,"longitude":13.61980251,"canPickup":true,"canDropoff":true,"openingstijden":{"za":"08:20 - 12:35","zo":"gesloten","ma":"08:20 - 13:35","di":"08:20 - 13:35","wo":"08:20 - 13:35","do":"08:20 - 13:35","vr":"08:20 - 13:35"}}},{"type":"Feature","geometry":{"type":"Point","coordinates":[13.58688312,37.2717622]},"properties":{"type":"pakketpunt","locatieNaam":"Agrigento 10","straatNaam":"Via Giovan Battista Peruzzo","straatNr":"7","vervoerder":"PosteItaliane","puntType":"postkantoor","bezettingsgraad":50,"latitude":37.2717622,"longitude":13.58688312,"canPickup":true,"canDropoff":true,"openingstijden":{"za":"08:20 - 12:45","zo":"gesloten","ma":"08:20 - 13:45","di":"08:20 - 13:45","wo":"08:20 - 13:45","do":"08:20 - 13:45","vr":"08:20 - 13:45"}}},{"type":"Feature","geometry":{"type":"Point","coordinates":[13.56312825,37.29650196]},"properties":{"type":"pakketpunt","locatieNaam":"Agrigento 9","straatNaam":"Piazza San Basilio","straatNr":"12","vervoerder":"PosteItaliane","puntType":"postkantoor","bezettingsgraad":50,"latitude":37.29650196,"longitude":13.56312825,"canPickup":true,"canDropoff":true,"openingstijden":{"za":"08:20 - 12:45","zo":"gesloten","ma":"08:20 - 13:45","di":"08:20 - 13:45","wo":"08:20 - 13:45","do":"08:20 - 13:45","vr":"08:20 - 13:45"}}},{"type":"Feature","geometry":{"type":"Point","coordinates":[13.51748806,37.35241191]},"properties":{"type":"pakketpunt","locatieNaam":"Giardina Gallotti","straatNaam":"Via Belvedere","straatNr":"197","vervoerder":"PosteItaliane","puntType":"postkantoor","bezettingsgraad":50,"latitude":37.35241191,"longitude":13.51748806,"canPickup":true,"canDropoff":true,"openingstijden":{"za":"gesloten","zo":"gesloten","ma":"08:20 - 13:45","di":"gesloten","wo":"08:20 - 13:45","do":"gesloten","vr":"08:20 - 13:45"}}},{"type":"Feature","geometry":{"type":"Point","coordinates":[13.57903547,37.26313996]},"properties":{"type":"pakketpunt","locatieNaam":"Agrigento 5","straatNaam":"Lungomare Falcone E Borsellino","straatNr":"3","vervoerder":"PosteItaliane","puntType":"postkantoor","bezettingsgraad":50,"latitude":37.26313996,"longitude":13.57903547,"canPickup":true,"canDropoff":true,"openingstijden":{"za":"08:20 - 12:35","zo":"gesloten","ma":"08:20 - 13:35","di":"08:20 - 13:35","wo":"08:20 - 13:35","do":"08:20 - 13:35","vr":"08:20 - 13:35"}}},{"type":"Feature","geometry":{"type":"Point","coordinates":[13.55057559,37.32904223]},"properties":{"type":"pakketpunt","locatieNaam":"Montaperto","straatNaam":"Via Rosario","straatNr":"101","vervoerder":"PosteItaliane","puntType":"postkantoor","bezettingsgraad":50,"latitude":37.32904223,"longitude":13.55057559,"canPickup":true,"canDropoff":true,"openingstijden":{"za":"08:20 - 12:45","zo":"gesloten","ma":"gesloten","di":"08:20 - 13:45","wo":"gesloten","do":"08:20 - 13:45","vr":"gesloten"}}},{"type":"Feature","geometry":{"type":"Point","coordinates":[13.5779231,37.31089594]},"properties":{"type":"pakketpunt","locatieNaam":"Agrigento 4","straatNaam":"Via Atenea","straatNr":"333","vervoerder":"PosteItaliane","puntType":"postkantoor","bezettingsgraad":50,"latitude":37.31089594,"longitude":13.5779231,"canPickup":true,"canDropoff":true,"openingstijden":{"za":"08:20 - 12:35","zo":"gesloten","ma":"08:20 - 13:35","di":"08:20 - 13:35","wo":"08:20 - 13:35","do":"08:20 - 13:35","vr":"08:20 - 13:35"}}},{"type":"Feature","geometry":{"type":"Point","coordinates":[13.58370977,37.31919225]},"properties":{"type":"pakketpunt","locatieNaam":"Agrigento 7","straatNaam":"Via Piersanti Mattarella","straatNr":"50","vervoerder":"PosteItaliane","puntType":"postkantoor","bezettingsgraad":50,"latitude":37.31919225,"longitude":13.58370977,"canPickup":true,"canDropoff":true,"openingstijden":{"za":"08:20 - 12:35","zo":"gesloten","ma":"08:20 - 13:35","di":"08:20 - 13:35","wo":"08:20 - 13:35","do":"08:20 - 13:35","vr":"08:20 - 13:35"}}},{"type":"Feature","geometry":{"type":"Point","coordinates":[13.59133843,37.33726584]},"properties":{"type":"pakketpunt","locatieNaam":"Agrigento 1","straatNaam":"Via Antonio Pancamo","straatNr":"10","vervoerder":"PosteItaliane","puntType":"postkantoor","bezettingsgraad":50,"latitude":37.33726584,"longitude":13.59133843,"canPickup":true,"canDropoff":true,"openingstijden":{"za":"08:20 - 12:35","zo":"gesloten","ma":"08:20 - 13:35","di":"08:20 - 13:35","wo":"08:20 - 13:35","do":"08:20 - 13:35","vr":"08:20 - 13:35"}}},{"type":"Feature","geometry":{"type":"Point","coordinates":[13.58596202,37.31100641]},"properties":{"type":"pakketpunt","locatieNaam":"Agrigento Centro","straatNaam":"Piazza Vittorio Emanuele","straatNr":"7","vervoerder":"PosteItaliane","puntType":"postkantoor","bezettingsgraad":50,"latitude":37.31100641,"longitude":13.58596202,"canPickup":true,"canDropoff":true,"openingstijden":{"za":"08:20 - 12:35","zo":"gesloten","ma":"08:20 - 19:05","di":"08:20 - 19:05","wo":"08:20 - 19:05","do":"08:20 - 19:05","vr":"08:20 - 19:05"}}},{"type":"Feature","geometry":{"type":"Point","coordinates":[13.57233923,37.31511145]},"properties":{"type":"pakketpunt","locatieNaam":"Tabaccheria N. 48","straatNaam":"Via Venticinque Aprile","straatNr":"116","vervoerder":"PosteItaliane","puntType":"servicepunt","bezettingsgraad":50,"latitude":37.31511145,"longitude":13.57233923,"canPickup":true,"canDropoff":true,"openingstijden":{"za":"07:00 - 13:00, 15:30 - 20:00","zo":"08:00 - 12:30","ma":"07:00 - 13:00, 15:30 - 20:00","di":"07:00 - 13:00, 15:30 - 20:00","wo":"07:00 - 13:00, 15:30 - 20:00","do":"07:00 - 13:00, 15:30 - 20:00","vr":"07:00 - 13:00, 15:30 - 20:00"}}},{"type":"Feature","geometry":{"type":"Point","coordinates":[13.58208546,37.26122902]},"properties":{"type":"pakketpunt","locatieNaam":"Tabaccheria N. 16","straatNaam":"Lungomare Falcone E Borsellino","straatNr":"57","vervoerder":"PosteItaliane","puntType":"servicepunt","bezettingsgraad":50,"latitude":37.26122902,"longitude":13.58208546,"canPickup":true,"canDropoff":true,"openingstijden":{"za":"07:30 - 13:30, 16:00 - 23:00","zo":"07:30 - 13:30, 16:00 - 23:00","ma":"07:30 - 13:30, 16:00 - 23:00","di":"07:30 - 13:30, 16:00 - 23:00","wo":"07:30 - 13:30, 16:00 - 23:00","do":"07:30 - 13:30, 16:00 - 23:00","vr":"07:30 - 13:30, 16:00 - 23:00"}}},{"type":"Feature","geometry":{"type":"Point","coordinates":[13.58802996,37.3055852]},"properties":{"type":"pakketpunt","locatieNaam":"Tabaccheria N. 41","straatNaam":"Via Giuseppe Toniolo","straatNr":"20","vervoerder":"PosteItaliane","puntType":"servicepunt","bezettingsgraad":50,"latitude":37.3055852,"longitude":13.58802996,"canPickup":true,"canDropoff":true,"openingstijden":{"za":"08:00 - 13:30, 16:30 - 20:00","zo":"gesloten","ma":"08:00 - 13:30, 16:30 - 20:00","di":"08:00 - 13:30, 16:30 - 20:00","wo":"08:00 - 13:30, 16:30 - 20:00","do":"08:00 - 13:30, 16:30 - 20:00","vr":"08:00 - 13:30, 16:30 - 20:00"}}},{"type":"Feature","geometry":{"type":"Point","coordinates":[13.5935165,37.3066703]},"properties":{"type":"pakketpunt","locatieNaam":"Satellite","straatNaam":"Via Giovanni Xxiii","straatNr":"160","vervoerder":"PosteItaliane","puntType":"servicepunt","bezettingsgraad":50,"latitude":37.3066703,"longitude":13.5935165,"canPickup":true,"canDropoff":true,"openingstijden":{"za":"gesloten","zo":"gesloten","ma":"09:00 - 13:00, 16:00 - 19:00","di":"09:00 - 13:00, 16:00 - 19:00","wo":"09:00 - 13:00, 16:00 - 19:00","do":"09:00 - 13:00, 16:00 - 19:00","vr":"09:00 - 13:00, 16:00 - 19:00"}}},{"type":"Feature","geometry":{"type":"Point","coordinates":[13.57967867,37.2639615]},"properties":{"type":"pakketpunt","locatieNaam":"Tabaccheria N. 28","straatNaam":"Viale Viareggio","straatNr":"33","vervoerder":"PosteItaliane","puntType":"servicepunt","bezettingsgraad":50,"latitude":37.2639615,"longitude":13.57967867,"canPickup":true,"canDropoff":true,"openingstijden":{"za":"08:00 - 13:00, 15:30 - 20:00","zo":"08:00 - 13:00, 15:30 - 20:00","ma":"08:00 - 13:00","di":"08:00 - 13:00, 15:30 - 20:00","wo":"08:00 - 13:00, 15:30 - 20:00","do":"08:00 - 13:00, 15:30 - 20:00","vr":"08:00 - 13:00, 15:30 - 20:00"}}},{"type":"Feature","geometry":{"type":"Point","coordinates":[13.58302436,37.31510347]},"properties":{"type":"pakketpunt","locatieNaam":"Tabaccheria N. 40","straatNaam":"Via Imera","straatNr":"166","vervoerder":"PosteItaliane","puntType":"servicepunt","bezettingsgraad":50,"latitude":37.31510347,"longitude":13.58302436,"canPickup":true,"canDropoff":true,"openingstijden":{"za":"06:30 - 19:00","zo":"gesloten","ma":"06:30 - 19:00","di":"06:30 - 19:00","wo":"06:30 - 19:00","do":"06:30 - 19:00","vr":"06:30 - 19:00"}}},{"type":"Feature","geometry":{"type":"Point","coordinates":[13.57887477,37.31126951]},"properties":{"type":"pakketpunt","locatieNaam":"Tabaccheria N. 2","straatNaam":"Via Atenea","straatNr":"299","vervoerder":"PosteItaliane","puntType":"servicepunt","bezettingsgraad":50,"latitude":37.31126951,"longitude":13.57887477,"canPickup":true,"canDropoff":true,"openingstijden":{"za":"07:30 - 20:30","zo":"07:30 - 14:00","ma":"07:30 - 20:30","di":"07:30 - 20:30","wo":"07:30 - 20:30","do":"07:30 - 20:30","vr":"07:30 - 20:30"}}},{"type":"Feature","geometry":{"type":"Point","coordinates":[13.51910457,37.35093031]},"properties":{"type":"pakketpunt","locatieNaam":"Tabaccheria N. 17","straatNaam":"Via Belvedere","straatNr":"127/b","vervoerder":"PosteItaliane","puntType":"servicepunt","bezettingsgraad":50,"latitude":37.35093031,"longitude":13.51910457,"canPickup":true,"canDropoff":true,"openingstijden":{"za":"05:30 - 13:00, 15:00 - 20:30","zo":"05:30 - 13:00, 15:00 - 20:30","ma":"05:30 - 13:00, 15:00 - 20:30","di":"05:30 - 13:00, 15:00 - 20:30","wo":"05:30 - 13:00, 15:00 - 20:30","do":"05:30 - 13:00, 15:00 - 20:30","vr":"05:30 - 13:00, 15:00 - 20:30"}}},{"type":"Feature","geometry":{"type":"Point","coordinates":[13.59384176,37.30650082]},"properties":{"type":"pakketpunt","locatieNaam":"Tabaccheria N. 1","straatNaam":"Via Giovanni Xxiii","straatNr":"132","vervoerder":"PosteItaliane","puntType":"servicepunt","bezettingsgraad":50,"latitude":37.30650082,"longitude":13.59384176,"canPickup":true,"canDropoff":true,"openingstijden":{"za":"08:00 - 12:30, 16:00 - 19:30","zo":"gesloten","ma":"08:00 - 12:30, 16:00 - 19:30","di":"08:00 - 12:30, 16:00 - 19:30","wo":"08:00 - 12:30, 16:00 - 19:30","do":"08:00 - 12:30, 16:00 - 19:30","vr":"08:00 - 12:30, 16:00 - 19:30"}}},{"type":"Feature","geometry":{"type":"Point","coordinates":[13.59553168,37.33391639]},"properties":{"type":"pakketpunt","locatieNaam":"Stazione Di Servizio Eni","straatNaam":"Via Unita' D'italia Snc","straatNr":"1","vervoerder":"PosteItaliane","puntType":"automaat","bezettingsgraad":50,"latitude":37.33391639,"longitude":13.59553168,"canPickup":true,"canDropoff":true,"openingstijden":{"za":"00:01 - 23:59","zo":"00:01 - 23:59","ma":"00:01 - 23:59","di":"00:01 - 23:59","wo":"00:01 - 23:59","do":"00:01 - 23:59","vr":"00:01 - 23:59"}}},{"type":"Feature","geometry":{"type":"Point","coordinates":[13.61120494,37.27692124]},"properties":{"type":"pakketpunt","locatieNaam":"Telefonia - Via Sciascia","straatNaam":"Viale Leonardo Sciascia","straatNr":"25","vervoerder":"PosteItaliane","puntType":"servicepunt","bezettingsgraad":50,"latitude":37.27692124,"longitude":13.61120494,"canPickup":true,"canDropoff":true,"openingstijden":{"za":"09:30 - 13:00","zo":"gesloten","ma":"09:30 - 13:00, 16:30 - 20:00","di":"09:30 - 13:00, 16:00 - 20:00","wo":"09:30 - 13:00, 16:30 - 20:00","do":"09:30 - 13:00, 16:30 - 20:00","vr":"09:30 - 13:00, 16:30 - 20:00"}}},{"type":"Feature","geometry":{"type":"Point","coordinates":[13.57879464,37.30885498]},"properties":{"type":"pakketpunt","locatieNaam":"Tabaccheria N. 20","straatNaam":"Via Dante Alighieri","straatNr":"14","vervoerder":"PosteItaliane","puntType":"servicepunt","bezettingsgraad":50,"latitude":37.30885498,"longitude":13.57879464,"canPickup":true,"canDropoff":true,"openingstijden":{"za":"07:30 - 13:30, 15:45 - 20:00","zo":"gesloten","ma":"07:30 - 13:30, 15:45 - 20:00","di":"07:30 - 13:30, 15:45 - 20:00","wo":"07:30 - 13:30, 15:45 - 20:00","do":"07:30 - 13:30, 15:45 - 20:00","vr":"07:30 - 13:30, 15:45 - 20:00"}}},{"type":"Feature","geometry":{"type":"Point","coordinates":[13.59724457,37.29937647]},"properties":{"type":"pakketpunt","locatieNaam":"Tabaccheria N. 27","straatNaam":"Via Panoramica Valle Dei Templi","straatNr":"31","vervoerder":"PosteItaliane","puntType":"servicepunt","bezettingsgraad":50,"latitude":37.29937647,"longitude":13.59724457,"canPickup":true,"canDropoff":true,"openingstijden":{"za":"07:30 - 13:00, 16:00 - 20:00","zo":"gesloten","ma":"07:30 - 13:00, 16:00 - 20:00","di":"07:30 - 13:00, 16:00 - 20:00","wo":"07:30 - 13:00, 16:00 - 20:00","do":"07:30 - 13:00, 16:00 - 20:00","vr":"07:30 - 13:00, 16:00 - 20:00"}}},{"type":"Feature","geometry":{"type":"Point","coordinates":[13.58915009,37.31080139]},"properties":{"type":"pakketpunt","locatieNaam":"Tabaccheria N. 9","straatNaam":"Via Cicerone","straatNr":"24","vervoerder":"PosteItaliane","puntType":"servicepunt","bezettingsgraad":50,"latitude":37.31080139,"longitude":13.58915009,"canPickup":true,"canDropoff":true,"openingstijden":{"za":"07:30 - 20:00","zo":"gesloten","ma":"07:30 - 20:00","di":"07:30 - 20:00","wo":"07:30 - 20:00","do":"07:30 - 20:00","vr":"07:30 - 20:00"}}},{"type":"Feature","geometry":{"type":"Point","coordinates":[13.58387196,37.30684405]},"properties":{"type":"pakketpunt","locatieNaam":"Tabaccheria N. 39","straatNaam":"Via Alessandro Manzoni","straatNr":"110","vervoerder":"PosteItaliane","puntType":"servicepunt","bezettingsgraad":50,"latitude":37.30684405,"longitude":13.58387196,"canPickup":true,"canDropoff":true,"openingstijden":{"za":"07:30 - 20:15","zo":"08:30 - 13:30","ma":"07:30 - 20:15","di":"07:30 - 20:15","wo":"07:30 - 20:15","do":"07:30 - 20:15","vr":"07:30 - 20:15"}}},{"type":"Feature","geometry":{"type":"Point","coordinates":[13.59093878,37.3305778]},"properties":{"type":"pakketpunt","locatieNaam":"Newsmania","straatNaam":"Via Barone Francesco Celsa","straatNr":"33","vervoerder":"PosteItaliane","puntType":"servicepunt","bezettingsgraad":50,"latitude":37.3305778,"longitude":13.59093878,"canPickup":true,"canDropoff":true,"openingstijden":{"za":"08:30 - 13:00","zo":"gesloten","ma":"08:15 - 13:10, 16:30 - 19:30","di":"08:15 - 13:10, 16:30 - 19:30","wo":"08:15 - 13:10, 16:30 - 19:30","do":"08:15 - 13:10, 16:30 - 19:30","vr":"08:15 - 13:10, 16:30 - 19:30"}}},{"type":"Feature","geometry":{"type":"Point","coordinates":[13.59284188,37.30588953]},"properties":{"type":"pakketpunt","locatieNaam":"Tabaccheria N. 46","straatNaam":"Viale Della Vittoria","straatNr":"233","vervoerder":"PosteItaliane","puntType":"servicepunt","bezettingsgraad":50,"latitude":37.30588953,"longitude":13.59284188,"canPickup":true,"canDropoff":true,"openingstijden":{"za":"07:30 - 13:00, 16:00 - 19:00","zo":"gesloten","ma":"07:00 - 19:00","di":"07:00 - 19:00","wo":"07:00 - 19:00","do":"07:00 - 19:00","vr":"07:00 - 19:00"}}},{"type":"Feature","geometry":{"type":"Point","coordinates":[13.57811414,37.31633355]},"properties":{"type":"pakketpunt","locatieNaam":"Tabaccheria N. 45","straatNaam":"Via Venticinque Aprile","straatNr":"202","vervoerder":"PosteItaliane","puntType":"servicepunt","bezettingsgraad":50,"latitude":37.31633355,"longitude":13.57811414,"canPickup":true,"canDropoff":true,"openingstijden":{"za":"08:00 - 13:00, 16:00 - 20:00","zo":"gesloten","ma":"08:00 - 13:00, 16:00 - 20:00","di":"08:00 - 13:00, 16:00 - 20:00","wo":"08:00 - 13:00, 16:00 - 20:00","do":"08:00 - 13:00, 16:00 - 20:00","vr":"08:00 - 13:00, 16:00 - 20:00"}}},{"type":"Feature","geometry":{"type":"Point","coordinates":[13.58143334,37.31921172]},"properties":{"type":"pakketpunt","locatieNaam":"Tabaccheria N. 31","straatNaam":"Via Salvatore Scifo","straatNr":"2","vervoerder":"PosteItaliane","puntType":"servicepunt","bezettingsgraad":50,"latitude":37.31921172,"longitude":13.58143334,"canPickup":true,"canDropoff":true,"openingstijden":{"za":"07:30 - 13:30, 16:30 - 20:30","zo":"gesloten","ma":"07:30 - 13:30, 16:30 - 20:30","di":"07:30 - 13:30, 16:30 - 20:30","wo":"07:30 - 13:30, 16:30 - 20:30","do":"07:30 - 13:30, 16:30 - 20:30","vr":"07:30 - 13:30, 16:30 - 20:30"}}},{"type":"Feature","geometry":{"type":"Point","coordinates":[13.59303619,37.32312989]},"properties":{"type":"pakketpunt","locatieNaam":"Tabaccheria N. 21","straatNaam":"Via Giuseppe Mazzini","straatNr":"213","vervoerder":"PosteItaliane","puntType":"servicepunt","bezettingsgraad":50,"latitude":37.32312989,"longitude":13.59303619,"canPickup":true,"canDropoff":true,"openingstijden":{"za":"05:30 - 14:00","zo":"gesloten","ma":"05:30 - 20:00","di":"05:30 - 20:00","wo":"05:30 - 20:00","do":"05:30 - 20:00","vr":"05:30 - 20:00"}}},{"type":"Feature","geometry":{"type":"Point","coordinates":[13.58563459,37.31255118]},"properties":{"type":"pakketpunt","locatieNaam":"Tabaccheria N. 13","straatNaam":"Via Imera","straatNr":"31","vervoerder":"PosteItaliane","puntType":"servicepunt","bezettingsgraad":50,"latitude":37.31255118,"longitude":13.58563459,"canPickup":true,"canDropoff":true,"openingstijden":{"za":"07:13 - 13:00, 13:05 - 21:00","zo":"07:13 - 13:00","ma":"07:13 - 13:00, 13:05 - 21:00","di":"07:13 - 13:00, 13:05 - 21:00","wo":"07:13 - 13:00, 13:05 - 21:00","do":"07:13 - 13:00, 13:05 - 21:00","vr":"07:13 - 13:00, 13:05 - 21:00"}}},{"type":"Feature","geometry":{"type":"Point","coordinates":[13.5869639074,37.2714920928]},"properties":{"type":"pakketpunt","locatieNaam":"Cartolibreria Milleidee","straatNaam":"VIA G.B. PERUZZO","straatNr":"25","vervoerder":"DPD","puntType":"pickup_point","bezettingsgraad":50,"latitude":37.2714920928,"longitude":13.5869639074,"canPickup":true,"canDropoff":true,"openingstijden":{"ma":"08:00 - 13:30, 17:00 - 20:00","di":"08:00 - 13:30, 17:00 - 20:00","wo":"08:00 - 13:30, 17:00 - 20:00","do":"08:00 - 13:30, 17:00 - 20:00","vr":"08:00 - 13:30, 17:00 - 20:00","za":"08:00 - 13:30","zo":"gesloten"}}},{"type":"Feature","geometry":{"type":"Point","coordinates":[13.590991512,37.331348915]},"properties":{"type":"pakketpunt","locatieNaam":"News Mania","straatNaam":"VIA FRANCESCO CELSA","straatNr":"33","vervoerder":"DPD","puntType":"pickup_point","bezettingsgraad":50,"latitude":37.331348915,"longitude":13.590991512,"canPickup":true,"canDropoff":true,"openingstijden":{"ma":"08:00 - 13:00, 15:30 - 19:00","di":"08:00 - 13:00, 15:30 - 19:00","wo":"08:00 - 13:00, 15:30 - 19:00","do":"08:00 - 13:00, 15:30 - 19:00","vr":"08:00 - 13:00, 15:30 - 19:00","za":"08:00 - 13:00","zo":"gesloten"}}},{"type":"Feature","geometry":{"type":"Point","coordinates":[13.5935511,37.3065745]},"properties":{"type":"pakketpunt","locatieNaam":"Satellite Telefonia","straatNaam":"VIA PAPA GIOVANNI XXIII","straatNr":"148/160","vervoerder":"DPD","puntType":"pickup_point","bezettingsgraad":50,"latitude":37.3065745,"longitude":13.5935511,"canPickup":true,"canDropoff":true,"openingstijden":{"ma":"09:00 - 13:00, 16:00 - 19:00","di":"09:00 - 13:00, 16:00 - 19:00","wo":"09:00 - 13:00, 16:00 - 19:00","do":"09:00 - 13:00, 16:00 - 19:00","vr":"09:00 - 13:00, 16:00 - 19:00","za":"gesloten","zo":"gesloten"}}},{"type":"Feature","geometry":{"type":"Point","coordinates":[13.5871254,37.3197435]},"properties":{"type":"pakketpunt","locatieNaam":"Zambuto Service","straatNaam":"VIA PIERSANTI MATTARELLA SNC","straatNr":"","vervoerder":"DPD","puntType":"pickup_point","bezettingsgraad":50,"latitude":37.3197435,"longitude":13.5871254,"canPickup":true,"canDropoff":true,"openingstijden":{"ma":"08:15 - 13:00, 15:15 - 17:30","di":"08:15 - 13:00, 15:15 - 17:30","wo":"08:15 - 13:00, 15:15 - 17:30","do":"08:15 - 13:00, 15:15 - 17:30","vr":"08:15 - 13:00, 15:15 - 17:30","za":"gesloten","zo":"gesloten"}}},{"type":"Feature","geometry":{"type":"Point","coordinates":[13.5930081411,37.3232694327]},"properties":{"type":"pakketpunt","locatieNaam":"Tabacchi - Edicola","straatNaam":"VIA MAZZINI","straatNr":"213","vervoerder":"DPD","puntType":"pickup_point","bezettingsgraad":50,"latitude":37.3232694327,"longitude":13.5930081411,"canPickup":true,"canDropoff":true,"openingstijden":{"ma":"06:00 - 19:45","di":"06:00 - 19:45","wo":"06:00 - 19:45","do":"06:00 - 19:45","vr":"06:00 - 19:45","za":"06:00 - 19:45","zo":"gesloten"}}},{"type":"Feature","geometry":{"type":"Point","coordinates":[13.5523007437,37.2997372104]},"properties":{"type":"pakketpunt","locatieNaam":"Mg Messina Spedizioni Express","straatNaam":"VICOLO PUNTA BIANCA","straatNr":"27","vervoerder":"DPD","puntType":"pickup_point","bezettingsgraad":50,"latitude":37.2997372104,"longitude":13.5523007437,"canPickup":true,"canDropoff":true,"openingstijden":{"ma":"09:00 - 13:00, 16:00 - 20:00","di":"09:00 - 13:00, 16:00 - 20:00","wo":"09:00 - 13:00, 16:00 - 20:00","do":"09:00 - 13:00, 16:00 - 20:00","vr":"09:00 - 13:00, 16:00 - 20:00","za":"09:00 - 13:00","zo":"gesloten"}}},{"type":"Feature","geometry":{"type":"Point","coordinates":[13.5728035,37.3108637]},"properties":{"type":"pakketpunt","locatieNaam":"PostaExpress Agrigento","straatNaam":"VIA DANTE ALIGHIERI","straatNr":"208","vervoerder":"DPD","puntType":"pickup_point","bezettingsgraad":50,"latitude":37.3108637,"longitude":13.5728035,"canPickup":true,"canDropoff":true,"openingstijden":{"ma":"08:30 - 13:15, 16:00 - 18:30","di":"08:30 - 13:15, 16:00 - 18:30","wo":"08:30 - 13:15, 16:00 - 18:30","do":"08:30 - 13:15, 16:00 - 18:30","vr":"08:30 - 13:15, 16:00 - 18:30","za":"gesloten","zo":"gesloten"}}},{"type":"Feature","geometry":{"type":"Point","coordinates":[13.57794209,37.3162613]},"properties":{"type":"pakketpunt","locatieNaam":"Tabacchi - Agrigento 1","straatNaam":"VIA XXV APRILE","straatNr":"202","vervoerder":"DPD","puntType":"pickup_point","bezettingsgraad":50,"latitude":37.3162613,"longitude":13.57794209,"canPickup":true,"canDropoff":true,"openingstijden":{"ma":"06:30 - 13:30, 15:30 - 20:00","di":"06:30 - 13:30, 15:30 - 20:00","wo":"06:30 - 13:30, 15:30 - 20:00","do":"06:30 - 13:30, 15:30 - 20:00","vr":"06:30 - 13:30, 15:30 - 20:00","za":"06:30 - 13:30, 15:30 - 20:00","zo":"gesloten"}}},{"type":"Feature","geometry":{"type":"Point","coordinates":[13.5928933,37.3060124]},"properties":{"type":"pakketpunt","locatieNaam":"Bar Del Viale","straatNaam":"V.LE DELLA VITTORIA","straatNr":"233","vervoerder":"DPD","puntType":"pickup_point","bezettingsgraad":50,"latitude":37.3060124,"longitude":13.5928933,"canPickup":true,"canDropoff":true,"openingstijden":{"ma":"08:00 - 14:00, 14:30 - 20:00","di":"08:00 - 14:00, 14:30 - 20:00","wo":"08:00 - 14:00, 14:30 - 20:00","do":"08:00 - 14:00, 14:30 - 20:00","vr":"08:00 - 14:00, 14:30 - 20:00","za":"08:00 - 13:00, 16:00 - 20:00","zo":"gesloten"}}},{"type":"Feature","geometry":{"type":"Point","coordinates":[13.57456037,37.31138513]},"properties":{"type":"pakketpunt","locatieNaam":"Minimarket","straatNaam":"VIA GARIBALDI","straatNr":"81-83","vervoerder":"DPD","puntType":"pickup_point","bezettingsgraad":50,"latitude":37.31138513,"longitude":13.57456037,"canPickup":true,"canDropoff":true,"openingstijden":{"ma":"08:00 - 13:30, 17:00 - 21:00","di":"08:00 - 13:30, 17:00 - 21:00","wo":"08:00 - 13:30, 17:00 - 21:00","do":"08:00 - 13:30, 17:00 - 21:00","vr":"08:00 - 13:30, 17:00 - 21:00","za":"08:00 - 13:30, 17:00 - 21:00","zo":"gesloten"}}},{"type":"Feature","geometry":{"type":"Point","coordinates":[13.5854767,37.2757842]},"properties":{"type":"pakketpunt","locatieNaam":"Tabaccheria Emporium Tuttolomondo","straatNaam":"VIALE EMPORIUM","straatNr":"28","vervoerder":"DPD","puntType":"pickup_point","bezettingsgraad":50,"latitude":37.2757842,"longitude":13.5854767,"canPickup":true,"canDropoff":true,"openingstijden":{"ma":"07:00 - 20:30","di":"07:00 - 20:30","wo":"07:00 - 20:30","do":"07:00 - 20:30","vr":"07:00 - 20:30","za":"07:00 - 20:30","zo":"gesloten"}}},{"type":"Feature","geometry":{"type":"Point","coordinates":[13.57955169,37.31079177]},"properties":{"type":"pakketpunt","locatieNaam":"Agrigento Servizi","straatNaam":"PIAZZA RAVANUSELLA","straatNr":"5","vervoerder":"DPD","puntType":"pickup_point","bezettingsgraad":50,"latitude":37.31079177,"longitude":13.57955169,"canPickup":true,"canDropoff":true,"openingstijden":{"ma":"09:30 - 13:15, 16:00 - 20:00","di":"10:00 - 13:15, 16:00 - 20:00","wo":"10:00 - 13:15, 16:00 - 20:00","do":"10:00 - 13:15, 16:00 - 20:00","vr":"10:00 - 13:15, 16:00 - 20:00","za":"12:00 - 13:15, 16:00 - 18:30","zo":"12:00 - 13:15, 16:00 - 18:30"}}},{"type":"Feature","geometry":{"type":"Point","coordinates":[13.5808389,37.3079485]},"properties":{"type":"pakketpunt","locatieNaam":"Soccorso Bollette","straatNaam":"VIA ALESSANDRO MANZONI","straatNr":"40","vervoerder":"DPD","puntType":"pickup_point","bezettingsgraad":50,"latitude":37.3079485,"longitude":13.5808389,"canPickup":true,"canDropoff":true,"openingstijden":{"ma":"08:30 - 14:00","di":"08:30 - 14:00","wo":"08:30 - 14:00","do":"08:30 - 14:00","vr":"08:30 - 14:00","za":"gesloten","zo":"gesloten"}}},{"type":"Feature","geometry":{"type":"Point","coordinates":[13.61140891,37.27718104]},"properties":{"type":"pakketpunt","locatieNaam":"Wind Tre Agrigento","straatNaam":"VIALE SCIASCIA","straatNr":"25 B","vervoerder":"DPD","puntType":"pickup_point","bezettingsgraad":50,"latitude":37.27718104,"longitude":13.61140891,"canPickup":true,"canDropoff":true,"openingstijden":{"ma":"09:00 - 13:00, 16:00 - 20:00","di":"09:00 - 13:00, 16:00 - 20:00","wo":"09:00 - 13:00, 16:00 - 20:00","do":"09:00 - 13:00, 16:00 - 20:00","vr":"09:00 - 13:00, 16:00 - 20:00","za":"09:00 - 13:00","zo":"gesloten"}}},{"type":"Feature","geometry":{"type":"Point","coordinates":[13.6161,37.27281]},"properties":{"type":"pakketpunt","locatieNaam":"InPost Locker 24/7","straatNaam":"Via Leonardo Sciascia","straatNr":"snc","vervoerder":"InPost","puntType":"automaat","bezettingsgraad":50,"latitude":37.27281,"longitude":13.6161,"canPickup":true,"canDropoff":true,"openingstijden":null}},{"type":"Feature","geometry":{"type":"Point","coordinates":[13.62489,37.26]},"properties":{"type":"pakketpunt","locatieNaam":"InPost Locker 24/7","straatNaam":"Viale Cannatello","straatNr":"snc","vervoerder":"InPost","puntType":"automaat","bezettingsgraad":50,"latitude":37.26,"longitude":13.62489,"canPickup":true,"canDropoff":true,"openingstijden":null}},{"type":"Feature","geometry":{"type":"Point","coordinates":[13.61741,37.27163]},"properties":{"type":"pakketpunt","locatieNaam":"InPost Locker","straatNaam":"Via Lombardia","straatNr":"15","vervoerder":"InPost","puntType":"automaat","bezettingsgraad":50,"latitude":37.27163,"longitude":13.61741,"canPickup":true,"canDropoff":true,"openingstijden":null}},{"type":"Feature","geometry":{"type":"Point","coordinates":[13.62108,37.26582]},"properties":{"type":"pakketpunt","locatieNaam":"InPost Locker 24/7","straatNaam":"Viale Cannatello","straatNr":"87","vervoerder":"InPost","puntType":"automaat","bezettingsgraad":50,"latitude":37.26582,"longitude":13.62108,"canPickup":true,"canDropoff":true,"openingstijden":null}},{"type":"Feature","geometry":{"type":"Point","coordinates":[13.59344,37.30673]},"properties":{"type":"pakketpunt","locatieNaam":"InPost Locker","straatNaam":"Via Papa Giovanni XXIII","straatNr":"160","vervoerder":"InPost","puntType":"automaat","bezettingsgraad":50,"latitude":37.30673,"longitude":13.59344,"canPickup":true,"canDropoff":true,"openingstijden":null}},{"type":"Feature","geometry":{"type":"Point","coordinates":[13.57285,37.311]},"properties":{"type":"pakketpunt","locatieNaam":"InPost Point","straatNaam":"Via Dante Alighieri","straatNr":"208","vervoerder":"InPost","puntType":"servicepunt","bezettingsgraad":50,"latitude":37.311,"longitude":13.57285,"canPickup":true,"canDropoff":true,"openingstijden":"Lun-Ven: 08:30 - 13:00 - 16:00 - 18:30"}},{"type":"Feature","geometry":{"type":"Point","coordinates":[13.57802,37.31638]},"properties":{"type":"pakketpunt","locatieNaam":"InPost Point","straatNaam":"Via Xxv Aprile","straatNr":"202","vervoerder":"InPost","puntType":"servicepunt","bezettingsgraad":50,"latitude":37.31638,"longitude":13.57802,"canPickup":true,"canDropoff":true,"openingstijden":"Lun-Sab: 06:30 - 13:30 - 15:30 - 20:00 Dom: 07:00 - 13:00"}},{"type":"Feature","geometry":{"type":"Point","coordinates":[13.593,37.32346]},"properties":{"type":"pakketpunt","locatieNaam":"InPost Point","straatNaam":"Via Mazzini","straatNr":"213","vervoerder":"InPost","puntType":"servicepunt","bezettingsgraad":50,"latitude":37.32346,"longitude":13.593,"canPickup":true,"canDropoff":true,"openingstijden":"Lun-Sab: 06:00 - 19:30"}},{"type":"Feature","geometry":{"type":"Point","coordinates":[13.59288,37.30609]},"properties":{"type":"pakketpunt","locatieNaam":"InPost Point","straatNaam":"Viale della Vittoria","straatNr":"233","vervoerder":"InPost","puntType":"servicepunt","bezettingsgraad":50,"latitude":37.30609,"longitude":13.59288,"canPickup":true,"canDropoff":true,"openingstijden":"Lun-Ven: 08:00 - 14:30 - 15:30 - 20:00 Sab: 08:00 - 13:30 - 16:00 - 20:00"}},{"type":"Feature","geometry":{"type":"Point","coordinates":[13.5867748,37.2708389]},"properties":{"type":"pakketpunt","locatieNaam":"Cartolibreria Milleidee","straatNaam":"Via Gb Peruzzo","straatNr":"25","vervoerder":"GLS","puntType":"parcel_shop","bezettingsgraad":50,"latitude":37.2708389,"longitude":13.5867748,"canPickup":true,"canDropoff":true,"openingstijden":"za: 08:30 - 13:30; ma: 08:30 - 13:00, 17:00 - 20:00"}},{"type":"Feature","geometry":{"type":"Point","coordinates":[13.6172036,37.2719206]},"properties":{"type":"pakketpunt","locatieNaam":"PIRANDELLO CAFFE' POINT","straatNaam":"Viale Leonardo Sciascia","straatNr":"188","vervoerder":"GLS","puntType":"parcel_shop","bezettingsgraad":50,"latitude":37.2719206,"longitude":13.6172036,"canPickup":true,"canDropoff":true,"openingstijden":"za: 09:00 - 13:00, 17:00 - 20:00; ma: 09:00 - 13:00, 16:30 - 20:00"}},{"type":"Feature","geometry":{"type":"Point","coordinates":[13.6117937,37.2767955]},"properties":{"type":"pakketpunt","locatieNaam":"Labphone di Buttige' Girolamo Walter","straatNaam":"Viale Leonardo Sciascia","straatNr":"29","vervoerder":"GLS","puntType":"parcel_shop","bezettingsgraad":50,"latitude":37.2767955,"longitude":13.6117937,"canPickup":true,"canDropoff":true,"openingstijden":"za: 09:00 - 13:00, 16:30 - 20:00; ma: 09:00 - 13:00, 16:30 - 20:00"}},{"type":"Feature","geometry":{"type":"Point","coordinates":[13.5514468,37.3002977]},"properties":{"type":"pakketpunt","locatieNaam":"MG MESSINA SPEDIZIONI EXPRESS","straatNaam":"Vicolo Punta Bianca","straatNr":"27","vervoerder":"GLS","puntType":"parcel_shop","bezettingsgraad":50,"latitude":37.3002977,"longitude":13.5514468,"canPickup":true,"canDropoff":true,"openingstijden":"za: 09:00 - 13:30, 16:00 - 20:00; ma: 08:30 - 13:30, 16:00 - 20:00"}},{"type":"Feature","geometry":{"type":"Point","coordinates":[13.5862295,37.304041]},"properties":{"type":"pakketpunt","locatieNaam":"GRECO BAR TABACCHI","straatNaam":"Via Francesco Petrarca","straatNr":"4","vervoerder":"GLS","puntType":"parcel_shop","bezettingsgraad":50,"latitude":37.304041,"longitude":13.5862295,"canPickup":true,"canDropoff":true,"openingstijden":"za: 07:30 - 13:30, 15:30 - 19:30; ma: 07:30 - 13:30, 15:30 - 19:30"}},{"type":"Feature","geometry":{"type":"Point","coordinates":[13.5913293,37.305251]},"properties":{"type":"pakketpunt","locatieNaam":"Edicola-Ricevitoria TABACCHI","straatNaam":"Via Crispi","straatNr":"23","vervoerder":"GLS","puntType":"parcel_shop","bezettingsgraad":50,"latitude":37.305251,"longitude":13.5913293,"canPickup":true,"canDropoff":true,"openingstijden":"za: 07:00 - 20:00; zo: 08:30 - 13:00"}},{"type":"Feature","geometry":{"type":"Point","coordinates":[13.5928933,37.3060124]},"properties":{"type":"pakketpunt","locatieNaam":"Tabacchi Bar del Viale","straatNaam":"Viale Della Vittoria","straatNr":"233","vervoerder":"GLS","puntType":"parcel_shop","bezettingsgraad":50,"latitude":37.3060124,"longitude":13.5928933,"canPickup":true,"canDropoff":true,"openingstijden":"za: 08:00 - 14:00, 16:00 - 20:00; ma: 07:00 - 14:00, 15:00 - 20:30"}},{"type":"Feature","geometry":{"type":"Point","coordinates":[13.5938522,37.3065991]},"properties":{"type":"pakketpunt","locatieNaam":"Riv. Tabacchi N. 1","straatNaam":"Via Papa Giovanni Xxiii","straatNr":"132","vervoerder":"GLS","puntType":"parcel_shop","bezettingsgraad":50,"latitude":37.3065991,"longitude":13.5938522,"canPickup":true,"canDropoff":true,"openingstijden":"za: 08:30 - 12:30, 16:00 - 19:30; ma: 08:00 - 12:30, 16:00 - 19:30"}},{"type":"Feature","geometry":{"type":"Point","coordinates":[13.5839889,37.306672]},"properties":{"type":"pakketpunt","locatieNaam":"TABACCHI GALLO","straatNaam":"Via Manzoni","straatNr":"116","vervoerder":"GLS","puntType":"parcel_shop","bezettingsgraad":50,"latitude":37.306672,"longitude":13.5839889,"canPickup":true,"canDropoff":true,"openingstijden":"za: 07:30 - 14:00, 15:30 - 20:00; zo: 08:30 - 13:30"}},{"type":"Feature","geometry":{"type":"Point","coordinates":[13.5934404,37.3067064]},"properties":{"type":"pakketpunt","locatieNaam":"Satellite","straatNaam":"Via Papa Giovanni Xxiii","straatNr":"160","vervoerder":"GLS","puntType":"parcel_shop","bezettingsgraad":50,"latitude":37.3067064,"longitude":13.5934404,"canPickup":true,"canDropoff":true,"openingstijden":"za: 09:30 - 12:30; ma: 09:00 - 13:00, 16:00 - 19:00"}},{"type":"Feature","geometry":{"type":"Point","coordinates":[13.5791526,37.3088309]},"properties":{"type":"pakketpunt","locatieNaam":"Cellulopoli La Citta Della Telefonia Mobile","straatNaam":"Via Dante Alighieri","straatNr":"4","vervoerder":"GLS","puntType":"parcel_shop","bezettingsgraad":50,"latitude":37.3088309,"longitude":13.5791526,"canPickup":true,"canDropoff":true,"openingstijden":"za: 09:30 - 13:30; ma: 09:30 - 13:00, 17:00 - 20:00"}},{"type":"Feature","geometry":{"type":"Point","coordinates":[13.5857818,37.3088381]},"properties":{"type":"pakketpunt","locatieNaam":"TABACCHI","straatNaam":"Via Venticinque Aprile","straatNr":"202","vervoerder":"GLS","puntType":"parcel_shop","bezettingsgraad":50,"latitude":37.3088381,"longitude":13.5857818,"canPickup":true,"canDropoff":true,"openingstijden":"za: 06:30 - 13:30, 16:00 - 20:00; ma: 06:30 - 13:30, 16:00 - 20:00"}},{"type":"Feature","geometry":{"type":"Point","coordinates":[13.5800601,37.3106618]},"properties":{"type":"pakketpunt","locatieNaam":"IT POINT AGRIGENTO INTERNET E SERVIZI","straatNaam":"Piazza Ravanusella","straatNr":"5","vervoerder":"GLS","puntType":"parcel_shop","bezettingsgraad":50,"latitude":37.3106618,"longitude":13.5800601,"canPickup":true,"canDropoff":true,"openingstijden":"za: 16:00 - 18:00; zo: 16:00 - 18:00"}},{"type":"Feature","geometry":{"type":"Point","coordinates":[13.5728035,37.3108637]},"properties":{"type":"pakketpunt","locatieNaam":"POSTA EXPRESS","straatNaam":"Via Dante Alighieri","straatNr":"208","vervoerder":"GLS","puntType":"parcel_shop","bezettingsgraad":50,"latitude":37.3108637,"longitude":13.5728035,"canPickup":true,"canDropoff":true,"openingstijden":"ma: 08:30 - 13:00, 16:00 - 18:30; di: 08:30 - 13:00, 16:00 - 18:30"}},{"type":"Feature","geometry":{"type":"Point","coordinates":[13.5789211,37.3112469]},"properties":{"type":"pakketpunt","locatieNaam":"Tabaccheria Riggio","straatNaam":"Via Atenea","straatNr":"299","vervoerder":"GLS","puntType":"parcel_shop","bezettingsgraad":50,"latitude":37.3112469,"longitude":13.5789211,"canPickup":true,"canDropoff":true,"openingstijden":"za: 07:30 - 14:00, 15:30 - 20:30; zo: 09:00 - 13:00"}},{"type":"Feature","geometry":{"type":"Point","coordinates":[13.5809773,37.3187676]},"properties":{"type":"pakketpunt","locatieNaam":"PostaCentrale","straatNaam":"Via Imera","straatNr":"289","vervoerder":"GLS","puntType":"parcel_shop","bezettingsgraad":50,"latitude":37.3187676,"longitude":13.5809773,"canPickup":true,"canDropoff":true,"openingstijden":"za: 09:00 - 13:00; ma: 08:30 - 13:00, 16:00 - 18:30"}},{"type":"Feature","geometry":{"type":"Point","coordinates":[13.5875201,37.3193101]},"properties":{"type":"pakketpunt","locatieNaam":"Zambuto Service Spedizioni","straatNaam":"Via Piersanti Mattarella","straatNr":"SNC","vervoerder":"GLS","puntType":"parcel_shop","bezettingsgraad":50,"latitude":37.3193101,"longitude":13.5875201,"canPickup":true,"canDropoff":true,"openingstijden":"ma: 08:30 - 13:00, 15:30 - 17:30; di: 08:30 - 13:00, 15:30 - 17:30"}},{"type":"Feature","geometry":{"type":"Point","coordinates":[13.5929962,37.3232951]},"properties":{"type":"pakketpunt","locatieNaam":"tabacchi edicola","straatNaam":"Via Mazzini","straatNr":"213","vervoerder":"GLS","puntType":"parcel_shop","bezettingsgraad":50,"latitude":37.3232951,"longitude":13.5929962,"canPickup":true,"canDropoff":true,"openingstijden":"za: 05:30 - 20:00; ma: 05:30 - 20:00"}},{"type":"Feature","geometry":{"type":"Point","coordinates":[13.5909486,37.3311442]},"properties":{"type":"pakketpunt","locatieNaam":"Newsmania","straatNaam":"Via Barone Francesco Celsa","straatNr":"33","vervoerder":"GLS","puntType":"parcel_shop","bezettingsgraad":50,"latitude":37.3311442,"longitude":13.5909486,"canPickup":true,"canDropoff":true,"openingstijden":"za: 08:30 - 13:00; ma: 08:30 - 13:00, 16:00 - 19:30"}},{"type":"Feature","geometry":{"type":"Point","coordinates":[13.59024,37.3314]},"properties":{"type":"pakketpunt","locatieNaam":"Lisocart","straatNaam":"Viale Sicilia","straatNr":"30","vervoerder":"GLS","puntType":"parcel_shop","bezettingsgraad":50,"latitude":37.3314,"longitude":13.59024,"canPickup":true,"canDropoff":true,"openingstijden":"za: 08:30 - 13:00; ma: 08:30 - 13:00, 16:00 - 19:30"}},{"type":"Feature","geometry":{"type":"Point","coordinates":[13.582085,37.261229]},"properties":{"type":"pakketpunt","locatieNaam":"TABACCHERIA N. 16","straatNaam":"LUNGOMARE FALCONE E BORSELLINO 57","straatNr":"","vervoerder":"DHL","puntType":"parcelShop","bezettingsgraad":50,"latitude":37.261229,"longitude":13.582085,"canPickup":true,"canDropoff":true,"openingstijden":{"ma":"07:30 - 13:30, 16:00 - 23:00","di":"07:30 - 13:30, 16:00 - 23:00","wo":"07:30 - 13:30, 16:00 - 23:00","do":"07:30 - 13:30, 16:00 - 23:00","vr":"07:30 - 13:30, 16:00 - 23:00","za":"07:30 - 13:30, 16:00 - 23:00","zo":"07:30 - 13:30, 16:00 - 23:00"}}},{"type":"Feature","geometry":{"type":"Point","coordinates":[13.579035,37.26314]},"properties":{"type":"pakketpunt","locatieNaam":"Ufficio Postale AGRIGENTO 5","straatNaam":"LUNGOMARE FALCONE E BORSELLINO 3","straatNr":"","vervoerder":"DHL","puntType":"postOffice","bezettingsgraad":50,"latitude":37.26314,"longitude":13.579035,"canPickup":true,"canDropoff":true,"openingstijden":{"ma":"08:20 - 13:35","di":"08:20 - 13:35","wo":"08:20 - 13:35","do":"08:20 - 13:35","vr":"08:20 - 13:35","za":"08:20 - 12:35","zo":"gesloten"}}},{"type":"Feature","geometry":{"type":"Point","coordinates":[13.579679,37.263962]},"properties":{"type":"pakketpunt","locatieNaam":"TABACCHERIA N. 28","straatNaam":"VIALE VIAREGGIO 33","straatNr":"","vervoerder":"DHL","puntType":"parcelShop","bezettingsgraad":50,"latitude":37.263962,"longitude":13.579679,"canPickup":true,"canDropoff":true,"openingstijden":{"ma":"08:00 - 13:00","di":"08:00 - 13:00, 15:30 - 20:00","wo":"08:00 - 13:00, 15:30 - 20:00","do":"08:00 - 13:00, 15:30 - 20:00","vr":"08:00 - 13:00, 15:30 - 20:00","za":"08:00 - 13:00, 15:30 - 20:00","zo":"08:00 - 13:00, 15:30 - 20:00"}}},{"type":"Feature","geometry":{"type":"Point","coordinates":[13.586883,37.271762]},"properties":{"type":"pakketpunt","locatieNaam":"Ufficio Postale AGRIGENTO 10","straatNaam":"VIA GIOVAN BATTISTA PERUZZO 7","straatNr":"","vervoerder":"DHL","puntType":"postOffice","bezettingsgraad":50,"latitude":37.271762,"longitude":13.586883,"canPickup":true,"canDropoff":true,"openingstijden":{"ma":"08:20 - 13:45","di":"08:20 - 13:45","wo":"08:20 - 13:45","do":"08:20 - 13:45","vr":"08:20 - 13:45","za":"08:20 - 12:45","zo":"gesloten"}}},{"type":"Feature","geometry":{"type":"Point","coordinates":[13.585532,37.275731]},"properties":{"type":"pakketpunt","locatieNaam":"TABACCHERIA n. 7","straatNaam":"VIALE EMPORIUM 28","straatNr":"","vervoerder":"DHL","puntType":"parcelShop","bezettingsgraad":50,"latitude":37.275731,"longitude":13.585532,"canPickup":true,"canDropoff":true,"openingstijden":{"ma":"07:00 - 20:00","di":"07:00 - 20:00","wo":"07:00 - 20:00","do":"07:00 - 20:00","vr":"07:00 - 20:00","za":"07:00 - 20:00","zo":"gesloten"}}},{"type":"Feature","geometry":{"type":"Point","coordinates":[13.619803,37.268855]},"properties":{"type":"pakketpunt","locatieNaam":"Ufficio Postale AGRIGENTO 11","straatNaam":"VIALE CANNATELLO 25","straatNr":"","vervoerder":"DHL","puntType":"postOffice","bezettingsgraad":50,"latitude":37.268855,"longitude":13.619803,"canPickup":true,"canDropoff":true,"openingstijden":{"ma":"08:20 - 13:35","di":"08:20 - 13:35","wo":"08:20 - 13:35","do":"08:20 - 13:35","vr":"08:20 - 13:35","za":"08:20 - 12:35","zo":"gesloten"}}},{"type":"Feature","geometry":{"type":"Point","coordinates":[13.61726,37.27171]},"properties":{"type":"pakketpunt","locatieNaam":"GREENTECH","straatNaam":"Via Lombardia 15","straatNr":"","vervoerder":"DHL","puntType":"parcelShop","bezettingsgraad":50,"latitude":37.27171,"longitude":13.61726,"canPickup":false,"canDropoff":true,"openingstijden":{"ma":"09:00 - 20:30","di":"09:00 - 20:30","wo":"09:00 - 20:30","do":"09:00 - 20:30","vr":"09:00 - 20:30","za":"09:30 - 20:30","zo":"gesloten"}}},{"type":"Feature","geometry":{"type":"Point","coordinates":[13.563128,37.296502]},"properties":{"type":"pakketpunt","locatieNaam":"Ufficio Postale AGRIGENTO 9","straatNaam":"PIAZZA SAN BASILIO 12","straatNr":"","vervoerder":"DHL","puntType":"postOffice","bezettingsgraad":50,"latitude":37.296502,"longitude":13.563128,"canPickup":true,"canDropoff":true,"openingstijden":{"ma":"08:20 - 13:45","di":"08:20 - 13:45","wo":"08:20 - 13:45","do":"08:20 - 13:45","vr":"08:20 - 13:45","za":"08:20 - 12:45","zo":"gesloten"}}},{"type":"Feature","geometry":{"type":"Point","coordinates":[13.611205,37.276921]},"properties":{"type":"pakketpunt","locatieNaam":"TELEFONIA - VIA SCIASCIA","straatNaam":"VIALE LEONARDO SCIASCIA 25","straatNr":"","vervoerder":"DHL","puntType":"parcelShop","bezettingsgraad":50,"latitude":37.276921,"longitude":13.611205,"canPickup":true,"canDropoff":true,"openingstijden":{"ma":"09:30 - 13:00, 16:30 - 20:00","di":"09:30 - 13:00, 16:00 - 20:00","wo":"09:30 - 13:00, 16:30 - 20:00","do":"09:30 - 13:00, 16:30 - 20:00","vr":"09:30 - 13:00, 16:30 - 20:00","za":"09:30 - 13:00","zo":"gesloten"}}},{"type":"Feature","geometry":{"type":"Point","coordinates":[13.550877,37.301117]},"properties":{"type":"pakketpunt","locatieNaam":"MG DI MESSINA","straatNaam":"Vicolo Punta Bianca 27","straatNr":"","vervoerder":"DHL","puntType":"parcelShop","bezettingsgraad":50,"latitude":37.301117,"longitude":13.550877,"canPickup":false,"canDropoff":true,"openingstijden":{"ma":"08:00 - 20:00","di":"08:00 - 20:00","wo":"08:00 - 20:00","do":"08:00 - 20:00","vr":"08:00 - 20:00","za":"08:00 - 20:00","zo":"gesloten"}}},{"type":"Feature","geometry":{"type":"Point","coordinates":[13.519105,37.35093]},"properties":{"type":"pakketpunt","locatieNaam":"TABACCHERIA N. 17","straatNaam":"VIA BELVEDERE 127-B","straatNr":"","vervoerder":"DHL","puntType":"parcelShop","bezettingsgraad":50,"latitude":37.35093,"longitude":13.519105,"canPickup":true,"canDropoff":true,"openingstijden":{"ma":"05:30 - 13:00, 15:00 - 20:30","di":"05:30 - 13:00, 15:00 - 20:30","wo":"05:30 - 13:00, 15:00 - 20:30","do":"05:30 - 13:00, 15:00 - 20:30","vr":"05:30 - 13:00, 15:00 - 20:30","za":"05:30 - 13:00, 15:00 - 20:30","zo":"05:30 - 13:00, 15:00 - 20:30"}}},{"type":"Feature","geometry":{"type":"Point","coordinates":[13.572339,37.315111]},"properties":{"type":"pakketpunt","locatieNaam":"TABACCHERIA N. 48","straatNaam":"VIA VENTICINQUE APRILE 116","straatNr":"","vervoerder":"DHL","puntType":"parcelShop","bezettingsgraad":50,"latitude":37.315111,"longitude":13.572339,"canPickup":true,"canDropoff":true,"openingstijden":{"ma":"07:00 - 13:00, 15:30 - 20:00","di":"07:00 - 13:00, 15:30 - 20:00","wo":"07:00 - 13:00, 15:30 - 20:00","do":"07:00 - 13:00, 15:30 - 20:00","vr":"07:00 - 13:00, 15:30 - 20:00","za":"07:00 - 13:00, 15:30 - 20:00","zo":"08:00 - 12:30"}}},{"type":"Feature","geometry":{"type":"Point","coordinates":[13.578114,37.316334]},"properties":{"type":"pakketpunt","locatieNaam":"TABACCHERIA N. 45","straatNaam":"VIA VENTICINQUE APRILE 202","straatNr":"","vervoerder":"DHL","puntType":"parcelShop","bezettingsgraad":50,"latitude":37.316334,"longitude":13.578114,"canPickup":true,"canDropoff":true,"openingstijden":{"ma":"08:00 - 13:00, 16:00 - 20:00","di":"08:00 - 13:00, 16:00 - 20:00","wo":"08:00 - 13:00, 16:00 - 20:00","do":"08:00 - 13:00, 16:00 - 20:00","vr":"08:00 - 13:00, 16:00 - 20:00","za":"08:00 - 13:00, 16:00 - 20:00","zo":"gesloten"}}},{"type":"Feature","geometry":{"type":"Point","coordinates":[13.581433,37.319212]},"properties":{"type":"pakketpunt","locatieNaam":"TABACCHERIA N. 31","straatNaam":"VIA SALVATORE SCIFO 2","straatNr":"","vervoerder":"DHL","puntType":"parcelShop","bezettingsgraad":50,"latitude":37.319212,"longitude":13.581433,"canPickup":true,"canDropoff":true,"openingstijden":{"ma":"07:30 - 13:30, 16:30 - 20:30","di":"07:30 - 13:30, 16:30 - 20:30","wo":"07:30 - 13:30, 16:30 - 20:30","do":"07:30 - 13:30, 16:30 - 20:30","vr":"07:30 - 13:30, 16:30 - 20:30","za":"07:30 - 13:30, 16:30 - 20:30","zo":"gesloten"}}},{"type":"Feature","geometry":{"type":"Point","coordinates":[13.58371,37.319192]},"properties":{"type":"pakketpunt","locatieNaam":"Ufficio Postale AGRIGENTO 7","straatNaam":"VIA MATTARELLA PIERSANTI 50","straatNr":"","vervoerder":"DHL","puntType":"postOffice","bezettingsgraad":50,"latitude":37.319192,"longitude":13.58371,"canPickup":true,"canDropoff":true,"openingstijden":{"ma":"08:20 - 13:35","di":"08:20 - 13:35","wo":"08:20 - 13:35","do":"08:20 - 13:35","vr":"08:20 - 13:35","za":"08:20 - 12:35","zo":"gesloten"}}},{"type":"Feature","geometry":{"type":"Point","coordinates":[13.577923,37.310896]},"properties":{"type":"pakketpunt","locatieNaam":"Ufficio Postale AGRIGENTO 4","straatNaam":"VIA ATENEA 333","straatNr":"","vervoerder":"DHL","puntType":"postOffice","bezettingsgraad":50,"latitude":37.310896,"longitude":13.577923,"canPickup":true,"canDropoff":true,"openingstijden":{"ma":"08:20 - 13:35","di":"08:20 - 13:35","wo":"08:20 - 13:35","do":"08:20 - 13:35","vr":"08:20 - 13:35","za":"08:20 - 12:35","zo":"gesloten"}}},{"type":"Feature","geometry":{"type":"Point","coordinates":[13.578875,37.31127]},"properties":{"type":"pakketpunt","locatieNaam":"TABACCHERIA N. 2","straatNaam":"VIA ATENEA 299","straatNr":"","vervoerder":"DHL","puntType":"parcelShop","bezettingsgraad":50,"latitude":37.31127,"longitude":13.578875,"canPickup":true,"canDropoff":true,"openingstijden":{"ma":"07:30 - 20:30","di":"07:30 - 20:30","wo":"07:30 - 20:30","do":"07:30 - 20:30","vr":"07:30 - 20:30","za":"07:30 - 20:30","zo":"07:30 - 14:00"}}},{"type":"Feature","geometry":{"type":"Point","coordinates":[13.583024,37.315103]},"properties":{"type":"pakketpunt","locatieNaam":"TABACCHERIA N. 40","straatNaam":"VIA IMERA 166","straatNr":"","vervoerder":"DHL","puntType":"parcelShop","bezettingsgraad":50,"latitude":37.315103,"longitude":13.583024,"canPickup":true,"canDropoff":true,"openingstijden":{"ma":"06:30 - 19:00","di":"06:30 - 19:00","wo":"06:30 - 19:00","do":"06:30 - 19:00","vr":"06:30 - 19:00","za":"06:30 - 19:00","zo":"gesloten"}}},{"type":"Feature","geometry":{"type":"Point","coordinates":[13.577882,37.309148]},"properties":{"type":"pakketpunt","locatieNaam":"Ufficio Postale AGRIGENTO 6","straatNaam":"VIA ALIGHIERI DANTE 42","straatNr":"","vervoerder":"DHL","puntType":"postOffice","bezettingsgraad":50,"latitude":37.309148,"longitude":13.577882,"canPickup":true,"canDropoff":true,"openingstijden":{"ma":"08:20 - 13:35","di":"08:20 - 13:35","wo":"08:20 - 13:35","do":"08:20 - 13:35","vr":"08:20 - 13:35","za":"08:20 - 12:35","zo":"gesloten"}}},{"type":"Feature","geometry":{"type":"Point","coordinates":[13.578795,37.308855]},"properties":{"type":"pakketpunt","locatieNaam":"TABACCHERIA N. 20","straatNaam":"VIA DANTE ALIGHIERI 14","straatNr":"","vervoerder":"DHL","puntType":"parcelShop","bezettingsgraad":50,"latitude":37.308855,"longitude":13.578795,"canPickup":true,"canDropoff":true,"openingstijden":{"ma":"07:30 - 13:30, 15:45 - 20:00","di":"07:30 - 13:30, 15:45 - 20:00","wo":"07:30 - 13:30, 15:45 - 20:00","do":"07:30 - 13:30, 15:45 - 20:00","vr":"07:30 - 13:30, 15:45 - 20:00","za":"07:30 - 13:30, 15:45 - 20:00","zo":"gesloten"}}},{"type":"Feature","geometry":{"type":"Point","coordinates":[13.589244,37.319484]},"properties":{"type":"pakketpunt","locatieNaam":"ZAMBUTO SERVICE","straatNaam":"Piersanti Mattarella,  Scalo FS","straatNr":"","vervoerder":"DHL","puntType":"parcelShop","bezettingsgraad":50,"latitude":37.319484,"longitude":13.589244,"canPickup":false,"canDropoff":true,"openingstijden":{"ma":"08:15 - 17:30","di":"08:15 - 17:30","wo":"08:15 - 17:30","do":"08:15 - 17:30","vr":"08:15 - 17:30","za":"gesloten","zo":"gesloten"}}},{"type":"Feature","geometry":{"type":"Point","coordinates":[13.585635,37.312551]},"properties":{"type":"pakketpunt","locatieNaam":"TABACCHERIA N. 13","straatNaam":"VIA IMERA 31","straatNr":"","vervoerder":"DHL","puntType":"parcelShop","bezettingsgraad":50,"latitude":37.312551,"longitude":13.585635,"canPickup":true,"canDropoff":true,"openingstijden":{"ma":"07:13 - 13:00, 13:05 - 21:00","di":"07:13 - 13:00, 13:05 - 21:00","wo":"07:13 - 13:00, 13:05 - 21:00","do":"07:13 - 13:00, 13:05 - 21:00","vr":"07:13 - 13:00, 13:05 - 21:00","za":"07:13 - 13:00, 13:05 - 21:00","zo":"07:13 - 13:00"}}},{"type":"Feature","geometry":{"type":"Point","coordinates":[13.590939,37.330578]},"properties":{"type":"pakketpunt","locatieNaam":"NEWSMANIA","straatNaam":"VIA BARONE FRANCESCO CELSA 33","straatNr":"","vervoerder":"DHL","puntType":"parcelShop","bezettingsgraad":50,"latitude":37.330578,"longitude":13.590939,"canPickup":true,"canDropoff":true,"openingstijden":{"ma":"08:15 - 13:10, 16:30 - 19:30","di":"08:15 - 13:10, 16:30 - 19:30","wo":"08:15 - 13:10, 16:30 - 19:30","do":"08:15 - 13:10, 16:30 - 19:30","vr":"08:15 - 13:10, 16:30 - 19:30","za":"08:30 - 13:00","zo":"gesloten"}}},{"type":"Feature","geometry":{"type":"Point","coordinates":[13.585962,37.311006]},"properties":{"type":"pakketpunt","locatieNaam":"Ufficio Postale AGRIGENTO CENTRO","straatNaam":"PIAZZA VITTORIO EMANUELE 7","straatNr":"","vervoerder":"DHL","puntType":"postOffice","bezettingsgraad":50,"latitude":37.311006,"longitude":13.585962,"canPickup":true,"canDropoff":true,"openingstijden":{"ma":"08:20 - 19:05","di":"08:20 - 19:05","wo":"08:20 - 19:05","do":"08:20 - 19:05","vr":"08:20 - 19:05","za":"08:20 - 12:35","zo":"gesloten"}}},{"type":"Feature","geometry":{"type":"Point","coordinates":[13.591338,37.337266]},"properties":{"type":"pakketpunt","locatieNaam":"Ufficio Postale AGRIGENTO 1","straatNaam":"VIA ANTONIO PANCAMO 10","straatNr":"","vervoerder":"DHL","puntType":"postOffice","bezettingsgraad":50,"latitude":37.337266,"longitude":13.591338,"canPickup":true,"canDropoff":true,"openingstijden":{"ma":"08:20 - 13:35","di":"08:20 - 13:35","wo":"08:20 - 13:35","do":"08:20 - 13:35","vr":"08:20 - 13:35","za":"08:20 - 12:35","zo":"gesloten"}}},{"type":"Feature","geometry":{"type":"Point","coordinates":[13.593036,37.32313]},"properties":{"type":"pakketpunt","locatieNaam":"TABACCHERIA n. 21","straatNaam":"VIA GIUSEPPE MAZZINI 213","straatNr":"","vervoerder":"DHL","puntType":"parcelShop","bezettingsgraad":50,"latitude":37.32313,"longitude":13.593036,"canPickup":true,"canDropoff":true,"openingstijden":{"ma":"05:30 - 20:00","di":"05:30 - 20:00","wo":"05:30 - 20:00","do":"05:30 - 20:00","vr":"05:30 - 20:00","za":"05:30 - 14:00","zo":"gesloten"}}},{"type":"Feature","geometry":{"type":"Point","coordinates":[13.583872,37.306844]},"properties":{"type":"pakketpunt","locatieNaam":"TABACCHERIA N. 39","straatNaam":"VIA ALESSANDRO MANZONI 110","straatNr":"","vervoerder":"DHL","puntType":"parcelShop","bezettingsgraad":50,"latitude":37.306844,"longitude":13.583872,"canPickup":true,"canDropoff":true,"openingstijden":{"ma":"07:30 - 20:15","di":"07:30 - 20:15","wo":"07:30 - 20:15","do":"07:30 - 20:15","vr":"07:30 - 20:15","za":"07:30 - 20:15","zo":"08:30 - 13:30"}}},{"type":"Feature","geometry":{"type":"Point","coordinates":[13.58915,37.310801]},"properties":{"type":"pakketpunt","locatieNaam":"TABACCHERIA N. 9","straatNaam":"VIA CICERONE 24","straatNr":"","vervoerder":"DHL","puntType":"parcelShop","bezettingsgraad":50,"latitude":37.310801,"longitude":13.58915,"canPickup":true,"canDropoff":true,"openingstijden":{"ma":"07:30 - 20:00","di":"07:30 - 20:00","wo":"07:30 - 20:00","do":"07:30 - 20:00","vr":"07:30 - 20:00","za":"07:30 - 20:00","zo":"gesloten"}}},{"type":"Feature","geometry":{"type":"Point","coordinates":[13.595532,37.333916]},"properties":{"type":"pakketpunt","locatieNaam":"STAZIONE DI SERVIZIO ENI","straatNaam":"VIA UNITA DITALIA SNC 1","straatNr":"","vervoerder":"DHL","puntType":"packStation","bezettingsgraad":50,"latitude":37.333916,"longitude":13.595532,"canPickup":true,"canDropoff":true,"openingstijden":{"ma":"00:01 - 23:59","di":"00:01 - 23:59","wo":"00:01 - 23:59","do":"00:01 - 23:59","vr":"00:01 - 23:59","za":"00:01 - 23:59","zo":"00:01 - 23:59"}}},{"type":"Feature","geometry":{"type":"Point","coordinates":[13.586317,37.304048]},"properties":{"type":"pakketpunt","locatieNaam":"TABACCHERIA N. 34","straatNaam":"VIA FRANCESCO PETRARCA 4","straatNr":"","vervoerder":"DHL","puntType":"parcelShop","bezettingsgraad":50,"latitude":37.304048,"longitude":13.586317,"canPickup":true,"canDropoff":true,"openingstijden":{"ma":"07:30 - 13:00, 15:00 - 19:30","di":"07:30 - 13:00, 15:00 - 19:30","wo":"07:30 - 13:00, 15:00 - 19:30","do":"07:30 - 13:00, 15:00 - 19:30","vr":"07:30 - 13:00, 15:00 - 19:30","za":"07:30 - 13:00, 15:00 - 19:30","zo":"gesloten"}}},{"type":"Feature","geometry":{"type":"Point","coordinates":[13.58803,37.305585]},"properties":{"type":"pakketpunt","locatieNaam":"TABACCHERIA N. 41","straatNaam":"VIA GIUSEPPE TONIOLO 20","straatNr":"","vervoerder":"DHL","puntType":"parcelShop","bezettingsgraad":50,"latitude":37.305585,"longitude":13.58803,"canPickup":true,"canDropoff":true,"openingstijden":{"ma":"08:00 - 13:30, 16:30 - 20:00","di":"08:00 - 13:30, 16:30 - 20:00","wo":"08:00 - 13:30, 16:30 - 20:00","do":"08:00 - 13:30, 16:30 - 20:00","vr":"08:00 - 13:30, 16:30 - 20:00","za":"08:00 - 13:30, 16:30 - 20:00","zo":"gesloten"}}},{"type":"Feature","geometry":{"type":"Point","coordinates":[13.586335,37.30392]},"properties":{"type":"pakketpunt","locatieNaam":"GRECO  PATRICIA TABACCHI","straatNaam":"Via Francesco Petrarca, 4/6","straatNr":"","vervoerder":"DHL","puntType":"parcelShop","bezettingsgraad":50,"latitude":37.30392,"longitude":13.586335,"canPickup":false,"canDropoff":true,"openingstijden":{"ma":"07:30 - 19:30","di":"07:30 - 19:30","wo":"07:30 - 19:30","do":"07:30 - 19:30","vr":"07:30 - 19:30","za":"07:30 - 19:30","zo":"gesloten"}}},{"type":"Feature","geometry":{"type":"Point","coordinates":[13.590367,37.303861]},"properties":{"type":"pakketpunt","locatieNaam":"Ufficio Postale AGRIGENTO 3","straatNaam":"VIA UGO LA MALFA 44","straatNr":"","vervoerder":"DHL","puntType":"postOffice","bezettingsgraad":50,"latitude":37.303861,"longitude":13.590367,"canPickup":true,"canDropoff":true,"openingstijden":{"ma":"08:20 - 19:05","di":"08:20 - 19:05","wo":"08:20 - 19:05","do":"08:20 - 19:05","vr":"08:20 - 19:05","za":"08:20 - 12:35","zo":"gesloten"}}},{"type":"Feature","geometry":{"type":"Point","coordinates":[13.592842,37.30589]},"properties":{"type":"pakketpunt","locatieNaam":"TABACCHERIA N. 46","straatNaam":"VIALE DELLA VITTORIA 233","straatNr":"","vervoerder":"DHL","puntType":"parcelShop","bezettingsgraad":50,"latitude":37.30589,"longitude":13.592842,"canPickup":true,"canDropoff":true,"openingstijden":{"ma":"07:00 - 19:00","di":"07:00 - 19:00","wo":"07:00 - 19:00","do":"07:00 - 19:00","vr":"07:00 - 19:00","za":"07:30 - 13:00, 16:00 - 19:00","zo":"gesloten"}}},{"type":"Feature","geometry":{"type":"Point","coordinates":[13.593516,37.30667]},"properties":{"type":"pakketpunt","locatieNaam":"SATELLITE","straatNaam":"Via Papa Giovanni Xxiii 160","straatNr":"","vervoerder":"DHL","puntType":"parcelShop","bezettingsgraad":50,"latitude":37.30667,"longitude":13.593516,"canPickup":false,"canDropoff":true,"openingstijden":{"ma":"08:30 - 19:00","di":"08:30 - 19:00","wo":"08:30 - 19:00","do":"08:30 - 19:00","vr":"08:30 - 19:00","za":"gesloten","zo":"gesloten"}}},{"type":"Feature","geometry":{"type":"Point","coordinates":[13.593517,37.30667]},"properties":{"type":"pakketpunt","locatieNaam":"SATELLITE","straatNaam":"VIA GIOVANNI XXIII 160","straatNr":"","vervoerder":"DHL","puntType":"parcelShop","bezettingsgraad":50,"latitude":37.30667,"longitude":13.593517,"canPickup":true,"canDropoff":true,"openingstijden":{"ma":"09:00 - 13:00, 16:00 - 19:00","di":"09:00 - 13:00, 16:00 - 19:00","wo":"09:00 - 13:00, 16:00 - 19:00","do":"09:00 - 13:00, 16:00 - 19:00","vr":"09:00 - 13:00, 16:00 - 19:00","za":"gesloten","zo":"gesloten"}}},{"type":"Feature","geometry":{"type":"Point","coordinates":[13.593038,37.305814]},"properties":{"type":"pakketpunt","locatieNaam":"Ufficio Postale AGRIGENTO 8","straatNaam":"VIALE DELLA VITTORIA 243","straatNr":"","vervoerder":"DHL","puntType":"postOffice","bezettingsgraad":50,"latitude":37.305814,"longitude":13.593038,"canPickup":true,"canDropoff":true,"openingstijden":{"ma":"08:20 - 13:35","di":"08:20 - 13:35","wo":"08:20 - 13:35","do":"08:20 - 13:35","vr":"08:20 - 13:35","za":"08:20 - 12:35","zo":"gesloten"}}},{"type":"Feature","geometry":{"type":"Point","coordinates":[13.593842,37.306501]},"properties":{"type":"pakketpunt","locatieNaam":"TABACCHERIA N. 1","straatNaam":"VIA GIOVANNI XXIII 132","straatNr":"","vervoerder":"DHL","puntType":"parcelShop","bezettingsgraad":50,"latitude":37.306501,"longitude":13.593842,"canPickup":true,"canDropoff":true,"openingstijden":{"ma":"08:00 - 12:30, 16:00 - 19:30","di":"08:00 - 12:30, 16:00 - 19:30","wo":"08:00 - 12:30, 16:00 - 19:30","do":"08:00 - 12:30, 16:00 - 19:30","vr":"08:00 - 12:30, 16:00 - 19:30","za":"08:00 - 12:30, 16:00 - 19:30","zo":"gesloten"}}},{"type":"Feature","geometry":{"type":"Point","coordinates":[13.597245,37.299376]},"properties":{"type":"pakketpunt","locatieNaam":"TABACCHERIA N. 27","straatNaam":"VIA PANORAMICA VALLE DEI TEMPLI 31","straatNr":"","vervoerder":"DHL","puntType":"parcelShop","bezettingsgraad":50,"latitude":37.299376,"longitude":13.597245,"canPickup":true,"canDropoff":true,"openingstijden":{"ma":"07:30 - 13:00, 16:00 - 20:00","di":"07:30 - 13:00, 16:00 - 20:00","wo":"07:30 - 13:00, 16:00 - 20:00","do":"07:30 - 13:00, 16:00 - 20:00","vr":"07:30 - 13:00, 16:00 - 20:00","za":"07:30 - 13:00, 16:00 - 20:00","zo":"gesloten"}}},{"type":"Feature","geometry":{"type":"Point","coordinates":[13.624842,37.25987]},"properties":{"type":"pakketpunt","locatieNaam":"Amazon Locker - omera","straatNaam":"Il Centesimo Agrigento Cannatello","straatNr":"","vervoerder":"Amazon","puntType":"locker","bezettingsgraad":50,"latitude":37.25987,"longitude":13.624842,"canPickup":true,"canDropoff":false,"openingstijden":null}},{"type":"Feature","geometry":{"type":"Point","coordinates":[13.619774,37.2709374]},"properties":{"type":"pakketpunt","locatieNaam":"Amazon Locker - ombelina","straatNaam":"Il Centesimo Agrigento Sciascia","straatNr":"","vervoerder":"Amazon","puntType":"locker","bezettingsgraad":50,"latitude":37.2709374,"longitude":13.619774,"canPickup":true,"canDropoff":false,"openingstijden":null}},{"type":"Feature","geometry":{"type":"Point","coordinates":[13.583753,37.2717543]},"properties":{"type":"pakketpunt","locatieNaam":"Amazon Counter - RIVENDITA TABACCHI 42","straatNaam":"VIALE EMPORIUM 84","straatNr":"","vervoerder":"Amazon","puntType":"helix","bezettingsgraad":50,"latitude":37.2717543,"longitude":13.583753,"canPickup":true,"canDropoff":false,"openingstijden":null}},{"type":"Feature","geometry":{"type":"Point","coordinates":[13.5796422,37.264004]},"properties":{"type":"pakketpunt","locatieNaam":"Amazon Counter - Tabaccheria viale Viareggio","straatNaam":"Viale Viareggio, 33","straatNr":"","vervoerder":"Amazon","puntType":"helix","bezettingsgraad":50,"latitude":37.264004,"longitude":13.5796422,"canPickup":true,"canDropoff":false,"openingstijden":null}},{"type":"Feature","geometry":{"type":"Point","coordinates":[13.586555,37.270915]},"properties":{"type":"pakketpunt","locatieNaam":"Amazon Counter - PRIMAEDICOLA","straatNaam":"PUSANTE ANGELO","straatNr":"","vervoerder":"Amazon","puntType":"helix","bezettingsgraad":50,"latitude":37.270915,"longitude":13.586555,"canPickup":true,"canDropoff":false,"openingstijden":null}},{"type":"Feature","geometry":{"type":"Point","coordinates":[13.585488,37.275747]},"properties":{"type":"pakketpunt","locatieNaam":"Amazon Counter","straatNaam":"Tabaccheria Emporium Tuttolomondo (fermopoint)","straatNr":"","vervoerder":"Amazon","puntType":"helix","bezettingsgraad":50,"latitude":37.275747,"longitude":13.585488,"canPickup":true,"canDropoff":false,"openingstijden":null}},{"type":"Feature","geometry":{"type":"Point","coordinates":[13.579,37.2631]},"properties":{"type":"pakketpunt","locatieNaam":"Ufficio Postale AGRIGENTO 5","straatNaam":"LUNGOMARE FALCONE E BORSELLINO 3","straatNr":"","vervoerder":"Amazon","puntType":"3p","bezettingsgraad":50,"latitude":37.2631,"longitude":13.579,"canPickup":true,"canDropoff":false,"openingstijden":null}},{"type":"Feature","geometry":{"type":"Point","coordinates":[13.5868,37.2717]},"properties":{"type":"pakketpunt","locatieNaam":"Ufficio Postale AGRIGENTO 10","straatNaam":"VIA GIOVAN BATTISTA PERUZZO 7","straatNr":"","vervoerder":"Amazon","puntType":"3p","bezettingsgraad":50,"latitude":37.2717,"longitude":13.5868,"canPickup":true,"canDropoff":false,"openingstijden":null}},{"type":"Feature","geometry":{"type":"Point","coordinates":[13.582,37.2612]},"properties":{"type":"pakketpunt","locatieNaam":"PuntoPoste TABACCHERIA N. 16","straatNaam":"LUNGOMARE FALCONE E BORSELLINO 57","straatNr":"","vervoerder":"Amazon","puntType":"3p","bezettingsgraad":50,"latitude":37.2612,"longitude":13.582,"canPickup":true,"canDropoff":false,"openingstijden":null}},{"type":"Feature","geometry":{"type":"Point","coordinates":[13.6173698,37.2720084]},"properties":{"type":"pakketpunt","locatieNaam":"Amazon Counter - Pirandello Caffè Point","straatNaam":"Viale Leonardo Sciascia, 188","straatNr":"","vervoerder":"Amazon","puntType":"helix","bezettingsgraad":50,"latitude":37.2720084,"longitude":13.6173698,"canPickup":true,"canDropoff":false,"openingstijden":null}},{"type":"Feature","geometry":{"type":"Point","coordinates":[13.5855,37.2757]},"properties":{"type":"pakketpunt","locatieNaam":"PuntoPoste TABACCHERIA n. 7","straatNaam":"VIALE EMPORIUM 28","straatNr":"","vervoerder":"Amazon","puntType":"3p","bezettingsgraad":50,"latitude":37.2757,"longitude":13.5855,"canPickup":true,"canDropoff":false,"openingstijden":null}},{"type":"Feature","geometry":{"type":"Point","coordinates":[13.5796,37.2639]},"properties":{"type":"pakketpunt","locatieNaam":"PuntoPoste TABACCHERIA N. 28","straatNaam":"VIALE VIAREGGIO 33","straatNr":"","vervoerder":"Amazon","puntType":"3p","bezettingsgraad":50,"latitude":37.2639,"longitude":13.5796,"canPickup":true,"canDropoff":false,"openingstijden":null}},{"type":"Feature","geometry":{"type":"Point","coordinates":[13.5544241,37.2992015]},"properties":{"type":"pakketpunt","locatieNaam":"Giunti al Punto","straatNaam":"Centro Commerciale Città Dei Templi Loca","straatNr":"","vervoerder":"Amazon","puntType":"helix","bezettingsgraad":50,"latitude":37.2992015,"longitude":13.5544241,"canPickup":true,"canDropoff":false,"openingstijden":null}},{"type":"Feature","geometry":{"type":"Point","coordinates":[13.52183,37.349914]},"properties":{"type":"pakketpunt","locatieNaam":"Amazon Counter - Agripiù","straatNaam":"Via Trieste, 2","straatNr":"","vervoerder":"Amazon","puntType":"helix","bezettingsgraad":50,"latitude":37.349914,"longitude":13.52183,"canPickup":true,"canDropoff":false,"openingstijden":null}},{"type":"Feature","geometry":{"type":"Point","coordinates":[13.58631,37.304059]},"properties":{"type":"pakketpunt","locatieNaam":"Amazon Counter - Greco Tabacchi","straatNaam":"Via Petrarca, 4/6","straatNr":"","vervoerder":"Amazon","puntType":"helix","bezettingsgraad":50,"latitude":37.304059,"longitude":13.58631,"canPickup":true,"canDropoff":false,"openingstijden":null}},{"type":"Feature","geometry":{"type":"Point","coordinates":[13.583999,37.306715]},"properties":{"type":"pakketpunt","locatieNaam":"Amazon Counter - BAR GALLO","straatNaam":"VIA MANZONI 116","straatNr":"","vervoerder":"Amazon","puntType":"helix","bezettingsgraad":50,"latitude":37.306715,"longitude":13.583999,"canPickup":true,"canDropoff":false,"openingstijden":null}},{"type":"Feature","geometry":{"type":"Point","coordinates":[13.6114089074097,37.2771810406412]},"properties":{"type":"pakketpunt","locatieNaam":"Amazon Counter","straatNaam":"Wind Tre Agrigento (fermopoint)","straatNr":"","vervoerder":"Amazon","puntType":"helix","bezettingsgraad":50,"latitude":37.2771810406412,"longitude":13.6114089074097,"canPickup":true,"canDropoff":false,"openingstijden":null}},{"type":"Feature","geometry":{"type":"Point","coordinates":[13.5972,37.2993]},"properties":{"type":"pakketpunt","locatieNaam":"PuntoPoste TABACCHERIA N. 27","straatNaam":"VIA PANORAMICA VALLE DEI TEMPLI 31","straatNr":"","vervoerder":"Amazon","puntType":"3p","bezettingsgraad":50,"latitude":37.2993,"longitude":13.5972,"canPickup":true,"canDropoff":false,"openingstijden":null}},{"type":"Feature","geometry":{"type":"Point","coordinates":[13.5863,37.304]},"properties":{"type":"pakketpunt","locatieNaam":"PuntoPoste TABACCHERIA N. 34","straatNaam":"VIA FRANCESCO PETRARCA 4","straatNr":"","vervoerder":"Amazon","puntType":"3p","bezettingsgraad":50,"latitude":37.304,"longitude":13.5863,"canPickup":true,"canDropoff":false,"openingstijden":null}},{"type":"Feature","geometry":{"type":"Point","coordinates":[13.572337,37.315076]},"properties":{"type":"pakketpunt","locatieNaam":"Amazon Counter - TABACCHI","straatNaam":"VIA XXV APRILE 116","straatNr":"","vervoerder":"Amazon","puntType":"helix","bezettingsgraad":50,"latitude":37.315076,"longitude":13.572337,"canPickup":true,"canDropoff":false,"openingstijden":null}},{"type":"Feature","geometry":{"type":"Point","coordinates":[13.596166,37.332646]},"properties":{"type":"pakketpunt","locatieNaam":"Amazon Locker - omelia","straatNaam":"Il Centesimo Agrigento Unita d'Italia","straatNr":"","vervoerder":"Amazon","puntType":"locker","bezettingsgraad":50,"latitude":37.332646,"longitude":13.596166,"canPickup":true,"canDropoff":false,"openingstijden":null}},{"type":"Feature","geometry":{"type":"Point","coordinates":[13.5728035,37.3108637]},"properties":{"type":"pakketpunt","locatieNaam":"Amazon Counter","straatNaam":"PostaExpress Agrigento (fermopoint)","straatNr":"","vervoerder":"Amazon","puntType":"helix","bezettingsgraad":50,"latitude":37.3108637,"longitude":13.5728035,"canPickup":true,"canDropoff":false,"openingstijden":null}},{"type":"Feature","geometry":{"type":"Point","coordinates":[13.595628,37.333805]},"properties":{"type":"pakketpunt","locatieNaam":"Amazon Locker - periodo","straatNaam":"ENI Station pv.19829","straatNr":"","vervoerder":"Amazon","puntType":"locker","bezettingsgraad":50,"latitude":37.333805,"longitude":13.595628,"canPickup":true,"canDropoff":false,"openingstijden":null}},{"type":"Feature","geometry":{"type":"Point","coordinates":[13.5806814,37.3103856]},"properties":{"type":"pakketpunt","locatieNaam":"Amazon Counter - Mob lavanderia ","straatNaam":"Empedocle , 103","straatNr":"","vervoerder":"Amazon","puntType":"helix","bezettingsgraad":50,"latitude":37.3103856,"longitude":13.5806814,"canPickup":true,"canDropoff":false,"openingstijden":null}},{"type":"Feature","geometry":{"type":"Point","coordinates":[13.581043,37.318688]},"properties":{"type":"pakketpunt","locatieNaam":"Amazon Counter (fermopoint)","straatNaam":"Agenzia Posta Centrale Agrigento-Solo Counter","straatNr":"","vervoerder":"Amazon","puntType":"helix","bezettingsgraad":50,"latitude":37.318688,"longitude":13.581043,"canPickup":true,"canDropoff":false,"openingstijden":null}},{"type":"Feature","geometry":{"type":"Point","coordinates":[13.5723,37.3151]},"properties":{"type":"pakketpunt","locatieNaam":"PuntoPoste TABACCHERIA N. 48","straatNaam":"VIA VENTICINQUE APRILE 116","straatNr":"","vervoerder":"Amazon","puntType":"3p","bezettingsgraad":50,"latitude":37.3151,"longitude":13.5723,"canPickup":true,"canDropoff":false,"openingstijden":null}},{"type":"Feature","geometry":{"type":"Point","coordinates":[13.574642,37.311691]},"properties":{"type":"pakketpunt","locatieNaam":"Amazon Counter","straatNaam":"Minimarket (fermopoint)","straatNr":"","vervoerder":"Amazon","puntType":"helix","bezettingsgraad":50,"latitude":37.311691,"longitude":13.574642,"canPickup":true,"canDropoff":false,"openingstijden":null}},{"type":"Feature","geometry":{"type":"Point","coordinates":[13.5779420889549,37.3162613001897]},"properties":{"type":"pakketpunt","locatieNaam":"Amazon Counter","straatNaam":"Tabacchi - Agrigento 1 (fermopoint)","straatNr":"","vervoerder":"Amazon","puntType":"helix","bezettingsgraad":50,"latitude":37.3162613001897,"longitude":13.5779420889549,"canPickup":true,"canDropoff":false,"openingstijden":null}},{"type":"Feature","geometry":{"type":"Point","coordinates":[13.5837,37.3191]},"properties":{"type":"pakketpunt","locatieNaam":"Ufficio Postale AGRIGENTO 7","straatNaam":"VIA MATTARELLA PIERSANTI 50","straatNr":"","vervoerder":"Amazon","puntType":"3p","bezettingsgraad":50,"latitude":37.3191,"longitude":13.5837,"canPickup":true,"canDropoff":false,"openingstijden":null}},{"type":"Feature","geometry":{"type":"Point","coordinates":[13.5891527,37.3194826]},"properties":{"type":"pakketpunt","locatieNaam":"Amazon Counter (fermopoint)","straatNaam":"Zambuto Service","straatNr":"","vervoerder":"Amazon","puntType":"helix","bezettingsgraad":50,"latitude":37.3194826,"longitude":13.5891527,"canPickup":true,"canDropoff":false,"openingstijden":null}},{"type":"Feature","geometry":{"type":"Point","coordinates":[13.5781,37.3163]},"properties":{"type":"pakketpunt","locatieNaam":"PuntoPoste TABACCHERIA N. 45","straatNaam":"VIA VENTICINQUE APRILE 202","straatNr":"","vervoerder":"Amazon","puntType":"3p","bezettingsgraad":50,"latitude":37.3163,"longitude":13.5781,"canPickup":true,"canDropoff":false,"openingstijden":null}},{"type":"Feature","geometry":{"type":"Point","coordinates":[13.579595,37.310802]},"properties":{"type":"pakketpunt","locatieNaam":"Amazon Counter - Agrigento servizi TLS Tech","straatNaam":"Piazza ravanusella 7","straatNr":"","vervoerder":"Amazon","puntType":"helix","bezettingsgraad":50,"latitude":37.310802,"longitude":13.579595,"canPickup":true,"canDropoff":false,"openingstijden":null}},{"type":"Feature","geometry":{"type":"Point","coordinates":[13.5807637,37.3102828]},"properties":{"type":"pakketpunt","locatieNaam":"Amazon Counter (fermopoint)","straatNaam":"Tabacchi 22","straatNr":"","vervoerder":"Amazon","puntType":"helix","bezettingsgraad":50,"latitude":37.3102828,"longitude":13.5807637,"canPickup":true,"canDropoff":false,"openingstijden":null}},{"type":"Feature","geometry":{"type":"Point","coordinates":[13.52455,37.34951]},"properties":{"type":"pakketpunt","locatieNaam":"Amazon Counter - CAFFETTERIA  PONTE GRANDE","straatNaam":"Belvedere , 1","straatNr":"","vervoerder":"Amazon","puntType":"helix","bezettingsgraad":50,"latitude":37.34951,"longitude":13.52455,"canPickup":true,"canDropoff":false,"openingstijden":null}},{"type":"Feature","geometry":{"type":"Point","coordinates":[13.5913,37.3372]},"properties":{"type":"pakketpunt","locatieNaam":"Ufficio Postale AGRIGENTO 1","straatNaam":"VIA ANTONIO PANCAMO 10","straatNr":"","vervoerder":"Amazon","puntType":"3p","bezettingsgraad":50,"latitude":37.3372,"longitude":13.5913,"canPickup":true,"canDropoff":false,"openingstijden":null}},{"type":"Feature","geometry":{"type":"Point","coordinates":[13.5874068,37.3092887]},"properties":{"type":"pakketpunt","locatieNaam":"Amazon Counter - PRIMAEDICOLA","straatNaam":"AMATO ROBERTO","straatNr":"","vervoerder":"Amazon","puntType":"helix","bezettingsgraad":50,"latitude":37.3092887,"longitude":13.5874068,"canPickup":true,"canDropoff":false,"openingstijden":null}},{"type":"Feature","geometry":{"type":"Point","coordinates":[13.593053,37.323265]},"properties":{"type":"pakketpunt","locatieNaam":"Amazon Counter - PRIMAEDICOLA","straatNaam":"GENOVA FRANCESCO","straatNr":"","vervoerder":"Amazon","puntType":"helix","bezettingsgraad":50,"latitude":37.323265,"longitude":13.593053,"canPickup":true,"canDropoff":false,"openingstijden":null}},{"type":"Feature","geometry":{"type":"Point","coordinates":[13.57992,37.31191]},"properties":{"type":"pakketpunt","locatieNaam":"Amazon Counter - Click","straatNaam":"Via atenea, 172","straatNr":"","vervoerder":"Amazon","puntType":"helix","bezettingsgraad":50,"latitude":37.31191,"longitude":13.57992,"canPickup":true,"canDropoff":false,"openingstijden":null}},{"type":"Feature","geometry":{"type":"Point","coordinates":[13.586779164095798,37.270839655875214]},"properties":{"type":"pakketpunt","locatieNaam":"FedEx OnSite","straatNaam":"Via gb Peruzzo , 25","straatNr":"","vervoerder":"FedEx","puntType":"servicepunt","bezettingsgraad":50,"latitude":37.270839655875214,"longitude":13.586779164095798,"canPickup":true,"canDropoff":true,"openingstijden":{"ma":"08:30 - 13:00, 17:00 - 20:00","di":"08:30 - 13:00, 17:00 - 20:00","wo":"08:30 - 13:00, 17:00 - 20:00","do":"08:30 - 13:00, 17:00 - 20:00","vr":"08:30 - 13:00, 17:00 - 20:00","za":"08:30 - 13:30","zo":"gesloten"}}},{"type":"Feature","geometry":{"type":"Point","coordinates":[13.61722315080895,37.27191689678331]},"properties":{"type":"pakketpunt","locatieNaam":"FedEx OnSite","straatNaam":"VIALE LEONARDO SCIASCIA, 188","straatNr":"","vervoerder":"FedEx","puntType":"servicepunt","bezettingsgraad":50,"latitude":37.27191689678331,"longitude":13.61722315080895,"canPickup":true,"canDropoff":true,"openingstijden":{"ma":"09:00 - 13:00, 16:30 - 20:00","di":"09:00 - 13:00, 16:30 - 20:00","wo":"09:00 - 13:00, 16:30 - 20:00","do":"09:00 - 13:00, 16:30 - 20:00","vr":"09:00 - 13:00, 16:30 - 20:00","za":"09:00 - 13:00, 17:00 - 20:00","zo":"gesloten"}}},{"type":"Feature","geometry":{"type":"Point","coordinates":[13.611794,37.276796]},"properties":{"type":"pakketpunt","locatieNaam":"FedEx OnSite","straatNaam":"Viale Leonardo Sciascia, 29","straatNr":"","vervoerder":"FedEx","puntType":"servicepunt","bezettingsgraad":50,"latitude":37.276796,"longitude":13.611794,"canPickup":true,"canDropoff":true,"openingstijden":{"ma":"09:00 - 13:00, 16:30 - 20:00","di":"09:00 - 13:00, 16:30 - 20:00","wo":"09:00 - 13:00, 16:30 - 20:00","do":"09:00 - 13:00, 16:30 - 20:00","vr":"09:00 - 13:00, 16:30 - 20:00","za":"09:00 - 13:00, 16:30 - 20:00","zo":"gesloten"}}},{"type":"Feature","geometry":{"type":"Point","coordinates":[13.551447,37.300298]},"properties":{"type":"pakketpunt","locatieNaam":"FedEx OnSite","straatNaam":"VICOLO PUNTA BIANCA, 27","straatNr":"","vervoerder":"FedEx","puntType":"servicepunt","bezettingsgraad":50,"latitude":37.300298,"longitude":13.551447,"canPickup":true,"canDropoff":true,"openingstijden":{"ma":"08:30 - 13:30, 16:00 - 20:00","di":"08:30 - 12:30, 16:00 - 20:00","wo":"08:30 - 13:30, 16:00 - 20:00","do":"08:30 - 13:30, 16:00 - 20:00","vr":"08:30 - 13:30, 16:00 - 20:00","za":"09:00 - 13:30, 16:00 - 20:00","zo":"gesloten"}}},{"type":"Feature","geometry":{"type":"Point","coordinates":[13.58623,37.304041]},"properties":{"type":"pakketpunt","locatieNaam":"FedEx OnSite","straatNaam":"Via Francesco Petrarca, 4","straatNr":"","vervoerder":"FedEx","puntType":"servicepunt","bezettingsgraad":50,"latitude":37.304041,"longitude":13.58623,"canPickup":true,"canDropoff":true,"openingstijden":{"ma":"07:30 - 13:30, 15:30 - 19:30","di":"07:30 - 13:30, 15:30 - 19:30","wo":"07:30 - 13:30, 15:30 - 19:30","do":"07:30 - 13:30, 15:30 - 19:30","vr":"07:30 - 13:30, 15:30 - 19:30","za":"07:30 - 13:30, 15:30 - 19:30","zo":"gesloten"}}},{"type":"Feature","geometry":{"type":"Point","coordinates":[13.591329,37.305251]},"properties":{"type":"pakketpunt","locatieNaam":"FedEx OnSite","straatNaam":"Via Crispi, 23","straatNr":"","vervoerder":"FedEx","puntType":"servicepunt","bezettingsgraad":50,"latitude":37.305251,"longitude":13.591329,"canPickup":true,"canDropoff":true,"openingstijden":{"ma":"07:00 - 20:00","di":"07:00 - 20:00","wo":"07:00 - 20:00","do":"07:00 - 20:00","vr":"07:00 - 20:00","za":"07:00 - 20:00","zo":"08:30 - 13:00"}}},{"type":"Feature","geometry":{"type":"Point","coordinates":[13.593004363266989,37.30612420320662]},"properties":{"type":"pakketpunt","locatieNaam":"FedEx OnSite","straatNaam":"Viale della Vittoria, 233","straatNr":"","vervoerder":"FedEx","puntType":"servicepunt","bezettingsgraad":50,"latitude":37.30612420320662,"longitude":13.593004363266989,"canPickup":true,"canDropoff":true,"openingstijden":{"ma":"07:00 - 14:00, 15:00 - 20:30","di":"07:00 - 14:00, 15:00 - 20:30","wo":"07:00 - 14:00, 15:00 - 20:30","do":"07:00 - 14:00, 15:00 - 20:30","vr":"07:00 - 14:00, 15:00 - 20:30","za":"08:00 - 14:00, 16:00 - 20:00","zo":"gesloten"}}},{"type":"Feature","geometry":{"type":"Point","coordinates":[13.593884178474557,37.30661569567391]},"properties":{"type":"pakketpunt","locatieNaam":"FedEx OnSite","straatNaam":"VIA PAPA GIOVANNI XXIII, 132","straatNr":"","vervoerder":"FedEx","puntType":"servicepunt","bezettingsgraad":50,"latitude":37.30661569567391,"longitude":13.593884178474557,"canPickup":true,"canDropoff":true,"openingstijden":{"ma":"08:00 - 12:30, 16:00 - 19:30","di":"08:00 - 12:30, 16:00 - 19:30","wo":"08:00 - 12:30, 16:00 - 19:30","do":"08:00 - 12:30, 16:00 - 19:30","vr":"08:00 - 12:30, 16:00 - 19:30","za":"08:30 - 12:30, 16:00 - 19:30","zo":"gesloten"}}},{"type":"Feature","geometry":{"type":"Point","coordinates":[13.593437860844023,37.30670625576868]},"properties":{"type":"pakketpunt","locatieNaam":"FedEx OnSite","straatNaam":"Via Papa Giovanni XXIII, 160","straatNr":"","vervoerder":"FedEx","puntType":"servicepunt","bezettingsgraad":50,"latitude":37.30670625576868,"longitude":13.593437860844023,"canPickup":true,"canDropoff":true,"openingstijden":{"ma":"09:00 - 13:00, 16:00 - 19:00","di":"09:00 - 13:00, 16:00 - 19:00","wo":"09:00 - 13:00, 16:00 - 19:00","do":"09:00 - 13:00, 16:00 - 19:00","vr":"09:00 - 13:00, 16:00 - 19:00","za":"09:30 - 12:30","zo":"gesloten"}}},{"type":"Feature","geometry":{"type":"Point","coordinates":[13.583989,37.306672]},"properties":{"type":"pakketpunt","locatieNaam":"FedEx OnSite","straatNaam":"VIA MANZONI, 116","straatNr":"","vervoerder":"FedEx","puntType":"servicepunt","bezettingsgraad":50,"latitude":37.306672,"longitude":13.583989,"canPickup":true,"canDropoff":true,"openingstijden":{"ma":"07:30 - 14:00, 15:30 - 20:00","di":"07:30 - 14:00, 15:30 - 20:00","wo":"07:30 - 14:00, 15:30 - 20:00","do":"07:30 - 14:00, 15:30 - 20:00","vr":"07:30 - 14:00, 15:30 - 20:00","za":"07:30 - 14:00, 15:30 - 20:00","zo":"08:30 - 13:30"}}},{"type":"Feature","geometry":{"type":"Point","coordinates":[13.585782,37.308838]},"properties":{"type":"pakketpunt","locatieNaam":"FedEx OnSite","straatNaam":"via venticinque aprile, 202","straatNr":"","vervoerder":"FedEx","puntType":"servicepunt","bezettingsgraad":50,"latitude":37.308838,"longitude":13.585782,"canPickup":true,"canDropoff":true,"openingstijden":{"ma":"06:30 - 13:30, 16:00 - 20:00","di":"06:30 - 13:30, 16:00 - 20:00","wo":"06:30 - 13:30, 16:00 - 20:00","do":"06:30 - 13:30, 16:00 - 20:00","vr":"06:30 - 13:30, 16:00 - 20:00","za":"06:30 - 13:30, 16:00 - 20:00","zo":"gesloten"}}},{"type":"Feature","geometry":{"type":"Point","coordinates":[13.580704,37.310355]},"properties":{"type":"pakketpunt","locatieNaam":"FedEx OnSite","straatNaam":"Via Empedocle 103","straatNr":"","vervoerder":"FedEx","puntType":"servicepunt","bezettingsgraad":50,"latitude":37.310355,"longitude":13.580704,"canPickup":true,"canDropoff":true,"openingstijden":{"ma":"08:30 - 19:30","di":"08:30 - 19:30","wo":"08:30 - 19:30","do":"08:30 - 19:30","vr":"08:30 - 19:30","za":"08:30 - 19:30","zo":"08:30 - 19:30"}}},{"type":"Feature","geometry":{"type":"Point","coordinates":[13.579516837382322,37.31079944125339]},"properties":{"type":"pakketpunt","locatieNaam":"FedEx OnSite","straatNaam":"piazza Ravanusella, 5","straatNr":"","vervoerder":"FedEx","puntType":"servicepunt","bezettingsgraad":50,"latitude":37.31079944125339,"longitude":13.579516837382322,"canPickup":true,"canDropoff":true,"openingstijden":{"ma":"10:30 - 13:30, 16:00 - 19:30","di":"10:30 - 13:30, 16:00 - 19:30","wo":"10:30 - 13:30, 16:00 - 19:30","do":"10:30 - 13:30, 16:00 - 19:30","vr":"10:30 - 15:00, 16:00 - 19:30","za":"16:00 - 18:00","zo":"16:00 - 18:00"}}},{"type":"Feature","geometry":{"type":"Point","coordinates":[13.57287494061766,37.31082086179547]},"properties":{"type":"pakketpunt","locatieNaam":"FedEx OnSite","straatNaam":"VIA DANTE ALIGHIERI, 208","straatNr":"","vervoerder":"FedEx","puntType":"servicepunt","bezettingsgraad":50,"latitude":37.31082086179547,"longitude":13.57287494061766,"canPickup":true,"canDropoff":true,"openingstijden":{"ma":"08:30 - 13:00, 16:00 - 18:30","di":"08:30 - 13:00, 16:00 - 18:30","wo":"08:30 - 13:00, 16:00 - 18:30","do":"08:30 - 13:00, 16:00 - 18:30","vr":"08:30 - 13:00, 16:00 - 18:30","za":"gesloten","zo":"gesloten"}}},{"type":"Feature","geometry":{"type":"Point","coordinates":[13.57890641263797,37.31123329632339]},"properties":{"type":"pakketpunt","locatieNaam":"FedEx OnSite","straatNaam":"Via Atenea, 299","straatNr":"","vervoerder":"FedEx","puntType":"servicepunt","bezettingsgraad":50,"latitude":37.31123329632339,"longitude":13.57890641263797,"canPickup":true,"canDropoff":true,"openingstijden":{"ma":"07:30 - 14:00, 15:30 - 20:30","di":"07:30 - 14:00, 15:30 - 20:30","wo":"07:30 - 14:00, 15:30 - 20:30","do":"07:30 - 14:00, 15:30 - 20:30","vr":"07:30 - 14:00, 15:30 - 20:30","za":"07:30 - 14:00, 15:30 - 20:30","zo":"09:00 - 13:00"}}},{"type":"Feature","geometry":{"type":"Point","coordinates":[13.580977,37.318768]},"properties":{"type":"pakketpunt","locatieNaam":"FedEx OnSite","straatNaam":"Via imera, 289","straatNr":"","vervoerder":"FedEx","puntType":"servicepunt","bezettingsgraad":50,"latitude":37.318768,"longitude":13.580977,"canPickup":true,"canDropoff":true,"openingstijden":{"ma":"08:30 - 13:00, 16:00 - 18:30","di":"08:30 - 13:00, 16:00 - 18:30","wo":"08:30 - 13:00, 16:00 - 18:30","do":"08:30 - 13:00, 16:00 - 18:30","vr":"08:30 - 13:00, 16:00 - 18:30","za":"09:00 - 13:00","zo":"gesloten"}}},{"type":"Feature","geometry":{"type":"Point","coordinates":[13.587486304170495,37.31921193456816]},"properties":{"type":"pakketpunt","locatieNaam":"FedEx OnSite","straatNaam":"VIA PIERSANTI MATTARELLA SNC","straatNr":"","vervoerder":"FedEx","puntType":"servicepunt","bezettingsgraad":50,"latitude":37.31921193456816,"longitude":13.587486304170495,"canPickup":true,"canDropoff":true,"openingstijden":{"ma":"08:30 - 13:00, 15:30 - 17:30","di":"08:30 - 13:00, 15:30 - 17:30","wo":"08:30 - 13:00, 15:30 - 17:30","do":"08:30 - 13:00, 15:30 - 17:30","vr":"08:30 - 13:00, 15:30 - 17:30","za":"gesloten","zo":"gesloten"}}},{"type":"Feature","geometry":{"type":"Point","coordinates":[13.592951561342236,37.32329212910386]},"properties":{"type":"pakketpunt","locatieNaam":"FedEx OnSite","straatNaam":"via mazzini, 213","straatNr":"","vervoerder":"FedEx","puntType":"servicepunt","bezettingsgraad":50,"latitude":37.32329212910386,"longitude":13.592951561342236,"canPickup":true,"canDropoff":true,"openingstijden":{"ma":"05:30 - 20:00","di":"05:30 - 20:00","wo":"05:30 - 20:00","do":"05:30 - 20:00","vr":"05:30 - 20:00","za":"05:30 - 20:00","zo":"gesloten"}}},{"type":"Feature","geometry":{"type":"Point","coordinates":[13.591035036930265,37.33117173532452]},"properties":{"type":"pakketpunt","locatieNaam":"FedEx OnSite","straatNaam":"via barone francesco celsa, 33","straatNr":"","vervoerder":"FedEx","puntType":"servicepunt","bezettingsgraad":50,"latitude":37.33117173532452,"longitude":13.591035036930265,"canPickup":true,"canDropoff":true,"openingstijden":{"ma":"08:30 - 13:00, 16:00 - 19:30","di":"08:30 - 13:00, 16:00 - 19:30","wo":"08:30 - 13:00, 16:00 - 19:30","do":"08:30 - 13:00, 16:00 - 19:30","vr":"08:30 - 13:00, 16:00 - 19:30","za":"08:30 - 13:00","zo":"gesloten"}}},{"type":"Feature","geometry":{"type":"Point","coordinates":[13.59024,37.3314]},"properties":{"type":"pakketpunt","locatieNaam":"FedEx OnSite","straatNaam":"Viale Sicilia, 30","straatNr":"","vervoerder":"FedEx","puntType":"servicepunt","bezettingsgraad":50,"latitude":37.3314,"longitude":13.59024,"canPickup":true,"canDropoff":true,"openingstijden":{"ma":"08:30 - 13:00, 16:00 - 19:30","di":"08:30 - 13:00, 16:00 - 19:30","wo":"08:30 - 13:00, 16:00 - 19:30","do":"08:30 - 13:00, 16:00 - 19:30","vr":"08:30 - 13:00, 16:00 - 19:30","za":"08:30 - 13:00","zo":"gesloten"}}},{"type":"Feature","geometry":{"type":"MultiPolygon","coordinates":[[[[13.3966521,37.405092],[13.3969029,37.4053393],[13.3974756,37.4064325],[13.3987336,37.4079929],[13.4011599,37.4094675],[13.4039932,37.410455],[13.405148,37.4112342],[13.4058186,37.4113032],[13.4062408,37.4115301],[13.4070356,37.4116583],[13.4074081,37.4115498],[13.4079793,37.4119246],[13.4085257,37.4120726],[13.408948,37.4119838],[13.409693,37.4121318],[13.4105375,37.4120529],[13.4110653,37.4121965],[13.4112365,37.4124197],[13.4116975,37.412608],[13.41294,37.4127824],[13.4132956,37.412751],[13.4136425,37.4126045],[13.4145689,37.4126777],[13.4155348,37.4125348],[13.4155216,37.4131276],[13.4156401,37.4133717],[13.415987,37.4137379],[13.4161846,37.4138285],[13.4164348,37.4143411],[13.4166938,37.4146271],[13.4169573,37.4146515],[13.4170626,37.4148398],[13.4170275,37.4150316],[13.4171592,37.4151711],[13.4172295,37.4154256],[13.41827,37.4157918],[13.4189725,37.4166287],[13.4192842,37.4167821],[13.4194335,37.4169983],[13.4193764,37.417877],[13.4190647,37.4182222],[13.4187003,37.4183513],[13.4186256,37.4185117],[13.4187255,37.418618],[13.4193791,37.4186853],[13.4198594,37.4189941],[13.4199068,37.4191484],[13.4201806,37.4190631],[13.4202501,37.4191789],[13.4206291,37.4191878],[13.4209083,37.4192996],[13.4210196,37.4194591],[13.4214455,37.4197187],[13.4215783,37.4198451],[13.4213976,37.4203418],[13.421584,37.420703],[13.4220552,37.4211001],[13.4223656,37.4212123],[13.4228068,37.4215508],[13.4231691,37.421672],[13.4234208,37.421944],[13.4237121,37.4226253],[13.4239217,37.4228018],[13.4241213,37.4234242],[13.4248701,37.4240009],[13.4254265,37.4245634],[13.4256349,37.4250349],[13.4260566,37.4256119],[13.4266664,37.4258968],[13.4272962,37.4263573],[13.4273841,37.4272031],[13.4270954,37.4275707],[13.427347,37.4281759],[13.4271799,37.4292122],[13.4272561,37.430015],[13.4275844,37.4307262],[13.4281836,37.4314948],[13.4283454,37.4315933],[13.4296755,37.4307724],[13.4307734,37.4302122],[13.4315227,37.429979],[13.432337,37.4298667],[13.4321394,37.4295962],[13.432208,37.429384],[13.4325754,37.4291928],[13.4338173,37.4293926],[13.4371721,37.4305828],[13.43765,37.4304741],[13.4412251,37.4307514],[13.4417396,37.4306815],[13.4435051,37.4306748],[13.4445001,37.4307684],[13.4455855,37.4311398],[13.4463524,37.4315318],[13.4466769,37.4315036],[13.4470194,37.4313524],[13.4471245,37.4312189],[13.4470829,37.4309821],[13.4466724,37.4302656],[13.4468465,37.4300127],[13.4469353,37.4293501],[13.4473815,37.4284535],[13.4473509,37.4281579],[13.446805,37.4273336],[13.4464268,37.4264088],[13.4473767,37.4255746],[13.4484319,37.4249969],[13.4494707,37.4248954],[13.4506865,37.4245312],[13.4533735,37.4251501],[13.4540928,37.4255602],[13.4561925,37.4262402],[13.4561678,37.4265803],[13.4573041,37.4268026],[13.4585557,37.4267372],[13.4584734,37.4271296],[13.4588522,37.4271819],[13.4593792,37.4268549],[13.4600214,37.4268157],[13.4601971,37.4270741],[13.461702,37.4279887],[13.462047,37.4280712],[13.4623517,37.4279796],[13.4626802,37.4275494],[13.4636335,37.4270672],[13.4635465,37.4264772],[13.4637386,37.4261935],[13.4656481,37.4268632],[13.4661505,37.4271744],[13.4669643,37.427488],[13.4681193,37.427708],[13.4687483,37.4279665],[13.4696143,37.4281965],[13.4701686,37.428462],[13.4704846,37.4288344],[13.4714726,37.4294993],[13.4719437,37.430015],[13.471266,37.4302068],[13.4712837,37.4303753],[13.4719143,37.4305578],[13.472348,37.4305002],[13.472975,37.4306561],[13.4735755,37.4310219],[13.4739037,37.4313204],[13.4740217,37.4316009],[13.4743341,37.4319324],[13.4756284,37.432544],[13.476348,37.4326663],[13.4774299,37.4326073],[13.4782608,37.4326962],[13.4786701,37.4329365],[13.4793215,37.4329723],[13.479843,37.4331253],[13.4801936,37.4334964],[13.4805378,37.4336887],[13.4819734,37.4341247],[13.4821854,37.4343714],[13.4832762,37.4348221],[13.4836215,37.4350226],[13.4836985,37.4352363],[13.4842767,37.4352631],[13.4848883,37.4355863],[13.4858431,37.4355782],[13.4874329,37.4358281],[13.4889868,37.4352937],[13.489591,37.4353575],[13.4909722,37.4358634],[13.4917086,37.436487],[13.4957216,37.4375638],[13.4961692,37.4377782],[13.4966827,37.4383407],[13.4971984,37.4387623],[13.499692,37.4399397],[13.5004137,37.4400425],[13.5027408,37.4406445],[13.5033283,37.4405357],[13.5040398,37.4401213],[13.5053755,37.4402593],[13.5078359,37.4403587],[13.5080027,37.4400623],[13.5085568,37.4395183],[13.5084711,37.438686],[13.5090016,37.4382599],[13.5087767,37.4378146],[13.5086024,37.4370606],[13.5088465,37.4364643],[13.5088137,37.4360178],[13.5089135,37.4357913],[13.5089511,37.4352684],[13.508876,37.4349256],[13.508947,37.4348031],[13.509801,37.4342253],[13.5103919,37.4332482],[13.5110964,37.4323258],[13.5113127,37.4321217],[13.512076,37.4318028],[13.5125117,37.4314098],[13.5137764,37.4292931],[13.5145103,37.4279508],[13.5146749,37.4274741],[13.5152476,37.4265265],[13.5157849,37.4260703],[13.5149753,37.42554],[13.5146409,37.4249575],[13.5136992,37.4243535],[13.5134986,37.4239973],[13.5133445,37.4232012],[13.5129873,37.4227669],[13.5129073,37.4224824],[13.512424,37.421899],[13.5121684,37.4216995],[13.5115618,37.4215198],[13.5109526,37.4210343],[13.510444,37.4203952],[13.5096845,37.4198042],[13.5102829,37.4178476],[13.5100631,37.4175279],[13.5101022,37.4165926],[13.5099645,37.4161698],[13.509023,37.4149627],[13.508715,37.4141135],[13.5070303,37.413441],[13.5062517,37.4129782],[13.5056645,37.41248],[13.5047136,37.4119693],[13.5045006,37.4119108],[13.5041427,37.4119508],[13.503682,37.4116317],[13.5029075,37.4112829],[13.50246,37.4106833],[13.5020478,37.4104052],[13.5021279,37.4099886],[13.5018329,37.4099476],[13.5015362,37.4097979],[13.5010327,37.4090887],[13.5007044,37.4089786],[13.5001304,37.4083167],[13.4996382,37.4079585],[13.4992314,37.4072753],[13.4989008,37.4072299],[13.4981893,37.4069139],[13.4979339,37.4065876],[13.4978543,37.4063399],[13.4971664,37.4059106],[13.4968474,37.4055007],[13.4961398,37.405214],[13.4955092,37.4052421],[13.4951229,37.4051461],[13.4945391,37.404847],[13.4930512,37.4046662],[13.4928699,37.4046039],[13.492669,37.4042886],[13.4922738,37.4041187],[13.4923542,37.4037613],[13.4925238,37.4036418],[13.4925862,37.4033745],[13.4929521,37.4028111],[13.4928646,37.4025109],[13.4932239,37.4021848],[13.4930469,37.4018745],[13.4928679,37.4010046],[13.4927409,37.4007991],[13.4929489,37.4005047],[13.4928042,37.3998242],[13.4923816,37.3986745],[13.4929279,37.39902],[13.4932164,37.3990992],[13.493829,37.3990823],[13.4944068,37.3988566],[13.4947104,37.3989344],[13.4950336,37.3982887],[13.4954743,37.3982109],[13.4956506,37.3979385],[13.4959934,37.3976895],[13.4961305,37.3971216],[13.4958073,37.3967403],[13.4963068,37.3961801],[13.4965125,37.3960867],[13.4968259,37.3960867],[13.4969826,37.3961567],[13.49758,37.3961334],[13.4980306,37.3962112],[13.4983048,37.3959622],[13.4987455,37.3957833],[13.498863,37.3953631],[13.4991079,37.3952619],[13.4993821,37.3953164],[13.499627,37.3951997],[13.500195,37.3952386],[13.5003811,37.3950674],[13.5007043,37.3944138],[13.5006357,37.394087],[13.5007533,37.3939158],[13.5012723,37.3934412],[13.5018796,37.3932933],[13.5020559,37.393161],[13.5021342,37.3929899],[13.5026141,37.3929665],[13.5034858,37.3927642],[13.5036621,37.3929587],[13.5036229,37.3931066],[13.5036915,37.39327],[13.5041909,37.3934334],[13.5044358,37.3934334],[13.5050234,37.3931377],[13.5053466,37.3931688],[13.5055719,37.3933011],[13.5058657,37.39327],[13.5063652,37.3929821],[13.506943,37.3928187],[13.5072173,37.392523],[13.5075503,37.392523],[13.5078931,37.3925697],[13.5083142,37.3929432],[13.5086668,37.3928498],[13.5090781,37.3929043],[13.5093719,37.3930755],[13.5099792,37.3927876],[13.5101946,37.3928498],[13.5102534,37.3929432],[13.510175,37.3931922],[13.510557,37.3933478],[13.5113405,37.3933167],[13.5119575,37.3934879],[13.5131426,37.393016],[13.5135971,37.3927575],[13.5146712,37.3918672],[13.5155729,37.3924318],[13.5168638,37.3917059],[13.5166586,37.3913714],[13.5181438,37.3906342],[13.518402,37.390173],[13.51907,37.3896632],[13.5191659,37.389426],[13.5189112,37.3886167],[13.5191506,37.3879193],[13.5192635,37.387746],[13.5195674,37.3876829],[13.5202922,37.3873405],[13.5206448,37.3868658],[13.5206252,37.3866868],[13.5202138,37.3863367],[13.5203607,37.3859242],[13.5206741,37.3857219],[13.5205174,37.3855196],[13.5205664,37.3853406],[13.5210561,37.3850993],[13.5213499,37.3846791],[13.5221041,37.3843834],[13.5222608,37.3842355],[13.5223097,37.3840565],[13.522153,37.3838153],[13.522868,37.3834184],[13.5230149,37.3831849],[13.5230002,37.3829709],[13.5252724,37.3828308],[13.5254634,37.382753],[13.5263399,37.3819242],[13.527432,37.3816868],[13.5282057,37.3809825],[13.5286513,37.3808463],[13.5297721,37.380924],[13.530301,37.381236],[13.5307257,37.3813697],[13.531551,37.3814652],[13.5341313,37.381045],[13.5344759,37.380924],[13.5346442,37.3807202],[13.5345881,37.3802236],[13.5346522,37.3799307],[13.5350448,37.3792239],[13.5349647,37.3789118],[13.5350288,37.3787144],[13.5354054,37.3785362],[13.5356618,37.3781541],[13.5357391,37.3777135],[13.5362308,37.377027],[13.536249,37.3768863],[13.5365994,37.376543],[13.5369039,37.3759954],[13.5373366,37.3757343],[13.5374924,37.375519],[13.5380387,37.3753188],[13.5384905,37.375365],[13.538795,37.3752567],[13.5389873,37.3750848],[13.5393319,37.3741996],[13.5396364,37.3737985],[13.5404057,37.3735055],[13.5414794,37.3736329],[13.5418641,37.3736011],[13.542433,37.3733463],[13.5427135,37.3733336],[13.5433706,37.3735119],[13.5436911,37.3734928],[13.5438353,37.373289],[13.5440277,37.3732126],[13.544252,37.3732954],[13.5445165,37.3736074],[13.5447168,37.3736456],[13.5452403,37.3734106],[13.5457986,37.3732826],[13.546055,37.3731425],[13.5466159,37.372563],[13.5470567,37.3724357],[13.547257,37.372181],[13.5476336,37.3720026],[13.5479301,37.3717288],[13.5486137,37.3714253],[13.5491321,37.3707799],[13.5494446,37.3702514],[13.5520249,37.3692388],[13.5524015,37.3689649],[13.5531329,37.3680847],[13.5537957,37.3676363],[13.5543167,37.3675193],[13.5543808,37.367169],[13.5541325,37.3662634],[13.5541652,37.3658786],[13.554749,37.3656731],[13.5551576,37.364944],[13.5554365,37.3647349],[13.5555461,37.3644576],[13.5557164,37.3633399],[13.5554829,37.3633333],[13.5552911,37.3632339],[13.5552327,37.3630682],[13.5552994,37.3627964],[13.555216,37.3625246],[13.5549324,37.3620408],[13.5543236,37.3615436],[13.5543487,37.3613845],[13.555304,37.3602402],[13.5562494,37.3605088],[13.5566421,37.3605096],[13.5566947,37.3603681],[13.5566337,37.3601847],[13.5559832,37.3598202],[13.5559165,37.3596544],[13.5556213,37.3594975],[13.5556747,37.3590711],[13.5558081,37.3589186],[13.5558965,37.358461],[13.5557752,37.3582883],[13.5554995,37.3585143],[13.5550828,37.3584077],[13.5546815,37.3577114],[13.554518,37.3571045],[13.5542776,37.3566972],[13.5541606,37.3563257],[13.554199,37.3560743],[13.5551049,37.3558],[13.5550409,37.3556439],[13.5552298,37.3553164],[13.5564427,37.355632],[13.5569792,37.3552406],[13.5574916,37.3551669],[13.5576408,37.3553968],[13.5580515,37.355518],[13.5583199,37.3555281],[13.5585758,37.3553998],[13.5585948,37.3551903],[13.5581933,37.3547159],[13.5581099,37.3536751],[13.5581682,37.3535425],[13.5585936,37.3533967],[13.5590398,37.3531149],[13.5589021,37.3525116],[13.5588438,37.351431],[13.5590814,37.3505626],[13.5590898,37.3502477],[13.5587103,37.3487759],[13.5586728,37.3479339],[13.5580015,37.3456665],[13.5580765,37.344798],[13.5583319,37.3444026],[13.558342,37.3439396],[13.5589377,37.3427982],[13.5589192,37.3423834],[13.5594994,37.3420476],[13.5600228,37.3420293],[13.5603993,37.3422045],[13.5606977,37.3421606],[13.5615562,37.3411606],[13.5616389,37.3405583],[13.5618776,37.3401531],[13.5621347,37.3399012],[13.5624882,37.3398538],[13.5627408,37.3399962],[13.5626443,37.3408211],[13.5628464,37.3410365],[13.5631723,37.3411314],[13.5634111,37.341073],[13.5640125,37.3405656],[13.5652212,37.3404654],[13.5653496,37.3406504],[13.5655889,37.3407641],[13.5669387,37.3412059],[13.5671979,37.3413609],[13.5675206,37.3414036],[13.5686132,37.3420661],[13.5689151,37.3421151],[13.5691681,37.3420068],[13.5694119,37.3421468],[13.5701228,37.3422706],[13.570269,37.3434676],[13.5695439,37.3456288],[13.5696804,37.3463008],[13.5702584,37.3471228],[13.5705683,37.3473936],[13.5704807,37.3490446],[13.5710351,37.3490485],[13.5718349,37.3487715],[13.5723599,37.3487949],[13.5733658,37.3492825],[13.5741803,37.3499924],[13.5744109,37.3503863],[13.5745238,37.3510065],[13.5748111,37.3516988],[13.5751715,37.351771],[13.5756867,37.351654],[13.5757985,37.3515447],[13.5758462,37.3511456],[13.5761164,37.3510557],[13.5774286,37.3510767],[13.5786455,37.3508392],[13.5794665,37.3509005],[13.5799769,37.3512556],[13.5801506,37.3514789],[13.5808731,37.3516618],[13.5816882,37.3523191],[13.5820181,37.352401],[13.5824324,37.3528041],[13.5827568,37.3533543],[13.5832291,37.3534495],[13.5836881,37.35326],[13.5839269,37.353326],[13.5840261,37.3534987],[13.5840422,37.3537951],[13.5843828,37.3539273],[13.584981,37.3544241],[13.585276,37.3551298],[13.5856274,37.3550999],[13.5858983,37.355198],[13.5858715,37.355343],[13.5856703,37.355521],[13.5855871,37.3557268],[13.5856515,37.3559357],[13.5861906,37.3561063],[13.5868995,37.3567126],[13.5872067,37.3566617],[13.5875832,37.3564603],[13.5877566,37.3564721],[13.5882121,37.3567762],[13.5891491,37.3566638],[13.5894152,37.3561616],[13.5893498,37.3557187],[13.5895919,37.3553981],[13.5897935,37.35539],[13.590449,37.3555904],[13.5912171,37.3554155],[13.5914574,37.3557507],[13.5916591,37.355895],[13.5920692,37.3559488],[13.5922641,37.3560954],[13.5923931,37.3563386],[13.592617,37.3564561],[13.5934187,37.3564561],[13.5944826,37.3561194],[13.5950422,37.3557988],[13.5952943,37.3557668],[13.5962905,37.3561291],[13.5976489,37.3573378],[13.5978395,37.3574004],[13.5983901,37.3579269],[13.5987198,37.3580995],[13.5985766,37.3584159],[13.5986724,37.358508],[13.5990506,37.3586603],[13.5992624,37.3585882],[13.5993682,37.3586964],[13.5997087,37.3588063],[13.6000171,37.3591994],[13.6004724,37.3593737],[13.6005584,37.3595775],[13.6004982,37.3597547],[13.6005789,37.3598746],[13.6010472,37.3600337],[13.6014791,37.3603067],[13.6016866,37.3605941],[13.6018485,37.3610476],[13.6020052,37.3611891],[13.6024741,37.3614496],[13.6031295,37.3616099],[13.6033068,37.3617218],[13.6034068,37.3618704],[13.6034018,37.3621709],[13.6037094,37.3623472],[13.6037951,37.3625115],[13.60379,37.3629443],[13.6036489,37.3633811],[13.6038604,37.3635374],[13.6042992,37.3635117],[13.604507,37.3636967],[13.6041136,37.3640827],[13.6040582,37.3643571],[13.604241,37.364727],[13.604374,37.3648789],[13.6046981,37.3647997],[13.6049391,37.3648591],[13.6050388,37.3652025],[13.6055956,37.3652686],[13.6057285,37.3656318],[13.605687,37.3659621],[13.6058449,37.3660677],[13.6065346,37.3659224],[13.6068088,37.3659489],[13.6068205,37.36622],[13.6070083,37.3664508],[13.6072409,37.3664442],[13.6075817,37.3662197],[13.6077894,37.3661932],[13.6080221,37.3662725],[13.6084127,37.3666291],[13.6085705,37.366999],[13.608878,37.3670386],[13.609011,37.3669462],[13.609011,37.3667216],[13.6090941,37.3665829],[13.6093517,37.3666556],[13.6096592,37.3663517],[13.6101162,37.3664574],[13.6100996,37.3669792],[13.6106062,37.367017],[13.6108226,37.3672037],[13.6102658,37.367633],[13.6102159,37.3677387],[13.6103406,37.367851],[13.6106647,37.3679897],[13.6111344,37.3677679],[13.6114458,37.3680953],[13.6116785,37.3682076],[13.6122519,37.3682406],[13.6126009,37.3683661],[13.6128419,37.3684784],[13.6129333,37.3686567],[13.6131161,37.3687426],[13.6135233,37.3687888],[13.6136646,37.3690199],[13.6141715,37.3693369],[13.6145039,37.3693766],[13.6152854,37.3690712],[13.6159581,37.3689605],[13.6168697,37.3686862],[13.6171465,37.3681812],[13.6178528,37.3682869],[13.6180875,37.36822],[13.6183182,37.3679764],[13.618393,37.3677321],[13.6182858,37.3674098],[13.6186738,37.3671388],[13.6187835,37.3661404],[13.618963,37.365563],[13.6191243,37.3653082],[13.6190495,37.3650506],[13.6183045,37.3646069],[13.618261,37.3643353],[13.618368,37.3640137],[13.6186296,37.3636382],[13.6185426,37.3631749],[13.6187669,37.3625937],[13.618742,37.3623493],[13.6185808,37.362141],[13.6185758,37.3616227],[13.6176764,37.3611242],[13.6175038,37.3608103],[13.6175121,37.3606056],[13.6176534,37.3603744],[13.6171548,37.3600309],[13.6166229,37.3603083],[13.6163736,37.3603215],[13.6158252,37.3599385],[13.6151447,37.3600235],[13.6147225,37.3598507],[13.6147298,37.3560922],[13.6145895,37.3550394],[13.614721,37.3553078],[13.6147868,37.3552834],[13.6148219,37.3555519],[13.6148921,37.3556042],[13.6159184,37.3555135],[13.6157186,37.3541935],[13.6159257,37.3541853],[13.6222497,37.3564709],[13.6226555,37.3557695],[13.6231971,37.3558965],[13.6237594,37.3560992],[13.6240303,37.3563129],[13.6253788,37.3569498],[13.6257185,37.3572648],[13.6261353,37.358029],[13.6265114,37.3583031],[13.6301366,37.359205],[13.6309393,37.3579115],[13.6126506,37.351298],[13.6121177,37.3510814],[13.6103952,37.3500199],[13.6100622,37.3479348],[13.6098746,37.3472277],[13.609924,37.3467776],[13.6096145,37.3461452],[13.6103638,37.345574],[13.6108334,37.3457834],[13.6124666,37.3469614],[13.613444,37.3474662],[13.6188351,37.3488976],[13.6200163,37.3493774],[13.6198177,37.3482411],[13.6201444,37.3476262],[13.6211348,37.3464129],[13.6185634,37.3456276],[13.6188299,37.3450418],[13.6193003,37.345183],[13.6196034,37.3445806],[13.6179675,37.3440113],[13.6182961,37.342104],[13.617332,37.3417033],[13.6179108,37.3416865],[13.6181654,37.3416069],[13.6185418,37.3413023],[13.6189855,37.3413557],[13.6198057,37.3411045],[13.6201149,37.3408052],[13.6201956,37.3405326],[13.6206662,37.33995],[13.6218001,37.3393023],[13.6221217,37.3383085],[13.622542,37.3375648],[13.62335,37.3366504],[13.623572,37.3367038],[13.6239045,37.3366468],[13.6241202,37.3367539],[13.6241562,37.3371326],[13.6243089,37.3374255],[13.6245516,37.3376185],[13.625001,37.3376042],[13.6254144,37.3369968],[13.6257829,37.3368539],[13.6262861,37.3369611],[13.6270321,37.3374756],[13.6274725,37.3375613],[13.6279847,37.3374255],[13.6282903,37.3371612],[13.6287127,37.3371326],[13.6290542,37.3373041],[13.6290812,37.337597],[13.6289464,37.3378257],[13.6283442,37.3381472],[13.6275264,37.3380758],[13.6272658,37.338183],[13.6272118,37.3383402],[13.6273377,37.3385974],[13.629899,37.3393977],[13.6303844,37.3393334],[13.6310854,37.3388332],[13.6314808,37.3387761],[13.6318313,37.3388261],[13.6321818,37.3389904],[13.6325593,37.3390119],[13.6329727,37.3394049],[13.6332962,37.339562],[13.6338714,37.339562],[13.6342938,37.3398907],[13.6344646,37.3402623],[13.6342165,37.3410294],[13.6339713,37.3413438],[13.6339849,37.3415153],[13.63443,37.3420906],[13.6349996,37.3420446],[13.6354774,37.3417085],[13.6359502,37.3415413],[13.6372806,37.3420436],[13.6376543,37.3423255],[13.6382173,37.3424452],[13.6386479,37.3423973],[13.6390935,37.342225],[13.6396746,37.3418563],[13.639854,37.3415264],[13.6401264,37.3413397],[13.6406619,37.3413098],[13.641094,37.3414293],[13.6417526,37.341718],[13.6420791,37.3420158],[13.6423961,37.3427488],[13.6427226,37.3430619],[13.6433373,37.3433979],[13.6445154,37.3438767],[13.6453599,37.3445325],[13.646882,37.3451492],[13.6477265,37.3451883],[13.6483157,37.3449619],[13.6489245,37.3445325],[13.6497199,37.3436035],[13.6502011,37.3433771],[13.6510358,37.34326],[13.6515712,37.3433901],[13.6529708,37.3440627],[13.653082,37.3436649],[13.653835,37.3431332],[13.65447,37.3423919],[13.6549943,37.3411873],[13.6562722,37.3390241],[13.6567284,37.3376011],[13.6577839,37.3365447],[13.6579427,37.3358058],[13.6584957,37.3355684],[13.6581556,37.3346733],[13.6586837,37.3339298],[13.6588851,37.3333786],[13.656975,37.3326525],[13.6558899,37.3317437],[13.6552634,37.3313801],[13.6548062,37.3312398],[13.6541765,37.3306107],[13.6546622,37.3302223],[13.6548203,37.329752],[13.6548378,37.3294205],[13.6545417,37.3289694],[13.6544883,37.3287474],[13.6546446,37.3280321],[13.6551347,37.3269154],[13.6554013,37.3254662],[13.654588,37.3255604],[13.6539127,37.3257582],[13.6529866,37.3258202],[13.6528842,37.32544],[13.6526423,37.3251029],[13.6529496,37.3246481],[13.6514614,37.3250033],[13.6514017,37.3247748],[13.6509691,37.3248223],[13.6508325,37.3244738],[13.6490171,37.3248766],[13.6491195,37.3243381],[13.6490285,37.324157],[13.6481293,37.3239715],[13.6475033,37.3237339],[13.6465216,37.3235506],[13.6466507,37.3239087],[13.6454346,37.3240665],[13.6452411,37.3236773],[13.6452269,37.3232451],[13.645096,37.3232338],[13.6451216,37.3227269],[13.644635,37.3227677],[13.6443789,37.3226771],[13.6443681,37.3225329],[13.6438616,37.3226717],[13.6430995,37.3224686],[13.6424095,37.322601],[13.6389592,37.322257],[13.6388835,37.3227197],[13.6387797,37.3226475],[13.6384369,37.3238534],[13.6378495,37.3237484],[13.6376527,37.3233201],[13.6371227,37.3226406],[13.6355436,37.3232186],[13.635483,37.3231429],[13.6355782,37.322964],[13.6360887,37.3226578],[13.6358667,37.3222952],[13.6354614,37.3220609],[13.6352991,37.3218149],[13.6347778,37.3216446],[13.634873,37.3214674],[13.6359588,37.3205673],[13.6364215,37.3207348],[13.6362362,37.3185777],[13.6369186,37.3186872],[13.6368772,37.317939],[13.6370796,37.3176194],[13.6372979,37.3162153],[13.6376635,37.3153946],[13.6382389,37.3150753],[13.6374607,37.3148139],[13.6366364,37.3141732],[13.6356952,37.3147309],[13.6343165,37.3131701],[13.6343892,37.3128382],[13.6346846,37.3126554],[13.6347081,37.3125473],[13.6343517,37.3120997],[13.6343119,37.311719],[13.6342318,37.3116649],[13.6340249,37.3110933],[13.6325804,37.3104178],[13.6322927,37.3104349],[13.6331179,37.3096363],[13.6322111,37.3098496],[13.6316946,37.3096288],[13.6315211,37.3094657],[13.6313584,37.3087584],[13.6310976,37.308601],[13.63098,37.308367],[13.6304792,37.3080598],[13.630267,37.3078303],[13.6299017,37.3076725],[13.629757,37.307456],[13.6286875,37.3065979],[13.628481,37.3061672],[13.6283869,37.3053424],[13.6282375,37.3051906],[13.6281649,37.3042517],[13.6282464,37.303964],[13.6286487,37.3035283],[13.629273,37.3023858],[13.629694,37.3025134],[13.6308004,37.3017969],[13.6310592,37.3023035],[13.631279,37.3024648],[13.631867,37.3018652],[13.632075,37.3014297],[13.6321724,37.3010045],[13.6333831,37.3003243],[13.6340272,37.300292],[13.6350806,37.300088],[13.6360848,37.2997621],[13.6374055,37.2998734],[13.6390691,37.2998093],[13.6396957,37.2992039],[13.6399042,37.2988325],[13.6402957,37.2983981],[13.64058,37.2982191],[13.6408516,37.2977566],[13.6409747,37.2976384],[13.6412421,37.2975642],[13.6418362,37.2968349],[13.6422267,37.2965513],[13.6421206,37.2964602],[13.6418999,37.2964635],[13.6418999,37.2963454],[13.6420612,37.2957208],[13.6424813,37.2954203],[13.642371,37.2949915],[13.6422182,37.2947721],[13.642163,37.2943804],[13.6418856,37.2939088],[13.6419211,37.2937862],[13.6423249,37.2935553],[13.6422629,37.2932043],[13.6423836,37.2927825],[13.6423166,37.2923889],[13.6425769,37.2922648],[13.6429976,37.2922102],[13.6433542,37.2919819],[13.6435599,37.291776],[13.643553,37.2914991],[13.6438124,37.2914719],[13.6440172,37.291347],[13.6440582,37.2910918],[13.6437267,37.2904339],[13.6434417,37.2903335],[13.6435121,37.2895603],[13.6432732,37.2894789],[13.6429207,37.2889445],[13.6425016,37.2887176],[13.6421447,37.2883856],[13.6420687,37.2881039],[13.6421837,37.2878253],[13.6421974,37.2875149],[13.6419292,37.2871479],[13.6417683,37.2864821],[13.6418863,37.2862004],[13.6421116,37.2861577],[13.6423154,37.2859614],[13.6423583,37.2855175],[13.6422832,37.2851846],[13.6421223,37.2849626],[13.642133,37.2843736],[13.6415537,37.2843907],[13.6413713,37.2840492],[13.6411353,37.2839383],[13.6409743,37.2837078],[13.6408563,37.2832554],[13.6408456,37.2826322],[13.6409636,37.2821798],[13.6410175,37.2804419],[13.6405666,37.2817188],[13.6401911,37.2815737],[13.6399873,37.2810785],[13.6395367,37.2809078],[13.6394186,37.2805322],[13.6386676,37.2799176],[13.6389895,37.2796614],[13.6394079,37.2795675],[13.6395796,37.27932],[13.6396976,37.2787992],[13.6394079,37.2784577],[13.6396332,37.2775955],[13.639365,37.2770833],[13.6397191,37.276665],[13.6398371,37.2764686],[13.63988,37.2761698],[13.6402233,37.2757259],[13.6409958,37.2750941],[13.6413928,37.2734041],[13.6416395,37.2731053],[13.6418756,37.2730029],[13.6426266,37.2733529],[13.6427768,37.2732419],[13.6429484,37.2727041],[13.6433033,37.2724114],[13.6430986,37.2720552],[13.6424549,37.2717393],[13.6423583,37.2708941],[13.6421974,37.2704416],[13.6424227,37.2701598],[13.6427982,37.2697927],[13.6454584,37.2695459],[13.6475426,37.2697319],[13.648276,37.2697233],[13.6495576,37.2699363],[13.6504725,37.2698462],[13.6514397,37.2699645],[13.6548836,37.2687651],[13.6568001,37.2685652],[13.6598337,37.2677891],[13.6603753,37.2677013],[13.6621047,37.2679596],[13.6620567,37.2677161],[13.6626491,37.2668149],[13.6633523,37.2652214],[13.6633544,37.2641296],[13.6637331,37.2629404],[13.6655436,37.2623217],[13.6677296,37.2614249],[13.6686802,37.2608954],[13.668739,37.2604892],[13.6677377,37.2573178],[13.6669107,37.2565025],[13.6665889,37.2560817],[13.6663455,37.2554281],[13.6661338,37.2543864],[13.6659281,37.2540745],[13.6650175,37.2535043],[13.664618,37.253406],[13.6641064,37.2534665],[13.6631399,37.2530227],[13.6629241,37.2525979],[13.6620508,37.2520564],[13.6596824,37.2512172],[13.6593429,37.2511457],[13.657763,37.2512413],[13.6572582,37.2513985],[13.6564476,37.2514708],[13.655762,37.2516579],[13.6550666,37.2515643],[13.6542053,37.2512674],[13.6539869,37.250568],[13.6537482,37.2505238],[13.6525322,37.250653],[13.6517906,37.2504625],[13.6516199,37.2502608],[13.6511259,37.2499339],[13.6506367,37.249901],[13.6502199,37.2496828],[13.6500175,37.2488925],[13.6498208,37.2485511],[13.6496467,37.2479583],[13.6494719,37.2477369],[13.649073,37.2476714],[13.6484162,37.2477496],[13.6476055,37.2477123],[13.6468802,37.2474459],[13.6463553,37.2473759],[13.6454092,37.247536],[13.6444903,37.2475638],[13.6431543,37.2477892],[13.6430213,37.2472597],[13.6427198,37.246823],[13.6428191,37.2457259],[13.6425715,37.244916],[13.6423178,37.2444547],[13.6428575,37.2440479],[13.6425841,37.2437171],[13.6422037,37.2435434],[13.6420844,37.2433297],[13.6422988,37.2427445],[13.642942,37.2425169],[13.6432993,37.2426145],[13.6438711,37.2431834],[13.6441773,37.2437279],[13.644453,37.2438255],[13.6446368,37.2437198],[13.6441088,37.2423378],[13.6443939,37.2421632],[13.6455681,37.2421266],[13.6458109,37.2424032],[13.6462805,37.2423869],[13.6465459,37.2419074],[13.6464234,37.2416392],[13.6458247,37.2412961],[13.6462324,37.2406812],[13.6465972,37.2398014],[13.6468439,37.239622],[13.6476873,37.2395877],[13.6492868,37.2391781],[13.6497018,37.2391988],[13.6502076,37.2395395],[13.6512063,37.23998],[13.6514181,37.2403758],[13.6517683,37.2405995],[13.6517899,37.2407131],[13.6519741,37.2408569],[13.6522512,37.2405872],[13.6531096,37.240331],[13.6533134,37.2400833],[13.6533027,37.2397331],[13.653646,37.2394],[13.6546545,37.2391779],[13.6549549,37.2389985],[13.6559956,37.2394427],[13.6564891,37.23981],[13.6568754,37.2398783],[13.6575298,37.2397587],[13.6576049,37.240032],[13.6573689,37.2402541],[13.6573367,37.2405701],[13.6576479,37.2407239],[13.6583881,37.2408691],[13.6587958,37.240852],[13.6597722,37.2402712],[13.6602013,37.2403822],[13.6604695,37.2406299],[13.6604588,37.2407922],[13.6600618,37.2411766],[13.6600082,37.2414072],[13.6602442,37.2417744],[13.6607912,37.2420325],[13.6608871,37.2422811],[13.6614461,37.2427055],[13.6614944,37.2433625],[13.6616066,37.2435463],[13.6629141,37.2437894],[13.6638218,37.2441226],[13.6642646,37.2446266],[13.6646143,37.2447767],[13.6649111,37.2446407],[13.6653849,37.2439724],[13.6655012,37.2436087],[13.6657923,37.2435392],[13.6662738,37.2436791],[13.6674258,37.2434259],[13.667733,37.2432264],[13.6679485,37.2427621],[13.6682056,37.2425574],[13.6688488,37.2423211],[13.6699009,37.2420365],[13.6711769,37.2420307],[13.6724858,37.2424492],[13.6733227,37.2426115],[13.6737626,37.2425858],[13.6745136,37.2422015],[13.6752646,37.241467],[13.6760478,37.2411766],[13.6767881,37.2412107],[13.6781399,37.2415609],[13.6788909,37.2415951],[13.6796619,37.2419155],[13.6803286,37.2420392],[13.6806719,37.2421929],[13.6812489,37.2427199],[13.6817987,37.2428716],[13.6824076,37.2427378],[13.6830287,37.242783],[13.6848973,37.2431504],[13.6854686,37.2433255],[13.6858482,37.2436425],[13.6859793,37.2441188],[13.6876515,37.2445414],[13.6884274,37.2444615],[13.6888616,37.2441346],[13.6889868,37.2437047],[13.6893495,37.2434971],[13.6901627,37.2433486],[13.6904954,37.2433627],[13.6907302,37.243263],[13.6911329,37.2428708],[13.6917272,37.2426852],[13.692628,37.2429222],[13.6932819,37.2427768],[13.693571,37.2428429],[13.6937971,37.2430218],[13.691783,37.2452728],[13.6881272,37.2496461],[13.6877476,37.2499701],[13.686583,37.2507023],[13.6861943,37.2514241],[13.6856661,37.2518656],[13.6853495,37.2530406],[13.6837952,37.253991],[13.6832375,37.2552844],[13.6835254,37.2561552],[13.6835515,37.2576879],[13.6832948,37.2583226],[13.683183,37.259473],[13.6832964,37.2604608],[13.6836007,37.261391],[13.6839051,37.2616805],[13.684754,37.2609149],[13.6856742,37.2604282],[13.6880869,37.2604905],[13.688507,37.2606056],[13.688803,37.2605234],[13.6891431,37.2607913],[13.6894572,37.2608303],[13.6896844,37.2608139],[13.690428,37.2604028],[13.6907585,37.2603152],[13.6917638,37.2603919],[13.6922527,37.2603371],[13.6923835,37.2604631],[13.6927003,37.2603426],[13.6931134,37.2604302],[13.6932856,37.2602823],[13.6937813,37.260211],[13.694766,37.2607426],[13.694945,37.261055],[13.6949519,37.2613838],[13.6950585,37.2616907],[13.6956267,37.2622113],[13.7006118,37.2638114],[13.7011214,37.264069],[13.7018857,37.2646115],[13.7027849,37.2650655],[13.7031893,37.2654493],[13.7043205,37.2658926],[13.7078651,37.2677632],[13.708577,37.2683061],[13.7087437,37.2686172],[13.7090211,37.2695748],[13.709433,37.2698752],[13.7106353,37.2710977],[13.7110676,37.2712696],[13.7118285,37.2714063],[13.7123055,37.2716675],[13.7134053,37.2720638],[13.7143969,37.2722192],[13.7142792,37.272026],[13.7140414,37.2709013],[13.7141834,37.2694063],[13.7141834,37.2690337],[13.7140456,37.2684528],[13.7140732,37.2681076],[13.7140938,37.2679816],[13.7143417,37.267724],[13.714383,37.267472],[13.7145276,37.2673514],[13.7145414,37.2670993],[13.7153539,37.2663431],[13.714748,37.2661788],[13.7146791,37.2659267],[13.714748,37.265302],[13.7146791,37.2650718],[13.714748,37.2648198],[13.7153814,37.264217],[13.7152162,37.2639978],[13.7154795,37.2628768],[13.7154257,37.2625339],[13.7152102,37.2622981],[13.7154122,37.2617302],[13.7153718,37.2606799],[13.7157635,37.2597468],[13.7163009,37.2589653],[13.7169071,37.2584454],[13.716911,37.258036],[13.71754,37.2575314],[13.7173623,37.2572213],[13.7172555,37.2566852],[13.7172796,37.2560393],[13.7168519,37.2554964],[13.7164646,37.255179],[13.7165109,37.2548707],[13.7168126,37.2544211],[13.7183674,37.2546661],[13.7201614,37.2547911],[13.7210412,37.2544747],[13.7217812,37.2546462],[13.7226414,37.2546285],[13.7234475,37.2547478],[13.7243118,37.2549902],[13.7261369,37.2552127],[13.7285748,37.2546235],[13.7292946,37.2545283],[13.7300879,37.2546275],[13.7310568,37.2545796],[13.7314758,37.2541136],[13.7321671,37.2538533],[13.7346257,37.2530697],[13.7354167,37.2529803],[13.7358792,37.2526327],[13.7375025,37.2518496],[13.7378073,37.2514003],[13.7382477,37.2510189],[13.7395833,37.2505312],[13.7417719,37.2492315],[13.7432312,37.2484979],[13.744319,37.2480503],[13.7448317,37.247502],[13.7456137,37.2468838],[13.745679,37.2462377],[13.7458141,37.2459469],[13.747838,37.2437047],[13.7481814,37.2431318],[13.7485906,37.242175],[13.7484664,37.240715],[13.7480097,37.2401217],[13.7479303,37.2393957],[13.7475209,37.2392302],[13.7431732,37.2382584],[13.7425527,37.2382212],[13.74176,37.2379807],[13.7413698,37.2379649],[13.7407893,37.2376592],[13.7395324,37.2372504],[13.7381601,37.2364983],[13.7362629,37.2359704],[13.735679,37.2355216],[13.7336292,37.2351489],[13.7346891,37.2345849],[13.7348325,37.2342827],[13.7352625,37.2339909],[13.7355242,37.2339643],[13.7357587,37.2337303],[13.7364243,37.2335185],[13.7369508,37.2329615],[13.7373954,37.2326341],[13.7376404,37.2320908],[13.7376175,37.2311768],[13.7373592,37.2307153],[13.73748,37.2300985],[13.737651,37.2298902],[13.7375806,37.2296739],[13.737651,37.2295538],[13.7378422,37.2294657],[13.7378522,37.2293695],[13.7376108,37.2292173],[13.7375115,37.2290347],[13.7374229,37.2284862],[13.7376309,37.2281198],[13.7376396,37.2275254],[13.7378616,37.2274661],[13.7382044,37.2270223],[13.7382231,37.2264049],[13.7381527,37.2262009],[13.7383352,37.2255643],[13.7381842,37.2252278],[13.7384458,37.2249554],[13.7384458,37.2248112],[13.7383352,37.2246831],[13.7378623,37.2245789],[13.7378925,37.2244107],[13.7381339,37.2241623],[13.7380836,37.2240261],[13.7377617,37.2237297],[13.7378019,37.2233291],[13.7376685,37.2229216],[13.7378845,37.2229334],[13.7379381,37.2228083],[13.7378321,37.2224399],[13.7381038,37.2221995],[13.7376711,37.221166],[13.7376711,37.2203809],[13.7372687,37.2198841],[13.7370675,37.2194515],[13.7370097,37.2190637],[13.7368414,37.2186711],[13.7368777,37.218192],[13.7363438,37.2174069],[13.736172,37.2170842],[13.7361613,37.2169047],[13.7358501,37.2164149],[13.735435,37.2155036],[13.7350586,37.2151345],[13.7344717,37.2148525],[13.7344013,37.2147083],[13.734495,37.2145109],[13.7344268,37.2143299],[13.7340619,37.2141041],[13.7340384,37.2139273],[13.7342387,37.2134145],[13.7340297,37.2132104],[13.7338943,37.2123617],[13.7336568,37.2120075],[13.7336535,37.2116598],[13.7334958,37.2113671],[13.7334555,37.2110786],[13.7335179,37.210967],[13.7335059,37.2103975],[13.7333348,37.210093],[13.7337976,37.2097725],[13.7338278,37.2096443],[13.7337641,37.209147],[13.733974,37.2088611],[13.7337279,37.2080839],[13.7337406,37.2078067],[13.7339761,37.2068846],[13.7347761,37.205578],[13.7353355,37.2051447],[13.7353189,37.2049842],[13.7351611,37.2047675],[13.7352885,37.2044978],[13.7351321,37.2036176],[13.7354441,37.202563],[13.7360504,37.2021203],[13.7366164,37.2021357],[13.7368613,37.2020395],[13.7370578,37.2017685],[13.7375902,37.2016518],[13.7380634,37.2013048],[13.738835,37.2009072],[13.7390512,37.2006343],[13.7391434,37.2003753],[13.7393653,37.2001573],[13.7389177,37.200257],[13.7377383,37.2001124],[13.7368688,37.2002268],[13.7353567,37.1999257],[13.7347292,37.1995825],[13.7322633,37.199819],[13.7310164,37.199516],[13.7301559,37.1995929],[13.7293234,37.1998595],[13.7279927,37.1997571],[13.7258425,37.1999626],[13.7251877,37.1998053],[13.7248172,37.1998354],[13.7235318,37.2003799],[13.7223542,37.1999524],[13.7195551,37.20001],[13.7184966,37.2001546],[13.7178161,37.20001],[13.7171508,37.2000703],[13.7161679,37.1998896],[13.7156236,37.1998896],[13.7152304,37.199998],[13.7141417,37.2005039],[13.7131739,37.200263],[13.7126749,37.200275],[13.7114938,37.2007662],[13.710148,37.2014828],[13.7098279,37.201721],[13.7096045,37.2021117],[13.7094415,37.2022349],[13.7082016,37.2028445],[13.7057612,37.2032123],[13.7027262,37.2046348],[13.7022078,37.2045273],[13.7016705,37.2046499],[13.7011616,37.204976],[13.700487,37.2056566],[13.700395,37.2059408],[13.7001423,37.2063032],[13.6995071,37.2063692],[13.6990858,37.2065615],[13.6986006,37.2071667],[13.6982763,37.2073721],[13.6976445,37.208242],[13.696964,37.2089224],[13.6952402,37.2103555],[13.69394,37.211165],[13.6922387,37.2120415],[13.6917548,37.2120656],[13.6911499,37.2123064],[13.6900457,37.2133057],[13.6887964,37.213861],[13.6878311,37.2141674],[13.6855558,37.2150805],[13.6846292,37.2157127],[13.6840614,37.2154818],[13.6833148,37.214974],[13.6832092,37.2145744],[13.6824829,37.2139382],[13.6821462,37.2133966],[13.6822849,37.2132915],[13.6822849,37.213181],[13.6819283,37.2126763],[13.6822589,37.2089608],[13.6825475,37.2079137],[13.6829563,37.2069186],[13.681651,37.2069836],[13.6810025,37.2073219],[13.6805374,37.2074094],[13.6801591,37.2073546],[13.679544,37.2070739],[13.6791958,37.2070153],[13.6787122,37.2067026],[13.6783508,37.2066203],[13.6769121,37.2067912],[13.6765742,37.2069531],[13.6761854,37.2074704],[13.6758653,37.2077027],[13.6751042,37.2078942],[13.6745572,37.2076644],[13.6740915,37.2073498],[13.6736938,37.2068575],[13.6719612,37.2064014],[13.6715827,37.2066452],[13.6699322,37.2057197],[13.6698718,37.2053172],[13.6689338,37.2044734],[13.6688443,37.204085],[13.6683647,37.2038303],[13.668339,37.2037246],[13.6679923,37.2036216],[13.6678926,37.203463],[13.6678983,37.2030131],[13.6676338,37.2029149],[13.6675516,37.2025872],[13.6671369,37.2024109],[13.6670814,37.2021941],[13.6671904,37.2020219],[13.6667289,37.2016043],[13.6666726,37.2012887],[13.6662429,37.2009399],[13.6662764,37.2007243],[13.665818,37.2003265],[13.665672,37.2000798],[13.6655773,37.1996523],[13.6653479,37.1995869],[13.6653022,37.1994352],[13.665489,37.1991657],[13.6654557,37.1986134],[13.664975,37.1980345],[13.6649799,37.1976466],[13.664396,37.1971529],[13.6643465,37.1968856],[13.6639444,37.1964806],[13.6638847,37.1954772],[13.664396,37.1952384],[13.6644408,37.1950847],[13.6640346,37.1949702],[13.6637639,37.1947529],[13.6638916,37.1945295],[13.6644617,37.194167],[13.6642924,37.1936684],[13.6638278,37.1935477],[13.6635339,37.1933184],[13.6632331,37.1934992],[13.6631487,37.1937808],[13.6629112,37.1939069],[13.6624732,37.1939237],[13.6620405,37.1940709],[13.6618981,37.194054],[13.6618981,37.1938817],[13.6613492,37.1939868],[13.6611052,37.1943839],[13.6611223,37.1947392],[13.6615128,37.1955421],[13.6617179,37.1957162],[13.6618611,37.1956556],[13.6619878,37.1957439],[13.6620669,37.1960045],[13.6619772,37.1962777],[13.6617978,37.1964291],[13.6617081,37.1967275],[13.6614864,37.1970301],[13.6617239,37.1972067],[13.6618083,37.1975219],[13.6617292,37.1979633],[13.6611909,37.1983122],[13.6612036,37.1988571],[13.6607793,37.1997455],[13.6607213,37.2000986],[13.6609113,37.2004012],[13.660716,37.2006114],[13.6606421,37.2008804],[13.6605735,37.2014142],[13.6607107,37.2017757],[13.6606369,37.2020237],[13.6604785,37.2022086],[13.6604858,37.2026471],[13.6601039,37.2033855],[13.6598387,37.2041126],[13.6591395,37.2052212],[13.6573915,37.2083523],[13.6571738,37.2090458],[13.6562373,37.2104861],[13.6555709,37.2118091],[13.6550309,37.2123787],[13.6546083,37.2132158],[13.6542472,37.2136027],[13.654023,37.2140192],[13.6528522,37.2155467],[13.6524412,37.2163203],[13.6497262,37.2191271],[13.649091,37.2201883],[13.6487547,37.2205851],[13.6480613,37.2213137],[13.6474176,37.2217962],[13.6467321,37.2220945],[13.645967,37.2221249],[13.6460625,37.2224182],[13.6459509,37.2228117],[13.6455753,37.2234541],[13.6449048,37.2238294],[13.6443864,37.2237632],[13.6447818,37.2239375],[13.6442548,37.2248166],[13.6435534,37.2256087],[13.6429986,37.2261571],[13.6423354,37.226543],[13.6415128,37.2274823],[13.6402076,37.2283197],[13.6397806,37.2286998],[13.6395995,37.2290031],[13.6384265,37.2302037],[13.6374136,37.2308118],[13.6363937,37.2311347],[13.634381,37.232573],[13.6316663,37.234035],[13.6289932,37.235108],[13.6276783,37.235463],[13.6268898,37.2354018],[13.6253685,37.2357331],[13.6248076,37.2356914],[13.6244937,37.2355857],[13.6240646,37.2352867],[13.62322,37.2350643],[13.6223566,37.2346548],[13.6219926,37.2343745],[13.6216735,37.2337674],[13.6210414,37.2330188],[13.6208538,37.232899],[13.620711,37.2329413],[13.6206977,37.2330587],[13.6209716,37.2334123],[13.6212548,37.233998],[13.6215147,37.2342842],[13.6213773,37.2343528],[13.620939,37.2342118],[13.6206322,37.2342095],[13.6204269,37.2344238],[13.6201967,37.2356104],[13.6200639,37.2358018],[13.6193613,37.2363575],[13.6188181,37.2364918],[13.6183329,37.236424],[13.6181055,37.2362866],[13.6181026,37.236085],[13.6179943,37.2363002],[13.6180923,37.2366546],[13.6177853,37.2368398],[13.61752,37.2371495],[13.6174758,37.2374095],[13.617267,37.2378218],[13.6158107,37.2398114],[13.6139943,37.2415962],[13.6129175,37.2428406],[13.6125616,37.2430138],[13.6120756,37.2434617],[13.6117037,37.2435904],[13.6112861,37.2436041],[13.6113378,37.2431019],[13.6112874,37.2430989],[13.6111356,37.2440476],[13.6109711,37.2443843],[13.6101124,37.2453774],[13.6087804,37.2465004],[13.6081821,37.2471289],[13.6065707,37.2482077],[13.6061171,37.2488413],[13.6043664,37.2502245],[13.6039868,37.2507615],[13.6034546,37.25116],[13.6026437,37.2515272],[13.6021717,37.251217],[13.6021144,37.2512728],[13.602369,37.2514617],[13.6022925,37.2515835],[13.6019039,37.2516609],[13.6020548,37.2520021],[13.6019804,37.2523441],[13.6017808,37.2525953],[13.6009334,37.2531832],[13.5999652,37.2534107],[13.5998322,37.2536869],[13.5995458,37.2539042],[13.5993345,37.2544027],[13.5990217,37.2546778],[13.5985212,37.2549071],[13.5981891,37.2552934],[13.5977336,37.2554863],[13.59742,37.2557955],[13.597039,37.2560028],[13.5965907,37.2566875],[13.5958262,37.2571314],[13.5953731,37.2572753],[13.5946342,37.2573622],[13.5944363,37.257322],[13.594457,37.2576533],[13.5942275,37.2578405],[13.5934584,37.2577914],[13.5939539,37.2575546],[13.5939056,37.2574874],[13.5928728,37.2579694],[13.5929289,37.2580395],[13.5932036,37.2579098],[13.5932554,37.2580877],[13.5931268,37.2582851],[13.5929052,37.2583935],[13.5925267,37.2583581],[13.5922551,37.2581249],[13.5925782,37.2579511],[13.5925214,37.2578835],[13.5915886,37.2583695],[13.5916458,37.2584375],[13.5921033,37.2582044],[13.5922382,37.2583876],[13.5922691,37.2585985],[13.5921001,37.2588445],[13.5917271,37.2589857],[13.5916001,37.2589648],[13.5916685,37.2587012],[13.5916084,37.258618],[13.5912006,37.2593776],[13.5906483,37.2595083],[13.5893216,37.2600025],[13.5884037,37.2600622],[13.5878291,37.2599058],[13.5874531,37.2596178],[13.5873355,37.2593917],[13.587835,37.2590487],[13.5877442,37.2589564],[13.5869764,37.2594437],[13.5868425,37.2594333],[13.5866111,37.2592259],[13.5854276,37.2596819],[13.5853955,37.2597931],[13.585246,37.2598438],[13.5846036,37.2599358],[13.5845118,37.259883],[13.5845118,37.2597896],[13.5848332,37.2597124],[13.5847985,37.2596057],[13.5841279,37.2597569],[13.5837457,37.2597471],[13.5836375,37.2596498],[13.5834132,37.2596948],[13.5825374,37.2599875],[13.582636,37.2600759],[13.5820381,37.26038],[13.582031,37.260553],[13.5812244,37.2607627],[13.5810787,37.2609454],[13.5802136,37.2609735],[13.5790931,37.2593005],[13.5789515,37.2593005],[13.5788326,37.2594829],[13.5800457,37.2612846],[13.5792956,37.2616165],[13.5794202,37.2618312],[13.5791683,37.2619456],[13.5791019,37.2618492],[13.579072,37.2619567],[13.578988,37.261836],[13.5776831,37.2623911],[13.5767843,37.2609326],[13.5770352,37.2598729],[13.5772973,37.2595745],[13.5787561,37.2585097],[13.578938,37.2585236],[13.5789824,37.2583679],[13.5788455,37.2582466],[13.5786331,37.2582351],[13.5767085,37.2597369],[13.5764093,37.2609398],[13.5768168,37.2616802],[13.5765309,37.2618977],[13.5767228,37.2620165],[13.5766109,37.2621509],[13.5764791,37.2621995],[13.5763272,37.262042],[13.5761159,37.2621405],[13.5773237,37.263864],[13.577936,37.2643589],[13.5784483,37.2649495],[13.5780824,37.2651003],[13.5774511,37.264406],[13.577166,37.2644356],[13.577477,37.2648972],[13.5775379,37.2660178],[13.5777612,37.2661756],[13.5775752,37.2667937],[13.5768617,37.2678167],[13.5766249,37.2680528],[13.5760963,37.2682478],[13.5756219,37.2680508],[13.5757991,37.2678842],[13.5757368,37.2678381],[13.575077,37.268394],[13.575152,37.2684599],[13.5753808,37.2682872],[13.5754795,37.2683469],[13.5755873,37.2685872],[13.575504,37.2687979],[13.5752553,37.2689332],[13.5748719,37.268912],[13.5747246,37.2687992],[13.5749331,37.2686209],[13.5748664,37.2685711],[13.5741495,37.2691411],[13.5742167,37.2691923],[13.5745444,37.2689428],[13.5747374,37.2694027],[13.5745139,37.2696874],[13.574142,37.2697692],[13.5738473,37.2696862],[13.5737493,37.2696157],[13.5740305,37.2693815],[13.5739643,37.2693312],[13.5733493,37.2698432],[13.5734157,37.2698936],[13.5736935,37.2696622],[13.5738782,37.2698336],[13.5740628,37.2700802],[13.5739917,37.2704715],[13.5731994,37.2708667],[13.5726366,37.2712684],[13.5723622,37.2712906],[13.572037,37.2711483],[13.5722853,37.2709125],[13.5722015,37.2708585],[13.5715446,37.2714576],[13.5716356,37.271516],[13.5719138,37.2712716],[13.5721519,37.2715484],[13.5721666,37.2717173],[13.5720538,37.2719266],[13.5716999,37.2720978],[13.5713575,37.2720766],[13.5711649,37.2719828],[13.5714813,37.2716738],[13.5713902,37.271641],[13.5707547,37.2722476],[13.570833,37.2722995],[13.5711002,37.2720446],[13.5714031,37.2722393],[13.5715432,37.2725467],[13.5713804,37.2728114],[13.5706851,37.2733113],[13.5703645,37.2737037],[13.5697974,37.2739833],[13.5695508,37.2745426],[13.5693227,37.2746701],[13.5687938,37.2746618],[13.5689025,37.275108],[13.5686135,37.2754529],[13.5682809,37.2755383],[13.5679371,37.2754793],[13.5681911,37.2759725],[13.5681603,37.2764263],[13.5678829,37.2768003],[13.5656018,37.2788888],[13.5638425,37.2802369],[13.5623977,37.2812486],[13.5618587,37.2814505],[13.5614042,37.2817863],[13.5609401,37.2822924],[13.5578537,37.2843255],[13.5555602,37.2856209],[13.5532285,37.2866508],[13.5522458,37.2869384],[13.5512206,37.2871151],[13.5505867,37.287046],[13.5507138,37.2877745],[13.5506163,37.288143],[13.5509491,37.2897953],[13.5509169,37.2901965],[13.5503469,37.2918822],[13.5500975,37.2921853],[13.5493464,37.2925139],[13.5489468,37.2931199],[13.5478685,37.2937856],[13.5478042,37.2939457],[13.5479141,37.2942294],[13.5477881,37.2950083],[13.5473348,37.2952857],[13.5471826,37.2956676],[13.5467957,37.2959621],[13.5464738,37.2966769],[13.5460078,37.2970407],[13.5467974,37.297374],[13.5466713,37.2978115],[13.5464651,37.2981031],[13.5456861,37.2984221],[13.5453479,37.298674],[13.5463442,37.2993954],[13.546253,37.2998542],[13.5456629,37.300682],[13.5461377,37.3013072],[13.5460916,37.3017549],[13.545673,37.3024348],[13.5447879,37.3029148],[13.5442846,37.3034795],[13.5440123,37.3035729],[13.5438145,37.3038049],[13.5437755,37.3041624],[13.543087,37.3047163],[13.5430395,37.3056427],[13.5429023,37.3059358],[13.5424651,37.3064351],[13.5426233,37.3066356],[13.5430525,37.3067999],[13.5434146,37.3072116],[13.5441533,37.3074034],[13.544012,37.3085103],[13.5442323,37.308984],[13.5436404,37.3091571],[13.5405931,37.3094167],[13.5401323,37.3095448],[13.5392328,37.3101033],[13.5392302,37.3092993],[13.5376284,37.3090778],[13.5371762,37.3093022],[13.5335057,37.3083744],[13.5335805,37.3075181],[13.5331261,37.3080004],[13.5322551,37.3081879],[13.5319891,37.3084194],[13.52985,37.3086646],[13.5293734,37.3089549],[13.5291163,37.3089113],[13.5283372,37.3089893],[13.5281109,37.3089079],[13.5277017,37.308581],[13.5265745,37.3081012],[13.5262182,37.3081123],[13.5249452,37.3084338],[13.524514,37.3087587],[13.5242687,37.309397],[13.5239401,37.3098779],[13.5238756,37.3101905],[13.5231495,37.3104793],[13.522809,37.3103516],[13.5225824,37.3099388],[13.5217124,37.3095126],[13.5219575,37.3093234],[13.5223003,37.3088723],[13.5211466,37.3079986],[13.5210255,37.308249],[13.5201745,37.3087447],[13.5200487,37.3089938],[13.5195079,37.309424],[13.5192988,37.3101316],[13.5190042,37.3103968],[13.5188644,37.3107182],[13.5190076,37.3111048],[13.5190098,37.3116001],[13.5186065,37.3120545],[13.5184652,37.3123774],[13.518741,37.3125573],[13.5187679,37.3129836],[13.5192528,37.3132993],[13.5195805,37.3133277],[13.5201133,37.3135524],[13.5201779,37.3138285],[13.5204766,37.3139377],[13.5204876,37.3142335],[13.5202344,37.3145347],[13.5200225,37.3149728],[13.5205089,37.3153244],[13.5206542,37.3154978],[13.5207462,37.3158008],[13.5213339,37.3159399],[13.5221901,37.3158841],[13.5225986,37.316021],[13.5228281,37.3159367],[13.5230489,37.316021],[13.5235787,37.3159437],[13.5246913,37.3162598],[13.5253713,37.3161474],[13.5267576,37.3161298],[13.5270137,37.3158103],[13.527155,37.3157541],[13.5274641,37.3158173],[13.5281572,37.3156874],[13.5286208,37.3157892],[13.5292213,37.3156383],[13.5302103,37.3157506],[13.53059,37.3158841],[13.5307887,37.316028],[13.5313091,37.3168508],[13.5319455,37.3172344],[13.5321092,37.3176555],[13.5322577,37.3177994],[13.5324393,37.3184301],[13.5330265,37.3190574],[13.5336153,37.3198519],[13.5340055,37.3202733],[13.5344945,37.3206333],[13.5346672,37.3209137],[13.5332684,37.3209198],[13.5325129,37.3207381],[13.5317031,37.3203929],[13.5328299,37.3231671],[13.5302512,37.3240836],[13.527757,37.3247775],[13.52683,37.3257464],[13.5249438,37.3260319],[13.5246087,37.3262261],[13.5239384,37.3269075],[13.5233823,37.327306],[13.5204755,37.3271925],[13.5197301,37.3272571],[13.5185168,37.3275467],[13.5177697,37.3276181],[13.5152746,37.3276685],[13.5133203,37.3283106],[13.511825,37.3285997],[13.5109971,37.3288407],[13.510656,37.3290974],[13.5105229,37.3293196],[13.5105163,37.3295629],[13.5100408,37.3300916],[13.5086751,37.3297512],[13.5081688,37.3297092],[13.5076148,37.3298776],[13.5074909,37.3296718],[13.5073958,37.3296437],[13.5066967,37.3298055],[13.5056448,37.3295152],[13.5047766,37.3295515],[13.5043917,37.3296816],[13.5039667,37.3300695],[13.5035464,37.3303105],[13.503299,37.3305989],[13.5020131,37.3316338],[13.5016424,37.3321014],[13.5003175,37.3323788],[13.4981724,37.332686],[13.4972587,37.3331088],[13.4959468,37.3339039],[13.495049,37.3340613],[13.4938356,37.3341409],[13.4922472,37.3336818],[13.4918114,37.3336291],[13.4903779,37.3336977],[13.4898454,37.3339009],[13.4899212,37.3345055],[13.4898743,37.3350134],[13.4892201,37.335363],[13.4891073,37.3355221],[13.4882792,37.3358996],[13.487407,37.336479],[13.4872138,37.3367211],[13.4871937,37.3372263],[13.4873843,37.3373703],[13.4877407,37.3373978],[13.4883495,37.3368389],[13.489314,37.336836],[13.4898561,37.3379449],[13.4871421,37.3398234],[13.4867082,37.3403839],[13.4853301,37.3406826],[13.4845987,37.3411964],[13.4839182,37.3424127],[13.483461,37.3428946],[13.4832319,37.3429297],[13.482915,37.3428773],[13.4826393,37.3425681],[13.4822769,37.3414761],[13.4822897,37.340963],[13.4837964,37.3399318],[13.4852762,37.3393845],[13.4859314,37.3390197],[13.4840122,37.3386116],[13.4829818,37.3381563],[13.4820205,37.3375186],[13.4819316,37.3376022],[13.4813321,37.3377322],[13.4802785,37.3376562],[13.4789291,37.3373372],[13.4780543,37.3374024],[13.4772773,37.3375661],[13.476636,37.3375848],[13.4738884,37.3370609],[13.4718423,37.3367626],[13.4715008,37.3367955],[13.4709388,37.3366361],[13.4704614,37.3367087],[13.4697943,37.3370277],[13.4694158,37.3369717],[13.4682595,37.3371461],[13.4676122,37.3369331],[13.4674811,37.3368385],[13.4673854,37.3364964],[13.4671627,37.336198],[13.4660573,37.3353523],[13.4658467,37.3351076],[13.4655956,37.3346056],[13.4650624,37.3340666],[13.4647034,37.3332725],[13.4642431,37.3325898],[13.4642413,37.3320403],[13.4641055,37.3317107],[13.4634849,37.3310614],[13.4623519,37.3300965],[13.4623885,37.3292057],[13.4619254,37.3287343],[13.4615707,37.3282315],[13.4602497,37.3289493],[13.456944,37.3310871],[13.455885,37.3315593],[13.4554096,37.332353],[13.4536125,37.3335242],[13.4530259,37.3335287],[13.4527023,37.3340185],[13.451588,37.3348215],[13.4507825,37.3355947],[13.4490668,37.3365763],[13.4491868,37.336837],[13.4488271,37.3369538],[13.4488855,37.3371116],[13.4478779,37.3377394],[13.4474296,37.3375836],[13.4470699,37.3370705],[13.4465538,37.3370188],[13.4449015,37.338473],[13.444204,37.339689],[13.443597,37.3403192],[13.440568,37.3425557],[13.4397731,37.3430627],[13.439105,37.3430686],[13.4382927,37.342531],[13.4378707,37.3431398],[13.4348065,37.3448619],[13.4333311,37.3454314],[13.4322991,37.3452857],[13.4272877,37.3484933],[13.4274225,37.348702],[13.4279941,37.3491719],[13.4291859,37.3493945],[13.4314555,37.3489472],[13.4317984,37.3490252],[13.4324864,37.3494504],[13.4327363,37.3495176],[13.4332678,37.3494675],[13.4336827,37.3491679],[13.434291,37.3493218],[13.435051,37.3493045],[13.4352713,37.349412],[13.4339759,37.3497872],[13.4333524,37.3502526],[13.4330587,37.350586],[13.433164,37.3507895],[13.4338205,37.3511323],[13.4338064,37.3513634],[13.434306,37.3517758],[13.4338773,37.3522543],[13.4341831,37.352384],[13.4338241,37.353157],[13.4348015,37.3532757],[13.4346292,37.3537034],[13.4343738,37.3536583],[13.4341056,37.3543089],[13.4343171,37.3546619],[13.433629,37.3575431],[13.4334162,37.3581689],[13.4331544,37.3586132],[13.4324724,37.3608086],[13.4320402,37.3618787],[13.4320364,37.3630033],[13.4314443,37.3643874],[13.4310258,37.3657574],[13.4304016,37.3666368],[13.4297845,37.3668736],[13.4297636,37.3675153],[13.4298342,37.3678488],[13.4305293,37.3679672],[13.4305506,37.3683055],[13.4299279,37.3683538],[13.4299372,37.3693941],[13.4300115,37.3697373],[13.4302804,37.3701072],[13.4303424,37.3705116],[13.4302094,37.3709623],[13.4300368,37.3712123],[13.4298034,37.3713979],[13.4294891,37.3714063],[13.4294257,37.3717805],[13.4296158,37.3720539],[13.429969,37.3720611],[13.4311098,37.3710897],[13.4315625,37.3709026],[13.4317436,37.3710753],[13.4320605,37.3711545],[13.4333462,37.3697225],[13.4339076,37.3698376],[13.4354468,37.3697009],[13.4375293,37.3702334],[13.437998,37.3702367],[13.4380538,37.3707883],[13.4385979,37.3715549],[13.4386793,37.3719414],[13.4390001,37.3722432],[13.4389687,37.3723698],[13.4379406,37.3726028],[13.4375898,37.3727591],[13.4375002,37.3729537],[13.4375251,37.3733797],[13.4373563,37.373845],[13.4374001,37.3740397],[13.4372647,37.3747068],[13.4374407,37.3755692],[13.4373905,37.3758931],[13.4302602,37.3776629],[13.4295738,37.3778946],[13.4291662,37.3782554],[13.4270828,37.3806798],[13.4262579,37.3818],[13.4240687,37.3836822],[13.4215278,37.3849027],[13.4207664,37.3850737],[13.4187166,37.3857912],[13.4171683,37.3884009],[13.4159233,37.3892911],[13.4155666,37.3896424],[13.4153286,37.3897124],[13.4140163,37.3885492],[13.4133093,37.387434],[13.4122273,37.3866477],[13.4091739,37.3846912],[13.4088289,37.3842123],[13.4073539,37.3847253],[13.4058481,37.3851065],[13.4049532,37.3856345],[13.4046515,37.3861374],[13.4045671,37.3864501],[13.4046341,37.3876152],[13.4037424,37.3877956],[13.4029606,37.3877389],[13.4027388,37.3879924],[13.4006166,37.3921025],[13.3988584,37.3947524],[13.3988471,37.3948498],[13.3992662,37.395097],[13.3992715,37.3953995],[13.3991291,37.3957739],[13.3991262,37.3962727],[13.3989201,37.3971017],[13.3981194,37.3979534],[13.3975494,37.3994209],[13.3975003,37.3997511],[13.3975792,37.4001723],[13.3975174,37.4003691],[13.397313,37.4007069],[13.3971546,37.4007898],[13.3969878,37.4011376],[13.396877,37.4021685],[13.3971081,37.4027443],[13.3971671,37.4034033],[13.3973844,37.4039452],[13.3972272,37.404837],[13.3966521,37.405092]]],[[[13.6568963,37.1898949],[13.6572021,37.1898308],[13.6573378,37.1897007],[13.6571163,37.1897069],[13.6568695,37.1898437],[13.6568963,37.1898949]]]]},"properties":{"type":"boundary","gemeente":"Agrigento"}}]}