{"type":"FeatureCollection","metadata":{"gemeente":"Andria","slug":"andria","generated_at":"2026-09-26T14:26:52.250406Z","total_points":194,"providers":["PosteItaliane","DPD","InPost","GLS","DHL","Amazon","FedEx"],"bounds":[16.27691,41.2156,16.314193,41.2479419332]},"features":[{"type":"Feature","geometry":{"type":"Point","coordinates":[16.2998289,41.22797093]},"properties":{"type":"pakketpunt","locatieNaam":"Tabaccheria N. 22","straatNaam":"Corso Camillo Benso Conte Di Cavour","straatNr":"79","vervoerder":"PosteItaliane","puntType":"servicepunt","bezettingsgraad":50,"latitude":41.22797093,"longitude":16.2998289,"canPickup":true,"canDropoff":true,"openingstijden":{"za":"08:00 - 13:00, 16:30 - 21:00","zo":"gesloten","ma":"08:00 - 13:00, 16:30 - 21:00","di":"08:00 - 13:00, 16:30 - 21:00","wo":"08:00 - 13:00, 16:30 - 21:00","do":"08:00 - 13:00, 16:30 - 21:00","vr":"08:00 - 13:00, 16:30 - 21:00"}}},{"type":"Feature","geometry":{"type":"Point","coordinates":[16.30353213,41.23566978]},"properties":{"type":"pakketpunt","locatieNaam":"Andria 3","straatNaam":"Via Giovanni Antonio Canal","straatNr":"31","vervoerder":"PosteItaliane","puntType":"postkantoor","bezettingsgraad":50,"latitude":41.23566978,"longitude":16.30353213,"canPickup":true,"canDropoff":true,"openingstijden":{"za":"08:20 - 12:35","zo":"gesloten","ma":"08:20 - 19:05","di":"08:20 - 19:05","wo":"08:20 - 19:05","do":"08:20 - 19:05","vr":"08:20 - 19:05"}}},{"type":"Feature","geometry":{"type":"Point","coordinates":[16.29648,41.2273997]},"properties":{"type":"pakketpunt","locatieNaam":"Andria","straatNaam":"Via Giovanni Bovio","straatNr":"32","vervoerder":"PosteItaliane","puntType":"postkantoor","bezettingsgraad":50,"latitude":41.2273997,"longitude":16.29648,"canPickup":true,"canDropoff":true,"openingstijden":{"za":"08:20 - 12:35","zo":"gesloten","ma":"08:20 - 19:05","di":"08:20 - 19:05","wo":"08:20 - 19:05","do":"08:20 - 19:05","vr":"08:20 - 19:05"}}},{"type":"Feature","geometry":{"type":"Point","coordinates":[16.29340612,41.21615062]},"properties":{"type":"pakketpunt","locatieNaam":"Andria 1","straatNaam":"Via Padre Savarese","straatNr":"107","vervoerder":"PosteItaliane","puntType":"postkantoor","bezettingsgraad":50,"latitude":41.21615062,"longitude":16.29340612,"canPickup":true,"canDropoff":true,"openingstijden":{"za":"08:30 - 12:35","zo":"gesloten","ma":"08:30 - 19:05","di":"08:30 - 19:05","wo":"08:30 - 19:05","do":"08:20 - 19:05","vr":"08:20 - 19:05"}}},{"type":"Feature","geometry":{"type":"Point","coordinates":[16.31118035,41.23648873]},"properties":{"type":"pakketpunt","locatieNaam":"Andria 4","straatNaam":"Via Trani","straatNr":"43","vervoerder":"PosteItaliane","puntType":"postkantoor","bezettingsgraad":50,"latitude":41.23648873,"longitude":16.31118035,"canPickup":true,"canDropoff":true,"openingstijden":{"za":"08:20 - 12:35","zo":"gesloten","ma":"08:20 - 13:35","di":"08:20 - 13:35","wo":"08:20 - 13:35","do":"08:20 - 13:35","vr":"08:20 - 13:35"}}},{"type":"Feature","geometry":{"type":"Point","coordinates":[16.30465343,41.22284841]},"properties":{"type":"pakketpunt","locatieNaam":"Andria 2","straatNaam":"Via Tommaso Traetta","straatNr":"2/b","vervoerder":"PosteItaliane","puntType":"postkantoor","bezettingsgraad":50,"latitude":41.22284841,"longitude":16.30465343,"canPickup":true,"canDropoff":true,"openingstijden":{"za":"08:20 - 12:35","zo":"gesloten","ma":"08:20 - 19:05","di":"08:20 - 19:05","wo":"08:20 - 19:05","do":"08:20 - 19:05","vr":"08:20 - 19:05"}}},{"type":"Feature","geometry":{"type":"Point","coordinates":[16.30103579,41.23179413]},"properties":{"type":"pakketpunt","locatieNaam":"Voltiamo Pagina","straatNaam":"Viale Venezia Giulia","straatNr":"115","vervoerder":"PosteItaliane","puntType":"servicepunt","bezettingsgraad":50,"latitude":41.23179413,"longitude":16.30103579,"canPickup":true,"canDropoff":true,"openingstijden":{"za":"07:00 - 13:30, 16:30 - 21:00","zo":"gesloten","ma":"07:00 - 13:30, 16:30 - 21:00","di":"07:00 - 13:30, 16:30 - 21:00","wo":"07:00 - 13:30, 16:30 - 21:00","do":"07:00 - 13:30, 16:30 - 21:00","vr":"07:00 - 13:30, 16:30 - 21:00"}}},{"type":"Feature","geometry":{"type":"Point","coordinates":[16.29486385,41.23368161]},"properties":{"type":"pakketpunt","locatieNaam":"Andriapoint","straatNaam":"Via Barletta","straatNr":"21","vervoerder":"PosteItaliane","puntType":"automaat","bezettingsgraad":50,"latitude":41.23368161,"longitude":16.29486385,"canPickup":true,"canDropoff":true,"openingstijden":{"za":"gesloten","zo":"gesloten","ma":"08:30 - 13:00","di":"08:30 - 13:00","wo":"08:30 - 13:00","do":"08:30 - 13:00","vr":"08:30 - 13:00"}}},{"type":"Feature","geometry":{"type":"Point","coordinates":[16.2966882,41.23702107]},"properties":{"type":"pakketpunt","locatieNaam":"Color World Di Riccardo Lotito","straatNaam":"Via Inghilterra","straatNr":"7","vervoerder":"PosteItaliane","puntType":"servicepunt","bezettingsgraad":50,"latitude":41.23702107,"longitude":16.2966882,"canPickup":true,"canDropoff":true,"openingstijden":{"za":"07:30 - 13:30, 16:30 - 20:30","zo":"gesloten","ma":"07:30 - 13:30, 16:30 - 20:30","di":"07:30 - 13:30, 16:30 - 20:30","wo":"07:30 - 13:30, 16:30 - 20:30","do":"07:30 - 13:30, 16:30 - 20:30","vr":"07:30 - 13:30, 16:30 - 20:30"}}},{"type":"Feature","geometry":{"type":"Point","coordinates":[16.30994515,41.23615318]},"properties":{"type":"pakketpunt","locatieNaam":"Tabaccheria N. 58","straatNaam":"Via Omero","straatNr":"8","vervoerder":"PosteItaliane","puntType":"servicepunt","bezettingsgraad":50,"latitude":41.23615318,"longitude":16.30994515,"canPickup":true,"canDropoff":true,"openingstijden":{"za":"08:30 - 13:30, 16:45 - 21:00","zo":"gesloten","ma":"08:30 - 13:30, 16:45 - 21:00","di":"08:30 - 13:30, 16:45 - 21:00","wo":"08:30 - 13:30, 16:45 - 21:00","do":"08:30 - 13:30, 16:45 - 21:00","vr":"08:30 - 13:30, 16:45 - 21:00"}}},{"type":"Feature","geometry":{"type":"Point","coordinates":[16.29110366,41.22029175]},"properties":{"type":"pakketpunt","locatieNaam":"Tabaccheria N. 25","straatNaam":"Via Generale Giuseppe Edoardo Arimondi","straatNr":"48","vervoerder":"PosteItaliane","puntType":"servicepunt","bezettingsgraad":50,"latitude":41.22029175,"longitude":16.29110366,"canPickup":true,"canDropoff":true,"openingstijden":{"za":"07:00 - 13:30, 17:00 - 21:30","zo":"08:30 - 13:00","ma":"07:00 - 13:30, 17:00 - 21:30","di":"07:00 - 13:30, 17:00 - 21:30","wo":"07:00 - 13:30, 17:00 - 21:30","do":"07:00 - 13:30, 17:00 - 21:30","vr":"07:00 - 13:30, 17:00 - 21:30"}}},{"type":"Feature","geometry":{"type":"Point","coordinates":[16.29632773,41.22635884]},"properties":{"type":"pakketpunt","locatieNaam":"Confetti Alberto Mucci","straatNaam":"Piazza Vittorio Emanuele Ii","straatNr":"30","vervoerder":"PosteItaliane","puntType":"servicepunt","bezettingsgraad":50,"latitude":41.22635884,"longitude":16.29632773,"canPickup":true,"canDropoff":true,"openingstijden":{"za":"09:00 - 13:00, 17:00 - 21:00","zo":"gesloten","ma":"09:00 - 13:00, 17:00 - 21:00","di":"09:00 - 13:00, 17:00 - 21:00","wo":"09:00 - 13:00, 17:00 - 21:00","do":"09:00 - 13:00, 17:00 - 21:00","vr":"09:00 - 13:00, 17:00 - 21:00"}}},{"type":"Feature","geometry":{"type":"Point","coordinates":[16.29413904,41.24226456]},"properties":{"type":"pakketpunt","locatieNaam":"Stezione Di Servizio Ip","straatNaam":"Via Barletta","straatNr":"212","vervoerder":"PosteItaliane","puntType":"automaat","bezettingsgraad":50,"latitude":41.24226456,"longitude":16.29413904,"canPickup":true,"canDropoff":true,"openingstijden":{"za":"00:01 - 23:59","zo":"00:01 - 23:59","ma":"00:01 - 23:59","di":"00:01 - 23:59","wo":"00:01 - 23:59","do":"00:01 - 23:59","vr":"00:01 - 23:59"}}},{"type":"Feature","geometry":{"type":"Point","coordinates":[16.29445081,41.22767328]},"properties":{"type":"pakketpunt","locatieNaam":"Tabaccheria N. 20","straatNaam":"Via Michele Attimonelli","straatNr":"32","vervoerder":"PosteItaliane","puntType":"servicepunt","bezettingsgraad":50,"latitude":41.22767328,"longitude":16.29445081,"canPickup":true,"canDropoff":true,"openingstijden":{"za":"06:30 - 13:00, 16:00 - 21:00","zo":"gesloten","ma":"06:30 - 13:00, 16:00 - 21:00","di":"06:30 - 13:00, 16:00 - 21:00","wo":"06:30 - 13:00, 16:00 - 21:00","do":"06:30 - 13:00, 16:00 - 21:00","vr":"06:30 - 13:00, 16:00 - 21:00"}}},{"type":"Feature","geometry":{"type":"Point","coordinates":[16.3001259,41.22453253]},"properties":{"type":"pakketpunt","locatieNaam":"Zerodistanze - Andria","straatNaam":"Via Salvator Rosa","straatNr":"12","vervoerder":"PosteItaliane","puntType":"servicepunt","bezettingsgraad":50,"latitude":41.22453253,"longitude":16.3001259,"canPickup":true,"canDropoff":true,"openingstijden":{"za":"gesloten","zo":"gesloten","ma":"09:00 - 14:00, 17:00 - 20:00","di":"09:00 - 14:00, 17:00 - 20:00","wo":"09:00 - 14:00, 17:00 - 20:00","do":"09:00 - 14:00, 17:00 - 20:00","vr":"09:00 - 14:00, 17:00 - 20:00"}}},{"type":"Feature","geometry":{"type":"Point","coordinates":[16.29181493,41.21631093]},"properties":{"type":"pakketpunt","locatieNaam":"Tabaccheria N. 5","straatNaam":"Viale Pietro Nenni","straatNr":"277","vervoerder":"PosteItaliane","puntType":"servicepunt","bezettingsgraad":50,"latitude":41.21631093,"longitude":16.29181493,"canPickup":true,"canDropoff":true,"openingstijden":{"za":"07:00 - 13:00, 17:00 - 20:00","zo":"gesloten","ma":"07:00 - 13:00, 17:00 - 20:00","di":"07:00 - 13:00, 17:00 - 20:00","wo":"07:00 - 13:00, 17:00 - 20:00","do":"07:00 - 13:00, 17:00 - 20:00","vr":"gesloten"}}},{"type":"Feature","geometry":{"type":"Point","coordinates":[16.30238189,41.23673253]},"properties":{"type":"pakketpunt","locatieNaam":"Internetpoint - Andria","straatNaam":"Via Mattia Preti","straatNr":"105","vervoerder":"PosteItaliane","puntType":"servicepunt","bezettingsgraad":50,"latitude":41.23673253,"longitude":16.30238189,"canPickup":true,"canDropoff":true,"openingstijden":{"za":"09:30 - 21:00","zo":"09:30 - 21:00","ma":"09:30 - 21:00","di":"09:30 - 21:00","wo":"09:30 - 21:00","do":"09:30 - 21:00","vr":"09:30 - 21:00"}}},{"type":"Feature","geometry":{"type":"Point","coordinates":[16.28925283,41.23027647]},"properties":{"type":"pakketpunt","locatieNaam":"Cartoleria Go Carta","straatNaam":"Piazza Delle Regioni","straatNr":"4","vervoerder":"PosteItaliane","puntType":"servicepunt","bezettingsgraad":50,"latitude":41.23027647,"longitude":16.28925283,"canPickup":true,"canDropoff":true,"openingstijden":{"za":"08:30 - 13:00","zo":"gesloten","ma":"08:30 - 13:00, 17:30 - 20:30","di":"08:30 - 13:00, 17:30 - 20:30","wo":"08:30 - 13:00, 17:30 - 20:30","do":"08:30 - 13:00, 17:30 - 20:30","vr":"08:30 - 13:00, 17:30 - 20:30"}}},{"type":"Feature","geometry":{"type":"Point","coordinates":[16.30704077,41.22521917]},"properties":{"type":"pakketpunt","locatieNaam":"Tabaccheria N. 53","straatNaam":"Via Giuseppe Verdi","straatNr":"78","vervoerder":"PosteItaliane","puntType":"servicepunt","bezettingsgraad":50,"latitude":41.22521917,"longitude":16.30704077,"canPickup":true,"canDropoff":true,"openingstijden":{"za":"07:30 - 13:00, 16:00 - 21:00","zo":"gesloten","ma":"07:30 - 13:00, 16:00 - 21:00","di":"07:30 - 13:00, 16:00 - 21:00","wo":"07:30 - 13:00, 16:00 - 21:00","do":"07:30 - 13:00, 16:00 - 21:00","vr":"07:30 - 13:00, 16:00 - 21:00"}}},{"type":"Feature","geometry":{"type":"Point","coordinates":[16.29493272,41.23251268]},"properties":{"type":"pakketpunt","locatieNaam":"Tabaccheria N. 35","straatNaam":"Via Francesco Ferrucci","straatNr":"241","vervoerder":"PosteItaliane","puntType":"servicepunt","bezettingsgraad":50,"latitude":41.23251268,"longitude":16.29493272,"canPickup":true,"canDropoff":true,"openingstijden":{"za":"07:00 - 14:30, 15:30 - 22:00","zo":"07:00 - 14:30","ma":"07:00 - 14:30, 15:30 - 22:00","di":"07:00 - 14:30, 15:30 - 22:00","wo":"07:00 - 14:30, 15:30 - 22:00","do":"07:00 - 14:30, 15:30 - 22:00","vr":"07:00 - 14:30, 15:30 - 22:00"}}},{"type":"Feature","geometry":{"type":"Point","coordinates":[16.30405134,41.22850745]},"properties":{"type":"pakketpunt","locatieNaam":"You Target","straatNaam":"Via Duca Di Genova","straatNr":"42","vervoerder":"PosteItaliane","puntType":"servicepunt","bezettingsgraad":50,"latitude":41.22850745,"longitude":16.30405134,"canPickup":true,"canDropoff":true,"openingstijden":{"za":"gesloten","zo":"gesloten","ma":"09:00 - 13:00, 16:30 - 20:00","di":"09:00 - 13:00, 16:30 - 20:00","wo":"09:00 - 13:00, 16:30 - 20:00","do":"09:00 - 13:00, 16:30 - 20:00","vr":"09:00 - 13:00, 16:30 - 20:00"}}},{"type":"Feature","geometry":{"type":"Point","coordinates":[16.29881663,41.2256327]},"properties":{"type":"pakketpunt","locatieNaam":"Tabaccheria N. 10","straatNaam":"Piazza Matteo Renato Imbriani","straatNr":"8","vervoerder":"PosteItaliane","puntType":"servicepunt","bezettingsgraad":50,"latitude":41.2256327,"longitude":16.29881663,"canPickup":true,"canDropoff":true,"openingstijden":{"za":"07:00 - 13:00, 16:00 - 21:00","zo":"08:00 - 13:00","ma":"07:00 - 13:00, 16:00 - 21:00","di":"07:00 - 13:00, 16:00 - 21:00","wo":"07:00 - 13:00, 16:00 - 21:00","do":"07:00 - 13:00, 16:00 - 21:00","vr":"07:00 - 13:00, 16:00 - 21:00"}}},{"type":"Feature","geometry":{"type":"Point","coordinates":[16.29751845,41.23138656]},"properties":{"type":"pakketpunt","locatieNaam":"Tabaccheria N. 26","straatNaam":"Via Perugia","straatNr":"26","vervoerder":"PosteItaliane","puntType":"servicepunt","bezettingsgraad":50,"latitude":41.23138656,"longitude":16.29751845,"canPickup":true,"canDropoff":true,"openingstijden":{"za":"08:00 - 13:00, 16:00 - 20:30","zo":"gesloten","ma":"08:00 - 13:00, 17:00 - 20:30","di":"08:00 - 13:00, 17:00 - 20:30","wo":"08:00 - 13:00, 17:00 - 20:30","do":"08:00 - 13:00, 17:00 - 20:30","vr":"08:00 - 13:00, 17:00 - 20:30"}}},{"type":"Feature","geometry":{"type":"Point","coordinates":[16.30752415,41.22545259]},"properties":{"type":"pakketpunt","locatieNaam":"Kipoint Via Bisceglie","straatNaam":"Via Bisceglie","straatNr":"11","vervoerder":"PosteItaliane","puntType":"servicepunt","bezettingsgraad":50,"latitude":41.22545259,"longitude":16.30752415,"canPickup":true,"canDropoff":true,"openingstijden":{"za":"09:00 - 12:00","zo":"gesloten","ma":"08:00 - 13:00, 15:30 - 19:30","di":"08:00 - 13:00, 15:30 - 19:30","wo":"08:00 - 13:00, 15:30 - 19:30","do":"08:00 - 13:00, 15:30 - 19:30","vr":"08:00 - 13:00, 15:30 - 19:30"}}},{"type":"Feature","geometry":{"type":"Point","coordinates":[16.29534641,41.21564524]},"properties":{"type":"pakketpunt","locatieNaam":"Tabaccheria N. 67","straatNaam":"Via Palmiro Togliatti Snc","straatNr":"1","vervoerder":"PosteItaliane","puntType":"servicepunt","bezettingsgraad":50,"latitude":41.21564524,"longitude":16.29534641,"canPickup":true,"canDropoff":true,"openingstijden":{"za":"06:00 - 21:00","zo":"gesloten","ma":"06:00 - 21:00","di":"06:00 - 21:00","wo":"06:00 - 21:00","do":"06:00 - 21:00","vr":"06:00 - 21:00"}}},{"type":"Feature","geometry":{"type":"Point","coordinates":[16.30541225,41.22327823]},"properties":{"type":"pakketpunt","locatieNaam":"Tabaccheria N. 36","straatNaam":"Via Umberto Giordano","straatNr":"2","vervoerder":"PosteItaliane","puntType":"servicepunt","bezettingsgraad":50,"latitude":41.22327823,"longitude":16.30541225,"canPickup":true,"canDropoff":true,"openingstijden":{"za":"08:00 - 14:00, 16:00 - 21:30","zo":"gesloten","ma":"08:00 - 14:00, 16:00 - 21:30","di":"08:00 - 14:00, 16:00 - 21:30","wo":"08:00 - 14:00, 16:00 - 21:30","do":"08:00 - 14:00, 16:00 - 21:30","vr":"08:00 - 14:00, 16:00 - 21:30"}}},{"type":"Feature","geometry":{"type":"Point","coordinates":[16.28638045,41.22548799]},"properties":{"type":"pakketpunt","locatieNaam":"Tabaccheria N. 45","straatNaam":"Piazza Caduti Sul Lavoro","straatNr":"8","vervoerder":"PosteItaliane","puntType":"servicepunt","bezettingsgraad":50,"latitude":41.22548799,"longitude":16.28638045,"canPickup":true,"canDropoff":true,"openingstijden":{"za":"04:30 - 22:00","zo":"gesloten","ma":"04:30 - 22:00","di":"04:30 - 22:00","wo":"04:30 - 22:00","do":"04:30 - 22:00","vr":"04:30 - 22:00"}}},{"type":"Feature","geometry":{"type":"Point","coordinates":[16.31375702,41.22969351]},"properties":{"type":"pakketpunt","locatieNaam":"Ricevitoria Porro","straatNaam":"Via Maraldo","straatNr":"60","vervoerder":"PosteItaliane","puntType":"servicepunt","bezettingsgraad":50,"latitude":41.22969351,"longitude":16.31375702,"canPickup":true,"canDropoff":true,"openingstijden":{"za":"09:00 - 13:00, 17:00 - 20:30","zo":"09:00 - 13:30","ma":"09:00 - 13:00, 17:00 - 20:30","di":"09:00 - 13:00, 17:00 - 20:30","wo":"09:00 - 13:00, 17:00 - 20:30","do":"09:00 - 13:00","vr":"09:00 - 13:00, 17:00 - 20:30"}}},{"type":"Feature","geometry":{"type":"Point","coordinates":[16.30016508,41.23420526]},"properties":{"type":"pakketpunt","locatieNaam":"Tabaccheria N. 23","straatNaam":"Via Aldo Moro","straatNr":"19","vervoerder":"PosteItaliane","puntType":"servicepunt","bezettingsgraad":50,"latitude":41.23420526,"longitude":16.30016508,"canPickup":true,"canDropoff":true,"openingstijden":{"za":"07:30 - 13:00, 16:30 - 20:30","zo":"gesloten","ma":"07:30 - 13:00, 16:30 - 20:30","di":"07:30 - 13:00, 16:30 - 20:30","wo":"07:30 - 13:00, 16:30 - 20:30","do":"07:30 - 13:00, 16:30 - 20:30","vr":"07:30 - 13:00, 16:30 - 20:30"}}},{"type":"Feature","geometry":{"type":"Point","coordinates":[16.29475597,41.23510994]},"properties":{"type":"pakketpunt","locatieNaam":"Pielle Cancelleria E Libri","straatNaam":"Via Barletta","straatNr":"61","vervoerder":"PosteItaliane","puntType":"servicepunt","bezettingsgraad":50,"latitude":41.23510994,"longitude":16.29475597,"canPickup":true,"canDropoff":true,"openingstijden":{"za":"08:30 - 12:30","zo":"gesloten","ma":"08:30 - 12:30, 16:30 - 20:00","di":"08:30 - 12:30, 16:30 - 20:00","wo":"08:30 - 12:30, 16:30 - 20:00","do":"08:30 - 12:30, 16:30 - 20:00","vr":"08:30 - 12:30, 16:30 - 20:00"}}},{"type":"Feature","geometry":{"type":"Point","coordinates":[16.29071934,41.23434142]},"properties":{"type":"pakketpunt","locatieNaam":"Tabaccheria N. 3","straatNaam":"Via Dell' Indipendenza","straatNr":"51","vervoerder":"PosteItaliane","puntType":"servicepunt","bezettingsgraad":50,"latitude":41.23434142,"longitude":16.29071934,"canPickup":true,"canDropoff":true,"openingstijden":{"za":"08:30 - 13:00, 17:00 - 21:00","zo":"gesloten","ma":"08:30 - 13:00, 17:00 - 21:00","di":"08:30 - 13:00, 17:00 - 21:00","wo":"08:30 - 13:00, 17:00 - 21:00","do":"08:30 - 13:00, 17:00 - 21:00","vr":"08:30 - 13:00, 17:00 - 21:00"}}},{"type":"Feature","geometry":{"type":"Point","coordinates":[16.314051,41.229585]},"properties":{"type":"pakketpunt","locatieNaam":"Sisal Machtpoint","straatNaam":"VIA MARALDO","straatNr":"60","vervoerder":"DPD","puntType":"pickup_point","bezettingsgraad":50,"latitude":41.229585,"longitude":16.314051,"canPickup":true,"canDropoff":true,"openingstijden":{"ma":"08:30 - 13:00, 17:00 - 20:30","di":"08:30 - 13:00, 17:00 - 20:30","wo":"08:30 - 13:00, 17:00 - 20:30","do":"08:30 - 13:00","vr":"08:30 - 13:00, 17:00 - 20:30","za":"08:30 - 13:00, 17:00 - 20:30","zo":"08:30 - 13:00"}}},{"type":"Feature","geometry":{"type":"Point","coordinates":[16.3069754288,41.2479419332]},"properties":{"type":"pakketpunt","locatieNaam":"Orizzonte Village srlu","straatNaam":"VIA OSPEDALETTO","straatNr":"507","vervoerder":"DPD","puntType":"pickup_point","bezettingsgraad":50,"latitude":41.2479419332,"longitude":16.3069754288,"canPickup":true,"canDropoff":true,"openingstijden":{"ma":"08:00 - 13:00, 16:00 - 21:00","di":"08:00 - 13:00, 16:00 - 21:00","wo":"08:00 - 13:00, 16:00 - 21:00","do":"08:00 - 13:00, 16:00 - 21:00","vr":"08:00 - 13:00, 16:00 - 21:00","za":"08:00 - 13:00, 16:00 - 21:00","zo":"10:00 - 13:00, 16:00 - 19:00"}}},{"type":"Feature","geometry":{"type":"Point","coordinates":[16.2935376,41.2167773]},"properties":{"type":"pakketpunt","locatieNaam":"Posta Privata Naz. Andria","straatNaam":"VIA PADRE SAVARESE","straatNr":"77","vervoerder":"DPD","puntType":"pickup_point","bezettingsgraad":50,"latitude":41.2167773,"longitude":16.2935376,"canPickup":true,"canDropoff":true,"openingstijden":{"ma":"08:00 - 13:00, 15:30 - 19:00","di":"08:00 - 13:00, 15:30 - 19:00","wo":"08:00 - 13:00, 15:30 - 19:00","do":"08:00 - 13:00, 15:30 - 19:00","vr":"08:00 - 13:00, 15:30 - 19:00","za":"08:00 - 13:00","zo":"gesloten"}}},{"type":"Feature","geometry":{"type":"Point","coordinates":[16.30019226,41.22454617]},"properties":{"type":"pakketpunt","locatieNaam":"Zerodistanze","straatNaam":"VIA SALVATOR ROSA","straatNr":"12","vervoerder":"DPD","puntType":"pickup_point","bezettingsgraad":50,"latitude":41.22454617,"longitude":16.30019226,"canPickup":true,"canDropoff":true,"openingstijden":{"ma":"09:00 - 14:00, 17:00 - 20:00","di":"09:00 - 14:00, 17:00 - 20:00","wo":"09:00 - 14:00, 17:00 - 20:00","do":"09:00 - 14:00, 17:00 - 20:00","vr":"09:00 - 14:00, 17:00 - 20:00","za":"09:00 - 13:00","zo":"gesloten"}}},{"type":"Feature","geometry":{"type":"Point","coordinates":[16.28935742,41.23033366]},"properties":{"type":"pakketpunt","locatieNaam":"Cartoleria Go Carta","straatNaam":"P.ZZA DELLE REGIONI","straatNr":"4","vervoerder":"DPD","puntType":"pickup_point","bezettingsgraad":50,"latitude":41.23033366,"longitude":16.28935742,"canPickup":true,"canDropoff":true,"openingstijden":{"ma":"08:30 - 13:30, 17:00 - 21:00","di":"08:30 - 13:30, 17:00 - 21:00","wo":"08:30 - 13:30, 17:00 - 21:00","do":"08:30 - 13:30, 17:00 - 21:00","vr":"08:30 - 13:30, 17:00 - 21:00","za":"gesloten","zo":"gesloten"}}},{"type":"Feature","geometry":{"type":"Point","coordinates":[16.2948901,41.2335921]},"properties":{"type":"pakketpunt","locatieNaam":"Andriapoint - Centro Sped. Pacchi","straatNaam":"VIA BARLETTA","straatNr":"21","vervoerder":"DPD","puntType":"pickup_point","bezettingsgraad":50,"latitude":41.2335921,"longitude":16.2948901,"canPickup":true,"canDropoff":true,"openingstijden":{"ma":"08:30 - 13:00, 16:30 - 19:30","di":"08:30 - 13:00, 16:30 - 19:30","wo":"08:30 - 13:00, 16:30 - 19:30","do":"08:30 - 13:00, 16:30 - 19:30","vr":"08:30 - 13:00, 16:30 - 19:30","za":"gesloten","zo":"gesloten"}}},{"type":"Feature","geometry":{"type":"Point","coordinates":[16.29652365,41.22737584]},"properties":{"type":"pakketpunt","locatieNaam":"Centro Servizi Cafagna","straatNaam":"VIA GIOVANNI BOVIO","straatNr":"35","vervoerder":"DPD","puntType":"pickup_point","bezettingsgraad":50,"latitude":41.22737584,"longitude":16.29652365,"canPickup":true,"canDropoff":true,"openingstijden":{"ma":"08:30 - 13:00, 16:30 - 20:00","di":"08:30 - 13:00, 16:30 - 20:00","wo":"08:30 - 13:00, 16:30 - 20:00","do":"08:30 - 13:00, 16:30 - 20:00","vr":"08:30 - 13:00, 16:30 - 20:00","za":"gesloten","zo":"gesloten"}}},{"type":"Feature","geometry":{"type":"Point","coordinates":[16.3075966,41.225399]},"properties":{"type":"pakketpunt","locatieNaam":"Kipoint-Andria","straatNaam":"VIA BISCEGLIE","straatNr":"11","vervoerder":"DPD","puntType":"pickup_point","bezettingsgraad":50,"latitude":41.225399,"longitude":16.3075966,"canPickup":true,"canDropoff":true,"openingstijden":{"ma":"08:30 - 19:30","di":"08:30 - 19:30","wo":"08:30 - 19:30","do":"08:30 - 19:30","vr":"08:30 - 19:30","za":"09:00 - 12:00","zo":"gesloten"}}},{"type":"Feature","geometry":{"type":"Point","coordinates":[16.2970935,41.2372683]},"properties":{"type":"pakketpunt","locatieNaam":"Color World","straatNaam":"VIA INGHILTERRA","straatNr":"5","vervoerder":"DPD","puntType":"pickup_point","bezettingsgraad":50,"latitude":41.2372683,"longitude":16.2970935,"canPickup":true,"canDropoff":true,"openingstijden":{"ma":"07:30 - 13:30, 16:30 - 20:30","di":"07:30 - 13:30, 16:30 - 20:30","wo":"07:30 - 13:30, 16:30 - 20:30","do":"07:30 - 13:30, 16:30 - 20:30","vr":"07:30 - 13:30, 16:30 - 20:30","za":"07:30 - 13:30, 16:30 - 20:30","zo":"gesloten"}}},{"type":"Feature","geometry":{"type":"Point","coordinates":[16.30107,41.23177]},"properties":{"type":"pakketpunt","locatieNaam":"Voltiamo Pagina","straatNaam":"VIALE V. GIULIA","straatNr":"115","vervoerder":"DPD","puntType":"pickup_point","bezettingsgraad":50,"latitude":41.23177,"longitude":16.30107,"canPickup":true,"canDropoff":true,"openingstijden":{"ma":"07:30 - 13:30, 16:30 - 20:45","di":"07:30 - 13:30, 16:30 - 20:45","wo":"07:30 - 13:30, 16:30 - 20:45","do":"07:30 - 13:30, 16:30 - 20:45","vr":"07:30 - 13:30, 16:30 - 20:45","za":"07:30 - 13:30, 16:30 - 20:45","zo":"gesloten"}}},{"type":"Feature","geometry":{"type":"Point","coordinates":[16.3031608,41.2281838]},"properties":{"type":"pakketpunt","locatieNaam":"Cartoland","straatNaam":"VIA G. L. BONOMO","straatNr":"50","vervoerder":"DPD","puntType":"pickup_point","bezettingsgraad":50,"latitude":41.2281838,"longitude":16.3031608,"canPickup":true,"canDropoff":true,"openingstijden":{"ma":"09:00 - 13:00, 18:00 - 20:30","di":"09:00 - 13:00, 18:00 - 20:30","wo":"09:00 - 13:00, 18:00 - 20:30","do":"09:00 - 13:00, 18:00 - 20:30","vr":"09:00 - 13:00, 18:00 - 20:30","za":"09:00 - 13:00","zo":"gesloten"}}},{"type":"Feature","geometry":{"type":"Point","coordinates":[16.302197,41.2365521]},"properties":{"type":"pakketpunt","locatieNaam":"InternetPoint-Eurobet","straatNaam":"VIA MATTIA PRETI","straatNr":"105","vervoerder":"DPD","puntType":"pickup_point","bezettingsgraad":50,"latitude":41.2365521,"longitude":16.302197,"canPickup":true,"canDropoff":true,"openingstijden":{"ma":"09:30 - 21:30","di":"09:30 - 21:30","wo":"09:30 - 21:30","do":"09:30 - 21:30","vr":"09:30 - 21:30","za":"09:30 - 21:30","zo":"09:30 - 21:30"}}},{"type":"Feature","geometry":{"type":"Point","coordinates":[16.296323,41.2263499]},"properties":{"type":"pakketpunt","locatieNaam":"Confetti Alberto Mucci 1954","straatNaam":"P.ZZA V. EMANUELE II","straatNr":"30","vervoerder":"DPD","puntType":"pickup_point","bezettingsgraad":50,"latitude":41.2263499,"longitude":16.296323,"canPickup":true,"canDropoff":true,"openingstijden":{"ma":"09:00 - 13:00, 17:00 - 21:00","di":"09:00 - 13:00, 17:00 - 21:00","wo":"09:00 - 13:00, 17:00 - 21:00","do":"09:00 - 13:00, 17:00 - 21:00","vr":"09:00 - 13:00, 17:00 - 21:00","za":"09:00 - 13:00, 17:00 - 21:00","zo":"gesloten"}}},{"type":"Feature","geometry":{"type":"Point","coordinates":[16.2859555,41.2250455]},"properties":{"type":"pakketpunt","locatieNaam":"Terry Petruzzelli Creative","straatNaam":"VIA MUZIO SCEVOLA  6A","straatNr":"6b","vervoerder":"DPD","puntType":"pickup_point","bezettingsgraad":50,"latitude":41.2250455,"longitude":16.2859555,"canPickup":true,"canDropoff":true,"openingstijden":{"ma":"07:30 - 13:00, 17:00 - 20:30","di":"07:30 - 13:00, 17:00 - 20:30","wo":"07:30 - 13:00, 17:00 - 20:30","do":"07:30 - 13:00, 17:00 - 20:30","vr":"07:30 - 13:00, 17:00 - 20:30","za":"09:00 - 13:00","zo":"gesloten"}}},{"type":"Feature","geometry":{"type":"Point","coordinates":[16.302214,41.2185712]},"properties":{"type":"pakketpunt","locatieNaam":"La Pergamena Cartoleria","straatNaam":"V.LE P. TOGLIATTI","straatNr":"109","vervoerder":"DPD","puntType":"pickup_point","bezettingsgraad":50,"latitude":41.2185712,"longitude":16.302214,"canPickup":true,"canDropoff":true,"openingstijden":{"ma":"07:00 - 13:30, 16:00 - 21:00","di":"07:00 - 13:30, 16:00 - 21:00","wo":"07:00 - 13:30, 16:00 - 21:00","do":"07:00 - 13:30, 16:00 - 21:00","vr":"07:00 - 13:30, 16:00 - 21:00","za":"07:00 - 13:30, 16:00 - 21:00","zo":"07:00 - 13:30"}}},{"type":"Feature","geometry":{"type":"Point","coordinates":[16.2919497,41.2398713]},"properties":{"type":"pakketpunt","locatieNaam":"Coffe Hour","straatNaam":"VIA V. BARLETTA","straatNr":"183","vervoerder":"DPD","puntType":"pickup_point","bezettingsgraad":50,"latitude":41.2398713,"longitude":16.2919497,"canPickup":true,"canDropoff":true,"openingstijden":{"ma":"06:00 - 21:00","di":"06:00 - 21:00","wo":"06:00 - 21:00","do":"06:00 - 21:00","vr":"06:00 - 21:00","za":"06:00 - 21:00","zo":"13:00 - 21:00"}}},{"type":"Feature","geometry":{"type":"Point","coordinates":[16.2915656,41.2305963]},"properties":{"type":"pakketpunt","locatieNaam":"Cartomania Andria","straatNaam":"VIA GARIBALDI","straatNr":"93a","vervoerder":"DPD","puntType":"pickup_point","bezettingsgraad":50,"latitude":41.2305963,"longitude":16.2915656,"canPickup":true,"canDropoff":true,"openingstijden":{"ma":"09:00 - 13:00, 17:00 - 21:00","di":"09:00 - 13:00, 17:00 - 21:00","wo":"09:00 - 13:00, 17:00 - 21:00","do":"09:00 - 13:00, 17:00 - 21:00","vr":"09:00 - 13:00, 17:00 - 21:00","za":"09:00 - 13:00","zo":"gesloten"}}},{"type":"Feature","geometry":{"type":"Point","coordinates":[16.29355,41.21701]},"properties":{"type":"pakketpunt","locatieNaam":"InPost Point","straatNaam":"Via Padre Savarese","straatNr":"77","vervoerder":"InPost","puntType":"servicepunt","bezettingsgraad":50,"latitude":41.21701,"longitude":16.29355,"canPickup":true,"canDropoff":true,"openingstijden":"Lun-Ven: 8:00 - 13:00 - 15:30 - 19:30 Sab: 8:00 - 13:00"}},{"type":"Feature","geometry":{"type":"Point","coordinates":[16.2944,41.2426]},"properties":{"type":"pakketpunt","locatieNaam":"InPost Locker 24/7","straatNaam":"SS 170","straatNr":"Km 19+957","vervoerder":"InPost","puntType":"automaat","bezettingsgraad":50,"latitude":41.2426,"longitude":16.2944,"canPickup":true,"canDropoff":true,"openingstijden":null}},{"type":"Feature","geometry":{"type":"Point","coordinates":[16.27691,41.22005]},"properties":{"type":"pakketpunt","locatieNaam":"InPost Locker 24/7","straatNaam":"Via Canosa","straatNr":"73","vervoerder":"InPost","puntType":"automaat","bezettingsgraad":50,"latitude":41.22005,"longitude":16.27691,"canPickup":true,"canDropoff":true,"openingstijden":null}},{"type":"Feature","geometry":{"type":"Point","coordinates":[16.30956,41.21695]},"properties":{"type":"pakketpunt","locatieNaam":"InPost Locker 24/7","straatNaam":"Via Corato","straatNr":"snc","vervoerder":"InPost","puntType":"automaat","bezettingsgraad":50,"latitude":41.21695,"longitude":16.30956,"canPickup":true,"canDropoff":true,"openingstijden":null}},{"type":"Feature","geometry":{"type":"Point","coordinates":[16.31408,41.22489]},"properties":{"type":"pakketpunt","locatieNaam":"InPost Locker 24/7","straatNaam":"Via Alexander Borodin","straatNr":"Snc","vervoerder":"InPost","puntType":"automaat","bezettingsgraad":50,"latitude":41.22489,"longitude":16.31408,"canPickup":true,"canDropoff":true,"openingstijden":null}},{"type":"Feature","geometry":{"type":"Point","coordinates":[16.28641,41.22561]},"properties":{"type":"pakketpunt","locatieNaam":"InPost Locker 24/7","straatNaam":"Piazza Caduti Sul Lavoro","straatNr":"12-14","vervoerder":"InPost","puntType":"automaat","bezettingsgraad":50,"latitude":41.22561,"longitude":16.28641,"canPickup":true,"canDropoff":true,"openingstijden":null}},{"type":"Feature","geometry":{"type":"Point","coordinates":[16.29376,41.21861]},"properties":{"type":"pakketpunt","locatieNaam":"InPost Locker","straatNaam":"Via Padre Savarese","straatNr":"6","vervoerder":"InPost","puntType":"automaat","bezettingsgraad":50,"latitude":41.21861,"longitude":16.29376,"canPickup":true,"canDropoff":true,"openingstijden":null}},{"type":"Feature","geometry":{"type":"Point","coordinates":[16.31406,41.22959]},"properties":{"type":"pakketpunt","locatieNaam":"InPost Locker","straatNaam":"Via Maraldo","straatNr":"60","vervoerder":"InPost","puntType":"automaat","bezettingsgraad":50,"latitude":41.22959,"longitude":16.31406,"canPickup":true,"canDropoff":true,"openingstijden":null}},{"type":"Feature","geometry":{"type":"Point","coordinates":[16.29478,41.23302]},"properties":{"type":"pakketpunt","locatieNaam":"InPost Locker","straatNaam":"Via Barletta","straatNr":"8","vervoerder":"InPost","puntType":"automaat","bezettingsgraad":50,"latitude":41.23302,"longitude":16.29478,"canPickup":true,"canDropoff":true,"openingstijden":null}},{"type":"Feature","geometry":{"type":"Point","coordinates":[16.29623,41.24717]},"properties":{"type":"pakketpunt","locatieNaam":"all'iterno sulla sinistra dell'ingresso principale","straatNaam":"Contrada Barba di Angelo","straatNr":"","vervoerder":"InPost","puntType":"automaat","bezettingsgraad":50,"latitude":41.24717,"longitude":16.29623,"canPickup":true,"canDropoff":true,"openingstijden":null}},{"type":"Feature","geometry":{"type":"Point","coordinates":[16.31254,41.23718]},"properties":{"type":"pakketpunt","locatieNaam":"InPost Locker 24/7","straatNaam":"Via Trani ang. Via Antonio Beatillo","straatNr":"","vervoerder":"InPost","puntType":"automaat","bezettingsgraad":50,"latitude":41.23718,"longitude":16.31254,"canPickup":true,"canDropoff":true,"openingstijden":null}},{"type":"Feature","geometry":{"type":"Point","coordinates":[16.3052,41.21916]},"properties":{"type":"pakketpunt","locatieNaam":"InPost Locker 24/7","straatNaam":"Via Palmiro Togliatti","straatNr":"57/A","vervoerder":"InPost","puntType":"automaat","bezettingsgraad":50,"latitude":41.21916,"longitude":16.3052,"canPickup":true,"canDropoff":true,"openingstijden":null}},{"type":"Feature","geometry":{"type":"Point","coordinates":[16.30401,41.22852]},"properties":{"type":"pakketpunt","locatieNaam":"InPost Locker","straatNaam":"Via Duca di Genova","straatNr":"42","vervoerder":"InPost","puntType":"automaat","bezettingsgraad":50,"latitude":41.22852,"longitude":16.30401,"canPickup":true,"canDropoff":true,"openingstijden":null}},{"type":"Feature","geometry":{"type":"Point","coordinates":[16.301,41.23179]},"properties":{"type":"pakketpunt","locatieNaam":"InPost Locker","straatNaam":"Viale Venezia Giulia","straatNr":"115","vervoerder":"InPost","puntType":"automaat","bezettingsgraad":50,"latitude":41.23179,"longitude":16.301,"canPickup":true,"canDropoff":true,"openingstijden":null}},{"type":"Feature","geometry":{"type":"Point","coordinates":[16.29783,41.23151]},"properties":{"type":"pakketpunt","locatieNaam":"InPost Locker","straatNaam":"Via Perugia","straatNr":"41","vervoerder":"InPost","puntType":"automaat","bezettingsgraad":50,"latitude":41.23151,"longitude":16.29783,"canPickup":true,"canDropoff":true,"openingstijden":null}},{"type":"Feature","geometry":{"type":"Point","coordinates":[16.29211,41.23023]},"properties":{"type":"pakketpunt","locatieNaam":"InPost Point","straatNaam":"Via Garibaldi","straatNr":"93","vervoerder":"InPost","puntType":"servicepunt","bezettingsgraad":50,"latitude":41.23023,"longitude":16.29211,"canPickup":true,"canDropoff":true,"openingstijden":"Lun - Ven : 09:30 - 13:30 - 17:30 - 19:30"}},{"type":"Feature","geometry":{"type":"Point","coordinates":[16.30029,41.22478]},"properties":{"type":"pakketpunt","locatieNaam":"InPost Point","straatNaam":"Via Salvator Rosa","straatNr":"12","vervoerder":"InPost","puntType":"servicepunt","bezettingsgraad":50,"latitude":41.22478,"longitude":16.30029,"canPickup":true,"canDropoff":true,"openingstijden":"Lun-Ven: 08:30 - 20:30"}},{"type":"Feature","geometry":{"type":"Point","coordinates":[16.29489,41.23359]},"properties":{"type":"pakketpunt","locatieNaam":"InPost Point","straatNaam":"Via Barletta","straatNr":"21","vervoerder":"InPost","puntType":"servicepunt","bezettingsgraad":50,"latitude":41.23359,"longitude":16.29489,"canPickup":true,"canDropoff":true,"openingstijden":"Lun-Ven: 08:30 - 13:00 - 16:30 - 19:30 Sab: 09:00 - 12:00"}},{"type":"Feature","geometry":{"type":"Point","coordinates":[16.29706,41.2372]},"properties":{"type":"pakketpunt","locatieNaam":"InPost Point","straatNaam":"Via Inghilterra","straatNr":"5","vervoerder":"InPost","puntType":"servicepunt","bezettingsgraad":50,"latitude":41.2372,"longitude":16.29706,"canPickup":true,"canDropoff":true,"openingstijden":"Lun-Ven: 07:30 - 13:30, 16:00 - 20:30 Sab: 07:30 - 13:30, 16:00 - 20:00 Dom: 08:30 - 12:30"}},{"type":"Feature","geometry":{"type":"Point","coordinates":[16.2935376,41.2167773]},"properties":{"type":"pakketpunt","locatieNaam":"posta privata nazionale andria","straatNaam":"Via Padre Savarese","straatNr":"77","vervoerder":"GLS","puntType":"parcel_shop","bezettingsgraad":50,"latitude":41.2167773,"longitude":16.2935376,"canPickup":true,"canDropoff":true,"openingstijden":"za: 08:00 - 13:00; ma: 08:00 - 13:00, 15:30 - 19:00"}},{"type":"Feature","geometry":{"type":"Point","coordinates":[16.2936383,41.2173743]},"properties":{"type":"pakketpunt","locatieNaam":"Erboristeria sanitaria parafarmacia angolo della salute","straatNaam":"Via Padre Savarese","straatNr":"54","vervoerder":"GLS","puntType":"parcel_shop","bezettingsgraad":50,"latitude":41.2173743,"longitude":16.2936383,"canPickup":true,"canDropoff":true,"openingstijden":"za: 09:00 - 13:00, 17:00 - 20:30; ma: 09:00 - 13:00, 17:00 - 20:30"}},{"type":"Feature","geometry":{"type":"Point","coordinates":[16.2998078,41.2211765]},"properties":{"type":"pakketpunt","locatieNaam":"cartofantasy","straatNaam":"Via Don Minzoni","straatNr":"58","vervoerder":"GLS","puntType":"parcel_shop","bezettingsgraad":50,"latitude":41.2211765,"longitude":16.2998078,"canPickup":true,"canDropoff":true,"openingstijden":"za: 07:30 - 13:00, 17:00 - 21:00; ma: 07:30 - 13:00, 17:00 - 21:00"}},{"type":"Feature","geometry":{"type":"Point","coordinates":[16.2855261,41.223256]},"properties":{"type":"pakketpunt","locatieNaam":"SUPERMENRCATO CESARINO","straatNaam":"Via Imperatore Costantino","straatNr":"61","vervoerder":"GLS","puntType":"parcel_shop","bezettingsgraad":50,"latitude":41.223256,"longitude":16.2855261,"canPickup":true,"canDropoff":true,"openingstijden":"za: 07:30 - 13:30, 17:30 - 21:00; ma: 07:30 - 13:30, 17:30 - 21:00"}},{"type":"Feature","geometry":{"type":"Point","coordinates":[16.3003143,41.2245502]},"properties":{"type":"pakketpunt","locatieNaam":"ZERODISTANZE ANDRIA","straatNaam":"Via Salvator Rosa","straatNr":"12","vervoerder":"GLS","puntType":"parcel_shop","bezettingsgraad":50,"latitude":41.2245502,"longitude":16.3003143,"canPickup":true,"canDropoff":true,"openingstijden":"ma: 09:00 - 14:00, 17:00 - 20:00; di: 09:00 - 14:00, 17:00 - 20:00"}},{"type":"Feature","geometry":{"type":"Point","coordinates":[16.296323,41.2263499]},"properties":{"type":"pakketpunt","locatieNaam":"CONFETTI ALBERTO MUCCI 1954","straatNaam":"Piazza Vittorio Emanuele","straatNr":"30","vervoerder":"GLS","puntType":"parcel_shop","bezettingsgraad":50,"latitude":41.2263499,"longitude":16.296323,"canPickup":true,"canDropoff":true,"openingstijden":"za: 09:00 - 13:00, 17:00 - 21:00; zo: 10:30 - 13:00, 18:00 - 20:30"}},{"type":"Feature","geometry":{"type":"Point","coordinates":[16.289357,41.230336]},"properties":{"type":"pakketpunt","locatieNaam":"Cartoleria Go Carta","straatNaam":"Piazza Delle Regioni 4 Angolo Via Basilicata","straatNr":"58/60/62","vervoerder":"GLS","puntType":"parcel_shop","bezettingsgraad":50,"latitude":41.230336,"longitude":16.289357,"canPickup":true,"canDropoff":true,"openingstijden":"za: 08:30 - 13:00; ma: 08:30 - 13:00, 17:30 - 20:30"}},{"type":"Feature","geometry":{"type":"Point","coordinates":[16.2976196,41.2312101]},"properties":{"type":"pakketpunt","locatieNaam":"I VIAGGI DI FEDERICO","straatNaam":"Via Bari","straatNr":"34","vervoerder":"GLS","puntType":"parcel_shop","bezettingsgraad":50,"latitude":41.2312101,"longitude":16.2976196,"canPickup":true,"canDropoff":true,"openingstijden":"za: 10:00 - 13:00; ma: 10:00 - 13:00, 17:00 - 21:00"}},{"type":"Feature","geometry":{"type":"Point","coordinates":[16.2968521,41.2340984]},"properties":{"type":"pakketpunt","locatieNaam":"GAZZETTA DEL MEZZOGIORNO - MODULANDIA","straatNaam":"Via Giovine Italia","straatNr":"53/A","vervoerder":"GLS","puntType":"parcel_shop","bezettingsgraad":50,"latitude":41.2340984,"longitude":16.2968521,"canPickup":true,"canDropoff":true,"openingstijden":"za: 08:00 - 13:00; ma: 08:00 - 13:00, 17:00 - 20:30"}},{"type":"Feature","geometry":{"type":"Point","coordinates":[16.2947891,41.2350443]},"properties":{"type":"pakketpunt","locatieNaam":"Pielle Cancelleria & Libri","straatNaam":"Via Barletta","straatNr":"61","vervoerder":"GLS","puntType":"parcel_shop","bezettingsgraad":50,"latitude":41.2350443,"longitude":16.2947891,"canPickup":true,"canDropoff":true,"openingstijden":"za: 08:00 - 12:30; ma: 08:00 - 12:30, 16:00 - 20:30"}},{"type":"Feature","geometry":{"type":"Point","coordinates":[16.2970853,41.2371612]},"properties":{"type":"pakketpunt","locatieNaam":"Color World","straatNaam":"Via Inghilterra","straatNr":"3","vervoerder":"GLS","puntType":"parcel_shop","bezettingsgraad":50,"latitude":41.2371612,"longitude":16.2970853,"canPickup":true,"canDropoff":true,"openingstijden":"za: 07:30 - 14:00, 17:00 - 21:00; ma: 07:30 - 14:00, 17:00 - 21:00"}},{"type":"Feature","geometry":{"type":"Point","coordinates":[16.2932681,41.237569]},"properties":{"type":"pakketpunt","locatieNaam":"E-COMPASS","straatNaam":"Via Tertulliano","straatNr":"24","vervoerder":"GLS","puntType":"parcel_shop","bezettingsgraad":50,"latitude":41.237569,"longitude":16.2932681,"canPickup":true,"canDropoff":true,"openingstijden":"ma: 09:00 - 13:00, 16:00 - 20:00; di: 09:00 - 13:00, 16:00 - 20:00"}},{"type":"Feature","geometry":{"type":"Point","coordinates":[16.3076593,41.2254756]},"properties":{"type":"pakketpunt","locatieNaam":"KIPOINT ANDRIA","straatNaam":"Via Bisceglie","straatNr":"11","vervoerder":"GLS","puntType":"parcel_shop","bezettingsgraad":50,"latitude":41.2254756,"longitude":16.3076593,"canPickup":true,"canDropoff":true,"openingstijden":"za: 09:00 - 12:00; ma: 09:00 - 19:00"}},{"type":"Feature","geometry":{"type":"Point","coordinates":[16.307809,41.226683]},"properties":{"type":"pakketpunt","locatieNaam":"ANDRIA MAIL POSTE PRIVATE","straatNaam":"Via Gorizia","straatNr":"14-16","vervoerder":"GLS","puntType":"parcel_shop","bezettingsgraad":50,"latitude":41.226683,"longitude":16.307809,"canPickup":true,"canDropoff":true,"openingstijden":"za: 09:00 - 13:00, 15:00 - 17:30; zo: 09:00 - 13:00"}},{"type":"Feature","geometry":{"type":"Point","coordinates":[16.3040117,41.2285224]},"properties":{"type":"pakketpunt","locatieNaam":"You Traget - Centro Multiservizi e Spedizioni","straatNaam":"Via Duca Di Genova","straatNr":"42","vervoerder":"GLS","puntType":"parcel_shop","bezettingsgraad":50,"latitude":41.2285224,"longitude":16.3040117,"canPickup":true,"canDropoff":true,"openingstijden":"ma: 09:00 - 13:00, 16:30 - 20:00; di: 09:00 - 13:00, 16:30 - 20:00"}},{"type":"Feature","geometry":{"type":"Point","coordinates":[16.304395,41.228565]},"properties":{"type":"pakketpunt","locatieNaam":"Giocagio'","straatNaam":"Via Pasubio","straatNr":"3","vervoerder":"GLS","puntType":"parcel_shop","bezettingsgraad":50,"latitude":41.228565,"longitude":16.304395,"canPickup":true,"canDropoff":true,"openingstijden":"za: 09:00 - 13:00, 17:00 - 21:00; ma: 09:00 - 13:00, 17:00 - 21:00"}},{"type":"Feature","geometry":{"type":"Point","coordinates":[16.3009554,41.2289705]},"properties":{"type":"pakketpunt","locatieNaam":"FOTO DIGITAL ANDRIA","straatNaam":"Corso Camillo Benso Conte Di Cavour","straatNr":"140","vervoerder":"GLS","puntType":"parcel_shop","bezettingsgraad":50,"latitude":41.2289705,"longitude":16.3009554,"canPickup":true,"canDropoff":true,"openingstijden":"za: 09:00 - 13:00, 17:00 - 21:00; ma: 09:00 - 13:00, 17:00 - 21:00"}},{"type":"Feature","geometry":{"type":"Point","coordinates":[16.3140561,41.2295875]},"properties":{"type":"pakketpunt","locatieNaam":"RICEVITORIA PORRO","straatNaam":"Via Maraldo","straatNr":"60","vervoerder":"GLS","puntType":"parcel_shop","bezettingsgraad":50,"latitude":41.2295875,"longitude":16.3140561,"canPickup":true,"canDropoff":true,"openingstijden":"za: 09:00 - 13:00, 17:00 - 20:30; zo: 09:00 - 13:00"}},{"type":"Feature","geometry":{"type":"Point","coordinates":[16.3010252,41.2317718]},"properties":{"type":"pakketpunt","locatieNaam":"VOLTIAMO PAGINA","straatNaam":"Viale Venezia Giulia","straatNr":"115","vervoerder":"GLS","puntType":"parcel_shop","bezettingsgraad":50,"latitude":41.2317718,"longitude":16.3010252,"canPickup":true,"canDropoff":true,"openingstijden":"za: 07:00 - 13:30; ma: 07:00 - 13:30, 16:30 - 21:00"}},{"type":"Feature","geometry":{"type":"Point","coordinates":[16.3088321,41.2352555]},"properties":{"type":"pakketpunt","locatieNaam":"Cellular Center","straatNaam":"Piazza Santissima Trinita'","straatNr":"10","vervoerder":"GLS","puntType":"parcel_shop","bezettingsgraad":50,"latitude":41.2352555,"longitude":16.3088321,"canPickup":true,"canDropoff":true,"openingstijden":"za: 09:00 - 13:30; ma: 09:00 - 13:00, 16:30 - 20:30"}},{"type":"Feature","geometry":{"type":"Point","coordinates":[16.302197,41.2365521]},"properties":{"type":"pakketpunt","locatieNaam":"INTERNETPOINT-EUROBET","straatNaam":"Via Mattia Preti","straatNr":"105","vervoerder":"GLS","puntType":"parcel_shop","bezettingsgraad":50,"latitude":41.2365521,"longitude":16.302197,"canPickup":true,"canDropoff":true,"openingstijden":"za: 09:30 - 21:30; zo: 09:30 - 21:30"}},{"type":"Feature","geometry":{"type":"Point","coordinates":[16.3064937,41.2431162]},"properties":{"type":"pakketpunt","locatieNaam":"ANDRIA EXPRESS SRL","straatNaam":"Via Appio Claudio","straatNr":"SN","vervoerder":"GLS","puntType":"parcel_shop","bezettingsgraad":50,"latitude":41.2431162,"longitude":16.3064937,"canPickup":true,"canDropoff":true,"openingstijden":"ma: 08:00 - 16:00, 16:00 - 19:00; di: 08:00 - 13:00, 16:00 - 19:00"}},{"type":"Feature","geometry":{"type":"Point","coordinates":[16.28638,41.225488]},"properties":{"type":"pakketpunt","locatieNaam":"TABACCHERIA N. 45","straatNaam":"PIAZZA CADUTI SUL LAVORO 8","straatNr":"","vervoerder":"DHL","puntType":"parcelShop","bezettingsgraad":50,"latitude":41.225488,"longitude":16.28638,"canPickup":true,"canDropoff":true,"openingstijden":{"ma":"04:30 - 22:00","di":"04:30 - 22:00","wo":"04:30 - 22:00","do":"04:30 - 22:00","vr":"04:30 - 22:00","za":"04:30 - 22:00","zo":"gesloten"}}},{"type":"Feature","geometry":{"type":"Point","coordinates":[16.289253,41.230276]},"properties":{"type":"pakketpunt","locatieNaam":"CARTOLERIA GO CARTA","straatNaam":"PIAZZA DELLE REGIONI 4","straatNr":"","vervoerder":"DHL","puntType":"parcelShop","bezettingsgraad":50,"latitude":41.230276,"longitude":16.289253,"canPickup":true,"canDropoff":true,"openingstijden":{"ma":"08:30 - 13:00, 17:30 - 20:30","di":"08:30 - 13:00, 17:30 - 20:30","wo":"08:30 - 13:00, 17:30 - 20:30","do":"08:30 - 13:00, 17:30 - 20:30","vr":"08:30 - 13:00, 17:30 - 20:30","za":"08:30 - 13:00","zo":"gesloten"}}},{"type":"Feature","geometry":{"type":"Point","coordinates":[16.289256,41.230279]},"properties":{"type":"pakketpunt","locatieNaam":"GO CARTA SNC CARTOLERIA","straatNaam":"Piazza Delle Regioni, 4","straatNr":"","vervoerder":"DHL","puntType":"parcelShop","bezettingsgraad":50,"latitude":41.230279,"longitude":16.289256,"canPickup":false,"canDropoff":true,"openingstijden":{"ma":"07:30 - 20:30","di":"07:30 - 20:30","wo":"07:30 - 20:30","do":"07:30 - 20:30","vr":"07:30 - 20:30","za":"08:30 - 13:00","zo":"gesloten"}}},{"type":"Feature","geometry":{"type":"Point","coordinates":[16.293406,41.216151]},"properties":{"type":"pakketpunt","locatieNaam":"Ufficio Postale ANDRIA 1","straatNaam":"VIA PADRE SAVARESE 107","straatNr":"","vervoerder":"DHL","puntType":"postOffice","bezettingsgraad":50,"latitude":41.216151,"longitude":16.293406,"canPickup":true,"canDropoff":true,"openingstijden":{"ma":"08:30 - 19:05","di":"08:30 - 19:05","wo":"08:30 - 19:05","do":"08:30 - 19:05","vr":"08:30 - 19:05","za":"08:30 - 12:35","zo":"gesloten"}}},{"type":"Feature","geometry":{"type":"Point","coordinates":[16.290719,41.234341]},"properties":{"type":"pakketpunt","locatieNaam":"TABACCHERIA N. 3","straatNaam":"VIA DELL INDIPENDENZA 51","straatNr":"","vervoerder":"DHL","puntType":"parcelShop","bezettingsgraad":50,"latitude":41.234341,"longitude":16.290719,"canPickup":true,"canDropoff":true,"openingstijden":{"ma":"08:30 - 13:00, 17:00 - 21:00","di":"08:30 - 13:00, 17:00 - 21:00","wo":"08:30 - 13:00, 17:00 - 21:00","do":"08:30 - 13:00, 17:00 - 21:00","vr":"08:30 - 13:00, 17:00 - 21:00","za":"08:30 - 13:00, 17:00 - 21:00","zo":"gesloten"}}},{"type":"Feature","geometry":{"type":"Point","coordinates":[16.295346,41.215645]},"properties":{"type":"pakketpunt","locatieNaam":"TABACCHERIA N. 67","straatNaam":"VIA PALMIRO TOGLIATTI SNC 1","straatNr":"","vervoerder":"DHL","puntType":"parcelShop","bezettingsgraad":50,"latitude":41.215645,"longitude":16.295346,"canPickup":true,"canDropoff":true,"openingstijden":{"ma":"06:00 - 21:00","di":"06:00 - 21:00","wo":"06:00 - 21:00","do":"06:00 - 21:00","vr":"06:00 - 21:00","za":"06:00 - 21:00","zo":"gesloten"}}},{"type":"Feature","geometry":{"type":"Point","coordinates":[16.294451,41.227673]},"properties":{"type":"pakketpunt","locatieNaam":"TABACCHERIA N. 20","straatNaam":"VIA MICHELE ATTIMONELLI 32","straatNr":"","vervoerder":"DHL","puntType":"parcelShop","bezettingsgraad":50,"latitude":41.227673,"longitude":16.294451,"canPickup":true,"canDropoff":true,"openingstijden":{"ma":"06:30 - 13:00, 16:00 - 21:00","di":"06:30 - 13:00, 16:00 - 21:00","wo":"06:30 - 13:00, 16:00 - 21:00","do":"06:30 - 13:00, 16:00 - 21:00","vr":"06:30 - 13:00, 16:00 - 21:00","za":"06:30 - 13:00, 16:00 - 21:00","zo":"gesloten"}}},{"type":"Feature","geometry":{"type":"Point","coordinates":[16.296328,41.226359]},"properties":{"type":"pakketpunt","locatieNaam":"CONFETTI ALBERTO MUCCI","straatNaam":"PIAZZA VITTORIO EMANUELE II 30","straatNr":"","vervoerder":"DHL","puntType":"parcelShop","bezettingsgraad":50,"latitude":41.226359,"longitude":16.296328,"canPickup":true,"canDropoff":true,"openingstijden":{"ma":"09:00 - 13:00, 17:00 - 21:00","di":"09:00 - 13:00, 17:00 - 21:00","wo":"09:00 - 13:00, 17:00 - 21:00","do":"09:00 - 13:00, 17:00 - 21:00","vr":"09:00 - 13:00, 17:00 - 21:00","za":"09:00 - 13:00, 17:00 - 21:00","zo":"gesloten"}}},{"type":"Feature","geometry":{"type":"Point","coordinates":[16.29648,41.2274]},"properties":{"type":"pakketpunt","locatieNaam":"Ufficio Postale ANDRIA","straatNaam":"VIA GIOVANNI BOVIO 32","straatNr":"","vervoerder":"DHL","puntType":"postOffice","bezettingsgraad":50,"latitude":41.2274,"longitude":16.29648,"canPickup":true,"canDropoff":true,"openingstijden":{"ma":"08:20 - 19:05","di":"08:20 - 19:05","wo":"08:20 - 19:05","do":"08:20 - 19:05","vr":"08:20 - 19:05","za":"08:20 - 12:35","zo":"gesloten"}}},{"type":"Feature","geometry":{"type":"Point","coordinates":[16.296576,41.227411]},"properties":{"type":"pakketpunt","locatieNaam":"TELEFONIA SERVICE WIND","straatNaam":"Bovio, 24","straatNr":"","vervoerder":"DHL","puntType":"parcelShop","bezettingsgraad":50,"latitude":41.227411,"longitude":16.296576,"canPickup":false,"canDropoff":true,"openingstijden":{"ma":"08:30 - 19:00","di":"08:30 - 19:00","wo":"08:30 - 19:00","do":"08:30 - 19:00","vr":"08:30 - 19:00","za":"08:30 - 19:00","zo":"gesloten"}}},{"type":"Feature","geometry":{"type":"Point","coordinates":[16.294933,41.232513]},"properties":{"type":"pakketpunt","locatieNaam":"TABACCHERIA N. 35","straatNaam":"VIA FRANCESCO FERRUCCI 241","straatNr":"","vervoerder":"DHL","puntType":"parcelShop","bezettingsgraad":50,"latitude":41.232513,"longitude":16.294933,"canPickup":true,"canDropoff":true,"openingstijden":{"ma":"07:00 - 14:30, 15:30 - 22:00","di":"07:00 - 14:30, 15:30 - 22:00","wo":"07:00 - 14:30, 15:30 - 22:00","do":"07:00 - 14:30, 15:30 - 22:00","vr":"07:00 - 14:30, 15:30 - 22:00","za":"07:00 - 14:30, 15:30 - 22:00","zo":"07:00 - 14:30"}}},{"type":"Feature","geometry":{"type":"Point","coordinates":[16.294864,41.233682]},"properties":{"type":"pakketpunt","locatieNaam":"ANDRIAPOINT","straatNaam":"VIA BARLETTA 21","straatNr":"","vervoerder":"DHL","puntType":"packStation","bezettingsgraad":50,"latitude":41.233682,"longitude":16.294864,"canPickup":true,"canDropoff":true,"openingstijden":{"ma":"08:30 - 13:00, 16:30 - 19:30","di":"08:30 - 13:00, 16:30 - 19:30","wo":"08:30 - 13:00, 16:30 - 19:30","do":"08:30 - 13:00, 16:30 - 19:30","vr":"08:30 - 13:00, 16:30 - 19:30","za":"gesloten","zo":"gesloten"}}},{"type":"Feature","geometry":{"type":"Point","coordinates":[16.294772,41.235042]},"properties":{"type":"pakketpunt","locatieNaam":"PIELLE CANCELLERIA  & LIBRI","straatNaam":"Via Barletta  61","straatNr":"","vervoerder":"DHL","puntType":"parcelShop","bezettingsgraad":50,"latitude":41.235042,"longitude":16.294772,"canPickup":false,"canDropoff":true,"openingstijden":{"ma":"08:00 - 20:30","di":"08:00 - 20:30","wo":"08:00 - 20:30","do":"08:00 - 20:30","vr":"08:00 - 20:30","za":"08:00 - 12:30","zo":"gesloten"}}},{"type":"Feature","geometry":{"type":"Point","coordinates":[16.294756,41.23511]},"properties":{"type":"pakketpunt","locatieNaam":"PIELLE CANCELLERIA E LIBRI","straatNaam":"VIA BARLETTA 61","straatNr":"","vervoerder":"DHL","puntType":"parcelShop","bezettingsgraad":50,"latitude":41.23511,"longitude":16.294756,"canPickup":true,"canDropoff":true,"openingstijden":{"ma":"08:30 - 12:30, 16:30 - 20:00","di":"08:30 - 12:30, 16:30 - 20:00","wo":"08:30 - 12:30, 16:30 - 20:00","do":"08:30 - 12:30, 16:30 - 20:00","vr":"08:30 - 12:30, 16:30 - 20:00","za":"08:30 - 12:30","zo":"gesloten"}}},{"type":"Feature","geometry":{"type":"Point","coordinates":[16.298817,41.225633]},"properties":{"type":"pakketpunt","locatieNaam":"TABACCHERIA N. 10","straatNaam":"PIAZZA MATTEO RENATO IMBRIANI 8","straatNr":"","vervoerder":"DHL","puntType":"parcelShop","bezettingsgraad":50,"latitude":41.225633,"longitude":16.298817,"canPickup":true,"canDropoff":true,"openingstijden":{"ma":"07:00 - 13:00, 16:00 - 21:00","di":"07:00 - 13:00, 16:00 - 21:00","wo":"07:00 - 13:00, 16:00 - 21:00","do":"07:00 - 13:00, 16:00 - 21:00","vr":"07:00 - 13:00, 16:00 - 21:00","za":"07:00 - 13:00, 16:00 - 21:00","zo":"08:00 - 13:00"}}},{"type":"Feature","geometry":{"type":"Point","coordinates":[16.297518,41.231387]},"properties":{"type":"pakketpunt","locatieNaam":"TABACCHERIA N. 26","straatNaam":"VIA PERUGIA 26","straatNr":"","vervoerder":"DHL","puntType":"parcelShop","bezettingsgraad":50,"latitude":41.231387,"longitude":16.297518,"canPickup":true,"canDropoff":true,"openingstijden":{"ma":"08:00 - 13:00, 17:00 - 20:30","di":"08:00 - 13:00, 17:00 - 20:30","wo":"08:00 - 13:00, 17:00 - 20:30","do":"08:00 - 13:00, 17:00 - 20:30","vr":"08:00 - 13:00, 17:00 - 20:30","za":"08:00 - 13:00, 16:00 - 20:30","zo":"gesloten"}}},{"type":"Feature","geometry":{"type":"Point","coordinates":[16.300126,41.224533]},"properties":{"type":"pakketpunt","locatieNaam":"ZERODISTANZE - ANDRIA","straatNaam":"VIA SALVATOR ROSA 12","straatNr":"","vervoerder":"DHL","puntType":"parcelShop","bezettingsgraad":50,"latitude":41.224533,"longitude":16.300126,"canPickup":true,"canDropoff":true,"openingstijden":{"ma":"09:00 - 14:00, 17:00 - 20:00","di":"09:00 - 14:00, 17:00 - 20:00","wo":"09:00 - 14:00, 17:00 - 20:00","do":"09:00 - 14:00, 17:00 - 20:00","vr":"09:00 - 14:00, 17:00 - 20:00","za":"gesloten","zo":"gesloten"}}},{"type":"Feature","geometry":{"type":"Point","coordinates":[16.30019,41.22457]},"properties":{"type":"pakketpunt","locatieNaam":"ZERODISTANZE","straatNaam":"Via Salvator Rosa 12","straatNr":"","vervoerder":"DHL","puntType":"parcelShop","bezettingsgraad":50,"latitude":41.22457,"longitude":16.30019,"canPickup":false,"canDropoff":true,"openingstijden":{"ma":"08:30 - 20:00","di":"08:30 - 20:00","wo":"08:30 - 20:00","do":"08:30 - 20:00","vr":"08:30 - 20:00","za":"gesloten","zo":"gesloten"}}},{"type":"Feature","geometry":{"type":"Point","coordinates":[16.296156,41.237144]},"properties":{"type":"pakketpunt","locatieNaam":"DREAMS WORLD","straatNaam":"Corso Europa Unita, 13","straatNr":"","vervoerder":"DHL","puntType":"parcelShop","bezettingsgraad":50,"latitude":41.237144,"longitude":16.296156,"canPickup":false,"canDropoff":true,"openingstijden":{"ma":"07:30 - 21:00","di":"07:30 - 21:00","wo":"07:30 - 21:00","do":"07:30 - 21:00","vr":"07:30 - 21:00","za":"07:30 - 21:00","zo":"gesloten"}}},{"type":"Feature","geometry":{"type":"Point","coordinates":[16.296688,41.237021]},"properties":{"type":"pakketpunt","locatieNaam":"COLOR WORLD DI RICCARDO LOTITO","straatNaam":"VIA INGHILTERRA 7","straatNr":"","vervoerder":"DHL","puntType":"parcelShop","bezettingsgraad":50,"latitude":41.237021,"longitude":16.296688,"canPickup":true,"canDropoff":true,"openingstijden":{"ma":"07:30 - 13:30, 16:30 - 20:30","di":"07:30 - 13:30, 16:30 - 20:30","wo":"07:30 - 13:30, 16:30 - 20:30","do":"07:30 - 13:30, 16:30 - 20:30","vr":"07:30 - 13:30, 16:30 - 20:30","za":"07:30 - 13:30, 16:30 - 20:30","zo":"gesloten"}}},{"type":"Feature","geometry":{"type":"Point","coordinates":[16.29709,41.237268]},"properties":{"type":"pakketpunt","locatieNaam":"Color World","straatNaam":"Via Inghilterra 7","straatNr":"","vervoerder":"DHL","puntType":"parcelShop","bezettingsgraad":50,"latitude":41.237268,"longitude":16.29709,"canPickup":false,"canDropoff":true,"openingstijden":{"ma":"07:30 - 20:30","di":"07:30 - 20:30","wo":"07:30 - 20:30","do":"07:30 - 20:30","vr":"07:30 - 20:30","za":"07:30 - 20:30","zo":"gesloten"}}},{"type":"Feature","geometry":{"type":"Point","coordinates":[16.294139,41.242265]},"properties":{"type":"pakketpunt","locatieNaam":"STEZIONE DI SERVIZIO IP","straatNaam":"VIA BARLETTA 212","straatNr":"","vervoerder":"DHL","puntType":"packStation","bezettingsgraad":50,"latitude":41.242265,"longitude":16.294139,"canPickup":true,"canDropoff":true,"openingstijden":{"ma":"00:01 - 23:59","di":"00:01 - 23:59","wo":"00:01 - 23:59","do":"00:01 - 23:59","vr":"00:01 - 23:59","za":"00:01 - 23:59","zo":"00:01 - 23:59"}}},{"type":"Feature","geometry":{"type":"Point","coordinates":[16.301036,41.231794]},"properties":{"type":"pakketpunt","locatieNaam":"VOLTIAMO PAGINA","straatNaam":"VIALE VENEZIA GIULIA 115","straatNr":"","vervoerder":"DHL","puntType":"parcelShop","bezettingsgraad":50,"latitude":41.231794,"longitude":16.301036,"canPickup":true,"canDropoff":true,"openingstijden":{"ma":"07:00 - 13:30, 16:30 - 21:00","di":"07:00 - 13:30, 16:30 - 21:00","wo":"07:00 - 13:30, 16:30 - 21:00","do":"07:00 - 13:30, 16:30 - 21:00","vr":"07:00 - 13:30, 16:30 - 21:00","za":"07:00 - 13:30, 16:30 - 21:00","zo":"gesloten"}}},{"type":"Feature","geometry":{"type":"Point","coordinates":[16.300165,41.234205]},"properties":{"type":"pakketpunt","locatieNaam":"TABACCHERIA N. 23","straatNaam":"VIA ALDO MORO 19","straatNr":"","vervoerder":"DHL","puntType":"parcelShop","bezettingsgraad":50,"latitude":41.234205,"longitude":16.300165,"canPickup":true,"canDropoff":true,"openingstijden":{"ma":"07:30 - 13:00, 16:30 - 20:30","di":"07:30 - 13:00, 16:30 - 20:30","wo":"07:30 - 13:00, 16:30 - 20:30","do":"07:30 - 13:00, 16:30 - 20:30","vr":"07:30 - 13:00, 16:30 - 20:30","za":"07:30 - 13:00, 16:30 - 20:30","zo":"gesloten"}}},{"type":"Feature","geometry":{"type":"Point","coordinates":[16.30138,41.23186]},"properties":{"type":"pakketpunt","locatieNaam":"VOLTIAMO PAGINA","straatNaam":"Viale Venezia Giulia, 115","straatNr":"","vervoerder":"DHL","puntType":"parcelShop","bezettingsgraad":50,"latitude":41.23186,"longitude":16.30138,"canPickup":false,"canDropoff":true,"openingstijden":{"ma":"08:00 - 19:00","di":"08:00 - 19:00","wo":"08:00 - 19:00","do":"08:00 - 19:00","vr":"08:00 - 19:00","za":"08:00 - 19:00","zo":"gesloten"}}},{"type":"Feature","geometry":{"type":"Point","coordinates":[16.304653,41.222848]},"properties":{"type":"pakketpunt","locatieNaam":"Ufficio Postale ANDRIA 2","straatNaam":"VIA TOMMASO TRAETTA 2-B","straatNr":"","vervoerder":"DHL","puntType":"postOffice","bezettingsgraad":50,"latitude":41.222848,"longitude":16.304653,"canPickup":true,"canDropoff":true,"openingstijden":{"ma":"08:20 - 19:05","di":"08:20 - 19:05","wo":"08:20 - 19:05","do":"08:20 - 19:05","vr":"08:20 - 19:05","za":"08:20 - 12:35","zo":"gesloten"}}},{"type":"Feature","geometry":{"type":"Point","coordinates":[16.304051,41.228507]},"properties":{"type":"pakketpunt","locatieNaam":"You Target","straatNaam":"VIA DUCA DI GENOVA 42","straatNr":"","vervoerder":"DHL","puntType":"parcelShop","bezettingsgraad":50,"latitude":41.228507,"longitude":16.304051,"canPickup":true,"canDropoff":true,"openingstijden":{"ma":"09:00 - 13:00, 16:30 - 20:00","di":"09:00 - 13:00, 16:30 - 20:00","wo":"09:00 - 13:00, 16:30 - 20:00","do":"09:00 - 13:00, 16:30 - 20:00","vr":"09:00 - 13:00, 16:30 - 20:00","za":"gesloten","zo":"gesloten"}}},{"type":"Feature","geometry":{"type":"Point","coordinates":[16.305412,41.223278]},"properties":{"type":"pakketpunt","locatieNaam":"TABACCHERIA N. 36","straatNaam":"VIA UMBERTO GIORDANO 2","straatNr":"","vervoerder":"DHL","puntType":"parcelShop","bezettingsgraad":50,"latitude":41.223278,"longitude":16.305412,"canPickup":true,"canDropoff":true,"openingstijden":{"ma":"08:00 - 14:00, 16:00 - 21:30","di":"08:00 - 14:00, 16:00 - 21:30","wo":"08:00 - 14:00, 16:00 - 21:30","do":"08:00 - 14:00, 16:00 - 21:30","vr":"08:00 - 14:00, 16:00 - 21:30","za":"08:00 - 14:00, 16:00 - 21:30","zo":"gesloten"}}},{"type":"Feature","geometry":{"type":"Point","coordinates":[16.302382,41.236733]},"properties":{"type":"pakketpunt","locatieNaam":"INTERNETPOINT - ANDRIA","straatNaam":"VIA MATTIA PRETI 105","straatNr":"","vervoerder":"DHL","puntType":"parcelShop","bezettingsgraad":50,"latitude":41.236733,"longitude":16.302382,"canPickup":true,"canDropoff":true,"openingstijden":{"ma":"09:30 - 21:00","di":"09:30 - 21:00","wo":"09:30 - 21:00","do":"09:30 - 21:00","vr":"09:30 - 21:00","za":"09:30 - 21:00","zo":"09:30 - 21:00"}}},{"type":"Feature","geometry":{"type":"Point","coordinates":[16.307041,41.225219]},"properties":{"type":"pakketpunt","locatieNaam":"TABACCHERIA N. 53","straatNaam":"VIA GIUSEPPE VERDI 78","straatNr":"","vervoerder":"DHL","puntType":"parcelShop","bezettingsgraad":50,"latitude":41.225219,"longitude":16.307041,"canPickup":true,"canDropoff":true,"openingstijden":{"ma":"07:30 - 13:00, 16:00 - 21:00","di":"07:30 - 13:00, 16:00 - 21:00","wo":"07:30 - 13:00, 16:00 - 21:00","do":"07:30 - 13:00, 16:00 - 21:00","vr":"07:30 - 13:00, 16:00 - 21:00","za":"07:30 - 13:00, 16:00 - 21:00","zo":"gesloten"}}},{"type":"Feature","geometry":{"type":"Point","coordinates":[16.303532,41.23567]},"properties":{"type":"pakketpunt","locatieNaam":"Ufficio Postale ANDRIA 3","straatNaam":"VIA CANAL GIOVANNI ANTONIO 31","straatNr":"","vervoerder":"DHL","puntType":"postOffice","bezettingsgraad":50,"latitude":41.23567,"longitude":16.303532,"canPickup":true,"canDropoff":true,"openingstijden":{"ma":"08:20 - 19:05","di":"08:20 - 19:05","wo":"08:20 - 19:05","do":"08:20 - 19:05","vr":"08:20 - 19:05","za":"08:20 - 12:35","zo":"gesloten"}}},{"type":"Feature","geometry":{"type":"Point","coordinates":[16.307524,41.225453]},"properties":{"type":"pakketpunt","locatieNaam":"KIPOINT VIA BISCEGLIE","straatNaam":"VIA BISCEGLIE 11","straatNr":"","vervoerder":"DHL","puntType":"parcelShop","bezettingsgraad":50,"latitude":41.225453,"longitude":16.307524,"canPickup":true,"canDropoff":true,"openingstijden":{"ma":"08:00 - 13:00, 15:30 - 19:30","di":"08:00 - 13:00, 15:30 - 19:30","wo":"08:00 - 13:00, 15:30 - 19:30","do":"08:00 - 13:00, 15:30 - 19:30","vr":"08:00 - 13:00, 15:30 - 19:30","za":"09:00 - 12:00","zo":"gesloten"}}},{"type":"Feature","geometry":{"type":"Point","coordinates":[16.309945,41.236153]},"properties":{"type":"pakketpunt","locatieNaam":"TABACCHERIA N. 58","straatNaam":"VIA OMERO 8","straatNr":"","vervoerder":"DHL","puntType":"parcelShop","bezettingsgraad":50,"latitude":41.236153,"longitude":16.309945,"canPickup":true,"canDropoff":true,"openingstijden":{"ma":"08:30 - 13:30, 16:45 - 21:00","di":"08:30 - 13:30, 16:45 - 21:00","wo":"08:30 - 13:30, 16:45 - 21:00","do":"08:30 - 13:30, 16:45 - 21:00","vr":"08:30 - 13:30, 16:45 - 21:00","za":"08:30 - 13:30, 16:45 - 21:00","zo":"gesloten"}}},{"type":"Feature","geometry":{"type":"Point","coordinates":[16.31118,41.236489]},"properties":{"type":"pakketpunt","locatieNaam":"Ufficio Postale ANDRIA 4","straatNaam":"VIA TRANI 43","straatNr":"","vervoerder":"DHL","puntType":"postOffice","bezettingsgraad":50,"latitude":41.236489,"longitude":16.31118,"canPickup":true,"canDropoff":true,"openingstijden":{"ma":"08:20 - 13:35","di":"08:20 - 13:35","wo":"08:20 - 13:35","do":"08:20 - 13:35","vr":"08:20 - 13:35","za":"08:20 - 12:35","zo":"gesloten"}}},{"type":"Feature","geometry":{"type":"Point","coordinates":[16.313757,41.229694]},"properties":{"type":"pakketpunt","locatieNaam":"RICEVITORIA PORRO","straatNaam":"VIA MARALDO 60","straatNr":"","vervoerder":"DHL","puntType":"parcelShop","bezettingsgraad":50,"latitude":41.229694,"longitude":16.313757,"canPickup":true,"canDropoff":true,"openingstijden":{"ma":"09:00 - 13:00, 17:00 - 20:30","di":"09:00 - 13:00, 17:00 - 20:30","wo":"09:00 - 13:00, 17:00 - 20:30","do":"09:00 - 13:00","vr":"09:00 - 13:00, 17:00 - 20:30","za":"09:00 - 13:00, 17:00 - 20:30","zo":"09:00 - 13:30"}}},{"type":"Feature","geometry":{"type":"Point","coordinates":[16.297967,41.2263847]},"properties":{"type":"pakketpunt","locatieNaam":"Amazon Locker - veneria","straatNaam":"Memeo Vito H24","straatNr":"","vervoerder":"Amazon","puntType":"locker","bezettingsgraad":50,"latitude":41.2263847,"longitude":16.297967,"canPickup":true,"canDropoff":false,"openingstijden":null}},{"type":"Feature","geometry":{"type":"Point","coordinates":[16.2959739,41.2253652]},"properties":{"type":"pakketpunt","locatieNaam":"Amazon Locker - ivone.","straatNaam":"British Points - Piazza La Corte","straatNr":"","vervoerder":"Amazon","puntType":"locker","bezettingsgraad":50,"latitude":41.2253652,"longitude":16.2959739,"canPickup":true,"canDropoff":false,"openingstijden":null}},{"type":"Feature","geometry":{"type":"Point","coordinates":[16.2948198,41.238595]},"properties":{"type":"pakketpunt","locatieNaam":"Amazon Locker - marozia","straatNaam":"ENI Station pv.9135","straatNr":"","vervoerder":"Amazon","puntType":"locker","bezettingsgraad":50,"latitude":41.238595,"longitude":16.2948198,"canPickup":true,"canDropoff":false,"openingstijden":null}},{"type":"Feature","geometry":{"type":"Point","coordinates":[16.2946758,41.2344793]},"properties":{"type":"pakketpunt","locatieNaam":"Amazon Locker - jolanda","straatNaam":"British Points - Via Barletta","straatNr":"","vervoerder":"Amazon","puntType":"locker","bezettingsgraad":50,"latitude":41.2344793,"longitude":16.2946758,"canPickup":true,"canDropoff":false,"openingstijden":null}},{"type":"Feature","geometry":{"type":"Point","coordinates":[16.2966714,41.2471144]},"properties":{"type":"pakketpunt","locatieNaam":"Amazon Locker - bisio","straatNaam":"SVICOM Centro Commerciale Mongolfiera Andria","straatNr":"","vervoerder":"Amazon","puntType":"locker","bezettingsgraad":50,"latitude":41.2471144,"longitude":16.2966714,"canPickup":true,"canDropoff":false,"openingstijden":null}},{"type":"Feature","geometry":{"type":"Point","coordinates":[16.2935376,41.2167773]},"properties":{"type":"pakketpunt","locatieNaam":"Amazon Counter (fermopoint)","straatNaam":"Posta Privata Naz. Andria","straatNr":"","vervoerder":"Amazon","puntType":"helix","bezettingsgraad":50,"latitude":41.2167773,"longitude":16.2935376,"canPickup":true,"canDropoff":false,"openingstijden":null}},{"type":"Feature","geometry":{"type":"Point","coordinates":[16.302127,41.218622]},"properties":{"type":"pakketpunt","locatieNaam":"Amazon Counter - PRIMAEDICOLA","straatNaam":"D'INTRONA LEONARDA","straatNr":"","vervoerder":"Amazon","puntType":"helix","bezettingsgraad":50,"latitude":41.218622,"longitude":16.302127,"canPickup":true,"canDropoff":false,"openingstijden":null}},{"type":"Feature","geometry":{"type":"Point","coordinates":[16.2953,41.2156]},"properties":{"type":"pakketpunt","locatieNaam":"PuntoPoste TABACCHERIA N. 67","straatNaam":"VIA PALMIRO TOGLIATTI SNC 1","straatNr":"","vervoerder":"Amazon","puntType":"3p","bezettingsgraad":50,"latitude":41.2156,"longitude":16.2953,"canPickup":true,"canDropoff":false,"openingstijden":null}},{"type":"Feature","geometry":{"type":"Point","coordinates":[16.290694,41.220501]},"properties":{"type":"pakketpunt","locatieNaam":"Amazon Counter - BAR K3","straatNaam":"VIA BRUNFORTE 5","straatNr":"","vervoerder":"Amazon","puntType":"helix","bezettingsgraad":50,"latitude":41.220501,"longitude":16.290694,"canPickup":true,"canDropoff":false,"openingstijden":null}},{"type":"Feature","geometry":{"type":"Point","coordinates":[16.29195,41.23987]},"properties":{"type":"pakketpunt","locatieNaam":"Amazon Counter","straatNaam":"Coffe Hour (fermopoint)","straatNr":"","vervoerder":"Amazon","puntType":"helix","bezettingsgraad":50,"latitude":41.23987,"longitude":16.29195,"canPickup":true,"canDropoff":false,"openingstijden":null}},{"type":"Feature","geometry":{"type":"Point","coordinates":[16.2911,41.2202]},"properties":{"type":"pakketpunt","locatieNaam":"PuntoPoste TABACCHERIA N. 25","straatNaam":"VIA GENERALE GIUSEPPE EDOARDO ARIMONDI 48","straatNr":"","vervoerder":"Amazon","puntType":"3p","bezettingsgraad":50,"latitude":41.2202,"longitude":16.2911,"canPickup":true,"canDropoff":false,"openingstijden":null}},{"type":"Feature","geometry":{"type":"Point","coordinates":[16.297716,41.231522]},"properties":{"type":"pakketpunt","locatieNaam":"Amazon Locker - blu","straatNaam":"CentroServizi MediaService","straatNr":"","vervoerder":"Amazon","puntType":"locker","bezettingsgraad":50,"latitude":41.231522,"longitude":16.297716,"canPickup":true,"canDropoff":false,"openingstijden":null}},{"type":"Feature","geometry":{"type":"Point","coordinates":[16.3046,41.2228]},"properties":{"type":"pakketpunt","locatieNaam":"Ufficio Postale ANDRIA 2","straatNaam":"VIA TOMMASO TRAETTA 2-B","straatNr":"","vervoerder":"Amazon","puntType":"3p","bezettingsgraad":50,"latitude":41.2228,"longitude":16.3046,"canPickup":true,"canDropoff":false,"openingstijden":null}},{"type":"Feature","geometry":{"type":"Point","coordinates":[16.296323,41.2263499]},"properties":{"type":"pakketpunt","locatieNaam":"Amazon Counter (fermopoint)","straatNaam":"Confetti Alberto Mucci 1954","straatNr":"","vervoerder":"Amazon","puntType":"helix","bezettingsgraad":50,"latitude":41.2263499,"longitude":16.296323,"canPickup":true,"canDropoff":false,"openingstijden":null}},{"type":"Feature","geometry":{"type":"Point","coordinates":[16.296845,41.234137]},"properties":{"type":"pakketpunt","locatieNaam":"Amazon Counter - PRIMAEDICOLA","straatNaam":"DI PIETRO FRANCESCO","straatNr":"","vervoerder":"Amazon","puntType":"helix","bezettingsgraad":50,"latitude":41.234137,"longitude":16.296845,"canPickup":true,"canDropoff":false,"openingstijden":null}},{"type":"Feature","geometry":{"type":"Point","coordinates":[16.2969,41.22572]},"properties":{"type":"pakketpunt","locatieNaam":"Amazon Locker - alacre.","straatNaam":"British Points - Via Vaglio","straatNr":"","vervoerder":"Amazon","puntType":"locker","bezettingsgraad":50,"latitude":41.22572,"longitude":16.2969,"canPickup":true,"canDropoff":false,"openingstijden":null}},{"type":"Feature","geometry":{"type":"Point","coordinates":[16.2964,41.2273]},"properties":{"type":"pakketpunt","locatieNaam":"Ufficio Postale ANDRIA","straatNaam":"VIA GIOVANNI BOVIO 32","straatNr":"","vervoerder":"Amazon","puntType":"3p","bezettingsgraad":50,"latitude":41.2273,"longitude":16.2964,"canPickup":true,"canDropoff":false,"openingstijden":null}},{"type":"Feature","geometry":{"type":"Point","coordinates":[16.304472,41.22869]},"properties":{"type":"pakketpunt","locatieNaam":"Amazon Counter - Giocagiò","straatNaam":"Via Pasubio, 3","straatNr":"","vervoerder":"Amazon","puntType":"helix","bezettingsgraad":50,"latitude":41.22869,"longitude":16.304472,"canPickup":true,"canDropoff":false,"openingstijden":null}},{"type":"Feature","geometry":{"type":"Point","coordinates":[16.309375,41.230863]},"properties":{"type":"pakketpunt","locatieNaam":"Amazon Counter - SELVAROLO EMANUELE","straatNaam":"VIA BRUNO BUOZZI 49","straatNr":"","vervoerder":"Amazon","puntType":"helix","bezettingsgraad":50,"latitude":41.230863,"longitude":16.309375,"canPickup":true,"canDropoff":false,"openingstijden":null}},{"type":"Feature","geometry":{"type":"Point","coordinates":[16.2965236524554,41.2273758383194]},"properties":{"type":"pakketpunt","locatieNaam":"Amazon Counter (fermopoint)","straatNaam":"Centro Servizi Cafagna","straatNr":"","vervoerder":"Amazon","puntType":"helix","bezettingsgraad":50,"latitude":41.2273758383194,"longitude":16.2965236524554,"canPickup":true,"canDropoff":false,"openingstijden":null}},{"type":"Feature","geometry":{"type":"Point","coordinates":[16.3001922594898,41.2245461652462]},"properties":{"type":"pakketpunt","locatieNaam":"Amazon Counter (fermopoint)","straatNaam":"Zerodistanze","straatNr":"","vervoerder":"Amazon","puntType":"helix","bezettingsgraad":50,"latitude":41.2245461652462,"longitude":16.3001922594898,"canPickup":true,"canDropoff":false,"openingstijden":null}},{"type":"Feature","geometry":{"type":"Point","coordinates":[16.3054,41.2232]},"properties":{"type":"pakketpunt","locatieNaam":"PuntoPoste TABACCHERIA N. 36","straatNaam":"VIA UMBERTO GIORDANO 2","straatNr":"","vervoerder":"Amazon","puntType":"3p","bezettingsgraad":50,"latitude":41.2232,"longitude":16.3054,"canPickup":true,"canDropoff":false,"openingstijden":null}},{"type":"Feature","geometry":{"type":"Point","coordinates":[16.2863,41.2254]},"properties":{"type":"pakketpunt","locatieNaam":"PuntoPoste TABACCHERIA N. 45","straatNaam":"PIAZZA CADUTI SUL LAVORO 8","straatNr":"","vervoerder":"Amazon","puntType":"3p","bezettingsgraad":50,"latitude":41.2254,"longitude":16.2863,"canPickup":true,"canDropoff":false,"openingstijden":null}},{"type":"Feature","geometry":{"type":"Point","coordinates":[16.2988,41.2256]},"properties":{"type":"pakketpunt","locatieNaam":"PuntoPoste TABACCHERIA N. 10","straatNaam":"PIAZZA MATTEO RENATO IMBRIANI 8","straatNr":"","vervoerder":"Amazon","puntType":"3p","bezettingsgraad":50,"latitude":41.2256,"longitude":16.2988,"canPickup":true,"canDropoff":false,"openingstijden":null}},{"type":"Feature","geometry":{"type":"Point","coordinates":[16.2892,41.2302]},"properties":{"type":"pakketpunt","locatieNaam":"PuntoPoste CARTOLERIA GO CARTA","straatNaam":"PIAZZA DELLE REGIONI 4","straatNr":"","vervoerder":"Amazon","puntType":"3p","bezettingsgraad":50,"latitude":41.2302,"longitude":16.2892,"canPickup":true,"canDropoff":false,"openingstijden":null}},{"type":"Feature","geometry":{"type":"Point","coordinates":[16.289367,41.230318]},"properties":{"type":"pakketpunt","locatieNaam":"Amazon Counter - GO CARTA","straatNaam":"PIAZZA DELLE REGIONI 4","straatNr":"","vervoerder":"Amazon","puntType":"helix","bezettingsgraad":50,"latitude":41.230318,"longitude":16.289367,"canPickup":true,"canDropoff":false,"openingstijden":null}},{"type":"Feature","geometry":{"type":"Point","coordinates":[16.2885795,41.2314924]},"properties":{"type":"pakketpunt","locatieNaam":"Amazon Counter (fermopoint)","straatNaam":"CAB Andria","straatNr":"","vervoerder":"Amazon","puntType":"helix","bezettingsgraad":50,"latitude":41.2314924,"longitude":16.2885795,"canPickup":true,"canDropoff":false,"openingstijden":null}},{"type":"Feature","geometry":{"type":"Point","coordinates":[16.29632,41.22635]},"properties":{"type":"pakketpunt","locatieNaam":"Amazon Counter - CONFETTI ALBERTO MUCCI 1954","straatNaam":"Piazza Vittorio Emanuele, 30","straatNr":"","vervoerder":"Amazon","puntType":"helix","bezettingsgraad":50,"latitude":41.22635,"longitude":16.29632,"canPickup":true,"canDropoff":false,"openingstijden":null}},{"type":"Feature","geometry":{"type":"Point","coordinates":[16.307,41.2252]},"properties":{"type":"pakketpunt","locatieNaam":"PuntoPoste TABACCHERIA N. 53","straatNaam":"VIA GIUSEPPE VERDI 78","straatNr":"","vervoerder":"Amazon","puntType":"3p","bezettingsgraad":50,"latitude":41.2252,"longitude":16.307,"canPickup":true,"canDropoff":false,"openingstijden":null}},{"type":"Feature","geometry":{"type":"Point","coordinates":[16.3075,41.2254]},"properties":{"type":"pakketpunt","locatieNaam":"PuntoPoste KIPOINT VIA BISCEGLIE","straatNaam":"VIA BISCEGLIE 11","straatNr":"","vervoerder":"Amazon","puntType":"3p","bezettingsgraad":50,"latitude":41.2254,"longitude":16.3075,"canPickup":true,"canDropoff":false,"openingstijden":null}},{"type":"Feature","geometry":{"type":"Point","coordinates":[16.311408,41.22596]},"properties":{"type":"pakketpunt","locatieNaam":"Amazon Locker - azzurrite","straatNaam":"Fermopoint/Total body Center","straatNr":"","vervoerder":"Amazon","puntType":"locker","bezettingsgraad":50,"latitude":41.22596,"longitude":16.311408,"canPickup":true,"canDropoff":false,"openingstijden":null}},{"type":"Feature","geometry":{"type":"Point","coordinates":[16.313878,41.229587]},"properties":{"type":"pakketpunt","locatieNaam":"Amazon Counter - PRIMAEDICOLA","straatNaam":"PORRO SABINA","straatNr":"","vervoerder":"Amazon","puntType":"helix","bezettingsgraad":50,"latitude":41.229587,"longitude":16.313878,"canPickup":true,"canDropoff":false,"openingstijden":null}},{"type":"Feature","geometry":{"type":"Point","coordinates":[16.313918,41.229537]},"properties":{"type":"pakketpunt","locatieNaam":"Amazon Counter - EDICOLA","straatNaam":"VIA MARALDO 60","straatNr":"","vervoerder":"Amazon","puntType":"helix","bezettingsgraad":50,"latitude":41.229537,"longitude":16.313918,"canPickup":true,"canDropoff":false,"openingstijden":null}},{"type":"Feature","geometry":{"type":"Point","coordinates":[16.314193,41.228879]},"properties":{"type":"pakketpunt","locatieNaam":"Amazon Counter - CAB  ","straatNaam":"via Maraldo, 92","straatNr":"","vervoerder":"Amazon","puntType":"helix","bezettingsgraad":50,"latitude":41.228879,"longitude":16.314193,"canPickup":true,"canDropoff":false,"openingstijden":null}},{"type":"Feature","geometry":{"type":"Point","coordinates":[16.3035,41.2356]},"properties":{"type":"pakketpunt","locatieNaam":"Ufficio Postale ANDRIA 3","straatNaam":"VIA CANAL GIOVANNI ANTONIO 31","straatNr":"","vervoerder":"Amazon","puntType":"3p","bezettingsgraad":50,"latitude":41.2356,"longitude":16.3035,"canPickup":true,"canDropoff":false,"openingstijden":null}},{"type":"Feature","geometry":{"type":"Point","coordinates":[16.307541,41.24789]},"properties":{"type":"pakketpunt","locatieNaam":"Amazon Counter (fermopoint)","straatNaam":"Orizzonte Village Srlu","straatNr":"","vervoerder":"Amazon","puntType":"helix","bezettingsgraad":50,"latitude":41.24789,"longitude":16.307541,"canPickup":true,"canDropoff":false,"openingstijden":null}},{"type":"Feature","geometry":{"type":"Point","coordinates":[16.2948901,41.2335921]},"properties":{"type":"pakketpunt","locatieNaam":"Amazon Counter (fermopoint)","straatNaam":"Andriapoint - Centro Sped.Pacchi","straatNr":"","vervoerder":"Amazon","puntType":"helix","bezettingsgraad":50,"latitude":41.2335921,"longitude":16.2948901,"canPickup":true,"canDropoff":false,"openingstijden":null}},{"type":"Feature","geometry":{"type":"Point","coordinates":[16.2907,41.2343]},"properties":{"type":"pakketpunt","locatieNaam":"PuntoPoste TABACCHERIA N. 3","straatNaam":"VIA DELL' INDIPENDENZA 51","straatNr":"","vervoerder":"Amazon","puntType":"3p","bezettingsgraad":50,"latitude":41.2343,"longitude":16.2907,"canPickup":true,"canDropoff":false,"openingstijden":null}},{"type":"Feature","geometry":{"type":"Point","coordinates":[16.2915656,41.2305963]},"properties":{"type":"pakketpunt","locatieNaam":"Amazon Counter","straatNaam":"Cartomania Andria (fermopoint)","straatNr":"","vervoerder":"Amazon","puntType":"helix","bezettingsgraad":50,"latitude":41.2305963,"longitude":16.2915656,"canPickup":true,"canDropoff":false,"openingstijden":null}},{"type":"Feature","geometry":{"type":"Point","coordinates":[16.2911583,41.2333967]},"properties":{"type":"pakketpunt","locatieNaam":"Amazon Counter - EDICOLA BAR","straatNaam":"VIA DELL'INDIPENDENZA 29 31/31","straatNr":"","vervoerder":"Amazon","puntType":"helix","bezettingsgraad":50,"latitude":41.2333967,"longitude":16.2911583,"canPickup":true,"canDropoff":false,"openingstijden":null}},{"type":"Feature","geometry":{"type":"Point","coordinates":[16.3111,41.2364]},"properties":{"type":"pakketpunt","locatieNaam":"Ufficio Postale ANDRIA 4","straatNaam":"VIA TRANI 43","straatNr":"","vervoerder":"Amazon","puntType":"3p","bezettingsgraad":50,"latitude":41.2364,"longitude":16.3111,"canPickup":true,"canDropoff":false,"openingstijden":null}},{"type":"Feature","geometry":{"type":"Point","coordinates":[16.301934,41.236527]},"properties":{"type":"pakketpunt","locatieNaam":"Amazon Counter - PIANETA CARTA","straatNaam":"VIA MATTIA PRETI 95","straatNr":"","vervoerder":"Amazon","puntType":"helix","bezettingsgraad":50,"latitude":41.236527,"longitude":16.301934,"canPickup":true,"canDropoff":false,"openingstijden":null}},{"type":"Feature","geometry":{"type":"Point","coordinates":[16.3001,41.2342]},"properties":{"type":"pakketpunt","locatieNaam":"PuntoPoste TABACCHERIA N. 23","straatNaam":"VIA ALDO MORO 19","straatNr":"","vervoerder":"Amazon","puntType":"3p","bezettingsgraad":50,"latitude":41.2342,"longitude":16.3001,"canPickup":true,"canDropoff":false,"openingstijden":null}},{"type":"Feature","geometry":{"type":"Point","coordinates":[16.3099,41.2361]},"properties":{"type":"pakketpunt","locatieNaam":"PuntoPoste TABACCHERIA N. 58","straatNaam":"VIA OMERO 8","straatNr":"","vervoerder":"Amazon","puntType":"3p","bezettingsgraad":50,"latitude":41.2361,"longitude":16.3099,"canPickup":true,"canDropoff":false,"openingstijden":null}},{"type":"Feature","geometry":{"type":"Point","coordinates":[16.30111,41.23181]},"properties":{"type":"pakketpunt","locatieNaam":"Amazon Counter - PRIMAEDICOLA","straatNaam":"VOLTIAMO PAGINA DI","straatNr":"","vervoerder":"Amazon","puntType":"helix","bezettingsgraad":50,"latitude":41.23181,"longitude":16.30111,"canPickup":true,"canDropoff":false,"openingstijden":null}},{"type":"Feature","geometry":{"type":"Point","coordinates":[16.304,41.2285]},"properties":{"type":"pakketpunt","locatieNaam":"PuntoPoste You Target","straatNaam":"VIA DUCA DI GENOVA 42","straatNr":"","vervoerder":"Amazon","puntType":"3p","bezettingsgraad":50,"latitude":41.2285,"longitude":16.304,"canPickup":true,"canDropoff":false,"openingstijden":null}},{"type":"Feature","geometry":{"type":"Point","coordinates":[16.3023,41.2367]},"properties":{"type":"pakketpunt","locatieNaam":"PuntoPoste INTERNETPOINT - ANDRIA","straatNaam":"VIA MATTIA PRETI 105","straatNr":"","vervoerder":"Amazon","puntType":"3p","bezettingsgraad":50,"latitude":41.2367,"longitude":16.3023,"canPickup":true,"canDropoff":false,"openingstijden":null}},{"type":"Feature","geometry":{"type":"Point","coordinates":[16.3024088,41.2269749]},"properties":{"type":"pakketpunt","locatieNaam":"Amazon Counter - PRIMAEDICOLA","straatNaam":"MASSARO PASQUARELLA","straatNr":"","vervoerder":"Amazon","puntType":"helix","bezettingsgraad":50,"latitude":41.2269749,"longitude":16.3024088,"canPickup":true,"canDropoff":false,"openingstijden":null}},{"type":"Feature","geometry":{"type":"Point","coordinates":[16.2935376,41.2167773]},"properties":{"type":"pakketpunt","locatieNaam":"FedEx OnSite","straatNaam":"VIA PADRE SAVARESE 77","straatNr":"","vervoerder":"FedEx","puntType":"servicepunt","bezettingsgraad":50,"latitude":41.2167773,"longitude":16.2935376,"canPickup":true,"canDropoff":true,"openingstijden":{"ma":"08:00 - 13:00, 15:30 - 19:30","di":"08:00 - 13:00, 15:30 - 19:30","wo":"08:00 - 13:00, 15:30 - 19:30","do":"08:00 - 13:00, 15:30 - 19:30","vr":"08:00 - 13:00, 15:30 - 19:30","za":"08:00 - 13:00","zo":"gesloten"}}},{"type":"Feature","geometry":{"type":"Point","coordinates":[16.293638,41.217374]},"properties":{"type":"pakketpunt","locatieNaam":"FedEx OnSite","straatNaam":"VIA PADRE SAVARESE, 54","straatNr":"","vervoerder":"FedEx","puntType":"servicepunt","bezettingsgraad":50,"latitude":41.217374,"longitude":16.293638,"canPickup":true,"canDropoff":true,"openingstijden":{"ma":"09:00 - 13:00, 17:00 - 20:30","di":"09:00 - 13:00, 17:00 - 20:30","wo":"09:00 - 13:00, 17:00 - 20:30","do":"09:00 - 13:00, 17:00 - 20:30","vr":"09:00 - 13:00, 17:00 - 20:30","za":"09:00 - 13:00, 17:00 - 20:30","zo":"gesloten"}}},{"type":"Feature","geometry":{"type":"Point","coordinates":[16.285526,41.223256]},"properties":{"type":"pakketpunt","locatieNaam":"FedEx OnSite","straatNaam":"via imperatore Costantino, 61","straatNr":"","vervoerder":"FedEx","puntType":"servicepunt","bezettingsgraad":50,"latitude":41.223256,"longitude":16.285526,"canPickup":true,"canDropoff":true,"openingstijden":{"ma":"07:30 - 13:30, 17:30 - 21:00","di":"07:30 - 13:30, 17:30 - 21:00","wo":"07:30 - 13:30, 17:30 - 21:00","do":"07:30 - 13:30, 17:30 - 21:00","vr":"07:30 - 13:30, 17:30 - 21:00","za":"07:30 - 13:30, 17:30 - 21:00","zo":"gesloten"}}},{"type":"Feature","geometry":{"type":"Point","coordinates":[16.30023009096687,41.22457725636269]},"properties":{"type":"pakketpunt","locatieNaam":"FedEx OnSite","straatNaam":"Via Salvator Rosa, 12","straatNr":"","vervoerder":"FedEx","puntType":"servicepunt","bezettingsgraad":50,"latitude":41.22457725636269,"longitude":16.30023009096687,"canPickup":true,"canDropoff":true,"openingstijden":{"ma":"09:00 - 14:00, 17:00 - 20:00","di":"09:00 - 14:00, 17:00 - 20:00","wo":"09:00 - 14:00, 17:00 - 20:00","do":"09:00 - 14:00, 17:00 - 20:00","vr":"09:00 - 14:00, 17:00 - 20:00","za":"gesloten","zo":"gesloten"}}},{"type":"Feature","geometry":{"type":"Point","coordinates":[16.296323,41.22635]},"properties":{"type":"pakketpunt","locatieNaam":"FedEx OnSite","straatNaam":"PIAZZA VITTORIO EMANUELE, 30","straatNr":"","vervoerder":"FedEx","puntType":"servicepunt","bezettingsgraad":50,"latitude":41.22635,"longitude":16.296323,"canPickup":true,"canDropoff":true,"openingstijden":{"ma":"09:00 - 13:00, 17:00 - 21:00","di":"09:00 - 13:00, 17:00 - 21:00","wo":"09:00 - 13:00, 17:00 - 21:00","do":"09:00 - 13:00, 17:00 - 21:00","vr":"09:00 - 13:00, 17:00 - 21:00","za":"09:00 - 13:00, 17:00 - 21:00","zo":"10:30 - 13:00, 18:00 - 20:30"}}},{"type":"Feature","geometry":{"type":"Point","coordinates":[16.296579,41.227368]},"properties":{"type":"pakketpunt","locatieNaam":"FedEx OnSite","straatNaam":"VIA GIOVANNI BOVIO 35","straatNr":"","vervoerder":"FedEx","puntType":"servicepunt","bezettingsgraad":50,"latitude":41.227368,"longitude":16.296579,"canPickup":true,"canDropoff":true,"openingstijden":{"ma":"08:30 - 13:00, 16:30 - 20:30","di":"08:30 - 13:00, 16:30 - 20:30","wo":"08:30 - 13:00, 16:30 - 20:30","do":"08:30 - 13:00, 16:30 - 20:30","vr":"08:30 - 13:00, 16:30 - 20:30","za":"08:30 - 13:00","zo":"gesloten"}}},{"type":"Feature","geometry":{"type":"Point","coordinates":[16.289326132945526,41.23042071679576]},"properties":{"type":"pakketpunt","locatieNaam":"FedEx OnSite","straatNaam":"Piazza delle Regioni 4 angolo Via Basilicata, 58/6","straatNr":"","vervoerder":"FedEx","puntType":"servicepunt","bezettingsgraad":50,"latitude":41.23042071679576,"longitude":16.289326132945526,"canPickup":true,"canDropoff":true,"openingstijden":{"ma":"08:30 - 13:00, 17:30 - 20:30","di":"08:30 - 13:00, 17:30 - 20:30","wo":"08:30 - 13:00, 17:30 - 20:30","do":"08:30 - 13:00, 17:30 - 20:30","vr":"08:30 - 13:00, 17:30 - 20:30","za":"08:30 - 13:00","zo":"gesloten"}}},{"type":"Feature","geometry":{"type":"Point","coordinates":[16.307659,41.225476]},"properties":{"type":"pakketpunt","locatieNaam":"FedEx OnSite","straatNaam":"VIA BISCEGLIE, 11","straatNr":"","vervoerder":"FedEx","puntType":"servicepunt","bezettingsgraad":50,"latitude":41.225476,"longitude":16.307659,"canPickup":true,"canDropoff":true,"openingstijden":{"ma":"09:00 - 19:00","di":"09:00 - 19:00","wo":"09:00 - 19:00","do":"09:00 - 19:00","vr":"09:00 - 19:00","za":"09:00 - 12:00","zo":"gesloten"}}},{"type":"Feature","geometry":{"type":"Point","coordinates":[16.307740996312504,41.22671592218012]},"properties":{"type":"pakketpunt","locatieNaam":"FedEx OnSite","straatNaam":"Via Gorizia, 14-16","straatNr":"","vervoerder":"FedEx","puntType":"servicepunt","bezettingsgraad":50,"latitude":41.22671592218012,"longitude":16.307740996312504,"canPickup":true,"canDropoff":true,"openingstijden":{"ma":"09:00 - 13:00, 15:00 - 17:30","di":"09:00 - 13:00, 15:00 - 17:30","wo":"09:00 - 13:00, 15:00 - 17:30","do":"09:00 - 13:00, 16:00 - 17:30","vr":"09:00 - 13:00, 15:00 - 17:30","za":"09:00 - 13:00, 15:00 - 17:30","zo":"09:00 - 13:00"}}},{"type":"Feature","geometry":{"type":"Point","coordinates":[16.300955,41.228971]},"properties":{"type":"pakketpunt","locatieNaam":"FedEx OnSite","straatNaam":"Corso Camillo Benso Conte di Cavour, 140","straatNr":"","vervoerder":"FedEx","puntType":"servicepunt","bezettingsgraad":50,"latitude":41.228971,"longitude":16.300955,"canPickup":true,"canDropoff":true,"openingstijden":{"ma":"09:00 - 13:00, 17:00 - 21:00","di":"09:00 - 13:00, 17:00 - 21:00","wo":"09:00 - 13:00, 17:00 - 21:00","do":"09:00 - 13:00, 17:00 - 21:00","vr":"09:00 - 13:00, 17:00 - 21:00","za":"09:00 - 13:00, 17:00 - 21:00","zo":"gesloten"}}},{"type":"Feature","geometry":{"type":"Point","coordinates":[16.305322,41.227904]},"properties":{"type":"pakketpunt","locatieNaam":"FedEx OnSite","straatNaam":"VIA MONTE GRAPPA 18","straatNr":"","vervoerder":"FedEx","puntType":"servicepunt","bezettingsgraad":50,"latitude":41.227904,"longitude":16.305322,"canPickup":true,"canDropoff":true,"openingstijden":{"ma":"09:00 - 13:00, 17:30 - 20:00","di":"09:00 - 13:00, 17:30 - 20:00","wo":"09:00 - 13:00, 17:30 - 20:00","do":"09:00 - 13:00, 17:30 - 20:00","vr":"09:00 - 13:00, 17:30 - 20:00","za":"gesloten","zo":"gesloten"}}},{"type":"Feature","geometry":{"type":"Point","coordinates":[16.304012,41.228522]},"properties":{"type":"pakketpunt","locatieNaam":"FedEx OnSite","straatNaam":"via duca di genova, 42","straatNr":"","vervoerder":"FedEx","puntType":"servicepunt","bezettingsgraad":50,"latitude":41.228522,"longitude":16.304012,"canPickup":true,"canDropoff":true,"openingstijden":{"ma":"09:00 - 13:00, 16:30 - 20:00","di":"09:00 - 13:00, 16:30 - 20:00","wo":"09:00 - 13:00, 16:30 - 20:00","do":"09:00 - 13:00, 16:30 - 20:00","vr":"09:00 - 13:00, 16:30 - 20:00","za":"gesloten","zo":"gesloten"}}},{"type":"Feature","geometry":{"type":"Point","coordinates":[16.304395,41.228565]},"properties":{"type":"pakketpunt","locatieNaam":"FedEx OnSite","straatNaam":"Via Pasubio, 3","straatNr":"","vervoerder":"FedEx","puntType":"servicepunt","bezettingsgraad":50,"latitude":41.228565,"longitude":16.304395,"canPickup":true,"canDropoff":true,"openingstijden":{"ma":"09:00 - 13:00, 17:00 - 21:00","di":"09:00 - 13:00, 17:00 - 21:00","wo":"09:00 - 13:00, 17:00 - 21:00","do":"09:00 - 13:00, 17:00 - 21:00","vr":"09:00 - 13:00, 17:00 - 21:00","za":"09:00 - 13:00, 17:00 - 21:00","zo":"gesloten"}}},{"type":"Feature","geometry":{"type":"Point","coordinates":[16.297630279268468,41.231185888073234]},"properties":{"type":"pakketpunt","locatieNaam":"FedEx OnSite","straatNaam":"VIA BARI, 34","straatNr":"","vervoerder":"FedEx","puntType":"servicepunt","bezettingsgraad":50,"latitude":41.231185888073234,"longitude":16.297630279268468,"canPickup":true,"canDropoff":true,"openingstijden":{"ma":"10:00 - 13:00, 17:00 - 21:00","di":"10:00 - 13:00, 17:00 - 21:00","wo":"10:00 - 13:00, 17:00 - 21:00","do":"10:00 - 13:00, 17:00 - 21:00","vr":"10:00 - 13:00, 17:00 - 21:00","za":"10:00 - 13:00","zo":"gesloten"}}},{"type":"Feature","geometry":{"type":"Point","coordinates":[16.300964214588284,41.231739977389736]},"properties":{"type":"pakketpunt","locatieNaam":"FedEx OnSite","straatNaam":"VIALE VENEZIA GIULIA, 115","straatNr":"","vervoerder":"FedEx","puntType":"servicepunt","bezettingsgraad":50,"latitude":41.231739977389736,"longitude":16.300964214588284,"canPickup":true,"canDropoff":true,"openingstijden":{"ma":"07:00 - 13:30, 16:30 - 21:00","di":"07:00 - 13:30, 16:30 - 21:00","wo":"07:00 - 13:30, 16:30 - 21:00","do":"07:00 - 13:30, 16:30 - 21:00","vr":"07:00 - 13:30, 16:30 - 21:00","za":"07:00 - 13:30","zo":"gesloten"}}},{"type":"Feature","geometry":{"type":"Point","coordinates":[16.296875294982218,41.23410530679079]},"properties":{"type":"pakketpunt","locatieNaam":"FedEx OnSite","straatNaam":"VIA GIOVINE ITALIA , 53/A","straatNr":"","vervoerder":"FedEx","puntType":"servicepunt","bezettingsgraad":50,"latitude":41.23410530679079,"longitude":16.296875294982218,"canPickup":true,"canDropoff":true,"openingstijden":{"ma":"08:00 - 13:00, 17:00 - 20:30","di":"08:00 - 13:00, 17:00 - 20:30","wo":"08:00 - 13:00, 17:00 - 20:30","do":"08:00 - 13:00, 17:00 - 20:30","vr":"08:00 - 13:00, 17:00 - 20:30","za":"08:00 - 13:00","zo":"gesloten"}}},{"type":"Feature","geometry":{"type":"Point","coordinates":[16.294847583091943,41.23500534318108]},"properties":{"type":"pakketpunt","locatieNaam":"FedEx OnSite","straatNaam":"via barletta, 61","straatNr":"","vervoerder":"FedEx","puntType":"servicepunt","bezettingsgraad":50,"latitude":41.23500534318108,"longitude":16.294847583091943,"canPickup":true,"canDropoff":true,"openingstijden":{"ma":"08:00 - 12:30, 16:00 - 20:30","di":"08:00 - 12:30, 16:00 - 20:30","wo":"08:00 - 12:30, 16:00 - 20:30","do":"08:00 - 12:30, 16:00 - 20:30","vr":"08:00 - 12:30, 16:00 - 20:30","za":"08:00 - 12:30","zo":"gesloten"}}},{"type":"Feature","geometry":{"type":"Point","coordinates":[16.314000891474016,41.22959448509113]},"properties":{"type":"pakketpunt","locatieNaam":"FedEx OnSite","straatNaam":"VIA MARALDO, 60","straatNr":"","vervoerder":"FedEx","puntType":"servicepunt","bezettingsgraad":50,"latitude":41.22959448509113,"longitude":16.314000891474016,"canPickup":true,"canDropoff":true,"openingstijden":{"ma":"09:00 - 13:00, 17:00 - 20:30","di":"09:00 - 13:00, 17:00 - 20:30","wo":"09:00 - 13:00, 17:00 - 20:30","do":"09:00 - 13:00","vr":"09:00 - 13:00, 17:00 - 20:30","za":"09:00 - 13:00, 17:00 - 20:30","zo":"09:00 - 13:00"}}},{"type":"Feature","geometry":{"type":"Point","coordinates":[16.297091263931183,41.237158176628355]},"properties":{"type":"pakketpunt","locatieNaam":"FedEx OnSite","straatNaam":"Via Inghilterra, 3","straatNr":"","vervoerder":"FedEx","puntType":"servicepunt","bezettingsgraad":50,"latitude":41.237158176628355,"longitude":16.297091263931183,"canPickup":true,"canDropoff":true,"openingstijden":{"ma":"07:30 - 14:00, 17:00 - 21:00","di":"07:30 - 14:00, 17:00 - 21:00","wo":"07:30 - 14:00, 17:00 - 21:00","do":"07:30 - 14:00, 17:00 - 21:00","vr":"07:30 - 14:00, 17:00 - 21:00","za":"07:30 - 14:00, 17:00 - 21:00","zo":"gesloten"}}},{"type":"Feature","geometry":{"type":"Point","coordinates":[16.302196177405722,41.23651580514702]},"properties":{"type":"pakketpunt","locatieNaam":"FedEx OnSite","straatNaam":"VIA MATTIA PRETI, 105","straatNr":"","vervoerder":"FedEx","puntType":"servicepunt","bezettingsgraad":50,"latitude":41.23651580514702,"longitude":16.302196177405722,"canPickup":true,"canDropoff":true,"openingstijden":{"ma":"09:30 - 21:30","di":"09:30 - 21:30","wo":"09:30 - 21:30","do":"09:30 - 21:30","vr":"09:30 - 21:30","za":"09:30 - 21:30","zo":"09:30 - 21:30"}}},{"type":"Feature","geometry":{"type":"Point","coordinates":[16.30880835043591,41.23524249102662]},"properties":{"type":"pakketpunt","locatieNaam":"FedEx OnSite","straatNaam":"Piazza Santissima Trinità, 10","straatNr":"","vervoerder":"FedEx","puntType":"servicepunt","bezettingsgraad":50,"latitude":41.23524249102662,"longitude":16.30880835043591,"canPickup":true,"canDropoff":true,"openingstijden":{"ma":"09:00 - 13:00, 16:30 - 20:30","di":"09:00 - 13:00, 16:30 - 20:30","wo":"09:00 - 13:00, 16:30 - 20:30","do":"09:00 - 13:00, 16:30 - 20:30","vr":"09:00 - 13:00, 16:30 - 20:30","za":"09:00 - 13:30","zo":"gesloten"}}},{"type":"Feature","geometry":{"type":"Point","coordinates":[16.3064937,41.2431162]},"properties":{"type":"pakketpunt","locatieNaam":"FedEx OnSite","straatNaam":"VIA APPIO CLAUDIO, SN","straatNr":"","vervoerder":"FedEx","puntType":"servicepunt","bezettingsgraad":50,"latitude":41.2431162,"longitude":16.3064937,"canPickup":true,"canDropoff":true,"openingstijden":{"ma":"08:00 - 19:00","di":"08:00 - 13:00, 16:00 - 19:00","wo":"08:00 - 13:00, 16:00 - 19:00","do":"08:00 - 13:00, 16:00 - 19:00","vr":"08:00 - 13:00, 16:00 - 19:00","za":"gesloten","zo":"gesloten"}}},{"type":"Feature","geometry":{"type":"Polygon","coordinates":[[[16.0840701,41.1751132],[16.0847991,41.175851],[16.0863823,41.1766125],[16.0890934,41.1775607],[16.0905714,41.1781756],[16.0911603,41.1784991],[16.0928995,41.1791609],[16.0947729,41.1800708],[16.0976645,41.1810885],[16.0992746,41.1817942],[16.1000364,41.1831328],[16.1013932,41.1858653],[16.1017766,41.1867909],[16.1028768,41.1889139],[16.1033259,41.1901144],[16.1041227,41.190047],[16.1052943,41.1901678],[16.1055426,41.190013],[16.1062528,41.1897799],[16.1077974,41.1894412],[16.1082608,41.1900333],[16.1084518,41.1908314],[16.1092097,41.1925976],[16.109906,41.1934948],[16.110827,41.194405],[16.1112536,41.1949589],[16.1123613,41.1956955],[16.1129984,41.1959395],[16.1140388,41.1961943],[16.1146586,41.1974831],[16.1149039,41.1992992],[16.1151863,41.1997316],[16.1152471,41.1999617],[16.1158566,41.1999239],[16.1163996,41.2001511],[16.1171732,41.2015384],[16.1173847,41.2022226],[16.1183162,41.2035821],[16.1184306,41.2038944],[16.119204,41.2051692],[16.1196408,41.2055965],[16.1208946,41.2071518],[16.1219395,41.2082117],[16.1229748,41.2095647],[16.1231577,41.2099312],[16.1235529,41.211315],[16.1236003,41.2120229],[16.1234943,41.2127719],[16.1234967,41.2135321],[16.1237805,41.2141669],[16.1252985,41.2156293],[16.126453,41.2168713],[16.1266975,41.2173105],[16.1278443,41.2187825],[16.1282549,41.2189684],[16.1286192,41.2187567],[16.1291113,41.2187891],[16.1299522,41.2191777],[16.1297783,41.2194675],[16.1284944,41.2203978],[16.1245627,41.2214208],[16.1250198,41.2223327],[16.1266983,41.224226],[16.1271659,41.2250428],[16.1273272,41.2254827],[16.128687,41.2275398],[16.1288858,41.2279684],[16.1302037,41.2297221],[16.1303025,41.2300264],[16.1295646,41.2299823],[16.1294005,41.2302535],[16.1293707,41.2304983],[16.1315827,41.2307251],[16.1340885,41.23083],[16.1357658,41.231099],[16.1373156,41.2311554],[16.1447047,41.2319051],[16.1535987,41.2309136],[16.1575729,41.2303054],[16.1617545,41.2299045],[16.1667186,41.229954],[16.1706509,41.2296449],[16.17342,41.2296245],[16.1743952,41.2295229],[16.1757318,41.2295652],[16.176844,41.2297339],[16.1778049,41.2306681],[16.1766748,41.2308514],[16.1765682,41.2321854],[16.1779327,41.2365182],[16.1808615,41.2361861],[16.180888,41.2364274],[16.181165,41.237049],[16.1816723,41.2394378],[16.182081,41.2402805],[16.1822297,41.2411171],[16.1826166,41.2421142],[16.1830205,41.2426423],[16.1831841,41.2431539],[16.1836663,41.2440955],[16.1841205,41.2447014],[16.184383,41.2461113],[16.18467,41.2467142],[16.1847867,41.2473682],[16.1843409,41.2485165],[16.1849104,41.2495471],[16.1849836,41.2506989],[16.1851296,41.2511576],[16.1853993,41.2515232],[16.185863,41.251998],[16.1863948,41.2523876],[16.1874985,41.2526378],[16.1909963,41.2527556],[16.1923511,41.2531205],[16.1931746,41.2531543],[16.1948383,41.2534007],[16.1954891,41.2537063],[16.1966189,41.2547871],[16.1984065,41.256047],[16.1996085,41.2570513],[16.201975,41.2584503],[16.2054001,41.2611189],[16.2057811,41.2616528],[16.2066418,41.2623996],[16.2069725,41.2629097],[16.2094411,41.2652289],[16.2099174,41.2659233],[16.2104298,41.2664579],[16.2108908,41.2669058],[16.212104,41.2678193],[16.2134071,41.269276],[16.214104,41.269565],[16.2151485,41.2704351],[16.2166718,41.2714549],[16.2175682,41.2703141],[16.2180276,41.2698847],[16.2192763,41.2683977],[16.2181345,41.2673763],[16.2195924,41.2661101],[16.2205777,41.2670378],[16.2210783,41.2676542],[16.2212932,41.26841],[16.2212984,41.2692105],[16.2227565,41.2712827],[16.2243313,41.2699686],[16.2260021,41.268068],[16.227086,41.2672212],[16.2285733,41.2657371],[16.2296664,41.2648672],[16.2299824,41.2651082],[16.2301424,41.265395],[16.2310756,41.2655026],[16.2321484,41.2654168],[16.2342052,41.2654939],[16.2382086,41.2651644],[16.2406023,41.2641133],[16.2431885,41.2633468],[16.2453108,41.2625107],[16.2458292,41.2628288],[16.2469768,41.264115],[16.247239,41.2642738],[16.2480054,41.2643288],[16.2503376,41.2638527],[16.2530218,41.2642631],[16.2532062,41.2646069],[16.2535717,41.2650247],[16.2542285,41.265622],[16.2549311,41.2656134],[16.2565587,41.2651279],[16.2569757,41.265151],[16.2574235,41.265451],[16.2579187,41.2662565],[16.2579846,41.2666617],[16.2587722,41.2660494],[16.2604765,41.2659054],[16.2604661,41.2664819],[16.2606146,41.2668774],[16.2602435,41.2680168],[16.2607451,41.2692808],[16.2608646,41.2699256],[16.2623338,41.2699179],[16.2624461,41.2707656],[16.2641614,41.2706388],[16.2647409,41.2703276],[16.2653148,41.2698053],[16.2660394,41.2689224],[16.2667016,41.2679356],[16.2673935,41.266038],[16.2675066,41.2652075],[16.2678473,41.2654288],[16.2684707,41.2655647],[16.2687987,41.2659128],[16.2690161,41.2666324],[16.2695973,41.2664965],[16.2697312,41.2671629],[16.2699671,41.2676473],[16.2704589,41.2678861],[16.2731663,41.2676466],[16.2736806,41.2677399],[16.2742056,41.2676886],[16.274537,41.2675056],[16.2751554,41.2667689],[16.2747986,41.2662697],[16.2751799,41.2656785],[16.2750942,41.2637358],[16.2737602,41.2639375],[16.2732038,41.2641349],[16.2728587,41.2635539],[16.272666,41.2628687],[16.2725197,41.2626261],[16.2719916,41.2624886],[16.2712761,41.2624891],[16.2711136,41.2627964],[16.2705991,41.2633419],[16.2704659,41.2638318],[16.2705371,41.2644707],[16.2701547,41.2644365],[16.2698139,41.2641342],[16.2697467,41.263666],[16.2700265,41.2627259],[16.2710821,41.2605892],[16.272626,41.2601313],[16.2729097,41.2605362],[16.2764845,41.2596837],[16.2766458,41.2600604],[16.2765697,41.2603666],[16.2763844,41.2606304],[16.276962,41.2620919],[16.278993,41.2621788],[16.2794646,41.2600477],[16.2797516,41.259467],[16.2812597,41.2584758],[16.2821521,41.2583516],[16.2828298,41.2582005],[16.2838507,41.2578386],[16.2856097,41.2575197],[16.2866251,41.2575091],[16.2895542,41.2578446],[16.287891,41.2600606],[16.286838,41.2599476],[16.2856496,41.2631862],[16.2869434,41.2628384],[16.287648,41.2628206],[16.2885655,41.2652142],[16.2894823,41.2662942],[16.2904644,41.2670505],[16.2907695,41.2667926],[16.2908846,41.2665423],[16.2914985,41.2662468],[16.2918729,41.265809],[16.2923515,41.2647032],[16.2924849,41.2641368],[16.2938184,41.2639844],[16.2945883,41.2637239],[16.2966216,41.2633514],[16.2954305,41.2616051],[16.2972073,41.2609655],[16.2976508,41.2615716],[16.2984372,41.2615125],[16.2991956,41.2612572],[16.2996189,41.2609108],[16.2998095,41.2603227],[16.2983956,41.2581588],[16.2996301,41.2578146],[16.3000663,41.2581962],[16.300666,41.2583875],[16.301407,41.2583492],[16.3017981,41.2582478],[16.3028557,41.2574425],[16.3032084,41.2570781],[16.3034155,41.2566914],[16.3087745,41.2573213],[16.3076446,41.2581988],[16.3070523,41.2589519],[16.3066629,41.2598136],[16.3064865,41.2605268],[16.3065406,41.2613826],[16.3068872,41.2621074],[16.3102745,41.2624311],[16.3109233,41.2632715],[16.3114936,41.2632261],[16.31206,41.2629065],[16.312402,41.2626867],[16.3130241,41.2620665],[16.3135426,41.2623304],[16.3136315,41.2626441],[16.3125492,41.2633611],[16.3126576,41.2641416],[16.3149819,41.2645555],[16.3146495,41.2652606],[16.3146501,41.26585],[16.314847,41.2661433],[16.3158743,41.2661587],[16.3171604,41.266009],[16.3172567,41.2654854],[16.3181822,41.2651249],[16.3186709,41.2663174],[16.3188862,41.2674914],[16.3198556,41.2676274],[16.3205965,41.2659153],[16.3216413,41.2649442],[16.3219071,41.2646033],[16.3226118,41.2651971],[16.3217255,41.2661716],[16.3210414,41.2665843],[16.3219125,41.2677568],[16.3213737,41.2682952],[16.3204566,41.2689432],[16.320949,41.2697441],[16.3226375,41.2694336],[16.3237583,41.2705182],[16.3252395,41.2712018],[16.3260621,41.2704294],[16.3269235,41.2693394],[16.3272029,41.2691461],[16.329127,41.2691017],[16.3296039,41.2685695],[16.3297302,41.2683409],[16.3296423,41.2680631],[16.3280376,41.2677654],[16.3282607,41.2670448],[16.3294283,41.2663716],[16.3311762,41.2660078],[16.3320538,41.2659111],[16.3334333,41.2659825],[16.3337008,41.2656571],[16.3337873,41.2652062],[16.3337738,41.2646627],[16.3334634,41.2634138],[16.3334523,41.2628386],[16.3331079,41.2623208],[16.3319615,41.2616968],[16.3316385,41.2610786],[16.3315863,41.2603756],[16.3306937,41.2593575],[16.3299399,41.2586454],[16.3298381,41.2583234],[16.3308672,41.2582486],[16.3322411,41.2584845],[16.3336929,41.258855],[16.3371688,41.2589337],[16.3378394,41.2585083],[16.3380176,41.25784],[16.338603,41.2572671],[16.3393821,41.2568527],[16.3396001,41.2563799],[16.338924,41.2548755],[16.3380141,41.2535976],[16.3377251,41.2529097],[16.33752,41.2522525],[16.337974,41.251652],[16.3384935,41.2514208],[16.33896,41.2513279],[16.3393105,41.2509725],[16.3397751,41.2507042],[16.3395968,41.2498878],[16.342185,41.2490223],[16.3425077,41.2492153],[16.342864,41.2498381],[16.3438984,41.249495],[16.3457194,41.2486989],[16.3456283,41.2483133],[16.3453555,41.2478764],[16.3454101,41.2475669],[16.3458712,41.2473214],[16.345769,41.247022],[16.3439812,41.2453326],[16.3434658,41.2446997],[16.34265,41.2433303],[16.3416357,41.2427655],[16.3405486,41.2419241],[16.3381879,41.242955],[16.3378534,41.2422341],[16.3378085,41.2417556],[16.3374183,41.2407233],[16.3377446,41.2391996],[16.3379359,41.2386745],[16.3378098,41.2382687],[16.3381876,41.2375471],[16.3405967,41.2362859],[16.3404013,41.2355291],[16.3450542,41.2342409],[16.3476224,41.2332303],[16.3481276,41.232874],[16.3510211,41.2325308],[16.3515775,41.2323376],[16.3519613,41.2314334],[16.353341,41.2315653],[16.355082,41.2311228],[16.3530361,41.2299966],[16.3523104,41.230194],[16.3496555,41.2300629],[16.3483287,41.2299231],[16.346483,41.2295422],[16.3457867,41.2293124],[16.3445628,41.2284191],[16.3425646,41.2274494],[16.3414861,41.2267088],[16.3403205,41.2262796],[16.3395554,41.2261801],[16.3389549,41.2259532],[16.3386461,41.2254331],[16.3385073,41.2245961],[16.3388586,41.2242227],[16.3411701,41.2234222],[16.3413269,41.2229352],[16.340598,41.2212228],[16.3405816,41.2208909],[16.340965,41.2198495],[16.3412768,41.2182773],[16.3414044,41.2179542],[16.3424331,41.2175643],[16.3433037,41.2175175],[16.3430389,41.2179709],[16.342944,41.2185844],[16.3429858,41.2189821],[16.3439217,41.2185622],[16.3451638,41.2181361],[16.3473984,41.2177408],[16.347509,41.2166854],[16.3462249,41.2128446],[16.3456182,41.2117677],[16.345538,41.2113994],[16.3455801,41.2110053],[16.3465054,41.2102801],[16.3486238,41.2093568],[16.3541861,41.20783],[16.3549293,41.2075528],[16.3587868,41.2030579],[16.3635109,41.1979853],[16.361137,41.1962123],[16.3604062,41.1954359],[16.3597524,41.1944431],[16.3576963,41.1936394],[16.3567552,41.1931105],[16.3552171,41.1924624],[16.3555128,41.1917821],[16.3550435,41.1910519],[16.3533256,41.1904738],[16.3526271,41.1901677],[16.3518666,41.1896812],[16.351642,41.1886113],[16.3508741,41.1860196],[16.350905,41.1852618],[16.3511727,41.1848622],[16.3516917,41.1846579],[16.3503736,41.1831049],[16.3484682,41.1815175],[16.3494672,41.1802071],[16.35016,41.1796948],[16.3504473,41.1792579],[16.3495236,41.1788808],[16.3488056,41.178162],[16.3481589,41.1780235],[16.3473837,41.1774839],[16.3466807,41.1768721],[16.3459933,41.1758679],[16.3454196,41.1752928],[16.3447278,41.1752832],[16.3430695,41.1734009],[16.3422936,41.1734642],[16.3403331,41.1724696],[16.3405641,41.1721938],[16.3414095,41.1721396],[16.3422965,41.17121],[16.3423763,41.1709664],[16.3421416,41.170599],[16.3413354,41.1702863],[16.3407716,41.1694271],[16.3408668,41.1689756],[16.3400251,41.1673648],[16.3399718,41.1665179],[16.3400419,41.1653122],[16.3398628,41.1641674],[16.339962,41.1637516],[16.3406798,41.1626933],[16.3413779,41.1611954],[16.3415174,41.1605026],[16.3414983,41.1595095],[16.3412023,41.1585162],[16.3408626,41.1581151],[16.3402333,41.1577325],[16.3397337,41.1571256],[16.3400505,41.1569253],[16.3407517,41.1567814],[16.341707,41.1563828],[16.3410826,41.15546],[16.3403845,41.1546229],[16.3397443,41.1536381],[16.3383294,41.1519022],[16.3377587,41.1514573],[16.3369676,41.1511976],[16.3365317,41.1508925],[16.336281,41.1503552],[16.3362126,41.1498512],[16.3362947,41.1492566],[16.3370757,41.1483382],[16.3372303,41.1478064],[16.3369508,41.1468525],[16.3369582,41.1460422],[16.3374617,41.1450382],[16.3379872,41.1445501],[16.3388681,41.1439133],[16.3405989,41.1429476],[16.3418544,41.1425207],[16.3426408,41.1419439],[16.3432225,41.1412408],[16.346099,41.1397201],[16.3473324,41.1383543],[16.3495853,41.1366081],[16.3517033,41.1347221],[16.3497595,41.1328852],[16.349244,41.1321355],[16.348868,41.1312508],[16.3485006,41.1289573],[16.3479854,41.1271233],[16.3476653,41.126046],[16.3472669,41.1252528],[16.346179,41.1238018],[16.3453873,41.1230293],[16.3446353,41.1223981],[16.3439545,41.1216859],[16.3422132,41.1203758],[16.3387256,41.1181338],[16.3379892,41.1176141],[16.3367499,41.1164022],[16.3307811,41.1123437],[16.3272108,41.110579],[16.3264254,41.1100713],[16.3268672,41.1089948],[16.3268843,41.1086158],[16.326512,41.1078927],[16.3258076,41.1072584],[16.3250691,41.1071166],[16.3239241,41.1070639],[16.3227772,41.1067817],[16.3220625,41.106427],[16.3215756,41.1057158],[16.3179564,41.0992703],[16.3169016,41.0971466],[16.3152403,41.0944093],[16.3145908,41.0923452],[16.3127687,41.089951],[16.3110756,41.0897531],[16.3093996,41.0894416],[16.3078785,41.0882519],[16.3075591,41.0877863],[16.3074416,41.086705],[16.3070918,41.0863944],[16.3062543,41.0863488],[16.3055721,41.0854025],[16.3037559,41.0862606],[16.3034064,41.0861659],[16.3020612,41.0854868],[16.3008258,41.0851786],[16.2998215,41.0847837],[16.2970444,41.0840337],[16.297864,41.0833832],[16.2987892,41.0830408],[16.3009206,41.0833054],[16.3015764,41.0832142],[16.3018144,41.0826276],[16.3023736,41.0820161],[16.3019752,41.0816951],[16.3009931,41.0813122],[16.3009906,41.0808625],[16.301157,41.080033],[16.3008644,41.0797278],[16.2994183,41.0788076],[16.2986877,41.0780128],[16.2984299,41.0775388],[16.2985838,41.0770251],[16.2982386,41.0763272],[16.298204,41.0756951],[16.2987886,41.0753654],[16.2994404,41.0752114],[16.2991474,41.0741008],[16.2986834,41.0735904],[16.297278,41.0723662],[16.2938764,41.068853],[16.2873201,41.0627554],[16.2858088,41.0615377],[16.2811074,41.0554837],[16.2801542,41.0548199],[16.2786992,41.054026],[16.2774038,41.0529025],[16.272875,41.0468912],[16.2691921,41.041078],[16.2685756,41.0405007],[16.2660298,41.038597],[16.2657074,41.0379921],[16.2648517,41.0369171],[16.2647585,41.0363156],[16.2643228,41.0351689],[16.2637533,41.0340487],[16.2631624,41.0331909],[16.2632934,41.0324942],[16.2639491,41.0319757],[16.2655016,41.0303791],[16.267117,41.0290035],[16.2675196,41.0288295],[16.2676732,41.0280954],[16.2668641,41.0244844],[16.2666145,41.0238929],[16.2648029,41.0229009],[16.2618449,41.0219096],[16.259778,41.0203533],[16.2587553,41.0197792],[16.2580035,41.0195074],[16.2574616,41.0191187],[16.2570292,41.0183498],[16.2567144,41.0175149],[16.2562314,41.0169336],[16.2540374,41.0147869],[16.253659,41.0150717],[16.2520812,41.0157654],[16.2495728,41.0165855],[16.2469184,41.0176981],[16.2428766,41.0190243],[16.241679,41.0192619],[16.2397863,41.0192015],[16.2353126,41.0184671],[16.2339813,41.0185961],[16.2328599,41.0189323],[16.231828,41.0191099],[16.2305474,41.0192132],[16.229421,41.0194777],[16.2282332,41.0195886],[16.2238484,41.0197435],[16.2221542,41.0201382],[16.2210764,41.020467],[16.2182624,41.0218095],[16.2165118,41.0231525],[16.2147837,41.024296],[16.2125566,41.0253315],[16.211762,41.0255615],[16.2109515,41.0246451],[16.2104086,41.0236759],[16.2101193,41.0228258],[16.2099127,41.0218355],[16.2095994,41.0210903],[16.2085715,41.0193823],[16.2081563,41.018846],[16.2076887,41.0179395],[16.2071674,41.0160827],[16.2061837,41.0149657],[16.2032692,41.0135741],[16.202313,41.0127884],[16.2017851,41.0125516],[16.1997536,41.0113564],[16.1979096,41.0106263],[16.1971032,41.0102045],[16.1964844,41.0100859],[16.1942209,41.0104889],[16.1930751,41.009598],[16.1919483,41.0090703],[16.1915735,41.0087653],[16.1910466,41.0085914],[16.1901705,41.0087813],[16.1896244,41.0094635],[16.1887553,41.0107777],[16.1874037,41.0149612],[16.1857192,41.0185177],[16.1851158,41.0193294],[16.1852329,41.0198845],[16.1861714,41.0212159],[16.1862654,41.0218309],[16.1855279,41.0223675],[16.181959,41.0258081],[16.1813286,41.026509],[16.1810906,41.0271583],[16.1812299,41.0275095],[16.1820057,41.0283292],[16.1820707,41.0287616],[16.1819716,41.0291052],[16.1840553,41.0359125],[16.1851873,41.0366199],[16.1857342,41.03722],[16.186573,41.0375814],[16.1873064,41.0380933],[16.187603,41.0386326],[16.1880174,41.0403568],[16.1881496,41.0412664],[16.1882394,41.0429299],[16.1885205,41.0433802],[16.191014,41.0458019],[16.1933689,41.0475528],[16.1951979,41.0487338],[16.1979177,41.0511276],[16.1999183,41.0538725],[16.2012168,41.0551992],[16.2089266,41.0623542],[16.2091075,41.0629457],[16.209039,41.0633235],[16.2081088,41.0645158],[16.2071048,41.0655237],[16.2064832,41.0660082],[16.2048328,41.0656216],[16.2041332,41.0656116],[16.2035895,41.0657492],[16.2013116,41.0656314],[16.2003507,41.0657322],[16.198292,41.0663385],[16.1970806,41.0664325],[16.195714,41.0661404],[16.1939296,41.0660769],[16.1924933,41.0663425],[16.1914929,41.0666797],[16.1893543,41.0679702],[16.1859673,41.0702387],[16.1848387,41.0708719],[16.1843832,41.0713549],[16.1827289,41.0721559],[16.1817297,41.0733748],[16.1808107,41.0751646],[16.1800975,41.0760371],[16.1793131,41.0767477],[16.1779611,41.0784386],[16.1772952,41.0790922],[16.1768642,41.0796366],[16.1764044,41.0805427],[16.1756831,41.0815597],[16.1746808,41.0819914],[16.1729861,41.0824259],[16.1711892,41.0825788],[16.1697795,41.082874],[16.1676553,41.0840327],[16.1662602,41.0850063],[16.1646091,41.0859778],[16.1636779,41.0864365],[16.1605002,41.0887317],[16.159579,41.0890637],[16.1578509,41.0904494],[16.1611541,41.0959482],[16.1610597,41.0973443],[16.1617141,41.0986262],[16.1626636,41.1013565],[16.1627727,41.102083],[16.1636609,41.1025089],[16.1640594,41.102808],[16.1640069,41.1031172],[16.1635367,41.1042309],[16.1640825,41.1060685],[16.1640681,41.1066993],[16.1638628,41.1072161],[16.1638259,41.1077493],[16.164498,41.109327],[16.1644491,41.11005],[16.1638711,41.1117013],[16.1634995,41.1120845],[16.161965,41.1124144],[16.1618392,41.1127057],[16.161929,41.1129835],[16.1616477,41.1132396],[16.1611228,41.1132004],[16.1606273,41.1134023],[16.160621,41.1138076],[16.1603769,41.1142143],[16.1600838,41.1143631],[16.1588482,41.1145708],[16.1570025,41.1153205],[16.1553634,41.1162732],[16.1532817,41.117042],[16.1519362,41.1177424],[16.1512325,41.1182452],[16.1506796,41.1181133],[16.1500148,41.1181817],[16.1491479,41.1183888],[16.1472035,41.1195719],[16.1461512,41.1199885],[16.1450292,41.1205848],[16.1392572,41.1230367],[16.1407157,41.1280391],[16.1391056,41.1292912],[16.1380119,41.1300118],[16.1370415,41.1304726],[16.136437,41.1306588],[16.1323815,41.1310957],[16.1313536,41.1314656],[16.1304554,41.1320164],[16.128553,41.1329627],[16.1277863,41.1334918],[16.1264794,41.1336226],[16.125816,41.1338978],[16.1253954,41.1342704],[16.1251064,41.1362096],[16.1245025,41.1365666],[16.1215618,41.1379282],[16.1203143,41.1387436],[16.1180784,41.1404033],[16.1134729,41.1429074],[16.1092513,41.1442627],[16.1080795,41.1447629],[16.1076478,41.1451181],[16.1053498,41.1481582],[16.1044586,41.1489963],[16.1034078,41.1503663],[16.1022371,41.1515637],[16.101719,41.1519737],[16.1012332,41.1528182],[16.0996893,41.1537598],[16.0991264,41.1544696],[16.098586,41.1549485],[16.0978916,41.1552704],[16.0973587,41.1556814],[16.0971649,41.1560624],[16.0957999,41.15558],[16.0952268,41.1564163],[16.0948274,41.1568235],[16.0938059,41.1576427],[16.0917775,41.1596085],[16.0900614,41.1625628],[16.0896175,41.1629997],[16.0885715,41.1647202],[16.0880952,41.1653255],[16.0877071,41.1662494],[16.087105,41.1669031],[16.085962,41.1692415],[16.0852283,41.1701912],[16.084829,41.1712328],[16.0846699,41.1724305],[16.0844991,41.1730259],[16.0844514,41.1737398],[16.0840701,41.1751132]]]},"properties":{"type":"boundary","gemeente":"Andria"}}]}