{"type":"FeatureCollection","metadata":{"gemeente":"Avellino","slug":"avellino","generated_at":"2026-09-26T14:26:54.401373Z","total_points":181,"providers":["PosteItaliane","DPD","InPost","GLS","DHL","Amazon","FedEx"],"bounds":[14.764211,40.892672,14.825025,40.94252803]},"features":[{"type":"Feature","geometry":{"type":"Point","coordinates":[14.79427928,40.91806429]},"properties":{"type":"pakketpunt","locatieNaam":"Tabaccheria N. 48","straatNaam":"Via Circumvallazione","straatNr":"205","vervoerder":"PosteItaliane","puntType":"servicepunt","bezettingsgraad":50,"latitude":40.91806429,"longitude":14.79427928,"canPickup":true,"canDropoff":true,"openingstijden":{"za":"07:30 - 13:30, 16:00 - 21:00","zo":"07:30 - 13:30","ma":"07:30 - 13:30, 16:00 - 21:00","di":"07:30 - 13:30, 16:00 - 21:00","wo":"07:30 - 13:30, 16:00 - 21:00","do":"07:30 - 13:30, 16:00 - 21:00","vr":"07:30 - 13:30, 16:00 - 21:00"}}},{"type":"Feature","geometry":{"type":"Point","coordinates":[14.77037531,40.91087049]},"properties":{"type":"pakketpunt","locatieNaam":"Tabaccheria N. 2","straatNaam":"Viale Italia","straatNr":"347","vervoerder":"PosteItaliane","puntType":"servicepunt","bezettingsgraad":50,"latitude":40.91087049,"longitude":14.77037531,"canPickup":true,"canDropoff":true,"openingstijden":{"za":"07:30 - 13:15, 15:30 - 21:00","zo":"07:30 - 13:15, 15:30 - 21:00","ma":"07:30 - 13:15, 15:30 - 21:00","di":"07:30 - 13:15, 15:30 - 21:00","wo":"07:30 - 13:15, 15:30 - 21:00","do":"07:30 - 13:15, 15:30 - 21:00","vr":"07:30 - 13:15, 15:30 - 21:00"}}},{"type":"Feature","geometry":{"type":"Point","coordinates":[14.79122311,40.91438013]},"properties":{"type":"pakketpunt","locatieNaam":"Tabaccheria N. 3","straatNaam":"Corso Vittorio Emanuele Ii","straatNr":"26","vervoerder":"PosteItaliane","puntType":"servicepunt","bezettingsgraad":50,"latitude":40.91438013,"longitude":14.79122311,"canPickup":true,"canDropoff":true,"openingstijden":{"za":"08:00 - 13:00, 16:00 - 20:00","zo":"gesloten","ma":"08:00 - 13:00, 16:00 - 20:00","di":"08:00 - 13:00, 16:00 - 20:00","wo":"07:08 - 13:00, 16:00 - 20:00","do":"08:00 - 13:00, 16:00 - 20:00","vr":"08:00 - 13:00, 16:00 - 20:00"}}},{"type":"Feature","geometry":{"type":"Point","coordinates":[14.79982018,40.89267227]},"properties":{"type":"pakketpunt","locatieNaam":"Bellizzi Irpino","straatNaam":"Via Francesco Giancola","straatNr":"1/d","vervoerder":"PosteItaliane","puntType":"postkantoor","bezettingsgraad":50,"latitude":40.89267227,"longitude":14.79982018,"canPickup":true,"canDropoff":true,"openingstijden":{"za":"08:20 - 12:35","zo":"gesloten","ma":"08:20 - 13:35","di":"08:20 - 13:35","wo":"08:20 - 13:35","do":"08:20 - 13:35","vr":"08:20 - 13:35"}}},{"type":"Feature","geometry":{"type":"Point","coordinates":[14.79637551,40.94252803]},"properties":{"type":"pakketpunt","locatieNaam":"Picarelli","straatNaam":"Via San Salvatore","straatNr":"66","vervoerder":"PosteItaliane","puntType":"postkantoor","bezettingsgraad":50,"latitude":40.94252803,"longitude":14.79637551,"canPickup":true,"canDropoff":true,"openingstijden":{"za":"08:20 - 12:45","zo":"gesloten","ma":"08:20 - 13:45","di":"08:20 - 13:45","wo":"08:20 - 13:45","do":"08:20 - 13:45","vr":"08:20 - 13:45"}}},{"type":"Feature","geometry":{"type":"Point","coordinates":[14.79149209,40.91319308]},"properties":{"type":"pakketpunt","locatieNaam":"Avellino De Sanctis","straatNaam":"Via Francesco De Sanctis","straatNr":"5","vervoerder":"PosteItaliane","puntType":"postkantoor","bezettingsgraad":50,"latitude":40.91319308,"longitude":14.79149209,"canPickup":true,"canDropoff":true,"openingstijden":{"za":"08:20 - 12:35","zo":"gesloten","ma":"08:20 - 19:05","di":"08:20 - 19:05","wo":"08:20 - 19:05","do":"08:20 - 19:05","vr":"08:20 - 19:05"}}},{"type":"Feature","geometry":{"type":"Point","coordinates":[14.78322492,40.92078005]},"properties":{"type":"pakketpunt","locatieNaam":"Avellino 5","straatNaam":"Via Giovanni Di Guglielmo","straatNr":"10","vervoerder":"PosteItaliane","puntType":"postkantoor","bezettingsgraad":50,"latitude":40.92078005,"longitude":14.78322492,"canPickup":true,"canDropoff":true,"openingstijden":{"za":"08:20 - 12:35","zo":"gesloten","ma":"08:20 - 13:35","di":"08:20 - 13:35","wo":"08:20 - 13:35","do":"08:20 - 13:35","vr":"08:20 - 13:35"}}},{"type":"Feature","geometry":{"type":"Point","coordinates":[14.81968175,40.92127253]},"properties":{"type":"pakketpunt","locatieNaam":"Avellino 1","straatNaam":"Via Francesco Tedesco","straatNr":"403","vervoerder":"PosteItaliane","puntType":"postkantoor","bezettingsgraad":50,"latitude":40.92127253,"longitude":14.81968175,"canPickup":true,"canDropoff":true,"openingstijden":{"za":"08:20 - 12:35","zo":"gesloten","ma":"08:20 - 13:35","di":"08:20 - 13:35","wo":"08:20 - 13:35","do":"08:20 - 13:35","vr":"08:20 - 13:35"}}},{"type":"Feature","geometry":{"type":"Point","coordinates":[14.79825276,40.90690383]},"properties":{"type":"pakketpunt","locatieNaam":"Avellino 4","straatNaam":"Via San Tommaso","straatNr":"31","vervoerder":"PosteItaliane","puntType":"postkantoor","bezettingsgraad":50,"latitude":40.90690383,"longitude":14.79825276,"canPickup":true,"canDropoff":true,"openingstijden":{"za":"08:20 - 12:35","zo":"gesloten","ma":"08:20 - 13:35","di":"08:20 - 13:35","wo":"08:20 - 13:35","do":"08:20 - 13:35","vr":"08:20 - 13:35"}}},{"type":"Feature","geometry":{"type":"Point","coordinates":[14.78945822,40.92028934]},"properties":{"type":"pakketpunt","locatieNaam":"Avellino 7","straatNaam":"Piazzetta Enrico Cocchia","straatNr":"1","vervoerder":"PosteItaliane","puntType":"postkantoor","bezettingsgraad":50,"latitude":40.92028934,"longitude":14.78945822,"canPickup":true,"canDropoff":true,"openingstijden":{"za":"08:20 - 12:35","zo":"gesloten","ma":"08:20 - 13:35","di":"08:20 - 13:35","wo":"08:20 - 13:35","do":"08:20 - 13:35","vr":"08:20 - 13:35"}}},{"type":"Feature","geometry":{"type":"Point","coordinates":[14.76578063,40.91726828]},"properties":{"type":"pakketpunt","locatieNaam":"Valle Ponticelli","straatNaam":"Via Vincenzo De Napoli","straatNr":"93","vervoerder":"PosteItaliane","puntType":"postkantoor","bezettingsgraad":50,"latitude":40.91726828,"longitude":14.76578063,"canPickup":true,"canDropoff":true,"openingstijden":{"za":"08:20 - 12:35","zo":"gesloten","ma":"08:20 - 13:35","di":"08:20 - 13:35","wo":"08:20 - 13:35","do":"08:20 - 13:35","vr":"08:20 - 13:35"}}},{"type":"Feature","geometry":{"type":"Point","coordinates":[14.79921513,40.916143]},"properties":{"type":"pakketpunt","locatieNaam":"Avellino 3","straatNaam":"Via Circumvallazione","straatNr":"299","vervoerder":"PosteItaliane","puntType":"postkantoor","bezettingsgraad":50,"latitude":40.916143,"longitude":14.79921513,"canPickup":true,"canDropoff":true,"openingstijden":{"za":"08:20 - 12:35","zo":"gesloten","ma":"08:20 - 13:35","di":"08:20 - 13:35","wo":"08:20 - 13:35","do":"08:20 - 13:35","vr":"08:20 - 13:35"}}},{"type":"Feature","geometry":{"type":"Point","coordinates":[14.78663232,40.91567607]},"properties":{"type":"pakketpunt","locatieNaam":"Avellino 6","straatNaam":"Piazza Alfredo De Marsico Snc","straatNr":"1","vervoerder":"PosteItaliane","puntType":"postkantoor","bezettingsgraad":50,"latitude":40.91567607,"longitude":14.78663232,"canPickup":true,"canDropoff":true,"openingstijden":{"ma":"gesloten","di":"gesloten","wo":"gesloten","do":"gesloten","vr":"gesloten","za":"gesloten","zo":"gesloten"}}},{"type":"Feature","geometry":{"type":"Point","coordinates":[14.78588168,40.91290127]},"properties":{"type":"pakketpunt","locatieNaam":"Avellino 8","straatNaam":"Via Ferdinando Iannaccone","straatNr":"23","vervoerder":"PosteItaliane","puntType":"postkantoor","bezettingsgraad":50,"latitude":40.91290127,"longitude":14.78588168,"canPickup":true,"canDropoff":true,"openingstijden":{"za":"08:20 - 12:45","zo":"gesloten","ma":"08:20 - 13:45","di":"08:20 - 13:45","wo":"08:20 - 13:45","do":"08:20 - 13:45","vr":"08:20 - 13:45"}}},{"type":"Feature","geometry":{"type":"Point","coordinates":[14.78181035,40.91455706]},"properties":{"type":"pakketpunt","locatieNaam":"Avellino 2","straatNaam":"Via Fratelli Del Gaudio","straatNr":"59","vervoerder":"PosteItaliane","puntType":"postkantoor","bezettingsgraad":50,"latitude":40.91455706,"longitude":14.78181035,"canPickup":true,"canDropoff":true,"openingstijden":{"za":"08:20 - 12:35","zo":"gesloten","ma":"08:20 - 19:05","di":"08:20 - 19:05","wo":"08:20 - 19:05","do":"08:20 - 19:05","vr":"08:20 - 19:05"}}},{"type":"Feature","geometry":{"type":"Point","coordinates":[14.794169,40.91420761]},"properties":{"type":"pakketpunt","locatieNaam":"Tabaccheria N. 1","straatNaam":"Piazza Del Popolo","straatNr":"1","vervoerder":"PosteItaliane","puntType":"servicepunt","bezettingsgraad":50,"latitude":40.91420761,"longitude":14.794169,"canPickup":true,"canDropoff":true,"openingstijden":{"za":"07:30 - 13:30, 15:30 - 20:30","zo":"09:00 - 13:00, 17:00 - 20:30","ma":"07:30 - 13:30, 15:30 - 20:30","di":"07:30 - 13:30, 15:30 - 20:30","wo":"07:30 - 13:30, 15:30 - 20:30","do":"07:30 - 13:30, 15:30 - 20:30","vr":"07:30 - 13:30, 15:30 - 20:30"}}},{"type":"Feature","geometry":{"type":"Point","coordinates":[14.780228,40.91586616]},"properties":{"type":"pakketpunt","locatieNaam":"Autostazione Air Campania","straatNaam":"Via Francesco Fariello Snc","straatNr":"1","vervoerder":"PosteItaliane","puntType":"automaat","bezettingsgraad":50,"latitude":40.91586616,"longitude":14.780228,"canPickup":true,"canDropoff":true,"openingstijden":{"za":"07:00 - 21:00","zo":"gesloten","ma":"07:00 - 21:00","di":"07:00 - 21:00","wo":"07:00 - 21:00","do":"07:00 - 21:00","vr":"07:00 - 21:00"}}},{"type":"Feature","geometry":{"type":"Point","coordinates":[14.79440175,40.91053351]},"properties":{"type":"pakketpunt","locatieNaam":"Bar Julia","straatNaam":"Via Due Principati","straatNr":"132","vervoerder":"PosteItaliane","puntType":"servicepunt","bezettingsgraad":50,"latitude":40.91053351,"longitude":14.79440175,"canPickup":true,"canDropoff":true,"openingstijden":{"za":"06:30 - 13:30, 15:30 - 22:00","zo":"gesloten","ma":"06:30 - 13:30, 15:30 - 22:00","di":"06:30 - 13:30, 15:30 - 22:00","wo":"06:30 - 13:30, 15:30 - 22:00","do":"06:30 - 13:30, 15:30 - 22:00","vr":"06:30 - 13:30, 15:30 - 22:00"}}},{"type":"Feature","geometry":{"type":"Point","coordinates":[14.80133772,40.91484378]},"properties":{"type":"pakketpunt","locatieNaam":"Tabaccheria N. 14","straatNaam":"Corso Umberto I","straatNr":"326","vervoerder":"PosteItaliane","puntType":"servicepunt","bezettingsgraad":50,"latitude":40.91484378,"longitude":14.80133772,"canPickup":true,"canDropoff":true,"openingstijden":{"za":"07:30 - 13:30, 16:00 - 20:30","zo":"08:00 - 13:30","ma":"07:30 - 13:30, 16:00 - 20:30","di":"07:30 - 13:30, 16:00 - 20:30","wo":"07:30 - 13:30, 16:00 - 20:30","do":"07:30 - 13:30, 16:00 - 20:30","vr":"07:30 - 13:30, 16:00 - 20:30"}}},{"type":"Feature","geometry":{"type":"Point","coordinates":[14.79193393,40.91805538]},"properties":{"type":"pakketpunt","locatieNaam":"Mbe Avellino","straatNaam":"Via Tuoro Cappuccini","straatNr":"11","vervoerder":"PosteItaliane","puntType":"servicepunt","bezettingsgraad":50,"latitude":40.91805538,"longitude":14.79193393,"canPickup":true,"canDropoff":true,"openingstijden":{"za":"gesloten","zo":"gesloten","ma":"08:30 - 17:30","di":"08:30 - 17:30","wo":"08:30 - 17:30","do":"08:30 - 17:30","vr":"08:30 - 16:30"}}},{"type":"Feature","geometry":{"type":"Point","coordinates":[14.79285275,40.91653338]},"properties":{"type":"pakketpunt","locatieNaam":"Tabaccheria N. 17","straatNaam":"Via Luigi Amabile","straatNr":"82","vervoerder":"PosteItaliane","puntType":"servicepunt","bezettingsgraad":50,"latitude":40.91653338,"longitude":14.79285275,"canPickup":true,"canDropoff":true,"openingstijden":{"za":"08:00 - 13:00, 16:00 - 19:30","zo":"gesloten","ma":"08:00 - 13:00, 16:00 - 19:30","di":"08:00 - 13:00, 16:00 - 19:30","wo":"08:00 - 13:00, 16:00 - 19:30","do":"08:00 - 13:00, 16:00 - 19:30","vr":"08:00 - 13:00, 16:00 - 19:30"}}},{"type":"Feature","geometry":{"type":"Point","coordinates":[14.77791987,40.91260586]},"properties":{"type":"pakketpunt","locatieNaam":"Prime Intermediary","straatNaam":"Viale Italia","straatNr":"46","vervoerder":"PosteItaliane","puntType":"automaat","bezettingsgraad":50,"latitude":40.91260586,"longitude":14.77791987,"canPickup":true,"canDropoff":true,"openingstijden":{"za":"09:00 - 13:00","zo":"gesloten","ma":"09:00 - 13:00","di":"09:00 - 13:00","wo":"09:00 - 13:00","do":"09:00 - 13:00","vr":"09:00 - 13:00"}}},{"type":"Feature","geometry":{"type":"Point","coordinates":[14.7856431,40.91862317]},"properties":{"type":"pakketpunt","locatieNaam":"Tabaccheria N. 46","straatNaam":"Via Piave","straatNr":"72","vervoerder":"PosteItaliane","puntType":"servicepunt","bezettingsgraad":50,"latitude":40.91862317,"longitude":14.7856431,"canPickup":true,"canDropoff":true,"openingstijden":{"za":"09:00 - 13:00, 16:00 - 20:00","zo":"gesloten","ma":"09:00 - 13:00, 16:00 - 20:00","di":"09:00 - 13:00, 16:00 - 20:00","wo":"09:00 - 13:00, 16:00 - 20:00","do":"09:00 - 13:00, 16:00 - 20:00","vr":"09:00 - 13:00, 16:00 - 20:00"}}},{"type":"Feature","geometry":{"type":"Point","coordinates":[14.77044304,40.91660294]},"properties":{"type":"pakketpunt","locatieNaam":"Tabaccheria N. 50","straatNaam":"Via Raffaele Aversa","straatNr":"49","vervoerder":"PosteItaliane","puntType":"servicepunt","bezettingsgraad":50,"latitude":40.91660294,"longitude":14.77044304,"canPickup":true,"canDropoff":true,"openingstijden":{"za":"08:00 - 13:30, 16:30 - 20:30","zo":"gesloten","ma":"08:00 - 13:30, 16:30 - 20:30","di":"08:00 - 13:30, 16:30 - 20:30","wo":"08:00 - 13:30, 16:30 - 20:30","do":"08:00 - 13:30, 16:30 - 20:30","vr":"08:00 - 13:30, 16:30 - 20:30"}}},{"type":"Feature","geometry":{"type":"Point","coordinates":[14.78629723,40.91354605]},"properties":{"type":"pakketpunt","locatieNaam":"Tabaccheria N. 4","straatNaam":"Corso Vittorio Emanuele Ii","straatNr":"253","vervoerder":"PosteItaliane","puntType":"servicepunt","bezettingsgraad":50,"latitude":40.91354605,"longitude":14.78629723,"canPickup":true,"canDropoff":true,"openingstijden":{"za":"07:30 - 13:30, 15:30 - 21:00","zo":"10:00 - 13:00","ma":"07:30 - 13:30, 15:30 - 21:00","di":"07:30 - 13:30, 15:30 - 21:00","wo":"07:30 - 13:30, 15:30 - 21:00","do":"07:30 - 13:30, 15:30 - 21:00","vr":"07:30 - 13:30, 15:30 - 21:00"}}},{"type":"Feature","geometry":{"type":"Point","coordinates":[14.78810689,40.91562063]},"properties":{"type":"pakketpunt","locatieNaam":"Kipoint Via Circomvallazione","straatNaam":"Via Circumvallazione","straatNr":"5","vervoerder":"PosteItaliane","puntType":"servicepunt","bezettingsgraad":50,"latitude":40.91562063,"longitude":14.78810689,"canPickup":true,"canDropoff":true,"openingstijden":{"za":"gesloten","zo":"gesloten","ma":"08:00 - 13:00, 16:00 - 19:00","di":"08:00 - 13:00, 16:00 - 19:00","wo":"08:00 - 13:00, 16:00 - 19:00","do":"08:00 - 13:00, 16:00 - 19:00","vr":"08:00 - 13:00, 16:00 - 19:00"}}},{"type":"Feature","geometry":{"type":"Point","coordinates":[14.78443771,40.91725081]},"properties":{"type":"pakketpunt","locatieNaam":"Tabaccheria N. 32","straatNaam":"Via Tagliamento","straatNr":"52","vervoerder":"PosteItaliane","puntType":"servicepunt","bezettingsgraad":50,"latitude":40.91725081,"longitude":14.78443771,"canPickup":true,"canDropoff":true,"openingstijden":{"za":"06:00 - 13:30, 16:00 - 20:30","zo":"gesloten","ma":"06:00 - 13:30, 16:00 - 20:30","di":"06:00 - 13:30, 16:00 - 20:30","wo":"06:00 - 13:30, 16:00 - 20:30","do":"06:00 - 13:30, 16:00 - 20:30","vr":"06:00 - 13:30, 16:00 - 20:30"}}},{"type":"Feature","geometry":{"type":"Point","coordinates":[14.7865051,40.9135724]},"properties":{"type":"pakketpunt","locatieNaam":"Tabaccheria N. 6","straatNaam":"Corso Vittorio Emanuele Ii","straatNr":"229","vervoerder":"PosteItaliane","puntType":"servicepunt","bezettingsgraad":50,"latitude":40.9135724,"longitude":14.7865051,"canPickup":true,"canDropoff":true,"openingstijden":{"za":"08:30 - 14:00, 16:00 - 21:00","zo":"gesloten","ma":"08:30 - 14:00, 16:00 - 21:00","di":"08:30 - 14:00, 16:00 - 21:00","wo":"08:30 - 14:00, 16:00 - 21:00","do":"08:30 - 14:00, 16:00 - 21:00","vr":"08:30 - 14:00, 16:00 - 21:00"}}},{"type":"Feature","geometry":{"type":"Point","coordinates":[14.79305553,40.91250814]},"properties":{"type":"pakketpunt","locatieNaam":"Tabaccheria N. 30","straatNaam":"Largo Ponte Ferriera","straatNr":"7","vervoerder":"PosteItaliane","puntType":"servicepunt","bezettingsgraad":50,"latitude":40.91250814,"longitude":14.79305553,"canPickup":true,"canDropoff":true,"openingstijden":{"za":"07:00 - 13:30, 15:00 - 20:30","zo":"gesloten","ma":"07:00 - 13:30, 15:00 - 20:30","di":"07:00 - 13:30, 15:00 - 20:30","wo":"07:00 - 13:30, 15:00 - 20:30","do":"07:00 - 13:30, 15:00 - 20:30","vr":"07:00 - 13:30, 15:00 - 20:30"}}},{"type":"Feature","geometry":{"type":"Point","coordinates":[14.77891941,40.91275159]},"properties":{"type":"pakketpunt","locatieNaam":"Svaporize","straatNaam":"Viale Italia","straatNr":"30","vervoerder":"PosteItaliane","puntType":"servicepunt","bezettingsgraad":50,"latitude":40.91275159,"longitude":14.77891941,"canPickup":true,"canDropoff":true,"openingstijden":{"za":"09:00 - 13:00, 16:00 - 20:30","zo":"gesloten","ma":"09:00 - 13:00, 16:00 - 20:00","di":"09:00 - 13:00, 16:00 - 20:00","wo":"09:00 - 13:00, 16:00 - 20:00","do":"09:00 - 13:00, 16:00 - 20:00","vr":"09:00 - 13:00, 16:00 - 20:00"}}},{"type":"Feature","geometry":{"type":"Point","coordinates":[14.82399511,40.93128017]},"properties":{"type":"pakketpunt","locatieNaam":"Tabaccheria N. 12","straatNaam":"Via Pianodardine","straatNr":"61","vervoerder":"PosteItaliane","puntType":"servicepunt","bezettingsgraad":50,"latitude":40.93128017,"longitude":14.82399511,"canPickup":true,"canDropoff":true,"openingstijden":{"za":"08:00 - 13:00, 15:00 - 19:00","zo":"gesloten","ma":"08:00 - 13:00, 15:00 - 19:00","di":"08:00 - 13:00, 15:00 - 19:00","wo":"08:00 - 13:00, 15:00 - 19:00","do":"08:00 - 13:00, 15:00 - 19:00","vr":"08:00 - 13:00, 15:00 - 19:00"}}},{"type":"Feature","geometry":{"type":"Point","coordinates":[14.77813858,40.91433463]},"properties":{"type":"pakketpunt","locatieNaam":"Tabaccheria N. 39","straatNaam":"Via Cristoforo Colombo","straatNr":"96","vervoerder":"PosteItaliane","puntType":"servicepunt","bezettingsgraad":50,"latitude":40.91433463,"longitude":14.77813858,"canPickup":true,"canDropoff":true,"openingstijden":{"za":"07:00 - 14:15, 15:30 - 21:00","zo":"gesloten","ma":"07:00 - 14:15, 15:30 - 21:00","di":"07:00 - 14:15, 15:30 - 21:00","wo":"07:00 - 14:15, 15:30 - 21:00","do":"07:00 - 14:15, 15:30 - 21:00","vr":"07:00 - 14:15, 15:30 - 21:00"}}},{"type":"Feature","geometry":{"type":"Point","coordinates":[14.77339749,40.91166407]},"properties":{"type":"pakketpunt","locatieNaam":"Tabaccheria N. 8","straatNaam":"Viale Italia","straatNr":"245","vervoerder":"PosteItaliane","puntType":"servicepunt","bezettingsgraad":50,"latitude":40.91166407,"longitude":14.77339749,"canPickup":true,"canDropoff":true,"openingstijden":{"za":"09:30 - 11:30","zo":"gesloten","ma":"09:30 - 11:30","di":"09:30 - 11:30","wo":"09:30 - 11:30","do":"09:30 - 11:30","vr":"09:30 - 11:30"}}},{"type":"Feature","geometry":{"type":"Point","coordinates":[14.78374176,40.91506347]},"properties":{"type":"pakketpunt","locatieNaam":"Tabaccheria N. 5","straatNaam":"Via Cristoforo Colombo","straatNr":"11","vervoerder":"PosteItaliane","puntType":"servicepunt","bezettingsgraad":50,"latitude":40.91506347,"longitude":14.78374176,"canPickup":true,"canDropoff":true,"openingstijden":{"za":"08:00 - 13:30, 16:30 - 20:30","zo":"gesloten","ma":"08:00 - 13:30, 16:30 - 20:30","di":"08:00 - 13:30, 16:30 - 20:30","wo":"08:00 - 13:30, 16:30 - 20:30","do":"08:00 - 13:30, 16:30 - 20:30","vr":"08:00 - 13:30, 16:30 - 20:30"}}},{"type":"Feature","geometry":{"type":"Point","coordinates":[14.79245944,40.91268406]},"properties":{"type":"pakketpunt","locatieNaam":"Tabaccheria N. 43","straatNaam":"Via Due Principati","straatNr":"52","vervoerder":"PosteItaliane","puntType":"servicepunt","bezettingsgraad":50,"latitude":40.91268406,"longitude":14.79245944,"canPickup":true,"canDropoff":true,"openingstijden":{"za":"07:30 - 14:00, 15:30 - 21:00","zo":"10:00 - 13:00","ma":"07:30 - 14:00, 15:30 - 21:00","di":"07:30 - 14:00, 15:30 - 21:00","wo":"07:30 - 14:00, 15:30 - 21:00","do":"07:30 - 14:00, 15:30 - 21:00","vr":"07:30 - 14:00, 15:30 - 21:00"}}},{"type":"Feature","geometry":{"type":"Point","coordinates":[14.7830605,40.92140389]},"properties":{"type":"pakketpunt","locatieNaam":"Tabaccheria N. 51","straatNaam":"Via Tagliamento","straatNr":"140","vervoerder":"PosteItaliane","puntType":"servicepunt","bezettingsgraad":50,"latitude":40.92140389,"longitude":14.7830605,"canPickup":true,"canDropoff":true,"openingstijden":{"za":"08:30 - 13:30, 16:30 - 20:30","zo":"gesloten","ma":"08:30 - 13:30, 16:30 - 20:30","di":"08:30 - 13:30, 16:30 - 20:30","wo":"08:30 - 13:30, 16:30 - 20:30","do":"08:30 - 13:30, 16:30 - 20:30","vr":"08:30 - 13:30, 16:30 - 20:30"}}},{"type":"Feature","geometry":{"type":"Point","coordinates":[14.76610395,40.92766471]},"properties":{"type":"pakketpunt","locatieNaam":"Tabaccheria N. 73","straatNaam":"Contrada Pennini Snc","straatNr":"3","vervoerder":"PosteItaliane","puntType":"servicepunt","bezettingsgraad":50,"latitude":40.92766471,"longitude":14.76610395,"canPickup":true,"canDropoff":true,"openingstijden":{"za":"08:00 - 13:00, 15:00 - 19:00","zo":"gesloten","ma":"08:00 - 13:00, 15:00 - 19:00","di":"08:00 - 13:00, 15:00 - 19:00","wo":"08:00 - 13:00, 15:00 - 19:00","do":"08:00 - 13:00, 15:00 - 19:00","vr":"08:00 - 13:00, 15:00 - 19:00"}}},{"type":"Feature","geometry":{"type":"Point","coordinates":[14.7979407,40.91446576]},"properties":{"type":"pakketpunt","locatieNaam":"Tabaccheria N. 11","straatNaam":"Corso Umberto I","straatNr":"107","vervoerder":"PosteItaliane","puntType":"servicepunt","bezettingsgraad":50,"latitude":40.91446576,"longitude":14.7979407,"canPickup":true,"canDropoff":true,"openingstijden":{"za":"06:30 - 13:30, 14:30 - 20:30","zo":"07:30 - 13:00","ma":"06:30 - 13:30, 14:30 - 20:30","di":"06:30 - 13:30, 14:30 - 20:30","wo":"06:30 - 13:30, 14:30 - 20:30","do":"06:30 - 13:30, 14:30 - 20:30","vr":"06:30 - 13:30, 14:30 - 20:30"}}},{"type":"Feature","geometry":{"type":"Point","coordinates":[14.78381184,40.91352612]},"properties":{"type":"pakketpunt","locatieNaam":"Curevapor","straatNaam":"Via Carmine Barone","straatNr":"6","vervoerder":"PosteItaliane","puntType":"servicepunt","bezettingsgraad":50,"latitude":40.91352612,"longitude":14.78381184,"canPickup":true,"canDropoff":true,"openingstijden":{"za":"09:00 - 13:00, 17:00 - 20:30","zo":"gesloten","ma":"09:00 - 13:00, 17:00 - 20:30","di":"09:00 - 13:00, 17:00 - 20:30","wo":"09:00 - 13:00, 17:00 - 20:30","do":"09:00 - 13:00, 17:00 - 20:30","vr":"09:00 - 13:00, 17:00 - 20:30"}}},{"type":"Feature","geometry":{"type":"Point","coordinates":[14.7884675,40.9152734]},"properties":{"type":"pakketpunt","locatieNaam":"Tabaccheria N. 21","straatNaam":"Via Pasquale Stanislao Mancini","straatNr":"156","vervoerder":"PosteItaliane","puntType":"servicepunt","bezettingsgraad":50,"latitude":40.9152734,"longitude":14.7884675,"canPickup":true,"canDropoff":true,"openingstijden":{"za":"07:30 - 13:45, 16:00 - 20:45","zo":"09:30 - 13:30, 17:00 - 20:30","ma":"07:30 - 13:45, 16:00 - 20:45","di":"07:30 - 13:45, 16:00 - 20:45","wo":"07:30 - 13:45, 16:00 - 20:45","do":"07:30 - 13:45, 16:00 - 20:45","vr":"07:30 - 13:45, 16:00 - 20:45"}}},{"type":"Feature","geometry":{"type":"Point","coordinates":[14.76421129,40.91532107]},"properties":{"type":"pakketpunt","locatieNaam":"Tabaccheria N. 18","straatNaam":"Piazza Don Giuseppe Morosini","straatNr":"15/a","vervoerder":"PosteItaliane","puntType":"servicepunt","bezettingsgraad":50,"latitude":40.91532107,"longitude":14.76421129,"canPickup":true,"canDropoff":true,"openingstijden":{"za":"08:00 - 13:00, 16:15 - 20:00","zo":"gesloten","ma":"08:00 - 13:00, 16:15 - 20:00","di":"08:00 - 13:00, 16:15 - 20:00","wo":"08:00 - 13:00, 16:15 - 20:00","do":"08:00 - 13:00, 16:15 - 20:00","vr":"08:00 - 13:00, 16:15 - 20:00"}}},{"type":"Feature","geometry":{"type":"Point","coordinates":[14.793052,40.911032]},"properties":{"type":"pakketpunt","locatieNaam":"Bar Julia","straatNaam":"VIA DUE PRINCIPATI","straatNr":"132-134","vervoerder":"DPD","puntType":"pickup_point","bezettingsgraad":50,"latitude":40.911032,"longitude":14.793052,"canPickup":true,"canDropoff":true,"openingstijden":{"ma":"06:30 - 14:00, 15:30 - 21:00","di":"06:30 - 14:00, 15:30 - 21:00","wo":"06:30 - 14:00, 15:30 - 21:00","do":"06:30 - 14:00, 15:30 - 21:00","vr":"06:30 - 14:00, 15:30 - 21:00","za":"06:30 - 14:00, 15:30 - 21:00","zo":"gesloten"}}},{"type":"Feature","geometry":{"type":"Point","coordinates":[14.79327652,40.91301567]},"properties":{"type":"pakketpunt","locatieNaam":"Mab Services","straatNaam":"VIA FERRIERA","straatNr":"70/72","vervoerder":"DPD","puntType":"pickup_point","bezettingsgraad":50,"latitude":40.91301567,"longitude":14.79327652,"canPickup":true,"canDropoff":true,"openingstijden":{"ma":"09:00 - 13:00, 15:00 - 19:00","di":"09:00 - 13:00, 15:00 - 19:00","wo":"09:00 - 13:00, 15:00 - 19:00","do":"09:00 - 13:00, 15:00 - 19:00","vr":"09:00 - 13:00, 15:00 - 19:00","za":"gesloten","zo":"gesloten"}}},{"type":"Feature","geometry":{"type":"Point","coordinates":[14.77795684,40.91438314]},"properties":{"type":"pakketpunt","locatieNaam":"Tabacchi - Roberto Riv. 39","straatNaam":"VIA C.COLOMBO","straatNr":"96-98","vervoerder":"DPD","puntType":"pickup_point","bezettingsgraad":50,"latitude":40.91438314,"longitude":14.77795684,"canPickup":true,"canDropoff":true,"openingstijden":{"ma":"07:00 - 14:15, 15:30 - 21:00","di":"07:00 - 14:15, 15:30 - 21:00","wo":"07:00 - 14:15, 15:30 - 21:00","do":"07:00 - 14:15, 15:30 - 21:00","vr":"07:00 - 14:15, 15:30 - 21:00","za":"07:00 - 14:15, 15:30 - 21:00","zo":"gesloten"}}},{"type":"Feature","geometry":{"type":"Point","coordinates":[14.78363904,40.91501044]},"properties":{"type":"pakketpunt","locatieNaam":"Tabacchi Riccardi","straatNaam":"VIA CRISTOFORO COLOMBO","straatNr":"11","vervoerder":"DPD","puntType":"pickup_point","bezettingsgraad":50,"latitude":40.91501044,"longitude":14.78363904,"canPickup":true,"canDropoff":true,"openingstijden":{"ma":"07:15 - 13:45, 16:00 - 20:30","di":"07:15 - 13:45, 16:00 - 20:30","wo":"07:15 - 13:45, 16:00 - 20:30","do":"07:15 - 13:45, 16:00 - 20:30","vr":"07:15 - 13:45, 16:00 - 20:30","za":"07:15 - 13:45, 16:00 - 20:30","zo":"07:15 - 13:45, 16:00 - 20:30"}}},{"type":"Feature","geometry":{"type":"Point","coordinates":[14.825025,40.938661]},"properties":{"type":"pakketpunt","locatieNaam":"Tabacchi Romeo","straatNaam":"CONTRADA FASANA","straatNr":"15B","vervoerder":"DPD","puntType":"pickup_point","bezettingsgraad":50,"latitude":40.938661,"longitude":14.825025,"canPickup":true,"canDropoff":true,"openingstijden":{"ma":"07:00 - 20:00","di":"07:00 - 20:00","wo":"07:00 - 20:00","do":"07:00 - 20:00","vr":"07:00 - 20:00","za":"07:00 - 13:00, 16:00 - 19:30","zo":"gesloten"}}},{"type":"Feature","geometry":{"type":"Point","coordinates":[14.7934386,40.91701911]},"properties":{"type":"pakketpunt","locatieNaam":"Eldorado Post Service-Avellino","straatNaam":"VIA SERAFINO SOLDI","straatNr":"34","vervoerder":"DPD","puntType":"pickup_point","bezettingsgraad":50,"latitude":40.91701911,"longitude":14.7934386,"canPickup":true,"canDropoff":true,"openingstijden":{"ma":"09:00 - 13:00, 14:00 - 18:00","di":"09:00 - 13:00, 14:00 - 18:00","wo":"09:00 - 13:00, 14:00 - 18:00","do":"09:00 - 13:00, 14:00 - 18:00","vr":"09:00 - 13:00, 14:00 - 18:00","za":"09:00 - 13:00, 14:00 - 18:00","zo":"gesloten"}}},{"type":"Feature","geometry":{"type":"Point","coordinates":[14.781295,40.913789]},"properties":{"type":"pakketpunt","locatieNaam":"Cartoleria Italiana","straatNaam":"VIA FRATELLI CIOCCA","straatNr":"30","vervoerder":"DPD","puntType":"pickup_point","bezettingsgraad":50,"latitude":40.913789,"longitude":14.781295,"canPickup":true,"canDropoff":true,"openingstijden":{"ma":"09:00 - 13:00, 16:00 - 20:00","di":"09:00 - 13:00, 16:00 - 20:00","wo":"09:00 - 13:00, 16:00 - 20:00","do":"09:00 - 13:00, 16:00 - 20:00","vr":"09:00 - 13:00, 16:00 - 20:00","za":"09:00 - 13:00","zo":"gesloten"}}},{"type":"Feature","geometry":{"type":"Point","coordinates":[14.78490959,40.91699929]},"properties":{"type":"pakketpunt","locatieNaam":"Nova Rigenerazione","straatNaam":"VIA TAGLIAMENTO","straatNr":"36","vervoerder":"DPD","puntType":"pickup_point","bezettingsgraad":50,"latitude":40.91699929,"longitude":14.78490959,"canPickup":true,"canDropoff":true,"openingstijden":{"ma":"08:30 - 13:00, 15:30 - 20:00","di":"08:30 - 13:00, 15:30 - 20:00","wo":"08:30 - 13:00, 15:30 - 20:00","do":"08:30 - 13:00, 15:30 - 20:00","vr":"08:30 - 13:00, 15:30 - 20:00","za":"08:30 - 13:00","zo":"gesloten"}}},{"type":"Feature","geometry":{"type":"Point","coordinates":[14.78561308,40.91777878]},"properties":{"type":"pakketpunt","locatieNaam":"SDT S.r.l.","straatNaam":"VIA VINCENZO VOLPE","straatNr":"58","vervoerder":"DPD","puntType":"pickup_point","bezettingsgraad":50,"latitude":40.91777878,"longitude":14.78561308,"canPickup":true,"canDropoff":true,"openingstijden":{"ma":"09:00 - 13:00, 16:00 - 18:00","di":"09:00 - 13:00, 16:00 - 18:00","wo":"09:00 - 13:00, 16:00 - 18:00","do":"09:00 - 13:00, 16:00 - 18:00","vr":"09:00 - 13:00, 16:00 - 18:00","za":"gesloten","zo":"gesloten"}}},{"type":"Feature","geometry":{"type":"Point","coordinates":[14.791869648,40.9180584222]},"properties":{"type":"pakketpunt","locatieNaam":"Mail Boxes Etc-Avellino","straatNaam":"VIA T. CAPPUCCINI","straatNr":"5-11","vervoerder":"DPD","puntType":"pickup_point","bezettingsgraad":50,"latitude":40.9180584222,"longitude":14.791869648,"canPickup":true,"canDropoff":true,"openingstijden":{"ma":"08:30 - 17:30","di":"08:30 - 17:30","wo":"08:30 - 17:30","do":"08:30 - 17:30","vr":"08:30 - 17:30","za":"gesloten","zo":"gesloten"}}},{"type":"Feature","geometry":{"type":"Point","coordinates":[14.7837525,40.9135457]},"properties":{"type":"pakketpunt","locatieNaam":"CureVapor","straatNaam":"VIA C. BARONE","straatNr":"6-8","vervoerder":"DPD","puntType":"pickup_point","bezettingsgraad":50,"latitude":40.9135457,"longitude":14.7837525,"canPickup":true,"canDropoff":true,"openingstijden":{"ma":"09:00 - 13:00, 17:00 - 20:30","di":"09:00 - 13:00, 17:00 - 20:30","wo":"09:00 - 13:00, 17:00 - 20:30","do":"09:00 - 13:00, 17:00 - 20:30","vr":"09:00 - 13:00, 17:00 - 20:30","za":"09:00 - 13:00, 17:00 - 20:30","zo":"gesloten"}}},{"type":"Feature","geometry":{"type":"Point","coordinates":[14.78803734,40.9156058]},"properties":{"type":"pakketpunt","locatieNaam":"KiPoint Avellino","straatNaam":"VIA CIRCUMVALLAZIONE","straatNr":"5","vervoerder":"DPD","puntType":"pickup_point","bezettingsgraad":50,"latitude":40.9156058,"longitude":14.78803734,"canPickup":true,"canDropoff":true,"openingstijden":{"ma":"08:00 - 13:00, 16:00 - 19:00","di":"08:00 - 13:00, 16:00 - 19:00","wo":"08:00 - 13:00, 16:00 - 19:00","do":"08:00 - 13:00, 16:00 - 19:00","vr":"08:00 - 13:00, 16:00 - 19:00","za":"gesloten","zo":"gesloten"}}},{"type":"Feature","geometry":{"type":"Point","coordinates":[14.793,40.911]},"properties":{"type":"pakketpunt","locatieNaam":"InPost Locker","straatNaam":"Via Due Principati","straatNr":"132","vervoerder":"InPost","puntType":"automaat","bezettingsgraad":50,"latitude":40.911,"longitude":14.793,"canPickup":true,"canDropoff":true,"openingstijden":null}},{"type":"Feature","geometry":{"type":"Point","coordinates":[14.79421,40.91253]},"properties":{"type":"pakketpunt","locatieNaam":"InPost Locker 24/7","straatNaam":"Via Largo Ferriera","straatNr":"84","vervoerder":"InPost","puntType":"automaat","bezettingsgraad":50,"latitude":40.91253,"longitude":14.79421,"canPickup":true,"canDropoff":true,"openingstijden":null}},{"type":"Feature","geometry":{"type":"Point","coordinates":[14.76883,40.91343]},"properties":{"type":"pakketpunt","locatieNaam":"InPost Locker 24/7","straatNaam":"Via Arturo Vietri","straatNr":"27","vervoerder":"InPost","puntType":"automaat","bezettingsgraad":50,"latitude":40.91343,"longitude":14.76883,"canPickup":true,"canDropoff":true,"openingstijden":null}},{"type":"Feature","geometry":{"type":"Point","coordinates":[14.78332,40.91856]},"properties":{"type":"pakketpunt","locatieNaam":"InPost Locker","straatNaam":"Via Tagliamento","straatNr":"215","vervoerder":"InPost","puntType":"automaat","bezettingsgraad":50,"latitude":40.91856,"longitude":14.78332,"canPickup":true,"canDropoff":true,"openingstijden":null}},{"type":"Feature","geometry":{"type":"Point","coordinates":[14.80064,40.90393]},"properties":{"type":"pakketpunt","locatieNaam":"Entrando a sinistra","straatNaam":"Via Gioacchino Pedicini","straatNr":"48","vervoerder":"InPost","puntType":"automaat","bezettingsgraad":50,"latitude":40.90393,"longitude":14.80064,"canPickup":true,"canDropoff":true,"openingstijden":"Open from Monday to Saturday - Sunday half day"}},{"type":"Feature","geometry":{"type":"Point","coordinates":[14.81937,40.92929]},"properties":{"type":"pakketpunt","locatieNaam":"InPost Locker 24/7","straatNaam":"Contrada Fontanatetta","straatNr":"24","vervoerder":"InPost","puntType":"automaat","bezettingsgraad":50,"latitude":40.92929,"longitude":14.81937,"canPickup":true,"canDropoff":true,"openingstijden":null}},{"type":"Feature","geometry":{"type":"Point","coordinates":[14.82425,40.9383]},"properties":{"type":"pakketpunt","locatieNaam":"InPost Locker 24/7","straatNaam":"Via Consortile Nucleo Industriale","straatNr":"","vervoerder":"InPost","puntType":"automaat","bezettingsgraad":50,"latitude":40.9383,"longitude":14.82425,"canPickup":true,"canDropoff":true,"openingstijden":null}},{"type":"Feature","geometry":{"type":"Point","coordinates":[14.7967,40.908]},"properties":{"type":"pakketpunt","locatieNaam":"InPost Locker 24/7","straatNaam":"via dei due Principati","straatNr":"","vervoerder":"InPost","puntType":"automaat","bezettingsgraad":50,"latitude":40.908,"longitude":14.7967,"canPickup":true,"canDropoff":true,"openingstijden":null}},{"type":"Feature","geometry":{"type":"Point","coordinates":[14.79351,40.91721]},"properties":{"type":"pakketpunt","locatieNaam":"InPost Point","straatNaam":"Via Serafino Soldi","straatNr":"34","vervoerder":"InPost","puntType":"servicepunt","bezettingsgraad":50,"latitude":40.91721,"longitude":14.79351,"canPickup":true,"canDropoff":true,"openingstijden":"Lun-Sab: 09:00 - 13:00 - 15:00 - 19:30"}},{"type":"Feature","geometry":{"type":"Point","coordinates":[14.79153,40.91396]},"properties":{"type":"pakketpunt","locatieNaam":"InPost Point","straatNaam":"Via Francesco De Sanctis","straatNr":"18","vervoerder":"InPost","puntType":"servicepunt","bezettingsgraad":50,"latitude":40.91396,"longitude":14.79153,"canPickup":true,"canDropoff":true,"openingstijden":"Lun-Ven: 09:00 - 13:00 - 16:00 - 20:00"}},{"type":"Feature","geometry":{"type":"Point","coordinates":[14.7926,40.9148]},"properties":{"type":"pakketpunt","locatieNaam":"InPost Point","straatNaam":"Via Tuoro Cappuccini","straatNr":"11","vervoerder":"InPost","puntType":"servicepunt","bezettingsgraad":50,"latitude":40.9148,"longitude":14.7926,"canPickup":true,"canDropoff":true,"openingstijden":"Lun-Ven: 08:30 - 17:30"}},{"type":"Feature","geometry":{"type":"Point","coordinates":[14.7773,40.91215]},"properties":{"type":"pakketpunt","locatieNaam":"InPost Point","straatNaam":"Viale Italia","straatNr":"199","vervoerder":"InPost","puntType":"servicepunt","bezettingsgraad":50,"latitude":40.91215,"longitude":14.7773,"canPickup":true,"canDropoff":true,"openingstijden":"Lun-Ven: 08:00 - 13:00 - 16:30 - 20:00 Sab: 08:00 - 13:00"}},{"type":"Feature","geometry":{"type":"Point","coordinates":[14.78275,40.91473]},"properties":{"type":"pakketpunt","locatieNaam":"InPost Point","straatNaam":"Via L. de Conciliis","straatNr":"33","vervoerder":"InPost","puntType":"servicepunt","bezettingsgraad":50,"latitude":40.91473,"longitude":14.78275,"canPickup":true,"canDropoff":true,"openingstijden":"Lun-Ven: 09:00 - 13:30 - 14:30 - 17:30 Sab: 09:00 - 12:00"}},{"type":"Feature","geometry":{"type":"Point","coordinates":[14.7779,40.91452]},"properties":{"type":"pakketpunt","locatieNaam":"InPost Point","straatNaam":"Via Cristoforo Colombo","straatNr":"106","vervoerder":"InPost","puntType":"servicepunt","bezettingsgraad":50,"latitude":40.91452,"longitude":14.7779,"canPickup":true,"canDropoff":true,"openingstijden":"Lun-Sab: 05:30 - 20:00"}},{"type":"Feature","geometry":{"type":"Point","coordinates":[14.80214,40.91588]},"properties":{"type":"pakketpunt","locatieNaam":"InPost Point","straatNaam":"Via Circumvallazione","straatNr":"5","vervoerder":"InPost","puntType":"servicepunt","bezettingsgraad":50,"latitude":40.91588,"longitude":14.80214,"canPickup":true,"canDropoff":true,"openingstijden":"Lun-Ven: 08:30 - 13:30 - 16:00 - 19:00"}},{"type":"Feature","geometry":{"type":"Point","coordinates":[14.79418,40.91485]},"properties":{"type":"pakketpunt","locatieNaam":"InPost Point","straatNaam":"Via Giuseppe Nappi","straatNr":"20","vervoerder":"InPost","puntType":"servicepunt","bezettingsgraad":50,"latitude":40.91485,"longitude":14.79418,"canPickup":true,"canDropoff":true,"openingstijden":"Lun-Sab: 09:30 - 13:00 - 17:00 - 20:00"}},{"type":"Feature","geometry":{"type":"Point","coordinates":[14.78117,40.92232]},"properties":{"type":"pakketpunt","locatieNaam":"InPost Point","straatNaam":"Via Morelli e Silvati","straatNr":"10","vervoerder":"InPost","puntType":"servicepunt","bezettingsgraad":50,"latitude":40.92232,"longitude":14.78117,"canPickup":true,"canDropoff":true,"openingstijden":"Lun-Dom: 09:00 - 23:00"}},{"type":"Feature","geometry":{"type":"Point","coordinates":[14.7894,40.91947]},"properties":{"type":"pakketpunt","locatieNaam":"InPost Point","straatNaam":"Via Enrico Capozzi, 5/7, Avellino, AV, Italia","straatNr":"5","vervoerder":"InPost","puntType":"servicepunt","bezettingsgraad":50,"latitude":40.91947,"longitude":14.7894,"canPickup":true,"canDropoff":true,"openingstijden":"Lun-Sab 09:00-13:00, 16:00-20:00"}},{"type":"Feature","geometry":{"type":"Point","coordinates":[14.79245,40.91347]},"properties":{"type":"pakketpunt","locatieNaam":"NON SOLO CAFFE'","straatNaam":"Via Dei Due Principati","straatNr":"25","vervoerder":"GLS","puntType":"parcel_shop","bezettingsgraad":50,"latitude":40.91347,"longitude":14.79245,"canPickup":true,"canDropoff":true,"openingstijden":"za: 08:30 - 13:00, 16:00 - 20:00; ma: 08:30 - 13:00, 16:00 - 20:00"}},{"type":"Feature","geometry":{"type":"Point","coordinates":[14.79476,40.91481]},"properties":{"type":"pakketpunt","locatieNaam":"CAFFETTERIA","straatNaam":"Piazza Del Popolo","straatNr":"16","vervoerder":"GLS","puntType":"parcel_shop","bezettingsgraad":50,"latitude":40.91481,"longitude":14.79476,"canPickup":true,"canDropoff":true,"openingstijden":"za: 07:00 - 20:20; ma: 07:00 - 20:20"}},{"type":"Feature","geometry":{"type":"Point","coordinates":[14.7852005074,40.9177104424]},"properties":{"type":"pakketpunt","locatieNaam":"NOVA RIGENERAZIONE DI PASQUALE GIUSEPPE","straatNaam":"Via Tagliamento","straatNr":"36","vervoerder":"GLS","puntType":"parcel_shop","bezettingsgraad":50,"latitude":40.9177104424,"longitude":14.7852005074,"canPickup":true,"canDropoff":true,"openingstijden":"za: 09:00 - 13:00; ma: 08:30 - 13:00, 15:30 - 20:00"}},{"type":"Feature","geometry":{"type":"Point","coordinates":[14.7858203767,40.9183623193]},"properties":{"type":"pakketpunt","locatieNaam":"SDT SRL ","straatNaam":"Via Vincenzo Volpe","straatNr":"58","vervoerder":"GLS","puntType":"parcel_shop","bezettingsgraad":50,"latitude":40.9183623193,"longitude":14.7858203767,"canPickup":true,"canDropoff":true,"openingstijden":"ma: 09:00 - 13:00, 16:00 - 18:00; di: 09:00 - 13:00, 16:00 - 18:00"}},{"type":"Feature","geometry":{"type":"Point","coordinates":[14.7887014236,40.9194837688]},"properties":{"type":"pakketpunt","locatieNaam":"LA BOTTEGA DELLE TENDE ","straatNaam":"Via Michele Capozzi","straatNr":"5/7","vervoerder":"GLS","puntType":"parcel_shop","bezettingsgraad":50,"latitude":40.9194837688,"longitude":14.7887014236,"canPickup":true,"canDropoff":true,"openingstijden":"za: 09:00 - 13:00; ma: 09:00 - 13:00, 16:00 - 19:30"}},{"type":"Feature","geometry":{"type":"Point","coordinates":[14.7914705284,40.9208886467]},"properties":{"type":"pakketpunt","locatieNaam":"Mail Boxes Etc","straatNaam":"Via Tuoro Cappuccini ","straatNr":"5-11","vervoerder":"GLS","puntType":"parcel_shop","bezettingsgraad":50,"latitude":40.9208886467,"longitude":14.7914705284,"canPickup":true,"canDropoff":true,"openingstijden":"ma: 08:30 - 17:30; di: 08:30 - 17:30"}},{"type":"Feature","geometry":{"type":"Point","coordinates":[14.8240369251,40.9315475126]},"properties":{"type":"pakketpunt","locatieNaam":"TABACCHERIA F.LLI CIPOLLETTA ","straatNaam":"Via Pianodardine","straatNr":"59/61","vervoerder":"GLS","puntType":"parcel_shop","bezettingsgraad":50,"latitude":40.9315475126,"longitude":14.8240369251,"canPickup":true,"canDropoff":true,"openingstijden":"za: 06:30 - 20:30; ma: 06:30 - 20:30"}},{"type":"Feature","geometry":{"type":"Point","coordinates":[14.7698617,40.9104613]},"properties":{"type":"pakketpunt","locatieNaam":"Computer Lab","straatNaam":"Viale Italia","straatNr":"365","vervoerder":"GLS","puntType":"parcel_shop","bezettingsgraad":50,"latitude":40.9104613,"longitude":14.7698617,"canPickup":true,"canDropoff":true,"openingstijden":"za: 08:00 - 13:00; ma: 08:00 - 13:00, 15:00 - 20:00"}},{"type":"Feature","geometry":{"type":"Point","coordinates":[14.7930425,40.9110051]},"properties":{"type":"pakketpunt","locatieNaam":"Bar Julia","straatNaam":"Via Due Principati","straatNr":"132/134","vervoerder":"GLS","puntType":"parcel_shop","bezettingsgraad":50,"latitude":40.9110051,"longitude":14.7930425,"canPickup":true,"canDropoff":true,"openingstijden":"za: 06:30 - 14:00, 15:30 - 21:00; ma: 06:30 - 14:00, 15:30 - 21:00"}},{"type":"Feature","geometry":{"type":"Point","coordinates":[14.7932765,40.9130157]},"properties":{"type":"pakketpunt","locatieNaam":"MAB SERVICES","straatNaam":"Via Ferriera","straatNr":"70/72","vervoerder":"GLS","puntType":"parcel_shop","bezettingsgraad":50,"latitude":40.9130157,"longitude":14.7932765,"canPickup":true,"canDropoff":true,"openingstijden":"ma: 09:00 - 13:00, 15:00 - 19:00; di: 09:00 - 13:00, 15:00 - 19:00"}},{"type":"Feature","geometry":{"type":"Point","coordinates":[14.7866132,40.9135455]},"properties":{"type":"pakketpunt","locatieNaam":"Tabaccheria","straatNaam":"Corso Vittorio Emanuele Ii","straatNr":"253","vervoerder":"GLS","puntType":"parcel_shop","bezettingsgraad":50,"latitude":40.9135455,"longitude":14.7866132,"canPickup":true,"canDropoff":true,"openingstijden":"za: 07:30 - 13:30, 15:30 - 20:30; zo: 10:00 - 13:00"}},{"type":"Feature","geometry":{"type":"Point","coordinates":[14.7813934,40.9138131]},"properties":{"type":"pakketpunt","locatieNaam":"PRINT & CO","straatNaam":"Via Fratelli Ciocca","straatNr":"30","vervoerder":"GLS","puntType":"parcel_shop","bezettingsgraad":50,"latitude":40.9138131,"longitude":14.7813934,"canPickup":true,"canDropoff":true,"openingstijden":"za: 09:00 - 13:00, 16:00 - 20:00; ma: 09:00 - 13:00, 16:00 - 20:00"}},{"type":"Feature","geometry":{"type":"Point","coordinates":[14.7780604,40.9144009]},"properties":{"type":"pakketpunt","locatieNaam":"BAR BISTRO","straatNaam":"Via Cristoforo Colombo","straatNr":"94","vervoerder":"GLS","puntType":"parcel_shop","bezettingsgraad":50,"latitude":40.9144009,"longitude":14.7780604,"canPickup":true,"canDropoff":true,"openingstijden":"za: 05:30 - 19:30; ma: 05:30 - 19:30"}},{"type":"Feature","geometry":{"type":"Point","coordinates":[14.7836377,40.9150226]},"properties":{"type":"pakketpunt","locatieNaam":"Tabaccheria Riccardi","straatNaam":"Via Cristoforo Colombo","straatNr":"11","vervoerder":"GLS","puntType":"parcel_shop","bezettingsgraad":50,"latitude":40.9150226,"longitude":14.7836377,"canPickup":true,"canDropoff":true,"openingstijden":"za: 07:30 - 13:30, 16:00 - 20:30; ma: 07:30 - 13:30, 16:00 - 20:30"}},{"type":"Feature","geometry":{"type":"Point","coordinates":[14.7868412,40.9159819]},"properties":{"type":"pakketpunt","locatieNaam":"mydogshop&spa","straatNaam":"Piazza Alfredo De Marsico","straatNr":"6","vervoerder":"GLS","puntType":"parcel_shop","bezettingsgraad":50,"latitude":40.9159819,"longitude":14.7868412,"canPickup":true,"canDropoff":true,"openingstijden":"za: 09:30 - 13:00, 16:30 - 20:30; ma: 09:30 - 13:00, 16:30 - 20:30"}},{"type":"Feature","geometry":{"type":"Point","coordinates":[14.7934142,40.9162449]},"properties":{"type":"pakketpunt","locatieNaam":"fantasilea","straatNaam":"Via Luigi Amabile","straatNr":"27/d","vervoerder":"GLS","puntType":"parcel_shop","bezettingsgraad":50,"latitude":40.9162449,"longitude":14.7934142,"canPickup":true,"canDropoff":true,"openingstijden":"za: 09:00 - 12:30, 16:30 - 20:00; ma: 16:30 - 20:00"}},{"type":"Feature","geometry":{"type":"Point","coordinates":[14.7934557,40.9170485]},"properties":{"type":"pakketpunt","locatieNaam":"Eldorado Post Service","straatNaam":"Via Serafino Soldi","straatNr":"34","vervoerder":"GLS","puntType":"parcel_shop","bezettingsgraad":50,"latitude":40.9170485,"longitude":14.7934557,"canPickup":true,"canDropoff":true,"openingstijden":"za: 09:00 - 13:00, 14:00 - 18:00; ma: 09:00 - 13:00, 14:00 - 18:00"}},{"type":"Feature","geometry":{"type":"Point","coordinates":[14.7794105,40.9174719]},"properties":{"type":"pakketpunt","locatieNaam":"Rubrum","straatNaam":"Via Salvatore Moccia","straatNr":"102","vervoerder":"GLS","puntType":"parcel_shop","bezettingsgraad":50,"latitude":40.9174719,"longitude":14.7794105,"canPickup":true,"canDropoff":true,"openingstijden":"ma: 09:00 - 13:30, 15:30 - 19:30; di: 09:00 - 13:30, 15:30 - 19:30"}},{"type":"Feature","geometry":{"type":"Point","coordinates":[14.7801021,40.9184359]},"properties":{"type":"pakketpunt","locatieNaam":"Coiffeur Gerry","straatNaam":"Via Pescatori Salvatore","straatNr":"70","vervoerder":"GLS","puntType":"parcel_shop","bezettingsgraad":50,"latitude":40.9184359,"longitude":14.7801021,"canPickup":true,"canDropoff":true,"openingstijden":"za: 09:30 - 17:00; ma: 09:30 - 15:00"}},{"type":"Feature","geometry":{"type":"Point","coordinates":[14.7832647,40.9209878]},"properties":{"type":"pakketpunt","locatieNaam":"Edicola","straatNaam":"Via Tagliamento","straatNr":"136","vervoerder":"GLS","puntType":"parcel_shop","bezettingsgraad":50,"latitude":40.9209878,"longitude":14.7832647,"canPickup":true,"canDropoff":true,"openingstijden":"za: 07:00 - 13:00, 16:00 - 19:30; zo: 07:00 - 13:00"}},{"type":"Feature","geometry":{"type":"Point","coordinates":[14.7811652,40.9223221]},"properties":{"type":"pakketpunt","locatieNaam":"PLANETWIN365","straatNaam":"Via Morelli E Silvati","straatNr":"10","vervoerder":"GLS","puntType":"parcel_shop","bezettingsgraad":50,"latitude":40.9223221,"longitude":14.7811652,"canPickup":true,"canDropoff":true,"openingstijden":"za: 09:00 - 23:00; zo: 09:00 - 23:00"}},{"type":"Feature","geometry":{"type":"Point","coordinates":[14.8218825,40.9341404]},"properties":{"type":"pakketpunt","locatieNaam":"AR.SER.LOG SRL","straatNaam":"Via Pianodardine","straatNr":"5","vervoerder":"GLS","puntType":"parcel_shop","bezettingsgraad":50,"latitude":40.9341404,"longitude":14.8218825,"canPickup":true,"canDropoff":true,"openingstijden":"ma: 09:00 - 13:00, 14:00 - 18:00; di: 09:00 - 13:00, 14:00 - 18:00"}},{"type":"Feature","geometry":{"type":"Point","coordinates":[14.770375,40.91087]},"properties":{"type":"pakketpunt","locatieNaam":"TABACCHERIA N. 2","straatNaam":"VIALE ITALIA 347","straatNr":"","vervoerder":"DHL","puntType":"parcelShop","bezettingsgraad":50,"latitude":40.91087,"longitude":14.770375,"canPickup":true,"canDropoff":true,"openingstijden":{"ma":"07:30 - 13:15, 15:30 - 21:00","di":"07:30 - 13:15, 15:30 - 21:00","wo":"07:30 - 13:15, 15:30 - 21:00","do":"07:30 - 13:15, 15:30 - 21:00","vr":"07:30 - 13:15, 15:30 - 21:00","za":"07:30 - 13:15, 15:30 - 21:00","zo":"07:30 - 13:15, 15:30 - 21:00"}}},{"type":"Feature","geometry":{"type":"Point","coordinates":[14.773397,40.911664]},"properties":{"type":"pakketpunt","locatieNaam":"TABACCHERIA n. 8","straatNaam":"VIALE ITALIA 245","straatNr":"","vervoerder":"DHL","puntType":"parcelShop","bezettingsgraad":50,"latitude":40.911664,"longitude":14.773397,"canPickup":true,"canDropoff":true,"openingstijden":{"ma":"09:30 - 11:30","di":"09:30 - 11:30","wo":"09:30 - 11:30","do":"09:30 - 11:30","vr":"09:30 - 11:30","za":"09:30 - 11:30","zo":"gesloten"}}},{"type":"Feature","geometry":{"type":"Point","coordinates":[14.77792,40.912606]},"properties":{"type":"pakketpunt","locatieNaam":"PRIME INTERMEDIARY","straatNaam":"VIALE ITALIA 46","straatNr":"","vervoerder":"DHL","puntType":"packStation","bezettingsgraad":50,"latitude":40.912606,"longitude":14.77792,"canPickup":true,"canDropoff":true,"openingstijden":{"ma":"09:00 - 13:00, 15:30 - 19:30","di":"09:00 - 13:00, 15:30 - 19:30","wo":"09:00 - 13:00, 15:30 - 19:30","do":"09:00 - 13:00, 15:30 - 19:30","vr":"09:00 - 13:00, 15:30 - 19:30","za":"09:00 - 13:00, 15:30 - 19:30","zo":"gesloten"}}},{"type":"Feature","geometry":{"type":"Point","coordinates":[14.778919,40.912752]},"properties":{"type":"pakketpunt","locatieNaam":"SVAPORIZE","straatNaam":"VIALE ITALIA 30","straatNr":"","vervoerder":"DHL","puntType":"parcelShop","bezettingsgraad":50,"latitude":40.912752,"longitude":14.778919,"canPickup":true,"canDropoff":true,"openingstijden":{"ma":"09:00 - 13:00, 16:00 - 20:00","di":"09:00 - 13:00, 16:00 - 20:00","wo":"09:00 - 13:00, 16:00 - 20:00","do":"09:00 - 13:00, 16:00 - 20:00","vr":"09:00 - 13:00, 16:00 - 20:00","za":"09:00 - 13:00, 16:00 - 20:30","zo":"gesloten"}}},{"type":"Feature","geometry":{"type":"Point","coordinates":[14.778139,40.914335]},"properties":{"type":"pakketpunt","locatieNaam":"TABACCHERIA N. 39","straatNaam":"VIA CRISTOFORO COLOMBO 96","straatNr":"","vervoerder":"DHL","puntType":"parcelShop","bezettingsgraad":50,"latitude":40.914335,"longitude":14.778139,"canPickup":true,"canDropoff":true,"openingstijden":{"ma":"07:00 - 14:15, 15:30 - 21:00","di":"07:00 - 14:15, 15:30 - 21:00","wo":"07:00 - 14:15, 15:30 - 21:00","do":"07:00 - 14:15, 15:30 - 21:00","vr":"07:00 - 14:15, 15:30 - 21:00","za":"07:00 - 14:15, 15:30 - 21:00","zo":"gesloten"}}},{"type":"Feature","geometry":{"type":"Point","coordinates":[14.783812,40.913526]},"properties":{"type":"pakketpunt","locatieNaam":"CUREVAPOR","straatNaam":"VIA CARMINE BARONE 6","straatNr":"","vervoerder":"DHL","puntType":"parcelShop","bezettingsgraad":50,"latitude":40.913526,"longitude":14.783812,"canPickup":true,"canDropoff":true,"openingstijden":{"ma":"09:00 - 13:00, 17:00 - 20:30","di":"09:00 - 13:00, 17:00 - 20:30","wo":"09:00 - 13:00, 17:00 - 20:30","do":"09:00 - 13:00, 17:00 - 20:30","vr":"09:00 - 13:00, 17:00 - 20:30","za":"09:00 - 13:00, 17:00 - 20:30","zo":"gesloten"}}},{"type":"Feature","geometry":{"type":"Point","coordinates":[14.785882,40.912901]},"properties":{"type":"pakketpunt","locatieNaam":"Ufficio Postale AVELLINO 8","straatNaam":"VIA FERDINANDO IANNACCONE 23","straatNr":"","vervoerder":"DHL","puntType":"postOffice","bezettingsgraad":50,"latitude":40.912901,"longitude":14.785882,"canPickup":true,"canDropoff":true,"openingstijden":{"ma":"08:20 - 13:45","di":"08:20 - 13:45","wo":"08:20 - 13:45","do":"08:20 - 13:45","vr":"08:20 - 13:45","za":"08:20 - 12:45","zo":"gesloten"}}},{"type":"Feature","geometry":{"type":"Point","coordinates":[14.78181,40.914557]},"properties":{"type":"pakketpunt","locatieNaam":"Ufficio Postale AVELLINO 2","straatNaam":"VIA FRATELLI DEL GAUDIO 59","straatNr":"","vervoerder":"DHL","puntType":"postOffice","bezettingsgraad":50,"latitude":40.914557,"longitude":14.78181,"canPickup":true,"canDropoff":true,"openingstijden":{"ma":"08:20 - 19:05","di":"08:20 - 19:05","wo":"08:20 - 19:05","do":"08:20 - 19:05","vr":"08:20 - 19:05","za":"08:20 - 12:35","zo":"gesloten"}}},{"type":"Feature","geometry":{"type":"Point","coordinates":[14.764211,40.915321]},"properties":{"type":"pakketpunt","locatieNaam":"TABACCHERIA N. 18","straatNaam":"PIAZZA DON GIUSEPPE MOROSINI 15-A","straatNr":"","vervoerder":"DHL","puntType":"parcelShop","bezettingsgraad":50,"latitude":40.915321,"longitude":14.764211,"canPickup":true,"canDropoff":true,"openingstijden":{"ma":"08:00 - 13:00, 16:15 - 20:00","di":"08:00 - 13:00, 16:15 - 20:00","wo":"08:00 - 13:00, 16:15 - 20:00","do":"08:00 - 13:00, 16:15 - 20:00","vr":"08:00 - 13:00, 16:15 - 20:00","za":"08:00 - 13:00, 16:15 - 20:00","zo":"gesloten"}}},{"type":"Feature","geometry":{"type":"Point","coordinates":[14.786297,40.913546]},"properties":{"type":"pakketpunt","locatieNaam":"TABACCHERIA N. 4","straatNaam":"CORSO VITTORIO EMANUELE II 253","straatNr":"","vervoerder":"DHL","puntType":"parcelShop","bezettingsgraad":50,"latitude":40.913546,"longitude":14.786297,"canPickup":true,"canDropoff":true,"openingstijden":{"ma":"07:30 - 13:30, 15:30 - 21:00","di":"07:30 - 13:30, 15:30 - 21:00","wo":"07:30 - 13:30, 15:30 - 21:00","do":"07:30 - 13:30, 15:30 - 21:00","vr":"07:30 - 13:30, 15:30 - 21:00","za":"07:30 - 13:30, 15:30 - 21:00","zo":"10:00 - 13:00"}}},{"type":"Feature","geometry":{"type":"Point","coordinates":[14.79982,40.892672]},"properties":{"type":"pakketpunt","locatieNaam":"Ufficio Postale BELLIZZI IRPINO","straatNaam":"VIA FRANCESCO GIANCOLA 1-D","straatNr":"","vervoerder":"DHL","puntType":"postOffice","bezettingsgraad":50,"latitude":40.892672,"longitude":14.79982,"canPickup":true,"canDropoff":true,"openingstijden":{"ma":"08:20 - 13:35","di":"08:20 - 13:35","wo":"08:20 - 13:35","do":"08:20 - 13:35","vr":"08:20 - 13:35","za":"08:20 - 12:35","zo":"gesloten"}}},{"type":"Feature","geometry":{"type":"Point","coordinates":[14.786505,40.913572]},"properties":{"type":"pakketpunt","locatieNaam":"TABACCHERIA N. 6","straatNaam":"CORSO VITTORIO EMANUELE II 229","straatNr":"","vervoerder":"DHL","puntType":"parcelShop","bezettingsgraad":50,"latitude":40.913572,"longitude":14.786505,"canPickup":true,"canDropoff":true,"openingstijden":{"ma":"08:30 - 14:00, 16:00 - 21:00","di":"08:30 - 14:00, 16:00 - 21:00","wo":"08:30 - 14:00, 16:00 - 21:00","do":"08:30 - 14:00, 16:00 - 21:00","vr":"08:30 - 14:00, 16:00 - 21:00","za":"08:30 - 14:00, 16:00 - 21:00","zo":"gesloten"}}},{"type":"Feature","geometry":{"type":"Point","coordinates":[14.770443,40.916603]},"properties":{"type":"pakketpunt","locatieNaam":"TABACCHERIA N. 50","straatNaam":"VIA RAFFAELE AVERSA 49","straatNr":"","vervoerder":"DHL","puntType":"parcelShop","bezettingsgraad":50,"latitude":40.916603,"longitude":14.770443,"canPickup":true,"canDropoff":true,"openingstijden":{"ma":"08:00 - 13:30, 16:30 - 20:30","di":"08:00 - 13:30, 16:30 - 20:30","wo":"08:00 - 13:30, 16:30 - 20:30","do":"08:00 - 13:30, 16:30 - 20:30","vr":"08:00 - 13:30, 16:30 - 20:30","za":"08:00 - 13:30, 16:30 - 20:30","zo":"gesloten"}}},{"type":"Feature","geometry":{"type":"Point","coordinates":[14.780228,40.915866]},"properties":{"type":"pakketpunt","locatieNaam":"AUTOSTAZIONE AIR CAMPANIA","straatNaam":"VIA FRANCESCO FARIELLO SNC 1","straatNr":"","vervoerder":"DHL","puntType":"packStation","bezettingsgraad":50,"latitude":40.915866,"longitude":14.780228,"canPickup":true,"canDropoff":true,"openingstijden":{"ma":"07:00 - 21:00","di":"07:00 - 21:00","wo":"07:00 - 21:00","do":"07:00 - 21:00","vr":"07:00 - 21:00","za":"07:00 - 21:00","zo":"gesloten"}}},{"type":"Feature","geometry":{"type":"Point","coordinates":[14.783742,40.915063]},"properties":{"type":"pakketpunt","locatieNaam":"TABACCHERIA N. 5","straatNaam":"VIA CRISTOFORO COLOMBO 11","straatNr":"","vervoerder":"DHL","puntType":"parcelShop","bezettingsgraad":50,"latitude":40.915063,"longitude":14.783742,"canPickup":true,"canDropoff":true,"openingstijden":{"ma":"08:00 - 13:30, 16:30 - 20:30","di":"08:00 - 13:30, 16:30 - 20:30","wo":"08:00 - 13:30, 16:30 - 20:30","do":"08:00 - 13:30, 16:30 - 20:30","vr":"08:00 - 13:30, 16:30 - 20:30","za":"08:00 - 13:30, 16:30 - 20:30","zo":"gesloten"}}},{"type":"Feature","geometry":{"type":"Point","coordinates":[14.787929,40.914164]},"properties":{"type":"pakketpunt","locatieNaam":"ROULETTE AGENCY","straatNaam":"Verdi, 9","straatNr":"","vervoerder":"DHL","puntType":"parcelShop","bezettingsgraad":50,"latitude":40.914164,"longitude":14.787929,"canPickup":false,"canDropoff":true,"openingstijden":{"ma":"09:00 - 20:00","di":"09:00 - 20:00","wo":"09:00 - 20:00","do":"09:00 - 20:00","vr":"09:00 - 20:00","za":"gesloten","zo":"gesloten"}}},{"type":"Feature","geometry":{"type":"Point","coordinates":[14.765781,40.917268]},"properties":{"type":"pakketpunt","locatieNaam":"Ufficio Postale VALLE PONTICELLI","straatNaam":"VIA VINCENZO DE NAPOLI 93","straatNr":"","vervoerder":"DHL","puntType":"postOffice","bezettingsgraad":50,"latitude":40.917268,"longitude":14.765781,"canPickup":true,"canDropoff":true,"openingstijden":{"ma":"08:20 - 13:35","di":"08:20 - 13:35","wo":"08:20 - 13:35","do":"08:20 - 13:35","vr":"08:20 - 13:35","za":"08:20 - 12:35","zo":"gesloten"}}},{"type":"Feature","geometry":{"type":"Point","coordinates":[14.794402,40.910534]},"properties":{"type":"pakketpunt","locatieNaam":"BAR JULIA","straatNaam":"VIA DUE PRINCIPATI 132","straatNr":"","vervoerder":"DHL","puntType":"parcelShop","bezettingsgraad":50,"latitude":40.910534,"longitude":14.794402,"canPickup":true,"canDropoff":true,"openingstijden":{"ma":"06:30 - 13:30, 15:30 - 22:00","di":"06:30 - 13:30, 15:30 - 22:00","wo":"06:30 - 13:30, 15:30 - 22:00","do":"06:30 - 13:30, 15:30 - 22:00","vr":"06:30 - 13:30, 15:30 - 22:00","za":"06:30 - 13:30, 15:30 - 22:00","zo":"gesloten"}}},{"type":"Feature","geometry":{"type":"Point","coordinates":[14.798253,40.906904]},"properties":{"type":"pakketpunt","locatieNaam":"Ufficio Postale AVELLINO 4","straatNaam":"VIA SAN TOMMASO 31","straatNr":"","vervoerder":"DHL","puntType":"postOffice","bezettingsgraad":50,"latitude":40.906904,"longitude":14.798253,"canPickup":true,"canDropoff":true,"openingstijden":{"ma":"08:20 - 13:35","di":"08:20 - 13:35","wo":"08:20 - 13:35","do":"08:20 - 13:35","vr":"08:20 - 13:35","za":"08:20 - 12:35","zo":"gesloten"}}},{"type":"Feature","geometry":{"type":"Point","coordinates":[14.791492,40.913193]},"properties":{"type":"pakketpunt","locatieNaam":"Ufficio Postale AVELLINO DE SANCTIS","straatNaam":"VIA FRANCESCO DE SANCTIS 5","straatNr":"","vervoerder":"DHL","puntType":"postOffice","bezettingsgraad":50,"latitude":40.913193,"longitude":14.791492,"canPickup":true,"canDropoff":true,"openingstijden":{"ma":"08:20 - 19:05","di":"08:20 - 19:05","wo":"08:20 - 19:05","do":"08:20 - 19:05","vr":"08:20 - 19:05","za":"08:20 - 12:35","zo":"gesloten"}}},{"type":"Feature","geometry":{"type":"Point","coordinates":[14.792459,40.912684]},"properties":{"type":"pakketpunt","locatieNaam":"TABACCHERIA N. 43","straatNaam":"VIA DUE PRINCIPATI 52","straatNr":"","vervoerder":"DHL","puntType":"parcelShop","bezettingsgraad":50,"latitude":40.912684,"longitude":14.792459,"canPickup":true,"canDropoff":true,"openingstijden":{"ma":"07:30 - 14:00, 15:30 - 21:00","di":"07:30 - 14:00, 15:30 - 21:00","wo":"07:30 - 14:00, 15:30 - 21:00","do":"07:30 - 14:00, 15:30 - 21:00","vr":"07:30 - 14:00, 15:30 - 21:00","za":"07:30 - 14:00, 15:30 - 21:00","zo":"10:00 - 13:00"}}},{"type":"Feature","geometry":{"type":"Point","coordinates":[14.793056,40.912508]},"properties":{"type":"pakketpunt","locatieNaam":"TABACCHERIA N. 30","straatNaam":"LARGO PONTE FERRIERA 7","straatNr":"","vervoerder":"DHL","puntType":"parcelShop","bezettingsgraad":50,"latitude":40.912508,"longitude":14.793056,"canPickup":true,"canDropoff":true,"openingstijden":{"ma":"07:00 - 13:30, 15:00 - 20:30","di":"07:00 - 13:30, 15:00 - 20:30","wo":"07:00 - 13:30, 15:00 - 20:30","do":"07:00 - 13:30, 15:00 - 20:30","vr":"07:00 - 13:30, 15:00 - 20:30","za":"07:00 - 13:30, 15:00 - 20:30","zo":"gesloten"}}},{"type":"Feature","geometry":{"type":"Point","coordinates":[14.788468,40.915273]},"properties":{"type":"pakketpunt","locatieNaam":"TABACCHERIA N. 21","straatNaam":"VIA PASQUALE STANISLAO MANCINI 156","straatNr":"","vervoerder":"DHL","puntType":"parcelShop","bezettingsgraad":50,"latitude":40.915273,"longitude":14.788468,"canPickup":true,"canDropoff":true,"openingstijden":{"ma":"07:30 - 13:45, 16:00 - 20:45","di":"07:30 - 13:45, 16:00 - 20:45","wo":"07:30 - 13:45, 16:00 - 20:45","do":"07:30 - 13:45, 16:00 - 20:45","vr":"07:30 - 13:45, 16:00 - 20:45","za":"07:30 - 13:45, 16:00 - 20:45","zo":"09:30 - 13:30, 17:00 - 20:30"}}},{"type":"Feature","geometry":{"type":"Point","coordinates":[14.788107,40.915621]},"properties":{"type":"pakketpunt","locatieNaam":"Kipoint VIA CIRCOMVALLAZIONE","straatNaam":"VIA CIRCUMVALLAZIONE 5","straatNr":"","vervoerder":"DHL","puntType":"parcelShop","bezettingsgraad":50,"latitude":40.915621,"longitude":14.788107,"canPickup":true,"canDropoff":true,"openingstijden":{"ma":"08:00 - 13:00, 16:00 - 19:00","di":"08:00 - 13:00, 16:00 - 19:00","wo":"08:00 - 13:00, 16:00 - 19:00","do":"08:00 - 13:00, 16:00 - 19:00","vr":"08:00 - 13:00, 16:00 - 19:00","za":"gesloten","zo":"gesloten"}}},{"type":"Feature","geometry":{"type":"Point","coordinates":[14.784912,40.916985]},"properties":{"type":"pakketpunt","locatieNaam":"NOVA RIGENERAZIONE","straatNaam":"Via Tagliamento, 36","straatNr":"","vervoerder":"DHL","puntType":"parcelShop","bezettingsgraad":50,"latitude":40.916985,"longitude":14.784912,"canPickup":false,"canDropoff":true,"openingstijden":{"ma":"08:30 - 20:00","di":"08:30 - 20:00","wo":"08:30 - 20:00","do":"08:30 - 20:00","vr":"08:30 - 20:00","za":"09:00 - 13:00","zo":"gesloten"}}},{"type":"Feature","geometry":{"type":"Point","coordinates":[14.784438,40.917251]},"properties":{"type":"pakketpunt","locatieNaam":"TABACCHERIA N. 32","straatNaam":"VIA TAGLIAMENTO 52","straatNr":"","vervoerder":"DHL","puntType":"parcelShop","bezettingsgraad":50,"latitude":40.917251,"longitude":14.784438,"canPickup":true,"canDropoff":true,"openingstijden":{"ma":"06:00 - 13:30, 16:00 - 20:30","di":"06:00 - 13:30, 16:00 - 20:30","wo":"06:00 - 13:30, 16:00 - 20:30","do":"06:00 - 13:30, 16:00 - 20:30","vr":"06:00 - 13:30, 16:00 - 20:30","za":"06:00 - 13:30, 16:00 - 20:30","zo":"gesloten"}}},{"type":"Feature","geometry":{"type":"Point","coordinates":[14.791223,40.91438]},"properties":{"type":"pakketpunt","locatieNaam":"TABACCHERIA N. 3","straatNaam":"CORSO VITTORIO EMANUELE II 26","straatNr":"","vervoerder":"DHL","puntType":"parcelShop","bezettingsgraad":50,"latitude":40.91438,"longitude":14.791223,"canPickup":true,"canDropoff":true,"openingstijden":{"ma":"08:00 - 13:00, 16:00 - 20:00","di":"08:00 - 13:00, 16:00 - 20:00","wo":"07:08 - 13:00, 16:00 - 20:00","do":"08:00 - 13:00, 16:00 - 20:00","vr":"08:00 - 13:00, 16:00 - 20:00","za":"08:00 - 13:00, 16:00 - 20:00","zo":"gesloten"}}},{"type":"Feature","geometry":{"type":"Point","coordinates":[14.794169,40.914208]},"properties":{"type":"pakketpunt","locatieNaam":"TABACCHERIA N. 1","straatNaam":"PIAZZA DEL POPOLO 1","straatNr":"","vervoerder":"DHL","puntType":"parcelShop","bezettingsgraad":50,"latitude":40.914208,"longitude":14.794169,"canPickup":true,"canDropoff":true,"openingstijden":{"ma":"07:30 - 13:30, 15:30 - 20:30","di":"07:30 - 13:30, 15:30 - 20:30","wo":"07:30 - 13:30, 15:30 - 20:30","do":"07:30 - 13:30, 15:30 - 20:30","vr":"07:30 - 13:30, 15:30 - 20:30","za":"07:30 - 13:30, 15:30 - 20:30","zo":"09:00 - 13:00, 17:00 - 20:30"}}},{"type":"Feature","geometry":{"type":"Point","coordinates":[14.785643,40.918623]},"properties":{"type":"pakketpunt","locatieNaam":"TABACCHERIA N. 46","straatNaam":"VIA PIAVE 72","straatNr":"","vervoerder":"DHL","puntType":"parcelShop","bezettingsgraad":50,"latitude":40.918623,"longitude":14.785643,"canPickup":true,"canDropoff":true,"openingstijden":{"ma":"09:00 - 13:00, 16:00 - 20:00","di":"09:00 - 13:00, 16:00 - 20:00","wo":"09:00 - 13:00, 16:00 - 20:00","do":"09:00 - 13:00, 16:00 - 20:00","vr":"09:00 - 13:00, 16:00 - 20:00","za":"09:00 - 13:00, 16:00 - 20:00","zo":"gesloten"}}},{"type":"Feature","geometry":{"type":"Point","coordinates":[14.788922,40.917977]},"properties":{"type":"pakketpunt","locatieNaam":"iRIPARO STORE","straatNaam":"Bellabona, 4","straatNr":"","vervoerder":"DHL","puntType":"parcelShop","bezettingsgraad":50,"latitude":40.917977,"longitude":14.788922,"canPickup":false,"canDropoff":true,"openingstijden":{"ma":"09:00 - 19:00","di":"09:00 - 19:00","wo":"09:00 - 19:00","do":"09:00 - 19:00","vr":"09:00 - 19:00","za":"09:30 - 13:00","zo":"gesloten"}}},{"type":"Feature","geometry":{"type":"Point","coordinates":[14.792853,40.916533]},"properties":{"type":"pakketpunt","locatieNaam":"TABACCHERIA N. 17","straatNaam":"VIA LUIGI AMABILE 82","straatNr":"","vervoerder":"DHL","puntType":"parcelShop","bezettingsgraad":50,"latitude":40.916533,"longitude":14.792853,"canPickup":true,"canDropoff":true,"openingstijden":{"ma":"08:00 - 13:00, 16:00 - 19:30","di":"08:00 - 13:00, 16:00 - 19:30","wo":"08:00 - 13:00, 16:00 - 19:30","do":"08:00 - 13:00, 16:00 - 19:30","vr":"08:00 - 13:00, 16:00 - 19:30","za":"08:00 - 13:00, 16:00 - 19:30","zo":"gesloten"}}},{"type":"Feature","geometry":{"type":"Point","coordinates":[14.783225,40.92078]},"properties":{"type":"pakketpunt","locatieNaam":"Ufficio Postale AVELLINO 5","straatNaam":"VIA GIOVANNI DI GUGLIELMO 10","straatNr":"","vervoerder":"DHL","puntType":"postOffice","bezettingsgraad":50,"latitude":40.92078,"longitude":14.783225,"canPickup":true,"canDropoff":true,"openingstijden":{"ma":"08:20 - 13:35","di":"08:20 - 13:35","wo":"08:20 - 13:35","do":"08:20 - 13:35","vr":"08:20 - 13:35","za":"08:20 - 12:35","zo":"gesloten"}}},{"type":"Feature","geometry":{"type":"Point","coordinates":[14.791934,40.918055]},"properties":{"type":"pakketpunt","locatieNaam":"MBE AVELLINO","straatNaam":"VIA TUORO CAPPUCCINI 11","straatNr":"","vervoerder":"DHL","puntType":"parcelShop","bezettingsgraad":50,"latitude":40.918055,"longitude":14.791934,"canPickup":true,"canDropoff":true,"openingstijden":{"ma":"08:30 - 17:30","di":"08:30 - 17:30","wo":"08:30 - 17:30","do":"08:30 - 17:30","vr":"08:30 - 16:30","za":"gesloten","zo":"gesloten"}}},{"type":"Feature","geometry":{"type":"Point","coordinates":[14.783061,40.921404]},"properties":{"type":"pakketpunt","locatieNaam":"TABACCHERIA N. 51","straatNaam":"VIA TAGLIAMENTO 140","straatNr":"","vervoerder":"DHL","puntType":"parcelShop","bezettingsgraad":50,"latitude":40.921404,"longitude":14.783061,"canPickup":true,"canDropoff":true,"openingstijden":{"ma":"08:30 - 13:30, 16:30 - 20:30","di":"08:30 - 13:30, 16:30 - 20:30","wo":"08:30 - 13:30, 16:30 - 20:30","do":"08:30 - 13:30, 16:30 - 20:30","vr":"08:30 - 13:30, 16:30 - 20:30","za":"08:30 - 13:30, 16:30 - 20:30","zo":"gesloten"}}},{"type":"Feature","geometry":{"type":"Point","coordinates":[14.797941,40.914466]},"properties":{"type":"pakketpunt","locatieNaam":"TABACCHERIA n. 11","straatNaam":"CORSO UMBERTO I 107","straatNr":"","vervoerder":"DHL","puntType":"parcelShop","bezettingsgraad":50,"latitude":40.914466,"longitude":14.797941,"canPickup":true,"canDropoff":true,"openingstijden":{"ma":"06:30 - 13:30, 14:30 - 20:30","di":"06:30 - 13:30, 14:30 - 20:30","wo":"06:30 - 13:30, 14:30 - 20:30","do":"06:30 - 13:30, 14:30 - 20:30","vr":"06:30 - 13:30, 14:30 - 20:30","za":"06:30 - 13:30, 14:30 - 20:30","zo":"07:30 - 13:00"}}},{"type":"Feature","geometry":{"type":"Point","coordinates":[14.789458,40.920289]},"properties":{"type":"pakketpunt","locatieNaam":"Ufficio Postale AVELLINO 7","straatNaam":"PIAZZETTA ENRICO COCCHIA 1","straatNr":"","vervoerder":"DHL","puntType":"postOffice","bezettingsgraad":50,"latitude":40.920289,"longitude":14.789458,"canPickup":true,"canDropoff":true,"openingstijden":{"ma":"08:20 - 13:35","di":"08:20 - 13:35","wo":"08:20 - 13:35","do":"08:20 - 13:35","vr":"08:20 - 13:35","za":"08:20 - 12:35","zo":"gesloten"}}},{"type":"Feature","geometry":{"type":"Point","coordinates":[14.794279,40.918064]},"properties":{"type":"pakketpunt","locatieNaam":"TABACCHERIA N. 48","straatNaam":"VIA CIRCUMVALLAZIONE 205","straatNr":"","vervoerder":"DHL","puntType":"parcelShop","bezettingsgraad":50,"latitude":40.918064,"longitude":14.794279,"canPickup":true,"canDropoff":true,"openingstijden":{"ma":"07:30 - 13:30, 16:00 - 21:00","di":"07:30 - 13:30, 16:00 - 21:00","wo":"07:30 - 13:30, 16:00 - 21:00","do":"07:30 - 13:30, 16:00 - 21:00","vr":"07:30 - 13:30, 16:00 - 21:00","za":"07:30 - 13:30, 16:00 - 21:00","zo":"07:30 - 13:30"}}},{"type":"Feature","geometry":{"type":"Point","coordinates":[14.799215,40.916143]},"properties":{"type":"pakketpunt","locatieNaam":"Ufficio Postale AVELLINO 3","straatNaam":"VIA CIRCUMVALLAZIONE 299","straatNr":"","vervoerder":"DHL","puntType":"postOffice","bezettingsgraad":50,"latitude":40.916143,"longitude":14.799215,"canPickup":true,"canDropoff":true,"openingstijden":{"ma":"08:20 - 13:35","di":"08:20 - 13:35","wo":"08:20 - 13:35","do":"08:20 - 13:35","vr":"08:20 - 13:35","za":"08:20 - 12:35","zo":"gesloten"}}},{"type":"Feature","geometry":{"type":"Point","coordinates":[14.801338,40.914844]},"properties":{"type":"pakketpunt","locatieNaam":"TABACCHERIA N. 14","straatNaam":"CORSO UMBERTO I 326","straatNr":"","vervoerder":"DHL","puntType":"parcelShop","bezettingsgraad":50,"latitude":40.914844,"longitude":14.801338,"canPickup":true,"canDropoff":true,"openingstijden":{"ma":"07:30 - 13:30, 16:00 - 20:30","di":"07:30 - 13:30, 16:00 - 20:30","wo":"07:30 - 13:30, 16:00 - 20:30","do":"07:30 - 13:30, 16:00 - 20:30","vr":"07:30 - 13:30, 16:00 - 20:30","za":"07:30 - 13:30, 16:00 - 20:30","zo":"08:00 - 13:30"}}},{"type":"Feature","geometry":{"type":"Point","coordinates":[14.766104,40.927665]},"properties":{"type":"pakketpunt","locatieNaam":"TABACCHERIA N. 73","straatNaam":"CONTRADA PENNINI SNC 3","straatNr":"","vervoerder":"DHL","puntType":"parcelShop","bezettingsgraad":50,"latitude":40.927665,"longitude":14.766104,"canPickup":true,"canDropoff":true,"openingstijden":{"ma":"08:00 - 13:00, 15:00 - 19:00","di":"08:00 - 13:00, 15:00 - 19:00","wo":"08:00 - 13:00, 15:00 - 19:00","do":"08:00 - 13:00, 15:00 - 19:00","vr":"08:00 - 13:00, 15:00 - 19:00","za":"08:00 - 13:00, 15:00 - 19:00","zo":"gesloten"}}},{"type":"Feature","geometry":{"type":"Point","coordinates":[14.819682,40.921273]},"properties":{"type":"pakketpunt","locatieNaam":"Ufficio Postale AVELLINO 1","straatNaam":"VIA FRANCESCO TEDESCO 403","straatNr":"","vervoerder":"DHL","puntType":"postOffice","bezettingsgraad":50,"latitude":40.921273,"longitude":14.819682,"canPickup":true,"canDropoff":true,"openingstijden":{"ma":"08:20 - 13:35","di":"08:20 - 13:35","wo":"08:20 - 13:35","do":"08:20 - 13:35","vr":"08:20 - 13:35","za":"08:20 - 12:35","zo":"gesloten"}}},{"type":"Feature","geometry":{"type":"Point","coordinates":[14.823995,40.93128]},"properties":{"type":"pakketpunt","locatieNaam":"TABACCHERIA N. 12","straatNaam":"VIA PIANODARDINE 61","straatNr":"","vervoerder":"DHL","puntType":"parcelShop","bezettingsgraad":50,"latitude":40.93128,"longitude":14.823995,"canPickup":true,"canDropoff":true,"openingstijden":{"ma":"08:00 - 13:00, 15:00 - 19:00","di":"08:00 - 13:00, 15:00 - 19:00","wo":"08:00 - 13:00, 15:00 - 19:00","do":"08:00 - 13:00, 15:00 - 19:00","vr":"08:00 - 13:00, 15:00 - 19:00","za":"08:00 - 13:00, 15:00 - 19:00","zo":"gesloten"}}},{"type":"Feature","geometry":{"type":"Point","coordinates":[14.796376,40.942528]},"properties":{"type":"pakketpunt","locatieNaam":"Ufficio Postale PICARELLI","straatNaam":"VIA SAN SALVATORE 66","straatNr":"","vervoerder":"DHL","puntType":"postOffice","bezettingsgraad":50,"latitude":40.942528,"longitude":14.796376,"canPickup":true,"canDropoff":true,"openingstijden":{"ma":"08:20 - 13:45","di":"08:20 - 13:45","wo":"08:20 - 13:45","do":"08:20 - 13:45","vr":"08:20 - 13:45","za":"08:20 - 12:45","zo":"gesloten"}}},{"type":"Feature","geometry":{"type":"Point","coordinates":[14.819672,40.930861]},"properties":{"type":"pakketpunt","locatieNaam":"Avellino Service Point","straatNaam":"Via Pianodardine, snc","straatNr":"","vervoerder":"DHL","puntType":"parcelShop","bezettingsgraad":50,"latitude":40.930861,"longitude":14.819672,"canPickup":false,"canDropoff":true,"openingstijden":{"ma":"09:30 - 17:00","di":"09:30 - 17:00","wo":"09:30 - 17:00","do":"09:30 - 17:00","vr":"09:30 - 17:00","za":"gesloten","zo":"gesloten"}}},{"type":"Feature","geometry":{"type":"Point","coordinates":[14.794083,40.917452]},"properties":{"type":"pakketpunt","locatieNaam":"Amazon Locker - darina","straatNaam":"GDA - Pick Up Avellino Via Pionati","straatNr":"","vervoerder":"Amazon","puntType":"locker","bezettingsgraad":50,"latitude":40.917452,"longitude":14.794083,"canPickup":true,"canDropoff":false,"openingstijden":null}},{"type":"Feature","geometry":{"type":"Point","coordinates":[14.800059,40.908865]},"properties":{"type":"pakketpunt","locatieNaam":"Amazon Locker - evelina","straatNaam":"Bper Banca Avellino - Agenzia 3","straatNr":"","vervoerder":"Amazon","puntType":"locker","bezettingsgraad":50,"latitude":40.908865,"longitude":14.800059,"canPickup":true,"canDropoff":false,"openingstijden":null}},{"type":"Feature","geometry":{"type":"Point","coordinates":[14.810543,40.915046]},"properties":{"type":"pakketpunt","locatieNaam":"Amazon Locker - annavera","straatNaam":"ENI Station pv.8253","straatNr":"","vervoerder":"Amazon","puntType":"locker","bezettingsgraad":50,"latitude":40.915046,"longitude":14.810543,"canPickup":true,"canDropoff":false,"openingstijden":null}},{"type":"Feature","geometry":{"type":"Point","coordinates":[14.798525,40.906706]},"properties":{"type":"pakketpunt","locatieNaam":"Amazon Locker - demetrio","straatNaam":"PRO7 - Avellino","straatNr":"","vervoerder":"Amazon","puntType":"locker","bezettingsgraad":50,"latitude":40.906706,"longitude":14.798525,"canPickup":true,"canDropoff":false,"openingstijden":null}},{"type":"Feature","geometry":{"type":"Point","coordinates":[14.7853986,40.9185691]},"properties":{"type":"pakketpunt","locatieNaam":"Amazon Locker - emmelina","straatNaam":"Supermercato Decò Avellino","straatNr":"","vervoerder":"Amazon","puntType":"locker","bezettingsgraad":50,"latitude":40.9185691,"longitude":14.7853986,"canPickup":true,"canDropoff":false,"openingstijden":null}},{"type":"Feature","geometry":{"type":"Point","coordinates":[14.8249233,40.9386953]},"properties":{"type":"pakketpunt","locatieNaam":"Amazon Locker - fortura","straatNaam":"Tabaccheria Romeo","straatNr":"","vervoerder":"Amazon","puntType":"locker","bezettingsgraad":50,"latitude":40.9386953,"longitude":14.8249233,"canPickup":true,"canDropoff":false,"openingstijden":null}},{"type":"Feature","geometry":{"type":"Point","coordinates":[14.821068,40.9344121]},"properties":{"type":"pakketpunt","locatieNaam":"Amazon Counter - AR.SER.LOG.srl","straatNaam":"Via Pianodardine Z.I., 5","straatNr":"","vervoerder":"Amazon","puntType":"helix","bezettingsgraad":50,"latitude":40.9344121,"longitude":14.821068,"canPickup":true,"canDropoff":false,"openingstijden":null}},{"type":"Feature","geometry":{"type":"Point","coordinates":[14.8239831,40.9313681]},"properties":{"type":"pakketpunt","locatieNaam":"Amazon Counter - TABACCHERIA F.LLI CIPOLLETTA","straatNaam":"VIA PIANODARDINE 61","straatNr":"","vervoerder":"Amazon","puntType":"helix","bezettingsgraad":50,"latitude":40.9313681,"longitude":14.8239831,"canPickup":true,"canDropoff":false,"openingstijden":null}},{"type":"Feature","geometry":{"type":"Point","coordinates":[14.7778848,40.9187238]},"properties":{"type":"pakketpunt","locatieNaam":"Amazon Locker - brandino","straatNaam":"Iperfutura Avellino Cione","straatNr":"","vervoerder":"Amazon","puntType":"locker","bezettingsgraad":50,"latitude":40.9187238,"longitude":14.7778848,"canPickup":true,"canDropoff":false,"openingstijden":null}},{"type":"Feature","geometry":{"type":"Point","coordinates":[14.7703,40.9108]},"properties":{"type":"pakketpunt","locatieNaam":"PuntoPoste TABACCHERIA N. 2","straatNaam":"VIALE ITALIA 347","straatNr":"","vervoerder":"Amazon","puntType":"3p","bezettingsgraad":50,"latitude":40.9108,"longitude":14.7703,"canPickup":true,"canDropoff":false,"openingstijden":null}},{"type":"Feature","geometry":{"type":"Point","coordinates":[14.767827,40.913099]},"properties":{"type":"pakketpunt","locatieNaam":"Amazon Counter - Infinity Hair ","straatNaam":"Via Antonio Ammaturo 130","straatNr":"","vervoerder":"Amazon","puntType":"helix","bezettingsgraad":50,"latitude":40.913099,"longitude":14.767827,"canPickup":true,"canDropoff":false,"openingstijden":null}},{"type":"Feature","geometry":{"type":"Point","coordinates":[14.785407,40.91241]},"properties":{"type":"pakketpunt","locatieNaam":"Amazon Counter - Caffetteria le café maison","straatNaam":"Corso Europa, 221","straatNr":"","vervoerder":"Amazon","puntType":"helix","bezettingsgraad":50,"latitude":40.91241,"longitude":14.785407,"canPickup":true,"canDropoff":false,"openingstijden":null}},{"type":"Feature","geometry":{"type":"Point","coordinates":[14.7657,40.9172]},"properties":{"type":"pakketpunt","locatieNaam":"Ufficio Postale VALLE PONTICELLI","straatNaam":"VIA VINCENZO DE NAPOLI 93","straatNr":"","vervoerder":"Amazon","puntType":"3p","bezettingsgraad":50,"latitude":40.9172,"longitude":14.7657,"canPickup":true,"canDropoff":false,"openingstijden":null}},{"type":"Feature","geometry":{"type":"Point","coordinates":[14.8012112,40.9332198]},"properties":{"type":"pakketpunt","locatieNaam":"Amazon Locker - piereminio","straatNaam":"PRO7 - Avellino Scrofeta","straatNr":"","vervoerder":"Amazon","puntType":"locker","bezettingsgraad":50,"latitude":40.9332198,"longitude":14.8012112,"canPickup":true,"canDropoff":false,"openingstijden":null}},{"type":"Feature","geometry":{"type":"Point","coordinates":[14.787474,40.907299]},"properties":{"type":"pakketpunt","locatieNaam":"Amazon Counter - L'Emporio del Caffè","straatNaam":"Via Appia, 166","straatNr":"","vervoerder":"Amazon","puntType":"helix","bezettingsgraad":50,"latitude":40.907299,"longitude":14.787474,"canPickup":true,"canDropoff":false,"openingstijden":null}},{"type":"Feature","geometry":{"type":"Point","coordinates":[14.785506,40.912334]},"properties":{"type":"pakketpunt","locatieNaam":"Amazon Counter - Tabacchi Camilla&Diana","straatNaam":"Corso europa, 217","straatNr":"","vervoerder":"Amazon","puntType":"helix","bezettingsgraad":50,"latitude":40.912334,"longitude":14.785506,"canPickup":true,"canDropoff":false,"openingstijden":null}},{"type":"Feature","geometry":{"type":"Point","coordinates":[14.791169,40.9132]},"properties":{"type":"pakketpunt","locatieNaam":"Amazon Counter - PRIMAEDICOLA","straatNaam":"PONE GIULIA","straatNr":"","vervoerder":"Amazon","puntType":"helix","bezettingsgraad":50,"latitude":40.9132,"longitude":14.791169,"canPickup":true,"canDropoff":false,"openingstijden":null}},{"type":"Feature","geometry":{"type":"Point","coordinates":[14.7858,40.9129]},"properties":{"type":"pakketpunt","locatieNaam":"Ufficio Postale AVELLINO 8","straatNaam":"VIA FERDINANDO IANNACCONE 23","straatNr":"","vervoerder":"Amazon","puntType":"3p","bezettingsgraad":50,"latitude":40.9129,"longitude":14.7858,"canPickup":true,"canDropoff":false,"openingstijden":null}},{"type":"Feature","geometry":{"type":"Point","coordinates":[14.790546,40.916589]},"properties":{"type":"pakketpunt","locatieNaam":"Amazon Counter - BELLA VENEZIA","straatNaam":"VIA Del balzo 93/95","straatNr":"","vervoerder":"Amazon","puntType":"helix","bezettingsgraad":50,"latitude":40.916589,"longitude":14.790546,"canPickup":true,"canDropoff":false,"openingstijden":null}},{"type":"Feature","geometry":{"type":"Point","coordinates":[14.792805,40.916541]},"properties":{"type":"pakketpunt","locatieNaam":"Amazon Counter - TABACCHI BORRELLI","straatNaam":"VIA L AMABILE 82","straatNr":"","vervoerder":"Amazon","puntType":"helix","bezettingsgraad":50,"latitude":40.916541,"longitude":14.792805,"canPickup":true,"canDropoff":false,"openingstijden":null}},{"type":"Feature","geometry":{"type":"Point","coordinates":[14.78887,40.9191]},"properties":{"type":"pakketpunt","locatieNaam":"Amazon Counter - MFSERVICES","straatNaam":"Via Piave , 228","straatNr":"","vervoerder":"Amazon","puntType":"helix","bezettingsgraad":50,"latitude":40.9191,"longitude":14.78887,"canPickup":true,"canDropoff":false,"openingstijden":null}},{"type":"Feature","geometry":{"type":"Point","coordinates":[14.790628,40.913762]},"properties":{"type":"pakketpunt","locatieNaam":"Amazon Counter - EDISON SKY ILIAD","straatNaam":"VIA GIACOMO MATTEOTTI, 23","straatNr":"","vervoerder":"Amazon","puntType":"helix","bezettingsgraad":50,"latitude":40.913762,"longitude":14.790628,"canPickup":true,"canDropoff":false,"openingstijden":null}},{"type":"Feature","geometry":{"type":"Point","coordinates":[14.781263,40.913634]},"properties":{"type":"pakketpunt","locatieNaam":"Amazon Counter (fermopoint)","straatNaam":"Print e Co-Avellino","straatNr":"","vervoerder":"Amazon","puntType":"helix","bezettingsgraad":50,"latitude":40.913634,"longitude":14.781263,"canPickup":true,"canDropoff":false,"openingstijden":null}},{"type":"Feature","geometry":{"type":"Point","coordinates":[14.791818,40.913707]},"properties":{"type":"pakketpunt","locatieNaam":"Amazon Counter","straatNaam":"Ireplace  (fermopoint)","straatNr":"","vervoerder":"Amazon","puntType":"helix","bezettingsgraad":50,"latitude":40.913707,"longitude":14.791818,"canPickup":true,"canDropoff":false,"openingstijden":null}},{"type":"Feature","geometry":{"type":"Point","coordinates":[14.786554,40.918772]},"properties":{"type":"pakketpunt","locatieNaam":"Amazon Locker - balsamo","straatNaam":"Fermopoint/Lavanderia Lava & Asciuga","straatNr":"","vervoerder":"Amazon","puntType":"locker","bezettingsgraad":50,"latitude":40.918772,"longitude":14.786554,"canPickup":true,"canDropoff":false,"openingstijden":null}},{"type":"Feature","geometry":{"type":"Point","coordinates":[14.791899,40.919743]},"properties":{"type":"pakketpunt","locatieNaam":"Amazon Counter - TABACCHI CIAMPI","straatNaam":"VIA CANNAVIELLO 40","straatNr":"","vervoerder":"Amazon","puntType":"helix","bezettingsgraad":50,"latitude":40.919743,"longitude":14.791899,"canPickup":true,"canDropoff":false,"openingstijden":null}},{"type":"Feature","geometry":{"type":"Point","coordinates":[14.7963,40.9425]},"properties":{"type":"pakketpunt","locatieNaam":"Ufficio Postale PICARELLI","straatNaam":"VIA SAN SALVATORE 66","straatNr":"","vervoerder":"Amazon","puntType":"3p","bezettingsgraad":50,"latitude":40.9425,"longitude":14.7963,"canPickup":true,"canDropoff":false,"openingstijden":null}},{"type":"Feature","geometry":{"type":"Point","coordinates":[14.780692,40.9188044]},"properties":{"type":"pakketpunt","locatieNaam":"Amazon Counter - Idea Informatica","straatNaam":"Via Salvatore Pescatori 54","straatNr":"","vervoerder":"Amazon","puntType":"helix","bezettingsgraad":50,"latitude":40.9188044,"longitude":14.780692,"canPickup":true,"canDropoff":false,"openingstijden":null}},{"type":"Feature","geometry":{"type":"Point","coordinates":[14.7894,40.9202]},"properties":{"type":"pakketpunt","locatieNaam":"Ufficio Postale AVELLINO 7","straatNaam":"PIAZZETTA ENRICO COCCHIA 1","straatNr":"","vervoerder":"Amazon","puntType":"3p","bezettingsgraad":50,"latitude":40.9202,"longitude":14.7894,"canPickup":true,"canDropoff":false,"openingstijden":null}},{"type":"Feature","geometry":{"type":"Point","coordinates":[14.769862,40.910461]},"properties":{"type":"pakketpunt","locatieNaam":"FedEx OnSite","straatNaam":"Viale Italia, 365","straatNr":"","vervoerder":"FedEx","puntType":"servicepunt","bezettingsgraad":50,"latitude":40.910461,"longitude":14.769862,"canPickup":true,"canDropoff":true,"openingstijden":{"ma":"08:00 - 13:00, 15:00 - 20:00","di":"08:00 - 13:00, 15:00 - 20:00","wo":"08:00 - 13:00, 15:00 - 20:00","do":"08:00 - 13:00, 15:00 - 20:00","vr":"08:00 - 13:00, 15:00 - 20:00","za":"08:00 - 13:00","zo":"gesloten"}}},{"type":"Feature","geometry":{"type":"Point","coordinates":[14.7779555,40.9143953]},"properties":{"type":"pakketpunt","locatieNaam":"FedEx OnSite","straatNaam":"VIA CRISTOFORO COLOMBO 96","straatNr":"","vervoerder":"FedEx","puntType":"servicepunt","bezettingsgraad":50,"latitude":40.9143953,"longitude":14.7779555,"canPickup":true,"canDropoff":true,"openingstijden":{"ma":"07:00 - 14:30, 15:30 - 21:00","di":"07:00 - 14:30, 15:30 - 21:00","wo":"07:00 - 14:30, 15:30 - 21:00","do":"07:00 - 14:30, 15:30 - 21:00","vr":"07:00 - 14:30, 15:30 - 21:00","za":"07:00 - 14:30, 15:30 - 21:00","zo":"gesloten"}}},{"type":"Feature","geometry":{"type":"Point","coordinates":[14.778045791798164,40.91447473495358]},"properties":{"type":"pakketpunt","locatieNaam":"FedEx OnSite","straatNaam":"Via Cristoforo Colombo, 94","straatNr":"","vervoerder":"FedEx","puntType":"servicepunt","bezettingsgraad":50,"latitude":40.91447473495358,"longitude":14.778045791798164,"canPickup":true,"canDropoff":true,"openingstijden":{"ma":"05:30 - 19:30","di":"05:30 - 19:30","wo":"05:30 - 19:30","do":"05:30 - 19:30","vr":"05:30 - 19:30","za":"05:30 - 19:30","zo":"gesloten"}}},{"type":"Feature","geometry":{"type":"Point","coordinates":[14.786705518277063,40.91356123363183]},"properties":{"type":"pakketpunt","locatieNaam":"FedEx OnSite","straatNaam":"Corso Vittorio Emanuele II, 253","straatNr":"","vervoerder":"FedEx","puntType":"servicepunt","bezettingsgraad":50,"latitude":40.91356123363183,"longitude":14.786705518277063,"canPickup":true,"canDropoff":true,"openingstijden":{"ma":"07:30 - 13:30, 15:30 - 20:30","di":"07:30 - 13:30, 15:30 - 20:30","wo":"07:30 - 13:30, 15:30 - 20:30","do":"07:30 - 13:30, 15:30 - 20:30","vr":"07:30 - 13:30, 15:30 - 20:30","za":"07:30 - 13:30, 15:30 - 20:30","zo":"10:00 - 13:00"}}},{"type":"Feature","geometry":{"type":"Point","coordinates":[14.783655988249404,40.914968440529805]},"properties":{"type":"pakketpunt","locatieNaam":"FedEx OnSite","straatNaam":"Via Cristoforo Colombo, 11","straatNr":"","vervoerder":"FedEx","puntType":"servicepunt","bezettingsgraad":50,"latitude":40.914968440529805,"longitude":14.783655988249404,"canPickup":true,"canDropoff":true,"openingstijden":{"ma":"07:30 - 13:30, 16:00 - 20:30","di":"07:30 - 13:30, 16:00 - 20:30","wo":"07:30 - 13:30, 16:00 - 20:30","do":"07:30 - 13:30, 16:00 - 20:30","vr":"07:30 - 13:30, 16:00 - 20:30","za":"07:30 - 13:30, 16:00 - 20:30","zo":"gesloten"}}},{"type":"Feature","geometry":{"type":"Point","coordinates":[14.793043,40.911005]},"properties":{"type":"pakketpunt","locatieNaam":"FedEx OnSite","straatNaam":"Via  due principati, 132/134","straatNr":"","vervoerder":"FedEx","puntType":"servicepunt","bezettingsgraad":50,"latitude":40.911005,"longitude":14.793043,"canPickup":true,"canDropoff":true,"openingstijden":{"ma":"06:30 - 14:00, 15:30 - 21:00","di":"06:30 - 14:00, 15:30 - 21:00","wo":"06:30 - 14:00, 15:30 - 21:00","do":"06:30 - 14:00, 15:30 - 21:00","vr":"06:30 - 14:00, 15:30 - 21:00","za":"06:30 - 14:00, 15:30 - 21:00","zo":"gesloten"}}},{"type":"Feature","geometry":{"type":"Point","coordinates":[14.77980412374377,40.91744408583673]},"properties":{"type":"pakketpunt","locatieNaam":"FedEx OnSite","straatNaam":"Via Salvatore Moccia, 102","straatNr":"","vervoerder":"FedEx","puntType":"servicepunt","bezettingsgraad":50,"latitude":40.91744408583673,"longitude":14.77980412374377,"canPickup":true,"canDropoff":true,"openingstijden":{"ma":"09:00 - 13:30, 15:30 - 19:30","di":"09:00 - 13:30, 15:30 - 19:30","wo":"09:00 - 13:30, 15:30 - 19:30","do":"09:00 - 13:30, 15:30 - 19:30","vr":"09:00 - 13:30, 15:30 - 19:30","za":"gesloten","zo":"gesloten"}}},{"type":"Feature","geometry":{"type":"Point","coordinates":[14.779945071610427,40.91824454536287]},"properties":{"type":"pakketpunt","locatieNaam":"FedEx OnSite","straatNaam":"Via pescatori salvatore , 70","straatNr":"","vervoerder":"FedEx","puntType":"servicepunt","bezettingsgraad":50,"latitude":40.91824454536287,"longitude":14.779945071610427,"canPickup":true,"canDropoff":true,"openingstijden":{"ma":"09:30 - 15:00","di":"09:30 - 17:00","wo":"09:30 - 17:00","do":"09:30 - 17:00","vr":"09:30 - 17:00","za":"09:30 - 17:00","zo":"gesloten"}}},{"type":"Feature","geometry":{"type":"Point","coordinates":[14.790570740980247,40.9136034302864]},"properties":{"type":"pakketpunt","locatieNaam":"FedEx OnSite","straatNaam":"VIA MATTEOTTI, 28","straatNr":"","vervoerder":"FedEx","puntType":"servicepunt","bezettingsgraad":50,"latitude":40.9136034302864,"longitude":14.790570740980247,"canPickup":true,"canDropoff":true,"openingstijden":{"ma":"09:00 - 13:00, 16:00 - 20:00","di":"09:00 - 13:00, 16:00 - 20:00","wo":"09:00 - 13:00, 16:00 - 20:00","do":"09:00 - 13:00, 16:00 - 20:00","vr":"09:00 - 13:00, 16:00 - 20:00","za":"09:00 - 13:00, 16:00 - 20:00","zo":"gesloten"}}},{"type":"Feature","geometry":{"type":"Point","coordinates":[14.793213737192694,40.913026966732886]},"properties":{"type":"pakketpunt","locatieNaam":"FedEx OnSite","straatNaam":"VIA FERRIERA, 70/72","straatNr":"","vervoerder":"FedEx","puntType":"servicepunt","bezettingsgraad":50,"latitude":40.913026966732886,"longitude":14.793213737192694,"canPickup":true,"canDropoff":true,"openingstijden":{"ma":"09:00 - 13:00, 15:00 - 19:00","di":"09:00 - 13:00, 15:00 - 19:00","wo":"09:00 - 13:00, 15:00 - 19:00","do":"09:00 - 13:00, 15:00 - 19:00","vr":"09:00 - 13:00, 15:00 - 19:00","za":"gesloten","zo":"gesloten"}}},{"type":"Feature","geometry":{"type":"Point","coordinates":[14.786841,40.915982]},"properties":{"type":"pakketpunt","locatieNaam":"FedEx OnSite","straatNaam":"piazza alfredo de marsico, 6","straatNr":"","vervoerder":"FedEx","puntType":"servicepunt","bezettingsgraad":50,"latitude":40.915982,"longitude":14.786841,"canPickup":true,"canDropoff":true,"openingstijden":{"ma":"09:30 - 13:00, 16:30 - 20:30","di":"09:30 - 13:00, 16:30 - 20:30","wo":"09:30 - 13:00, 16:30 - 20:30","do":"09:30 - 13:00, 16:30 - 20:30","vr":"09:30 - 13:00, 16:30 - 20:30","za":"09:30 - 13:00, 16:30 - 20:30","zo":"gesloten"}}},{"type":"Feature","geometry":{"type":"Point","coordinates":[14.784982802508265,40.91701638784888]},"properties":{"type":"pakketpunt","locatieNaam":"FedEx OnSite","straatNaam":"VIA TAGLIAMENTO 36","straatNr":"","vervoerder":"FedEx","puntType":"servicepunt","bezettingsgraad":50,"latitude":40.91701638784888,"longitude":14.784982802508265,"canPickup":true,"canDropoff":true,"openingstijden":{"ma":"08:30 - 13:00, 16:00 - 20:00","di":"08:30 - 13:00, 16:00 - 20:00","wo":"08:30 - 13:00, 16:00 - 20:00","do":"08:30 - 13:00, 16:00 - 20:00","vr":"08:30 - 13:00, 16:00 - 20:00","za":"08:30 - 13:00","zo":"gesloten"}}},{"type":"Feature","geometry":{"type":"Point","coordinates":[14.783265,40.920988]},"properties":{"type":"pakketpunt","locatieNaam":"FedEx OnSite","straatNaam":"Via Tagliamento, 136","straatNr":"","vervoerder":"FedEx","puntType":"servicepunt","bezettingsgraad":50,"latitude":40.920988,"longitude":14.783265,"canPickup":true,"canDropoff":true,"openingstijden":{"ma":"07:00 - 13:00, 16:00 - 19:30","di":"07:00 - 13:00, 16:00 - 19:30","wo":"07:00 - 13:00, 16:00 - 19:30","do":"07:00 - 13:00, 16:00 - 19:30","vr":"07:00 - 13:00, 16:00 - 19:30","za":"07:00 - 13:00, 16:00 - 19:30","zo":"07:00 - 13:00"}}},{"type":"Feature","geometry":{"type":"Point","coordinates":[14.781006403652759,40.92235809065508]},"properties":{"type":"pakketpunt","locatieNaam":"FedEx OnSite","straatNaam":"VIA MORELLI E SILVATI, 10","straatNr":"","vervoerder":"FedEx","puntType":"servicepunt","bezettingsgraad":50,"latitude":40.92235809065508,"longitude":14.781006403652759,"canPickup":true,"canDropoff":true,"openingstijden":{"ma":"09:00 - 23:00","di":"09:00 - 23:00","wo":"09:00 - 23:00","do":"09:00 - 23:00","vr":"09:00 - 23:00","za":"09:00 - 23:00","zo":"09:00 - 23:00"}}},{"type":"Feature","geometry":{"type":"Point","coordinates":[14.793456,40.917049]},"properties":{"type":"pakketpunt","locatieNaam":"FedEx OnSite","straatNaam":"via Serafino Soldi, 34","straatNr":"","vervoerder":"FedEx","puntType":"servicepunt","bezettingsgraad":50,"latitude":40.917049,"longitude":14.793456,"canPickup":true,"canDropoff":true,"openingstijden":{"ma":"09:00 - 13:00, 14:00 - 18:00","di":"09:00 - 13:00, 14:00 - 18:00","wo":"09:00 - 13:00, 14:00 - 18:00","do":"09:00 - 13:30, 14:00 - 18:00","vr":"09:00 - 13:00, 14:00 - 18:00","za":"09:00 - 13:00, 14:00 - 18:00","zo":"gesloten"}}},{"type":"Feature","geometry":{"type":"Polygon","coordinates":[[[14.7528762,40.8811394],[14.7507305,40.8833623],[14.7502177,40.8844142],[14.7499523,40.8854132],[14.7498031,40.8872975],[14.7495381,40.8881974],[14.74885,40.8881509],[14.7481973,40.8882105],[14.7474606,40.8885804],[14.7475403,40.8891481],[14.748072,40.8899856],[14.7489349,40.8907797],[14.7495621,40.8910949],[14.7502611,40.8916225],[14.7529506,40.8930948],[14.7540422,40.8934137],[14.7553448,40.8940011],[14.7562087,40.8944959],[14.7566081,40.8945855],[14.7564552,40.8957515],[14.7573299,40.896303],[14.7572153,40.8967547],[14.7582406,40.8976459],[14.7588814,40.8987516],[14.7596481,40.8997494],[14.7602453,40.9000638],[14.7607816,40.9000097],[14.7639141,40.9012953],[14.7652265,40.9027328],[14.7659722,40.90342],[14.766324,40.9047076],[14.7667731,40.9052657],[14.767426,40.90544],[14.7676732,40.9059362],[14.768569,40.9064133],[14.7683838,40.9067287],[14.767781,40.9068643],[14.768412,40.9070783],[14.7687585,40.907583],[14.7685257,40.9077027],[14.7682179,40.9076597],[14.7673896,40.9073277],[14.7662695,40.9072556],[14.7645938,40.9073824],[14.7643779,40.9074274],[14.763629,40.9080159],[14.7628792,40.9084496],[14.762664,40.908789],[14.7625671,40.9094645],[14.7622334,40.9096342],[14.7620906,40.9099699],[14.7621477,40.9103452],[14.7615898,40.9104272],[14.7616705,40.9120777],[14.763046,40.9120622],[14.7629227,40.9127368],[14.7627685,40.9129966],[14.7615744,40.9128114],[14.7587804,40.9134995],[14.7592538,40.9148448],[14.7591968,40.9156484],[14.7577656,40.9170506],[14.7562784,40.9178407],[14.7557668,40.9182355],[14.755754,40.9186592],[14.7558924,40.9194399],[14.7568175,40.9199022],[14.7570651,40.9203174],[14.7575864,40.9205883],[14.7574662,40.9211839],[14.757435,40.9230579],[14.7575854,40.9234458],[14.7583198,40.92354],[14.7589171,40.923995],[14.7591448,40.9246325],[14.7590654,40.9253662],[14.7612376,40.9258199],[14.7631252,40.9260133],[14.7624923,40.9269227],[14.7619446,40.9273193],[14.7614315,40.9280112],[14.7609894,40.928812],[14.7607256,40.9294958],[14.7603877,40.9309261],[14.7601008,40.9314486],[14.7605958,40.9325945],[14.7608449,40.9328565],[14.7614963,40.9331164],[14.762077,40.9335059],[14.7629321,40.93349],[14.7636691,40.9336556],[14.7638456,40.9339438],[14.7634279,40.9344284],[14.7633674,40.9346879],[14.7643396,40.9352512],[14.7647325,40.9349345],[14.7653271,40.9348012],[14.7661579,40.9350566],[14.7663824,40.9351983],[14.7662513,40.9355065],[14.7663922,40.9359225],[14.7661406,40.9365337],[14.7663293,40.9369023],[14.7665897,40.9371908],[14.7668371,40.9378491],[14.767122,40.9381048],[14.7675008,40.9382118],[14.7690332,40.9381979],[14.7694025,40.9378733],[14.7695234,40.9372776],[14.7697516,40.9367396],[14.7700489,40.9365581],[14.7707854,40.9366877],[14.7717578,40.9370755],[14.7733609,40.9372474],[14.7741439,40.9375227],[14.7767673,40.9379309],[14.77888,40.9385133],[14.7810526,40.9390027],[14.7818598,40.9393581],[14.7827136,40.9398823],[14.7837324,40.9408212],[14.784004,40.9409651],[14.7850262,40.9407516],[14.7856328,40.9405275],[14.7862771,40.9395904],[14.7870625,40.9393663],[14.7874903,40.9391512],[14.7871848,40.9382214],[14.7871977,40.9377257],[14.7875098,40.937197],[14.7878765,40.9372504],[14.787921,40.9382068],[14.7883354,40.9389826],[14.7890353,40.9392263],[14.7900349,40.9387665],[14.7918926,40.9371336],[14.7927497,40.9367213],[14.7933907,40.9365676],[14.7936036,40.9367637],[14.79341,40.9378807],[14.7934052,40.9397128],[14.7933201,40.9405858],[14.7930775,40.9420158],[14.7928852,40.9425746],[14.7928717,40.9429623],[14.7933821,40.9431977],[14.7943919,40.9432908],[14.7949375,40.9434883],[14.7953294,40.9437611],[14.7955875,40.9447068],[14.7958241,40.9452124],[14.7961553,40.9455963],[14.7999814,40.9454978],[14.8011109,40.9449862],[14.8024681,40.9439229],[14.8041572,40.9432255],[14.8047764,40.9427486],[14.805849,40.9424286],[14.806216,40.94201],[14.8064702,40.9419792],[14.8067342,40.9417896],[14.808546,40.941496],[14.8089993,40.9412795],[14.8091326,40.9410958],[14.8112676,40.9412717],[14.8116276,40.9411303],[14.8131559,40.9410962],[14.8174749,40.9414113],[14.818706,40.9421109],[14.8192301,40.9420964],[14.8195151,40.9418419],[14.8202572,40.9421141],[14.8211585,40.9428111],[14.8222867,40.9429925],[14.8239613,40.9435647],[14.8245901,40.9436994],[14.8258729,40.9435758],[14.8266329,40.9437218],[14.8271808,40.9439191],[14.8292671,40.9450195],[14.8298459,40.945647],[14.8302794,40.9460213],[14.8303297,40.9459784],[14.8306733,40.9454302],[14.8316249,40.9443948],[14.831671,40.9435044],[14.8315085,40.9424908],[14.8311438,40.9416642],[14.8301567,40.9413562],[14.8293199,40.9417452],[14.8288693,40.9418424],[14.8285399,40.9416731],[14.828218,40.9406519],[14.8285184,40.940425],[14.829999,40.9401981],[14.8303852,40.9393714],[14.8302565,40.9389986],[14.8290091,40.9382785],[14.8291267,40.9374498],[14.8298059,40.9368103],[14.829484,40.9364213],[14.8287673,40.9360657],[14.8285903,40.9354722],[14.8279975,40.9352361],[14.8276291,40.9352627],[14.8273309,40.9349928],[14.8269814,40.9343079],[14.8261605,40.9338124],[14.8253204,40.9323787],[14.8250735,40.9318647],[14.8249082,40.9312789],[14.8249821,40.9309556],[14.8256508,40.9303906],[14.8252013,40.9287742],[14.8250646,40.9286727],[14.825021,40.9282623],[14.8248941,40.9279584],[14.8250878,40.927705],[14.825525,40.9267378],[14.8252385,40.9265234],[14.82459,40.9256555],[14.8246318,40.9252329],[14.8245469,40.9247703],[14.8241079,40.9242089],[14.8243508,40.923226],[14.8247812,40.9229736],[14.8248716,40.9224415],[14.8252526,40.9221743],[14.825261,40.9220207],[14.8247848,40.9211285],[14.8249703,40.9202546],[14.8245444,40.9198195],[14.8241678,40.9192612],[14.8238001,40.9190112],[14.8233319,40.9188488],[14.8231694,40.9186931],[14.8227366,40.9189115],[14.8222862,40.9188121],[14.8220364,40.9186557],[14.8214808,40.9187815],[14.8204656,40.9186853],[14.8200928,40.9183667],[14.8196314,40.9175718],[14.8179469,40.9170066],[14.8173748,40.9167377],[14.8168197,40.9160107],[14.8165349,40.9160315],[14.8163444,40.9159585],[14.8163753,40.9157332],[14.8159622,40.9153829],[14.8158733,40.9151327],[14.815236,40.9147404],[14.8152711,40.9144993],[14.8154858,40.9142362],[14.8153181,40.9139047],[14.8144323,40.913401],[14.8140973,40.9134329],[14.813566,40.9133328],[14.8132991,40.9129667],[14.8133383,40.9126507],[14.8130969,40.9119867],[14.8124006,40.9117424],[14.8117786,40.9112894],[14.811814,40.9108868],[14.8115715,40.9105309],[14.8104933,40.9093659],[14.8101116,40.9084639],[14.8093707,40.907769],[14.8092616,40.9074063],[14.8092899,40.9068021],[14.8097143,40.906158],[14.8093307,40.9046637],[14.809481,40.9038977],[14.8100328,40.9032052],[14.8098394,40.9022724],[14.8094288,40.9020271],[14.8088057,40.9013236],[14.8088413,40.9008202],[14.8091128,40.9000245],[14.809395,40.8995601],[14.8091305,40.8992584],[14.8072892,40.8984383],[14.8065395,40.8964492],[14.8056954,40.8957625],[14.8051426,40.8951903],[14.8049903,40.8948497],[14.8040931,40.8938969],[14.803971,40.8935814],[14.8043111,40.8927678],[14.8037358,40.8922899],[14.8032466,40.8924132],[14.8030167,40.892326],[14.8026471,40.8919963],[14.8025331,40.8915231],[14.8025583,40.8910762],[14.8022101,40.8906708],[14.801542,40.889317],[14.800409,40.8881328],[14.8005292,40.888031],[14.8005209,40.8878601],[14.8001073,40.8876855],[14.7988448,40.8867079],[14.7987015,40.8864283],[14.7984572,40.8862922],[14.7983228,40.885929],[14.7979098,40.8856541],[14.7974251,40.885605],[14.797115,40.8852511],[14.7973154,40.8848192],[14.7971555,40.8847194],[14.797016,40.8843532],[14.796692,40.8841869],[14.7965064,40.8839846],[14.7965182,40.8837724],[14.7963474,40.8831645],[14.7963693,40.8820389],[14.7959725,40.881387],[14.795663,40.8810606],[14.7948322,40.881215],[14.7941325,40.8815293],[14.793309,40.882507],[14.7919522,40.8836871],[14.7915842,40.8842007],[14.7895992,40.8851694],[14.788779,40.8854628],[14.7873414,40.8857152],[14.784561,40.8864988],[14.7833977,40.8865618],[14.7822359,40.8864447],[14.7823318,40.8860573],[14.7822738,40.8854616],[14.7820029,40.8847956],[14.7787851,40.8850745],[14.7785034,40.884247],[14.7799782,40.8835112],[14.7797433,40.8823663],[14.7795178,40.882085],[14.7765462,40.8799167],[14.7751156,40.8821126],[14.7745574,40.8819518],[14.7737874,40.8818599],[14.7708443,40.8816837],[14.7694641,40.882707],[14.7682903,40.8820279],[14.7674849,40.8817398],[14.7649,40.8810322],[14.7638692,40.8808319],[14.7622886,40.8807356],[14.7590839,40.8807927],[14.7554422,40.8809031],[14.7531737,40.8810616],[14.7528762,40.8811394]]]},"properties":{"type":"boundary","gemeente":"Avellino"}}]}