{"type":"FeatureCollection","metadata":{"gemeente":"Bergamo","slug":"bergamo","generated_at":"2026-09-26T13:09:36.157928Z","total_points":248,"providers":["PosteItaliane","DPD","InPost","GLS","DHL","Amazon"],"bounds":[9.628228,45.6605238,9.709189,45.72021]},"features":[{"type":"Feature","geometry":{"type":"Point","coordinates":[9.64525416,45.68091599]},"properties":{"type":"pakketpunt","locatieNaam":"Tabaccheria N. 106","straatNaam":"Via Promessi Sposi","straatNr":"31","vervoerder":"PosteItaliane","puntType":"servicepunt","bezettingsgraad":50,"latitude":45.68091599,"longitude":9.64525416,"canPickup":true,"canDropoff":true,"openingstijden":{"za":"06:00 - 20:00","zo":"06:00 - 12:30","ma":"06:00 - 20:00","di":"06:00 - 20:00","wo":"06:00 - 20:00","do":"06:00 - 20:00","vr":"06:00 - 20:00"}}},{"type":"Feature","geometry":{"type":"Point","coordinates":[9.66863225,45.69332014]},"properties":{"type":"pakketpunt","locatieNaam":"Tabaccheria N. 95","straatNaam":"Via Gerolamo Tiraboschi","straatNr":"65","vervoerder":"PosteItaliane","puntType":"servicepunt","bezettingsgraad":50,"latitude":45.69332014,"longitude":9.66863225,"canPickup":true,"canDropoff":true,"openingstijden":{"za":"08:00 - 19:00","zo":"gesloten","ma":"08:00 - 19:00","di":"08:00 - 19:00","wo":"08:00 - 19:00","do":"08:00 - 19:00","vr":"08:00 - 19:00"}}},{"type":"Feature","geometry":{"type":"Point","coordinates":[9.66071594,45.69227275]},"properties":{"type":"pakketpunt","locatieNaam":"Bergamo 2","straatNaam":"Via Giacomo Manzu'","straatNr":"11","vervoerder":"PosteItaliane","puntType":"postkantoor","bezettingsgraad":50,"latitude":45.69227275,"longitude":9.66071594,"canPickup":true,"canDropoff":true,"openingstijden":{"za":"08:20 - 12:35","zo":"gesloten","ma":"08:20 - 19:05","di":"08:20 - 19:05","wo":"08:20 - 19:05","do":"08:20 - 19:05","vr":"08:20 - 19:05"}}},{"type":"Feature","geometry":{"type":"Point","coordinates":[9.66766359,45.71355756]},"properties":{"type":"pakketpunt","locatieNaam":"Bergamo 8","straatNaam":"Via Pietro Ruggeri Da Stabello","straatNr":"6","vervoerder":"PosteItaliane","puntType":"postkantoor","bezettingsgraad":50,"latitude":45.71355756,"longitude":9.66766359,"canPickup":true,"canDropoff":true,"openingstijden":{"za":"08:20 - 12:35","zo":"gesloten","ma":"08:20 - 13:35","di":"08:20 - 13:35","wo":"08:20 - 13:35","do":"08:20 - 13:35","vr":"08:20 - 13:35"}}},{"type":"Feature","geometry":{"type":"Point","coordinates":[9.68893928,45.68938425]},"properties":{"type":"pakketpunt","locatieNaam":"Bergamo 12","straatNaam":"Via Boccaleone","straatNr":"15/f","vervoerder":"PosteItaliane","puntType":"postkantoor","bezettingsgraad":50,"latitude":45.68938425,"longitude":9.68893928,"canPickup":true,"canDropoff":true,"openingstijden":{"za":"gesloten","zo":"gesloten","ma":"08:20 - 13:45","di":"gesloten","wo":"08:20 - 13:45","do":"gesloten","vr":"08:20 - 13:45"}}},{"type":"Feature","geometry":{"type":"Point","coordinates":[9.66164196,45.67303464]},"properties":{"type":"pakketpunt","locatieNaam":"Bergamo 6","straatNaam":"Via Goffredo Mameli","straatNr":"1","vervoerder":"PosteItaliane","puntType":"postkantoor","bezettingsgraad":50,"latitude":45.67303464,"longitude":9.66164196,"canPickup":true,"canDropoff":true,"openingstijden":{"za":"08:20 - 12:45","zo":"gesloten","ma":"08:20 - 13:45","di":"08:20 - 13:45","wo":"08:20 - 13:45","do":"08:20 - 13:45","vr":"08:20 - 13:45"}}},{"type":"Feature","geometry":{"type":"Point","coordinates":[9.69038464,45.70733905]},"properties":{"type":"pakketpunt","locatieNaam":"Bergamo 7","straatNaam":"Via Filippo Corridoni","straatNr":"34","vervoerder":"PosteItaliane","puntType":"postkantoor","bezettingsgraad":50,"latitude":45.70733905,"longitude":9.69038464,"canPickup":true,"canDropoff":true,"openingstijden":{"za":"08:20 - 12:35","zo":"gesloten","ma":"08:20 - 13:35","di":"08:20 - 13:35","wo":"08:20 - 13:35","do":"08:20 - 13:35","vr":"08:20 - 13:35"}}},{"type":"Feature","geometry":{"type":"Point","coordinates":[9.67854833,45.7051257]},"properties":{"type":"pakketpunt","locatieNaam":"Bergamo 3","straatNaam":"Viale Giulio Cesare","straatNr":"3","vervoerder":"PosteItaliane","puntType":"postkantoor","bezettingsgraad":50,"latitude":45.7051257,"longitude":9.67854833,"canPickup":true,"canDropoff":true,"openingstijden":{"za":"08:20 - 12:35","zo":"gesloten","ma":"08:20 - 13:35","di":"08:20 - 13:35","wo":"08:20 - 13:35","do":"08:20 - 13:35","vr":"08:20 - 13:35"}}},{"type":"Feature","geometry":{"type":"Point","coordinates":[9.649281,45.679027]},"properties":{"type":"pakketpunt","locatieNaam":"Bergamo 13","straatNaam":"Via Promessi Sposi","straatNr":"1","vervoerder":"PosteItaliane","puntType":"postkantoor","bezettingsgraad":50,"latitude":45.679027,"longitude":9.649281,"canPickup":true,"canDropoff":true,"openingstijden":{"za":"08:20 - 12:45","zo":"gesloten","ma":"08:20 - 13:45","di":"08:20 - 13:45","wo":"08:20 - 13:45","do":"08:20 - 13:45","vr":"08:20 - 13:45"}}},{"type":"Feature","geometry":{"type":"Point","coordinates":[9.66454921,45.70433524]},"properties":{"type":"pakketpunt","locatieNaam":"Bergamo 1","straatNaam":"Piazza Mercato Del Fieno","straatNr":"13","vervoerder":"PosteItaliane","puntType":"postkantoor","bezettingsgraad":50,"latitude":45.70433524,"longitude":9.66454921,"canPickup":true,"canDropoff":true,"openingstijden":{"za":"08:20 - 12:45","zo":"gesloten","ma":"08:20 - 13:45","di":"08:20 - 13:45","wo":"08:20 - 13:45","do":"08:20 - 13:45","vr":"08:20 - 13:45"}}},{"type":"Feature","geometry":{"type":"Point","coordinates":[9.67291265,45.68410622]},"properties":{"type":"pakketpunt","locatieNaam":"Bergamo 9","straatNaam":"Via Zanica","straatNr":"10/d","vervoerder":"PosteItaliane","puntType":"postkantoor","bezettingsgraad":50,"latitude":45.68410622,"longitude":9.67291265,"canPickup":true,"canDropoff":true,"openingstijden":{"za":"08:20 - 12:35","zo":"gesloten","ma":"08:20 - 13:35","di":"08:20 - 13:35","wo":"08:20 - 13:35","do":"08:20 - 13:35","vr":"08:20 - 13:35"}}},{"type":"Feature","geometry":{"type":"Point","coordinates":[9.6691888,45.69812451]},"properties":{"type":"pakketpunt","locatieNaam":"Bergamo Centro","straatNaam":"Via Antonio Locatelli","straatNr":"11","vervoerder":"PosteItaliane","puntType":"postkantoor","bezettingsgraad":50,"latitude":45.69812451,"longitude":9.6691888,"canPickup":true,"canDropoff":true,"openingstijden":{"za":"08:20 - 12:35","zo":"gesloten","ma":"08:20 - 19:05","di":"08:20 - 19:05","wo":"08:20 - 19:05","do":"08:20 - 19:05","vr":"08:20 - 19:05"}}},{"type":"Feature","geometry":{"type":"Point","coordinates":[9.6313166,45.69380364]},"properties":{"type":"pakketpunt","locatieNaam":"Bergamo 11","straatNaam":"Via Guglielmo Mattioli","straatNr":"14/a","vervoerder":"PosteItaliane","puntType":"postkantoor","bezettingsgraad":50,"latitude":45.69380364,"longitude":9.6313166,"canPickup":true,"canDropoff":true,"openingstijden":{"za":"08:20 - 12:35","zo":"gesloten","ma":"08:20 - 13:35","di":"08:20 - 13:35","wo":"08:20 - 13:35","do":"08:20 - 13:35","vr":"08:20 - 13:35"}}},{"type":"Feature","geometry":{"type":"Point","coordinates":[9.67803101,45.69525341]},"properties":{"type":"pakketpunt","locatieNaam":"Bergamo 15","straatNaam":"Via Malj Tabajani","straatNr":"1","vervoerder":"PosteItaliane","puntType":"postkantoor","bezettingsgraad":50,"latitude":45.69525341,"longitude":9.67803101,"canPickup":true,"canDropoff":true,"openingstijden":{"za":"08:20 - 12:35","zo":"gesloten","ma":"08:20 - 13:35","di":"08:20 - 13:35","wo":"08:20 - 13:35","do":"08:20 - 13:35","vr":"08:20 - 13:35"}}},{"type":"Feature","geometry":{"type":"Point","coordinates":[9.653362,45.693773]},"properties":{"type":"pakketpunt","locatieNaam":"Bergamo 5","straatNaam":"Via Brigata Bergamo","straatNr":"2","vervoerder":"PosteItaliane","puntType":"postkantoor","bezettingsgraad":50,"latitude":45.693773,"longitude":9.653362,"canPickup":true,"canDropoff":true,"openingstijden":{"za":"08:20 - 12:35","zo":"gesloten","ma":"08:20 - 13:35","di":"08:20 - 13:35","wo":"08:20 - 13:35","do":"08:20 - 13:35","vr":"08:20 - 13:35"}}},{"type":"Feature","geometry":{"type":"Point","coordinates":[9.6691888,45.69812451]},"properties":{"type":"pakketpunt","locatieNaam":"Bergamo Centro","straatNaam":"Via Antonio Locatelli","straatNr":"11","vervoerder":"PosteItaliane","puntType":"automaat","bezettingsgraad":50,"latitude":45.69812451,"longitude":9.6691888,"canPickup":true,"canDropoff":true,"openingstijden":{"za":"08:20 - 12:35","zo":"gesloten","ma":"08:20 - 19:05","di":"08:20 - 19:05","wo":"08:20 - 19:05","do":"08:20 - 19:05","vr":"08:20 - 19:05"}}},{"type":"Feature","geometry":{"type":"Point","coordinates":[9.69150718,45.70367683]},"properties":{"type":"pakketpunt","locatieNaam":"Galleria Commerciale Chorus Life","straatNaam":"Via Carlo Serassi","straatNr":"26","vervoerder":"PosteItaliane","puntType":"automaat","bezettingsgraad":50,"latitude":45.70367683,"longitude":9.69150718,"canPickup":true,"canDropoff":true,"openingstijden":{"za":"09:00 - 20:00","zo":"09:00 - 20:00","ma":"09:00 - 20:00","di":"09:00 - 20:00","wo":"09:00 - 20:00","do":"09:00 - 20:00","vr":"09:00 - 20:00"}}},{"type":"Feature","geometry":{"type":"Point","coordinates":[9.67149978,45.69366654]},"properties":{"type":"pakketpunt","locatieNaam":"Edicola - Bg","straatNaam":"Viale Papa Giovanni Xxiii","straatNr":"5","vervoerder":"PosteItaliane","puntType":"servicepunt","bezettingsgraad":50,"latitude":45.69366654,"longitude":9.67149978,"canPickup":true,"canDropoff":true,"openingstijden":{"za":"07:00 - 18:00","zo":"07:00 - 18:00","ma":"07:00 - 18:00","di":"07:00 - 18:00","wo":"07:00 - 18:00","do":"07:00 - 18:00","vr":"07:00 - 18:00"}}},{"type":"Feature","geometry":{"type":"Point","coordinates":[9.69311706,45.68760988]},"properties":{"type":"pakketpunt","locatieNaam":"Tabaccheria Barone","straatNaam":"Via Gabriele Rosa","straatNr":"47/a","vervoerder":"PosteItaliane","puntType":"servicepunt","bezettingsgraad":50,"latitude":45.68760988,"longitude":9.69311706,"canPickup":true,"canDropoff":true,"openingstijden":{"za":"07:30 - 13:00, 14:30 - 19:00","zo":"gesloten","ma":"07:30 - 13:00, 14:30 - 19:00","di":"07:30 - 13:00, 14:30 - 19:00","wo":"07:30 - 13:00, 14:30 - 19:00","do":"07:30 - 13:00, 14:30 - 19:00","vr":"07:30 - 13:00, 14:30 - 19:00"}}},{"type":"Feature","geometry":{"type":"Point","coordinates":[9.6782552,45.69266246]},"properties":{"type":"pakketpunt","locatieNaam":"Supermercato Il Gigante","straatNaam":"Via Bartolomeo Bono","straatNr":"4","vervoerder":"PosteItaliane","puntType":"automaat","bezettingsgraad":50,"latitude":45.69266246,"longitude":9.6782552,"canPickup":true,"canDropoff":true,"openingstijden":{"za":"08:00 - 20:00","zo":"08:30 - 13:00","ma":"08:00 - 20:00","di":"08:00 - 20:00","wo":"08:00 - 20:00","do":"08:00 - 20:00","vr":"08:00 - 20:00"}}},{"type":"Feature","geometry":{"type":"Point","coordinates":[9.68052252,45.69786723]},"properties":{"type":"pakketpunt","locatieNaam":"Bloomest","straatNaam":"Via Borgo Palazzo","straatNr":"28","vervoerder":"PosteItaliane","puntType":"automaat","bezettingsgraad":50,"latitude":45.69786723,"longitude":9.68052252,"canPickup":true,"canDropoff":true,"openingstijden":{"za":"07:00 - 22:00","zo":"07:00 - 22:00","ma":"07:00 - 22:00","di":"07:00 - 22:00","wo":"07:00 - 22:00","do":"07:00 - 22:00","vr":"07:00 - 22:00"}}},{"type":"Feature","geometry":{"type":"Point","coordinates":[9.659681,45.72020983]},"properties":{"type":"pakketpunt","locatieNaam":"Tabaccheria N. 70","straatNaam":"Via Pietro Ruggeri Da Stabello","straatNr":"72/c","vervoerder":"PosteItaliane","puntType":"servicepunt","bezettingsgraad":50,"latitude":45.72020983,"longitude":9.659681,"canPickup":true,"canDropoff":true,"openingstijden":{"za":"07:00 - 13:00","zo":"gesloten","ma":"07:00 - 19:00","di":"07:00 - 19:00","wo":"07:00 - 19:00","do":"07:00 - 19:00","vr":"07:00 - 19:00"}}},{"type":"Feature","geometry":{"type":"Point","coordinates":[9.66351878,45.69153846]},"properties":{"type":"pakketpunt","locatieNaam":"Elettronica Sposato","straatNaam":"Via San Bernardino","straatNr":"7/a","vervoerder":"PosteItaliane","puntType":"servicepunt","bezettingsgraad":50,"latitude":45.69153846,"longitude":9.66351878,"canPickup":true,"canDropoff":true,"openingstijden":{"za":"09:00 - 12:30, 15:00 - 19:00","zo":"12:00 - 15:00","ma":"09:00 - 12:30, 15:00 - 18:00","di":"09:00 - 12:30, 15:00 - 18:00","wo":"09:00 - 12:30, 15:00 - 18:00","do":"09:00 - 12:30, 15:00 - 18:00","vr":"09:00 - 12:30, 15:00 - 18:00"}}},{"type":"Feature","geometry":{"type":"Point","coordinates":[9.6619182,45.7181412]},"properties":{"type":"pakketpunt","locatieNaam":"Tim Zanetti","straatNaam":"Via Pietro Ruggeri Da Stabello","straatNr":"50","vervoerder":"PosteItaliane","puntType":"servicepunt","bezettingsgraad":50,"latitude":45.7181412,"longitude":9.6619182,"canPickup":true,"canDropoff":true,"openingstijden":{"za":"08:30 - 12:30, 14:30 - 19:00","zo":"gesloten","ma":"08:30 - 12:30, 14:30 - 19:30","di":"08:30 - 12:30, 14:30 - 19:30","wo":"08:30 - 12:30, 14:30 - 19:30","do":"08:30 - 12:30, 14:30 - 19:30","vr":"08:30 - 12:30, 14:30 - 19:30"}}},{"type":"Feature","geometry":{"type":"Point","coordinates":[9.64799397,45.68830875]},"properties":{"type":"pakketpunt","locatieNaam":"Centro Commerciale Bergamo","straatNaam":"Via Giosue' Carducci","straatNr":"55","vervoerder":"PosteItaliane","puntType":"automaat","bezettingsgraad":50,"latitude":45.68830875,"longitude":9.64799397,"canPickup":true,"canDropoff":true,"openingstijden":{"za":"08:30 - 21:00","zo":"09:00 - 20:00","ma":"08:30 - 21:00","di":"08:30 - 21:00","wo":"08:30 - 21:00","do":"08:30 - 21:00","vr":"08:30 - 21:00"}}},{"type":"Feature","geometry":{"type":"Point","coordinates":[9.70167669,45.69172727]},"properties":{"type":"pakketpunt","locatieNaam":"Telefonia - Mitar Telecom Service","straatNaam":"Via Daste E Spalenga","straatNr":"3","vervoerder":"PosteItaliane","puntType":"automaat","bezettingsgraad":50,"latitude":45.69172727,"longitude":9.70167669,"canPickup":true,"canDropoff":true,"openingstijden":{"za":"09:00 - 12:30","zo":"gesloten","ma":"09:00 - 12:30","di":"09:00 - 12:30","wo":"09:00 - 12:30","do":"09:00 - 12:30","vr":"09:00 - 12:30"}}},{"type":"Feature","geometry":{"type":"Point","coordinates":[9.66330957,45.69018947]},"properties":{"type":"pakketpunt","locatieNaam":"The Locker Luggage Storage","straatNaam":"Via San Bernardino","straatNr":"29/b","vervoerder":"PosteItaliane","puntType":"automaat","bezettingsgraad":50,"latitude":45.69018947,"longitude":9.66330957,"canPickup":true,"canDropoff":true,"openingstijden":{"za":"09:00 - 21:00","zo":"09:00 - 21:00","ma":"09:00 - 21:00","di":"09:00 - 21:00","wo":"09:00 - 21:00","do":"09:00 - 21:00","vr":"09:00 - 21:00"}}},{"type":"Feature","geometry":{"type":"Point","coordinates":[9.65615486,45.68741577]},"properties":{"type":"pakketpunt","locatieNaam":"Tabaccheria N. 112","straatNaam":"Via Flaminio Cerasoli","straatNr":"20","vervoerder":"PosteItaliane","puntType":"servicepunt","bezettingsgraad":50,"latitude":45.68741577,"longitude":9.65615486,"canPickup":true,"canDropoff":true,"openingstijden":{"za":"08:00 - 12:30, 15:30 - 19:30","zo":"gesloten","ma":"08:00 - 12:30, 15:30 - 19:30","di":"08:00 - 12:30, 15:30 - 19:30","wo":"08:00 - 12:30, 15:30 - 19:30","do":"08:00 - 12:30, 15:30 - 19:30","vr":"08:00 - 12:30, 15:30 - 19:30"}}},{"type":"Feature","geometry":{"type":"Point","coordinates":[9.67064505,45.69515743]},"properties":{"type":"pakketpunt","locatieNaam":"Edicola Colombi","straatNaam":"Piazza Giacomo Matteotti","straatNr":"34","vervoerder":"PosteItaliane","puntType":"servicepunt","bezettingsgraad":50,"latitude":45.69515743,"longitude":9.67064505,"canPickup":true,"canDropoff":true,"openingstijden":{"za":"06:30 - 13:00, 15:00 - 18:30","zo":"06:00 - 13:00","ma":"06:30 - 18:00","di":"06:30 - 18:00","wo":"06:30 - 18:00","do":"06:30 - 18:00","vr":"06:30 - 18:00"}}},{"type":"Feature","geometry":{"type":"Point","coordinates":[9.67891399,45.69455996]},"properties":{"type":"pakketpunt","locatieNaam":"Tabaccheria N. 58","straatNaam":"Via Angelo Maj","straatNr":"13/b","vervoerder":"PosteItaliane","puntType":"servicepunt","bezettingsgraad":50,"latitude":45.69455996,"longitude":9.67891399,"canPickup":true,"canDropoff":true,"openingstijden":{"za":"06:00 - 20:00","zo":"07:30 - 14:00","ma":"06:00 - 20:00","di":"06:00 - 20:00","wo":"06:00 - 20:00","do":"06:00 - 20:00","vr":"06:00 - 20:00"}}},{"type":"Feature","geometry":{"type":"Point","coordinates":[9.67993649,45.70106283]},"properties":{"type":"pakketpunt","locatieNaam":"Electro Bike","straatNaam":"Via Gianforte Suardi","straatNr":"6","vervoerder":"PosteItaliane","puntType":"servicepunt","bezettingsgraad":50,"latitude":45.70106283,"longitude":9.67993649,"canPickup":true,"canDropoff":true,"openingstijden":{"za":"09:00 - 12:30, 14:30 - 18:30","zo":"gesloten","ma":"14:30 - 18:30","di":"09:00 - 12:30, 14:30 - 18:30","wo":"09:00 - 12:30, 14:30 - 18:30","do":"09:00 - 12:30, 14:30 - 18:30","vr":"09:00 - 12:30, 14:30 - 18:30"}}},{"type":"Feature","geometry":{"type":"Point","coordinates":[9.67151557,45.69126465]},"properties":{"type":"pakketpunt","locatieNaam":"Tabaccheria N. 53","straatNaam":"Via Pietro Paleocapa","straatNr":"8/c","vervoerder":"PosteItaliane","puntType":"servicepunt","bezettingsgraad":50,"latitude":45.69126465,"longitude":9.67151557,"canPickup":true,"canDropoff":true,"openingstijden":{"za":"07:30 - 19:30","zo":"gesloten","ma":"07:30 - 19:30","di":"07:30 - 19:30","wo":"07:30 - 19:30","do":"07:30 - 19:30","vr":"07:30 - 19:30"}}},{"type":"Feature","geometry":{"type":"Point","coordinates":[9.66182586,45.68023732]},"properties":{"type":"pakketpunt","locatieNaam":"Tabaccheria N. 65","straatNaam":"Via San Bernardino","straatNr":"104/d","vervoerder":"PosteItaliane","puntType":"servicepunt","bezettingsgraad":50,"latitude":45.68023732,"longitude":9.66182586,"canPickup":true,"canDropoff":true,"openingstijden":{"za":"08:00 - 12:30, 15:00 - 19:00","zo":"gesloten","ma":"07:30 - 12:30, 14:30 - 19:00","di":"07:30 - 12:30, 14:30 - 19:00","wo":"07:30 - 12:30, 14:30 - 19:00","do":"07:30 - 12:30, 14:30 - 19:00","vr":"07:30 - 12:30, 14:30 - 19:00"}}},{"type":"Feature","geometry":{"type":"Point","coordinates":[9.68249733,45.70105544]},"properties":{"type":"pakketpunt","locatieNaam":"Tabaccheria N. 86","straatNaam":"Via Del Galgario","straatNr":"30/b","vervoerder":"PosteItaliane","puntType":"servicepunt","bezettingsgraad":50,"latitude":45.70105544,"longitude":9.68249733,"canPickup":true,"canDropoff":true,"openingstijden":{"za":"08:00 - 20:00","zo":"gesloten","ma":"08:00 - 20:00","di":"08:00 - 20:00","wo":"08:00 - 20:00","do":"08:00 - 20:00","vr":"08:00 - 20:00"}}},{"type":"Feature","geometry":{"type":"Point","coordinates":[9.69126586,45.68913953]},"properties":{"type":"pakketpunt","locatieNaam":"Edicola","straatNaam":"Via Gabriele Rosa","straatNr":"18","vervoerder":"PosteItaliane","puntType":"servicepunt","bezettingsgraad":50,"latitude":45.68913953,"longitude":9.69126586,"canPickup":true,"canDropoff":true,"openingstijden":{"za":"06:30 - 12:00, 15:00 - 18:30","zo":"06:30 - 12:00","ma":"06:30 - 12:30","di":"06:30 - 12:00, 15:00 - 18:30","wo":"06:30 - 12:00, 15:00 - 18:30","do":"06:30 - 12:00, 15:00 - 18:30","vr":"06:30 - 12:00, 15:00 - 18:30"}}},{"type":"Feature","geometry":{"type":"Point","coordinates":[9.63618093,45.66707056]},"properties":{"type":"pakketpunt","locatieNaam":"Tabaccheria N. 67","straatNaam":"Via Grumello","straatNr":"66","vervoerder":"PosteItaliane","puntType":"servicepunt","bezettingsgraad":50,"latitude":45.66707056,"longitude":9.63618093,"canPickup":true,"canDropoff":true,"openingstijden":{"za":"06:30 - 16:30","zo":"gesloten","ma":"06:30 - 12:30, 14:30 - 19:00","di":"06:30 - 12:30, 14:30 - 19:00","wo":"06:30 - 12:30, 14:30 - 19:00","do":"06:30 - 12:30, 14:30 - 19:00","vr":"06:30 - 12:30, 14:30 - 19:00"}}},{"type":"Feature","geometry":{"type":"Point","coordinates":[9.70918882,45.69307233]},"properties":{"type":"pakketpunt","locatieNaam":"Fermento Incasodipizza","straatNaam":"Via San Pio X","straatNr":"38","vervoerder":"PosteItaliane","puntType":"servicepunt","bezettingsgraad":50,"latitude":45.69307233,"longitude":9.70918882,"canPickup":true,"canDropoff":true,"openingstijden":{"za":"gesloten","zo":"gesloten","ma":"gesloten","di":"11:30 - 14:30, 17:30 - 21:30","wo":"11:30 - 14:30, 17:30 - 21:30","do":"11:30 - 14:30, 17:30 - 21:30","vr":"11:30 - 14:30, 17:30 - 21:30"}}},{"type":"Feature","geometry":{"type":"Point","coordinates":[9.6629806,45.68842505]},"properties":{"type":"pakketpunt","locatieNaam":"Tabaccheria N. 39","straatNaam":"Via Andrea Previtali","straatNr":"2","vervoerder":"PosteItaliane","puntType":"servicepunt","bezettingsgraad":50,"latitude":45.68842505,"longitude":9.6629806,"canPickup":true,"canDropoff":true,"openingstijden":{"za":"07:30 - 12:30, 14:30 - 19:30","zo":"gesloten","ma":"07:30 - 19:30","di":"07:30 - 19:30","wo":"07:30 - 19:30","do":"07:30 - 19:30","vr":"07:30 - 19:30"}}},{"type":"Feature","geometry":{"type":"Point","coordinates":[9.65929486,45.68732843]},"properties":{"type":"pakketpunt","locatieNaam":"Tabaccheria N. 81","straatNaam":"Via Gianbattista Moroni","straatNr":"247","vervoerder":"PosteItaliane","puntType":"servicepunt","bezettingsgraad":50,"latitude":45.68732843,"longitude":9.65929486,"canPickup":true,"canDropoff":true,"openingstijden":{"za":"06:30 - 19:00","zo":"07:30 - 12:00","ma":"06:30 - 19:00","di":"06:30 - 19:00","wo":"06:30 - 19:00","do":"06:30 - 19:00","vr":"06:30 - 19:00"}}},{"type":"Feature","geometry":{"type":"Point","coordinates":[9.62822815,45.69396609]},"properties":{"type":"pakketpunt","locatieNaam":"Tabaccheria N. 111","straatNaam":"Via Gioacchino Rossini","straatNr":"2","vervoerder":"PosteItaliane","puntType":"servicepunt","bezettingsgraad":50,"latitude":45.69396609,"longitude":9.62822815,"canPickup":true,"canDropoff":true,"openingstijden":{"za":"06:30 - 12:30, 15:00 - 19:30","zo":"15:30 - 19:00","ma":"06:30 - 12:30, 15:00 - 19:30","di":"06:30 - 12:30, 15:00 - 19:30","wo":"06:30 - 12:30, 15:00 - 19:30","do":"06:30 - 12:30, 15:00 - 19:30","vr":"06:30 - 12:30, 15:00 - 19:30"}}},{"type":"Feature","geometry":{"type":"Point","coordinates":[9.68332013,45.71739208]},"properties":{"type":"pakketpunt","locatieNaam":"Tabaccheria N. 109","straatNaam":"Viale Giulio Cesare","straatNr":"55/a","vervoerder":"PosteItaliane","puntType":"servicepunt","bezettingsgraad":50,"latitude":45.71739208,"longitude":9.68332013,"canPickup":true,"canDropoff":true,"openingstijden":{"za":"07:30 - 15:30","zo":"gesloten","ma":"07:30 - 15:30","di":"07:30 - 15:30","wo":"07:30 - 15:30","do":"07:30 - 15:30","vr":"07:30 - 15:30"}}},{"type":"Feature","geometry":{"type":"Point","coordinates":[9.69932392,45.71164589]},"properties":{"type":"pakketpunt","locatieNaam":"Tabaccheria N. 91","straatNaam":"Via Martinella","straatNr":"2/a","vervoerder":"PosteItaliane","puntType":"servicepunt","bezettingsgraad":50,"latitude":45.71164589,"longitude":9.69932392,"canPickup":true,"canDropoff":true,"openingstijden":{"za":"07:00 - 20:00","zo":"gesloten","ma":"07:00 - 20:00","di":"07:00 - 20:00","wo":"07:00 - 20:00","do":"07:00 - 20:00","vr":"07:00 - 20:00"}}},{"type":"Feature","geometry":{"type":"Point","coordinates":[9.6734902,45.69047615]},"properties":{"type":"pakketpunt","locatieNaam":"Mm.bit","straatNaam":"Via Geremia Bonomelli","straatNr":"5","vervoerder":"PosteItaliane","puntType":"servicepunt","bezettingsgraad":50,"latitude":45.69047615,"longitude":9.6734902,"canPickup":true,"canDropoff":true,"openingstijden":{"za":"10:00 - 20:00","zo":"gesloten","ma":"10:00 - 20:00","di":"10:00 - 20:00","wo":"10:00 - 20:00","do":"10:00 - 20:00","vr":"10:00 - 13:00, 15:00 - 20:00"}}},{"type":"Feature","geometry":{"type":"Point","coordinates":[9.67186833,45.69316168]},"properties":{"type":"pakketpunt","locatieNaam":"Tabaccheria N. 41","straatNaam":"Viale Papa Giovanni Xxiii","straatNr":"58","vervoerder":"PosteItaliane","puntType":"servicepunt","bezettingsgraad":50,"latitude":45.69316168,"longitude":9.67186833,"canPickup":true,"canDropoff":true,"openingstijden":{"za":"07:30 - 12:30, 14:45 - 19:30","zo":"gesloten","ma":"07:30 - 12:30, 14:45 - 19:30","di":"07:30 - 12:30, 14:45 - 19:30","wo":"07:30 - 12:30, 14:45 - 19:30","do":"07:30 - 12:30, 14:45 - 19:30","vr":"07:30 - 12:30, 14:45 - 19:30"}}},{"type":"Feature","geometry":{"type":"Point","coordinates":[9.6777434687,45.7027989026]},"properties":{"type":"pakketpunt","locatieNaam":"Edicola di via Battisti","straatNaam":"VIA C. BATTISTI","straatNr":"2","vervoerder":"DPD","puntType":"pickup_point","bezettingsgraad":50,"latitude":45.7027989026,"longitude":9.6777434687,"canPickup":true,"canDropoff":true,"openingstijden":{"ma":"07:00 - 19:00","di":"07:00 - 19:00","wo":"07:00 - 19:00","do":"07:00 - 19:00","vr":"07:00 - 19:00","za":"07:00 - 14:30","zo":"gesloten"}}},{"type":"Feature","geometry":{"type":"Point","coordinates":[9.6914069,45.6890833]},"properties":{"type":"pakketpunt","locatieNaam":"Edicola - Bergamo","straatNaam":"VIA G. ROSA","straatNr":"18","vervoerder":"DPD","puntType":"pickup_point","bezettingsgraad":50,"latitude":45.6890833,"longitude":9.6914069,"canPickup":true,"canDropoff":true,"openingstijden":{"ma":"06:30 - 12:00","di":"06:30 - 12:00, 15:00 - 18:30","wo":"06:30 - 12:00, 15:00 - 18:30","do":"06:30 - 12:00, 15:00 - 18:30","vr":"06:30 - 12:00, 15:00 - 18:30","za":"06:30 - 12:00","zo":"07:00 - 12:00"}}},{"type":"Feature","geometry":{"type":"Point","coordinates":[9.6791844,45.7010367]},"properties":{"type":"pakketpunt","locatieNaam":"Kalos Professional","straatNaam":"VIA A. PITENTINO","straatNr":"26","vervoerder":"DPD","puntType":"pickup_point","bezettingsgraad":50,"latitude":45.7010367,"longitude":9.6791844,"canPickup":true,"canDropoff":true,"openingstijden":{"ma":"15:30 - 19:00","di":"09:00 - 12:30, 15:30 - 19:00","wo":"09:00 - 12:30, 15:30 - 19:00","do":"09:00 - 12:30, 15:30 - 19:00","vr":"09:00 - 12:30, 15:30 - 19:00","za":"gesloten","zo":"gesloten"}}},{"type":"Feature","geometry":{"type":"Point","coordinates":[9.6559135842,45.6979872252]},"properties":{"type":"pakketpunt","locatieNaam":"Edicola Pedroni","straatNaam":"VIA DELLO STATUTO","straatNr":"16","vervoerder":"DPD","puntType":"pickup_point","bezettingsgraad":50,"latitude":45.6979872252,"longitude":9.6559135842,"canPickup":true,"canDropoff":true,"openingstijden":{"ma":"05:30 - 19:30","di":"05:30 - 19:30","wo":"05:30 - 19:30","do":"05:30 - 19:30","vr":"05:30 - 19:30","za":"05:30 - 19:30","zo":"06:00 - 13:30"}}},{"type":"Feature","geometry":{"type":"Point","coordinates":[9.6861462608,45.699841101]},"properties":{"type":"pakketpunt","locatieNaam":"La Flora Articoli Religiosi","straatNaam":"VIA V. GHISLANDI","straatNr":"61/C","vervoerder":"DPD","puntType":"pickup_point","bezettingsgraad":50,"latitude":45.699841101,"longitude":9.6861462608,"canPickup":true,"canDropoff":true,"openingstijden":{"ma":"15:00 - 18:00","di":"09:00 - 12:30, 15:00 - 18:00","wo":"09:00 - 12:30, 15:00 - 18:00","do":"09:00 - 12:30, 15:00 - 18:00","vr":"09:00 - 12:30, 15:00 - 18:00","za":"09:00 - 12:00","zo":"gesloten"}}},{"type":"Feature","geometry":{"type":"Point","coordinates":[9.6617976779,45.6794753561]},"properties":{"type":"pakketpunt","locatieNaam":"La Bottega dei Piaceri","straatNaam":"VIA SAN BERNARDINO","straatNr":"104/D","vervoerder":"DPD","puntType":"pickup_point","bezettingsgraad":50,"latitude":45.6794753561,"longitude":9.6617976779,"canPickup":true,"canDropoff":true,"openingstijden":{"ma":"07:30 - 12:30, 15:00 - 19:00","di":"07:30 - 12:30, 15:00 - 19:00","wo":"07:30 - 12:30, 15:00 - 19:00","do":"07:30 - 12:30, 15:00 - 19:00","vr":"07:30 - 12:30, 15:00 - 19:00","za":"07:30 - 12:30, 15:00 - 19:00","zo":"gesloten"}}},{"type":"Feature","geometry":{"type":"Point","coordinates":[9.66973604,45.6800882917]},"properties":{"type":"pakketpunt","locatieNaam":"Audio e Video Center","straatNaam":"VIA SPINO","straatNr":"102","vervoerder":"DPD","puntType":"pickup_point","bezettingsgraad":50,"latitude":45.6800882917,"longitude":9.66973604,"canPickup":true,"canDropoff":true,"openingstijden":{"ma":"09:00 - 12:30, 14:00 - 18:30","di":"09:00 - 12:30, 14:00 - 18:30","wo":"09:00 - 12:30, 14:00 - 18:30","do":"09:00 - 12:30, 14:00 - 18:30","vr":"09:00 - 12:30, 14:00 - 18:30","za":"gesloten","zo":"gesloten"}}},{"type":"Feature","geometry":{"type":"Point","coordinates":[9.6430537902,45.6708643655]},"properties":{"type":"pakketpunt","locatieNaam":"Farmacia - Bergamo","straatNaam":"VIA TADINO","straatNr":"4/D","vervoerder":"DPD","puntType":"pickup_point","bezettingsgraad":50,"latitude":45.6708643655,"longitude":9.6430537902,"canPickup":true,"canDropoff":true,"openingstijden":{"ma":"09:00 - 19:00","di":"09:00 - 19:00","wo":"09:00 - 19:00","do":"09:00 - 19:00","vr":"09:00 - 19:00","za":"gesloten","zo":"gesloten"}}},{"type":"Feature","geometry":{"type":"Point","coordinates":[9.6756182,45.6842379]},"properties":{"type":"pakketpunt","locatieNaam":"Lavasecco 33","straatNaam":"VIA SAN GIOVANNI BOSCO","straatNr":"33/D","vervoerder":"DPD","puntType":"pickup_point","bezettingsgraad":50,"latitude":45.6842379,"longitude":9.6756182,"canPickup":true,"canDropoff":true,"openingstijden":{"ma":"08:30 - 18:30","di":"08:30 - 18:30","wo":"08:30 - 18:30","do":"08:30 - 12:30, 14:30 - 18:30","vr":"08:30 - 18:30","za":"08:30 - 12:30","zo":"gesloten"}}},{"type":"Feature","geometry":{"type":"Point","coordinates":[9.6867099319,45.7055027408]},"properties":{"type":"pakketpunt","locatieNaam":"Flora e Fauna","straatNaam":"VIA CORRIDONI","straatNr":"7/A","vervoerder":"DPD","puntType":"pickup_point","bezettingsgraad":50,"latitude":45.7055027408,"longitude":9.6867099319,"canPickup":true,"canDropoff":true,"openingstijden":{"ma":"09:00 - 13:00","di":"09:00 - 13:00, 16:00 - 19:30","wo":"09:00 - 13:00, 16:00 - 19:30","do":"09:00 - 13:00, 16:00 - 19:30","vr":"09:00 - 13:00, 16:00 - 19:30","za":"09:00 - 13:00, 16:00 - 19:30","zo":"gesloten"}}},{"type":"Feature","geometry":{"type":"Point","coordinates":[9.6958006148,45.6921847814]},"properties":{"type":"pakketpunt","locatieNaam":"Tabaccheria Galleria","straatNaam":"VIA BORGO PALAZZO","straatNr":"143","vervoerder":"DPD","puntType":"pickup_point","bezettingsgraad":50,"latitude":45.6921847814,"longitude":9.6958006148,"canPickup":true,"canDropoff":true,"openingstijden":{"ma":"07:00 - 19:30","di":"07:00 - 19:30","wo":"07:00 - 19:30","do":"07:00 - 19:30","vr":"07:00 - 19:30","za":"07:00 - 19:30","zo":"gesloten"}}},{"type":"Feature","geometry":{"type":"Point","coordinates":[9.6777507387,45.6984899481]},"properties":{"type":"pakketpunt","locatieNaam":"Timbri Poloni","straatNaam":"VIA FRIZZONI","straatNr":"4","vervoerder":"DPD","puntType":"pickup_point","bezettingsgraad":50,"latitude":45.6984899481,"longitude":9.6777507387,"canPickup":true,"canDropoff":true,"openingstijden":{"ma":"09:00 - 13:00, 14:00 - 18:00","di":"09:00 - 13:00, 14:00 - 18:00","wo":"09:00 - 13:00, 14:00 - 18:00","do":"09:00 - 13:00, 14:00 - 18:00","vr":"09:00 - 13:00, 14:00 - 18:00","za":"10:00 - 12:30","zo":"gesloten"}}},{"type":"Feature","geometry":{"type":"Point","coordinates":[9.6662171,45.6905444444]},"properties":{"type":"pakketpunt","locatieNaam":"Elysium","straatNaam":"VIA DON LUIGI PALAZZOLO","straatNr":"23","vervoerder":"DPD","puntType":"pickup_point","bezettingsgraad":50,"latitude":45.6905444444,"longitude":9.6662171,"canPickup":true,"canDropoff":true,"openingstijden":{"ma":"15:00 - 19:00","di":"10:00 - 12:30, 15:00 - 19:00","wo":"10:00 - 12:30, 15:00 - 19:00","do":"10:00 - 12:30, 15:00 - 19:00","vr":"10:00 - 12:30, 15:00 - 19:00","za":"10:00 - 12:30, 15:00 - 19:00","zo":"gesloten"}}},{"type":"Feature","geometry":{"type":"Point","coordinates":[9.66525004,45.70292707]},"properties":{"type":"pakketpunt","locatieNaam":"Minimarket Città Alta","straatNaam":"VIA PORTA DIPINTA","straatNr":"1","vervoerder":"DPD","puntType":"pickup_point","bezettingsgraad":50,"latitude":45.70292707,"longitude":9.66525004,"canPickup":true,"canDropoff":true,"openingstijden":{"ma":"09:00 - 21:00","di":"09:00 - 21:00","wo":"09:00 - 21:00","do":"09:00 - 21:00","vr":"09:00 - 21:00","za":"09:00 - 21:00","zo":"09:00 - 21:00"}}},{"type":"Feature","geometry":{"type":"Point","coordinates":[9.6807111,45.6975772]},"properties":{"type":"pakketpunt","locatieNaam":"Monte Alto","straatNaam":"VIA BORGO PALAZZO","straatNr":"31","vervoerder":"DPD","puntType":"pickup_point","bezettingsgraad":50,"latitude":45.6975772,"longitude":9.6807111,"canPickup":true,"canDropoff":true,"openingstijden":{"ma":"09:00 - 13:00, 14:00 - 18:30","di":"09:00 - 13:00, 14:00 - 18:30","wo":"09:00 - 13:00, 14:00 - 18:30","do":"09:00 - 13:00, 14:00 - 18:30","vr":"09:00 - 13:00, 14:00 - 18:30","za":"09:00 - 13:00, 14:00 - 18:30","zo":"gesloten"}}},{"type":"Feature","geometry":{"type":"Point","coordinates":[9.65928524,45.68720383]},"properties":{"type":"pakketpunt","locatieNaam":"Tabacchi GoodTime Café","straatNaam":"VIA MORONI","straatNr":"245","vervoerder":"DPD","puntType":"pickup_point","bezettingsgraad":50,"latitude":45.68720383,"longitude":9.65928524,"canPickup":true,"canDropoff":true,"openingstijden":{"ma":"06:30 - 19:30","di":"06:30 - 19:30","wo":"06:30 - 19:30","do":"06:30 - 19:30","vr":"06:30 - 19:30","za":"06:30 - 19:30","zo":"07:00 - 12:00"}}},{"type":"Feature","geometry":{"type":"Point","coordinates":[9.6789671,45.7082018]},"properties":{"type":"pakketpunt","locatieNaam":"BRT LOCKER - Fuori Gioco Coffee","straatNaam":"VIA LAZZARETTO","straatNr":"18","vervoerder":"DPD","puntType":"dpd_box","bezettingsgraad":50,"latitude":45.7082018,"longitude":9.6789671,"canPickup":true,"canDropoff":false,"openingstijden":{"ma":"06:00 - 21:00","di":"06:00 - 21:00","wo":"06:00 - 21:00","do":"06:00 - 21:00","vr":"06:00 - 21:00","za":"06:00 - 21:00","zo":"07:00 - 21:00"}}},{"type":"Feature","geometry":{"type":"Point","coordinates":[9.67275182,45.68236046]},"properties":{"type":"pakketpunt","locatieNaam":"Tabaccheria-Via Zanica","straatNaam":"VIA ZANICA 20 C","straatNr":"","vervoerder":"DPD","puntType":"pickup_point","bezettingsgraad":50,"latitude":45.68236046,"longitude":9.67275182,"canPickup":true,"canDropoff":true,"openingstijden":{"ma":"07:30 - 19:00","di":"07:30 - 19:00","wo":"07:30 - 19:00","do":"07:30 - 19:00","vr":"07:30 - 19:00","za":"07:30 - 19:00","zo":"gesloten"}}},{"type":"Feature","geometry":{"type":"Point","coordinates":[9.628848,45.69411]},"properties":{"type":"pakketpunt","locatieNaam":"BRT LOCKER - Start Up Ristobar Via","straatNaam":"VIA GUGLIEMO MATTIOLI","straatNr":"24","vervoerder":"DPD","puntType":"dpd_box","bezettingsgraad":50,"latitude":45.69411,"longitude":9.628848,"canPickup":true,"canDropoff":false,"openingstijden":{"ma":"06:30 - 21:00","di":"06:30 - 21:00","wo":"06:30 - 21:00","do":"06:30 - 21:00","vr":"06:30 - 21:00","za":"06:30 - 21:00","zo":"07:30 - 13:00"}}},{"type":"Feature","geometry":{"type":"Point","coordinates":[9.70189,45.69205]},"properties":{"type":"pakketpunt","locatieNaam":"BRT LOCKER - Mitar Via Daste e Spal","straatNaam":"VIA DASTE E SPALENGA","straatNr":"3","vervoerder":"DPD","puntType":"dpd_box","bezettingsgraad":50,"latitude":45.69205,"longitude":9.70189,"canPickup":true,"canDropoff":false,"openingstijden":{"ma":"09:00 - 12:30, 14:30 - 19:00","di":"09:00 - 12:30, 14:30 - 19:00","wo":"09:00 - 12:30, 14:30 - 19:00","do":"09:00 - 12:30, 14:30 - 19:00","vr":"09:00 - 12:30, 14:30 - 19:00","za":"09:00 - 12:30","zo":"gesloten"}}},{"type":"Feature","geometry":{"type":"Point","coordinates":[9.688147,45.694136]},"properties":{"type":"pakketpunt","locatieNaam":"BRT LOCKER - Vivibene Via Piatti","straatNaam":"VIA PIATTI","straatNr":"5","vervoerder":"DPD","puntType":"dpd_box","bezettingsgraad":50,"latitude":45.694136,"longitude":9.688147,"canPickup":true,"canDropoff":false,"openingstijden":{"ma":"gesloten","di":"10:00 - 12:00, 16:00 - 19:00","wo":"10:00 - 12:00, 16:00 - 19:00","do":"10:00 - 12:00, 16:00 - 19:00","vr":"10:00 - 12:00, 16:00 - 19:00","za":"10:00 - 12:00, 16:00 - 19:00","zo":"gesloten"}}},{"type":"Feature","geometry":{"type":"Point","coordinates":[9.6716881,45.6936038]},"properties":{"type":"pakketpunt","locatieNaam":"Edicola Antica ma Nuova","straatNaam":"V.LE PAPA GIOVANNI XXIII","straatNr":"5","vervoerder":"DPD","puntType":"pickup_point","bezettingsgraad":50,"latitude":45.6936038,"longitude":9.6716881,"canPickup":true,"canDropoff":true,"openingstijden":{"ma":"07:00 - 18:00","di":"07:00 - 18:00","wo":"07:00 - 18:00","do":"07:00 - 18:00","vr":"07:00 - 18:00","za":"gesloten","zo":"gesloten"}}},{"type":"Feature","geometry":{"type":"Point","coordinates":[9.6783025013,45.6927135461]},"properties":{"type":"pakketpunt","locatieNaam":"Alceste Castelli e Figli Srl","straatNaam":"VIA BONO","straatNr":"4 A","vervoerder":"DPD","puntType":"pickup_point","bezettingsgraad":50,"latitude":45.6927135461,"longitude":9.6783025013,"canPickup":true,"canDropoff":true,"openingstijden":{"ma":"08:30 - 12:00, 14:00 - 18:00","di":"08:30 - 12:00, 14:00 - 18:00","wo":"08:30 - 12:00, 14:00 - 18:00","do":"08:30 - 12:00, 14:00 - 18:00","vr":"08:30 - 12:00, 14:00 - 18:00","za":"gesloten","zo":"gesloten"}}},{"type":"Feature","geometry":{"type":"Point","coordinates":[9.701486,45.713204]},"properties":{"type":"pakketpunt","locatieNaam":"BRT LOCKER- Comune Bergamo 01 Via C","straatNaam":"VIA CORRIDONI","straatNr":"74","vervoerder":"DPD","puntType":"dpd_box","bezettingsgraad":50,"latitude":45.713204,"longitude":9.701486,"canPickup":true,"canDropoff":true,"openingstijden":{"ma":"00:00 - 23:45","di":"00:00 - 23:45","wo":"00:00 - 23:45","do":"00:00 - 23:45","vr":"00:00 - 23:45","za":"00:00 - 23:45","zo":"00:00 - 23:45"}}},{"type":"Feature","geometry":{"type":"Point","coordinates":[9.68304,45.718351]},"properties":{"type":"pakketpunt","locatieNaam":"BRT LOCKER- Comune Bergamo 02 Piazz","straatNaam":"PIAZZA PACATI SN","straatNr":"","vervoerder":"DPD","puntType":"dpd_box","bezettingsgraad":50,"latitude":45.718351,"longitude":9.68304,"canPickup":true,"canDropoff":true,"openingstijden":{"ma":"00:00 - 23:45","di":"00:00 - 23:45","wo":"00:00 - 23:45","do":"00:00 - 23:45","vr":"00:00 - 23:45","za":"00:00 - 23:45","zo":"00:00 - 23:45"}}},{"type":"Feature","geometry":{"type":"Point","coordinates":[9.683592,45.682696]},"properties":{"type":"pakketpunt","locatieNaam":"BRT LOCKER- Comune Bergamo 05 Via G","straatNaam":"VIA GASPARINI","straatNr":"85","vervoerder":"DPD","puntType":"dpd_box","bezettingsgraad":50,"latitude":45.682696,"longitude":9.683592,"canPickup":true,"canDropoff":true,"openingstijden":{"ma":"00:00 - 23:45","di":"00:00 - 23:45","wo":"00:00 - 23:45","do":"00:00 - 23:45","vr":"00:00 - 23:45","za":"00:00 - 23:45","zo":"00:00 - 23:45"}}},{"type":"Feature","geometry":{"type":"Point","coordinates":[9.666085,45.685395]},"properties":{"type":"pakketpunt","locatieNaam":"BRT LOCKER- Comune Bergamo 08 Via B","straatNaam":"VIA BERIZZI SN","straatNr":"","vervoerder":"DPD","puntType":"dpd_box","bezettingsgraad":50,"latitude":45.685395,"longitude":9.666085,"canPickup":true,"canDropoff":true,"openingstijden":{"ma":"00:00 - 23:45","di":"00:00 - 23:45","wo":"00:00 - 23:45","do":"00:00 - 23:45","vr":"00:00 - 23:45","za":"00:00 - 23:45","zo":"00:00 - 23:45"}}},{"type":"Feature","geometry":{"type":"Point","coordinates":[9.660431,45.674983]},"properties":{"type":"pakketpunt","locatieNaam":"BRT LOCKER- Comune Bergamo 09 Via S","straatNaam":"VIA SAN BERNARDINO SN","straatNr":"","vervoerder":"DPD","puntType":"dpd_box","bezettingsgraad":50,"latitude":45.674983,"longitude":9.660431,"canPickup":true,"canDropoff":true,"openingstijden":{"ma":"00:00 - 23:45","di":"00:00 - 23:45","wo":"00:00 - 23:45","do":"00:00 - 23:45","vr":"00:00 - 23:45","za":"00:00 - 23:45","zo":"00:00 - 23:45"}}},{"type":"Feature","geometry":{"type":"Point","coordinates":[9.655702,45.688958]},"properties":{"type":"pakketpunt","locatieNaam":"BRT LOCKER- Comune Bergamo 10 Via C","straatNaam":"VIA CARDUCCI","straatNr":"13","vervoerder":"DPD","puntType":"dpd_box","bezettingsgraad":50,"latitude":45.688958,"longitude":9.655702,"canPickup":true,"canDropoff":true,"openingstijden":{"ma":"00:00 - 23:45","di":"00:00 - 23:45","wo":"00:00 - 23:45","do":"00:00 - 23:45","vr":"00:00 - 23:45","za":"00:00 - 23:45","zo":"00:00 - 23:45"}}},{"type":"Feature","geometry":{"type":"Point","coordinates":[9.6835524,45.7173564]},"properties":{"type":"pakketpunt","locatieNaam":"Tabaccheria Pescali Massimo","straatNaam":"VIALE G. CESARE","straatNr":"55-A","vervoerder":"DPD","puntType":"pickup_point","bezettingsgraad":50,"latitude":45.7173564,"longitude":9.6835524,"canPickup":true,"canDropoff":true,"openingstijden":{"ma":"07:30 - 19:30","di":"07:30 - 19:30","wo":"07:30 - 19:30","do":"07:30 - 19:30","vr":"07:30 - 19:30","za":"07:30 - 19:30","zo":"gesloten"}}},{"type":"Feature","geometry":{"type":"Point","coordinates":[9.648695,45.687879]},"properties":{"type":"pakketpunt","locatieNaam":"BRT LOCKER - CC Bergamo Via Carducc","straatNaam":"VIA CARDUCCI","straatNr":"55","vervoerder":"DPD","puntType":"dpd_box","bezettingsgraad":50,"latitude":45.687879,"longitude":9.648695,"canPickup":true,"canDropoff":true,"openingstijden":{"ma":"00:00 - 23:45","di":"00:00 - 23:45","wo":"00:00 - 23:45","do":"00:00 - 23:45","vr":"00:00 - 23:45","za":"00:00 - 23:45","zo":"00:00 - 23:45"}}},{"type":"Feature","geometry":{"type":"Point","coordinates":[9.6561369,45.6874544]},"properties":{"type":"pakketpunt","locatieNaam":"Tabaccheria Mapelli","straatNaam":"VIA FLAVIO CERASOLI","straatNr":"20","vervoerder":"DPD","puntType":"pickup_point","bezettingsgraad":50,"latitude":45.6874544,"longitude":9.6561369,"canPickup":true,"canDropoff":true,"openingstijden":{"ma":"08:00 - 12:30, 15:30 - 19:30","di":"08:00 - 12:30, 15:30 - 19:30","wo":"08:00 - 12:30, 15:30 - 19:30","do":"08:00 - 12:30, 15:30 - 19:30","vr":"08:00 - 12:30, 15:30 - 19:30","za":"08:00 - 12:30, 15:30 - 19:30","zo":"gesloten"}}},{"type":"Feature","geometry":{"type":"Point","coordinates":[9.69099,45.70324]},"properties":{"type":"pakketpunt","locatieNaam":"Infopoint - ChorusLife","straatNaam":"VIA SERASSI","straatNr":"26","vervoerder":"DPD","puntType":"pickup_point","bezettingsgraad":50,"latitude":45.70324,"longitude":9.69099,"canPickup":true,"canDropoff":true,"openingstijden":{"ma":"09:00 - 20:00","di":"09:00 - 20:00","wo":"09:00 - 20:00","do":"09:00 - 20:00","vr":"09:00 - 20:00","za":"09:00 - 20:00","zo":"09:00 - 20:00"}}},{"type":"Feature","geometry":{"type":"Point","coordinates":[9.6596499,45.6916881]},"properties":{"type":"pakketpunt","locatieNaam":"TipTop Italia","straatNaam":"VIA PALMA IL VECCHIO","straatNr":"95","vervoerder":"DPD","puntType":"pickup_point","bezettingsgraad":50,"latitude":45.6916881,"longitude":9.6596499,"canPickup":true,"canDropoff":true,"openingstijden":{"ma":"09:00 - 17:00","di":"09:00 - 17:00","wo":"09:00 - 17:00","do":"09:00 - 17:00","vr":"09:00 - 17:00","za":"gesloten","zo":"gesloten"}}},{"type":"Feature","geometry":{"type":"Point","coordinates":[9.6889382,45.6943941]},"properties":{"type":"pakketpunt","locatieNaam":"Bangladesh Minimarket","straatNaam":"VIA B. PALAZZO","straatNr":"89e","vervoerder":"DPD","puntType":"pickup_point","bezettingsgraad":50,"latitude":45.6943941,"longitude":9.6889382,"canPickup":true,"canDropoff":true,"openingstijden":{"ma":"10:00 - 20:00","di":"10:00 - 20:00","wo":"10:00 - 20:00","do":"10:00 - 20:00","vr":"10:00 - 20:00","za":"10:00 - 20:00","zo":"10:00 - 13:00, 15:00 - 18:00"}}},{"type":"Feature","geometry":{"type":"Point","coordinates":[9.67036132,45.6967786]},"properties":{"type":"pakketpunt","locatieNaam":"Tabaccheria Largo Belotti","straatNaam":"LARGO BELOTTI","straatNr":"24","vervoerder":"DPD","puntType":"pickup_point","bezettingsgraad":50,"latitude":45.6967786,"longitude":9.67036132,"canPickup":true,"canDropoff":true,"openingstijden":{"ma":"07:30 - 19:00","di":"07:30 - 19:00","wo":"07:30 - 19:00","do":"07:30 - 19:00","vr":"07:30 - 19:00","za":"08:00 - 15:00","zo":"gesloten"}}},{"type":"Feature","geometry":{"type":"Point","coordinates":[9.6733761,45.69044331]},"properties":{"type":"pakketpunt","locatieNaam":"MM Bit","straatNaam":"VIA BONOMELLI","straatNr":"5A","vervoerder":"DPD","puntType":"pickup_point","bezettingsgraad":50,"latitude":45.69044331,"longitude":9.6733761,"canPickup":true,"canDropoff":true,"openingstijden":{"ma":"10:00 - 20:00","di":"10:00 - 20:00","wo":"10:00 - 20:00","do":"10:00 - 20:00","vr":"10:00 - 13:00, 15:00 - 20:00","za":"10:00 - 19:00","zo":"gesloten"}}},{"type":"Feature","geometry":{"type":"Point","coordinates":[9.6615752,45.67228265]},"properties":{"type":"pakketpunt","locatieNaam":"Sapori D'Oriente","straatNaam":"VIA A. MUZIO","straatNr":"6A","vervoerder":"DPD","puntType":"pickup_point","bezettingsgraad":50,"latitude":45.67228265,"longitude":9.6615752,"canPickup":true,"canDropoff":true,"openingstijden":{"ma":"09:00 - 21:00","di":"09:00 - 21:00","wo":"09:00 - 21:00","do":"09:00 - 21:00","vr":"09:00 - 21:00","za":"09:00 - 21:00","zo":"09:00 - 21:00"}}},{"type":"Feature","geometry":{"type":"Point","coordinates":[9.6662374,45.6936857]},"properties":{"type":"pakketpunt","locatieNaam":"Mix Negozio","straatNaam":"VIA SANT'ORSOLA","straatNr":"10","vervoerder":"DPD","puntType":"pickup_point","bezettingsgraad":50,"latitude":45.6936857,"longitude":9.6662374,"canPickup":true,"canDropoff":true,"openingstijden":{"ma":"09:00 - 19:30","di":"09:00 - 19:30","wo":"09:00 - 19:30","do":"09:00 - 19:30","vr":"09:00 - 19:30","za":"09:00 - 19:30","zo":"09:00 - 19:30"}}},{"type":"Feature","geometry":{"type":"Point","coordinates":[9.6473333,45.694158]},"properties":{"type":"pakketpunt","locatieNaam":"Unes Bergamo","straatNaam":"PIAZZALE RISORGIMENTO","straatNr":"5-7","vervoerder":"DPD","puntType":"pickup_point","bezettingsgraad":50,"latitude":45.694158,"longitude":9.6473333,"canPickup":true,"canDropoff":true,"openingstijden":{"ma":"08:30 - 20:00","di":"08:30 - 20:00","wo":"08:30 - 20:00","do":"08:30 - 20:00","vr":"08:30 - 20:00","za":"08:30 - 20:00","zo":"08:30 - 13:00"}}},{"type":"Feature","geometry":{"type":"Point","coordinates":[9.69642,45.7103]},"properties":{"type":"pakketpunt","locatieNaam":"InPost Point","straatNaam":"Via F. Corridoni","straatNr":"79","vervoerder":"InPost","puntType":"servicepunt","bezettingsgraad":50,"latitude":45.7103,"longitude":9.69642,"canPickup":true,"canDropoff":true,"openingstijden":"Lun-Sab: 05:30 - 12:30  - 14:30 - 19:00 \r\nDom: 06:00- 12:00"}},{"type":"Feature","geometry":{"type":"Point","coordinates":[9.6893,45.71185]},"properties":{"type":"pakketpunt","locatieNaam":"InPost Locker 24/7","straatNaam":"Via Mario Buttaro","straatNr":"16","vervoerder":"InPost","puntType":"automaat","bezettingsgraad":50,"latitude":45.71185,"longitude":9.6893,"canPickup":true,"canDropoff":true,"openingstijden":null}},{"type":"Feature","geometry":{"type":"Point","coordinates":[9.69,45.70489]},"properties":{"type":"pakketpunt","locatieNaam":"InPost Locker 24/7","straatNaam":"Via Carlo Serassi","straatNr":"26","vervoerder":"InPost","puntType":"automaat","bezettingsgraad":50,"latitude":45.70489,"longitude":9.69,"canPickup":true,"canDropoff":true,"openingstijden":null}},{"type":"Feature","geometry":{"type":"Point","coordinates":[9.68007,45.70485]},"properties":{"type":"pakketpunt","locatieNaam":"InPost Locker 24/7","straatNaam":"Via Borgo Santa Caterina","straatNr":"16","vervoerder":"InPost","puntType":"automaat","bezettingsgraad":50,"latitude":45.70485,"longitude":9.68007,"canPickup":true,"canDropoff":true,"openingstijden":null}},{"type":"Feature","geometry":{"type":"Point","coordinates":[9.6632,45.6901]},"properties":{"type":"pakketpunt","locatieNaam":"InPost Locker","straatNaam":"Via San Bernardino","straatNr":"29B","vervoerder":"InPost","puntType":"automaat","bezettingsgraad":50,"latitude":45.6901,"longitude":9.6632,"canPickup":true,"canDropoff":true,"openingstijden":null}},{"type":"Feature","geometry":{"type":"Point","coordinates":[9.64934,45.68899]},"properties":{"type":"pakketpunt","locatieNaam":"InPost Locker 24/7","straatNaam":"Via Carducci","straatNr":"55","vervoerder":"InPost","puntType":"automaat","bezettingsgraad":50,"latitude":45.68899,"longitude":9.64934,"canPickup":true,"canDropoff":true,"openingstijden":"24/7"}},{"type":"Feature","geometry":{"type":"Point","coordinates":[9.69782,45.69182]},"properties":{"type":"pakketpunt","locatieNaam":"InPost Locker 24/7","straatNaam":"via Borgo Palazzo","straatNr":"167","vervoerder":"InPost","puntType":"automaat","bezettingsgraad":50,"latitude":45.69182,"longitude":9.69782,"canPickup":true,"canDropoff":true,"openingstijden":null}},{"type":"Feature","geometry":{"type":"Point","coordinates":[9.65184,45.69373]},"properties":{"type":"pakketpunt","locatieNaam":"InPost Locker 24/7","straatNaam":"via Broseta","straatNr":"75","vervoerder":"InPost","puntType":"automaat","bezettingsgraad":50,"latitude":45.69373,"longitude":9.65184,"canPickup":true,"canDropoff":true,"openingstijden":null}},{"type":"Feature","geometry":{"type":"Point","coordinates":[9.65999,45.66703]},"properties":{"type":"pakketpunt","locatieNaam":"InPost Locker 24/7","straatNaam":"Via Stezzano","straatNr":"","vervoerder":"InPost","puntType":"automaat","bezettingsgraad":50,"latitude":45.66703,"longitude":9.65999,"canPickup":true,"canDropoff":true,"openingstijden":null}},{"type":"Feature","geometry":{"type":"Point","coordinates":[9.64001,45.67044]},"properties":{"type":"pakketpunt","locatieNaam":"InPost Locker 24/7","straatNaam":"Via Grumello","straatNr":"40","vervoerder":"InPost","puntType":"automaat","bezettingsgraad":50,"latitude":45.67044,"longitude":9.64001,"canPickup":true,"canDropoff":true,"openingstijden":null}},{"type":"Feature","geometry":{"type":"Point","coordinates":[9.65639,45.6844]},"properties":{"type":"pakketpunt","locatieNaam":"InPost Locker 24/7","straatNaam":"Via Gianbattista Moroni","straatNr":"328","vervoerder":"InPost","puntType":"automaat","bezettingsgraad":50,"latitude":45.6844,"longitude":9.65639,"canPickup":true,"canDropoff":true,"openingstijden":null}},{"type":"Feature","geometry":{"type":"Point","coordinates":[9.6777,45.70382]},"properties":{"type":"pakketpunt","locatieNaam":"InPost Point","straatNaam":"Via Cesare Battisti","straatNr":"2","vervoerder":"InPost","puntType":"servicepunt","bezettingsgraad":50,"latitude":45.70382,"longitude":9.6777,"canPickup":true,"canDropoff":true,"openingstijden":"Lun-Ven: 07:00 - 19:00 Sab: 07:00 - 14:00 Dom: 07:30 - 13:00"}},{"type":"Feature","geometry":{"type":"Point","coordinates":[9.66619,45.69088]},"properties":{"type":"pakketpunt","locatieNaam":"InPost Point","straatNaam":"Via Don Luigi Palazzolo","straatNr":"23b","vervoerder":"InPost","puntType":"servicepunt","bezettingsgraad":50,"latitude":45.69088,"longitude":9.66619,"canPickup":true,"canDropoff":true,"openingstijden":"Lun: 15:00 - 19:00 Mar-Sab: 10:00 - 12:30 - 15:00 - 19:00"}},{"type":"Feature","geometry":{"type":"Point","coordinates":[9.66171,45.67963]},"properties":{"type":"pakketpunt","locatieNaam":"InPost Point","straatNaam":"Via San Bernardino","straatNr":"104d","vervoerder":"InPost","puntType":"servicepunt","bezettingsgraad":50,"latitude":45.67963,"longitude":9.66171,"canPickup":true,"canDropoff":true,"openingstijden":"Lun-Ven: 07:30 - 12:30 - 14:30 - 19:00 Sab: 08:00 - 12:30 - 15:00 - 19:00"}},{"type":"Feature","geometry":{"type":"Point","coordinates":[9.65618,45.69791]},"properties":{"type":"pakketpunt","locatieNaam":"InPost Point","straatNaam":"Via dello Statuto","straatNr":"16b","vervoerder":"InPost","puntType":"servicepunt","bezettingsgraad":50,"latitude":45.69791,"longitude":9.65618,"canPickup":true,"canDropoff":true,"openingstijden":"Lun-Sab: 06:00 - 19:30 Dom: 06:00 - 12:30"}},{"type":"Feature","geometry":{"type":"Point","coordinates":[9.68422,45.7057]},"properties":{"type":"pakketpunt","locatieNaam":"InPost Point","straatNaam":"Via Borgo Santa Caterina","straatNr":"77","vervoerder":"InPost","puntType":"servicepunt","bezettingsgraad":50,"latitude":45.7057,"longitude":9.68422,"canPickup":true,"canDropoff":true,"openingstijden":"Lun: 15:30 - 19:00 Mar-Ven: 09:30 - 13:00 - 15:30 - 19:00 Sab: 10:00 - 13:00 - 16:00 - 18:00"}},{"type":"Feature","geometry":{"type":"Point","coordinates":[9.67775,45.69849]},"properties":{"type":"pakketpunt","locatieNaam":"InPost Point","straatNaam":"Via Teodoro Frizzoni","straatNr":"4","vervoerder":"InPost","puntType":"servicepunt","bezettingsgraad":50,"latitude":45.69849,"longitude":9.67775,"canPickup":true,"canDropoff":true,"openingstijden":"Lun-Ven: 09:00 - 13:00 - 14:00 - 18:00 Sab: 10:00 - 12:30"}},{"type":"Feature","geometry":{"type":"Point","coordinates":[9.66322,45.6899]},"properties":{"type":"pakketpunt","locatieNaam":"InPost Point","straatNaam":"Via San Bernardino","straatNr":"33 b","vervoerder":"InPost","puntType":"servicepunt","bezettingsgraad":50,"latitude":45.6899,"longitude":9.66322,"canPickup":true,"canDropoff":true,"openingstijden":"Lun-Sab: 09:00 - 20:00"}},{"type":"Feature","geometry":{"type":"Point","coordinates":[9.68193,45.69691]},"properties":{"type":"pakketpunt","locatieNaam":"InPost Point","straatNaam":"Via Borgo Palazzo","straatNr":"52/A","vervoerder":"InPost","puntType":"servicepunt","bezettingsgraad":50,"latitude":45.69691,"longitude":9.68193,"canPickup":true,"canDropoff":true,"openingstijden":"Lun-Ven: 09:00 - 13:00 - 14:30 - 18:30"}},{"type":"Feature","geometry":{"type":"Point","coordinates":[9.67271,45.68237]},"properties":{"type":"pakketpunt","locatieNaam":"InPost Point","straatNaam":"Via Zanica","straatNr":"20C","vervoerder":"InPost","puntType":"servicepunt","bezettingsgraad":50,"latitude":45.68237,"longitude":9.67271,"canPickup":true,"canDropoff":true,"openingstijden":"Lun-Sab: 07:30 - 19:15"}},{"type":"Feature","geometry":{"type":"Point","coordinates":[9.67159,45.69377]},"properties":{"type":"pakketpunt","locatieNaam":"InPost Point","straatNaam":"Viale Papa Giovanni XXIII","straatNr":"5","vervoerder":"InPost","puntType":"servicepunt","bezettingsgraad":50,"latitude":45.69377,"longitude":9.67159,"canPickup":true,"canDropoff":true,"openingstijden":"Lun-dom: 07:00 - 18:00"}},{"type":"Feature","geometry":{"type":"Point","coordinates":[9.69135,45.68928]},"properties":{"type":"pakketpunt","locatieNaam":"InPost Point","straatNaam":"Via Gabriele Rosa","straatNr":"18","vervoerder":"InPost","puntType":"servicepunt","bezettingsgraad":50,"latitude":45.68928,"longitude":9.69135,"canPickup":true,"canDropoff":true,"openingstijden":"Lun: 06:00 - 12:30 Mar: 06:00 - 12:30 - 15:00 - 18:30 Mer-Gio: 06:00 - 12:30 - 15:30 - 18:30 Ven-Sab: 06:00 - 12:30 - 15:00 - 18:30 Dom: 07:00 - 12:00"}},{"type":"Feature","geometry":{"type":"Point","coordinates":[9.65409,45.69376]},"properties":{"type":"pakketpunt","locatieNaam":"InPost Point","straatNaam":"Via IV Novembre","straatNr":"78","vervoerder":"InPost","puntType":"servicepunt","bezettingsgraad":50,"latitude":45.69376,"longitude":9.65409,"canPickup":true,"canDropoff":true,"openingstijden":"Lun - ven: 10:00 - 13:00 - 14:00 - 19:30  Sab: 10:00 - 16:00"}},{"type":"Feature","geometry":{"type":"Point","coordinates":[9.68329,45.71756]},"properties":{"type":"pakketpunt","locatieNaam":"InPost Point","straatNaam":"Viale Giulio Cesare","straatNr":"55a","vervoerder":"InPost","puntType":"servicepunt","bezettingsgraad":50,"latitude":45.71756,"longitude":9.68329,"canPickup":true,"canDropoff":true,"openingstijden":"Lun-Sab: 07:30 - 15:30"}},{"type":"Feature","geometry":{"type":"Point","coordinates":[9.70917,45.69338]},"properties":{"type":"pakketpunt","locatieNaam":"InPost Point","straatNaam":"Via San Pio X","straatNr":"38","vervoerder":"InPost","puntType":"servicepunt","bezettingsgraad":50,"latitude":45.69338,"longitude":9.70917,"canPickup":true,"canDropoff":true,"openingstijden":"Lun-Ven: 11:00 - 14:30 - 17:30 - 21:30 Sab-Dom: 17:30 - 21:30"}},{"type":"Feature","geometry":{"type":"Point","coordinates":[9.67172,45.69136]},"properties":{"type":"pakketpunt","locatieNaam":"InPost Point","straatNaam":"Via Pietro Paleocapa","straatNr":"8 C","vervoerder":"InPost","puntType":"servicepunt","bezettingsgraad":50,"latitude":45.69136,"longitude":9.67172,"canPickup":true,"canDropoff":true,"openingstijden":"Lun-Sab: 07:30 - 19:00"}},{"type":"Feature","geometry":{"type":"Point","coordinates":[9.6728354975,45.6965785945]},"properties":{"type":"pakketpunt","locatieNaam":"GLS City Depot Bergamo","straatNaam":"Via Torquato Tasso","straatNr":"35","vervoerder":"GLS","puntType":"parcel_shop","bezettingsgraad":50,"latitude":45.6965785945,"longitude":9.6728354975,"canPickup":true,"canDropoff":true,"openingstijden":"za: 08:30 - 12:00; ma: 09:00 - 13:00, 13:30 - 18:30"}},{"type":"Feature","geometry":{"type":"Point","coordinates":[9.6692374,45.6799724]},"properties":{"type":"pakketpunt","locatieNaam":"AUDIO & VIDEO CENTER","straatNaam":"Via Spino","straatNr":"102","vervoerder":"GLS","puntType":"parcel_shop","bezettingsgraad":50,"latitude":45.6799724,"longitude":9.6692374,"canPickup":true,"canDropoff":true,"openingstijden":"ma: 09:00 - 12:30, 14:00 - 18:30; di: 09:00 - 12:30, 14:00 - 18:30"}},{"type":"Feature","geometry":{"type":"Point","coordinates":[9.67649651,45.68188477]},"properties":{"type":"pakketpunt","locatieNaam":"GLS Locker BG001B Parcheggio Via Ambiveri","straatNaam":"Via Betty Ambiveri","straatNr":"5","vervoerder":"GLS","puntType":"locker","bezettingsgraad":50,"latitude":45.68188477,"longitude":9.67649651,"canPickup":true,"canDropoff":false,"openingstijden":"za: 00:00 - 23:30; zo: 00:00 - 23:30"}},{"type":"Feature","geometry":{"type":"Point","coordinates":[9.63804913,45.6823616]},"properties":{"type":"pakketpunt","locatieNaam":"GLS Locker BG003B Via Martin Luther King parcheggio Parco della Trucca","straatNaam":"Via Martin Luther King","straatNr":"0","vervoerder":"GLS","puntType":"locker","bezettingsgraad":50,"latitude":45.6823616,"longitude":9.63804913,"canPickup":true,"canDropoff":false,"openingstijden":"za: 00:00 - 23:30; zo: 00:00 - 23:30"}},{"type":"Feature","geometry":{"type":"Point","coordinates":[9.6727051,45.6823684]},"properties":{"type":"pakketpunt","locatieNaam":"Tabaccheria","straatNaam":"Via Zanica","straatNr":"20C","vervoerder":"GLS","puntType":"parcel_shop","bezettingsgraad":50,"latitude":45.6823684,"longitude":9.6727051,"canPickup":true,"canDropoff":true,"openingstijden":"za: 07:30 - 19:00; ma: 07:30 - 19:00"}},{"type":"Feature","geometry":{"type":"Point","coordinates":[9.6912632,45.6853447]},"properties":{"type":"pakketpunt","locatieNaam":"GLS Locker BG004B Via Piacentini parcheggio fronte biblioteca","straatNaam":"Via Piacentini","straatNr":"0","vervoerder":"GLS","puntType":"locker","bezettingsgraad":50,"latitude":45.6853447,"longitude":9.6912632,"canPickup":true,"canDropoff":false,"openingstijden":"za: 00:00 - 23:30; zo: 00:00 - 23:30"}},{"type":"Feature","geometry":{"type":"Point","coordinates":[9.6594034,45.6872713]},"properties":{"type":"pakketpunt","locatieNaam":"ATN MOBILE","straatNaam":"Via Moroni","straatNr":"241","vervoerder":"GLS","puntType":"parcel_shop","bezettingsgraad":50,"latitude":45.6872713,"longitude":9.6594034,"canPickup":true,"canDropoff":true,"openingstijden":"za: 09:30 - 12:30, 14:30 - 19:30; ma: 09:30 - 12:30, 14:30 - 19:30"}},{"type":"Feature","geometry":{"type":"Point","coordinates":[9.68237877,45.68810654]},"properties":{"type":"pakketpunt","locatieNaam":"GLS Locker BG011B Via Europa - Fronte Humanitas","straatNaam":"Viale Europa","straatNr":"15","vervoerder":"GLS","puntType":"locker","bezettingsgraad":50,"latitude":45.68810654,"longitude":9.68237877,"canPickup":true,"canDropoff":false,"openingstijden":"za: 00:00 - 23:30; zo: 00:00 - 23:30"}},{"type":"Feature","geometry":{"type":"Point","coordinates":[9.64933681,45.68825531]},"properties":{"type":"pakketpunt","locatieNaam":"GLS Locker BG017A presso CC Bergamo (area locker esterna vicino porta San Lorenzo)","straatNaam":"Via Giosue' Carducci","straatNr":"55","vervoerder":"GLS","puntType":"locker","bezettingsgraad":50,"latitude":45.68825531,"longitude":9.64933681,"canPickup":true,"canDropoff":false,"openingstijden":"za: 00:00 - 23:30; zo: 00:00 - 23:30"}},{"type":"Feature","geometry":{"type":"Point","coordinates":[9.66451931,45.68871689]},"properties":{"type":"pakketpunt","locatieNaam":"GLS Locker BG002B Piazza via Baschenis","straatNaam":"Via Baschenis","straatNr":"5","vervoerder":"GLS","puntType":"locker","bezettingsgraad":50,"latitude":45.68871689,"longitude":9.66451931,"canPickup":true,"canDropoff":false,"openingstijden":"za: 00:00 - 23:30; zo: 00:00 - 23:30"}},{"type":"Feature","geometry":{"type":"Point","coordinates":[9.7089975,45.6887664]},"properties":{"type":"pakketpunt","locatieNaam":"GLS Locker BG007B Via Borgo Palazzo (parcheggio bike sharing vicino Esselunga)","straatNaam":"Via Borgo Palazzo","straatNr":"snc","vervoerder":"GLS","puntType":"locker","bezettingsgraad":50,"latitude":45.6887664,"longitude":9.7089975,"canPickup":true,"canDropoff":false,"openingstijden":"za: 00:00 - 23:30; zo: 00:00 - 23:30"}},{"type":"Feature","geometry":{"type":"Point","coordinates":[9.6913446,45.6894331]},"properties":{"type":"pakketpunt","locatieNaam":"Edicola","straatNaam":"Via Gabriele Rosa","straatNr":"18","vervoerder":"GLS","puntType":"parcel_shop","bezettingsgraad":50,"latitude":45.6894331,"longitude":9.6913446,"canPickup":true,"canDropoff":true,"openingstijden":"za: 06:30 - 12:00; zo: 07:00 - 12:00"}},{"type":"Feature","geometry":{"type":"Point","coordinates":[9.6632198,45.6899031]},"properties":{"type":"pakketpunt","locatieNaam":"rcd vendita e riparazione cellulare tablet pc","straatNaam":"Via San Bernardino","straatNr":"33/b","vervoerder":"GLS","puntType":"parcel_shop","bezettingsgraad":50,"latitude":45.6899031,"longitude":9.6632198,"canPickup":true,"canDropoff":true,"openingstijden":"za: 09:00 - 20:00; ma: 09:00 - 20:00"}},{"type":"Feature","geometry":{"type":"Point","coordinates":[9.6660576,45.6904777]},"properties":{"type":"pakketpunt","locatieNaam":"ELYSIUM","straatNaam":"Via Don L. Palazzolo","straatNr":"23","vervoerder":"GLS","puntType":"parcel_shop","bezettingsgraad":50,"latitude":45.6904777,"longitude":9.6660576,"canPickup":true,"canDropoff":true,"openingstijden":"za: 10:00 - 12:30, 15:00 - 19:00; ma: 15:00 - 19:00"}},{"type":"Feature","geometry":{"type":"Point","coordinates":[9.695637,45.692063]},"properties":{"type":"pakketpunt","locatieNaam":"TABACCHERIA IN GALLERIA","straatNaam":"Via Borgo Palazzo","straatNr":"143","vervoerder":"GLS","puntType":"parcel_shop","bezettingsgraad":50,"latitude":45.692063,"longitude":9.695637,"canPickup":true,"canDropoff":true,"openingstijden":"za: 07:00 - 19:30; ma: 07:00 - 19:30"}},{"type":"Feature","geometry":{"type":"Point","coordinates":[9.6716881,45.6936038]},"properties":{"type":"pakketpunt","locatieNaam":"Edicola Antica ma nuova","straatNaam":"Viale Papa Giovanni Xxiii","straatNr":"5 (edicola)","vervoerder":"GLS","puntType":"parcel_shop","bezettingsgraad":50,"latitude":45.6936038,"longitude":9.6716881,"canPickup":true,"canDropoff":true,"openingstijden":"ma: 07:00 - 18:00; di: 07:00 - 18:00"}},{"type":"Feature","geometry":{"type":"Point","coordinates":[9.6684698,45.6938151]},"properties":{"type":"pakketpunt","locatieNaam":"Bergamo citta centro Edicola","straatNaam":"Piazza Giacomo Matteotti","straatNr":"34","vervoerder":"GLS","puntType":"parcel_shop","bezettingsgraad":50,"latitude":45.6938151,"longitude":9.6684698,"canPickup":true,"canDropoff":true,"openingstijden":"za: 13:00 - 18:00; zo: 06:00 - 13:00"}},{"type":"Feature","geometry":{"type":"Point","coordinates":[9.6889382,45.6943941]},"properties":{"type":"pakketpunt","locatieNaam":"BANGLADESH MINIMARKET","straatNaam":"Via Borgo Palazzo","straatNr":"89E","vervoerder":"GLS","puntType":"parcel_shop","bezettingsgraad":50,"latitude":45.6943941,"longitude":9.6889382,"canPickup":true,"canDropoff":true,"openingstijden":"za: 10:00 - 14:00, 15:30 - 20:00; zo: 10:00 - 14:00, 15:30 - 20:00"}},{"type":"Feature","geometry":{"type":"Point","coordinates":[9.6703573,45.6967892]},"properties":{"type":"pakketpunt","locatieNaam":"TABACCHERIA Largo Belotti","straatNaam":"Largo Bortolo Belotti","straatNr":"24","vervoerder":"GLS","puntType":"parcel_shop","bezettingsgraad":50,"latitude":45.6967892,"longitude":9.6703573,"canPickup":true,"canDropoff":true,"openingstijden":"za: 09:00 - 15:00; ma: 07:30 - 19:00"}},{"type":"Feature","geometry":{"type":"Point","coordinates":[9.6561377,45.697933]},"properties":{"type":"pakketpunt","locatieNaam":"EDICOLA 62 di Pedroni Giovanni","straatNaam":"Via Dello Statuto","straatNr":"16b","vervoerder":"GLS","puntType":"parcel_shop","bezettingsgraad":50,"latitude":45.697933,"longitude":9.6561377,"canPickup":true,"canDropoff":true,"openingstijden":"za: 06:00 - 13:00; zo: 07:00 - 12:30"}},{"type":"Feature","geometry":{"type":"Point","coordinates":[9.6842775,45.6990814]},"properties":{"type":"pakketpunt","locatieNaam":"GLS Locker BG012B Via Alessando Noli angolo Via Ambrogio da Calepio","straatNaam":"Via Calepio","straatNr":"snc","vervoerder":"GLS","puntType":"locker","bezettingsgraad":50,"latitude":45.6990814,"longitude":9.6842775,"canPickup":true,"canDropoff":false,"openingstijden":"za: 00:00 - 23:30; zo: 00:00 - 23:30"}},{"type":"Feature","geometry":{"type":"Point","coordinates":[9.6967207,45.7000005]},"properties":{"type":"pakketpunt","locatieNaam":"keropetrol","straatNaam":"Circonvallazione Delle Valli","straatNr":"160","vervoerder":"GLS","puntType":"parcel_shop","bezettingsgraad":50,"latitude":45.7000005,"longitude":9.6967207,"canPickup":true,"canDropoff":true,"openingstijden":"ma: 08:30 - 12:00, 15:00 - 19:00; di: 08:30 - 12:00, 15:00 - 19:00"}},{"type":"Feature","geometry":{"type":"Point","coordinates":[9.65356731,45.7008934]},"properties":{"type":"pakketpunt","locatieNaam":"GLS Locker BG006B Via Grataroli - Fronte Scuole Medie","straatNaam":"Via Guglielmo Grataroli","straatNr":"2","vervoerder":"GLS","puntType":"locker","bezettingsgraad":50,"latitude":45.7008934,"longitude":9.65356731,"canPickup":true,"canDropoff":false,"openingstijden":"za: 00:00 - 23:30; zo: 00:00 - 23:30"}},{"type":"Feature","geometry":{"type":"Point","coordinates":[9.6911796,45.703554]},"properties":{"type":"pakketpunt","locatieNaam":"GLS Locker BG013A presso CC Chorus Life (di fronte Doppio Malto e Rossopomodoro)","straatNaam":"Via Carlo Serassi","straatNr":"26","vervoerder":"GLS","puntType":"locker","bezettingsgraad":50,"latitude":45.703554,"longitude":9.6911796,"canPickup":true,"canDropoff":false,"openingstijden":"za: 00:00 - 23:30; zo: 00:00 - 23:30"}},{"type":"Feature","geometry":{"type":"Point","coordinates":[9.6931225,45.7044903]},"properties":{"type":"pakketpunt","locatieNaam":"I.B.Caffe","straatNaam":"Via Bianzana","straatNr":"68b/c","vervoerder":"GLS","puntType":"parcel_shop","bezettingsgraad":50,"latitude":45.7044903,"longitude":9.6931225,"canPickup":true,"canDropoff":true,"openingstijden":"za: 06:00 - 12:00; ma: 05:30 - 18:00"}},{"type":"Feature","geometry":{"type":"Point","coordinates":[9.6626963,45.7045315]},"properties":{"type":"pakketpunt","locatieNaam":"Easy Lockers Bergamo","straatNaam":"Via Bartolomeo Colleoni","straatNr":"3","vervoerder":"GLS","puntType":"parcel_shop","bezettingsgraad":50,"latitude":45.7045315,"longitude":9.6626963,"canPickup":true,"canDropoff":true,"openingstijden":"za: 09:30 - 19:00; zo: 09:30 - 19:00"}},{"type":"Feature","geometry":{"type":"Point","coordinates":[9.6865976,45.7046003]},"properties":{"type":"pakketpunt","locatieNaam":"Main Street Clothing","straatNaam":"Via Fratelli Bronzetti","straatNr":"3","vervoerder":"GLS","puntType":"parcel_shop","bezettingsgraad":50,"latitude":45.7046003,"longitude":9.6865976,"canPickup":true,"canDropoff":true,"openingstijden":"za: 10:00 - 18:00; ma: 10:00 - 18:00"}},{"type":"Feature","geometry":{"type":"Point","coordinates":[9.6842112,45.7055331]},"properties":{"type":"pakketpunt","locatieNaam":"FASTWEB-SKY","straatNaam":"Via Santa Caterina","straatNr":"77","vervoerder":"GLS","puntType":"parcel_shop","bezettingsgraad":50,"latitude":45.7055331,"longitude":9.6842112,"canPickup":true,"canDropoff":true,"openingstijden":"za: 10:00 - 13:00, 16:00 - 18:00; ma: 15:30 - 19:00"}},{"type":"Feature","geometry":{"type":"Point","coordinates":[9.69614315,45.7074852]},"properties":{"type":"pakketpunt","locatieNaam":"GLS Locker BG005B Via Gemelli parcheggio Edone'","straatNaam":"Via Gemelli","straatNr":"17","vervoerder":"GLS","puntType":"locker","bezettingsgraad":50,"latitude":45.7074852,"longitude":9.69614315,"canPickup":true,"canDropoff":false,"openingstijden":"za: 00:00 - 23:30; zo: 00:00 - 23:30"}},{"type":"Feature","geometry":{"type":"Point","coordinates":[9.6767034,45.7094234]},"properties":{"type":"pakketpunt","locatieNaam":"Tabaccheria","straatNaam":"Via Crescenzi","straatNr":"35 b","vervoerder":"GLS","puntType":"parcel_shop","bezettingsgraad":50,"latitude":45.7094234,"longitude":9.6767034,"canPickup":true,"canDropoff":true,"openingstijden":"za: 07:30 - 12:30, 14:30 - 19:30; ma: 07:30 - 12:30, 14:30 - 19:30"}},{"type":"Feature","geometry":{"type":"Point","coordinates":[9.693117,45.68761]},"properties":{"type":"pakketpunt","locatieNaam":"TABACCHERIA BARONE","straatNaam":"VIA GABRIELE ROSA 47-A","straatNr":"","vervoerder":"DHL","puntType":"parcelShop","bezettingsgraad":50,"latitude":45.68761,"longitude":9.693117,"canPickup":true,"canDropoff":true,"openingstijden":{"ma":"07:30 - 13:00, 14:30 - 19:00","di":"07:30 - 13:00, 14:30 - 19:00","wo":"07:30 - 13:00, 14:30 - 19:00","do":"07:30 - 13:00, 14:30 - 19:00","vr":"07:30 - 13:00, 14:30 - 19:00","za":"07:30 - 13:00, 14:30 - 19:00","zo":"gesloten"}}},{"type":"Feature","geometry":{"type":"Point","coordinates":[9.691266,45.68914]},"properties":{"type":"pakketpunt","locatieNaam":"EDICOLA","straatNaam":"VIA GABRIELE ROSA 18","straatNr":"","vervoerder":"DHL","puntType":"parcelShop","bezettingsgraad":50,"latitude":45.68914,"longitude":9.691266,"canPickup":true,"canDropoff":true,"openingstijden":{"ma":"06:30 - 12:30","di":"06:30 - 12:00, 15:00 - 18:30","wo":"06:30 - 12:00, 15:00 - 18:30","do":"06:30 - 12:00, 15:00 - 18:30","vr":"06:30 - 12:00, 15:00 - 18:30","za":"06:30 - 12:00, 15:00 - 18:30","zo":"06:30 - 12:00"}}},{"type":"Feature","geometry":{"type":"Point","coordinates":[9.701677,45.691727]},"properties":{"type":"pakketpunt","locatieNaam":"TELEFONIA - MITAR TELECOM S","straatNaam":"VIA DASTE E SPALENGA 3","straatNr":"","vervoerder":"DHL","puntType":"packStation","bezettingsgraad":50,"latitude":45.691727,"longitude":9.701677,"canPickup":true,"canDropoff":true,"openingstijden":{"ma":"09:00 - 12:30, 14:30 - 19:00","di":"09:00 - 12:30, 14:30 - 19:00","wo":"09:00 - 12:30, 14:30 - 19:00","do":"09:00 - 12:30, 14:30 - 19:00","vr":"09:00 - 12:30, 14:30 - 19:00","za":"09:00 - 12:30","zo":"gesloten"}}},{"type":"Feature","geometry":{"type":"Point","coordinates":[9.709189,45.693072]},"properties":{"type":"pakketpunt","locatieNaam":"FERMENTO INCASODIPIZZA","straatNaam":"VIA SAN PIO X 38","straatNr":"","vervoerder":"DHL","puntType":"parcelShop","bezettingsgraad":50,"latitude":45.693072,"longitude":9.709189,"canPickup":true,"canDropoff":true,"openingstijden":{"ma":"gesloten","di":"11:30 - 14:30, 17:30 - 21:30","wo":"11:30 - 14:30, 17:30 - 21:30","do":"11:30 - 14:30, 17:30 - 21:30","vr":"11:30 - 14:30, 17:30 - 21:30","za":"gesloten","zo":"gesloten"}}},{"type":"Feature","geometry":{"type":"Point","coordinates":[9.672672,45.682263]},"properties":{"type":"pakketpunt","locatieNaam":"TABACCHERIA GIOCHI & TABACCHI","straatNaam":"Via Zanica 20c","straatNr":"","vervoerder":"DHL","puntType":"parcelShop","bezettingsgraad":50,"latitude":45.682263,"longitude":9.672672,"canPickup":false,"canDropoff":true,"openingstijden":{"ma":"07:30 - 19:15","di":"07:30 - 19:15","wo":"07:30 - 19:15","do":"07:30 - 19:15","vr":"07:30 - 19:15","za":"07:30 - 19:15","zo":"gesloten"}}},{"type":"Feature","geometry":{"type":"Point","coordinates":[9.661642,45.673035]},"properties":{"type":"pakketpunt","locatieNaam":"Ufficio Postale BERGAMO 6","straatNaam":"VIA GOFFREDO MAMELI 1","straatNr":"","vervoerder":"DHL","puntType":"postOffice","bezettingsgraad":50,"latitude":45.673035,"longitude":9.661642,"canPickup":true,"canDropoff":true,"openingstijden":{"ma":"08:20 - 13:45","di":"08:20 - 13:45","wo":"08:20 - 13:45","do":"08:20 - 13:45","vr":"08:20 - 13:45","za":"08:20 - 12:45","zo":"gesloten"}}},{"type":"Feature","geometry":{"type":"Point","coordinates":[9.661498,45.673406]},"properties":{"type":"pakketpunt","locatieNaam":"SFUMATURE DI ROSSI","straatNaam":"Piazza E.filiberto 3/b","straatNr":"","vervoerder":"DHL","puntType":"parcelShop","bezettingsgraad":50,"latitude":45.673406,"longitude":9.661498,"canPickup":false,"canDropoff":true,"openingstijden":{"ma":"07:30 - 19:00","di":"07:30 - 19:00","wo":"07:30 - 19:00","do":"07:30 - 19:00","vr":"07:30 - 19:00","za":"07:30 - 19:00","zo":"gesloten"}}},{"type":"Feature","geometry":{"type":"Point","coordinates":[9.672913,45.684106]},"properties":{"type":"pakketpunt","locatieNaam":"Ufficio Postale BERGAMO 9","straatNaam":"VIA ZANICA 10-D","straatNr":"","vervoerder":"DHL","puntType":"postOffice","bezettingsgraad":50,"latitude":45.684106,"longitude":9.672913,"canPickup":true,"canDropoff":true,"openingstijden":{"ma":"08:20 - 13:35","di":"08:20 - 13:35","wo":"08:20 - 13:35","do":"08:20 - 13:35","vr":"08:20 - 13:35","za":"08:20 - 12:35","zo":"gesloten"}}},{"type":"Feature","geometry":{"type":"Point","coordinates":[9.67343,45.685972]},"properties":{"type":"pakketpunt","locatieNaam":"MAXON SRL","straatNaam":"Via Zanica, 1 A","straatNr":"","vervoerder":"DHL","puntType":"parcelShop","bezettingsgraad":50,"latitude":45.685972,"longitude":9.67343,"canPickup":false,"canDropoff":true,"openingstijden":{"ma":"09:00 - 19:00","di":"09:00 - 19:00","wo":"09:00 - 19:00","do":"09:00 - 19:00","vr":"09:00 - 19:00","za":"09:00 - 12:30","zo":"gesloten"}}},{"type":"Feature","geometry":{"type":"Point","coordinates":[9.688576,45.694127]},"properties":{"type":"pakketpunt","locatieNaam":"AGENZIA VIAGGI LIAQAT ALI","straatNaam":"Via Alfredo Piatti 2","straatNr":"","vervoerder":"DHL","puntType":"parcelShop","bezettingsgraad":50,"latitude":45.694127,"longitude":9.688576,"canPickup":false,"canDropoff":true,"openingstijden":{"ma":"09:00 - 20:00","di":"09:00 - 20:00","wo":"09:00 - 20:00","do":"09:00 - 20:00","vr":"09:00 - 20:00","za":"09:00 - 20:00","zo":"gesloten"}}},{"type":"Feature","geometry":{"type":"Point","coordinates":[9.661826,45.680237]},"properties":{"type":"pakketpunt","locatieNaam":"TABACCHERIA N. 65","straatNaam":"VIA SAN BERNARDINO 104-D","straatNr":"","vervoerder":"DHL","puntType":"parcelShop","bezettingsgraad":50,"latitude":45.680237,"longitude":9.661826,"canPickup":true,"canDropoff":true,"openingstijden":{"ma":"07:30 - 12:30, 14:30 - 19:00","di":"07:30 - 12:30, 14:30 - 19:00","wo":"07:30 - 12:30, 14:30 - 19:00","do":"07:30 - 12:30, 14:30 - 19:00","vr":"07:30 - 12:30, 14:30 - 19:00","za":"08:00 - 12:30, 15:00 - 19:00","zo":"gesloten"}}},{"type":"Feature","geometry":{"type":"Point","coordinates":[9.68872,45.694413]},"properties":{"type":"pakketpunt","locatieNaam":"BANGLADESH MINIMARKET DI KHUKU","straatNaam":"Via Borgo Palazzo, 89E","straatNr":"","vervoerder":"DHL","puntType":"parcelShop","bezettingsgraad":50,"latitude":45.694413,"longitude":9.68872,"canPickup":false,"canDropoff":true,"openingstijden":{"ma":"09:00 - 21:00","di":"09:00 - 21:00","wo":"09:00 - 21:00","do":"09:00 - 21:00","vr":"09:00 - 21:00","za":"gesloten","zo":"gesloten"}}},{"type":"Feature","geometry":{"type":"Point","coordinates":[9.680498,45.692485]},"properties":{"type":"pakketpunt","locatieNaam":"M.F. TELEFONIA","straatNaam":"Via XX Settembre, 51","straatNr":"","vervoerder":"DHL","puntType":"parcelShop","bezettingsgraad":50,"latitude":45.692485,"longitude":9.680498,"canPickup":false,"canDropoff":true,"openingstijden":{"ma":"10:00 - 19:00","di":"10:00 - 19:00","wo":"10:00 - 19:00","do":"10:00 - 19:00","vr":"10:00 - 19:00","za":"gesloten","zo":"gesloten"}}},{"type":"Feature","geometry":{"type":"Point","coordinates":[9.678255,45.692662]},"properties":{"type":"pakketpunt","locatieNaam":"SUPERMERCATO IL GIGANTE","straatNaam":"VIA BARTOLOMEO BONO 4","straatNr":"","vervoerder":"DHL","puntType":"packStation","bezettingsgraad":50,"latitude":45.692662,"longitude":9.678255,"canPickup":true,"canDropoff":true,"openingstijden":{"ma":"08:00 - 20:00","di":"08:00 - 20:00","wo":"08:00 - 20:00","do":"08:00 - 20:00","vr":"08:00 - 20:00","za":"08:00 - 20:00","zo":"08:30 - 13:00, 15:00 - 19:30"}}},{"type":"Feature","geometry":{"type":"Point","coordinates":[9.67349,45.690476]},"properties":{"type":"pakketpunt","locatieNaam":"MM.BIT","straatNaam":"VIA GEREMIA BONOMELLI 5","straatNr":"","vervoerder":"DHL","puntType":"parcelShop","bezettingsgraad":50,"latitude":45.690476,"longitude":9.67349,"canPickup":true,"canDropoff":true,"openingstijden":{"ma":"10:00 - 20:00","di":"10:00 - 20:00","wo":"10:00 - 20:00","do":"10:00 - 20:00","vr":"10:00 - 13:00, 15:00 - 20:00","za":"10:00 - 20:00","zo":"gesloten"}}},{"type":"Feature","geometry":{"type":"Point","coordinates":[9.678914,45.69456]},"properties":{"type":"pakketpunt","locatieNaam":"TABACCHERIA N. 58","straatNaam":"VIA ANGELO MAJ 13-B","straatNr":"","vervoerder":"DHL","puntType":"parcelShop","bezettingsgraad":50,"latitude":45.69456,"longitude":9.678914,"canPickup":true,"canDropoff":true,"openingstijden":{"ma":"06:00 - 20:00","di":"06:00 - 20:00","wo":"06:00 - 20:00","do":"06:00 - 20:00","vr":"06:00 - 20:00","za":"06:00 - 20:00","zo":"07:30 - 14:00"}}},{"type":"Feature","geometry":{"type":"Point","coordinates":[9.671516,45.691265]},"properties":{"type":"pakketpunt","locatieNaam":"TABACCHERIA N. 53","straatNaam":"VIA PIETRO PALEOCAPA 8-C","straatNr":"","vervoerder":"DHL","puntType":"parcelShop","bezettingsgraad":50,"latitude":45.691265,"longitude":9.671516,"canPickup":true,"canDropoff":true,"openingstijden":{"ma":"07:30 - 19:30","di":"07:30 - 19:30","wo":"07:30 - 19:30","do":"07:30 - 19:30","vr":"07:30 - 19:30","za":"07:30 - 19:30","zo":"gesloten"}}},{"type":"Feature","geometry":{"type":"Point","coordinates":[9.6717,45.6914]},"properties":{"type":"pakketpunt","locatieNaam":"TABACCHERIA RICEVITORIA LOCATELLI","straatNaam":"Via Paleocapa 8 C","straatNr":"","vervoerder":"DHL","puntType":"parcelShop","bezettingsgraad":50,"latitude":45.6914,"longitude":9.6717,"canPickup":false,"canDropoff":true,"openingstijden":{"ma":"07:30 - 19:30","di":"07:30 - 19:30","wo":"07:30 - 19:30","do":"07:30 - 19:30","vr":"07:30 - 19:30","za":"07:30 - 19:30","zo":"gesloten"}}},{"type":"Feature","geometry":{"type":"Point","coordinates":[9.677836,45.694441]},"properties":{"type":"pakketpunt","locatieNaam":"DHL STORE BERGAMO","straatNaam":"Via Maj, 11/i","straatNr":"","vervoerder":"DHL","puntType":"parcelShop","bezettingsgraad":50,"latitude":45.694441,"longitude":9.677836,"canPickup":false,"canDropoff":true,"openingstijden":{"ma":"09:30 - 18:30","di":"09:30 - 18:30","wo":"09:30 - 18:30","do":"09:30 - 18:30","vr":"09:30 - 18:30","za":"gesloten","zo":"gesloten"}}},{"type":"Feature","geometry":{"type":"Point","coordinates":[9.678031,45.695253]},"properties":{"type":"pakketpunt","locatieNaam":"Ufficio Postale BERGAMO 15","straatNaam":"VIA MALJ TABAJANI 1","straatNr":"","vervoerder":"DHL","puntType":"postOffice","bezettingsgraad":50,"latitude":45.695253,"longitude":9.678031,"canPickup":true,"canDropoff":true,"openingstijden":{"ma":"08:20 - 13:35","di":"08:20 - 13:35","wo":"08:20 - 13:35","do":"08:20 - 13:35","vr":"08:20 - 13:35","za":"08:20 - 12:35","zo":"gesloten"}}},{"type":"Feature","geometry":{"type":"Point","coordinates":[9.671868,45.693162]},"properties":{"type":"pakketpunt","locatieNaam":"TABACCHERIA N. 41","straatNaam":"VIALE PAPA GIOVANNI XXIII 58","straatNr":"","vervoerder":"DHL","puntType":"parcelShop","bezettingsgraad":50,"latitude":45.693162,"longitude":9.671868,"canPickup":true,"canDropoff":true,"openingstijden":{"ma":"07:30 - 12:30, 14:45 - 19:30","di":"07:30 - 12:30, 14:45 - 19:30","wo":"07:30 - 12:30, 14:45 - 19:30","do":"07:30 - 12:30, 14:45 - 19:30","vr":"07:30 - 12:30, 14:45 - 19:30","za":"07:30 - 12:30, 14:45 - 19:30","zo":"gesloten"}}},{"type":"Feature","geometry":{"type":"Point","coordinates":[9.68332,45.717392]},"properties":{"type":"pakketpunt","locatieNaam":"TABACCHERIA N. 109","straatNaam":"VIALE GIULIO CESARE 55-A","straatNr":"","vervoerder":"DHL","puntType":"parcelShop","bezettingsgraad":50,"latitude":45.717392,"longitude":9.68332,"canPickup":true,"canDropoff":true,"openingstijden":{"ma":"07:30 - 15:30","di":"07:30 - 15:30","wo":"07:30 - 15:30","do":"07:30 - 15:30","vr":"07:30 - 15:30","za":"07:30 - 15:30","zo":"gesloten"}}},{"type":"Feature","geometry":{"type":"Point","coordinates":[9.699324,45.711646]},"properties":{"type":"pakketpunt","locatieNaam":"TABACCHERIA N. 91","straatNaam":"VIA MARTINELLA 2-A","straatNr":"","vervoerder":"DHL","puntType":"parcelShop","bezettingsgraad":50,"latitude":45.711646,"longitude":9.699324,"canPickup":true,"canDropoff":true,"openingstijden":{"ma":"07:00 - 20:00","di":"07:00 - 20:00","wo":"07:00 - 20:00","do":"07:00 - 20:00","vr":"07:00 - 20:00","za":"07:00 - 20:00","zo":"gesloten"}}},{"type":"Feature","geometry":{"type":"Point","coordinates":[9.690385,45.707339]},"properties":{"type":"pakketpunt","locatieNaam":"Ufficio Postale BERGAMO 7","straatNaam":"VIA FILIPPO CORRIDONI 34","straatNr":"","vervoerder":"DHL","puntType":"postOffice","bezettingsgraad":50,"latitude":45.707339,"longitude":9.690385,"canPickup":true,"canDropoff":true,"openingstijden":{"ma":"08:20 - 13:35","di":"08:20 - 13:35","wo":"08:20 - 13:35","do":"08:20 - 13:35","vr":"08:20 - 13:35","za":"08:20 - 12:35","zo":"gesloten"}}},{"type":"Feature","geometry":{"type":"Point","coordinates":[9.659681,45.72021]},"properties":{"type":"pakketpunt","locatieNaam":"TABACCHERIA N. 70","straatNaam":"VIA PIETRO RUGGERI DA STABELLO 72-C","straatNr":"","vervoerder":"DHL","puntType":"parcelShop","bezettingsgraad":50,"latitude":45.72021,"longitude":9.659681,"canPickup":true,"canDropoff":true,"openingstijden":{"ma":"07:00 - 19:00","di":"07:00 - 19:00","wo":"07:00 - 19:00","do":"07:00 - 19:00","vr":"07:00 - 19:00","za":"07:00 - 13:00","zo":"gesloten"}}},{"type":"Feature","geometry":{"type":"Point","coordinates":[9.661918,45.718141]},"properties":{"type":"pakketpunt","locatieNaam":"TIM ZANETTI","straatNaam":"VIA PIETRO RUGGERI DA STABELLO 50","straatNr":"","vervoerder":"DHL","puntType":"parcelShop","bezettingsgraad":50,"latitude":45.718141,"longitude":9.661918,"canPickup":true,"canDropoff":true,"openingstijden":{"ma":"08:30 - 12:30, 14:30 - 19:30","di":"08:30 - 12:30, 14:30 - 19:30","wo":"08:30 - 12:30, 14:30 - 19:30","do":"08:30 - 12:30, 14:30 - 19:30","vr":"08:30 - 12:30, 14:30 - 19:30","za":"08:30 - 12:30, 14:30 - 19:00","zo":"gesloten"}}},{"type":"Feature","geometry":{"type":"Point","coordinates":[9.6619,45.7181]},"properties":{"type":"pakketpunt","locatieNaam":"TIM ZANETTI COMUNICA","straatNaam":"Via Pietro Ruggeri Da Stabello 50/b","straatNr":"","vervoerder":"DHL","puntType":"parcelShop","bezettingsgraad":50,"latitude":45.7181,"longitude":9.6619,"canPickup":false,"canDropoff":true,"openingstijden":{"ma":"08:30 - 19:30","di":"08:30 - 19:30","wo":"08:30 - 19:30","do":"08:30 - 19:30","vr":"08:30 - 19:30","za":"08:30 - 19:30","zo":"gesloten"}}},{"type":"Feature","geometry":{"type":"Point","coordinates":[9.667664,45.713558]},"properties":{"type":"pakketpunt","locatieNaam":"Ufficio Postale BERGAMO 8","straatNaam":"VIA PIETRO RUGGERI DA STABELLO 6","straatNr":"","vervoerder":"DHL","puntType":"postOffice","bezettingsgraad":50,"latitude":45.713558,"longitude":9.667664,"canPickup":true,"canDropoff":true,"openingstijden":{"ma":"08:20 - 13:35","di":"08:20 - 13:35","wo":"08:20 - 13:35","do":"08:20 - 13:35","vr":"08:20 - 13:35","za":"08:20 - 12:35","zo":"gesloten"}}},{"type":"Feature","geometry":{"type":"Point","coordinates":[9.628228,45.693966]},"properties":{"type":"pakketpunt","locatieNaam":"TABACCHERIA N. 111","straatNaam":"VIA GIOACCHINO ROSSINI 2","straatNr":"","vervoerder":"DHL","puntType":"parcelShop","bezettingsgraad":50,"latitude":45.693966,"longitude":9.628228,"canPickup":true,"canDropoff":true,"openingstijden":{"ma":"06:30 - 12:30, 15:00 - 19:30","di":"06:30 - 12:30, 15:00 - 19:30","wo":"06:30 - 12:30, 15:00 - 19:30","do":"06:30 - 12:30, 15:00 - 19:30","vr":"06:30 - 12:30, 15:00 - 19:30","za":"06:30 - 12:30, 15:00 - 19:30","zo":"15:30 - 19:00"}}},{"type":"Feature","geometry":{"type":"Point","coordinates":[9.631317,45.693804]},"properties":{"type":"pakketpunt","locatieNaam":"Ufficio Postale BERGAMO 11","straatNaam":"VIA GUGLIELMO MATTIOLI 14-A","straatNr":"","vervoerder":"DHL","puntType":"postOffice","bezettingsgraad":50,"latitude":45.693804,"longitude":9.631317,"canPickup":true,"canDropoff":true,"openingstijden":{"ma":"08:20 - 13:35","di":"08:20 - 13:35","wo":"08:20 - 13:35","do":"08:20 - 13:35","vr":"08:20 - 13:35","za":"08:20 - 12:35","zo":"gesloten"}}},{"type":"Feature","geometry":{"type":"Point","coordinates":[9.636181,45.667071]},"properties":{"type":"pakketpunt","locatieNaam":"TABACCHERIA N. 67","straatNaam":"VIA GRUMELLO 66","straatNr":"","vervoerder":"DHL","puntType":"parcelShop","bezettingsgraad":50,"latitude":45.667071,"longitude":9.636181,"canPickup":true,"canDropoff":true,"openingstijden":{"ma":"06:30 - 12:30, 14:30 - 19:00","di":"06:30 - 12:30, 14:30 - 19:00","wo":"06:30 - 12:30, 14:30 - 19:00","do":"06:30 - 12:30, 14:30 - 19:00","vr":"06:30 - 12:30, 14:30 - 19:00","za":"06:30 - 16:30","zo":"gesloten"}}},{"type":"Feature","geometry":{"type":"Point","coordinates":[9.645254,45.680916]},"properties":{"type":"pakketpunt","locatieNaam":"TABACCHERIA N. 106","straatNaam":"VIA PROMESSI SPOSI 31","straatNr":"","vervoerder":"DHL","puntType":"parcelShop","bezettingsgraad":50,"latitude":45.680916,"longitude":9.645254,"canPickup":true,"canDropoff":true,"openingstijden":{"ma":"06:00 - 20:00","di":"06:00 - 20:00","wo":"06:00 - 20:00","do":"06:00 - 20:00","vr":"06:00 - 20:00","za":"06:00 - 20:00","zo":"06:00 - 12:30"}}},{"type":"Feature","geometry":{"type":"Point","coordinates":[9.647441,45.689422]},"properties":{"type":"pakketpunt","locatieNaam":"BERGAMOIL","straatNaam":"Via Giosue Carducci 450","straatNr":"","vervoerder":"DHL","puntType":"parcelShop","bezettingsgraad":50,"latitude":45.689422,"longitude":9.647441,"canPickup":false,"canDropoff":true,"openingstijden":{"ma":"09:00 - 17:30","di":"09:00 - 17:30","wo":"09:00 - 17:30","do":"09:00 - 17:30","vr":"09:00 - 17:30","za":"09:00 - 12:30","zo":"gesloten"}}},{"type":"Feature","geometry":{"type":"Point","coordinates":[9.647994,45.688309]},"properties":{"type":"pakketpunt","locatieNaam":"CENTRO COMMERCIALE BERGAMO","straatNaam":"VIA GIOSUE CARDUCCI 55","straatNr":"","vervoerder":"DHL","puntType":"packStation","bezettingsgraad":50,"latitude":45.688309,"longitude":9.647994,"canPickup":true,"canDropoff":true,"openingstijden":{"ma":"08:30 - 21:00","di":"08:30 - 21:00","wo":"08:30 - 21:00","do":"08:30 - 21:00","vr":"08:30 - 21:00","za":"08:30 - 21:00","zo":"09:00 - 20:00"}}},{"type":"Feature","geometry":{"type":"Point","coordinates":[9.649281,45.679027]},"properties":{"type":"pakketpunt","locatieNaam":"Ufficio Postale BERGAMO 13","straatNaam":"VIA PROMESSI SPOSI 1","straatNr":"","vervoerder":"DHL","puntType":"postOffice","bezettingsgraad":50,"latitude":45.679027,"longitude":9.649281,"canPickup":true,"canDropoff":true,"openingstijden":{"ma":"08:20 - 13:45","di":"08:20 - 13:45","wo":"08:20 - 13:45","do":"08:20 - 13:45","vr":"08:20 - 13:45","za":"08:20 - 12:45","zo":"gesloten"}}},{"type":"Feature","geometry":{"type":"Point","coordinates":[9.653362,45.693773]},"properties":{"type":"pakketpunt","locatieNaam":"Ufficio Postale BERGAMO 5","straatNaam":"VIA BRIGATA BERGAMO 2","straatNr":"","vervoerder":"DHL","puntType":"postOffice","bezettingsgraad":50,"latitude":45.693773,"longitude":9.653362,"canPickup":true,"canDropoff":true,"openingstijden":{"ma":"08:20 - 13:35","di":"08:20 - 13:35","wo":"08:20 - 13:35","do":"08:20 - 13:35","vr":"08:20 - 13:35","za":"08:20 - 12:35","zo":"gesloten"}}},{"type":"Feature","geometry":{"type":"Point","coordinates":[9.656155,45.687416]},"properties":{"type":"pakketpunt","locatieNaam":"TABACCHERIA N. 112","straatNaam":"VIA FLAMINIO CERASOLI 20","straatNr":"","vervoerder":"DHL","puntType":"parcelShop","bezettingsgraad":50,"latitude":45.687416,"longitude":9.656155,"canPickup":true,"canDropoff":true,"openingstijden":{"ma":"08:00 - 12:30, 15:30 - 19:30","di":"08:00 - 12:30, 15:30 - 19:30","wo":"08:00 - 12:30, 15:30 - 19:30","do":"08:00 - 12:30, 15:30 - 19:30","vr":"08:00 - 12:30, 15:30 - 19:30","za":"08:00 - 12:30, 15:30 - 19:30","zo":"gesloten"}}},{"type":"Feature","geometry":{"type":"Point","coordinates":[9.655394,45.698214]},"properties":{"type":"pakketpunt","locatieNaam":"EDICOLA 62","straatNaam":"Via Statuto, snc","straatNr":"","vervoerder":"DHL","puntType":"parcelShop","bezettingsgraad":50,"latitude":45.698214,"longitude":9.655394,"canPickup":false,"canDropoff":true,"openingstijden":{"ma":"07:00 - 19:30","di":"07:00 - 19:30","wo":"07:00 - 19:30","do":"07:00 - 19:30","vr":"07:00 - 19:30","za":"07:00 - 19:30","zo":"gesloten"}}},{"type":"Feature","geometry":{"type":"Point","coordinates":[9.662981,45.688425]},"properties":{"type":"pakketpunt","locatieNaam":"TABACCHERIA N. 39","straatNaam":"VIA ANDREA PREVITALI 2","straatNr":"","vervoerder":"DHL","puntType":"parcelShop","bezettingsgraad":50,"latitude":45.688425,"longitude":9.662981,"canPickup":true,"canDropoff":true,"openingstijden":{"ma":"07:30 - 19:30","di":"07:30 - 19:30","wo":"07:30 - 19:30","do":"07:30 - 19:30","vr":"07:30 - 19:30","za":"07:30 - 12:30, 14:30 - 19:30","zo":"gesloten"}}},{"type":"Feature","geometry":{"type":"Point","coordinates":[9.663,45.6887]},"properties":{"type":"pakketpunt","locatieNaam":"LA CONCORDIA","straatNaam":"San Bernardino 57","straatNr":"","vervoerder":"DHL","puntType":"parcelShop","bezettingsgraad":50,"latitude":45.6887,"longitude":9.663,"canPickup":false,"canDropoff":true,"openingstijden":{"ma":"09:45 - 19:00","di":"09:45 - 19:00","wo":"09:45 - 19:00","do":"09:45 - 19:00","vr":"09:45 - 11:45","za":"gesloten","zo":"gesloten"}}},{"type":"Feature","geometry":{"type":"Point","coordinates":[9.659295,45.687328]},"properties":{"type":"pakketpunt","locatieNaam":"TABACCHERIA N. 81","straatNaam":"VIA GIANBATTISTA MORONI 247","straatNr":"","vervoerder":"DHL","puntType":"parcelShop","bezettingsgraad":50,"latitude":45.687328,"longitude":9.659295,"canPickup":true,"canDropoff":true,"openingstijden":{"ma":"06:30 - 19:00","di":"06:30 - 19:00","wo":"06:30 - 19:00","do":"06:30 - 19:00","vr":"06:30 - 19:00","za":"06:30 - 19:00","zo":"07:30 - 12:00"}}},{"type":"Feature","geometry":{"type":"Point","coordinates":[9.66331,45.690189]},"properties":{"type":"pakketpunt","locatieNaam":"THE LOCKER LUGGAGE STORAGE","straatNaam":"VIA SAN BERNARDINO 29-B","straatNr":"","vervoerder":"DHL","puntType":"packStation","bezettingsgraad":50,"latitude":45.690189,"longitude":9.66331,"canPickup":true,"canDropoff":true,"openingstijden":{"ma":"09:00 - 21:00","di":"09:00 - 21:00","wo":"09:00 - 21:00","do":"09:00 - 21:00","vr":"09:00 - 21:00","za":"09:00 - 21:00","zo":"09:00 - 21:00"}}},{"type":"Feature","geometry":{"type":"Point","coordinates":[9.663519,45.691538]},"properties":{"type":"pakketpunt","locatieNaam":"ELETTRONICA SPOSATO","straatNaam":"VIA SAN BERNARDINO 7-A","straatNr":"","vervoerder":"DHL","puntType":"parcelShop","bezettingsgraad":50,"latitude":45.691538,"longitude":9.663519,"canPickup":true,"canDropoff":true,"openingstijden":{"ma":"09:00 - 12:30, 15:00 - 18:00","di":"09:00 - 12:30, 15:00 - 18:00","wo":"09:00 - 12:30, 15:00 - 18:00","do":"09:00 - 12:30, 15:00 - 18:00","vr":"09:00 - 12:30, 15:00 - 18:00","za":"09:00 - 12:30, 15:00 - 19:00","zo":"12:00 - 15:00"}}},{"type":"Feature","geometry":{"type":"Point","coordinates":[9.668632,45.69332]},"properties":{"type":"pakketpunt","locatieNaam":"TABACCHERIA N. 95","straatNaam":"VIA GEROLAMO TIRABOSCHI 65","straatNr":"","vervoerder":"DHL","puntType":"parcelShop","bezettingsgraad":50,"latitude":45.69332,"longitude":9.668632,"canPickup":true,"canDropoff":true,"openingstijden":{"ma":"08:00 - 19:00","di":"08:00 - 19:00","wo":"08:00 - 19:00","do":"08:00 - 19:00","vr":"08:00 - 19:00","za":"08:00 - 19:00","zo":"gesloten"}}},{"type":"Feature","geometry":{"type":"Point","coordinates":[9.660716,45.692273]},"properties":{"type":"pakketpunt","locatieNaam":"Ufficio Postale BERGAMO 2","straatNaam":"VIA GIACOMO MANZU 11","straatNr":"","vervoerder":"DHL","puntType":"postOffice","bezettingsgraad":50,"latitude":45.692273,"longitude":9.660716,"canPickup":true,"canDropoff":true,"openingstijden":{"ma":"08:20 - 19:05","di":"08:20 - 19:05","wo":"08:20 - 19:05","do":"08:20 - 19:05","vr":"08:20 - 19:05","za":"08:20 - 12:35","zo":"gesloten"}}},{"type":"Feature","geometry":{"type":"Point","coordinates":[9.6715,45.693667]},"properties":{"type":"pakketpunt","locatieNaam":"EDICOLA - BG","straatNaam":"VIALE PAPA GIOVANNI XXIII 5","straatNr":"","vervoerder":"DHL","puntType":"parcelShop","bezettingsgraad":50,"latitude":45.693667,"longitude":9.6715,"canPickup":true,"canDropoff":true,"openingstijden":{"ma":"07:00 - 18:00","di":"07:00 - 18:00","wo":"07:00 - 18:00","do":"07:00 - 18:00","vr":"07:00 - 18:00","za":"07:00 - 18:00","zo":"07:00 - 18:00"}}},{"type":"Feature","geometry":{"type":"Point","coordinates":[9.670645,45.695157]},"properties":{"type":"pakketpunt","locatieNaam":"EDICOLA COLOMBI","straatNaam":"PIAZZA GIACOMO MATTEOTTI 34","straatNr":"","vervoerder":"DHL","puntType":"parcelShop","bezettingsgraad":50,"latitude":45.695157,"longitude":9.670645,"canPickup":true,"canDropoff":true,"openingstijden":{"ma":"06:30 - 18:00","di":"06:30 - 18:00","wo":"06:30 - 18:00","do":"06:30 - 18:00","vr":"06:30 - 18:00","za":"06:30 - 13:00, 15:00 - 18:30","zo":"06:00 - 13:00"}}},{"type":"Feature","geometry":{"type":"Point","coordinates":[9.669189,45.698125]},"properties":{"type":"pakketpunt","locatieNaam":"BERGAMO CENTRO","straatNaam":"VIA ANTONIO LOCATELLI 11","straatNr":"","vervoerder":"DHL","puntType":"packStation","bezettingsgraad":50,"latitude":45.698125,"longitude":9.669189,"canPickup":true,"canDropoff":true,"openingstijden":{"ma":"08:20 - 19:05","di":"08:20 - 19:05","wo":"08:20 - 19:05","do":"08:20 - 19:05","vr":"08:20 - 19:05","za":"08:20 - 12:35","zo":"gesloten"}}},{"type":"Feature","geometry":{"type":"Point","coordinates":[9.669189,45.698125]},"properties":{"type":"pakketpunt","locatieNaam":"Ufficio Postale BERGAMO CENTRO","straatNaam":"VIA ANTONIO LOCATELLI 11","straatNr":"","vervoerder":"DHL","puntType":"postOffice","bezettingsgraad":50,"latitude":45.698125,"longitude":9.669189,"canPickup":true,"canDropoff":true,"openingstijden":{"ma":"08:20 - 19:05","di":"08:20 - 19:05","wo":"08:20 - 19:05","do":"08:20 - 19:05","vr":"08:20 - 19:05","za":"08:20 - 12:35","zo":"gesloten"}}},{"type":"Feature","geometry":{"type":"Point","coordinates":[9.680523,45.697867]},"properties":{"type":"pakketpunt","locatieNaam":"BLOOMEST","straatNaam":"VIA BORGO PALAZZO 28","straatNr":"","vervoerder":"DHL","puntType":"packStation","bezettingsgraad":50,"latitude":45.697867,"longitude":9.680523,"canPickup":true,"canDropoff":true,"openingstijden":{"ma":"07:00 - 22:00","di":"07:00 - 22:00","wo":"07:00 - 22:00","do":"07:00 - 22:00","vr":"07:00 - 22:00","za":"07:00 - 22:00","zo":"07:00 - 22:00"}}},{"type":"Feature","geometry":{"type":"Point","coordinates":[9.679936,45.701063]},"properties":{"type":"pakketpunt","locatieNaam":"ELECTRO BIKE","straatNaam":"VIA GIANFORTE SUARDI 6","straatNr":"","vervoerder":"DHL","puntType":"parcelShop","bezettingsgraad":50,"latitude":45.701063,"longitude":9.679936,"canPickup":true,"canDropoff":true,"openingstijden":{"ma":"14:30 - 18:30","di":"09:00 - 12:30, 14:30 - 18:30","wo":"09:00 - 12:30, 14:30 - 18:30","do":"09:00 - 12:30, 14:30 - 18:30","vr":"09:00 - 12:30, 14:30 - 18:30","za":"09:00 - 12:30, 14:30 - 18:30","zo":"gesloten"}}},{"type":"Feature","geometry":{"type":"Point","coordinates":[9.682497,45.701055]},"properties":{"type":"pakketpunt","locatieNaam":"TABACCHERIA N. 86","straatNaam":"VIA DEL GALGARIO 30-B","straatNr":"","vervoerder":"DHL","puntType":"parcelShop","bezettingsgraad":50,"latitude":45.701055,"longitude":9.682497,"canPickup":true,"canDropoff":true,"openingstijden":{"ma":"08:00 - 20:00","di":"08:00 - 20:00","wo":"08:00 - 20:00","do":"08:00 - 20:00","vr":"08:00 - 20:00","za":"08:00 - 20:00","zo":"gesloten"}}},{"type":"Feature","geometry":{"type":"Point","coordinates":[9.677467,45.703472]},"properties":{"type":"pakketpunt","locatieNaam":"C.D.R. DI TURANI MARCO","straatNaam":"Cesare Battisti, 5","straatNr":"","vervoerder":"DHL","puntType":"parcelShop","bezettingsgraad":50,"latitude":45.703472,"longitude":9.677467,"canPickup":false,"canDropoff":true,"openingstijden":{"ma":"09:00 - 19:00","di":"09:00 - 19:00","wo":"09:00 - 19:00","do":"09:00 - 19:00","vr":"09:00 - 19:00","za":"gesloten","zo":"gesloten"}}},{"type":"Feature","geometry":{"type":"Point","coordinates":[9.678548,45.705126]},"properties":{"type":"pakketpunt","locatieNaam":"Ufficio Postale BERGAMO 3","straatNaam":"VIALE GIULIO CESARE 3","straatNr":"","vervoerder":"DHL","puntType":"postOffice","bezettingsgraad":50,"latitude":45.705126,"longitude":9.678548,"canPickup":true,"canDropoff":true,"openingstijden":{"ma":"08:20 - 13:35","di":"08:20 - 13:35","wo":"08:20 - 13:35","do":"08:20 - 13:35","vr":"08:20 - 13:35","za":"08:20 - 12:35","zo":"gesloten"}}},{"type":"Feature","geometry":{"type":"Point","coordinates":[9.682049,45.7053]},"properties":{"type":"pakketpunt","locatieNaam":"TABACCHERIA 18","straatNaam":"Borgo Santa Caterina, 51","straatNr":"","vervoerder":"DHL","puntType":"parcelShop","bezettingsgraad":50,"latitude":45.7053,"longitude":9.682049,"canPickup":false,"canDropoff":true,"openingstijden":{"ma":"08:00 - 19:00","di":"07:30 - 19:30","wo":"07:30 - 19:30","do":"07:30 - 19:30","vr":"07:30 - 19:30","za":"07:30 - 19:30","zo":"gesloten"}}},{"type":"Feature","geometry":{"type":"Point","coordinates":[9.691507,45.703677]},"properties":{"type":"pakketpunt","locatieNaam":"GALLERIA COMMERCIALE CHORUS","straatNaam":"VIA CARLO SERASSI 26","straatNr":"","vervoerder":"DHL","puntType":"packStation","bezettingsgraad":50,"latitude":45.703677,"longitude":9.691507,"canPickup":true,"canDropoff":true,"openingstijden":{"ma":"09:00 - 20:00","di":"09:00 - 20:00","wo":"09:00 - 20:00","do":"09:00 - 20:00","vr":"09:00 - 20:00","za":"09:00 - 20:00","zo":"09:00 - 20:00"}}},{"type":"Feature","geometry":{"type":"Point","coordinates":[9.67434,45.691851]},"properties":{"type":"pakketpunt","locatieNaam":"Amazon Locker - comasio","straatNaam":"ATB Mobilità -Stazione Autolinee","straatNr":"","vervoerder":"Amazon","puntType":"locker","bezettingsgraad":50,"latitude":45.691851,"longitude":9.67434,"canPickup":true,"canDropoff":false,"openingstijden":null}},{"type":"Feature","geometry":{"type":"Point","coordinates":[9.66802,45.69631]},"properties":{"type":"pakketpunt","locatieNaam":"Amazon Locker - baratro2","straatNaam":"Enel - Viale Vittorio Emanuele II 2, 24121 Bergamo","straatNr":"","vervoerder":"Amazon","puntType":"locker","bezettingsgraad":50,"latitude":45.69631,"longitude":9.66802,"canPickup":true,"canDropoff":false,"openingstijden":null}},{"type":"Feature","geometry":{"type":"Point","coordinates":[9.66802,45.69631]},"properties":{"type":"pakketpunt","locatieNaam":"Amazon Locker - baratro11","straatNaam":"Enel - Viale Vittorio Emanuele II 2, 24121 Bergamo","straatNr":"","vervoerder":"Amazon","puntType":"locker","bezettingsgraad":50,"latitude":45.69631,"longitude":9.66802,"canPickup":true,"canDropoff":false,"openingstijden":null}},{"type":"Feature","geometry":{"type":"Point","coordinates":[9.660512,45.71627]},"properties":{"type":"pakketpunt","locatieNaam":"Amazon Locker - Solari1","straatNaam":"Comune di Bergamo - Parcheggio Via Solari","straatNr":"","vervoerder":"Amazon","puntType":"locker","bezettingsgraad":50,"latitude":45.71627,"longitude":9.660512,"canPickup":true,"canDropoff":false,"openingstijden":null}},{"type":"Feature","geometry":{"type":"Point","coordinates":[9.6519745,45.6605238]},"properties":{"type":"pakketpunt","locatieNaam":"Amazon Locker - brunilde","straatNaam":"Kilometro Rosso","straatNr":"","vervoerder":"Amazon","puntType":"locker","bezettingsgraad":50,"latitude":45.6605238,"longitude":9.6519745,"canPickup":true,"canDropoff":false,"openingstijden":null}},{"type":"Feature","geometry":{"type":"Point","coordinates":[9.6658355,45.671361]},"properties":{"type":"pakketpunt","locatieNaam":"Amazon Locker - Scienza","straatNaam":"Comune di Bergamo - PIAZZALE SCIENZA","straatNr":"","vervoerder":"Amazon","puntType":"locker","bezettingsgraad":50,"latitude":45.671361,"longitude":9.6658355,"canPickup":true,"canDropoff":false,"openingstijden":null}},{"type":"Feature","geometry":{"type":"Point","coordinates":[9.6616695,45.6722169]},"properties":{"type":"pakketpunt","locatieNaam":"Amazon Counter - sapori doriente mini marktet","straatNaam":"via achille muzio , 6a","straatNr":"","vervoerder":"Amazon","puntType":"helix","bezettingsgraad":50,"latitude":45.6722169,"longitude":9.6616695,"canPickup":true,"canDropoff":false,"openingstijden":null}},{"type":"Feature","geometry":{"type":"Point","coordinates":[9.641491,45.67516]},"properties":{"type":"pakketpunt","locatieNaam":"Amazon Locker - Grumello","straatNaam":"Comune di Bergamo -VIA GRUMELLO","straatNr":"","vervoerder":"Amazon","puntType":"locker","bezettingsgraad":50,"latitude":45.67516,"longitude":9.641491,"canPickup":true,"canDropoff":false,"openingstijden":null}},{"type":"Feature","geometry":{"type":"Point","coordinates":[9.664485,45.6875867]},"properties":{"type":"pakketpunt","locatieNaam":"Amazon Locker - mobilita","straatNaam":"ATB Mobilità -Parcheggio San Marco","straatNr":"","vervoerder":"Amazon","puntType":"locker","bezettingsgraad":50,"latitude":45.6875867,"longitude":9.664485,"canPickup":true,"canDropoff":false,"openingstijden":null}},{"type":"Feature","geometry":{"type":"Point","coordinates":[9.656303,45.684248]},"properties":{"type":"pakketpunt","locatieNaam":"Amazon Locker - lamberta","straatNaam":"Stazione Ip - Bergamo - Via Moroni 328","straatNr":"","vervoerder":"Amazon","puntType":"locker","bezettingsgraad":50,"latitude":45.684248,"longitude":9.656303,"canPickup":true,"canDropoff":false,"openingstijden":null}},{"type":"Feature","geometry":{"type":"Point","coordinates":[9.680086,45.677742]},"properties":{"type":"pakketpunt","locatieNaam":"Amazon Locker - Ungaretti","straatNaam":"Comune di Bergamo- VIA UNGARETTI","straatNr":"","vervoerder":"Amazon","puntType":"locker","bezettingsgraad":50,"latitude":45.677742,"longitude":9.680086,"canPickup":true,"canDropoff":false,"openingstijden":null}},{"type":"Feature","geometry":{"type":"Point","coordinates":[9.67171,45.688242]},"properties":{"type":"pakketpunt","locatieNaam":"Amazon Locker - sasso","straatNaam":"ATB Mobilità -Parcheggio Baschenis","straatNr":"","vervoerder":"Amazon","puntType":"locker","bezettingsgraad":50,"latitude":45.688242,"longitude":9.67171,"canPickup":true,"canDropoff":false,"openingstijden":null}},{"type":"Feature","geometry":{"type":"Point","coordinates":[9.6513174,45.6895619]},"properties":{"type":"pakketpunt","locatieNaam":"Amazon Locker - benetto","straatNaam":"Eni Station pv. 1513","straatNr":"","vervoerder":"Amazon","puntType":"locker","bezettingsgraad":50,"latitude":45.6895619,"longitude":9.6513174,"canPickup":true,"canDropoff":false,"openingstijden":null}},{"type":"Feature","geometry":{"type":"Point","coordinates":[9.65571,45.69333]},"properties":{"type":"pakketpunt","locatieNaam":"Amazon Locker - ugolino","straatNaam":"Eni Station pv.1507","straatNr":"","vervoerder":"Amazon","puntType":"locker","bezettingsgraad":50,"latitude":45.69333,"longitude":9.65571,"canPickup":true,"canDropoff":false,"openingstijden":null}},{"type":"Feature","geometry":{"type":"Point","coordinates":[9.7023282,45.6903154]},"properties":{"type":"pakketpunt","locatieNaam":"Amazon Locker - metella","straatNaam":"ENI pv 1576","straatNr":"","vervoerder":"Amazon","puntType":"locker","bezettingsgraad":50,"latitude":45.6903154,"longitude":9.7023282,"canPickup":true,"canDropoff":false,"openingstijden":null}},{"type":"Feature","geometry":{"type":"Point","coordinates":[9.686775,45.71275]},"properties":{"type":"pakketpunt","locatieNaam":"Amazon Locker - Buttaro","straatNaam":"Comune di Bergamo - VIA BUTTARO","straatNr":"","vervoerder":"Amazon","puntType":"locker","bezettingsgraad":50,"latitude":45.71275,"longitude":9.686775,"canPickup":true,"canDropoff":false,"openingstijden":null}},{"type":"Feature","geometry":{"type":"Point","coordinates":[9.692514,45.707812]},"properties":{"type":"pakketpunt","locatieNaam":"Amazon Locker - beppa","straatNaam":"Eni Station pv. 1509","straatNr":"","vervoerder":"Amazon","puntType":"locker","bezettingsgraad":50,"latitude":45.707812,"longitude":9.692514,"canPickup":true,"canDropoff":false,"openingstijden":null}},{"type":"Feature","geometry":{"type":"Point","coordinates":[9.687195,45.70197]},"properties":{"type":"pakketpunt","locatieNaam":"Amazon Locker - mariagiorgia","straatNaam":"PENNY MARKET - Bergamo","straatNr":"","vervoerder":"Amazon","puntType":"locker","bezettingsgraad":50,"latitude":45.70197,"longitude":9.687195,"canPickup":true,"canDropoff":false,"openingstijden":null}},{"type":"Feature","geometry":{"type":"Point","coordinates":[9.65968,45.7202]},"properties":{"type":"pakketpunt","locatieNaam":"PuntoPoste TABACCHERIA N. 70","straatNaam":"VIA PIETRO RUGGERI DA STABELLO 72/C","straatNr":"","vervoerder":"Amazon","puntType":"3p","bezettingsgraad":50,"latitude":45.7202,"longitude":9.65968,"canPickup":true,"canDropoff":false,"openingstijden":null}},{"type":"Feature","geometry":{"type":"Point","coordinates":[9.6789792,45.7081516]},"properties":{"type":"pakketpunt","locatieNaam":"Amazon Locker - cesello","straatNaam":"Fuori Gioco Coffie Drink","straatNr":"","vervoerder":"Amazon","puntType":"locker","bezettingsgraad":50,"latitude":45.7081516,"longitude":9.6789792,"canPickup":true,"canDropoff":false,"openingstijden":null}},{"type":"Feature","geometry":{"type":"Point","coordinates":[9.695944,45.711917]},"properties":{"type":"pakketpunt","locatieNaam":"Amazon Locker - RadiniTedeschi1","straatNaam":"Comune di Bergamo- VIA RADINI TEDESCHI","straatNr":"","vervoerder":"Amazon","puntType":"locker","bezettingsgraad":50,"latitude":45.711917,"longitude":9.695944,"canPickup":true,"canDropoff":false,"openingstijden":null}},{"type":"Feature","geometry":{"type":"Point","coordinates":[9.66191,45.7181]},"properties":{"type":"pakketpunt","locatieNaam":"PuntoPoste TIM ZANETTI","straatNaam":"VIA PIETRO RUGGERI DA STABELLO 50","straatNr":"","vervoerder":"Amazon","puntType":"3p","bezettingsgraad":50,"latitude":45.7181,"longitude":9.66191,"canPickup":true,"canDropoff":false,"openingstijden":null}},{"type":"Feature","geometry":{"type":"Point","coordinates":[9.6787683,45.6860767]},"properties":{"type":"pakketpunt","locatieNaam":"Amazon Locker - Ozanam","straatNaam":"Comune di Bergamo -VIA OZANAM","straatNr":"","vervoerder":"Amazon","puntType":"locker","bezettingsgraad":50,"latitude":45.6860767,"longitude":9.6787683,"canPickup":true,"canDropoff":false,"openingstijden":null}},{"type":"Feature","geometry":{"type":"Point","coordinates":[9.64923,45.68821]},"properties":{"type":"pakketpunt","locatieNaam":"Amazon Locker - gerri","straatNaam":"CC Auchan Bergamo","straatNr":"","vervoerder":"Amazon","puntType":"locker","bezettingsgraad":50,"latitude":45.68821,"longitude":9.64923,"canPickup":true,"canDropoff":false,"openingstijden":null}},{"type":"Feature","geometry":{"type":"Point","coordinates":[9.645314,45.69347]},"properties":{"type":"pakketpunt","locatieNaam":"Amazon Locker - benvenuta","straatNaam":"Eni Station pv. 51639","straatNr":"","vervoerder":"Amazon","puntType":"locker","bezettingsgraad":50,"latitude":45.69347,"longitude":9.645314,"canPickup":true,"canDropoff":false,"openingstijden":null}},{"type":"Feature","geometry":{"type":"Point","coordinates":[9.634583,45.694472]},"properties":{"type":"pakketpunt","locatieNaam":"Amazon Locker - Lochis","straatNaam":"Comune di Bergamo -VIA LOCHIS","straatNr":"","vervoerder":"Amazon","puntType":"locker","bezettingsgraad":50,"latitude":45.694472,"longitude":9.634583,"canPickup":true,"canDropoff":false,"openingstijden":null}},{"type":"Feature","geometry":{"type":"Point","coordinates":[9.6849314,45.6864223]},"properties":{"type":"pakketpunt","locatieNaam":"Amazon Locker - beltrando","straatNaam":"Eni Station pv. 55612","straatNr":"","vervoerder":"Amazon","puntType":"locker","bezettingsgraad":50,"latitude":45.6864223,"longitude":9.6849314,"canPickup":true,"canDropoff":false,"openingstijden":null}},{"type":"Feature","geometry":{"type":"Point","coordinates":[9.697955,45.69165]},"properties":{"type":"pakketpunt","locatieNaam":"Amazon Locker - dilla","straatNaam":"Stazione IP - Bergamo - V.Borgo Palazzo 167","straatNr":"","vervoerder":"Amazon","puntType":"locker","bezettingsgraad":50,"latitude":45.69165,"longitude":9.697955,"canPickup":true,"canDropoff":false,"openingstijden":null}},{"type":"Feature","geometry":{"type":"Point","coordinates":[9.6702041,45.6937172]},"properties":{"type":"pakketpunt","locatieNaam":"Amazon Locker - PortaNuova1","straatNaam":"Comune di Bergamo - LARGO PORTA NUOVA","straatNr":"","vervoerder":"Amazon","puntType":"locker","bezettingsgraad":50,"latitude":45.6937172,"longitude":9.6702041,"canPickup":true,"canDropoff":false,"openingstijden":null}},{"type":"Feature","geometry":{"type":"Point","coordinates":[9.6755652,45.6841978]},"properties":{"type":"pakketpunt","locatieNaam":"Amazon Counter (fermopoint)","straatNaam":"Lavasecco 33/D","straatNr":"","vervoerder":"Amazon","puntType":"helix","bezettingsgraad":50,"latitude":45.6841978,"longitude":9.6755652,"canPickup":true,"canDropoff":false,"openingstijden":null}},{"type":"Feature","geometry":{"type":"Point","coordinates":[9.676758,45.6918319]},"properties":{"type":"pakketpunt","locatieNaam":"Amazon Locker - conino","straatNaam":"Arriva Italia","straatNr":"","vervoerder":"Amazon","puntType":"locker","bezettingsgraad":50,"latitude":45.6918319,"longitude":9.676758,"canPickup":true,"canDropoff":false,"openingstijden":null}},{"type":"Feature","geometry":{"type":"Point","coordinates":[9.6675512,45.6975007]},"properties":{"type":"pakketpunt","locatieNaam":"Amazon Locker - melchiorina","straatNaam":"ATB Mobilità -Parcheggio ex Gasometro","straatNr":"","vervoerder":"Amazon","puntType":"locker","bezettingsgraad":50,"latitude":45.6975007,"longitude":9.6675512,"canPickup":true,"canDropoff":false,"openingstijden":null}},{"type":"Feature","geometry":{"type":"Point","coordinates":[9.683398,45.705412]},"properties":{"type":"pakketpunt","locatieNaam":"Amazon Locker - arcobaleno","straatNaam":"Speed Queen - Via Longo, Bergamo","straatNr":"","vervoerder":"Amazon","puntType":"locker","bezettingsgraad":50,"latitude":45.705412,"longitude":9.683398,"canPickup":true,"canDropoff":false,"openingstijden":null}},{"type":"Feature","geometry":{"type":"Point","coordinates":[9.696392,45.71005]},"properties":{"type":"pakketpunt","locatieNaam":"Amazon Counter - PRIMAEDICOLA","straatNaam":"BOVIO BIANCHINI MARIA","straatNr":"","vervoerder":"Amazon","puntType":"helix","bezettingsgraad":50,"latitude":45.71005,"longitude":9.696392,"canPickup":true,"canDropoff":false,"openingstijden":null}},{"type":"Feature","geometry":{"type":"Point","coordinates":[9.690003,45.702409]},"properties":{"type":"pakketpunt","locatieNaam":"Amazon Counter","straatNaam":"Infopoint - ChorusLife (fermopoint)","straatNr":"","vervoerder":"Amazon","puntType":"helix","bezettingsgraad":50,"latitude":45.702409,"longitude":9.690003,"canPickup":true,"canDropoff":false,"openingstijden":null}},{"type":"Feature","geometry":{"type":"Point","coordinates":[9.6766933,45.7094949]},"properties":{"type":"pakketpunt","locatieNaam":"Amazon Counter - Tab110 Baggi Antonella","straatNaam":"Via Giulio Crescenzi 35a","straatNr":"","vervoerder":"Amazon","puntType":"helix","bezettingsgraad":50,"latitude":45.7094949,"longitude":9.6766933,"canPickup":true,"canDropoff":false,"openingstijden":null}},{"type":"Feature","geometry":{"type":"Point","coordinates":[9.683421,45.717358]},"properties":{"type":"pakketpunt","locatieNaam":"Amazon Counter","straatNaam":"Tabaccheria Pescali Massimo (fermopoint)","straatNr":"","vervoerder":"Amazon","puntType":"helix","bezettingsgraad":50,"latitude":45.717358,"longitude":9.683421,"canPickup":true,"canDropoff":false,"openingstijden":null}},{"type":"Feature","geometry":{"type":"Point","coordinates":[9.68332,45.7173]},"properties":{"type":"pakketpunt","locatieNaam":"PuntoPoste TABACCHERIA N. 109","straatNaam":"VIALE GIULIO CESARE 55/A","straatNr":"","vervoerder":"Amazon","puntType":"3p","bezettingsgraad":50,"latitude":45.7173,"longitude":9.68332,"canPickup":true,"canDropoff":false,"openingstijden":null}},{"type":"Feature","geometry":{"type":"Point","coordinates":[9.70065,45.69863]},"properties":{"type":"pakketpunt","locatieNaam":"Amazon Locker - Gleno1","straatNaam":"Comune di Bergamo -VIA GLENO - Pizzo PRESOLANA","straatNr":"","vervoerder":"Amazon","puntType":"locker","bezettingsgraad":50,"latitude":45.69863,"longitude":9.70065,"canPickup":true,"canDropoff":false,"openingstijden":null}},{"type":"Feature","geometry":{"type":"Point","coordinates":[9.672667,45.682239]},"properties":{"type":"pakketpunt","locatieNaam":"Amazon Counter - Tabaccheria","straatNaam":"Via Zanica 20","straatNr":"","vervoerder":"Amazon","puntType":"helix","bezettingsgraad":50,"latitude":45.682239,"longitude":9.672667,"canPickup":true,"canDropoff":false,"openingstijden":null}},{"type":"Feature","geometry":{"type":"Point","coordinates":[9.706533,45.69255]},"properties":{"type":"pakketpunt","locatieNaam":"Amazon Locker - Caboto1","straatNaam":"Comune di Bergamo -VIA CABOTO","straatNr":"","vervoerder":"Amazon","puntType":"locker","bezettingsgraad":50,"latitude":45.69255,"longitude":9.706533,"canPickup":true,"canDropoff":false,"openingstijden":null}},{"type":"Feature","geometry":{"type":"Point","coordinates":[9.69126,45.689191]},"properties":{"type":"pakketpunt","locatieNaam":"Amazon Counter","straatNaam":"Edicola - Bergamo (fermopoint)","straatNr":"","vervoerder":"Amazon","puntType":"helix","bezettingsgraad":50,"latitude":45.689191,"longitude":9.69126,"canPickup":true,"canDropoff":false,"openingstijden":null}},{"type":"Feature","geometry":{"type":"Point","coordinates":[9.6889382,45.6943941]},"properties":{"type":"pakketpunt","locatieNaam":"Amazon Counter (fermopoint)","straatNaam":"Bangladesh Minimarket","straatNr":"","vervoerder":"Amazon","puntType":"helix","bezettingsgraad":50,"latitude":45.6943941,"longitude":9.6889382,"canPickup":true,"canDropoff":false,"openingstijden":null}},{"type":"Feature","geometry":{"type":"Point","coordinates":[9.67337610178258,45.6904433144785]},"properties":{"type":"pakketpunt","locatieNaam":"Amazon Counter (fermopoint)","straatNaam":"MM Bit","straatNr":"","vervoerder":"Amazon","puntType":"helix","bezettingsgraad":50,"latitude":45.6904433144785,"longitude":9.67337610178258,"canPickup":true,"canDropoff":false,"openingstijden":null}},{"type":"Feature","geometry":{"type":"Point","coordinates":[9.672288,45.690353]},"properties":{"type":"pakketpunt","locatieNaam":"Amazon Counter - CAF e Patronato FENAPI","straatNaam":"Via Giorgio e Guido Paglia, 34","straatNr":"","vervoerder":"Amazon","puntType":"helix","bezettingsgraad":50,"latitude":45.690353,"longitude":9.672288,"canPickup":true,"canDropoff":false,"openingstijden":null}},{"type":"Feature","geometry":{"type":"Point","coordinates":[9.67151,45.6912]},"properties":{"type":"pakketpunt","locatieNaam":"PuntoPoste TABACCHERIA N. 53","straatNaam":"VIA PIETRO PALEOCAPA 8/C","straatNr":"","vervoerder":"Amazon","puntType":"3p","bezettingsgraad":50,"latitude":45.6912,"longitude":9.67151,"canPickup":true,"canDropoff":false,"openingstijden":null}},{"type":"Feature","geometry":{"type":"Point","coordinates":[9.67291,45.6841]},"properties":{"type":"pakketpunt","locatieNaam":"Ufficio Postale BERGAMO 9","straatNaam":"VIA ZANICA 10-D","straatNr":"","vervoerder":"Amazon","puntType":"3p","bezettingsgraad":50,"latitude":45.6841,"longitude":9.67291,"canPickup":true,"canDropoff":false,"openingstijden":null}},{"type":"Feature","geometry":{"type":"Point","coordinates":[9.69311,45.6876]},"properties":{"type":"pakketpunt","locatieNaam":"PuntoPoste TABACCHERIA BARONE","straatNaam":"VIA GABRIELE ROSA 47/A","straatNr":"","vervoerder":"Amazon","puntType":"3p","bezettingsgraad":50,"latitude":45.6876,"longitude":9.69311,"canPickup":true,"canDropoff":false,"openingstijden":null}},{"type":"Feature","geometry":{"type":"Point","coordinates":[9.69196,45.688802]},"properties":{"type":"pakketpunt","locatieNaam":"Amazon Counter - PRIMAEDICOLA","straatNaam":"SANA MARCO","straatNr":"","vervoerder":"Amazon","puntType":"helix","bezettingsgraad":50,"latitude":45.688802,"longitude":9.69196,"canPickup":true,"canDropoff":false,"openingstijden":null}},{"type":"Feature","geometry":{"type":"Point","coordinates":[9.69126,45.6891]},"properties":{"type":"pakketpunt","locatieNaam":"PuntoPoste EDICOLA","straatNaam":"VIA GABRIELE ROSA 18","straatNr":"","vervoerder":"Amazon","puntType":"3p","bezettingsgraad":50,"latitude":45.6891,"longitude":9.69126,"canPickup":true,"canDropoff":false,"openingstijden":null}},{"type":"Feature","geometry":{"type":"Point","coordinates":[9.690668,45.688737]},"properties":{"type":"pakketpunt","locatieNaam":"Amazon Locker - germana","straatNaam":"Carrefour Via Bartolomea Bergamo - Location EU 854","straatNr":"","vervoerder":"Amazon","puntType":"locker","bezettingsgraad":50,"latitude":45.688737,"longitude":9.690668,"canPickup":true,"canDropoff":false,"openingstijden":null}},{"type":"Feature","geometry":{"type":"Point","coordinates":[9.6932496,45.6953756]},"properties":{"type":"pakketpunt","locatieNaam":"Amazon Locker - erica","straatNaam":"Rivendita 96 Bergamo","straatNr":"","vervoerder":"Amazon","puntType":"locker","bezettingsgraad":50,"latitude":45.6953756,"longitude":9.6932496,"canPickup":true,"canDropoff":false,"openingstijden":null}},{"type":"Feature","geometry":{"type":"Polygon","coordinates":[[[9.6229583,45.7192136],[9.620245,45.7225572],[9.6215462,45.7228599],[9.6229165,45.7235034],[9.6238492,45.7236776],[9.623923,45.7238923],[9.6244324,45.7243888],[9.6245,45.724637],[9.6249654,45.7252998],[9.6247231,45.7258098],[9.625335,45.7265718],[9.6251891,45.7266843],[9.6256238,45.7269509],[9.6258,45.7271478],[9.6256729,45.7274927],[9.625848,45.7274423],[9.6268573,45.7288088],[9.6273381,45.7282346],[9.6279274,45.7283068],[9.6279831,45.7282537],[9.627897,45.7281822],[9.6285792,45.7275704],[9.6291708,45.7273941],[9.6297295,45.7268107],[9.6299267,45.7268893],[9.6304058,45.7268191],[9.6305731,45.726669],[9.6308213,45.7266625],[9.6311093,45.7265069],[9.6317658,45.7264925],[9.632145,45.7263247],[9.6323486,45.7263849],[9.6327732,45.7261917],[9.6330686,45.7264685],[9.6333033,45.7264392],[9.6335226,45.7268516],[9.6337807,45.7270487],[9.6341323,45.7271763],[9.6342905,45.7270561],[9.6346013,45.7270903],[9.6353561,45.726908],[9.6364334,45.726872],[9.6366893,45.7269364],[9.636776,45.726851],[9.6372974,45.7267691],[9.6374362,45.7268641],[9.6376824,45.7267477],[9.6375018,45.7266896],[9.638055,45.7261772],[9.6381856,45.7261693],[9.6387902,45.7258075],[9.6390841,45.7259928],[9.6391715,45.7257494],[9.639299,45.7257667],[9.6394853,45.7259598],[9.6396773,45.7259194],[9.6397771,45.7260238],[9.6397378,45.7262072],[9.6402378,45.7266106],[9.6411983,45.7271934],[9.6427251,45.7284284],[9.6447525,45.7297051],[9.6450808,45.7299908],[9.6461999,45.7295265],[9.6468659,45.7298872],[9.6469572,45.7298797],[9.6473197,45.7294809],[9.6483205,45.7291753],[9.6499809,45.7282717],[9.6503388,45.7279964],[9.65073,45.7275631],[9.6521517,45.7247528],[9.6523427,45.724456],[9.6528889,45.7239298],[9.6528154,45.7232599],[9.6530632,45.7232419],[9.6530961,45.7230438],[9.653281,45.7229861],[9.6534843,45.7230302],[9.6538259,45.7225743],[9.6542245,45.7223834],[9.6547091,45.7222628],[9.6551614,45.7223598],[9.6553357,45.7220426],[9.6553789,45.7217104],[9.6557007,45.7214286],[9.6554886,45.7208673],[9.6554977,45.7206339],[9.655889,45.7200288],[9.6566367,45.7198237],[9.6569833,45.7198529],[9.6575601,45.7203402],[9.6578602,45.7207016],[9.6584592,45.7211522],[9.6596026,45.7204059],[9.660226,45.7209433],[9.6607896,45.721243],[9.6613662,45.7219088],[9.6610661,45.7221218],[9.6607595,45.7225202],[9.6605112,45.723083],[9.6603249,45.7230821],[9.6604056,45.7239333],[9.6608531,45.7239838],[9.6608247,45.7244038],[9.6610048,45.7252217],[9.6622428,45.7250049],[9.6643749,45.7253306],[9.6644815,45.7254442],[9.6650693,45.7269453],[9.6663492,45.7269027],[9.6664196,45.7260669],[9.6672203,45.7259047],[9.6676584,45.7266837],[9.6685491,45.7268137],[9.669146,45.726573],[9.6695801,45.7265443],[9.6697075,45.7267355],[9.6700087,45.7267742],[9.6700875,45.7271741],[9.6701959,45.727212],[9.6719163,45.7271498],[9.6741887,45.7265223],[9.6755387,45.7271335],[9.6762556,45.7277799],[9.6771122,45.7280016],[9.6769858,45.7289936],[9.6779077,45.7307023],[9.6784171,45.7303158],[9.6787678,45.7294547],[9.6796997,45.728765],[9.680161,45.7280632],[9.6805789,45.7278675],[9.680822,45.728314],[9.6811683,45.728501],[9.6812985,45.7286624],[9.6815019,45.7292603],[9.6820616,45.7296928],[9.6820667,45.7298003],[9.6832992,45.7312962],[9.6845757,45.730729],[9.6869724,45.7314001],[9.6872568,45.7306722],[9.687652,45.7301151],[9.6879508,45.7298356],[9.6890176,45.728108],[9.6892353,45.7278545],[9.6900056,45.7272759],[9.6905789,45.726628],[9.6908953,45.7264148],[9.6911757,45.7256641],[9.6920749,45.7242445],[9.6922726,45.7236067],[9.6923095,45.7229358],[9.6924599,45.7225684],[9.6928343,45.7221373],[9.6937915,45.7214175],[9.6941948,45.7209518],[9.6944889,45.7202376],[9.6961752,45.7196487],[9.6976836,45.7193102],[9.6978344,45.7190895],[9.6982115,45.7190488],[9.6983422,45.7185232],[9.6989715,45.7179755],[9.6995127,45.7172894],[9.7004473,45.7169196],[9.7002305,45.7168502],[9.7005901,45.7159234],[9.7010693,45.7159412],[9.7015743,45.7152379],[9.7017918,45.7152918],[9.701805,45.7150964],[9.7021907,45.7145046],[9.7019439,45.7143387],[9.70199,45.7141664],[9.7029469,45.7127026],[9.7024977,45.7126],[9.7018634,45.7120418],[9.7011262,45.711606],[9.702181,45.7108832],[9.7022923,45.7106042],[9.704129,45.7094555],[9.7043817,45.7094539],[9.7045958,45.7092273],[9.7054804,45.7089422],[9.7062012,45.7084198],[9.7072285,45.7080262],[9.7077803,45.7079266],[9.7083632,45.7076574],[9.708128,45.7070519],[9.70798,45.7062682],[9.7070038,45.7048348],[9.7066429,45.7043802],[9.7061458,45.7039771],[9.7060627,45.7037123],[9.7049614,45.7036577],[9.7046712,45.7029622],[9.7031797,45.7011853],[9.7022008,45.699594],[9.7040136,45.6990842],[9.7063715,45.6989405],[9.7071866,45.6986955],[9.7075561,45.6985459],[9.7076146,45.6981794],[9.7086605,45.6975656],[9.7091586,45.6981376],[9.7102277,45.6977469],[9.7096657,45.6968171],[9.71037,45.6961851],[9.7132393,45.6956204],[9.713275,45.6954278],[9.7126321,45.694155],[9.7104653,45.6902004],[9.7109502,45.6894916],[9.7109234,45.6893529],[9.7119978,45.6889911],[9.7137063,45.6886148],[9.7134093,45.6879334],[9.7109217,45.6872571],[9.7091249,45.6869128],[9.7088105,45.6862235],[9.7066682,45.6849868],[9.7052796,45.6839861],[9.7038939,45.6831836],[9.7003955,45.6808731],[9.7021614,45.6795732],[9.7017679,45.6792926],[9.6988034,45.6792481],[9.6978807,45.6791122],[9.6973523,45.6792097],[9.6973497,45.6790429],[9.6972048,45.6789511],[9.6962419,45.678788],[9.6959066,45.6786718],[9.6952978,45.6782895],[9.6938629,45.6779241],[9.692456,45.6773439],[9.6920175,45.6778104],[9.6904555,45.6771494],[9.6909459,45.67674],[9.6879385,45.6756457],[9.6877175,45.6758592],[9.6868553,45.6757457],[9.686127,45.67633],[9.6860176,45.6765773],[9.686076,45.6768276],[9.6853196,45.6763565],[9.6851916,45.6760596],[9.6854702,45.6732651],[9.6856418,45.6723692],[9.6860962,45.6711007],[9.6859638,45.670902],[9.6858155,45.6708717],[9.6861347,45.6701777],[9.6865289,45.6695728],[9.6889199,45.6665471],[9.6837632,45.6649289],[9.6785519,45.6634067],[9.6776119,45.6649669],[9.6752215,45.6704277],[9.6738132,45.6690602],[9.6736634,45.6691035],[9.6717108,45.6674776],[9.672038,45.6673102],[9.6709567,45.6665527],[9.6708515,45.6666203],[9.6697146,45.6658429],[9.6702125,45.6654671],[9.6691553,45.6647916],[9.6693184,45.6646452],[9.6683553,45.664013],[9.6684583,45.663923],[9.6673246,45.6633503],[9.6679216,45.6622643],[9.6650107,45.6602197],[9.6636538,45.6590515],[9.6605447,45.6566044],[9.6588265,45.6554235],[9.6576568,45.6555699],[9.6572101,45.6558228],[9.6579582,45.6566143],[9.6560507,45.6569619],[9.6563378,45.6576774],[9.6547843,45.6584932],[9.654398,45.6581364],[9.650994,45.6600304],[9.6479744,45.6619261],[9.6472682,45.66125],[9.6463969,45.6617337],[9.6455753,45.6618895],[9.6436327,45.6628511],[9.643499,45.6627607],[9.6425662,45.663214],[9.6426402,45.6640706],[9.6416694,45.6644434],[9.6421874,45.665134],[9.641723,45.6653581],[9.6403654,45.6634289],[9.6400339,45.6634798],[9.6397407,45.6629144],[9.6391983,45.6625171],[9.6390042,45.6616274],[9.6384947,45.6609464],[9.6378833,45.6593929],[9.6373933,45.6585089],[9.6367956,45.6586533],[9.6362742,45.6580416],[9.6359131,45.6581481],[9.6357316,45.6579789],[9.6346672,45.6579993],[9.6350011,45.6589343],[9.6343527,45.6593383],[9.6336477,45.6593597],[9.6327775,45.6591753],[9.6322061,45.6596274],[9.632022,45.6600084],[9.6329881,45.6617502],[9.6334718,45.663033],[9.6342678,45.6642428],[9.6348966,45.6646689],[9.6354091,45.665185],[9.6350839,45.6654983],[9.6350163,45.6658122],[9.6347926,45.6659142],[9.6345749,45.6662221],[9.634699,45.6667201],[9.6345136,45.6667671],[9.63409,45.6665639],[9.6338292,45.6670146],[9.6341517,45.6672705],[9.63422,45.6675034],[9.6343856,45.6674451],[9.6346211,45.6679699],[9.6348073,45.6679893],[9.6345994,45.6687913],[9.6346154,45.6690225],[9.6348501,45.6694785],[9.6351586,45.6698494],[9.635319,45.6729482],[9.6361981,45.6729063],[9.6365568,45.67435],[9.6379628,45.6786812],[9.6373563,45.6791953],[9.6376593,45.679413],[9.6366963,45.6805906],[9.6355719,45.6814306],[9.634771,45.6818155],[9.6317139,45.6825992],[9.630493,45.6833071],[9.6302366,45.6836541],[9.6300758,45.6843067],[9.630071,45.6849342],[9.6303775,45.6871195],[9.6284024,45.6873265],[9.6283915,45.6874843],[9.6285153,45.6877147],[9.6286894,45.6878352],[9.6291128,45.6880559],[9.629572,45.6881322],[9.6298491,45.6882989],[9.628265,45.6892515],[9.6285322,45.689474],[9.628038,45.6898638],[9.628315,45.690084],[9.6275849,45.6903929],[9.6270434,45.6904237],[9.6264938,45.6908162],[9.6266846,45.6916508],[9.6264278,45.6921753],[9.6251826,45.6921428],[9.6251466,45.6929071],[9.6237762,45.6931115],[9.6235619,45.6941681],[9.6236574,45.6942155],[9.6235334,45.6946101],[9.6234864,45.6964984],[9.6232379,45.6965118],[9.6220256,45.6978129],[9.6221071,45.6979405],[9.6225735,45.6980769],[9.6221685,45.6995602],[9.621242,45.6998089],[9.6210093,45.6999685],[9.6215747,45.7008363],[9.621624,45.7013659],[9.6218816,45.7018821],[9.6218583,45.7021259],[9.6215732,45.7024063],[9.6215564,45.702578],[9.622067,45.7029317],[9.6222429,45.7031378],[9.6224037,45.7035389],[9.6223208,45.7038925],[9.6214963,45.7047254],[9.621971,45.7052344],[9.6223561,45.7055124],[9.6231085,45.7057748],[9.6242866,45.7058201],[9.6251284,45.7064473],[9.6256203,45.706944],[9.6258322,45.7072474],[9.6258715,45.7076613],[9.6257633,45.7083441],[9.6255046,45.7088862],[9.6249884,45.7096615],[9.625014,45.7098238],[9.6256219,45.7101569],[9.6265804,45.710299],[9.6193564,45.7190554],[9.6208834,45.7193922],[9.6212812,45.7194024],[9.6225283,45.7191732],[9.6229583,45.7192136]]]},"properties":{"type":"boundary","gemeente":"Bergamo"}}]}