{"type":"FeatureCollection","metadata":{"gemeente":"Bologna","slug":"bologna","generated_at":"2026-09-26T13:09:37.323616Z","total_points":712,"providers":["PosteItaliane","DPD","InPost","GLS","DHL","Amazon"],"bounds":[11.24173,44.456081,11.4228652,44.54946]},"features":[{"type":"Feature","geometry":{"type":"Point","coordinates":[11.30140421,44.50794103]},"properties":{"type":"pakketpunt","locatieNaam":"Tabaccheria N. 228","straatNaam":"Via Emilia Ponente","straatNr":"199/2","vervoerder":"PosteItaliane","puntType":"servicepunt","bezettingsgraad":50,"latitude":44.50794103,"longitude":11.30140421,"canPickup":true,"canDropoff":true,"openingstijden":{"za":"07:30 - 12:00, 15:00 - 19:30","zo":"08:30 - 12:30","ma":"07:30 - 12:00, 15:00 - 19:30","di":"07:30 - 12:00, 15:00 - 19:30","wo":"07:30 - 12:00, 15:00 - 19:30","do":"07:30 - 12:00, 15:00 - 19:30","vr":"07:30 - 12:00, 15:00 - 19:30"}}},{"type":"Feature","geometry":{"type":"Point","coordinates":[11.29936925,44.48958617]},"properties":{"type":"pakketpunt","locatieNaam":"Tabaccheria N. 246","straatNaam":"Via Don Luigi Sturzo","straatNr":"23/a","vervoerder":"PosteItaliane","puntType":"servicepunt","bezettingsgraad":50,"latitude":44.48958617,"longitude":11.29936925,"canPickup":true,"canDropoff":true,"openingstijden":{"za":"07:30 - 13:00, 15:00 - 19:00","zo":"07:00 - 12:00","ma":"07:30 - 13:00, 15:00 - 19:00","di":"07:30 - 13:00, 15:00 - 19:00","wo":"07:30 - 13:00, 15:00 - 19:00","do":"07:30 - 13:00, 15:00 - 19:00","vr":"07:30 - 13:00, 15:00 - 19:00"}}},{"type":"Feature","geometry":{"type":"Point","coordinates":[11.37055402,44.46063559]},"properties":{"type":"pakketpunt","locatieNaam":"Tabaccheria N. 177","straatNaam":"Via Toscana","straatNr":"92","vervoerder":"PosteItaliane","puntType":"servicepunt","bezettingsgraad":50,"latitude":44.46063559,"longitude":11.37055402,"canPickup":true,"canDropoff":true,"openingstijden":{"za":"05:00 - 22:00","zo":"05:00 - 22:00","ma":"05:00 - 22:00","di":"05:00 - 22:00","wo":"05:00 - 22:00","do":"05:00 - 22:00","vr":"05:00 - 22:00"}}},{"type":"Feature","geometry":{"type":"Point","coordinates":[11.39637536,44.47552699]},"properties":{"type":"pakketpunt","locatieNaam":"Tabaccheria N. 284","straatNaam":"Via Gaetano Tacconi","straatNr":"2/a","vervoerder":"PosteItaliane","puntType":"servicepunt","bezettingsgraad":50,"latitude":44.47552699,"longitude":11.39637536,"canPickup":true,"canDropoff":true,"openingstijden":{"za":"07:00 - 12:30, 15:30 - 19:30","zo":"gesloten","ma":"07:00 - 12:30, 15:30 - 19:30","di":"07:00 - 12:30, 15:30 - 19:30","wo":"07:00 - 12:30, 15:30 - 19:30","do":"07:00 - 12:30, 15:30 - 19:30","vr":"07:00 - 12:30, 15:30 - 19:30"}}},{"type":"Feature","geometry":{"type":"Point","coordinates":[11.34215043,44.51793992]},"properties":{"type":"pakketpunt","locatieNaam":"Tabaccheria N. 5","straatNaam":"Via Dell' Arcoveggio","straatNr":"5","vervoerder":"PosteItaliane","puntType":"servicepunt","bezettingsgraad":50,"latitude":44.51793992,"longitude":11.34215043,"canPickup":true,"canDropoff":true,"openingstijden":{"za":"07:30 - 19:30","zo":"08:30 - 12:30","ma":"07:30 - 19:30","di":"07:30 - 19:30","wo":"07:30 - 19:30","do":"07:30 - 19:30","vr":"07:30 - 19:30"}}},{"type":"Feature","geometry":{"type":"Point","coordinates":[11.36692515,44.49002406]},"properties":{"type":"pakketpunt","locatieNaam":"Bologna 13","straatNaam":"Via Carlo Alberto Pizzardi","straatNr":"17","vervoerder":"PosteItaliane","puntType":"postkantoor","bezettingsgraad":50,"latitude":44.49002406,"longitude":11.36692515,"canPickup":true,"canDropoff":true,"openingstijden":{"za":"08:20 - 12:35","zo":"gesloten","ma":"08:20 - 13:35","di":"08:20 - 13:35","wo":"08:20 - 13:35","do":"08:20 - 13:35","vr":"08:20 - 13:35"}}},{"type":"Feature","geometry":{"type":"Point","coordinates":[11.37500203,44.46474456]},"properties":{"type":"pakketpunt","locatieNaam":"Bologna 36","straatNaam":"Via Amilcare Ponchielli","straatNr":"23","vervoerder":"PosteItaliane","puntType":"postkantoor","bezettingsgraad":50,"latitude":44.46474456,"longitude":11.37500203,"canPickup":true,"canDropoff":true,"openingstijden":{"za":"08:20 - 12:35","zo":"gesloten","ma":"08:20 - 13:35","di":"08:20 - 13:35","wo":"08:20 - 13:35","do":"08:20 - 13:35","vr":"08:20 - 13:35"}}},{"type":"Feature","geometry":{"type":"Point","coordinates":[11.34347706,44.49022862]},"properties":{"type":"pakketpunt","locatieNaam":"Bologna 6","straatNaam":"Via Giuseppe Garibaldi","straatNr":"3","vervoerder":"PosteItaliane","puntType":"postkantoor","bezettingsgraad":50,"latitude":44.49022862,"longitude":11.34347706,"canPickup":true,"canDropoff":true,"openingstijden":{"za":"08:20 - 12:35","zo":"gesloten","ma":"08:20 - 13:35","di":"08:20 - 13:35","wo":"08:20 - 13:35","do":"08:20 - 13:35","vr":"08:20 - 13:35"}}},{"type":"Feature","geometry":{"type":"Point","coordinates":[11.3459488,44.50018138]},"properties":{"type":"pakketpunt","locatieNaam":"Bologna 14","straatNaam":"Piazza Dell' Otto Agosto","straatNr":"24","vervoerder":"PosteItaliane","puntType":"postkantoor","bezettingsgraad":50,"latitude":44.50018138,"longitude":11.3459488,"canPickup":true,"canDropoff":true,"openingstijden":{"ma":"gesloten","di":"gesloten","wo":"gesloten","do":"gesloten","vr":"gesloten","za":"gesloten","zo":"gesloten"}}},{"type":"Feature","geometry":{"type":"Point","coordinates":[11.32066865,44.49050837]},"properties":{"type":"pakketpunt","locatieNaam":"Bologna 8","straatNaam":"Via Filippo Turati","straatNr":"123","vervoerder":"PosteItaliane","puntType":"postkantoor","bezettingsgraad":50,"latitude":44.49050837,"longitude":11.32066865,"canPickup":true,"canDropoff":true,"openingstijden":{"za":"08:20 - 12:35","zo":"gesloten","ma":"08:20 - 13:35","di":"08:20 - 13:35","wo":"08:20 - 13:35","do":"08:20 - 13:35","vr":"08:20 - 13:35"}}},{"type":"Feature","geometry":{"type":"Point","coordinates":[11.37004184,44.47252425]},"properties":{"type":"pakketpunt","locatieNaam":"Bologna 20","straatNaam":"Via Delle Armi","straatNr":"1","vervoerder":"PosteItaliane","puntType":"postkantoor","bezettingsgraad":50,"latitude":44.47252425,"longitude":11.37004184,"canPickup":true,"canDropoff":true,"openingstijden":{"za":"08:20 - 12:35","zo":"gesloten","ma":"08:20 - 13:35","di":"08:20 - 13:35","wo":"08:20 - 13:35","do":"08:20 - 13:35","vr":"08:20 - 13:35"}}},{"type":"Feature","geometry":{"type":"Point","coordinates":[11.34011822,44.50991423]},"properties":{"type":"pakketpunt","locatieNaam":"Bologna 15","straatNaam":"Piazza Liber Paradisus","straatNr":"19/b","vervoerder":"PosteItaliane","puntType":"postkantoor","bezettingsgraad":50,"latitude":44.50991423,"longitude":11.34011822,"canPickup":true,"canDropoff":true,"openingstijden":{"za":"08:20 - 12:35","zo":"gesloten","ma":"08:20 - 19:05","di":"08:20 - 19:05","wo":"08:20 - 19:05","do":"08:20 - 19:05","vr":"08:20 - 19:05"}}},{"type":"Feature","geometry":{"type":"Point","coordinates":[11.35199445,44.51778188]},"properties":{"type":"pakketpunt","locatieNaam":"Bologna 33","straatNaam":"Via Giorgio Vasari","straatNr":"30","vervoerder":"PosteItaliane","puntType":"postkantoor","bezettingsgraad":50,"latitude":44.51778188,"longitude":11.35199445,"canPickup":true,"canDropoff":true,"openingstijden":{"za":"08:20 - 12:35","zo":"gesloten","ma":"08:20 - 13:35","di":"08:20 - 13:35","wo":"08:20 - 13:35","do":"08:20 - 13:35","vr":"08:20 - 13:35"}}},{"type":"Feature","geometry":{"type":"Point","coordinates":[11.36650338,44.50276615]},"properties":{"type":"pakketpunt","locatieNaam":"Bologna 23","straatNaam":"Via Dell' Artigiano","straatNr":"32/a","vervoerder":"PosteItaliane","puntType":"postkantoor","bezettingsgraad":50,"latitude":44.50276615,"longitude":11.36650338,"canPickup":true,"canDropoff":true,"openingstijden":{"za":"08:20 - 12:35","zo":"gesloten","ma":"08:20 - 19:05","di":"08:20 - 19:05","wo":"08:20 - 19:05","do":"08:20 - 19:05","vr":"08:20 - 19:05"}}},{"type":"Feature","geometry":{"type":"Point","coordinates":[11.33890882,44.49806091]},"properties":{"type":"pakketpunt","locatieNaam":"Bologna 17","straatNaam":"Via Giovanni Battista Morgagni","straatNr":"6","vervoerder":"PosteItaliane","puntType":"postkantoor","bezettingsgraad":50,"latitude":44.49806091,"longitude":11.33890882,"canPickup":true,"canDropoff":true,"openingstijden":{"za":"08:20 - 12:35","zo":"gesloten","ma":"08:20 - 13:35","di":"08:20 - 13:35","wo":"08:20 - 13:35","do":"08:20 - 13:35","vr":"08:20 - 13:35"}}},{"type":"Feature","geometry":{"type":"Point","coordinates":[11.38705103,44.47164589]},"properties":{"type":"pakketpunt","locatieNaam":"Bologna 31","straatNaam":"Via Firenze","straatNr":"2/c","vervoerder":"PosteItaliane","puntType":"postkantoor","bezettingsgraad":50,"latitude":44.47164589,"longitude":11.38705103,"canPickup":true,"canDropoff":true,"openingstijden":{"za":"08:20 - 12:35","zo":"gesloten","ma":"08:20 - 13:35","di":"08:20 - 13:35","wo":"08:20 - 13:35","do":"08:20 - 13:35","vr":"08:20 - 13:35"}}},{"type":"Feature","geometry":{"type":"Point","coordinates":[11.32122926,44.50129631]},"properties":{"type":"pakketpunt","locatieNaam":"Bologna Ponente","straatNaam":"Via Aurelio Saffi","straatNr":"30","vervoerder":"PosteItaliane","puntType":"postkantoor","bezettingsgraad":50,"latitude":44.50129631,"longitude":11.32122926,"canPickup":true,"canDropoff":true,"openingstijden":{"za":"08:20 - 12:35","zo":"gesloten","ma":"08:20 - 19:05","di":"08:20 - 19:05","wo":"08:20 - 19:05","do":"08:20 - 19:05","vr":"08:20 - 19:05"}}},{"type":"Feature","geometry":{"type":"Point","coordinates":[11.35847165,44.48329783]},"properties":{"type":"pakketpunt","locatieNaam":"Bologna 7","straatNaam":"Via Augusto Murri","straatNr":"14","vervoerder":"PosteItaliane","puntType":"postkantoor","bezettingsgraad":50,"latitude":44.48329783,"longitude":11.35847165,"canPickup":true,"canDropoff":true,"openingstijden":{"za":"08:20 - 12:35","zo":"gesloten","ma":"08:20 - 13:35","di":"08:20 - 13:35","wo":"08:20 - 13:35","do":"08:20 - 13:35","vr":"08:20 - 13:35"}}},{"type":"Feature","geometry":{"type":"Point","coordinates":[11.28416291,44.51544003]},"properties":{"type":"pakketpunt","locatieNaam":"Bologna 30","straatNaam":"Via Amatore Sciesa","straatNr":"20","vervoerder":"PosteItaliane","puntType":"postkantoor","bezettingsgraad":50,"latitude":44.51544003,"longitude":11.28416291,"canPickup":true,"canDropoff":true,"openingstijden":{"za":"08:20 - 12:35","zo":"gesloten","ma":"08:20 - 19:05","di":"08:20 - 19:05","wo":"08:20 - 19:05","do":"08:20 - 19:05","vr":"08:20 - 19:05"}}},{"type":"Feature","geometry":{"type":"Point","coordinates":[11.33383706,44.4991946]},"properties":{"type":"pakketpunt","locatieNaam":"Bologna 5","straatNaam":"Via Padre Francesco Maria Grimaldi","straatNr":"6","vervoerder":"PosteItaliane","puntType":"postkantoor","bezettingsgraad":50,"latitude":44.4991946,"longitude":11.33383706,"canPickup":true,"canDropoff":true,"openingstijden":{"za":"08:20 - 12:35","zo":"gesloten","ma":"08:20 - 19:05","di":"08:20 - 19:05","wo":"08:20 - 19:05","do":"08:20 - 19:05","vr":"08:20 - 19:05"}}},{"type":"Feature","geometry":{"type":"Point","coordinates":[11.3056619,44.50666983]},"properties":{"type":"pakketpunt","locatieNaam":"Bologna 18","straatNaam":"Via Emilia Ponente","straatNr":"72","vervoerder":"PosteItaliane","puntType":"postkantoor","bezettingsgraad":50,"latitude":44.50666983,"longitude":11.3056619,"canPickup":true,"canDropoff":true,"openingstijden":{"za":"08:20 - 12:35","zo":"gesloten","ma":"08:20 - 13:35","di":"08:20 - 13:35","wo":"08:20 - 13:35","do":"08:20 - 13:35","vr":"08:20 - 13:35"}}},{"type":"Feature","geometry":{"type":"Point","coordinates":[11.33454743,44.49359248]},"properties":{"type":"pakketpunt","locatieNaam":"Bologna 2","straatNaam":"Via Sant'isaia","straatNr":"3","vervoerder":"PosteItaliane","puntType":"postkantoor","bezettingsgraad":50,"latitude":44.49359248,"longitude":11.33454743,"canPickup":true,"canDropoff":true,"openingstijden":{"za":"08:20 - 12:35","zo":"gesloten","ma":"08:20 - 13:35","di":"08:20 - 13:35","wo":"08:20 - 13:35","do":"08:20 - 13:35","vr":"08:20 - 13:35"}}},{"type":"Feature","geometry":{"type":"Point","coordinates":[11.26460025,44.52097723]},"properties":{"type":"pakketpunt","locatieNaam":"Bologna 29","straatNaam":"Via Marco Emilio Lepido","straatNr":"186","vervoerder":"PosteItaliane","puntType":"postkantoor","bezettingsgraad":50,"latitude":44.52097723,"longitude":11.26460025,"canPickup":true,"canDropoff":true,"openingstijden":{"za":"08:20 - 12:35","zo":"gesloten","ma":"08:20 - 13:35","di":"08:20 - 13:35","wo":"08:20 - 13:35","do":"08:20 - 13:35","vr":"08:20 - 13:35"}}},{"type":"Feature","geometry":{"type":"Point","coordinates":[11.355759,44.49069526]},"properties":{"type":"pakketpunt","locatieNaam":"Bologna 4","straatNaam":"Strada Maggiore","straatNr":"82","vervoerder":"PosteItaliane","puntType":"postkantoor","bezettingsgraad":50,"latitude":44.49069526,"longitude":11.355759,"canPickup":true,"canDropoff":true,"openingstijden":{"za":"08:20 - 12:35","zo":"gesloten","ma":"08:20 - 13:35","di":"08:20 - 13:35","wo":"08:20 - 13:35","do":"08:20 - 13:35","vr":"08:20 - 13:35"}}},{"type":"Feature","geometry":{"type":"Point","coordinates":[11.32718669,44.51933202]},"properties":{"type":"pakketpunt","locatieNaam":"Bologna 25","straatNaam":"Piazza Giovanni Da Verrazzano","straatNr":"6","vervoerder":"PosteItaliane","puntType":"postkantoor","bezettingsgraad":50,"latitude":44.51933202,"longitude":11.32718669,"canPickup":true,"canDropoff":true,"openingstijden":{"za":"08:20 - 12:35","zo":"gesloten","ma":"08:20 - 13:35","di":"08:20 - 13:35","wo":"08:20 - 13:35","do":"08:20 - 13:35","vr":"08:20 - 13:35"}}},{"type":"Feature","geometry":{"type":"Point","coordinates":[11.37382183,44.48354471]},"properties":{"type":"pakketpunt","locatieNaam":"Bologna Emilia Levante","straatNaam":"Via Emilia Levante","straatNr":"7","vervoerder":"PosteItaliane","puntType":"postkantoor","bezettingsgraad":50,"latitude":44.48354471,"longitude":11.37382183,"canPickup":true,"canDropoff":true,"openingstijden":{"za":"08:20 - 12:35","zo":"gesloten","ma":"08:20 - 19:05","di":"08:20 - 19:05","wo":"08:20 - 19:05","do":"08:20 - 19:05","vr":"08:20 - 19:05"}}},{"type":"Feature","geometry":{"type":"Point","coordinates":[11.38937131,44.48128677]},"properties":{"type":"pakketpunt","locatieNaam":"Bologna 3","straatNaam":"Via Luigi Bombicci","straatNr":"6","vervoerder":"PosteItaliane","puntType":"postkantoor","bezettingsgraad":50,"latitude":44.48128677,"longitude":11.38937131,"canPickup":true,"canDropoff":true,"openingstijden":{"za":"08:20 - 12:35","zo":"gesloten","ma":"08:20 - 13:35","di":"08:20 - 13:35","wo":"08:20 - 13:35","do":"08:20 - 13:35","vr":"08:20 - 13:35"}}},{"type":"Feature","geometry":{"type":"Point","coordinates":[11.39060311,44.51177236]},"properties":{"type":"pakketpunt","locatieNaam":"Bologna 34","straatNaam":"Via Luigi Pirandello","straatNr":"22","vervoerder":"PosteItaliane","puntType":"postkantoor","bezettingsgraad":50,"latitude":44.51177236,"longitude":11.39060311,"canPickup":true,"canDropoff":true,"openingstijden":{"za":"08:20 - 12:35","zo":"gesloten","ma":"08:20 - 13:35","di":"08:20 - 13:35","wo":"08:20 - 13:35","do":"08:20 - 13:35","vr":"08:20 - 13:35"}}},{"type":"Feature","geometry":{"type":"Point","coordinates":[11.34899603,44.5125924]},"properties":{"type":"pakketpunt","locatieNaam":"Bologna 16","straatNaam":"Via Di Saliceto","straatNr":"4","vervoerder":"PosteItaliane","puntType":"postkantoor","bezettingsgraad":50,"latitude":44.5125924,"longitude":11.34899603,"canPickup":true,"canDropoff":true,"openingstijden":{"za":"08:20 - 12:35","zo":"gesloten","ma":"08:20 - 13:35","di":"08:20 - 13:35","wo":"08:20 - 13:35","do":"08:20 - 13:35","vr":"08:20 - 13:35"}}},{"type":"Feature","geometry":{"type":"Point","coordinates":[11.34848644,44.49751262]},"properties":{"type":"pakketpunt","locatieNaam":"Bologna 9","straatNaam":"Via Delle Belle Arti","straatNr":"9/c","vervoerder":"PosteItaliane","puntType":"postkantoor","bezettingsgraad":50,"latitude":44.49751262,"longitude":11.34848644,"canPickup":true,"canDropoff":true,"openingstijden":{"za":"08:20 - 12:35","zo":"gesloten","ma":"08:20 - 13:35","di":"08:20 - 13:35","wo":"08:20 - 13:35","do":"08:20 - 13:35","vr":"08:20 - 13:35"}}},{"type":"Feature","geometry":{"type":"Point","coordinates":[11.34507586,44.49243383]},"properties":{"type":"pakketpunt","locatieNaam":"Bologna Centro","straatNaam":"Via De' Foscherari","straatNr":"19/c","vervoerder":"PosteItaliane","puntType":"postkantoor","bezettingsgraad":50,"latitude":44.49243383,"longitude":11.34507586,"canPickup":true,"canDropoff":true,"openingstijden":{"za":"08:20 - 12:35","zo":"gesloten","ma":"08:20 - 19:05","di":"08:20 - 19:05","wo":"08:20 - 19:05","do":"08:20 - 19:05","vr":"08:20 - 19:05"}}},{"type":"Feature","geometry":{"type":"Point","coordinates":[11.29353297,44.49616956]},"properties":{"type":"pakketpunt","locatieNaam":"Bologna 24","straatNaam":"Piazza Clodoveo Bonazzi","straatNr":"6/e","vervoerder":"PosteItaliane","puntType":"postkantoor","bezettingsgraad":50,"latitude":44.49616956,"longitude":11.29353297,"canPickup":true,"canDropoff":true,"openingstijden":{"za":"08:20 - 12:35","zo":"gesloten","ma":"08:20 - 13:35","di":"08:20 - 13:35","wo":"08:20 - 13:35","do":"08:20 - 13:35","vr":"08:20 - 13:35"}}},{"type":"Feature","geometry":{"type":"Point","coordinates":[11.3384577,44.50425687]},"properties":{"type":"pakketpunt","locatieNaam":"Bologna 1","straatNaam":"Via Cairoli","straatNr":"9","vervoerder":"PosteItaliane","puntType":"postkantoor","bezettingsgraad":50,"latitude":44.50425687,"longitude":11.3384577,"canPickup":true,"canDropoff":true,"openingstijden":{"za":"08:20 - 12:35","zo":"gesloten","ma":"08:20 - 13:35","di":"08:20 - 13:35","wo":"08:20 - 13:35","do":"08:20 - 13:35","vr":"08:20 - 13:35"}}},{"type":"Feature","geometry":{"type":"Point","coordinates":[11.36976839,44.4571551]},"properties":{"type":"pakketpunt","locatieNaam":"Bologna 26","straatNaam":"Via Toscana","straatNr":"140","vervoerder":"PosteItaliane","puntType":"postkantoor","bezettingsgraad":50,"latitude":44.4571551,"longitude":11.36976839,"canPickup":true,"canDropoff":true,"openingstijden":{"za":"08:20 - 12:35","zo":"gesloten","ma":"gesloten","di":"08:20 - 13:35","wo":"gesloten","do":"08:20 - 13:35","vr":"gesloten"}}},{"type":"Feature","geometry":{"type":"Point","coordinates":[11.31315111,44.49374315]},"properties":{"type":"pakketpunt","locatieNaam":"Bologna 22","straatNaam":"Via Andrea Costa","straatNr":"154","vervoerder":"PosteItaliane","puntType":"postkantoor","bezettingsgraad":50,"latitude":44.49374315,"longitude":11.31315111,"canPickup":true,"canDropoff":true,"openingstijden":{"za":"08:20 - 12:35","zo":"gesloten","ma":"08:20 - 13:35","di":"08:20 - 13:35","wo":"08:20 - 13:35","do":"08:20 - 13:35","vr":"08:20 - 13:35"}}},{"type":"Feature","geometry":{"type":"Point","coordinates":[11.32261463,44.49536817]},"properties":{"type":"pakketpunt","locatieNaam":"Bologna 10","straatNaam":"Via Andrea Costa","straatNr":"71","vervoerder":"PosteItaliane","puntType":"postkantoor","bezettingsgraad":50,"latitude":44.49536817,"longitude":11.32261463,"canPickup":true,"canDropoff":true,"openingstijden":{"za":"08:20 - 12:35","zo":"gesloten","ma":"08:20 - 13:35","di":"08:20 - 13:35","wo":"08:20 - 13:35","do":"08:20 - 13:35","vr":"08:20 - 13:35"}}},{"type":"Feature","geometry":{"type":"Point","coordinates":[11.40166032,44.48548936]},"properties":{"type":"pakketpunt","locatieNaam":"Bologna Roveri","straatNaam":"Via Antonio Canova","straatNr":"23","vervoerder":"PosteItaliane","puntType":"postkantoor","bezettingsgraad":50,"latitude":44.48548936,"longitude":11.40166032,"canPickup":true,"canDropoff":true,"openingstijden":{"za":"08:20 - 12:35","zo":"gesloten","ma":"08:20 - 13:35","di":"08:20 - 13:35","wo":"08:20 - 13:35","do":"08:20 - 13:35","vr":"08:20 - 13:35"}}},{"type":"Feature","geometry":{"type":"Point","coordinates":[11.34728526,44.5336734]},"properties":{"type":"pakketpunt","locatieNaam":"Bologna 28","straatNaam":"Via Dell' Arcoveggio","straatNr":"74","vervoerder":"PosteItaliane","puntType":"postkantoor","bezettingsgraad":50,"latitude":44.5336734,"longitude":11.34728526,"canPickup":true,"canDropoff":true,"openingstijden":{"za":"08:20 - 12:35","zo":"gesloten","ma":"08:20 - 13:35","di":"08:20 - 13:35","wo":"08:20 - 13:35","do":"08:20 - 13:35","vr":"08:20 - 13:35"}}},{"type":"Feature","geometry":{"type":"Point","coordinates":[11.27795871,44.50084016]},"properties":{"type":"pakketpunt","locatieNaam":"Bologna 32","straatNaam":"Via Caduti Di Casteldebole","straatNr":"34","vervoerder":"PosteItaliane","puntType":"postkantoor","bezettingsgraad":50,"latitude":44.50084016,"longitude":11.27795871,"canPickup":true,"canDropoff":true,"openingstijden":{"za":"08:20 - 12:35","zo":"gesloten","ma":"08:20 - 13:35","di":"08:20 - 13:35","wo":"08:20 - 13:35","do":"08:20 - 13:35","vr":"08:20 - 13:35"}}},{"type":"Feature","geometry":{"type":"Point","coordinates":[11.36641056,44.50672915]},"properties":{"type":"pakketpunt","locatieNaam":"Tabaccheria N. 135","straatNaam":"Via Piana","straatNr":"20/b","vervoerder":"PosteItaliane","puntType":"servicepunt","bezettingsgraad":50,"latitude":44.50672915,"longitude":11.36641056,"canPickup":true,"canDropoff":true,"openingstijden":{"za":"05:00 - 22:00","zo":"06:00 - 14:00","ma":"05:00 - 22:00","di":"05:00 - 22:00","wo":"05:00 - 22:00","do":"05:00 - 22:00","vr":"05:00 - 22:00"}}},{"type":"Feature","geometry":{"type":"Point","coordinates":[11.36003337,44.50794424]},"properties":{"type":"pakketpunt","locatieNaam":"Tabaccheria N. 209","straatNaam":"Viale Della Repubblica","straatNr":"39/b","vervoerder":"PosteItaliane","puntType":"servicepunt","bezettingsgraad":50,"latitude":44.50794424,"longitude":11.36003337,"canPickup":true,"canDropoff":true,"openingstijden":{"za":"07:00 - 13:00, 15:30 - 19:30","zo":"gesloten","ma":"07:00 - 13:00, 15:30 - 19:30","di":"07:00 - 13:00, 15:30 - 19:30","wo":"07:00 - 13:00, 15:30 - 19:30","do":"07:00 - 13:00, 15:30 - 19:30","vr":"07:00 - 13:00, 15:30 - 19:30"}}},{"type":"Feature","geometry":{"type":"Point","coordinates":[11.32061361,44.50128111]},"properties":{"type":"pakketpunt","locatieNaam":"Tabaccheria N. 35","straatNaam":"Via Podgora","straatNr":"1/d","vervoerder":"PosteItaliane","puntType":"servicepunt","bezettingsgraad":50,"latitude":44.50128111,"longitude":11.32061361,"canPickup":true,"canDropoff":true,"openingstijden":{"za":"07:00 - 20:00","zo":"gesloten","ma":"07:00 - 20:00","di":"07:00 - 20:00","wo":"07:00 - 20:00","do":"07:00 - 20:00","vr":"07:00 - 20:00"}}},{"type":"Feature","geometry":{"type":"Point","coordinates":[11.28416291,44.51544003]},"properties":{"type":"pakketpunt","locatieNaam":"Ufficio Postale Bologna 30","straatNaam":"Via Amatore Sciesa","straatNr":"20","vervoerder":"PosteItaliane","puntType":"automaat","bezettingsgraad":50,"latitude":44.51544003,"longitude":11.28416291,"canPickup":true,"canDropoff":true,"openingstijden":{"za":"08:20 - 12:35","zo":"gesloten","ma":"08:20 - 19:05","di":"08:20 - 19:05","wo":"08:20 - 19:05","do":"08:20 - 19:05","vr":"08:20 - 19:05"}}},{"type":"Feature","geometry":{"type":"Point","coordinates":[11.38661467,44.49309535]},"properties":{"type":"pakketpunt","locatieNaam":"Stazione Di Servizio Esso","straatNaam":"Via Giuseppe Massarenti","straatNr":"217","vervoerder":"PosteItaliane","puntType":"automaat","bezettingsgraad":50,"latitude":44.49309535,"longitude":11.38661467,"canPickup":true,"canDropoff":true,"openingstijden":{"za":"00:01 - 23:59","zo":"00:01 - 23:59","ma":"00:01 - 23:59","di":"00:01 - 23:59","wo":"00:01 - 23:59","do":"00:01 - 23:59","vr":"00:01 - 23:59"}}},{"type":"Feature","geometry":{"type":"Point","coordinates":[11.40102173,44.51492177]},"properties":{"type":"pakketpunt","locatieNaam":"Centro Commerciale Meraville","straatNaam":"Viale Tito Carnacini","straatNr":"57","vervoerder":"PosteItaliane","puntType":"automaat","bezettingsgraad":50,"latitude":44.51492177,"longitude":11.40102173,"canPickup":true,"canDropoff":true,"openingstijden":{"za":"09:00 - 21:00","zo":"10:00 - 20:00","ma":"09:00 - 21:00","di":"09:00 - 21:00","wo":"09:00 - 21:00","do":"09:00 - 21:00","vr":"09:00 - 21:00"}}},{"type":"Feature","geometry":{"type":"Point","coordinates":[11.39730563,44.50946276]},"properties":{"type":"pakketpunt","locatieNaam":"Tabaccheria N. 311","straatNaam":"Via Grazia Deledda","straatNr":"10/a","vervoerder":"PosteItaliane","puntType":"servicepunt","bezettingsgraad":50,"latitude":44.50946276,"longitude":11.39730563,"canPickup":true,"canDropoff":true,"openingstijden":{"za":"08:00 - 13:00, 15:00 - 19:30","zo":"08:00 - 13:00","ma":"07:30 - 13:00, 15:00 - 19:30","di":"07:30 - 13:00, 15:00 - 19:30","wo":"07:30 - 13:00, 15:00 - 19:30","do":"07:30 - 13:00, 15:00 - 19:30","vr":"07:30 - 13:00, 15:00 - 19:30"}}},{"type":"Feature","geometry":{"type":"Point","coordinates":[11.30572155,44.49318851]},"properties":{"type":"pakketpunt","locatieNaam":"Tabaccheria N. 116","straatNaam":"Via Andrea Costa","straatNr":"204/d","vervoerder":"PosteItaliane","puntType":"servicepunt","bezettingsgraad":50,"latitude":44.49318851,"longitude":11.30572155,"canPickup":true,"canDropoff":true,"openingstijden":{"za":"06:00 - 20:00","zo":"07:30 - 12:00","ma":"06:00 - 20:00","di":"06:00 - 20:00","wo":"06:00 - 20:00","do":"06:00 - 20:00","vr":"06:00 - 20:00"}}},{"type":"Feature","geometry":{"type":"Point","coordinates":[11.39362289,44.49840327]},"properties":{"type":"pakketpunt","locatieNaam":"Centro Commerciale Vialarga","straatNaam":"Via Larga","straatNr":"10","vervoerder":"PosteItaliane","puntType":"automaat","bezettingsgraad":50,"latitude":44.49840327,"longitude":11.39362289,"canPickup":true,"canDropoff":true,"openingstijden":{"za":"09:00 - 13:00","zo":"gesloten","ma":"08:30 - 13:00","di":"08:30 - 13:00","wo":"08:30 - 13:00","do":"08:30 - 13:00","vr":"08:30 - 13:00"}}},{"type":"Feature","geometry":{"type":"Point","coordinates":[11.26439599,44.51813443]},"properties":{"type":"pakketpunt","locatieNaam":"Stazione Di Servizio Esso","straatNaam":"Viale Alcide De Gasperi","straatNr":"11","vervoerder":"PosteItaliane","puntType":"automaat","bezettingsgraad":50,"latitude":44.51813443,"longitude":11.26439599,"canPickup":true,"canDropoff":true,"openingstijden":{"za":"00:01 - 23:59","zo":"00:01 - 23:59","ma":"00:01 - 23:59","di":"00:01 - 23:59","wo":"00:01 - 23:59","do":"00:01 - 23:59","vr":"00:01 - 23:59"}}},{"type":"Feature","geometry":{"type":"Point","coordinates":[11.37105241,44.46437271]},"properties":{"type":"pakketpunt","locatieNaam":"Tabaccheria N. 319","straatNaam":"Via Toscana","straatNr":"48/d","vervoerder":"PosteItaliane","puntType":"servicepunt","bezettingsgraad":50,"latitude":44.46437271,"longitude":11.37105241,"canPickup":true,"canDropoff":true,"openingstijden":{"za":"07:00 - 12:30, 16:00 - 19:00","zo":"gesloten","ma":"07:00 - 12:30, 16:00 - 19:00","di":"07:00 - 12:30, 16:00 - 19:00","wo":"07:00 - 12:30, 16:00 - 19:00","do":"07:00 - 12:30, 16:00 - 19:00","vr":"07:00 - 12:30, 16:00 - 19:00"}}},{"type":"Feature","geometry":{"type":"Point","coordinates":[11.37687481,44.46829287]},"properties":{"type":"pakketpunt","locatieNaam":"Edicola Dinga","straatNaam":"Via Benedetto Marcello","straatNr":"9/g","vervoerder":"PosteItaliane","puntType":"servicepunt","bezettingsgraad":50,"latitude":44.46829287,"longitude":11.37687481,"canPickup":true,"canDropoff":true,"openingstijden":{"za":"06:00 - 13:00","zo":"07:00 - 13:00","ma":"06:00 - 13:00, 15:30 - 18:00","di":"06:00 - 13:00, 15:30 - 18:00","wo":"06:00 - 13:00, 15:30 - 18:00","do":"06:00 - 13:00, 15:30 - 18:00","vr":"06:00 - 13:00, 15:30 - 18:00"}}},{"type":"Feature","geometry":{"type":"Point","coordinates":[11.37347189,44.46847337]},"properties":{"type":"pakketpunt","locatieNaam":"Tabaccheria N. 242","straatNaam":"Via Della Foscherara","straatNr":"3/2","vervoerder":"PosteItaliane","puntType":"servicepunt","bezettingsgraad":50,"latitude":44.46847337,"longitude":11.37347189,"canPickup":true,"canDropoff":true,"openingstijden":{"za":"08:00 - 19:30","zo":"gesloten","ma":"07:30 - 19:30","di":"07:30 - 19:30","wo":"07:30 - 19:30","do":"07:30 - 19:30","vr":"07:30 - 19:30"}}},{"type":"Feature","geometry":{"type":"Point","coordinates":[11.32970506,44.50055087]},"properties":{"type":"pakketpunt","locatieNaam":"Tabaccheria N. 384","straatNaam":"Via Luigi Calori","straatNr":"10/a","vervoerder":"PosteItaliane","puntType":"servicepunt","bezettingsgraad":50,"latitude":44.50055087,"longitude":11.32970506,"canPickup":true,"canDropoff":true,"openingstijden":{"za":"08:00 - 13:00, 16:00 - 19:30","zo":"gesloten","ma":"08:00 - 19:30","di":"08:00 - 19:30","wo":"08:00 - 19:30","do":"08:00 - 19:30","vr":"08:00 - 19:30"}}},{"type":"Feature","geometry":{"type":"Point","coordinates":[11.38969335,44.47767878]},"properties":{"type":"pakketpunt","locatieNaam":"Tabaccheria N. 253","straatNaam":"Via Emilia Levante","straatNr":"145/3","vervoerder":"PosteItaliane","puntType":"servicepunt","bezettingsgraad":50,"latitude":44.47767878,"longitude":11.38969335,"canPickup":true,"canDropoff":true,"openingstijden":{"za":"07:00 - 19:30","zo":"gesloten","ma":"07:00 - 19:30","di":"07:00 - 19:30","wo":"07:00 - 19:30","do":"07:00 - 19:30","vr":"07:00 - 19:30"}}},{"type":"Feature","geometry":{"type":"Point","coordinates":[11.35927372,44.48929255]},"properties":{"type":"pakketpunt","locatieNaam":"Tabaccheria N. 59","straatNaam":"Via Giuseppe Mazzini","straatNr":"11/e","vervoerder":"PosteItaliane","puntType":"servicepunt","bezettingsgraad":50,"latitude":44.48929255,"longitude":11.35927372,"canPickup":true,"canDropoff":true,"openingstijden":{"za":"10:30 - 13:00, 16:00 - 19:00","zo":"gesloten","ma":"09:00 - 13:00","di":"09:00 - 13:00","wo":"09:00 - 13:00","do":"09:00 - 13:00","vr":"09:00 - 13:00"}}},{"type":"Feature","geometry":{"type":"Point","coordinates":[11.35880747,44.50222117]},"properties":{"type":"pakketpunt","locatieNaam":"Atlas Palestra","straatNaam":"Via Vezza","straatNr":"22","vervoerder":"PosteItaliane","puntType":"automaat","bezettingsgraad":50,"latitude":44.50222117,"longitude":11.35880747,"canPickup":true,"canDropoff":true,"openingstijden":{"za":"09:30 - 18:00","zo":"09:30 - 15:30","ma":"09:00 - 22:30","di":"09:00 - 22:30","wo":"09:00 - 22:30","do":"09:00 - 22:30","vr":"09:00 - 22:30"}}},{"type":"Feature","geometry":{"type":"Point","coordinates":[11.40166032,44.48548936]},"properties":{"type":"pakketpunt","locatieNaam":"Ufficio Postale Bologna Roveri","straatNaam":"Via Antonio Canova","straatNr":"23","vervoerder":"PosteItaliane","puntType":"automaat","bezettingsgraad":50,"latitude":44.48548936,"longitude":11.40166032,"canPickup":true,"canDropoff":true,"openingstijden":{"za":"08:20 - 13:35","zo":"gesloten","ma":"08:20 - 13:35","di":"08:20 - 13:35","wo":"08:20 - 13:35","do":"08:20 - 13:35","vr":"08:20 - 13:35"}}},{"type":"Feature","geometry":{"type":"Point","coordinates":[11.32668487,44.49951141]},"properties":{"type":"pakketpunt","locatieNaam":"Tabaccheria N. 111","straatNaam":"Via Aurelio Saffi","straatNr":"1/b","vervoerder":"PosteItaliane","puntType":"servicepunt","bezettingsgraad":50,"latitude":44.49951141,"longitude":11.32668487,"canPickup":true,"canDropoff":true,"openingstijden":{"za":"08:30 - 13:45, 15:00 - 19:45","zo":"09:00 - 13:00, 16:00 - 19:00","ma":"08:00 - 13:45, 15:00 - 19:45","di":"08:00 - 13:45, 15:00 - 19:45","wo":"08:00 - 13:45, 15:00 - 19:45","do":"08:00 - 13:45, 15:00 - 19:45","vr":"08:00 - 13:45, 15:00 - 19:45"}}},{"type":"Feature","geometry":{"type":"Point","coordinates":[11.38596089,44.479515]},"properties":{"type":"pakketpunt","locatieNaam":"Asd Regis - Palestra Regis","straatNaam":"Via Pellegrino Antonio Orlandi","straatNr":"3/a","vervoerder":"PosteItaliane","puntType":"automaat","bezettingsgraad":50,"latitude":44.479515,"longitude":11.38596089,"canPickup":true,"canDropoff":true,"openingstijden":{"za":"10:00 - 13:00","zo":"gesloten","ma":"09:30 - 22:00","di":"09:30 - 22:00","wo":"09:30 - 22:00","do":"09:30 - 22:00","vr":"09:30 - 22:00"}}},{"type":"Feature","geometry":{"type":"Point","coordinates":[11.29698377,44.50678269]},"properties":{"type":"pakketpunt","locatieNaam":"Tabaccheria N. 204","straatNaam":"Via Speranza","straatNr":"26/b","vervoerder":"PosteItaliane","puntType":"servicepunt","bezettingsgraad":50,"latitude":44.50678269,"longitude":11.29698377,"canPickup":true,"canDropoff":true,"openingstijden":{"za":"07:00 - 13:30, 15:30 - 19:30","zo":"gesloten","ma":"07:00 - 13:30, 15:30 - 19:30","di":"07:00 - 13:30, 15:30 - 19:30","wo":"07:00 - 13:30, 15:30 - 19:30","do":"07:00 - 13:30, 15:30 - 19:30","vr":"07:00 - 13:30, 15:30 - 19:30"}}},{"type":"Feature","geometry":{"type":"Point","coordinates":[11.36831416,44.48189219]},"properties":{"type":"pakketpunt","locatieNaam":"Tabaccheria N. 248","straatNaam":"Via Giuseppe Albini","straatNr":"30/d","vervoerder":"PosteItaliane","puntType":"servicepunt","bezettingsgraad":50,"latitude":44.48189219,"longitude":11.36831416,"canPickup":true,"canDropoff":true,"openingstijden":{"za":"07:30 - 13:00, 15:30 - 19:30","zo":"gesloten","ma":"07:30 - 13:00, 15:30 - 19:30","di":"07:30 - 13:00, 15:30 - 19:30","wo":"07:30 - 13:00, 15:30 - 19:30","do":"07:30 - 13:00, 15:30 - 19:30","vr":"07:30 - 13:00, 15:30 - 19:30"}}},{"type":"Feature","geometry":{"type":"Point","coordinates":[11.34350212,44.51250533]},"properties":{"type":"pakketpunt","locatieNaam":"Swift Connect - Bologna","straatNaam":"Via Franco Bolognese","straatNr":"27/h","vervoerder":"PosteItaliane","puntType":"servicepunt","bezettingsgraad":50,"latitude":44.51250533,"longitude":11.34350212,"canPickup":true,"canDropoff":true,"openingstijden":{"za":"11:00 - 17:00","zo":"gesloten","ma":"10:00 - 20:00","di":"10:00 - 20:00","wo":"10:00 - 20:00","do":"10:00 - 20:00","vr":"10:00 - 20:00"}}},{"type":"Feature","geometry":{"type":"Point","coordinates":[11.34357822,44.49478026]},"properties":{"type":"pakketpunt","locatieNaam":"Ucb - 012","straatNaam":"Via Rizzoli","straatNr":"8","vervoerder":"PosteItaliane","puntType":"automaat","bezettingsgraad":50,"latitude":44.49478026,"longitude":11.34357822,"canPickup":true,"canDropoff":true,"openingstijden":{"za":"10:00 - 20:00","zo":"10:00 - 20:00","ma":"10:00 - 20:00","di":"10:00 - 20:00","wo":"10:00 - 20:00","do":"10:00 - 20:00","vr":"10:00 - 20:00"}}},{"type":"Feature","geometry":{"type":"Point","coordinates":[11.26460025,44.52097723]},"properties":{"type":"pakketpunt","locatieNaam":"Centro Commerciale Centro Borgo","straatNaam":"Via Marco Emilio Lepido","straatNr":"186","vervoerder":"PosteItaliane","puntType":"automaat","bezettingsgraad":50,"latitude":44.52097723,"longitude":11.26460025,"canPickup":true,"canDropoff":true,"openingstijden":{"za":"09:00 - 13:00","zo":"gesloten","ma":"09:00 - 13:00","di":"09:00 - 13:00","wo":"09:00 - 13:00","do":"09:00 - 13:00","vr":"09:00 - 13:00"}}},{"type":"Feature","geometry":{"type":"Point","coordinates":[11.37482702,44.47527399]},"properties":{"type":"pakketpunt","locatieNaam":"Clean Up","straatNaam":"Via Domenico Morelli","straatNr":"4/b","vervoerder":"PosteItaliane","puntType":"servicepunt","bezettingsgraad":50,"latitude":44.47527399,"longitude":11.37482702,"canPickup":true,"canDropoff":true,"openingstijden":{"za":"08:30 - 13:30","zo":"gesloten","ma":"08:30 - 18:30","di":"08:30 - 18:30","wo":"08:30 - 18:30","do":"08:30 - 16:30","vr":"08:30 - 16:30"}}},{"type":"Feature","geometry":{"type":"Point","coordinates":[11.31830088,44.50108659]},"properties":{"type":"pakketpunt","locatieNaam":"Tabaccheria N. 233","straatNaam":"Via Del Timavo","straatNr":"7/g","vervoerder":"PosteItaliane","puntType":"servicepunt","bezettingsgraad":50,"latitude":44.50108659,"longitude":11.31830088,"canPickup":true,"canDropoff":true,"openingstijden":{"za":"06:00 - 22:00","zo":"06:00 - 22:00","ma":"06:00 - 22:00","di":"06:00 - 22:00","wo":"06:00 - 22:00","do":"06:00 - 22:00","vr":"06:00 - 22:00"}}},{"type":"Feature","geometry":{"type":"Point","coordinates":[11.4228652,44.48829059]},"properties":{"type":"pakketpunt","locatieNaam":"Stazione Di Servizio","straatNaam":"Via Villanova","straatNr":"40","vervoerder":"PosteItaliane","puntType":"automaat","bezettingsgraad":50,"latitude":44.48829059,"longitude":11.4228652,"canPickup":true,"canDropoff":true,"openingstijden":{"za":"00:01 - 23:59","zo":"00:01 - 23:59","ma":"00:01 - 23:59","di":"00:01 - 23:59","wo":"00:01 - 23:59","do":"00:01 - 23:59","vr":"00:01 - 23:59"}}},{"type":"Feature","geometry":{"type":"Point","coordinates":[11.35685258,44.51941032]},"properties":{"type":"pakketpunt","locatieNaam":"B Electra - Elettronica","straatNaam":"Via Ferrarese","straatNr":"110","vervoerder":"PosteItaliane","puntType":"automaat","bezettingsgraad":50,"latitude":44.51941032,"longitude":11.35685258,"canPickup":true,"canDropoff":true,"openingstijden":{"za":"gesloten","zo":"gesloten","ma":"09:00 - 18:30","di":"09:00 - 18:30","wo":"09:00 - 18:30","do":"09:00 - 18:30","vr":"09:00 - 18:30"}}},{"type":"Feature","geometry":{"type":"Point","coordinates":[11.36832681,44.5036808]},"properties":{"type":"pakketpunt","locatieNaam":"Tabaccheria N. 188","straatNaam":"Via San Donato","straatNr":"63","vervoerder":"PosteItaliane","puntType":"servicepunt","bezettingsgraad":50,"latitude":44.5036808,"longitude":11.36832681,"canPickup":true,"canDropoff":true,"openingstijden":{"za":"07:30 - 13:00, 15:00 - 19:30","zo":"gesloten","ma":"07:30 - 13:00, 15:00 - 19:30","di":"07:30 - 13:00, 15:00 - 19:30","wo":"07:30 - 13:00, 15:00 - 19:30","do":"07:30 - 13:00, 15:00 - 19:30","vr":"07:30 - 13:00, 15:00 - 19:30"}}},{"type":"Feature","geometry":{"type":"Point","coordinates":[11.35726452,44.54232373]},"properties":{"type":"pakketpunt","locatieNaam":"Posta Privata Smmart Point E Spedizioni","straatNaam":"Via Alessandro Stoppato","straatNr":"27/i","vervoerder":"PosteItaliane","puntType":"automaat","bezettingsgraad":50,"latitude":44.54232373,"longitude":11.35726452,"canPickup":true,"canDropoff":true,"openingstijden":{"za":"00:01 - 23:59","zo":"00:01 - 23:59","ma":"00:01 - 23:59","di":"00:01 - 23:59","wo":"00:01 - 23:59","do":"00:01 - 23:59","vr":"00:01 - 23:59"}}},{"type":"Feature","geometry":{"type":"Point","coordinates":[11.34736359,44.49338212]},"properties":{"type":"pakketpunt","locatieNaam":"Maison Du Savon","straatNaam":"Via Dal Luzzo","straatNr":"4/c","vervoerder":"PosteItaliane","puntType":"servicepunt","bezettingsgraad":50,"latitude":44.49338212,"longitude":11.34736359,"canPickup":true,"canDropoff":true,"openingstijden":{"za":"09:30 - 19:30","zo":"gesloten","ma":"09:30 - 14:00, 14:45 - 19:30","di":"09:30 - 14:00, 14:45 - 19:30","wo":"09:30 - 14:00, 14:45 - 19:30","do":"09:30 - 14:00, 14:45 - 19:30","vr":"09:30 - 14:00, 14:45 - 19:30"}}},{"type":"Feature","geometry":{"type":"Point","coordinates":[11.34335839,44.52154249]},"properties":{"type":"pakketpunt","locatieNaam":"Tabaccheria N. 331","straatNaam":"Via Dell' Arcoveggio","straatNr":"50/d","vervoerder":"PosteItaliane","puntType":"servicepunt","bezettingsgraad":50,"latitude":44.52154249,"longitude":11.34335839,"canPickup":true,"canDropoff":true,"openingstijden":{"za":"05:30 - 19:30","zo":"08:00 - 16:00","ma":"05:30 - 19:30","di":"05:30 - 19:30","wo":"05:30 - 19:30","do":"05:30 - 19:30","vr":"05:30 - 19:30"}}},{"type":"Feature","geometry":{"type":"Point","coordinates":[11.37982872,44.46711433]},"properties":{"type":"pakketpunt","locatieNaam":"Tabaccheria N. 260","straatNaam":"Via Della Battaglia","straatNr":"17/a","vervoerder":"PosteItaliane","puntType":"servicepunt","bezettingsgraad":50,"latitude":44.46711433,"longitude":11.37982872,"canPickup":true,"canDropoff":true,"openingstijden":{"za":"07:30 - 12:45, 15:30 - 19:30","zo":"gesloten","ma":"07:30 - 12:45, 15:30 - 19:30","di":"07:30 - 12:45, 15:30 - 19:30","wo":"07:30 - 12:45, 15:30 - 19:30","do":"07:30 - 12:45, 15:30 - 19:30","vr":"07:30 - 12:45, 15:30 - 19:30"}}},{"type":"Feature","geometry":{"type":"Point","coordinates":[11.29381275,44.49529064]},"properties":{"type":"pakketpunt","locatieNaam":"Tabaccheria N. 123","straatNaam":"Via Della Barca","straatNr":"25/b","vervoerder":"PosteItaliane","puntType":"servicepunt","bezettingsgraad":50,"latitude":44.49529064,"longitude":11.29381275,"canPickup":true,"canDropoff":true,"openingstijden":{"za":"08:00 - 12:30, 15:00 - 19:00","zo":"gesloten","ma":"08:00 - 12:30, 15:00 - 19:00","di":"08:00 - 12:30, 15:00 - 19:00","wo":"08:00 - 12:30, 15:00 - 19:00","do":"08:00 - 12:30, 15:00 - 19:00","vr":"08:00 - 12:30, 15:00 - 19:00"}}},{"type":"Feature","geometry":{"type":"Point","coordinates":[11.37500203,44.46474456]},"properties":{"type":"pakketpunt","locatieNaam":"Centro Commerciale San Ruffillo","straatNaam":"Via Amilcare Ponchielli","straatNr":"23","vervoerder":"PosteItaliane","puntType":"automaat","bezettingsgraad":50,"latitude":44.46474456,"longitude":11.37500203,"canPickup":true,"canDropoff":true,"openingstijden":{"za":"08:00 - 21:00","zo":"08:00 - 21:00","ma":"08:00 - 21:00","di":"08:00 - 21:00","wo":"08:00 - 21:00","do":"08:00 - 21:00","vr":"08:00 - 21:00"}}},{"type":"Feature","geometry":{"type":"Point","coordinates":[11.31284736,44.49431493]},"properties":{"type":"pakketpunt","locatieNaam":"Centro Commerciale Andrea Costa","straatNaam":"Via Andrea Costa","straatNr":"160","vervoerder":"PosteItaliane","puntType":"automaat","bezettingsgraad":50,"latitude":44.49431493,"longitude":11.31284736,"canPickup":true,"canDropoff":true,"openingstijden":{"za":"08:00 - 20:30","zo":"08:00 - 20:30","ma":"08:00 - 20:30","di":"08:00 - 20:30","wo":"08:00 - 20:30","do":"08:00 - 20:30","vr":"08:00 - 20:30"}}},{"type":"Feature","geometry":{"type":"Point","coordinates":[11.33028226,44.50391252]},"properties":{"type":"pakketpunt","locatieNaam":"Tabaccheria N. 212","straatNaam":"Via Camillo Casarini","straatNr":"18/a","vervoerder":"PosteItaliane","puntType":"servicepunt","bezettingsgraad":50,"latitude":44.50391252,"longitude":11.33028226,"canPickup":true,"canDropoff":true,"openingstijden":{"za":"06:00 - 13:00","zo":"gesloten","ma":"06:00 - 13:00, 16:00 - 19:00","di":"06:00 - 13:00, 16:00 - 19:00","wo":"06:00 - 13:00, 16:00 - 19:00","do":"06:00 - 13:00, 16:00 - 19:00","vr":"06:00 - 13:00, 16:00 - 19:00"}}},{"type":"Feature","geometry":{"type":"Point","coordinates":[11.33920833,44.50019694]},"properties":{"type":"pakketpunt","locatieNaam":"Tabaccheria N. 81","straatNaam":"Via Guglielmo Marconi","straatNr":"51","vervoerder":"PosteItaliane","puntType":"servicepunt","bezettingsgraad":50,"latitude":44.50019694,"longitude":11.33920833,"canPickup":true,"canDropoff":true,"openingstijden":{"za":"07:00 - 13:00","zo":"gesloten","ma":"07:00 - 18:30","di":"07:00 - 18:30","wo":"07:00 - 18:30","do":"07:00 - 18:30","vr":"07:00 - 18:30"}}},{"type":"Feature","geometry":{"type":"Point","coordinates":[11.36673008,44.52954414]},"properties":{"type":"pakketpunt","locatieNaam":"Tabaccheria N. 104","straatNaam":"Via Ferrarese","straatNr":"160/4","vervoerder":"PosteItaliane","puntType":"servicepunt","bezettingsgraad":50,"latitude":44.52954414,"longitude":11.36673008,"canPickup":true,"canDropoff":true,"openingstijden":{"za":"06:00 - 19:30","zo":"gesloten","ma":"06:00 - 19:30","di":"06:00 - 19:30","wo":"06:00 - 19:30","do":"06:00 - 19:30","vr":"06:00 - 19:30"}}},{"type":"Feature","geometry":{"type":"Point","coordinates":[11.27549142,44.51748508]},"properties":{"type":"pakketpunt","locatieNaam":"Tabaccheria N. 313","straatNaam":"Via Marco Emilio Lepido","straatNr":"54/5","vervoerder":"PosteItaliane","puntType":"servicepunt","bezettingsgraad":50,"latitude":44.51748508,"longitude":11.27549142,"canPickup":true,"canDropoff":true,"openingstijden":{"za":"08:00 - 19:30","zo":"10:00 - 19:00","ma":"08:30 - 19:30","di":"08:00 - 19:30","wo":"08:00 - 19:30","do":"08:00 - 19:30","vr":"08:00 - 19:30"}}},{"type":"Feature","geometry":{"type":"Point","coordinates":[11.29143991,44.49101126]},"properties":{"type":"pakketpunt","locatieNaam":"Tabaccheria N. 346","straatNaam":"Via Vitale Da Bologna","straatNr":"1/a","vervoerder":"PosteItaliane","puntType":"servicepunt","bezettingsgraad":50,"latitude":44.49101126,"longitude":11.29143991,"canPickup":true,"canDropoff":true,"openingstijden":{"za":"08:00 - 12:30, 16:00 - 19:30","zo":"gesloten","ma":"08:00 - 12:30, 16:00 - 19:30","di":"08:00 - 12:30, 16:00 - 19:30","wo":"08:00 - 12:30, 16:00 - 19:30","do":"08:00 - 12:30, 16:00 - 19:30","vr":"08:00 - 12:30, 16:00 - 19:30"}}},{"type":"Feature","geometry":{"type":"Point","coordinates":[11.38463471,44.47955429]},"properties":{"type":"pakketpunt","locatieNaam":"Tabaccheria N. 88","straatNaam":"Via Emilia Levante","straatNr":"129/b","vervoerder":"PosteItaliane","puntType":"servicepunt","bezettingsgraad":50,"latitude":44.47955429,"longitude":11.38463471,"canPickup":true,"canDropoff":true,"openingstijden":{"za":"07:00 - 13:00, 15:30 - 20:00","zo":"gesloten","ma":"07:00 - 13:00, 15:30 - 20:00","di":"07:00 - 13:00, 15:30 - 20:00","wo":"07:00 - 13:00, 15:30 - 20:00","do":"07:00 - 13:00, 15:30 - 20:00","vr":"07:00 - 13:00, 15:30 - 20:00"}}},{"type":"Feature","geometry":{"type":"Point","coordinates":[11.34997466,44.51647486]},"properties":{"type":"pakketpunt","locatieNaam":"Tabaccheria N. 239","straatNaam":"Via Alfonso Lombardi","straatNr":"24","vervoerder":"PosteItaliane","puntType":"servicepunt","bezettingsgraad":50,"latitude":44.51647486,"longitude":11.34997466,"canPickup":true,"canDropoff":true,"openingstijden":{"za":"06:30 - 20:00","zo":"gesloten","ma":"06:30 - 20:00","di":"06:30 - 20:00","wo":"06:30 - 20:00","do":"06:30 - 20:00","vr":"06:30 - 20:00"}}},{"type":"Feature","geometry":{"type":"Point","coordinates":[11.29037253,44.50048077]},"properties":{"type":"pakketpunt","locatieNaam":"Centro Servizi Barca","straatNaam":"Via Nino Bertocchi","straatNr":"30/a","vervoerder":"PosteItaliane","puntType":"servicepunt","bezettingsgraad":50,"latitude":44.50048077,"longitude":11.29037253,"canPickup":true,"canDropoff":true,"openingstijden":{"za":"10:00 - 17:00","zo":"gesloten","ma":"11:30 - 19:00","di":"11:30 - 19:00","wo":"11:30 - 19:00","do":"11:30 - 19:00","vr":"11:30 - 19:00"}}},{"type":"Feature","geometry":{"type":"Point","coordinates":[11.33720923,44.51581379]},"properties":{"type":"pakketpunt","locatieNaam":"Tabaccheria N. 300","straatNaam":"Via Piero Gobetti","straatNr":"49/a","vervoerder":"PosteItaliane","puntType":"servicepunt","bezettingsgraad":50,"latitude":44.51581379,"longitude":11.33720923,"canPickup":true,"canDropoff":true,"openingstijden":{"za":"07:30 - 19:00","zo":"09:00 - 12:00","ma":"07:30 - 19:00","di":"07:30 - 19:00","wo":"07:30 - 19:00","do":"07:30 - 19:00","vr":"07:30 - 19:00"}}},{"type":"Feature","geometry":{"type":"Point","coordinates":[11.33298214,44.50310261]},"properties":{"type":"pakketpunt","locatieNaam":"Tabaccheria N. 49","straatNaam":"Via Francesco Zanardi","straatNr":"3/b","vervoerder":"PosteItaliane","puntType":"servicepunt","bezettingsgraad":50,"latitude":44.50310261,"longitude":11.33298214,"canPickup":true,"canDropoff":true,"openingstijden":{"za":"09:00 - 19:30","zo":"gesloten","ma":"09:00 - 19:30","di":"09:00 - 19:30","wo":"09:00 - 19:30","do":"09:00 - 19:30","vr":"09:00 - 19:30"}}},{"type":"Feature","geometry":{"type":"Point","coordinates":[11.32787252,44.49484391]},"properties":{"type":"pakketpunt","locatieNaam":"Tabaccheria N. 195","straatNaam":"Via Andrea Costa","straatNr":"1/a","vervoerder":"PosteItaliane","puntType":"servicepunt","bezettingsgraad":50,"latitude":44.49484391,"longitude":11.32787252,"canPickup":true,"canDropoff":true,"openingstijden":{"za":"07:00 - 20:00","zo":"gesloten","ma":"07:00 - 20:00","di":"07:00 - 20:00","wo":"07:00 - 20:00","do":"07:00 - 20:00","vr":"07:00 - 20:00"}}},{"type":"Feature","geometry":{"type":"Point","coordinates":[11.34761828,44.51508214]},"properties":{"type":"pakketpunt","locatieNaam":"Tabaccheria N. 53","straatNaam":"Via Di Corticella","straatNr":"64/b","vervoerder":"PosteItaliane","puntType":"servicepunt","bezettingsgraad":50,"latitude":44.51508214,"longitude":11.34761828,"canPickup":true,"canDropoff":true,"openingstijden":{"za":"07:30 - 12:45, 15:30 - 19:00","zo":"gesloten","ma":"07:30 - 12:45, 15:30 - 19:00","di":"07:30 - 12:45, 15:30 - 19:00","wo":"07:30 - 12:45, 15:30 - 19:00","do":"07:30 - 12:45, 15:30 - 19:00","vr":"07:30 - 12:45, 15:30 - 19:00"}}},{"type":"Feature","geometry":{"type":"Point","coordinates":[11.39601953,44.50210116]},"properties":{"type":"pakketpunt","locatieNaam":"Tabaccheria N. 157","straatNaam":"Via Larga","straatNr":"36/2","vervoerder":"PosteItaliane","puntType":"servicepunt","bezettingsgraad":50,"latitude":44.50210116,"longitude":11.39601953,"canPickup":true,"canDropoff":true,"openingstijden":{"za":"05:30 - 12:00","zo":"gesloten","ma":"05:30 - 19:00","di":"05:30 - 19:00","wo":"05:30 - 19:00","do":"05:30 - 19:00","vr":"05:30 - 19:00"}}},{"type":"Feature","geometry":{"type":"Point","coordinates":[11.37058368,44.50243015]},"properties":{"type":"pakketpunt","locatieNaam":"Tabaccheria N. 287","straatNaam":"Via Eleonora Duse","straatNr":"19/a","vervoerder":"PosteItaliane","puntType":"servicepunt","bezettingsgraad":50,"latitude":44.50243015,"longitude":11.37058368,"canPickup":true,"canDropoff":true,"openingstijden":{"za":"06:00 - 20:00","zo":"gesloten","ma":"06:00 - 20:00","di":"06:00 - 20:00","wo":"06:00 - 20:00","do":"06:00 - 20:00","vr":"06:00 - 20:00"}}},{"type":"Feature","geometry":{"type":"Point","coordinates":[11.32444254,44.5002996]},"properties":{"type":"pakketpunt","locatieNaam":"Tabaccheria N. 102","straatNaam":"Via Aurelio Saffi","straatNr":"47","vervoerder":"PosteItaliane","puntType":"servicepunt","bezettingsgraad":50,"latitude":44.5002996,"longitude":11.32444254,"canPickup":true,"canDropoff":true,"openingstijden":{"za":"08:00 - 19:00","zo":"gesloten","ma":"08:00 - 19:00","di":"08:00 - 19:00","wo":"08:00 - 19:00","do":"08:00 - 19:00","vr":"08:00 - 19:00"}}},{"type":"Feature","geometry":{"type":"Point","coordinates":[11.33880424,44.49554096]},"properties":{"type":"pakketpunt","locatieNaam":"Tabaccheria N. 22","straatNaam":"Via Ugo Bassi","straatNr":"19","vervoerder":"PosteItaliane","puntType":"servicepunt","bezettingsgraad":50,"latitude":44.49554096,"longitude":11.33880424,"canPickup":true,"canDropoff":true,"openingstijden":{"za":"08:30 - 13:30","zo":"gesloten","ma":"08:30 - 19:00","di":"08:30 - 19:00","wo":"08:30 - 19:00","do":"08:30 - 19:00","vr":"08:30 - 19:00"}}},{"type":"Feature","geometry":{"type":"Point","coordinates":[11.37733917,44.50831987]},"properties":{"type":"pakketpunt","locatieNaam":"Tabaccheria N. 305","straatNaam":"Via San Donato","straatNr":"158","vervoerder":"PosteItaliane","puntType":"servicepunt","bezettingsgraad":50,"latitude":44.50831987,"longitude":11.37733917,"canPickup":true,"canDropoff":true,"openingstijden":{"za":"07:30 - 12:15","zo":"gesloten","ma":"07:30 - 12:20, 15:00 - 19:15","di":"07:30 - 12:20, 15:00 - 19:15","wo":"07:30 - 12:20, 15:00 - 19:15","do":"07:30 - 12:20, 15:00 - 19:15","vr":"07:30 - 12:20, 15:00 - 19:15"}}},{"type":"Feature","geometry":{"type":"Point","coordinates":[11.28652879,44.51297512]},"properties":{"type":"pakketpunt","locatieNaam":"Tabaccheria N. 172","straatNaam":"Via Emilia Ponente","straatNr":"345/e","vervoerder":"PosteItaliane","puntType":"servicepunt","bezettingsgraad":50,"latitude":44.51297512,"longitude":11.28652879,"canPickup":true,"canDropoff":true,"openingstijden":{"za":"06:30 - 20:00","zo":"gesloten","ma":"06:30 - 20:00","di":"06:30 - 20:00","wo":"06:30 - 20:00","do":"06:30 - 20:00","vr":"06:30 - 20:00"}}},{"type":"Feature","geometry":{"type":"Point","coordinates":[11.3993563,44.4923554]},"properties":{"type":"pakketpunt","locatieNaam":"Tabaccheria N. 165","straatNaam":"Via Tommaso Martelli","straatNr":"25/5","vervoerder":"PosteItaliane","puntType":"servicepunt","bezettingsgraad":50,"latitude":44.4923554,"longitude":11.3993563,"canPickup":true,"canDropoff":true,"openingstijden":{"za":"07:30 - 12:30, 15:30 - 19:30","zo":"gesloten","ma":"07:00 - 12:30, 15:30 - 19:30","di":"07:00 - 12:30, 15:30 - 19:30","wo":"07:00 - 12:30, 15:30 - 19:30","do":"07:00 - 12:30, 15:30 - 19:30","vr":"07:00 - 12:30, 15:30 - 19:30"}}},{"type":"Feature","geometry":{"type":"Point","coordinates":[11.30806516,44.50637142]},"properties":{"type":"pakketpunt","locatieNaam":"Tabaccheria N. 132","straatNaam":"Via Emilia Ponente","straatNr":"99/f","vervoerder":"PosteItaliane","puntType":"servicepunt","bezettingsgraad":50,"latitude":44.50637142,"longitude":11.30806516,"canPickup":true,"canDropoff":true,"openingstijden":{"za":"07:00 - 19:30","zo":"gesloten","ma":"07:00 - 19:30","di":"07:00 - 19:30","wo":"07:00 - 19:30","do":"07:00 - 19:30","vr":"07:00 - 19:30"}}},{"type":"Feature","geometry":{"type":"Point","coordinates":[11.26910272,44.52009296]},"properties":{"type":"pakketpunt","locatieNaam":"Everparty","straatNaam":"Via Gerolamo Savonarola","straatNr":"3","vervoerder":"PosteItaliane","puntType":"servicepunt","bezettingsgraad":50,"latitude":44.52009296,"longitude":11.26910272,"canPickup":true,"canDropoff":true,"openingstijden":{"za":"08:30 - 12:30","zo":"gesloten","ma":"09:00 - 12:00, 16:00 - 19:00","di":"09:00 - 12:00, 16:00 - 19:00","wo":"09:00 - 12:00, 16:00 - 19:00","do":"09:00 - 12:00, 16:00 - 19:00","vr":"09:00 - 12:00, 16:00 - 19:00"}}},{"type":"Feature","geometry":{"type":"Point","coordinates":[11.38255947,44.46882925]},"properties":{"type":"pakketpunt","locatieNaam":"Tabaccheria N. 348","straatNaam":"Via Savigno","straatNr":"5/b","vervoerder":"PosteItaliane","puntType":"servicepunt","bezettingsgraad":50,"latitude":44.46882925,"longitude":11.38255947,"canPickup":true,"canDropoff":true,"openingstijden":{"za":"08:30 - 19:30","zo":"gesloten","ma":"08:30 - 19:30","di":"08:30 - 19:30","wo":"08:30 - 19:30","do":"08:30 - 19:30","vr":"08:30 - 19:30"}}},{"type":"Feature","geometry":{"type":"Point","coordinates":[11.40127788,44.49513754]},"properties":{"type":"pakketpunt","locatieNaam":"Tabaccheria N. 301","straatNaam":"Via Enrico Mattei","straatNr":"24/c","vervoerder":"PosteItaliane","puntType":"servicepunt","bezettingsgraad":50,"latitude":44.49513754,"longitude":11.40127788,"canPickup":true,"canDropoff":true,"openingstijden":{"za":"07:00 - 13:00, 15:30 - 19:30","zo":"gesloten","ma":"07:00 - 13:30, 15:30 - 19:30","di":"07:00 - 13:30, 15:30 - 19:30","wo":"07:00 - 13:30, 15:30 - 19:30","do":"07:00 - 13:30, 15:30 - 19:30","vr":"07:00 - 13:30, 15:30 - 19:30"}}},{"type":"Feature","geometry":{"type":"Point","coordinates":[11.29601569,44.49999584]},"properties":{"type":"pakketpunt","locatieNaam":"Tabaccheria N. 182","straatNaam":"Via Battindarno","straatNr":"324/c","vervoerder":"PosteItaliane","puntType":"servicepunt","bezettingsgraad":50,"latitude":44.49999584,"longitude":11.29601569,"canPickup":true,"canDropoff":true,"openingstijden":{"za":"07:30 - 13:00, 16:00 - 19:30","zo":"gesloten","ma":"07:30 - 13:00, 16:00 - 19:30","di":"07:30 - 13:00, 16:00 - 19:30","wo":"07:30 - 13:00, 16:00 - 19:30","do":"07:30 - 13:00, 16:00 - 19:30","vr":"07:30 - 13:00, 16:00 - 19:30"}}},{"type":"Feature","geometry":{"type":"Point","coordinates":[11.35382215,44.49412347]},"properties":{"type":"pakketpunt","locatieNaam":"Tabaccheria N. 55","straatNaam":"Via San Vitale","straatNr":"82/d","vervoerder":"PosteItaliane","puntType":"servicepunt","bezettingsgraad":50,"latitude":44.49412347,"longitude":11.35382215,"canPickup":true,"canDropoff":true,"openingstijden":{"za":"10:00 - 13:00","zo":"gesloten","ma":"09:00 - 13:00, 16:00 - 19:00","di":"09:00 - 13:00, 16:00 - 19:00","wo":"09:00 - 13:00, 16:00 - 19:00","do":"09:00 - 13:00, 16:00 - 19:00","vr":"09:00 - 13:00, 16:00 - 19:00"}}},{"type":"Feature","geometry":{"type":"Point","coordinates":[11.34289847,44.50010793]},"properties":{"type":"pakketpunt","locatieNaam":"Tabaccheria N. 75","straatNaam":"Via Galliera","straatNr":"32/d","vervoerder":"PosteItaliane","puntType":"servicepunt","bezettingsgraad":50,"latitude":44.50010793,"longitude":11.34289847,"canPickup":true,"canDropoff":true,"openingstijden":{"za":"08:30 - 14:00","zo":"gesloten","ma":"07:30 - 14:30, 15:30 - 19:30","di":"07:30 - 14:30, 15:30 - 19:30","wo":"07:30 - 14:30, 15:30 - 19:30","do":"07:30 - 14:30, 15:30 - 19:30","vr":"07:30 - 14:30, 15:30 - 19:30"}}},{"type":"Feature","geometry":{"type":"Point","coordinates":[11.32571185,44.49248177]},"properties":{"type":"pakketpunt","locatieNaam":"Tabaccheria N. 160","straatNaam":"Via Alessandro Guidotti","straatNr":"38/c","vervoerder":"PosteItaliane","puntType":"servicepunt","bezettingsgraad":50,"latitude":44.49248177,"longitude":11.32571185,"canPickup":true,"canDropoff":true,"openingstijden":{"za":"08:00 - 21:00","zo":"gesloten","ma":"07:00 - 21:00","di":"07:00 - 21:00","wo":"07:00 - 21:00","do":"07:00 - 21:00","vr":"07:00 - 21:00"}}},{"type":"Feature","geometry":{"type":"Point","coordinates":[11.3784654,44.46444307]},"properties":{"type":"pakketpunt","locatieNaam":"Tabaccheria N. 299","straatNaam":"Via Giuseppe Cesare Abba","straatNr":"12/b","vervoerder":"PosteItaliane","puntType":"servicepunt","bezettingsgraad":50,"latitude":44.46444307,"longitude":11.3784654,"canPickup":true,"canDropoff":true,"openingstijden":{"za":"08:00 - 13:00, 16:00 - 19:30","zo":"gesloten","ma":"08:00 - 13:00, 16:00 - 19:30","di":"08:00 - 13:00, 16:00 - 19:30","wo":"08:00 - 13:00, 16:00 - 19:30","do":"08:00 - 13:00, 16:00 - 19:30","vr":"08:00 - 13:00, 16:00 - 19:30"}}},{"type":"Feature","geometry":{"type":"Point","coordinates":[11.34233372,44.48785972]},"properties":{"type":"pakketpunt","locatieNaam":"Tabaccheria N. 46","straatNaam":"Via Solferino","straatNr":"27/b","vervoerder":"PosteItaliane","puntType":"servicepunt","bezettingsgraad":50,"latitude":44.48785972,"longitude":11.34233372,"canPickup":true,"canDropoff":true,"openingstijden":{"za":"09:00 - 13:00","zo":"gesloten","ma":"08:00 - 13:00, 16:00 - 19:45","di":"08:00 - 13:00, 16:00 - 19:45","wo":"08:00 - 13:00, 16:00 - 19:45","do":"08:00 - 13:00, 16:00 - 19:45","vr":"08:00 - 13:00, 16:00 - 19:45"}}},{"type":"Feature","geometry":{"type":"Point","coordinates":[11.34706663,44.49148337]},"properties":{"type":"pakketpunt","locatieNaam":"Tabaccheria N. 6","straatNaam":"Via Luigi Carlo Farini","straatNr":"21/c","vervoerder":"PosteItaliane","puntType":"servicepunt","bezettingsgraad":50,"latitude":44.49148337,"longitude":11.34706663,"canPickup":true,"canDropoff":true,"openingstijden":{"za":"08:30 - 19:00","zo":"gesloten","ma":"07:30 - 19:00","di":"07:30 - 19:00","wo":"07:30 - 19:00","do":"07:30 - 19:00","vr":"07:30 - 19:00"}}},{"type":"Feature","geometry":{"type":"Point","coordinates":[11.33602929,44.47722941]},"properties":{"type":"pakketpunt","locatieNaam":"Caffe' Errante","straatNaam":"Via San Mamolo","straatNr":"144/b","vervoerder":"PosteItaliane","puntType":"servicepunt","bezettingsgraad":50,"latitude":44.47722941,"longitude":11.33602929,"canPickup":true,"canDropoff":true,"openingstijden":{"za":"08:00 - 12:30, 17:00 - 20:00","zo":"08:00 - 12:30, 17:00 - 20:00","ma":"07:30 - 14:00, 17:00 - 20:30","di":"07:30 - 14:00, 17:00 - 20:30","wo":"07:30 - 14:00, 17:00 - 20:30","do":"07:30 - 14:00, 17:00 - 20:30","vr":"07:30 - 14:00, 17:00 - 20:30"}}},{"type":"Feature","geometry":{"type":"Point","coordinates":[11.3605008,44.4933118]},"properties":{"type":"pakketpunt","locatieNaam":"Tabaccheria N. 92","straatNaam":"Via Giovanna Zaccherini Alvisi","straatNr":"2/b","vervoerder":"PosteItaliane","puntType":"servicepunt","bezettingsgraad":50,"latitude":44.4933118,"longitude":11.3605008,"canPickup":true,"canDropoff":true,"openingstijden":{"za":"08:30 - 14:30, 16:30 - 19:00","zo":"gesloten","ma":"06:30 - 14:30, 16:30 - 19:00","di":"06:30 - 14:30, 16:30 - 19:00","wo":"06:30 - 14:30, 16:30 - 19:00","do":"06:30 - 14:30, 16:30 - 19:00","vr":"06:30 - 14:30, 16:30 - 19:00"}}},{"type":"Feature","geometry":{"type":"Point","coordinates":[11.38254376,44.48094648]},"properties":{"type":"pakketpunt","locatieNaam":"Tabaccheria N. 324","straatNaam":"Viale Ilic Uljanov Lenin","straatNr":"2/e","vervoerder":"PosteItaliane","puntType":"servicepunt","bezettingsgraad":50,"latitude":44.48094648,"longitude":11.38254376,"canPickup":true,"canDropoff":true,"openingstijden":{"za":"10:00 - 12:00, 16:15 - 19:00","zo":"gesloten","ma":"09:00 - 12:00, 16:15 - 19:00","di":"09:00 - 12:00, 16:15 - 19:00","wo":"09:00 - 12:00, 16:15 - 19:00","do":"09:00 - 12:00, 16:15 - 19:00","vr":"09:00 - 12:00, 16:15 - 19:00"}}},{"type":"Feature","geometry":{"type":"Point","coordinates":[11.34426851,44.49149629]},"properties":{"type":"pakketpunt","locatieNaam":"Tabaccheria N. 54","straatNaam":"Via Luigi Carlo Farini","straatNr":"14/a","vervoerder":"PosteItaliane","puntType":"servicepunt","bezettingsgraad":50,"latitude":44.49149629,"longitude":11.34426851,"canPickup":true,"canDropoff":true,"openingstijden":{"za":"08:30 - 13:30","zo":"gesloten","ma":"08:00 - 14:00","di":"08:00 - 14:00","wo":"08:00 - 14:00","do":"08:00 - 14:00","vr":"08:00 - 14:00"}}},{"type":"Feature","geometry":{"type":"Point","coordinates":[11.35866935,44.51391373]},"properties":{"type":"pakketpunt","locatieNaam":"Tabaccheria N. 320","straatNaam":"Via Stalingrado","straatNr":"43","vervoerder":"PosteItaliane","puntType":"servicepunt","bezettingsgraad":50,"latitude":44.51391373,"longitude":11.35866935,"canPickup":true,"canDropoff":true,"openingstijden":{"za":"gesloten","zo":"gesloten","ma":"06:30 - 17:00","di":"06:30 - 17:00","wo":"06:30 - 17:00","do":"06:30 - 17:00","vr":"06:30 - 17:00"}}},{"type":"Feature","geometry":{"type":"Point","coordinates":[11.35476946,44.50787258]},"properties":{"type":"pakketpunt","locatieNaam":"Unic Market","straatNaam":"Via Sebastiano Serlio","straatNr":"30/d","vervoerder":"PosteItaliane","puntType":"servicepunt","bezettingsgraad":50,"latitude":44.50787258,"longitude":11.35476946,"canPickup":true,"canDropoff":true,"openingstijden":{"za":"11:00 - 16:00","zo":"gesloten","ma":"10:30 - 13:30, 15:30 - 18:30","di":"10:30 - 13:30, 15:30 - 18:30","wo":"10:30 - 13:30, 15:30 - 18:30","do":"10:30 - 13:30, 15:30 - 18:30","vr":"10:30 - 13:30, 15:30 - 18:30"}}},{"type":"Feature","geometry":{"type":"Point","coordinates":[11.29710222,44.49359642]},"properties":{"type":"pakketpunt","locatieNaam":"Tabaccheria N. 307","straatNaam":"Via Della Filanda","straatNr":"2/b","vervoerder":"PosteItaliane","puntType":"servicepunt","bezettingsgraad":50,"latitude":44.49359642,"longitude":11.29710222,"canPickup":true,"canDropoff":true,"openingstijden":{"za":"07:45 - 12:45","zo":"gesloten","ma":"07:45 - 12:45, 16:00 - 19:15","di":"07:45 - 12:45, 16:00 - 19:15","wo":"07:45 - 12:45, 16:00 - 19:15","do":"07:45 - 12:45, 16:00 - 19:15","vr":"07:45 - 12:45, 16:00 - 19:15"}}},{"type":"Feature","geometry":{"type":"Point","coordinates":[11.29480085,44.52092222]},"properties":{"type":"pakketpunt","locatieNaam":"Tabaccheria N. 222","straatNaam":"Via Del Triumvirato","straatNr":"91/c","vervoerder":"PosteItaliane","puntType":"servicepunt","bezettingsgraad":50,"latitude":44.52092222,"longitude":11.29480085,"canPickup":true,"canDropoff":true,"openingstijden":{"za":"07:00 - 13:00, 15:30 - 19:30","zo":"gesloten","ma":"07:00 - 13:00, 15:30 - 19:30","di":"07:00 - 13:00, 15:30 - 19:30","wo":"07:00 - 13:00, 15:30 - 19:30","do":"07:00 - 13:00, 15:30 - 19:30","vr":"07:00 - 13:00, 15:30 - 19:30"}}},{"type":"Feature","geometry":{"type":"Point","coordinates":[11.37368096,44.50142262]},"properties":{"type":"pakketpunt","locatieNaam":"Tabaccheria N. 296","straatNaam":"Via Isabella Andreini","straatNr":"30/f","vervoerder":"PosteItaliane","puntType":"servicepunt","bezettingsgraad":50,"latitude":44.50142262,"longitude":11.37368096,"canPickup":true,"canDropoff":true,"openingstijden":{"za":"08:00 - 13:00, 15:30 - 19:30","zo":"gesloten","ma":"08:00 - 13:00, 15:30 - 19:30","di":"08:00 - 13:00, 15:30 - 19:30","wo":"08:00 - 13:00, 15:30 - 19:30","do":"08:00 - 13:00, 15:30 - 19:30","vr":"08:00 - 13:00, 15:30 - 19:30"}}},{"type":"Feature","geometry":{"type":"Point","coordinates":[11.33766655,44.4973995]},"properties":{"type":"pakketpunt","locatieNaam":"Tabaccheria N. 74","straatNaam":"Via Guglielmo Marconi","straatNr":"18/e","vervoerder":"PosteItaliane","puntType":"servicepunt","bezettingsgraad":50,"latitude":44.4973995,"longitude":11.33766655,"canPickup":true,"canDropoff":true,"openingstijden":{"za":"09:00 - 19:15","zo":"gesloten","ma":"09:00 - 19:15","di":"09:00 - 19:15","wo":"09:00 - 19:15","do":"09:00 - 19:15","vr":"09:00 - 19:15"}}},{"type":"Feature","geometry":{"type":"Point","coordinates":[11.31858301,44.49726189]},"properties":{"type":"pakketpunt","locatieNaam":"Tabaccheria N. 238","straatNaam":"Via Tolmino","straatNr":"1/b","vervoerder":"PosteItaliane","puntType":"servicepunt","bezettingsgraad":50,"latitude":44.49726189,"longitude":11.31858301,"canPickup":true,"canDropoff":true,"openingstijden":{"za":"07:00 - 12:30","zo":"gesloten","ma":"07:00 - 12:30","di":"07:00 - 12:30","wo":"07:00 - 12:30","do":"07:00 - 12:30","vr":"07:00 - 12:30"}}},{"type":"Feature","geometry":{"type":"Point","coordinates":[11.37877005,44.47626402]},"properties":{"type":"pakketpunt","locatieNaam":"Tabaccheria N. 352","straatNaam":"Via Po","straatNr":"11/a","vervoerder":"PosteItaliane","puntType":"servicepunt","bezettingsgraad":50,"latitude":44.47626402,"longitude":11.37877005,"canPickup":true,"canDropoff":true,"openingstijden":{"za":"07:00 - 14:00, 15:00 - 19:30","zo":"gesloten","ma":"07:00 - 14:00, 15:00 - 19:30","di":"07:00 - 14:00, 15:00 - 19:30","wo":"07:00 - 14:00, 15:00 - 19:30","do":"07:00 - 14:00, 15:00 - 19:30","vr":"07:00 - 14:00, 15:00 - 19:30"}}},{"type":"Feature","geometry":{"type":"Point","coordinates":[11.33027199,44.49820452]},"properties":{"type":"pakketpunt","locatieNaam":"Tabaccheria N. 26","straatNaam":"Via San Felice","straatNr":"107/a","vervoerder":"PosteItaliane","puntType":"servicepunt","bezettingsgraad":50,"latitude":44.49820452,"longitude":11.33027199,"canPickup":true,"canDropoff":true,"openingstijden":{"za":"09:00 - 19:00","zo":"gesloten","ma":"08:30 - 19:30","di":"08:30 - 19:30","wo":"08:30 - 19:30","do":"08:30 - 19:30","vr":"08:30 - 19:30"}}},{"type":"Feature","geometry":{"type":"Point","coordinates":[11.34837236,44.52163476]},"properties":{"type":"pakketpunt","locatieNaam":"Tabaccheria N. 170","straatNaam":"Via Di Corticella","straatNr":"121/a","vervoerder":"PosteItaliane","puntType":"servicepunt","bezettingsgraad":50,"latitude":44.52163476,"longitude":11.34837236,"canPickup":true,"canDropoff":true,"openingstijden":{"za":"06:45 - 13:00, 15:00 - 19:30","zo":"gesloten","ma":"06:45 - 13:00, 15:00 - 19:30","di":"06:45 - 13:00, 15:00 - 19:30","wo":"06:45 - 13:00, 15:00 - 19:30","do":"06:45 - 13:00, 15:00 - 19:30","vr":"06:45 - 13:00, 15:00 - 19:30"}}},{"type":"Feature","geometry":{"type":"Point","coordinates":[11.33868971,44.50397758]},"properties":{"type":"pakketpunt","locatieNaam":"Tabaccheria N. 82","straatNaam":"Via Cairoli","straatNr":"7/c","vervoerder":"PosteItaliane","puntType":"servicepunt","bezettingsgraad":50,"latitude":44.50397758,"longitude":11.33868971,"canPickup":true,"canDropoff":true,"openingstijden":{"za":"08:00 - 13:00","zo":"gesloten","ma":"07:30 - 19:30","di":"07:30 - 19:30","wo":"07:30 - 19:30","do":"07:30 - 19:30","vr":"07:30 - 19:30"}}},{"type":"Feature","geometry":{"type":"Point","coordinates":[11.37763179,44.48698652]},"properties":{"type":"pakketpunt","locatieNaam":"Tabaccheria N. 94","straatNaam":"Viale Felsina","straatNr":"31","vervoerder":"PosteItaliane","puntType":"servicepunt","bezettingsgraad":50,"latitude":44.48698652,"longitude":11.37763179,"canPickup":true,"canDropoff":true,"openingstijden":{"za":"07:30 - 13:00","zo":"gesloten","ma":"07:30 - 13:00, 15:30 - 19:30","di":"07:30 - 13:00, 15:30 - 19:30","wo":"07:30 - 13:00, 15:30 - 19:30","do":"07:30 - 13:00, 15:30 - 19:30","vr":"07:30 - 13:00, 15:30 - 19:30"}}},{"type":"Feature","geometry":{"type":"Point","coordinates":[11.39365348,44.48289014]},"properties":{"type":"pakketpunt","locatieNaam":"Tabaccheria N. 380","straatNaam":"Via Due Madonne","straatNr":"6/2","vervoerder":"PosteItaliane","puntType":"servicepunt","bezettingsgraad":50,"latitude":44.48289014,"longitude":11.39365348,"canPickup":true,"canDropoff":true,"openingstijden":{"za":"07:00 - 19:30","zo":"gesloten","ma":"07:00 - 19:30","di":"07:00 - 19:30","wo":"07:00 - 19:30","do":"07:00 - 19:30","vr":"07:00 - 19:30"}}},{"type":"Feature","geometry":{"type":"Point","coordinates":[11.3370225,44.48150002]},"properties":{"type":"pakketpunt","locatieNaam":"Tabaccheria N. 201","straatNaam":"Via San Mamolo","straatNr":"66/a","vervoerder":"PosteItaliane","puntType":"servicepunt","bezettingsgraad":50,"latitude":44.48150002,"longitude":11.3370225,"canPickup":true,"canDropoff":true,"openingstijden":{"za":"07:00 - 13:15, 16:00 - 19:45","zo":"gesloten","ma":"07:00 - 13:15, 16:00 - 19:45","di":"07:00 - 13:15, 16:00 - 19:45","wo":"07:00 - 13:15, 16:00 - 19:45","do":"07:00 - 13:15, 16:00 - 19:45","vr":"07:00 - 13:15, 16:00 - 19:45"}}},{"type":"Feature","geometry":{"type":"Point","coordinates":[11.3421884,44.50177012]},"properties":{"type":"pakketpunt","locatieNaam":"Tabaccheria N. 136","straatNaam":"Via Dei Mille","straatNr":"11/a","vervoerder":"PosteItaliane","puntType":"servicepunt","bezettingsgraad":50,"latitude":44.50177012,"longitude":11.3421884,"canPickup":true,"canDropoff":true,"openingstijden":{"za":"07:30 - 13:30, 15:30 - 19:30","zo":"gesloten","ma":"07:30 - 13:30, 16:00 - 19:30","di":"07:30 - 13:30, 16:00 - 19:30","wo":"07:30 - 13:30, 16:00 - 19:30","do":"07:30 - 13:30, 15:30 - 19:30","vr":"07:30 - 13:30, 15:30 - 19:30"}}},{"type":"Feature","geometry":{"type":"Point","coordinates":[11.29621601,44.5089946]},"properties":{"type":"pakketpunt","locatieNaam":"Tabaccheria N. 100","straatNaam":"Via Emilia Ponente","straatNr":"247/b","vervoerder":"PosteItaliane","puntType":"servicepunt","bezettingsgraad":50,"latitude":44.5089946,"longitude":11.29621601,"canPickup":true,"canDropoff":true,"openingstijden":{"za":"07:00 - 13:00, 15:30 - 19:30","zo":"gesloten","ma":"07:00 - 13:00, 15:30 - 19:30","di":"07:00 - 13:00, 15:30 - 19:30","wo":"07:00 - 13:00, 15:30 - 19:30","do":"07:00 - 13:00, 15:30 - 19:30","vr":"07:00 - 13:00, 15:30 - 19:30"}}},{"type":"Feature","geometry":{"type":"Point","coordinates":[11.3164772,44.48890684]},"properties":{"type":"pakketpunt","locatieNaam":"Tabaccheria N. 211","straatNaam":"Via Saragozza","straatNr":"189/2b","vervoerder":"PosteItaliane","puntType":"servicepunt","bezettingsgraad":50,"latitude":44.48890684,"longitude":11.3164772,"canPickup":true,"canDropoff":true,"openingstijden":{"za":"gesloten","zo":"09:00 - 18:00","ma":"08:00 - 19:00","di":"08:00 - 19:00","wo":"08:00 - 19:00","do":"08:00 - 19:00","vr":"08:00 - 19:00"}}},{"type":"Feature","geometry":{"type":"Point","coordinates":[11.30049164,44.50418958]},"properties":{"type":"pakketpunt","locatieNaam":"Tabaccheria N. 154","straatNaam":"Via Battindarno","straatNr":"150/d","vervoerder":"PosteItaliane","puntType":"servicepunt","bezettingsgraad":50,"latitude":44.50418958,"longitude":11.30049164,"canPickup":true,"canDropoff":true,"openingstijden":{"za":"07:00 - 13:00, 15:30 - 18:30","zo":"gesloten","ma":"07:00 - 13:00, 15:30 - 19:00","di":"07:00 - 13:00, 15:30 - 19:00","wo":"07:00 - 13:00, 15:30 - 19:00","do":"07:00 - 13:00, 15:30 - 19:00","vr":"07:00 - 13:00, 15:30 - 19:00"}}},{"type":"Feature","geometry":{"type":"Point","coordinates":[11.37028861,44.50086955]},"properties":{"type":"pakketpunt","locatieNaam":"Tabaccheria N. 329","straatNaam":"Via Filippo Beroaldo","straatNr":"55/a","vervoerder":"PosteItaliane","puntType":"servicepunt","bezettingsgraad":50,"latitude":44.50086955,"longitude":11.37028861,"canPickup":true,"canDropoff":true,"openingstijden":{"za":"07:00 - 13:00, 15:30 - 19:30","zo":"gesloten","ma":"07:00 - 13:00, 15:30 - 19:30","di":"07:00 - 13:00, 15:30 - 19:30","wo":"07:00 - 13:00, 15:30 - 19:30","do":"07:00 - 13:00, 15:30 - 19:30","vr":"07:00 - 13:00, 15:30 - 19:30"}}},{"type":"Feature","geometry":{"type":"Point","coordinates":[11.29593519,44.48814183]},"properties":{"type":"pakketpunt","locatieNaam":"Tabaccheria N. 332","straatNaam":"Via Don Luigi Sturzo","straatNr":"43/c","vervoerder":"PosteItaliane","puntType":"servicepunt","bezettingsgraad":50,"latitude":44.48814183,"longitude":11.29593519,"canPickup":true,"canDropoff":true,"openingstijden":{"za":"07:30 - 12:30","zo":"gesloten","ma":"07:30 - 12:30, 15:30 - 19:30","di":"07:30 - 12:30, 15:30 - 19:30","wo":"07:30 - 12:30, 15:30 - 19:30","do":"07:30 - 12:30, 15:30 - 19:30","vr":"07:30 - 12:30, 15:30 - 19:30"}}},{"type":"Feature","geometry":{"type":"Point","coordinates":[11.31353852,44.50394692]},"properties":{"type":"pakketpunt","locatieNaam":"Tabaccheria N. 214","straatNaam":"Via Emilia Ponente","straatNr":"18/a","vervoerder":"PosteItaliane","puntType":"servicepunt","bezettingsgraad":50,"latitude":44.50394692,"longitude":11.31353852,"canPickup":true,"canDropoff":true,"openingstijden":{"za":"06:30 - 13:00, 15:30 - 18:30","zo":"gesloten","ma":"06:30 - 19:00","di":"06:30 - 19:00","wo":"06:30 - 19:00","do":"06:30 - 19:00","vr":"06:30 - 19:00"}}},{"type":"Feature","geometry":{"type":"Point","coordinates":[11.33950779,44.50189337]},"properties":{"type":"pakketpunt","locatieNaam":"Tabaccheria N. 126","straatNaam":"Piazza Dei Martiri 1943 1945","straatNr":"3/c","vervoerder":"PosteItaliane","puntType":"servicepunt","bezettingsgraad":50,"latitude":44.50189337,"longitude":11.33950779,"canPickup":true,"canDropoff":true,"openingstijden":{"za":"07:30 - 13:00","zo":"gesloten","ma":"07:30 - 19:00","di":"07:30 - 19:00","wo":"07:30 - 19:00","do":"07:30 - 19:00","vr":"07:30 - 19:00"}}},{"type":"Feature","geometry":{"type":"Point","coordinates":[11.38547788,44.47282264]},"properties":{"type":"pakketpunt","locatieNaam":"Tabaccheria N. 174","straatNaam":"Via Degli Ortolani","straatNr":"34","vervoerder":"PosteItaliane","puntType":"servicepunt","bezettingsgraad":50,"latitude":44.47282264,"longitude":11.38547788,"canPickup":true,"canDropoff":true,"openingstijden":{"za":"08:00 - 12:00","zo":"gesloten","ma":"08:00 - 18:30","di":"08:00 - 18:30","wo":"08:00 - 18:30","do":"08:00 - 18:30","vr":"08:00 - 18:30"}}},{"type":"Feature","geometry":{"type":"Point","coordinates":[11.28167421,44.51636176]},"properties":{"type":"pakketpunt","locatieNaam":"Tabaccheria N. 261","straatNaam":"Via Panigale","straatNr":"5/4","vervoerder":"PosteItaliane","puntType":"servicepunt","bezettingsgraad":50,"latitude":44.51636176,"longitude":11.28167421,"canPickup":true,"canDropoff":true,"openingstijden":{"za":"06:30 - 12:30, 15:00 - 19:00","zo":"gesloten","ma":"06:30 - 12:30, 15:00 - 19:00","di":"06:30 - 12:30, 15:00 - 19:00","wo":"06:30 - 12:30, 15:00 - 19:00","do":"06:30 - 12:30, 15:00 - 19:00","vr":"06:30 - 12:30, 15:00 - 19:00"}}},{"type":"Feature","geometry":{"type":"Point","coordinates":[11.36520015,44.50411117]},"properties":{"type":"pakketpunt","locatieNaam":"Tabaccheria N. 323","straatNaam":"Via Tommaso Salvini","straatNr":"4/d","vervoerder":"PosteItaliane","puntType":"servicepunt","bezettingsgraad":50,"latitude":44.50411117,"longitude":11.36520015,"canPickup":true,"canDropoff":true,"openingstijden":{"za":"08:00 - 19:00","zo":"gesloten","ma":"08:00 - 19:00","di":"08:00 - 19:00","wo":"08:00 - 19:00","do":"08:00 - 19:00","vr":"08:00 - 19:00"}}},{"type":"Feature","geometry":{"type":"Point","coordinates":[11.31199255,44.49012761]},"properties":{"type":"pakketpunt","locatieNaam":"Tabaccheria N. 109","straatNaam":"Via Saragozza","straatNr":"233/c","vervoerder":"PosteItaliane","puntType":"servicepunt","bezettingsgraad":50,"latitude":44.49012761,"longitude":11.31199255,"canPickup":true,"canDropoff":true,"openingstijden":{"za":"07:00 - 13:30, 15:00 - 19:30","zo":"gesloten","ma":"07:00 - 13:30, 15:00 - 19:30","di":"07:00 - 13:30, 15:00 - 19:30","wo":"07:00 - 13:30, 15:00 - 19:30","do":"07:00 - 13:30, 15:00 - 19:30","vr":"07:00 - 13:30, 15:00 - 19:30"}}},{"type":"Feature","geometry":{"type":"Point","coordinates":[11.34606781,44.48627562]},"properties":{"type":"pakketpunt","locatieNaam":"Tabaccheria N. 156","straatNaam":"Viale Dodici Giugno","straatNr":"18","vervoerder":"PosteItaliane","puntType":"servicepunt","bezettingsgraad":50,"latitude":44.48627562,"longitude":11.34606781,"canPickup":true,"canDropoff":true,"openingstijden":{"za":"07:00 - 19:30","zo":"gesloten","ma":"07:00 - 19:30","di":"07:00 - 19:30","wo":"07:00 - 19:30","do":"07:00 - 19:30","vr":"07:00 - 19:30"}}},{"type":"Feature","geometry":{"type":"Point","coordinates":[11.3420964,44.49851149]},"properties":{"type":"pakketpunt","locatieNaam":"Tabaccheria N. 76","straatNaam":"Via Galliera","straatNr":"14","vervoerder":"PosteItaliane","puntType":"servicepunt","bezettingsgraad":50,"latitude":44.49851149,"longitude":11.3420964,"canPickup":true,"canDropoff":true,"openingstijden":{"za":"07:00 - 19:45","zo":"08:00 - 19:00","ma":"07:00 - 19:45","di":"07:00 - 19:45","wo":"07:00 - 19:45","do":"07:00 - 19:45","vr":"07:00 - 19:45"}}},{"type":"Feature","geometry":{"type":"Point","coordinates":[11.28964217,44.5113742]},"properties":{"type":"pakketpunt","locatieNaam":"Non Solo Caffe","straatNaam":"Via Emilia Ponente","straatNr":"256/c","vervoerder":"PosteItaliane","puntType":"servicepunt","bezettingsgraad":50,"latitude":44.5113742,"longitude":11.28964217,"canPickup":true,"canDropoff":true,"openingstijden":{"za":"gesloten","zo":"gesloten","ma":"09:00 - 18:30","di":"09:00 - 18:30","wo":"09:00 - 18:30","do":"09:00 - 18:30","vr":"09:00 - 18:30"}}},{"type":"Feature","geometry":{"type":"Point","coordinates":[11.35046616,44.48996018]},"properties":{"type":"pakketpunt","locatieNaam":"Tabaccheria N. 11","straatNaam":"Via Santo Stefano","straatNr":"40/1","vervoerder":"PosteItaliane","puntType":"servicepunt","bezettingsgraad":50,"latitude":44.48996018,"longitude":11.35046616,"canPickup":true,"canDropoff":true,"openingstijden":{"za":"08:00 - 19:30","zo":"gesloten","ma":"08:00 - 19:30","di":"08:00 - 19:30","wo":"08:00 - 19:30","do":"08:00 - 19:30","vr":"08:00 - 19:30"}}},{"type":"Feature","geometry":{"type":"Point","coordinates":[11.2953212,44.49808292]},"properties":{"type":"pakketpunt","locatieNaam":"Sate Telefonia","straatNaam":"Via Battindarno","straatNr":"155/b","vervoerder":"PosteItaliane","puntType":"servicepunt","bezettingsgraad":50,"latitude":44.49808292,"longitude":11.2953212,"canPickup":true,"canDropoff":true,"openingstijden":{"za":"09:00 - 12:30","zo":"gesloten","ma":"09:00 - 12:30, 16:00 - 19:00","di":"09:00 - 12:30, 16:00 - 19:00","wo":"09:00 - 12:30, 16:00 - 19:00","do":"09:00 - 12:30","vr":"09:00 - 12:30, 16:00 - 19:00"}}},{"type":"Feature","geometry":{"type":"Point","coordinates":[11.37362736,44.49009485]},"properties":{"type":"pakketpunt","locatieNaam":"Tabaccheria N. 258","straatNaam":"Via Azzurra","straatNr":"29/b","vervoerder":"PosteItaliane","puntType":"servicepunt","bezettingsgraad":50,"latitude":44.49009485,"longitude":11.37362736,"canPickup":true,"canDropoff":true,"openingstijden":{"za":"07:30 - 19:30","zo":"gesloten","ma":"07:30 - 19:30","di":"07:30 - 19:30","wo":"07:30 - 19:30","do":"07:30 - 19:30","vr":"07:30 - 19:30"}}},{"type":"Feature","geometry":{"type":"Point","coordinates":[11.31763376,44.50002603]},"properties":{"type":"pakketpunt","locatieNaam":"Studio Saffi Snc","straatNaam":"Via Del Timavo","straatNr":"17/c","vervoerder":"PosteItaliane","puntType":"servicepunt","bezettingsgraad":50,"latitude":44.50002603,"longitude":11.31763376,"canPickup":true,"canDropoff":true,"openingstijden":{"za":"gesloten","zo":"gesloten","ma":"09:00 - 18:00","di":"09:00 - 18:00","wo":"09:00 - 18:00","do":"09:00 - 18:00","vr":"09:00 - 18:00"}}},{"type":"Feature","geometry":{"type":"Point","coordinates":[11.28542722,44.49609167]},"properties":{"type":"pakketpunt","locatieNaam":"Tabaccheria N. 290","straatNaam":"Piazza Giovanni Xxiii","straatNr":"19/a","vervoerder":"PosteItaliane","puntType":"servicepunt","bezettingsgraad":50,"latitude":44.49609167,"longitude":11.28542722,"canPickup":true,"canDropoff":true,"openingstijden":{"za":"07:30 - 12:30, 16:00 - 19:30","zo":"gesloten","ma":"07:30 - 12:30, 16:00 - 19:30","di":"07:30 - 12:30, 16:00 - 19:30","wo":"07:30 - 12:30, 16:00 - 19:30","do":"07:30 - 12:30, 16:00 - 19:30","vr":"07:30 - 12:30, 16:00 - 19:30"}}},{"type":"Feature","geometry":{"type":"Point","coordinates":[11.35680087,44.54759261]},"properties":{"type":"pakketpunt","locatieNaam":"Tabaccheria N. 115","straatNaam":"Via Genuzio Bentini","straatNr":"59","vervoerder":"PosteItaliane","puntType":"servicepunt","bezettingsgraad":50,"latitude":44.54759261,"longitude":11.35680087,"canPickup":true,"canDropoff":true,"openingstijden":{"za":"07:00 - 19:30","zo":"gesloten","ma":"07:00 - 19:30","di":"07:00 - 19:30","wo":"07:00 - 19:30","do":"07:00 - 19:30","vr":"07:00 - 19:30"}}},{"type":"Feature","geometry":{"type":"Point","coordinates":[11.37486108,44.48336911]},"properties":{"type":"pakketpunt","locatieNaam":"Tabaccheria N. 285","straatNaam":"Via Emilia Levante","straatNr":"11/c","vervoerder":"PosteItaliane","puntType":"servicepunt","bezettingsgraad":50,"latitude":44.48336911,"longitude":11.37486108,"canPickup":true,"canDropoff":true,"openingstijden":{"za":"07:30 - 13:00","zo":"gesloten","ma":"07:30 - 19:00","di":"07:30 - 19:00","wo":"07:30 - 19:00","do":"07:30 - 19:00","vr":"07:30 - 19:00"}}},{"type":"Feature","geometry":{"type":"Point","coordinates":[11.32683845,44.50188652]},"properties":{"type":"pakketpunt","locatieNaam":"Tabaccheria N. 187","straatNaam":"Via Innocenzo Malvasia","straatNr":"16/b","vervoerder":"PosteItaliane","puntType":"servicepunt","bezettingsgraad":50,"latitude":44.50188652,"longitude":11.32683845,"canPickup":true,"canDropoff":true,"openingstijden":{"za":"07:30 - 12:30, 15:30 - 19:00","zo":"gesloten","ma":"07:30 - 12:30, 15:30 - 19:00","di":"07:30 - 12:30, 15:30 - 19:00","wo":"07:30 - 12:30, 15:30 - 19:00","do":"07:30 - 12:30, 15:30 - 19:00","vr":"07:30 - 12:30, 15:30 - 19:00"}}},{"type":"Feature","geometry":{"type":"Point","coordinates":[11.34571997,44.49546282]},"properties":{"type":"pakketpunt","locatieNaam":"Tabaccheria N. 67","straatNaam":"Via Guglielmo Oberdan","straatNr":"11/f","vervoerder":"PosteItaliane","puntType":"servicepunt","bezettingsgraad":50,"latitude":44.49546282,"longitude":11.34571997,"canPickup":true,"canDropoff":true,"openingstijden":{"za":"09:30 - 13:00, 15:30 - 19:30","zo":"gesloten","ma":"09:00 - 13:00, 15:30 - 19:30","di":"09:00 - 13:00, 15:30 - 19:30","wo":"09:00 - 13:00, 15:30 - 19:30","do":"09:00 - 13:00, 15:30 - 19:30","vr":"09:00 - 13:00, 15:30 - 19:30"}}},{"type":"Feature","geometry":{"type":"Point","coordinates":[11.27943945,44.51600081]},"properties":{"type":"pakketpunt","locatieNaam":"Tabaccheria N. 227","straatNaam":"Via Marco Emilio Lepido","straatNr":"11/f","vervoerder":"PosteItaliane","puntType":"servicepunt","bezettingsgraad":50,"latitude":44.51600081,"longitude":11.27943945,"canPickup":true,"canDropoff":true,"openingstijden":{"za":"07:00 - 19:30","zo":"07:00 - 13:00","ma":"07:00 - 19:30","di":"07:00 - 19:30","wo":"07:00 - 19:30","do":"07:00 - 19:30","vr":"07:00 - 19:30"}}},{"type":"Feature","geometry":{"type":"Point","coordinates":[11.34113764,44.50967475]},"properties":{"type":"pakketpunt","locatieNaam":"Tabaccheria N. 215","straatNaam":"Via Domenico Zampieri","straatNr":"41/b","vervoerder":"PosteItaliane","puntType":"servicepunt","bezettingsgraad":50,"latitude":44.50967475,"longitude":11.34113764,"canPickup":true,"canDropoff":true,"openingstijden":{"za":"08:00 - 12:30, 15:30 - 19:30","zo":"gesloten","ma":"08:00 - 19:30","di":"08:00 - 19:30","wo":"08:00 - 19:30","do":"08:00 - 19:30","vr":"08:00 - 19:30"}}},{"type":"Feature","geometry":{"type":"Point","coordinates":[11.36635078,44.49285468]},"properties":{"type":"pakketpunt","locatieNaam":"Tabaccheria N. 122","straatNaam":"Via Giuseppe Massarenti","straatNr":"118","vervoerder":"PosteItaliane","puntType":"servicepunt","bezettingsgraad":50,"latitude":44.49285468,"longitude":11.36635078,"canPickup":true,"canDropoff":true,"openingstijden":{"za":"09:00 - 12:00, 15:00 - 19:00","zo":"gesloten","ma":"08:00 - 12:00, 15:00 - 19:00","di":"08:00 - 12:00, 15:00 - 19:00","wo":"08:00 - 12:00, 15:00 - 19:00","do":"08:00 - 12:00, 15:00 - 19:00","vr":"08:00 - 12:00, 15:00 - 19:00"}}},{"type":"Feature","geometry":{"type":"Point","coordinates":[11.35103674,44.49632077]},"properties":{"type":"pakketpunt","locatieNaam":"Scuderia Future Food Urban Coolab","straatNaam":"Piazza Giuseppe Verdi","straatNr":"2","vervoerder":"PosteItaliane","puntType":"automaat","bezettingsgraad":50,"latitude":44.49632077,"longitude":11.35103674,"canPickup":true,"canDropoff":true,"openingstijden":{"za":"10:00 - 22:00","zo":"10:00 - 22:00","ma":"09:00 - 22:00","di":"09:00 - 22:00","wo":"09:00 - 22:00","do":"09:00 - 22:00","vr":"09:00 - 22:00"}}},{"type":"Feature","geometry":{"type":"Point","coordinates":[11.36068236,44.50562627]},"properties":{"type":"pakketpunt","locatieNaam":"Centro Commerciale Viale Repubblica","straatNaam":"Via Vincenzo Casciarolo","straatNr":"3","vervoerder":"PosteItaliane","puntType":"automaat","bezettingsgraad":50,"latitude":44.50562627,"longitude":11.36068236,"canPickup":true,"canDropoff":true,"openingstijden":{"za":"08:00 - 20:00","zo":"09:00 - 19:30","ma":"08:00 - 20:00","di":"08:00 - 20:00","wo":"08:00 - 20:00","do":"08:00 - 20:00","vr":"08:00 - 20:00"}}},{"type":"Feature","geometry":{"type":"Point","coordinates":[11.32896064,44.49056291]},"properties":{"type":"pakketpunt","locatieNaam":"Tabaccheria N. 51","straatNaam":"Via Saragozza","straatNr":"81/d","vervoerder":"PosteItaliane","puntType":"servicepunt","bezettingsgraad":50,"latitude":44.49056291,"longitude":11.32896064,"canPickup":true,"canDropoff":true,"openingstijden":{"za":"08:15 - 10:00, 15:30 - 19:15","zo":"gesloten","ma":"08:15 - 10:00, 15:30 - 19:15","di":"08:15 - 10:00, 15:30 - 19:15","wo":"08:15 - 10:00, 15:30 - 19:15","do":"08:15 - 10:00, 15:30 - 19:15","vr":"08:15 - 10:00, 15:30 - 19:15"}}},{"type":"Feature","geometry":{"type":"Point","coordinates":[11.39248616,44.47690881]},"properties":{"type":"pakketpunt","locatieNaam":"Stazione Di Servizio Eni","straatNaam":"Via Giuseppe Dozza","straatNr":"4","vervoerder":"PosteItaliane","puntType":"automaat","bezettingsgraad":50,"latitude":44.47690881,"longitude":11.39248616,"canPickup":true,"canDropoff":true,"openingstijden":{"za":"00:01 - 23:59","zo":"00:01 - 23:59","ma":"00:01 - 23:59","di":"00:01 - 23:59","wo":"00:01 - 23:59","do":"00:01 - 23:59","vr":"00:01 - 23:59"}}},{"type":"Feature","geometry":{"type":"Point","coordinates":[11.34630168,44.50069458]},"properties":{"type":"pakketpunt","locatieNaam":"Tabaccheria N. 166","straatNaam":"Via Irnerio","straatNr":"5","vervoerder":"PosteItaliane","puntType":"servicepunt","bezettingsgraad":50,"latitude":44.50069458,"longitude":11.34630168,"canPickup":true,"canDropoff":true,"openingstijden":{"za":"07:45 - 20:00","zo":"08:00 - 19:00","ma":"08:30 - 19:30","di":"08:30 - 19:30","wo":"08:30 - 19:30","do":"08:30 - 19:30","vr":"07:45 - 20:00"}}},{"type":"Feature","geometry":{"type":"Point","coordinates":[11.35207017,44.49390013]},"properties":{"type":"pakketpunt","locatieNaam":"Tabaccheria N. 57","straatNaam":"Piazza Aldrovandi","straatNr":"19","vervoerder":"PosteItaliane","puntType":"servicepunt","bezettingsgraad":50,"latitude":44.49390013,"longitude":11.35207017,"canPickup":true,"canDropoff":true,"openingstijden":{"za":"07:00 - 19:30","zo":"gesloten","ma":"07:00 - 19:30","di":"07:00 - 19:30","wo":"07:00 - 19:30","do":"07:00 - 19:30","vr":"07:00 - 19:30"}}},{"type":"Feature","geometry":{"type":"Point","coordinates":[11.37220793,44.47672655]},"properties":{"type":"pakketpunt","locatieNaam":"Tabaccheria N. 180","straatNaam":"Via Degli Orti","straatNr":"58/a","vervoerder":"PosteItaliane","puntType":"servicepunt","bezettingsgraad":50,"latitude":44.47672655,"longitude":11.37220793,"canPickup":true,"canDropoff":true,"openingstijden":{"za":"08:30 - 12:30","zo":"gesloten","ma":"08:30 - 12:30, 15:30 - 19:30","di":"08:30 - 12:30, 15:30 - 19:30","wo":"08:30 - 12:30, 15:30 - 19:30","do":"08:30 - 12:30, 15:30 - 19:30","vr":"08:30 - 12:30, 15:30 - 19:30"}}},{"type":"Feature","geometry":{"type":"Point","coordinates":[11.35636367,44.54543637]},"properties":{"type":"pakketpunt","locatieNaam":"Tabaccheria N. 169","straatNaam":"Via Genuzio Bentini","straatNr":"29/b","vervoerder":"PosteItaliane","puntType":"servicepunt","bezettingsgraad":50,"latitude":44.54543637,"longitude":11.35636367,"canPickup":true,"canDropoff":true,"openingstijden":{"za":"05:30 - 13:00, 15:00 - 20:00","zo":"gesloten","ma":"05:30 - 13:00, 15:00 - 20:00","di":"05:30 - 13:00, 15:00 - 20:00","wo":"05:30 - 13:00, 15:00 - 20:00","do":"05:30 - 13:00, 15:00 - 20:00","vr":"05:30 - 13:00, 15:00 - 20:00"}}},{"type":"Feature","geometry":{"type":"Point","coordinates":[11.32020731,44.4912125]},"properties":{"type":"pakketpunt","locatieNaam":"Foto Impressioni","straatNaam":"Via Ventuno Aprile 1945","straatNr":"9/b","vervoerder":"PosteItaliane","puntType":"servicepunt","bezettingsgraad":50,"latitude":44.4912125,"longitude":11.32020731,"canPickup":true,"canDropoff":true,"openingstijden":{"za":"10:00 - 12:00","zo":"gesloten","ma":"09:30 - 12:30","di":"09:30 - 12:30, 16:00 - 19:00","wo":"09:30 - 12:30, 16:00 - 19:00","do":"09:30 - 12:30, 16:00 - 19:00","vr":"09:30 - 12:30"}}},{"type":"Feature","geometry":{"type":"Point","coordinates":[11.34785711,44.49363085]},"properties":{"type":"pakketpunt","locatieNaam":"Tabaccheria N. 15","straatNaam":"Strada Maggiore","straatNr":"13/b","vervoerder":"PosteItaliane","puntType":"servicepunt","bezettingsgraad":50,"latitude":44.49363085,"longitude":11.34785711,"canPickup":true,"canDropoff":true,"openingstijden":{"za":"08:30 - 13:30, 15:00 - 20:00","zo":"gesloten","ma":"08:30 - 13:30, 15:00 - 20:00","di":"08:30 - 13:30, 15:00 - 20:00","wo":"08:30 - 13:30, 15:00 - 20:00","do":"08:30 - 13:30, 15:00 - 20:00","vr":"08:30 - 13:30, 15:00 - 20:00"}}},{"type":"Feature","geometry":{"type":"Point","coordinates":[11.38812743,44.49273565]},"properties":{"type":"pakketpunt","locatieNaam":"Stazione Di Servizio Ip","straatNaam":"Via Giuseppe Massarenti","straatNr":"221/1","vervoerder":"PosteItaliane","puntType":"automaat","bezettingsgraad":50,"latitude":44.49273565,"longitude":11.38812743,"canPickup":true,"canDropoff":true,"openingstijden":{"za":"00:01 - 23:59","zo":"00:01 - 23:59","ma":"00:01 - 23:59","di":"00:01 - 23:59","wo":"00:01 - 23:59","do":"00:01 - 23:59","vr":"00:01 - 23:59"}}},{"type":"Feature","geometry":{"type":"Point","coordinates":[11.3176301762,44.5001628355]},"properties":{"type":"pakketpunt","locatieNaam":"Studio Saffi","straatNaam":"VIA DEL TIMAVO","straatNr":"17 C-D","vervoerder":"DPD","puntType":"pickup_point","bezettingsgraad":50,"latitude":44.5001628355,"longitude":11.3176301762,"canPickup":true,"canDropoff":true,"openingstijden":{"ma":"09:30 - 18:00","di":"09:30 - 18:00","wo":"09:30 - 18:00","do":"09:30 - 18:00","vr":"09:30 - 18:00","za":"gesloten","zo":"gesloten"}}},{"type":"Feature","geometry":{"type":"Point","coordinates":[11.331925,44.4982063]},"properties":{"type":"pakketpunt","locatieNaam":"Cartoleria Pencil","straatNaam":"VIA RIVA DI RENO","straatNr":"4","vervoerder":"DPD","puntType":"pickup_point","bezettingsgraad":50,"latitude":44.4982063,"longitude":11.331925,"canPickup":true,"canDropoff":true,"openingstijden":{"ma":"09:00 - 19:00","di":"09:00 - 19:00","wo":"09:00 - 19:00","do":"09:00 - 19:00","vr":"09:00 - 19:00","za":"09:00 - 12:30","zo":"gesloten"}}},{"type":"Feature","geometry":{"type":"Point","coordinates":[11.38677354,44.47664014]},"properties":{"type":"pakketpunt","locatieNaam":"Buffetti - Bologna","straatNaam":"VIA CALABRIA","straatNr":"8/A","vervoerder":"DPD","puntType":"pickup_point","bezettingsgraad":50,"latitude":44.47664014,"longitude":11.38677354,"canPickup":true,"canDropoff":true,"openingstijden":{"ma":"08:30 - 12:30, 15:00 - 19:00","di":"08:30 - 12:30, 15:00 - 19:00","wo":"08:30 - 12:30, 15:00 - 19:00","do":"08:30 - 12:30, 15:00 - 19:00","vr":"08:30 - 12:30, 15:00 - 19:00","za":"09:00 - 12:30","zo":"gesloten"}}},{"type":"Feature","geometry":{"type":"Point","coordinates":[11.34037938,44.49003889]},"properties":{"type":"pakketpunt","locatieNaam":"Lo Scarabocchio","straatNaam":"VIA URBANA","straatNr":"6A","vervoerder":"DPD","puntType":"pickup_point","bezettingsgraad":50,"latitude":44.49003889,"longitude":11.34037938,"canPickup":true,"canDropoff":true,"openingstijden":{"ma":"09:30 - 12:45, 15:45 - 19:00","di":"09:30 - 12:45, 15:45 - 19:00","wo":"09:30 - 12:45, 15:45 - 19:00","do":"09:30 - 12:45, 15:45 - 19:00","vr":"09:30 - 12:45, 15:45 - 19:00","za":"09:30 - 12:45","zo":"gesloten"}}},{"type":"Feature","geometry":{"type":"Point","coordinates":[11.27234,44.52836]},"properties":{"type":"pakketpunt","locatieNaam":"Bar - Tavola Calda","straatNaam":"VIA PERSICETANA VECCHIA","straatNr":"20/11","vervoerder":"DPD","puntType":"pickup_point","bezettingsgraad":50,"latitude":44.52836,"longitude":11.27234,"canPickup":true,"canDropoff":true,"openingstijden":{"ma":"06:00 - 15:30","di":"06:00 - 15:30","wo":"06:00 - 15:30","do":"06:00 - 15:30","vr":"06:00 - 15:30","za":"gesloten","zo":"gesloten"}}},{"type":"Feature","geometry":{"type":"Point","coordinates":[11.3335783509,44.5019457676]},"properties":{"type":"pakketpunt","locatieNaam":"Parafarmacia Alkemia","straatNaam":"VIA DELLE LAME 113 A/B","straatNr":"","vervoerder":"DPD","puntType":"pickup_point","bezettingsgraad":50,"latitude":44.5019457676,"longitude":11.3335783509,"canPickup":true,"canDropoff":true,"openingstijden":{"ma":"09:00 - 13:30, 15:30 - 19:00","di":"09:00 - 13:30, 15:30 - 19:00","wo":"09:00 - 13:30, 15:30 - 19:00","do":"09:00 - 13:30, 15:30 - 19:00","vr":"09:00 - 13:30, 15:30 - 19:00","za":"09:00 - 13:00","zo":"gesloten"}}},{"type":"Feature","geometry":{"type":"Point","coordinates":[11.3675119,44.4756299]},"properties":{"type":"pakketpunt","locatieNaam":"Bar Tabacchi da Gio","straatNaam":"VIA MURRI","straatNr":"128/A","vervoerder":"DPD","puntType":"pickup_point","bezettingsgraad":50,"latitude":44.4756299,"longitude":11.3675119,"canPickup":true,"canDropoff":true,"openingstijden":{"ma":"06:00 - 20:00","di":"06:00 - 20:00","wo":"06:00 - 20:00","do":"06:00 - 20:00","vr":"06:00 - 20:00","za":"06:00 - 20:00","zo":"gesloten"}}},{"type":"Feature","geometry":{"type":"Point","coordinates":[11.330202,44.4973582]},"properties":{"type":"pakketpunt","locatieNaam":"Quiposte - Bologna","straatNaam":"VIA DELLA GRADA","straatNr":"4/D","vervoerder":"DPD","puntType":"pickup_point","bezettingsgraad":50,"latitude":44.4973582,"longitude":11.330202,"canPickup":true,"canDropoff":true,"openingstijden":{"ma":"08:00 - 14:00","di":"08:00 - 14:00","wo":"08:00 - 14:00","do":"08:00 - 14:00","vr":"08:00 - 14:00","za":"08:30 - 13:30","zo":"gesloten"}}},{"type":"Feature","geometry":{"type":"Point","coordinates":[11.3866280353,44.4711629467]},"properties":{"type":"pakketpunt","locatieNaam":"Bar Firenze","straatNaam":"VIA FIRENZE","straatNr":"6B","vervoerder":"DPD","puntType":"pickup_point","bezettingsgraad":50,"latitude":44.4711629467,"longitude":11.3866280353,"canPickup":true,"canDropoff":true,"openingstijden":{"ma":"06:30 - 19:00","di":"06:30 - 19:00","wo":"06:15 - 19:00","do":"06:30 - 19:00","vr":"06:30 - 19:00","za":"06:30 - 12:00","zo":"gesloten"}}},{"type":"Feature","geometry":{"type":"Point","coordinates":[11.2927335319,44.4958077687]},"properties":{"type":"pakketpunt","locatieNaam":"MBE-Bologna","straatNaam":"P.ZZA CLODOVEO BONAZZI","straatNr":"1A","vervoerder":"DPD","puntType":"pickup_point","bezettingsgraad":50,"latitude":44.4958077687,"longitude":11.2927335319,"canPickup":true,"canDropoff":true,"openingstijden":{"ma":"10:00 - 13:00, 15:00 - 17:30","di":"10:00 - 13:00, 15:00 - 17:30","wo":"10:00 - 13:00, 15:00 - 17:30","do":"10:00 - 13:00, 15:00 - 17:30","vr":"10:00 - 13:00, 15:00 - 17:30","za":"gesloten","zo":"gesloten"}}},{"type":"Feature","geometry":{"type":"Point","coordinates":[11.3437192,44.4952462]},"properties":{"type":"pakketpunt","locatieNaam":"Centro Servizi Towers - Bologna","straatNaam":"VIA FOSSALTA","straatNr":"4/A","vervoerder":"DPD","puntType":"pickup_point","bezettingsgraad":50,"latitude":44.4952462,"longitude":11.3437192,"canPickup":true,"canDropoff":true,"openingstijden":{"ma":"15:30 - 19:30","di":"10:30 - 18:30","wo":"10:30 - 18:30","do":"10:30 - 18:30","vr":"10:30 - 18:30","za":"12:00 - 19:00","zo":"12:00 - 19:00"}}},{"type":"Feature","geometry":{"type":"Point","coordinates":[11.3660286451,44.490640683]},"properties":{"type":"pakketpunt","locatieNaam":"Smoke Island","straatNaam":"VIA PALAGI","straatNr":"20-4C","vervoerder":"DPD","puntType":"pickup_point","bezettingsgraad":50,"latitude":44.490640683,"longitude":11.3660286451,"canPickup":true,"canDropoff":true,"openingstijden":{"ma":"08:30 - 17:00","di":"08:30 - 17:00","wo":"08:30 - 17:00","do":"08:30 - 17:00","vr":"08:30 - 17:00","za":"09:30 - 12:00","zo":"gesloten"}}},{"type":"Feature","geometry":{"type":"Point","coordinates":[11.29479816,44.5208544]},"properties":{"type":"pakketpunt","locatieNaam":"Tabaccheria di Rave","straatNaam":"VIA DEL TRIUMVIRATO","straatNr":"91/C","vervoerder":"DPD","puntType":"pickup_point","bezettingsgraad":50,"latitude":44.5208544,"longitude":11.29479816,"canPickup":true,"canDropoff":true,"openingstijden":{"ma":"07:00 - 13:00, 15:30 - 19:30","di":"07:00 - 13:00, 15:30 - 19:30","wo":"07:00 - 13:00, 15:30 - 19:30","do":"07:00 - 13:00, 15:30 - 19:30","vr":"07:00 - 13:00, 15:30 - 19:30","za":"07:00 - 13:00, 15:30 - 19:30","zo":"gesloten"}}},{"type":"Feature","geometry":{"type":"Point","coordinates":[11.36168589,44.47680707]},"properties":{"type":"pakketpunt","locatieNaam":"The Factory Flowers","straatNaam":"VIA BORGHI MAMO","straatNr":"10/F","vervoerder":"DPD","puntType":"pickup_point","bezettingsgraad":50,"latitude":44.47680707,"longitude":11.36168589,"canPickup":true,"canDropoff":true,"openingstijden":{"ma":"07:30 - 19:00","di":"07:30 - 19:00","wo":"07:30 - 19:00","do":"07:30 - 19:00","vr":"07:30 - 19:00","za":"07:30 - 19:00","zo":"gesloten"}}},{"type":"Feature","geometry":{"type":"Point","coordinates":[11.32735349,44.50159208]},"properties":{"type":"pakketpunt","locatieNaam":"Bologna Servizi Postali","straatNaam":"VIA DELLO SCALO","straatNr":"10-9E","vervoerder":"DPD","puntType":"pickup_point","bezettingsgraad":50,"latitude":44.50159208,"longitude":11.32735349,"canPickup":true,"canDropoff":true,"openingstijden":{"ma":"09:00 - 12:30, 15:00 - 18:00","di":"09:00 - 12:30, 15:00 - 18:00","wo":"09:00 - 12:30, 15:00 - 18:00","do":"09:00 - 12:30, 15:00 - 18:00","vr":"09:00 - 12:30, 15:00 - 18:00","za":"gesloten","zo":"gesloten"}}},{"type":"Feature","geometry":{"type":"Point","coordinates":[11.3768955,44.4681536]},"properties":{"type":"pakketpunt","locatieNaam":"Edicola Dinga","straatNaam":"VIA BENEDETTO MARCELLO","straatNr":"9G","vervoerder":"DPD","puntType":"pickup_point","bezettingsgraad":50,"latitude":44.4681536,"longitude":11.3768955,"canPickup":true,"canDropoff":true,"openingstijden":{"ma":"06:00 - 13:00, 15:30 - 18:00","di":"06:00 - 13:00, 15:30 - 18:00","wo":"06:00 - 13:00, 15:30 - 18:00","do":"06:00 - 13:00, 15:30 - 18:00","vr":"06:00 - 13:00, 15:30 - 18:00","za":"06:00 - 13:00","zo":"07:00 - 13:00"}}},{"type":"Feature","geometry":{"type":"Point","coordinates":[11.35914209,44.48929585]},"properties":{"type":"pakketpunt","locatieNaam":"Tabaccheria Mazzini","straatNaam":"VIA GIUSEPPE MAZZINI","straatNr":"11/C","vervoerder":"DPD","puntType":"pickup_point","bezettingsgraad":50,"latitude":44.48929585,"longitude":11.35914209,"canPickup":true,"canDropoff":true,"openingstijden":{"ma":"08:30 - 20:00","di":"08:30 - 20:00","wo":"08:30 - 20:00","do":"08:30 - 20:00","vr":"08:30 - 20:00","za":"11:00 - 13:30, 16:00 - 19:00","zo":"gesloten"}}},{"type":"Feature","geometry":{"type":"Point","coordinates":[11.3681304,44.4928529799]},"properties":{"type":"pakketpunt","locatieNaam":"Buffetti - Nuovo Programma Ufficio","straatNaam":"VIA GIUSEPPE MASSARENTI","straatNr":"164","vervoerder":"DPD","puntType":"pickup_point","bezettingsgraad":50,"latitude":44.4928529799,"longitude":11.3681304,"canPickup":true,"canDropoff":true,"openingstijden":{"ma":"08:30 - 19:00","di":"08:30 - 19:00","wo":"08:30 - 19:00","do":"08:30 - 19:00","vr":"08:30 - 19:00","za":"09:00 - 13:00","zo":"gesloten"}}},{"type":"Feature","geometry":{"type":"Point","coordinates":[11.3361749,44.4772445]},"properties":{"type":"pakketpunt","locatieNaam":"Cafè Errante","straatNaam":"VIA SAN MAMOLO","straatNr":"144B","vervoerder":"DPD","puntType":"pickup_point","bezettingsgraad":50,"latitude":44.4772445,"longitude":11.3361749,"canPickup":true,"canDropoff":true,"openingstijden":{"ma":"08:00 - 14:00, 17:00 - 21:00","di":"08:00 - 14:00, 17:00 - 21:00","wo":"08:00 - 14:00, 17:00 - 21:00","do":"08:00 - 14:00, 17:00 - 21:00","vr":"08:00 - 14:00, 17:00 - 21:00","za":"08:30 - 12:00, 18:00 - 21:00","zo":"08:30 - 12:00, 18:00 - 21:00"}}},{"type":"Feature","geometry":{"type":"Point","coordinates":[11.3475453,44.4848354]},"properties":{"type":"pakketpunt","locatieNaam":"Da Mauro","straatNaam":"PIAZZA DI PORTA CASTIGLIONE","straatNr":"16B","vervoerder":"DPD","puntType":"pickup_point","bezettingsgraad":50,"latitude":44.4848354,"longitude":11.3475453,"canPickup":true,"canDropoff":true,"openingstijden":{"ma":"06:30 - 12:30, 15:30 - 19:30","di":"06:30 - 12:30, 15:30 - 19:30","wo":"gesloten","do":"06:30 - 12:30, 15:30 - 19:30","vr":"06:30 - 12:30, 15:30 - 19:30","za":"06:30 - 12:30, 15:30 - 19:30","zo":"08:00 - 12:30, 16:00 - 19:30"}}},{"type":"Feature","geometry":{"type":"Point","coordinates":[11.34627,44.49823]},"properties":{"type":"pakketpunt","locatieNaam":"BRT LOCKER - Conad City Oberdan","straatNaam":"VIA OBERDAN","straatNr":"37","vervoerder":"DPD","puntType":"dpd_box","bezettingsgraad":50,"latitude":44.49823,"longitude":11.34627,"canPickup":true,"canDropoff":false,"openingstijden":{"ma":"09:00 - 21:00","di":"09:00 - 21:00","wo":"09:00 - 21:00","do":"09:00 - 21:00","vr":"09:00 - 21:00","za":"09:00 - 21:00","zo":"09:00 - 19:00"}}},{"type":"Feature","geometry":{"type":"Point","coordinates":[11.31728208,44.48889326]},"properties":{"type":"pakketpunt","locatieNaam":"Tabaccheria & Bar Pipa","straatNaam":"VIA SARAGOZZA 189","straatNr":"3F","vervoerder":"DPD","puntType":"pickup_point","bezettingsgraad":50,"latitude":44.48889326,"longitude":11.31728208,"canPickup":true,"canDropoff":true,"openingstijden":{"ma":"08:00 - 19:00","di":"08:00 - 19:00","wo":"08:00 - 19:00","do":"08:00 - 19:00","vr":"08:00 - 19:00","za":"gesloten","zo":"09:00 - 18:00"}}},{"type":"Feature","geometry":{"type":"Point","coordinates":[11.351146,44.496227]},"properties":{"type":"pakketpunt","locatieNaam":"BRT LOCKER - Scuderia - Future Food","straatNaam":"PIAZZA VERDI","straatNr":"2","vervoerder":"DPD","puntType":"dpd_box","bezettingsgraad":50,"latitude":44.496227,"longitude":11.351146,"canPickup":true,"canDropoff":false,"openingstijden":{"ma":"09:00 - 23:59","di":"09:00 - 23:59","wo":"09:00 - 23:59","do":"09:00 - 23:59","vr":"09:00 - 23:59","za":"09:00 - 23:59","zo":"10:00 - 23:59"}}},{"type":"Feature","geometry":{"type":"Point","coordinates":[11.400802,44.515011]},"properties":{"type":"pakketpunt","locatieNaam":"BRT LOCKER - Parco Commerciale Mera","straatNaam":"VIALE TITO CARNACINI","straatNr":"57","vervoerder":"DPD","puntType":"dpd_box","bezettingsgraad":50,"latitude":44.515011,"longitude":11.400802,"canPickup":true,"canDropoff":false,"openingstijden":{"ma":"06:00 - 21:00","di":"06:00 - 21:00","wo":"06:00 - 21:00","do":"06:00 - 21:00","vr":"06:00 - 21:00","za":"06:00 - 21:00","zo":"06:00 - 21:00"}}},{"type":"Feature","geometry":{"type":"Point","coordinates":[11.37122592,44.48912682]},"properties":{"type":"pakketpunt","locatieNaam":"Alkemia Parafarmacia","straatNaam":"VIA MENGOLI","straatNr":"26C","vervoerder":"DPD","puntType":"pickup_point","bezettingsgraad":50,"latitude":44.48912682,"longitude":11.37122592,"canPickup":true,"canDropoff":true,"openingstijden":{"ma":"15:30 - 19:00","di":"09:00 - 13:00, 15:30 - 19:00","wo":"09:00 - 13:00, 15:30 - 19:00","do":"09:00 - 13:00, 15:30 - 19:00","vr":"09:00 - 13:00, 15:30 - 19:00","za":"gesloten","zo":"gesloten"}}},{"type":"Feature","geometry":{"type":"Point","coordinates":[11.35536926,44.48987026]},"properties":{"type":"pakketpunt","locatieNaam":"Copy System-Bologna","straatNaam":"VIA FONDAZZA","straatNr":"13-2","vervoerder":"DPD","puntType":"pickup_point","bezettingsgraad":50,"latitude":44.48987026,"longitude":11.35536926,"canPickup":true,"canDropoff":true,"openingstijden":{"ma":"10:00 - 13:00, 15:30 - 18:00","di":"10:00 - 13:00, 15:30 - 18:00","wo":"10:00 - 13:00, 15:30 - 18:00","do":"10:00 - 13:00, 15:30 - 18:00","vr":"10:00 - 13:00, 16:00 - 18:00","za":"11:00 - 13:00","zo":"gesloten"}}},{"type":"Feature","geometry":{"type":"Point","coordinates":[11.3108668,44.5001763]},"properties":{"type":"pakketpunt","locatieNaam":"Euro Edicola","straatNaam":"VIA MARZABOTTO","straatNr":"20 G-H","vervoerder":"DPD","puntType":"pickup_point","bezettingsgraad":50,"latitude":44.5001763,"longitude":11.3108668,"canPickup":true,"canDropoff":true,"openingstijden":{"ma":"06:30 - 12:30, 15:00 - 18:00","di":"06:30 - 12:30, 15:00 - 18:00","wo":"06:30 - 12:30, 15:00 - 18:00","do":"06:30 - 12:30, 15:00 - 18:00","vr":"06:30 - 12:30, 15:00 - 18:00","za":"06:30 - 12:30","zo":"gesloten"}}},{"type":"Feature","geometry":{"type":"Point","coordinates":[11.39077,44.497582]},"properties":{"type":"pakketpunt","locatieNaam":"BRT LOCKER - Centro Commerciale Via","straatNaam":"GALLERIA VIALARGA SNC","straatNr":"","vervoerder":"DPD","puntType":"dpd_box","bezettingsgraad":50,"latitude":44.497582,"longitude":11.39077,"canPickup":true,"canDropoff":false,"openingstijden":{"ma":"08:30 - 21:00","di":"08:30 - 21:00","wo":"08:30 - 21:00","do":"08:30 - 21:00","vr":"08:30 - 21:00","za":"08:30 - 21:00","zo":"09:00 - 20:00"}}},{"type":"Feature","geometry":{"type":"Point","coordinates":[11.33993649,44.5016247]},"properties":{"type":"pakketpunt","locatieNaam":"Nkd-Bologna 2","straatNaam":"PIAZZA DEI MARTIRI 1-2 C","straatNr":"","vervoerder":"DPD","puntType":"pickup_point","bezettingsgraad":50,"latitude":44.5016247,"longitude":11.33993649,"canPickup":true,"canDropoff":true,"openingstijden":{"ma":"09:00 - 19:30","di":"09:00 - 19:30","wo":"09:00 - 19:30","do":"09:00 - 19:30","vr":"09:00 - 19:30","za":"09:00 - 19:30","zo":"10:00 - 13:00, 15:30 - 19:30"}}},{"type":"Feature","geometry":{"type":"Point","coordinates":[11.357756,44.50157]},"properties":{"type":"pakketpunt","locatieNaam":"BRT LOCKER - Tabaccheria Pancaldi","straatNaam":"VIA RANZANI","straatNr":"7/2","vervoerder":"DPD","puntType":"dpd_box","bezettingsgraad":50,"latitude":44.50157,"longitude":11.357756,"canPickup":true,"canDropoff":false,"openingstijden":{"ma":"07:00 - 15:00","di":"07:00 - 15:00","wo":"07:00 - 15:00","do":"07:00 - 15:00","vr":"07:00 - 15:00","za":"gesloten","zo":"gesloten"}}},{"type":"Feature","geometry":{"type":"Point","coordinates":[11.301522,44.5077616]},"properties":{"type":"pakketpunt","locatieNaam":"BRT LOCKER - Bar Mitò Via Emilia Po","straatNaam":"VIA EMILIA PONENTE","straatNr":"114/B","vervoerder":"DPD","puntType":"dpd_box","bezettingsgraad":50,"latitude":44.5077616,"longitude":11.301522,"canPickup":true,"canDropoff":false,"openingstijden":{"ma":"06:00 - 21:00","di":"06:00 - 21:00","wo":"06:00 - 21:00","do":"06:00 - 21:00","vr":"06:00 - 21:00","za":"06:00 - 15:00","zo":"gesloten"}}},{"type":"Feature","geometry":{"type":"Point","coordinates":[11.27698515,44.51906607]},"properties":{"type":"pakketpunt","locatieNaam":"La Sartoria Di Pàpa","straatNaam":"VIA ERCOLE NANI","straatNr":"19B","vervoerder":"DPD","puntType":"pickup_point","bezettingsgraad":50,"latitude":44.51906607,"longitude":11.27698515,"canPickup":true,"canDropoff":true,"openingstijden":{"ma":"07:00 - 18:00","di":"07:00 - 18:00","wo":"07:00 - 18:00","do":"07:00 - 14:00","vr":"07:00 - 18:00","za":"07:00 - 13:00","zo":"gesloten"}}},{"type":"Feature","geometry":{"type":"Point","coordinates":[11.3474583,44.4934829]},"properties":{"type":"pakketpunt","locatieNaam":"La Maison Du Savon","straatNaam":"VIA DAL LUZZO","straatNr":"4c","vervoerder":"DPD","puntType":"pickup_point","bezettingsgraad":50,"latitude":44.4934829,"longitude":11.3474583,"canPickup":true,"canDropoff":true,"openingstijden":{"ma":"09:30 - 19:30","di":"09:30 - 19:30","wo":"09:30 - 19:30","do":"09:30 - 19:30","vr":"09:30 - 19:30","za":"09:30 - 19:30","zo":"gesloten"}}},{"type":"Feature","geometry":{"type":"Point","coordinates":[11.3719747,44.50575135]},"properties":{"type":"pakketpunt","locatieNaam":"051 Smart","straatNaam":"VIA FERRAVILLA","straatNr":"1D-E","vervoerder":"DPD","puntType":"pickup_point","bezettingsgraad":50,"latitude":44.50575135,"longitude":11.3719747,"canPickup":true,"canDropoff":true,"openingstijden":{"ma":"09:00 - 12:30, 15:00 - 19:00","di":"09:00 - 12:30, 15:00 - 19:00","wo":"09:00 - 12:30, 15:00 - 19:00","do":"09:00 - 12:30, 15:00 - 19:00","vr":"09:00 - 12:30, 15:00 - 19:00","za":"09:00 - 12:30","zo":"gesloten"}}},{"type":"Feature","geometry":{"type":"Point","coordinates":[11.34346792,44.51331864]},"properties":{"type":"pakketpunt","locatieNaam":"Bto International","straatNaam":"VIA NICOLO DALL'ARCA","straatNr":"44 A","vervoerder":"DPD","puntType":"pickup_point","bezettingsgraad":50,"latitude":44.51331864,"longitude":11.34346792,"canPickup":true,"canDropoff":true,"openingstijden":{"ma":"09:00 - 20:00","di":"09:00 - 20:00","wo":"09:00 - 20:00","do":"09:00 - 20:00","vr":"09:00 - 20:00","za":"09:00 - 20:00","zo":"gesloten"}}},{"type":"Feature","geometry":{"type":"Point","coordinates":[11.32009812,44.49130451]},"properties":{"type":"pakketpunt","locatieNaam":"Foto Impressioni","straatNaam":"VIA XXI APRILE","straatNr":"1945 9B","vervoerder":"DPD","puntType":"pickup_point","bezettingsgraad":50,"latitude":44.49130451,"longitude":11.32009812,"canPickup":true,"canDropoff":true,"openingstijden":{"ma":"09:00 - 12:30","di":"09:00 - 12:30, 16:00 - 19:00","wo":"09:00 - 12:30, 16:00 - 19:00","do":"09:00 - 12:30, 16:00 - 19:00","vr":"09:00 - 12:30, 16:00 - 19:00","za":"10:00 - 12:30","zo":"gesloten"}}},{"type":"Feature","geometry":{"type":"Point","coordinates":[11.3608341,44.50585416]},"properties":{"type":"pakketpunt","locatieNaam":"Bar Tabaccheria Sun","straatNaam":"VIA CLETO TOMBA","straatNr":"29","vervoerder":"DPD","puntType":"pickup_point","bezettingsgraad":50,"latitude":44.50585416,"longitude":11.3608341,"canPickup":true,"canDropoff":true,"openingstijden":{"ma":"07:00 - 19:00","di":"07:00 - 19:00","wo":"07:00 - 19:00","do":"07:00 - 19:00","vr":"07:00 - 19:00","za":"07:00 - 19:00","zo":"08:00 - 13:00"}}},{"type":"Feature","geometry":{"type":"Point","coordinates":[11.3702537,44.5014593]},"properties":{"type":"pakketpunt","locatieNaam":"Easy Point 24-Bologna","straatNaam":"VIA ELEONORA DUSE","straatNr":"7 A","vervoerder":"DPD","puntType":"pickup_point","bezettingsgraad":50,"latitude":44.5014593,"longitude":11.3702537,"canPickup":true,"canDropoff":true,"openingstijden":{"ma":"10:00 - 19:00","di":"10:00 - 19:00","wo":"10:00 - 19:00","do":"10:00 - 13:00","vr":"10:00 - 19:00","za":"gesloten","zo":"gesloten"}}},{"type":"Feature","geometry":{"type":"Point","coordinates":[11.35572901,44.49370867]},"properties":{"type":"pakketpunt","locatieNaam":"Copisteria Dello Studente","straatNaam":"VIA BROCCAINDOSSO","straatNr":"75 A","vervoerder":"DPD","puntType":"pickup_point","bezettingsgraad":50,"latitude":44.49370867,"longitude":11.35572901,"canPickup":true,"canDropoff":true,"openingstijden":{"ma":"10:00 - 17:00","di":"10:00 - 17:00","wo":"10:00 - 17:00","do":"10:00 - 17:00","vr":"10:00 - 17:00","za":"gesloten","zo":"gesloten"}}},{"type":"Feature","geometry":{"type":"Point","coordinates":[11.35275013,44.51383293]},"properties":{"type":"pakketpunt","locatieNaam":"Luna Tech","straatNaam":"VIA FERRARESE","straatNr":"149 D","vervoerder":"DPD","puntType":"pickup_point","bezettingsgraad":50,"latitude":44.51383293,"longitude":11.35275013,"canPickup":true,"canDropoff":true,"openingstijden":{"ma":"09:30 - 12:30, 14:30 - 20:00","di":"09:30 - 12:30, 14:30 - 20:00","wo":"09:30 - 12:30, 14:30 - 20:00","do":"09:30 - 12:30, 14:30 - 20:00","vr":"09:30 - 12:30, 14:30 - 20:00","za":"09:30 - 12:30, 14:30 - 20:00","zo":"gesloten"}}},{"type":"Feature","geometry":{"type":"Point","coordinates":[11.32548037,44.49978388]},"properties":{"type":"pakketpunt","locatieNaam":"Ferramenta Vittorio Veneto","straatNaam":"VIA SAFFI","straatNr":"8 C-D","vervoerder":"DPD","puntType":"pickup_point","bezettingsgraad":50,"latitude":44.49978388,"longitude":11.32548037,"canPickup":true,"canDropoff":true,"openingstijden":{"ma":"08:30 - 13:00, 16:00 - 19:00","di":"08:30 - 13:00, 16:00 - 19:00","wo":"08:30 - 13:00, 16:00 - 19:00","do":"08:30 - 13:00, 16:00 - 19:00","vr":"08:30 - 13:00, 16:00 - 19:00","za":"09:00 - 13:00","zo":"gesloten"}}},{"type":"Feature","geometry":{"type":"Point","coordinates":[11.35686633,44.54768062]},"properties":{"type":"pakketpunt","locatieNaam":"Tabaccheria Il Vizio","straatNaam":"VIA BENTINI","straatNr":"59 D","vervoerder":"DPD","puntType":"pickup_point","bezettingsgraad":50,"latitude":44.54768062,"longitude":11.35686633,"canPickup":true,"canDropoff":true,"openingstijden":{"ma":"07:00 - 19:30","di":"07:00 - 19:30","wo":"07:00 - 19:30","do":"07:00 - 19:30","vr":"07:00 - 19:30","za":"07:00 - 19:30","zo":"gesloten"}}},{"type":"Feature","geometry":{"type":"Point","coordinates":[11.33790178,44.49801514]},"properties":{"type":"pakketpunt","locatieNaam":"Casa Del Tegamino","straatNaam":"VIA MARCONI","straatNr":"20 E","vervoerder":"DPD","puntType":"pickup_point","bezettingsgraad":50,"latitude":44.49801514,"longitude":11.33790178,"canPickup":true,"canDropoff":true,"openingstijden":{"ma":"09:00 - 19:30","di":"09:00 - 19:30","wo":"09:00 - 19:30","do":"09:00 - 19:30","vr":"09:00 - 19:30","za":"09:00 - 19:30","zo":"gesloten"}}},{"type":"Feature","geometry":{"type":"Point","coordinates":[11.3301104,44.5005048]},"properties":{"type":"pakketpunt","locatieNaam":"Tabaccheria 384 Bologna","straatNaam":"VIA L. CALORI","straatNr":"10 A","vervoerder":"DPD","puntType":"pickup_point","bezettingsgraad":50,"latitude":44.5005048,"longitude":11.3301104,"canPickup":true,"canDropoff":true,"openingstijden":{"ma":"07:30 - 19:30","di":"07:30 - 19:30","wo":"07:30 - 19:30","do":"07:30 - 19:30","vr":"07:30 - 19:30","za":"08:30 - 19:30","zo":"gesloten"}}},{"type":"Feature","geometry":{"type":"Point","coordinates":[11.324112,44.4951545]},"properties":{"type":"pakketpunt","locatieNaam":"Già Karta Cartolibreria","straatNaam":"VIA ANDREA COSTA","straatNr":"40 A","vervoerder":"DPD","puntType":"pickup_point","bezettingsgraad":50,"latitude":44.4951545,"longitude":11.324112,"canPickup":true,"canDropoff":true,"openingstijden":{"ma":"09:00 - 12:30, 16:00 - 19:00","di":"09:00 - 12:30, 16:00 - 19:00","wo":"09:00 - 12:30, 16:00 - 19:00","do":"09:00 - 12:30","vr":"09:00 - 12:30, 16:00 - 19:00","za":"09:00 - 12:30","zo":"gesloten"}}},{"type":"Feature","geometry":{"type":"Point","coordinates":[11.318777,44.4971865]},"properties":{"type":"pakketpunt","locatieNaam":"Tabaccheria Riv.238","straatNaam":"VIA TOLMINO","straatNr":"1","vervoerder":"DPD","puntType":"pickup_point","bezettingsgraad":50,"latitude":44.4971865,"longitude":11.318777,"canPickup":true,"canDropoff":true,"openingstijden":{"ma":"08:30 - 13:00","di":"08:30 - 13:00","wo":"08:30 - 13:00","do":"08:30 - 13:00","vr":"08:30 - 13:00","za":"08:30 - 12:00","zo":"gesloten"}}},{"type":"Feature","geometry":{"type":"Point","coordinates":[11.33709,44.52985]},"properties":{"type":"pakketpunt","locatieNaam":"BRT LOCKER - Conad Superstore Navil","straatNaam":"VIA C COLOMBO","straatNr":"7/37","vervoerder":"DPD","puntType":"dpd_box","bezettingsgraad":50,"latitude":44.52985,"longitude":11.33709,"canPickup":true,"canDropoff":true,"openingstijden":{"ma":"08:30 - 21:00","di":"08:30 - 21:00","wo":"08:30 - 21:00","do":"08:30 - 21:00","vr":"08:30 - 21:00","za":"08:30 - 21:00","zo":"09:00 - 20:30"}}},{"type":"Feature","geometry":{"type":"Point","coordinates":[11.382466592,44.480912204]},"properties":{"type":"pakketpunt","locatieNaam":"Tabaccheria Miro’","straatNaam":"VIALE LENIN","straatNr":"2/E","vervoerder":"DPD","puntType":"pickup_point","bezettingsgraad":50,"latitude":44.480912204,"longitude":11.382466592,"canPickup":true,"canDropoff":true,"openingstijden":{"ma":"08:30 - 12:30, 15:30 - 19:30","di":"08:30 - 12:30, 15:30 - 19:30","wo":"08:30 - 12:30, 15:30 - 19:30","do":"08:30 - 12:30, 15:30 - 19:30","vr":"08:30 - 12:30, 15:30 - 19:30","za":"09:00 - 12:30, 16:00 - 19:30","zo":"gesloten"}}},{"type":"Feature","geometry":{"type":"Point","coordinates":[11.3309735,44.4954473]},"properties":{"type":"pakketpunt","locatieNaam":"Lino's","straatNaam":"VIA DEL PRATELLO","straatNr":"68a","vervoerder":"DPD","puntType":"pickup_point","bezettingsgraad":50,"latitude":44.4954473,"longitude":11.3309735,"canPickup":true,"canDropoff":true,"openingstijden":{"ma":"gesloten","di":"08:00 - 13:00, 16:30 - 19:30","wo":"08:00 - 13:00, 16:30 - 19:30","do":"08:00 - 13:00, 16:30 - 19:30","vr":"08:00 - 13:00, 16:30 - 19:30","za":"08:00 - 13:00, 16:30 - 19:00","zo":"08:00 - 13:00"}}},{"type":"Feature","geometry":{"type":"Point","coordinates":[11.35738391,44.5425343]},"properties":{"type":"pakketpunt","locatieNaam":"SMMARTPOINT","straatNaam":"VIA STOPPATO","straatNr":"27","vervoerder":"DPD","puntType":"pickup_point","bezettingsgraad":50,"latitude":44.5425343,"longitude":11.35738391,"canPickup":true,"canDropoff":true,"openingstijden":{"ma":"08:30 - 18:30","di":"08:30 - 18:30","wo":"08:30 - 18:30","do":"08:30 - 18:30","vr":"08:30 - 18:30","za":"08:30 - 13:30","zo":"gesloten"}}},{"type":"Feature","geometry":{"type":"Point","coordinates":[11.3466571,44.49401658]},"properties":{"type":"pakketpunt","locatieNaam":"Souvenir Due Torri","straatNaam":"STRADA MAGGIORE","straatNr":"1 C","vervoerder":"DPD","puntType":"pickup_point","bezettingsgraad":50,"latitude":44.49401658,"longitude":11.3466571,"canPickup":true,"canDropoff":true,"openingstijden":{"ma":"10:00 - 18:00","di":"10:00 - 18:00","wo":"10:00 - 18:00","do":"10:00 - 18:00","vr":"10:00 - 18:00","za":"10:00 - 18:00","zo":"10:00 - 18:00"}}},{"type":"Feature","geometry":{"type":"Point","coordinates":[11.28656526,44.51093501]},"properties":{"type":"pakketpunt","locatieNaam":"Edicola Maniezzi","straatNaam":"VIA DELLA PIETRA","straatNr":"8/A","vervoerder":"DPD","puntType":"pickup_point","bezettingsgraad":50,"latitude":44.51093501,"longitude":11.28656526,"canPickup":true,"canDropoff":true,"openingstijden":{"ma":"06:00 - 12:30, 16:00 - 19:30","di":"06:00 - 12:30, 16:00 - 19:30","wo":"06:00 - 12:30, 16:00 - 19:30","do":"06:00 - 12:30, 16:00 - 19:30","vr":"06:00 - 12:30, 16:00 - 19:30","za":"06:00 - 13:00","zo":"gesloten"}}},{"type":"Feature","geometry":{"type":"Point","coordinates":[11.351759,44.5299959]},"properties":{"type":"pakketpunt","locatieNaam":"Tecnocell","straatNaam":"VIA DI CORTICELLA","straatNr":"180-41B","vervoerder":"DPD","puntType":"pickup_point","bezettingsgraad":50,"latitude":44.5299959,"longitude":11.351759,"canPickup":true,"canDropoff":true,"openingstijden":{"ma":"09:00 - 19:00","di":"09:00 - 19:00","wo":"09:00 - 19:00","do":"09:00 - 19:00","vr":"09:00 - 19:00","za":"gesloten","zo":"gesloten"}}},{"type":"Feature","geometry":{"type":"Point","coordinates":[11.30555759,44.49303363]},"properties":{"type":"pakketpunt","locatieNaam":"Dal Divinos","straatNaam":"VIA ANDREA COSTA","straatNr":"204","vervoerder":"DPD","puntType":"pickup_point","bezettingsgraad":50,"latitude":44.49303363,"longitude":11.30555759,"canPickup":true,"canDropoff":true,"openingstijden":{"ma":"06:00 - 20:00","di":"06:00 - 20:00","wo":"06:00 - 20:00","do":"06:00 - 20:00","vr":"06:00 - 20:00","za":"06:00 - 20:00","zo":"07:00 - 12:00"}}},{"type":"Feature","geometry":{"type":"Point","coordinates":[11.265119,44.519915]},"properties":{"type":"pakketpunt","locatieNaam":"BRT LOCKER - Centro Borgo Via Lepid","straatNaam":"VIA MARCO EMILIO LEPIDO","straatNr":"84","vervoerder":"DPD","puntType":"dpd_box","bezettingsgraad":50,"latitude":44.519915,"longitude":11.265119,"canPickup":true,"canDropoff":true,"openingstijden":{"ma":"08:30 - 21:00","di":"08:30 - 21:00","wo":"08:30 - 21:00","do":"08:30 - 21:00","vr":"08:30 - 21:00","za":"08:30 - 21:00","zo":"09:00 - 20:00"}}},{"type":"Feature","geometry":{"type":"Point","coordinates":[11.329467,44.5141483]},"properties":{"type":"pakketpunt","locatieNaam":"BRT LOCKER - Centro Lame Via Polo","straatNaam":"VIA MARCO POLO","straatNr":"","vervoerder":"DPD","puntType":"dpd_box","bezettingsgraad":50,"latitude":44.5141483,"longitude":11.329467,"canPickup":true,"canDropoff":true,"openingstijden":{"ma":"09:00 - 20:30","di":"09:00 - 20:30","wo":"09:00 - 20:30","do":"09:00 - 20:30","vr":"09:00 - 20:30","za":"09:00 - 20:30","zo":"10:00 - 20:30"}}},{"type":"Feature","geometry":{"type":"Point","coordinates":[11.3496518,44.4899451]},"properties":{"type":"pakketpunt","locatieNaam":"Bar Z8","straatNaam":"VIA CARTOLERIA","straatNr":"6A","vervoerder":"DPD","puntType":"pickup_point","bezettingsgraad":50,"latitude":44.4899451,"longitude":11.3496518,"canPickup":true,"canDropoff":true,"openingstijden":{"ma":"07:30 - 21:30","di":"07:30 - 21:30","wo":"07:30 - 21:30","do":"07:30 - 21:30","vr":"07:30 - 21:30","za":"07:30 - 21:30","zo":"09:00 - 21:30"}}},{"type":"Feature","geometry":{"type":"Point","coordinates":[11.35513258,44.50979849]},"properties":{"type":"pakketpunt","locatieNaam":"Bomber Point","straatNaam":"VIA DONATO CRETI","straatNr":"73D","vervoerder":"DPD","puntType":"pickup_point","bezettingsgraad":50,"latitude":44.50979849,"longitude":11.35513258,"canPickup":true,"canDropoff":true,"openingstijden":{"ma":"10:00 - 13:00","di":"10:00 - 13:00","wo":"10:00 - 13:00","do":"10:00 - 13:00","vr":"10:00 - 13:00","za":"10:00 - 13:00","zo":"gesloten"}}},{"type":"Feature","geometry":{"type":"Point","coordinates":[11.29503363,44.49810686]},"properties":{"type":"pakketpunt","locatieNaam":"Sate Telefonia","straatNaam":"VIA BATTINDARNO","straatNr":"155 b","vervoerder":"DPD","puntType":"pickup_point","bezettingsgraad":50,"latitude":44.49810686,"longitude":11.29503363,"canPickup":true,"canDropoff":true,"openingstijden":{"ma":"09:15 - 12:30, 16:00 - 19:00","di":"09:15 - 12:30","wo":"09:15 - 12:30, 16:00 - 19:00","do":"09:15 - 12:30, 16:00 - 19:00","vr":"09:15 - 12:30","za":"gesloten","zo":"gesloten"}}},{"type":"Feature","geometry":{"type":"Point","coordinates":[11.37158166,44.48464381]},"properties":{"type":"pakketpunt","locatieNaam":"Tabaccheria Riv.60 Bologna","straatNaam":"VIA MAZZINI","straatNr":"107 e","vervoerder":"DPD","puntType":"pickup_point","bezettingsgraad":50,"latitude":44.48464381,"longitude":11.37158166,"canPickup":true,"canDropoff":true,"openingstijden":{"ma":"07:30 - 19:30","di":"07:30 - 19:30","wo":"07:30 - 19:30","do":"07:30 - 19:30","vr":"07:30 - 19:30","za":"07:30 - 19:30","zo":"gesloten"}}},{"type":"Feature","geometry":{"type":"Point","coordinates":[11.277846,44.503276]},"properties":{"type":"pakketpunt","locatieNaam":"BRT LOCKER - CC Casteldebole Via De","straatNaam":"VIA DE NICOLA","straatNr":"1","vervoerder":"DPD","puntType":"dpd_box","bezettingsgraad":50,"latitude":44.503276,"longitude":11.277846,"canPickup":true,"canDropoff":true,"openingstijden":{"ma":"07:00 - 20:00","di":"07:00 - 20:00","wo":"07:00 - 20:00","do":"07:00 - 20:00","vr":"07:00 - 20:00","za":"07:00 - 20:00","zo":"08:00 - 13:00"}}},{"type":"Feature","geometry":{"type":"Point","coordinates":[11.3964952,44.476306]},"properties":{"type":"pakketpunt","locatieNaam":"Mexico - Bar Simo","straatNaam":"PIAZZA LAMBRAKIS","straatNr":"1t","vervoerder":"DPD","puntType":"pickup_point","bezettingsgraad":50,"latitude":44.476306,"longitude":11.3964952,"canPickup":true,"canDropoff":true,"openingstijden":{"ma":"08:00 - 12:30, 16:30 - 19:30","di":"08:00 - 12:30, 16:30 - 19:30","wo":"08:00 - 12:30, 16:30 - 19:30","do":"08:00 - 12:30, 16:30 - 19:30","vr":"08:00 - 12:30, 16:30 - 19:30","za":"08:00 - 12:30","zo":"gesloten"}}},{"type":"Feature","geometry":{"type":"Point","coordinates":[11.3330397708,44.5030599507]},"properties":{"type":"pakketpunt","locatieNaam":"Tabaccheria Porta Lame","straatNaam":"VIA FRANCESCO ZANARDI","straatNr":"3B","vervoerder":"DPD","puntType":"pickup_point","bezettingsgraad":50,"latitude":44.5030599507,"longitude":11.3330397708,"canPickup":true,"canDropoff":true,"openingstijden":{"ma":"09:30 - 19:30","di":"09:30 - 19:30","wo":"09:30 - 19:30","do":"09:30 - 19:30","vr":"09:30 - 19:30","za":"09:30 - 19:30","zo":"gesloten"}}},{"type":"Feature","geometry":{"type":"Point","coordinates":[11.3408092,44.5036008]},"properties":{"type":"pakketpunt","locatieNaam":"Bologna Cover","straatNaam":"VIA AMENDOLA","straatNr":"7B","vervoerder":"DPD","puntType":"pickup_point","bezettingsgraad":50,"latitude":44.5036008,"longitude":11.3408092,"canPickup":true,"canDropoff":true,"openingstijden":{"ma":"09:00 - 20:00","di":"09:00 - 20:00","wo":"09:00 - 20:00","do":"09:00 - 20:00","vr":"09:00 - 20:00","za":"09:00 - 20:00","zo":"10:00 - 20:00"}}},{"type":"Feature","geometry":{"type":"Point","coordinates":[11.3405991,44.4928441]},"properties":{"type":"pakketpunt","locatieNaam":"Ferramenta Natali 40123","straatNaam":"PIAZZA GALILEO","straatNr":"4A","vervoerder":"DPD","puntType":"pickup_point","bezettingsgraad":50,"latitude":44.4928441,"longitude":11.3405991,"canPickup":true,"canDropoff":true,"openingstijden":{"ma":"09:00 - 13:00, 16:00 - 19:00","di":"09:00 - 13:00, 16:00 - 19:00","wo":"09:00 - 13:00, 16:00 - 19:00","do":"09:00 - 13:00","vr":"09:00 - 13:00, 16:00 - 19:00","za":"09:00 - 13:00, 16:00 - 19:00","zo":"gesloten"}}},{"type":"Feature","geometry":{"type":"Point","coordinates":[11.3418509,44.5132455]},"properties":{"type":"pakketpunt","locatieNaam":"New Link","straatNaam":"VIA A. FIORAVANTI","straatNr":"57B","vervoerder":"DPD","puntType":"pickup_point","bezettingsgraad":50,"latitude":44.5132455,"longitude":11.3418509,"canPickup":true,"canDropoff":true,"openingstijden":{"ma":"09:00 - 14:00, 14:30 - 19:00","di":"09:00 - 14:00, 14:30 - 19:00","wo":"09:00 - 14:00, 14:30 - 19:00","do":"09:00 - 14:00, 14:30 - 19:00","vr":"09:00 - 14:00, 14:30 - 19:00","za":"11:00 - 14:00, 14:30 - 19:00","zo":"gesloten"}}},{"type":"Feature","geometry":{"type":"Point","coordinates":[11.3486715,44.5112104]},"properties":{"type":"pakketpunt","locatieNaam":"Platina","straatNaam":"VIA FERRARESE","straatNr":"67 C","vervoerder":"DPD","puntType":"pickup_point","bezettingsgraad":50,"latitude":44.5112104,"longitude":11.3486715,"canPickup":true,"canDropoff":true,"openingstijden":{"ma":"11:30 - 16:30","di":"11:30 - 16:30","wo":"11:30 - 16:30","do":"11:30 - 16:30","vr":"11:30 - 16:30","za":"11:30 - 16:30","zo":"gesloten"}}},{"type":"Feature","geometry":{"type":"Point","coordinates":[11.3779417,44.4826364]},"properties":{"type":"pakketpunt","locatieNaam":"Luca P. Elettronica","straatNaam":"VIA E. LEVANTE","straatNr":"80 B","vervoerder":"DPD","puntType":"pickup_point","bezettingsgraad":50,"latitude":44.4826364,"longitude":11.3779417,"canPickup":true,"canDropoff":true,"openingstijden":{"ma":"08:30 - 13:00, 15:00 - 19:00","di":"08:30 - 13:00, 15:00 - 19:00","wo":"08:30 - 13:00, 15:00 - 19:00","do":"08:30 - 13:00, 15:00 - 19:00","vr":"08:30 - 13:00, 15:00 - 19:00","za":"08:30 - 13:00","zo":"gesloten"}}},{"type":"Feature","geometry":{"type":"Point","coordinates":[11.2957271,44.5089673]},"properties":{"type":"pakketpunt","locatieNaam":"Bar Andy Capp","straatNaam":"VIA E. PONENTE","straatNr":"182","vervoerder":"DPD","puntType":"pickup_point","bezettingsgraad":50,"latitude":44.5089673,"longitude":11.2957271,"canPickup":true,"canDropoff":true,"openingstijden":{"ma":"07:00 - 22:00","di":"07:00 - 22:00","wo":"07:00 - 22:00","do":"07:00 - 22:00","vr":"07:00 - 22:00","za":"07:00 - 22:00","zo":"07:00 - 13:00"}}},{"type":"Feature","geometry":{"type":"Point","coordinates":[11.3462543,44.4909877]},"properties":{"type":"pakketpunt","locatieNaam":"Cartoleria Castiglione 13","straatNaam":"VIA CASTIGLIONE","straatNr":"13 A","vervoerder":"DPD","puntType":"pickup_point","bezettingsgraad":50,"latitude":44.4909877,"longitude":11.3462543,"canPickup":true,"canDropoff":true,"openingstijden":{"ma":"10:00 - 13:30, 14:30 - 19:00","di":"10:00 - 13:30, 14:30 - 19:00","wo":"10:00 - 13:30, 14:30 - 19:00","do":"10:00 - 13:30, 14:30 - 19:00","vr":"10:00 - 13:30, 14:30 - 19:00","za":"gesloten","zo":"gesloten"}}},{"type":"Feature","geometry":{"type":"Point","coordinates":[11.345291,44.503308]},"properties":{"type":"pakketpunt","locatieNaam":"BRT LOCKER - Ex.Dynamo Via dell'Ind","straatNaam":"VIA DELL'INDIPENDENZA","straatNr":"71/Z","vervoerder":"DPD","puntType":"dpd_box","bezettingsgraad":50,"latitude":44.503308,"longitude":11.345291,"canPickup":true,"canDropoff":true,"openingstijden":{"ma":"08:00 - 22:00","di":"08:00 - 22:00","wo":"08:00 - 22:00","do":"08:00 - 22:00","vr":"08:00 - 22:00","za":"09:00 - 22:00","zo":"09:00 - 22:00"}}},{"type":"Feature","geometry":{"type":"Point","coordinates":[11.3627416,44.4879204]},"properties":{"type":"pakketpunt","locatieNaam":"Tabaccheria 85 Mazzini","straatNaam":"VIA MAZZINI","straatNr":"47F","vervoerder":"DPD","puntType":"pickup_point","bezettingsgraad":50,"latitude":44.4879204,"longitude":11.3627416,"canPickup":true,"canDropoff":true,"openingstijden":{"ma":"07:00 - 13:00, 15:30 - 19:30","di":"07:00 - 13:00, 15:30 - 19:30","wo":"07:00 - 13:00, 15:30 - 19:30","do":"07:00 - 13:00, 15:30 - 19:30","vr":"07:00 - 13:00, 15:30 - 19:30","za":"07:00 - 13:00, 15:30 - 19:30","zo":"gesloten"}}},{"type":"Feature","geometry":{"type":"Point","coordinates":[11.348375,44.4869275]},"properties":{"type":"pakketpunt","locatieNaam":"Mozzarella 24","straatNaam":"VIA CASTIGLIONE","straatNr":"62-2B","vervoerder":"DPD","puntType":"pickup_point","bezettingsgraad":50,"latitude":44.4869275,"longitude":11.348375,"canPickup":true,"canDropoff":true,"openingstijden":{"ma":"10:00 - 13:30, 17:00 - 20:00","di":"10:00 - 13:30, 16:30 - 20:00","wo":"10:00 - 13:30, 17:00 - 20:00","do":"10:00 - 13:30, 17:00 - 20:00","vr":"10:00 - 13:30, 17:00 - 20:00","za":"10:00 - 14:00, 17:00 - 20:00","zo":"gesloten"}}},{"type":"Feature","geometry":{"type":"Point","coordinates":[11.39932935,44.49244931]},"properties":{"type":"pakketpunt","locatieNaam":"Non Solo Tabacchi Paradiso","straatNaam":"VIA T. MARTELLI","straatNr":"25-5","vervoerder":"DPD","puntType":"pickup_point","bezettingsgraad":50,"latitude":44.49244931,"longitude":11.39932935,"canPickup":true,"canDropoff":true,"openingstijden":{"ma":"07:00 - 12:30, 15:30 - 19:30","di":"07:00 - 12:30, 15:30 - 19:30","wo":"07:00 - 12:30, 15:30 - 19:30","do":"07:00 - 12:30, 15:30 - 19:30","vr":"07:00 - 12:30, 15:30 - 19:30","za":"07:30 - 12:30, 16:00 - 19:30","zo":"gesloten"}}},{"type":"Feature","geometry":{"type":"Point","coordinates":[11.3736989,44.5011256]},"properties":{"type":"pakketpunt","locatieNaam":"Tabaccheria Pini","straatNaam":"VIA ANDREINI","straatNr":"30 f","vervoerder":"DPD","puntType":"pickup_point","bezettingsgraad":50,"latitude":44.5011256,"longitude":11.3736989,"canPickup":true,"canDropoff":true,"openingstijden":{"ma":"07:30 - 19:30","di":"07:30 - 19:30","wo":"07:30 - 19:30","do":"07:30 - 19:30","vr":"07:30 - 19:30","za":"07:30 - 19:30","zo":"gesloten"}}},{"type":"Feature","geometry":{"type":"Point","coordinates":[11.2980248,44.5102588]},"properties":{"type":"pakketpunt","locatieNaam":"Pontelungo Comics","straatNaam":"VIA AGUCCHI","straatNr":"77/2b 77","vervoerder":"DPD","puntType":"pickup_point","bezettingsgraad":50,"latitude":44.5102588,"longitude":11.2980248,"canPickup":true,"canDropoff":true,"openingstijden":{"ma":"gesloten","di":"10:00 - 12:30, 14:00 - 19:00","wo":"10:00 - 12:30, 14:00 - 19:00","do":"10:00 - 12:30, 14:00 - 19:00","vr":"10:00 - 12:30, 14:00 - 19:00","za":"09:00 - 12:00, 15:00 - 18:00","zo":"gesloten"}}},{"type":"Feature","geometry":{"type":"Point","coordinates":[11.3465504,44.5092005]},"properties":{"type":"pakketpunt","locatieNaam":"Casalinghi di Chen Ronghua","straatNaam":"VIA GIACOMO MATTEOTTI","straatNr":"26A","vervoerder":"DPD","puntType":"pickup_point","bezettingsgraad":50,"latitude":44.5092005,"longitude":11.3465504,"canPickup":true,"canDropoff":true,"openingstijden":{"ma":"09:00 - 13:00, 14:30 - 19:30","di":"09:00 - 13:00, 14:30 - 19:30","wo":"09:00 - 13:00, 14:30 - 19:30","do":"09:00 - 13:00, 14:30 - 19:30","vr":"09:00 - 13:00, 14:30 - 19:30","za":"09:00 - 13:00, 14:30 - 19:30","zo":"10:30 - 13:00"}}},{"type":"Feature","geometry":{"type":"Point","coordinates":[11.36558121,44.50434715]},"properties":{"type":"pakketpunt","locatieNaam":"Tabaccheria Salvini","straatNaam":"VIA T. SALVINI","straatNr":"4D","vervoerder":"DPD","puntType":"pickup_point","bezettingsgraad":50,"latitude":44.50434715,"longitude":11.36558121,"canPickup":true,"canDropoff":true,"openingstijden":{"ma":"08:00 - 19:00","di":"08:00 - 19:00","wo":"08:00 - 19:00","do":"08:00 - 19:00","vr":"08:00 - 19:00","za":"08:00 - 19:00","zo":"gesloten"}}},{"type":"Feature","geometry":{"type":"Point","coordinates":[11.2954886,44.5039422]},"properties":{"type":"pakketpunt","locatieNaam":"BRT LOCKER - Conad City via Speranz","straatNaam":"VIA SPERANZA","straatNr":"52/A","vervoerder":"DPD","puntType":"dpd_box","bezettingsgraad":50,"latitude":44.5039422,"longitude":11.2954886,"canPickup":true,"canDropoff":true,"openingstijden":{"ma":"08:00 - 20:30","di":"08:00 - 20:30","wo":"08:00 - 20:30","do":"08:00 - 20:30","vr":"08:00 - 20:30","za":"08:00 - 20:30","zo":"09:00 - 13:00"}}},{"type":"Feature","geometry":{"type":"Point","coordinates":[11.3546474,44.5078641]},"properties":{"type":"pakketpunt","locatieNaam":"SR Servizi di Mohammad Sujan","straatNaam":"VIA S. SERLIO","straatNr":"30D","vervoerder":"DPD","puntType":"pickup_point","bezettingsgraad":50,"latitude":44.5078641,"longitude":11.3546474,"canPickup":true,"canDropoff":true,"openingstijden":{"ma":"10:30 - 13:30, 15:30 - 19:30","di":"10:30 - 13:30, 15:30 - 19:30","wo":"10:30 - 13:30, 15:30 - 19:30","do":"10:30 - 13:30, 15:30 - 19:30","vr":"10:30 - 13:30, 15:30 - 19:30","za":"11:00 - 16:00","zo":"gesloten"}}},{"type":"Feature","geometry":{"type":"Point","coordinates":[11.3512982,44.500601]},"properties":{"type":"pakketpunt","locatieNaam":"Smart Point Servizi e Soluzioni - M","straatNaam":"VIA MASCARELLA","straatNr":"63-2a","vervoerder":"DPD","puntType":"pickup_point","bezettingsgraad":50,"latitude":44.500601,"longitude":11.3512982,"canPickup":true,"canDropoff":true,"openingstijden":{"ma":"09:30 - 13:00, 15:00 - 19:00","di":"09:30 - 13:00, 15:00 - 19:00","wo":"09:30 - 13:00, 15:00 - 19:00","do":"09:30 - 13:00, 15:00 - 19:00","vr":"09:30 - 13:00, 15:00 - 19:00","za":"gesloten","zo":"gesloten"}}},{"type":"Feature","geometry":{"type":"Point","coordinates":[11.37485324,44.47533843]},"properties":{"type":"pakketpunt","locatieNaam":"Clean Up!","straatNaam":"VIA D. MORELLI","straatNr":"4b","vervoerder":"DPD","puntType":"pickup_point","bezettingsgraad":50,"latitude":44.47533843,"longitude":11.37485324,"canPickup":true,"canDropoff":true,"openingstijden":null}},{"type":"Feature","geometry":{"type":"Point","coordinates":[11.37846,44.4643808]},"properties":{"type":"pakketpunt","locatieNaam":"Epic Tabacchi","straatNaam":"VIA G. CESARE ABBA","straatNr":"12B","vervoerder":"DPD","puntType":"pickup_point","bezettingsgraad":50,"latitude":44.4643808,"longitude":11.37846,"canPickup":true,"canDropoff":true,"openingstijden":{"ma":"08:00 - 13:00, 15:30 - 19:30","di":"08:00 - 13:00, 15:30 - 19:30","wo":"08:00 - 13:00, 15:30 - 19:30","do":"08:00 - 13:00, 15:30 - 19:30","vr":"08:00 - 13:00, 15:30 - 19:30","za":"08:30 - 13:00, 16:00 - 19:30","zo":"gesloten"}}},{"type":"Feature","geometry":{"type":"Point","coordinates":[11.3842187,44.4755771]},"properties":{"type":"pakketpunt","locatieNaam":"PostaSI - Bologna","straatNaam":"VIA SARDEGNA","straatNr":"10D","vervoerder":"DPD","puntType":"pickup_point","bezettingsgraad":50,"latitude":44.4755771,"longitude":11.3842187,"canPickup":true,"canDropoff":true,"openingstijden":{"ma":"09:00 - 13:00, 15:00 - 19:00","di":"09:00 - 13:00, 15:00 - 19:00","wo":"09:00 - 13:00, 15:00 - 19:00","do":"09:00 - 13:00, 15:00 - 19:00","vr":"09:00 - 13:00, 15:00 - 19:00","za":"09:00 - 13:00","zo":"gesloten"}}},{"type":"Feature","geometry":{"type":"Point","coordinates":[11.31509684,44.49488637]},"properties":{"type":"pakketpunt","locatieNaam":"Tabaccheria Stadio","straatNaam":"VIA A. COSTA","straatNr":"139a","vervoerder":"DPD","puntType":"pickup_point","bezettingsgraad":50,"latitude":44.49488637,"longitude":11.31509684,"canPickup":true,"canDropoff":true,"openingstijden":{"ma":"07:30 - 13:00, 15:00 - 19:30","di":"07:30 - 13:00, 15:00 - 19:30","wo":"07:30 - 13:00, 15:00 - 19:30","do":"07:30 - 13:00, 15:00 - 19:30","vr":"07:30 - 13:00, 15:00 - 19:30","za":"07:30 - 13:00, 15:00 - 19:30","zo":"gesloten"}}},{"type":"Feature","geometry":{"type":"Point","coordinates":[11.3710645,44.4643643]},"properties":{"type":"pakketpunt","locatieNaam":"Tabaccheria Magiu","straatNaam":"VIA TOSCANA","straatNr":"48D","vervoerder":"DPD","puntType":"pickup_point","bezettingsgraad":50,"latitude":44.4643643,"longitude":11.3710645,"canPickup":true,"canDropoff":true,"openingstijden":{"ma":"07:00 - 13:00, 16:00 - 19:30","di":"07:00 - 13:00, 16:00 - 19:30","wo":"07:00 - 13:00, 16:00 - 19:30","do":"07:00 - 13:00, 16:00 - 19:30","vr":"07:00 - 13:00, 16:00 - 19:30","za":"07:00 - 13:00, 16:00 - 19:30","zo":"gesloten"}}},{"type":"Feature","geometry":{"type":"Point","coordinates":[11.345214,44.5113507]},"properties":{"type":"pakketpunt","locatieNaam":"Easypratiche","straatNaam":"VIA P. TIBALDI","straatNr":"15a","vervoerder":"DPD","puntType":"pickup_point","bezettingsgraad":50,"latitude":44.5113507,"longitude":11.345214,"canPickup":true,"canDropoff":true,"openingstijden":{"ma":"09:30 - 19:00","di":"09:30 - 19:00","wo":"09:30 - 19:00","do":"09:30 - 19:00","vr":"09:30 - 19:00","za":"09:30 - 19:00","zo":"gesloten"}}},{"type":"Feature","geometry":{"type":"Point","coordinates":[11.31762,44.50013]},"properties":{"type":"pakketpunt","locatieNaam":"InPost Locker","straatNaam":"Via del Timavo","straatNr":"17 C/D","vervoerder":"InPost","puntType":"automaat","bezettingsgraad":50,"latitude":44.50013,"longitude":11.31762,"canPickup":true,"canDropoff":true,"openingstijden":null}},{"type":"Feature","geometry":{"type":"Point","coordinates":[11.30039,44.50398]},"properties":{"type":"pakketpunt","locatieNaam":"InPost Locker 24/7","straatNaam":"Via Battindarno","straatNr":"170","vervoerder":"InPost","puntType":"automaat","bezettingsgraad":50,"latitude":44.50398,"longitude":11.30039,"canPickup":true,"canDropoff":true,"openingstijden":null}},{"type":"Feature","geometry":{"type":"Point","coordinates":[11.3413,44.50468]},"properties":{"type":"pakketpunt","locatieNaam":"InPost Locker","straatNaam":"Via Giovanni Amendola","straatNr":"13F","vervoerder":"InPost","puntType":"automaat","bezettingsgraad":50,"latitude":44.50468,"longitude":11.3413,"canPickup":true,"canDropoff":true,"openingstijden":null}},{"type":"Feature","geometry":{"type":"Point","coordinates":[11.41057,44.51198]},"properties":{"type":"pakketpunt","locatieNaam":"InPost Locker 24/7","straatNaam":"Via Fanin","straatNr":"","vervoerder":"InPost","puntType":"automaat","bezettingsgraad":50,"latitude":44.51198,"longitude":11.41057,"canPickup":true,"canDropoff":true,"openingstijden":null}},{"type":"Feature","geometry":{"type":"Point","coordinates":[11.3455,44.49603]},"properties":{"type":"pakketpunt","locatieNaam":"InPost Point","straatNaam":"Via Guglielmo Oberdan","straatNr":"11/F","vervoerder":"InPost","puntType":"servicepunt","bezettingsgraad":50,"latitude":44.49603,"longitude":11.3455,"canPickup":true,"canDropoff":true,"openingstijden":"Lun-Sab: 9:00 - 13:00 - 15:30 - 19:30"}},{"type":"Feature","geometry":{"type":"Point","coordinates":[11.37348,44.46858]},"properties":{"type":"pakketpunt","locatieNaam":"InPost Point","straatNaam":"Via della Foscherara","straatNr":"3/2","vervoerder":"InPost","puntType":"servicepunt","bezettingsgraad":50,"latitude":44.46858,"longitude":11.37348,"canPickup":true,"canDropoff":true,"openingstijden":"Lun-Ven: 7:30 - 19:30"}},{"type":"Feature","geometry":{"type":"Point","coordinates":[11.3437,44.49538]},"properties":{"type":"pakketpunt","locatieNaam":"InPost Point","straatNaam":"Via Fossalta","straatNr":"4","vervoerder":"InPost","puntType":"servicepunt","bezettingsgraad":50,"latitude":44.49538,"longitude":11.3437,"canPickup":true,"canDropoff":true,"openingstijden":"Lun: 15:30 - 19:30\r\nMar-Ven: 10:30 - 17:30 Sab-Dom: 12:00 - 16:30"}},{"type":"Feature","geometry":{"type":"Point","coordinates":[11.33025,44.49901]},"properties":{"type":"pakketpunt","locatieNaam":"InPost Point","straatNaam":"Via S. Felice","straatNr":"107/A","vervoerder":"InPost","puntType":"servicepunt","bezettingsgraad":50,"latitude":44.49901,"longitude":11.33025,"canPickup":true,"canDropoff":true,"openingstijden":"Lun-Sab: 7:30 - 20:00"}},{"type":"Feature","geometry":{"type":"Point","coordinates":[11.40004,44.49457]},"properties":{"type":"pakketpunt","locatieNaam":"InPost Locker 24/7","straatNaam":"Via Enrico Mattei","straatNr":"25","vervoerder":"InPost","puntType":"automaat","bezettingsgraad":50,"latitude":44.49457,"longitude":11.40004,"canPickup":true,"canDropoff":true,"openingstijden":null}},{"type":"Feature","geometry":{"type":"Point","coordinates":[11.40003,44.50514]},"properties":{"type":"pakketpunt","locatieNaam":"InPost Locker 24/7","straatNaam":"Via dell'Industria","straatNr":"34/abc","vervoerder":"InPost","puntType":"automaat","bezettingsgraad":50,"latitude":44.50514,"longitude":11.40003,"canPickup":true,"canDropoff":true,"openingstijden":null}},{"type":"Feature","geometry":{"type":"Point","coordinates":[11.30643,44.4913]},"properties":{"type":"pakketpunt","locatieNaam":"InPost Locker 24/7","straatNaam":"Via Porrettana","straatNr":"85/2","vervoerder":"InPost","puntType":"automaat","bezettingsgraad":50,"latitude":44.4913,"longitude":11.30643,"canPickup":true,"canDropoff":true,"openingstijden":null}},{"type":"Feature","geometry":{"type":"Point","coordinates":[11.41091,44.50675]},"properties":{"type":"pakketpunt","locatieNaam":"InPost Locker 24/7","straatNaam":"Via Dell'Industria","straatNr":"44","vervoerder":"InPost","puntType":"automaat","bezettingsgraad":50,"latitude":44.50675,"longitude":11.41091,"canPickup":true,"canDropoff":true,"openingstijden":null}},{"type":"Feature","geometry":{"type":"Point","coordinates":[11.27182,44.51184]},"properties":{"type":"pakketpunt","locatieNaam":"InPost Locker 24/7","straatNaam":"Via Alcide De Gasperi","straatNr":"10","vervoerder":"InPost","puntType":"automaat","bezettingsgraad":50,"latitude":44.51184,"longitude":11.27182,"canPickup":true,"canDropoff":true,"openingstijden":null}},{"type":"Feature","geometry":{"type":"Point","coordinates":[11.36921,44.53722]},"properties":{"type":"pakketpunt","locatieNaam":"InPost Locker 24/7","straatNaam":"Via Ferrarese","straatNr":"166","vervoerder":"InPost","puntType":"automaat","bezettingsgraad":50,"latitude":44.53722,"longitude":11.36921,"canPickup":true,"canDropoff":true,"openingstijden":null}},{"type":"Feature","geometry":{"type":"Point","coordinates":[11.3417,44.53588]},"properties":{"type":"pakketpunt","locatieNaam":"InPost Locker 24/7","straatNaam":"Via Cristoforo Colombo","straatNr":"36","vervoerder":"InPost","puntType":"automaat","bezettingsgraad":50,"latitude":44.53588,"longitude":11.3417,"canPickup":true,"canDropoff":true,"openingstijden":null}},{"type":"Feature","geometry":{"type":"Point","coordinates":[11.37055,44.46768]},"properties":{"type":"pakketpunt","locatieNaam":"InPost Locker 24/7","straatNaam":"Via Toscana","straatNr":"33","vervoerder":"InPost","puntType":"automaat","bezettingsgraad":50,"latitude":44.46768,"longitude":11.37055,"canPickup":true,"canDropoff":true,"openingstijden":null}},{"type":"Feature","geometry":{"type":"Point","coordinates":[11.3544,44.50731]},"properties":{"type":"pakketpunt","locatieNaam":"InPost Locker 24/7","straatNaam":"Via Serlio","straatNr":"35A","vervoerder":"InPost","puntType":"automaat","bezettingsgraad":50,"latitude":44.50731,"longitude":11.3544,"canPickup":true,"canDropoff":true,"openingstijden":null}},{"type":"Feature","geometry":{"type":"Point","coordinates":[11.28208,44.51458]},"properties":{"type":"pakketpunt","locatieNaam":"InPost Locker 24/7","straatNaam":"Via Caduti di Amola","straatNr":"2","vervoerder":"InPost","puntType":"automaat","bezettingsgraad":50,"latitude":44.51458,"longitude":11.28208,"canPickup":true,"canDropoff":true,"openingstijden":null}},{"type":"Feature","geometry":{"type":"Point","coordinates":[11.35267,44.53175]},"properties":{"type":"pakketpunt","locatieNaam":"InPost Locker 24/7","straatNaam":"Via di Corticella","straatNr":"184-2","vervoerder":"InPost","puntType":"automaat","bezettingsgraad":50,"latitude":44.53175,"longitude":11.35267,"canPickup":true,"canDropoff":true,"openingstijden":null}},{"type":"Feature","geometry":{"type":"Point","coordinates":[11.32546,44.51475]},"properties":{"type":"pakketpunt","locatieNaam":"InPost Locker 24/7","straatNaam":"Via Francesco Zanardi","straatNr":"56","vervoerder":"InPost","puntType":"automaat","bezettingsgraad":50,"latitude":44.51475,"longitude":11.32546,"canPickup":true,"canDropoff":true,"openingstijden":null}},{"type":"Feature","geometry":{"type":"Point","coordinates":[11.29765,44.48895]},"properties":{"type":"pakketpunt","locatieNaam":"InPost Locker","straatNaam":"Via Don Luigi Sturzo","straatNr":"37/39","vervoerder":"InPost","puntType":"automaat","bezettingsgraad":50,"latitude":44.48895,"longitude":11.29765,"canPickup":true,"canDropoff":true,"openingstijden":null}},{"type":"Feature","geometry":{"type":"Point","coordinates":[11.35679,44.54241]},"properties":{"type":"pakketpunt","locatieNaam":"InPost Locker 24/7","straatNaam":"Via Alessandro Stoppato","straatNr":"27","vervoerder":"InPost","puntType":"automaat","bezettingsgraad":50,"latitude":44.54241,"longitude":11.35679,"canPickup":true,"canDropoff":true,"openingstijden":null}},{"type":"Feature","geometry":{"type":"Point","coordinates":[11.3276,44.51888]},"properties":{"type":"pakketpunt","locatieNaam":"InPost Locker","straatNaam":"Piazza da Verrazzano","straatNr":"6","vervoerder":"InPost","puntType":"automaat","bezettingsgraad":50,"latitude":44.51888,"longitude":11.3276,"canPickup":true,"canDropoff":true,"openingstijden":null}},{"type":"Feature","geometry":{"type":"Point","coordinates":[11.38122,44.47445]},"properties":{"type":"pakketpunt","locatieNaam":"InPost Locker","straatNaam":"Via degli Ortolani","straatNr":"12/3","vervoerder":"InPost","puntType":"automaat","bezettingsgraad":50,"latitude":44.47445,"longitude":11.38122,"canPickup":true,"canDropoff":true,"openingstijden":null}},{"type":"Feature","geometry":{"type":"Point","coordinates":[11.33656,44.53019]},"properties":{"type":"pakketpunt","locatieNaam":"InPost Locker 24/7","straatNaam":"Via Cristoforo Colombo","straatNr":"7","vervoerder":"InPost","puntType":"automaat","bezettingsgraad":50,"latitude":44.53019,"longitude":11.33656,"canPickup":true,"canDropoff":true,"openingstijden":null}},{"type":"Feature","geometry":{"type":"Point","coordinates":[11.30329,44.50658]},"properties":{"type":"pakketpunt","locatieNaam":"InPost Locker","straatNaam":"Via Battindarno","straatNr":"12A","vervoerder":"InPost","puntType":"automaat","bezettingsgraad":50,"latitude":44.50658,"longitude":11.30329,"canPickup":true,"canDropoff":true,"openingstijden":null}},{"type":"Feature","geometry":{"type":"Point","coordinates":[11.37874,44.47932]},"properties":{"type":"pakketpunt","locatieNaam":"InPost Locker","straatNaam":"Via Pontevecchio","straatNr":"22B","vervoerder":"InPost","puntType":"automaat","bezettingsgraad":50,"latitude":44.47932,"longitude":11.37874,"canPickup":true,"canDropoff":true,"openingstijden":null}},{"type":"Feature","geometry":{"type":"Point","coordinates":[11.34296,44.51262]},"properties":{"type":"pakketpunt","locatieNaam":"InPost Locker","straatNaam":"Via Franco Bolognese","straatNr":"27/2","vervoerder":"InPost","puntType":"automaat","bezettingsgraad":50,"latitude":44.51262,"longitude":11.34296,"canPickup":true,"canDropoff":true,"openingstijden":null}},{"type":"Feature","geometry":{"type":"Point","coordinates":[11.36599,44.50457]},"properties":{"type":"pakketpunt","locatieNaam":"InPost Locker","straatNaam":"Via Tommaso Salvini 8","straatNr":"8","vervoerder":"InPost","puntType":"automaat","bezettingsgraad":50,"latitude":44.50457,"longitude":11.36599,"canPickup":true,"canDropoff":true,"openingstijden":null}},{"type":"Feature","geometry":{"type":"Point","coordinates":[11.3295,44.50093]},"properties":{"type":"pakketpunt","locatieNaam":"InPost Locker 24/7","straatNaam":"Viale Silvani","straatNr":"8/3","vervoerder":"InPost","puntType":"automaat","bezettingsgraad":50,"latitude":44.50093,"longitude":11.3295,"canPickup":true,"canDropoff":true,"openingstijden":"24/7"}},{"type":"Feature","geometry":{"type":"Point","coordinates":[11.3294,44.51448]},"properties":{"type":"pakketpunt","locatieNaam":"InPost Locker 24/7","straatNaam":"Via Marco Polo","straatNr":"3","vervoerder":"InPost","puntType":"automaat","bezettingsgraad":50,"latitude":44.51448,"longitude":11.3294,"canPickup":true,"canDropoff":true,"openingstijden":"24/7"}},{"type":"Feature","geometry":{"type":"Point","coordinates":[11.35358,44.5315]},"properties":{"type":"pakketpunt","locatieNaam":"InPost Locker 24/7","straatNaam":"Via di Corticella","straatNr":"187","vervoerder":"InPost","puntType":"automaat","bezettingsgraad":50,"latitude":44.5315,"longitude":11.35358,"canPickup":true,"canDropoff":true,"openingstijden":"24/7"}},{"type":"Feature","geometry":{"type":"Point","coordinates":[11.34809,44.54946]},"properties":{"type":"pakketpunt","locatieNaam":"InPost Locker 24/7","straatNaam":"Via Cristoforo Colombo","straatNr":"201","vervoerder":"InPost","puntType":"automaat","bezettingsgraad":50,"latitude":44.54946,"longitude":11.34809,"canPickup":true,"canDropoff":true,"openingstijden":null}},{"type":"Feature","geometry":{"type":"Point","coordinates":[11.38821,44.48751]},"properties":{"type":"pakketpunt","locatieNaam":"InPost Locker 24/7","straatNaam":"Via Lenin","straatNr":"21","vervoerder":"InPost","puntType":"automaat","bezettingsgraad":50,"latitude":44.48751,"longitude":11.38821,"canPickup":true,"canDropoff":true,"openingstijden":null}},{"type":"Feature","geometry":{"type":"Point","coordinates":[11.41883,44.50698]},"properties":{"type":"pakketpunt","locatieNaam":"InPost Locker 24/7","straatNaam":"Via dell'Industria","straatNr":"55","vervoerder":"InPost","puntType":"automaat","bezettingsgraad":50,"latitude":44.50698,"longitude":11.41883,"canPickup":true,"canDropoff":true,"openingstijden":null}},{"type":"Feature","geometry":{"type":"Point","coordinates":[11.35153,44.51188]},"properties":{"type":"pakketpunt","locatieNaam":"all'esterno nell'area coperta a sinistra dell'agenzia assicurativa Generali","straatNaam":"Via della Liberazione","straatNr":"15","vervoerder":"InPost","puntType":"automaat","bezettingsgraad":50,"latitude":44.51188,"longitude":11.35153,"canPickup":true,"canDropoff":true,"openingstijden":null}},{"type":"Feature","geometry":{"type":"Point","coordinates":[11.40363,44.51355]},"properties":{"type":"pakketpunt","locatieNaam":"InPost Locker 24/7","straatNaam":"Via Tito Carnacini","straatNr":"43","vervoerder":"InPost","puntType":"automaat","bezettingsgraad":50,"latitude":44.51355,"longitude":11.40363,"canPickup":true,"canDropoff":true,"openingstijden":null}},{"type":"Feature","geometry":{"type":"Point","coordinates":[11.3585,44.51312]},"properties":{"type":"pakketpunt","locatieNaam":"InPost Locker 24/7","straatNaam":"Via Stalingrado","straatNr":"43","vervoerder":"InPost","puntType":"automaat","bezettingsgraad":50,"latitude":44.51312,"longitude":11.3585,"canPickup":true,"canDropoff":true,"openingstijden":null}},{"type":"Feature","geometry":{"type":"Point","coordinates":[11.38598,44.47894]},"properties":{"type":"pakketpunt","locatieNaam":"InPost Locker 24/7","straatNaam":"Via Emilia Levante","straatNr":"137","vervoerder":"InPost","puntType":"automaat","bezettingsgraad":50,"latitude":44.47894,"longitude":11.38598,"canPickup":true,"canDropoff":true,"openingstijden":null}},{"type":"Feature","geometry":{"type":"Point","coordinates":[11.41304,44.49683]},"properties":{"type":"pakketpunt","locatieNaam":"InPost Locker 24/7","straatNaam":"Via Enrico Mattei","straatNr":"45","vervoerder":"InPost","puntType":"automaat","bezettingsgraad":50,"latitude":44.49683,"longitude":11.41304,"canPickup":true,"canDropoff":true,"openingstijden":null}},{"type":"Feature","geometry":{"type":"Point","coordinates":[11.32908,44.5101]},"properties":{"type":"pakketpunt","locatieNaam":"InPost Locker 24/7","straatNaam":"Via Francesco Zanardi","straatNr":"35/A","vervoerder":"InPost","puntType":"automaat","bezettingsgraad":50,"latitude":44.5101,"longitude":11.32908,"canPickup":true,"canDropoff":true,"openingstijden":null}},{"type":"Feature","geometry":{"type":"Point","coordinates":[11.34903,44.52336]},"properties":{"type":"pakketpunt","locatieNaam":"InPost Locker 24/7","straatNaam":"Via di Corticella","straatNr":"129","vervoerder":"InPost","puntType":"automaat","bezettingsgraad":50,"latitude":44.52336,"longitude":11.34903,"canPickup":true,"canDropoff":true,"openingstijden":null}},{"type":"Feature","geometry":{"type":"Point","coordinates":[11.3626,44.48943]},"properties":{"type":"pakketpunt","locatieNaam":"InPost Locker 24/7","straatNaam":"Via Pietro Albertoni","straatNr":"8","vervoerder":"InPost","puntType":"automaat","bezettingsgraad":50,"latitude":44.48943,"longitude":11.3626,"canPickup":true,"canDropoff":true,"openingstijden":null}},{"type":"Feature","geometry":{"type":"Point","coordinates":[11.38751,44.49306]},"properties":{"type":"pakketpunt","locatieNaam":"InPost Locker 24/7","straatNaam":"Via Giuseppe Massarenti","straatNr":"221","vervoerder":"InPost","puntType":"automaat","bezettingsgraad":50,"latitude":44.49306,"longitude":11.38751,"canPickup":true,"canDropoff":true,"openingstijden":null}},{"type":"Feature","geometry":{"type":"Point","coordinates":[11.3925,44.47687]},"properties":{"type":"pakketpunt","locatieNaam":"InPost Locker 24/7","straatNaam":"Via Giuseppe Dozza","straatNr":"4","vervoerder":"InPost","puntType":"automaat","bezettingsgraad":50,"latitude":44.47687,"longitude":11.3925,"canPickup":true,"canDropoff":true,"openingstijden":null}},{"type":"Feature","geometry":{"type":"Point","coordinates":[11.39734,44.51507]},"properties":{"type":"pakketpunt","locatieNaam":"InPost Locker 24/7","straatNaam":"Viale Tito Carnacini","straatNr":"5 - 7","vervoerder":"InPost","puntType":"automaat","bezettingsgraad":50,"latitude":44.51507,"longitude":11.39734,"canPickup":true,"canDropoff":true,"openingstijden":null}},{"type":"Feature","geometry":{"type":"Point","coordinates":[11.26414,44.51846]},"properties":{"type":"pakketpunt","locatieNaam":"InPost Locker 24/7","straatNaam":"Viale Alcide De Gasperi","straatNr":"11","vervoerder":"InPost","puntType":"automaat","bezettingsgraad":50,"latitude":44.51846,"longitude":11.26414,"canPickup":true,"canDropoff":true,"openingstijden":null}},{"type":"Feature","geometry":{"type":"Point","coordinates":[11.34096,44.50773]},"properties":{"type":"pakketpunt","locatieNaam":"InPost Locker 24/7","straatNaam":"Via Carracci","straatNr":"57","vervoerder":"InPost","puntType":"automaat","bezettingsgraad":50,"latitude":44.50773,"longitude":11.34096,"canPickup":true,"canDropoff":true,"openingstijden":null}},{"type":"Feature","geometry":{"type":"Point","coordinates":[11.24173,44.52877]},"properties":{"type":"pakketpunt","locatieNaam":"InPost Locker 24/7","straatNaam":"Via Marco Emilio Lepido","straatNr":"206","vervoerder":"InPost","puntType":"automaat","bezettingsgraad":50,"latitude":44.52877,"longitude":11.24173,"canPickup":true,"canDropoff":true,"openingstijden":null}},{"type":"Feature","geometry":{"type":"Point","coordinates":[11.35908,44.48948]},"properties":{"type":"pakketpunt","locatieNaam":"InPost Point","straatNaam":"Via Mazzini","straatNr":"11","vervoerder":"InPost","puntType":"servicepunt","bezettingsgraad":50,"latitude":44.48948,"longitude":11.35908,"canPickup":true,"canDropoff":true,"openingstijden":"Lun-Ven: 09:30 - 13:00 - 15:30 - 20:30 Sab: 11:00 - 13:00 - 17:00 - 18:30"}},{"type":"Feature","geometry":{"type":"Point","coordinates":[11.346,44.50506]},"properties":{"type":"pakketpunt","locatieNaam":"InPost Point","straatNaam":"Viale Angelo Masini","straatNr":"2","vervoerder":"InPost","puntType":"servicepunt","bezettingsgraad":50,"latitude":44.50506,"longitude":11.346,"canPickup":true,"canDropoff":true,"openingstijden":"Lun-Sab : 09:00 - 20:00"}},{"type":"Feature","geometry":{"type":"Point","coordinates":[11.29497,44.4987]},"properties":{"type":"pakketpunt","locatieNaam":"InPost Point","straatNaam":"Via Battindarno","straatNr":"155/B","vervoerder":"InPost","puntType":"servicepunt","bezettingsgraad":50,"latitude":44.4987,"longitude":11.29497,"canPickup":true,"canDropoff":true,"openingstijden":"Lun-Mer-gio: 09:30 - 12:30 - 16:00 - 19:00 - Mar-ven: 09:30 - 12:30"}},{"type":"Feature","geometry":{"type":"Point","coordinates":[11.36595,44.49059]},"properties":{"type":"pakketpunt","locatieNaam":"InPost Point","straatNaam":"Via Pelagio Palagi","straatNr":"20/4","vervoerder":"InPost","puntType":"servicepunt","bezettingsgraad":50,"latitude":44.49059,"longitude":11.36595,"canPickup":true,"canDropoff":true,"openingstijden":"Lun-Ven: 08:00 - 15:30 Sab: 09:00 - 12:00"}},{"type":"Feature","geometry":{"type":"Point","coordinates":[11.36769,44.47664]},"properties":{"type":"pakketpunt","locatieNaam":"InPost Point","straatNaam":"Via Augusto Murri","straatNr":"128/A","vervoerder":"InPost","puntType":"servicepunt","bezettingsgraad":50,"latitude":44.47664,"longitude":11.36769,"canPickup":true,"canDropoff":true,"openingstijden":"Lun-Sab: 06:00 - 20:00"}},{"type":"Feature","geometry":{"type":"Point","coordinates":[11.33004,44.5007]},"properties":{"type":"pakketpunt","locatieNaam":"InPost Point","straatNaam":"Via Luigi Calori","straatNr":"10/a","vervoerder":"InPost","puntType":"servicepunt","bezettingsgraad":50,"latitude":44.5007,"longitude":11.33004,"canPickup":true,"canDropoff":true,"openingstijden":"Lun-Ven: 07:30 - 19:30 Sab: 08:00 - 13:00 - 16:00 - 19:30"}},{"type":"Feature","geometry":{"type":"Point","coordinates":[11.33135,44.50596]},"properties":{"type":"pakketpunt","locatieNaam":"InPost Point","straatNaam":"Via Zanardi","straatNr":"31/2","vervoerder":"InPost","puntType":"servicepunt","bezettingsgraad":50,"latitude":44.50596,"longitude":11.33135,"canPickup":true,"canDropoff":true,"openingstijden":"Lun-Ven: 08:00 - 13:00 - 16:00 - 19:00 Sab: 08:00 - 13:00"}},{"type":"Feature","geometry":{"type":"Point","coordinates":[11.34184,44.51341]},"properties":{"type":"pakketpunt","locatieNaam":"InPost Point","straatNaam":"Via Aristotile Fioravanti","straatNr":"57b","vervoerder":"InPost","puntType":"servicepunt","bezettingsgraad":50,"latitude":44.51341,"longitude":11.34184,"canPickup":true,"canDropoff":true,"openingstijden":"Lun-Gio: 09:00 - 20:00 Ven: 09:00 - 12:30 - 14:00 - 20:00 Sab: 11:00 - 20:00 Dom: 12:00 - 19:00"}},{"type":"Feature","geometry":{"type":"Point","coordinates":[11.33744,44.49758]},"properties":{"type":"pakketpunt","locatieNaam":"InPost Point","straatNaam":"Via Guglielmo Marconi","straatNr":"18","vervoerder":"InPost","puntType":"servicepunt","bezettingsgraad":50,"latitude":44.49758,"longitude":11.33744,"canPickup":true,"canDropoff":true,"openingstijden":"Lun-Sab: 09:30 - 19:30"}},{"type":"Feature","geometry":{"type":"Point","coordinates":[11.33013,44.49757]},"properties":{"type":"pakketpunt","locatieNaam":"InPost Point","straatNaam":"Via Della Grada","straatNr":"4D","vervoerder":"InPost","puntType":"servicepunt","bezettingsgraad":50,"latitude":44.49757,"longitude":11.33013,"canPickup":true,"canDropoff":true,"openingstijden":"Lun-Ven: 08:45 - 18:30 Sab: 08:45 - 13:30"}},{"type":"Feature","geometry":{"type":"Point","coordinates":[11.33606,44.4774]},"properties":{"type":"pakketpunt","locatieNaam":"InPost Point","straatNaam":"Via San Mamolo","straatNr":"144b","vervoerder":"InPost","puntType":"servicepunt","bezettingsgraad":50,"latitude":44.4774,"longitude":11.33606,"canPickup":true,"canDropoff":true,"openingstijden":"Lun-Ven: 07:30 - 12:00 - 17:00 - 20:00 Sab: 08:00 - 12:00 - 17:00 - 20:00"}},{"type":"Feature","geometry":{"type":"Point","coordinates":[11.32408,44.49533]},"properties":{"type":"pakketpunt","locatieNaam":"InPost Point","straatNaam":"Via Andrea Costa","straatNr":"40","vervoerder":"InPost","puntType":"servicepunt","bezettingsgraad":50,"latitude":44.49533,"longitude":11.32408,"canPickup":true,"canDropoff":true,"openingstijden":"Lun-Sab: 09:00 - 13:00 - 15:30 - 19:30"}},{"type":"Feature","geometry":{"type":"Point","coordinates":[11.38242,44.46912]},"properties":{"type":"pakketpunt","locatieNaam":"InPost Point","straatNaam":"Via Savigno","straatNr":"5","vervoerder":"InPost","puntType":"servicepunt","bezettingsgraad":50,"latitude":44.46912,"longitude":11.38242,"canPickup":true,"canDropoff":true,"openingstijden":"Lun-Sab: 08:00 - 19:30"}},{"type":"Feature","geometry":{"type":"Point","coordinates":[11.35662,44.54557]},"properties":{"type":"pakketpunt","locatieNaam":"InPost Point","straatNaam":"Via Genuzio Bentini","straatNr":"29","vervoerder":"InPost","puntType":"servicepunt","bezettingsgraad":50,"latitude":44.54557,"longitude":11.35662,"canPickup":true,"canDropoff":true,"openingstijden":"Lun-Sab: 05:30 - 13:00 - 15:00 - 20:00"}},{"type":"Feature","geometry":{"type":"Point","coordinates":[11.30551,44.50675]},"properties":{"type":"pakketpunt","locatieNaam":"InPost Point","straatNaam":"Via Emilia Ponente","straatNr":"78","vervoerder":"InPost","puntType":"servicepunt","bezettingsgraad":50,"latitude":44.50675,"longitude":11.30551,"canPickup":true,"canDropoff":true,"openingstijden":"Lun-Ven: 08:30 - 12:30 - 15:00 - 19:30 Sab: 08:30 - 12:30"}},{"type":"Feature","geometry":{"type":"Point","coordinates":[11.28096,44.51538]},"properties":{"type":"pakketpunt","locatieNaam":"InPost Point","straatNaam":"Via Marco Emilio Lepido","straatNr":"1","vervoerder":"InPost","puntType":"servicepunt","bezettingsgraad":50,"latitude":44.51538,"longitude":11.28096,"canPickup":true,"canDropoff":true,"openingstijden":"Lun-Ven: 06:00 - 17:00\r\nSab: 06:00 - 13:00"}},{"type":"Feature","geometry":{"type":"Point","coordinates":[11.37382,44.50136]},"properties":{"type":"pakketpunt","locatieNaam":"InPost Point","straatNaam":"Via Andreini","straatNr":"30","vervoerder":"InPost","puntType":"servicepunt","bezettingsgraad":50,"latitude":44.50136,"longitude":11.37382,"canPickup":true,"canDropoff":true,"openingstijden":"Lun-Sab: 08:00 - 19:00"}},{"type":"Feature","geometry":{"type":"Point","coordinates":[11.31728,44.48891]},"properties":{"type":"pakketpunt","locatieNaam":"InPost Point","straatNaam":"Via Saragozza","straatNr":"189/3","vervoerder":"InPost","puntType":"servicepunt","bezettingsgraad":50,"latitude":44.48891,"longitude":11.31728,"canPickup":true,"canDropoff":true,"openingstijden":"Lun-Ven: 08:00 - 19:00 Sab: 08:00 - 14:00"}},{"type":"Feature","geometry":{"type":"Point","coordinates":[11.34795,44.48532]},"properties":{"type":"pakketpunt","locatieNaam":"InPost Point","straatNaam":"Piazza di Porta Castiglione","straatNr":"16b","vervoerder":"InPost","puntType":"servicepunt","bezettingsgraad":50,"latitude":44.48532,"longitude":11.34795,"canPickup":true,"canDropoff":true,"openingstijden":"Lun-Mar: 06:30 - 12:30 - 15:30 - 19:30 Gio-Ven: 06:30 - 12:30 - 15:30 - 19:30 Sab: 07:30 - 12:30 - 16:00 - 19:30"}},{"type":"Feature","geometry":{"type":"Point","coordinates":[11.36181,44.477]},"properties":{"type":"pakketpunt","locatieNaam":"InPost Point","straatNaam":"Via Adelaide Borghi Mamo","straatNr":"10f","vervoerder":"InPost","puntType":"servicepunt","bezettingsgraad":50,"latitude":44.477,"longitude":11.36181,"canPickup":true,"canDropoff":true,"openingstijden":"Lun-Sab: 07:00 - 13:00 - 14:00 - 19:00"}},{"type":"Feature","geometry":{"type":"Point","coordinates":[11.31087,44.50018]},"properties":{"type":"pakketpunt","locatieNaam":"InPost Point","straatNaam":"Via Marzabotto","straatNr":"20","vervoerder":"InPost","puntType":"servicepunt","bezettingsgraad":50,"latitude":44.50018,"longitude":11.31087,"canPickup":true,"canDropoff":true,"openingstijden":"Lun-Ven: 06:30 - 12:30 - 15:00 - 18:00 Sab: 06:30 - 12:30"}},{"type":"Feature","geometry":{"type":"Point","coordinates":[11.35506,44.50992]},"properties":{"type":"pakketpunt","locatieNaam":"InPost Point","straatNaam":"Via Donato Creti","straatNr":"73d","vervoerder":"InPost","puntType":"servicepunt","bezettingsgraad":50,"latitude":44.50992,"longitude":11.35506,"canPickup":true,"canDropoff":true,"openingstijden":"Lun: 16:00 - 19:00 - Mart-Merc-Giov-Ven: 10:00 - 13:00 - 16:00 - 19:00 - Sab: 10:00 - 13:00"}},{"type":"Feature","geometry":{"type":"Point","coordinates":[11.37028,44.50164]},"properties":{"type":"pakketpunt","locatieNaam":"InPost Point","straatNaam":"Via Eleonora Duse","straatNr":"7","vervoerder":"InPost","puntType":"servicepunt","bezettingsgraad":50,"latitude":44.50164,"longitude":11.37028,"canPickup":true,"canDropoff":true,"openingstijden":"Lun-sab: 10:00 - 13:00 - 15:00 - 19:00"}},{"type":"Feature","geometry":{"type":"Point","coordinates":[11.37015,44.45946]},"properties":{"type":"pakketpunt","locatieNaam":"InPost Point","straatNaam":"Via Toscana","straatNr":"48","vervoerder":"InPost","puntType":"servicepunt","bezettingsgraad":50,"latitude":44.45946,"longitude":11.37015,"canPickup":true,"canDropoff":true,"openingstijden":"Lun-Ven: 06:30 - 20:00 Sab: 06:30 - 14:00"}},{"type":"Feature","geometry":{"type":"Point","coordinates":[11.34714,44.49397]},"properties":{"type":"pakketpunt","locatieNaam":"InPost Point","straatNaam":"Strada Maggiore","straatNr":"5/A","vervoerder":"InPost","puntType":"servicepunt","bezettingsgraad":50,"latitude":44.49397,"longitude":11.34714,"canPickup":true,"canDropoff":true,"openingstijden":"Lun-Dom: 09:00 - 19:00"}},{"type":"Feature","geometry":{"type":"Point","coordinates":[11.32523,44.49983]},"properties":{"type":"pakketpunt","locatieNaam":"InPost Point","straatNaam":"Via Aurelio Saffi","straatNr":"8","vervoerder":"InPost","puntType":"servicepunt","bezettingsgraad":50,"latitude":44.49983,"longitude":11.32523,"canPickup":true,"canDropoff":true,"openingstijden":"Lun-Sab: 08:30 - 13:00 - 15:30 - 19:00"}},{"type":"Feature","geometry":{"type":"Point","coordinates":[11.34675,44.49879]},"properties":{"type":"pakketpunt","locatieNaam":"InPost Point","straatNaam":"Via Delle Moline","straatNr":"15/A","vervoerder":"InPost","puntType":"servicepunt","bezettingsgraad":50,"latitude":44.49879,"longitude":11.34675,"canPickup":true,"canDropoff":true,"openingstijden":"Lun-Dom: 09:30 - 19:30"}},{"type":"Feature","geometry":{"type":"Point","coordinates":[11.31876,44.49763]},"properties":{"type":"pakketpunt","locatieNaam":"InPost Point","straatNaam":"Via Tolmino","straatNr":"1b","vervoerder":"InPost","puntType":"servicepunt","bezettingsgraad":50,"latitude":44.49763,"longitude":11.31876,"canPickup":true,"canDropoff":true,"openingstijden":"Lun-Ven: 07:30 - 19:00 Sab: 07:30 - 12:30"}},{"type":"Feature","geometry":{"type":"Point","coordinates":[11.33306,44.50326]},"properties":{"type":"pakketpunt","locatieNaam":"InPost Point","straatNaam":"Via Francesco Zanardi","straatNr":"3","vervoerder":"InPost","puntType":"servicepunt","bezettingsgraad":50,"latitude":44.50326,"longitude":11.33306,"canPickup":true,"canDropoff":true,"openingstijden":"Lun-Dom: 07:00  - 20:00"}},{"type":"Feature","geometry":{"type":"Point","coordinates":[11.37264,44.49342]},"properties":{"type":"pakketpunt","locatieNaam":"InPost Point","straatNaam":"Via Giuseppe Massarenti","straatNr":"89a","vervoerder":"InPost","puntType":"servicepunt","bezettingsgraad":50,"latitude":44.49342,"longitude":11.37264,"canPickup":true,"canDropoff":true,"openingstijden":"Lun-Ven: 08:00 - 20:00 Sab: 08:30 - 20:00"}},{"type":"Feature","geometry":{"type":"Point","coordinates":[11.33876,44.50409]},"properties":{"type":"pakketpunt","locatieNaam":"InPost Point","straatNaam":"Via Cairoli","straatNr":"7c","vervoerder":"InPost","puntType":"servicepunt","bezettingsgraad":50,"latitude":44.50409,"longitude":11.33876,"canPickup":true,"canDropoff":true,"openingstijden":"Lun-Sab: 08:00 - 19:00"}},{"type":"Feature","geometry":{"type":"Point","coordinates":[11.34965,44.49017]},"properties":{"type":"pakketpunt","locatieNaam":"InPost Point","straatNaam":"Via Cartoleria","straatNr":"6a","vervoerder":"InPost","puntType":"servicepunt","bezettingsgraad":50,"latitude":44.49017,"longitude":11.34965,"canPickup":true,"canDropoff":true,"openingstijden":"Lun-Ven: 07:30 - 23:00 Sab: 08:30 - 22:00 Dom:08:30 - 22:15"}},{"type":"Feature","geometry":{"type":"Point","coordinates":[11.39952,44.49279]},"properties":{"type":"pakketpunt","locatieNaam":"InPost Point","straatNaam":"Via Tommaso Martelli","straatNr":"25","vervoerder":"InPost","puntType":"servicepunt","bezettingsgraad":50,"latitude":44.49279,"longitude":11.39952,"canPickup":true,"canDropoff":true,"openingstijden":"Lun-Ven: 07:00 - 12:30 - 15:30 - 19:30 Sab: 07:00  - 12:30 - 16:00 - 19:00"}},{"type":"Feature","geometry":{"type":"Point","coordinates":[11.35755,44.543]},"properties":{"type":"pakketpunt","locatieNaam":"InPost Point","straatNaam":"Via Alessandro Stoppato","straatNr":"27","vervoerder":"InPost","puntType":"servicepunt","bezettingsgraad":50,"latitude":44.543,"longitude":11.35755,"canPickup":true,"canDropoff":true,"openingstijden":"Lun-Ven: 08:30 - 18:30 Sab: 08:30 - 13:30"}},{"type":"Feature","geometry":{"type":"Point","coordinates":[11.37201,44.50581]},"properties":{"type":"pakketpunt","locatieNaam":"InPost Point","straatNaam":"Via Edoardo Ferravilla","straatNr":"1","vervoerder":"InPost","puntType":"servicepunt","bezettingsgraad":50,"latitude":44.50581,"longitude":11.37201,"canPickup":true,"canDropoff":true,"openingstijden":"Lun-Ven: 09:00 - 12:30 - 15:00 - 19:00 Sab: 09:00 - 12:30"}},{"type":"Feature","geometry":{"type":"Point","coordinates":[11.3056,44.49326]},"properties":{"type":"pakketpunt","locatieNaam":"InPost Point","straatNaam":"Via Andrea Costa","straatNr":"204","vervoerder":"InPost","puntType":"servicepunt","bezettingsgraad":50,"latitude":44.49326,"longitude":11.3056,"canPickup":true,"canDropoff":true,"openingstijden":"Lun-Sab: 06:00 - 21:30"}},{"type":"Feature","geometry":{"type":"Point","coordinates":[11.29488,44.52091]},"properties":{"type":"pakketpunt","locatieNaam":"InPost Point","straatNaam":"Via del Triumvirato","straatNr":"91c","vervoerder":"InPost","puntType":"servicepunt","bezettingsgraad":50,"latitude":44.52091,"longitude":11.29488,"canPickup":true,"canDropoff":true,"openingstijden":"Lun-Sab: 07:00 - 13:00 - 15:30 - 19:30"}},{"type":"Feature","geometry":{"type":"Point","coordinates":[11.36653,44.50666]},"properties":{"type":"pakketpunt","locatieNaam":"InPost Point","straatNaam":"Via Piana","straatNr":"20b","vervoerder":"InPost","puntType":"servicepunt","bezettingsgraad":50,"latitude":44.50666,"longitude":11.36653,"canPickup":true,"canDropoff":true,"openingstijden":"Lun-Sab: 06:00 - 21:30 Dom: 06:00 - 13:00"}},{"type":"Feature","geometry":{"type":"Point","coordinates":[11.38248,44.48093]},"properties":{"type":"pakketpunt","locatieNaam":"InPost Point","straatNaam":"Viale Ilic Uljanov Lenin","straatNr":"2/e","vervoerder":"InPost","puntType":"servicepunt","bezettingsgraad":50,"latitude":44.48093,"longitude":11.38248,"canPickup":true,"canDropoff":true,"openingstijden":"0"}},{"type":"Feature","geometry":{"type":"Point","coordinates":[11.2971,44.49359]},"properties":{"type":"pakketpunt","locatieNaam":"InPost Point","straatNaam":"Via della Filanda","straatNr":"2b","vervoerder":"InPost","puntType":"servicepunt","bezettingsgraad":50,"latitude":44.49359,"longitude":11.2971,"canPickup":true,"canDropoff":true,"openingstijden":"0"}},{"type":"Feature","geometry":{"type":"Point","coordinates":[11.39639,44.47606]},"properties":{"type":"pakketpunt","locatieNaam":"InPost Point","straatNaam":"Piazza Grigoris Lambrakis","straatNr":"1","vervoerder":"InPost","puntType":"servicepunt","bezettingsgraad":50,"latitude":44.47606,"longitude":11.39639,"canPickup":true,"canDropoff":true,"openingstijden":"0"}},{"type":"Feature","geometry":{"type":"Point","coordinates":[11.37112,44.46432]},"properties":{"type":"pakketpunt","locatieNaam":"InPost Point","straatNaam":"Via Toscana","straatNr":"48","vervoerder":"InPost","puntType":"servicepunt","bezettingsgraad":50,"latitude":44.46432,"longitude":11.37112,"canPickup":true,"canDropoff":true,"openingstijden":"Lun-Sab: 07:00 - 13:00 - 16:00 - 19:30"}},{"type":"Feature","geometry":{"type":"Point","coordinates":[11.32075,44.52341]},"properties":{"type":"pakketpunt","locatieNaam":"InPost Point","straatNaam":"Via della Cà Bianca, 3/9, Bologna, BO, Italy","straatNr":"3/9","vervoerder":"InPost","puntType":"servicepunt","bezettingsgraad":50,"latitude":44.52341,"longitude":11.32075,"canPickup":true,"canDropoff":true,"openingstijden":"Lun-Ven 09:00-13:00, 14:30-18:30"}},{"type":"Feature","geometry":{"type":"Point","coordinates":[11.3529,44.51419]},"properties":{"type":"pakketpunt","locatieNaam":"InPost Point","straatNaam":"Via Ferrarese, 149/D, Bologna, BO, Italia","straatNr":"149/D","vervoerder":"InPost","puntType":"servicepunt","bezettingsgraad":50,"latitude":44.51419,"longitude":11.3529,"canPickup":true,"canDropoff":true,"openingstijden":"Lun-Sab 09:30- 12:30,  14:30- 20:00"}},{"type":"Feature","geometry":{"type":"Point","coordinates":[11.36274,44.48792]},"properties":{"type":"pakketpunt","locatieNaam":"InPost Point","straatNaam":"Via Mazzini, 47 F, Bologna, Metropolitan City of Bologna, Italy","straatNr":"47 F","vervoerder":"InPost","puntType":"servicepunt","bezettingsgraad":50,"latitude":44.48792,"longitude":11.36274,"canPickup":true,"canDropoff":true,"openingstijden":"Lun-Ven 07:00-13:00, 15:30-19:30; Sab 07:30-13:00, 15:30-19:30"}},{"type":"Feature","geometry":{"type":"Point","coordinates":[11.37833,44.47688]},"properties":{"type":"pakketpunt","locatieNaam":"InPost Point","straatNaam":"Via Benedetto Marcello, 9, Bologna, Metropolitan City of Bologna, Italy","straatNr":"9","vervoerder":"InPost","puntType":"servicepunt","bezettingsgraad":50,"latitude":44.47688,"longitude":11.37833,"canPickup":true,"canDropoff":true,"openingstijden":"Lun-Sab 06:00-13:00, 15:30-18:00; Dom 07:00-13:00"}},{"type":"Feature","geometry":{"type":"Point","coordinates":[11.27614,44.51689]},"properties":{"type":"pakketpunt","locatieNaam":"InPost Point","straatNaam":"Via Marco Emilio Lepido, 54/4c, 40132 Bologna, Metropolitan City of Bologna, Italy","straatNr":"54/4E","vervoerder":"InPost","puntType":"servicepunt","bezettingsgraad":50,"latitude":44.51689,"longitude":11.27614,"canPickup":true,"canDropoff":true,"openingstijden":"Lun-Ven 09:00-12:30, 15:30-19:00; Sab 09:00-12:30, 15:30-18:30"}},{"type":"Feature","geometry":{"type":"Point","coordinates":[11.33951,44.5016]},"properties":{"type":"pakketpunt","locatieNaam":"InPost Point","straatNaam":"Via Guglielmo Marconi, 42, Bologna, BO, Italia","straatNr":"42","vervoerder":"InPost","puntType":"servicepunt","bezettingsgraad":50,"latitude":44.5016,"longitude":11.33951,"canPickup":true,"canDropoff":true,"openingstijden":"Lun-Gio 09:00-19:30; Ven 09:00-12:00, 14:00-19:30; Sab 09:00-19:30"}},{"type":"Feature","geometry":{"type":"Point","coordinates":[11.29024,44.50045]},"properties":{"type":"pakketpunt","locatieNaam":"InPost Point","straatNaam":"Via Nino Bertocchi, 30/AB, 40133 Bologna, BO, Italy","straatNr":"30","vervoerder":"InPost","puntType":"servicepunt","bezettingsgraad":50,"latitude":44.50045,"longitude":11.29024,"canPickup":true,"canDropoff":true,"openingstijden":"Lun-Dom 10:00-19:00"}},{"type":"Feature","geometry":{"type":"Point","coordinates":[11.36313,44.50226]},"properties":{"type":"pakketpunt","locatieNaam":"InPost Point","straatNaam":"Via Romolo Amaseo, 3d, Bologna, BO, Italia","straatNr":"3d","vervoerder":"InPost","puntType":"servicepunt","bezettingsgraad":50,"latitude":44.50226,"longitude":11.36313,"canPickup":true,"canDropoff":true,"openingstijden":"Lun-Ven 10:00-13:00, 15:30-19:30"}},{"type":"Feature","geometry":{"type":"Point","coordinates":[11.34353,44.52161]},"properties":{"type":"pakketpunt","locatieNaam":"InPost Point","straatNaam":"Via dell'Arcoveggio, 50D, Bologna, BO, Italia","straatNr":"50D","vervoerder":"InPost","puntType":"servicepunt","bezettingsgraad":50,"latitude":44.52161,"longitude":11.34353,"canPickup":true,"canDropoff":true,"openingstijden":"Lun–Sab 08:00-19:30; Dom 08:00-12:00"}},{"type":"Feature","geometry":{"type":"Point","coordinates":[11.36741,44.48636]},"properties":{"type":"pakketpunt","locatieNaam":"InPost Point","straatNaam":"Via Mazzini, 142d, Bologna Metropolitan City of Bologna, Italy","straatNr":"142","vervoerder":"InPost","puntType":"servicepunt","bezettingsgraad":50,"latitude":44.48636,"longitude":11.36741,"canPickup":true,"canDropoff":true,"openingstijden":"Lun–Gio 09:00-13:00, 14:00-18:00; Ven 09:00-13:00"}},{"type":"Feature","geometry":{"type":"Point","coordinates":[11.3748,44.47536]},"properties":{"type":"pakketpunt","locatieNaam":"InPost Point","straatNaam":"Via Domenico Morelli, 4b, Bologna, Metropolitan City of Bologna, Italy","straatNr":"4","vervoerder":"InPost","puntType":"servicepunt","bezettingsgraad":50,"latitude":44.47536,"longitude":11.3748,"canPickup":true,"canDropoff":true,"openingstijden":"Lun–Ven 08:30-19:30; Sab 08:30-13:30"}},{"type":"Feature","geometry":{"type":"Point","coordinates":[11.34005,44.49466]},"properties":{"type":"pakketpunt","locatieNaam":"InPost Point","straatNaam":"Via della Zecca, 3d, 40121 Bologna, Metropolitan City of Bologna, Italy","straatNr":"3d","vervoerder":"InPost","puntType":"servicepunt","bezettingsgraad":50,"latitude":44.49466,"longitude":11.34005,"canPickup":true,"canDropoff":true,"openingstijden":"Lun–Ven 07:00-18:00"}},{"type":"Feature","geometry":{"type":"Point","coordinates":[11.31527,44.49495]},"properties":{"type":"pakketpunt","locatieNaam":"InPost Point","straatNaam":"Via Andrea Costa, 139a, Bologna Metropolitan City of Bologna, Italy","straatNr":"139","vervoerder":"InPost","puntType":"servicepunt","bezettingsgraad":50,"latitude":44.49495,"longitude":11.31527,"canPickup":true,"canDropoff":true,"openingstijden":"Lun–Sab 07:00-13:00, 15:00-19:30"}},{"type":"Feature","geometry":{"type":"Point","coordinates":[11.38422,44.47558]},"properties":{"type":"pakketpunt","locatieNaam":"InPost Point","straatNaam":"Via Sardegna, 10 D, Bologna, Metropolitan City of Bologna, Italy","straatNr":"10 D","vervoerder":"InPost","puntType":"servicepunt","bezettingsgraad":50,"latitude":44.47558,"longitude":11.38422,"canPickup":true,"canDropoff":true,"openingstijden":"Lun–Ven 09:00-13:00, 15:00-19:00; Sab 09:00-13:00"}},{"type":"Feature","geometry":{"type":"Point","coordinates":[11.34598,44.505]},"properties":{"type":"pakketpunt","locatieNaam":"","straatNaam":"Via Leonardi","straatNr":"48","vervoerder":"InPost","puntType":"servicepunt","bezettingsgraad":50,"latitude":44.505,"longitude":11.34598,"canPickup":true,"canDropoff":true,"openingstijden":"Lun-Sab : 09:00 - 20:00"}},{"type":"Feature","geometry":{"type":"Point","coordinates":[11.370579,44.4671559]},"properties":{"type":"pakketpunt","locatieNaam":"La Chicchera Cafe' Tabacchi","straatNaam":"Via Toscana","straatNr":"41 A","vervoerder":"GLS","puntType":"parcel_shop","bezettingsgraad":50,"latitude":44.4671559,"longitude":11.370579,"canPickup":true,"canDropoff":true,"openingstijden":"za: 10:00 - 12:00; ma: 10:00 - 19:00"}},{"type":"Feature","geometry":{"type":"Point","coordinates":[11.3768955,44.4681536]},"properties":{"type":"pakketpunt","locatieNaam":"Chiosco/Edicolo","straatNaam":"Via Benedetto Marcello","straatNr":"9G","vervoerder":"GLS","puntType":"parcel_shop","bezettingsgraad":50,"latitude":44.4681536,"longitude":11.3768955,"canPickup":true,"canDropoff":true,"openingstijden":"za: 06:00 - 13:00; zo: 07:00 - 13:00"}},{"type":"Feature","geometry":{"type":"Point","coordinates":[11.3734427,44.4684205]},"properties":{"type":"pakketpunt","locatieNaam":"Tabaccheria Non Solo Fumo","straatNaam":"Via Della Foscherara","straatNr":"3/2a","vervoerder":"GLS","puntType":"parcel_shop","bezettingsgraad":50,"latitude":44.4684205,"longitude":11.3734427,"canPickup":true,"canDropoff":true,"openingstijden":"za: 08:30 - 19:30; ma: 07:30 - 19:30"}},{"type":"Feature","geometry":{"type":"Point","coordinates":[11.3823528,44.4688576]},"properties":{"type":"pakketpunt","locatieNaam":"TABACCHERIA FIL ROUGE","straatNaam":"Via Savigno","straatNr":"5/B","vervoerder":"GLS","puntType":"parcel_shop","bezettingsgraad":50,"latitude":44.4688576,"longitude":11.3823528,"canPickup":true,"canDropoff":true,"openingstijden":"za: 08:30 - 19:00; ma: 08:30 - 19:00"}},{"type":"Feature","geometry":{"type":"Point","coordinates":[11.3685528,44.475326]},"properties":{"type":"pakketpunt","locatieNaam":"TECHNORIPARAZIONI S.N.C. DI MANUEL SBRESCIA E MUSTA","straatNaam":"Via Malvolta","straatNr":"4/E","vervoerder":"GLS","puntType":"parcel_shop","bezettingsgraad":50,"latitude":44.475326,"longitude":11.3685528,"canPickup":true,"canDropoff":true,"openingstijden":"ma: 09:00 - 13:00, 15:00 - 19:00; di: 09:00 - 13:00, 15:00 - 19:00"}},{"type":"Feature","geometry":{"type":"Point","coordinates":[11.373935,44.475521]},"properties":{"type":"pakketpunt","locatieNaam":"CLEAN UP!","straatNaam":"Via Domenico Morelli","straatNr":"4/B","vervoerder":"GLS","puntType":"parcel_shop","bezettingsgraad":50,"latitude":44.475521,"longitude":11.373935,"canPickup":true,"canDropoff":true,"openingstijden":"za: 08:30 - 13:30; ma: 08:30 - 16:30"}},{"type":"Feature","geometry":{"type":"Point","coordinates":[11.3964966,44.4758119]},"properties":{"type":"pakketpunt","locatieNaam":"Farmacia due madonne snc","straatNaam":"Via Gaetano Tacconi","straatNr":"2c","vervoerder":"GLS","puntType":"parcel_shop","bezettingsgraad":50,"latitude":44.4758119,"longitude":11.3964966,"canPickup":true,"canDropoff":true,"openingstijden":"za: 08:30 - 12:30, 15:30 - 19:30; ma: 15:30 - 19:30"}},{"type":"Feature","geometry":{"type":"Point","coordinates":[11.3963858,44.4760566]},"properties":{"type":"pakketpunt","locatieNaam":"Mexico","straatNaam":"Piazza Lambrakis","straatNr":"1T","vervoerder":"GLS","puntType":"parcel_shop","bezettingsgraad":50,"latitude":44.4760566,"longitude":11.3963858,"canPickup":true,"canDropoff":true,"openingstijden":"za: 08:00 - 12:30; ma: 08:00 - 12:30, 16:30 - 19:00"}},{"type":"Feature","geometry":{"type":"Point","coordinates":[11.387237,44.476309]},"properties":{"type":"pakketpunt","locatieNaam":"Kabir Jamil","straatNaam":"Via Sardegna","straatNr":"10d","vervoerder":"GLS","puntType":"parcel_shop","bezettingsgraad":50,"latitude":44.476309,"longitude":11.387237,"canPickup":true,"canDropoff":true,"openingstijden":"za: 09:00 - 13:00; ma: 09:00 - 13:00, 15:00 - 19:00"}},{"type":"Feature","geometry":{"type":"Point","coordinates":[11.3617744,44.4768798]},"properties":{"type":"pakketpunt","locatieNaam":"The Factory Flowers","straatNaam":"Via Adelaide Borghi Mamo","straatNr":"10f","vervoerder":"GLS","puntType":"parcel_shop","bezettingsgraad":50,"latitude":44.4768798,"longitude":11.3617744,"canPickup":true,"canDropoff":true,"openingstijden":"za: 07:30 - 13:00, 14:00 - 19:00; ma: 07:30 - 13:00, 14:00 - 19:00"}},{"type":"Feature","geometry":{"type":"Point","coordinates":[11.3818686,44.4786521]},"properties":{"type":"pakketpunt","locatieNaam":"TABACCHERIA SEGNALI DI FUMO","straatNaam":"Via Marche","straatNr":"14/b","vervoerder":"GLS","puntType":"parcel_shop","bezettingsgraad":50,"latitude":44.4786521,"longitude":11.3818686,"canPickup":true,"canDropoff":true,"openingstijden":"za: 07:00 - 13:30, 15:30 - 19:30; ma: 07:30 - 14:00, 15:00 - 19:30"}},{"type":"Feature","geometry":{"type":"Point","coordinates":[11.3596649,44.4810886]},"properties":{"type":"pakketpunt","locatieNaam":"Cartoleria Murri","straatNaam":"Via Murri","straatNr":"61d","vervoerder":"GLS","puntType":"parcel_shop","bezettingsgraad":50,"latitude":44.4810886,"longitude":11.3596649,"canPickup":true,"canDropoff":true,"openingstijden":"za: 07:30 - 13:00, 14:30 - 19:00; ma: 07:30 - 19:00"}},{"type":"Feature","geometry":{"type":"Point","coordinates":[11.3776968,44.4824591]},"properties":{"type":"pakketpunt","locatieNaam":"Luca P. Elettronica","straatNaam":"Via Emilia Levante","straatNr":"80/B","vervoerder":"GLS","puntType":"parcel_shop","bezettingsgraad":50,"latitude":44.4824591,"longitude":11.3776968,"canPickup":true,"canDropoff":true,"openingstijden":"za: 08:30 - 12:30; ma: 08:30 - 13:00, 15:00 - 19:00"}},{"type":"Feature","geometry":{"type":"Point","coordinates":[11.373547,44.484375]},"properties":{"type":"pakketpunt","locatieNaam":"Circolo Mazzini","straatNaam":"Via Emilia Levante","straatNr":"6","vervoerder":"GLS","puntType":"parcel_shop","bezettingsgraad":50,"latitude":44.484375,"longitude":11.373547,"canPickup":true,"canDropoff":true,"openingstijden":"ma: 09:00 - 12:30, 15:00 - 19:00; di: 09:00 - 12:30, 15:00 - 19:00"}},{"type":"Feature","geometry":{"type":"Point","coordinates":[11.3479209,44.4851652]},"properties":{"type":"pakketpunt","locatieNaam":"BAR TABACCHI DA MAURO","straatNaam":"Piazza Di Porta Castiglione","straatNr":"16/b","vervoerder":"GLS","puntType":"parcel_shop","bezettingsgraad":50,"latitude":44.4851652,"longitude":11.3479209,"canPickup":true,"canDropoff":true,"openingstijden":"za: 06:30 - 12:30, 15:30 - 19:30; zo: 08:00 - 12:30, 16:00 - 19:30"}},{"type":"Feature","geometry":{"type":"Point","coordinates":[11.3627416,44.4879204]},"properties":{"type":"pakketpunt","locatieNaam":"Tabaccheria 85","straatNaam":"Giuseppe Mazzini","straatNr":"47F","vervoerder":"GLS","puntType":"parcel_shop","bezettingsgraad":50,"latitude":44.4879204,"longitude":11.3627416,"canPickup":true,"canDropoff":true,"openingstijden":"za: 07:00 - 14:00, 15:00 - 19:30; ma: 07:00 - 14:00, 15:00 - 19:30"}},{"type":"Feature","geometry":{"type":"Point","coordinates":[11.3172794,44.4889277]},"properties":{"type":"pakketpunt","locatieNaam":"Tabaccheria & bar pipa","straatNaam":"Via Saragozza","straatNr":"189/3F","vervoerder":"GLS","puntType":"parcel_shop","bezettingsgraad":50,"latitude":44.4889277,"longitude":11.3172794,"canPickup":true,"canDropoff":true,"openingstijden":"zo: 09:00 - 18:00; ma: 08:00 - 19:00"}},{"type":"Feature","geometry":{"type":"Point","coordinates":[11.3712315,44.489196]},"properties":{"type":"pakketpunt","locatieNaam":"ALKEMIA PARAFARMACIA","straatNaam":"Via Mengoli","straatNr":"26/c","vervoerder":"GLS","puntType":"parcel_shop","bezettingsgraad":50,"latitude":44.489196,"longitude":11.3712315,"canPickup":true,"canDropoff":true,"openingstijden":"ma: 15:30 - 19:00; di: 09:00 - 13:00, 15:30 - 19:00"}},{"type":"Feature","geometry":{"type":"Point","coordinates":[11.3592553,44.4892161]},"properties":{"type":"pakketpunt","locatieNaam":"Tabaccheria Mazzini","straatNaam":"Via Giuseppe Mazzini","straatNr":"11","vervoerder":"GLS","puntType":"parcel_shop","bezettingsgraad":50,"latitude":44.4892161,"longitude":11.3592553,"canPickup":true,"canDropoff":true,"openingstijden":"za: 10:30 - 13:00, 17:00 - 19:00; ma: 09:30 - 13:00, 16:30 - 20:00"}},{"type":"Feature","geometry":{"type":"Point","coordinates":[11.365976,44.4904695]},"properties":{"type":"pakketpunt","locatieNaam":"Smoke Island","straatNaam":"Via Pelagio Palagi","straatNr":"20/4c","vervoerder":"GLS","puntType":"parcel_shop","bezettingsgraad":50,"latitude":44.4904695,"longitude":11.365976,"canPickup":true,"canDropoff":true,"openingstijden":"za: 09:30 - 12:00; ma: 08:30 - 16:00"}},{"type":"Feature","geometry":{"type":"Point","coordinates":[11.2911475,44.4906768]},"properties":{"type":"pakketpunt","locatieNaam":"tabaccheria primavera","straatNaam":"Via Vitale Da Bologna","straatNr":"1/a","vervoerder":"GLS","puntType":"parcel_shop","bezettingsgraad":50,"latitude":44.4906768,"longitude":11.2911475,"canPickup":true,"canDropoff":true,"openingstijden":"za: 08:00 - 12:30, 15:30 - 19:30; ma: 08:00 - 12:30, 15:30 - 19:30"}},{"type":"Feature","geometry":{"type":"Point","coordinates":[11.3200485,44.4912959]},"properties":{"type":"pakketpunt","locatieNaam":"Foto Impressioni","straatNaam":"Via Xxi Aprile","straatNr":"9B","vervoerder":"GLS","puntType":"parcel_shop","bezettingsgraad":50,"latitude":44.4912959,"longitude":11.3200485,"canPickup":true,"canDropoff":true,"openingstijden":"za: 10:00 - 12:00; ma: 09:30 - 12:00"}},{"type":"Feature","geometry":{"type":"Point","coordinates":[11.3046122,44.4929542]},"properties":{"type":"pakketpunt","locatieNaam":"Sky service","straatNaam":"Via Andrea Costa","straatNr":"224/a","vervoerder":"GLS","puntType":"parcel_shop","bezettingsgraad":50,"latitude":44.4929542,"longitude":11.3046122,"canPickup":true,"canDropoff":true,"openingstijden":"za: 09:00 - 13:00; ma: 09:00 - 13:00, 15:00 - 19:00"}},{"type":"Feature","geometry":{"type":"Point","coordinates":[11.3122576,44.4934248]},"properties":{"type":"pakketpunt","locatieNaam":"GLS Locker BO026A presso Centro Andrea Costa (ingresso da parcheggio coperto settore C6)","straatNaam":"Via Andrea Costa","straatNr":"snc","vervoerder":"GLS","puntType":"locker","bezettingsgraad":50,"latitude":44.4934248,"longitude":11.3122576,"canPickup":true,"canDropoff":false,"openingstijden":"za: 08:00 - 20:30; zo: 09:00 - 20:00"}},{"type":"Feature","geometry":{"type":"Point","coordinates":[11.3474583,44.4934829]},"properties":{"type":"pakketpunt","locatieNaam":"La maison du savon","straatNaam":"Via Dal Luzzo","straatNr":"4c","vervoerder":"GLS","puntType":"parcel_shop","bezettingsgraad":50,"latitude":44.4934829,"longitude":11.3474583,"canPickup":true,"canDropoff":true,"openingstijden":"za: 09:30 - 19:30; ma: 09:30 - 14:00, 15:00 - 19:30"}},{"type":"Feature","geometry":{"type":"Point","coordinates":[11.3566766,44.4936006]},"properties":{"type":"pakketpunt","locatieNaam":"good luck","straatNaam":"Via Torleone","straatNr":"51 a","vervoerder":"GLS","puntType":"parcel_shop","bezettingsgraad":50,"latitude":44.4936006,"longitude":11.3566766,"canPickup":true,"canDropoff":true,"openingstijden":"za: 10:00 - 20:00; zo: 10:00 - 20:00"}},{"type":"Feature","geometry":{"type":"Point","coordinates":[11.3471308,44.4938111]},"properties":{"type":"pakketpunt","locatieNaam":"Deposito Bagagli Bologna","straatNaam":"Strada Maggiore 5/A","straatNr":"5A","vervoerder":"GLS","puntType":"parcel_shop","bezettingsgraad":50,"latitude":44.4938111,"longitude":11.3471308,"canPickup":true,"canDropoff":true,"openingstijden":"za: 09:00 - 19:00; zo: 09:00 - 19:00"}},{"type":"Feature","geometry":{"type":"Point","coordinates":[11.3151069,44.4948768]},"properties":{"type":"pakketpunt","locatieNaam":"Tabaccheria Stadio","straatNaam":"Via Andrea Costa","straatNr":"139/A","vervoerder":"GLS","puntType":"parcel_shop","bezettingsgraad":50,"latitude":44.4948768,"longitude":11.3151069,"canPickup":true,"canDropoff":true,"openingstijden":"za: 07:30 - 13:00, 15:00 - 19:30; ma: 07:30 - 13:00, 15:00 - 19:30"}},{"type":"Feature","geometry":{"type":"Point","coordinates":[11.3437192,44.4952462]},"properties":{"type":"pakketpunt","locatieNaam":"CENTRO SERVIZI TOWERS","straatNaam":"Via Fossalta","straatNr":"4/A","vervoerder":"GLS","puntType":"parcel_shop","bezettingsgraad":50,"latitude":44.4952462,"longitude":11.3437192,"canPickup":true,"canDropoff":true,"openingstijden":"za: 12:00 - 19:00; di: 10:30 - 18:30"}},{"type":"Feature","geometry":{"type":"Point","coordinates":[11.2927335,44.4958078]},"properties":{"type":"pakketpunt","locatieNaam":"mbe","straatNaam":"Piazza Clodoveo Bonazzi","straatNr":"1a","vervoerder":"GLS","puntType":"parcel_shop","bezettingsgraad":50,"latitude":44.4958078,"longitude":11.2927335,"canPickup":true,"canDropoff":true,"openingstijden":"ma: 10:00 - 13:00, 15:00 - 17:30; di: 10:00 - 13:00, 15:00 - 17:30"}},{"type":"Feature","geometry":{"type":"Point","coordinates":[11.41295052,44.49668503]},"properties":{"type":"pakketpunt","locatieNaam":"GLS Locker BO018B presso IPlanet Via Mattei","straatNaam":"Via Enrico Mattei","straatNr":"45A","vervoerder":"GLS","puntType":"locker","bezettingsgraad":50,"latitude":44.49668503,"longitude":11.41295052,"canPickup":true,"canDropoff":false,"openingstijden":"za: 00:00 - 23:30; zo: 00:00 - 23:30"}},{"type":"Feature","geometry":{"type":"Point","coordinates":[11.3301447,44.4974353]},"properties":{"type":"pakketpunt","locatieNaam":"QUIPOSTE","straatNaam":"Via Della Grada","straatNr":"4/D","vervoerder":"GLS","puntType":"parcel_shop","bezettingsgraad":50,"latitude":44.4974353,"longitude":11.3301447,"canPickup":true,"canDropoff":true,"openingstijden":"za: 08:30 - 13:30; ma: 08:30 - 14:00"}},{"type":"Feature","geometry":{"type":"Point","coordinates":[11.3377965,44.4979422]},"properties":{"type":"pakketpunt","locatieNaam":"CASA DEL TEGAMINO","straatNaam":"Via Guglielmo Marconi","straatNr":"20 e","vervoerder":"GLS","puntType":"parcel_shop","bezettingsgraad":50,"latitude":44.4979422,"longitude":11.3377965,"canPickup":true,"canDropoff":true,"openingstijden":"za: 09:00 - 19:30; ma: 09:00 - 19:30"}},{"type":"Feature","geometry":{"type":"Point","coordinates":[11.3916186,44.4980598]},"properties":{"type":"pakketpunt","locatieNaam":"GLS Locker BO023A presso CC Vialarga (vicino cisterna smaltimento olio alimentare)","straatNaam":"Via Larga","straatNr":"10","vervoerder":"GLS","puntType":"locker","bezettingsgraad":50,"latitude":44.4980598,"longitude":11.3916186,"canPickup":true,"canDropoff":false,"openingstijden":"za: 00:00 - 23:30; zo: 00:00 - 23:30"}},{"type":"Feature","geometry":{"type":"Point","coordinates":[11.3301976,44.4982416]},"properties":{"type":"pakketpunt","locatieNaam":"Tabaccheria San Felice","straatNaam":"Via San Felice","straatNr":"107/a","vervoerder":"GLS","puntType":"parcel_shop","bezettingsgraad":50,"latitude":44.4982416,"longitude":11.3301976,"canPickup":true,"canDropoff":true,"openingstijden":"za: 09:00 - 19:00; ma: 08:30 - 19:30"}},{"type":"Feature","geometry":{"type":"Point","coordinates":[11.3314746,44.4982983]},"properties":{"type":"pakketpunt","locatieNaam":"Cartoleria Pencil","straatNaam":"Via Riva Di Reno","straatNr":"4/b","vervoerder":"GLS","puntType":"parcel_shop","bezettingsgraad":50,"latitude":44.4982983,"longitude":11.3314746,"canPickup":true,"canDropoff":true,"openingstijden":"za: 09:00 - 19:00; ma: 08:30 - 19:00"}},{"type":"Feature","geometry":{"type":"Point","coordinates":[11.335122,44.4990452]},"properties":{"type":"pakketpunt","locatieNaam":"Bioprofumeria Amate'","straatNaam":"Via Delle Lame","straatNr":"56/a","vervoerder":"GLS","puntType":"parcel_shop","bezettingsgraad":50,"latitude":44.4990452,"longitude":11.335122,"canPickup":true,"canDropoff":true,"openingstijden":"za: 09:30 - 13:00; ma: 10:00 - 13:00, 15:00 - 18:00"}},{"type":"Feature","geometry":{"type":"Point","coordinates":[11.3176232,44.5001273]},"properties":{"type":"pakketpunt","locatieNaam":"centro assistenza fiscale","straatNaam":"Via Del Timavo","straatNr":"17 C D","vervoerder":"GLS","puntType":"parcel_shop","bezettingsgraad":50,"latitude":44.5001273,"longitude":11.3176232,"canPickup":true,"canDropoff":true,"openingstijden":"ma: 09:00 - 18:00; di: 09:00 - 18:00"}},{"type":"Feature","geometry":{"type":"Point","coordinates":[11.3245857,44.5003319]},"properties":{"type":"pakketpunt","locatieNaam":"Caffetteria Tabacchi","straatNaam":"Via Aurelio Saffi","straatNr":"47C","vervoerder":"GLS","puntType":"parcel_shop","bezettingsgraad":50,"latitude":44.5003319,"longitude":11.3245857,"canPickup":true,"canDropoff":true,"openingstijden":"za: 08:00 - 19:00; zo: 08:00 - 11:00"}},{"type":"Feature","geometry":{"type":"Point","coordinates":[11.2914476,44.5003726]},"properties":{"type":"pakketpunt","locatieNaam":"CENTRO SERVIZI BARCA","straatNaam":"Via Nino Bertocchi","straatNr":"30/AB","vervoerder":"GLS","puntType":"parcel_shop","bezettingsgraad":50,"latitude":44.5003726,"longitude":11.2914476,"canPickup":true,"canDropoff":true,"openingstijden":"za: 10:00 - 17:00; ma: 11:30 - 19:00"}},{"type":"Feature","geometry":{"type":"Point","coordinates":[11.3512982,44.500601]},"properties":{"type":"pakketpunt","locatieNaam":"Smart Point Servizi e Soluzioni","straatNaam":"Via Mascarella","straatNr":"63/2a","vervoerder":"GLS","puntType":"parcel_shop","bezettingsgraad":50,"latitude":44.500601,"longitude":11.3512982,"canPickup":true,"canDropoff":true,"openingstijden":"ma: 09:30 - 13:00, 15:00 - 19:00; di: 09:30 - 13:00, 15:00 - 19:00"}},{"type":"Feature","geometry":{"type":"Point","coordinates":[11.3736989,44.5011256]},"properties":{"type":"pakketpunt","locatieNaam":"Tabaccheria Pini Claudia","straatNaam":"Via Isabella Andreini","straatNr":"30/F","vervoerder":"GLS","puntType":"parcel_shop","bezettingsgraad":50,"latitude":44.5011256,"longitude":11.3736989,"canPickup":true,"canDropoff":true,"openingstijden":"za: 08:00 - 19:00; ma: 08:00 - 19:30"}},{"type":"Feature","geometry":{"type":"Point","coordinates":[11.3578307,44.5012974]},"properties":{"type":"pakketpunt","locatieNaam":"goldbet","straatNaam":"Via Ronzani","straatNr":"7/4","vervoerder":"GLS","puntType":"parcel_shop","bezettingsgraad":50,"latitude":44.5012974,"longitude":11.3578307,"canPickup":true,"canDropoff":true,"openingstijden":"za: 09:00 - 13:00; ma: 10:00 - 19:00"}},{"type":"Feature","geometry":{"type":"Point","coordinates":[11.3702537,44.5014593]},"properties":{"type":"pakketpunt","locatieNaam":"EasyPoint 24","straatNaam":"Via Eleonora Duse","straatNr":"7a","vervoerder":"GLS","puntType":"parcel_shop","bezettingsgraad":50,"latitude":44.5014593,"longitude":11.3702537,"canPickup":true,"canDropoff":true,"openingstijden":"ma: 10:00 - 13:00, 15:00 - 19:00; di: 10:00 - 13:00, 15:00 - 19:00"}},{"type":"Feature","geometry":{"type":"Point","coordinates":[11.3262579,44.5015483]},"properties":{"type":"pakketpunt","locatieNaam":"Bologna Servizi Postal","straatNaam":"Via Dello Scalo","straatNr":"10/9 E","vervoerder":"GLS","puntType":"parcel_shop","bezettingsgraad":50,"latitude":44.5015483,"longitude":11.3262579,"canPickup":true,"canDropoff":true,"openingstijden":"ma: 08:30 - 12:30, 15:00 - 18:00; di: 08:30 - 12:30, 15:00 - 18:00"}},{"type":"Feature","geometry":{"type":"Point","coordinates":[11.3580464,44.50171]},"properties":{"type":"pakketpunt","locatieNaam":"Caffetteria","straatNaam":"Via Ranzani","straatNr":"7/2L","vervoerder":"GLS","puntType":"parcel_shop","bezettingsgraad":50,"latitude":44.50171,"longitude":11.3580464,"canPickup":true,"canDropoff":true,"openingstijden":"ma: 07:00 - 12:30, 15:00 - 17:00; di: 07:00 - 12:30, 15:00 - 17:00"}},{"type":"Feature","geometry":{"type":"Point","coordinates":[11.35931301,44.50197983]},"properties":{"type":"pakketpunt","locatieNaam":"GLS Locker BO007B presso Palestra Atlas","straatNaam":"Via Vezza","straatNr":"22","vervoerder":"GLS","puntType":"locker","bezettingsgraad":50,"latitude":44.50197983,"longitude":11.35931301,"canPickup":true,"canDropoff":false,"openingstijden":"za: 09:30 - 18:30; zo: 09:30 - 15:30"}},{"type":"Feature","geometry":{"type":"Point","coordinates":[11.3331651,44.5036617]},"properties":{"type":"pakketpunt","locatieNaam":"Nuova G.M. FORNITURE PER UFFICIO CENTRO SERVIZI","straatNaam":"Via Amedeo Parmeggiani","straatNr":"2/3 D","vervoerder":"GLS","puntType":"parcel_shop","bezettingsgraad":50,"latitude":44.5036617,"longitude":11.3331651,"canPickup":true,"canDropoff":true,"openingstijden":"ma: 10:30 - 13:00, 16:00 - 19:00; di: 10:30 - 13:00, 16:00 - 19:00"}},{"type":"Feature","geometry":{"type":"Point","coordinates":[11.3655745,44.5043548]},"properties":{"type":"pakketpunt","locatieNaam":"Tabaccheria Salvini","straatNaam":"Via Tommaso Salvini","straatNr":"4/D","vervoerder":"GLS","puntType":"parcel_shop","bezettingsgraad":50,"latitude":44.5043548,"longitude":11.3655745,"canPickup":true,"canDropoff":true,"openingstijden":"za: 08:00 - 19:00; ma: 08:00 - 19:00"}},{"type":"Feature","geometry":{"type":"Point","coordinates":[11.39971256,44.50523758]},"properties":{"type":"pakketpunt","locatieNaam":"GLS Locker BO020B presso stazione di servizio IPlanet Via dell'Industria","straatNaam":"Via Dell'Industria","straatNr":"21","vervoerder":"GLS","puntType":"locker","bezettingsgraad":50,"latitude":44.50523758,"longitude":11.39971256,"canPickup":true,"canDropoff":false,"openingstijden":"za: 09:00 - 18:00; ma: 09:00 - 18:00"}},{"type":"Feature","geometry":{"type":"Point","coordinates":[11.27977562,44.50869751]},"properties":{"type":"pakketpunt","locatieNaam":"GLS Locker BO019B presso IPlanet Via Togliatti","straatNaam":"Via Palmiro Togliatti","straatNr":"13","vervoerder":"GLS","puntType":"locker","bezettingsgraad":50,"latitude":44.50869751,"longitude":11.27977562,"canPickup":true,"canDropoff":false,"openingstijden":"za: 00:00 - 23:30; zo: 00:00 - 23:30"}},{"type":"Feature","geometry":{"type":"Point","coordinates":[11.3982559,44.509769]},"properties":{"type":"pakketpunt","locatieNaam":"Esse caffe'","straatNaam":"Via Giovanni Natali","straatNr":"3/D","vervoerder":"GLS","puntType":"parcel_shop","bezettingsgraad":50,"latitude":44.509769,"longitude":11.3982559,"canPickup":true,"canDropoff":true,"openingstijden":"za: 06:00 - 18:30; zo: 06:00 - 12:00"}},{"type":"Feature","geometry":{"type":"Point","coordinates":[11.3551252,44.5097808]},"properties":{"type":"pakketpunt","locatieNaam":"bomber point","straatNaam":"Via Donato Creti","straatNr":"73 d","vervoerder":"GLS","puntType":"parcel_shop","bezettingsgraad":50,"latitude":44.5097808,"longitude":11.3551252,"canPickup":true,"canDropoff":true,"openingstijden":"ma: 10:00 - 13:00; di: 10:00 - 13:00"}},{"type":"Feature","geometry":{"type":"Point","coordinates":[11.297884,44.5098976]},"properties":{"type":"pakketpunt","locatieNaam":"Tabaccheria","straatNaam":"Agucchi","straatNr":"39/c","vervoerder":"GLS","puntType":"parcel_shop","bezettingsgraad":50,"latitude":44.5098976,"longitude":11.297884,"canPickup":true,"canDropoff":true,"openingstijden":"za: 07:30 - 13:00, 16:00 - 19:30; ma: 07:30 - 13:00, 16:00 - 19:30"}},{"type":"Feature","geometry":{"type":"Point","coordinates":[11.2865485,44.5109264]},"properties":{"type":"pakketpunt","locatieNaam":"l angolo della foto di maniezzi mattia","straatNaam":"Via Della Pietra","straatNr":"8/a","vervoerder":"GLS","puntType":"parcel_shop","bezettingsgraad":50,"latitude":44.5109264,"longitude":11.2865485,"canPickup":true,"canDropoff":true,"openingstijden":"za: 06:00 - 13:00; ma: 06:00 - 13:00, 16:00 - 19:00"}},{"type":"Feature","geometry":{"type":"Point","coordinates":[11.347491,44.5112043]},"properties":{"type":"pakketpunt","locatieNaam":"Wind tre","straatNaam":"Piazza Dell'Unita'","straatNr":"13","vervoerder":"GLS","puntType":"parcel_shop","bezettingsgraad":50,"latitude":44.5112043,"longitude":11.347491,"canPickup":true,"canDropoff":true,"openingstijden":"za: 09:00 - 14:00, 15:30 - 19:30; ma: 10:00 - 14:00, 15:30 - 19:30"}},{"type":"Feature","geometry":{"type":"Point","coordinates":[11.343482,44.5133349]},"properties":{"type":"pakketpunt","locatieNaam":"BTO INTERNATIONAL","straatNaam":"Via Nicolo Dall Arca","straatNr":"44A","vervoerder":"GLS","puntType":"parcel_shop","bezettingsgraad":50,"latitude":44.5133349,"longitude":11.343482,"canPickup":true,"canDropoff":true,"openingstijden":"za: 09:30 - 13:00, 14:00 - 20:00; ma: 09:30 - 13:00, 14:00 - 20:00"}},{"type":"Feature","geometry":{"type":"Point","coordinates":[11.3463036,44.515395]},"properties":{"type":"pakketpunt","locatieNaam":"ELIOBIEMME Centro Copigrafico","straatNaam":"Via Lionello Spada","straatNr":"21","vervoerder":"GLS","puntType":"parcel_shop","bezettingsgraad":50,"latitude":44.515395,"longitude":11.3463036,"canPickup":true,"canDropoff":true,"openingstijden":"ma: 09:00 - 13:00, 14:00 - 18:00; di: 09:00 - 13:00, 14:00 - 18:00"}},{"type":"Feature","geometry":{"type":"Point","coordinates":[11.2761259,44.516888]},"properties":{"type":"pakketpunt","locatieNaam":"Profumeria Sofia","straatNaam":"Via Marco Emilio Lepido","straatNr":"54/4c","vervoerder":"GLS","puntType":"parcel_shop","bezettingsgraad":50,"latitude":44.516888,"longitude":11.2761259,"canPickup":true,"canDropoff":true,"openingstijden":"za: 09:00 - 12:30, 15:30 - 18:30; ma: 09:00 - 12:30, 15:30 - 19:00"}},{"type":"Feature","geometry":{"type":"Point","coordinates":[11.3999851,44.5182813]},"properties":{"type":"pakketpunt","locatieNaam":"GLS Locker BO016A presso CC Le Meraville (ingresso \"La Piazzetta\")","straatNaam":"Viale Tito Carnacini","straatNr":"57","vervoerder":"GLS","puntType":"locker","bezettingsgraad":50,"latitude":44.5182813,"longitude":11.3999851,"canPickup":true,"canDropoff":false,"openingstijden":"za: 09:00 - 21:00; zo: 09:00 - 20:00"}},{"type":"Feature","geometry":{"type":"Point","coordinates":[11.2770978,44.5190087]},"properties":{"type":"pakketpunt","locatieNaam":"La Sartoria Di Papa","straatNaam":"Via Ercole Nani","straatNr":"19/b","vervoerder":"GLS","puntType":"parcel_shop","bezettingsgraad":50,"latitude":44.5190087,"longitude":11.2770978,"canPickup":true,"canDropoff":true,"openingstijden":"za: 07:00 - 13:00; ma: 07:00 - 18:00"}},{"type":"Feature","geometry":{"type":"Point","coordinates":[11.2694303,44.5203432]},"properties":{"type":"pakketpunt","locatieNaam":"EVERPARTY","straatNaam":"Via G. Savonarola","straatNr":"3/c","vervoerder":"GLS","puntType":"parcel_shop","bezettingsgraad":50,"latitude":44.5203432,"longitude":11.2694303,"canPickup":true,"canDropoff":true,"openingstijden":"za: 08:30 - 13:00, 15:30 - 18:00; ma: 09:00 - 12:30, 16:00 - 19:00"}},{"type":"Feature","geometry":{"type":"Point","coordinates":[11.2638273,44.5225287]},"properties":{"type":"pakketpunt","locatieNaam":"Digitalworks Di Matteucci Federico","straatNaam":"Via Normandia","straatNr":"12/O","vervoerder":"GLS","puntType":"parcel_shop","bezettingsgraad":50,"latitude":44.5225287,"longitude":11.2638273,"canPickup":true,"canDropoff":true,"openingstijden":"za: 09:00 - 13:00; ma: 09:00 - 13:00"}},{"type":"Feature","geometry":{"type":"Point","coordinates":[11.25533485,44.52563477]},"properties":{"type":"pakketpunt","locatieNaam":"GLS Locker BO010B presso Bipiemme (Metano)","straatNaam":"Via Degli Alberelli","straatNr":"1","vervoerder":"GLS","puntType":"locker","bezettingsgraad":50,"latitude":44.52563477,"longitude":11.25533485,"canPickup":true,"canDropoff":false,"openingstijden":"za: 06:00 - 20:00; ma: 06:00 - 20:00"}},{"type":"Feature","geometry":{"type":"Point","coordinates":[11.351759,44.5299959]},"properties":{"type":"pakketpunt","locatieNaam":"TECNOCELL","straatNaam":"Via Di Corticella","straatNr":"180/41B","vervoerder":"GLS","puntType":"parcel_shop","bezettingsgraad":50,"latitude":44.5299959,"longitude":11.351759,"canPickup":true,"canDropoff":true,"openingstijden":"za: 09:30 - 13:00; ma: 09:00 - 19:00"}},{"type":"Feature","geometry":{"type":"Point","coordinates":[11.35970688,44.54022598]},"properties":{"type":"pakketpunt","locatieNaam":"GLS Locker BO022B presso stazione di servizio IPlanet Via Shakespeare","straatNaam":"Via William Shakespeare","straatNr":"7","vervoerder":"GLS","puntType":"locker","bezettingsgraad":50,"latitude":44.54022598,"longitude":11.35970688,"canPickup":true,"canDropoff":false,"openingstijden":"za: 00:00 - 23:30; zo: 00:00 - 23:30"}},{"type":"Feature","geometry":{"type":"Point","coordinates":[11.357286,44.542299]},"properties":{"type":"pakketpunt","locatieNaam":"SMMART POINT POSTE","straatNaam":"Via Alessandro Stoppato","straatNr":"27/ i","vervoerder":"GLS","puntType":"parcel_shop","bezettingsgraad":50,"latitude":44.542299,"longitude":11.357286,"canPickup":true,"canDropoff":true,"openingstijden":"za: 08:30 - 18:30; ma: 08:30 - 18:30"}},{"type":"Feature","geometry":{"type":"Point","coordinates":[11.277959,44.50084]},"properties":{"type":"pakketpunt","locatieNaam":"Ufficio Postale BOLOGNA 32","straatNaam":"VIA CADUTI DI CASTELDEBOLE 34","straatNr":"","vervoerder":"DHL","puntType":"postOffice","bezettingsgraad":50,"latitude":44.50084,"longitude":11.277959,"canPickup":true,"canDropoff":true,"openingstijden":{"ma":"08:20 - 13:35","di":"08:20 - 13:35","wo":"08:20 - 13:35","do":"08:20 - 13:35","vr":"08:20 - 13:35","za":"08:20 - 12:35","zo":"gesloten"}}},{"type":"Feature","geometry":{"type":"Point","coordinates":[11.336029,44.477229]},"properties":{"type":"pakketpunt","locatieNaam":"CAFFE' ERRANTE","straatNaam":"VIA SAN MAMOLO 144-B","straatNr":"","vervoerder":"DHL","puntType":"parcelShop","bezettingsgraad":50,"latitude":44.477229,"longitude":11.336029,"canPickup":true,"canDropoff":true,"openingstijden":{"ma":"07:30 - 14:00, 17:00 - 20:30","di":"07:30 - 14:00, 17:00 - 20:30","wo":"07:30 - 14:00, 17:00 - 20:30","do":"07:30 - 14:00, 17:00 - 20:30","vr":"07:30 - 14:00, 17:00 - 20:30","za":"08:00 - 12:30, 17:00 - 20:00","zo":"08:00 - 12:30, 17:00 - 20:00"}}},{"type":"Feature","geometry":{"type":"Point","coordinates":[11.337023,44.4815]},"properties":{"type":"pakketpunt","locatieNaam":"TABACCHERIA N. 201","straatNaam":"VIA SAN MAMOLO 66-A","straatNr":"","vervoerder":"DHL","puntType":"parcelShop","bezettingsgraad":50,"latitude":44.4815,"longitude":11.337023,"canPickup":true,"canDropoff":true,"openingstijden":{"ma":"07:00 - 13:15, 16:00 - 19:45","di":"07:00 - 13:15, 16:00 - 19:45","wo":"07:00 - 13:15, 16:00 - 19:45","do":"07:00 - 13:15, 16:00 - 19:45","vr":"07:00 - 13:15, 16:00 - 19:45","za":"07:00 - 13:15, 16:00 - 19:45","zo":"gesloten"}}},{"type":"Feature","geometry":{"type":"Point","coordinates":[11.316477,44.488907]},"properties":{"type":"pakketpunt","locatieNaam":"TABACCHERIA N. 211","straatNaam":"VIA SARAGOZZA 189-2B","straatNr":"","vervoerder":"DHL","puntType":"parcelShop","bezettingsgraad":50,"latitude":44.488907,"longitude":11.316477,"canPickup":true,"canDropoff":true,"openingstijden":{"ma":"08:00 - 19:00","di":"08:00 - 19:00","wo":"08:00 - 19:00","do":"08:00 - 19:00","vr":"08:00 - 19:00","za":"gesloten","zo":"09:00 - 18:00"}}},{"type":"Feature","geometry":{"type":"Point","coordinates":[11.311993,44.490128]},"properties":{"type":"pakketpunt","locatieNaam":"TABACCHERIA n. 109","straatNaam":"VIA SARAGOZZA 233-C","straatNr":"","vervoerder":"DHL","puntType":"parcelShop","bezettingsgraad":50,"latitude":44.490128,"longitude":11.311993,"canPickup":true,"canDropoff":true,"openingstijden":{"ma":"07:00 - 13:30, 15:00 - 19:30","di":"07:00 - 13:30, 15:00 - 19:30","wo":"07:00 - 13:30, 15:00 - 19:30","do":"07:00 - 13:30, 15:00 - 19:30","vr":"07:00 - 13:30, 15:00 - 19:30","za":"07:00 - 13:30, 15:00 - 19:30","zo":"gesloten"}}},{"type":"Feature","geometry":{"type":"Point","coordinates":[11.320669,44.490508]},"properties":{"type":"pakketpunt","locatieNaam":"Ufficio Postale BOLOGNA 8","straatNaam":"VIA FILIPPO TURATI 123","straatNr":"","vervoerder":"DHL","puntType":"postOffice","bezettingsgraad":50,"latitude":44.490508,"longitude":11.320669,"canPickup":true,"canDropoff":true,"openingstijden":{"ma":"08:20 - 13:35","di":"08:20 - 13:35","wo":"08:20 - 13:35","do":"08:20 - 13:35","vr":"08:20 - 13:35","za":"08:20 - 12:35","zo":"gesloten"}}},{"type":"Feature","geometry":{"type":"Point","coordinates":[11.320207,44.491213]},"properties":{"type":"pakketpunt","locatieNaam":"FOTO IMPRESSIONI","straatNaam":"VIA VENTUNO APRILE 1945 9-B","straatNr":"","vervoerder":"DHL","puntType":"parcelShop","bezettingsgraad":50,"latitude":44.491213,"longitude":11.320207,"canPickup":true,"canDropoff":true,"openingstijden":{"ma":"09:30 - 12:30","di":"09:30 - 12:30, 16:00 - 19:00","wo":"09:30 - 12:30, 16:00 - 19:00","do":"09:30 - 12:30, 16:00 - 19:00","vr":"09:30 - 12:30","za":"10:00 - 12:00","zo":"gesloten"}}},{"type":"Feature","geometry":{"type":"Point","coordinates":[11.320029,44.491323]},"properties":{"type":"pakketpunt","locatieNaam":"FOTO IMPRESSIONI","straatNaam":"Via Xxi Aprile 1945  9b","straatNr":"","vervoerder":"DHL","puntType":"parcelShop","bezettingsgraad":50,"latitude":44.491323,"longitude":11.320029,"canPickup":false,"canDropoff":true,"openingstijden":{"ma":"09:30 - 12:30","di":"09:30 - 19:00","wo":"09:30 - 19:00","do":"09:30 - 19:00","vr":"09:30 - 19:00","za":"10:00 - 12:30","zo":"gesloten"}}},{"type":"Feature","geometry":{"type":"Point","coordinates":[11.295935,44.488142]},"properties":{"type":"pakketpunt","locatieNaam":"TABACCHERIA N. 332","straatNaam":"VIA DON LUIGI STURZO 43-C","straatNr":"","vervoerder":"DHL","puntType":"parcelShop","bezettingsgraad":50,"latitude":44.488142,"longitude":11.295935,"canPickup":true,"canDropoff":true,"openingstijden":{"ma":"07:30 - 12:30, 15:30 - 19:30","di":"07:30 - 12:30, 15:30 - 19:30","wo":"07:30 - 12:30, 15:30 - 19:30","do":"07:30 - 12:30, 15:30 - 19:30","vr":"07:30 - 12:30, 15:30 - 19:30","za":"07:30 - 12:30","zo":"gesloten"}}},{"type":"Feature","geometry":{"type":"Point","coordinates":[11.299369,44.489586]},"properties":{"type":"pakketpunt","locatieNaam":"TABACCHERIA N. 246","straatNaam":"VIA DON LUIGI STURZO 23-A","straatNr":"","vervoerder":"DHL","puntType":"parcelShop","bezettingsgraad":50,"latitude":44.489586,"longitude":11.299369,"canPickup":true,"canDropoff":true,"openingstijden":{"ma":"07:30 - 13:00, 15:00 - 19:00","di":"07:30 - 13:00, 15:00 - 19:00","wo":"07:30 - 13:00, 15:00 - 19:00","do":"07:30 - 13:00, 15:00 - 19:00","vr":"07:30 - 13:00, 15:00 - 19:00","za":"07:30 - 13:00, 15:00 - 19:00","zo":"07:00 - 12:00"}}},{"type":"Feature","geometry":{"type":"Point","coordinates":[11.328961,44.490563]},"properties":{"type":"pakketpunt","locatieNaam":"TABACCHERIA N. 51","straatNaam":"VIA SARAGOZZA 81-D","straatNr":"","vervoerder":"DHL","puntType":"parcelShop","bezettingsgraad":50,"latitude":44.490563,"longitude":11.328961,"canPickup":true,"canDropoff":true,"openingstijden":{"ma":"08:15 - 10:00, 15:30 - 19:15","di":"08:15 - 10:00, 15:30 - 19:15","wo":"08:15 - 10:00, 15:30 - 19:15","do":"08:15 - 10:00, 15:30 - 19:15","vr":"08:15 - 10:00, 15:30 - 19:15","za":"08:15 - 10:00, 15:30 - 19:15","zo":"gesloten"}}},{"type":"Feature","geometry":{"type":"Point","coordinates":[11.312102,44.492034]},"properties":{"type":"pakketpunt","locatieNaam":"CENTRO SERVIZI STADIO","straatNaam":"Piazza Della Pace 8 A","straatNr":"","vervoerder":"DHL","puntType":"parcelShop","bezettingsgraad":50,"latitude":44.492034,"longitude":11.312102,"canPickup":false,"canDropoff":true,"openingstijden":{"ma":"15:30 - 19:30","di":"15:30 - 19:30","wo":"15:30 - 19:30","do":"15:30 - 19:30","vr":"15:30 - 19:30","za":"10:30 - 13:30","zo":"gesloten"}}},{"type":"Feature","geometry":{"type":"Point","coordinates":[11.325712,44.492482]},"properties":{"type":"pakketpunt","locatieNaam":"TABACCHERIA N. 160","straatNaam":"VIA ALESSANDRO GUIDOTTI 38-C","straatNr":"","vervoerder":"DHL","puntType":"parcelShop","bezettingsgraad":50,"latitude":44.492482,"longitude":11.325712,"canPickup":true,"canDropoff":true,"openingstijden":{"ma":"07:00 - 21:00","di":"07:00 - 21:00","wo":"07:00 - 21:00","do":"07:00 - 21:00","vr":"07:00 - 21:00","za":"08:00 - 21:00","zo":"gesloten"}}},{"type":"Feature","geometry":{"type":"Point","coordinates":[11.313151,44.493743]},"properties":{"type":"pakketpunt","locatieNaam":"Ufficio Postale BOLOGNA 22","straatNaam":"VIA ANDREA COSTA 154","straatNr":"","vervoerder":"DHL","puntType":"postOffice","bezettingsgraad":50,"latitude":44.493743,"longitude":11.313151,"canPickup":true,"canDropoff":true,"openingstijden":{"ma":"08:20 - 13:35","di":"08:20 - 13:35","wo":"08:20 - 13:35","do":"08:20 - 13:35","vr":"08:20 - 13:35","za":"08:20 - 12:35","zo":"gesloten"}}},{"type":"Feature","geometry":{"type":"Point","coordinates":[11.305722,44.493189]},"properties":{"type":"pakketpunt","locatieNaam":"TABACCHERIA N. 116","straatNaam":"VIA ANDREA COSTA 204-D","straatNr":"","vervoerder":"DHL","puntType":"parcelShop","bezettingsgraad":50,"latitude":44.493189,"longitude":11.305722,"canPickup":true,"canDropoff":true,"openingstijden":{"ma":"06:00 - 20:00","di":"06:00 - 20:00","wo":"06:00 - 20:00","do":"06:00 - 20:00","vr":"06:00 - 20:00","za":"06:00 - 20:00","zo":"07:30 - 12:00"}}},{"type":"Feature","geometry":{"type":"Point","coordinates":[11.342334,44.48786]},"properties":{"type":"pakketpunt","locatieNaam":"TABACCHERIA N. 46","straatNaam":"VIA SOLFERINO 27-B","straatNr":"","vervoerder":"DHL","puntType":"parcelShop","bezettingsgraad":50,"latitude":44.48786,"longitude":11.342334,"canPickup":true,"canDropoff":true,"openingstijden":{"ma":"08:00 - 13:00, 16:00 - 19:45","di":"08:00 - 13:00, 16:00 - 19:45","wo":"08:00 - 13:00, 16:00 - 19:45","do":"08:00 - 13:00, 16:00 - 19:45","vr":"08:00 - 13:00, 16:00 - 19:45","za":"09:00 - 13:00","zo":"gesloten"}}},{"type":"Feature","geometry":{"type":"Point","coordinates":[11.312847,44.494315]},"properties":{"type":"pakketpunt","locatieNaam":"CENTRO COMMERCIALE ANDREA C","straatNaam":"VIA ANDREA COSTA 160","straatNr":"","vervoerder":"DHL","puntType":"packStation","bezettingsgraad":50,"latitude":44.494315,"longitude":11.312847,"canPickup":true,"canDropoff":true,"openingstijden":{"ma":"08:00 - 20:30","di":"08:00 - 20:30","wo":"08:00 - 20:30","do":"08:00 - 20:30","vr":"08:00 - 20:30","za":"08:00 - 20:30","zo":"08:00 - 20:30"}}},{"type":"Feature","geometry":{"type":"Point","coordinates":[11.346068,44.486276]},"properties":{"type":"pakketpunt","locatieNaam":"TABACCHERIA N. 156","straatNaam":"VIALE DODICI GIUGNO 18","straatNr":"","vervoerder":"DHL","puntType":"parcelShop","bezettingsgraad":50,"latitude":44.486276,"longitude":11.346068,"canPickup":true,"canDropoff":true,"openingstijden":{"ma":"07:00 - 19:30","di":"07:00 - 19:30","wo":"07:00 - 19:30","do":"07:00 - 19:30","vr":"07:00 - 19:30","za":"07:00 - 19:30","zo":"gesloten"}}},{"type":"Feature","geometry":{"type":"Point","coordinates":[11.347863,44.485122]},"properties":{"type":"pakketpunt","locatieNaam":"BAR TABACCHERIA DI FRANCESCHI","straatNaam":"Di Porta Castiglione, 16","straatNr":"","vervoerder":"DHL","puntType":"parcelShop","bezettingsgraad":50,"latitude":44.485122,"longitude":11.347863,"canPickup":false,"canDropoff":true,"openingstijden":{"ma":"07:00 - 19:30","di":"07:00 - 19:30","wo":"07:00 - 19:30","do":"07:00 - 19:30","vr":"07:00 - 19:30","za":"07:00 - 19:30","zo":"gesloten"}}},{"type":"Feature","geometry":{"type":"Point","coordinates":[11.322615,44.495368]},"properties":{"type":"pakketpunt","locatieNaam":"Ufficio Postale BOLOGNA 10","straatNaam":"VIA ANDREA COSTA 71","straatNr":"","vervoerder":"DHL","puntType":"postOffice","bezettingsgraad":50,"latitude":44.495368,"longitude":11.322615,"canPickup":true,"canDropoff":true,"openingstijden":{"ma":"08:20 - 13:35","di":"08:20 - 13:35","wo":"08:20 - 13:35","do":"08:20 - 13:35","vr":"08:20 - 13:35","za":"08:20 - 12:35","zo":"gesloten"}}},{"type":"Feature","geometry":{"type":"Point","coordinates":[11.29144,44.491011]},"properties":{"type":"pakketpunt","locatieNaam":"TABACCHERIA N. 346","straatNaam":"VIA VITALE DA BOLOGNA 1-A","straatNr":"","vervoerder":"DHL","puntType":"parcelShop","bezettingsgraad":50,"latitude":44.491011,"longitude":11.29144,"canPickup":true,"canDropoff":true,"openingstijden":{"ma":"08:00 - 12:30, 16:00 - 19:30","di":"08:00 - 12:30, 16:00 - 19:30","wo":"08:00 - 12:30, 16:00 - 19:30","do":"08:00 - 12:30, 16:00 - 19:30","vr":"08:00 - 12:30, 16:00 - 19:30","za":"08:00 - 12:30, 16:00 - 19:30","zo":"gesloten"}}},{"type":"Feature","geometry":{"type":"Point","coordinates":[11.327873,44.494844]},"properties":{"type":"pakketpunt","locatieNaam":"TABACCHERIA N. 195","straatNaam":"VIA ANDREA COSTA 1-A","straatNr":"","vervoerder":"DHL","puntType":"parcelShop","bezettingsgraad":50,"latitude":44.494844,"longitude":11.327873,"canPickup":true,"canDropoff":true,"openingstijden":{"ma":"07:00 - 20:00","di":"07:00 - 20:00","wo":"07:00 - 20:00","do":"07:00 - 20:00","vr":"07:00 - 20:00","za":"07:00 - 20:00","zo":"gesloten"}}},{"type":"Feature","geometry":{"type":"Point","coordinates":[11.297102,44.493596]},"properties":{"type":"pakketpunt","locatieNaam":"TABACCHERIA N. 307","straatNaam":"VIA DELLA FILANDA 2-B","straatNr":"","vervoerder":"DHL","puntType":"parcelShop","bezettingsgraad":50,"latitude":44.493596,"longitude":11.297102,"canPickup":true,"canDropoff":true,"openingstijden":{"ma":"07:45 - 12:45, 16:00 - 19:15","di":"07:45 - 12:45, 16:00 - 19:15","wo":"07:45 - 12:45, 16:00 - 19:15","do":"07:45 - 12:45, 16:00 - 19:15","vr":"07:45 - 12:45, 16:00 - 19:15","za":"07:45 - 12:45","zo":"gesloten"}}},{"type":"Feature","geometry":{"type":"Point","coordinates":[11.334547,44.493592]},"properties":{"type":"pakketpunt","locatieNaam":"Ufficio Postale BOLOGNA 2","straatNaam":"VIA SANTISAIA 3","straatNr":"","vervoerder":"DHL","puntType":"postOffice","bezettingsgraad":50,"latitude":44.493592,"longitude":11.334547,"canPickup":true,"canDropoff":true,"openingstijden":{"ma":"08:20 - 13:35","di":"08:20 - 13:35","wo":"08:20 - 13:35","do":"08:20 - 13:35","vr":"08:20 - 13:35","za":"08:20 - 12:35","zo":"gesloten"}}},{"type":"Feature","geometry":{"type":"Point","coordinates":[11.343477,44.490229]},"properties":{"type":"pakketpunt","locatieNaam":"Ufficio Postale BOLOGNA 6","straatNaam":"VIA GIUSEPPE GARIBALDI 3","straatNr":"","vervoerder":"DHL","puntType":"postOffice","bezettingsgraad":50,"latitude":44.490229,"longitude":11.343477,"canPickup":true,"canDropoff":true,"openingstijden":{"ma":"08:20 - 13:35","di":"08:20 - 13:35","wo":"08:20 - 13:35","do":"08:20 - 13:35","vr":"08:20 - 13:35","za":"08:20 - 12:35","zo":"gesloten"}}},{"type":"Feature","geometry":{"type":"Point","coordinates":[11.318583,44.497262]},"properties":{"type":"pakketpunt","locatieNaam":"TABACCHERIA N. 238","straatNaam":"VIA TOLMINO 1-B","straatNr":"","vervoerder":"DHL","puntType":"parcelShop","bezettingsgraad":50,"latitude":44.497262,"longitude":11.318583,"canPickup":true,"canDropoff":true,"openingstijden":{"ma":"07:00 - 12:30","di":"07:00 - 12:30","wo":"07:00 - 12:30","do":"07:00 - 12:30","vr":"07:00 - 12:30","za":"07:00 - 12:30","zo":"gesloten"}}},{"type":"Feature","geometry":{"type":"Point","coordinates":[11.344269,44.491496]},"properties":{"type":"pakketpunt","locatieNaam":"TABACCHERIA N. 54","straatNaam":"VIA LUIGI CARLO FARINI 14-A","straatNr":"","vervoerder":"DHL","puntType":"parcelShop","bezettingsgraad":50,"latitude":44.491496,"longitude":11.344269,"canPickup":true,"canDropoff":true,"openingstijden":{"ma":"08:00 - 14:00","di":"08:00 - 14:00","wo":"08:00 - 14:00","do":"08:00 - 14:00","vr":"08:00 - 14:00","za":"08:30 - 13:30","zo":"gesloten"}}},{"type":"Feature","geometry":{"type":"Point","coordinates":[11.344467,44.491529]},"properties":{"type":"pakketpunt","locatieNaam":"TABACCHERIA FARINI","straatNaam":"Via Farini, 14","straatNr":"","vervoerder":"DHL","puntType":"parcelShop","bezettingsgraad":50,"latitude":44.491529,"longitude":11.344467,"canPickup":false,"canDropoff":true,"openingstijden":{"ma":"08:00 - 19:00","di":"08:00 - 19:00","wo":"08:00 - 19:00","do":"08:00 - 19:00","vr":"08:00 - 19:00","za":"08:30 - 14:00","zo":"gesloten"}}},{"type":"Feature","geometry":{"type":"Point","coordinates":[11.350784,44.487868]},"properties":{"type":"pakketpunt","locatieNaam":"STUDIO ELIOGRAFICO","straatNaam":"De' Coltelli, 7 A","straatNr":"","vervoerder":"DHL","puntType":"parcelShop","bezettingsgraad":50,"latitude":44.487868,"longitude":11.350784,"canPickup":false,"canDropoff":true,"openingstijden":{"ma":"08:30 - 19:00","di":"08:30 - 19:00","wo":"08:30 - 19:00","do":"08:30 - 19:00","vr":"08:30 - 19:00","za":"gesloten","zo":"gesloten"}}},{"type":"Feature","geometry":{"type":"Point","coordinates":[11.293813,44.495291]},"properties":{"type":"pakketpunt","locatieNaam":"TABACCHERIA N. 123","straatNaam":"VIA DELLA BARCA 25-B","straatNr":"","vervoerder":"DHL","puntType":"parcelShop","bezettingsgraad":50,"latitude":44.495291,"longitude":11.293813,"canPickup":true,"canDropoff":true,"openingstijden":{"ma":"08:00 - 12:30, 15:00 - 19:00","di":"08:00 - 12:30, 15:00 - 19:00","wo":"08:00 - 12:30, 15:00 - 19:00","do":"08:00 - 12:30, 15:00 - 19:00","vr":"08:00 - 12:30, 15:00 - 19:00","za":"08:00 - 12:30, 15:00 - 19:00","zo":"gesloten"}}},{"type":"Feature","geometry":{"type":"Point","coordinates":[11.345076,44.492434]},"properties":{"type":"pakketpunt","locatieNaam":"Ufficio Postale BOLOGNA CENTRO","straatNaam":"VIA DE FOSCHERARI 19-C","straatNr":"","vervoerder":"DHL","puntType":"postOffice","bezettingsgraad":50,"latitude":44.492434,"longitude":11.345076,"canPickup":true,"canDropoff":true,"openingstijden":{"ma":"08:20 - 19:05","di":"08:20 - 19:05","wo":"08:20 - 19:05","do":"08:20 - 19:05","vr":"08:20 - 19:05","za":"08:20 - 12:35","zo":"gesloten"}}},{"type":"Feature","geometry":{"type":"Point","coordinates":[11.347067,44.491483]},"properties":{"type":"pakketpunt","locatieNaam":"TABACCHERIA N. 6","straatNaam":"VIA LUIGI CARLO FARINI 21-C","straatNr":"","vervoerder":"DHL","puntType":"parcelShop","bezettingsgraad":50,"latitude":44.491483,"longitude":11.347067,"canPickup":true,"canDropoff":true,"openingstijden":{"ma":"07:30 - 19:00","di":"07:30 - 19:00","wo":"07:30 - 19:00","do":"07:30 - 19:00","vr":"07:30 - 19:00","za":"08:30 - 19:00","zo":"gesloten"}}},{"type":"Feature","geometry":{"type":"Point","coordinates":[11.344259,44.493059]},"properties":{"type":"pakketpunt","locatieNaam":"LIBRERIA NANNI","straatNaam":"Via Musei, 8","straatNr":"","vervoerder":"DHL","puntType":"parcelShop","bezettingsgraad":50,"latitude":44.493059,"longitude":11.344259,"canPickup":false,"canDropoff":true,"openingstijden":{"ma":"09:30 - 19:00","di":"09:30 - 19:00","wo":"09:30 - 19:00","do":"09:30 - 19:00","vr":"09:30 - 19:00","za":"09:30 - 19:00","zo":"gesloten"}}},{"type":"Feature","geometry":{"type":"Point","coordinates":[11.338804,44.495541]},"properties":{"type":"pakketpunt","locatieNaam":"TABACCHERIA n. 22","straatNaam":"VIA UGO BASSI 19","straatNr":"","vervoerder":"DHL","puntType":"parcelShop","bezettingsgraad":50,"latitude":44.495541,"longitude":11.338804,"canPickup":true,"canDropoff":true,"openingstijden":{"ma":"08:30 - 19:00","di":"08:30 - 19:00","wo":"08:30 - 19:00","do":"08:30 - 19:00","vr":"08:30 - 19:00","za":"08:30 - 13:30","zo":"gesloten"}}},{"type":"Feature","geometry":{"type":"Point","coordinates":[11.422865,44.488291]},"properties":{"type":"pakketpunt","locatieNaam":"STAZIONE DI SERVIZIO","straatNaam":"VIA VILLANOVA 40","straatNr":"","vervoerder":"DHL","puntType":"packStation","bezettingsgraad":50,"latitude":44.488291,"longitude":11.422865,"canPickup":true,"canDropoff":true,"openingstijden":{"ma":"00:01 - 23:59","di":"00:01 - 23:59","wo":"00:01 - 23:59","do":"00:01 - 23:59","vr":"00:01 - 23:59","za":"00:01 - 23:59","zo":"00:01 - 23:59"}}},{"type":"Feature","geometry":{"type":"Point","coordinates":[11.40166,44.485489]},"properties":{"type":"pakketpunt","locatieNaam":"Ufficio Postale BOLOGNA ROVERI","straatNaam":"VIA ANTONIO CANOVA 23","straatNr":"","vervoerder":"DHL","puntType":"postOffice","bezettingsgraad":50,"latitude":44.485489,"longitude":11.40166,"canPickup":true,"canDropoff":true,"openingstijden":{"ma":"08:20 - 13:35","di":"08:20 - 13:35","wo":"08:20 - 13:35","do":"08:20 - 13:35","vr":"08:20 - 13:35","za":"08:20 - 12:35","zo":"gesloten"}}},{"type":"Feature","geometry":{"type":"Point","coordinates":[11.40166,44.485489]},"properties":{"type":"pakketpunt","locatieNaam":"UFFICIO POSTALE BOLOGNA ROV","straatNaam":"VIA ANTONIO CANOVA 23","straatNr":"","vervoerder":"DHL","puntType":"packStation","bezettingsgraad":50,"latitude":44.485489,"longitude":11.40166,"canPickup":true,"canDropoff":true,"openingstijden":{"ma":"08:20 - 13:35","di":"08:20 - 13:35","wo":"08:20 - 13:35","do":"08:20 - 13:35","vr":"08:20 - 13:35","za":"08:20 - 13:35","zo":"gesloten"}}},{"type":"Feature","geometry":{"type":"Point","coordinates":[11.396375,44.475527]},"properties":{"type":"pakketpunt","locatieNaam":"TABACCHERIA N. 284","straatNaam":"VIA GAETANO TACCONI 2-A","straatNr":"","vervoerder":"DHL","puntType":"parcelShop","bezettingsgraad":50,"latitude":44.475527,"longitude":11.396375,"canPickup":true,"canDropoff":true,"openingstijden":{"ma":"07:00 - 12:30, 15:30 - 19:30","di":"07:00 - 12:30, 15:30 - 19:30","wo":"07:00 - 12:30, 15:30 - 19:30","do":"07:00 - 12:30, 15:30 - 19:30","vr":"07:00 - 12:30, 15:30 - 19:30","za":"07:00 - 12:30, 15:30 - 19:30","zo":"gesloten"}}},{"type":"Feature","geometry":{"type":"Point","coordinates":[11.396382,44.47611]},"properties":{"type":"pakketpunt","locatieNaam":"BAR MESSICO","straatNaam":"Piazza Lambrakis 1t","straatNr":"","vervoerder":"DHL","puntType":"parcelShop","bezettingsgraad":50,"latitude":44.47611,"longitude":11.396382,"canPickup":false,"canDropoff":true,"openingstijden":{"ma":"07:30 - 19:30","di":"07:30 - 19:30","wo":"07:30 - 19:30","do":"07:30 - 19:30","vr":"07:30 - 19:30","za":"07:30 - 19:30","zo":"gesloten"}}},{"type":"Feature","geometry":{"type":"Point","coordinates":[11.393653,44.48289]},"properties":{"type":"pakketpunt","locatieNaam":"TABACCHERIA N. 380","straatNaam":"VIA DUE MADONNE 6-2","straatNr":"","vervoerder":"DHL","puntType":"parcelShop","bezettingsgraad":50,"latitude":44.48289,"longitude":11.393653,"canPickup":true,"canDropoff":true,"openingstijden":{"ma":"07:00 - 19:30","di":"07:00 - 19:30","wo":"07:00 - 19:30","do":"07:00 - 19:30","vr":"07:00 - 19:30","za":"07:00 - 19:30","zo":"gesloten"}}},{"type":"Feature","geometry":{"type":"Point","coordinates":[11.3997,44.4919]},"properties":{"type":"pakketpunt","locatieNaam":"TABACCHERIA PARADISO","straatNaam":"Via Martelli 25 / 5","straatNr":"","vervoerder":"DHL","puntType":"parcelShop","bezettingsgraad":50,"latitude":44.4919,"longitude":11.3997,"canPickup":false,"canDropoff":true,"openingstijden":{"ma":"07:00 - 19:30","di":"07:00 - 19:30","wo":"07:00 - 19:30","do":"07:00 - 19:30","vr":"07:00 - 19:30","za":"07:00 - 19:30","zo":"gesloten"}}},{"type":"Feature","geometry":{"type":"Point","coordinates":[11.399356,44.492355]},"properties":{"type":"pakketpunt","locatieNaam":"TABACCHERIA N. 165","straatNaam":"VIA TOMMASO MARTELLI 25-5","straatNr":"","vervoerder":"DHL","puntType":"parcelShop","bezettingsgraad":50,"latitude":44.492355,"longitude":11.399356,"canPickup":true,"canDropoff":true,"openingstijden":{"ma":"07:00 - 12:30, 15:30 - 19:30","di":"07:00 - 12:30, 15:30 - 19:30","wo":"07:00 - 12:30, 15:30 - 19:30","do":"07:00 - 12:30, 15:30 - 19:30","vr":"07:00 - 12:30, 15:30 - 19:30","za":"07:30 - 12:30, 15:30 - 19:30","zo":"gesloten"}}},{"type":"Feature","geometry":{"type":"Point","coordinates":[11.401278,44.495138]},"properties":{"type":"pakketpunt","locatieNaam":"TABACCHERIA N. 301","straatNaam":"VIA ENRICO MATTEI 24-C","straatNr":"","vervoerder":"DHL","puntType":"parcelShop","bezettingsgraad":50,"latitude":44.495138,"longitude":11.401278,"canPickup":true,"canDropoff":true,"openingstijden":{"ma":"07:00 - 13:30, 15:30 - 19:30","di":"07:00 - 13:30, 15:30 - 19:30","wo":"07:00 - 13:30, 15:30 - 19:30","do":"07:00 - 13:30, 15:30 - 19:30","vr":"07:00 - 13:30, 15:30 - 19:30","za":"07:00 - 13:00, 15:30 - 19:30","zo":"gesloten"}}},{"type":"Feature","geometry":{"type":"Point","coordinates":[11.389693,44.477679]},"properties":{"type":"pakketpunt","locatieNaam":"TABACCHERIA N. 253","straatNaam":"VIA EMILIA LEVANTE 145-3","straatNr":"","vervoerder":"DHL","puntType":"parcelShop","bezettingsgraad":50,"latitude":44.477679,"longitude":11.389693,"canPickup":true,"canDropoff":true,"openingstijden":{"ma":"07:00 - 19:30","di":"07:00 - 19:30","wo":"07:00 - 19:30","do":"07:00 - 19:30","vr":"07:00 - 19:30","za":"07:00 - 19:30","zo":"gesloten"}}},{"type":"Feature","geometry":{"type":"Point","coordinates":[11.387051,44.471646]},"properties":{"type":"pakketpunt","locatieNaam":"Ufficio Postale BOLOGNA 31","straatNaam":"VIA FIRENZE 2-C","straatNr":"","vervoerder":"DHL","puntType":"postOffice","bezettingsgraad":50,"latitude":44.471646,"longitude":11.387051,"canPickup":true,"canDropoff":true,"openingstijden":{"ma":"08:20 - 13:35","di":"08:20 - 13:35","wo":"08:20 - 13:35","do":"08:20 - 13:35","vr":"08:20 - 13:35","za":"08:20 - 12:35","zo":"gesloten"}}},{"type":"Feature","geometry":{"type":"Point","coordinates":[11.389371,44.481287]},"properties":{"type":"pakketpunt","locatieNaam":"Ufficio Postale BOLOGNA 3","straatNaam":"VIA LUIGI BOMBICCI 6","straatNr":"","vervoerder":"DHL","puntType":"postOffice","bezettingsgraad":50,"latitude":44.481287,"longitude":11.389371,"canPickup":true,"canDropoff":true,"openingstijden":{"ma":"08:20 - 13:35","di":"08:20 - 13:35","wo":"08:20 - 13:35","do":"08:20 - 13:35","vr":"08:20 - 13:35","za":"08:20 - 12:35","zo":"gesloten"}}},{"type":"Feature","geometry":{"type":"Point","coordinates":[11.385478,44.472823]},"properties":{"type":"pakketpunt","locatieNaam":"TABACCHERIA N. 174","straatNaam":"VIA DEGLI ORTOLANI 34","straatNr":"","vervoerder":"DHL","puntType":"parcelShop","bezettingsgraad":50,"latitude":44.472823,"longitude":11.385478,"canPickup":true,"canDropoff":true,"openingstijden":{"ma":"08:00 - 18:30","di":"08:00 - 18:30","wo":"08:00 - 18:30","do":"08:00 - 18:30","vr":"08:00 - 18:30","za":"08:00 - 12:00","zo":"gesloten"}}},{"type":"Feature","geometry":{"type":"Point","coordinates":[11.385961,44.479515]},"properties":{"type":"pakketpunt","locatieNaam":"ASD REGIS - PALESTRA REGIS","straatNaam":"VIA PELLEGRINO ANTONIO ORLANDI 3-A","straatNr":"","vervoerder":"DHL","puntType":"packStation","bezettingsgraad":50,"latitude":44.479515,"longitude":11.385961,"canPickup":true,"canDropoff":true,"openingstijden":{"ma":"09:30 - 22:00","di":"09:30 - 22:00","wo":"09:30 - 22:00","do":"09:30 - 22:00","vr":"09:30 - 22:00","za":"10:00 - 13:00","zo":"gesloten"}}},{"type":"Feature","geometry":{"type":"Point","coordinates":[11.382559,44.468829]},"properties":{"type":"pakketpunt","locatieNaam":"TABACCHERIA N. 348","straatNaam":"VIA SAVIGNO 5-B","straatNr":"","vervoerder":"DHL","puntType":"parcelShop","bezettingsgraad":50,"latitude":44.468829,"longitude":11.382559,"canPickup":true,"canDropoff":true,"openingstijden":{"ma":"08:30 - 19:30","di":"08:30 - 19:30","wo":"08:30 - 19:30","do":"08:30 - 19:30","vr":"08:30 - 19:30","za":"08:30 - 19:30","zo":"gesloten"}}},{"type":"Feature","geometry":{"type":"Point","coordinates":[11.384635,44.479554]},"properties":{"type":"pakketpunt","locatieNaam":"TABACCHERIA N. 88","straatNaam":"VIA EMILIA LEVANTE 129-B","straatNr":"","vervoerder":"DHL","puntType":"parcelShop","bezettingsgraad":50,"latitude":44.479554,"longitude":11.384635,"canPickup":true,"canDropoff":true,"openingstijden":{"ma":"07:00 - 13:00, 15:30 - 20:00","di":"07:00 - 13:00, 15:30 - 20:00","wo":"07:00 - 13:00, 15:30 - 20:00","do":"07:00 - 13:00, 15:30 - 20:00","vr":"07:00 - 13:00, 15:30 - 20:00","za":"07:00 - 13:00, 15:30 - 20:00","zo":"gesloten"}}},{"type":"Feature","geometry":{"type":"Point","coordinates":[11.379829,44.467114]},"properties":{"type":"pakketpunt","locatieNaam":"TABACCHERIA n. 260","straatNaam":"VIA DELLA BATTAGLIA 17-A","straatNr":"","vervoerder":"DHL","puntType":"parcelShop","bezettingsgraad":50,"latitude":44.467114,"longitude":11.379829,"canPickup":true,"canDropoff":true,"openingstijden":{"ma":"07:30 - 12:45, 15:30 - 19:30","di":"07:30 - 12:45, 15:30 - 19:30","wo":"07:30 - 12:45, 15:30 - 19:30","do":"07:30 - 12:45, 15:30 - 19:30","vr":"07:30 - 12:45, 15:30 - 19:30","za":"07:30 - 12:45, 15:30 - 19:30","zo":"gesloten"}}},{"type":"Feature","geometry":{"type":"Point","coordinates":[11.382544,44.480946]},"properties":{"type":"pakketpunt","locatieNaam":"TABACCHERIA N. 324","straatNaam":"VIALE ILIC ULJANOV LENIN 2-E","straatNr":"","vervoerder":"DHL","puntType":"parcelShop","bezettingsgraad":50,"latitude":44.480946,"longitude":11.382544,"canPickup":true,"canDropoff":true,"openingstijden":{"ma":"09:00 - 12:00, 16:15 - 19:00","di":"09:00 - 12:00, 16:15 - 19:00","wo":"09:00 - 12:00, 16:15 - 19:00","do":"09:00 - 12:00, 16:15 - 19:00","vr":"09:00 - 12:00, 16:15 - 19:00","za":"10:00 - 12:00, 16:15 - 19:00","zo":"gesloten"}}},{"type":"Feature","geometry":{"type":"Point","coordinates":[11.393623,44.498403]},"properties":{"type":"pakketpunt","locatieNaam":"CENTRO COMMERCIALE VIALARGA","straatNaam":"VIA LARGA 10","straatNr":"","vervoerder":"DHL","puntType":"packStation","bezettingsgraad":50,"latitude":44.498403,"longitude":11.393623,"canPickup":true,"canDropoff":true,"openingstijden":{"ma":"08:30 - 13:00, 16:00 - 20:00","di":"08:30 - 13:00, 16:00 - 20:00","wo":"08:30 - 13:00, 16:00 - 20:00","do":"08:30 - 13:00, 16:00 - 20:00","vr":"08:30 - 13:00, 16:00 - 20:00","za":"09:00 - 13:00","zo":"gesloten"}}},{"type":"Feature","geometry":{"type":"Point","coordinates":[11.378465,44.464443]},"properties":{"type":"pakketpunt","locatieNaam":"TABACCHERIA N. 299","straatNaam":"VIA GIUSEPPE CESARE ABBA 12-B","straatNr":"","vervoerder":"DHL","puntType":"parcelShop","bezettingsgraad":50,"latitude":44.464443,"longitude":11.378465,"canPickup":true,"canDropoff":true,"openingstijden":{"ma":"08:00 - 13:00, 16:00 - 19:30","di":"08:00 - 13:00, 16:00 - 19:30","wo":"08:00 - 13:00, 16:00 - 19:30","do":"08:00 - 13:00, 16:00 - 19:30","vr":"08:00 - 13:00, 16:00 - 19:30","za":"08:00 - 13:00, 16:00 - 19:30","zo":"gesloten"}}},{"type":"Feature","geometry":{"type":"Point","coordinates":[11.388127,44.492736]},"properties":{"type":"pakketpunt","locatieNaam":"STAZIONE DI SERVIZIO IP","straatNaam":"VIA GIUSEPPE MASSARENTI 221-1","straatNr":"","vervoerder":"DHL","puntType":"packStation","bezettingsgraad":50,"latitude":44.492736,"longitude":11.388127,"canPickup":true,"canDropoff":true,"openingstijden":{"ma":"00:01 - 23:59","di":"00:01 - 23:59","wo":"00:01 - 23:59","do":"00:01 - 23:59","vr":"00:01 - 23:59","za":"00:01 - 23:59","zo":"00:01 - 23:59"}}},{"type":"Feature","geometry":{"type":"Point","coordinates":[11.39602,44.502101]},"properties":{"type":"pakketpunt","locatieNaam":"TABACCHERIA N. 157","straatNaam":"VIA LARGA 36-2","straatNr":"","vervoerder":"DHL","puntType":"parcelShop","bezettingsgraad":50,"latitude":44.502101,"longitude":11.39602,"canPickup":true,"canDropoff":true,"openingstijden":{"ma":"05:30 - 19:00","di":"05:30 - 19:00","wo":"05:30 - 19:00","do":"05:30 - 19:00","vr":"05:30 - 19:00","za":"05:30 - 12:00","zo":"gesloten"}}},{"type":"Feature","geometry":{"type":"Point","coordinates":[11.37877,44.476264]},"properties":{"type":"pakketpunt","locatieNaam":"TABACCHERIA N. 352","straatNaam":"VIA PO 11-A","straatNr":"","vervoerder":"DHL","puntType":"parcelShop","bezettingsgraad":50,"latitude":44.476264,"longitude":11.37877,"canPickup":true,"canDropoff":true,"openingstijden":{"ma":"07:00 - 14:00, 15:00 - 19:30","di":"07:00 - 14:00, 15:00 - 19:30","wo":"07:00 - 14:00, 15:00 - 19:30","do":"07:00 - 14:00, 15:00 - 19:30","vr":"07:00 - 14:00, 15:00 - 19:30","za":"07:00 - 14:00, 15:00 - 19:30","zo":"gesloten"}}},{"type":"Feature","geometry":{"type":"Point","coordinates":[11.376875,44.468293]},"properties":{"type":"pakketpunt","locatieNaam":"EDICOLA Dinga","straatNaam":"VIA BENEDETTO MARCELLO 9-G","straatNr":"","vervoerder":"DHL","puntType":"parcelShop","bezettingsgraad":50,"latitude":44.468293,"longitude":11.376875,"canPickup":true,"canDropoff":true,"openingstijden":{"ma":"06:00 - 13:00, 15:30 - 18:00","di":"06:00 - 13:00, 15:30 - 18:00","wo":"06:00 - 13:00, 15:30 - 18:00","do":"06:00 - 13:00, 15:30 - 18:00","vr":"06:00 - 13:00, 15:30 - 18:00","za":"06:00 - 13:00","zo":"07:00 - 13:00"}}},{"type":"Feature","geometry":{"type":"Point","coordinates":[11.2646,44.520977]},"properties":{"type":"pakketpunt","locatieNaam":"CENTRO COMMERCIALE CENTRO B","straatNaam":"VIA MARCO EMILIO LEPIDO 186","straatNr":"","vervoerder":"DHL","puntType":"packStation","bezettingsgraad":50,"latitude":44.520977,"longitude":11.2646,"canPickup":true,"canDropoff":true,"openingstijden":{"ma":"09:00 - 13:00, 15:00 - 18:00","di":"09:00 - 13:00, 15:00 - 18:00","wo":"09:00 - 13:00, 15:00 - 18:00","do":"09:00 - 13:00, 15:00 - 18:00","vr":"09:00 - 13:00, 15:00 - 18:00","za":"09:00 - 13:00","zo":"gesloten"}}},{"type":"Feature","geometry":{"type":"Point","coordinates":[11.27801,44.53482]},"properties":{"type":"pakketpunt","locatieNaam":"Bologna Gateway Service Point","straatNaam":"Via Della Salute, 95/8","straatNr":"","vervoerder":"DHL","puntType":"parcelShop","bezettingsgraad":50,"latitude":44.53482,"longitude":11.27801,"canPickup":false,"canDropoff":true,"openingstijden":{"ma":"08:30 - 19:00","di":"08:30 - 19:00","wo":"08:30 - 19:00","do":"08:30 - 19:00","vr":"08:30 - 19:00","za":"gesloten","zo":"gesloten"}}},{"type":"Feature","geometry":{"type":"Point","coordinates":[11.264396,44.518134]},"properties":{"type":"pakketpunt","locatieNaam":"STAZIONE DI SERVIZIO ESSO","straatNaam":"VIALE ALCIDE DE GASPERI 11","straatNr":"","vervoerder":"DHL","puntType":"packStation","bezettingsgraad":50,"latitude":44.518134,"longitude":11.264396,"canPickup":true,"canDropoff":true,"openingstijden":{"ma":"00:01 - 23:59","di":"00:01 - 23:59","wo":"00:01 - 23:59","do":"00:01 - 23:59","vr":"00:01 - 23:59","za":"00:01 - 23:59","zo":"00:01 - 23:59"}}},{"type":"Feature","geometry":{"type":"Point","coordinates":[11.356801,44.547593]},"properties":{"type":"pakketpunt","locatieNaam":"TABACCHERIA N. 115","straatNaam":"VIA GENUZIO BENTINI 59","straatNr":"","vervoerder":"DHL","puntType":"parcelShop","bezettingsgraad":50,"latitude":44.547593,"longitude":11.356801,"canPickup":true,"canDropoff":true,"openingstijden":{"ma":"07:00 - 19:30","di":"07:00 - 19:30","wo":"07:00 - 19:30","do":"07:00 - 19:30","vr":"07:00 - 19:30","za":"07:00 - 19:30","zo":"gesloten"}}},{"type":"Feature","geometry":{"type":"Point","coordinates":[11.3567,44.5471]},"properties":{"type":"pakketpunt","locatieNaam":"CARTOLIBRERIA BAMBY","straatNaam":"Via Genuzio Bentini 47/c","straatNr":"","vervoerder":"DHL","puntType":"parcelShop","bezettingsgraad":50,"latitude":44.5471,"longitude":11.3567,"canPickup":false,"canDropoff":true,"openingstijden":{"ma":"08:30 - 19:00","di":"08:30 - 19:00","wo":"08:30 - 19:30","do":"08:30 - 19:00","vr":"08:30 - 19:00","za":"gesloten","zo":"gesloten"}}},{"type":"Feature","geometry":{"type":"Point","coordinates":[11.356364,44.545436]},"properties":{"type":"pakketpunt","locatieNaam":"TABACCHERIA N. 169","straatNaam":"VIA GENUZIO BENTINI 29-B","straatNr":"","vervoerder":"DHL","puntType":"parcelShop","bezettingsgraad":50,"latitude":44.545436,"longitude":11.356364,"canPickup":true,"canDropoff":true,"openingstijden":{"ma":"05:30 - 13:00, 15:00 - 20:00","di":"05:30 - 13:00, 15:00 - 20:00","wo":"05:30 - 13:00, 15:00 - 20:00","do":"05:30 - 13:00, 15:00 - 20:00","vr":"05:30 - 13:00, 15:00 - 20:00","za":"05:30 - 13:00, 15:00 - 20:00","zo":"gesloten"}}},{"type":"Feature","geometry":{"type":"Point","coordinates":[11.357265,44.542324]},"properties":{"type":"pakketpunt","locatieNaam":"POSTA PRIVATA SMMART POINT","straatNaam":"VIA ALESSANDRO STOPPATO 27-I","straatNr":"","vervoerder":"DHL","puntType":"packStation","bezettingsgraad":50,"latitude":44.542324,"longitude":11.357265,"canPickup":true,"canDropoff":true,"openingstijden":{"ma":"00:01 - 23:59","di":"00:01 - 23:59","wo":"00:01 - 23:59","do":"00:01 - 23:59","vr":"00:01 - 23:59","za":"00:01 - 23:59","zo":"00:01 - 23:59"}}},{"type":"Feature","geometry":{"type":"Point","coordinates":[11.347285,44.533673]},"properties":{"type":"pakketpunt","locatieNaam":"Ufficio Postale BOLOGNA 28","straatNaam":"VIA DELL ARCOVEGGIO 74","straatNr":"","vervoerder":"DHL","puntType":"postOffice","bezettingsgraad":50,"latitude":44.533673,"longitude":11.347285,"canPickup":true,"canDropoff":true,"openingstijden":{"ma":"08:20 - 13:35","di":"08:20 - 13:35","wo":"08:20 - 13:35","do":"08:20 - 13:35","vr":"08:20 - 13:35","za":"08:20 - 12:35","zo":"gesloten"}}},{"type":"Feature","geometry":{"type":"Point","coordinates":[11.36673,44.529544]},"properties":{"type":"pakketpunt","locatieNaam":"TABACCHERIA N. 104","straatNaam":"VIA FERRARESE 160-4","straatNr":"","vervoerder":"DHL","puntType":"parcelShop","bezettingsgraad":50,"latitude":44.529544,"longitude":11.36673,"canPickup":true,"canDropoff":true,"openingstijden":{"ma":"06:00 - 19:30","di":"06:00 - 19:30","wo":"06:00 - 19:30","do":"06:00 - 19:30","vr":"06:00 - 19:30","za":"06:00 - 19:30","zo":"gesloten"}}},{"type":"Feature","geometry":{"type":"Point","coordinates":[11.343358,44.521542]},"properties":{"type":"pakketpunt","locatieNaam":"TABACCHERIA N. 331","straatNaam":"VIA DELL ARCOVEGGIO 50-D","straatNr":"","vervoerder":"DHL","puntType":"parcelShop","bezettingsgraad":50,"latitude":44.521542,"longitude":11.343358,"canPickup":true,"canDropoff":true,"openingstijden":{"ma":"05:30 - 19:30","di":"05:30 - 19:30","wo":"05:30 - 19:30","do":"05:30 - 19:30","vr":"05:30 - 19:30","za":"05:30 - 19:30","zo":"08:00 - 16:00"}}},{"type":"Feature","geometry":{"type":"Point","coordinates":[11.327187,44.519332]},"properties":{"type":"pakketpunt","locatieNaam":"Ufficio Postale BOLOGNA 25","straatNaam":"PIAZZA GIOVANNI DA VERRAZZANO 6","straatNr":"","vervoerder":"DHL","puntType":"postOffice","bezettingsgraad":50,"latitude":44.519332,"longitude":11.327187,"canPickup":true,"canDropoff":true,"openingstijden":{"ma":"08:20 - 13:35","di":"08:20 - 13:35","wo":"08:20 - 13:35","do":"08:20 - 13:35","vr":"08:20 - 13:35","za":"08:20 - 12:35","zo":"gesloten"}}},{"type":"Feature","geometry":{"type":"Point","coordinates":[11.348372,44.521635]},"properties":{"type":"pakketpunt","locatieNaam":"TABACCHERIA N. 170","straatNaam":"VIA DI CORTICELLA 121-A","straatNr":"","vervoerder":"DHL","puntType":"parcelShop","bezettingsgraad":50,"latitude":44.521635,"longitude":11.348372,"canPickup":true,"canDropoff":true,"openingstijden":{"ma":"06:45 - 13:00, 15:00 - 19:30","di":"06:45 - 13:00, 15:00 - 19:30","wo":"06:45 - 13:00, 15:00 - 19:30","do":"06:45 - 13:00, 15:00 - 19:30","vr":"06:45 - 13:00, 15:00 - 19:30","za":"06:45 - 13:00, 15:00 - 19:30","zo":"gesloten"}}},{"type":"Feature","geometry":{"type":"Point","coordinates":[11.294801,44.520922]},"properties":{"type":"pakketpunt","locatieNaam":"TABACCHERIA N. 222","straatNaam":"VIA DEL TRIUMVIRATO 91-C","straatNr":"","vervoerder":"DHL","puntType":"parcelShop","bezettingsgraad":50,"latitude":44.520922,"longitude":11.294801,"canPickup":true,"canDropoff":true,"openingstijden":{"ma":"07:00 - 13:00, 15:30 - 19:30","di":"07:00 - 13:00, 15:30 - 19:30","wo":"07:00 - 13:00, 15:30 - 19:30","do":"07:00 - 13:00, 15:30 - 19:30","vr":"07:00 - 13:00, 15:30 - 19:30","za":"07:00 - 13:00, 15:30 - 19:30","zo":"gesloten"}}},{"type":"Feature","geometry":{"type":"Point","coordinates":[11.34215,44.51794]},"properties":{"type":"pakketpunt","locatieNaam":"TABACCHERIA N. 5","straatNaam":"VIA DELL ARCOVEGGIO 5","straatNr":"","vervoerder":"DHL","puntType":"parcelShop","bezettingsgraad":50,"latitude":44.51794,"longitude":11.34215,"canPickup":true,"canDropoff":true,"openingstijden":{"ma":"07:30 - 19:30","di":"07:30 - 19:30","wo":"07:30 - 19:30","do":"07:30 - 19:30","vr":"07:30 - 19:30","za":"07:30 - 19:30","zo":"08:30 - 12:30"}}},{"type":"Feature","geometry":{"type":"Point","coordinates":[11.337209,44.515814]},"properties":{"type":"pakketpunt","locatieNaam":"TABACCHERIA N. 300","straatNaam":"VIA PIERO GOBETTI 49-A","straatNr":"","vervoerder":"DHL","puntType":"parcelShop","bezettingsgraad":50,"latitude":44.515814,"longitude":11.337209,"canPickup":true,"canDropoff":true,"openingstijden":{"ma":"07:30 - 19:00","di":"07:30 - 19:00","wo":"07:30 - 19:00","do":"07:30 - 19:00","vr":"07:30 - 19:00","za":"07:30 - 19:00","zo":"09:00 - 12:00"}}},{"type":"Feature","geometry":{"type":"Point","coordinates":[11.356853,44.51941]},"properties":{"type":"pakketpunt","locatieNaam":"B ELECTRA - ELETTRONICA","straatNaam":"VIA FERRARESE 110","straatNr":"","vervoerder":"DHL","puntType":"packStation","bezettingsgraad":50,"latitude":44.51941,"longitude":11.356853,"canPickup":true,"canDropoff":true,"openingstijden":{"ma":"09:00 - 18:30","di":"09:00 - 18:30","wo":"09:00 - 18:30","do":"09:00 - 18:30","vr":"09:00 - 18:30","za":"gesloten","zo":"gesloten"}}},{"type":"Feature","geometry":{"type":"Point","coordinates":[11.351994,44.517782]},"properties":{"type":"pakketpunt","locatieNaam":"Ufficio Postale BOLOGNA 33","straatNaam":"VIA GIORGIO VASARI 30","straatNr":"","vervoerder":"DHL","puntType":"postOffice","bezettingsgraad":50,"latitude":44.517782,"longitude":11.351994,"canPickup":true,"canDropoff":true,"openingstijden":{"ma":"08:20 - 13:35","di":"08:20 - 13:35","wo":"08:20 - 13:35","do":"08:20 - 13:35","vr":"08:20 - 13:35","za":"08:20 - 12:35","zo":"gesloten"}}},{"type":"Feature","geometry":{"type":"Point","coordinates":[11.349975,44.516475]},"properties":{"type":"pakketpunt","locatieNaam":"TABACCHERIA N. 239","straatNaam":"VIA ALFONSO LOMBARDI 24","straatNr":"","vervoerder":"DHL","puntType":"parcelShop","bezettingsgraad":50,"latitude":44.516475,"longitude":11.349975,"canPickup":true,"canDropoff":true,"openingstijden":{"ma":"06:30 - 20:00","di":"06:30 - 20:00","wo":"06:30 - 20:00","do":"06:30 - 20:00","vr":"06:30 - 20:00","za":"06:30 - 20:00","zo":"gesloten"}}},{"type":"Feature","geometry":{"type":"Point","coordinates":[11.347618,44.515082]},"properties":{"type":"pakketpunt","locatieNaam":"TABACCHERIA N. 53","straatNaam":"VIA DI CORTICELLA 64-B","straatNr":"","vervoerder":"DHL","puntType":"parcelShop","bezettingsgraad":50,"latitude":44.515082,"longitude":11.347618,"canPickup":true,"canDropoff":true,"openingstijden":{"ma":"07:30 - 12:45, 15:30 - 19:00","di":"07:30 - 12:45, 15:30 - 19:00","wo":"07:30 - 12:45, 15:30 - 19:00","do":"07:30 - 12:45, 15:30 - 19:00","vr":"07:30 - 12:45, 15:30 - 19:00","za":"07:30 - 12:45, 15:30 - 19:00","zo":"gesloten"}}},{"type":"Feature","geometry":{"type":"Point","coordinates":[11.341851,44.513246]},"properties":{"type":"pakketpunt","locatieNaam":"NEW LINK CALL CENTER","straatNaam":"Aristotele Fioravanti, 57 B","straatNr":"","vervoerder":"DHL","puntType":"parcelShop","bezettingsgraad":50,"latitude":44.513246,"longitude":11.341851,"canPickup":false,"canDropoff":true,"openingstijden":{"ma":"09:00 - 19:00","di":"09:00 - 19:00","wo":"09:00 - 19:00","do":"09:00 - 19:00","vr":"09:00 - 19:00","za":"11:00 - 19:00","zo":"gesloten"}}},{"type":"Feature","geometry":{"type":"Point","coordinates":[11.343502,44.512505]},"properties":{"type":"pakketpunt","locatieNaam":"SWIFT CONNECT - BOLOGNA","straatNaam":"VIA FRANCO BOLOGNESE 27-H","straatNr":"","vervoerder":"DHL","puntType":"parcelShop","bezettingsgraad":50,"latitude":44.512505,"longitude":11.343502,"canPickup":true,"canDropoff":true,"openingstijden":{"ma":"10:00 - 20:00","di":"10:00 - 20:00","wo":"10:00 - 20:00","do":"10:00 - 20:00","vr":"10:00 - 20:00","za":"11:00 - 17:00","zo":"gesloten"}}},{"type":"Feature","geometry":{"type":"Point","coordinates":[11.341541,44.511896]},"properties":{"type":"pakketpunt","locatieNaam":"EBONY B.P. di E.I.Veronica","straatNaam":"Via Pellegrino Tibaldi, 41 BCD","straatNr":"","vervoerder":"DHL","puntType":"parcelShop","bezettingsgraad":50,"latitude":44.511896,"longitude":11.341541,"canPickup":false,"canDropoff":true,"openingstijden":{"ma":"10:00 - 17:30","di":"10:00 - 17:30","wo":"10:00 - 17:30","do":"10:00 - 17:30","vr":"10:00 - 17:30","za":"10:00 - 13:00","zo":"gesloten"}}},{"type":"Feature","geometry":{"type":"Point","coordinates":[11.352752,44.513971]},"properties":{"type":"pakketpunt","locatieNaam":"SHENZHOU SERVICE","straatNaam":"Via Ferrarese, 147 D","straatNr":"","vervoerder":"DHL","puntType":"parcelShop","bezettingsgraad":50,"latitude":44.513971,"longitude":11.352752,"canPickup":false,"canDropoff":true,"openingstijden":{"ma":"10:30 - 17:30","di":"10:30 - 17:30","wo":"10:30 - 17:30","do":"10:30 - 17:30","vr":"10:30 - 17:30","za":"gesloten","zo":"gesloten"}}},{"type":"Feature","geometry":{"type":"Point","coordinates":[11.348996,44.512592]},"properties":{"type":"pakketpunt","locatieNaam":"Ufficio Postale BOLOGNA 16","straatNaam":"VIA DI SALICETO 4","straatNr":"","vervoerder":"DHL","puntType":"postOffice","bezettingsgraad":50,"latitude":44.512592,"longitude":11.348996,"canPickup":true,"canDropoff":true,"openingstijden":{"ma":"08:20 - 13:35","di":"08:20 - 13:35","wo":"08:20 - 13:35","do":"08:20 - 13:35","vr":"08:20 - 13:35","za":"08:20 - 12:35","zo":"gesloten"}}},{"type":"Feature","geometry":{"type":"Point","coordinates":[11.358669,44.513914]},"properties":{"type":"pakketpunt","locatieNaam":"TABACCHERIA N. 320","straatNaam":"VIA STALINGRADO 43","straatNr":"","vervoerder":"DHL","puntType":"parcelShop","bezettingsgraad":50,"latitude":44.513914,"longitude":11.358669,"canPickup":true,"canDropoff":true,"openingstijden":{"ma":"06:30 - 17:00","di":"06:30 - 17:00","wo":"06:30 - 17:00","do":"06:30 - 17:00","vr":"06:30 - 17:00","za":"gesloten","zo":"gesloten"}}},{"type":"Feature","geometry":{"type":"Point","coordinates":[11.340118,44.509914]},"properties":{"type":"pakketpunt","locatieNaam":"Ufficio Postale BOLOGNA 15","straatNaam":"PIAZZA LIBER PARADISUS 19-B","straatNr":"","vervoerder":"DHL","puntType":"postOffice","bezettingsgraad":50,"latitude":44.509914,"longitude":11.340118,"canPickup":true,"canDropoff":true,"openingstijden":{"ma":"08:20 - 19:05","di":"08:20 - 19:05","wo":"08:20 - 19:05","do":"08:20 - 19:05","vr":"08:20 - 19:05","za":"08:20 - 12:35","zo":"gesloten"}}},{"type":"Feature","geometry":{"type":"Point","coordinates":[11.341138,44.509675]},"properties":{"type":"pakketpunt","locatieNaam":"TABACCHERIA N. 215","straatNaam":"VIA DOMENICO ZAMPIERI 41-B","straatNr":"","vervoerder":"DHL","puntType":"parcelShop","bezettingsgraad":50,"latitude":44.509675,"longitude":11.341138,"canPickup":true,"canDropoff":true,"openingstijden":{"ma":"08:00 - 19:30","di":"08:00 - 19:30","wo":"08:00 - 19:30","do":"08:00 - 19:30","vr":"08:00 - 19:30","za":"08:00 - 12:30, 15:30 - 19:30","zo":"gesloten"}}},{"type":"Feature","geometry":{"type":"Point","coordinates":[11.284163,44.51544]},"properties":{"type":"pakketpunt","locatieNaam":"UFFICIO POSTALE BOLOGNA 30","straatNaam":"VIA AMATORE SCIESA 20","straatNr":"","vervoerder":"DHL","puntType":"packStation","bezettingsgraad":50,"latitude":44.51544,"longitude":11.284163,"canPickup":true,"canDropoff":true,"openingstijden":{"ma":"08:20 - 19:05","di":"08:20 - 19:05","wo":"08:20 - 19:05","do":"08:20 - 19:05","vr":"08:20 - 19:05","za":"08:20 - 12:35","zo":"gesloten"}}},{"type":"Feature","geometry":{"type":"Point","coordinates":[11.401022,44.514922]},"properties":{"type":"pakketpunt","locatieNaam":"CENTRO COMMERCIALE MERAVILL","straatNaam":"VIALE TITO CARNACINI 57","straatNr":"","vervoerder":"DHL","puntType":"packStation","bezettingsgraad":50,"latitude":44.514922,"longitude":11.401022,"canPickup":true,"canDropoff":true,"openingstijden":{"ma":"09:00 - 21:00","di":"09:00 - 21:00","wo":"09:00 - 21:00","do":"09:00 - 21:00","vr":"09:00 - 21:00","za":"09:00 - 21:00","zo":"10:00 - 20:00"}}},{"type":"Feature","geometry":{"type":"Point","coordinates":[11.397306,44.509463]},"properties":{"type":"pakketpunt","locatieNaam":"TABACCHERIA N. 311","straatNaam":"VIA GRAZIA DELEDDA 10-A","straatNr":"","vervoerder":"DHL","puntType":"parcelShop","bezettingsgraad":50,"latitude":44.509463,"longitude":11.397306,"canPickup":true,"canDropoff":true,"openingstijden":{"ma":"07:30 - 13:00, 15:00 - 19:30","di":"07:30 - 13:00, 15:00 - 19:30","wo":"07:30 - 13:00, 15:00 - 19:30","do":"07:30 - 13:00, 15:00 - 19:30","vr":"07:30 - 13:00, 15:00 - 19:30","za":"08:00 - 13:00, 15:00 - 19:30","zo":"08:00 - 13:00"}}},{"type":"Feature","geometry":{"type":"Point","coordinates":[11.390603,44.511772]},"properties":{"type":"pakketpunt","locatieNaam":"Ufficio Postale BOLOGNA 34","straatNaam":"VIA LUIGI PIRANDELLO 22","straatNr":"","vervoerder":"DHL","puntType":"postOffice","bezettingsgraad":50,"latitude":44.511772,"longitude":11.390603,"canPickup":true,"canDropoff":true,"openingstijden":{"ma":"08:20 - 13:35","di":"08:20 - 13:35","wo":"08:20 - 13:35","do":"08:20 - 13:35","vr":"08:20 - 13:35","za":"08:20 - 12:35","zo":"gesloten"}}},{"type":"Feature","geometry":{"type":"Point","coordinates":[11.360501,44.493312]},"properties":{"type":"pakketpunt","locatieNaam":"TABACCHERIA N. 92","straatNaam":"VIA GIOVANNA ZACCHERINI ALVISI 2-B","straatNr":"","vervoerder":"DHL","puntType":"parcelShop","bezettingsgraad":50,"latitude":44.493312,"longitude":11.360501,"canPickup":true,"canDropoff":true,"openingstijden":{"ma":"06:30 - 14:30, 16:30 - 19:00","di":"06:30 - 14:30, 16:30 - 19:00","wo":"06:30 - 14:30, 16:30 - 19:00","do":"06:30 - 14:30, 16:30 - 19:00","vr":"06:30 - 14:30, 16:30 - 19:00","za":"08:30 - 14:30, 16:30 - 19:00","zo":"gesloten"}}},{"type":"Feature","geometry":{"type":"Point","coordinates":[11.353822,44.494123]},"properties":{"type":"pakketpunt","locatieNaam":"TABACCHERIA N. 55","straatNaam":"VIA SAN VITALE 82-D","straatNr":"","vervoerder":"DHL","puntType":"parcelShop","bezettingsgraad":50,"latitude":44.494123,"longitude":11.353822,"canPickup":true,"canDropoff":true,"openingstijden":{"ma":"09:00 - 13:00, 16:00 - 19:00","di":"09:00 - 13:00, 16:00 - 19:00","wo":"09:00 - 13:00, 16:00 - 19:00","do":"09:00 - 13:00, 16:00 - 19:00","vr":"09:00 - 13:00, 16:00 - 19:00","za":"10:00 - 13:00","zo":"gesloten"}}},{"type":"Feature","geometry":{"type":"Point","coordinates":[11.355759,44.490695]},"properties":{"type":"pakketpunt","locatieNaam":"Ufficio Postale BOLOGNA 4","straatNaam":"STRADA MAGGIORE 82","straatNr":"","vervoerder":"DHL","puntType":"postOffice","bezettingsgraad":50,"latitude":44.490695,"longitude":11.355759,"canPickup":true,"canDropoff":true,"openingstijden":{"ma":"08:20 - 13:35","di":"08:20 - 13:35","wo":"08:20 - 13:35","do":"08:20 - 13:35","vr":"08:20 - 13:35","za":"08:20 - 12:35","zo":"gesloten"}}},{"type":"Feature","geometry":{"type":"Point","coordinates":[11.366351,44.492855]},"properties":{"type":"pakketpunt","locatieNaam":"TABACCHERIA N. 122","straatNaam":"VIA GIUSEPPE MASSARENTI 118","straatNr":"","vervoerder":"DHL","puntType":"parcelShop","bezettingsgraad":50,"latitude":44.492855,"longitude":11.366351,"canPickup":true,"canDropoff":true,"openingstijden":{"ma":"08:00 - 12:00, 15:00 - 19:00","di":"08:00 - 12:00, 15:00 - 19:00","wo":"08:00 - 12:00, 15:00 - 19:00","do":"08:00 - 12:00, 15:00 - 19:00","vr":"08:00 - 12:00, 15:00 - 19:00","za":"09:00 - 12:00, 15:00 - 19:00","zo":"gesloten"}}},{"type":"Feature","geometry":{"type":"Point","coordinates":[11.366472,44.492544]},"properties":{"type":"pakketpunt","locatieNaam":"RAJ TRADERS","straatNaam":"Via Massarenti 27","straatNr":"","vervoerder":"DHL","puntType":"parcelShop","bezettingsgraad":50,"latitude":44.492544,"longitude":11.366472,"canPickup":false,"canDropoff":true,"openingstijden":{"ma":"08:30 - 20:30","di":"08:30 - 20:30","wo":"08:30 - 20:30","do":"08:30 - 20:30","vr":"08:30 - 20:30","za":"08:30 - 20:30","zo":"gesloten"}}},{"type":"Feature","geometry":{"type":"Point","coordinates":[11.359274,44.489293]},"properties":{"type":"pakketpunt","locatieNaam":"TABACCHERIA N. 59","straatNaam":"VIA GIUSEPPE MAZZINI 11-E","straatNr":"","vervoerder":"DHL","puntType":"parcelShop","bezettingsgraad":50,"latitude":44.489293,"longitude":11.359274,"canPickup":true,"canDropoff":true,"openingstijden":{"ma":"09:00 - 13:00","di":"09:00 - 13:00","wo":"09:00 - 13:00","do":"09:00 - 13:00","vr":"09:00 - 13:00","za":"10:30 - 13:00, 16:00 - 19:00","zo":"gesloten"}}},{"type":"Feature","geometry":{"type":"Point","coordinates":[11.359198,44.489245]},"properties":{"type":"pakketpunt","locatieNaam":"TABACCHERIA MAZZINI","straatNaam":"Via Giuseppe Mazzini 11/c","straatNr":"","vervoerder":"DHL","puntType":"parcelShop","bezettingsgraad":50,"latitude":44.489245,"longitude":11.359198,"canPickup":false,"canDropoff":true,"openingstijden":{"ma":"08:00 - 20:00","di":"08:00 - 20:00","wo":"08:00 - 20:00","do":"08:00 - 20:00","vr":"08:00 - 20:00","za":"10:30 - 19:30","zo":"gesloten"}}},{"type":"Feature","geometry":{"type":"Point","coordinates":[11.35207,44.4939]},"properties":{"type":"pakketpunt","locatieNaam":"TABACCHERIA N. 57","straatNaam":"PIAZZA ALDROVANDI 19","straatNr":"","vervoerder":"DHL","puntType":"parcelShop","bezettingsgraad":50,"latitude":44.4939,"longitude":11.35207,"canPickup":true,"canDropoff":true,"openingstijden":{"ma":"07:00 - 19:30","di":"07:00 - 19:30","wo":"07:00 - 19:30","do":"07:00 - 19:30","vr":"07:00 - 19:30","za":"07:00 - 19:30","zo":"gesloten"}}},{"type":"Feature","geometry":{"type":"Point","coordinates":[11.351037,44.496321]},"properties":{"type":"pakketpunt","locatieNaam":"SCUDERIA FUTURE FOOD URBAN","straatNaam":"PIAZZA GIUSEPPE VERDI 2","straatNr":"","vervoerder":"DHL","puntType":"packStation","bezettingsgraad":50,"latitude":44.496321,"longitude":11.351037,"canPickup":true,"canDropoff":true,"openingstijden":{"ma":"09:00 - 22:00","di":"09:00 - 22:00","wo":"09:00 - 22:00","do":"09:00 - 22:00","vr":"09:00 - 22:00","za":"10:00 - 22:00","zo":"10:00 - 22:00"}}},{"type":"Feature","geometry":{"type":"Point","coordinates":[11.366925,44.490024]},"properties":{"type":"pakketpunt","locatieNaam":"Ufficio Postale BOLOGNA 13","straatNaam":"VIA CARLO ALBERTO PIZZARDI 17","straatNr":"","vervoerder":"DHL","puntType":"postOffice","bezettingsgraad":50,"latitude":44.490024,"longitude":11.366925,"canPickup":true,"canDropoff":true,"openingstijden":{"ma":"08:20 - 13:35","di":"08:20 - 13:35","wo":"08:20 - 13:35","do":"08:20 - 13:35","vr":"08:20 - 13:35","za":"08:20 - 12:35","zo":"gesloten"}}},{"type":"Feature","geometry":{"type":"Point","coordinates":[11.358807,44.502221]},"properties":{"type":"pakketpunt","locatieNaam":"ATLAS PALESTRA","straatNaam":"VIA VEZZA 22","straatNr":"","vervoerder":"DHL","puntType":"packStation","bezettingsgraad":50,"latitude":44.502221,"longitude":11.358807,"canPickup":true,"canDropoff":true,"openingstijden":{"ma":"09:00 - 22:30","di":"09:00 - 22:30","wo":"09:00 - 22:30","do":"09:00 - 22:30","vr":"09:00 - 22:30","za":"09:30 - 18:00","zo":"09:30 - 15:30"}}},{"type":"Feature","geometry":{"type":"Point","coordinates":[11.350466,44.48996]},"properties":{"type":"pakketpunt","locatieNaam":"TABACCHERIA N. 11","straatNaam":"VIA SANTO STEFANO 40-1","straatNr":"","vervoerder":"DHL","puntType":"parcelShop","bezettingsgraad":50,"latitude":44.48996,"longitude":11.350466,"canPickup":true,"canDropoff":true,"openingstijden":{"ma":"08:00 - 19:30","di":"08:00 - 19:30","wo":"08:00 - 19:30","do":"08:00 - 19:30","vr":"08:00 - 19:30","za":"08:00 - 19:30","zo":"gesloten"}}},{"type":"Feature","geometry":{"type":"Point","coordinates":[11.347857,44.493631]},"properties":{"type":"pakketpunt","locatieNaam":"TABACCHERIA N. 15","straatNaam":"STRADA MAGGIORE 13-B","straatNr":"","vervoerder":"DHL","puntType":"parcelShop","bezettingsgraad":50,"latitude":44.493631,"longitude":11.347857,"canPickup":true,"canDropoff":true,"openingstijden":{"ma":"gesloten","di":"08:30 - 13:30, 15:00 - 20:00","wo":"08:30 - 13:30, 15:00 - 20:00","do":"08:30 - 13:30, 15:00 - 20:00","vr":"08:30 - 13:30, 15:00 - 20:00","za":"08:30 - 13:30, 15:00 - 20:00","zo":"gesloten"}}},{"type":"Feature","geometry":{"type":"Point","coordinates":[11.351298,44.500601]},"properties":{"type":"pakketpunt","locatieNaam":"SMART POINT SERVIZI E SOLUZIONI","straatNaam":"Via Mascarella 63 /2a","straatNr":"","vervoerder":"DHL","puntType":"parcelShop","bezettingsgraad":50,"latitude":44.500601,"longitude":11.351298,"canPickup":false,"canDropoff":true,"openingstijden":{"ma":"09:30 - 19:00","di":"09:30 - 19:00","wo":"09:30 - 19:00","do":"09:30 - 19:00","vr":"09:30 - 19:00","za":"gesloten","zo":"gesloten"}}},{"type":"Feature","geometry":{"type":"Point","coordinates":[11.348486,44.497513]},"properties":{"type":"pakketpunt","locatieNaam":"Ufficio Postale BOLOGNA 9","straatNaam":"VIA DELLE BELLE ARTI 9-C","straatNr":"","vervoerder":"DHL","puntType":"postOffice","bezettingsgraad":50,"latitude":44.497513,"longitude":11.348486,"canPickup":true,"canDropoff":true,"openingstijden":{"ma":"08:20 - 13:35","di":"08:20 - 13:35","wo":"08:20 - 13:35","do":"08:20 - 13:35","vr":"08:20 - 13:35","za":"08:20 - 12:35","zo":"gesloten"}}},{"type":"Feature","geometry":{"type":"Point","coordinates":[11.347364,44.493382]},"properties":{"type":"pakketpunt","locatieNaam":"MAISON DU SAVON","straatNaam":"VIA DAL LUZZO 4-C","straatNr":"","vervoerder":"DHL","puntType":"parcelShop","bezettingsgraad":50,"latitude":44.493382,"longitude":11.347364,"canPickup":true,"canDropoff":true,"openingstijden":{"ma":"09:30 - 14:00, 14:45 - 19:30","di":"09:30 - 14:00, 14:45 - 19:30","wo":"09:30 - 14:00, 14:45 - 19:30","do":"09:30 - 14:00, 14:45 - 19:30","vr":"09:30 - 14:00, 14:45 - 19:30","za":"09:30 - 19:30","zo":"gesloten"}}},{"type":"Feature","geometry":{"type":"Point","coordinates":[11.366503,44.502766]},"properties":{"type":"pakketpunt","locatieNaam":"Ufficio Postale BOLOGNA 23","straatNaam":"VIA DELL ARTIGIANO 32-A","straatNr":"","vervoerder":"DHL","puntType":"postOffice","bezettingsgraad":50,"latitude":44.502766,"longitude":11.366503,"canPickup":true,"canDropoff":true,"openingstijden":{"ma":"08:20 - 19:05","di":"08:20 - 19:05","wo":"08:20 - 19:05","do":"08:20 - 19:05","vr":"08:20 - 19:05","za":"08:20 - 12:35","zo":"gesloten"}}},{"type":"Feature","geometry":{"type":"Point","coordinates":[11.370289,44.50087]},"properties":{"type":"pakketpunt","locatieNaam":"TABACCHERIA N. 329","straatNaam":"VIA FILIPPO BEROALDO 55-A","straatNr":"","vervoerder":"DHL","puntType":"parcelShop","bezettingsgraad":50,"latitude":44.50087,"longitude":11.370289,"canPickup":true,"canDropoff":true,"openingstijden":{"ma":"07:00 - 13:00, 15:30 - 19:30","di":"07:00 - 13:00, 15:30 - 19:30","wo":"07:00 - 13:00, 15:30 - 19:30","do":"07:00 - 13:00, 15:30 - 19:30","vr":"07:00 - 13:00, 15:30 - 19:30","za":"07:00 - 13:00, 15:30 - 19:30","zo":"gesloten"}}},{"type":"Feature","geometry":{"type":"Point","coordinates":[11.34572,44.495463]},"properties":{"type":"pakketpunt","locatieNaam":"TABACCHERIA N. 67","straatNaam":"VIA GUGLIELMO OBERDAN 11-F","straatNr":"","vervoerder":"DHL","puntType":"parcelShop","bezettingsgraad":50,"latitude":44.495463,"longitude":11.34572,"canPickup":true,"canDropoff":true,"openingstijden":{"ma":"09:00 - 13:00, 15:30 - 19:30","di":"09:00 - 13:00, 15:30 - 19:30","wo":"09:00 - 13:00, 15:30 - 19:30","do":"09:00 - 13:00, 15:30 - 19:30","vr":"09:00 - 13:00, 15:30 - 19:30","za":"09:30 - 13:00, 15:30 - 19:30","zo":"gesloten"}}},{"type":"Feature","geometry":{"type":"Point","coordinates":[11.3652,44.504111]},"properties":{"type":"pakketpunt","locatieNaam":"TABACCHERIA n. 323","straatNaam":"VIA TOMMASO SALVINI 4-D","straatNr":"","vervoerder":"DHL","puntType":"parcelShop","bezettingsgraad":50,"latitude":44.504111,"longitude":11.3652,"canPickup":true,"canDropoff":true,"openingstijden":{"ma":"08:00 - 19:00","di":"08:00 - 19:00","wo":"08:00 - 19:00","do":"08:00 - 19:00","vr":"08:00 - 19:00","za":"08:00 - 19:00","zo":"gesloten"}}},{"type":"Feature","geometry":{"type":"Point","coordinates":[11.373627,44.490095]},"properties":{"type":"pakketpunt","locatieNaam":"TABACCHERIA N. 258","straatNaam":"VIA AZZURRA 29-B","straatNr":"","vervoerder":"DHL","puntType":"parcelShop","bezettingsgraad":50,"latitude":44.490095,"longitude":11.373627,"canPickup":true,"canDropoff":true,"openingstijden":{"ma":"07:30 - 19:30","di":"07:30 - 19:30","wo":"07:30 - 19:30","do":"07:30 - 19:30","vr":"07:30 - 19:30","za":"07:30 - 19:30","zo":"gesloten"}}},{"type":"Feature","geometry":{"type":"Point","coordinates":[11.368327,44.503681]},"properties":{"type":"pakketpunt","locatieNaam":"TABACCHERIA N. 188","straatNaam":"VIA SAN DONATO 63","straatNr":"","vervoerder":"DHL","puntType":"parcelShop","bezettingsgraad":50,"latitude":44.503681,"longitude":11.368327,"canPickup":true,"canDropoff":true,"openingstijden":{"ma":"07:30 - 13:00, 15:00 - 19:30","di":"07:30 - 13:00, 15:00 - 19:30","wo":"07:30 - 13:00, 15:00 - 19:30","do":"07:30 - 13:00, 15:00 - 19:30","vr":"07:30 - 13:00, 15:00 - 19:30","za":"07:30 - 13:00, 15:00 - 19:30","zo":"gesloten"}}},{"type":"Feature","geometry":{"type":"Point","coordinates":[11.370584,44.50243]},"properties":{"type":"pakketpunt","locatieNaam":"TABACCHERIA N. 287","straatNaam":"VIA ELEONORA DUSE 19-A","straatNr":"","vervoerder":"DHL","puntType":"parcelShop","bezettingsgraad":50,"latitude":44.50243,"longitude":11.370584,"canPickup":true,"canDropoff":true,"openingstijden":{"ma":"06:00 - 20:00","di":"06:00 - 20:00","wo":"06:00 - 20:00","do":"06:00 - 20:00","vr":"06:00 - 20:00","za":"06:00 - 20:00","zo":"gesloten"}}},{"type":"Feature","geometry":{"type":"Point","coordinates":[11.370498,44.502539]},"properties":{"type":"pakketpunt","locatieNaam":"EASY POINT 24","straatNaam":"Via Eleonora Duse 7/a","straatNr":"","vervoerder":"DHL","puntType":"parcelShop","bezettingsgraad":50,"latitude":44.502539,"longitude":11.370498,"canPickup":false,"canDropoff":true,"openingstijden":{"ma":"10:00 - 19:00","di":"10:00 - 19:00","wo":"10:00 - 19:00","do":"10:00 - 19:00","vr":"10:00 - 19:00","za":"gesloten","zo":"gesloten"}}},{"type":"Feature","geometry":{"type":"Point","coordinates":[11.360682,44.505626]},"properties":{"type":"pakketpunt","locatieNaam":"CENTRO COMMERCIALE VIALE RE","straatNaam":"VIA VINCENZO CASCIAROLO 3","straatNr":"","vervoerder":"DHL","puntType":"packStation","bezettingsgraad":50,"latitude":44.505626,"longitude":11.360682,"canPickup":true,"canDropoff":true,"openingstijden":{"ma":"08:00 - 20:00","di":"08:00 - 20:00","wo":"08:00 - 20:00","do":"08:00 - 20:00","vr":"08:00 - 20:00","za":"08:00 - 20:00","zo":"09:00 - 19:30"}}},{"type":"Feature","geometry":{"type":"Point","coordinates":[11.358472,44.483298]},"properties":{"type":"pakketpunt","locatieNaam":"Ufficio Postale BOLOGNA 7","straatNaam":"VIA AUGUSTO MURRI 14","straatNr":"","vervoerder":"DHL","puntType":"postOffice","bezettingsgraad":50,"latitude":44.483298,"longitude":11.358472,"canPickup":true,"canDropoff":true,"openingstijden":{"ma":"08:20 - 13:35","di":"08:20 - 13:35","wo":"08:20 - 13:35","do":"08:20 - 13:35","vr":"08:20 - 13:35","za":"08:20 - 12:35","zo":"gesloten"}}},{"type":"Feature","geometry":{"type":"Point","coordinates":[11.34642,44.50061]},"properties":{"type":"pakketpunt","locatieNaam":"TABACCHERIA ZAMBONELLI","straatNaam":"Via Irnerio 5 C","straatNr":"","vervoerder":"DHL","puntType":"parcelShop","bezettingsgraad":50,"latitude":44.50061,"longitude":11.34642,"canPickup":false,"canDropoff":true,"openingstijden":{"ma":"08:30 - 19:30","di":"08:30 - 19:30","wo":"08:30 - 19:30","do":"08:30 - 19:30","vr":"08:30 - 19:30","za":"08:30 - 19:30","zo":"gesloten"}}},{"type":"Feature","geometry":{"type":"Point","coordinates":[11.346302,44.500695]},"properties":{"type":"pakketpunt","locatieNaam":"TABACCHERIA N. 166","straatNaam":"VIA IRNERIO 5","straatNr":"","vervoerder":"DHL","puntType":"parcelShop","bezettingsgraad":50,"latitude":44.500695,"longitude":11.346302,"canPickup":true,"canDropoff":true,"openingstijden":{"ma":"08:30 - 19:30","di":"08:30 - 19:30","wo":"08:30 - 19:30","do":"08:30 - 19:30","vr":"07:45 - 20:00","za":"07:45 - 20:00","zo":"08:00 - 19:00"}}},{"type":"Feature","geometry":{"type":"Point","coordinates":[11.3437,44.4953]},"properties":{"type":"pakketpunt","locatieNaam":"CENTRO SERVIZI TOWERSERVICE","straatNaam":"Via Fossalta 4/a","straatNr":"","vervoerder":"DHL","puntType":"parcelShop","bezettingsgraad":50,"latitude":44.4953,"longitude":11.3437,"canPickup":false,"canDropoff":true,"openingstijden":{"ma":"15:30 - 19:30","di":"10:30 - 18:30","wo":"10:30 - 18:30","do":"10:30 - 18:30","vr":"10:30 - 18:30","za":"12:00 - 19:00","zo":"gesloten"}}},{"type":"Feature","geometry":{"type":"Point","coordinates":[11.343578,44.49478]},"properties":{"type":"pakketpunt","locatieNaam":"UCB - 012","straatNaam":"VIA RIZZOLI 8","straatNr":"","vervoerder":"DHL","puntType":"packStation","bezettingsgraad":50,"latitude":44.49478,"longitude":11.343578,"canPickup":true,"canDropoff":true,"openingstijden":{"ma":"10:00 - 20:00","di":"10:00 - 20:00","wo":"10:00 - 20:00","do":"10:00 - 20:00","vr":"10:00 - 20:00","za":"10:00 - 20:00","zo":"10:00 - 20:00"}}},{"type":"Feature","geometry":{"type":"Point","coordinates":[11.36987,44.48527]},"properties":{"type":"pakketpunt","locatieNaam":"INTERNET WORLD","straatNaam":"Via Mazzini  95/6a","straatNr":"","vervoerder":"DHL","puntType":"parcelShop","bezettingsgraad":50,"latitude":44.48527,"longitude":11.36987,"canPickup":false,"canDropoff":true,"openingstijden":{"ma":"09:00 - 19:30","di":"09:00 - 19:30","wo":"09:00 - 19:30","do":"09:00 - 19:30","vr":"09:00 - 19:30","za":"09:00 - 19:30","zo":"gesloten"}}},{"type":"Feature","geometry":{"type":"Point","coordinates":[11.373681,44.501423]},"properties":{"type":"pakketpunt","locatieNaam":"TABACCHERIA N. 296","straatNaam":"VIA ISABELLA ANDREINI 30-F","straatNr":"","vervoerder":"DHL","puntType":"parcelShop","bezettingsgraad":50,"latitude":44.501423,"longitude":11.373681,"canPickup":true,"canDropoff":true,"openingstijden":{"ma":"08:00 - 13:00, 15:30 - 19:30","di":"08:00 - 13:00, 15:30 - 19:30","wo":"08:00 - 13:00, 15:30 - 19:30","do":"08:00 - 13:00, 15:30 - 19:30","vr":"08:00 - 13:00, 15:30 - 19:30","za":"08:00 - 13:00, 15:30 - 19:30","zo":"gesloten"}}},{"type":"Feature","geometry":{"type":"Point","coordinates":[11.366411,44.506729]},"properties":{"type":"pakketpunt","locatieNaam":"TABACCHERIA N. 135","straatNaam":"VIA PIANA 20-B","straatNr":"","vervoerder":"DHL","puntType":"parcelShop","bezettingsgraad":50,"latitude":44.506729,"longitude":11.366411,"canPickup":true,"canDropoff":true,"openingstijden":{"ma":"05:00 - 22:00","di":"05:00 - 22:00","wo":"05:00 - 22:00","do":"05:00 - 22:00","vr":"05:00 - 22:00","za":"05:00 - 22:00","zo":"06:00 - 14:00"}}},{"type":"Feature","geometry":{"type":"Point","coordinates":[11.342096,44.498511]},"properties":{"type":"pakketpunt","locatieNaam":"TABACCHERIA N. 76","straatNaam":"VIA GALLIERA 14","straatNr":"","vervoerder":"DHL","puntType":"parcelShop","bezettingsgraad":50,"latitude":44.498511,"longitude":11.342096,"canPickup":true,"canDropoff":true,"openingstijden":{"ma":"07:00 - 19:45","di":"07:00 - 19:45","wo":"07:00 - 19:45","do":"07:00 - 19:45","vr":"07:00 - 19:45","za":"07:00 - 19:45","zo":"08:00 - 19:00"}}},{"type":"Feature","geometry":{"type":"Point","coordinates":[11.342898,44.500108]},"properties":{"type":"pakketpunt","locatieNaam":"TABACCHERIA N. 75","straatNaam":"VIA GALLIERA 32-D","straatNr":"","vervoerder":"DHL","puntType":"parcelShop","bezettingsgraad":50,"latitude":44.500108,"longitude":11.342898,"canPickup":true,"canDropoff":true,"openingstijden":{"ma":"07:30 - 14:30, 15:30 - 19:30","di":"07:30 - 14:30, 15:30 - 19:30","wo":"07:30 - 14:30, 15:30 - 19:30","do":"07:30 - 14:30, 15:30 - 19:30","vr":"07:30 - 14:30, 15:30 - 19:30","za":"08:30 - 14:00","zo":"gesloten"}}},{"type":"Feature","geometry":{"type":"Point","coordinates":[11.360033,44.507944]},"properties":{"type":"pakketpunt","locatieNaam":"TABACCHERIA N. 209","straatNaam":"VIALE DELLA REPUBBLICA 39-B","straatNr":"","vervoerder":"DHL","puntType":"parcelShop","bezettingsgraad":50,"latitude":44.507944,"longitude":11.360033,"canPickup":true,"canDropoff":true,"openingstijden":{"ma":"07:00 - 13:00, 15:30 - 19:30","di":"07:00 - 13:00, 15:30 - 19:30","wo":"07:00 - 13:00, 15:30 - 19:30","do":"07:00 - 13:00, 15:30 - 19:30","vr":"07:00 - 13:00, 15:30 - 19:30","za":"07:00 - 13:00, 15:30 - 19:30","zo":"gesloten"}}},{"type":"Feature","geometry":{"type":"Point","coordinates":[11.354769,44.507873]},"properties":{"type":"pakketpunt","locatieNaam":"UNIC MARKET","straatNaam":"VIA SEBASTIANO SERLIO 30-D","straatNr":"","vervoerder":"DHL","puntType":"parcelShop","bezettingsgraad":50,"latitude":44.507873,"longitude":11.354769,"canPickup":true,"canDropoff":true,"openingstijden":{"ma":"10:30 - 13:30, 15:30 - 18:30","di":"10:30 - 13:30, 15:30 - 18:30","wo":"10:30 - 13:30, 15:30 - 18:30","do":"10:30 - 13:30, 15:30 - 18:30","vr":"10:30 - 13:30, 15:30 - 18:30","za":"11:00 - 16:00","zo":"gesloten"}}},{"type":"Feature","geometry":{"type":"Point","coordinates":[11.368314,44.481892]},"properties":{"type":"pakketpunt","locatieNaam":"TABACCHERIA N. 248","straatNaam":"VIA GIUSEPPE ALBINI 30-D","straatNr":"","vervoerder":"DHL","puntType":"parcelShop","bezettingsgraad":50,"latitude":44.481892,"longitude":11.368314,"canPickup":true,"canDropoff":true,"openingstijden":{"ma":"07:30 - 13:00, 15:30 - 19:30","di":"07:30 - 13:00, 15:30 - 19:30","wo":"07:30 - 13:00, 15:30 - 19:30","do":"07:30 - 13:00, 15:30 - 19:30","vr":"07:30 - 13:00, 15:30 - 19:30","za":"07:30 - 13:00, 15:30 - 19:30","zo":"gesloten"}}},{"type":"Feature","geometry":{"type":"Point","coordinates":[11.37197,44.505784]},"properties":{"type":"pakketpunt","locatieNaam":"051 SMART","straatNaam":"Via Ferravilla 1/de","straatNr":"","vervoerder":"DHL","puntType":"parcelShop","bezettingsgraad":50,"latitude":44.505784,"longitude":11.37197,"canPickup":false,"canDropoff":true,"openingstijden":{"ma":"09:00 - 19:00","di":"09:00 - 19:00","wo":"09:00 - 19:00","do":"09:00 - 12:30","vr":"09:00 - 19:00","za":"09:00 - 19:00","zo":"gesloten"}}},{"type":"Feature","geometry":{"type":"Point","coordinates":[11.342188,44.50177]},"properties":{"type":"pakketpunt","locatieNaam":"TABACCHERIA N. 136","straatNaam":"VIA DEI MILLE 11-A","straatNr":"","vervoerder":"DHL","puntType":"parcelShop","bezettingsgraad":50,"latitude":44.50177,"longitude":11.342188,"canPickup":true,"canDropoff":true,"openingstijden":{"ma":"07:30 - 13:30, 16:00 - 19:30","di":"07:30 - 13:30, 16:00 - 19:30","wo":"07:30 - 13:30, 16:00 - 19:30","do":"07:30 - 13:30, 15:30 - 19:30","vr":"07:30 - 13:30, 15:30 - 19:30","za":"07:30 - 13:30, 15:30 - 19:30","zo":"gesloten"}}},{"type":"Feature","geometry":{"type":"Point","coordinates":[11.285427,44.496092]},"properties":{"type":"pakketpunt","locatieNaam":"TABACCHERIA N. 290","straatNaam":"PIAZZA GIOVANNI XXIII 19-A","straatNr":"","vervoerder":"DHL","puntType":"parcelShop","bezettingsgraad":50,"latitude":44.496092,"longitude":11.285427,"canPickup":true,"canDropoff":true,"openingstijden":{"ma":"07:30 - 12:30, 16:00 - 19:30","di":"07:30 - 12:30, 16:00 - 19:30","wo":"07:30 - 12:30, 16:00 - 19:30","do":"07:30 - 12:30, 16:00 - 19:30","vr":"07:30 - 12:30, 16:00 - 19:30","za":"07:30 - 12:30, 16:00 - 19:30","zo":"gesloten"}}},{"type":"Feature","geometry":{"type":"Point","coordinates":[11.290373,44.500481]},"properties":{"type":"pakketpunt","locatieNaam":"CENTRO SERVIZI BARCA","straatNaam":"VIA NINO BERTOCCHI 30-A","straatNr":"","vervoerder":"DHL","puntType":"parcelShop","bezettingsgraad":50,"latitude":44.500481,"longitude":11.290373,"canPickup":true,"canDropoff":true,"openingstijden":{"ma":"11:30 - 19:00","di":"11:30 - 19:00","wo":"11:30 - 19:00","do":"11:30 - 19:00","vr":"11:30 - 19:00","za":"10:00 - 17:00","zo":"gesloten"}}},{"type":"Feature","geometry":{"type":"Point","coordinates":[11.293533,44.49617]},"properties":{"type":"pakketpunt","locatieNaam":"Ufficio Postale BOLOGNA 24","straatNaam":"PIAZZA CLODOVEO BONAZZI 6-E","straatNr":"","vervoerder":"DHL","puntType":"postOffice","bezettingsgraad":50,"latitude":44.49617,"longitude":11.293533,"canPickup":true,"canDropoff":true,"openingstijden":{"ma":"08:20 - 13:35","di":"08:20 - 13:35","wo":"08:20 - 13:35","do":"08:20 - 13:35","vr":"08:20 - 13:35","za":"08:20 - 12:35","zo":"gesloten"}}},{"type":"Feature","geometry":{"type":"Point","coordinates":[11.295321,44.498083]},"properties":{"type":"pakketpunt","locatieNaam":"SATE TELEFONIA","straatNaam":"VIA BATTINDARNO 155-B","straatNr":"","vervoerder":"DHL","puntType":"parcelShop","bezettingsgraad":50,"latitude":44.498083,"longitude":11.295321,"canPickup":true,"canDropoff":true,"openingstijden":{"ma":"09:00 - 12:30, 16:00 - 19:00","di":"09:00 - 12:30, 16:00 - 19:00","wo":"09:00 - 12:30, 16:00 - 19:00","do":"09:00 - 12:30","vr":"09:00 - 12:30, 16:00 - 19:00","za":"09:00 - 12:30","zo":"gesloten"}}},{"type":"Feature","geometry":{"type":"Point","coordinates":[11.296016,44.499996]},"properties":{"type":"pakketpunt","locatieNaam":"TABACCHERIA n. 182","straatNaam":"VIA BATTINDARNO 324-C","straatNr":"","vervoerder":"DHL","puntType":"parcelShop","bezettingsgraad":50,"latitude":44.499996,"longitude":11.296016,"canPickup":true,"canDropoff":true,"openingstijden":{"ma":"07:30 - 13:00, 16:00 - 19:30","di":"07:30 - 13:00, 16:00 - 19:30","wo":"07:30 - 13:00, 16:00 - 19:30","do":"07:30 - 13:00, 16:00 - 19:30","vr":"07:30 - 13:00, 16:00 - 19:30","za":"07:30 - 13:00, 16:00 - 19:30","zo":"gesloten"}}},{"type":"Feature","geometry":{"type":"Point","coordinates":[11.289642,44.511374]},"properties":{"type":"pakketpunt","locatieNaam":"NON SOLO CAFFE","straatNaam":"VIA EMILIA PONENTE 256-C","straatNr":"","vervoerder":"DHL","puntType":"parcelShop","bezettingsgraad":50,"latitude":44.511374,"longitude":11.289642,"canPickup":true,"canDropoff":true,"openingstijden":{"ma":"09:00 - 18:30","di":"09:00 - 18:30","wo":"09:00 - 18:30","do":"09:00 - 18:30","vr":"09:00 - 18:30","za":"gesloten","zo":"gesloten"}}},{"type":"Feature","geometry":{"type":"Point","coordinates":[11.286529,44.512975]},"properties":{"type":"pakketpunt","locatieNaam":"TABACCHERIA N. 172","straatNaam":"VIA EMILIA PONENTE 345-E","straatNr":"","vervoerder":"DHL","puntType":"parcelShop","bezettingsgraad":50,"latitude":44.512975,"longitude":11.286529,"canPickup":true,"canDropoff":true,"openingstijden":{"ma":"06:30 - 20:00","di":"06:30 - 20:00","wo":"06:30 - 20:00","do":"06:30 - 20:00","vr":"06:30 - 20:00","za":"06:30 - 20:00","zo":"gesloten"}}},{"type":"Feature","geometry":{"type":"Point","coordinates":[11.296984,44.506783]},"properties":{"type":"pakketpunt","locatieNaam":"TABACCHERIA N. 204","straatNaam":"VIA SPERANZA 26-B","straatNr":"","vervoerder":"DHL","puntType":"parcelShop","bezettingsgraad":50,"latitude":44.506783,"longitude":11.296984,"canPickup":true,"canDropoff":true,"openingstijden":{"ma":"07:00 - 13:30, 15:30 - 19:30","di":"07:00 - 13:30, 15:30 - 19:30","wo":"07:00 - 13:30, 15:30 - 19:30","do":"07:00 - 13:30, 15:30 - 19:30","vr":"07:00 - 13:30, 15:30 - 19:30","za":"07:00 - 13:30, 15:30 - 19:30","zo":"gesloten"}}},{"type":"Feature","geometry":{"type":"Point","coordinates":[11.279439,44.516001]},"properties":{"type":"pakketpunt","locatieNaam":"TABACCHERIA N. 227","straatNaam":"VIA MARCO EMILIO LEPIDO 11-F","straatNr":"","vervoerder":"DHL","puntType":"parcelShop","bezettingsgraad":50,"latitude":44.516001,"longitude":11.279439,"canPickup":true,"canDropoff":true,"openingstijden":{"ma":"07:00 - 19:30","di":"07:00 - 19:30","wo":"07:00 - 19:30","do":"07:00 - 19:30","vr":"07:00 - 19:30","za":"07:00 - 19:30","zo":"07:00 - 13:00"}}},{"type":"Feature","geometry":{"type":"Point","coordinates":[11.284163,44.51544]},"properties":{"type":"pakketpunt","locatieNaam":"Ufficio Postale BOLOGNA 30","straatNaam":"VIA AMATORE SCIESA 20","straatNr":"","vervoerder":"DHL","puntType":"postOffice","bezettingsgraad":50,"latitude":44.51544,"longitude":11.284163,"canPickup":true,"canDropoff":true,"openingstijden":{"ma":"08:20 - 19:05","di":"08:20 - 19:05","wo":"08:20 - 19:05","do":"08:20 - 19:05","vr":"08:20 - 19:05","za":"08:20 - 12:35","zo":"gesloten"}}},{"type":"Feature","geometry":{"type":"Point","coordinates":[11.296216,44.508995]},"properties":{"type":"pakketpunt","locatieNaam":"TABACCHERIA N. 100","straatNaam":"VIA EMILIA PONENTE 247-B","straatNr":"","vervoerder":"DHL","puntType":"parcelShop","bezettingsgraad":50,"latitude":44.508995,"longitude":11.296216,"canPickup":true,"canDropoff":true,"openingstijden":{"ma":"07:00 - 13:00, 15:30 - 19:30","di":"07:00 - 13:00, 15:30 - 19:30","wo":"07:00 - 13:00, 15:30 - 19:30","do":"07:00 - 13:00, 15:30 - 19:30","vr":"07:00 - 13:00, 15:30 - 19:30","za":"07:00 - 13:00, 15:30 - 19:30","zo":"gesloten"}}},{"type":"Feature","geometry":{"type":"Point","coordinates":[11.300492,44.50419]},"properties":{"type":"pakketpunt","locatieNaam":"TABACCHERIA N. 154","straatNaam":"VIA BATTINDARNO 150-D","straatNr":"","vervoerder":"DHL","puntType":"parcelShop","bezettingsgraad":50,"latitude":44.50419,"longitude":11.300492,"canPickup":true,"canDropoff":true,"openingstijden":{"ma":"07:00 - 13:00, 15:30 - 19:00","di":"07:00 - 13:00, 15:30 - 19:00","wo":"07:00 - 13:00, 15:30 - 19:00","do":"07:00 - 13:00, 15:30 - 19:00","vr":"07:00 - 13:00, 15:30 - 19:00","za":"07:00 - 13:00, 15:30 - 18:30","zo":"gesloten"}}},{"type":"Feature","geometry":{"type":"Point","coordinates":[11.281674,44.516362]},"properties":{"type":"pakketpunt","locatieNaam":"TABACCHERIA N. 261","straatNaam":"VIA PANIGALE 5-4","straatNr":"","vervoerder":"DHL","puntType":"parcelShop","bezettingsgraad":50,"latitude":44.516362,"longitude":11.281674,"canPickup":true,"canDropoff":true,"openingstijden":{"ma":"06:30 - 12:30, 15:00 - 19:00","di":"06:30 - 12:30, 15:00 - 19:00","wo":"06:30 - 12:30, 15:00 - 19:00","do":"06:30 - 12:30, 15:00 - 19:00","vr":"06:30 - 12:30, 15:00 - 19:00","za":"06:30 - 12:30, 15:00 - 19:00","zo":"gesloten"}}},{"type":"Feature","geometry":{"type":"Point","coordinates":[11.275491,44.517485]},"properties":{"type":"pakketpunt","locatieNaam":"TABACCHERIA N. 313","straatNaam":"VIA MARCO EMILIO LEPIDO 54-5","straatNr":"","vervoerder":"DHL","puntType":"parcelShop","bezettingsgraad":50,"latitude":44.517485,"longitude":11.275491,"canPickup":true,"canDropoff":true,"openingstijden":{"ma":"08:30 - 19:30","di":"08:00 - 19:30","wo":"08:00 - 19:30","do":"08:00 - 19:30","vr":"08:00 - 19:30","za":"08:00 - 19:30","zo":"10:00 - 19:00"}}},{"type":"Feature","geometry":{"type":"Point","coordinates":[11.301404,44.507941]},"properties":{"type":"pakketpunt","locatieNaam":"TABACCHERIA N. 228","straatNaam":"VIA EMILIA PONENTE 199-2","straatNr":"","vervoerder":"DHL","puntType":"parcelShop","bezettingsgraad":50,"latitude":44.507941,"longitude":11.301404,"canPickup":true,"canDropoff":true,"openingstijden":{"ma":"07:30 - 12:00, 15:00 - 19:30","di":"07:30 - 12:00, 15:00 - 19:30","wo":"07:30 - 12:00, 15:00 - 19:30","do":"07:30 - 12:00, 15:00 - 19:30","vr":"07:30 - 12:00, 15:00 - 19:30","za":"07:30 - 12:00, 15:00 - 19:30","zo":"08:30 - 12:30"}}},{"type":"Feature","geometry":{"type":"Point","coordinates":[11.30341,44.50666]},"properties":{"type":"pakketpunt","locatieNaam":"IRIPARO BOLOGNA","straatNaam":"Via Battindarno 12","straatNr":"","vervoerder":"DHL","puntType":"parcelShop","bezettingsgraad":50,"latitude":44.50666,"longitude":11.30341,"canPickup":false,"canDropoff":true,"openingstijden":{"ma":"09:00 - 20:00","di":"09:00 - 20:00","wo":"09:00 - 20:00","do":"09:00 - 20:00","vr":"09:00 - 20:00","za":"09:00 - 20:00","zo":"gesloten"}}},{"type":"Feature","geometry":{"type":"Point","coordinates":[11.305662,44.50667]},"properties":{"type":"pakketpunt","locatieNaam":"Ufficio Postale BOLOGNA 18","straatNaam":"VIA EMILIA PONENTE 72","straatNr":"","vervoerder":"DHL","puntType":"postOffice","bezettingsgraad":50,"latitude":44.50667,"longitude":11.305662,"canPickup":true,"canDropoff":true,"openingstijden":{"ma":"08:20 - 13:35","di":"08:20 - 13:35","wo":"08:20 - 13:35","do":"08:20 - 13:35","vr":"08:20 - 13:35","za":"08:20 - 12:35","zo":"gesloten"}}},{"type":"Feature","geometry":{"type":"Point","coordinates":[11.308065,44.506371]},"properties":{"type":"pakketpunt","locatieNaam":"TABACCHERIA N. 132","straatNaam":"VIA EMILIA PONENTE 99-F","straatNr":"","vervoerder":"DHL","puntType":"parcelShop","bezettingsgraad":50,"latitude":44.506371,"longitude":11.308065,"canPickup":true,"canDropoff":true,"openingstijden":{"ma":"07:00 - 19:30","di":"07:00 - 19:30","wo":"07:00 - 19:30","do":"07:00 - 19:30","vr":"07:00 - 19:30","za":"07:00 - 19:30","zo":"gesloten"}}},{"type":"Feature","geometry":{"type":"Point","coordinates":[11.313539,44.503947]},"properties":{"type":"pakketpunt","locatieNaam":"TABACCHERIA N. 214","straatNaam":"VIA EMILIA PONENTE 18-A","straatNr":"","vervoerder":"DHL","puntType":"parcelShop","bezettingsgraad":50,"latitude":44.503947,"longitude":11.313539,"canPickup":true,"canDropoff":true,"openingstijden":{"ma":"06:30 - 19:00","di":"06:30 - 19:00","wo":"06:30 - 19:00","do":"06:30 - 19:00","vr":"06:30 - 19:00","za":"06:30 - 13:00, 15:30 - 18:30","zo":"gesloten"}}},{"type":"Feature","geometry":{"type":"Point","coordinates":[11.370554,44.460636]},"properties":{"type":"pakketpunt","locatieNaam":"TABACCHERIA N. 177","straatNaam":"VIA TOSCANA 92","straatNr":"","vervoerder":"DHL","puntType":"parcelShop","bezettingsgraad":50,"latitude":44.460636,"longitude":11.370554,"canPickup":true,"canDropoff":true,"openingstijden":{"ma":"05:00 - 22:00","di":"05:00 - 22:00","wo":"05:00 - 22:00","do":"05:00 - 22:00","vr":"05:00 - 22:00","za":"05:00 - 22:00","zo":"05:00 - 22:00"}}},{"type":"Feature","geometry":{"type":"Point","coordinates":[11.371052,44.464373]},"properties":{"type":"pakketpunt","locatieNaam":"TABACCHERIA N. 319","straatNaam":"VIA TOSCANA 48-D","straatNr":"","vervoerder":"DHL","puntType":"parcelShop","bezettingsgraad":50,"latitude":44.464373,"longitude":11.371052,"canPickup":true,"canDropoff":true,"openingstijden":{"ma":"07:00 - 12:30, 16:00 - 19:00","di":"07:00 - 12:30, 16:00 - 19:00","wo":"07:00 - 12:30, 16:00 - 19:00","do":"07:00 - 12:30, 16:00 - 19:00","vr":"07:00 - 12:30, 16:00 - 19:00","za":"07:00 - 12:30, 16:00 - 19:00","zo":"gesloten"}}},{"type":"Feature","geometry":{"type":"Point","coordinates":[11.371045,44.46439]},"properties":{"type":"pakketpunt","locatieNaam":"TABACCHERIA MAGIU","straatNaam":"Via Toscana, 48 D","straatNr":"","vervoerder":"DHL","puntType":"parcelShop","bezettingsgraad":50,"latitude":44.46439,"longitude":11.371045,"canPickup":false,"canDropoff":true,"openingstijden":{"ma":"07:00 - 19:30","di":"07:00 - 19:30","wo":"07:00 - 19:30","do":"07:00 - 19:30","vr":"07:00 - 19:30","za":"07:00 - 19:30","zo":"gesloten"}}},{"type":"Feature","geometry":{"type":"Point","coordinates":[11.375002,44.464745]},"properties":{"type":"pakketpunt","locatieNaam":"Ufficio Postale BOLOGNA 36","straatNaam":"VIA AMILCARE PONCHIELLI 23","straatNr":"","vervoerder":"DHL","puntType":"postOffice","bezettingsgraad":50,"latitude":44.464745,"longitude":11.375002,"canPickup":true,"canDropoff":true,"openingstijden":{"ma":"08:20 - 13:35","di":"08:20 - 13:35","wo":"08:20 - 13:35","do":"08:20 - 13:35","vr":"08:20 - 13:35","za":"08:20 - 12:35","zo":"gesloten"}}},{"type":"Feature","geometry":{"type":"Point","coordinates":[11.375002,44.464745]},"properties":{"type":"pakketpunt","locatieNaam":"CENTRO COMMERCIALE SAN RUFF","straatNaam":"VIA AMILCARE PONCHIELLI 23","straatNr":"","vervoerder":"DHL","puntType":"packStation","bezettingsgraad":50,"latitude":44.464745,"longitude":11.375002,"canPickup":true,"canDropoff":true,"openingstijden":{"ma":"08:00 - 21:00","di":"08:00 - 21:00","wo":"08:00 - 21:00","do":"08:00 - 21:00","vr":"08:00 - 21:00","za":"08:00 - 21:00","zo":"08:00 - 21:00"}}},{"type":"Feature","geometry":{"type":"Point","coordinates":[11.375889,44.467807]},"properties":{"type":"pakketpunt","locatieNaam":"TABACCHERIA NON SOLO FUMO","straatNaam":"Della Foscherara, 3/2","straatNr":"","vervoerder":"DHL","puntType":"parcelShop","bezettingsgraad":50,"latitude":44.467807,"longitude":11.375889,"canPickup":false,"canDropoff":true,"openingstijden":{"ma":"07:30 - 19:30","di":"07:30 - 19:30","wo":"07:30 - 19:30","do":"07:30 - 19:30","vr":"07:30 - 19:30","za":"07:30 - 19:30","zo":"gesloten"}}},{"type":"Feature","geometry":{"type":"Point","coordinates":[11.373472,44.468473]},"properties":{"type":"pakketpunt","locatieNaam":"TABACCHERIA N. 242","straatNaam":"VIA DELLA FOSCHERARA 3-2","straatNr":"","vervoerder":"DHL","puntType":"parcelShop","bezettingsgraad":50,"latitude":44.468473,"longitude":11.373472,"canPickup":true,"canDropoff":true,"openingstijden":{"ma":"07:30 - 19:30","di":"07:30 - 19:30","wo":"07:30 - 19:30","do":"07:30 - 19:30","vr":"07:30 - 19:30","za":"08:00 - 19:30","zo":"gesloten"}}},{"type":"Feature","geometry":{"type":"Point","coordinates":[11.370042,44.472524]},"properties":{"type":"pakketpunt","locatieNaam":"Ufficio Postale BOLOGNA 20","straatNaam":"VIA DELLE ARMI 1","straatNr":"","vervoerder":"DHL","puntType":"postOffice","bezettingsgraad":50,"latitude":44.472524,"longitude":11.370042,"canPickup":true,"canDropoff":true,"openingstijden":{"ma":"08:20 - 13:35","di":"08:20 - 13:35","wo":"08:20 - 13:35","do":"08:20 - 13:35","vr":"08:20 - 13:35","za":"08:20 - 12:35","zo":"gesloten"}}},{"type":"Feature","geometry":{"type":"Point","coordinates":[11.386615,44.493095]},"properties":{"type":"pakketpunt","locatieNaam":"STAZIONE DI SERVIZIO ESSO","straatNaam":"VIA GIUSEPPE MASSARENTI 217","straatNr":"","vervoerder":"DHL","puntType":"packStation","bezettingsgraad":50,"latitude":44.493095,"longitude":11.386615,"canPickup":true,"canDropoff":true,"openingstijden":{"ma":"00:01 - 23:59","di":"00:01 - 23:59","wo":"00:01 - 23:59","do":"00:01 - 23:59","vr":"00:01 - 23:59","za":"00:01 - 23:59","zo":"00:01 - 23:59"}}},{"type":"Feature","geometry":{"type":"Point","coordinates":[11.377632,44.486987]},"properties":{"type":"pakketpunt","locatieNaam":"TABACCHERIA N. 94","straatNaam":"VIALE FELSINA 31","straatNr":"","vervoerder":"DHL","puntType":"parcelShop","bezettingsgraad":50,"latitude":44.486987,"longitude":11.377632,"canPickup":true,"canDropoff":true,"openingstijden":{"ma":"07:30 - 13:00, 15:30 - 19:30","di":"07:30 - 13:00, 15:30 - 19:30","wo":"07:30 - 13:00, 15:30 - 19:30","do":"07:30 - 13:00, 15:30 - 19:30","vr":"07:30 - 13:00, 15:30 - 19:30","za":"07:30 - 13:00","zo":"gesloten"}}},{"type":"Feature","geometry":{"type":"Point","coordinates":[11.377778,44.482491]},"properties":{"type":"pakketpunt","locatieNaam":"EXPERT LUCA ELETTRONICA","straatNaam":"Via Emilia Levante 80/b","straatNr":"","vervoerder":"DHL","puntType":"parcelShop","bezettingsgraad":50,"latitude":44.482491,"longitude":11.377778,"canPickup":false,"canDropoff":true,"openingstijden":{"ma":"09:00 - 19:00","di":"09:00 - 19:00","wo":"09:00 - 19:00","do":"09:00 - 19:00","vr":"09:00 - 19:00","za":"09:00 - 13:00","zo":"gesloten"}}},{"type":"Feature","geometry":{"type":"Point","coordinates":[11.377339,44.50832]},"properties":{"type":"pakketpunt","locatieNaam":"TABACCHERIA N. 305","straatNaam":"VIA SAN DONATO 158","straatNr":"","vervoerder":"DHL","puntType":"parcelShop","bezettingsgraad":50,"latitude":44.50832,"longitude":11.377339,"canPickup":true,"canDropoff":true,"openingstijden":{"ma":"07:30 - 12:20, 15:00 - 19:15","di":"07:30 - 12:20, 15:00 - 19:15","wo":"07:30 - 12:20, 15:00 - 19:15","do":"07:30 - 12:20, 15:00 - 19:15","vr":"07:30 - 12:20, 15:00 - 19:15","za":"07:30 - 12:15","zo":"gesloten"}}},{"type":"Feature","geometry":{"type":"Point","coordinates":[11.374861,44.483369]},"properties":{"type":"pakketpunt","locatieNaam":"TABACCHERIA n. 285","straatNaam":"VIA EMILIA LEVANTE 11-C","straatNr":"","vervoerder":"DHL","puntType":"parcelShop","bezettingsgraad":50,"latitude":44.483369,"longitude":11.374861,"canPickup":true,"canDropoff":true,"openingstijden":{"ma":"07:30 - 19:00","di":"07:30 - 19:00","wo":"07:30 - 19:00","do":"07:30 - 19:00","vr":"07:30 - 19:00","za":"07:30 - 13:00","zo":"gesloten"}}},{"type":"Feature","geometry":{"type":"Point","coordinates":[11.373822,44.483545]},"properties":{"type":"pakketpunt","locatieNaam":"Ufficio Postale BOLOGNA EMILIA LEVA","straatNaam":"VIA EMILIA LEVANTE 7","straatNr":"","vervoerder":"DHL","puntType":"postOffice","bezettingsgraad":50,"latitude":44.483545,"longitude":11.373822,"canPickup":true,"canDropoff":true,"openingstijden":{"ma":"08:20 - 19:05","di":"08:20 - 19:05","wo":"08:20 - 19:05","do":"08:20 - 19:05","vr":"08:20 - 19:05","za":"08:20 - 12:35","zo":"gesloten"}}},{"type":"Feature","geometry":{"type":"Point","coordinates":[11.344543,44.508348]},"properties":{"type":"pakketpunt","locatieNaam":"JOLLY SERVICES","straatNaam":"Via Alessandro Tiarini, 6 B-C","straatNr":"","vervoerder":"DHL","puntType":"parcelShop","bezettingsgraad":50,"latitude":44.508348,"longitude":11.344543,"canPickup":false,"canDropoff":true,"openingstijden":{"ma":"09:00 - 21:00","di":"09:00 - 21:00","wo":"09:00 - 21:00","do":"09:00 - 21:00","vr":"09:00 - 21:00","za":"09:00 - 21:00","zo":"gesloten"}}},{"type":"Feature","geometry":{"type":"Point","coordinates":[11.346015,44.507185]},"properties":{"type":"pakketpunt","locatieNaam":"TABACCHERIA BAR NEW BRIDGE","straatNaam":"Via Giacomo Matteotti, 2 B","straatNr":"","vervoerder":"DHL","puntType":"parcelShop","bezettingsgraad":50,"latitude":44.507185,"longitude":11.346015,"canPickup":false,"canDropoff":true,"openingstijden":{"ma":"09:00 - 19:30","di":"09:00 - 19:30","wo":"09:00 - 19:30","do":"09:00 - 19:30","vr":"09:00 - 19:30","za":"09:30 - 19:30","zo":"gesloten"}}},{"type":"Feature","geometry":{"type":"Point","coordinates":[11.338458,44.504257]},"properties":{"type":"pakketpunt","locatieNaam":"Ufficio Postale BOLOGNA 1","straatNaam":"VIA CAIROLI 9","straatNr":"","vervoerder":"DHL","puntType":"postOffice","bezettingsgraad":50,"latitude":44.504257,"longitude":11.338458,"canPickup":true,"canDropoff":true,"openingstijden":{"ma":"08:20 - 13:35","di":"08:20 - 13:35","wo":"08:20 - 13:35","do":"08:20 - 13:35","vr":"08:20 - 13:35","za":"08:20 - 12:35","zo":"gesloten"}}},{"type":"Feature","geometry":{"type":"Point","coordinates":[11.33869,44.503978]},"properties":{"type":"pakketpunt","locatieNaam":"TABACCHERIA N. 82","straatNaam":"VIA CAIROLI 7-C","straatNr":"","vervoerder":"DHL","puntType":"parcelShop","bezettingsgraad":50,"latitude":44.503978,"longitude":11.33869,"canPickup":true,"canDropoff":true,"openingstijden":{"ma":"07:30 - 19:30","di":"07:30 - 19:30","wo":"07:30 - 19:30","do":"07:30 - 19:30","vr":"07:30 - 19:30","za":"08:00 - 13:00","zo":"gesloten"}}},{"type":"Feature","geometry":{"type":"Point","coordinates":[11.332982,44.503103]},"properties":{"type":"pakketpunt","locatieNaam":"TABACCHERIA N. 49","straatNaam":"VIA FRANCESCO ZANARDI 3-B","straatNr":"","vervoerder":"DHL","puntType":"parcelShop","bezettingsgraad":50,"latitude":44.503103,"longitude":11.332982,"canPickup":true,"canDropoff":true,"openingstijden":{"ma":"09:00 - 19:30","di":"09:00 - 19:30","wo":"09:00 - 19:30","do":"09:00 - 19:30","vr":"09:00 - 19:30","za":"09:00 - 19:30","zo":"gesloten"}}},{"type":"Feature","geometry":{"type":"Point","coordinates":[11.330282,44.503913]},"properties":{"type":"pakketpunt","locatieNaam":"TABACCHERIA N. 212","straatNaam":"VIA CAMILLO CASARINI 18-A","straatNr":"","vervoerder":"DHL","puntType":"parcelShop","bezettingsgraad":50,"latitude":44.503913,"longitude":11.330282,"canPickup":true,"canDropoff":true,"openingstijden":{"ma":"06:00 - 13:00, 16:00 - 19:00","di":"06:00 - 13:00, 16:00 - 19:00","wo":"06:00 - 13:00, 16:00 - 19:00","do":"06:00 - 13:00, 16:00 - 19:00","vr":"06:00 - 13:00, 16:00 - 19:00","za":"06:00 - 13:00","zo":"gesloten"}}},{"type":"Feature","geometry":{"type":"Point","coordinates":[11.333682,44.502464]},"properties":{"type":"pakketpunt","locatieNaam":"DHL STORE BOLOGNA VII NOVEMBRE","straatNaam":"Piazza VII Novembre 1944, 8","straatNr":"","vervoerder":"DHL","puntType":"parcelShop","bezettingsgraad":50,"latitude":44.502464,"longitude":11.333682,"canPickup":false,"canDropoff":true,"openingstijden":{"ma":"09:30 - 19:00","di":"09:30 - 19:00","wo":"09:30 - 19:00","do":"09:30 - 19:00","vr":"09:30 - 19:00","za":"gesloten","zo":"gesloten"}}},{"type":"Feature","geometry":{"type":"Point","coordinates":[11.339508,44.501893]},"properties":{"type":"pakketpunt","locatieNaam":"TABACCHERIA N. 126","straatNaam":"PIAZZA DEI MARTIRI 1943 1945 3-C","straatNr":"","vervoerder":"DHL","puntType":"parcelShop","bezettingsgraad":50,"latitude":44.501893,"longitude":11.339508,"canPickup":true,"canDropoff":true,"openingstijden":{"ma":"07:30 - 19:00","di":"07:30 - 19:00","wo":"07:30 - 19:00","do":"07:30 - 19:00","vr":"07:30 - 19:00","za":"07:30 - 13:00","zo":"gesloten"}}},{"type":"Feature","geometry":{"type":"Point","coordinates":[11.339502,44.501614]},"properties":{"type":"pakketpunt","locatieNaam":"INTERCOM di NIZAM MOHAMED","straatNaam":"Marconi, 42","straatNr":"","vervoerder":"DHL","puntType":"parcelShop","bezettingsgraad":50,"latitude":44.501614,"longitude":11.339502,"canPickup":false,"canDropoff":true,"openingstijden":{"ma":"09:00 - 19:30","di":"09:00 - 19:30","wo":"09:00 - 19:30","do":"09:00 - 19:30","vr":"09:00 - 19:30","za":"09:00 - 19:30","zo":"gesloten"}}},{"type":"Feature","geometry":{"type":"Point","coordinates":[11.329705,44.500551]},"properties":{"type":"pakketpunt","locatieNaam":"TABACCHERIA N. 384","straatNaam":"VIA LUIGI CALORI 10-A","straatNr":"","vervoerder":"DHL","puntType":"parcelShop","bezettingsgraad":50,"latitude":44.500551,"longitude":11.329705,"canPickup":true,"canDropoff":true,"openingstijden":{"ma":"08:00 - 19:30","di":"08:00 - 19:30","wo":"08:00 - 19:30","do":"08:00 - 19:30","vr":"08:00 - 19:30","za":"08:00 - 13:00, 16:00 - 19:30","zo":"gesloten"}}},{"type":"Feature","geometry":{"type":"Point","coordinates":[11.326838,44.501887]},"properties":{"type":"pakketpunt","locatieNaam":"TABACCHERIA N. 187","straatNaam":"VIA INNOCENZO MALVASIA 16-B","straatNr":"","vervoerder":"DHL","puntType":"parcelShop","bezettingsgraad":50,"latitude":44.501887,"longitude":11.326838,"canPickup":true,"canDropoff":true,"openingstijden":{"ma":"07:30 - 12:30, 15:30 - 19:00","di":"07:30 - 12:30, 15:30 - 19:00","wo":"07:30 - 12:30, 15:30 - 19:00","do":"07:30 - 12:30, 15:30 - 19:00","vr":"07:30 - 12:30, 15:30 - 19:00","za":"07:30 - 12:30, 15:30 - 19:00","zo":"gesloten"}}},{"type":"Feature","geometry":{"type":"Point","coordinates":[11.338909,44.498061]},"properties":{"type":"pakketpunt","locatieNaam":"Ufficio Postale BOLOGNA 17","straatNaam":"VIA GIOVANNI BATTISTA MORGAGNI 6","straatNr":"","vervoerder":"DHL","puntType":"postOffice","bezettingsgraad":50,"latitude":44.498061,"longitude":11.338909,"canPickup":true,"canDropoff":true,"openingstijden":{"ma":"08:20 - 13:35","di":"08:20 - 13:35","wo":"08:20 - 13:35","do":"08:20 - 13:35","vr":"08:20 - 13:35","za":"08:20 - 12:35","zo":"gesloten"}}},{"type":"Feature","geometry":{"type":"Point","coordinates":[11.331475,44.498298]},"properties":{"type":"pakketpunt","locatieNaam":"CARTOLERIA PENCIL","straatNaam":"Via Riva Di Reno, 4 B","straatNr":"","vervoerder":"DHL","puntType":"parcelShop","bezettingsgraad":50,"latitude":44.498298,"longitude":11.331475,"canPickup":false,"canDropoff":true,"openingstijden":{"ma":"08:30 - 19:00","di":"08:30 - 19:00","wo":"08:30 - 19:00","do":"08:30 - 19:00","vr":"08:30 - 19:00","za":"09:00 - 19:00","zo":"gesloten"}}},{"type":"Feature","geometry":{"type":"Point","coordinates":[11.337667,44.4974]},"properties":{"type":"pakketpunt","locatieNaam":"TABACCHERIA N. 74","straatNaam":"VIA GUGLIELMO MARCONI 18-E","straatNr":"","vervoerder":"DHL","puntType":"parcelShop","bezettingsgraad":50,"latitude":44.4974,"longitude":11.337667,"canPickup":true,"canDropoff":true,"openingstijden":{"ma":"09:00 - 19:15","di":"09:00 - 19:15","wo":"09:00 - 19:15","do":"09:00 - 19:15","vr":"09:00 - 19:15","za":"09:00 - 19:15","zo":"gesloten"}}},{"type":"Feature","geometry":{"type":"Point","coordinates":[11.330272,44.498205]},"properties":{"type":"pakketpunt","locatieNaam":"TABACCHERIA N. 26","straatNaam":"VIA SAN FELICE 107-A","straatNr":"","vervoerder":"DHL","puntType":"parcelShop","bezettingsgraad":50,"latitude":44.498205,"longitude":11.330272,"canPickup":true,"canDropoff":true,"openingstijden":{"ma":"08:30 - 19:30","di":"08:30 - 19:30","wo":"08:30 - 19:30","do":"08:30 - 19:30","vr":"08:30 - 19:30","za":"09:00 - 19:00","zo":"gesloten"}}},{"type":"Feature","geometry":{"type":"Point","coordinates":[11.326685,44.499511]},"properties":{"type":"pakketpunt","locatieNaam":"TABACCHERIA N. 111","straatNaam":"VIA AURELIO SAFFI 1-B","straatNr":"","vervoerder":"DHL","puntType":"parcelShop","bezettingsgraad":50,"latitude":44.499511,"longitude":11.326685,"canPickup":true,"canDropoff":true,"openingstijden":{"ma":"08:00 - 13:45, 15:00 - 19:45","di":"08:00 - 13:45, 15:00 - 19:45","wo":"08:00 - 13:45, 15:00 - 19:45","do":"08:00 - 13:45, 15:00 - 19:45","vr":"08:00 - 13:45, 15:00 - 19:45","za":"08:30 - 13:45, 15:00 - 19:45","zo":"09:00 - 13:00, 16:00 - 19:00"}}},{"type":"Feature","geometry":{"type":"Point","coordinates":[11.324443,44.5003]},"properties":{"type":"pakketpunt","locatieNaam":"TABACCHERIA N. 102","straatNaam":"VIA AURELIO SAFFI 47","straatNr":"","vervoerder":"DHL","puntType":"parcelShop","bezettingsgraad":50,"latitude":44.5003,"longitude":11.324443,"canPickup":true,"canDropoff":true,"openingstijden":{"ma":"08:00 - 19:00","di":"08:00 - 19:00","wo":"08:00 - 19:00","do":"08:00 - 19:00","vr":"08:00 - 19:00","za":"08:00 - 19:00","zo":"gesloten"}}},{"type":"Feature","geometry":{"type":"Point","coordinates":[11.321229,44.501296]},"properties":{"type":"pakketpunt","locatieNaam":"Ufficio Postale BOLOGNA PONENTE","straatNaam":"VIA AURELIO SAFFI 30","straatNr":"","vervoerder":"DHL","puntType":"postOffice","bezettingsgraad":50,"latitude":44.501296,"longitude":11.321229,"canPickup":true,"canDropoff":true,"openingstijden":{"ma":"08:20 - 19:05","di":"08:20 - 19:05","wo":"08:20 - 19:05","do":"08:20 - 19:05","vr":"08:20 - 19:05","za":"08:20 - 12:35","zo":"gesloten"}}},{"type":"Feature","geometry":{"type":"Point","coordinates":[11.320614,44.501281]},"properties":{"type":"pakketpunt","locatieNaam":"TABACCHERIA N. 35","straatNaam":"VIA PODGORA 1-D","straatNr":"","vervoerder":"DHL","puntType":"parcelShop","bezettingsgraad":50,"latitude":44.501281,"longitude":11.320614,"canPickup":true,"canDropoff":true,"openingstijden":{"ma":"07:00 - 20:00","di":"07:00 - 20:00","wo":"07:00 - 20:00","do":"07:00 - 20:00","vr":"07:00 - 20:00","za":"07:00 - 20:00","zo":"gesloten"}}},{"type":"Feature","geometry":{"type":"Point","coordinates":[11.318946,44.501999]},"properties":{"type":"pakketpunt","locatieNaam":"STUDIO SAFFI SNC","straatNaam":"Via Del Timavo 17c/d","straatNr":"","vervoerder":"DHL","puntType":"parcelShop","bezettingsgraad":50,"latitude":44.501999,"longitude":11.318946,"canPickup":false,"canDropoff":true,"openingstijden":{"ma":"09:30 - 18:00","di":"09:30 - 18:00","wo":"09:30 - 18:00","do":"09:30 - 18:00","vr":"09:30 - 18:00","za":"gesloten","zo":"gesloten"}}},{"type":"Feature","geometry":{"type":"Point","coordinates":[11.374827,44.475274]},"properties":{"type":"pakketpunt","locatieNaam":"CLEAN UP","straatNaam":"VIA DOMENICO MORELLI 4-B","straatNr":"","vervoerder":"DHL","puntType":"parcelShop","bezettingsgraad":50,"latitude":44.475274,"longitude":11.374827,"canPickup":true,"canDropoff":true,"openingstijden":{"ma":"08:30 - 18:30","di":"08:30 - 18:30","wo":"08:30 - 18:30","do":"08:30 - 16:30","vr":"08:30 - 16:30","za":"08:30 - 13:30","zo":"gesloten"}}},{"type":"Feature","geometry":{"type":"Point","coordinates":[11.372208,44.476727]},"properties":{"type":"pakketpunt","locatieNaam":"TABACCHERIA N. 180","straatNaam":"VIA DEGLI ORTI 58-A","straatNr":"","vervoerder":"DHL","puntType":"parcelShop","bezettingsgraad":50,"latitude":44.476727,"longitude":11.372208,"canPickup":true,"canDropoff":true,"openingstijden":{"ma":"08:30 - 12:30, 15:30 - 19:30","di":"08:30 - 12:30, 15:30 - 19:30","wo":"08:30 - 12:30, 15:30 - 19:30","do":"08:30 - 12:30, 15:30 - 19:30","vr":"08:30 - 12:30, 15:30 - 19:30","za":"08:30 - 12:30","zo":"gesloten"}}},{"type":"Feature","geometry":{"type":"Point","coordinates":[11.318301,44.501087]},"properties":{"type":"pakketpunt","locatieNaam":"TABACCHERIA N. 233","straatNaam":"VIA DEL TIMAVO 7-G","straatNr":"","vervoerder":"DHL","puntType":"parcelShop","bezettingsgraad":50,"latitude":44.501087,"longitude":11.318301,"canPickup":true,"canDropoff":true,"openingstijden":{"ma":"06:00 - 22:00","di":"06:00 - 22:00","wo":"06:00 - 22:00","do":"06:00 - 22:00","vr":"06:00 - 22:00","za":"06:00 - 22:00","zo":"06:00 - 22:00"}}},{"type":"Feature","geometry":{"type":"Point","coordinates":[11.317634,44.500026]},"properties":{"type":"pakketpunt","locatieNaam":"STUDIO SAFFI SNC","straatNaam":"VIA DEL TIMAVO 17-C","straatNr":"","vervoerder":"DHL","puntType":"parcelShop","bezettingsgraad":50,"latitude":44.500026,"longitude":11.317634,"canPickup":true,"canDropoff":true,"openingstijden":{"ma":"09:00 - 18:00","di":"09:00 - 18:00","wo":"09:00 - 18:00","do":"09:00 - 18:00","vr":"09:00 - 18:00","za":"gesloten","zo":"gesloten"}}},{"type":"Feature","geometry":{"type":"Point","coordinates":[11.264028,44.519546]},"properties":{"type":"pakketpunt","locatieNaam":"Amazon Locker - ivo","straatNaam":"CC Centro Borgo","straatNr":"","vervoerder":"Amazon","puntType":"locker","bezettingsgraad":50,"latitude":44.519546,"longitude":11.264028,"canPickup":true,"canDropoff":false,"openingstijden":null}},{"type":"Feature","geometry":{"type":"Point","coordinates":[11.24201,44.528728]},"properties":{"type":"pakketpunt","locatieNaam":"Amazon Locker - antico","straatNaam":"Eni Station pv.25515","straatNr":"","vervoerder":"Amazon","puntType":"locker","bezettingsgraad":50,"latitude":44.528728,"longitude":11.24201,"canPickup":true,"canDropoff":false,"openingstijden":null}},{"type":"Feature","geometry":{"type":"Point","coordinates":[11.264215,44.518522]},"properties":{"type":"pakketpunt","locatieNaam":"Amazon Locker - bamboo","straatNaam":"Stazione ESSO - Bologna, viale de gasperi 105285","straatNr":"","vervoerder":"Amazon","puntType":"locker","bezettingsgraad":50,"latitude":44.518522,"longitude":11.264215,"canPickup":true,"canDropoff":false,"openingstijden":null}},{"type":"Feature","geometry":{"type":"Point","coordinates":[11.277935,44.503446]},"properties":{"type":"pakketpunt","locatieNaam":"Amazon Locker - foscolino","straatNaam":"Fermopoint/CC Casteldebole","straatNr":"","vervoerder":"Amazon","puntType":"locker","bezettingsgraad":50,"latitude":44.503446,"longitude":11.277935,"canPickup":true,"canDropoff":false,"openingstijden":null}},{"type":"Feature","geometry":{"type":"Point","coordinates":[11.361812,44.476769]},"properties":{"type":"pakketpunt","locatieNaam":"Amazon Counter","straatNaam":"The Factory Flowers (fermopoint)","straatNr":"","vervoerder":"Amazon","puntType":"helix","bezettingsgraad":50,"latitude":44.476769,"longitude":11.361812,"canPickup":true,"canDropoff":false,"openingstijden":null}},{"type":"Feature","geometry":{"type":"Point","coordinates":[11.3464609,44.4980902]},"properties":{"type":"pakketpunt","locatieNaam":"Amazon Locker - evasio","straatNaam":"Conad - City Bologna Oberdan","straatNr":"","vervoerder":"Amazon","puntType":"locker","bezettingsgraad":50,"latitude":44.4980902,"longitude":11.3464609,"canPickup":true,"canDropoff":false,"openingstijden":null}},{"type":"Feature","geometry":{"type":"Point","coordinates":[11.3696325,44.4724764]},"properties":{"type":"pakketpunt","locatieNaam":"Amazon Counter - TABACCHERIA SERRA","straatNaam":"VIA TOSCANA 1","straatNr":"","vervoerder":"Amazon","puntType":"helix","bezettingsgraad":50,"latitude":44.4724764,"longitude":11.3696325,"canPickup":true,"canDropoff":false,"openingstijden":null}},{"type":"Feature","geometry":{"type":"Point","coordinates":[11.351129,44.496143]},"properties":{"type":"pakketpunt","locatieNaam":"Amazon Locker - creso","straatNaam":"Fermopoint / Scuderia - Future Food Living Lab","straatNr":"","vervoerder":"Amazon","puntType":"locker","bezettingsgraad":50,"latitude":44.496143,"longitude":11.351129,"canPickup":true,"canDropoff":false,"openingstijden":null}},{"type":"Feature","geometry":{"type":"Point","coordinates":[11.369851,44.4954377]},"properties":{"type":"pakketpunt","locatieNaam":"Amazon Locker - binario","straatNaam":"CAMPLUS BOLOGNA BONONIA","straatNr":"","vervoerder":"Amazon","puntType":"locker","bezettingsgraad":50,"latitude":44.4954377,"longitude":11.369851,"canPickup":true,"canDropoff":false,"openingstijden":null}},{"type":"Feature","geometry":{"type":"Point","coordinates":[11.368677,44.456081]},"properties":{"type":"pakketpunt","locatieNaam":"Amazon Locker - giorgina","straatNaam":"Stazione IP - Bologna - Via Toscana 123 (47542)","straatNr":"","vervoerder":"Amazon","puntType":"locker","bezettingsgraad":50,"latitude":44.456081,"longitude":11.368677,"canPickup":true,"canDropoff":false,"openingstijden":null}},{"type":"Feature","geometry":{"type":"Point","coordinates":[11.367378,44.475729]},"properties":{"type":"pakketpunt","locatieNaam":"Amazon Counter","straatNaam":"Bar Tabacchi da Gio (fermopoint)","straatNr":"","vervoerder":"Amazon","puntType":"helix","bezettingsgraad":50,"latitude":44.475729,"longitude":11.367378,"canPickup":true,"canDropoff":false,"openingstijden":null}},{"type":"Feature","geometry":{"type":"Point","coordinates":[11.338331,44.4991385]},"properties":{"type":"pakketpunt","locatieNaam":"Amazon Locker - giove","straatNaam":"PAM Bologna Marconi","straatNr":"","vervoerder":"Amazon","puntType":"locker","bezettingsgraad":50,"latitude":44.4991385,"longitude":11.338331,"canPickup":true,"canDropoff":false,"openingstijden":null}},{"type":"Feature","geometry":{"type":"Point","coordinates":[11.38708,44.47597]},"properties":{"type":"pakketpunt","locatieNaam":"Amazon Locker - ivan","straatNaam":"PAM Bellaria","straatNr":"","vervoerder":"Amazon","puntType":"locker","bezettingsgraad":50,"latitude":44.47597,"longitude":11.38708,"canPickup":true,"canDropoff":false,"openingstijden":null}},{"type":"Feature","geometry":{"type":"Point","coordinates":[11.3924294,44.4769058]},"properties":{"type":"pakketpunt","locatieNaam":"Amazon Locker - fioretta","straatNaam":"Eni Station pv.53206","straatNr":"","vervoerder":"Amazon","puntType":"locker","bezettingsgraad":50,"latitude":44.4769058,"longitude":11.3924294,"canPickup":true,"canDropoff":false,"openingstijden":null}},{"type":"Feature","geometry":{"type":"Point","coordinates":[11.377891,44.486821]},"properties":{"type":"pakketpunt","locatieNaam":"Amazon Locker - erna","straatNaam":"Lavanderia Fossolo Uno Bologna","straatNr":"","vervoerder":"Amazon","puntType":"locker","bezettingsgraad":50,"latitude":44.486821,"longitude":11.377891,"canPickup":true,"canDropoff":false,"openingstijden":null}},{"type":"Feature","geometry":{"type":"Point","coordinates":[11.3748822,44.4753497]},"properties":{"type":"pakketpunt","locatieNaam":"Amazon Counter (fermopoint)","straatNaam":"Clean Up!","straatNr":"","vervoerder":"Amazon","puntType":"helix","bezettingsgraad":50,"latitude":44.4753497,"longitude":11.3748822,"canPickup":true,"canDropoff":false,"openingstijden":null}},{"type":"Feature","geometry":{"type":"Point","coordinates":[11.3334592,44.5029414]},"properties":{"type":"pakketpunt","locatieNaam":"Amazon Locker - clemenzia","straatNaam":"Penny Market - Bologna 2","straatNr":"","vervoerder":"Amazon","puntType":"locker","bezettingsgraad":50,"latitude":44.5029414,"longitude":11.3334592,"canPickup":true,"canDropoff":false,"openingstijden":null}},{"type":"Feature","geometry":{"type":"Point","coordinates":[11.3722,44.4767]},"properties":{"type":"pakketpunt","locatieNaam":"PuntoPoste TABACCHERIA N. 180","straatNaam":"VIA DEGLI ORTI 58/A","straatNr":"","vervoerder":"Amazon","puntType":"3p","bezettingsgraad":50,"latitude":44.4767,"longitude":11.3722,"canPickup":true,"canDropoff":false,"openingstijden":null}},{"type":"Feature","geometry":{"type":"Point","coordinates":[11.38069,44.47032]},"properties":{"type":"pakketpunt","locatieNaam":"Amazon Locker - alabastro","straatNaam":"Nordestwash - Bologna","straatNr":"","vervoerder":"Amazon","puntType":"locker","bezettingsgraad":50,"latitude":44.47032,"longitude":11.38069,"canPickup":true,"canDropoff":false,"openingstijden":null}},{"type":"Feature","geometry":{"type":"Point","coordinates":[11.386616,44.493001]},"properties":{"type":"pakketpunt","locatieNaam":"Amazon Locker - nazaria","straatNaam":"Stazione ESSO - Bologna Massarenti","straatNr":"","vervoerder":"Amazon","puntType":"locker","bezettingsgraad":50,"latitude":44.493001,"longitude":11.386616,"canPickup":true,"canDropoff":false,"openingstijden":null}},{"type":"Feature","geometry":{"type":"Point","coordinates":[11.3914092,44.4980027]},"properties":{"type":"pakketpunt","locatieNaam":"Amazon Locker - principe","straatNaam":"Fermopoint / Centro Vialarga","straatNr":"","vervoerder":"Amazon","puntType":"locker","bezettingsgraad":50,"latitude":44.4980027,"longitude":11.3914092,"canPickup":true,"canDropoff":false,"openingstijden":null}},{"type":"Feature","geometry":{"type":"Point","coordinates":[11.38327,44.493851]},"properties":{"type":"pakketpunt","locatieNaam":"Amazon Locker - letizia","straatNaam":"PENNY MARKET - Bologna","straatNr":"","vervoerder":"Amazon","puntType":"locker","bezettingsgraad":50,"latitude":44.493851,"longitude":11.38327,"canPickup":true,"canDropoff":false,"openingstijden":null}},{"type":"Feature","geometry":{"type":"Point","coordinates":[11.3768574597,44.46815335]},"properties":{"type":"pakketpunt","locatieNaam":"Amazon Counter - PRIMAEDICOLA","straatNaam":"DINGA","straatNr":"","vervoerder":"Amazon","puntType":"helix","bezettingsgraad":50,"latitude":44.46815335,"longitude":11.3768574597,"canPickup":true,"canDropoff":false,"openingstijden":null}},{"type":"Feature","geometry":{"type":"Point","coordinates":[11.370016,44.481714]},"properties":{"type":"pakketpunt","locatieNaam":"Amazon Counter - CAF ACLI","straatNaam":"VIA mezzofanti 89 c","straatNr":"","vervoerder":"Amazon","puntType":"helix","bezettingsgraad":50,"latitude":44.481714,"longitude":11.370016,"canPickup":true,"canDropoff":false,"openingstijden":null}},{"type":"Feature","geometry":{"type":"Point","coordinates":[11.3415743,44.5360825]},"properties":{"type":"pakketpunt","locatieNaam":"Amazon Locker - edipo","straatNaam":"Eni Station Pv.55422","straatNr":"","vervoerder":"Amazon","puntType":"locker","bezettingsgraad":50,"latitude":44.5360825,"longitude":11.3415743,"canPickup":true,"canDropoff":false,"openingstijden":null}},{"type":"Feature","geometry":{"type":"Point","coordinates":[11.3547429,44.5358504]},"properties":{"type":"pakketpunt","locatieNaam":"Amazon Locker - bonifacio","straatNaam":"Sigma Corticella","straatNr":"","vervoerder":"Amazon","puntType":"locker","bezettingsgraad":50,"latitude":44.5358504,"longitude":11.3547429,"canPickup":true,"canDropoff":false,"openingstijden":null}},{"type":"Feature","geometry":{"type":"Point","coordinates":[11.2989518,44.5041294]},"properties":{"type":"pakketpunt","locatieNaam":"Amazon Locker - zolla","straatNaam":"Coesia - Sede aziendale","straatNr":"","vervoerder":"Amazon","puntType":"locker","bezettingsgraad":50,"latitude":44.5041294,"longitude":11.2989518,"canPickup":true,"canDropoff":false,"openingstijden":null}},{"type":"Feature","geometry":{"type":"Point","coordinates":[11.3022332,44.5079276]},"properties":{"type":"pakketpunt","locatieNaam":"Amazon Locker - gisfredo","straatNaam":"Eni Station pv.5548","straatNr":"","vervoerder":"Amazon","puntType":"locker","bezettingsgraad":50,"latitude":44.5079276,"longitude":11.3022332,"canPickup":true,"canDropoff":false,"openingstijden":null}},{"type":"Feature","geometry":{"type":"Point","coordinates":[11.271469,44.518699]},"properties":{"type":"pakketpunt","locatieNaam":"Amazon Locker - davidino","straatNaam":"Speed Queen Borgo Panigale","straatNr":"","vervoerder":"Amazon","puntType":"locker","bezettingsgraad":50,"latitude":44.518699,"longitude":11.271469,"canPickup":true,"canDropoff":false,"openingstijden":null}},{"type":"Feature","geometry":{"type":"Point","coordinates":[11.260598,44.491943]},"properties":{"type":"pakketpunt","locatieNaam":"Amazon Locker - onorio","straatNaam":"Eni Station pv.25554","straatNr":"","vervoerder":"Amazon","puntType":"locker","bezettingsgraad":50,"latitude":44.491943,"longitude":11.260598,"canPickup":true,"canDropoff":false,"openingstijden":null}},{"type":"Feature","geometry":{"type":"Point","coordinates":[11.263719,44.522416]},"properties":{"type":"pakketpunt","locatieNaam":"Amazon Counter - L’Oro di bufala ","straatNaam":"Normandia, 12/p","straatNr":"","vervoerder":"Amazon","puntType":"helix","bezettingsgraad":50,"latitude":44.522416,"longitude":11.263719,"canPickup":true,"canDropoff":false,"openingstijden":null}},{"type":"Feature","geometry":{"type":"Point","coordinates":[11.3361933,44.501274]},"properties":{"type":"pakketpunt","locatieNaam":"Amazon Locker - vivio","straatNaam":"APCOA - Parcheggio Bologna RivaReno","straatNr":"","vervoerder":"Amazon","puntType":"locker","bezettingsgraad":50,"latitude":44.501274,"longitude":11.3361933,"canPickup":true,"canDropoff":false,"openingstijden":null}},{"type":"Feature","geometry":{"type":"Point","coordinates":[11.34974,44.50339]},"properties":{"type":"pakketpunt","locatieNaam":"Amazon Locker - como","straatNaam":"Eni Station pv.5535","straatNr":"","vervoerder":"Amazon","puntType":"locker","bezettingsgraad":50,"latitude":44.50339,"longitude":11.34974,"canPickup":true,"canDropoff":false,"openingstijden":null}},{"type":"Feature","geometry":{"type":"Point","coordinates":[11.329038,44.514419]},"properties":{"type":"pakketpunt","locatieNaam":"Amazon Locker - fiorello","straatNaam":"CC LAME","straatNr":"","vervoerder":"Amazon","puntType":"locker","bezettingsgraad":50,"latitude":44.514419,"longitude":11.329038,"canPickup":true,"canDropoff":false,"openingstijden":null}},{"type":"Feature","geometry":{"type":"Point","coordinates":[11.3522115,44.5084533]},"properties":{"type":"pakketpunt","locatieNaam":"Amazon Locker - cefalo","straatNaam":"Laude Living","straatNr":"","vervoerder":"Amazon","puntType":"locker","bezettingsgraad":50,"latitude":44.5084533,"longitude":11.3522115,"canPickup":true,"canDropoff":false,"openingstijden":null}},{"type":"Feature","geometry":{"type":"Point","coordinates":[11.3408092,44.5036008]},"properties":{"type":"pakketpunt","locatieNaam":"Amazon Counter","straatNaam":"Bologna Cover (fermopoint)","straatNr":"","vervoerder":"Amazon","puntType":"helix","bezettingsgraad":50,"latitude":44.5036008,"longitude":11.3408092,"canPickup":true,"canDropoff":false,"openingstijden":null}},{"type":"Feature","geometry":{"type":"Point","coordinates":[11.3474895,44.5129586]},"properties":{"type":"pakketpunt","locatieNaam":"Amazon Locker - martina","straatNaam":"PAM Corticella","straatNr":"","vervoerder":"Amazon","puntType":"locker","bezettingsgraad":50,"latitude":44.5129586,"longitude":11.3474895,"canPickup":true,"canDropoff":false,"openingstijden":null}},{"type":"Feature","geometry":{"type":"Point","coordinates":[11.3418292,44.5058823]},"properties":{"type":"pakketpunt","locatieNaam":"Giunti al Punto","straatNaam":"Piazza Delle Medaglie D'Oro","straatNr":"","vervoerder":"Amazon","puntType":"helix","bezettingsgraad":50,"latitude":44.5058823,"longitude":11.3418292,"canPickup":true,"canDropoff":false,"openingstijden":null}},{"type":"Feature","geometry":{"type":"Point","coordinates":[11.324694,44.500875]},"properties":{"type":"pakketpunt","locatieNaam":"Amazon Locker - leonina","straatNaam":"Conad San Pio Bologna","straatNr":"","vervoerder":"Amazon","puntType":"locker","bezettingsgraad":50,"latitude":44.500875,"longitude":11.324694,"canPickup":true,"canDropoff":false,"openingstijden":null}},{"type":"Feature","geometry":{"type":"Point","coordinates":[11.350454,44.502159]},"properties":{"type":"pakketpunt","locatieNaam":"Amazon Locker - olinta","straatNaam":"ECU Discount Borgo San Pietro Bologna","straatNr":"","vervoerder":"Amazon","puntType":"locker","bezettingsgraad":50,"latitude":44.502159,"longitude":11.350454,"canPickup":true,"canDropoff":false,"openingstijden":null}},{"type":"Feature","geometry":{"type":"Point","coordinates":[11.328,44.4847]},"properties":{"type":"pakketpunt","locatieNaam":"Amazon Counter - Borgo 206","straatNaam":"Corso cavour , 206","straatNr":"","vervoerder":"Amazon","puntType":"helix","bezettingsgraad":50,"latitude":44.4847,"longitude":11.328,"canPickup":true,"canDropoff":false,"openingstijden":null}},{"type":"Feature","geometry":{"type":"Point","coordinates":[11.3295299,44.5002562]},"properties":{"type":"pakketpunt","locatieNaam":"Amazon Locker - america","straatNaam":"Fermopoint / Conad - Bologna","straatNr":"","vervoerder":"Amazon","puntType":"locker","bezettingsgraad":50,"latitude":44.5002562,"longitude":11.3295299,"canPickup":true,"canDropoff":false,"openingstijden":null}},{"type":"Feature","geometry":{"type":"Point","coordinates":[11.308403,44.50597]},"properties":{"type":"pakketpunt","locatieNaam":"Amazon Counter - TABACCHERIA LA COCCINELLA","straatNaam":"VIA EMILIA PONENTE 99","straatNr":"","vervoerder":"Amazon","puntType":"helix","bezettingsgraad":50,"latitude":44.50597,"longitude":11.308403,"canPickup":true,"canDropoff":false,"openingstijden":null}},{"type":"Feature","geometry":{"type":"Point","coordinates":[11.330371,44.503265]},"properties":{"type":"pakketpunt","locatieNaam":"Amazon Locker - anatolia","straatNaam":"Sigma Bologna","straatNr":"","vervoerder":"Amazon","puntType":"locker","bezettingsgraad":50,"latitude":44.503265,"longitude":11.330371,"canPickup":true,"canDropoff":false,"openingstijden":null}},{"type":"Feature","geometry":{"type":"Point","coordinates":[11.3034517,44.5066883]},"properties":{"type":"pakketpunt","locatieNaam":"Amazon Counter (fermopoint)","straatNaam":"iRiparo-WindTre-Bologna -Solo Counter","straatNr":"","vervoerder":"Amazon","puntType":"helix","bezettingsgraad":50,"latitude":44.5066883,"longitude":11.3034517,"canPickup":true,"canDropoff":false,"openingstijden":null}},{"type":"Feature","geometry":{"type":"Point","coordinates":[11.3135,44.5039]},"properties":{"type":"pakketpunt","locatieNaam":"PuntoPoste TABACCHERIA N. 214","straatNaam":"VIA EMILIA PONENTE 18/A","straatNr":"","vervoerder":"Amazon","puntType":"3p","bezettingsgraad":50,"latitude":44.5039,"longitude":11.3135,"canPickup":true,"canDropoff":false,"openingstijden":null}},{"type":"Feature","geometry":{"type":"Point","coordinates":[11.323021,44.500676]},"properties":{"type":"pakketpunt","locatieNaam":"Amazon Counter","straatNaam":"Iriparo Bologna-Solo Counter (fermopoint)","straatNr":"","vervoerder":"Amazon","puntType":"helix","bezettingsgraad":50,"latitude":44.500676,"longitude":11.323021,"canPickup":true,"canDropoff":false,"openingstijden":null}},{"type":"Feature","geometry":{"type":"Point","coordinates":[11.3326769,44.5197544]},"properties":{"type":"pakketpunt","locatieNaam":"Amazon Locker - fernalda","straatNaam":"ENEL Bologna","straatNr":"","vervoerder":"Amazon","puntType":"locker","bezettingsgraad":50,"latitude":44.5197544,"longitude":11.3326769,"canPickup":true,"canDropoff":false,"openingstijden":null}},{"type":"Feature","geometry":{"type":"Point","coordinates":[11.297854,44.509851]},"properties":{"type":"pakketpunt","locatieNaam":"Amazon Counter - TABACCHI","straatNaam":"VIA AGUCCHI 39","straatNr":"","vervoerder":"Amazon","puntType":"helix","bezettingsgraad":50,"latitude":44.509851,"longitude":11.297854,"canPickup":true,"canDropoff":false,"openingstijden":null}},{"type":"Feature","geometry":{"type":"Point","coordinates":[11.400996,44.51495]},"properties":{"type":"pakketpunt","locatieNaam":"Amazon Locker - teresa vita","straatNaam":"Fermopoint/Parco Meraville","straatNr":"","vervoerder":"Amazon","puntType":"locker","bezettingsgraad":50,"latitude":44.51495,"longitude":11.400996,"canPickup":true,"canDropoff":false,"openingstijden":null}},{"type":"Feature","geometry":{"type":"Point","coordinates":[11.390342,44.5122]},"properties":{"type":"pakketpunt","locatieNaam":"Amazon Locker - lucino","straatNaam":"Conad / CC Pilastro Bologna","straatNr":"","vervoerder":"Amazon","puntType":"locker","bezettingsgraad":50,"latitude":44.5122,"longitude":11.390342,"canPickup":true,"canDropoff":false,"openingstijden":null}},{"type":"Feature","geometry":{"type":"Point","coordinates":[11.397333,44.5094279]},"properties":{"type":"pakketpunt","locatieNaam":"Amazon Counter - Tabaccheria Valentina","straatNaam":"VIA GRAZIA DELEDDA 10/A","straatNr":"","vervoerder":"Amazon","puntType":"helix","bezettingsgraad":50,"latitude":44.5094279,"longitude":11.397333,"canPickup":true,"canDropoff":false,"openingstijden":null}},{"type":"Feature","geometry":{"type":"Point","coordinates":[11.387353,44.49297]},"properties":{"type":"pakketpunt","locatieNaam":"Amazon Locker - Libellula","straatNaam":"Stazione IP - Bologna - Via Massarenti","straatNr":"","vervoerder":"Amazon","puntType":"locker","bezettingsgraad":50,"latitude":44.49297,"longitude":11.387353,"canPickup":true,"canDropoff":false,"openingstijden":null}},{"type":"Feature","geometry":{"type":"Point","coordinates":[11.3634129,44.5142801]},"properties":{"type":"pakketpunt","locatieNaam":"Amazon Locker - ANCI 2025","straatNaam":"ANCI 2025","straatNr":"","vervoerder":"Amazon","puntType":"locker","bezettingsgraad":50,"latitude":44.5142801,"longitude":11.3634129,"canPickup":true,"canDropoff":false,"openingstijden":null}},{"type":"Feature","geometry":{"type":"Point","coordinates":[11.3604149,44.5166732]},"properties":{"type":"pakketpunt","locatieNaam":"Amazon Locker - aldemio","straatNaam":"Eni Station Pv.25534","straatNr":"","vervoerder":"Amazon","puntType":"locker","bezettingsgraad":50,"latitude":44.5166732,"longitude":11.3604149,"canPickup":true,"canDropoff":false,"openingstijden":null}},{"type":"Feature","geometry":{"type":"Point","coordinates":[11.287107,44.493763]},"properties":{"type":"pakketpunt","locatieNaam":"Amazon Counter - Enilive Station (n.53221)","straatNaam":"VIA GRANDI  1 1","straatNr":"","vervoerder":"Amazon","puntType":"helix","bezettingsgraad":50,"latitude":44.493763,"longitude":11.287107,"canPickup":true,"canDropoff":false,"openingstijden":null}},{"type":"Feature","geometry":{"type":"Point","coordinates":[11.2927335318772,44.4958077686929]},"properties":{"type":"pakketpunt","locatieNaam":"Amazon Counter (fermopoint)","straatNaam":"MBE-Bologna","straatNr":"","vervoerder":"Amazon","puntType":"helix","bezettingsgraad":50,"latitude":44.4958077686929,"longitude":11.2927335318772,"canPickup":true,"canDropoff":false,"openingstijden":null}},{"type":"Feature","geometry":{"type":"Point","coordinates":[11.2914,44.491]},"properties":{"type":"pakketpunt","locatieNaam":"PuntoPoste TABACCHERIA N. 346","straatNaam":"VIA VITALE DA BOLOGNA 1/A","straatNr":"","vervoerder":"Amazon","puntType":"3p","bezettingsgraad":50,"latitude":44.491,"longitude":11.2914,"canPickup":true,"canDropoff":false,"openingstijden":null}},{"type":"Feature","geometry":{"type":"Point","coordinates":[11.2903,44.5004]},"properties":{"type":"pakketpunt","locatieNaam":"PuntoPoste CENTRO SERVIZI BARCA","straatNaam":"VIA NINO BERTOCCHI 30/A","straatNr":"","vervoerder":"Amazon","puntType":"3p","bezettingsgraad":50,"latitude":44.5004,"longitude":11.2903,"canPickup":true,"canDropoff":false,"openingstijden":null}},{"type":"Feature","geometry":{"type":"Point","coordinates":[11.2971,44.4935]},"properties":{"type":"pakketpunt","locatieNaam":"PuntoPoste TABACCHERIA N. 307","straatNaam":"VIA DELLA FILANDA 2/B","straatNr":"","vervoerder":"Amazon","puntType":"3p","bezettingsgraad":50,"latitude":44.4935,"longitude":11.2971,"canPickup":true,"canDropoff":false,"openingstijden":null}},{"type":"Feature","geometry":{"type":"Point","coordinates":[11.295159,44.498151]},"properties":{"type":"pakketpunt","locatieNaam":"Amazon Counter","straatNaam":"Sate Telefonia (fermopoint)","straatNr":"","vervoerder":"Amazon","puntType":"helix","bezettingsgraad":50,"latitude":44.498151,"longitude":11.295159,"canPickup":true,"canDropoff":false,"openingstijden":null}},{"type":"Feature","geometry":{"type":"Point","coordinates":[11.3055575944775,44.493033630027]},"properties":{"type":"pakketpunt","locatieNaam":"Amazon Counter","straatNaam":"Dal Divinos (fermopoint)","straatNr":"","vervoerder":"Amazon","puntType":"helix","bezettingsgraad":50,"latitude":44.493033630027,"longitude":11.3055575944775,"canPickup":true,"canDropoff":false,"openingstijden":null}},{"type":"Feature","geometry":{"type":"Point","coordinates":[11.296,44.4999]},"properties":{"type":"pakketpunt","locatieNaam":"PuntoPoste TABACCHERIA n. 182","straatNaam":"VIA BATTINDARNO 324/C","straatNr":"","vervoerder":"Amazon","puntType":"3p","bezettingsgraad":50,"latitude":44.4999,"longitude":11.296,"canPickup":true,"canDropoff":false,"openingstijden":null}},{"type":"Feature","geometry":{"type":"Point","coordinates":[11.3388,44.4955]},"properties":{"type":"pakketpunt","locatieNaam":"PuntoPoste TABACCHERIA n. 22","straatNaam":"VIA UGO BASSI 19","straatNr":"","vervoerder":"Amazon","puntType":"3p","bezettingsgraad":50,"latitude":44.4955,"longitude":11.3388,"canPickup":true,"canDropoff":false,"openingstijden":null}},{"type":"Feature","geometry":{"type":"Point","coordinates":[11.3376,44.4973]},"properties":{"type":"pakketpunt","locatieNaam":"PuntoPoste TABACCHERIA N. 74","straatNaam":"VIA GUGLIELMO MARCONI 18/E","straatNr":"","vervoerder":"Amazon","puntType":"3p","bezettingsgraad":50,"latitude":44.4973,"longitude":11.3376,"canPickup":true,"canDropoff":false,"openingstijden":null}},{"type":"Feature","geometry":{"type":"Point","coordinates":[11.3377965,44.4979422]},"properties":{"type":"pakketpunt","locatieNaam":"Amazon Counter","straatNaam":"Casa Del Tegamino (fermopoint)","straatNr":"","vervoerder":"Amazon","puntType":"helix","bezettingsgraad":50,"latitude":44.4979422,"longitude":11.3377965,"canPickup":true,"canDropoff":false,"openingstijden":null}},{"type":"Feature","geometry":{"type":"Point","coordinates":[11.343757,44.495056]},"properties":{"type":"pakketpunt","locatieNaam":"Amazon Counter (fermopoint)","straatNaam":"Centro Servizi Towers - Bologna","straatNr":"","vervoerder":"Amazon","puntType":"helix","bezettingsgraad":50,"latitude":44.495056,"longitude":11.343757,"canPickup":true,"canDropoff":false,"openingstijden":null}},{"type":"Feature","geometry":{"type":"Point","coordinates":[11.339195,44.500182]},"properties":{"type":"pakketpunt","locatieNaam":"Amazon Counter - TABACCHERIA MARCONI","straatNaam":"VIA GUGLIELMO MARCONI 51","straatNr":"","vervoerder":"Amazon","puntType":"helix","bezettingsgraad":50,"latitude":44.500182,"longitude":11.339195,"canPickup":true,"canDropoff":false,"openingstijden":null}},{"type":"Feature","geometry":{"type":"Point","coordinates":[11.340113,44.494558]},"properties":{"type":"pakketpunt","locatieNaam":"Amazon Counter - BAR ZECCA","straatNaam":"VIA DELLA ZECCA 3/D","straatNr":"","vervoerder":"Amazon","puntType":"helix","bezettingsgraad":50,"latitude":44.494558,"longitude":11.340113,"canPickup":true,"canDropoff":false,"openingstijden":null}},{"type":"Feature","geometry":{"type":"Point","coordinates":[11.3408082,44.4933033]},"properties":{"type":"pakketpunt","locatieNaam":"Amazon Counter","straatNaam":"Ferramenta Natali 40123 (fermopoint)","straatNr":"","vervoerder":"Amazon","puntType":"helix","bezettingsgraad":50,"latitude":44.4933033,"longitude":11.3408082,"canPickup":true,"canDropoff":false,"openingstijden":null}},{"type":"Feature","geometry":{"type":"Point","coordinates":[11.331491,44.498267]},"properties":{"type":"pakketpunt","locatieNaam":"Amazon Counter","straatNaam":"Cartoleria Pencil (fermopoint)","straatNr":"","vervoerder":"Amazon","puntType":"helix","bezettingsgraad":50,"latitude":44.498267,"longitude":11.331491,"canPickup":true,"canDropoff":false,"openingstijden":null}},{"type":"Feature","geometry":{"type":"Point","coordinates":[11.292646,44.528285]},"properties":{"type":"pakketpunt","locatieNaam":"Amazon Locker - fulva","straatNaam":"Aeroporto Marconi Bologna","straatNr":"","vervoerder":"Amazon","puntType":"locker","bezettingsgraad":50,"latitude":44.528285,"longitude":11.292646,"canPickup":true,"canDropoff":false,"openingstijden":null}},{"type":"Feature","geometry":{"type":"Point","coordinates":[11.2947981558197,44.5208543992211]},"properties":{"type":"pakketpunt","locatieNaam":"Amazon Counter (fermopoint)","straatNaam":"Tabaccheria Di Rave","straatNr":"","vervoerder":"Amazon","puntType":"helix","bezettingsgraad":50,"latitude":44.5208543992211,"longitude":11.2947981558197,"canPickup":true,"canDropoff":false,"openingstijden":null}},{"type":"Feature","geometry":{"type":"Point","coordinates":[11.2705444,44.5309599]},"properties":{"type":"pakketpunt","locatieNaam":"Amazon Locker - eustacchio","straatNaam":"Toyota Material Handling Manufacturing Italy","straatNr":"","vervoerder":"Amazon","puntType":"locker","bezettingsgraad":50,"latitude":44.5309599,"longitude":11.2705444,"canPickup":true,"canDropoff":false,"openingstijden":null}},{"type":"Feature","geometry":{"type":"Point","coordinates":[11.2816883,44.5166067]},"properties":{"type":"pakketpunt","locatieNaam":"Amazon Counter - TABACCHERIA ANGELA DI BUONO","straatNaam":"VIA PANIGALE 5/4","straatNr":"","vervoerder":"Amazon","puntType":"helix","bezettingsgraad":50,"latitude":44.5166067,"longitude":11.2816883,"canPickup":true,"canDropoff":false,"openingstijden":null}},{"type":"Feature","geometry":{"type":"Point","coordinates":[11.26831,44.5167]},"properties":{"type":"pakketpunt","locatieNaam":"Amazon Locker - renza","straatNaam":"Ducati","straatNr":"","vervoerder":"Amazon","puntType":"locker","bezettingsgraad":50,"latitude":44.5167,"longitude":11.26831,"canPickup":true,"canDropoff":false,"openingstijden":null}},{"type":"Feature","geometry":{"type":"Point","coordinates":[11.280967,44.515642]},"properties":{"type":"pakketpunt","locatieNaam":"Amazon Counter - PRIMAEDICOLA","straatNaam":"TERZA PAGINA SNC","straatNr":"","vervoerder":"Amazon","puntType":"helix","bezettingsgraad":50,"latitude":44.515642,"longitude":11.280967,"canPickup":true,"canDropoff":false,"openingstijden":null}},{"type":"Feature","geometry":{"type":"Point","coordinates":[11.27613,44.51689]},"properties":{"type":"pakketpunt","locatieNaam":"Amazon Counter - Profumeria Sofia","straatNaam":"Via M.E.Lepido , 54/4c","straatNr":"","vervoerder":"Amazon","puntType":"helix","bezettingsgraad":50,"latitude":44.51689,"longitude":11.27613,"canPickup":true,"canDropoff":false,"openingstijden":null}},{"type":"Feature","geometry":{"type":"Point","coordinates":[11.335215,44.514464]},"properties":{"type":"pakketpunt","locatieNaam":"Amazon Locker - fruttino","straatNaam":"Residenza universitaria ER.GO -Fioravanti","straatNr":"","vervoerder":"Amazon","puntType":"locker","bezettingsgraad":50,"latitude":44.514464,"longitude":11.335215,"canPickup":true,"canDropoff":false,"openingstijden":null}},{"type":"Feature","geometry":{"type":"Point","coordinates":[11.319611,44.522803]},"properties":{"type":"pakketpunt","locatieNaam":"Amazon Counter - TABACCHERIA PESCAROLA DI LIU","straatNaam":"VIA FRANCESCO ZANARDI 184/C/D","straatNr":"","vervoerder":"Amazon","puntType":"helix","bezettingsgraad":50,"latitude":44.522803,"longitude":11.319611,"canPickup":true,"canDropoff":false,"openingstijden":null}},{"type":"Feature","geometry":{"type":"Point","coordinates":[11.32097,44.52331]},"properties":{"type":"pakketpunt","locatieNaam":"Amazon Counter - GREENLIFEinBO-Ca' Bianca","straatNaam":"Via della Cà Bianca, 3/9","straatNr":"","vervoerder":"Amazon","puntType":"helix","bezettingsgraad":50,"latitude":44.52331,"longitude":11.32097,"canPickup":true,"canDropoff":false,"openingstijden":null}},{"type":"Feature","geometry":{"type":"Point","coordinates":[11.321372,44.491095]},"properties":{"type":"pakketpunt","locatieNaam":"Amazon Counter - BAR TABACCHI","straatNaam":"VIA TURATI 69","straatNr":"","vervoerder":"Amazon","puntType":"helix","bezettingsgraad":50,"latitude":44.491095,"longitude":11.321372,"canPickup":true,"canDropoff":false,"openingstijden":null}},{"type":"Feature","geometry":{"type":"Point","coordinates":[11.3257,44.4924]},"properties":{"type":"pakketpunt","locatieNaam":"PuntoPoste TABACCHERIA N. 160","straatNaam":"VIA ALESSANDRO GUIDOTTI 38/C","straatNr":"","vervoerder":"Amazon","puntType":"3p","bezettingsgraad":50,"latitude":44.4924,"longitude":11.3257,"canPickup":true,"canDropoff":false,"openingstijden":null}},{"type":"Feature","geometry":{"type":"Point","coordinates":[11.317097,44.488927]},"properties":{"type":"pakketpunt","locatieNaam":"Amazon Counter","straatNaam":"Tabaccheria & Bar Pipa (fermopoint)","straatNr":"","vervoerder":"Amazon","puntType":"helix","bezettingsgraad":50,"latitude":44.488927,"longitude":11.317097,"canPickup":true,"canDropoff":false,"openingstijden":null}},{"type":"Feature","geometry":{"type":"Point","coordinates":[11.326671,44.499533]},"properties":{"type":"pakketpunt","locatieNaam":"Amazon Counter - TABACCHERIA","straatNaam":"VIA SAFFI 1","straatNr":"","vervoerder":"Amazon","puntType":"helix","bezettingsgraad":50,"latitude":44.499533,"longitude":11.326671,"canPickup":true,"canDropoff":false,"openingstijden":null}},{"type":"Feature","geometry":{"type":"Point","coordinates":[11.330202,44.4973582]},"properties":{"type":"pakketpunt","locatieNaam":"Amazon Counter (fermopoint)","straatNaam":"QuiPoste - Bologna","straatNr":"","vervoerder":"Amazon","puntType":"helix","bezettingsgraad":50,"latitude":44.4973582,"longitude":11.330202,"canPickup":true,"canDropoff":false,"openingstijden":null}},{"type":"Feature","geometry":{"type":"Point","coordinates":[11.346,44.4862]},"properties":{"type":"pakketpunt","locatieNaam":"PuntoPoste TABACCHERIA N. 156","straatNaam":"VIALE DODICI GIUGNO 18","straatNr":"","vervoerder":"Amazon","puntType":"3p","bezettingsgraad":50,"latitude":44.4862,"longitude":11.346,"canPickup":true,"canDropoff":false,"openingstijden":null}},{"type":"Feature","geometry":{"type":"Point","coordinates":[11.348042,44.485178]},"properties":{"type":"pakketpunt","locatieNaam":"Amazon Counter - BAR TABACCHI DA MAURO","straatNaam":"PIAZZA DI PORTA CASTIGLIONE 16","straatNr":"","vervoerder":"Amazon","puntType":"helix","bezettingsgraad":50,"latitude":44.485178,"longitude":11.348042,"canPickup":true,"canDropoff":false,"openingstijden":null}},{"type":"Feature","geometry":{"type":"Point","coordinates":[11.348372,44.486669]},"properties":{"type":"pakketpunt","locatieNaam":"Amazon Counter - CAFFE' MERY","straatNaam":"VIA CASTIGLIONE 68","straatNr":"","vervoerder":"Amazon","puntType":"helix","bezettingsgraad":50,"latitude":44.486669,"longitude":11.348372,"canPickup":true,"canDropoff":false,"openingstijden":null}},{"type":"Feature","geometry":{"type":"Point","coordinates":[11.34809,44.48628]},"properties":{"type":"pakketpunt","locatieNaam":"Amazon Counter - ISTITUTO DEI CIECHI F.CAVAZZA","straatNaam":"VIA CASTIGLIONE, 71","straatNr":"","vervoerder":"Amazon","puntType":"helix","bezettingsgraad":50,"latitude":44.48628,"longitude":11.34809,"canPickup":true,"canDropoff":false,"openingstijden":null}},{"type":"Feature","geometry":{"type":"Point","coordinates":[11.3423,44.4878]},"properties":{"type":"pakketpunt","locatieNaam":"PuntoPoste TABACCHERIA N. 46","straatNaam":"VIA SOLFERINO 27/B","straatNr":"","vervoerder":"Amazon","puntType":"3p","bezettingsgraad":50,"latitude":44.4878,"longitude":11.3423,"canPickup":true,"canDropoff":false,"openingstijden":null}},{"type":"Feature","geometry":{"type":"Point","coordinates":[11.3496518,44.4899451]},"properties":{"type":"pakketpunt","locatieNaam":"Amazon Counter","straatNaam":"Bar Z8 (fermopoint)","straatNr":"","vervoerder":"Amazon","puntType":"helix","bezettingsgraad":50,"latitude":44.4899451,"longitude":11.3496518,"canPickup":true,"canDropoff":false,"openingstijden":null}},{"type":"Feature","geometry":{"type":"Point","coordinates":[11.347065,44.491467]},"properties":{"type":"pakketpunt","locatieNaam":"Amazon Counter - CICCARELLI VITO","straatNaam":"VIA FARINI 21 C","straatNr":"","vervoerder":"Amazon","puntType":"helix","bezettingsgraad":50,"latitude":44.491467,"longitude":11.347065,"canPickup":true,"canDropoff":false,"openingstijden":null}},{"type":"Feature","geometry":{"type":"Point","coordinates":[11.35665,44.493561]},"properties":{"type":"pakketpunt","locatieNaam":"Amazon Locker - feliciola","straatNaam":"Good Luck Phone Center Bologna","straatNr":"","vervoerder":"Amazon","puntType":"locker","bezettingsgraad":50,"latitude":44.493561,"longitude":11.35665,"canPickup":true,"canDropoff":false,"openingstijden":null}},{"type":"Feature","geometry":{"type":"Point","coordinates":[11.347,44.4914]},"properties":{"type":"pakketpunt","locatieNaam":"PuntoPoste TABACCHERIA N. 6","straatNaam":"VIA LUIGI CARLO FARINI 21/C","straatNr":"","vervoerder":"Amazon","puntType":"3p","bezettingsgraad":50,"latitude":44.4914,"longitude":11.347,"canPickup":true,"canDropoff":false,"openingstijden":null}},{"type":"Feature","geometry":{"type":"Point","coordinates":[11.3302,44.5039]},"properties":{"type":"pakketpunt","locatieNaam":"PuntoPoste TABACCHERIA N. 212","straatNaam":"VIA CAMILLO CASARINI 18/A","straatNr":"","vervoerder":"Amazon","puntType":"3p","bezettingsgraad":50,"latitude":44.5039,"longitude":11.3302,"canPickup":true,"canDropoff":false,"openingstijden":null}},{"type":"Feature","geometry":{"type":"Point","coordinates":[11.327644,44.501635]},"properties":{"type":"pakketpunt","locatieNaam":"Amazon Counter","straatNaam":"Bologna Servizi Postali (fermopoint)","straatNr":"","vervoerder":"Amazon","puntType":"helix","bezettingsgraad":50,"latitude":44.501635,"longitude":11.327644,"canPickup":true,"canDropoff":false,"openingstijden":null}},{"type":"Feature","geometry":{"type":"Point","coordinates":[11.318361,44.5011086]},"properties":{"type":"pakketpunt","locatieNaam":"Amazon Counter - Bar Revolution","straatNaam":"Via del Timavo , 7g","straatNr":"","vervoerder":"Amazon","puntType":"helix","bezettingsgraad":50,"latitude":44.5011086,"longitude":11.318361,"canPickup":true,"canDropoff":false,"openingstijden":null}},{"type":"Feature","geometry":{"type":"Point","coordinates":[11.3508733,44.4996722]},"properties":{"type":"pakketpunt","locatieNaam":"Amazon Locker - eraldo","straatNaam":"PAM Franchising - Bologna","straatNr":"","vervoerder":"Amazon","puntType":"locker","bezettingsgraad":50,"latitude":44.4996722,"longitude":11.3508733,"canPickup":true,"canDropoff":false,"openingstijden":null}},{"type":"Feature","geometry":{"type":"Point","coordinates":[11.3496959,44.5033457]},"properties":{"type":"pakketpunt","locatieNaam":"Amazon Counter - Enilive Station (n.05535)","straatNaam":"VIALE ANGELO MASINI 1/2A","straatNr":"","vervoerder":"Amazon","puntType":"helix","bezettingsgraad":50,"latitude":44.5033457,"longitude":11.3496959,"canPickup":true,"canDropoff":false,"openingstijden":null}},{"type":"Feature","geometry":{"type":"Point","coordinates":[11.3463,44.5006]},"properties":{"type":"pakketpunt","locatieNaam":"PuntoPoste TABACCHERIA N. 166","straatNaam":"VIA IRNERIO 5","straatNr":"","vervoerder":"Amazon","puntType":"3p","bezettingsgraad":50,"latitude":44.5006,"longitude":11.3463,"canPickup":true,"canDropoff":false,"openingstijden":null}},{"type":"Feature","geometry":{"type":"Point","coordinates":[11.3512982,44.500601]},"properties":{"type":"pakketpunt","locatieNaam":"Amazon Counter","straatNaam":"Smart Point Servizi e Soluzioni - Mascarella (fermopoint)","straatNr":"","vervoerder":"Amazon","puntType":"helix","bezettingsgraad":50,"latitude":44.500601,"longitude":11.3512982,"canPickup":true,"canDropoff":false,"openingstijden":null}},{"type":"Feature","geometry":{"type":"Point","coordinates":[11.358052,44.504123]},"properties":{"type":"pakketpunt","locatieNaam":"Amazon Locker - tuono","straatNaam":"CAMPLUS BOLOGNA ALMA MATER","straatNr":"","vervoerder":"Amazon","puntType":"locker","bezettingsgraad":50,"latitude":44.504123,"longitude":11.358052,"canPickup":true,"canDropoff":false,"openingstijden":null}},{"type":"Feature","geometry":{"type":"Point","coordinates":[11.344609,44.510196]},"properties":{"type":"pakketpunt","locatieNaam":"Amazon Locker - ernaldo","straatNaam":"QQ cafè & tabaccheria Bologna","straatNr":"","vervoerder":"Amazon","puntType":"locker","bezettingsgraad":50,"latitude":44.510196,"longitude":11.344609,"canPickup":true,"canDropoff":false,"openingstijden":null}},{"type":"Feature","geometry":{"type":"Polygon","coordinates":[[[11.2297066,44.5310578],[11.2301433,44.5315106],[11.2310785,44.5331696],[11.2318538,44.5340097],[11.2330973,44.5362135],[11.2339143,44.5373274],[11.2352445,44.5398214],[11.2353096,44.5401408],[11.2357952,44.5408364],[11.2359694,44.5409036],[11.2362908,44.5413512],[11.2370352,44.5431902],[11.238267,44.5453186],[11.2396862,44.5470684],[11.2399183,44.5472015],[11.2397361,44.5476074],[11.2400061,44.5478292],[11.2437664,44.5538932],[11.2449876,44.5556868],[11.2501395,44.5540795],[11.2511802,44.5557844],[11.2691114,44.5324791],[11.2706719,44.5348244],[11.2706109,44.5349577],[11.270007,44.535236],[11.2704209,44.5355669],[11.2731941,44.5391882],[11.2734929,44.5390697],[11.2745683,44.5407172],[11.2755322,44.5403458],[11.2778515,44.5433951],[11.2780021,44.5437781],[11.2774746,44.5439629],[11.2772018,44.5443128],[11.2781082,44.5458814],[11.2768929,44.5463107],[11.2777663,44.5477513],[11.2789709,44.5473985],[11.2787287,44.5469398],[11.2804381,44.5464322],[11.2817858,44.5485054],[11.2823766,44.5480095],[11.2824273,44.5477797],[11.2827154,44.5477294],[11.2829733,44.5475809],[11.2828408,44.5469053],[11.2866574,44.5447791],[11.2868967,44.5447617],[11.286967,44.5445739],[11.2873668,44.5442319],[11.2896824,44.5425079],[11.2930119,44.5389056],[11.2910367,44.5358109],[11.3007932,44.5335572],[11.3043043,44.5325478],[11.3092897,44.5295001],[11.3097091,44.5312467],[11.3086224,44.5321947],[11.3087162,44.5328449],[11.3086183,44.533298],[11.3086636,44.533942],[11.308094,44.5344203],[11.3075682,44.5345503],[11.3071672,44.5348601],[11.3070331,44.5350704],[11.307119,44.5352463],[11.308153,44.5356172],[11.3088785,44.5368618],[11.3093613,44.5372538],[11.3108472,44.5388674],[11.3112871,44.5394524],[11.3126086,44.5408305],[11.3135785,44.5415768],[11.3149671,44.54284],[11.3151406,44.5449597],[11.3148536,44.5455897],[11.3140271,44.5464384],[11.3134906,44.5472214],[11.3150607,44.5468722],[11.3159241,44.5465969],[11.3162726,44.5465774],[11.3202391,44.5453296],[11.3204804,44.5452448],[11.320455,44.5448992],[11.3207189,44.544958],[11.3209167,44.5453247],[11.3221351,44.5462846],[11.322355,44.5464184],[11.323193,44.5466232],[11.32368,44.5468734],[11.323959,44.547336],[11.3252733,44.5471563],[11.3268008,44.5467931],[11.3273542,44.5471334],[11.3290615,44.5473026],[11.3314531,44.5473436],[11.3336793,44.5466784],[11.3348901,44.5464282],[11.3329875,44.5442775],[11.335891,44.5429948],[11.3363723,44.5435937],[11.3366427,44.5459871],[11.3372552,44.5470349],[11.3373732,44.5476652],[11.3374806,44.5478637],[11.3382989,44.5482124],[11.3390932,44.5491475],[11.3392016,44.549462],[11.339194,44.5497832],[11.3395155,44.5501903],[11.3400793,44.5504192],[11.3403586,44.5507409],[11.3432857,44.5524364],[11.3437454,44.5533348],[11.3479307,44.5521046],[11.3494748,44.5522065],[11.350033,44.5523298],[11.3502046,44.5522382],[11.3516076,44.5519927],[11.3523313,44.5515888],[11.353249,44.5531736],[11.3538001,44.5528362],[11.355219,44.552517],[11.3573041,44.5518996],[11.3588525,44.5527121],[11.3590757,44.552921],[11.3595962,44.5537229],[11.3598258,44.5539122],[11.361135,44.5545217],[11.3616772,44.5552914],[11.3621774,44.5554623],[11.3629746,44.5555433],[11.3635971,44.5558933],[11.3641414,44.556094],[11.3661897,44.5554462],[11.3647396,44.5525261],[11.3704942,44.5516349],[11.3706927,44.5519827],[11.3708027,44.5519598],[11.3712499,44.5527516],[11.374674,44.5519378],[11.3768343,44.5513405],[11.3759765,44.5498476],[11.3807227,44.5485267],[11.380988,44.5481329],[11.3908231,44.5455345],[11.3894792,44.5433665],[11.3886817,44.5418756],[11.388555,44.5415519],[11.3887055,44.5414489],[11.3890976,44.5414787],[11.3898271,44.5412931],[11.3906832,44.542708],[11.3944458,44.5414809],[11.3953633,44.5429878],[11.3991956,44.5417074],[11.3986441,44.5409354],[11.400538,44.540134],[11.4007395,44.5402759],[11.4013156,44.5411989],[11.4043765,44.5403397],[11.4060709,44.5427483],[11.4148703,44.5399935],[11.4095238,44.5312949],[11.4081534,44.5293876],[11.4073928,44.528506],[11.4142987,44.52564],[11.4165613,44.5268617],[11.419438,44.5286145],[11.4198653,44.5293392],[11.4202058,44.5289211],[11.4203189,44.528619],[11.4206113,44.5285866],[11.4208985,44.5282818],[11.4207872,44.5280939],[11.4203732,44.5277467],[11.4205001,44.5274071],[11.4209118,44.5268029],[11.4208661,44.5260686],[11.4213061,44.5255982],[11.4215099,44.5252081],[11.4215562,44.5248819],[11.421236,44.5241323],[11.4243405,44.5231908],[11.4253426,44.5227976],[11.4244164,44.5216263],[11.4242296,44.521123],[11.4242855,44.5205759],[11.4246851,44.5198761],[11.4246636,44.5195905],[11.4264323,44.5190081],[11.4275213,44.5207392],[11.4303373,44.5195959],[11.4269474,44.5153489],[11.431679,44.5137723],[11.4334471,44.5130388],[11.4321622,44.5107296],[11.4288428,44.5065267],[11.4289705,44.506271],[11.4282815,44.5054737],[11.4280924,44.5057684],[11.4274125,44.5060635],[11.4265297,44.5039377],[11.4255203,44.5011552],[11.4251911,44.5006589],[11.4231192,44.5011992],[11.422397,44.4983636],[11.4205425,44.498413],[11.4197508,44.4974078],[11.4192203,44.4966571],[11.4216218,44.4960978],[11.4183839,44.4924453],[11.4173975,44.4910289],[11.4173376,44.4907737],[11.4174926,44.4904379],[11.4180043,44.4902541],[11.4204077,44.489543],[11.4241696,44.4887766],[11.4245867,44.4901254],[11.4271718,44.4892079],[11.425899,44.4873183],[11.4252859,44.4871857],[11.4248702,44.4869541],[11.4246303,44.4867693],[11.4239723,44.4859038],[11.4239785,44.4857366],[11.4245626,44.485298],[11.4253413,44.4850506],[11.425571,44.484884],[11.4255877,44.4845014],[11.4253303,44.4842725],[11.4248668,44.4841289],[11.4233753,44.4838836],[11.4221118,44.4838372],[11.4181582,44.4840051],[11.4168356,44.4841764],[11.4157689,44.4837634],[11.4150039,44.4826782],[11.4149637,44.4819926],[11.4145376,44.4815108],[11.4133754,44.4811142],[11.4122858,44.4810479],[11.4119623,44.4809388],[11.4115895,44.4804964],[11.40975,44.4793374],[11.4093064,44.478965],[11.4088215,44.4784592],[11.4084548,44.4778452],[11.4080656,44.477489],[11.4051892,44.4763589],[11.4038034,44.4754328],[11.4025981,44.474309],[11.4016393,44.4732132],[11.400868,44.4720476],[11.3992276,44.4703484],[11.3986716,44.4691373],[11.3983588,44.4688004],[11.3979858,44.4685397],[11.3972305,44.4682107],[11.395625,44.4682369],[11.3950995,44.4681915],[11.3946395,44.4680273],[11.3952454,44.4673149],[11.3969206,44.4663637],[11.3991318,44.4648759],[11.4005473,44.4641385],[11.4014774,44.4634503],[11.4024629,44.4629762],[11.4011039,44.4612235],[11.4007132,44.4613798],[11.4003205,44.4608554],[11.4002061,44.460851],[11.3976343,44.461978],[11.3975344,44.4619094],[11.3949896,44.4636764],[11.3943855,44.4633477],[11.3936141,44.4627712],[11.393454,44.4625374],[11.3934831,44.4623089],[11.3930236,44.4617551],[11.3915388,44.4618569],[11.390832,44.4615451],[11.3895459,44.4606186],[11.3878837,44.4603155],[11.3878595,44.460454],[11.3864278,44.460506],[11.3869495,44.4618655],[11.3863513,44.4619306],[11.3854047,44.4606437],[11.3846905,44.4605835],[11.3836562,44.46028],[11.3830613,44.4599827],[11.3826503,44.4593966],[11.3820934,44.4590098],[11.3791171,44.4600311],[11.3780881,44.4596836],[11.3749771,44.458972],[11.3746014,44.4587296],[11.3740571,44.4581146],[11.374038,44.4579965],[11.3740674,44.4577853],[11.3745131,44.4570387],[11.3745399,44.4567789],[11.3744403,44.4565272],[11.3739616,44.4564712],[11.3738787,44.4562017],[11.373908,44.4559884],[11.3743015,44.4551362],[11.3746563,44.4539192],[11.374407,44.4530108],[11.3740342,44.4528203],[11.3728023,44.4526304],[11.3727312,44.4525278],[11.3727722,44.4523993],[11.3726355,44.4518412],[11.3727104,44.4516882],[11.3731664,44.4513806],[11.3734704,44.450682],[11.3732633,44.4494531],[11.3731235,44.4493484],[11.3717984,44.4488582],[11.3715842,44.4486668],[11.3706317,44.4484537],[11.370062,44.4481173],[11.3692869,44.4477965],[11.3687398,44.4481638],[11.3680559,44.4483544],[11.3676325,44.4488566],[11.3671394,44.4492869],[11.3656306,44.4495492],[11.3651184,44.4497237],[11.3637803,44.4502556],[11.3623547,44.4509943],[11.3618211,44.450611],[11.361059,44.449758],[11.3588192,44.4477993],[11.3582821,44.4467992],[11.3580142,44.4468242],[11.3577803,44.4466526],[11.3578772,44.4457132],[11.3576878,44.4453452],[11.3567095,44.444944],[11.3561462,44.4449475],[11.3560161,44.4448516],[11.3554095,44.4436821],[11.3551784,44.4435226],[11.3542739,44.4431866],[11.3537303,44.4431926],[11.3527832,44.443004],[11.3523906,44.4426341],[11.3523501,44.4422385],[11.3521529,44.4421824],[11.350072,44.4422397],[11.3487055,44.4425543],[11.3477878,44.442545],[11.3476518,44.4424831],[11.3467978,44.4414612],[11.3468346,44.4411691],[11.3464764,44.4411326],[11.346046,44.4413001],[11.3456244,44.4413232],[11.3447958,44.4412178],[11.3446949,44.4411451],[11.3448006,44.4408363],[11.344785,44.4406056],[11.3450434,44.4400453],[11.3458162,44.439407],[11.345953,44.4396868],[11.3462718,44.4398193],[11.3463094,44.4395014],[11.3460767,44.4385951],[11.3458816,44.43827],[11.3461216,44.4376016],[11.3461914,44.4369964],[11.3464665,44.4365244],[11.3450273,44.4361614],[11.3446571,44.4359437],[11.3437023,44.4357324],[11.3430103,44.4357133],[11.3425462,44.4357554],[11.3420983,44.4360887],[11.3418603,44.4361202],[11.3406919,44.4354759],[11.3404977,44.435787],[11.3394296,44.4360972],[11.3391887,44.4365602],[11.3383037,44.4371353],[11.3356751,44.4382001],[11.3353346,44.438569],[11.3345263,44.4386749],[11.3343783,44.4381273],[11.3341878,44.4377788],[11.3338477,44.4373911],[11.3334073,44.4372904],[11.3333778,44.4369304],[11.3329567,44.4367408],[11.3321165,44.4355691],[11.3319455,44.4351588],[11.331507,44.4345364],[11.3314023,44.4339063],[11.3316491,44.4336592],[11.3317215,44.4333547],[11.3316598,44.4329831],[11.331502,44.4327253],[11.3319133,44.4323511],[11.3323746,44.4322476],[11.3328964,44.4323341],[11.3349272,44.4321992],[11.3363229,44.4317995],[11.3372133,44.4316539],[11.3376479,44.4316654],[11.3374333,44.4312862],[11.3372865,44.4306035],[11.3372724,44.4301331],[11.337385,44.4299071],[11.3371866,44.4291939],[11.3373427,44.4289633],[11.337361,44.4286803],[11.3369833,44.4280554],[11.3369061,44.4276474],[11.335031,44.4268771],[11.3343406,44.4264754],[11.3335486,44.426165],[11.333167,44.4257979],[11.3328229,44.4256247],[11.3319269,44.4253281],[11.3308131,44.4251294],[11.3296963,44.4248063],[11.3287036,44.4242131],[11.3271577,44.4236401],[11.3263297,44.4234989],[11.3249883,44.4227753],[11.3245022,44.4227339],[11.3230741,44.4228948],[11.3226295,44.4228459],[11.319406,44.4219343],[11.319014,44.4215444],[11.3187869,44.4214241],[11.3177152,44.4211793],[11.3149931,44.4213785],[11.3143678,44.4214907],[11.3138988,44.4213804],[11.3133451,44.4210532],[11.3124481,44.4219182],[11.3113158,44.4222801],[11.31083,44.4226697],[11.3104074,44.4227239],[11.3092388,44.4233961],[11.3089,44.4238886],[11.3083045,44.4242641],[11.3081758,44.4245323],[11.3078164,44.4246587],[11.3075106,44.4249537],[11.3069205,44.4253329],[11.3064806,44.4255168],[11.3061963,44.4258463],[11.3053595,44.4261796],[11.3051046,44.4264095],[11.3048579,44.426375],[11.3044729,44.426897],[11.3034271,44.4273513],[11.3020145,44.4277856],[11.3015438,44.4277083],[11.3008604,44.4283066],[11.3007691,44.4284677],[11.3007319,44.4290341],[11.3010295,44.4296045],[11.3005705,44.430477],[11.2993534,44.4310781],[11.2983773,44.4313844],[11.2975035,44.4320125],[11.2966361,44.4327954],[11.2951142,44.4335531],[11.2940109,44.4333953],[11.2925548,44.433735],[11.2921071,44.4334511],[11.2923315,44.4331493],[11.2920198,44.4330803],[11.2926957,44.4324636],[11.292744,44.4320958],[11.293086,44.4317787],[11.2937409,44.4304008],[11.2934786,44.428777],[11.2934678,44.4275971],[11.292918,44.4274534],[11.2925666,44.427463],[11.2923145,44.4271489],[11.2914591,44.4269234],[11.290563,44.4272082],[11.2901366,44.427212],[11.289458,44.4270051],[11.2882113,44.4267979],[11.2858209,44.4265492],[11.2835073,44.4264967],[11.2824011,44.4263692],[11.2826597,44.4267282],[11.282728,44.4284841],[11.2832933,44.4301135],[11.2832018,44.4307955],[11.2833618,44.4309515],[11.2834016,44.431184],[11.2836032,44.4314775],[11.2843354,44.4315222],[11.2845161,44.432304],[11.2844721,44.4328747],[11.2841355,44.4335498],[11.283853,44.4346956],[11.2842438,44.4362036],[11.2850277,44.437758],[11.2849187,44.4389615],[11.2834469,44.4392962],[11.2826417,44.439292],[11.2824686,44.439945],[11.2812365,44.4430172],[11.2812885,44.4436479],[11.2814263,44.4440758],[11.2814384,44.4447961],[11.281526,44.4449427],[11.2820343,44.4452974],[11.282048,44.4455898],[11.2824269,44.4469539],[11.2829197,44.449225],[11.2834142,44.4501199],[11.2842581,44.4512431],[11.2842456,44.4520209],[11.2845116,44.452868],[11.2845367,44.4545741],[11.2847211,44.455277],[11.2859734,44.4575312],[11.28662,44.4589975],[11.2870161,44.4596408],[11.2879357,44.4594937],[11.2903364,44.4603097],[11.2913266,44.4605249],[11.2919623,44.4605708],[11.2923567,44.4607603],[11.2923452,44.4608436],[11.2921151,44.4609053],[11.2917103,44.4615805],[11.2916343,44.4619136],[11.2918535,44.462089],[11.2917299,44.4623918],[11.2911086,44.4627369],[11.2909519,44.4630396],[11.2904428,44.4633243],[11.2900626,44.4638225],[11.289755,44.4652527],[11.2897174,44.4661956],[11.2901909,44.4661168],[11.2905969,44.4672046],[11.2906592,44.4675872],[11.2903366,44.4680862],[11.2904133,44.4683486],[11.2913963,44.4688741],[11.2921656,44.4689714],[11.292841,44.4688413],[11.2926893,44.4694908],[11.2919601,44.4708829],[11.2915841,44.4708851],[11.2918528,44.4706398],[11.2919124,44.4703854],[11.2911858,44.4702421],[11.290364,44.4698949],[11.2895686,44.4707141],[11.2895877,44.4712006],[11.2893248,44.4718514],[11.2894321,44.4720773],[11.2906775,44.4720242],[11.2905811,44.4730552],[11.2911317,44.4730087],[11.2913955,44.4730831],[11.2914359,44.4732038],[11.2910427,44.4734534],[11.2906993,44.473507],[11.2908165,44.4737494],[11.2902407,44.4741339],[11.289713,44.4747042],[11.288683,44.4749471],[11.2881673,44.4752858],[11.2880786,44.47556],[11.2880702,44.4760316],[11.2883577,44.4763944],[11.288599,44.4765536],[11.2900123,44.476386],[11.290433,44.4764062],[11.2910445,44.4761836],[11.2914219,44.4759067],[11.2918254,44.4761437],[11.2917462,44.4763187],[11.2913111,44.4767308],[11.2910303,44.4768861],[11.291054,44.4771824],[11.290142,44.4775539],[11.2911727,44.4784582],[11.2914258,44.4788138],[11.2920785,44.4792973],[11.2917351,44.479393],[11.2917083,44.4792859],[11.2909353,44.4792005],[11.290342,44.4797424],[11.2906663,44.4800472],[11.2902233,44.4805778],[11.289452,44.4810971],[11.2895469,44.481193],[11.2901917,44.4813313],[11.2904171,44.4813031],[11.2905398,44.4813906],[11.2905991,44.4817208],[11.2908246,44.4818139],[11.2909868,44.4819889],[11.290872,44.482432],[11.2909986,44.4826691],[11.2915485,44.4825675],[11.292656,44.4819494],[11.2935579,44.4817801],[11.2939654,44.4820058],[11.2943926,44.4818986],[11.294713,44.4826352],[11.2967422,44.4830896],[11.2967759,44.4844093],[11.2966394,44.484907],[11.2966399,44.485381],[11.2967312,44.4856925],[11.2948293,44.4877131],[11.2942821,44.4874578],[11.2934119,44.488832],[11.2935754,44.488879],[11.2932468,44.4895386],[11.2890015,44.4886511],[11.2885455,44.4884611],[11.2880347,44.4878329],[11.2880035,44.4880187],[11.2878964,44.488129],[11.2861825,44.4883633],[11.2859719,44.4883255],[11.2854301,44.4879009],[11.2850349,44.4877604],[11.2846518,44.4886742],[11.2836192,44.489412],[11.2831491,44.48992],[11.2819106,44.4893124],[11.2798889,44.4906446],[11.2789437,44.4914051],[11.2767819,44.4909759],[11.2763769,44.4909568],[11.2726062,44.4900287],[11.2690954,44.49125],[11.2683984,44.490314],[11.2668826,44.4903327],[11.2615184,44.4915316],[11.2565258,44.4929352],[11.2566844,44.4931994],[11.2550787,44.4932616],[11.2562391,44.4951559],[11.2570828,44.497643],[11.2558163,44.4974105],[11.2536884,44.4973297],[11.2515119,44.4971143],[11.2476613,44.4964429],[11.2486307,44.4987329],[11.2501003,44.5011619],[11.2482679,44.5015022],[11.2475912,44.5014208],[11.2468236,44.5011383],[11.2459228,44.5010725],[11.2422975,44.5012189],[11.2406632,44.5017181],[11.2390122,44.5025684],[11.2382005,44.5026802],[11.2357188,44.5032302],[11.2370271,44.5052793],[11.2359623,44.5056703],[11.2360713,44.5057339],[11.2366414,44.5065954],[11.2365832,44.5066703],[11.237006,44.5073483],[11.2325094,44.5089302],[11.2337955,44.5111031],[11.2340998,44.5115466],[11.2344571,44.5118674],[11.2353834,44.512193],[11.2357936,44.5122307],[11.2364156,44.512075],[11.2374014,44.5120986],[11.2377918,44.5122401],[11.2380829,44.5124477],[11.238599,44.5141746],[11.2391349,44.5151181],[11.239479,44.5168449],[11.2396113,44.5171798],[11.2399024,44.5177224],[11.240478,44.5184395],[11.2410867,44.5200151],[11.241272,44.5211568],[11.2412323,44.5216662],[11.2410404,44.5221521],[11.2402465,44.5231805],[11.2393797,44.5237088],[11.2386188,44.52394],[11.2367067,44.5242183],[11.2337426,44.5242938],[11.2331008,44.524223],[11.2318437,44.5246145],[11.2313276,44.5251947],[11.2312019,44.5255249],[11.2308049,44.5257796],[11.2298455,44.5271004],[11.2298124,44.5272655],[11.2301499,44.5278598],[11.2301036,44.5280957],[11.2301697,44.5283504],[11.2300771,44.5290673],[11.2296206,44.5304918],[11.2297066,44.5310578]]]},"properties":{"type":"boundary","gemeente":"Bologna"}}]}