{"type":"FeatureCollection","metadata":{"gemeente":"Brescia","slug":"brescia","generated_at":"2026-09-26T13:09:38.876983Z","total_points":379,"providers":["PosteItaliane","DPD","InPost","GLS","DHL","Amazon"],"bounds":[10.1592649,45.49347,10.2956942,45.58875]},"features":[{"type":"Feature","geometry":{"type":"Point","coordinates":[10.2314334,45.55352939]},"properties":{"type":"pakketpunt","locatieNaam":"Tabaccheria N. 45","straatNaam":"Via San Rocchino","straatNr":"106/a","vervoerder":"PosteItaliane","puntType":"servicepunt","bezettingsgraad":50,"latitude":45.55352939,"longitude":10.2314334,"canPickup":true,"canDropoff":true,"openingstijden":{"za":"06:00 - 19:30","zo":"06:00 - 19:30","ma":"06:00 - 19:30","di":"06:00 - 19:30","wo":"06:00 - 19:30","do":"06:00 - 19:30","vr":"06:00 - 19:30"}}},{"type":"Feature","geometry":{"type":"Point","coordinates":[10.18737535,45.52959534]},"properties":{"type":"pakketpunt","locatieNaam":"Tabaccheria N. 61","straatNaam":"Via Orzinuovi","straatNr":"107","vervoerder":"PosteItaliane","puntType":"servicepunt","bezettingsgraad":50,"latitude":45.52959534,"longitude":10.18737535,"canPickup":true,"canDropoff":true,"openingstijden":{"za":"06:30 - 19:30","zo":"gesloten","ma":"06:30 - 19:30","di":"06:30 - 19:30","wo":"06:30 - 19:30","do":"06:30 - 19:30","vr":"06:30 - 19:30"}}},{"type":"Feature","geometry":{"type":"Point","coordinates":[10.22468315,45.51938941]},"properties":{"type":"pakketpunt","locatieNaam":"Tabaccheria N. 100","straatNaam":"Via Della Volta","straatNr":"2/e","vervoerder":"PosteItaliane","puntType":"servicepunt","bezettingsgraad":50,"latitude":45.51938941,"longitude":10.22468315,"canPickup":true,"canDropoff":true,"openingstijden":{"za":"07:00 - 19:00","zo":"07:00 - 12:00","ma":"07:00 - 19:00","di":"07:00 - 19:00","wo":"07:00 - 19:00","do":"07:00 - 19:00","vr":"07:00 - 19:00"}}},{"type":"Feature","geometry":{"type":"Point","coordinates":[10.21432853,45.5366764]},"properties":{"type":"pakketpunt","locatieNaam":"Tabaccheria N. 14","straatNaam":"Corso Martiri Della Liberta'","straatNr":"42","vervoerder":"PosteItaliane","puntType":"servicepunt","bezettingsgraad":50,"latitude":45.5366764,"longitude":10.21432853,"canPickup":true,"canDropoff":true,"openingstijden":{"za":"06:30 - 20:30","zo":"07:30 - 13:00","ma":"06:30 - 20:30","di":"06:30 - 20:30","wo":"06:30 - 20:30","do":"06:30 - 20:30","vr":"06:30 - 20:30"}}},{"type":"Feature","geometry":{"type":"Point","coordinates":[10.18668953,45.50850847]},"properties":{"type":"pakketpunt","locatieNaam":"Tabaccheria N. 149","straatNaam":"Villaggio Sereno Via Tredicesima","straatNr":"49","vervoerder":"PosteItaliane","puntType":"servicepunt","bezettingsgraad":50,"latitude":45.50850847,"longitude":10.18668953,"canPickup":true,"canDropoff":true,"openingstijden":{"za":"09:00 - 19:30","zo":"gesloten","ma":"09:00 - 19:30","di":"09:00 - 19:30","wo":"09:00 - 19:30","do":"09:00 - 19:30","vr":"09:00 - 19:30"}}},{"type":"Feature","geometry":{"type":"Point","coordinates":[10.208762,45.522647]},"properties":{"type":"pakketpunt","locatieNaam":"Tabaccheria N. 108","straatNaam":"Via Alessandro Lamarmora","straatNr":"93","vervoerder":"PosteItaliane","puntType":"servicepunt","bezettingsgraad":50,"latitude":45.522647,"longitude":10.208762,"canPickup":true,"canDropoff":true,"openingstijden":{"za":"07:00 - 19:30","zo":"08:00 - 12:00","ma":"07:00 - 19:30","di":"07:00 - 19:30","wo":"07:00 - 19:30","do":"07:00 - 19:30","vr":"07:00 - 19:30"}}},{"type":"Feature","geometry":{"type":"Point","coordinates":[10.27190683,45.49347]},"properties":{"type":"pakketpunt","locatieNaam":"Tabaccheria N. 90","straatNaam":"Via Delle Bettole","straatNr":"119","vervoerder":"PosteItaliane","puntType":"servicepunt","bezettingsgraad":50,"latitude":45.49347,"longitude":10.27190683,"canPickup":true,"canDropoff":true,"openingstijden":{"za":"07:00 - 19:30","zo":"gesloten","ma":"07:00 - 19:30","di":"07:00 - 19:30","wo":"07:00 - 19:30","do":"07:00 - 19:30","vr":"07:00 - 19:30"}}},{"type":"Feature","geometry":{"type":"Point","coordinates":[10.22793393,45.52363592]},"properties":{"type":"pakketpunt","locatieNaam":"Brescia 9","straatNaam":"Villaggio Ferrari","straatNr":"25/a","vervoerder":"PosteItaliane","puntType":"postkantoor","bezettingsgraad":50,"latitude":45.52363592,"longitude":10.22793393,"canPickup":true,"canDropoff":true,"openingstijden":{"za":"08:20 - 12:35","zo":"gesloten","ma":"08:20 - 13:35","di":"08:20 - 13:35","wo":"08:20 - 13:35","do":"08:20 - 13:35","vr":"08:20 - 13:35"}}},{"type":"Feature","geometry":{"type":"Point","coordinates":[10.23067965,45.58220547]},"properties":{"type":"pakketpunt","locatieNaam":"Stocchetta","straatNaam":"Villaggio Prealpino Via Prima","straatNr":"38","vervoerder":"PosteItaliane","puntType":"postkantoor","bezettingsgraad":50,"latitude":45.58220547,"longitude":10.23067965,"canPickup":true,"canDropoff":true,"openingstijden":{"za":"08:20 - 12:35","zo":"gesloten","ma":"08:20 - 13:35","di":"08:20 - 13:35","wo":"08:20 - 13:35","do":"08:20 - 13:35","vr":"08:20 - 13:35"}}},{"type":"Feature","geometry":{"type":"Point","coordinates":[10.18798296,45.51168566]},"properties":{"type":"pakketpunt","locatieNaam":"Brescia 15","straatNaam":"Villaggio Sereno Traversa Xii","straatNr":"63","vervoerder":"PosteItaliane","puntType":"postkantoor","bezettingsgraad":50,"latitude":45.51168566,"longitude":10.18798296,"canPickup":true,"canDropoff":true,"openingstijden":{"za":"08:20 - 12:35","zo":"gesloten","ma":"08:20 - 13:35","di":"08:20 - 13:35","wo":"08:20 - 13:35","do":"08:20 - 13:35","vr":"08:20 - 13:35"}}},{"type":"Feature","geometry":{"type":"Point","coordinates":[10.21935375,45.5379934]},"properties":{"type":"pakketpunt","locatieNaam":"Brescia Centro","straatNaam":"Piazza Della Vittoria","straatNr":"1","vervoerder":"PosteItaliane","puntType":"postkantoor","bezettingsgraad":50,"latitude":45.5379934,"longitude":10.21935375,"canPickup":true,"canDropoff":true,"openingstijden":{"za":"08:20 - 12:35","zo":"gesloten","ma":"08:20 - 19:05","di":"08:20 - 19:05","wo":"08:20 - 19:05","do":"08:20 - 19:05","vr":"08:20 - 19:05"}}},{"type":"Feature","geometry":{"type":"Point","coordinates":[10.22032115,45.54623721]},"properties":{"type":"pakketpunt","locatieNaam":"Brescia 4","straatNaam":"Via Ugo Foscolo","straatNr":"1/a","vervoerder":"PosteItaliane","puntType":"postkantoor","bezettingsgraad":50,"latitude":45.54623721,"longitude":10.22032115,"canPickup":true,"canDropoff":true,"openingstijden":{"za":"08:20 - 12:35","zo":"gesloten","ma":"08:20 - 19:05","di":"08:20 - 19:05","wo":"08:20 - 19:05","do":"08:20 - 19:05","vr":"08:20 - 19:05"}}},{"type":"Feature","geometry":{"type":"Point","coordinates":[10.27196976,45.52167198]},"properties":{"type":"pakketpunt","locatieNaam":"Sant'eufemia Della Fonte","straatNaam":"Via Indipendenza","straatNr":"56","vervoerder":"PosteItaliane","puntType":"postkantoor","bezettingsgraad":50,"latitude":45.52167198,"longitude":10.27196976,"canPickup":true,"canDropoff":true,"openingstijden":{"za":"08:20 - 12:45","zo":"gesloten","ma":"08:20 - 13:45","di":"08:20 - 13:45","wo":"08:20 - 13:45","do":"08:20 - 13:45","vr":"08:20 - 13:45"}}},{"type":"Feature","geometry":{"type":"Point","coordinates":[10.2560827,45.50732574]},"properties":{"type":"pakketpunt","locatieNaam":"San Polo","straatNaam":"Via Vittorio Arici","straatNr":"131","vervoerder":"PosteItaliane","puntType":"postkantoor","bezettingsgraad":50,"latitude":45.50732574,"longitude":10.2560827,"canPickup":true,"canDropoff":true,"openingstijden":{"za":"08:20 - 12:35","zo":"gesloten","ma":"08:20 - 13:35","di":"08:20 - 13:35","wo":"08:20 - 13:35","do":"08:20 - 13:35","vr":"08:20 - 13:35"}}},{"type":"Feature","geometry":{"type":"Point","coordinates":[10.1917738,45.52744773]},"properties":{"type":"pakketpunt","locatieNaam":"Brescia 17","straatNaam":"Via Bologna","straatNr":"2","vervoerder":"PosteItaliane","puntType":"postkantoor","bezettingsgraad":50,"latitude":45.52744773,"longitude":10.1917738,"canPickup":true,"canDropoff":true,"openingstijden":{"za":"08:20 - 12:35","zo":"gesloten","ma":"08:20 - 13:35","di":"08:20 - 13:35","wo":"08:20 - 13:35","do":"08:20 - 13:35","vr":"08:20 - 13:35"}}},{"type":"Feature","geometry":{"type":"Point","coordinates":[10.25729468,45.52236492]},"properties":{"type":"pakketpunt","locatieNaam":"San Polo 1","straatNaam":"Via Antonio Allegri","straatNr":"13","vervoerder":"PosteItaliane","puntType":"postkantoor","bezettingsgraad":50,"latitude":45.52236492,"longitude":10.25729468,"canPickup":true,"canDropoff":true,"openingstijden":{"za":"08:20 - 12:35","zo":"gesloten","ma":"08:20 - 13:35","di":"08:20 - 13:35","wo":"08:20 - 13:35","do":"08:20 - 13:35","vr":"08:20 - 13:35"}}},{"type":"Feature","geometry":{"type":"Point","coordinates":[10.23982461,45.5308585]},"properties":{"type":"pakketpunt","locatieNaam":"Brescia 7","straatNaam":"Viale Del Piave","straatNr":"39","vervoerder":"PosteItaliane","puntType":"postkantoor","bezettingsgraad":50,"latitude":45.5308585,"longitude":10.23982461,"canPickup":true,"canDropoff":true,"openingstijden":{"za":"08:20 - 12:35","zo":"gesloten","ma":"08:20 - 13:35","di":"08:20 - 13:35","wo":"08:20 - 13:35","do":"08:20 - 13:35","vr":"08:20 - 13:35"}}},{"type":"Feature","geometry":{"type":"Point","coordinates":[10.18974568,45.55363467]},"properties":{"type":"pakketpunt","locatieNaam":"Brescia 11","straatNaam":"Viale Caduti Del Lavoro","straatNr":"65","vervoerder":"PosteItaliane","puntType":"postkantoor","bezettingsgraad":50,"latitude":45.55363467,"longitude":10.18974568,"canPickup":true,"canDropoff":true,"openingstijden":{"za":"08:20 - 12:35","zo":"gesloten","ma":"08:20 - 13:35","di":"08:20 - 13:35","wo":"08:20 - 13:35","do":"08:20 - 13:35","vr":"08:20 - 13:35"}}},{"type":"Feature","geometry":{"type":"Point","coordinates":[10.16039024,45.54941222]},"properties":{"type":"pakketpunt","locatieNaam":"Mandolossa Di Brescia","straatNaam":"Villaggio Badia Via Prima","straatNr":"76","vervoerder":"PosteItaliane","puntType":"postkantoor","bezettingsgraad":50,"latitude":45.54941222,"longitude":10.16039024,"canPickup":true,"canDropoff":true,"openingstijden":{"za":"08:20 - 12:45","zo":"gesloten","ma":"08:20 - 13:45","di":"08:20 - 13:45","wo":"08:20 - 13:45","do":"08:20 - 13:45","vr":"08:20 - 13:45"}}},{"type":"Feature","geometry":{"type":"Point","coordinates":[10.27351062,45.49613503]},"properties":{"type":"pakketpunt","locatieNaam":"Bettole Di Buffalora","straatNaam":"Via Buffalora","straatNr":"101","vervoerder":"PosteItaliane","puntType":"postkantoor","bezettingsgraad":50,"latitude":45.49613503,"longitude":10.27351062,"canPickup":true,"canDropoff":true,"openingstijden":{"za":"08:20 - 12:45","zo":"gesloten","ma":"08:20 - 13:45","di":"08:20 - 13:45","wo":"08:20 - 13:45","do":"08:20 - 13:45","vr":"08:20 - 13:45"}}},{"type":"Feature","geometry":{"type":"Point","coordinates":[10.24151633,45.56941652]},"properties":{"type":"pakketpunt","locatieNaam":"Mompiano","straatNaam":"Via Lama","straatNr":"1","vervoerder":"PosteItaliane","puntType":"postkantoor","bezettingsgraad":50,"latitude":45.56941652,"longitude":10.24151633,"canPickup":true,"canDropoff":true,"openingstijden":{"za":"08:20 - 12:35","zo":"gesloten","ma":"08:20 - 13:35","di":"08:20 - 13:35","wo":"08:20 - 13:35","do":"08:20 - 13:35","vr":"08:20 - 13:35"}}},{"type":"Feature","geometry":{"type":"Point","coordinates":[10.21592175,45.53185241]},"properties":{"type":"pakketpunt","locatieNaam":"Brescia 6","straatNaam":"Via Lattanzio Gambara","straatNr":"12","vervoerder":"PosteItaliane","puntType":"postkantoor","bezettingsgraad":50,"latitude":45.53185241,"longitude":10.21592175,"canPickup":true,"canDropoff":true,"openingstijden":{"za":"08:20 - 12:35","zo":"gesloten","ma":"08:20 - 19:05","di":"08:20 - 19:05","wo":"08:20 - 19:05","do":"08:20 - 19:05","vr":"08:20 - 19:05"}}},{"type":"Feature","geometry":{"type":"Point","coordinates":[10.16697643,45.51875542]},"properties":{"type":"pakketpunt","locatieNaam":"Brescia 18","straatNaam":"Via Achille Grandi","straatNr":"1","vervoerder":"PosteItaliane","puntType":"postkantoor","bezettingsgraad":50,"latitude":45.51875542,"longitude":10.16697643,"canPickup":true,"canDropoff":true,"openingstijden":{"za":"gesloten","zo":"gesloten","ma":"08:20 - 13:45","di":"gesloten","wo":"08:20 - 13:45","do":"gesloten","vr":"08:20 - 13:45"}}},{"type":"Feature","geometry":{"type":"Point","coordinates":[10.21046953,45.52377834]},"properties":{"type":"pakketpunt","locatieNaam":"Brescia 10","straatNaam":"Via Cipro","straatNr":"112","vervoerder":"PosteItaliane","puntType":"postkantoor","bezettingsgraad":50,"latitude":45.52377834,"longitude":10.21046953,"canPickup":true,"canDropoff":true,"openingstijden":{"za":"08:20 - 12:35","zo":"gesloten","ma":"08:20 - 19:05","di":"08:20 - 19:05","wo":"08:20 - 19:05","do":"08:20 - 19:05","vr":"08:20 - 19:05"}}},{"type":"Feature","geometry":{"type":"Point","coordinates":[10.21977055,45.56624494]},"properties":{"type":"pakketpunt","locatieNaam":"Brescia 16","straatNaam":"Via Scuole","straatNr":"32","vervoerder":"PosteItaliane","puntType":"postkantoor","bezettingsgraad":50,"latitude":45.56624494,"longitude":10.21977055,"canPickup":true,"canDropoff":true,"openingstijden":{"za":"08:20 - 12:45","zo":"gesloten","ma":"08:20 - 13:45","di":"08:20 - 13:45","wo":"08:20 - 13:45","do":"08:20 - 13:45","vr":"08:20 - 13:45"}}},{"type":"Feature","geometry":{"type":"Point","coordinates":[10.20428255,45.56090424]},"properties":{"type":"pakketpunt","locatieNaam":"Brescia 13","straatNaam":"Via Don Giacomo Vender","straatNr":"90","vervoerder":"PosteItaliane","puntType":"postkantoor","bezettingsgraad":50,"latitude":45.56090424,"longitude":10.20428255,"canPickup":true,"canDropoff":true,"openingstijden":{"za":"08:20 - 12:35","zo":"gesloten","ma":"08:20 - 19:05","di":"08:20 - 19:05","wo":"08:20 - 19:05","do":"08:20 - 19:05","vr":"08:20 - 19:05"}}},{"type":"Feature","geometry":{"type":"Point","coordinates":[10.21585316,45.55486244]},"properties":{"type":"pakketpunt","locatieNaam":"Brescia 8","straatNaam":"Via Francesco Baracca","straatNr":"24","vervoerder":"PosteItaliane","puntType":"postkantoor","bezettingsgraad":50,"latitude":45.55486244,"longitude":10.21585316,"canPickup":true,"canDropoff":true,"openingstijden":{"za":"08:20 - 12:35","zo":"gesloten","ma":"08:20 - 13:35","di":"08:20 - 13:35","wo":"08:20 - 13:35","do":"08:20 - 13:35","vr":"08:20 - 13:35"}}},{"type":"Feature","geometry":{"type":"Point","coordinates":[10.19801432,45.54657759]},"properties":{"type":"pakketpunt","locatieNaam":"Brescia 5","straatNaam":"Via Carolina Bevilacqua","straatNr":"25","vervoerder":"PosteItaliane","puntType":"postkantoor","bezettingsgraad":50,"latitude":45.54657759,"longitude":10.19801432,"canPickup":true,"canDropoff":true,"openingstijden":{"za":"08:20 - 12:35","zo":"gesloten","ma":"08:20 - 13:35","di":"08:20 - 13:35","wo":"08:20 - 13:35","do":"08:20 - 13:35","vr":"08:20 - 13:35"}}},{"type":"Feature","geometry":{"type":"Point","coordinates":[10.17092682,45.50253368]},"properties":{"type":"pakketpunt","locatieNaam":"Fornaci","straatNaam":"Via Fornaci","straatNr":"16","vervoerder":"PosteItaliane","puntType":"postkantoor","bezettingsgraad":50,"latitude":45.50253368,"longitude":10.17092682,"canPickup":true,"canDropoff":true,"openingstijden":{"za":"08:20 - 12:35","zo":"gesloten","ma":"08:20 - 13:35","di":"08:20 - 13:35","wo":"08:20 - 13:35","do":"08:20 - 13:35","vr":"08:20 - 13:35"}}},{"type":"Feature","geometry":{"type":"Point","coordinates":[10.22548757,45.5466044]},"properties":{"type":"pakketpunt","locatieNaam":"Brescia 1","straatNaam":"Via Cesare Lombroso","straatNr":"42","vervoerder":"PosteItaliane","puntType":"postkantoor","bezettingsgraad":50,"latitude":45.5466044,"longitude":10.22548757,"canPickup":true,"canDropoff":true,"openingstijden":{"za":"08:20 - 12:35","zo":"gesloten","ma":"08:20 - 13:35","di":"08:20 - 13:35","wo":"08:20 - 13:35","do":"08:20 - 13:35","vr":"08:20 - 13:35"}}},{"type":"Feature","geometry":{"type":"Point","coordinates":[10.20742925,45.53069204]},"properties":{"type":"pakketpunt","locatieNaam":"Brescia 14","straatNaam":"Via Canipari","straatNr":"4/a","vervoerder":"PosteItaliane","puntType":"postkantoor","bezettingsgraad":50,"latitude":45.53069204,"longitude":10.20742925,"canPickup":true,"canDropoff":true,"openingstijden":{"za":"08:20 - 12:35","zo":"gesloten","ma":"08:20 - 13:35","di":"08:20 - 13:35","wo":"08:20 - 13:35","do":"08:20 - 13:35","vr":"08:20 - 13:35"}}},{"type":"Feature","geometry":{"type":"Point","coordinates":[10.21214195,45.54197399]},"properties":{"type":"pakketpunt","locatieNaam":"Tabaccheria N. 6","straatNaam":"Via Calatafimi","straatNr":"2","vervoerder":"PosteItaliane","puntType":"servicepunt","bezettingsgraad":50,"latitude":45.54197399,"longitude":10.21214195,"canPickup":true,"canDropoff":true,"openingstijden":{"za":"07:00 - 20:00","zo":"07:00 - 20:00","ma":"07:00 - 20:00","di":"07:00 - 20:00","wo":"07:00 - 20:00","do":"07:00 - 20:00","vr":"07:00 - 20:00"}}},{"type":"Feature","geometry":{"type":"Point","coordinates":[10.23198028,45.52002609]},"properties":{"type":"pakketpunt","locatieNaam":"Tabacchino","straatNaam":"Via Leonida Bissolati","straatNr":"19","vervoerder":"PosteItaliane","puntType":"servicepunt","bezettingsgraad":50,"latitude":45.52002609,"longitude":10.23198028,"canPickup":true,"canDropoff":true,"openingstijden":{"za":"07:00 - 19:30","zo":"gesloten","ma":"07:00 - 19:30","di":"07:00 - 19:30","wo":"07:00 - 19:30","do":"07:00 - 19:30","vr":"07:00 - 19:30"}}},{"type":"Feature","geometry":{"type":"Point","coordinates":[10.18937045,45.52651621]},"properties":{"type":"pakketpunt","locatieNaam":"Tabaccheria N. 143","straatNaam":"Via Torino","straatNr":"35","vervoerder":"PosteItaliane","puntType":"servicepunt","bezettingsgraad":50,"latitude":45.52651621,"longitude":10.18937045,"canPickup":true,"canDropoff":true,"openingstijden":{"za":"07:30 - 12:30, 15:00 - 19:30","zo":"gesloten","ma":"07:30 - 12:30, 15:00 - 19:30","di":"07:30 - 12:30, 15:00 - 19:30","wo":"07:30 - 12:30, 15:00 - 19:30","do":"gesloten","vr":"gesloten"}}},{"type":"Feature","geometry":{"type":"Point","coordinates":[10.199199,45.52721]},"properties":{"type":"pakketpunt","locatieNaam":"Tabaccheria N. 190","straatNaam":"Via Sorelle Ambrosetti","straatNr":"10","vervoerder":"PosteItaliane","puntType":"servicepunt","bezettingsgraad":50,"latitude":45.52721,"longitude":10.199199,"canPickup":true,"canDropoff":true,"openingstijden":{"za":"09:00 - 20:00","zo":"09:00 - 20:00","ma":"09:00 - 20:00","di":"09:00 - 20:00","wo":"09:00 - 20:00","do":"09:00 - 20:00","vr":"09:00 - 20:00"}}},{"type":"Feature","geometry":{"type":"Point","coordinates":[10.21592175,45.53185241]},"properties":{"type":"pakketpunt","locatieNaam":"Ufficio Postale Brescia 6","straatNaam":"Via Lattanzio Gambara","straatNr":"12","vervoerder":"PosteItaliane","puntType":"automaat","bezettingsgraad":50,"latitude":45.53185241,"longitude":10.21592175,"canPickup":true,"canDropoff":true,"openingstijden":{"za":"08:20 - 12:35","zo":"gesloten","ma":"08:20 - 19:05","di":"08:20 - 19:05","wo":"08:20 - 19:05","do":"08:20 - 19:05","vr":"08:20 - 19:05"}}},{"type":"Feature","geometry":{"type":"Point","coordinates":[10.20158065,45.53582281]},"properties":{"type":"pakketpunt","locatieNaam":"Postapower Brescia","straatNaam":"Via Rose Di Sotto","straatNr":"4/c","vervoerder":"PosteItaliane","puntType":"automaat","bezettingsgraad":50,"latitude":45.53582281,"longitude":10.20158065,"canPickup":true,"canDropoff":true,"openingstijden":{"za":"gesloten","zo":"gesloten","ma":"09:00 - 14:00","di":"09:00 - 14:00","wo":"09:00 - 14:00","do":"09:00 - 14:00","vr":"09:00 - 14:00"}}},{"type":"Feature","geometry":{"type":"Point","coordinates":[10.21554601,45.53846843]},"properties":{"type":"pakketpunt","locatieNaam":"Tabaccheria N. 1","straatNaam":"Via Della Pace","straatNr":"29/e","vervoerder":"PosteItaliane","puntType":"automaat","bezettingsgraad":50,"latitude":45.53846843,"longitude":10.21554601,"canPickup":true,"canDropoff":true,"openingstijden":{"za":"07:30 - 12:30","zo":"gesloten","ma":"07:30 - 19:30","di":"07:30 - 19:30","wo":"07:30 - 19:30","do":"07:30 - 19:30","vr":"07:30 - 19:30"}}},{"type":"Feature","geometry":{"type":"Point","coordinates":[10.22070433,45.53281229]},"properties":{"type":"pakketpunt","locatieNaam":"Tabaccheria N. 67","straatNaam":"Via Floriano Ferramola","straatNr":"6","vervoerder":"PosteItaliane","puntType":"servicepunt","bezettingsgraad":50,"latitude":45.53281229,"longitude":10.22070433,"canPickup":true,"canDropoff":true,"openingstijden":{"za":"06:30 - 19:30","zo":"gesloten","ma":"06:30 - 19:30","di":"06:30 - 19:30","wo":"06:30 - 19:30","do":"06:30 - 19:30","vr":"06:30 - 19:30"}}},{"type":"Feature","geometry":{"type":"Point","coordinates":[10.21290799,45.54950798]},"properties":{"type":"pakketpunt","locatieNaam":"Punto Poste Mariana","straatNaam":"Via Sant'eustacchio","straatNr":"6/c","vervoerder":"PosteItaliane","puntType":"servicepunt","bezettingsgraad":50,"latitude":45.54950798,"longitude":10.21290799,"canPickup":true,"canDropoff":true,"openingstijden":{"za":"06:30 - 16:00","zo":"gesloten","ma":"06:30 - 14:00, 16:00 - 19:00","di":"06:30 - 14:00, 16:00 - 19:00","wo":"06:30 - 14:00, 16:00 - 19:00","do":"06:30 - 14:00, 16:00 - 19:00","vr":"06:30 - 14:00, 16:00 - 19:00"}}},{"type":"Feature","geometry":{"type":"Point","coordinates":[10.18362773,45.52217626]},"properties":{"type":"pakketpunt","locatieNaam":"Galleria Bennet Brescia","straatNaam":"Via Genova","straatNr":"76","vervoerder":"PosteItaliane","puntType":"automaat","bezettingsgraad":50,"latitude":45.52217626,"longitude":10.18362773,"canPickup":true,"canDropoff":true,"openingstijden":{"za":"09:00 - 20:00","zo":"09:00 - 20:00","ma":"09:00 - 20:00","di":"09:00 - 20:00","wo":"09:00 - 20:00","do":"09:00 - 20:00","vr":"09:00 - 20:00"}}},{"type":"Feature","geometry":{"type":"Point","coordinates":[10.23023737,45.5367298]},"properties":{"type":"pakketpunt","locatieNaam":"Tabaccheria N. 9","straatNaam":"Via Trieste","straatNr":"55/a","vervoerder":"PosteItaliane","puntType":"servicepunt","bezettingsgraad":50,"latitude":45.5367298,"longitude":10.23023737,"canPickup":true,"canDropoff":true,"openingstijden":{"za":"07:30 - 13:00, 15:00 - 20:00","zo":"gesloten","ma":"07:30 - 13:00, 15:00 - 20:00","di":"07:30 - 13:00, 15:00 - 20:00","wo":"07:30 - 13:00, 15:00 - 20:00","do":"07:30 - 13:00, 15:00 - 20:00","vr":"07:30 - 13:00, 15:00 - 20:00"}}},{"type":"Feature","geometry":{"type":"Point","coordinates":[10.224754,45.516578]},"properties":{"type":"pakketpunt","locatieNaam":"Tabaccheria N. 49","straatNaam":"Via Della Volta","straatNr":"34/a","vervoerder":"PosteItaliane","puntType":"servicepunt","bezettingsgraad":50,"latitude":45.516578,"longitude":10.224754,"canPickup":true,"canDropoff":true,"openingstijden":{"za":"07:30 - 19:30","zo":"08:30 - 12:30","ma":"07:30 - 19:30","di":"07:30 - 19:30","wo":"07:30 - 19:30","do":"07:30 - 19:30","vr":"07:30 - 19:30"}}},{"type":"Feature","geometry":{"type":"Point","coordinates":[10.28682715,45.51789229]},"properties":{"type":"pakketpunt","locatieNaam":"Supermercato Italmark Il Ponte Brescia","straatNaam":"Viale Sant'eufemia","straatNr":"108","vervoerder":"PosteItaliane","puntType":"automaat","bezettingsgraad":50,"latitude":45.51789229,"longitude":10.28682715,"canPickup":true,"canDropoff":true,"openingstijden":{"za":"08:30 - 20:00","zo":"08:30 - 13:00","ma":"08:30 - 20:00","di":"08:30 - 20:00","wo":"08:30 - 20:00","do":"08:30 - 20:00","vr":"08:30 - 20:00"}}},{"type":"Feature","geometry":{"type":"Point","coordinates":[10.21863084,45.54053244]},"properties":{"type":"pakketpunt","locatieNaam":"Tabaccheria N. 7","straatNaam":"Corso Goffredo Mameli","straatNr":"21","vervoerder":"PosteItaliane","puntType":"servicepunt","bezettingsgraad":50,"latitude":45.54053244,"longitude":10.21863084,"canPickup":true,"canDropoff":true,"openingstijden":{"za":"07:00 - 21:00","zo":"07:00 - 21:00","ma":"07:00 - 21:00","di":"07:00 - 21:00","wo":"07:00 - 21:00","do":"07:00 - 21:00","vr":"07:00 - 21:00"}}},{"type":"Feature","geometry":{"type":"Point","coordinates":[10.25258981,45.53001716]},"properties":{"type":"pakketpunt","locatieNaam":"Tabaccheria N. 147","straatNaam":"Viale Della Bornata","straatNr":"20","vervoerder":"PosteItaliane","puntType":"servicepunt","bezettingsgraad":50,"latitude":45.53001716,"longitude":10.25258981,"canPickup":true,"canDropoff":true,"openingstijden":{"za":"08:00 - 12:30, 15:00 - 19:30","zo":"gesloten","ma":"08:00 - 12:30, 15:00 - 19:30","di":"08:00 - 12:30, 15:00 - 19:30","wo":"08:00 - 12:30, 15:00 - 19:30","do":"08:00 - 12:30, 15:00 - 19:30","vr":"08:00 - 12:30, 15:00 - 19:30"}}},{"type":"Feature","geometry":{"type":"Point","coordinates":[10.16197261,45.55188709]},"properties":{"type":"pakketpunt","locatieNaam":"Parrucchiera - Giovanna","straatNaam":"Villaggio Badia Traversa Iv","straatNr":"52","vervoerder":"PosteItaliane","puntType":"servicepunt","bezettingsgraad":50,"latitude":45.55188709,"longitude":10.16197261,"canPickup":true,"canDropoff":true,"openingstijden":{"za":"08:30 - 17:00","zo":"gesloten","ma":"gesloten","di":"08:30 - 17:00","wo":"08:30 - 17:00","do":"08:30 - 17:00","vr":"08:30 - 17:00"}}},{"type":"Feature","geometry":{"type":"Point","coordinates":[10.22466341,45.51285634]},"properties":{"type":"pakketpunt","locatieNaam":"Lavanderia Automatica - Bloomest","straatNaam":"Via Della Volta","straatNr":"76/c","vervoerder":"PosteItaliane","puntType":"automaat","bezettingsgraad":50,"latitude":45.51285634,"longitude":10.22466341,"canPickup":true,"canDropoff":true,"openingstijden":{"za":"07:30 - 23:00","zo":"07:30 - 23:00","ma":"07:30 - 23:00","di":"07:30 - 23:00","wo":"07:30 - 23:00","do":"07:30 - 23:00","vr":"07:30 - 23:00"}}},{"type":"Feature","geometry":{"type":"Point","coordinates":[10.209426,45.542128]},"properties":{"type":"pakketpunt","locatieNaam":"Tabaccheria N. 36","straatNaam":"Via Milano","straatNr":"3","vervoerder":"PosteItaliane","puntType":"servicepunt","bezettingsgraad":50,"latitude":45.542128,"longitude":10.209426,"canPickup":true,"canDropoff":true,"openingstijden":{"za":"07:20 - 12:30, 14:30 - 19:00","zo":"gesloten","ma":"07:20 - 12:30, 14:30 - 19:00","di":"07:20 - 12:30, 14:30 - 19:00","wo":"07:20 - 12:30, 14:30 - 19:00","do":"07:20 - 12:30, 14:30 - 19:00","vr":"07:20 - 12:30, 14:30 - 19:00"}}},{"type":"Feature","geometry":{"type":"Point","coordinates":[10.19954952,45.54435321]},"properties":{"type":"pakketpunt","locatieNaam":"Tabaccheria N. 43","straatNaam":"Via Milano","straatNr":"58/d","vervoerder":"PosteItaliane","puntType":"servicepunt","bezettingsgraad":50,"latitude":45.54435321,"longitude":10.19954952,"canPickup":true,"canDropoff":true,"openingstijden":{"za":"07:30 - 12:30, 15:00 - 19:30","zo":"gesloten","ma":"07:30 - 12:30, 15:00 - 19:30","di":"07:30 - 12:30, 15:00 - 19:30","wo":"07:30 - 12:30, 15:00 - 19:30","do":"07:30 - 12:30, 15:00 - 19:30","vr":"07:30 - 12:30, 15:00 - 19:30"}}},{"type":"Feature","geometry":{"type":"Point","coordinates":[10.21497485,45.54078977]},"properties":{"type":"pakketpunt","locatieNaam":"Tabaccheria N. 10","straatNaam":"Corso Giuseppe Garibaldi","straatNr":"10/b","vervoerder":"PosteItaliane","puntType":"servicepunt","bezettingsgraad":50,"latitude":45.54078977,"longitude":10.21497485,"canPickup":true,"canDropoff":true,"openingstijden":{"za":"07:30 - 12:30, 14:00 - 19:30","zo":"gesloten","ma":"07:30 - 12:30, 14:00 - 19:30","di":"07:30 - 12:30, 14:00 - 19:30","wo":"07:30 - 12:30, 14:00 - 19:30","do":"07:30 - 12:30, 14:00 - 19:30","vr":"07:30 - 12:30, 14:00 - 19:30"}}},{"type":"Feature","geometry":{"type":"Point","coordinates":[10.18502589,45.5492688]},"properties":{"type":"pakketpunt","locatieNaam":"Tabaccheria N. 155","straatNaam":"Via Chiusure","straatNr":"20","vervoerder":"PosteItaliane","puntType":"servicepunt","bezettingsgraad":50,"latitude":45.5492688,"longitude":10.18502589,"canPickup":true,"canDropoff":true,"openingstijden":{"za":"07:30 - 19:30","zo":"gesloten","ma":"07:30 - 19:30","di":"07:30 - 19:30","wo":"07:30 - 19:30","do":"07:30 - 19:30","vr":"07:30 - 19:30"}}},{"type":"Feature","geometry":{"type":"Point","coordinates":[10.16828545,45.54412725]},"properties":{"type":"pakketpunt","locatieNaam":"Tabaccheria N. 175","straatNaam":"Via Re Rotari","straatNr":"6","vervoerder":"PosteItaliane","puntType":"servicepunt","bezettingsgraad":50,"latitude":45.54412725,"longitude":10.16828545,"canPickup":true,"canDropoff":true,"openingstijden":{"za":"07:30 - 20:30","zo":"08:30 - 13:30","ma":"07:30 - 20:30","di":"07:30 - 20:30","wo":"07:30 - 20:30","do":"07:30 - 20:30","vr":"07:30 - 20:30"}}},{"type":"Feature","geometry":{"type":"Point","coordinates":[10.24957274,45.51352474]},"properties":{"type":"pakketpunt","locatieNaam":"Tabaccheria N. 164","straatNaam":"Via Giorgione","straatNr":"7","vervoerder":"PosteItaliane","puntType":"servicepunt","bezettingsgraad":50,"latitude":45.51352474,"longitude":10.24957274,"canPickup":true,"canDropoff":true,"openingstijden":{"za":"08:00 - 12:00, 14:30 - 19:00","zo":"gesloten","ma":"08:00 - 12:00, 14:30 - 19:00","di":"08:00 - 12:00, 14:30 - 19:00","wo":"08:00 - 12:00, 14:30 - 19:00","do":"08:00 - 12:00, 14:30 - 19:00","vr":"08:00 - 12:00, 14:30 - 19:00"}}},{"type":"Feature","geometry":{"type":"Point","coordinates":[10.23046952,45.52334257]},"properties":{"type":"pakketpunt","locatieNaam":"Tabaccheria N. 51","straatNaam":"Viale Duca Degli Abruzzi","straatNr":"35","vervoerder":"PosteItaliane","puntType":"servicepunt","bezettingsgraad":50,"latitude":45.52334257,"longitude":10.23046952,"canPickup":true,"canDropoff":true,"openingstijden":{"za":"07:00 - 12:30, 14:30 - 19:30","zo":"gesloten","ma":"07:00 - 12:30, 14:30 - 19:30","di":"07:00 - 12:30, 14:30 - 19:30","wo":"07:00 - 12:30, 14:30 - 19:30","do":"07:00 - 12:30, 14:30 - 19:30","vr":"07:00 - 12:30, 14:30 - 19:30"}}},{"type":"Feature","geometry":{"type":"Point","coordinates":[10.18484968,45.55524682]},"properties":{"type":"pakketpunt","locatieNaam":"Tabaccheria N. 136","straatNaam":"Via Giovan Battista Da Farfengo","straatNr":"62","vervoerder":"PosteItaliane","puntType":"servicepunt","bezettingsgraad":50,"latitude":45.55524682,"longitude":10.18484968,"canPickup":true,"canDropoff":true,"openingstijden":{"za":"07:45 - 13:00, 15:00 - 20:00","zo":"gesloten","ma":"08:00 - 13:00, 15:00 - 19:30","di":"07:45 - 13:00, 15:00 - 20:00","wo":"07:45 - 13:00, 15:00 - 20:00","do":"07:45 - 13:00, 15:00 - 20:00","vr":"07:45 - 13:00, 15:00 - 20:00"}}},{"type":"Feature","geometry":{"type":"Point","coordinates":[10.20009325,45.56500161]},"properties":{"type":"pakketpunt","locatieNaam":"Tabaccheria N. 38","straatNaam":"Via Della Chiesa","straatNr":"93/a","vervoerder":"PosteItaliane","puntType":"servicepunt","bezettingsgraad":50,"latitude":45.56500161,"longitude":10.20009325,"canPickup":true,"canDropoff":true,"openingstijden":{"za":"08:00 - 12:00, 14:30 - 19:00","zo":"gesloten","ma":"08:00 - 12:00, 14:30 - 19:00","di":"08:00 - 12:00, 14:30 - 19:00","wo":"08:00 - 12:00, 14:30 - 19:00","do":"08:00 - 12:00, 14:30 - 19:00","vr":"08:00 - 12:00, 14:30 - 19:00"}}},{"type":"Feature","geometry":{"type":"Point","coordinates":[10.27177874,45.52175839]},"properties":{"type":"pakketpunt","locatieNaam":"Tabaccheria N. 16","straatNaam":"Via Indipendenza","straatNr":"54/b","vervoerder":"PosteItaliane","puntType":"servicepunt","bezettingsgraad":50,"latitude":45.52175839,"longitude":10.27177874,"canPickup":true,"canDropoff":true,"openingstijden":{"za":"08:00 - 12:30, 15:00 - 19:30","zo":"gesloten","ma":"08:00 - 12:30, 15:00 - 19:30","di":"08:00 - 12:30, 15:00 - 19:30","wo":"08:00 - 12:30, 15:00 - 19:30","do":"08:00 - 12:30, 15:00 - 19:30","vr":"08:00 - 12:30, 15:00 - 19:30"}}},{"type":"Feature","geometry":{"type":"Point","coordinates":[10.22586435,45.54705343]},"properties":{"type":"pakketpunt","locatieNaam":"Tabaccheria N. 135","straatNaam":"Via Giovanni Lipella","straatNr":"4/b","vervoerder":"PosteItaliane","puntType":"servicepunt","bezettingsgraad":50,"latitude":45.54705343,"longitude":10.22586435,"canPickup":true,"canDropoff":true,"openingstijden":{"za":"07:17 - 19:15","zo":"gesloten","ma":"07:17 - 19:15","di":"07:17 - 19:15","wo":"07:17 - 19:15","do":"07:17 - 19:15","vr":"07:17 - 19:15"}}},{"type":"Feature","geometry":{"type":"Point","coordinates":[10.18746042,45.51107291]},"properties":{"type":"pakketpunt","locatieNaam":"Tabaccheria N. 140","straatNaam":"Villaggio Sereno Traversa Xii","straatNr":"136","vervoerder":"PosteItaliane","puntType":"servicepunt","bezettingsgraad":50,"latitude":45.51107291,"longitude":10.18746042,"canPickup":true,"canDropoff":true,"openingstijden":{"za":"07:00 - 12:30, 14:30 - 19:30","zo":"gesloten","ma":"07:00 - 12:30, 14:30 - 19:30","di":"07:00 - 12:30, 14:30 - 19:30","wo":"07:00 - 12:30, 14:30 - 19:30","do":"07:00 - 12:30, 14:30 - 19:30","vr":"07:00 - 12:30, 14:30 - 19:30"}}},{"type":"Feature","geometry":{"type":"Point","coordinates":[10.22696746,45.52247312]},"properties":{"type":"pakketpunt","locatieNaam":"Tabaccheria N. 104","straatNaam":"Via Angiolina Ferrari","straatNr":"30","vervoerder":"PosteItaliane","puntType":"servicepunt","bezettingsgraad":50,"latitude":45.52247312,"longitude":10.22696746,"canPickup":true,"canDropoff":true,"openingstijden":{"za":"08:00 - 12:00, 15:00 - 19:00","zo":"gesloten","ma":"08:00 - 12:00, 15:00 - 19:00","di":"08:00 - 12:00, 15:00 - 19:00","wo":"08:00 - 12:00, 15:00 - 19:00","do":"08:00 - 12:00, 15:00 - 19:00","vr":"08:00 - 12:00, 15:00 - 19:00"}}},{"type":"Feature","geometry":{"type":"Point","coordinates":[10.20264145,45.52422366]},"properties":{"type":"pakketpunt","locatieNaam":"Tabaccheria N. 66","straatNaam":"Via Corsica","straatNr":"331","vervoerder":"PosteItaliane","puntType":"servicepunt","bezettingsgraad":50,"latitude":45.52422366,"longitude":10.20264145,"canPickup":true,"canDropoff":true,"openingstijden":{"za":"07:00 - 19:30","zo":"gesloten","ma":"07:00 - 19:30","di":"07:00 - 19:30","wo":"07:00 - 19:30","do":"07:00 - 19:30","vr":"07:00 - 19:30"}}},{"type":"Feature","geometry":{"type":"Point","coordinates":[10.22161833,45.50171612]},"properties":{"type":"pakketpunt","locatieNaam":"Tabaccheria N. 172","straatNaam":"Via Della Volta","straatNr":"211/a","vervoerder":"PosteItaliane","puntType":"servicepunt","bezettingsgraad":50,"latitude":45.50171612,"longitude":10.22161833,"canPickup":true,"canDropoff":true,"openingstijden":{"za":"06:00 - 13:00","zo":"gesloten","ma":"06:00 - 19:00","di":"06:00 - 19:00","wo":"06:00 - 19:00","do":"06:00 - 19:00","vr":"06:00 - 19:00"}}},{"type":"Feature","geometry":{"type":"Point","coordinates":[10.22309798,45.53359713]},"properties":{"type":"pakketpunt","locatieNaam":"Tabaccheria N. 18","straatNaam":"Corso Camillo Benso Conte Di Cavour","straatNr":"56","vervoerder":"PosteItaliane","puntType":"servicepunt","bezettingsgraad":50,"latitude":45.53359713,"longitude":10.22309798,"canPickup":true,"canDropoff":true,"openingstijden":{"za":"08:30 - 19:00","zo":"gesloten","ma":"08:30 - 19:00","di":"08:30 - 19:00","wo":"08:30 - 19:00","do":"08:30 - 19:00","vr":"08:30 - 19:00"}}},{"type":"Feature","geometry":{"type":"Point","coordinates":[10.21031816,45.53432938]},"properties":{"type":"pakketpunt","locatieNaam":"Tabaccheria N. 59","straatNaam":"Via Corsica","straatNr":"8","vervoerder":"PosteItaliane","puntType":"servicepunt","bezettingsgraad":50,"latitude":45.53432938,"longitude":10.21031816,"canPickup":true,"canDropoff":true,"openingstijden":{"za":"08:00 - 12:30, 14:30 - 19:30","zo":"gesloten","ma":"07:15 - 12:30, 14:30 - 19:30","di":"07:15 - 12:30, 14:30 - 19:30","wo":"07:15 - 12:30, 14:30 - 19:30","do":"07:15 - 12:30, 14:30 - 19:30","vr":"07:15 - 12:30, 14:30 - 19:30"}}},{"type":"Feature","geometry":{"type":"Point","coordinates":[10.19326889,45.55347717]},"properties":{"type":"pakketpunt","locatieNaam":"Tabaccheria N. 106","straatNaam":"Via Chiusure","straatNr":"92/a","vervoerder":"PosteItaliane","puntType":"servicepunt","bezettingsgraad":50,"latitude":45.55347717,"longitude":10.19326889,"canPickup":true,"canDropoff":true,"openingstijden":{"za":"07:30 - 19:30","zo":"gesloten","ma":"07:30 - 19:30","di":"07:30 - 19:30","wo":"07:30 - 19:30","do":"07:30 - 19:30","vr":"07:30 - 19:30"}}},{"type":"Feature","geometry":{"type":"Point","coordinates":[10.21669383,45.51997826]},"properties":{"type":"pakketpunt","locatieNaam":"Tabaccheria N. 153","straatNaam":"Via Alessandro Lamarmora","straatNr":"256","vervoerder":"PosteItaliane","puntType":"servicepunt","bezettingsgraad":50,"latitude":45.51997826,"longitude":10.21669383,"canPickup":true,"canDropoff":true,"openingstijden":{"za":"06:00 - 20:00","zo":"07:30 - 12:30","ma":"06:00 - 20:00","di":"06:00 - 20:00","wo":"06:00 - 20:00","do":"06:00 - 20:00","vr":"06:00 - 20:00"}}},{"type":"Feature","geometry":{"type":"Point","coordinates":[10.18930449,45.54627138]},"properties":{"type":"pakketpunt","locatieNaam":"Tabaccheria N. 40","straatNaam":"Via Milano","straatNr":"138/c","vervoerder":"PosteItaliane","puntType":"servicepunt","bezettingsgraad":50,"latitude":45.54627138,"longitude":10.18930449,"canPickup":true,"canDropoff":true,"openingstijden":{"za":"06:30 - 22:30","zo":"gesloten","ma":"06:30 - 22:30","di":"06:30 - 22:30","wo":"06:30 - 22:30","do":"06:30 - 22:30","vr":"06:30 - 22:30"}}},{"type":"Feature","geometry":{"type":"Point","coordinates":[10.21380372,45.53938605]},"properties":{"type":"pakketpunt","locatieNaam":"Historique Cafè","straatNaam":"Corso Giacomo Matteotti","straatNr":"17","vervoerder":"PosteItaliane","puntType":"servicepunt","bezettingsgraad":50,"latitude":45.53938605,"longitude":10.21380372,"canPickup":true,"canDropoff":true,"openingstijden":{"za":"gesloten","zo":"gesloten","ma":"07:00 - 16:30","di":"07:00 - 16:30","wo":"07:00 - 16:30","do":"07:00 - 16:30","vr":"07:00 - 15:30"}}},{"type":"Feature","geometry":{"type":"Point","coordinates":[10.22050932,45.53923248]},"properties":{"type":"pakketpunt","locatieNaam":"Tabaccheria N. 20","straatNaam":"Via Dieci Giornate","straatNr":"15","vervoerder":"PosteItaliane","puntType":"servicepunt","bezettingsgraad":50,"latitude":45.53923248,"longitude":10.22050932,"canPickup":true,"canDropoff":true,"openingstijden":{"za":"08:00 - 13:00, 15:00 - 19:30","zo":"gesloten","ma":"08:00 - 12:30, 15:00 - 19:30","di":"08:00 - 13:00, 15:00 - 19:30","wo":"08:00 - 13:00, 15:00 - 19:30","do":"08:00 - 13:00, 15:00 - 19:30","vr":"08:00 - 13:00, 15:00 - 19:30"}}},{"type":"Feature","geometry":{"type":"Point","coordinates":[10.20789784,45.54702147]},"properties":{"type":"pakketpunt","locatieNaam":"Tabaccheria N. 151","straatNaam":"Via Baldassare Zamboni","straatNr":"25","vervoerder":"PosteItaliane","puntType":"servicepunt","bezettingsgraad":50,"latitude":45.54702147,"longitude":10.20789784,"canPickup":true,"canDropoff":true,"openingstijden":{"za":"08:00 - 12:20, 15:00 - 19:30","zo":"gesloten","ma":"07:30 - 12:20, 15:00 - 19:30","di":"07:30 - 12:20, 15:00 - 19:30","wo":"07:30 - 12:20, 15:00 - 19:30","do":"07:30 - 12:20, 15:00 - 19:30","vr":"07:30 - 12:20, 15:00 - 19:30"}}},{"type":"Feature","geometry":{"type":"Point","coordinates":[10.22279882,45.53142706]},"properties":{"type":"pakketpunt","locatieNaam":"Bar Tabacchi Solferino","straatNaam":"Via Solferino","straatNr":"42","vervoerder":"PosteItaliane","puntType":"servicepunt","bezettingsgraad":50,"latitude":45.53142706,"longitude":10.22279882,"canPickup":true,"canDropoff":true,"openingstijden":{"za":"08:00 - 13:00","zo":"gesloten","ma":"07:00 - 12:30, 16:30 - 19:30","di":"07:00 - 12:30, 16:30 - 19:30","wo":"07:00 - 12:30, 16:30 - 19:30","do":"07:00 - 12:30, 16:30 - 19:30","vr":"07:00 - 12:30, 16:30 - 19:30"}}},{"type":"Feature","geometry":{"type":"Point","coordinates":[10.26835445,45.52319704]},"properties":{"type":"pakketpunt","locatieNaam":"Tabaccheria N. 88","straatNaam":"Via Indipendenza","straatNr":"4","vervoerder":"PosteItaliane","puntType":"servicepunt","bezettingsgraad":50,"latitude":45.52319704,"longitude":10.26835445,"canPickup":true,"canDropoff":true,"openingstijden":{"za":"07:30 - 19:30","zo":"gesloten","ma":"07:00 - 19:30","di":"07:00 - 19:30","wo":"07:00 - 19:30","do":"07:00 - 19:30","vr":"07:00 - 19:30"}}},{"type":"Feature","geometry":{"type":"Point","coordinates":[10.21716862,45.54896763]},"properties":{"type":"pakketpunt","locatieNaam":"Tabaccheria N. 95","straatNaam":"Via Monte Grappa","straatNr":"12/a","vervoerder":"PosteItaliane","puntType":"servicepunt","bezettingsgraad":50,"latitude":45.54896763,"longitude":10.21716862,"canPickup":true,"canDropoff":true,"openingstijden":{"za":"07:00 - 15:00","zo":"08:30 - 12:30","ma":"07:00 - 19:30","di":"07:00 - 19:30","wo":"07:00 - 19:30","do":"07:00 - 19:30","vr":"07:00 - 19:30"}}},{"type":"Feature","geometry":{"type":"Point","coordinates":[10.28682715,45.51789229]},"properties":{"type":"pakketpunt","locatieNaam":"Tabaccheria N. 181","straatNaam":"Viale Sant'eufemia","straatNr":"108","vervoerder":"PosteItaliane","puntType":"servicepunt","bezettingsgraad":50,"latitude":45.51789229,"longitude":10.28682715,"canPickup":true,"canDropoff":true,"openingstijden":{"za":"07:00 - 12:00","zo":"gesloten","ma":"07:00 - 19:30","di":"07:00 - 19:30","wo":"07:00 - 19:30","do":"07:00 - 19:30","vr":"07:00 - 19:30"}}},{"type":"Feature","geometry":{"type":"Point","coordinates":[10.21665621,45.54212358]},"properties":{"type":"pakketpunt","locatieNaam":"Tabaccheria N. 13","straatNaam":"Via Delle Battaglie","straatNr":"32/a","vervoerder":"PosteItaliane","puntType":"servicepunt","bezettingsgraad":50,"latitude":45.54212358,"longitude":10.21665621,"canPickup":true,"canDropoff":true,"openingstijden":{"za":"08:00 - 12:00, 12:01 - 12:02","zo":"gesloten","ma":"gesloten","di":"08:00 - 12:00, 15:00 - 19:00","wo":"08:00 - 12:00, 15:00 - 19:00","do":"08:00 - 12:00, 15:00 - 19:00","vr":"08:00 - 12:00, 15:00 - 19:00"}}},{"type":"Feature","geometry":{"type":"Point","coordinates":[10.21263163,45.53330539]},"properties":{"type":"pakketpunt","locatieNaam":"Tabaccheria N. 72","straatNaam":"Viale Della Stazione","straatNr":"25/a","vervoerder":"PosteItaliane","puntType":"servicepunt","bezettingsgraad":50,"latitude":45.53330539,"longitude":10.21263163,"canPickup":true,"canDropoff":true,"openingstijden":{"za":"08:00 - 19:30","zo":"08:00 - 19:30","ma":"08:00 - 19:30","di":"08:00 - 19:30","wo":"08:00 - 19:30","do":"08:00 - 19:30","vr":"08:00 - 19:30"}}},{"type":"Feature","geometry":{"type":"Point","coordinates":[10.21166847,45.52801932]},"properties":{"type":"pakketpunt","locatieNaam":"Cartolibreria Grafite","straatNaam":"Via Corfu'","straatNr":"68","vervoerder":"PosteItaliane","puntType":"servicepunt","bezettingsgraad":50,"latitude":45.52801932,"longitude":10.21166847,"canPickup":true,"canDropoff":true,"openingstijden":{"za":"09:30 - 12:00","zo":"gesloten","ma":"09:00 - 13:00, 14:00 - 19:00","di":"09:00 - 13:00, 14:00 - 19:00","wo":"09:00 - 13:00, 14:00 - 19:00","do":"09:00 - 13:00, 14:00 - 19:00","vr":"09:00 - 13:00, 14:00 - 19:00"}}},{"type":"Feature","geometry":{"type":"Point","coordinates":[10.28709107,45.51783434]},"properties":{"type":"pakketpunt","locatieNaam":"Kipoint Viale Santa Eufemia","straatNaam":"Viale Sant'eufemia","straatNr":"108/e","vervoerder":"PosteItaliane","puntType":"servicepunt","bezettingsgraad":50,"latitude":45.51783434,"longitude":10.28709107,"canPickup":true,"canDropoff":true,"openingstijden":{"za":"gesloten","zo":"gesloten","ma":"15:00 - 19:00","di":"09:00 - 13:00, 15:00 - 19:00","wo":"09:00 - 13:00, 15:00 - 19:00","do":"09:00 - 13:00, 15:00 - 19:00","vr":"09:00 - 13:00, 15:00 - 19:00"}}},{"type":"Feature","geometry":{"type":"Point","coordinates":[10.23644586,45.56888703]},"properties":{"type":"pakketpunt","locatieNaam":"Tabaccheria N. 131","straatNaam":"Piazzale Luigi Kossuth","straatNr":"3","vervoerder":"PosteItaliane","puntType":"servicepunt","bezettingsgraad":50,"latitude":45.56888703,"longitude":10.23644586,"canPickup":true,"canDropoff":true,"openingstijden":{"za":"07:30 - 13:00, 15:00 - 19:30","zo":"gesloten","ma":"07:30 - 13:00, 15:00 - 19:30","di":"07:30 - 13:00, 15:00 - 19:30","wo":"07:30 - 13:00, 15:00 - 19:30","do":"07:30 - 13:00, 15:00 - 19:30","vr":"07:30 - 13:00, 15:00 - 19:30"}}},{"type":"Feature","geometry":{"type":"Point","coordinates":[10.17951216,45.54775243]},"properties":{"type":"pakketpunt","locatieNaam":"Supermercato Italmark","straatNaam":"Via Albertano Da Brescia","straatNr":"5","vervoerder":"PosteItaliane","puntType":"automaat","bezettingsgraad":50,"latitude":45.54775243,"longitude":10.17951216,"canPickup":true,"canDropoff":true,"openingstijden":{"za":"08:00 - 21:00","zo":"08:30 - 19:30","ma":"08:00 - 21:00","di":"08:00 - 21:00","wo":"08:00 - 21:00","do":"08:00 - 21:00","vr":"08:00 - 21:00"}}},{"type":"Feature","geometry":{"type":"Point","coordinates":[10.22262502,45.55514409]},"properties":{"type":"pakketpunt","locatieNaam":"Lavanderia - Crystal","straatNaam":"Via Renato Serra","straatNr":"24","vervoerder":"PosteItaliane","puntType":"automaat","bezettingsgraad":50,"latitude":45.55514409,"longitude":10.22262502,"canPickup":true,"canDropoff":true,"openingstijden":{"za":"07:00 - 22:00","zo":"07:00 - 22:00","ma":"07:00 - 22:00","di":"07:00 - 22:00","wo":"07:00 - 22:00","do":"07:00 - 22:00","vr":"07:00 - 22:00"}}},{"type":"Feature","geometry":{"type":"Point","coordinates":[10.2234445,45.5269474]},"properties":{"type":"pakketpunt","locatieNaam":"Scarabocchio","straatNaam":"VIA CREMONA","straatNr":"62/B","vervoerder":"DPD","puntType":"pickup_point","bezettingsgraad":50,"latitude":45.5269474,"longitude":10.2234445,"canPickup":true,"canDropoff":true,"openingstijden":{"ma":"15:30 - 19:15","di":"09:00 - 12:30, 15:30 - 19:15","wo":"09:00 - 12:30, 15:30 - 19:15","do":"09:00 - 12:30, 15:30 - 19:15","vr":"09:00 - 19:00","za":"09:00 - 12:30, 15:30 - 19:15","zo":"gesloten"}}},{"type":"Feature","geometry":{"type":"Point","coordinates":[10.1707392,45.5022042]},"properties":{"type":"pakketpunt","locatieNaam":"Tabaccheria - Brescia","straatNaam":"VIA FORNACI","straatNr":"13","vervoerder":"DPD","puntType":"pickup_point","bezettingsgraad":50,"latitude":45.5022042,"longitude":10.1707392,"canPickup":true,"canDropoff":true,"openingstijden":{"ma":"07:00 - 12:30, 14:15 - 19:15","di":"07:00 - 12:30, 14:15 - 19:15","wo":"07:00 - 12:30, 14:15 - 19:15","do":"07:00 - 12:30, 14:15 - 19:15","vr":"07:00 - 12:30, 14:15 - 19:15","za":"07:00 - 12:30","zo":"gesloten"}}},{"type":"Feature","geometry":{"type":"Point","coordinates":[10.2194093822,45.5421916715]},"properties":{"type":"pakketpunt","locatieNaam":"EgyTours","straatNaam":"VIA SAN FAUSTINO","straatNr":"9C","vervoerder":"DPD","puntType":"pickup_point","bezettingsgraad":50,"latitude":45.5421916715,"longitude":10.2194093822,"canPickup":true,"canDropoff":true,"openingstijden":{"ma":"09:00 - 19:30","di":"09:00 - 19:30","wo":"09:00 - 19:30","do":"09:00 - 19:30","vr":"09:00 - 19:30","za":"09:00 - 15:30","zo":"gesloten"}}},{"type":"Feature","geometry":{"type":"Point","coordinates":[10.226885046,45.5834830811]},"properties":{"type":"pakketpunt","locatieNaam":"Albertini Service","straatNaam":"VIA TRIUMPLINA","straatNr":"281","vervoerder":"DPD","puntType":"pickup_point","bezettingsgraad":50,"latitude":45.5834830811,"longitude":10.226885046,"canPickup":true,"canDropoff":true,"openingstijden":{"ma":"08:00 - 12:30, 14:30 - 19:00","di":"08:00 - 12:30, 14:30 - 19:00","wo":"08:00 - 12:30, 14:30 - 19:00","do":"08:00 - 12:30, 14:30 - 19:00","vr":"08:00 - 12:30, 14:30 - 19:00","za":"08:00 - 11:30","zo":"gesloten"}}},{"type":"Feature","geometry":{"type":"Point","coordinates":[10.2154595442,45.5390090163]},"properties":{"type":"pakketpunt","locatieNaam":"Libreria Tempi Nuovi","straatNaam":"VIA DELLA PACE","straatNr":"16A","vervoerder":"DPD","puntType":"pickup_point","bezettingsgraad":50,"latitude":45.5390090163,"longitude":10.2154595442,"canPickup":true,"canDropoff":true,"openingstijden":{"ma":"15:30 - 19:00","di":"09:30 - 12:30, 15:30 - 19:00","wo":"09:30 - 12:30, 15:30 - 19:00","do":"09:30 - 12:30, 15:30 - 19:00","vr":"09:30 - 12:30, 15:30 - 19:00","za":"09:30 - 12:30, 15:30 - 19:00","zo":"gesloten"}}},{"type":"Feature","geometry":{"type":"Point","coordinates":[10.2114385295,45.5279476069]},"properties":{"type":"pakketpunt","locatieNaam":"Cartolibreria Grafite","straatNaam":"VIA CORFU","straatNr":"68","vervoerder":"DPD","puntType":"pickup_point","bezettingsgraad":50,"latitude":45.5279476069,"longitude":10.2114385295,"canPickup":true,"canDropoff":true,"openingstijden":{"ma":"09:00 - 13:00, 14:00 - 19:00","di":"09:00 - 13:00, 14:00 - 19:00","wo":"09:00 - 13:00, 14:00 - 19:00","do":"09:00 - 13:00, 14:00 - 19:00","vr":"09:00 - 13:00, 14:00 - 19:00","za":"gesloten","zo":"gesloten"}}},{"type":"Feature","geometry":{"type":"Point","coordinates":[10.2156789,45.5381924]},"properties":{"type":"pakketpunt","locatieNaam":"Tabaccheria n. 1","straatNaam":"VIA DELLA PACE","straatNr":"29/E","vervoerder":"DPD","puntType":"pickup_point","bezettingsgraad":50,"latitude":45.5381924,"longitude":10.2156789,"canPickup":true,"canDropoff":true,"openingstijden":{"ma":"07:30 - 19:30","di":"07:30 - 19:30","wo":"07:30 - 19:30","do":"07:30 - 19:30","vr":"07:30 - 19:30","za":"07:30 - 12:30, 14:30 - 19:30","zo":"gesloten"}}},{"type":"Feature","geometry":{"type":"Point","coordinates":[10.2319714,45.5200997]},"properties":{"type":"pakketpunt","locatieNaam":"Tabacchi Pastorelli Alessandro","straatNaam":"VIA LEONIDA BISSOLATI","straatNr":"19","vervoerder":"DPD","puntType":"pickup_point","bezettingsgraad":50,"latitude":45.5200997,"longitude":10.2319714,"canPickup":true,"canDropoff":true,"openingstijden":{"ma":"07:00 - 19:30","di":"07:00 - 19:30","wo":"07:00 - 19:30","do":"07:00 - 19:30","vr":"07:00 - 19:30","za":"07:00 - 19:30","zo":"gesloten"}}},{"type":"Feature","geometry":{"type":"Point","coordinates":[10.1851811,45.5309194]},"properties":{"type":"pakketpunt","locatieNaam":"Sale e Pepe","straatNaam":"VIA LECCO","straatNr":"6","vervoerder":"DPD","puntType":"pickup_point","bezettingsgraad":50,"latitude":45.5309194,"longitude":10.1851811,"canPickup":true,"canDropoff":true,"openingstijden":{"ma":"06:30 - 16:00","di":"06:30 - 16:00","wo":"06:30 - 16:00","do":"06:30 - 16:00","vr":"06:30 - 16:00","za":"07:30 - 12:00","zo":"gesloten"}}},{"type":"Feature","geometry":{"type":"Point","coordinates":[10.22738,45.57325]},"properties":{"type":"pakketpunt","locatieNaam":"Chiosco Frutta","straatNaam":"VIA CASAZZA","straatNr":"46","vervoerder":"DPD","puntType":"pickup_point","bezettingsgraad":50,"latitude":45.57325,"longitude":10.22738,"canPickup":true,"canDropoff":true,"openingstijden":{"ma":"07:00 - 13:00","di":"07:00 - 18:00","wo":"07:00 - 18:00","do":"07:00 - 13:00","vr":"07:00 - 18:00","za":"07:00 - 18:00","zo":"gesloten"}}},{"type":"Feature","geometry":{"type":"Point","coordinates":[10.2312097518,45.5852674349]},"properties":{"type":"pakketpunt","locatieNaam":"Tabaccheria Balboni","straatNaam":"VIA 17MA","straatNr":"11","vervoerder":"DPD","puntType":"pickup_point","bezettingsgraad":50,"latitude":45.5852674349,"longitude":10.2312097518,"canPickup":true,"canDropoff":true,"openingstijden":{"ma":"08:00 - 12:00, 15:00 - 19:00","di":"08:00 - 12:00, 15:00 - 19:00","wo":"08:00 - 12:00, 15:00 - 19:00","do":"08:00 - 12:00, 15:00 - 19:00","vr":"08:00 - 12:00, 15:00 - 19:00","za":"08:00 - 12:00, 15:00 - 19:00","zo":"gesloten"}}},{"type":"Feature","geometry":{"type":"Point","coordinates":[10.1895289191,45.5518044302]},"properties":{"type":"pakketpunt","locatieNaam":"Tostado emporio Caffè","straatNaam":"VIA CHIUSURE","straatNr":"60G","vervoerder":"DPD","puntType":"pickup_point","bezettingsgraad":50,"latitude":45.5518044302,"longitude":10.1895289191,"canPickup":true,"canDropoff":true,"openingstijden":{"ma":"09:30 - 12:00, 15:30 - 18:30","di":"09:30 - 12:00, 15:30 - 18:30","wo":"09:30 - 12:00, 15:30 - 18:30","do":"09:30 - 12:00, 15:30 - 18:30","vr":"09:30 - 12:00, 15:30 - 18:30","za":"gesloten","zo":"gesloten"}}},{"type":"Feature","geometry":{"type":"Point","coordinates":[10.19364966,45.54562765]},"properties":{"type":"pakketpunt","locatieNaam":"Tabaccheria 35 - Brescia","straatNaam":"VIA MILANO","straatNr":"51E","vervoerder":"DPD","puntType":"pickup_point","bezettingsgraad":50,"latitude":45.54562765,"longitude":10.19364966,"canPickup":true,"canDropoff":true,"openingstijden":{"ma":"08:00 - 12:30, 16:00 - 19:30","di":"08:00 - 12:30, 16:00 - 19:30","wo":"08:00 - 12:30, 16:00 - 19:30","do":"08:00 - 12:30, 16:00 - 19:30","vr":"08:00 - 12:30, 16:00 - 19:30","za":"08:00 - 12:30, 16:00 - 19:30","zo":"gesloten"}}},{"type":"Feature","geometry":{"type":"Point","coordinates":[10.2956942,45.5152032]},"properties":{"type":"pakketpunt","locatieNaam":"GI.PI. Glass","straatNaam":"VIALE SANT'EUFEMIA","straatNr":"206","vervoerder":"DPD","puntType":"pickup_point","bezettingsgraad":50,"latitude":45.5152032,"longitude":10.2956942,"canPickup":true,"canDropoff":true,"openingstijden":{"ma":"08:00 - 12:30, 14:00 - 18:00","di":"08:00 - 12:30, 14:00 - 18:00","wo":"08:00 - 12:30, 14:00 - 18:00","do":"08:00 - 12:30, 14:00 - 18:00","vr":"08:00 - 12:30, 14:00 - 18:00","za":"gesloten","zo":"gesloten"}}},{"type":"Feature","geometry":{"type":"Point","coordinates":[10.20769287,45.54702768]},"properties":{"type":"pakketpunt","locatieNaam":"Tabaccheria 151 Panzavolta","straatNaam":"VIA ZAMBONI","straatNr":"25/27","vervoerder":"DPD","puntType":"pickup_point","bezettingsgraad":50,"latitude":45.54702768,"longitude":10.20769287,"canPickup":true,"canDropoff":true,"openingstijden":{"ma":"07:30 - 12:00, 15:00 - 19:00","di":"07:30 - 12:00, 15:00 - 19:00","wo":"07:30 - 12:00, 15:00 - 19:00","do":"07:30 - 12:00, 15:00 - 19:00","vr":"07:30 - 12:00, 15:00 - 19:00","za":"08:00 - 12:00, 15:00 - 19:00","zo":"gesloten"}}},{"type":"Feature","geometry":{"type":"Point","coordinates":[10.2262762,45.5468731]},"properties":{"type":"pakketpunt","locatieNaam":"Tabaccocaffè-Brescia","straatNaam":"VIA LIPELLA","straatNr":"8","vervoerder":"DPD","puntType":"pickup_point","bezettingsgraad":50,"latitude":45.5468731,"longitude":10.2262762,"canPickup":true,"canDropoff":true,"openingstijden":{"ma":"07:15 - 13:00, 15:00 - 19:30","di":"07:15 - 13:00, 15:00 - 19:30","wo":"07:15 - 13:00, 15:00 - 19:30","do":"07:15 - 13:00, 15:00 - 19:30","vr":"07:15 - 13:00, 15:00 - 19:30","za":"07:15 - 13:00, 15:00 - 19:30","zo":"gesloten"}}},{"type":"Feature","geometry":{"type":"Point","coordinates":[10.2669305,45.5162661]},"properties":{"type":"pakketpunt","locatieNaam":"Non solo Computer-Brescia","straatNaam":"CORSO LUIGI BAZOLI","straatNr":"83","vervoerder":"DPD","puntType":"pickup_point","bezettingsgraad":50,"latitude":45.5162661,"longitude":10.2669305,"canPickup":true,"canDropoff":true,"openingstijden":{"ma":"09:00 - 12:30, 15:00 - 19:30","di":"09:00 - 12:30, 15:00 - 19:30","wo":"09:00 - 12:30, 15:00 - 19:30","do":"09:00 - 12:30, 15:00 - 19:30","vr":"09:00 - 12:30, 15:00 - 19:30","za":"09:00 - 12:30","zo":"gesloten"}}},{"type":"Feature","geometry":{"type":"Point","coordinates":[10.19372607,45.55897891]},"properties":{"type":"pakketpunt","locatieNaam":"A Tutto Risparmio-Brescia 1","straatNaam":"VIA TORRICELLA DI SOPRA","straatNr":"88","vervoerder":"DPD","puntType":"pickup_point","bezettingsgraad":50,"latitude":45.55897891,"longitude":10.19372607,"canPickup":true,"canDropoff":true,"openingstijden":{"ma":"08:00 - 12:30, 15:00 - 19:30","di":"08:00 - 12:30, 15:00 - 19:30","wo":"08:00 - 12:30, 15:00 - 19:30","do":"08:00 - 12:30, 15:00 - 19:30","vr":"08:00 - 12:30, 15:00 - 19:30","za":"08:00 - 12:30, 15:00 - 19:30","zo":"08:00 - 12:30"}}},{"type":"Feature","geometry":{"type":"Point","coordinates":[10.26850018,45.52306045]},"properties":{"type":"pakketpunt","locatieNaam":"Tabaccheria Ghirardi","straatNaam":"VIA INDIPENDENZA","straatNr":"4","vervoerder":"DPD","puntType":"pickup_point","bezettingsgraad":50,"latitude":45.52306045,"longitude":10.26850018,"canPickup":true,"canDropoff":true,"openingstijden":{"ma":"07:00 - 19:30","di":"07:00 - 19:30","wo":"07:00 - 19:30","do":"07:00 - 19:30","vr":"07:00 - 19:30","za":"07:30 - 19:30","zo":"gesloten"}}},{"type":"Feature","geometry":{"type":"Point","coordinates":[10.2200703737,45.5456595901]},"properties":{"type":"pakketpunt","locatieNaam":"Monte Alto Elettronica","straatNaam":"PIAZZA CESARE BATTISTI","straatNr":"9","vervoerder":"DPD","puntType":"pickup_point","bezettingsgraad":50,"latitude":45.5456595901,"longitude":10.2200703737,"canPickup":true,"canDropoff":true,"openingstijden":{"ma":"09:00 - 13:00, 15:00 - 19:30","di":"09:00 - 13:00, 15:00 - 19:30","wo":"09:00 - 13:00, 15:00 - 19:30","do":"09:00 - 13:00, 15:00 - 19:30","vr":"09:00 - 13:00, 15:00 - 19:30","za":"09:00 - 13:00, 15:00 - 19:30","zo":"gesloten"}}},{"type":"Feature","geometry":{"type":"Point","coordinates":[10.2254550411,45.5564323018]},"properties":{"type":"pakketpunt","locatieNaam":"Bar Capitol","straatNaam":"VIA TRENTO","straatNr":"111E","vervoerder":"DPD","puntType":"pickup_point","bezettingsgraad":50,"latitude":45.5564323018,"longitude":10.2254550411,"canPickup":true,"canDropoff":true,"openingstijden":{"ma":"07:00 - 23:45","di":"07:00 - 23:45","wo":"07:00 - 23:45","do":"07:00 - 23:45","vr":"07:00 - 23:45","za":"07:00 - 23:45","zo":"07:00 - 23:45"}}},{"type":"Feature","geometry":{"type":"Point","coordinates":[10.27189099,45.49354162]},"properties":{"type":"pakketpunt","locatieNaam":"Tabaccheria Boldini","straatNaam":"VIA DELLE BETTOLE","straatNr":"119","vervoerder":"DPD","puntType":"pickup_point","bezettingsgraad":50,"latitude":45.49354162,"longitude":10.27189099,"canPickup":true,"canDropoff":true,"openingstijden":{"ma":"07:00 - 19:30","di":"07:00 - 19:30","wo":"07:00 - 19:30","do":"07:00 - 19:30","vr":"07:00 - 19:30","za":"07:00 - 19:30","zo":"08:00 - 18:00"}}},{"type":"Feature","geometry":{"type":"Point","coordinates":[10.16181836,45.55063555]},"properties":{"type":"pakketpunt","locatieNaam":"Pasticceria Luisa","straatNaam":"VIA VII","straatNr":"90","vervoerder":"DPD","puntType":"pickup_point","bezettingsgraad":50,"latitude":45.55063555,"longitude":10.16181836,"canPickup":true,"canDropoff":true,"openingstijden":{"ma":"06:30 - 12:00","di":"06:30 - 12:00","wo":"06:30 - 12:00, 16:00 - 19:00","do":"06:30 - 12:00, 16:00 - 21:00","vr":"06:30 - 12:00, 16:00 - 21:00","za":"07:00 - 12:30, 16:00 - 21:00","zo":"07:00 - 12:30, 16:00 - 19:00"}}},{"type":"Feature","geometry":{"type":"Point","coordinates":[10.2251779,45.5373483]},"properties":{"type":"pakketpunt","locatieNaam":"QuiPoste-Brescia","straatNaam":"VIA TRIESTE","straatNr":"40B","vervoerder":"DPD","puntType":"pickup_point","bezettingsgraad":50,"latitude":45.5373483,"longitude":10.2251779,"canPickup":false,"canDropoff":true,"openingstijden":{"ma":"09:30 - 13:15, 15:15 - 19:00","di":"09:30 - 13:15, 15:15 - 19:00","wo":"09:30 - 13:15, 15:15 - 19:00","do":"09:30 - 13:15, 15:15 - 19:00","vr":"09:30 - 13:15, 15:15 - 19:00","za":"09:30 - 13:00","zo":"gesloten"}}},{"type":"Feature","geometry":{"type":"Point","coordinates":[10.2137461,45.5359404]},"properties":{"type":"pakketpunt","locatieNaam":"Edicola Moretto","straatNaam":"VIA MORETTO","straatNr":"2C","vervoerder":"DPD","puntType":"pickup_point","bezettingsgraad":50,"latitude":45.5359404,"longitude":10.2137461,"canPickup":false,"canDropoff":true,"openingstijden":{"ma":"06:30 - 12:30","di":"06:30 - 12:30, 15:15 - 18:15","wo":"06:30 - 12:30, 15:15 - 18:15","do":"06:30 - 12:30, 15:15 - 18:15","vr":"06:30 - 12:30, 15:15 - 18:15","za":"06:30 - 12:30, 15:15 - 18:00","zo":"gesloten"}}},{"type":"Feature","geometry":{"type":"Point","coordinates":[10.2119999,45.541696]},"properties":{"type":"pakketpunt","locatieNaam":"Tabaccheria Garibaldi","straatNaam":"VIA CALATAFINI","straatNr":"2","vervoerder":"DPD","puntType":"pickup_point","bezettingsgraad":50,"latitude":45.541696,"longitude":10.2119999,"canPickup":true,"canDropoff":true,"openingstijden":{"ma":"07:00 - 20:00","di":"07:00 - 20:00","wo":"07:00 - 20:00","do":"07:00 - 20:00","vr":"07:00 - 20:00","za":"07:00 - 20:00","zo":"08:00 - 20:00"}}},{"type":"Feature","geometry":{"type":"Point","coordinates":[10.24264439,45.53255683]},"properties":{"type":"pakketpunt","locatieNaam":"Tabaccheria 52-Brescia","straatNaam":"VIALE VENEZIA 170 A","straatNr":"","vervoerder":"DPD","puntType":"pickup_point","bezettingsgraad":50,"latitude":45.53255683,"longitude":10.24264439,"canPickup":true,"canDropoff":true,"openingstijden":{"ma":"08:00 - 12:30, 15:00 - 19:00","di":"08:00 - 12:30, 15:00 - 19:00","wo":"08:00 - 12:30, 15:00 - 19:00","do":"08:00 - 12:30, 15:00 - 19:00","vr":"08:00 - 12:30, 15:00 - 19:00","za":"08:00 - 12:30, 15:00 - 19:00","zo":"gesloten"}}},{"type":"Feature","geometry":{"type":"Point","coordinates":[10.2226375,45.5314645]},"properties":{"type":"pakketpunt","locatieNaam":"Bar Tabacchi Solferino","straatNaam":"VIA SOLFERINO","straatNr":"42","vervoerder":"DPD","puntType":"pickup_point","bezettingsgraad":50,"latitude":45.5314645,"longitude":10.2226375,"canPickup":true,"canDropoff":true,"openingstijden":{"ma":"07:00 - 12:30, 14:30 - 19:00","di":"07:00 - 12:30, 14:30 - 19:00","wo":"07:00 - 12:30, 14:30 - 19:00","do":"07:00 - 12:30, 14:30 - 19:00","vr":"07:00 - 12:30, 14:30 - 19:00","za":"08:00 - 12:30","zo":"gesloten"}}},{"type":"Feature","geometry":{"type":"Point","coordinates":[10.22308252,45.53363027]},"properties":{"type":"pakketpunt","locatieNaam":"Sigaretta e Caffè","straatNaam":"CORSO CAVOUR","straatNr":"56","vervoerder":"DPD","puntType":"pickup_point","bezettingsgraad":50,"latitude":45.53363027,"longitude":10.22308252,"canPickup":true,"canDropoff":true,"openingstijden":{"ma":"08:00 - 19:00","di":"08:00 - 19:00","wo":"08:00 - 19:00","do":"08:00 - 19:00","vr":"08:00 - 19:00","za":"08:00 - 19:00","zo":"gesloten"}}},{"type":"Feature","geometry":{"type":"Point","coordinates":[10.22982626,45.5540063]},"properties":{"type":"pakketpunt","locatieNaam":"Caffetteria Moma","straatNaam":"VIA M.DUCCO","straatNr":"73","vervoerder":"DPD","puntType":"pickup_point","bezettingsgraad":50,"latitude":45.5540063,"longitude":10.22982626,"canPickup":true,"canDropoff":true,"openingstijden":{"ma":"07:00 - 19:00","di":"07:00 - 19:00","wo":"07:00 - 19:00","do":"07:00 - 19:00","vr":"07:00 - 19:00","za":"07:00 - 14:00","zo":"gesloten"}}},{"type":"Feature","geometry":{"type":"Point","coordinates":[10.22458,45.51851]},"properties":{"type":"pakketpunt","locatieNaam":"BRT LOCKER - Time To Fly Brescia","straatNaam":"VIA DELLA VOLTA. 6 TER","straatNr":"","vervoerder":"DPD","puntType":"dpd_box","bezettingsgraad":50,"latitude":45.51851,"longitude":10.22458,"canPickup":true,"canDropoff":false,"openingstijden":{"ma":"09:00 - 19:00","di":"09:00 - 19:00","wo":"09:00 - 19:00","do":"09:00 - 19:00","vr":"09:00 - 19:00","za":"09:00 - 16:00","zo":"gesloten"}}},{"type":"Feature","geometry":{"type":"Point","coordinates":[10.2202,45.54295]},"properties":{"type":"pakketpunt","locatieNaam":"BRT LOCKER - Macelleria Mando e Fig","straatNaam":"VIA SAN FAUSTINO","straatNr":"58","vervoerder":"DPD","puntType":"dpd_box","bezettingsgraad":50,"latitude":45.54295,"longitude":10.2202,"canPickup":true,"canDropoff":false,"openingstijden":{"ma":"09:00 - 19:00","di":"09:00 - 19:00","wo":"09:00 - 19:00","do":"09:00 - 19:00","vr":"09:00 - 19:00","za":"09:00 - 19:00","zo":"gesloten"}}},{"type":"Feature","geometry":{"type":"Point","coordinates":[10.19931316,45.52708376]},"properties":{"type":"pakketpunt","locatieNaam":"Edicola Tabaccheria Flaminia","straatNaam":"VIA SORELLE AMBROSETTI","straatNr":"10","vervoerder":"DPD","puntType":"pickup_point","bezettingsgraad":50,"latitude":45.52708376,"longitude":10.19931316,"canPickup":true,"canDropoff":true,"openingstijden":{"ma":"09:00 - 20:00","di":"09:00 - 20:00","wo":"09:00 - 20:00","do":"09:00 - 20:00","vr":"09:00 - 20:00","za":"09:00 - 20:00","zo":"09:00 - 20:00"}}},{"type":"Feature","geometry":{"type":"Point","coordinates":[10.2236759,45.5268954]},"properties":{"type":"pakketpunt","locatieNaam":"Nkd-Brescia","straatNaam":"VIA CREMONA","straatNr":"59","vervoerder":"DPD","puntType":"pickup_point","bezettingsgraad":50,"latitude":45.5268954,"longitude":10.2236759,"canPickup":true,"canDropoff":true,"openingstijden":{"ma":"09:00 - 13:00, 15:30 - 19:30","di":"09:00 - 13:00, 15:30 - 19:30","wo":"09:00 - 13:00, 15:30 - 19:30","do":"09:00 - 13:00, 15:30 - 19:30","vr":"09:00 - 13:00, 15:30 - 19:30","za":"09:00 - 13:00, 15:30 - 19:30","zo":"gesloten"}}},{"type":"Feature","geometry":{"type":"Point","coordinates":[10.1983767,45.5570226]},"properties":{"type":"pakketpunt","locatieNaam":"Tabaccheria N.87","straatNaam":"VIA CROTTE","straatNr":"25 A","vervoerder":"DPD","puntType":"pickup_point","bezettingsgraad":50,"latitude":45.5570226,"longitude":10.1983767,"canPickup":true,"canDropoff":true,"openingstijden":{"ma":"07:00 - 19:30","di":"07:00 - 19:30","wo":"07:00 - 19:30","do":"07:00 - 19:30","vr":"07:00 - 19:30","za":"07:00 - 19:30","zo":"08:00 - 18:00"}}},{"type":"Feature","geometry":{"type":"Point","coordinates":[10.23464464,45.56676857]},"properties":{"type":"pakketpunt","locatieNaam":"Bar Garda","straatNaam":"VIA BLIGNY","straatNr":"28","vervoerder":"DPD","puntType":"pickup_point","bezettingsgraad":50,"latitude":45.56676857,"longitude":10.23464464,"canPickup":true,"canDropoff":true,"openingstijden":{"ma":"07:00 - 20:00","di":"07:00 - 20:00","wo":"07:00 - 20:00","do":"07:00 - 20:00","vr":"07:00 - 20:00","za":"07:00 - 20:00","zo":"07:00 - 20:00"}}},{"type":"Feature","geometry":{"type":"Point","coordinates":[10.21074845,45.52149314]},"properties":{"type":"pakketpunt","locatieNaam":"Tabaccheria San Giorgio","straatNaam":"VIA LAMARMORA","straatNr":"140E","vervoerder":"DPD","puntType":"pickup_point","bezettingsgraad":50,"latitude":45.52149314,"longitude":10.21074845,"canPickup":true,"canDropoff":true,"openingstijden":{"ma":"07:15 - 13:00, 15:00 - 19:00","di":"07:15 - 13:00, 15:00 - 19:00","wo":"07:15 - 13:00, 15:00 - 19:00","do":"07:15 - 13:00, 15:00 - 19:00","vr":"07:15 - 13:00, 15:00 - 19:00","za":"07:15 - 13:00, 15:00 - 19:00","zo":"gesloten"}}},{"type":"Feature","geometry":{"type":"Point","coordinates":[10.21960717,45.56659253]},"properties":{"type":"pakketpunt","locatieNaam":"Sanba Tabaccheria","straatNaam":"VIA DELLE SCUOLE","straatNr":"35","vervoerder":"DPD","puntType":"pickup_point","bezettingsgraad":50,"latitude":45.56659253,"longitude":10.21960717,"canPickup":true,"canDropoff":true,"openingstijden":{"ma":"07:00 - 13:00, 15:00 - 19:00","di":"07:00 - 13:00, 15:00 - 19:00","wo":"07:00 - 13:00, 15:00 - 19:00","do":"07:00 - 13:00, 15:00 - 19:00","vr":"07:00 - 13:00, 15:00 - 19:00","za":"07:00 - 13:00","zo":"gesloten"}}},{"type":"Feature","geometry":{"type":"Point","coordinates":[10.21547339,45.54350943]},"properties":{"type":"pakketpunt","locatieNaam":"Bar Giovanni","straatNaam":"VIA MARSALA","straatNr":"32","vervoerder":"DPD","puntType":"pickup_point","bezettingsgraad":50,"latitude":45.54350943,"longitude":10.21547339,"canPickup":true,"canDropoff":true,"openingstijden":{"ma":"07:00 - 22:00","di":"07:00 - 22:00","wo":"07:00 - 22:00","do":"07:00 - 22:00","vr":"07:00 - 22:00","za":"07:00 - 22:00","zo":"gesloten"}}},{"type":"Feature","geometry":{"type":"Point","coordinates":[10.217357,45.54901967]},"properties":{"type":"pakketpunt","locatieNaam":"Serafina Caffé Tabacchi","straatNaam":"VIA MONTEGRAPPA","straatNr":"12 A","vervoerder":"DPD","puntType":"pickup_point","bezettingsgraad":50,"latitude":45.54901967,"longitude":10.217357,"canPickup":true,"canDropoff":true,"openingstijden":{"ma":"07:00 - 21:30","di":"07:00 - 21:30","wo":"07:00 - 21:30","do":"07:00 - 21:30","vr":"07:00 - 21:30","za":"07:00 - 15:00","zo":"08:00 - 13:00"}}},{"type":"Feature","geometry":{"type":"Point","coordinates":[10.22699622,45.52620447]},"properties":{"type":"pakketpunt","locatieNaam":"Pizza's House","straatNaam":"VIA A. ZANELLI","straatNr":"42","vervoerder":"DPD","puntType":"pickup_point","bezettingsgraad":50,"latitude":45.52620447,"longitude":10.22699622,"canPickup":true,"canDropoff":true,"openingstijden":{"ma":"11:00 - 14:00, 17:00 - 23:30","di":"11:00 - 14:00, 17:00 - 23:30","wo":"11:00 - 14:00, 17:00 - 23:30","do":"11:00 - 14:00, 17:00 - 23:30","vr":"11:00 - 14:00, 17:00 - 23:30","za":"11:00 - 14:00, 17:00 - 23:30","zo":"17:00 - 23:30"}}},{"type":"Feature","geometry":{"type":"Point","coordinates":[10.2005553436,45.5316826996]},"properties":{"type":"pakketpunt","locatieNaam":"La Capsuleria - Brescia 2","straatNaam":"VIA DALMAZIA","straatNr":"69/A","vervoerder":"DPD","puntType":"pickup_point","bezettingsgraad":50,"latitude":45.5316826996,"longitude":10.2005553436,"canPickup":true,"canDropoff":true,"openingstijden":{"ma":"15:30 - 19:00","di":"09:30 - 12:30, 15:30 - 19:00","wo":"09:30 - 12:30, 15:30 - 19:00","do":"09:30 - 12:30, 15:30 - 19:00","vr":"09:30 - 12:30, 15:30 - 19:00","za":"09:30 - 12:30, 15:30 - 19:00","zo":"gesloten"}}},{"type":"Feature","geometry":{"type":"Point","coordinates":[10.24152417,45.52418444]},"properties":{"type":"pakketpunt","locatieNaam":"La Dolce Vita 6.0","straatNaam":"VIA P. VERONESE","straatNr":"28 B","vervoerder":"DPD","puntType":"pickup_point","bezettingsgraad":50,"latitude":45.52418444,"longitude":10.24152417,"canPickup":true,"canDropoff":true,"openingstijden":{"ma":"07:00 - 20:00","di":"07:00 - 20:00","wo":"07:00 - 20:00","do":"07:00 - 20:00","vr":"07:00 - 20:00","za":"07:00 - 20:00","zo":"gesloten"}}},{"type":"Feature","geometry":{"type":"Point","coordinates":[10.2235058,45.5529446]},"properties":{"type":"pakketpunt","locatieNaam":"Virsa Tunes","straatNaam":"VIA TRENTO","straatNr":"49 a","vervoerder":"DPD","puntType":"pickup_point","bezettingsgraad":50,"latitude":45.5529446,"longitude":10.2235058,"canPickup":true,"canDropoff":true,"openingstijden":{"ma":"09:00 - 13:00, 15:00 - 19:30","di":"09:00 - 13:00, 15:00 - 19:30","wo":"09:00 - 13:00, 15:00 - 19:30","do":"09:00 - 13:00, 15:00 - 19:30","vr":"09:00 - 13:00, 15:00 - 19:30","za":"09:00 - 13:00, 15:00 - 19:30","zo":"gesloten"}}},{"type":"Feature","geometry":{"type":"Point","coordinates":[10.2016313,45.5358382]},"properties":{"type":"pakketpunt","locatieNaam":"Posta Power","straatNaam":"VIA ROSE DI SOTTO","straatNr":"4c","vervoerder":"DPD","puntType":"pickup_point","bezettingsgraad":50,"latitude":45.5358382,"longitude":10.2016313,"canPickup":true,"canDropoff":true,"openingstijden":{"ma":"09:00 - 14:00, 15:30 - 17:00","di":"09:00 - 14:00, 15:30 - 17:00","wo":"09:00 - 14:00, 15:30 - 17:00","do":"09:00 - 14:00, 15:30 - 17:00","vr":"09:00 - 14:00, 15:30 - 17:00","za":"gesloten","zo":"gesloten"}}},{"type":"Feature","geometry":{"type":"Point","coordinates":[10.2198734,45.5393385]},"properties":{"type":"pakketpunt","locatieNaam":"Bar Seconda Chance","straatNaam":"VIA DELLA POSTA","straatNr":"1","vervoerder":"DPD","puntType":"pickup_point","bezettingsgraad":50,"latitude":45.5393385,"longitude":10.2198734,"canPickup":true,"canDropoff":true,"openingstijden":{"ma":"07:00 - 20:30","di":"07:00 - 20:30","wo":"07:00 - 20:30","do":"07:00 - 22:30","vr":"07:00 - 22:30","za":"07:00 - 22:30","zo":"gesloten"}}},{"type":"Feature","geometry":{"type":"Point","coordinates":[10.21244,45.55056]},"properties":{"type":"pakketpunt","locatieNaam":"Mariana","straatNaam":"VIA SANT’EUSTACCHIO","straatNr":"6/C","vervoerder":"DPD","puntType":"pickup_point","bezettingsgraad":50,"latitude":45.55056,"longitude":10.21244,"canPickup":true,"canDropoff":true,"openingstijden":{"ma":"06:30 - 14:00, 16:00 - 19:00","di":"06:30 - 14:00, 16:00 - 19:00","wo":"06:30 - 14:00, 16:00 - 19:00","do":"06:30 - 14:00, 16:00 - 19:00","vr":"06:30 - 14:00, 16:00 - 19:00","za":"06:30 - 14:00","zo":"gesloten"}}},{"type":"Feature","geometry":{"type":"Point","coordinates":[10.22509648,45.52039054]},"properties":{"type":"pakketpunt","locatieNaam":"Colorificio Serafini","straatNaam":"VIA FRATELLI ROSSELLI","straatNr":"19/23","vervoerder":"DPD","puntType":"pickup_point","bezettingsgraad":50,"latitude":45.52039054,"longitude":10.22509648,"canPickup":true,"canDropoff":true,"openingstijden":{"ma":"08:00 - 12:00, 14:00 - 18:00","di":"08:00 - 12:00, 14:00 - 18:00","wo":"08:00 - 12:00, 14:00 - 18:00","do":"08:00 - 12:00, 14:00 - 18:00","vr":"08:00 - 12:00, 14:00 - 18:00","za":"gesloten","zo":"gesloten"}}},{"type":"Feature","geometry":{"type":"Point","coordinates":[10.2242299,45.52790731]},"properties":{"type":"pakketpunt","locatieNaam":"Ah Mobile","straatNaam":"VIA R. DA BRESCIA","straatNr":"9","vervoerder":"DPD","puntType":"pickup_point","bezettingsgraad":50,"latitude":45.52790731,"longitude":10.2242299,"canPickup":true,"canDropoff":true,"openingstijden":{"ma":"09:00 - 13:00, 15:00 - 20:00","di":"09:00 - 13:00, 15:00 - 20:00","wo":"09:00 - 13:00, 15:00 - 20:00","do":"09:00 - 13:00, 15:00 - 20:00","vr":"09:00 - 13:00, 15:00 - 20:00","za":"09:00 - 13:00, 15:00 - 20:00","zo":"gesloten"}}},{"type":"Feature","geometry":{"type":"Point","coordinates":[10.2554836,45.5069485]},"properties":{"type":"pakketpunt","locatieNaam":"Urban Vaping-Brescia","straatNaam":"VIA SAN POLO","straatNr":"196","vervoerder":"DPD","puntType":"pickup_point","bezettingsgraad":50,"latitude":45.5069485,"longitude":10.2554836,"canPickup":true,"canDropoff":true,"openingstijden":{"ma":"09:00 - 13:00, 15:30 - 19:30","di":"09:00 - 13:00, 15:30 - 19:30","wo":"09:00 - 13:00, 15:30 - 19:30","do":"09:00 - 13:00, 15:30 - 19:30","vr":"09:00 - 13:00, 15:30 - 19:30","za":"09:00 - 13:00, 15:30 - 19:30","zo":"gesloten"}}},{"type":"Feature","geometry":{"type":"Point","coordinates":[10.2380098,45.5307608]},"properties":{"type":"pakketpunt","locatieNaam":"Caffè Diamante","straatNaam":"VIA PIAVE","straatNr":"4","vervoerder":"DPD","puntType":"pickup_point","bezettingsgraad":50,"latitude":45.5307608,"longitude":10.2380098,"canPickup":true,"canDropoff":true,"openingstijden":{"ma":"07:30 - 21:00","di":"07:30 - 21:00","wo":"07:30 - 21:00","do":"07:30 - 21:00","vr":"07:30 - 21:00","za":"07:30 - 21:00","zo":"07:30 - 21:00"}}},{"type":"Feature","geometry":{"type":"Point","coordinates":[10.224644,45.512783]},"properties":{"type":"pakketpunt","locatieNaam":"BRT LOCKER - Lavanderia Self Bloome","straatNaam":"VIA DELLA VOLTA","straatNr":"76C","vervoerder":"DPD","puntType":"dpd_box","bezettingsgraad":50,"latitude":45.512783,"longitude":10.224644,"canPickup":true,"canDropoff":true,"openingstijden":{"ma":"07:30 - 23:00","di":"07:30 - 23:00","wo":"07:30 - 23:00","do":"07:30 - 23:00","vr":"07:30 - 23:00","za":"07:30 - 23:00","zo":"07:30 - 23:00"}}},{"type":"Feature","geometry":{"type":"Point","coordinates":[10.2493989,45.51367185]},"properties":{"type":"pakketpunt","locatieNaam":"Caffè Dal Mondo - San Polo","straatNaam":"VIA GIORGIONE","straatNr":"7","vervoerder":"DPD","puntType":"pickup_point","bezettingsgraad":50,"latitude":45.51367185,"longitude":10.2493989,"canPickup":true,"canDropoff":true,"openingstijden":{"ma":"15:00 - 19:00","di":"09:00 - 12:30, 15:00 - 19:00","wo":"09:00 - 12:30, 15:00 - 19:00","do":"09:00 - 12:30, 15:00 - 19:00","vr":"09:00 - 12:30, 15:00 - 19:00","za":"09:00 - 12:30, 15:00 - 19:00","zo":"gesloten"}}},{"type":"Feature","geometry":{"type":"Point","coordinates":[10.2010702,45.5576355]},"properties":{"type":"pakketpunt","locatieNaam":"Monte Alto Elettronica","straatNaam":"VIA DON G. VENDER","straatNr":"49","vervoerder":"DPD","puntType":"pickup_point","bezettingsgraad":50,"latitude":45.5576355,"longitude":10.2010702,"canPickup":true,"canDropoff":true,"openingstijden":{"ma":"09:00 - 13:00, 15:00 - 19:00","di":"09:00 - 13:00, 15:00 - 19:00","wo":"09:00 - 13:00, 15:00 - 19:00","do":"09:00 - 13:00, 15:00 - 19:00","vr":"09:00 - 13:00, 15:00 - 19:00","za":"09:00 - 13:00, 14:30 - 19:00","zo":"gesloten"}}},{"type":"Feature","geometry":{"type":"Point","coordinates":[10.18864206,45.52986843]},"properties":{"type":"pakketpunt","locatieNaam":"Sentirsi a Casa Srl","straatNaam":"VIA ORZINUOVI","straatNr":"52c","vervoerder":"DPD","puntType":"pickup_point","bezettingsgraad":50,"latitude":45.52986843,"longitude":10.18864206,"canPickup":true,"canDropoff":true,"openingstijden":{"ma":"09:30 - 12:30, 15:30 - 19:00","di":"09:30 - 12:30, 15:30 - 19:00","wo":"09:30 - 12:30, 15:30 - 19:00","do":"09:30 - 12:30, 15:30 - 19:00","vr":"09:30 - 12:30, 15:30 - 19:00","za":"09:30 - 12:30, 15:30 - 19:00","zo":"gesloten"}}},{"type":"Feature","geometry":{"type":"Point","coordinates":[10.206354,45.526972]},"properties":{"type":"pakketpunt","locatieNaam":"BRT LOCKER - Conad Via Cefalonia","straatNaam":"VIA CEFALONIA","straatNr":"16","vervoerder":"DPD","puntType":"dpd_box","bezettingsgraad":50,"latitude":45.526972,"longitude":10.206354,"canPickup":true,"canDropoff":true,"openingstijden":{"ma":"08:00 - 19:30","di":"08:00 - 19:30","wo":"08:00 - 19:30","do":"08:00 - 19:30","vr":"08:00 - 19:30","za":"08:00 - 19:30","zo":"08:30 - 13:00"}}},{"type":"Feature","geometry":{"type":"Point","coordinates":[10.220443,45.526315]},"properties":{"type":"pakketpunt","locatieNaam":"BRT LOCKER - Conad Superstore Via S","straatNaam":"VIA SAN ZENO","straatNr":"","vervoerder":"DPD","puntType":"dpd_box","bezettingsgraad":50,"latitude":45.526315,"longitude":10.220443,"canPickup":true,"canDropoff":true,"openingstijden":{"ma":"07:30 - 20:30","di":"07:30 - 20:30","wo":"07:30 - 20:30","do":"07:30 - 20:30","vr":"07:30 - 20:30","za":"07:30 - 20:30","zo":"08:30 - 20:30"}}},{"type":"Feature","geometry":{"type":"Point","coordinates":[10.231368,45.575976]},"properties":{"type":"pakketpunt","locatieNaam":"BRT LOCKER - Conad Superstore Via T","straatNaam":"VIA TRIUMPLINA","straatNr":"173","vervoerder":"DPD","puntType":"dpd_box","bezettingsgraad":50,"latitude":45.575976,"longitude":10.231368,"canPickup":true,"canDropoff":true,"openingstijden":{"ma":"08:00 - 20:00","di":"08:00 - 20:00","wo":"08:00 - 20:00","do":"08:00 - 20:00","vr":"08:00 - 20:00","za":"08:00 - 20:00","zo":"08:00 - 20:00"}}},{"type":"Feature","geometry":{"type":"Point","coordinates":[10.2195651,45.5405243]},"properties":{"type":"pakketpunt","locatieNaam":"La Fermata del Tram","straatNaam":"VIA SAN FAUSTINO","straatNr":"2","vervoerder":"DPD","puntType":"pickup_point","bezettingsgraad":50,"latitude":45.5405243,"longitude":10.2195651,"canPickup":true,"canDropoff":true,"openingstijden":{"ma":"11:00 - 15:30","di":"11:00 - 15:30","wo":"11:30 - 15:30","do":"11:00 - 15:30, 18:00 - 20:00","vr":"11:00 - 15:30, 18:00 - 20:00","za":"11:00 - 15:30, 18:00 - 20:00","zo":"12:00 - 18:00"}}},{"type":"Feature","geometry":{"type":"Point","coordinates":[10.1926852,45.5579613]},"properties":{"type":"pakketpunt","locatieNaam":"Bar Crema Caffè","straatNaam":"VIA DEI COMINAZZI","straatNr":"52","vervoerder":"DPD","puntType":"pickup_point","bezettingsgraad":50,"latitude":45.5579613,"longitude":10.1926852,"canPickup":true,"canDropoff":true,"openingstijden":{"ma":"07:30 - 13:30, 16:00 - 19:30","di":"07:30 - 13:30, 16:00 - 19:30","wo":"07:30 - 13:30, 16:00 - 19:30","do":"07:30 - 13:30, 16:00 - 19:30","vr":"07:30 - 13:30, 16:00 - 19:30","za":"07:30 - 13:30, 16:00 - 19:30","zo":"08:00 - 12:00"}}},{"type":"Feature","geometry":{"type":"Point","coordinates":[10.192557,45.5591309]},"properties":{"type":"pakketpunt","locatieNaam":"Bottega del Fumo","straatNaam":"VIA TORRICELLA DI SOPRA","straatNr":"25","vervoerder":"DPD","puntType":"pickup_point","bezettingsgraad":50,"latitude":45.5591309,"longitude":10.192557,"canPickup":true,"canDropoff":true,"openingstijden":{"ma":"07:00 - 19:30","di":"07:00 - 19:30","wo":"07:00 - 19:30","do":"07:00 - 19:30","vr":"07:00 - 19:30","za":"07:00 - 19:30","zo":"gesloten"}}},{"type":"Feature","geometry":{"type":"Point","coordinates":[10.254404,45.523496]},"properties":{"type":"pakketpunt","locatieNaam":"BRT LOCKER - Conad Via Masaccio","straatNaam":"VIA MASACCIO","straatNr":"20","vervoerder":"DPD","puntType":"dpd_box","bezettingsgraad":50,"latitude":45.523496,"longitude":10.254404,"canPickup":true,"canDropoff":true,"openingstijden":{"ma":"08:00 - 20:00","di":"08:00 - 20:00","wo":"08:00 - 20:00","do":"08:00 - 20:00","vr":"08:00 - 20:00","za":"08:00 - 20:00","zo":"08:30 - 20:00"}}},{"type":"Feature","geometry":{"type":"Point","coordinates":[10.1932935,45.5533962]},"properties":{"type":"pakketpunt","locatieNaam":"Tabaccheria Bove Mario","straatNaam":"VIA CHIUSURE","straatNr":"92A","vervoerder":"DPD","puntType":"pickup_point","bezettingsgraad":50,"latitude":45.5533962,"longitude":10.1932935,"canPickup":true,"canDropoff":true,"openingstijden":{"ma":"08:00 - 19:30","di":"08:00 - 19:30","wo":"08:00 - 19:30","do":"08:00 - 19:30","vr":"08:00 - 19:30","za":"08:00 - 19:30","zo":"08:00 - 19:30"}}},{"type":"Feature","geometry":{"type":"Point","coordinates":[10.206191,45.532123]},"properties":{"type":"pakketpunt","locatieNaam":"BRT LOCKER - Lavanderia Self-Servic","straatNaam":"VIA ZARA","straatNr":"33","vervoerder":"DPD","puntType":"dpd_box","bezettingsgraad":50,"latitude":45.532123,"longitude":10.206191,"canPickup":true,"canDropoff":true,"openingstijden":{"ma":"07:00 - 22:00","di":"07:00 - 22:00","wo":"07:00 - 22:00","do":"07:00 - 22:00","vr":"07:00 - 22:00","za":"07:00 - 22:00","zo":"07:00 - 22:00"}}},{"type":"Feature","geometry":{"type":"Point","coordinates":[10.243,45.5306678]},"properties":{"type":"pakketpunt","locatieNaam":"HS Electronics","straatNaam":"VIALE DEL PIAVE","straatNr":"105","vervoerder":"DPD","puntType":"pickup_point","bezettingsgraad":50,"latitude":45.5306678,"longitude":10.243,"canPickup":true,"canDropoff":true,"openingstijden":{"ma":"09:00 - 20:00","di":"09:00 - 20:00","wo":"09:00 - 20:00","do":"09:00 - 20:00","vr":"09:00 - 20:00","za":"09:00 - 20:00","zo":"gesloten"}}},{"type":"Feature","geometry":{"type":"Point","coordinates":[10.2272908,45.5224099]},"properties":{"type":"pakketpunt","locatieNaam":"Tabaccheria Del Villaggio","straatNaam":"ANGIOLINA FERRARI","straatNr":"30","vervoerder":"DPD","puntType":"pickup_point","bezettingsgraad":50,"latitude":45.5224099,"longitude":10.2272908,"canPickup":true,"canDropoff":true,"openingstijden":{"ma":"08:00 - 12:00, 15:00 - 19:00","di":"08:00 - 12:00, 15:00 - 19:00","wo":"08:00 - 12:00, 15:00 - 19:00","do":"08:00 - 12:00, 15:00 - 19:00","vr":"08:00 - 12:00, 15:00 - 19:00","za":"08:00 - 12:00, 15:00 - 19:00","zo":"08:00 - 12:00, 15:00 - 19:00"}}},{"type":"Feature","geometry":{"type":"Point","coordinates":[10.22776,45.54937]},"properties":{"type":"pakketpunt","locatieNaam":"Tabaccheria Tommy","straatNaam":"VIA G. GALILEI","straatNr":"106","vervoerder":"DPD","puntType":"pickup_point","bezettingsgraad":50,"latitude":45.54937,"longitude":10.22776,"canPickup":true,"canDropoff":true,"openingstijden":{"ma":"08:00 - 19:00","di":"08:00 - 19:00","wo":"08:00 - 19:00","do":"08:00 - 19:00","vr":"08:00 - 19:00","za":"08:00 - 19:00","zo":"gesloten"}}},{"type":"Feature","geometry":{"type":"Point","coordinates":[10.287998,45.517037]},"properties":{"type":"pakketpunt","locatieNaam":"BRT LOCKER - Italmark Brescia","straatNaam":"VIALE S. EUFEMIA 108 E","straatNr":"","vervoerder":"DPD","puntType":"dpd_box","bezettingsgraad":50,"latitude":45.517037,"longitude":10.287998,"canPickup":true,"canDropoff":true,"openingstijden":{"ma":"08:30 - 20:00","di":"08:30 - 20:00","wo":"08:30 - 20:00","do":"08:30 - 20:00","vr":"08:30 - 20:00","za":"08:30 - 20:00","zo":"08:30 - 13:00"}}},{"type":"Feature","geometry":{"type":"Point","coordinates":[10.2245616,45.5185486]},"properties":{"type":"pakketpunt","locatieNaam":"House Minimarket","straatNaam":"VIA DELLA VOLTA","straatNr":"6e","vervoerder":"DPD","puntType":"pickup_point","bezettingsgraad":50,"latitude":45.5185486,"longitude":10.2245616,"canPickup":true,"canDropoff":true,"openingstijden":{"ma":"08:30 - 23:30","di":"08:30 - 23:30","wo":"08:30 - 23:30","do":"08:30 - 23:30","vr":"08:30 - 23:30","za":"08:30 - 23:30","zo":"08:30 - 23:30"}}},{"type":"Feature","geometry":{"type":"Point","coordinates":[10.198103,45.5468831]},"properties":{"type":"pakketpunt","locatieNaam":"Bar Le Streghe","straatNaam":"VIA C. BEVILACQUA","straatNr":"33","vervoerder":"DPD","puntType":"pickup_point","bezettingsgraad":50,"latitude":45.5468831,"longitude":10.198103,"canPickup":true,"canDropoff":true,"openingstijden":{"ma":"07:30 - 18:30","di":"07:30 - 18:30","wo":"07:30 - 18:30","do":"07:30 - 18:30","vr":"07:30 - 18:30","za":"08:00 - 12:00","zo":"gesloten"}}},{"type":"Feature","geometry":{"type":"Point","coordinates":[10.227071,45.5502256]},"properties":{"type":"pakketpunt","locatieNaam":"Mondo Moderno Elettronica","straatNaam":"VIA C. DI ROSA","straatNr":"95","vervoerder":"DPD","puntType":"pickup_point","bezettingsgraad":50,"latitude":45.5502256,"longitude":10.227071,"canPickup":true,"canDropoff":true,"openingstijden":{"ma":"09:00 - 13:00, 15:00 - 20:00","di":"09:00 - 13:00, 15:00 - 20:00","wo":"09:00 - 13:00, 15:00 - 20:00","do":"09:00 - 13:00, 15:00 - 20:00","vr":"09:00 - 12:30, 15:00 - 20:00","za":"09:00 - 13:00, 15:00 - 20:00","zo":"gesloten"}}},{"type":"Feature","geometry":{"type":"Point","coordinates":[10.2142758,45.536757]},"properties":{"type":"pakketpunt","locatieNaam":"Bar Tabaccheria Dali","straatNaam":"C.SO M. DELLA LIBERTA","straatNr":"42","vervoerder":"DPD","puntType":"pickup_point","bezettingsgraad":50,"latitude":45.536757,"longitude":10.2142758,"canPickup":true,"canDropoff":true,"openingstijden":{"ma":"06:30 - 20:00","di":"06:30 - 20:00","wo":"06:30 - 20:00","do":"06:30 - 20:00","vr":"06:30 - 20:00","za":"06:30 - 20:00","zo":"06:30 - 20:00"}}},{"type":"Feature","geometry":{"type":"Point","coordinates":[10.190998,45.515712]},"properties":{"type":"pakketpunt","locatieNaam":"Caffé Dal Mondo - Brescia","straatNaam":"TRAVERSA XII","straatNr":"20","vervoerder":"DPD","puntType":"pickup_point","bezettingsgraad":50,"latitude":45.515712,"longitude":10.190998,"canPickup":true,"canDropoff":true,"openingstijden":{"ma":"09:00 - 12:30, 15:00 - 19:00","di":"09:00 - 12:30, 15:00 - 19:00","wo":"09:00 - 12:30, 15:00 - 19:00","do":"09:00 - 12:30, 15:00 - 19:00","vr":"09:00 - 12:30, 15:00 - 19:00","za":"09:00 - 12:30, 15:00 - 19:00","zo":"gesloten"}}},{"type":"Feature","geometry":{"type":"Point","coordinates":[10.2162333,45.5406347]},"properties":{"type":"pakketpunt","locatieNaam":"Milani Tessuti","straatNaam":"CORSO MAMELI","straatNr":"65","vervoerder":"DPD","puntType":"pickup_point","bezettingsgraad":50,"latitude":45.5406347,"longitude":10.2162333,"canPickup":true,"canDropoff":true,"openingstijden":{"ma":"15:30 - 19:00","di":"09:00 - 12:00, 15:30 - 19:00","wo":"09:00 - 12:00, 15:30 - 19:00","do":"09:00 - 12:30, 15:30 - 19:00","vr":"09:00 - 12:30, 15:30 - 19:00","za":"09:00 - 12:30, 15:30 - 19:00","zo":"gesloten"}}},{"type":"Feature","geometry":{"type":"Point","coordinates":[10.202055,45.543937]},"properties":{"type":"pakketpunt","locatieNaam":"BRT LOCKER - Lavanderia Bloomest Vi","straatNaam":"VIA MILANO","straatNr":"44","vervoerder":"DPD","puntType":"dpd_box","bezettingsgraad":50,"latitude":45.543937,"longitude":10.202055,"canPickup":true,"canDropoff":true,"openingstijden":{"ma":"08:00 - 21:00","di":"08:00 - 21:00","wo":"08:00 - 21:00","do":"08:00 - 21:00","vr":"08:00 - 21:00","za":"08:00 - 21:00","zo":"08:00 - 21:00"}}},{"type":"Feature","geometry":{"type":"Point","coordinates":[10.23970567,45.53077073]},"properties":{"type":"pakketpunt","locatieNaam":"Nil Net Srl","straatNaam":"V.LE DEL PIAVE","straatNr":"12a","vervoerder":"DPD","puntType":"pickup_point","bezettingsgraad":50,"latitude":45.53077073,"longitude":10.23970567,"canPickup":true,"canDropoff":true,"openingstijden":{"ma":"08:00 - 13:00","di":"08:00 - 13:00","wo":"08:00 - 13:00","do":"08:00 - 13:00","vr":"08:00 - 13:00","za":"gesloten","zo":"gesloten"}}},{"type":"Feature","geometry":{"type":"Point","coordinates":[10.1953072,45.547839]},"properties":{"type":"pakketpunt","locatieNaam":"Tabaccheria 156 di Hu Xiaofei","straatNaam":"VIA L. MERCANTINI","straatNr":"21","vervoerder":"DPD","puntType":"pickup_point","bezettingsgraad":50,"latitude":45.547839,"longitude":10.1953072,"canPickup":true,"canDropoff":true,"openingstijden":{"ma":"07:00 - 19:30","di":"07:00 - 19:30","wo":"07:00 - 19:30","do":"07:00 - 19:30","vr":"07:00 - 19:30","za":"07:00 - 19:30","zo":"07:00 - 13:00"}}},{"type":"Feature","geometry":{"type":"Point","coordinates":[10.1891766,45.5268545]},"properties":{"type":"pakketpunt","locatieNaam":"K2 Market","straatNaam":"VIA FURA","straatNr":"64","vervoerder":"DPD","puntType":"pickup_point","bezettingsgraad":50,"latitude":45.5268545,"longitude":10.1891766,"canPickup":true,"canDropoff":true,"openingstijden":{"ma":"09:00 - 20:30","di":"09:00 - 20:30","wo":"09:00 - 20:30","do":"09:00 - 20:30","vr":"09:00 - 20:30","za":"09:00 - 20:30","zo":"09:00 - 20:30"}}},{"type":"Feature","geometry":{"type":"Point","coordinates":[10.2340314,45.5792649]},"properties":{"type":"pakketpunt","locatieNaam":"Blackaffè","straatNaam":"VIA G. ZOLA","straatNr":"55","vervoerder":"DPD","puntType":"pickup_point","bezettingsgraad":50,"latitude":45.5792649,"longitude":10.2340314,"canPickup":true,"canDropoff":true,"openingstijden":{"ma":"06:00 - 19:30","di":"06:00 - 19:30","wo":"06:00 - 19:30","do":"06:00 - 19:30","vr":"06:00 - 19:30","za":"06:00 - 19:30","zo":"06:00 - 12:00"}}},{"type":"Feature","geometry":{"type":"Point","coordinates":[10.1941963,45.5217285]},"properties":{"type":"pakketpunt","locatieNaam":"Tabaccheria 86 - Brescia","straatNaam":"VIA CORSICA","straatNr":"302","vervoerder":"DPD","puntType":"pickup_point","bezettingsgraad":50,"latitude":45.5217285,"longitude":10.1941963,"canPickup":true,"canDropoff":true,"openingstijden":{"ma":"07:00 - 19:00","di":"07:00 - 19:00","wo":"07:00 - 19:00","do":"07:00 - 19:00","vr":"07:00 - 19:00","za":"07:00 - 19:00","zo":"gesloten"}}},{"type":"Feature","geometry":{"type":"Point","coordinates":[10.22683132,45.5549652]},"properties":{"type":"pakketpunt","locatieNaam":"Bolletta Expert - Brescia","straatNaam":"VIA GUGLIELMO MARCONI","straatNr":"65","vervoerder":"DPD","puntType":"pickup_point","bezettingsgraad":50,"latitude":45.5549652,"longitude":10.22683132,"canPickup":true,"canDropoff":true,"openingstijden":{"ma":"15:00 - 18:00","di":"09:00 - 12:30, 14:00 - 18:00","wo":"09:00 - 12:30, 14:00 - 18:00","do":"09:00 - 12:30, 14:00 - 18:00","vr":"09:00 - 12:30, 14:00 - 18:00","za":"gesloten","zo":"gesloten"}}},{"type":"Feature","geometry":{"type":"Point","coordinates":[10.19577,45.52463]},"properties":{"type":"pakketpunt","locatieNaam":"InPost Locker 24/7","straatNaam":"Via Polesine","straatNr":"5","vervoerder":"InPost","puntType":"automaat","bezettingsgraad":50,"latitude":45.52463,"longitude":10.19577,"canPickup":true,"canDropoff":true,"openingstijden":null}},{"type":"Feature","geometry":{"type":"Point","coordinates":[10.22455,45.51869]},"properties":{"type":"pakketpunt","locatieNaam":"InPost Point","straatNaam":"Via della Volta","straatNr":"6 TER","vervoerder":"InPost","puntType":"servicepunt","bezettingsgraad":50,"latitude":45.51869,"longitude":10.22455,"canPickup":true,"canDropoff":true,"openingstijden":"Lun-Ven: 09:00 - 19:00"}},{"type":"Feature","geometry":{"type":"Point","coordinates":[10.26845,45.5235]},"properties":{"type":"pakketpunt","locatieNaam":"InPost Point","straatNaam":"Via Indipendenza","straatNr":"4","vervoerder":"InPost","puntType":"servicepunt","bezettingsgraad":50,"latitude":45.5235,"longitude":10.26845,"canPickup":true,"canDropoff":true,"openingstijden":"Lun-Ven: 07:00 - 19:30 Sab: 07:30 - 19:30"}},{"type":"Feature","geometry":{"type":"Point","coordinates":[10.2156,45.53867]},"properties":{"type":"pakketpunt","locatieNaam":"InPost Point","straatNaam":"Via della Pace","straatNr":"29","vervoerder":"InPost","puntType":"servicepunt","bezettingsgraad":50,"latitude":45.53867,"longitude":10.2156,"canPickup":true,"canDropoff":true,"openingstijden":"Lun-Sab: 7:30 - 12:30 - 14:30 - 19:30"}},{"type":"Feature","geometry":{"type":"Point","coordinates":[10.17869,45.54637]},"properties":{"type":"pakketpunt","locatieNaam":"InPost Locker 24/7","straatNaam":"Via Valcamonica","straatNr":"11","vervoerder":"InPost","puntType":"automaat","bezettingsgraad":50,"latitude":45.54637,"longitude":10.17869,"canPickup":true,"canDropoff":true,"openingstijden":null}},{"type":"Feature","geometry":{"type":"Point","coordinates":[10.20707,45.53213]},"properties":{"type":"pakketpunt","locatieNaam":"InPost Locker","straatNaam":"Via Zara","straatNr":"12","vervoerder":"InPost","puntType":"automaat","bezettingsgraad":50,"latitude":45.53213,"longitude":10.20707,"canPickup":true,"canDropoff":true,"openingstijden":null}},{"type":"Feature","geometry":{"type":"Point","coordinates":[10.22526,45.51305]},"properties":{"type":"pakketpunt","locatieNaam":"InPost Locker","straatNaam":"Via della Volta","straatNr":"76C","vervoerder":"InPost","puntType":"automaat","bezettingsgraad":50,"latitude":45.51305,"longitude":10.22526,"canPickup":true,"canDropoff":true,"openingstijden":null}},{"type":"Feature","geometry":{"type":"Point","coordinates":[10.22863,45.5553]},"properties":{"type":"pakketpunt","locatieNaam":"InPost Locker 24/7","straatNaam":"Via Pietro dal Monte","straatNr":"10","vervoerder":"InPost","puntType":"automaat","bezettingsgraad":50,"latitude":45.5553,"longitude":10.22863,"canPickup":true,"canDropoff":true,"openingstijden":null}},{"type":"Feature","geometry":{"type":"Point","coordinates":[10.22823,45.56024]},"properties":{"type":"pakketpunt","locatieNaam":"InPost Locker 24/7","straatNaam":"Via Triumplina","straatNr":"16","vervoerder":"InPost","puntType":"automaat","bezettingsgraad":50,"latitude":45.56024,"longitude":10.22823,"canPickup":true,"canDropoff":true,"openingstijden":"24/7"}},{"type":"Feature","geometry":{"type":"Point","coordinates":[10.23004,45.52328]},"properties":{"type":"pakketpunt","locatieNaam":"InPost Locker 24/7","straatNaam":"Via Duca degli Abruzzi","straatNr":"35","vervoerder":"InPost","puntType":"automaat","bezettingsgraad":50,"latitude":45.52328,"longitude":10.23004,"canPickup":true,"canDropoff":true,"openingstijden":"24/7"}},{"type":"Feature","geometry":{"type":"Point","coordinates":[10.18076,45.54713]},"properties":{"type":"pakketpunt","locatieNaam":"InPost Locker 24/7","straatNaam":"Via Valcamonica","straatNr":"9","vervoerder":"InPost","puntType":"automaat","bezettingsgraad":50,"latitude":45.54713,"longitude":10.18076,"canPickup":true,"canDropoff":true,"openingstijden":"24/7"}},{"type":"Feature","geometry":{"type":"Point","coordinates":[10.22828,45.51347]},"properties":{"type":"pakketpunt","locatieNaam":"InPost Locker 24/7","straatNaam":"Via Borgosatollo","straatNr":"16","vervoerder":"InPost","puntType":"automaat","bezettingsgraad":50,"latitude":45.51347,"longitude":10.22828,"canPickup":true,"canDropoff":true,"openingstijden":"24/7"}},{"type":"Feature","geometry":{"type":"Point","coordinates":[10.21332,45.55817]},"properties":{"type":"pakketpunt","locatieNaam":"InPost Locker 24/7","straatNaam":"Via San Bartolomeo","straatNr":"23","vervoerder":"InPost","puntType":"automaat","bezettingsgraad":50,"latitude":45.55817,"longitude":10.21332,"canPickup":true,"canDropoff":true,"openingstijden":"24/7"}},{"type":"Feature","geometry":{"type":"Point","coordinates":[10.22048,45.52591]},"properties":{"type":"pakketpunt","locatieNaam":"InPost Locker 24/7","straatNaam":"Via San Zeno","straatNr":"76","vervoerder":"InPost","puntType":"automaat","bezettingsgraad":50,"latitude":45.52591,"longitude":10.22048,"canPickup":true,"canDropoff":true,"openingstijden":"24/7"}},{"type":"Feature","geometry":{"type":"Point","coordinates":[10.18402,45.5212]},"properties":{"type":"pakketpunt","locatieNaam":"InPost Locker 24/7","straatNaam":"Via Genova","straatNr":"93","vervoerder":"InPost","puntType":"automaat","bezettingsgraad":50,"latitude":45.5212,"longitude":10.18402,"canPickup":true,"canDropoff":true,"openingstijden":null}},{"type":"Feature","geometry":{"type":"Point","coordinates":[10.21147,45.52811]},"properties":{"type":"pakketpunt","locatieNaam":"InPost Point","straatNaam":"Via Corfù","straatNr":"68","vervoerder":"InPost","puntType":"servicepunt","bezettingsgraad":50,"latitude":45.52811,"longitude":10.21147,"canPickup":true,"canDropoff":true,"openingstijden":"Lun-Ven: 9:30 - 13:00 - 14:00 - 19:00\r\nSab: 9:30 - 12:30"}},{"type":"Feature","geometry":{"type":"Point","coordinates":[10.18934,45.55189]},"properties":{"type":"pakketpunt","locatieNaam":"InPost Point","straatNaam":"Via Chiusure","straatNr":"60/G","vervoerder":"InPost","puntType":"servicepunt","bezettingsgraad":50,"latitude":45.55189,"longitude":10.18934,"canPickup":true,"canDropoff":true,"openingstijden":"Lun - Ven: 09:30 - 12:00 - 15:30 - 18:30 Sab: 09:00 - 11:30"}},{"type":"Feature","geometry":{"type":"Point","coordinates":[10.26693,45.51643]},"properties":{"type":"pakketpunt","locatieNaam":"InPost Point","straatNaam":"C.so Luigi Bazoli","straatNr":"83","vervoerder":"InPost","puntType":"servicepunt","bezettingsgraad":50,"latitude":45.51643,"longitude":10.26693,"canPickup":true,"canDropoff":true,"openingstijden":"Lun-Ven: 09:00 - 12:30 - 15:00 - 19:30 Sab: 09:00 - 12:30"}},{"type":"Feature","geometry":{"type":"Point","coordinates":[10.21371,45.53613]},"properties":{"type":"pakketpunt","locatieNaam":"InPost Point","straatNaam":"Via Moretto","straatNr":"2","vervoerder":"InPost","puntType":"servicepunt","bezettingsgraad":50,"latitude":45.53613,"longitude":10.21371,"canPickup":true,"canDropoff":true,"openingstijden":"Lun: 06:30 - 12:30 Mar-Sab: 06:30 - 12:30 - 15:15 - 18:15"}},{"type":"Feature","geometry":{"type":"Point","coordinates":[10.22504,45.53753]},"properties":{"type":"pakketpunt","locatieNaam":"InPost Point","straatNaam":"Via Trieste","straatNr":"40/B","vervoerder":"InPost","puntType":"servicepunt","bezettingsgraad":50,"latitude":45.53753,"longitude":10.22504,"canPickup":true,"canDropoff":true,"openingstijden":"Lun-Ven: 09:00 - 13:00 - 15:00 - 19:00 Sab: 09:00 - 13:00"}},{"type":"Feature","geometry":{"type":"Point","coordinates":[10.23196,45.52031]},"properties":{"type":"pakketpunt","locatieNaam":"InPost Point","straatNaam":"Via Leonida Bissolati","straatNr":"19","vervoerder":"InPost","puntType":"servicepunt","bezettingsgraad":50,"latitude":45.52031,"longitude":10.23196,"canPickup":true,"canDropoff":true,"openingstijden":"Lun-Ven: 07:00 - 19:30 Sab: 08:00 - 19:30"}},{"type":"Feature","geometry":{"type":"Point","coordinates":[10.23102,45.58875]},"properties":{"type":"pakketpunt","locatieNaam":"InPost Point","straatNaam":"Via Diciassettesima","straatNr":"snc","vervoerder":"InPost","puntType":"servicepunt","bezettingsgraad":50,"latitude":45.58875,"longitude":10.23102,"canPickup":true,"canDropoff":true,"openingstijden":"Lun-Ven: 08:00 - 12:00 - 15:00 - 19:00 Sab: 08:30 - 12:00 - 15:00 - 19:00"}},{"type":"Feature","geometry":{"type":"Point","coordinates":[10.22273,45.53159]},"properties":{"type":"pakketpunt","locatieNaam":"InPost Point","straatNaam":"Via Solferino","straatNr":"42","vervoerder":"InPost","puntType":"servicepunt","bezettingsgraad":50,"latitude":45.53159,"longitude":10.22273,"canPickup":true,"canDropoff":true,"openingstijden":"Lun-Ven: 07:00 - 19:00 Sab: 07:00 - 14:00"}},{"type":"Feature","geometry":{"type":"Point","coordinates":[10.21732,45.54915]},"properties":{"type":"pakketpunt","locatieNaam":"InPost Point","straatNaam":"Via Monte Grappa","straatNr":"12/a","vervoerder":"InPost","puntType":"servicepunt","bezettingsgraad":50,"latitude":45.54915,"longitude":10.21732,"canPickup":true,"canDropoff":true,"openingstijden":"Lun-Ven: 07:00 - 22:00 Sab: 07:00 - 15:00 Dom: 08:00 - 13:00"}},{"type":"Feature","geometry":{"type":"Point","coordinates":[10.22308,45.53379]},"properties":{"type":"pakketpunt","locatieNaam":"InPost Point","straatNaam":"Corso Cavour","straatNr":"56","vervoerder":"InPost","puntType":"servicepunt","bezettingsgraad":50,"latitude":45.53379,"longitude":10.22308,"canPickup":true,"canDropoff":true,"openingstijden":"Lun-Sab: 08:00 - 19:00"}},{"type":"Feature","geometry":{"type":"Point","coordinates":[10.24266,45.53262]},"properties":{"type":"pakketpunt","locatieNaam":"InPost Point","straatNaam":"Viale Venezia","straatNr":"170a","vervoerder":"InPost","puntType":"servicepunt","bezettingsgraad":50,"latitude":45.53262,"longitude":10.24266,"canPickup":true,"canDropoff":true,"openingstijden":"Lun-Sab: 08:00 - 12:00 - 13:00 - 19:00"}},{"type":"Feature","geometry":{"type":"Point","coordinates":[10.22628,45.54708]},"properties":{"type":"pakketpunt","locatieNaam":"InPost Point","straatNaam":"Via Giovanni Lipella","straatNr":"8","vervoerder":"InPost","puntType":"servicepunt","bezettingsgraad":50,"latitude":45.54708,"longitude":10.22628,"canPickup":true,"canDropoff":true,"openingstijden":"Lun: 07:15 - 19:30 Mar-Sab: 07:15 - 19:15"}},{"type":"Feature","geometry":{"type":"Point","coordinates":[10.19995,45.5275]},"properties":{"type":"pakketpunt","locatieNaam":"InPost Point","straatNaam":"Via Sorelle Ambrosetti","straatNr":"10","vervoerder":"InPost","puntType":"servicepunt","bezettingsgraad":50,"latitude":45.5275,"longitude":10.19995,"canPickup":true,"canDropoff":true,"openingstijden":"Lun-Dom: 09:00 - 20:00"}},{"type":"Feature","geometry":{"type":"Point","coordinates":[10.2298,45.55399]},"properties":{"type":"pakketpunt","locatieNaam":"InPost Point","straatNaam":"Via Marcantonio Ducco","straatNr":"73","vervoerder":"InPost","puntType":"servicepunt","bezettingsgraad":50,"latitude":45.55399,"longitude":10.2298,"canPickup":true,"canDropoff":true,"openingstijden":"Lun-Ven: 07:00 - 19:00 Sab: 07:00 - 15:00"}},{"type":"Feature","geometry":{"type":"Point","coordinates":[10.20851,45.5229]},"properties":{"type":"pakketpunt","locatieNaam":"InPost Point","straatNaam":"Via Alessandro Lamarmora","straatNr":"93","vervoerder":"InPost","puntType":"servicepunt","bezettingsgraad":50,"latitude":45.5229,"longitude":10.20851,"canPickup":true,"canDropoff":true,"openingstijden":"Lun-Sab: 07:00 - 19:30 Dom: 07:00 - 12:15"}},{"type":"Feature","geometry":{"type":"Point","coordinates":[10.2347,45.56695]},"properties":{"type":"pakketpunt","locatieNaam":"InPost Point","straatNaam":"Via Bligny","straatNr":"28","vervoerder":"InPost","puntType":"servicepunt","bezettingsgraad":50,"latitude":45.56695,"longitude":10.2347,"canPickup":true,"canDropoff":true,"openingstijden":"Lun-Dom: 07:00 - 20:00"}},{"type":"Feature","geometry":{"type":"Point","coordinates":[10.24897,45.51411]},"properties":{"type":"pakketpunt","locatieNaam":"InPost Point","straatNaam":"Via Giorgione","straatNr":"7","vervoerder":"InPost","puntType":"servicepunt","bezettingsgraad":50,"latitude":45.51411,"longitude":10.24897,"canPickup":true,"canDropoff":true,"openingstijden":"Lun-Sab: 08:00 - 12:00 - 14:30 - 19:00"}},{"type":"Feature","geometry":{"type":"Point","coordinates":[10.16189,45.5518]},"properties":{"type":"pakketpunt","locatieNaam":"InPost Point","straatNaam":"Traversa Quarta Villaggio Badia","straatNr":"52","vervoerder":"InPost","puntType":"servicepunt","bezettingsgraad":50,"latitude":45.5518,"longitude":10.16189,"canPickup":true,"canDropoff":true,"openingstijden":"Lun-Sab: 08:00 - 17:00"}},{"type":"Feature","geometry":{"type":"Point","coordinates":[10.21198,45.54179]},"properties":{"type":"pakketpunt","locatieNaam":"InPost Point","straatNaam":"Via Calatafimi","straatNr":"2","vervoerder":"InPost","puntType":"servicepunt","bezettingsgraad":50,"latitude":45.54179,"longitude":10.21198,"canPickup":true,"canDropoff":true,"openingstijden":"Lun-Dom: 07:00 - 20:00"}},{"type":"Feature","geometry":{"type":"Point","coordinates":[10.22544,45.55619]},"properties":{"type":"pakketpunt","locatieNaam":"InPost Point","straatNaam":"Via Trento","straatNr":"111 E","vervoerder":"InPost","puntType":"servicepunt","bezettingsgraad":50,"latitude":45.55619,"longitude":10.22544,"canPickup":true,"canDropoff":true,"openingstijden":"Lun-Dom: 07:00 - 23:30"}},{"type":"Feature","geometry":{"type":"Point","coordinates":[10.19749,45.56118]},"properties":{"type":"pakketpunt","locatieNaam":"InPost Point","straatNaam":"Via della Chiesa","straatNr":"64","vervoerder":"InPost","puntType":"servicepunt","bezettingsgraad":50,"latitude":45.56118,"longitude":10.19749,"canPickup":true,"canDropoff":true,"openingstijden":"Lun-Sab: 07:45 - 12:30 - 14:15 - 19:30"}},{"type":"Feature","geometry":{"type":"Point","coordinates":[10.25273,45.52989]},"properties":{"type":"pakketpunt","locatieNaam":"InPost Point","straatNaam":"Viale della Bornata","straatNr":"20","vervoerder":"InPost","puntType":"servicepunt","bezettingsgraad":50,"latitude":45.52989,"longitude":10.25273,"canPickup":true,"canDropoff":true,"openingstijden":"Lun-Sab: 08:00 - 12:30 - 15:00 - 19:30"}},{"type":"Feature","geometry":{"type":"Point","coordinates":[10.21285,45.5495]},"properties":{"type":"pakketpunt","locatieNaam":"InPost Point","straatNaam":"Via Sant'Eustacchio","straatNr":"6","vervoerder":"InPost","puntType":"servicepunt","bezettingsgraad":50,"latitude":45.5495,"longitude":10.21285,"canPickup":true,"canDropoff":true,"openingstijden":"Lun-Ven: 07:00 - 12:00 - 15:00 - 19:00"}},{"type":"Feature","geometry":{"type":"Point","coordinates":[10.18864,45.53024]},"properties":{"type":"pakketpunt","locatieNaam":"InPost Point","straatNaam":"Via Orzinuovi","straatNr":"52c","vervoerder":"InPost","puntType":"servicepunt","bezettingsgraad":50,"latitude":45.53024,"longitude":10.18864,"canPickup":true,"canDropoff":true,"openingstijden":"Lun-Sab: 09:00 - 12:30 - 15:30 - 19:00"}},{"type":"Feature","geometry":{"type":"Point","coordinates":[10.21963,45.54365]},"properties":{"type":"pakketpunt","locatieNaam":"InPost Point","straatNaam":"Via San Faustino","straatNr":"35","vervoerder":"InPost","puntType":"servicepunt","bezettingsgraad":50,"latitude":45.54365,"longitude":10.21963,"canPickup":true,"canDropoff":true,"openingstijden":"Lun-Sab: 08:00 - 12:30 - 15:30 - 19:30"}},{"type":"Feature","geometry":{"type":"Point","coordinates":[10.22422,45.52794]},"properties":{"type":"pakketpunt","locatieNaam":"InPost Point","straatNaam":"Via Raffaele da Brescia","straatNr":"9","vervoerder":"InPost","puntType":"servicepunt","bezettingsgraad":50,"latitude":45.52794,"longitude":10.22422,"canPickup":true,"canDropoff":true,"openingstijden":"Lun-Sab: 09:00 - 13:00 - 15:00 - 20:00"}},{"type":"Feature","geometry":{"type":"Point","coordinates":[10.19946,45.5444]},"properties":{"type":"pakketpunt","locatieNaam":"InPost Point","straatNaam":"Via Milano, 58 D, Brescia, Italy","straatNr":"58 D","vervoerder":"InPost","puntType":"servicepunt","bezettingsgraad":50,"latitude":45.5444,"longitude":10.19946,"canPickup":true,"canDropoff":true,"openingstijden":"Lun–Sab 07:30-12:30, 15:30-19:30"}},{"type":"Feature","geometry":{"type":"Point","coordinates":[10.22353,45.55312]},"properties":{"type":"pakketpunt","locatieNaam":"InPost Point","straatNaam":"Via Trento","straatNr":"49a","vervoerder":"InPost","puntType":"servicepunt","bezettingsgraad":50,"latitude":45.55312,"longitude":10.22353,"canPickup":true,"canDropoff":true,"openingstijden":"Lun-Sab: 09:00 - 12:30 - 15:00 - 20:00"}},{"type":"Feature","geometry":{"type":"Point","coordinates":[10.2309725,45.512781]},"properties":{"type":"pakketpunt","locatieNaam":"Eni Chiarelli","straatNaam":"Via Borgosatollo","straatNr":"7","vervoerder":"GLS","puntType":"parcel_shop","bezettingsgraad":50,"latitude":45.512781,"longitude":10.2309725,"canPickup":true,"canDropoff":true,"openingstijden":"za: 06:30 - 12:30; ma: 06:30 - 19:00"}},{"type":"Feature","geometry":{"type":"Point","coordinates":[10.2956942,45.5152032]},"properties":{"type":"pakketpunt","locatieNaam":"Gi.Pi.Glass","straatNaam":"Viale Sant'Eufemia","straatNr":"206","vervoerder":"GLS","puntType":"parcel_shop","bezettingsgraad":50,"latitude":45.5152032,"longitude":10.2956942,"canPickup":true,"canDropoff":true,"openingstijden":"ma: 08:00 - 12:30, 14:00 - 18:00; di: 08:00 - 12:30, 14:00 - 18:00"}},{"type":"Feature","geometry":{"type":"Point","coordinates":[10.2669275,45.5163189]},"properties":{"type":"pakketpunt","locatieNaam":"NON SOLO COMPUTER","straatNaam":"Corso Luigi Bazoli","straatNr":"83","vervoerder":"GLS","puntType":"parcel_shop","bezettingsgraad":50,"latitude":45.5163189,"longitude":10.2669275,"canPickup":true,"canDropoff":true,"openingstijden":"za: 09:00 - 12:00; ma: 09:00 - 12:30, 15:00 - 19:30"}},{"type":"Feature","geometry":{"type":"Point","coordinates":[10.2246795,45.5166034]},"properties":{"type":"pakketpunt","locatieNaam":"TABACCHERIA DE NA VOLTA","straatNaam":"Via Della Volta","straatNr":"34a","vervoerder":"GLS","puntType":"parcel_shop","bezettingsgraad":50,"latitude":45.5166034,"longitude":10.2246795,"canPickup":true,"canDropoff":true,"openingstijden":"za: 07:30 - 19:30; zo: 08:30 - 12:30"}},{"type":"Feature","geometry":{"type":"Point","coordinates":[10.2653667,45.5175255]},"properties":{"type":"pakketpunt","locatieNaam":"BAR SALA SLOT","straatNaam":"Corso Luigi Bazoli","straatNr":"21","vervoerder":"GLS","puntType":"parcel_shop","bezettingsgraad":50,"latitude":45.5175255,"longitude":10.2653667,"canPickup":true,"canDropoff":true,"openingstijden":"za: 00:00 - 00:30, 09:00 - 13:30, 17:00 - 23:59; ma: 09:00 - 13:30, 17:00 - 23:59"}},{"type":"Feature","geometry":{"type":"Point","coordinates":[10.2668068,45.5179138]},"properties":{"type":"pakketpunt","locatieNaam":"w2tecno","straatNaam":"Corso Luigi Bazoli","straatNr":"30","vervoerder":"GLS","puntType":"parcel_shop","bezettingsgraad":50,"latitude":45.5179138,"longitude":10.2668068,"canPickup":true,"canDropoff":true,"openingstijden":"za: 09:30 - 13:00, 14:30 - 19:30; ma: 09:00 - 13:00, 14:30 - 19:30"}},{"type":"Feature","geometry":{"type":"Point","coordinates":[10.2319733,45.5201015]},"properties":{"type":"pakketpunt","locatieNaam":"TABACCHI Pastorelli Alessandro","straatNaam":"Via Leonida Bissolati","straatNr":"19","vervoerder":"GLS","puntType":"parcel_shop","bezettingsgraad":50,"latitude":45.5201015,"longitude":10.2319733,"canPickup":true,"canDropoff":true,"openingstijden":"za: 07:30 - 19:30; ma: 07:00 - 19:30"}},{"type":"Feature","geometry":{"type":"Point","coordinates":[10.2740047,45.521051]},"properties":{"type":"pakketpunt","locatieNaam":"Mobile Tech Multi Servizi","straatNaam":"Via Indipendenza","straatNr":"66A","vervoerder":"GLS","puntType":"parcel_shop","bezettingsgraad":50,"latitude":45.521051,"longitude":10.2740047,"canPickup":true,"canDropoff":true,"openingstijden":"za: 16:00 - 20:00; ma: 17:30 - 20:00"}},{"type":"Feature","geometry":{"type":"Point","coordinates":[10.2718373,45.5216673]},"properties":{"type":"pakketpunt","locatieNaam":"tabaccheria PEDRETTI TERESA","straatNaam":"Via Indipendenza","straatNr":"54/b","vervoerder":"GLS","puntType":"parcel_shop","bezettingsgraad":50,"latitude":45.5216673,"longitude":10.2718373,"canPickup":true,"canDropoff":true,"openingstijden":"za: 08:00 - 12:30, 14:30 - 19:30; ma: 08:00 - 13:00, 14:30 - 19:30"}},{"type":"Feature","geometry":{"type":"Point","coordinates":[10.2685431,45.5231375]},"properties":{"type":"pakketpunt","locatieNaam":"Tabaccheria Ghirardi","straatNaam":"Via Indipendenza","straatNr":"4","vervoerder":"GLS","puntType":"parcel_shop","bezettingsgraad":50,"latitude":45.5231375,"longitude":10.2685431,"canPickup":true,"canDropoff":true,"openingstijden":"za: 07:30 - 19:00; ma: 07:00 - 19:30"}},{"type":"Feature","geometry":{"type":"Point","coordinates":[10.2301782,45.5239356]},"properties":{"type":"pakketpunt","locatieNaam":"BEARMAN BARBERSHOP","straatNaam":"Via Del Brasile","straatNr":"27","vervoerder":"GLS","puntType":"parcel_shop","bezettingsgraad":50,"latitude":45.5239356,"longitude":10.2301782,"canPickup":true,"canDropoff":true,"openingstijden":"za: 09:00 - 19:00; di: 09:00 - 19:30"}},{"type":"Feature","geometry":{"type":"Point","coordinates":[10.1993829,45.5270443]},"properties":{"type":"pakketpunt","locatieNaam":"Edicola Tabacheria Flaminia","straatNaam":"Via Sorelle Ambrosetti (C.C. Flaminia)","straatNr":"10","vervoerder":"GLS","puntType":"parcel_shop","bezettingsgraad":50,"latitude":45.5270443,"longitude":10.1993829,"canPickup":true,"canDropoff":true,"openingstijden":"za: 09:00 - 20:00; zo: 09:00 - 20:00"}},{"type":"Feature","geometry":{"type":"Point","coordinates":[10.2241734,45.527905]},"properties":{"type":"pakketpunt","locatieNaam":"AH MOBILE","straatNaam":"Via Raffaele Da Brescia","straatNr":"09","vervoerder":"GLS","puntType":"parcel_shop","bezettingsgraad":50,"latitude":45.527905,"longitude":10.2241734,"canPickup":true,"canDropoff":true,"openingstijden":"za: 09:00 - 13:00, 15:00 - 20:00; ma: 09:00 - 13:00, 15:00 - 20:00"}},{"type":"Feature","geometry":{"type":"Point","coordinates":[10.2937636,45.5279054]},"properties":{"type":"pakketpunt","locatieNaam":"Salumeria con Bar da Roberta","straatNaam":"Via Camillo Benso Conte Di Cavour","straatNr":"15","vervoerder":"GLS","puntType":"parcel_shop","bezettingsgraad":50,"latitude":45.5279054,"longitude":10.2937636,"canPickup":true,"canDropoff":true,"openingstijden":"za: 07:00 - 13:00, 15:30 - 19:30; zo: 08:00 - 12:00"}},{"type":"Feature","geometry":{"type":"Point","coordinates":[10.2242392,45.5279066]},"properties":{"type":"pakketpunt","locatieNaam":"w2tecno","straatNaam":"Via Raffaele Da Brescia","straatNr":"13","vervoerder":"GLS","puntType":"parcel_shop","bezettingsgraad":50,"latitude":45.5279066,"longitude":10.2242392,"canPickup":true,"canDropoff":true,"openingstijden":"za: 09:00 - 13:00, 13:00 - 20:00; ma: 09:00 - 13:00, 15:00 - 20:00"}},{"type":"Feature","geometry":{"type":"Point","coordinates":[10.2114573,45.5279479]},"properties":{"type":"pakketpunt","locatieNaam":"Cartolibreria Grafite","straatNaam":"Via Corfu'","straatNr":"68","vervoerder":"GLS","puntType":"parcel_shop","bezettingsgraad":50,"latitude":45.5279479,"longitude":10.2114573,"canPickup":true,"canDropoff":true,"openingstijden":"za: 09:30 - 12:00; ma: 09:00 - 13:00, 14:30 - 18:30"}},{"type":"Feature","geometry":{"type":"Point","coordinates":[10.2457635,45.5304415]},"properties":{"type":"pakketpunt","locatieNaam":"UTECH","straatNaam":"Viale Piave","straatNr":"177","vervoerder":"GLS","puntType":"parcel_shop","bezettingsgraad":50,"latitude":45.5304415,"longitude":10.2457635,"canPickup":true,"canDropoff":true,"openingstijden":"za: 09:30 - 13:00, 15:00 - 19:30; ma: 09:30 - 13:00, 15:00 - 19:30"}},{"type":"Feature","geometry":{"type":"Point","coordinates":[10.2399964,45.5309074]},"properties":{"type":"pakketpunt","locatieNaam":"Bar la gioia di ilary","straatNaam":"Viale Del Piave","straatNr":"35","vervoerder":"GLS","puntType":"parcel_shop","bezettingsgraad":50,"latitude":45.5309074,"longitude":10.2399964,"canPickup":true,"canDropoff":true,"openingstijden":"za: 08:00 - 20:00; ma: 07:30 - 20:00"}},{"type":"Feature","geometry":{"type":"Point","coordinates":[10.2397665,45.5309257]},"properties":{"type":"pakketpunt","locatieNaam":"Aly’s coffee","straatNaam":"Viale Piave","straatNr":"31","vervoerder":"GLS","puntType":"parcel_shop","bezettingsgraad":50,"latitude":45.5309257,"longitude":10.2397665,"canPickup":true,"canDropoff":true,"openingstijden":"za: 06:00 - 23:59; zo: 06:00 - 23:59"}},{"type":"Feature","geometry":{"type":"Point","coordinates":[10.2226375,45.5314645]},"properties":{"type":"pakketpunt","locatieNaam":"Bar Tabacchi Solferino","straatNaam":"Via Solferino","straatNr":"42","vervoerder":"GLS","puntType":"parcel_shop","bezettingsgraad":50,"latitude":45.5314645,"longitude":10.2226375,"canPickup":true,"canDropoff":true,"openingstijden":"za: 07:00 - 19:00; ma: 07:00 - 19:00"}},{"type":"Feature","geometry":{"type":"Point","coordinates":[10.2005996,45.531647]},"properties":{"type":"pakketpunt","locatieNaam":"La Capsuleria","straatNaam":"Via Dalmazia","straatNr":"69","vervoerder":"GLS","puntType":"parcel_shop","bezettingsgraad":50,"latitude":45.531647,"longitude":10.2005996,"canPickup":true,"canDropoff":true,"openingstijden":"za: 09:30 - 12:00, 15:30 - 19:00; ma: 15:30 - 19:00"}},{"type":"Feature","geometry":{"type":"Point","coordinates":[10.2104664,45.5319714]},"properties":{"type":"pakketpunt","locatieNaam":"Bar Tabacchi 138","straatNaam":"Via Sostegno","straatNr":"10","vervoerder":"GLS","puntType":"parcel_shop","bezettingsgraad":50,"latitude":45.5319714,"longitude":10.2104664,"canPickup":true,"canDropoff":true,"openingstijden":"za: 08:00 - 12:00; ma: 06:30 - 18:30"}},{"type":"Feature","geometry":{"type":"Point","coordinates":[10.2034648,45.532763]},"properties":{"type":"pakketpunt","locatieNaam":"brescia multiservices","straatNaam":"Via Zara","straatNr":"58","vervoerder":"GLS","puntType":"parcel_shop","bezettingsgraad":50,"latitude":45.532763,"longitude":10.2034648,"canPickup":true,"canDropoff":true,"openingstijden":"za: 09:00 - 19:00; ma: 09:00 - 19:00"}},{"type":"Feature","geometry":{"type":"Point","coordinates":[10.2424155,45.5329092]},"properties":{"type":"pakketpunt","locatieNaam":"Autolavaggio59 Viale Venezia","straatNaam":"Viale Venezia","straatNr":"59","vervoerder":"GLS","puntType":"parcel_shop","bezettingsgraad":50,"latitude":45.5329092,"longitude":10.2424155,"canPickup":true,"canDropoff":true,"openingstijden":"za: 08:00 - 19:00; ma: 08:00 - 19:00"}},{"type":"Feature","geometry":{"type":"Point","coordinates":[10.2230842,45.5335934]},"properties":{"type":"pakketpunt","locatieNaam":"sigaretta e caffe","straatNaam":"Corso Cavour","straatNr":"56","vervoerder":"GLS","puntType":"parcel_shop","bezettingsgraad":50,"latitude":45.5335934,"longitude":10.2230842,"canPickup":true,"canDropoff":true,"openingstijden":"za: 08:30 - 19:00; ma: 08:30 - 19:00"}},{"type":"Feature","geometry":{"type":"Point","coordinates":[10.2172399,45.5337505]},"properties":{"type":"pakketpunt","locatieNaam":"LA BOUTIQUE DEL GIORNALE","straatNaam":"Via Xx Settembre","straatNr":"51","vervoerder":"GLS","puntType":"parcel_shop","bezettingsgraad":50,"latitude":45.5337505,"longitude":10.2172399,"canPickup":true,"canDropoff":true,"openingstijden":"za: 06:00 - 12:30; ma: 06:00 - 12:30"}},{"type":"Feature","geometry":{"type":"Point","coordinates":[10.2016416,45.5357999]},"properties":{"type":"pakketpunt","locatieNaam":"POSTA POWER","straatNaam":"Via Rose Di Sotto","straatNr":"4/C","vervoerder":"GLS","puntType":"parcel_shop","bezettingsgraad":50,"latitude":45.5357999,"longitude":10.2016416,"canPickup":true,"canDropoff":true,"openingstijden":"ma: 09:00 - 14:00, 15:30 - 17:00; di: 09:00 - 14:00, 15:30 - 17:00"}},{"type":"Feature","geometry":{"type":"Point","coordinates":[10.2137461,45.5359404]},"properties":{"type":"pakketpunt","locatieNaam":"Edicola Moretto","straatNaam":"Via Moretto","straatNr":"2","vervoerder":"GLS","puntType":"parcel_shop","bezettingsgraad":50,"latitude":45.5359404,"longitude":10.2137461,"canPickup":true,"canDropoff":true,"openingstijden":"za: 06:30 - 12:30, 15:00 - 18:00; di: 06:30 - 12:30, 15:00 - 18:00"}},{"type":"Feature","geometry":{"type":"Point","coordinates":[10.1955703,45.5372251]},"properties":{"type":"pakketpunt","locatieNaam":"DITUTTOTROVI","straatNaam":"Via Divisione Acqui","straatNr":"86","vervoerder":"GLS","puntType":"parcel_shop","bezettingsgraad":50,"latitude":45.5372251,"longitude":10.1955703,"canPickup":true,"canDropoff":true,"openingstijden":"za: 09:00 - 18:00; ma: 09:00 - 12:00, 14:30 - 18:00"}},{"type":"Feature","geometry":{"type":"Point","coordinates":[10.22494,45.53735]},"properties":{"type":"pakketpunt","locatieNaam":"QuiPoste Brescia","straatNaam":"Via Trieste","straatNr":"40/B","vervoerder":"GLS","puntType":"parcel_shop","bezettingsgraad":50,"latitude":45.53735,"longitude":10.22494,"canPickup":true,"canDropoff":true,"openingstijden":"za: 09:30 - 13:00; ma: 09:30 - 13:00, 15:30 - 19:00"}},{"type":"Feature","geometry":{"type":"Point","coordinates":[10.2155867,45.5385327]},"properties":{"type":"pakketpunt","locatieNaam":"MICHELANGELO BOGLIONI","straatNaam":"Via Della Pace","straatNr":"29/E","vervoerder":"GLS","puntType":"parcel_shop","bezettingsgraad":50,"latitude":45.5385327,"longitude":10.2155867,"canPickup":true,"canDropoff":true,"openingstijden":"za: 07:30 - 19:30; ma: 07:30 - 19:30"}},{"type":"Feature","geometry":{"type":"Point","coordinates":[10.2138735,45.5394533]},"properties":{"type":"pakketpunt","locatieNaam":"Historique Cafe'","straatNaam":"Corso Matteotti","straatNr":"17","vervoerder":"GLS","puntType":"parcel_shop","bezettingsgraad":50,"latitude":45.5394533,"longitude":10.2138735,"canPickup":true,"canDropoff":true,"openingstijden":"ma: 07:00 - 16:00; di: 07:00 - 16:00"}},{"type":"Feature","geometry":{"type":"Point","coordinates":[10.2197037,45.5404528]},"properties":{"type":"pakketpunt","locatieNaam":"Pyramid K2","straatNaam":"Corso Goffredo Mameli","straatNr":"2/G","vervoerder":"GLS","puntType":"parcel_shop","bezettingsgraad":50,"latitude":45.5404528,"longitude":10.2197037,"canPickup":true,"canDropoff":true,"openingstijden":"za: 09:00 - 20:30; zo: 09:00 - 20:30"}},{"type":"Feature","geometry":{"type":"Point","coordinates":[10.2195651,45.5405243]},"properties":{"type":"pakketpunt","locatieNaam":"La fermata del tram","straatNaam":"Via San Faustino","straatNr":"2","vervoerder":"GLS","puntType":"parcel_shop","bezettingsgraad":50,"latitude":45.5405243,"longitude":10.2195651,"canPickup":true,"canDropoff":true,"openingstijden":"za: 12:00 - 15:30, 16:30 - 20:00; zo: 12:00 - 17:30"}},{"type":"Feature","geometry":{"type":"Point","coordinates":[10.2162333,45.5406347]},"properties":{"type":"pakketpunt","locatieNaam":"Milani tessuti","straatNaam":"Corso Mameli","straatNr":"65","vervoerder":"GLS","puntType":"parcel_shop","bezettingsgraad":50,"latitude":45.5406347,"longitude":10.2162333,"canPickup":true,"canDropoff":true,"openingstijden":"za: 09:00 - 12:00, 15:30 - 19:00; ma: 15:30 - 19:00"}},{"type":"Feature","geometry":{"type":"Point","coordinates":[10.21195,45.54148]},"properties":{"type":"pakketpunt","locatieNaam":"PAK ITALIA MULTI SERVICE DI MAHMOOD TARIQ","straatNaam":"Corso Giuseppe Garibaldi","straatNr":"61","vervoerder":"GLS","puntType":"parcel_shop","bezettingsgraad":50,"latitude":45.54148,"longitude":10.21195,"canPickup":true,"canDropoff":true,"openingstijden":"za: 09:00 - 13:30, 15:00 - 19:00; ma: 09:00 - 13:30, 15:00 - 19:00"}},{"type":"Feature","geometry":{"type":"Point","coordinates":[10.2118019,45.5415526]},"properties":{"type":"pakketpunt","locatieNaam":"Parafarmacia Antisa","straatNaam":"Via Rita Levi Montalcini","straatNr":"99","vervoerder":"GLS","puntType":"parcel_shop","bezettingsgraad":50,"latitude":45.5415526,"longitude":10.2118019,"canPickup":true,"canDropoff":true,"openingstijden":"za: 09:30 - 12:30, 15:30 - 19:30; ma: 15:30 - 19:30"}},{"type":"Feature","geometry":{"type":"Point","coordinates":[10.2155324,45.5434991]},"properties":{"type":"pakketpunt","locatieNaam":"bar giovanni","straatNaam":"Via Marsala","straatNr":"32","vervoerder":"GLS","puntType":"parcel_shop","bezettingsgraad":50,"latitude":45.5434991,"longitude":10.2155324,"canPickup":true,"canDropoff":true,"openingstijden":"za: 07:00 - 21:00; ma: 07:00 - 21:00"}},{"type":"Feature","geometry":{"type":"Point","coordinates":[10.1997823,45.5443408]},"properties":{"type":"pakketpunt","locatieNaam":"MOBILE TECH MULTI SERVIZI","straatNaam":"Via Milano","straatNr":"56/A","vervoerder":"GLS","puntType":"parcel_shop","bezettingsgraad":50,"latitude":45.5443408,"longitude":10.1997823,"canPickup":true,"canDropoff":true,"openingstijden":"za: 10:00 - 13:00, 15:00 - 20:00; ma: 09:00 - 13:00, 15:00 - 20:00"}},{"type":"Feature","geometry":{"type":"Point","coordinates":[10.1953072,45.547839]},"properties":{"type":"pakketpunt","locatieNaam":"tabacchi rivendita n 156","straatNaam":"Via Luigi Mercantini","straatNr":"21","vervoerder":"GLS","puntType":"parcel_shop","bezettingsgraad":50,"latitude":45.547839,"longitude":10.1953072,"canPickup":true,"canDropoff":true,"openingstijden":"za: 07:00 - 19:30; zo: 07:00 - 13:00"}},{"type":"Feature","geometry":{"type":"Point","coordinates":[10.2129385,45.5495881]},"properties":{"type":"pakketpunt","locatieNaam":"mariana","straatNaam":"Via Sant' Eustacchio","straatNr":"6/c","vervoerder":"GLS","puntType":"parcel_shop","bezettingsgraad":50,"latitude":45.5495881,"longitude":10.2129385,"canPickup":true,"canDropoff":true,"openingstijden":"za: 06:30 - 12:00, 12:00 - 16:00; ma: 06:30 - 14:00, 16:00 - 19:00"}},{"type":"Feature","geometry":{"type":"Point","coordinates":[10.1592649,45.5501547]},"properties":{"type":"pakketpunt","locatieNaam":"Giovanna Scaglia","straatNaam":"Traversa Iv Villaggio Badia","straatNr":"52","vervoerder":"GLS","puntType":"parcel_shop","bezettingsgraad":50,"latitude":45.5501547,"longitude":10.1592649,"canPickup":true,"canDropoff":true,"openingstijden":"za: 08:30 - 17:00; di: 08:30 - 17:00"}},{"type":"Feature","geometry":{"type":"Point","coordinates":[10.2225112,45.5504542]},"properties":{"type":"pakketpunt","locatieNaam":"SLAB RIPARAZONE","straatNaam":"Via Trento","straatNr":"6B","vervoerder":"GLS","puntType":"parcel_shop","bezettingsgraad":50,"latitude":45.5504542,"longitude":10.2225112,"canPickup":true,"canDropoff":true,"openingstijden":"za: 09:00 - 13:00, 15:00 - 19:30; ma: 08:30 - 13:00, 15:00 - 19:30"}},{"type":"Feature","geometry":{"type":"Point","coordinates":[10.1892566,45.5516965]},"properties":{"type":"pakketpunt","locatieNaam":"SC MULTISERVICE","straatNaam":"Via Chiusure","straatNr":"60/F","vervoerder":"GLS","puntType":"parcel_shop","bezettingsgraad":50,"latitude":45.5516965,"longitude":10.1892566,"canPickup":true,"canDropoff":true,"openingstijden":"ma: 09:30 - 12:30, 15:00 - 18:30; di: 09:30 - 12:30, 15:00 - 18:30"}},{"type":"Feature","geometry":{"type":"Point","coordinates":[10.2235058,45.5529446]},"properties":{"type":"pakketpunt","locatieNaam":"virsa tunes","straatNaam":"Via Trento","straatNr":"49A","vervoerder":"GLS","puntType":"parcel_shop","bezettingsgraad":50,"latitude":45.5529446,"longitude":10.2235058,"canPickup":true,"canDropoff":true,"openingstijden":"za: 09:00 - 13:00, 15:00 - 19:30; ma: 09:30 - 13:00, 15:00 - 19:30"}},{"type":"Feature","geometry":{"type":"Point","coordinates":[10.1932586,45.5534332]},"properties":{"type":"pakketpunt","locatieNaam":"Tabaccheria","straatNaam":"Chiusure","straatNr":"92 a","vervoerder":"GLS","puntType":"parcel_shop","bezettingsgraad":50,"latitude":45.5534332,"longitude":10.1932586,"canPickup":true,"canDropoff":true,"openingstijden":"za: 08:00 - 19:30; zo: 08:00 - 19:30"}},{"type":"Feature","geometry":{"type":"Point","coordinates":[10.2298048,45.5539894]},"properties":{"type":"pakketpunt","locatieNaam":"Caffetteria MomA","straatNaam":"Via Marcantonio Ducco","straatNr":"73","vervoerder":"GLS","puntType":"parcel_shop","bezettingsgraad":50,"latitude":45.5539894,"longitude":10.2298048,"canPickup":true,"canDropoff":true,"openingstijden":"za: 07:00 - 14:00; ma: 07:00 - 19:00"}},{"type":"Feature","geometry":{"type":"Point","coordinates":[10.2134529,45.5541404]},"properties":{"type":"pakketpunt","locatieNaam":"Coffee&milk","straatNaam":"Via Monte Cengio","straatNr":"34","vervoerder":"GLS","puntType":"parcel_shop","bezettingsgraad":50,"latitude":45.5541404,"longitude":10.2134529,"canPickup":true,"canDropoff":true,"openingstijden":"za: 07:00 - 13:00; ma: 07:00 - 16:30"}},{"type":"Feature","geometry":{"type":"Point","coordinates":[10.1926852,45.5579613]},"properties":{"type":"pakketpunt","locatieNaam":"Bar Crema Caffe'","straatNaam":"Via Dei Cominazzi","straatNr":"52","vervoerder":"GLS","puntType":"parcel_shop","bezettingsgraad":50,"latitude":45.5579613,"longitude":10.1926852,"canPickup":true,"canDropoff":true,"openingstijden":"za: 07:30 - 13:30, 16:00 - 19:30; zo: 08:00 - 12:00"}},{"type":"Feature","geometry":{"type":"Point","coordinates":[10.1942035,45.5589714]},"properties":{"type":"pakketpunt","locatieNaam":"A TUTTO RISPARMIO SUPERMERCATO","straatNaam":"Via Torricella Di Sopra","straatNr":"88","vervoerder":"GLS","puntType":"parcel_shop","bezettingsgraad":50,"latitude":45.5589714,"longitude":10.1942035,"canPickup":true,"canDropoff":true,"openingstijden":"za: 08:00 - 13:00, 14:30 - 19:30; zo: 08:00 - 12:30"}},{"type":"Feature","geometry":{"type":"Point","coordinates":[10.2027762,45.5634233]},"properties":{"type":"pakketpunt","locatieNaam":"bresciaoggi","straatNaam":"Via Pietro Emilio Tiboni","straatNr":"11","vervoerder":"GLS","puntType":"parcel_shop","bezettingsgraad":50,"latitude":45.5634233,"longitude":10.2027762,"canPickup":true,"canDropoff":true,"openingstijden":"za: 06:00 - 12:30, 15:30 - 19:30; ma: 06:00 - 12:30, 15:30 - 19:30"}},{"type":"Feature","geometry":{"type":"Point","coordinates":[10.2331624,45.5816482]},"properties":{"type":"pakketpunt","locatieNaam":"Tabaccheria Balboni Luciano","straatNaam":"Villaggio Prealpino","straatNr":"11","vervoerder":"GLS","puntType":"parcel_shop","bezettingsgraad":50,"latitude":45.5816482,"longitude":10.2331624,"canPickup":true,"canDropoff":true,"openingstijden":"za: 08:30 - 12:00, 15:00 - 19:00; ma: 08:00 - 12:00, 15:00 - 19:00"}},{"type":"Feature","geometry":{"type":"Point","coordinates":[10.170927,45.502534]},"properties":{"type":"pakketpunt","locatieNaam":"Ufficio Postale FORNACI","straatNaam":"VIA FORNACI 16","straatNr":"","vervoerder":"DHL","puntType":"postOffice","bezettingsgraad":50,"latitude":45.502534,"longitude":10.170927,"canPickup":true,"canDropoff":true,"openingstijden":{"ma":"08:20 - 13:35","di":"08:20 - 13:35","wo":"08:20 - 13:35","do":"08:20 - 13:35","vr":"08:20 - 13:35","za":"08:20 - 12:35","zo":"gesloten"}}},{"type":"Feature","geometry":{"type":"Point","coordinates":[10.18669,45.508508]},"properties":{"type":"pakketpunt","locatieNaam":"TABACCHERIA N. 149","straatNaam":"VILLAGGIO SERENO VIA TREDICESIMA 49","straatNr":"","vervoerder":"DHL","puntType":"parcelShop","bezettingsgraad":50,"latitude":45.508508,"longitude":10.18669,"canPickup":true,"canDropoff":true,"openingstijden":{"ma":"09:00 - 19:30","di":"09:00 - 19:30","wo":"09:00 - 19:30","do":"09:00 - 19:30","vr":"09:00 - 19:30","za":"09:00 - 19:30","zo":"gesloten"}}},{"type":"Feature","geometry":{"type":"Point","coordinates":[10.18746,45.511073]},"properties":{"type":"pakketpunt","locatieNaam":"TABACCHERIA N. 140","straatNaam":"VILLAGGIO SERENO TRAVERSA XII 136","straatNr":"","vervoerder":"DHL","puntType":"parcelShop","bezettingsgraad":50,"latitude":45.511073,"longitude":10.18746,"canPickup":true,"canDropoff":true,"openingstijden":{"ma":"07:00 - 12:30, 14:30 - 19:30","di":"07:00 - 12:30, 14:30 - 19:30","wo":"07:00 - 12:30, 14:30 - 19:30","do":"07:00 - 12:30, 14:30 - 19:30","vr":"07:00 - 12:30, 14:30 - 19:30","za":"07:00 - 12:30, 14:30 - 19:30","zo":"gesloten"}}},{"type":"Feature","geometry":{"type":"Point","coordinates":[10.221618,45.501716]},"properties":{"type":"pakketpunt","locatieNaam":"TABACCHERIA N. 172","straatNaam":"VIA DELLA VOLTA 211-A","straatNr":"","vervoerder":"DHL","puntType":"parcelShop","bezettingsgraad":50,"latitude":45.501716,"longitude":10.221618,"canPickup":true,"canDropoff":true,"openingstijden":{"ma":"06:00 - 19:00","di":"06:00 - 19:00","wo":"06:00 - 19:00","do":"06:00 - 19:00","vr":"06:00 - 19:00","za":"06:00 - 13:00","zo":"gesloten"}}},{"type":"Feature","geometry":{"type":"Point","coordinates":[10.187983,45.511686]},"properties":{"type":"pakketpunt","locatieNaam":"Ufficio Postale BRESCIA 15","straatNaam":"VILLAGGIO SERENO TRAVERSA XII 63","straatNr":"","vervoerder":"DHL","puntType":"postOffice","bezettingsgraad":50,"latitude":45.511686,"longitude":10.187983,"canPickup":true,"canDropoff":true,"openingstijden":{"ma":"08:20 - 13:35","di":"08:20 - 13:35","wo":"08:20 - 13:35","do":"08:20 - 13:35","vr":"08:20 - 13:35","za":"08:20 - 12:35","zo":"gesloten"}}},{"type":"Feature","geometry":{"type":"Point","coordinates":[10.271907,45.49347]},"properties":{"type":"pakketpunt","locatieNaam":"TABACCHERIA N. 90","straatNaam":"VIA DELLE BETTOLE 119","straatNr":"","vervoerder":"DHL","puntType":"parcelShop","bezettingsgraad":50,"latitude":45.49347,"longitude":10.271907,"canPickup":true,"canDropoff":true,"openingstijden":{"ma":"07:00 - 19:30","di":"07:00 - 19:30","wo":"07:00 - 19:30","do":"07:00 - 19:30","vr":"07:00 - 19:30","za":"07:00 - 19:30","zo":"gesloten"}}},{"type":"Feature","geometry":{"type":"Point","coordinates":[10.273511,45.496135]},"properties":{"type":"pakketpunt","locatieNaam":"Ufficio Postale BETTOLE DI BUFFALOR","straatNaam":"VIA BUFFALORA 101","straatNr":"","vervoerder":"DHL","puntType":"postOffice","bezettingsgraad":50,"latitude":45.496135,"longitude":10.273511,"canPickup":true,"canDropoff":true,"openingstijden":{"ma":"08:20 - 13:45","di":"08:20 - 13:45","wo":"08:20 - 13:45","do":"08:20 - 13:45","vr":"08:20 - 13:45","za":"08:20 - 12:45","zo":"gesloten"}}},{"type":"Feature","geometry":{"type":"Point","coordinates":[10.168285,45.544127]},"properties":{"type":"pakketpunt","locatieNaam":"TABACCHERIA N. 175","straatNaam":"VIA RE ROTARI 6","straatNr":"","vervoerder":"DHL","puntType":"parcelShop","bezettingsgraad":50,"latitude":45.544127,"longitude":10.168285,"canPickup":true,"canDropoff":true,"openingstijden":{"ma":"07:30 - 20:30","di":"07:30 - 20:30","wo":"07:30 - 20:30","do":"07:30 - 20:30","vr":"07:30 - 20:30","za":"07:30 - 20:30","zo":"08:30 - 13:30"}}},{"type":"Feature","geometry":{"type":"Point","coordinates":[10.179512,45.547752]},"properties":{"type":"pakketpunt","locatieNaam":"SUPERMERCATO ITALMARK","straatNaam":"VIA ALBERTANO DA BRESCIA 5","straatNr":"","vervoerder":"DHL","puntType":"packStation","bezettingsgraad":50,"latitude":45.547752,"longitude":10.179512,"canPickup":true,"canDropoff":true,"openingstijden":{"ma":"08:00 - 21:00","di":"08:00 - 21:00","wo":"08:00 - 21:00","do":"08:00 - 21:00","vr":"08:00 - 21:00","za":"08:00 - 21:00","zo":"08:30 - 19:30"}}},{"type":"Feature","geometry":{"type":"Point","coordinates":[10.16039,45.549412]},"properties":{"type":"pakketpunt","locatieNaam":"Ufficio Postale MANDOLOSSA DI BRESC","straatNaam":"VILLAGGIO BADIA VIA PRIMA 76","straatNr":"","vervoerder":"DHL","puntType":"postOffice","bezettingsgraad":50,"latitude":45.549412,"longitude":10.16039,"canPickup":true,"canDropoff":true,"openingstijden":{"ma":"08:20 - 13:45","di":"08:20 - 13:45","wo":"08:20 - 13:45","do":"08:20 - 13:45","vr":"08:20 - 13:45","za":"08:20 - 12:45","zo":"gesloten"}}},{"type":"Feature","geometry":{"type":"Point","coordinates":[10.161973,45.551887]},"properties":{"type":"pakketpunt","locatieNaam":"PARRUCCHIERA - GIOVANNA","straatNaam":"VILLAGGIO BADIA TRAVERSA IV 52","straatNr":"","vervoerder":"DHL","puntType":"parcelShop","bezettingsgraad":50,"latitude":45.551887,"longitude":10.161973,"canPickup":true,"canDropoff":true,"openingstijden":{"ma":"gesloten","di":"08:30 - 17:00","wo":"08:30 - 17:00","do":"08:30 - 17:00","vr":"08:30 - 17:00","za":"08:30 - 17:00","zo":"gesloten"}}},{"type":"Feature","geometry":{"type":"Point","coordinates":[10.185026,45.549269]},"properties":{"type":"pakketpunt","locatieNaam":"TABACCHERIA N. 155","straatNaam":"VIA CHIUSURE 20","straatNr":"","vervoerder":"DHL","puntType":"parcelShop","bezettingsgraad":50,"latitude":45.549269,"longitude":10.185026,"canPickup":true,"canDropoff":true,"openingstijden":{"ma":"07:30 - 19:30","di":"07:30 - 19:30","wo":"07:30 - 19:30","do":"07:30 - 19:30","vr":"07:30 - 19:30","za":"07:30 - 19:30","zo":"gesloten"}}},{"type":"Feature","geometry":{"type":"Point","coordinates":[10.189304,45.546271]},"properties":{"type":"pakketpunt","locatieNaam":"TABACCHERIA N. 40","straatNaam":"VIA MILANO 138-C","straatNr":"","vervoerder":"DHL","puntType":"parcelShop","bezettingsgraad":50,"latitude":45.546271,"longitude":10.189304,"canPickup":true,"canDropoff":true,"openingstijden":{"ma":"06:30 - 22:30","di":"06:30 - 22:30","wo":"06:30 - 22:30","do":"06:30 - 22:30","vr":"06:30 - 22:30","za":"06:30 - 22:30","zo":"gesloten"}}},{"type":"Feature","geometry":{"type":"Point","coordinates":[10.190531,45.545999]},"properties":{"type":"pakketpunt","locatieNaam":"KHAN MULTISERVICES","straatNaam":"Via Milano, 75 B/C","straatNr":"","vervoerder":"DHL","puntType":"parcelShop","bezettingsgraad":50,"latitude":45.545999,"longitude":10.190531,"canPickup":false,"canDropoff":true,"openingstijden":{"ma":"09:00 - 22:00","di":"09:00 - 22:00","wo":"09:00 - 22:00","do":"09:00 - 22:00","vr":"09:00 - 22:00","za":"09:00 - 22:00","zo":"gesloten"}}},{"type":"Feature","geometry":{"type":"Point","coordinates":[10.18485,45.555247]},"properties":{"type":"pakketpunt","locatieNaam":"TABACCHERIA n. 136","straatNaam":"VIA GIOVAN BATTISTA DA FARFENGO 62","straatNr":"","vervoerder":"DHL","puntType":"parcelShop","bezettingsgraad":50,"latitude":45.555247,"longitude":10.18485,"canPickup":true,"canDropoff":true,"openingstijden":{"ma":"08:00 - 13:00, 15:00 - 19:30","di":"07:45 - 13:00, 15:00 - 20:00","wo":"07:45 - 13:00, 15:00 - 20:00","do":"07:45 - 13:00, 15:00 - 20:00","vr":"07:45 - 13:00, 15:00 - 20:00","za":"07:45 - 13:00, 15:00 - 20:00","zo":"gesloten"}}},{"type":"Feature","geometry":{"type":"Point","coordinates":[10.189746,45.553635]},"properties":{"type":"pakketpunt","locatieNaam":"Ufficio Postale BRESCIA 11","straatNaam":"VIALE CADUTI DEL LAVORO 65","straatNr":"","vervoerder":"DHL","puntType":"postOffice","bezettingsgraad":50,"latitude":45.553635,"longitude":10.189746,"canPickup":true,"canDropoff":true,"openingstijden":{"ma":"08:20 - 13:35","di":"08:20 - 13:35","wo":"08:20 - 13:35","do":"08:20 - 13:35","vr":"08:20 - 13:35","za":"08:20 - 12:35","zo":"gesloten"}}},{"type":"Feature","geometry":{"type":"Point","coordinates":[10.193269,45.553477]},"properties":{"type":"pakketpunt","locatieNaam":"TABACCHERIA N. 106","straatNaam":"VIA CHIUSURE 92-A","straatNr":"","vervoerder":"DHL","puntType":"parcelShop","bezettingsgraad":50,"latitude":45.553477,"longitude":10.193269,"canPickup":true,"canDropoff":true,"openingstijden":{"ma":"07:30 - 19:30","di":"07:30 - 19:30","wo":"07:30 - 19:30","do":"07:30 - 19:30","vr":"07:30 - 19:30","za":"07:30 - 19:30","zo":"gesloten"}}},{"type":"Feature","geometry":{"type":"Point","coordinates":[10.187375,45.529595]},"properties":{"type":"pakketpunt","locatieNaam":"TABACCHERIA N. 61","straatNaam":"VIA ORZINUOVI 107","straatNr":"","vervoerder":"DHL","puntType":"parcelShop","bezettingsgraad":50,"latitude":45.529595,"longitude":10.187375,"canPickup":true,"canDropoff":true,"openingstijden":{"ma":"06:30 - 19:30","di":"06:30 - 19:30","wo":"06:30 - 19:30","do":"06:30 - 19:30","vr":"06:30 - 19:30","za":"06:30 - 19:30","zo":"gesloten"}}},{"type":"Feature","geometry":{"type":"Point","coordinates":[10.198014,45.546578]},"properties":{"type":"pakketpunt","locatieNaam":"Ufficio Postale BRESCIA 5","straatNaam":"VIA CAROLINA BEVILACQUA 25","straatNr":"","vervoerder":"DHL","puntType":"postOffice","bezettingsgraad":50,"latitude":45.546578,"longitude":10.198014,"canPickup":true,"canDropoff":true,"openingstijden":{"ma":"08:20 - 13:35","di":"08:20 - 13:35","wo":"08:20 - 13:35","do":"08:20 - 13:35","vr":"08:20 - 13:35","za":"08:20 - 12:35","zo":"gesloten"}}},{"type":"Feature","geometry":{"type":"Point","coordinates":[10.19955,45.544353]},"properties":{"type":"pakketpunt","locatieNaam":"TABACCHERIA N. 43","straatNaam":"VIA MILANO 58-D","straatNr":"","vervoerder":"DHL","puntType":"parcelShop","bezettingsgraad":50,"latitude":45.544353,"longitude":10.19955,"canPickup":true,"canDropoff":true,"openingstijden":{"ma":"07:30 - 12:30, 15:00 - 19:30","di":"07:30 - 12:30, 15:00 - 19:30","wo":"07:30 - 12:30, 15:00 - 19:30","do":"07:30 - 12:30, 15:00 - 19:30","vr":"07:30 - 12:30, 15:00 - 19:30","za":"07:30 - 12:30, 15:00 - 19:30","zo":"gesloten"}}},{"type":"Feature","geometry":{"type":"Point","coordinates":[10.199692,45.544343]},"properties":{"type":"pakketpunt","locatieNaam":"TABACCHERIA SALINI ANNA","straatNaam":"Milano, 58 D","straatNr":"","vervoerder":"DHL","puntType":"parcelShop","bezettingsgraad":50,"latitude":45.544343,"longitude":10.199692,"canPickup":false,"canDropoff":true,"openingstijden":{"ma":"07:30 - 19:30","di":"07:30 - 19:30","wo":"07:30 - 19:30","do":"07:30 - 19:30","vr":"07:30 - 19:30","za":"07:30 - 19:30","zo":"gesloten"}}},{"type":"Feature","geometry":{"type":"Point","coordinates":[10.191774,45.527448]},"properties":{"type":"pakketpunt","locatieNaam":"Ufficio Postale BRESCIA 17","straatNaam":"VIA BOLOGNA 2","straatNr":"","vervoerder":"DHL","puntType":"postOffice","bezettingsgraad":50,"latitude":45.527448,"longitude":10.191774,"canPickup":true,"canDropoff":true,"openingstijden":{"ma":"08:20 - 13:35","di":"08:20 - 13:35","wo":"08:20 - 13:35","do":"08:20 - 13:35","vr":"08:20 - 13:35","za":"08:20 - 12:35","zo":"gesloten"}}},{"type":"Feature","geometry":{"type":"Point","coordinates":[10.201581,45.535823]},"properties":{"type":"pakketpunt","locatieNaam":"POSTAPOWER BRESCIA","straatNaam":"VIA ROSE DI SOTTO 4-C","straatNr":"","vervoerder":"DHL","puntType":"packStation","bezettingsgraad":50,"latitude":45.535823,"longitude":10.201581,"canPickup":true,"canDropoff":true,"openingstijden":{"ma":"09:00 - 14:00, 15:30 - 17:00","di":"09:00 - 14:00, 15:30 - 17:00","wo":"09:00 - 14:00, 15:30 - 17:00","do":"09:00 - 14:00, 15:30 - 17:00","vr":"09:00 - 14:00, 15:30 - 17:00","za":"gesloten","zo":"gesloten"}}},{"type":"Feature","geometry":{"type":"Point","coordinates":[10.183628,45.522176]},"properties":{"type":"pakketpunt","locatieNaam":"GALLERIA BENNET BRESCIA","straatNaam":"VIA GENOVA 76","straatNr":"","vervoerder":"DHL","puntType":"packStation","bezettingsgraad":50,"latitude":45.522176,"longitude":10.183628,"canPickup":true,"canDropoff":true,"openingstijden":{"ma":"09:00 - 20:00","di":"09:00 - 20:00","wo":"09:00 - 20:00","do":"09:00 - 20:00","vr":"09:00 - 20:00","za":"09:00 - 20:00","zo":"09:00 - 20:00"}}},{"type":"Feature","geometry":{"type":"Point","coordinates":[10.199199,45.52721]},"properties":{"type":"pakketpunt","locatieNaam":"TABACCHERIA N. 190","straatNaam":"VIA SORELLE AMBROSETTI 10","straatNr":"","vervoerder":"DHL","puntType":"parcelShop","bezettingsgraad":50,"latitude":45.52721,"longitude":10.199199,"canPickup":true,"canDropoff":true,"openingstijden":{"ma":"09:00 - 20:00","di":"09:00 - 20:00","wo":"09:00 - 20:00","do":"09:00 - 20:00","vr":"09:00 - 20:00","za":"09:00 - 20:00","zo":"09:00 - 20:00"}}},{"type":"Feature","geometry":{"type":"Point","coordinates":[10.207898,45.547021]},"properties":{"type":"pakketpunt","locatieNaam":"TABACCHERIA N. 151","straatNaam":"VIA BALDASSARE ZAMBONI 25","straatNr":"","vervoerder":"DHL","puntType":"parcelShop","bezettingsgraad":50,"latitude":45.547021,"longitude":10.207898,"canPickup":true,"canDropoff":true,"openingstijden":{"ma":"07:30 - 12:20, 15:00 - 19:30","di":"07:30 - 12:20, 15:00 - 19:30","wo":"07:30 - 12:20, 15:00 - 19:30","do":"07:30 - 12:20, 15:00 - 19:30","vr":"07:30 - 12:20, 15:00 - 19:30","za":"08:00 - 12:20, 15:00 - 19:30","zo":"gesloten"}}},{"type":"Feature","geometry":{"type":"Point","coordinates":[10.208526,45.542334]},"properties":{"type":"pakketpunt","locatieNaam":"WORLD TRADING","straatNaam":"Via Milano 7C","straatNr":"","vervoerder":"DHL","puntType":"parcelShop","bezettingsgraad":50,"latitude":45.542334,"longitude":10.208526,"canPickup":false,"canDropoff":true,"openingstijden":{"ma":"09:00 - 20:00","di":"09:00 - 20:00","wo":"09:00 - 20:00","do":"09:00 - 20:00","vr":"09:00 - 20:00","za":"09:00 - 20:00","zo":"gesloten"}}},{"type":"Feature","geometry":{"type":"Point","coordinates":[10.209426,45.542128]},"properties":{"type":"pakketpunt","locatieNaam":"TABACCHERIA N. 36","straatNaam":"VIA MILANO 3","straatNr":"","vervoerder":"DHL","puntType":"parcelShop","bezettingsgraad":50,"latitude":45.542128,"longitude":10.209426,"canPickup":true,"canDropoff":true,"openingstijden":{"ma":"07:20 - 12:30, 14:30 - 19:00","di":"07:20 - 12:30, 14:30 - 19:00","wo":"07:20 - 12:30, 14:30 - 19:00","do":"07:20 - 12:30, 14:30 - 19:00","vr":"07:20 - 12:30, 14:30 - 19:00","za":"07:20 - 12:30, 14:30 - 19:00","zo":"gesloten"}}},{"type":"Feature","geometry":{"type":"Point","coordinates":[10.204283,45.560904]},"properties":{"type":"pakketpunt","locatieNaam":"Ufficio Postale BRESCIA 13","straatNaam":"VIA DON GIACOMO VENDER 90","straatNr":"","vervoerder":"DHL","puntType":"postOffice","bezettingsgraad":50,"latitude":45.560904,"longitude":10.204283,"canPickup":true,"canDropoff":true,"openingstijden":{"ma":"08:20 - 19:05","di":"08:20 - 19:05","wo":"08:20 - 19:05","do":"08:20 - 19:05","vr":"08:20 - 19:05","za":"08:20 - 12:35","zo":"gesloten"}}},{"type":"Feature","geometry":{"type":"Point","coordinates":[10.207429,45.530692]},"properties":{"type":"pakketpunt","locatieNaam":"Ufficio Postale BRESCIA 14","straatNaam":"VIA CANIPARI 4-A","straatNr":"","vervoerder":"DHL","puntType":"postOffice","bezettingsgraad":50,"latitude":45.530692,"longitude":10.207429,"canPickup":true,"canDropoff":true,"openingstijden":{"ma":"08:20 - 13:35","di":"08:20 - 13:35","wo":"08:20 - 13:35","do":"08:20 - 13:35","vr":"08:20 - 13:35","za":"08:20 - 12:35","zo":"gesloten"}}},{"type":"Feature","geometry":{"type":"Point","coordinates":[10.212142,45.541974]},"properties":{"type":"pakketpunt","locatieNaam":"TABACCHERIA N. 6","straatNaam":"VIA CALATAFIMI 2","straatNr":"","vervoerder":"DHL","puntType":"parcelShop","bezettingsgraad":50,"latitude":45.541974,"longitude":10.212142,"canPickup":true,"canDropoff":true,"openingstijden":{"ma":"07:00 - 20:00","di":"07:00 - 20:00","wo":"07:00 - 20:00","do":"07:00 - 20:00","vr":"07:00 - 20:00","za":"07:00 - 20:00","zo":"07:00 - 20:00"}}},{"type":"Feature","geometry":{"type":"Point","coordinates":[10.200093,45.565002]},"properties":{"type":"pakketpunt","locatieNaam":"TABACCHERIA N. 38","straatNaam":"VIA DELLA CHIESA 93-A","straatNr":"","vervoerder":"DHL","puntType":"parcelShop","bezettingsgraad":50,"latitude":45.565002,"longitude":10.200093,"canPickup":true,"canDropoff":true,"openingstijden":{"ma":"08:00 - 12:00, 14:30 - 19:00","di":"08:00 - 12:00, 14:30 - 19:00","wo":"08:00 - 12:00, 14:30 - 19:00","do":"08:00 - 12:00, 14:30 - 19:00","vr":"08:00 - 12:00, 14:30 - 19:00","za":"08:00 - 12:00, 14:30 - 19:00","zo":"gesloten"}}},{"type":"Feature","geometry":{"type":"Point","coordinates":[10.210318,45.534329]},"properties":{"type":"pakketpunt","locatieNaam":"TABACCHERIA N. 59","straatNaam":"VIA CORSICA 8","straatNr":"","vervoerder":"DHL","puntType":"parcelShop","bezettingsgraad":50,"latitude":45.534329,"longitude":10.210318,"canPickup":true,"canDropoff":true,"openingstijden":{"ma":"07:15 - 12:30, 14:30 - 19:30","di":"07:15 - 12:30, 14:30 - 19:30","wo":"07:15 - 12:30, 14:30 - 19:30","do":"07:15 - 12:30, 14:30 - 19:30","vr":"07:15 - 12:30, 14:30 - 19:30","za":"08:00 - 12:30, 14:30 - 19:30","zo":"gesloten"}}},{"type":"Feature","geometry":{"type":"Point","coordinates":[10.2026,45.52427]},"properties":{"type":"pakketpunt","locatieNaam":"TABACCHERIA QUADRI ANGELA","straatNaam":"Corsica, 331","straatNr":"","vervoerder":"DHL","puntType":"parcelShop","bezettingsgraad":50,"latitude":45.52427,"longitude":10.2026,"canPickup":false,"canDropoff":true,"openingstijden":{"ma":"07:30 - 19:30","di":"07:30 - 19:30","wo":"07:30 - 19:30","do":"07:30 - 19:30","vr":"07:30 - 19:30","za":"07:30 - 19:30","zo":"gesloten"}}},{"type":"Feature","geometry":{"type":"Point","coordinates":[10.202641,45.524224]},"properties":{"type":"pakketpunt","locatieNaam":"TABACCHERIA N. 66","straatNaam":"VIA CORSICA 331","straatNr":"","vervoerder":"DHL","puntType":"parcelShop","bezettingsgraad":50,"latitude":45.524224,"longitude":10.202641,"canPickup":true,"canDropoff":true,"openingstijden":{"ma":"07:00 - 19:30","di":"07:00 - 19:30","wo":"07:00 - 19:30","do":"07:00 - 19:30","vr":"07:00 - 19:30","za":"07:00 - 19:30","zo":"gesloten"}}},{"type":"Feature","geometry":{"type":"Point","coordinates":[10.212908,45.549508]},"properties":{"type":"pakketpunt","locatieNaam":"PUNTO POSTE MARIANA","straatNaam":"VIA SANTEUSTACCHIO 6-C","straatNr":"","vervoerder":"DHL","puntType":"parcelShop","bezettingsgraad":50,"latitude":45.549508,"longitude":10.212908,"canPickup":true,"canDropoff":true,"openingstijden":{"ma":"06:30 - 14:00, 16:00 - 19:00","di":"06:30 - 14:00, 16:00 - 19:00","wo":"06:30 - 14:00, 16:00 - 19:00","do":"06:30 - 14:00, 16:00 - 19:00","vr":"06:30 - 14:00, 16:00 - 19:00","za":"06:30 - 16:00","zo":"gesloten"}}},{"type":"Feature","geometry":{"type":"Point","coordinates":[10.212978,45.549383]},"properties":{"type":"pakketpunt","locatieNaam":"BAR GELATERIA MARIANA","straatNaam":"Via Sant Eustacchio, 6/C","straatNr":"","vervoerder":"DHL","puntType":"parcelShop","bezettingsgraad":50,"latitude":45.549383,"longitude":10.212978,"canPickup":false,"canDropoff":true,"openingstijden":{"ma":"06:00 - 19:00","di":"06:00 - 19:00","wo":"06:00 - 19:00","do":"06:00 - 19:00","vr":"06:00 - 19:00","za":"06:00 - 17:00","zo":"gesloten"}}},{"type":"Feature","geometry":{"type":"Point","coordinates":[10.213804,45.539386]},"properties":{"type":"pakketpunt","locatieNaam":"HISTORIQUE CAFÈ","straatNaam":"CORSO GIACOMO MATTEOTTI 17","straatNr":"","vervoerder":"DHL","puntType":"parcelShop","bezettingsgraad":50,"latitude":45.539386,"longitude":10.213804,"canPickup":true,"canDropoff":true,"openingstijden":{"ma":"07:00 - 16:30","di":"07:00 - 16:30","wo":"07:00 - 16:30","do":"07:00 - 16:30","vr":"07:00 - 15:30","za":"gesloten","zo":"gesloten"}}},{"type":"Feature","geometry":{"type":"Point","coordinates":[10.214975,45.54079]},"properties":{"type":"pakketpunt","locatieNaam":"TABACCHERIA n. 10","straatNaam":"CORSO GIUSEPPE GARIBALDI 10-B","straatNr":"","vervoerder":"DHL","puntType":"parcelShop","bezettingsgraad":50,"latitude":45.54079,"longitude":10.214975,"canPickup":true,"canDropoff":true,"openingstijden":{"ma":"07:30 - 12:30, 14:00 - 19:30","di":"07:30 - 12:30, 14:00 - 19:30","wo":"07:30 - 12:30, 14:00 - 19:30","do":"07:30 - 12:30, 14:00 - 19:30","vr":"07:30 - 12:30, 14:00 - 19:30","za":"07:30 - 12:30, 14:00 - 19:30","zo":"gesloten"}}},{"type":"Feature","geometry":{"type":"Point","coordinates":[10.212632,45.533305]},"properties":{"type":"pakketpunt","locatieNaam":"TABACCHERIA N. 72","straatNaam":"VIALE DELLA STAZIONE 25-A","straatNr":"","vervoerder":"DHL","puntType":"parcelShop","bezettingsgraad":50,"latitude":45.533305,"longitude":10.212632,"canPickup":true,"canDropoff":true,"openingstijden":{"ma":"08:00 - 19:30","di":"08:00 - 19:30","wo":"08:00 - 19:30","do":"08:00 - 19:30","vr":"08:00 - 19:30","za":"08:00 - 19:30","zo":"08:00 - 19:30"}}},{"type":"Feature","geometry":{"type":"Point","coordinates":[10.211291,45.557269]},"properties":{"type":"pakketpunt","locatieNaam":"SDA Brescia","straatNaam":"VIA BAINSIZZA 23","straatNr":"","vervoerder":"DHL","puntType":"parcelShop","bezettingsgraad":50,"latitude":45.557269,"longitude":10.211291,"canPickup":false,"canDropoff":true,"openingstijden":{"ma":"09:00 - 18:00","di":"09:00 - 18:00","wo":"09:00 - 18:00","do":"09:00 - 18:00","vr":"09:00 - 18:00","za":"09:00 - 12:00","zo":"gesloten"}}},{"type":"Feature","geometry":{"type":"Point","coordinates":[10.214329,45.536676]},"properties":{"type":"pakketpunt","locatieNaam":"TABACCHERIA N. 14","straatNaam":"CORSO MARTIRI DELLA LIBERTA 42","straatNr":"","vervoerder":"DHL","puntType":"parcelShop","bezettingsgraad":50,"latitude":45.536676,"longitude":10.214329,"canPickup":true,"canDropoff":true,"openingstijden":{"ma":"06:30 - 20:30","di":"06:30 - 20:30","wo":"06:30 - 20:30","do":"06:30 - 20:30","vr":"06:30 - 20:30","za":"06:30 - 20:30","zo":"07:30 - 13:00"}}},{"type":"Feature","geometry":{"type":"Point","coordinates":[10.215546,45.538468]},"properties":{"type":"pakketpunt","locatieNaam":"TABACCHERIA N. 1","straatNaam":"VIA DELLA PACE 29-E","straatNr":"","vervoerder":"DHL","puntType":"packStation","bezettingsgraad":50,"latitude":45.538468,"longitude":10.215546,"canPickup":true,"canDropoff":true,"openingstijden":{"ma":"07:30 - 19:30","di":"07:30 - 19:30","wo":"07:30 - 19:30","do":"07:30 - 19:30","vr":"07:30 - 19:30","za":"07:30 - 12:30, 14:30 - 19:30","zo":"gesloten"}}},{"type":"Feature","geometry":{"type":"Point","coordinates":[10.216656,45.542124]},"properties":{"type":"pakketpunt","locatieNaam":"TABACCHERIA N. 13","straatNaam":"VIA DELLE BATTAGLIE 32-A","straatNr":"","vervoerder":"DHL","puntType":"parcelShop","bezettingsgraad":50,"latitude":45.542124,"longitude":10.216656,"canPickup":true,"canDropoff":true,"openingstijden":{"ma":"gesloten","di":"08:00 - 12:00, 15:00 - 19:00","wo":"08:00 - 12:00, 15:00 - 19:00","do":"08:00 - 12:00, 15:00 - 19:00","vr":"08:00 - 12:00, 15:00 - 19:00","za":"08:00 - 12:00, 12:01 - 12:02","zo":"gesloten"}}},{"type":"Feature","geometry":{"type":"Point","coordinates":[10.287091,45.517834]},"properties":{"type":"pakketpunt","locatieNaam":"Kipoint Viale Santa Eufemia","straatNaam":"VIALE SANTEUFEMIA 108-E","straatNr":"","vervoerder":"DHL","puntType":"parcelShop","bezettingsgraad":50,"latitude":45.517834,"longitude":10.287091,"canPickup":true,"canDropoff":true,"openingstijden":{"ma":"15:00 - 19:00","di":"09:00 - 13:00, 15:00 - 19:00","wo":"09:00 - 13:00, 15:00 - 19:00","do":"09:00 - 13:00, 15:00 - 19:00","vr":"09:00 - 13:00, 15:00 - 19:00","za":"gesloten","zo":"gesloten"}}},{"type":"Feature","geometry":{"type":"Point","coordinates":[10.286827,45.517892]},"properties":{"type":"pakketpunt","locatieNaam":"TABACCHERIA N. 181","straatNaam":"VIALE SANTEUFEMIA 108","straatNr":"","vervoerder":"DHL","puntType":"parcelShop","bezettingsgraad":50,"latitude":45.517892,"longitude":10.286827,"canPickup":true,"canDropoff":true,"openingstijden":{"ma":"07:00 - 19:30","di":"07:00 - 19:30","wo":"07:00 - 19:30","do":"07:00 - 19:30","vr":"07:00 - 19:30","za":"07:00 - 12:00","zo":"gesloten"}}},{"type":"Feature","geometry":{"type":"Point","coordinates":[10.286827,45.517892]},"properties":{"type":"pakketpunt","locatieNaam":"SUPERMERCATO ITALMARK IL PO","straatNaam":"VIALE SANTEUFEMIA 108","straatNr":"","vervoerder":"DHL","puntType":"packStation","bezettingsgraad":50,"latitude":45.517892,"longitude":10.286827,"canPickup":true,"canDropoff":true,"openingstijden":{"ma":"08:30 - 20:00","di":"08:30 - 20:00","wo":"08:30 - 20:00","do":"08:30 - 20:00","vr":"08:30 - 20:00","za":"08:30 - 20:00","zo":"08:30 - 13:00"}}},{"type":"Feature","geometry":{"type":"Point","coordinates":[10.27197,45.521672]},"properties":{"type":"pakketpunt","locatieNaam":"Ufficio Postale SANT'EUFEMIA DELLA","straatNaam":"VIA INDIPENDENZA 56","straatNr":"","vervoerder":"DHL","puntType":"postOffice","bezettingsgraad":50,"latitude":45.521672,"longitude":10.27197,"canPickup":true,"canDropoff":true,"openingstijden":{"ma":"08:20 - 13:45","di":"08:20 - 13:45","wo":"08:20 - 13:45","do":"08:20 - 13:45","vr":"08:20 - 13:45","za":"08:20 - 12:45","zo":"gesloten"}}},{"type":"Feature","geometry":{"type":"Point","coordinates":[10.271973,45.521652]},"properties":{"type":"pakketpunt","locatieNaam":"TABACCHERIA PEDRETTI","straatNaam":"Via Indipendenza 54 B","straatNr":"","vervoerder":"DHL","puntType":"parcelShop","bezettingsgraad":50,"latitude":45.521652,"longitude":10.271973,"canPickup":false,"canDropoff":true,"openingstijden":{"ma":"08:00 - 19:30","di":"08:00 - 19:30","wo":"08:00 - 19:30","do":"08:00 - 19:30","vr":"08:00 - 19:30","za":"08:00 - 19:30","zo":"gesloten"}}},{"type":"Feature","geometry":{"type":"Point","coordinates":[10.271779,45.521758]},"properties":{"type":"pakketpunt","locatieNaam":"TABACCHERIA N. 16","straatNaam":"VIA INDIPENDENZA 54-B","straatNr":"","vervoerder":"DHL","puntType":"parcelShop","bezettingsgraad":50,"latitude":45.521758,"longitude":10.271779,"canPickup":true,"canDropoff":true,"openingstijden":{"ma":"08:00 - 12:30, 15:00 - 19:30","di":"08:00 - 12:30, 15:00 - 19:30","wo":"08:00 - 12:30, 15:00 - 19:30","do":"08:00 - 12:30, 15:00 - 19:30","vr":"08:00 - 12:30, 15:00 - 19:30","za":"08:00 - 12:30, 15:00 - 19:30","zo":"gesloten"}}},{"type":"Feature","geometry":{"type":"Point","coordinates":[10.268354,45.523197]},"properties":{"type":"pakketpunt","locatieNaam":"TABACCHERIA N. 88","straatNaam":"VIA INDIPENDENZA 4","straatNr":"","vervoerder":"DHL","puntType":"parcelShop","bezettingsgraad":50,"latitude":45.523197,"longitude":10.268354,"canPickup":true,"canDropoff":true,"openingstijden":{"ma":"07:00 - 19:30","di":"07:00 - 19:30","wo":"07:00 - 19:30","do":"07:00 - 19:30","vr":"07:00 - 19:30","za":"07:30 - 19:30","zo":"gesloten"}}},{"type":"Feature","geometry":{"type":"Point","coordinates":[10.257295,45.522365]},"properties":{"type":"pakketpunt","locatieNaam":"Ufficio Postale SAN POLO 1","straatNaam":"VIA ANTONIO ALLEGRI 13","straatNr":"","vervoerder":"DHL","puntType":"postOffice","bezettingsgraad":50,"latitude":45.522365,"longitude":10.257295,"canPickup":true,"canDropoff":true,"openingstijden":{"ma":"08:20 - 13:35","di":"08:20 - 13:35","wo":"08:20 - 13:35","do":"08:20 - 13:35","vr":"08:20 - 13:35","za":"08:20 - 12:35","zo":"gesloten"}}},{"type":"Feature","geometry":{"type":"Point","coordinates":[10.25259,45.530017]},"properties":{"type":"pakketpunt","locatieNaam":"TABACCHERIA N. 147","straatNaam":"VIALE DELLA BORNATA 20","straatNr":"","vervoerder":"DHL","puntType":"parcelShop","bezettingsgraad":50,"latitude":45.530017,"longitude":10.25259,"canPickup":true,"canDropoff":true,"openingstijden":{"ma":"08:00 - 12:30, 15:00 - 19:30","di":"08:00 - 12:30, 15:00 - 19:30","wo":"08:00 - 12:30, 15:00 - 19:30","do":"08:00 - 12:30, 15:00 - 19:30","vr":"08:00 - 12:30, 15:00 - 19:30","za":"08:00 - 12:30, 15:00 - 19:30","zo":"gesloten"}}},{"type":"Feature","geometry":{"type":"Point","coordinates":[10.245711,45.530444]},"properties":{"type":"pakketpunt","locatieNaam":"UTECH","straatNaam":"Viale Del Piave 177","straatNr":"","vervoerder":"DHL","puntType":"parcelShop","bezettingsgraad":50,"latitude":45.530444,"longitude":10.245711,"canPickup":false,"canDropoff":true,"openingstijden":{"ma":"09:30 - 19:30","di":"09:30 - 19:30","wo":"09:30 - 19:30","do":"09:30 - 19:30","vr":"09:30 - 19:30","za":"09:30 - 19:30","zo":"gesloten"}}},{"type":"Feature","geometry":{"type":"Point","coordinates":[10.256083,45.507326]},"properties":{"type":"pakketpunt","locatieNaam":"Ufficio Postale SAN POLO","straatNaam":"VIA VITTORIO ARICI 131","straatNr":"","vervoerder":"DHL","puntType":"postOffice","bezettingsgraad":50,"latitude":45.507326,"longitude":10.256083,"canPickup":true,"canDropoff":true,"openingstijden":{"ma":"08:20 - 13:35","di":"08:20 - 13:35","wo":"08:20 - 13:35","do":"08:20 - 13:35","vr":"08:20 - 13:35","za":"08:20 - 12:35","zo":"gesloten"}}},{"type":"Feature","geometry":{"type":"Point","coordinates":[10.249573,45.513525]},"properties":{"type":"pakketpunt","locatieNaam":"TABACCHERIA N. 164","straatNaam":"VIA GIORGIONE 7","straatNr":"","vervoerder":"DHL","puntType":"parcelShop","bezettingsgraad":50,"latitude":45.513525,"longitude":10.249573,"canPickup":true,"canDropoff":true,"openingstijden":{"ma":"08:00 - 12:00, 14:30 - 19:00","di":"08:00 - 12:00, 14:30 - 19:00","wo":"08:00 - 12:00, 14:30 - 19:00","do":"08:00 - 12:00, 14:30 - 19:00","vr":"08:00 - 12:00, 14:30 - 19:00","za":"08:00 - 12:00, 14:30 - 19:00","zo":"gesloten"}}},{"type":"Feature","geometry":{"type":"Point","coordinates":[10.239825,45.530859]},"properties":{"type":"pakketpunt","locatieNaam":"Ufficio Postale BRESCIA 7","straatNaam":"VIALE DEL PIAVE 39","straatNr":"","vervoerder":"DHL","puntType":"postOffice","bezettingsgraad":50,"latitude":45.530859,"longitude":10.239825,"canPickup":true,"canDropoff":true,"openingstijden":{"ma":"08:20 - 13:35","di":"08:20 - 13:35","wo":"08:20 - 13:35","do":"08:20 - 13:35","vr":"08:20 - 13:35","za":"08:20 - 12:35","zo":"gesloten"}}},{"type":"Feature","geometry":{"type":"Point","coordinates":[10.241516,45.569417]},"properties":{"type":"pakketpunt","locatieNaam":"Ufficio Postale MOMPIANO","straatNaam":"VIA LAMA 1","straatNr":"","vervoerder":"DHL","puntType":"postOffice","bezettingsgraad":50,"latitude":45.569417,"longitude":10.241516,"canPickup":true,"canDropoff":true,"openingstijden":{"ma":"08:20 - 13:35","di":"08:20 - 13:35","wo":"08:20 - 13:35","do":"08:20 - 13:35","vr":"08:20 - 13:35","za":"08:20 - 12:35","zo":"gesloten"}}},{"type":"Feature","geometry":{"type":"Point","coordinates":[10.231433,45.553529]},"properties":{"type":"pakketpunt","locatieNaam":"TABACCHERIA N. 45","straatNaam":"VIA SAN ROCCHINO 106-A","straatNr":"","vervoerder":"DHL","puntType":"parcelShop","bezettingsgraad":50,"latitude":45.553529,"longitude":10.231433,"canPickup":true,"canDropoff":true,"openingstijden":{"ma":"06:00 - 19:30","di":"06:00 - 19:30","wo":"06:00 - 19:30","do":"06:00 - 19:30","vr":"06:00 - 19:30","za":"06:00 - 19:30","zo":"06:00 - 19:30"}}},{"type":"Feature","geometry":{"type":"Point","coordinates":[10.230237,45.53673]},"properties":{"type":"pakketpunt","locatieNaam":"TABACCHERIA N. 9","straatNaam":"VIA TRIESTE 55-A","straatNr":"","vervoerder":"DHL","puntType":"parcelShop","bezettingsgraad":50,"latitude":45.53673,"longitude":10.230237,"canPickup":true,"canDropoff":true,"openingstijden":{"ma":"07:30 - 13:00, 15:00 - 20:00","di":"07:30 - 13:00, 15:00 - 20:00","wo":"07:30 - 13:00, 15:00 - 20:00","do":"07:30 - 13:00, 15:00 - 20:00","vr":"07:30 - 13:00, 15:00 - 20:00","za":"07:30 - 13:00, 15:00 - 20:00","zo":"gesloten"}}},{"type":"Feature","geometry":{"type":"Point","coordinates":[10.236446,45.568887]},"properties":{"type":"pakketpunt","locatieNaam":"TABACCHERIA N. 131","straatNaam":"PIAZZALE LUIGI KOSSUTH 3","straatNr":"","vervoerder":"DHL","puntType":"parcelShop","bezettingsgraad":50,"latitude":45.568887,"longitude":10.236446,"canPickup":true,"canDropoff":true,"openingstijden":{"ma":"07:30 - 13:00, 15:00 - 19:30","di":"07:30 - 13:00, 15:00 - 19:30","wo":"07:30 - 13:00, 15:00 - 19:30","do":"07:30 - 13:00, 15:00 - 19:30","vr":"07:30 - 13:00, 15:00 - 19:30","za":"07:30 - 13:00, 15:00 - 19:30","zo":"gesloten"}}},{"type":"Feature","geometry":{"type":"Point","coordinates":[10.230562,45.554141]},"properties":{"type":"pakketpunt","locatieNaam":"IPPOGRIFO VIAGGI","straatNaam":"Marcantonio Ducco, 34","straatNr":"","vervoerder":"DHL","puntType":"parcelShop","bezettingsgraad":50,"latitude":45.554141,"longitude":10.230562,"canPickup":false,"canDropoff":true,"openingstijden":{"ma":"10:00 - 19:00","di":"10:00 - 19:00","wo":"10:00 - 19:00","do":"10:00 - 19:00","vr":"10:00 - 19:00","za":"gesloten","zo":"gesloten"}}},{"type":"Feature","geometry":{"type":"Point","coordinates":[10.219771,45.566245]},"properties":{"type":"pakketpunt","locatieNaam":"Ufficio Postale BRESCIA 16","straatNaam":"VIA SCUOLE 32","straatNr":"","vervoerder":"DHL","puntType":"postOffice","bezettingsgraad":50,"latitude":45.566245,"longitude":10.219771,"canPickup":true,"canDropoff":true,"openingstijden":{"ma":"08:20 - 13:45","di":"08:20 - 13:45","wo":"08:20 - 13:45","do":"08:20 - 13:45","vr":"08:20 - 13:45","za":"08:20 - 12:45","zo":"gesloten"}}},{"type":"Feature","geometry":{"type":"Point","coordinates":[10.23068,45.582205]},"properties":{"type":"pakketpunt","locatieNaam":"Ufficio Postale STOCCHETTA","straatNaam":"VILLAGGIO PREALPINO VIA PRIMA 38","straatNr":"","vervoerder":"DHL","puntType":"postOffice","bezettingsgraad":50,"latitude":45.582205,"longitude":10.23068,"canPickup":true,"canDropoff":true,"openingstijden":{"ma":"08:20 - 13:35","di":"08:20 - 13:35","wo":"08:20 - 13:35","do":"08:20 - 13:35","vr":"08:20 - 13:35","za":"08:20 - 12:35","zo":"gesloten"}}},{"type":"Feature","geometry":{"type":"Point","coordinates":[10.215853,45.554862]},"properties":{"type":"pakketpunt","locatieNaam":"Ufficio Postale BRESCIA 8","straatNaam":"VIA FRANCESCO BARACCA 24","straatNr":"","vervoerder":"DHL","puntType":"postOffice","bezettingsgraad":50,"latitude":45.554862,"longitude":10.215853,"canPickup":true,"canDropoff":true,"openingstijden":{"ma":"08:20 - 13:35","di":"08:20 - 13:35","wo":"08:20 - 13:35","do":"08:20 - 13:35","vr":"08:20 - 13:35","za":"08:20 - 12:35","zo":"gesloten"}}},{"type":"Feature","geometry":{"type":"Point","coordinates":[10.222625,45.555144]},"properties":{"type":"pakketpunt","locatieNaam":"LAVANDERIA - CRYSTAL","straatNaam":"VIA RENATO SERRA 24","straatNr":"","vervoerder":"DHL","puntType":"packStation","bezettingsgraad":50,"latitude":45.555144,"longitude":10.222625,"canPickup":true,"canDropoff":true,"openingstijden":{"ma":"07:00 - 22:00","di":"07:00 - 22:00","wo":"07:00 - 22:00","do":"07:00 - 22:00","vr":"07:00 - 22:00","za":"07:00 - 22:00","zo":"07:00 - 22:00"}}},{"type":"Feature","geometry":{"type":"Point","coordinates":[10.217169,45.548968]},"properties":{"type":"pakketpunt","locatieNaam":"TABACCHERIA N. 95","straatNaam":"VIA MONTE GRAPPA 12-A","straatNr":"","vervoerder":"DHL","puntType":"parcelShop","bezettingsgraad":50,"latitude":45.548968,"longitude":10.217169,"canPickup":true,"canDropoff":true,"openingstijden":{"ma":"07:00 - 19:30","di":"07:00 - 19:30","wo":"07:00 - 19:30","do":"07:00 - 19:30","vr":"07:00 - 19:30","za":"07:00 - 15:00","zo":"08:30 - 12:30"}}},{"type":"Feature","geometry":{"type":"Point","coordinates":[10.225864,45.547053]},"properties":{"type":"pakketpunt","locatieNaam":"TABACCHERIA N. 135","straatNaam":"VIA GIOVANNI LIPELLA 4-B","straatNr":"","vervoerder":"DHL","puntType":"parcelShop","bezettingsgraad":50,"latitude":45.547053,"longitude":10.225864,"canPickup":true,"canDropoff":true,"openingstijden":{"ma":"07:17 - 19:15","di":"07:17 - 19:15","wo":"07:17 - 19:15","do":"07:17 - 19:15","vr":"07:17 - 19:15","za":"07:17 - 19:15","zo":"gesloten"}}},{"type":"Feature","geometry":{"type":"Point","coordinates":[10.220321,45.546237]},"properties":{"type":"pakketpunt","locatieNaam":"Ufficio Postale BRESCIA 4","straatNaam":"VIA UGO FOSCOLO 1-A","straatNr":"","vervoerder":"DHL","puntType":"postOffice","bezettingsgraad":50,"latitude":45.546237,"longitude":10.220321,"canPickup":true,"canDropoff":true,"openingstijden":{"ma":"08:20 - 19:05","di":"08:20 - 19:05","wo":"08:20 - 19:05","do":"08:20 - 19:05","vr":"08:20 - 19:05","za":"08:20 - 12:35","zo":"gesloten"}}},{"type":"Feature","geometry":{"type":"Point","coordinates":[10.219876,45.543]},"properties":{"type":"pakketpunt","locatieNaam":"MAS TRAVEL","straatNaam":"Via San Faustino 31a","straatNr":"","vervoerder":"DHL","puntType":"parcelShop","bezettingsgraad":50,"latitude":45.543,"longitude":10.219876,"canPickup":false,"canDropoff":true,"openingstijden":{"ma":"10:00 - 17:00","di":"10:00 - 17:00","wo":"10:00 - 17:00","do":"10:00 - 17:00","vr":"10:00 - 17:00","za":"10:00 - 17:00","zo":"gesloten"}}},{"type":"Feature","geometry":{"type":"Point","coordinates":[10.218631,45.540532]},"properties":{"type":"pakketpunt","locatieNaam":"TABACCHERIA N. 7","straatNaam":"CORSO GOFFREDO MAMELI 21","straatNr":"","vervoerder":"DHL","puntType":"parcelShop","bezettingsgraad":50,"latitude":45.540532,"longitude":10.218631,"canPickup":true,"canDropoff":true,"openingstijden":{"ma":"07:00 - 21:00","di":"07:00 - 21:00","wo":"07:00 - 21:00","do":"07:00 - 21:00","vr":"07:00 - 21:00","za":"07:00 - 21:00","zo":"07:00 - 21:00"}}},{"type":"Feature","geometry":{"type":"Point","coordinates":[10.220509,45.539232]},"properties":{"type":"pakketpunt","locatieNaam":"TABACCHERIA N. 20","straatNaam":"VIA DIECI GIORNATE 15","straatNr":"","vervoerder":"DHL","puntType":"parcelShop","bezettingsgraad":50,"latitude":45.539232,"longitude":10.220509,"canPickup":true,"canDropoff":true,"openingstijden":{"ma":"08:00 - 12:30, 15:00 - 19:30","di":"08:00 - 13:00, 15:00 - 19:30","wo":"08:00 - 13:00, 15:00 - 19:30","do":"08:00 - 13:00, 15:00 - 19:30","vr":"08:00 - 13:00, 15:00 - 19:30","za":"08:00 - 13:00, 15:00 - 19:30","zo":"gesloten"}}},{"type":"Feature","geometry":{"type":"Point","coordinates":[10.224663,45.512856]},"properties":{"type":"pakketpunt","locatieNaam":"LAVANDERIA AUTOMATICA - BLO","straatNaam":"VIA DELLA VOLTA 76-C","straatNr":"","vervoerder":"DHL","puntType":"packStation","bezettingsgraad":50,"latitude":45.512856,"longitude":10.224663,"canPickup":true,"canDropoff":true,"openingstijden":{"ma":"07:30 - 23:00","di":"07:30 - 23:00","wo":"07:30 - 23:00","do":"07:30 - 23:00","vr":"07:30 - 23:00","za":"07:30 - 23:00","zo":"07:30 - 23:00"}}},{"type":"Feature","geometry":{"type":"Point","coordinates":[10.216648,45.51992]},"properties":{"type":"pakketpunt","locatieNaam":"TABACCHERIA EDICOLA SMUSSI","straatNaam":"Via Lamarmora, 256-258","straatNr":"","vervoerder":"DHL","puntType":"parcelShop","bezettingsgraad":50,"latitude":45.51992,"longitude":10.216648,"canPickup":false,"canDropoff":true,"openingstijden":{"ma":"06:00 - 20:00","di":"06:00 - 20:00","wo":"06:00 - 20:00","do":"06:00 - 20:00","vr":"06:00 - 20:00","za":"06:00 - 20:00","zo":"gesloten"}}},{"type":"Feature","geometry":{"type":"Point","coordinates":[10.216694,45.519978]},"properties":{"type":"pakketpunt","locatieNaam":"TABACCHERIA N. 153","straatNaam":"VIA ALESSANDRO LAMARMORA 256","straatNr":"","vervoerder":"DHL","puntType":"parcelShop","bezettingsgraad":50,"latitude":45.519978,"longitude":10.216694,"canPickup":true,"canDropoff":true,"openingstijden":{"ma":"06:00 - 20:00","di":"06:00 - 20:00","wo":"06:00 - 20:00","do":"06:00 - 20:00","vr":"06:00 - 20:00","za":"06:00 - 20:00","zo":"07:30 - 12:30"}}},{"type":"Feature","geometry":{"type":"Point","coordinates":[10.224754,45.516578]},"properties":{"type":"pakketpunt","locatieNaam":"TABACCHERIA N. 49","straatNaam":"VIA DELLA VOLTA 34-A","straatNr":"","vervoerder":"DHL","puntType":"parcelShop","bezettingsgraad":50,"latitude":45.516578,"longitude":10.224754,"canPickup":true,"canDropoff":true,"openingstijden":{"ma":"07:30 - 19:30","di":"07:30 - 19:30","wo":"07:30 - 19:30","do":"07:30 - 19:30","vr":"07:30 - 19:30","za":"07:30 - 19:30","zo":"08:30 - 12:30"}}},{"type":"Feature","geometry":{"type":"Point","coordinates":[10.224683,45.519389]},"properties":{"type":"pakketpunt","locatieNaam":"TABACCHERIA N. 100","straatNaam":"VIA DELLA VOLTA 2-E","straatNr":"","vervoerder":"DHL","puntType":"parcelShop","bezettingsgraad":50,"latitude":45.519389,"longitude":10.224683,"canPickup":true,"canDropoff":true,"openingstijden":{"ma":"07:00 - 19:00","di":"07:00 - 19:00","wo":"07:00 - 19:00","do":"07:00 - 19:00","vr":"07:00 - 19:00","za":"07:00 - 19:00","zo":"07:00 - 12:00"}}},{"type":"Feature","geometry":{"type":"Point","coordinates":[10.208762,45.522647]},"properties":{"type":"pakketpunt","locatieNaam":"TABACCHERIA N. 108","straatNaam":"VIA ALESSANDRO LAMARMORA 93","straatNr":"","vervoerder":"DHL","puntType":"parcelShop","bezettingsgraad":50,"latitude":45.522647,"longitude":10.208762,"canPickup":true,"canDropoff":true,"openingstijden":{"ma":"07:00 - 19:30","di":"07:00 - 19:30","wo":"07:00 - 19:30","do":"07:00 - 19:30","vr":"07:00 - 19:30","za":"07:00 - 19:30","zo":"08:00 - 12:00"}}},{"type":"Feature","geometry":{"type":"Point","coordinates":[10.21047,45.523778]},"properties":{"type":"pakketpunt","locatieNaam":"Ufficio Postale BRESCIA 10","straatNaam":"VIA CIPRO 112","straatNr":"","vervoerder":"DHL","puntType":"postOffice","bezettingsgraad":50,"latitude":45.523778,"longitude":10.21047,"canPickup":true,"canDropoff":true,"openingstijden":{"ma":"08:20 - 19:05","di":"08:20 - 19:05","wo":"08:20 - 19:05","do":"08:20 - 19:05","vr":"08:20 - 19:05","za":"08:20 - 12:35","zo":"gesloten"}}},{"type":"Feature","geometry":{"type":"Point","coordinates":[10.226967,45.522473]},"properties":{"type":"pakketpunt","locatieNaam":"TABACCHERIA N. 104","straatNaam":"VIA ANGIOLINA FERRARI 30","straatNr":"","vervoerder":"DHL","puntType":"parcelShop","bezettingsgraad":50,"latitude":45.522473,"longitude":10.226967,"canPickup":true,"canDropoff":true,"openingstijden":{"ma":"08:00 - 12:00, 15:00 - 19:00","di":"08:00 - 12:00, 15:00 - 19:00","wo":"08:00 - 12:00, 15:00 - 19:00","do":"08:00 - 12:00, 15:00 - 19:00","vr":"08:00 - 12:00, 15:00 - 19:00","za":"08:00 - 12:00, 15:00 - 19:00","zo":"gesloten"}}},{"type":"Feature","geometry":{"type":"Point","coordinates":[10.23198,45.520026]},"properties":{"type":"pakketpunt","locatieNaam":"TABACCHINO","straatNaam":"VIA LEONIDA BISSOLATI 19","straatNr":"","vervoerder":"DHL","puntType":"parcelShop","bezettingsgraad":50,"latitude":45.520026,"longitude":10.23198,"canPickup":true,"canDropoff":true,"openingstijden":{"ma":"07:00 - 19:30","di":"07:00 - 19:30","wo":"07:00 - 19:30","do":"07:00 - 19:30","vr":"07:00 - 19:30","za":"07:00 - 19:30","zo":"gesloten"}}},{"type":"Feature","geometry":{"type":"Point","coordinates":[10.231953,45.520093]},"properties":{"type":"pakketpunt","locatieNaam":"TABACCHI PASTORELLI","straatNaam":"Via Leonida Bissolati 19","straatNr":"","vervoerder":"DHL","puntType":"parcelShop","bezettingsgraad":50,"latitude":45.520093,"longitude":10.231953,"canPickup":false,"canDropoff":true,"openingstijden":{"ma":"07:00 - 19:30","di":"07:00 - 19:30","wo":"07:00 - 19:30","do":"07:00 - 19:30","vr":"07:00 - 19:30","za":"07:00 - 19:30","zo":"gesloten"}}},{"type":"Feature","geometry":{"type":"Point","coordinates":[10.23047,45.523343]},"properties":{"type":"pakketpunt","locatieNaam":"TABACCHERIA N. 51","straatNaam":"VIALE DUCA DEGLI ABRUZZI 35","straatNr":"","vervoerder":"DHL","puntType":"parcelShop","bezettingsgraad":50,"latitude":45.523343,"longitude":10.23047,"canPickup":true,"canDropoff":true,"openingstijden":{"ma":"07:00 - 12:30, 14:30 - 19:30","di":"07:00 - 12:30, 14:30 - 19:30","wo":"07:00 - 12:30, 14:30 - 19:30","do":"07:00 - 12:30, 14:30 - 19:30","vr":"07:00 - 12:30, 14:30 - 19:30","za":"07:00 - 12:30, 14:30 - 19:30","zo":"gesloten"}}},{"type":"Feature","geometry":{"type":"Point","coordinates":[10.211668,45.528019]},"properties":{"type":"pakketpunt","locatieNaam":"CARTOLIBRERIA GRAFITE","straatNaam":"VIA CORFU 68","straatNr":"","vervoerder":"DHL","puntType":"parcelShop","bezettingsgraad":50,"latitude":45.528019,"longitude":10.211668,"canPickup":true,"canDropoff":true,"openingstijden":{"ma":"09:00 - 13:00, 14:00 - 19:00","di":"09:00 - 13:00, 14:00 - 19:00","wo":"09:00 - 13:00, 14:00 - 19:00","do":"09:00 - 13:00, 14:00 - 19:00","vr":"09:00 - 13:00, 14:00 - 19:00","za":"09:30 - 12:00","zo":"gesloten"}}},{"type":"Feature","geometry":{"type":"Point","coordinates":[10.222927,45.530144]},"properties":{"type":"pakketpunt","locatieNaam":"FACILE SERVIZI","straatNaam":"Via Lattanzio, 7","straatNr":"","vervoerder":"DHL","puntType":"parcelShop","bezettingsgraad":50,"latitude":45.530144,"longitude":10.222927,"canPickup":false,"canDropoff":true,"openingstijden":{"ma":"09:30 - 19:00","di":"09:30 - 19:00","wo":"09:30 - 19:00","do":"09:30 - 19:00","vr":"09:00 - 19:00","za":"09:30 - 12:30","zo":"gesloten"}}},{"type":"Feature","geometry":{"type":"Point","coordinates":[10.215922,45.531852]},"properties":{"type":"pakketpunt","locatieNaam":"UFFICIO POSTALE BRESCIA 6","straatNaam":"VIA LATTANZIO GAMBARA 12","straatNr":"","vervoerder":"DHL","puntType":"packStation","bezettingsgraad":50,"latitude":45.531852,"longitude":10.215922,"canPickup":true,"canDropoff":true,"openingstijden":{"ma":"08:20 - 19:05","di":"08:20 - 19:05","wo":"08:20 - 19:05","do":"08:20 - 19:05","vr":"08:20 - 19:05","za":"08:20 - 12:35","zo":"gesloten"}}},{"type":"Feature","geometry":{"type":"Point","coordinates":[10.215922,45.531852]},"properties":{"type":"pakketpunt","locatieNaam":"Ufficio Postale BRESCIA 6","straatNaam":"VIA LATTANZIO GAMBARA 12","straatNr":"","vervoerder":"DHL","puntType":"postOffice","bezettingsgraad":50,"latitude":45.531852,"longitude":10.215922,"canPickup":true,"canDropoff":true,"openingstijden":{"ma":"08:20 - 19:05","di":"08:20 - 19:05","wo":"08:20 - 19:05","do":"08:20 - 19:05","vr":"08:20 - 19:05","za":"08:20 - 12:35","zo":"gesloten"}}},{"type":"Feature","geometry":{"type":"Point","coordinates":[10.222799,45.531427]},"properties":{"type":"pakketpunt","locatieNaam":"BAR TABACCHI SOLFERINO","straatNaam":"VIA SOLFERINO 42","straatNr":"","vervoerder":"DHL","puntType":"parcelShop","bezettingsgraad":50,"latitude":45.531427,"longitude":10.222799,"canPickup":true,"canDropoff":true,"openingstijden":{"ma":"07:00 - 12:30, 16:30 - 19:30","di":"07:00 - 12:30, 16:30 - 19:30","wo":"07:00 - 12:30, 16:30 - 19:30","do":"07:00 - 12:30, 16:30 - 19:30","vr":"07:00 - 12:30, 16:30 - 19:30","za":"08:00 - 13:00","zo":"gesloten"}}},{"type":"Feature","geometry":{"type":"Point","coordinates":[10.220704,45.532812]},"properties":{"type":"pakketpunt","locatieNaam":"TABACCHERIA n. 67","straatNaam":"VIA FLORIANO FERRAMOLA 6","straatNr":"","vervoerder":"DHL","puntType":"parcelShop","bezettingsgraad":50,"latitude":45.532812,"longitude":10.220704,"canPickup":true,"canDropoff":true,"openingstijden":{"ma":"06:30 - 19:30","di":"06:30 - 19:30","wo":"06:30 - 19:30","do":"06:30 - 19:30","vr":"06:30 - 19:30","za":"06:30 - 19:30","zo":"gesloten"}}},{"type":"Feature","geometry":{"type":"Point","coordinates":[10.217618,45.533661]},"properties":{"type":"pakketpunt","locatieNaam":"DHL STORE BRESCIA","straatNaam":"Via XX Settembre 4 B","straatNr":"","vervoerder":"DHL","puntType":"parcelShop","bezettingsgraad":50,"latitude":45.533661,"longitude":10.217618,"canPickup":false,"canDropoff":true,"openingstijden":{"ma":"09:00 - 18:00","di":"09:00 - 18:00","wo":"09:00 - 18:00","do":"09:00 - 18:00","vr":"09:00 - 18:00","za":"09:30 - 12:30","zo":"gesloten"}}},{"type":"Feature","geometry":{"type":"Point","coordinates":[10.219354,45.537993]},"properties":{"type":"pakketpunt","locatieNaam":"Ufficio Postale BRESCIA CENTRO","straatNaam":"PIAZZA DELLA VITTORIA 1","straatNr":"","vervoerder":"DHL","puntType":"postOffice","bezettingsgraad":50,"latitude":45.537993,"longitude":10.219354,"canPickup":true,"canDropoff":true,"openingstijden":{"ma":"08:20 - 19:05","di":"08:20 - 19:05","wo":"08:20 - 19:05","do":"08:20 - 19:05","vr":"08:20 - 19:05","za":"08:20 - 12:35","zo":"gesloten"}}},{"type":"Feature","geometry":{"type":"Point","coordinates":[10.182388,45.52238]},"properties":{"type":"pakketpunt","locatieNaam":"Amazon Locker - alfia","straatNaam":"Centro Commerciale Brescia","straatNr":"","vervoerder":"Amazon","puntType":"locker","bezettingsgraad":50,"latitude":45.52238,"longitude":10.182388,"canPickup":true,"canDropoff":false,"openingstijden":null}},{"type":"Feature","geometry":{"type":"Point","coordinates":[10.23124,45.5128033]},"properties":{"type":"pakketpunt","locatieNaam":"Amazon Locker - glenda","straatNaam":"Stazione di servizio Metano - PV 1136","straatNr":"","vervoerder":"Amazon","puntType":"locker","bezettingsgraad":50,"latitude":45.5128033,"longitude":10.23124,"canPickup":true,"canDropoff":false,"openingstijden":null}},{"type":"Feature","geometry":{"type":"Point","coordinates":[10.2247954,45.5127671]},"properties":{"type":"pakketpunt","locatieNaam":"Amazon Locker - Ortensia","straatNaam":"Fermopoint/Lavanderia Bloomest Volta","straatNr":"","vervoerder":"Amazon","puntType":"locker","bezettingsgraad":50,"latitude":45.5127671,"longitude":10.2247954,"canPickup":true,"canDropoff":false,"openingstijden":null}},{"type":"Feature","geometry":{"type":"Point","coordinates":[10.200185,45.526691]},"properties":{"type":"pakketpunt","locatieNaam":"Amazon Locker - alisio","straatNaam":"CC Nuovo Flaminia Brescia","straatNr":"","vervoerder":"Amazon","puntType":"locker","bezettingsgraad":50,"latitude":45.526691,"longitude":10.200185,"canPickup":true,"canDropoff":false,"openingstijden":null}},{"type":"Feature","geometry":{"type":"Point","coordinates":[10.220444,45.526181]},"properties":{"type":"pakketpunt","locatieNaam":"Amazon Locker - vivaldi","straatNaam":"Conad Brescia San Zeno","straatNr":"","vervoerder":"Amazon","puntType":"locker","bezettingsgraad":50,"latitude":45.526181,"longitude":10.220444,"canPickup":true,"canDropoff":false,"openingstijden":null}},{"type":"Feature","geometry":{"type":"Point","coordinates":[10.2362323,45.521526]},"properties":{"type":"pakketpunt","locatieNaam":"Amazon Locker - criseide","straatNaam":"Fondazione Poliambulanza","straatNr":"","vervoerder":"Amazon","puntType":"locker","bezettingsgraad":50,"latitude":45.521526,"longitude":10.2362323,"canPickup":true,"canDropoff":false,"openingstijden":null}},{"type":"Feature","geometry":{"type":"Point","coordinates":[10.2216,45.5017]},"properties":{"type":"pakketpunt","locatieNaam":"PuntoPoste TABACCHERIA N. 172","straatNaam":"VIA DELLA VOLTA 211/A","straatNr":"","vervoerder":"Amazon","puntType":"3p","bezettingsgraad":50,"latitude":45.5017,"longitude":10.2216,"canPickup":true,"canDropoff":false,"openingstijden":null}},{"type":"Feature","geometry":{"type":"Point","coordinates":[10.206395,45.526879]},"properties":{"type":"pakketpunt","locatieNaam":"Amazon Locker - ghita","straatNaam":"Conad Brescia Cefalonia","straatNr":"","vervoerder":"Amazon","puntType":"locker","bezettingsgraad":50,"latitude":45.526879,"longitude":10.206395,"canPickup":true,"canDropoff":false,"openingstijden":null}},{"type":"Feature","geometry":{"type":"Point","coordinates":[10.1945825,45.5142832]},"properties":{"type":"pakketpunt","locatieNaam":"Amazon Locker - musetta","straatNaam":"Stazione Tamoil - PV 2599","straatNr":"","vervoerder":"Amazon","puntType":"locker","bezettingsgraad":50,"latitude":45.5142832,"longitude":10.1945825,"canPickup":true,"canDropoff":false,"openingstijden":null}},{"type":"Feature","geometry":{"type":"Point","coordinates":[10.217441,45.538304]},"properties":{"type":"pakketpunt","locatieNaam":"Amazon Locker - ercole","straatNaam":"PAM Brescia","straatNr":"","vervoerder":"Amazon","puntType":"locker","bezettingsgraad":50,"latitude":45.538304,"longitude":10.217441,"canPickup":true,"canDropoff":false,"openingstijden":null}},{"type":"Feature","geometry":{"type":"Point","coordinates":[10.2378813,45.5310881]},"properties":{"type":"pakketpunt","locatieNaam":"Amazon Locker - Amarillide","straatNaam":"Dolcevita CafÃ© H24 Brescia","straatNr":"","vervoerder":"Amazon","puntType":"locker","bezettingsgraad":50,"latitude":45.5310881,"longitude":10.2378813,"canPickup":true,"canDropoff":false,"openingstijden":null}},{"type":"Feature","geometry":{"type":"Point","coordinates":[10.238251,45.53067]},"properties":{"type":"pakketpunt","locatieNaam":"Amazon Counter (fermopoint)","straatNaam":"Caffè Diamante","straatNr":"","vervoerder":"Amazon","puntType":"helix","bezettingsgraad":50,"latitude":45.53067,"longitude":10.238251,"canPickup":true,"canDropoff":false,"openingstijden":null}},{"type":"Feature","geometry":{"type":"Point","coordinates":[10.229709,45.575642]},"properties":{"type":"pakketpunt","locatieNaam":"Amazon Locker - valtere","straatNaam":"Conad Brescia Triumplina","straatNr":"","vervoerder":"Amazon","puntType":"locker","bezettingsgraad":50,"latitude":45.575642,"longitude":10.229709,"canPickup":true,"canDropoff":false,"openingstijden":null}},{"type":"Feature","geometry":{"type":"Point","coordinates":[10.26446,45.50001]},"properties":{"type":"pakketpunt","locatieNaam":"Amazon Locker - orialla","straatNaam":"Stazione Tamoil - PV 6896","straatNr":"","vervoerder":"Amazon","puntType":"locker","bezettingsgraad":50,"latitude":45.50001,"longitude":10.26446,"canPickup":true,"canDropoff":false,"openingstijden":null}},{"type":"Feature","geometry":{"type":"Point","coordinates":[10.189283,45.5268]},"properties":{"type":"pakketpunt","locatieNaam":"Amazon Counter (fermopoint)","straatNaam":"K2 Market","straatNr":"","vervoerder":"Amazon","puntType":"helix","bezettingsgraad":50,"latitude":45.5268,"longitude":10.189283,"canPickup":true,"canDropoff":false,"openingstijden":null}},{"type":"Feature","geometry":{"type":"Point","coordinates":[10.1851811,45.5309194]},"properties":{"type":"pakketpunt","locatieNaam":"Amazon Counter (fermopoint)","straatNaam":"Sale e Pepe","straatNr":"","vervoerder":"Amazon","puntType":"helix","bezettingsgraad":50,"latitude":45.5309194,"longitude":10.1851811,"canPickup":true,"canDropoff":false,"openingstijden":null}},{"type":"Feature","geometry":{"type":"Point","coordinates":[10.1709,45.5025]},"properties":{"type":"pakketpunt","locatieNaam":"Ufficio Postale FORNACI","straatNaam":"VIA FORNACI 16","straatNr":"","vervoerder":"Amazon","puntType":"3p","bezettingsgraad":50,"latitude":45.5025,"longitude":10.1709,"canPickup":true,"canDropoff":false,"openingstijden":null}},{"type":"Feature","geometry":{"type":"Point","coordinates":[10.2032,45.52559]},"properties":{"type":"pakketpunt","locatieNaam":"Amazon Locker - Elefante","straatNaam":"Speed Queen Brescia - via Corsica 184/186","straatNr":"","vervoerder":"Amazon","puntType":"locker","bezettingsgraad":50,"latitude":45.52559,"longitude":10.2032,"canPickup":true,"canDropoff":false,"openingstijden":null}},{"type":"Feature","geometry":{"type":"Point","coordinates":[10.19949,45.526943]},"properties":{"type":"pakketpunt","locatieNaam":"Amazon Counter","straatNaam":"Edicola Tabaccheria Flaminia (fermopoint)","straatNr":"","vervoerder":"Amazon","puntType":"helix","bezettingsgraad":50,"latitude":45.526943,"longitude":10.19949,"canPickup":true,"canDropoff":false,"openingstijden":null}},{"type":"Feature","geometry":{"type":"Point","coordinates":[10.194327,45.521707]},"properties":{"type":"pakketpunt","locatieNaam":"Amazon Counter (fermopoint)","straatNaam":"Tabaccheria 86 - Brescia","straatNr":"","vervoerder":"Amazon","puntType":"helix","bezettingsgraad":50,"latitude":45.521707,"longitude":10.194327,"canPickup":true,"canDropoff":false,"openingstijden":null}},{"type":"Feature","geometry":{"type":"Point","coordinates":[10.266858,45.517742]},"properties":{"type":"pakketpunt","locatieNaam":"Amazon Counter - TOMEJERRY TABACCHERIA","straatNaam":"VIA DEGLI ALPINI 33","straatNr":"","vervoerder":"Amazon","puntType":"helix","bezettingsgraad":50,"latitude":45.517742,"longitude":10.266858,"canPickup":true,"canDropoff":false,"openingstijden":null}},{"type":"Feature","geometry":{"type":"Point","coordinates":[10.2669395,45.5162661]},"properties":{"type":"pakketpunt","locatieNaam":"Amazon Counter (fermopoint)","straatNaam":"Non solo Computer-Brescia","straatNr":"","vervoerder":"Amazon","puntType":"helix","bezettingsgraad":50,"latitude":45.5162661,"longitude":10.2669395,"canPickup":true,"canDropoff":false,"openingstijden":null}},{"type":"Feature","geometry":{"type":"Point","coordinates":[10.2683,45.5231]},"properties":{"type":"pakketpunt","locatieNaam":"PuntoPoste TABACCHERIA N. 88","straatNaam":"VIA INDIPENDENZA 4","straatNr":"","vervoerder":"Amazon","puntType":"3p","bezettingsgraad":50,"latitude":45.5231,"longitude":10.2683,"canPickup":true,"canDropoff":false,"openingstijden":null}},{"type":"Feature","geometry":{"type":"Point","coordinates":[10.2719,45.5216]},"properties":{"type":"pakketpunt","locatieNaam":"Ufficio Postale SANT'EUFEMIA DELLA FONTE","straatNaam":"VIA INDIPENDENZA 56","straatNr":"","vervoerder":"Amazon","puntType":"3p","bezettingsgraad":50,"latitude":45.5216,"longitude":10.2719,"canPickup":true,"canDropoff":false,"openingstijden":null}},{"type":"Feature","geometry":{"type":"Point","coordinates":[10.242651,45.530679]},"properties":{"type":"pakketpunt","locatieNaam":"Amazon Locker - Mughetto","straatNaam":"Speed Queen Brescia - via Piave 95","straatNr":"","vervoerder":"Amazon","puntType":"locker","bezettingsgraad":50,"latitude":45.530679,"longitude":10.242651,"canPickup":true,"canDropoff":false,"openingstijden":null}},{"type":"Feature","geometry":{"type":"Point","coordinates":[10.2717,45.5217]},"properties":{"type":"pakketpunt","locatieNaam":"PuntoPoste TABACCHERIA N. 16","straatNaam":"VIA INDIPENDENZA 54/B","straatNr":"","vervoerder":"Amazon","puntType":"3p","bezettingsgraad":50,"latitude":45.5217,"longitude":10.2717,"canPickup":true,"canDropoff":false,"openingstijden":null}},{"type":"Feature","geometry":{"type":"Point","coordinates":[10.268585,45.523168]},"properties":{"type":"pakketpunt","locatieNaam":"Amazon Counter","straatNaam":"Tabaccheria Ghirardi (fermopoint)","straatNr":"","vervoerder":"Amazon","puntType":"helix","bezettingsgraad":50,"latitude":45.523168,"longitude":10.268585,"canPickup":true,"canDropoff":false,"openingstijden":null}},{"type":"Feature","geometry":{"type":"Point","coordinates":[10.271798,45.521741]},"properties":{"type":"pakketpunt","locatieNaam":"Amazon Counter - TABACCHERIA RICEVITORIA","straatNaam":"VIA INDIPENDENZA 54","straatNr":"","vervoerder":"Amazon","puntType":"helix","bezettingsgraad":50,"latitude":45.521741,"longitude":10.271798,"canPickup":true,"canDropoff":false,"openingstijden":null}},{"type":"Feature","geometry":{"type":"Point","coordinates":[10.24141,45.524265]},"properties":{"type":"pakketpunt","locatieNaam":"Amazon Counter","straatNaam":"La Dolce Vita 6.0 (fermopoint)","straatNr":"","vervoerder":"Amazon","puntType":"helix","bezettingsgraad":50,"latitude":45.524265,"longitude":10.24141,"canPickup":true,"canDropoff":false,"openingstijden":null}},{"type":"Feature","geometry":{"type":"Point","coordinates":[10.2495,45.5135]},"properties":{"type":"pakketpunt","locatieNaam":"PuntoPoste TABACCHERIA N. 164","straatNaam":"VIA GIORGIONE 7","straatNr":"","vervoerder":"Amazon","puntType":"3p","bezettingsgraad":50,"latitude":45.5135,"longitude":10.2495,"canPickup":true,"canDropoff":false,"openingstijden":null}},{"type":"Feature","geometry":{"type":"Polygon","coordinates":[[[10.1525257,45.512854],[10.1525812,45.5137497],[10.1527613,45.5146164],[10.1541576,45.5178749],[10.1546947,45.5193407],[10.1546749,45.5199687],[10.1544136,45.5215339],[10.154493,45.5222435],[10.154653,45.5227574],[10.1548272,45.5230032],[10.1558285,45.5236029],[10.1567499,45.5239561],[10.1582535,45.524292],[10.1622717,45.524757],[10.1633281,45.5250217],[10.1638223,45.5253238],[10.164089,45.5256374],[10.1648056,45.5271106],[10.1656032,45.5280858],[10.1687599,45.5311253],[10.1693089,45.5318714],[10.1727135,45.535394],[10.1735707,45.5365656],[10.1742194,45.5370931],[10.1757392,45.5386705],[10.1819978,45.5454408],[10.1814186,45.5457094],[10.1802401,45.5460206],[10.1794945,45.5460963],[10.1777648,45.5460034],[10.1756266,45.5438107],[10.1745773,45.5424669],[10.1731735,45.5411312],[10.1683633,45.5376414],[10.1670023,45.5381068],[10.1666308,45.538101],[10.1651848,45.5365645],[10.1641263,45.5369371],[10.1633024,45.536313],[10.1628077,45.5358151],[10.1595078,45.5372519],[10.1597124,45.53753],[10.1578112,45.5382333],[10.1559743,45.5387472],[10.1560009,45.5388356],[10.1553293,45.5391235],[10.1557056,45.5395636],[10.1540015,45.5398609],[10.1537379,45.5393163],[10.1519764,45.5395849],[10.1476715,45.5407219],[10.1474619,45.5405709],[10.1470684,45.5405034],[10.1485119,45.5419926],[10.1492128,45.5433328],[10.1498026,45.5442462],[10.1499865,45.5447576],[10.1503138,45.5452827],[10.1503417,45.5454939],[10.1508241,45.5457861],[10.1512408,45.5462225],[10.1514154,45.5464581],[10.1516071,45.5469943],[10.1521071,45.5475784],[10.1531669,45.5484581],[10.1544803,45.54933],[10.1552983,45.549976],[10.1561954,45.5509436],[10.1570533,45.5516754],[10.1577293,45.5524889],[10.1597803,45.5541999],[10.1608882,45.5538792],[10.1614313,45.5533753],[10.1663905,45.5564016],[10.1670855,45.5566889],[10.1681201,45.5569806],[10.1695006,45.5568827],[10.1696527,45.5570377],[10.1700173,45.558021],[10.1703661,45.5581772],[10.171743,45.5595239],[10.1736313,45.5594992],[10.1746497,45.5605715],[10.1749476,45.5615692],[10.1757272,45.5631657],[10.177263,45.5643846],[10.1776731,45.5650017],[10.1782526,45.5662226],[10.1799449,45.566301],[10.1809588,45.5662042],[10.1813741,45.5662726],[10.1808363,45.5675437],[10.1800774,45.5701204],[10.1824281,45.5704612],[10.182832,45.5707313],[10.1832729,45.5714256],[10.1838781,45.5717728],[10.1868647,45.5720821],[10.1895192,45.5727634],[10.1914654,45.5724171],[10.1931296,45.5728117],[10.1946395,45.5730134],[10.1957673,45.5726356],[10.196401,45.5725752],[10.1996317,45.5726807],[10.2011841,45.5730261],[10.2022678,45.5731481],[10.2035911,45.5734127],[10.2065325,45.5744468],[10.2073317,45.5742528],[10.2075954,45.5738441],[10.2089773,45.5729462],[10.2103813,45.5725297],[10.2115197,45.5725915],[10.2124056,45.5723173],[10.2115088,45.5717414],[10.2109701,45.5712924],[10.2108129,45.5710575],[10.2107124,45.5704979],[10.2107316,45.569788],[10.2111386,45.569699],[10.2125892,45.5704915],[10.2133124,45.570627],[10.2140334,45.5705404],[10.2147224,45.5718101],[10.2166488,45.5742607],[10.2177404,45.5761371],[10.2186076,45.5773613],[10.2201825,45.5800771],[10.2210685,45.5819309],[10.2213842,45.584046],[10.2214128,45.5858736],[10.224969,45.5860113],[10.2253672,45.5859556],[10.2253746,45.5866541],[10.2259776,45.5866628],[10.2279987,45.5864339],[10.2279465,45.5869593],[10.2283012,45.5890554],[10.2287605,45.5899752],[10.2303684,45.5895393],[10.2335906,45.5888411],[10.2332835,45.5879786],[10.2357352,45.5874562],[10.234719,45.5852613],[10.2360421,45.5849829],[10.2410906,45.5845825],[10.2418284,45.5827001],[10.2421663,45.5823824],[10.2424132,45.5823499],[10.2427607,45.5824353],[10.2430619,45.5826358],[10.2435708,45.5832075],[10.2438432,45.5837015],[10.2445283,45.5841498],[10.2448329,45.5842128],[10.2454796,45.5841344],[10.2461134,45.5839256],[10.2475534,45.5837673],[10.2484664,45.5835164],[10.2490694,45.583521],[10.249724,45.5833624],[10.2503364,45.5833509],[10.250877,45.5832004],[10.2513726,45.5827984],[10.2522368,45.5829627],[10.2527617,45.582833],[10.2530216,45.5826606],[10.2532073,45.5826607],[10.2538308,45.5818815],[10.2545126,45.5813629],[10.2556366,45.5809206],[10.2557032,45.5805767],[10.2559059,45.5802147],[10.2557872,45.5800696],[10.2557424,45.5792295],[10.2577155,45.5773856],[10.2589295,45.5769158],[10.2610523,45.5765685],[10.2614195,45.5763902],[10.2584714,45.5705563],[10.2614166,45.5695948],[10.2624188,45.5694045],[10.2632484,45.5693539],[10.2636526,45.5692232],[10.2644997,45.5681366],[10.2654614,45.5674841],[10.2663166,45.5667343],[10.2675601,45.5658814],[10.2684623,45.5649202],[10.2695452,45.5644335],[10.2707638,45.5637665],[10.2719429,45.56362],[10.2720556,45.5634643],[10.2732431,45.5632315],[10.2743263,45.5626606],[10.2758805,45.5625215],[10.2771418,45.5625434],[10.2788894,45.5620481],[10.2826591,45.5601967],[10.2838039,45.5597183],[10.2866775,45.559314],[10.2914796,45.5566938],[10.2900406,45.5557897],[10.2892908,45.5550973],[10.2891137,45.5547786],[10.2889462,45.5535205],[10.2887299,45.5531998],[10.2878077,45.5523813],[10.2872539,45.5511014],[10.2865912,45.5499955],[10.2850838,45.5482275],[10.2847135,45.5467501],[10.2845269,45.5452016],[10.2845219,45.5445098],[10.2846966,45.544093],[10.285508,45.5431254],[10.2855155,45.5420372],[10.2853383,45.5414782],[10.2848339,45.5407263],[10.2839468,45.5399011],[10.2838485,45.5394969],[10.2836899,45.539279],[10.2837155,45.5391366],[10.2842752,45.5380049],[10.2847893,45.5366218],[10.2852371,45.5366986],[10.2855513,45.5366443],[10.2865721,45.5363544],[10.2875749,45.5362481],[10.2881774,45.5360161],[10.2886828,45.5356776],[10.288913,45.5352692],[10.2891519,45.5351976],[10.2891178,45.5350125],[10.2894888,45.5346367],[10.2898728,45.5345128],[10.2905194,45.5338519],[10.2909444,45.5336747],[10.2910365,45.5334651],[10.2914471,45.5333638],[10.2919665,45.533064],[10.2923671,45.5329537],[10.2925208,45.5328601],[10.2925753,45.5327037],[10.2929265,45.5325687],[10.2931939,45.5322172],[10.2935934,45.5320632],[10.2939584,45.5315868],[10.2954483,45.5309404],[10.2953529,45.5300345],[10.2951604,45.529391],[10.293085,45.5250463],[10.2955964,45.5250331],[10.2954116,45.5243092],[10.2973206,45.5239051],[10.2971452,45.5232933],[10.2962051,45.5231745],[10.2960858,45.5229653],[10.2968151,45.5227362],[10.2988846,45.5225018],[10.2988455,45.5223739],[10.2989846,45.5213506],[10.2988277,45.5208234],[10.2994994,45.5207577],[10.2992708,45.5194846],[10.3001932,45.5193011],[10.3002186,45.5190283],[10.2998312,45.5174044],[10.299629,45.5172604],[10.2995467,45.5170965],[10.2988524,45.5152685],[10.2971771,45.5156785],[10.2965364,45.5139387],[10.2960928,45.5130188],[10.295105,45.5099432],[10.293431,45.5041004],[10.2931025,45.5022634],[10.2953126,45.5001906],[10.2945144,45.4995021],[10.2930921,45.4980375],[10.2916619,45.4969241],[10.289723,45.4971396],[10.2881763,45.4959599],[10.2867018,45.4950719],[10.2845667,45.4934906],[10.2842854,45.4937621],[10.2830879,45.4934724],[10.2821061,45.4933721],[10.2818335,45.4931671],[10.2813903,45.4924669],[10.2795689,45.491489],[10.2766239,45.4921891],[10.2748362,45.4910001],[10.2727962,45.4925873],[10.2714857,45.4937834],[10.2687186,45.4910558],[10.2680173,45.4905344],[10.2661792,45.4896528],[10.2656748,45.4892677],[10.2631427,45.4872288],[10.2554281,45.4807171],[10.2552723,45.4808313],[10.2546549,45.4822017],[10.2540959,45.4825274],[10.2519585,45.4858948],[10.251188,45.4875774],[10.2492578,45.4901324],[10.2443754,45.4984712],[10.2440414,45.4984884],[10.2438662,45.4991789],[10.2433274,45.5003594],[10.2425576,45.5015109],[10.2412535,45.5014351],[10.2393574,45.5015727],[10.2389152,45.4998718],[10.2356153,45.5004161],[10.2348455,45.4987998],[10.2340171,45.4989618],[10.2347847,45.5002631],[10.2336325,45.5003251],[10.2327913,45.5004872],[10.2306193,45.5011092],[10.2300439,45.5002558],[10.2255936,45.5017664],[10.2248943,45.5005812],[10.2214109,45.5013072],[10.2219998,45.5028625],[10.2225093,45.5038562],[10.2191021,45.5044192],[10.2185764,45.5023006],[10.2154151,45.5026898],[10.2156027,45.5031514],[10.2144449,45.5033302],[10.2142398,45.5024233],[10.2143179,45.5015944],[10.2138469,45.5002222],[10.2129148,45.4992871],[10.2126352,45.498858],[10.2122867,45.4979751],[10.2121826,45.4974496],[10.2116816,45.4965413],[10.2097831,45.4916357],[10.2094836,45.4916946],[10.2090442,45.4910671],[10.2086942,45.4907296],[10.2082033,45.4899294],[10.2088875,45.4897066],[10.2083928,45.4883402],[10.2082877,45.4877653],[10.206294,45.4878854],[10.2061127,45.4869602],[10.2061761,45.486784],[10.2060735,45.4866231],[10.206103,45.4862807],[10.2059994,45.4860748],[10.2059168,45.4854276],[10.2054843,45.4853242],[10.2051144,45.485076],[10.2043463,45.4848366],[10.2021995,45.4856513],[10.1997871,45.4860143],[10.1989524,45.4842903],[10.2004428,45.4842027],[10.1997536,45.4827787],[10.197723,45.4831871],[10.1943324,45.4832722],[10.1962763,45.4873068],[10.1942379,45.4880347],[10.1956728,45.4919712],[10.193694,45.4925004],[10.193419,45.4926563],[10.1924885,45.4905643],[10.1891702,45.4912155],[10.189588,45.4923723],[10.1872571,45.4919105],[10.1867334,45.4911959],[10.1832294,45.4922269],[10.1841105,45.4935859],[10.1824398,45.4940938],[10.1814029,45.4933934],[10.1804181,45.4923505],[10.1783239,45.490887],[10.1759105,45.4913709],[10.176053,45.492067],[10.1764143,45.4926709],[10.1770633,45.4931098],[10.1772166,45.4937112],[10.17657,45.4938484],[10.1761747,45.4932269],[10.1754191,45.4938918],[10.1750153,45.494094],[10.1749854,45.4941933],[10.1754972,45.4951106],[10.1743775,45.4953472],[10.1740583,45.4946934],[10.1731596,45.4950177],[10.1737193,45.495777],[10.1736616,45.4959261],[10.1729518,45.4962575],[10.1721711,45.4964905],[10.1720104,45.4962221],[10.1708271,45.4964818],[10.1705862,45.4957417],[10.1667492,45.4964066],[10.1665479,45.4960351],[10.1654853,45.4961719],[10.1655252,45.4962435],[10.1649065,45.4963444],[10.1634516,45.4967778],[10.1636649,45.4969601],[10.1631883,45.4971225],[10.1623349,45.4972437],[10.1623071,45.49737],[10.1586389,45.4981634],[10.1589872,45.4985289],[10.1568058,45.4991946],[10.1579475,45.5008032],[10.1558931,45.5009546],[10.1554671,45.5010894],[10.1547392,45.5010967],[10.1543799,45.5012084],[10.1536002,45.5012613],[10.1535346,45.5026706],[10.1537056,45.5028939],[10.1541599,45.5032043],[10.155412,45.5039478],[10.1562781,45.5046771],[10.1563036,45.5049063],[10.1561502,45.5053849],[10.1559009,45.5055585],[10.1537927,45.5061379],[10.1527311,45.5069677],[10.1526147,45.5075359],[10.1522646,45.5075395],[10.1526534,45.509902],[10.1525257,45.512854]]]},"properties":{"type":"boundary","gemeente":"Brescia"}}]}