{"type":"FeatureCollection","metadata":{"gemeente":"Brindisi","slug":"brindisi","generated_at":"2026-09-26T14:27:00.081063Z","total_points":218,"providers":["PosteItaliane","DPD","InPost","GLS","DHL","Amazon","FedEx"],"bounds":[17.9017441,40.544594,17.956801,40.656083]},"features":[{"type":"Feature","geometry":{"type":"Point","coordinates":[17.9251483,40.61954271]},"properties":{"type":"pakketpunt","locatieNaam":"Tabaccheria N. 67","straatNaam":"Piazza Telemaco Signorini","straatNr":"2","vervoerder":"PosteItaliane","puntType":"servicepunt","bezettingsgraad":50,"latitude":40.61954271,"longitude":17.9251483,"canPickup":true,"canDropoff":true,"openingstijden":{"za":"06:00 - 13:30, 15:00 - 20:15","zo":"gesloten","ma":"06:00 - 13:30, 15:00 - 20:15","di":"06:00 - 13:30, 15:00 - 20:15","wo":"06:00 - 13:30, 15:00 - 20:15","do":"06:00 - 13:30, 15:00 - 20:15","vr":"06:00 - 13:30, 15:00 - 20:15"}}},{"type":"Feature","geometry":{"type":"Point","coordinates":[17.9470455,40.54550581]},"properties":{"type":"pakketpunt","locatieNaam":"Tabaccheria N. 13","straatNaam":"Via Vittorio Emanuele Ii","straatNr":"54","vervoerder":"PosteItaliane","puntType":"servicepunt","bezettingsgraad":50,"latitude":40.54550581,"longitude":17.9470455,"canPickup":true,"canDropoff":true,"openingstijden":{"za":"07:00 - 13:00, 15:30 - 20:30","zo":"gesloten","ma":"07:00 - 13:00, 15:30 - 20:30","di":"07:00 - 13:00, 15:30 - 20:30","wo":"07:00 - 13:00, 15:30 - 20:30","do":"07:00 - 13:00, 15:30 - 20:30","vr":"07:00 - 13:00, 15:30 - 20:30"}}},{"type":"Feature","geometry":{"type":"Point","coordinates":[17.93058145,40.63094529]},"properties":{"type":"pakketpunt","locatieNaam":"Tabaccheria N. 88","straatNaam":"Via Orazio Flacco","straatNr":"38","vervoerder":"PosteItaliane","puntType":"servicepunt","bezettingsgraad":50,"latitude":40.63094529,"longitude":17.93058145,"canPickup":true,"canDropoff":true,"openingstijden":{"za":"08:00 - 13:00, 16:00 - 20:00","zo":"10:00 - 13:00","ma":"08:00 - 13:00, 16:00 - 20:00","di":"08:00 - 13:00, 16:00 - 20:00","wo":"08:00 - 13:00, 16:00 - 20:00","do":"08:00 - 13:00, 16:00 - 20:00","vr":"08:00 - 13:00, 16:00 - 20:00"}}},{"type":"Feature","geometry":{"type":"Point","coordinates":[17.93383687,40.63003064]},"properties":{"type":"pakketpunt","locatieNaam":"Brindisi 4","straatNaam":"Viale Commenda","straatNr":"75","vervoerder":"PosteItaliane","puntType":"postkantoor","bezettingsgraad":50,"latitude":40.63003064,"longitude":17.93383687,"canPickup":true,"canDropoff":true,"openingstijden":{"za":"08:20 - 12:35","zo":"gesloten","ma":"08:20 - 19:05","di":"08:20 - 19:05","wo":"gesloten","do":"08:20 - 19:05","vr":"08:20 - 19:05"}}},{"type":"Feature","geometry":{"type":"Point","coordinates":[17.94732032,40.63999542]},"properties":{"type":"pakketpunt","locatieNaam":"Brindisi 1","straatNaam":"Via San Francesco","straatNr":"2/a","vervoerder":"PosteItaliane","puntType":"postkantoor","bezettingsgraad":50,"latitude":40.63999542,"longitude":17.94732032,"canPickup":true,"canDropoff":true,"openingstijden":{"za":"08:20 - 12:45","zo":"gesloten","ma":"08:20 - 13:45","di":"08:20 - 13:45","wo":"08:20 - 13:45","do":"08:20 - 13:45","vr":"08:20 - 13:45"}}},{"type":"Feature","geometry":{"type":"Point","coordinates":[17.91584692,40.64889091]},"properties":{"type":"pakketpunt","locatieNaam":"Brindisi 6","straatNaam":"Via Giosue' Carducci","straatNr":"18","vervoerder":"PosteItaliane","puntType":"postkantoor","bezettingsgraad":50,"latitude":40.64889091,"longitude":17.91584692,"canPickup":true,"canDropoff":true,"openingstijden":{"za":"08:30 - 12:45","zo":"gesloten","ma":"08:30 - 13:45","di":"08:30 - 13:45","wo":"08:30 - 13:45","do":"08:30 - 13:45","vr":"08:30 - 13:45"}}},{"type":"Feature","geometry":{"type":"Point","coordinates":[17.92619884,40.6343499]},"properties":{"type":"pakketpunt","locatieNaam":"Brindisi 2","straatNaam":"Via Cappuccini","straatNr":"132","vervoerder":"PosteItaliane","puntType":"postkantoor","bezettingsgraad":50,"latitude":40.6343499,"longitude":17.92619884,"canPickup":true,"canDropoff":true,"openingstijden":{"za":"08:20 - 12:35","zo":"gesloten","ma":"08:20 - 19:05","di":"08:20 - 19:05","wo":"08:20 - 19:05","do":"08:20 - 19:05","vr":"08:20 - 19:05"}}},{"type":"Feature","geometry":{"type":"Point","coordinates":[17.92427268,40.62596084]},"properties":{"type":"pakketpunt","locatieNaam":"Brindisi 7","straatNaam":"Viale Porta Pia","straatNr":"86","vervoerder":"PosteItaliane","puntType":"postkantoor","bezettingsgraad":50,"latitude":40.62596084,"longitude":17.92427268,"canPickup":true,"canDropoff":true,"openingstijden":{"za":"08:20 - 12:35","zo":"gesloten","ma":"08:20 - 13:35","di":"08:20 - 13:35","wo":"08:20 - 13:35","do":"08:20 - 13:35","vr":"08:20 - 13:35"}}},{"type":"Feature","geometry":{"type":"Point","coordinates":[17.94735713,40.54470166]},"properties":{"type":"pakketpunt","locatieNaam":"Tuturano","straatNaam":"Via Stazione","straatNr":"9","vervoerder":"PosteItaliane","puntType":"postkantoor","bezettingsgraad":50,"latitude":40.54470166,"longitude":17.94735713,"canPickup":true,"canDropoff":true,"openingstijden":{"za":"08:20 - 12:45","zo":"gesloten","ma":"08:20 - 13:45","di":"08:20 - 13:45","wo":"08:20 - 13:45","do":"08:20 - 13:45","vr":"08:20 - 13:45"}}},{"type":"Feature","geometry":{"type":"Point","coordinates":[17.94502916,40.64811814]},"properties":{"type":"pakketpunt","locatieNaam":"Brindisi Casale","straatNaam":"Via Duca Degli Abruzzi","straatNr":"27","vervoerder":"PosteItaliane","puntType":"postkantoor","bezettingsgraad":50,"latitude":40.64811814,"longitude":17.94502916,"canPickup":true,"canDropoff":true,"openingstijden":{"za":"08:30 - 12:35","zo":"gesloten","ma":"08:30 - 13:35","di":"08:30 - 13:35","wo":"08:30 - 13:35","do":"08:30 - 13:35","vr":"08:30 - 13:35"}}},{"type":"Feature","geometry":{"type":"Point","coordinates":[17.91510316,40.62016181]},"properties":{"type":"pakketpunt","locatieNaam":"Brindisi 8","straatNaam":"Via Andrea Mantegna Snc","straatNr":"1","vervoerder":"PosteItaliane","puntType":"postkantoor","bezettingsgraad":50,"latitude":40.62016181,"longitude":17.91510316,"canPickup":true,"canDropoff":true,"openingstijden":{"za":"08:20 - 12:45","zo":"gesloten","ma":"08:20 - 13:45","di":"08:20 - 13:45","wo":"08:20 - 13:45","do":"08:20 - 13:45","vr":"08:20 - 13:45"}}},{"type":"Feature","geometry":{"type":"Point","coordinates":[17.95292963,40.63169725]},"properties":{"type":"pakketpunt","locatieNaam":"Brindisi 5","straatNaam":"Via Bradano","straatNr":"1","vervoerder":"PosteItaliane","puntType":"postkantoor","bezettingsgraad":50,"latitude":40.63169725,"longitude":17.95292963,"canPickup":true,"canDropoff":true,"openingstijden":{"ma":"gesloten","di":"gesloten","wo":"gesloten","do":"gesloten","vr":"gesloten","za":"gesloten","zo":"gesloten"}}},{"type":"Feature","geometry":{"type":"Point","coordinates":[17.94020401,40.62449044]},"properties":{"type":"pakketpunt","locatieNaam":"Brindisi 9","straatNaam":"Via Germania","straatNr":"21","vervoerder":"PosteItaliane","puntType":"postkantoor","bezettingsgraad":50,"latitude":40.62449044,"longitude":17.94020401,"canPickup":true,"canDropoff":true,"openingstijden":{"za":"08:30 - 12:35","zo":"gesloten","ma":"08:30 - 13:35","di":"08:30 - 13:35","wo":"08:30 - 13:35","do":"08:30 - 13:35","vr":"08:30 - 13:35"}}},{"type":"Feature","geometry":{"type":"Point","coordinates":[17.94565799,40.63712467]},"properties":{"type":"pakketpunt","locatieNaam":"Brindisi Centro","straatNaam":"Piazza Della Vittoria","straatNr":"10","vervoerder":"PosteItaliane","puntType":"postkantoor","bezettingsgraad":50,"latitude":40.63712467,"longitude":17.94565799,"canPickup":true,"canDropoff":true,"openingstijden":{"za":"08:20 - 12:35","zo":"gesloten","ma":"08:20 - 19:05","di":"08:20 - 19:05","wo":"08:20 - 19:05","do":"08:20 - 19:05","vr":"08:20 - 19:05"}}},{"type":"Feature","geometry":{"type":"Point","coordinates":[17.93182062,40.62629847]},"properties":{"type":"pakketpunt","locatieNaam":"Tabaccheria N. 38","straatNaam":"Viale Aldo Moro","straatNr":"139","vervoerder":"PosteItaliane","puntType":"servicepunt","bezettingsgraad":50,"latitude":40.62629847,"longitude":17.93182062,"canPickup":true,"canDropoff":true,"openingstijden":{"za":"08:00 - 13:00, 16:00 - 20:00","zo":"gesloten","ma":"08:00 - 13:00, 16:00 - 20:00","di":"08:00 - 13:00, 16:00 - 20:00","wo":"08:00 - 13:00, 16:00 - 20:00","do":"08:00 - 13:00, 16:00 - 20:00","vr":"08:00 - 13:00, 16:00 - 20:00"}}},{"type":"Feature","geometry":{"type":"Point","coordinates":[17.93664843,40.63170023]},"properties":{"type":"pakketpunt","locatieNaam":"Tabaccheria N. 26","straatNaam":"Viale Commenda","straatNr":"54","vervoerder":"PosteItaliane","puntType":"servicepunt","bezettingsgraad":50,"latitude":40.63170023,"longitude":17.93664843,"canPickup":true,"canDropoff":true,"openingstijden":{"za":"07:30 - 13:00, 15:00 - 20:30","zo":"gesloten","ma":"07:30 - 13:00, 15:00 - 20:30","di":"07:30 - 13:00, 15:00 - 20:30","wo":"07:30 - 13:00, 15:00 - 20:30","do":"07:30 - 13:00, 15:00 - 20:30","vr":"07:30 - 13:00, 15:00 - 20:30"}}},{"type":"Feature","geometry":{"type":"Point","coordinates":[17.92077804,40.64458904]},"properties":{"type":"pakketpunt","locatieNaam":"Tabaccheria N. 20","straatNaam":"Via Provinciale Per San Vito","straatNr":"132","vervoerder":"PosteItaliane","puntType":"servicepunt","bezettingsgraad":50,"latitude":40.64458904,"longitude":17.92077804,"canPickup":true,"canDropoff":true,"openingstijden":{"za":"07:30 - 13:00, 17:00 - 20:00","zo":"gesloten","ma":"07:30 - 13:00, 17:00 - 20:00","di":"07:30 - 13:00, 17:00 - 20:00","wo":"07:30 - 13:00, 17:00 - 20:00","do":"07:30 - 13:00, 17:00 - 20:00","vr":"07:30 - 13:00, 17:00 - 20:00"}}},{"type":"Feature","geometry":{"type":"Point","coordinates":[17.92780974,40.61770918]},"properties":{"type":"pakketpunt","locatieNaam":"Tabaccheria N. 75","straatNaam":"Via Guglielmo Ciardi","straatNr":"22","vervoerder":"PosteItaliane","puntType":"servicepunt","bezettingsgraad":50,"latitude":40.61770918,"longitude":17.92780974,"canPickup":true,"canDropoff":true,"openingstijden":{"za":"08:30 - 14:00, 17:00 - 22:00","zo":"gesloten","ma":"08:30 - 14:00, 17:00 - 22:00","di":"08:30 - 14:00, 17:00 - 22:00","wo":"08:30 - 14:00, 17:00 - 22:00","do":"08:30 - 14:00, 17:00 - 22:00","vr":"08:30 - 14:00, 17:00 - 22:00"}}},{"type":"Feature","geometry":{"type":"Point","coordinates":[17.94541267,40.63699244]},"properties":{"type":"pakketpunt","locatieNaam":"Coverland","straatNaam":"Corso Umberto I","straatNr":"10","vervoerder":"PosteItaliane","puntType":"servicepunt","bezettingsgraad":50,"latitude":40.63699244,"longitude":17.94541267,"canPickup":true,"canDropoff":true,"openingstijden":{"za":"09:00 - 13:00","zo":"gesloten","ma":"09:00 - 13:00, 17:00 - 20:30","di":"09:00 - 13:00, 17:00 - 20:30","wo":"09:00 - 13:00, 17:00 - 20:30","do":"09:00 - 13:00, 17:00 - 20:30","vr":"09:00 - 13:00, 17:00 - 20:30"}}},{"type":"Feature","geometry":{"type":"Point","coordinates":[17.92703046,40.62520016]},"properties":{"type":"pakketpunt","locatieNaam":"Tabaccheria N. 49","straatNaam":"Via Bezzecca","straatNr":"5","vervoerder":"PosteItaliane","puntType":"servicepunt","bezettingsgraad":50,"latitude":40.62520016,"longitude":17.92703046,"canPickup":true,"canDropoff":true,"openingstijden":{"za":"08:30 - 13:00, 16:30 - 20:00","zo":"gesloten","ma":"08:30 - 13:00, 16:30 - 20:00","di":"08:30 - 13:00, 16:30 - 20:00","wo":"08:30 - 13:00, 16:30 - 20:00","do":"08:30 - 13:00, 16:30 - 20:00","vr":"08:30 - 13:00, 16:30 - 20:00"}}},{"type":"Feature","geometry":{"type":"Point","coordinates":[17.9151068,40.64871411]},"properties":{"type":"pakketpunt","locatieNaam":"Tabaccheria N. 41","straatNaam":"Via Giosue' Carducci","straatNr":"55","vervoerder":"PosteItaliane","puntType":"servicepunt","bezettingsgraad":50,"latitude":40.64871411,"longitude":17.9151068,"canPickup":true,"canDropoff":true,"openingstijden":{"za":"08:00 - 13:30, 16:30 - 20:00","zo":"gesloten","ma":"08:00 - 13:00, 16:30 - 20:00","di":"08:00 - 13:00, 16:30 - 20:00","wo":"08:00 - 13:30, 16:30 - 20:00","do":"08:00 - 13:30, 16:30 - 20:00","vr":"08:00 - 13:30, 16:30 - 20:00"}}},{"type":"Feature","geometry":{"type":"Point","coordinates":[17.9320491,40.62897456]},"properties":{"type":"pakketpunt","locatieNaam":"Service Point Brindisi","straatNaam":"Piazza Virgilio","straatNr":"2","vervoerder":"PosteItaliane","puntType":"automaat","bezettingsgraad":50,"latitude":40.62897456,"longitude":17.9320491,"canPickup":true,"canDropoff":true,"openingstijden":{"za":"08:30 - 13:00","zo":"gesloten","ma":"08:00 - 13:00","di":"08:00 - 13:00","wo":"08:00 - 13:00","do":"08:00 - 13:00","vr":"08:00 - 13:00"}}},{"type":"Feature","geometry":{"type":"Point","coordinates":[17.9444137,40.63551313]},"properties":{"type":"pakketpunt","locatieNaam":"Tabaccheria N. 4","straatNaam":"Corso Roma","straatNr":"59","vervoerder":"PosteItaliane","puntType":"servicepunt","bezettingsgraad":50,"latitude":40.63551313,"longitude":17.9444137,"canPickup":true,"canDropoff":true,"openingstijden":{"za":"08:00 - 13:00, 16:30 - 20:30","zo":"gesloten","ma":"08:00 - 13:00, 16:30 - 20:30","di":"08:00 - 13:00, 16:30 - 20:30","wo":"08:00 - 13:00, 16:30 - 20:30","do":"08:00 - 13:00, 16:30 - 20:30","vr":"08:00 - 13:00, 16:30 - 20:30"}}},{"type":"Feature","geometry":{"type":"Point","coordinates":[17.94745366,40.63288968]},"properties":{"type":"pakketpunt","locatieNaam":"Tabaccheria N. 54","straatNaam":"Via Spalato","straatNr":"27","vervoerder":"PosteItaliane","puntType":"servicepunt","bezettingsgraad":50,"latitude":40.63288968,"longitude":17.94745366,"canPickup":true,"canDropoff":true,"openingstijden":{"za":"07:30 - 21:00","zo":"gesloten","ma":"07:30 - 21:00","di":"07:30 - 21:00","wo":"07:30 - 21:00","do":"07:30 - 21:00","vr":"07:30 - 21:00"}}},{"type":"Feature","geometry":{"type":"Point","coordinates":[17.92459152,40.62965009]},"properties":{"type":"pakketpunt","locatieNaam":"Posta Point","straatNaam":"Via Don Tommaso Stile","straatNr":"5","vervoerder":"PosteItaliane","puntType":"automaat","bezettingsgraad":50,"latitude":40.62965009,"longitude":17.92459152,"canPickup":true,"canDropoff":true,"openingstijden":{"za":"09:00 - 13:00","zo":"gesloten","ma":"09:00 - 13:00","di":"09:00 - 13:00","wo":"09:00 - 13:00","do":"09:00 - 13:00","vr":"09:00 - 13:00"}}},{"type":"Feature","geometry":{"type":"Point","coordinates":[17.92335041,40.62818431]},"properties":{"type":"pakketpunt","locatieNaam":"Tabaccheria N. 8","straatNaam":"Via Verona","straatNr":"32","vervoerder":"PosteItaliane","puntType":"servicepunt","bezettingsgraad":50,"latitude":40.62818431,"longitude":17.92335041,"canPickup":true,"canDropoff":true,"openingstijden":{"za":"09:00 - 13:00, 17:00 - 20:00","zo":"gesloten","ma":"09:00 - 13:00, 17:00 - 20:00","di":"09:00 - 13:00, 17:00 - 20:00","wo":"09:00 - 13:00, 17:00 - 20:00","do":"09:00 - 13:00, 17:00 - 20:00","vr":"09:00 - 13:00, 17:00 - 20:00"}}},{"type":"Feature","geometry":{"type":"Point","coordinates":[17.92900863,40.63752014]},"properties":{"type":"pakketpunt","locatieNaam":"Tabaccheria N. 10","straatNaam":"Via Provinciale Per San Vito","straatNr":"167","vervoerder":"PosteItaliane","puntType":"servicepunt","bezettingsgraad":50,"latitude":40.63752014,"longitude":17.92900863,"canPickup":true,"canDropoff":true,"openingstijden":{"za":"06:30 - 13:00, 16:30 - 20:30","zo":"gesloten","ma":"06:30 - 13:00, 16:30 - 20:30","di":"06:30 - 13:00, 16:30 - 20:30","wo":"06:30 - 13:00, 16:30 - 20:30","do":"06:30 - 13:00, 16:30 - 20:30","vr":"06:30 - 13:00, 16:30 - 20:30"}}},{"type":"Feature","geometry":{"type":"Point","coordinates":[17.94339658,40.62071309]},"properties":{"type":"pakketpunt","locatieNaam":"Distributore Automatico Servime","straatNaam":"Via Islanda","straatNr":"123/a","vervoerder":"PosteItaliane","puntType":"automaat","bezettingsgraad":50,"latitude":40.62071309,"longitude":17.94339658,"canPickup":true,"canDropoff":true,"openingstijden":{"za":"00:01 - 23:59","zo":"00:01 - 23:59","ma":"00:01 - 23:59","di":"00:01 - 23:59","wo":"00:01 - 23:59","do":"00:01 - 23:59","vr":"00:01 - 23:59"}}},{"type":"Feature","geometry":{"type":"Point","coordinates":[17.92590758,40.63395385]},"properties":{"type":"pakketpunt","locatieNaam":"Distributore Automatico - Servime","straatNaam":"Via Cappuccini","straatNr":"162","vervoerder":"PosteItaliane","puntType":"automaat","bezettingsgraad":50,"latitude":40.63395385,"longitude":17.92590758,"canPickup":true,"canDropoff":true,"openingstijden":{"za":"00:01 - 23:59","zo":"00:01 - 23:59","ma":"00:01 - 23:59","di":"00:01 - 23:59","wo":"00:01 - 23:59","do":"00:01 - 23:59","vr":"00:01 - 23:59"}}},{"type":"Feature","geometry":{"type":"Point","coordinates":[17.925584,40.626403]},"properties":{"type":"pakketpunt","locatieNaam":"Distributore Automatico - 1up","straatNaam":"Via Solferino","straatNr":"11","vervoerder":"PosteItaliane","puntType":"automaat","bezettingsgraad":50,"latitude":40.626403,"longitude":17.925584,"canPickup":true,"canDropoff":true,"openingstijden":{"za":"00:01 - 23:59","zo":"00:01 - 23:59","ma":"00:01 - 23:59","di":"00:01 - 23:59","wo":"00:01 - 23:59","do":"00:01 - 23:59","vr":"00:01 - 23:59"}}},{"type":"Feature","geometry":{"type":"Point","coordinates":[17.92360814,40.63075635]},"properties":{"type":"pakketpunt","locatieNaam":"Tabaccheria N. 73","straatNaam":"Via Don Carlo Gnocchi","straatNr":"53","vervoerder":"PosteItaliane","puntType":"servicepunt","bezettingsgraad":50,"latitude":40.63075635,"longitude":17.92360814,"canPickup":true,"canDropoff":true,"openingstijden":{"za":"07:30 - 13:00, 16:30 - 20:00","zo":"gesloten","ma":"07:30 - 13:00, 16:30 - 20:00","di":"07:30 - 13:00, 16:30 - 20:00","wo":"07:30 - 13:00, 16:30 - 20:00","do":"07:30 - 13:00, 16:30 - 20:00","vr":"07:30 - 13:00, 16:30 - 20:00"}}},{"type":"Feature","geometry":{"type":"Point","coordinates":[17.93707946,40.63568858]},"properties":{"type":"pakketpunt","locatieNaam":"Tabaccheria N. 14","straatNaam":"Via Osanna","straatNr":"4","vervoerder":"PosteItaliane","puntType":"servicepunt","bezettingsgraad":50,"latitude":40.63568858,"longitude":17.93707946,"canPickup":true,"canDropoff":true,"openingstijden":{"za":"07:30 - 13:00, 16:30 - 19:45","zo":"gesloten","ma":"07:30 - 13:00, 16:30 - 20:00","di":"07:30 - 13:00, 16:30 - 20:00","wo":"07:30 - 13:00, 16:30 - 20:00","do":"07:30 - 13:00, 16:30 - 20:00","vr":"07:30 - 13:00, 16:30 - 20:00"}}},{"type":"Feature","geometry":{"type":"Point","coordinates":[17.94317971,40.63968953]},"properties":{"type":"pakketpunt","locatieNaam":"Tabaccheria N. 3","straatNaam":"Piazza Dante","straatNr":"12","vervoerder":"PosteItaliane","puntType":"servicepunt","bezettingsgraad":50,"latitude":40.63968953,"longitude":17.94317971,"canPickup":true,"canDropoff":true,"openingstijden":{"za":"09:00 - 13:00, 16:30 - 20:30","zo":"gesloten","ma":"09:00 - 13:00, 16:30 - 20:30","di":"09:00 - 13:00, 16:30 - 20:30","wo":"09:00 - 13:00, 16:30 - 20:30","do":"09:00 - 13:00, 16:30 - 20:30","vr":"09:00 - 13:00, 16:30 - 20:30"}}},{"type":"Feature","geometry":{"type":"Point","coordinates":[17.9325389,40.62201781]},"properties":{"type":"pakketpunt","locatieNaam":"Saedo","straatNaam":"Via Sant'angelo","straatNr":"123","vervoerder":"PosteItaliane","puntType":"servicepunt","bezettingsgraad":50,"latitude":40.62201781,"longitude":17.9325389,"canPickup":true,"canDropoff":true,"openingstijden":{"za":"09:00 - 13:00","zo":"gesloten","ma":"09:00 - 13:00, 17:00 - 19:00","di":"09:00 - 13:00, 17:00 - 19:00","wo":"09:00 - 13:00, 17:00 - 19:00","do":"09:00 - 13:00, 17:00 - 19:00","vr":"09:00 - 13:00"}}},{"type":"Feature","geometry":{"type":"Point","coordinates":[17.93983423,40.63490579]},"properties":{"type":"pakketpunt","locatieNaam":"Tabaccheria N. 44","straatNaam":"Via Bastioni San Giorgio","straatNr":"12/a","vervoerder":"PosteItaliane","puntType":"servicepunt","bezettingsgraad":50,"latitude":40.63490579,"longitude":17.93983423,"canPickup":true,"canDropoff":true,"openingstijden":{"za":"08:00 - 13:30, 16:00 - 20:30","zo":"gesloten","ma":"08:00 - 13:30, 16:00 - 20:30","di":"08:00 - 13:30, 16:00 - 20:30","wo":"08:00 - 13:30, 16:00 - 20:30","do":"08:00 - 13:30, 16:00 - 20:30","vr":"08:00 - 13:30, 16:00 - 20:30"}}},{"type":"Feature","geometry":{"type":"Point","coordinates":[17.95114593,40.63131165]},"properties":{"type":"pakketpunt","locatieNaam":"Tabaccheria N. 21","straatNaam":"Viale Arno","straatNr":"16","vervoerder":"PosteItaliane","puntType":"servicepunt","bezettingsgraad":50,"latitude":40.63131165,"longitude":17.95114593,"canPickup":true,"canDropoff":true,"openingstijden":{"za":"07:00 - 13:15, 15:00 - 19:30","zo":"08:00 - 12:30","ma":"07:00 - 13:15, 15:00 - 19:30","di":"07:00 - 13:15, 15:00 - 19:30","wo":"07:00 - 13:15, 15:00 - 19:30","do":"07:00 - 13:15, 15:00 - 19:30","vr":"07:00 - 13:15, 15:00 - 19:30"}}},{"type":"Feature","geometry":{"type":"Point","coordinates":[17.92966209,40.63594113]},"properties":{"type":"pakketpunt","locatieNaam":"Tabaccheria N. 34","straatNaam":"Via Cappuccini","straatNr":"62","vervoerder":"PosteItaliane","puntType":"servicepunt","bezettingsgraad":50,"latitude":40.63594113,"longitude":17.92966209,"canPickup":true,"canDropoff":true,"openingstijden":{"za":"07:00 - 13:00, 16:00 - 20:00","zo":"gesloten","ma":"07:00 - 13:00, 16:00 - 20:00","di":"07:00 - 13:00, 16:00 - 20:00","wo":"07:00 - 13:00, 16:00 - 20:00","do":"07:00 - 13:00, 16:00 - 20:00","vr":"07:00 - 13:00, 16:00 - 20:00"}}},{"type":"Feature","geometry":{"type":"Point","coordinates":[17.92427315,40.62567067]},"properties":{"type":"pakketpunt","locatieNaam":"Tabaccheria N. 23","straatNaam":"Viale Porta Pia","straatNr":"78","vervoerder":"PosteItaliane","puntType":"servicepunt","bezettingsgraad":50,"latitude":40.62567067,"longitude":17.92427315,"canPickup":true,"canDropoff":true,"openingstijden":{"za":"07:30 - 13:00, 16:30 - 20:00","zo":"gesloten","ma":"07:30 - 13:00, 16:30 - 20:00","di":"07:30 - 13:00, 16:30 - 20:00","wo":"07:30 - 13:00, 16:30 - 20:00","do":"07:30 - 13:00, 16:30 - 20:00","vr":"07:30 - 13:00, 16:30 - 20:00"}}},{"type":"Feature","geometry":{"type":"Point","coordinates":[17.94349126,40.62049118]},"properties":{"type":"pakketpunt","locatieNaam":"Tabaccheria N. 79","straatNaam":"Via Islanda","straatNr":"123","vervoerder":"PosteItaliane","puntType":"servicepunt","bezettingsgraad":50,"latitude":40.62049118,"longitude":17.94349126,"canPickup":true,"canDropoff":true,"openingstijden":{"za":"07:30 - 13:00, 16:30 - 20:00","zo":"gesloten","ma":"07:30 - 13:00, 16:30 - 20:00","di":"07:30 - 13:00, 16:30 - 20:00","wo":"07:30 - 13:00, 16:30 - 20:00","do":"07:30 - 13:00, 16:30 - 20:00","vr":"07:30 - 13:00, 16:30 - 20:00"}}},{"type":"Feature","geometry":{"type":"Point","coordinates":[17.94164912,40.62240298]},"properties":{"type":"pakketpunt","locatieNaam":"Edicola Gran Bretagna","straatNaam":"Viale Gran Bretagna","straatNr":"3","vervoerder":"PosteItaliane","puntType":"servicepunt","bezettingsgraad":50,"latitude":40.62240298,"longitude":17.94164912,"canPickup":true,"canDropoff":true,"openingstijden":{"za":"09:30 - 13:00","zo":"gesloten","ma":"09:30 - 13:00, 16:00 - 19:30","di":"09:30 - 13:00, 16:00 - 19:30","wo":"09:30 - 13:00, 16:00 - 19:30","do":"16:00 - 19:30","vr":"09:30 - 13:00, 16:00 - 19:30"}}},{"type":"Feature","geometry":{"type":"Point","coordinates":[17.93716427,40.62905803]},"properties":{"type":"pakketpunt","locatieNaam":"Tabaccheria N. 17","straatNaam":"Viale Aldo Moro","straatNr":"47","vervoerder":"PosteItaliane","puntType":"servicepunt","bezettingsgraad":50,"latitude":40.62905803,"longitude":17.93716427,"canPickup":true,"canDropoff":true,"openingstijden":{"za":"07:00 - 13:00, 16:00 - 20:00","zo":"gesloten","ma":"07:00 - 13:00, 16:00 - 20:00","di":"07:00 - 13:00, 16:00 - 20:00","wo":"07:00 - 13:00, 16:00 - 20:00","do":"07:00 - 13:00, 16:00 - 20:00","vr":"07:00 - 13:00, 16:00 - 20:00"}}},{"type":"Feature","geometry":{"type":"Point","coordinates":[17.94358948,40.63611484]},"properties":{"type":"pakketpunt","locatieNaam":"Tabaccheria N. 9","straatNaam":"Corso Umberto I","straatNr":"81","vervoerder":"PosteItaliane","puntType":"servicepunt","bezettingsgraad":50,"latitude":40.63611484,"longitude":17.94358948,"canPickup":true,"canDropoff":true,"openingstijden":{"za":"08:00 - 13:00, 16:00 - 20:30","zo":"gesloten","ma":"08:00 - 13:00, 16:00 - 20:30","di":"08:00 - 13:00, 16:00 - 20:30","wo":"08:00 - 13:00, 16:00 - 20:30","do":"08:00 - 13:00, 16:00 - 20:30","vr":"08:00 - 13:00, 16:00 - 20:30"}}},{"type":"Feature","geometry":{"type":"Point","coordinates":[17.91767533,40.62046362]},"properties":{"type":"pakketpunt","locatieNaam":"Tabaccheria N. 76","straatNaam":"Piazza Raffaello","straatNr":"14","vervoerder":"PosteItaliane","puntType":"servicepunt","bezettingsgraad":50,"latitude":40.62046362,"longitude":17.91767533,"canPickup":true,"canDropoff":true,"openingstijden":{"za":"07:45 - 13:00, 16:45 - 19:50","zo":"gesloten","ma":"07:45 - 13:00, 16:45 - 19:50","di":"07:45 - 13:00, 16:45 - 19:50","wo":"07:45 - 13:00, 16:45 - 19:50","do":"07:45 - 13:00, 16:45 - 19:50","vr":"07:45 - 13:00, 16:45 - 19:50"}}},{"type":"Feature","geometry":{"type":"Point","coordinates":[17.94043237,40.64505504]},"properties":{"type":"pakketpunt","locatieNaam":"Tabaccheria N. 25","straatNaam":"Via Primo Longobardo","straatNr":"11","vervoerder":"PosteItaliane","puntType":"servicepunt","bezettingsgraad":50,"latitude":40.64505504,"longitude":17.94043237,"canPickup":true,"canDropoff":true,"openingstijden":{"za":"10:00 - 12:00, 17:30 - 19:00","zo":"gesloten","ma":"10:00 - 12:00, 17:30 - 19:00","di":"10:00 - 12:00, 17:30 - 19:00","wo":"10:00 - 12:00, 17:30 - 19:00","do":"10:00 - 12:00, 17:30 - 19:00","vr":"10:00 - 12:00, 17:30 - 19:00"}}},{"type":"Feature","geometry":{"type":"Point","coordinates":[17.94674768,40.64141782]},"properties":{"type":"pakketpunt","locatieNaam":"Tabaccheria N. 5","straatNaam":"Viale Regina Margherita","straatNr":"14","vervoerder":"PosteItaliane","puntType":"servicepunt","bezettingsgraad":50,"latitude":40.64141782,"longitude":17.94674768,"canPickup":true,"canDropoff":true,"openingstijden":{"za":"08:30 - 13:00, 16:30 - 22:36","zo":"08:30 - 13:00, 16:30 - 22:36","ma":"08:30 - 13:00, 16:30 - 22:36","di":"08:30 - 13:00, 16:30 - 22:36","wo":"08:30 - 13:00, 16:30 - 22:36","do":"08:30 - 13:00, 16:30 - 22:36","vr":"08:30 - 13:00, 16:30 - 22:36"}}},{"type":"Feature","geometry":{"type":"Point","coordinates":[17.92636486,40.62996393]},"properties":{"type":"pakketpunt","locatieNaam":"Tabaccheria N. 22","straatNaam":"Via Appia","straatNr":"316","vervoerder":"PosteItaliane","puntType":"servicepunt","bezettingsgraad":50,"latitude":40.62996393,"longitude":17.92636486,"canPickup":true,"canDropoff":true,"openingstijden":{"za":"08:00 - 13:00, 16:30 - 20:00","zo":"gesloten","ma":"08:00 - 13:00, 16:30 - 20:00","di":"08:00 - 13:00, 16:30 - 20:00","wo":"08:00 - 13:00, 16:30 - 20:00","do":"08:00 - 13:00, 16:30 - 20:00","vr":"08:00 - 13:00, 16:30 - 20:00"}}},{"type":"Feature","geometry":{"type":"Point","coordinates":[17.94240312,40.63337985]},"properties":{"type":"pakketpunt","locatieNaam":"Tabaccheria N. 2","straatNaam":"Corso Roma","straatNr":"121","vervoerder":"PosteItaliane","puntType":"servicepunt","bezettingsgraad":50,"latitude":40.63337985,"longitude":17.94240312,"canPickup":true,"canDropoff":true,"openingstijden":{"za":"07:45 - 13:00, 16:30 - 20:00","zo":"gesloten","ma":"07:45 - 13:00, 16:30 - 20:00","di":"07:45 - 13:00, 16:30 - 20:00","wo":"07:45 - 13:00, 16:30 - 20:00","do":"07:45 - 13:00, 16:30 - 20:00","vr":"07:45 - 13:00, 16:30 - 20:00"}}},{"type":"Feature","geometry":{"type":"Point","coordinates":[17.93308678,40.63700595]},"properties":{"type":"pakketpunt","locatieNaam":"Kipoint Via Osanna","straatNaam":"Via Osanna","straatNr":"65","vervoerder":"PosteItaliane","puntType":"servicepunt","bezettingsgraad":50,"latitude":40.63700595,"longitude":17.93308678,"canPickup":true,"canDropoff":true,"openingstijden":{"za":"09:30 - 12:30","zo":"gesloten","ma":"09:30 - 12:30, 15:30 - 18:30","di":"09:30 - 12:30, 15:30 - 18:30","wo":"09:30 - 12:30, 15:30 - 18:30","do":"09:30 - 12:30, 15:30 - 18:30","vr":"09:30 - 12:30, 15:30 - 18:30"}}},{"type":"Feature","geometry":{"type":"Point","coordinates":[17.95680076,40.65608266]},"properties":{"type":"pakketpunt","locatieNaam":"Tabaccheria N. 90","straatNaam":"Via Materdomini","straatNr":"45/e","vervoerder":"PosteItaliane","puntType":"servicepunt","bezettingsgraad":50,"latitude":40.65608266,"longitude":17.95680076,"canPickup":true,"canDropoff":true,"openingstijden":{"za":"08:00 - 12:00, 16:00 - 20:00","zo":"gesloten","ma":"08:00 - 12:00, 16:00 - 20:00","di":"08:00 - 12:00, 16:00 - 20:00","wo":"gesloten","do":"08:00 - 12:00, 16:00 - 20:00","vr":"08:00 - 12:00, 16:00 - 20:00"}}},{"type":"Feature","geometry":{"type":"Point","coordinates":[17.94068987,40.6349118]},"properties":{"type":"pakketpunt","locatieNaam":"Easy Print","straatNaam":"CORSO UMBERTO I","straatNr":"120","vervoerder":"DPD","puntType":"pickup_point","bezettingsgraad":50,"latitude":40.6349118,"longitude":17.94068987,"canPickup":true,"canDropoff":true,"openingstijden":{"ma":"09:15 - 13:00, 17:00 - 20:00","di":"09:15 - 13:00, 17:00 - 20:00","wo":"09:15 - 13:00, 17:00 - 20:00","do":"09:15 - 13:00, 17:00 - 20:00","vr":"09:15 - 13:00, 17:00 - 20:00","za":"gesloten","zo":"gesloten"}}},{"type":"Feature","geometry":{"type":"Point","coordinates":[17.9468,40.6319125]},"properties":{"type":"pakketpunt","locatieNaam":"Tavacchi","straatNaam":"VIA SPALATO","straatNr":"27","vervoerder":"DPD","puntType":"pickup_point","bezettingsgraad":50,"latitude":40.6319125,"longitude":17.9468,"canPickup":true,"canDropoff":true,"openingstijden":{"ma":"07:00 - 13:00, 16:00 - 20:00","di":"07:00 - 13:00, 16:00 - 20:00","wo":"07:00 - 13:00, 16:00 - 20:00","do":"07:00 - 13:00, 16:00 - 20:00","vr":"07:00 - 13:00, 16:00 - 20:00","za":"08:00 - 13:00, 16:00 - 20:00","zo":"gesloten"}}},{"type":"Feature","geometry":{"type":"Point","coordinates":[17.9423972,40.6337893]},"properties":{"type":"pakketpunt","locatieNaam":"Essedi Shop","straatNaam":"VIA CESARE BRAICO","straatNr":"56/58","vervoerder":"DPD","puntType":"pickup_point","bezettingsgraad":50,"latitude":40.6337893,"longitude":17.9423972,"canPickup":true,"canDropoff":true,"openingstijden":{"ma":"09:00 - 13:00, 16:00 - 20:00","di":"09:00 - 13:00, 16:00 - 20:00","wo":"09:00 - 13:00, 16:00 - 20:00","do":"09:00 - 13:00, 16:00 - 20:00","vr":"09:00 - 13:00, 16:00 - 20:00","za":"09:00 - 13:00","zo":"gesloten"}}},{"type":"Feature","geometry":{"type":"Point","coordinates":[17.9236781,40.6306152]},"properties":{"type":"pakketpunt","locatieNaam":"Videonline","straatNaam":"VIA DON CARLO GNOCCHI","straatNr":"55","vervoerder":"DPD","puntType":"pickup_point","bezettingsgraad":50,"latitude":40.6306152,"longitude":17.9236781,"canPickup":true,"canDropoff":true,"openingstijden":{"ma":"08:30 - 13:00, 16:30 - 20:00","di":"08:30 - 13:00, 16:30 - 20:00","wo":"08:30 - 13:00, 16:30 - 20:00","do":"08:30 - 13:00, 16:30 - 20:00","vr":"08:30 - 13:00, 16:30 - 20:00","za":"08:30 - 13:00, 16:30 - 19:00","zo":"gesloten"}}},{"type":"Feature","geometry":{"type":"Point","coordinates":[17.9433113,40.645424]},"properties":{"type":"pakketpunt","locatieNaam":"Pc e Stuti-Assistenza Informatica","straatNaam":"VIA XV NOVEMBRE 1918","straatNr":"20","vervoerder":"DPD","puntType":"pickup_point","bezettingsgraad":50,"latitude":40.645424,"longitude":17.9433113,"canPickup":true,"canDropoff":true,"openingstijden":{"ma":"09:00 - 12:30, 17:00 - 19:30","di":"09:00 - 12:30, 17:00 - 19:30","wo":"09:00 - 12:30, 17:00 - 19:30","do":"09:00 - 12:30, 17:00 - 19:30","vr":"09:00 - 12:30, 17:00 - 19:30","za":"09:00 - 12:00","zo":"gesloten"}}},{"type":"Feature","geometry":{"type":"Point","coordinates":[17.9345409,40.6303063]},"properties":{"type":"pakketpunt","locatieNaam":"Tim-Brindisi","straatNaam":"V.LE COMMENDA","straatNr":"61","vervoerder":"DPD","puntType":"pickup_point","bezettingsgraad":50,"latitude":40.6303063,"longitude":17.9345409,"canPickup":true,"canDropoff":true,"openingstijden":{"ma":"09:00 - 13:00, 17:00 - 20:00","di":"09:00 - 13:00, 17:00 - 20:00","wo":"09:00 - 13:00, 17:00 - 20:00","do":"09:00 - 13:00, 17:00 - 20:00","vr":"09:00 - 13:00, 17:00 - 20:00","za":"09:00 - 13:00, 17:00 - 20:00","zo":"gesloten"}}},{"type":"Feature","geometry":{"type":"Point","coordinates":[17.9325062,40.6295485]},"properties":{"type":"pakketpunt","locatieNaam":"Ficco Elettrodomestici Snc","straatNaam":"VIALE COMMENDA","straatNr":"218","vervoerder":"DPD","puntType":"pickup_point","bezettingsgraad":50,"latitude":40.6295485,"longitude":17.9325062,"canPickup":true,"canDropoff":true,"openingstijden":{"ma":"09:00 - 13:00, 16:30 - 20:30","di":"09:00 - 13:00, 16:30 - 20:30","wo":"09:00 - 13:00, 16:30 - 20:30","do":"09:00 - 13:00, 16:30 - 20:30","vr":"09:00 - 13:00, 16:30 - 20:30","za":"09:00 - 13:00, 16:30 - 20:30","zo":"gesloten"}}},{"type":"Feature","geometry":{"type":"Point","coordinates":[17.9316687,40.6270717]},"properties":{"type":"pakketpunt","locatieNaam":"Posta Express-Quartulli","straatNaam":"VIA IRPINIA","straatNr":"27-31","vervoerder":"DPD","puntType":"pickup_point","bezettingsgraad":50,"latitude":40.6270717,"longitude":17.9316687,"canPickup":true,"canDropoff":true,"openingstijden":{"ma":"08:00 - 13:45, 16:00 - 19:00","di":"08:00 - 13:45, 16:00 - 19:00","wo":"08:00 - 13:45, 16:00 - 19:00","do":"08:00 - 13:45, 16:00 - 19:00","vr":"08:00 - 13:45, 16:00 - 19:00","za":"gesloten","zo":"gesloten"}}},{"type":"Feature","geometry":{"type":"Point","coordinates":[17.93694877,40.63185914]},"properties":{"type":"pakketpunt","locatieNaam":"Posta Centrale-Brindisi","straatNaam":"VIALE COMMENDA","straatNr":"44","vervoerder":"DPD","puntType":"pickup_point","bezettingsgraad":50,"latitude":40.63185914,"longitude":17.93694877,"canPickup":true,"canDropoff":true,"openingstijden":{"ma":"08:30 - 13:00, 16:30 - 19:00","di":"08:30 - 13:00, 16:30 - 19:00","wo":"08:30 - 13:00, 16:30 - 19:00","do":"08:30 - 13:30, 16:30 - 19:00","vr":"08:30 - 13:00, 16:30 - 19:00","za":"08:30 - 13:00","zo":"gesloten"}}},{"type":"Feature","geometry":{"type":"Point","coordinates":[17.945383,40.63703]},"properties":{"type":"pakketpunt","locatieNaam":"Coverland","straatNaam":"CORSO UMBERTO I","straatNr":"10","vervoerder":"DPD","puntType":"pickup_point","bezettingsgraad":50,"latitude":40.63703,"longitude":17.945383,"canPickup":true,"canDropoff":true,"openingstijden":{"ma":"09:00 - 13:00, 16:30 - 20:30","di":"09:00 - 13:00, 16:30 - 20:30","wo":"09:00 - 13:00, 16:30 - 20:30","do":"09:00 - 13:00, 16:30 - 20:30","vr":"09:00 - 13:00, 16:30 - 20:30","za":"09:00 - 13:00, 16:30 - 20:30","zo":"gesloten"}}},{"type":"Feature","geometry":{"type":"Point","coordinates":[17.91731073,40.6206085]},"properties":{"type":"pakketpunt","locatieNaam":"Tabacchi n.76 Brindisi","straatNaam":"PIAZZA RAFFAELLO","straatNr":"14-15","vervoerder":"DPD","puntType":"pickup_point","bezettingsgraad":50,"latitude":40.6206085,"longitude":17.91731073,"canPickup":true,"canDropoff":true,"openingstijden":{"ma":"07:15 - 13:15, 16:45 - 20:00","di":"07:15 - 13:15, 16:45 - 20:00","wo":"07:15 - 13:15, 16:45 - 20:00","do":"07:15 - 13:15, 16:45 - 20:00","vr":"07:15 - 13:15, 16:45 - 20:00","za":"07:15 - 13:15, 16:45 - 20:00","zo":"gesloten"}}},{"type":"Feature","geometry":{"type":"Point","coordinates":[17.9326096,40.6219469]},"properties":{"type":"pakketpunt","locatieNaam":"Saedo Multiservizi","straatNaam":"VIA SANT'ANGELO","straatNr":"123","vervoerder":"DPD","puntType":"pickup_point","bezettingsgraad":50,"latitude":40.6219469,"longitude":17.9326096,"canPickup":true,"canDropoff":true,"openingstijden":{"ma":"09:00 - 13:00, 17:00 - 19:00","di":"09:00 - 13:00, 17:00 - 19:00","wo":"09:00 - 13:00, 17:00 - 19:00","do":"09:00 - 13:00, 17:00 - 19:00","vr":"09:00 - 13:00","za":"09:00 - 13:00","zo":"gesloten"}}},{"type":"Feature","geometry":{"type":"Point","coordinates":[17.9162898,40.622918]},"properties":{"type":"pakketpunt","locatieNaam":"BRT LOCKER - Brin Park Viale dei Ca","straatNaam":"VIALE DEI CADUTI","straatNr":"2","vervoerder":"DPD","puntType":"dpd_box","bezettingsgraad":50,"latitude":40.622918,"longitude":17.9162898,"canPickup":true,"canDropoff":true,"openingstijden":{"ma":"09:00 - 21:00","di":"09:00 - 21:00","wo":"09:00 - 21:00","do":"09:00 - 21:00","vr":"09:00 - 21:00","za":"09:00 - 21:00","zo":"10:00 - 21:00"}}},{"type":"Feature","geometry":{"type":"Point","coordinates":[17.92673889,40.6279316]},"properties":{"type":"pakketpunt","locatieNaam":"Gifart","straatNaam":"VIALE SAN GIOVANNI BOSCO","straatNr":"133","vervoerder":"DPD","puntType":"pickup_point","bezettingsgraad":50,"latitude":40.6279316,"longitude":17.92673889,"canPickup":true,"canDropoff":true,"openingstijden":{"ma":"09:00 - 13:00","di":"09:00 - 13:00","wo":"09:00 - 13:00","do":"09:00 - 13:00","vr":"09:00 - 13:00, 17:00 - 20:00","za":"09:00 - 13:00","zo":"gesloten"}}},{"type":"Feature","geometry":{"type":"Point","coordinates":[17.95128324,40.63133439]},"properties":{"type":"pakketpunt","locatieNaam":"Tabaccheria Leo","straatNaam":"VIALE ARNO","straatNr":"16","vervoerder":"DPD","puntType":"pickup_point","bezettingsgraad":50,"latitude":40.63133439,"longitude":17.95128324,"canPickup":true,"canDropoff":true,"openingstijden":{"ma":"05:30 - 20:00","di":"05:30 - 20:00","wo":"05:30 - 20:00","do":"05:30 - 20:00","vr":"05:30 - 20:00","za":"05:30 - 20:00","zo":"07:00 - 20:00"}}},{"type":"Feature","geometry":{"type":"Point","coordinates":[17.90325,40.61899]},"properties":{"type":"pakketpunt","locatieNaam":"BRT LOCKER - Centro Commerciale Le","straatNaam":"SS7","straatNr":"712","vervoerder":"DPD","puntType":"dpd_box","bezettingsgraad":50,"latitude":40.61899,"longitude":17.90325,"canPickup":true,"canDropoff":true,"openingstijden":{"ma":"09:00 - 21:00","di":"09:00 - 21:00","wo":"09:00 - 21:00","do":"09:00 - 21:00","vr":"09:00 - 21:00","za":"09:00 - 21:00","zo":"10:00 - 21:00"}}},{"type":"Feature","geometry":{"type":"Point","coordinates":[17.9354796,40.6339012]},"properties":{"type":"pakketpunt","locatieNaam":"Zerodistanze Brindisi","straatNaam":"VIA DE GRACCHI","straatNr":"41","vervoerder":"DPD","puntType":"pickup_point","bezettingsgraad":50,"latitude":40.6339012,"longitude":17.9354796,"canPickup":true,"canDropoff":true,"openingstijden":{"ma":"08:00 - 14:00","di":"08:00 - 14:00","wo":"08:00 - 14:00","do":"08:00 - 14:00","vr":"08:00 - 14:00","za":"08:00 - 14:00","zo":"gesloten"}}},{"type":"Feature","geometry":{"type":"Point","coordinates":[17.943454,40.6205371]},"properties":{"type":"pakketpunt","locatieNaam":"Tabaccheria Mognato Silvia","straatNaam":"VIA ISLANDA","straatNr":"123","vervoerder":"DPD","puntType":"pickup_point","bezettingsgraad":50,"latitude":40.6205371,"longitude":17.943454,"canPickup":true,"canDropoff":true,"openingstijden":{"ma":"06:45 - 13:00, 16:30 - 20:00","di":"06:45 - 13:00, 16:30 - 20:00","wo":"06:45 - 13:00, 16:30 - 20:00","do":"06:45 - 13:00, 16:30 - 20:00","vr":"06:45 - 13:00, 16:30 - 20:00","za":"06:45 - 13:00, 16:30 - 20:00","zo":"gesloten"}}},{"type":"Feature","geometry":{"type":"Point","coordinates":[17.92983,40.63598]},"properties":{"type":"pakketpunt","locatieNaam":"InPost Point","straatNaam":"Via Cappuccini","straatNr":"33","vervoerder":"InPost","puntType":"servicepunt","bezettingsgraad":50,"latitude":40.63598,"longitude":17.92983,"canPickup":true,"canDropoff":true,"openingstijden":"Lun-Sab: 6:30 - 13:00 - 16:30 - 20:00 Dom: 6:30 - 12:45"}},{"type":"Feature","geometry":{"type":"Point","coordinates":[17.92368,40.63075]},"properties":{"type":"pakketpunt","locatieNaam":"InPost Point","straatNaam":"Via Don Carlo Gnocchi","straatNr":"55","vervoerder":"InPost","puntType":"servicepunt","bezettingsgraad":50,"latitude":40.63075,"longitude":17.92368,"canPickup":true,"canDropoff":true,"openingstijden":"Lun-Ven: 7:30 - 13:00 - 16:30 - 20:00 Sab: 8:00 - 13:00 - 16:30 - 19:00"}},{"type":"Feature","geometry":{"type":"Point","coordinates":[17.93159,40.62725]},"properties":{"type":"pakketpunt","locatieNaam":"InPost Point","straatNaam":"Via Irpinia","straatNr":"27","vervoerder":"InPost","puntType":"servicepunt","bezettingsgraad":50,"latitude":40.62725,"longitude":17.93159,"canPickup":true,"canDropoff":true,"openingstijden":"Lun-Ven: 8:00 - 19:00 Sab: 8:30 - 12:30"}},{"type":"Feature","geometry":{"type":"Point","coordinates":[17.92237,40.627]},"properties":{"type":"pakketpunt","locatieNaam":"","straatNaam":"Via Appia","straatNr":"263-265","vervoerder":"InPost","puntType":"automaat","bezettingsgraad":50,"latitude":40.627,"longitude":17.92237,"canPickup":true,"canDropoff":true,"openingstijden":null}},{"type":"Feature","geometry":{"type":"Point","coordinates":[17.94361,40.62057]},"properties":{"type":"pakketpunt","locatieNaam":"InPost Locker","straatNaam":"Via Islanda","straatNr":"123","vervoerder":"InPost","puntType":"automaat","bezettingsgraad":50,"latitude":40.62057,"longitude":17.94361,"canPickup":true,"canDropoff":true,"openingstijden":null}},{"type":"Feature","geometry":{"type":"Point","coordinates":[17.93223,40.62896]},"properties":{"type":"pakketpunt","locatieNaam":"InPost Locker","straatNaam":"Piazza Virgilio","straatNr":"2","vervoerder":"InPost","puntType":"automaat","bezettingsgraad":50,"latitude":40.62896,"longitude":17.93223,"canPickup":true,"canDropoff":true,"openingstijden":null}},{"type":"Feature","geometry":{"type":"Point","coordinates":[17.94296,40.63567]},"properties":{"type":"pakketpunt","locatieNaam":"InPost Locker 24/7","straatNaam":"Piazza Cairoli","straatNr":"4","vervoerder":"InPost","puntType":"automaat","bezettingsgraad":50,"latitude":40.63567,"longitude":17.94296,"canPickup":true,"canDropoff":true,"openingstijden":null}},{"type":"Feature","geometry":{"type":"Point","coordinates":[17.9326,40.62196]},"properties":{"type":"pakketpunt","locatieNaam":"InPost Locker","straatNaam":"Via Sant'Angelo","straatNr":"123","vervoerder":"InPost","puntType":"automaat","bezettingsgraad":50,"latitude":40.62196,"longitude":17.9326,"canPickup":true,"canDropoff":true,"openingstijden":null}},{"type":"Feature","geometry":{"type":"Point","coordinates":[17.92456,40.62959]},"properties":{"type":"pakketpunt","locatieNaam":"InPost Locker","straatNaam":"Via Don Tommaso Stile","straatNr":"5","vervoerder":"InPost","puntType":"automaat","bezettingsgraad":50,"latitude":40.62959,"longitude":17.92456,"canPickup":true,"canDropoff":true,"openingstijden":null}},{"type":"Feature","geometry":{"type":"Point","coordinates":[17.9263,40.621]},"properties":{"type":"pakketpunt","locatieNaam":"InPost Locker 24/7","straatNaam":"Via Antonio Fontanesi","straatNr":"","vervoerder":"InPost","puntType":"automaat","bezettingsgraad":50,"latitude":40.621,"longitude":17.9263,"canPickup":true,"canDropoff":true,"openingstijden":null}},{"type":"Feature","geometry":{"type":"Point","coordinates":[17.94739,40.62713]},"properties":{"type":"pakketpunt","locatieNaam":"InPost Locker 24/7","straatNaam":"Via Provinciale Lecce","straatNr":"","vervoerder":"InPost","puntType":"automaat","bezettingsgraad":50,"latitude":40.62713,"longitude":17.94739,"canPickup":true,"canDropoff":true,"openingstijden":null}},{"type":"Feature","geometry":{"type":"Point","coordinates":[17.9222,40.64392]},"properties":{"type":"pakketpunt","locatieNaam":"InPost Locker 24/7","straatNaam":"Via Provinciale San Vito","straatNr":"126","vervoerder":"InPost","puntType":"automaat","bezettingsgraad":50,"latitude":40.64392,"longitude":17.9222,"canPickup":true,"canDropoff":true,"openingstijden":null}},{"type":"Feature","geometry":{"type":"Point","coordinates":[17.94538,40.63703]},"properties":{"type":"pakketpunt","locatieNaam":"Coverland","straatNaam":"Corso Umberto I","straatNr":"10","vervoerder":"InPost","puntType":"automaat","bezettingsgraad":50,"latitude":40.63703,"longitude":17.94538,"canPickup":true,"canDropoff":true,"openingstijden":null}},{"type":"Feature","geometry":{"type":"Point","coordinates":[17.93548,40.63391]},"properties":{"type":"pakketpunt","locatieNaam":"InPost Point","straatNaam":"Via De Gracchi","straatNr":"41","vervoerder":"InPost","puntType":"servicepunt","bezettingsgraad":50,"latitude":40.63391,"longitude":17.93548,"canPickup":true,"canDropoff":true,"openingstijden":"Lun-Ven : 08:30 - 16:00"}},{"type":"Feature","geometry":{"type":"Point","coordinates":[17.94069,40.6352]},"properties":{"type":"pakketpunt","locatieNaam":"InPost Point","straatNaam":"Corso Umberto I","straatNr":"120","vervoerder":"InPost","puntType":"servicepunt","bezettingsgraad":50,"latitude":40.6352,"longitude":17.94069,"canPickup":true,"canDropoff":true,"openingstijden":"Lun-Ven: 09:15 - 13:15 - 17:00 - 20:00"}},{"type":"Feature","geometry":{"type":"Point","coordinates":[17.91776,40.62041]},"properties":{"type":"pakketpunt","locatieNaam":"InPost Point","straatNaam":"Piazza Raffaello","straatNr":"14","vervoerder":"InPost","puntType":"servicepunt","bezettingsgraad":50,"latitude":40.62041,"longitude":17.91776,"canPickup":true,"canDropoff":true,"openingstijden":"Lun-Sab: 07:15 - 13:15 - 16.45 - 20:00"}},{"type":"Feature","geometry":{"type":"Point","coordinates":[17.943454,40.6205371]},"properties":{"type":"pakketpunt","locatieNaam":"tabaccheria edicola","straatNaam":"Via Islanda","straatNr":"123","vervoerder":"GLS","puntType":"parcel_shop","bezettingsgraad":50,"latitude":40.6205371,"longitude":17.943454,"canPickup":true,"canDropoff":true,"openingstijden":"za: 07:30 - 13:00, 16:30 - 20:00; ma: 07:00 - 13:00, 16:30 - 20:00"}},{"type":"Feature","geometry":{"type":"Point","coordinates":[17.9417489,40.6219385]},"properties":{"type":"pakketpunt","locatieNaam":"edicola Rodia","straatNaam":"Viale Gran Bretagna","straatNr":"3","vervoerder":"GLS","puntType":"parcel_shop","bezettingsgraad":50,"latitude":40.6219385,"longitude":17.9417489,"canPickup":true,"canDropoff":true,"openingstijden":"za: 07:00 - 13:00, 16:00 - 19:00; ma: 07:00 - 13:00, 16:00 - 19:00"}},{"type":"Feature","geometry":{"type":"Point","coordinates":[17.9325987,40.6219654]},"properties":{"type":"pakketpunt","locatieNaam":"SAEDO","straatNaam":"Via Sant'Angelo","straatNr":"123","vervoerder":"GLS","puntType":"parcel_shop","bezettingsgraad":50,"latitude":40.6219654,"longitude":17.9325987,"canPickup":true,"canDropoff":true,"openingstijden":"za: 09:00 - 13:00; ma: 09:00 - 13:00, 17:00 - 19:30"}},{"type":"Feature","geometry":{"type":"Point","coordinates":[17.9414113,40.6263497]},"properties":{"type":"pakketpunt","locatieNaam":"Cartoleria","straatNaam":"Viale Francia","straatNr":"43/45","vervoerder":"GLS","puntType":"parcel_shop","bezettingsgraad":50,"latitude":40.6263497,"longitude":17.9414113,"canPickup":true,"canDropoff":true,"openingstijden":"za: 09:00 - 12:00; ma: 09:00 - 13:00"}},{"type":"Feature","geometry":{"type":"Point","coordinates":[17.931672,40.6270432]},"properties":{"type":"pakketpunt","locatieNaam":"posta express","straatNaam":"Via Irpinia","straatNr":"31","vervoerder":"GLS","puntType":"parcel_shop","bezettingsgraad":50,"latitude":40.6270432,"longitude":17.931672,"canPickup":true,"canDropoff":true,"openingstijden":"za: 08:30 - 12:30; ma: 08:00 - 19:00"}},{"type":"Feature","geometry":{"type":"Point","coordinates":[17.9267295,40.6279316]},"properties":{"type":"pakketpunt","locatieNaam":"GIFART","straatNaam":"Viale San Giovanni Bosco","straatNr":"133","vervoerder":"GLS","puntType":"parcel_shop","bezettingsgraad":50,"latitude":40.6279316,"longitude":17.9267295,"canPickup":true,"canDropoff":true,"openingstijden":"za: 09:00 - 13:00; ma: 09:00 - 13:00, 17:00 - 20:00"}},{"type":"Feature","geometry":{"type":"Point","coordinates":[17.924563,40.62959]},"properties":{"type":"pakketpunt","locatieNaam":"Posta Point","straatNaam":"Via Don Tommaso Stile","straatNr":"5/7","vervoerder":"GLS","puntType":"parcel_shop","bezettingsgraad":50,"latitude":40.62959,"longitude":17.924563,"canPickup":true,"canDropoff":true,"openingstijden":"za: 09:00 - 13:00; ma: 09:00 - 13:00, 17:00 - 19:00"}},{"type":"Feature","geometry":{"type":"Point","coordinates":[17.9236781,40.6306152]},"properties":{"type":"pakketpunt","locatieNaam":"VIDEONLINE","straatNaam":"Via Don Carlo Gnocchi","straatNr":"55","vervoerder":"GLS","puntType":"parcel_shop","bezettingsgraad":50,"latitude":40.6306152,"longitude":17.9236781,"canPickup":true,"canDropoff":true,"openingstijden":"za: 08:30 - 13:00, 16:30 - 19:00; ma: 08:30 - 13:00, 16:30 - 20:00"}},{"type":"Feature","geometry":{"type":"Point","coordinates":[17.9317265,40.6310496]},"properties":{"type":"pakketpunt","locatieNaam":"UNIPOL ASSICURAZIONI / SERMETRA","straatNaam":"Via Quinto Ennio","straatNr":"13/17","vervoerder":"GLS","puntType":"parcel_shop","bezettingsgraad":50,"latitude":40.6310496,"longitude":17.9317265,"canPickup":true,"canDropoff":true,"openingstijden":"ma: 08:30 - 13:00, 16:30 - 20:00; di: 08:30 - 13:00, 16:30 - 20:00"}},{"type":"Feature","geometry":{"type":"Point","coordinates":[17.93374,40.6311307]},"properties":{"type":"pakketpunt","locatieNaam":"CAFFE' IMPERATORE","straatNaam":"Via Imperatore Augusto","straatNr":"44","vervoerder":"GLS","puntType":"parcel_shop","bezettingsgraad":50,"latitude":40.6311307,"longitude":17.93374,"canPickup":true,"canDropoff":true,"openingstijden":"za: 09:00 - 13:00, 17:30 - 20:00; ma: 09:00 - 13:00, 17:30 - 20:00"}},{"type":"Feature","geometry":{"type":"Point","coordinates":[17.9513503,40.6313695]},"properties":{"type":"pakketpunt","locatieNaam":"tabaccheria leo","straatNaam":"Viale Arno","straatNr":"16","vervoerder":"GLS","puntType":"parcel_shop","bezettingsgraad":50,"latitude":40.6313695,"longitude":17.9513503,"canPickup":true,"canDropoff":true,"openingstijden":"za: 06:00 - 20:00; zo: 06:30 - 14:00"}},{"type":"Feature","geometry":{"type":"Point","coordinates":[17.9369595,40.6318627]},"properties":{"type":"pakketpunt","locatieNaam":"Posta Centrale","straatNaam":"Viale Commenda","straatNr":"44","vervoerder":"GLS","puntType":"parcel_shop","bezettingsgraad":50,"latitude":40.6318627,"longitude":17.9369595,"canPickup":true,"canDropoff":true,"openingstijden":"za: 08:30 - 13:00; ma: 08:30 - 13:00, 16:30 - 19:00"}},{"type":"Feature","geometry":{"type":"Point","coordinates":[17.946782,40.6319232]},"properties":{"type":"pakketpunt","locatieNaam":"TABACCHERIA","straatNaam":"Via Spalato","straatNr":"27","vervoerder":"GLS","puntType":"parcel_shop","bezettingsgraad":50,"latitude":40.6319232,"longitude":17.946782,"canPickup":true,"canDropoff":true,"openingstijden":"za: 08:00 - 13:00, 16:30 - 20:00; ma: 07:00 - 13:00, 16:00 - 20:00"}},{"type":"Feature","geometry":{"type":"Point","coordinates":[17.9396791,40.6338168]},"properties":{"type":"pakketpunt","locatieNaam":"coverland","straatNaam":"Corso Umberto I","straatNr":"10","vervoerder":"GLS","puntType":"parcel_shop","bezettingsgraad":50,"latitude":40.6338168,"longitude":17.9396791,"canPickup":true,"canDropoff":true,"openingstijden":"za: 09:00 - 13:00, 17:00 - 21:00; ma: 09:00 - 13:00, 17:00 - 21:00"}},{"type":"Feature","geometry":{"type":"Point","coordinates":[17.9444346,40.6353614]},"properties":{"type":"pakketpunt","locatieNaam":"TABACCHI CORSO ROMA","straatNaam":"Corso Roma","straatNr":"59","vervoerder":"GLS","puntType":"parcel_shop","bezettingsgraad":50,"latitude":40.6353614,"longitude":17.9444346,"canPickup":true,"canDropoff":true,"openingstijden":"za: 08:00 - 13:30, 16:00 - 20:30; ma: 08:00 - 13:30, 16:00 - 20:30"}},{"type":"Feature","geometry":{"type":"Point","coordinates":[17.9333973,40.635397]},"properties":{"type":"pakketpunt","locatieNaam":"Fiori per Strada Samylu","straatNaam":"Via San Leucio","straatNr":"77","vervoerder":"GLS","puntType":"parcel_shop","bezettingsgraad":50,"latitude":40.635397,"longitude":17.9333973,"canPickup":true,"canDropoff":true,"openingstijden":"za: 09:30 - 19:00; ma: 09:30 - 19:00"}},{"type":"Feature","geometry":{"type":"Point","coordinates":[17.9387478,40.6368499]},"properties":{"type":"pakketpunt","locatieNaam":"BUFFETTI","straatNaam":"Via De' Carpentieri","straatNr":"16","vervoerder":"GLS","puntType":"parcel_shop","bezettingsgraad":50,"latitude":40.6368499,"longitude":17.9387478,"canPickup":true,"canDropoff":true,"openingstijden":"za: 09:00 - 12:30; ma: 08:00 - 13:00, 17:00 - 20:30"}},{"type":"Feature","geometry":{"type":"Point","coordinates":[17.9433113,40.645424]},"properties":{"type":"pakketpunt","locatieNaam":"PC e Stuti - ASSISTENZA INFORMATICA","straatNaam":"Via Xv Novembre 1918","straatNr":"20","vervoerder":"GLS","puntType":"parcel_shop","bezettingsgraad":50,"latitude":40.645424,"longitude":17.9433113,"canPickup":true,"canDropoff":true,"openingstijden":"za: 09:00 - 12:00; ma: 09:00 - 12:30, 17:00 - 19:30"}},{"type":"Feature","geometry":{"type":"Point","coordinates":[17.947357,40.544702]},"properties":{"type":"pakketpunt","locatieNaam":"Ufficio Postale TUTURANO","straatNaam":"VIA STAZIONE 9","straatNr":"","vervoerder":"DHL","puntType":"postOffice","bezettingsgraad":50,"latitude":40.544702,"longitude":17.947357,"canPickup":true,"canDropoff":true,"openingstijden":{"ma":"08:20 - 13:45","di":"08:20 - 13:45","wo":"08:20 - 13:45","do":"08:20 - 13:45","vr":"08:20 - 13:45","za":"08:20 - 12:45","zo":"gesloten"}}},{"type":"Feature","geometry":{"type":"Point","coordinates":[17.947046,40.545506]},"properties":{"type":"pakketpunt","locatieNaam":"TABACCHERIA N. 13","straatNaam":"VIA VITTORIO EMANUELE II 54","straatNr":"","vervoerder":"DHL","puntType":"parcelShop","bezettingsgraad":50,"latitude":40.545506,"longitude":17.947046,"canPickup":true,"canDropoff":true,"openingstijden":{"ma":"07:00 - 13:00, 15:30 - 20:30","di":"07:00 - 13:00, 15:30 - 20:30","wo":"07:00 - 13:00, 15:30 - 20:30","do":"07:00 - 13:00, 15:30 - 20:30","vr":"07:00 - 13:00, 15:30 - 20:30","za":"07:00 - 13:00, 15:30 - 20:30","zo":"gesloten"}}},{"type":"Feature","geometry":{"type":"Point","coordinates":[17.915103,40.620162]},"properties":{"type":"pakketpunt","locatieNaam":"Ufficio Postale BRINDISI 8","straatNaam":"VIA MANTEGNA ANDREA SNC 1","straatNr":"","vervoerder":"DHL","puntType":"postOffice","bezettingsgraad":50,"latitude":40.620162,"longitude":17.915103,"canPickup":true,"canDropoff":true,"openingstijden":{"ma":"08:20 - 13:45","di":"08:20 - 13:45","wo":"08:20 - 13:45","do":"08:20 - 13:45","vr":"08:20 - 13:45","za":"08:20 - 12:45","zo":"gesloten"}}},{"type":"Feature","geometry":{"type":"Point","coordinates":[17.917675,40.620464]},"properties":{"type":"pakketpunt","locatieNaam":"TABACCHERIA n. 76","straatNaam":"PIAZZA RAFFAELLO 14","straatNr":"","vervoerder":"DHL","puntType":"parcelShop","bezettingsgraad":50,"latitude":40.620464,"longitude":17.917675,"canPickup":true,"canDropoff":true,"openingstijden":{"ma":"07:45 - 13:00, 16:45 - 19:50","di":"07:45 - 13:00, 16:45 - 19:50","wo":"07:45 - 13:00, 16:45 - 19:50","do":"07:45 - 13:00, 16:45 - 19:50","vr":"07:45 - 13:00, 16:45 - 19:50","za":"07:45 - 13:00, 16:45 - 19:50","zo":"gesloten"}}},{"type":"Feature","geometry":{"type":"Point","coordinates":[17.925148,40.619543]},"properties":{"type":"pakketpunt","locatieNaam":"TABACCHERIA N. 67","straatNaam":"PIAZZA TELEMACO SIGNORINI 2","straatNr":"","vervoerder":"DHL","puntType":"parcelShop","bezettingsgraad":50,"latitude":40.619543,"longitude":17.925148,"canPickup":true,"canDropoff":true,"openingstijden":{"ma":"06:00 - 13:30, 15:00 - 20:15","di":"06:00 - 13:30, 15:00 - 20:15","wo":"06:00 - 13:30, 15:00 - 20:15","do":"06:00 - 13:30, 15:00 - 20:15","vr":"06:00 - 13:30, 15:00 - 20:15","za":"06:00 - 13:30, 15:00 - 20:15","zo":"gesloten"}}},{"type":"Feature","geometry":{"type":"Point","coordinates":[17.92781,40.617709]},"properties":{"type":"pakketpunt","locatieNaam":"TABACCHERIA N. 75","straatNaam":"VIA GUGLIELMO CIARDI 22","straatNr":"","vervoerder":"DHL","puntType":"parcelShop","bezettingsgraad":50,"latitude":40.617709,"longitude":17.92781,"canPickup":true,"canDropoff":true,"openingstijden":{"ma":"08:30 - 14:00, 17:00 - 22:00","di":"08:30 - 14:00, 17:00 - 22:00","wo":"08:30 - 14:00, 17:00 - 22:00","do":"08:30 - 14:00, 17:00 - 22:00","vr":"08:30 - 14:00, 17:00 - 22:00","za":"08:30 - 14:00, 17:00 - 22:00","zo":"gesloten"}}},{"type":"Feature","geometry":{"type":"Point","coordinates":[17.924273,40.625671]},"properties":{"type":"pakketpunt","locatieNaam":"TABACCHERIA n. 23","straatNaam":"VIALE PORTA PIA 78","straatNr":"","vervoerder":"DHL","puntType":"parcelShop","bezettingsgraad":50,"latitude":40.625671,"longitude":17.924273,"canPickup":true,"canDropoff":true,"openingstijden":{"ma":"07:30 - 13:00, 16:30 - 20:00","di":"07:30 - 13:00, 16:30 - 20:00","wo":"07:30 - 13:00, 16:30 - 20:00","do":"07:30 - 13:00, 16:30 - 20:00","vr":"07:30 - 13:00, 16:30 - 20:00","za":"07:30 - 13:00, 16:30 - 20:00","zo":"gesloten"}}},{"type":"Feature","geometry":{"type":"Point","coordinates":[17.924273,40.625961]},"properties":{"type":"pakketpunt","locatieNaam":"Ufficio Postale BRINDISI 7","straatNaam":"VIALE PORTA PIA 86","straatNr":"","vervoerder":"DHL","puntType":"postOffice","bezettingsgraad":50,"latitude":40.625961,"longitude":17.924273,"canPickup":true,"canDropoff":true,"openingstijden":{"ma":"08:20 - 13:35","di":"08:20 - 13:35","wo":"08:20 - 13:35","do":"08:20 - 13:35","vr":"08:20 - 13:35","za":"08:20 - 12:35","zo":"gesloten"}}},{"type":"Feature","geometry":{"type":"Point","coordinates":[17.92703,40.6252]},"properties":{"type":"pakketpunt","locatieNaam":"TABACCHERIA N. 49","straatNaam":"VIA BEZZECCA 5","straatNr":"","vervoerder":"DHL","puntType":"parcelShop","bezettingsgraad":50,"latitude":40.6252,"longitude":17.92703,"canPickup":true,"canDropoff":true,"openingstijden":{"ma":"08:30 - 13:00, 16:30 - 20:00","di":"08:30 - 13:00, 16:30 - 20:00","wo":"08:30 - 13:00, 16:30 - 20:00","do":"08:30 - 13:00, 16:30 - 20:00","vr":"08:30 - 13:00, 16:30 - 20:00","za":"08:30 - 13:00, 16:30 - 20:00","zo":"gesloten"}}},{"type":"Feature","geometry":{"type":"Point","coordinates":[17.925584,40.626403]},"properties":{"type":"pakketpunt","locatieNaam":"DISTRIBUTORE AUTOMATICO - 1","straatNaam":"VIA SOLFERINO 11","straatNr":"","vervoerder":"DHL","puntType":"packStation","bezettingsgraad":50,"latitude":40.626403,"longitude":17.925584,"canPickup":true,"canDropoff":true,"openingstijden":{"ma":"00:01 - 23:59","di":"00:01 - 23:59","wo":"00:01 - 23:59","do":"00:01 - 23:59","vr":"00:01 - 23:59","za":"00:01 - 23:59","zo":"00:01 - 23:59"}}},{"type":"Feature","geometry":{"type":"Point","coordinates":[17.928404,40.624904]},"properties":{"type":"pakketpunt","locatieNaam":"TECNOLOGIA E SERVIZI S.R.L.","straatNaam":"Via Palmiro Togliatti 22 32","straatNr":"","vervoerder":"DHL","puntType":"parcelShop","bezettingsgraad":50,"latitude":40.624904,"longitude":17.928404,"canPickup":false,"canDropoff":true,"openingstijden":{"ma":"09:00 - 19:30","di":"09:00 - 19:30","wo":"09:00 - 19:30","do":"09:00 - 19:30","vr":"09:00 - 19:30","za":"gesloten","zo":"gesloten"}}},{"type":"Feature","geometry":{"type":"Point","coordinates":[17.92335,40.628184]},"properties":{"type":"pakketpunt","locatieNaam":"TABACCHERIA N. 8","straatNaam":"VIA VERONA 32","straatNr":"","vervoerder":"DHL","puntType":"parcelShop","bezettingsgraad":50,"latitude":40.628184,"longitude":17.92335,"canPickup":true,"canDropoff":true,"openingstijden":{"ma":"09:00 - 13:00, 17:00 - 20:00","di":"09:00 - 13:00, 17:00 - 20:00","wo":"09:00 - 13:00, 17:00 - 20:00","do":"09:00 - 13:00, 17:00 - 20:00","vr":"09:00 - 13:00, 17:00 - 20:00","za":"09:00 - 13:00, 17:00 - 20:00","zo":"gesloten"}}},{"type":"Feature","geometry":{"type":"Point","coordinates":[17.932539,40.622018]},"properties":{"type":"pakketpunt","locatieNaam":"SAEDO","straatNaam":"VIA SANTANGELO 123","straatNr":"","vervoerder":"DHL","puntType":"parcelShop","bezettingsgraad":50,"latitude":40.622018,"longitude":17.932539,"canPickup":true,"canDropoff":true,"openingstijden":{"ma":"09:00 - 13:00, 17:00 - 19:00","di":"09:00 - 13:00, 17:00 - 19:00","wo":"09:00 - 13:00, 17:00 - 19:00","do":"09:00 - 13:00, 17:00 - 19:00","vr":"09:00 - 13:00","za":"09:00 - 13:00","zo":"gesloten"}}},{"type":"Feature","geometry":{"type":"Point","coordinates":[17.924592,40.62965]},"properties":{"type":"pakketpunt","locatieNaam":"POSTA POINT","straatNaam":"VIA DON TOMMASO STILE 5","straatNr":"","vervoerder":"DHL","puntType":"packStation","bezettingsgraad":50,"latitude":40.62965,"longitude":17.924592,"canPickup":true,"canDropoff":true,"openingstijden":{"ma":"09:00 - 13:00, 17:00 - 19:00","di":"09:00 - 13:00, 17:00 - 19:00","wo":"09:00 - 13:00, 17:00 - 19:00","do":"09:00 - 13:00, 17:00 - 19:00","vr":"09:00 - 13:00, 17:00 - 19:00","za":"09:00 - 13:00","zo":"gesloten"}}},{"type":"Feature","geometry":{"type":"Point","coordinates":[17.92374,40.63065]},"properties":{"type":"pakketpunt","locatieNaam":"VIDEOLINE","straatNaam":"Via Don Carlo Gnocchi 55","straatNr":"","vervoerder":"DHL","puntType":"parcelShop","bezettingsgraad":50,"latitude":40.63065,"longitude":17.92374,"canPickup":false,"canDropoff":true,"openingstijden":{"ma":"08:00 - 20:00","di":"08:00 - 20:00","wo":"08:00 - 20:00","do":"08:00 - 20:00","vr":"08:00 - 20:00","za":"08:00 - 20:00","zo":"gesloten"}}},{"type":"Feature","geometry":{"type":"Point","coordinates":[17.923608,40.630756]},"properties":{"type":"pakketpunt","locatieNaam":"TABACCHERIA N. 73","straatNaam":"VIA DON CARLO GNOCCHI 53","straatNr":"","vervoerder":"DHL","puntType":"parcelShop","bezettingsgraad":50,"latitude":40.630756,"longitude":17.923608,"canPickup":true,"canDropoff":true,"openingstijden":{"ma":"07:30 - 13:00, 16:30 - 20:00","di":"07:30 - 13:00, 16:30 - 20:00","wo":"07:30 - 13:00, 16:30 - 20:00","do":"07:30 - 13:00, 16:30 - 20:00","vr":"07:30 - 13:00, 16:30 - 20:00","za":"07:30 - 13:00, 16:30 - 20:00","zo":"gesloten"}}},{"type":"Feature","geometry":{"type":"Point","coordinates":[17.931821,40.626298]},"properties":{"type":"pakketpunt","locatieNaam":"TABACCHERIA N. 38","straatNaam":"VIALE ALDO MORO 139","straatNr":"","vervoerder":"DHL","puntType":"parcelShop","bezettingsgraad":50,"latitude":40.626298,"longitude":17.931821,"canPickup":true,"canDropoff":true,"openingstijden":{"ma":"08:00 - 13:00, 16:00 - 20:00","di":"08:00 - 13:00, 16:00 - 20:00","wo":"08:00 - 13:00, 16:00 - 20:00","do":"08:00 - 13:00, 16:00 - 20:00","vr":"08:00 - 13:00, 16:00 - 20:00","za":"08:00 - 13:00, 16:00 - 20:00","zo":"gesloten"}}},{"type":"Feature","geometry":{"type":"Point","coordinates":[17.926365,40.629964]},"properties":{"type":"pakketpunt","locatieNaam":"TABACCHERIA n. 22","straatNaam":"VIA APPIA 316","straatNr":"","vervoerder":"DHL","puntType":"parcelShop","bezettingsgraad":50,"latitude":40.629964,"longitude":17.926365,"canPickup":true,"canDropoff":true,"openingstijden":{"ma":"08:00 - 13:00, 16:30 - 20:00","di":"08:00 - 13:00, 16:30 - 20:00","wo":"08:00 - 13:00, 16:30 - 20:00","do":"08:00 - 13:00, 16:30 - 20:00","vr":"08:00 - 13:00, 16:30 - 20:00","za":"08:00 - 13:00, 16:30 - 20:00","zo":"gesloten"}}},{"type":"Feature","geometry":{"type":"Point","coordinates":[17.932049,40.628975]},"properties":{"type":"pakketpunt","locatieNaam":"SERVICE POINT BRINDISI","straatNaam":"PIAZZA VIRGILIO 2","straatNr":"","vervoerder":"DHL","puntType":"packStation","bezettingsgraad":50,"latitude":40.628975,"longitude":17.932049,"canPickup":true,"canDropoff":true,"openingstijden":{"ma":"08:00 - 13:00, 16:30 - 20:00","di":"08:00 - 13:00, 16:30 - 20:00","wo":"08:00 - 13:00, 16:30 - 20:00","do":"08:00 - 13:00, 16:30 - 20:00","vr":"08:00 - 13:00, 16:30 - 20:00","za":"08:30 - 13:00","zo":"gesloten"}}},{"type":"Feature","geometry":{"type":"Point","coordinates":[17.943491,40.620491]},"properties":{"type":"pakketpunt","locatieNaam":"TABACCHERIA n. 79","straatNaam":"VIA ISLANDA 123","straatNr":"","vervoerder":"DHL","puntType":"parcelShop","bezettingsgraad":50,"latitude":40.620491,"longitude":17.943491,"canPickup":true,"canDropoff":true,"openingstijden":{"ma":"07:30 - 13:00, 16:30 - 20:00","di":"07:30 - 13:00, 16:30 - 20:00","wo":"07:30 - 13:00, 16:30 - 20:00","do":"07:30 - 13:00, 16:30 - 20:00","vr":"07:30 - 13:00, 16:30 - 20:00","za":"07:30 - 13:00, 16:30 - 20:00","zo":"gesloten"}}},{"type":"Feature","geometry":{"type":"Point","coordinates":[17.943397,40.620713]},"properties":{"type":"pakketpunt","locatieNaam":"DISTRIBUTORE AUTOMATICO SER","straatNaam":"VIA ISLANDA 123-A","straatNr":"","vervoerder":"DHL","puntType":"packStation","bezettingsgraad":50,"latitude":40.620713,"longitude":17.943397,"canPickup":true,"canDropoff":true,"openingstijden":{"ma":"00:01 - 23:59","di":"00:01 - 23:59","wo":"00:01 - 23:59","do":"00:01 - 23:59","vr":"00:01 - 23:59","za":"00:01 - 23:59","zo":"00:01 - 23:59"}}},{"type":"Feature","geometry":{"type":"Point","coordinates":[17.941649,40.622403]},"properties":{"type":"pakketpunt","locatieNaam":"EDICOLA GRAN BRETAGNA","straatNaam":"VIALE GRAN BRETAGNA 3","straatNr":"","vervoerder":"DHL","puntType":"parcelShop","bezettingsgraad":50,"latitude":40.622403,"longitude":17.941649,"canPickup":true,"canDropoff":true,"openingstijden":{"ma":"09:30 - 13:00, 16:00 - 19:30","di":"09:30 - 13:00, 16:00 - 19:30","wo":"09:30 - 13:00, 16:00 - 19:30","do":"16:00 - 19:30","vr":"09:30 - 13:00, 16:00 - 19:30","za":"09:30 - 13:00","zo":"gesloten"}}},{"type":"Feature","geometry":{"type":"Point","coordinates":[17.930581,40.630945]},"properties":{"type":"pakketpunt","locatieNaam":"TABACCHERIA n. 88","straatNaam":"VIA ORAZIO FLACCO 38","straatNr":"","vervoerder":"DHL","puntType":"parcelShop","bezettingsgraad":50,"latitude":40.630945,"longitude":17.930581,"canPickup":true,"canDropoff":true,"openingstijden":{"ma":"08:00 - 13:00, 16:00 - 20:00","di":"08:00 - 13:00, 16:00 - 20:00","wo":"08:00 - 13:00, 16:00 - 20:00","do":"08:00 - 13:00, 16:00 - 20:00","vr":"08:00 - 13:00, 16:00 - 20:00","za":"08:00 - 13:00, 16:00 - 20:00","zo":"10:00 - 13:00"}}},{"type":"Feature","geometry":{"type":"Point","coordinates":[17.925908,40.633954]},"properties":{"type":"pakketpunt","locatieNaam":"DISTRIBUTORE AUTOMATICO - S","straatNaam":"VIA CAPPUCCINI 162","straatNr":"","vervoerder":"DHL","puntType":"packStation","bezettingsgraad":50,"latitude":40.633954,"longitude":17.925908,"canPickup":true,"canDropoff":true,"openingstijden":{"ma":"00:01 - 23:59","di":"00:01 - 23:59","wo":"00:01 - 23:59","do":"00:01 - 23:59","vr":"00:01 - 23:59","za":"00:01 - 23:59","zo":"00:01 - 23:59"}}},{"type":"Feature","geometry":{"type":"Point","coordinates":[17.940204,40.62449]},"properties":{"type":"pakketpunt","locatieNaam":"Ufficio Postale BRINDISI 9","straatNaam":"VIA GERMANIA 21","straatNr":"","vervoerder":"DHL","puntType":"postOffice","bezettingsgraad":50,"latitude":40.62449,"longitude":17.940204,"canPickup":true,"canDropoff":true,"openingstijden":{"ma":"08:30 - 13:35","di":"08:30 - 13:35","wo":"08:30 - 13:35","do":"08:30 - 13:35","vr":"08:30 - 13:35","za":"08:30 - 12:35","zo":"gesloten"}}},{"type":"Feature","geometry":{"type":"Point","coordinates":[17.926199,40.63435]},"properties":{"type":"pakketpunt","locatieNaam":"Ufficio Postale BRINDISI 2","straatNaam":"VIA CAPPUCCINI 132","straatNr":"","vervoerder":"DHL","puntType":"postOffice","bezettingsgraad":50,"latitude":40.63435,"longitude":17.926199,"canPickup":true,"canDropoff":true,"openingstijden":{"ma":"08:20 - 19:05","di":"08:20 - 19:05","wo":"08:20 - 19:05","do":"08:20 - 19:05","vr":"08:20 - 19:05","za":"08:20 - 12:35","zo":"gesloten"}}},{"type":"Feature","geometry":{"type":"Point","coordinates":[17.933837,40.630031]},"properties":{"type":"pakketpunt","locatieNaam":"Ufficio Postale BRINDISI 4","straatNaam":"VIALE COMMENDA 75","straatNr":"","vervoerder":"DHL","puntType":"postOffice","bezettingsgraad":50,"latitude":40.630031,"longitude":17.933837,"canPickup":true,"canDropoff":true,"openingstijden":{"ma":"08:20 - 19:05","di":"08:20 - 19:05","wo":"08:20 - 19:05","do":"08:20 - 19:05","vr":"08:20 - 19:05","za":"08:20 - 12:35","zo":"gesloten"}}},{"type":"Feature","geometry":{"type":"Point","coordinates":[17.937164,40.629058]},"properties":{"type":"pakketpunt","locatieNaam":"TABACCHERIA N. 17","straatNaam":"VIALE ALDO MORO 47","straatNr":"","vervoerder":"DHL","puntType":"parcelShop","bezettingsgraad":50,"latitude":40.629058,"longitude":17.937164,"canPickup":true,"canDropoff":true,"openingstijden":{"ma":"07:00 - 13:00, 16:00 - 20:00","di":"07:00 - 13:00, 16:00 - 20:00","wo":"07:00 - 13:00, 16:00 - 20:00","do":"07:00 - 13:00, 16:00 - 20:00","vr":"07:00 - 13:00, 16:00 - 20:00","za":"07:00 - 13:00, 16:00 - 20:00","zo":"gesloten"}}},{"type":"Feature","geometry":{"type":"Point","coordinates":[17.929662,40.635941]},"properties":{"type":"pakketpunt","locatieNaam":"TABACCHERIA N. 34","straatNaam":"VIA CAPPUCCINI 62","straatNr":"","vervoerder":"DHL","puntType":"parcelShop","bezettingsgraad":50,"latitude":40.635941,"longitude":17.929662,"canPickup":true,"canDropoff":true,"openingstijden":{"ma":"07:00 - 13:00, 16:00 - 20:00","di":"07:00 - 13:00, 16:00 - 20:00","wo":"07:00 - 13:00, 16:00 - 20:00","do":"07:00 - 13:00, 16:00 - 20:00","vr":"07:00 - 13:00, 16:00 - 20:00","za":"07:00 - 13:00, 16:00 - 20:00","zo":"gesloten"}}},{"type":"Feature","geometry":{"type":"Point","coordinates":[17.936648,40.6317]},"properties":{"type":"pakketpunt","locatieNaam":"TABACCHERIA N. 26","straatNaam":"VIALE COMMENDA 54","straatNr":"","vervoerder":"DHL","puntType":"parcelShop","bezettingsgraad":50,"latitude":40.6317,"longitude":17.936648,"canPickup":true,"canDropoff":true,"openingstijden":{"ma":"07:30 - 13:00, 15:00 - 20:30","di":"07:30 - 13:00, 15:00 - 20:30","wo":"07:30 - 13:00, 15:00 - 20:30","do":"07:30 - 13:00, 15:00 - 20:30","vr":"07:30 - 13:00, 15:00 - 20:30","za":"07:30 - 13:00, 15:00 - 20:30","zo":"gesloten"}}},{"type":"Feature","geometry":{"type":"Point","coordinates":[17.929009,40.63752]},"properties":{"type":"pakketpunt","locatieNaam":"TABACCHERIA N. 10","straatNaam":"VIA PROVINCIALE PER SAN VITO 167","straatNr":"","vervoerder":"DHL","puntType":"parcelShop","bezettingsgraad":50,"latitude":40.63752,"longitude":17.929009,"canPickup":true,"canDropoff":true,"openingstijden":{"ma":"06:30 - 13:00, 16:30 - 20:30","di":"06:30 - 13:00, 16:30 - 20:30","wo":"06:30 - 13:00, 16:30 - 20:30","do":"06:30 - 13:00, 16:30 - 20:30","vr":"06:30 - 13:00, 16:30 - 20:30","za":"06:30 - 13:00, 16:30 - 20:30","zo":"gesloten"}}},{"type":"Feature","geometry":{"type":"Point","coordinates":[17.933087,40.637006]},"properties":{"type":"pakketpunt","locatieNaam":"Kipoint VIA OSANNA","straatNaam":"VIA OSANNA 65","straatNr":"","vervoerder":"DHL","puntType":"parcelShop","bezettingsgraad":50,"latitude":40.637006,"longitude":17.933087,"canPickup":true,"canDropoff":true,"openingstijden":{"ma":"09:30 - 12:30, 15:30 - 18:30","di":"09:30 - 12:30, 15:30 - 18:30","wo":"09:30 - 12:30, 15:30 - 18:30","do":"09:30 - 12:30, 15:30 - 18:30","vr":"09:30 - 12:30, 15:30 - 18:30","za":"09:30 - 12:30","zo":"gesloten"}}},{"type":"Feature","geometry":{"type":"Point","coordinates":[17.920778,40.644589]},"properties":{"type":"pakketpunt","locatieNaam":"TABACCHERIA N. 20","straatNaam":"VIA PROVINCIALE PER SAN VITO 132","straatNr":"","vervoerder":"DHL","puntType":"parcelShop","bezettingsgraad":50,"latitude":40.644589,"longitude":17.920778,"canPickup":true,"canDropoff":true,"openingstijden":{"ma":"07:30 - 13:00, 17:00 - 20:00","di":"07:30 - 13:00, 17:00 - 20:00","wo":"07:30 - 13:00, 17:00 - 20:00","do":"07:30 - 13:00, 17:00 - 20:00","vr":"07:30 - 13:00, 17:00 - 20:00","za":"07:30 - 13:00, 17:00 - 20:00","zo":"gesloten"}}},{"type":"Feature","geometry":{"type":"Point","coordinates":[17.951146,40.631312]},"properties":{"type":"pakketpunt","locatieNaam":"TABACCHERIA N. 21","straatNaam":"VIALE ARNO 16","straatNr":"","vervoerder":"DHL","puntType":"parcelShop","bezettingsgraad":50,"latitude":40.631312,"longitude":17.951146,"canPickup":true,"canDropoff":true,"openingstijden":{"ma":"07:00 - 13:15, 15:00 - 19:30","di":"07:00 - 13:15, 15:00 - 19:30","wo":"07:00 - 13:15, 15:00 - 19:30","do":"07:00 - 13:15, 15:00 - 19:30","vr":"07:00 - 13:15, 15:00 - 19:30","za":"07:00 - 13:15, 15:00 - 19:30","zo":"08:00 - 12:30"}}},{"type":"Feature","geometry":{"type":"Point","coordinates":[17.9468,40.631913]},"properties":{"type":"pakketpunt","locatieNaam":"TABACCHERIA TAVERI","straatNaam":"Via Spalato, 27","straatNr":"","vervoerder":"DHL","puntType":"parcelShop","bezettingsgraad":50,"latitude":40.631913,"longitude":17.9468,"canPickup":false,"canDropoff":true,"openingstijden":{"ma":"07:30 - 20:00","di":"07:30 - 20:00","wo":"07:30 - 20:00","do":"07:30 - 20:00","vr":"07:30 - 20:00","za":"07:30 - 20:00","zo":"gesloten"}}},{"type":"Feature","geometry":{"type":"Point","coordinates":[17.947454,40.63289]},"properties":{"type":"pakketpunt","locatieNaam":"TABACCHERIA N. 54","straatNaam":"VIA SPALATO 27","straatNr":"","vervoerder":"DHL","puntType":"parcelShop","bezettingsgraad":50,"latitude":40.63289,"longitude":17.947454,"canPickup":true,"canDropoff":true,"openingstijden":{"ma":"07:30 - 21:00","di":"07:30 - 21:00","wo":"07:30 - 21:00","do":"07:30 - 21:00","vr":"07:30 - 21:00","za":"07:30 - 21:00","zo":"gesloten"}}},{"type":"Feature","geometry":{"type":"Point","coordinates":[17.942403,40.63338]},"properties":{"type":"pakketpunt","locatieNaam":"TABACCHERIA N. 2","straatNaam":"CORSO ROMA 121","straatNr":"","vervoerder":"DHL","puntType":"parcelShop","bezettingsgraad":50,"latitude":40.63338,"longitude":17.942403,"canPickup":true,"canDropoff":true,"openingstijden":{"ma":"07:45 - 13:00, 16:30 - 20:00","di":"07:45 - 13:00, 16:30 - 20:00","wo":"07:45 - 13:00, 16:30 - 20:00","do":"07:45 - 13:00, 16:30 - 20:00","vr":"07:45 - 13:00, 16:30 - 20:00","za":"07:45 - 13:00, 16:30 - 20:00","zo":"gesloten"}}},{"type":"Feature","geometry":{"type":"Point","coordinates":[17.944414,40.635513]},"properties":{"type":"pakketpunt","locatieNaam":"TABACCHERIA N. 4","straatNaam":"CORSO ROMA 59","straatNr":"","vervoerder":"DHL","puntType":"parcelShop","bezettingsgraad":50,"latitude":40.635513,"longitude":17.944414,"canPickup":true,"canDropoff":true,"openingstijden":{"ma":"08:00 - 13:00, 16:30 - 20:30","di":"08:00 - 13:00, 16:30 - 20:30","wo":"08:00 - 13:00, 16:30 - 20:30","do":"08:00 - 13:00, 16:30 - 20:30","vr":"08:00 - 13:00, 16:30 - 20:30","za":"08:00 - 13:00, 16:30 - 20:30","zo":"gesloten"}}},{"type":"Feature","geometry":{"type":"Point","coordinates":[17.945413,40.636992]},"properties":{"type":"pakketpunt","locatieNaam":"COVERLAND","straatNaam":"CORSO UMBERTO I 10","straatNr":"","vervoerder":"DHL","puntType":"parcelShop","bezettingsgraad":50,"latitude":40.636992,"longitude":17.945413,"canPickup":true,"canDropoff":true,"openingstijden":{"ma":"09:00 - 13:00, 17:00 - 20:30","di":"09:00 - 13:00, 17:00 - 20:30","wo":"09:00 - 13:00, 17:00 - 20:30","do":"09:00 - 13:00, 17:00 - 20:30","vr":"09:00 - 13:00, 17:00 - 20:30","za":"09:00 - 13:00","zo":"gesloten"}}},{"type":"Feature","geometry":{"type":"Point","coordinates":[17.943589,40.636115]},"properties":{"type":"pakketpunt","locatieNaam":"TABACCHERIA N. 9","straatNaam":"CORSO UMBERTO I 81","straatNr":"","vervoerder":"DHL","puntType":"parcelShop","bezettingsgraad":50,"latitude":40.636115,"longitude":17.943589,"canPickup":true,"canDropoff":true,"openingstijden":{"ma":"08:00 - 13:00, 16:00 - 20:30","di":"08:00 - 13:00, 16:00 - 20:30","wo":"08:00 - 13:00, 16:00 - 20:30","do":"08:00 - 13:00, 16:00 - 20:30","vr":"08:00 - 13:00, 16:00 - 20:30","za":"08:00 - 13:00, 16:00 - 20:30","zo":"gesloten"}}},{"type":"Feature","geometry":{"type":"Point","coordinates":[17.9404,40.63484]},"properties":{"type":"pakketpunt","locatieNaam":"ALI CALL POINT","straatNaam":"Corso Umberto I 130","straatNr":"","vervoerder":"DHL","puntType":"parcelShop","bezettingsgraad":50,"latitude":40.63484,"longitude":17.9404,"canPickup":false,"canDropoff":true,"openingstijden":{"ma":"09:00 - 20:00","di":"09:00 - 20:00","wo":"09:00 - 20:00","do":"09:00 - 20:00","vr":"09:00 - 20:00","za":"09:00 - 20:00","zo":"gesloten"}}},{"type":"Feature","geometry":{"type":"Point","coordinates":[17.939834,40.634906]},"properties":{"type":"pakketpunt","locatieNaam":"TABACCHERIA N. 44","straatNaam":"VIA BASTIONI SAN GIORGIO 12-A","straatNr":"","vervoerder":"DHL","puntType":"parcelShop","bezettingsgraad":50,"latitude":40.634906,"longitude":17.939834,"canPickup":true,"canDropoff":true,"openingstijden":{"ma":"08:00 - 13:30, 16:00 - 20:30","di":"08:00 - 13:30, 16:00 - 20:30","wo":"08:00 - 13:30, 16:00 - 20:30","do":"08:00 - 13:30, 16:00 - 20:30","vr":"08:00 - 13:30, 16:00 - 20:30","za":"08:00 - 13:30, 16:00 - 20:30","zo":"gesloten"}}},{"type":"Feature","geometry":{"type":"Point","coordinates":[17.937079,40.635689]},"properties":{"type":"pakketpunt","locatieNaam":"TABACCHERIA N. 14","straatNaam":"VIA OSANNA 4","straatNr":"","vervoerder":"DHL","puntType":"parcelShop","bezettingsgraad":50,"latitude":40.635689,"longitude":17.937079,"canPickup":true,"canDropoff":true,"openingstijden":{"ma":"07:30 - 13:00, 16:30 - 20:00","di":"07:30 - 13:00, 16:30 - 20:00","wo":"07:30 - 13:00, 16:30 - 20:00","do":"07:30 - 13:00, 16:30 - 20:00","vr":"07:30 - 13:00, 16:30 - 20:00","za":"07:30 - 13:00, 16:30 - 19:45","zo":"gesloten"}}},{"type":"Feature","geometry":{"type":"Point","coordinates":[17.946748,40.641418]},"properties":{"type":"pakketpunt","locatieNaam":"TABACCHERIA N. 5","straatNaam":"VIALE REGINA MARGHERITA 14","straatNr":"","vervoerder":"DHL","puntType":"parcelShop","bezettingsgraad":50,"latitude":40.641418,"longitude":17.946748,"canPickup":true,"canDropoff":true,"openingstijden":{"ma":"08:30 - 13:00, 16:30 - 22:36","di":"08:30 - 13:00, 16:30 - 22:36","wo":"08:30 - 13:00, 16:30 - 22:36","do":"08:30 - 13:00, 16:30 - 22:36","vr":"08:30 - 13:00, 16:30 - 22:36","za":"08:30 - 13:00, 16:30 - 22:36","zo":"08:30 - 13:00, 16:30 - 22:36"}}},{"type":"Feature","geometry":{"type":"Point","coordinates":[17.94318,40.63969]},"properties":{"type":"pakketpunt","locatieNaam":"TABACCHERIA N. 3","straatNaam":"PIAZZA DANTE 12","straatNr":"","vervoerder":"DHL","puntType":"parcelShop","bezettingsgraad":50,"latitude":40.63969,"longitude":17.94318,"canPickup":true,"canDropoff":true,"openingstijden":{"ma":"09:00 - 13:00, 16:30 - 20:30","di":"09:00 - 13:00, 16:30 - 20:30","wo":"09:00 - 13:00, 16:30 - 20:30","do":"09:00 - 13:00, 16:30 - 20:30","vr":"09:00 - 13:00, 16:30 - 20:30","za":"09:00 - 13:00, 16:30 - 20:30","zo":"gesloten"}}},{"type":"Feature","geometry":{"type":"Point","coordinates":[17.94502,40.64209]},"properties":{"type":"pakketpunt","locatieNaam":"AGENZIA POSEIDONE","straatNaam":"Regina Margherita, 50","straatNr":"","vervoerder":"DHL","puntType":"parcelShop","bezettingsgraad":50,"latitude":40.64209,"longitude":17.94502,"canPickup":false,"canDropoff":true,"openingstijden":{"ma":"08:30 - 19:30","di":"08:30 - 19:30","wo":"08:30 - 19:30","do":"08:30 - 19:30","vr":"08:30 - 19:30","za":"gesloten","zo":"gesloten"}}},{"type":"Feature","geometry":{"type":"Point","coordinates":[17.915107,40.648714]},"properties":{"type":"pakketpunt","locatieNaam":"TABACCHERIA n. 41","straatNaam":"VIA GIOSUE CARDUCCI 55","straatNr":"","vervoerder":"DHL","puntType":"parcelShop","bezettingsgraad":50,"latitude":40.648714,"longitude":17.915107,"canPickup":true,"canDropoff":true,"openingstijden":{"ma":"08:00 - 13:00, 16:30 - 20:00","di":"08:00 - 13:00, 16:30 - 20:00","wo":"08:00 - 13:30, 16:30 - 20:00","do":"08:00 - 13:30, 16:30 - 20:00","vr":"08:00 - 13:30, 16:30 - 20:00","za":"08:00 - 13:30, 16:30 - 20:00","zo":"gesloten"}}},{"type":"Feature","geometry":{"type":"Point","coordinates":[17.940432,40.645055]},"properties":{"type":"pakketpunt","locatieNaam":"TABACCHERIA N. 25","straatNaam":"VIA PRIMO LONGOBARDO 11","straatNr":"","vervoerder":"DHL","puntType":"parcelShop","bezettingsgraad":50,"latitude":40.645055,"longitude":17.940432,"canPickup":true,"canDropoff":true,"openingstijden":{"ma":"10:00 - 12:00, 17:30 - 19:00","di":"10:00 - 12:00, 17:30 - 19:00","wo":"10:00 - 12:00, 17:30 - 19:00","do":"10:00 - 12:00, 17:30 - 19:00","vr":"10:00 - 12:00, 17:30 - 19:00","za":"10:00 - 12:00, 17:30 - 19:00","zo":"gesloten"}}},{"type":"Feature","geometry":{"type":"Point","coordinates":[17.956801,40.656083]},"properties":{"type":"pakketpunt","locatieNaam":"TABACCHERIA N. 90","straatNaam":"VIA MATERDOMINI 45-E","straatNr":"","vervoerder":"DHL","puntType":"parcelShop","bezettingsgraad":50,"latitude":40.656083,"longitude":17.956801,"canPickup":true,"canDropoff":true,"openingstijden":{"ma":"08:00 - 12:00, 16:00 - 20:00","di":"08:00 - 12:00, 16:00 - 20:00","wo":"gesloten","do":"08:00 - 12:00, 16:00 - 20:00","vr":"08:00 - 12:00, 16:00 - 20:00","za":"08:00 - 12:00, 16:00 - 20:00","zo":"gesloten"}}},{"type":"Feature","geometry":{"type":"Point","coordinates":[17.9017441,40.6184008]},"properties":{"type":"pakketpunt","locatieNaam":"Giunti al Punto","straatNaam":"S.s. 7 Appia - Unita' 40","straatNr":"","vervoerder":"Amazon","puntType":"helix","bezettingsgraad":50,"latitude":40.6184008,"longitude":17.9017441,"canPickup":true,"canDropoff":false,"openingstijden":null}},{"type":"Feature","geometry":{"type":"Point","coordinates":[17.9152216,40.6204916]},"properties":{"type":"pakketpunt","locatieNaam":"Amazon Locker - cunegonda","straatNaam":"PENNY MARKET - BRINDISI","straatNr":"","vervoerder":"Amazon","puntType":"locker","bezettingsgraad":50,"latitude":40.6204916,"longitude":17.9152216,"canPickup":true,"canDropoff":false,"openingstijden":null}},{"type":"Feature","geometry":{"type":"Point","coordinates":[17.9158784,40.6221561]},"properties":{"type":"pakketpunt","locatieNaam":"Amazon Locker - benildo","straatNaam":"SVICOM Centro Commerciale Brinpark","straatNr":"","vervoerder":"Amazon","puntType":"locker","bezettingsgraad":50,"latitude":40.6221561,"longitude":17.9158784,"canPickup":true,"canDropoff":false,"openingstijden":null}},{"type":"Feature","geometry":{"type":"Point","coordinates":[17.916694,40.620644]},"properties":{"type":"pakketpunt","locatieNaam":"Amazon Counter - RAFFAELLO SNACK BAR","straatNaam":"PIAZZA RAFFAELLO 5","straatNr":"","vervoerder":"Amazon","puntType":"helix","bezettingsgraad":50,"latitude":40.620644,"longitude":17.916694,"canPickup":true,"canDropoff":false,"openingstijden":null}},{"type":"Feature","geometry":{"type":"Point","coordinates":[17.930985,40.625225]},"properties":{"type":"pakketpunt","locatieNaam":"Amazon Locker - aquilone","straatNaam":"Stazione IP - Brindisi - Sant'Angelo 4/C (40253)","straatNr":"","vervoerder":"Amazon","puntType":"locker","bezettingsgraad":50,"latitude":40.625225,"longitude":17.930985,"canPickup":true,"canDropoff":false,"openingstijden":null}},{"type":"Feature","geometry":{"type":"Point","coordinates":[17.9375148,40.6321318]},"properties":{"type":"pakketpunt","locatieNaam":"Amazon Locker - aleandra","straatNaam":"ENEL Brindisi","straatNr":"","vervoerder":"Amazon","puntType":"locker","bezettingsgraad":50,"latitude":40.6321318,"longitude":17.9375148,"canPickup":true,"canDropoff":false,"openingstijden":null}},{"type":"Feature","geometry":{"type":"Point","coordinates":[17.91731072999,40.6206085001917]},"properties":{"type":"pakketpunt","locatieNaam":"Amazon Counter (fermopoint)","straatNaam":"Tabacchi n.76 Brindisi","straatNr":"","vervoerder":"Amazon","puntType":"helix","bezettingsgraad":50,"latitude":40.6206085001917,"longitude":17.91731072999,"canPickup":true,"canDropoff":false,"openingstijden":null}},{"type":"Feature","geometry":{"type":"Point","coordinates":[17.932293,40.629074]},"properties":{"type":"pakketpunt","locatieNaam":"Amazon Counter - OLD DREAM CAFE'","straatNaam":"PIAZZA VIRGILIO 1","straatNr":"","vervoerder":"Amazon","puntType":"helix","bezettingsgraad":50,"latitude":40.629074,"longitude":17.932293,"canPickup":true,"canDropoff":false,"openingstijden":null}},{"type":"Feature","geometry":{"type":"Point","coordinates":[17.9151,40.6201]},"properties":{"type":"pakketpunt","locatieNaam":"Ufficio Postale BRINDISI 8","straatNaam":"VIA MANTEGNA ANDREA SNC 1","straatNr":"","vervoerder":"Amazon","puntType":"3p","bezettingsgraad":50,"latitude":40.6201,"longitude":17.9151,"canPickup":true,"canDropoff":false,"openingstijden":null}},{"type":"Feature","geometry":{"type":"Point","coordinates":[17.956236,40.640056]},"properties":{"type":"pakketpunt","locatieNaam":"Amazon Locker - oise","straatNaam":"Euroapi Italy Brindisi","straatNr":"","vervoerder":"Amazon","puntType":"locker","bezettingsgraad":50,"latitude":40.640056,"longitude":17.956236,"canPickup":true,"canDropoff":false,"openingstijden":null}},{"type":"Feature","geometry":{"type":"Point","coordinates":[17.9237354,40.6305726]},"properties":{"type":"pakketpunt","locatieNaam":"Amazon Counter - Tabaccheria 73","straatNaam":"Via Don Carlo Gnocchi, 53","straatNr":"","vervoerder":"Amazon","puntType":"helix","bezettingsgraad":50,"latitude":40.6305726,"longitude":17.9237354,"canPickup":true,"canDropoff":false,"openingstijden":null}},{"type":"Feature","geometry":{"type":"Point","coordinates":[17.924518,40.629613]},"properties":{"type":"pakketpunt","locatieNaam":"Amazon Counter","straatNaam":"Posta Point-Brindisi  (fermopoint)","straatNr":"","vervoerder":"Amazon","puntType":"helix","bezettingsgraad":50,"latitude":40.629613,"longitude":17.924518,"canPickup":true,"canDropoff":false,"openingstijden":null}},{"type":"Feature","geometry":{"type":"Point","coordinates":[17.924713,40.628873]},"properties":{"type":"pakketpunt","locatieNaam":"Amazon Counter - Enilive Station (n.19201)","straatNaam":"VIA APPIA 229","straatNr":"","vervoerder":"Amazon","puntType":"helix","bezettingsgraad":50,"latitude":40.628873,"longitude":17.924713,"canPickup":true,"canDropoff":false,"openingstijden":null}},{"type":"Feature","geometry":{"type":"Point","coordinates":[17.93248,40.621932]},"properties":{"type":"pakketpunt","locatieNaam":"Amazon Counter","straatNaam":"Saedo Multiservizi (fermopoint)","straatNr":"","vervoerder":"Amazon","puntType":"helix","bezettingsgraad":50,"latitude":40.621932,"longitude":17.93248,"canPickup":true,"canDropoff":false,"openingstijden":null}},{"type":"Feature","geometry":{"type":"Point","coordinates":[17.9236,40.6307]},"properties":{"type":"pakketpunt","locatieNaam":"PuntoPoste TABACCHERIA N. 73","straatNaam":"VIA DON CARLO GNOCCHI 53","straatNr":"","vervoerder":"Amazon","puntType":"3p","bezettingsgraad":50,"latitude":40.6307,"longitude":17.9236,"canPickup":true,"canDropoff":false,"openingstijden":null}},{"type":"Feature","geometry":{"type":"Point","coordinates":[17.931472,40.628094]},"properties":{"type":"pakketpunt","locatieNaam":"Amazon Counter - TABACCHERIA","straatNaam":"PIAZZA JAPIGIA 1","straatNr":"","vervoerder":"Amazon","puntType":"helix","bezettingsgraad":50,"latitude":40.628094,"longitude":17.931472,"canPickup":true,"canDropoff":false,"openingstijden":null}},{"type":"Feature","geometry":{"type":"Point","coordinates":[17.93296,40.63349]},"properties":{"type":"pakketpunt","locatieNaam":"Amazon Counter - Peddy bar","straatNaam":"Via Appia 107-105","straatNr":"","vervoerder":"Amazon","puntType":"helix","bezettingsgraad":50,"latitude":40.63349,"longitude":17.93296,"canPickup":true,"canDropoff":false,"openingstijden":null}},{"type":"Feature","geometry":{"type":"Point","coordinates":[17.9290804,40.6310935]},"properties":{"type":"pakketpunt","locatieNaam":"Amazon Counter - Game time","straatNaam":"Via Cicerone 41b","straatNr":"","vervoerder":"Amazon","puntType":"helix","bezettingsgraad":50,"latitude":40.6310935,"longitude":17.9290804,"canPickup":true,"canDropoff":false,"openingstijden":null}},{"type":"Feature","geometry":{"type":"Point","coordinates":[17.935754,40.632426]},"properties":{"type":"pakketpunt","locatieNaam":"Amazon Counter - Autoscuola Bascià srls","straatNaam":"Via Seneca 31","straatNr":"","vervoerder":"Amazon","puntType":"helix","bezettingsgraad":50,"latitude":40.632426,"longitude":17.935754,"canPickup":true,"canDropoff":false,"openingstijden":null}},{"type":"Feature","geometry":{"type":"Point","coordinates":[17.9468,40.6319125]},"properties":{"type":"pakketpunt","locatieNaam":"Amazon Counter (fermopoint)","straatNaam":"Tavacchi","straatNr":"","vervoerder":"Amazon","puntType":"helix","bezettingsgraad":50,"latitude":40.6319125,"longitude":17.9468,"canPickup":true,"canDropoff":false,"openingstijden":null}},{"type":"Feature","geometry":{"type":"Point","coordinates":[17.943454,40.6205371]},"properties":{"type":"pakketpunt","locatieNaam":"Amazon Counter (fermopoint)","straatNaam":"Tabaccheria Mognato Silvia","straatNr":"","vervoerder":"Amazon","puntType":"helix","bezettingsgraad":50,"latitude":40.6205371,"longitude":17.943454,"canPickup":true,"canDropoff":false,"openingstijden":null}},{"type":"Feature","geometry":{"type":"Point","coordinates":[17.945383,40.63703]},"properties":{"type":"pakketpunt","locatieNaam":"Amazon Counter","straatNaam":"Coverland (fermopoint)","straatNr":"","vervoerder":"Amazon","puntType":"helix","bezettingsgraad":50,"latitude":40.63703,"longitude":17.945383,"canPickup":true,"canDropoff":false,"openingstijden":null}},{"type":"Feature","geometry":{"type":"Point","coordinates":[17.94244,40.63373]},"properties":{"type":"pakketpunt","locatieNaam":"Amazon Counter","straatNaam":"Essedi Shop (fermopoint)","straatNr":"","vervoerder":"Amazon","puntType":"helix","bezettingsgraad":50,"latitude":40.63373,"longitude":17.94244,"canPickup":true,"canDropoff":false,"openingstijden":null}},{"type":"Feature","geometry":{"type":"Point","coordinates":[17.941542,40.633158]},"properties":{"type":"pakketpunt","locatieNaam":"Amazon Counter - 3 Store - Fragrance","straatNaam":"Via Indipendenza 46","straatNr":"","vervoerder":"Amazon","puntType":"helix","bezettingsgraad":50,"latitude":40.633158,"longitude":17.941542,"canPickup":true,"canDropoff":false,"openingstijden":null}},{"type":"Feature","geometry":{"type":"Point","coordinates":[17.928105,40.635381]},"properties":{"type":"pakketpunt","locatieNaam":"Amazon Counter","straatNaam":"WindTre-Brindisi (fermopoint)","straatNr":"","vervoerder":"Amazon","puntType":"helix","bezettingsgraad":50,"latitude":40.635381,"longitude":17.928105,"canPickup":true,"canDropoff":false,"openingstijden":null}},{"type":"Feature","geometry":{"type":"Point","coordinates":[17.91539,40.648984]},"properties":{"type":"pakketpunt","locatieNaam":"Amazon Counter - TABACCHERIA RICEVITORIA LOTTO","straatNaam":"VIA CARDUCCI 55","straatNr":"","vervoerder":"Amazon","puntType":"helix","bezettingsgraad":50,"latitude":40.648984,"longitude":17.91539,"canPickup":true,"canDropoff":false,"openingstijden":null}},{"type":"Feature","geometry":{"type":"Point","coordinates":[17.940445,40.649046]},"properties":{"type":"pakketpunt","locatieNaam":"Amazon Counter - BAR STAZIONE DI SERVIZIO Q8","straatNaam":"VIA U MADDALENA 3","straatNr":"","vervoerder":"Amazon","puntType":"helix","bezettingsgraad":50,"latitude":40.649046,"longitude":17.940445,"canPickup":true,"canDropoff":false,"openingstijden":null}},{"type":"Feature","geometry":{"type":"Point","coordinates":[17.9151,40.6487]},"properties":{"type":"pakketpunt","locatieNaam":"PuntoPoste TABACCHERIA n. 41","straatNaam":"VIA GIOSUE' CARDUCCI 55","straatNr":"","vervoerder":"Amazon","puntType":"3p","bezettingsgraad":50,"latitude":40.6487,"longitude":17.9151,"canPickup":true,"canDropoff":false,"openingstijden":null}},{"type":"Feature","geometry":{"type":"Point","coordinates":[17.9568,40.656]},"properties":{"type":"pakketpunt","locatieNaam":"PuntoPoste TABACCHERIA N. 90","straatNaam":"VIA MATERDOMINI 45/E","straatNr":"","vervoerder":"Amazon","puntType":"3p","bezettingsgraad":50,"latitude":40.656,"longitude":17.9568,"canPickup":true,"canDropoff":false,"openingstijden":null}},{"type":"Feature","geometry":{"type":"Point","coordinates":[17.943287,40.645459]},"properties":{"type":"pakketpunt","locatieNaam":"Amazon Counter","straatNaam":"Pc e Stuti-Assistenza Informatica (fermopoint)","straatNr":"","vervoerder":"Amazon","puntType":"helix","bezettingsgraad":50,"latitude":40.645459,"longitude":17.943287,"canPickup":true,"canDropoff":false,"openingstijden":null}},{"type":"Feature","geometry":{"type":"Point","coordinates":[17.947415,40.544594]},"properties":{"type":"pakketpunt","locatieNaam":"Amazon Counter - PRIMAEDICOLA","straatNaam":"DE MICHELE BENEDETTA","straatNr":"","vervoerder":"Amazon","puntType":"helix","bezettingsgraad":50,"latitude":40.544594,"longitude":17.947415,"canPickup":true,"canDropoff":false,"openingstijden":null}},{"type":"Feature","geometry":{"type":"Point","coordinates":[17.9473,40.5447]},"properties":{"type":"pakketpunt","locatieNaam":"Ufficio Postale TUTURANO","straatNaam":"VIA STAZIONE 9","straatNr":"","vervoerder":"Amazon","puntType":"3p","bezettingsgraad":50,"latitude":40.5447,"longitude":17.9473,"canPickup":true,"canDropoff":false,"openingstijden":null}},{"type":"Feature","geometry":{"type":"Point","coordinates":[17.947,40.5455]},"properties":{"type":"pakketpunt","locatieNaam":"PuntoPoste TABACCHERIA N. 13","straatNaam":"VIA VITTORIO EMANUELE II 54","straatNr":"","vervoerder":"Amazon","puntType":"3p","bezettingsgraad":50,"latitude":40.5455,"longitude":17.947,"canPickup":true,"canDropoff":false,"openingstijden":null}},{"type":"Feature","geometry":{"type":"Point","coordinates":[17.936302,40.631525]},"properties":{"type":"pakketpunt","locatieNaam":"Amazon Counter - SCUOLA UFFICIO","straatNaam":"VIALE COMMENDA 66","straatNr":"","vervoerder":"Amazon","puntType":"helix","bezettingsgraad":50,"latitude":40.631525,"longitude":17.936302,"canPickup":true,"canDropoff":false,"openingstijden":null}},{"type":"Feature","geometry":{"type":"Point","coordinates":[17.93686,40.631736]},"properties":{"type":"pakketpunt","locatieNaam":"Amazon Counter - PRIMAEDICOLA","straatNaam":"DURSO RAMONA","straatNr":"","vervoerder":"Amazon","puntType":"helix","bezettingsgraad":50,"latitude":40.631736,"longitude":17.93686,"canPickup":true,"canDropoff":false,"openingstijden":null}},{"type":"Feature","geometry":{"type":"Point","coordinates":[17.9370369,40.6317946]},"properties":{"type":"pakketpunt","locatieNaam":"Amazon Counter","straatNaam":"Posta Centrale-Brindisi (fermopoint)","straatNr":"","vervoerder":"Amazon","puntType":"helix","bezettingsgraad":50,"latitude":40.6317946,"longitude":17.9370369,"canPickup":true,"canDropoff":false,"openingstijden":null}},{"type":"Feature","geometry":{"type":"Point","coordinates":[17.9371,40.629]},"properties":{"type":"pakketpunt","locatieNaam":"PuntoPoste TABACCHERIA N. 17","straatNaam":"VIALE ALDO MORO 47","straatNr":"","vervoerder":"Amazon","puntType":"3p","bezettingsgraad":50,"latitude":40.629,"longitude":17.9371,"canPickup":true,"canDropoff":false,"openingstijden":null}},{"type":"Feature","geometry":{"type":"Point","coordinates":[17.9366695,40.6355604]},"properties":{"type":"pakketpunt","locatieNaam":"Amazon Locker - jennifer.","straatNaam":"Cartoleria via Appia","straatNr":"","vervoerder":"Amazon","puntType":"locker","bezettingsgraad":50,"latitude":40.6355604,"longitude":17.9366695,"canPickup":true,"canDropoff":false,"openingstijden":null}},{"type":"Feature","geometry":{"type":"Point","coordinates":[17.937,40.6356]},"properties":{"type":"pakketpunt","locatieNaam":"PuntoPoste TABACCHERIA N. 14","straatNaam":"VIA OSANNA 4","straatNr":"","vervoerder":"Amazon","puntType":"3p","bezettingsgraad":50,"latitude":40.6356,"longitude":17.937,"canPickup":true,"canDropoff":false,"openingstijden":null}},{"type":"Feature","geometry":{"type":"Point","coordinates":[17.9424,40.6333]},"properties":{"type":"pakketpunt","locatieNaam":"PuntoPoste TABACCHERIA N. 2","straatNaam":"CORSO ROMA 121","straatNr":"","vervoerder":"Amazon","puntType":"3p","bezettingsgraad":50,"latitude":40.6333,"longitude":17.9424,"canPickup":true,"canDropoff":false,"openingstijden":null}},{"type":"Feature","geometry":{"type":"Point","coordinates":[17.9305,40.6309]},"properties":{"type":"pakketpunt","locatieNaam":"PuntoPoste TABACCHERIA n. 88","straatNaam":"VIA ORAZIO FLACCO 38","straatNr":"","vervoerder":"Amazon","puntType":"3p","bezettingsgraad":50,"latitude":40.6309,"longitude":17.9305,"canPickup":true,"canDropoff":false,"openingstijden":null}},{"type":"Feature","geometry":{"type":"Point","coordinates":[17.94026,40.63484]},"properties":{"type":"pakketpunt","locatieNaam":"Amazon Counter - mobile shop ","straatNaam":"CORSO UMBERTO I, 130","straatNr":"","vervoerder":"Amazon","puntType":"helix","bezettingsgraad":50,"latitude":40.63484,"longitude":17.94026,"canPickup":true,"canDropoff":false,"openingstijden":null}},{"type":"Feature","geometry":{"type":"Point","coordinates":[17.9318,40.6262]},"properties":{"type":"pakketpunt","locatieNaam":"PuntoPoste TABACCHERIA N. 38","straatNaam":"VIALE ALDO MORO 139","straatNr":"","vervoerder":"Amazon","puntType":"3p","bezettingsgraad":50,"latitude":40.6262,"longitude":17.9318,"canPickup":true,"canDropoff":false,"openingstijden":null}},{"type":"Feature","geometry":{"type":"Point","coordinates":[17.9402,40.6244]},"properties":{"type":"pakketpunt","locatieNaam":"Ufficio Postale BRINDISI 9","straatNaam":"VIA GERMANIA 21","straatNr":"","vervoerder":"Amazon","puntType":"3p","bezettingsgraad":50,"latitude":40.6244,"longitude":17.9402,"canPickup":true,"canDropoff":false,"openingstijden":null}},{"type":"Feature","geometry":{"type":"Point","coordinates":[17.9278,40.6177]},"properties":{"type":"pakketpunt","locatieNaam":"PuntoPoste TABACCHERIA N. 75","straatNaam":"VIA GUGLIELMO CIARDI 22","straatNr":"","vervoerder":"Amazon","puntType":"3p","bezettingsgraad":50,"latitude":40.6177,"longitude":17.9278,"canPickup":true,"canDropoff":false,"openingstijden":null}},{"type":"Feature","geometry":{"type":"Point","coordinates":[17.94643899999999,40.63756799999999]},"properties":{"type":"pakketpunt","locatieNaam":"Giunti al Punto","straatNaam":"C.so Garibaldi 26/vic.d'orimini 7/9","straatNr":"","vervoerder":"Amazon","puntType":"helix","bezettingsgraad":50,"latitude":40.63756799999999,"longitude":17.94643899999999,"canPickup":true,"canDropoff":false,"openingstijden":null}},{"type":"Feature","geometry":{"type":"Point","coordinates":[17.9511,40.6313]},"properties":{"type":"pakketpunt","locatieNaam":"PuntoPoste TABACCHERIA N. 21","straatNaam":"VIALE ARNO 16","straatNr":"","vervoerder":"Amazon","puntType":"3p","bezettingsgraad":50,"latitude":40.6313,"longitude":17.9511,"canPickup":true,"canDropoff":false,"openingstijden":null}},{"type":"Feature","geometry":{"type":"Point","coordinates":[17.9207,40.6445]},"properties":{"type":"pakketpunt","locatieNaam":"PuntoPoste TABACCHERIA N. 20","straatNaam":"VIA PROVINCIALE PER SAN VITO 132","straatNr":"","vervoerder":"Amazon","puntType":"3p","bezettingsgraad":50,"latitude":40.6445,"longitude":17.9207,"canPickup":true,"canDropoff":false,"openingstijden":null}},{"type":"Feature","geometry":{"type":"Point","coordinates":[17.929,40.6375]},"properties":{"type":"pakketpunt","locatieNaam":"PuntoPoste TABACCHERIA N. 10","straatNaam":"VIA PROVINCIALE PER SAN VITO 167","straatNr":"","vervoerder":"Amazon","puntType":"3p","bezettingsgraad":50,"latitude":40.6375,"longitude":17.929,"canPickup":true,"canDropoff":false,"openingstijden":null}},{"type":"Feature","geometry":{"type":"Point","coordinates":[17.9296,40.6359]},"properties":{"type":"pakketpunt","locatieNaam":"PuntoPoste TABACCHERIA N. 34","straatNaam":"VIA CAPPUCCINI 62","straatNr":"","vervoerder":"Amazon","puntType":"3p","bezettingsgraad":50,"latitude":40.6359,"longitude":17.9296,"canPickup":true,"canDropoff":false,"openingstijden":null}},{"type":"Feature","geometry":{"type":"Point","coordinates":[17.93264745690474,40.6219431599996]},"properties":{"type":"pakketpunt","locatieNaam":"FedEx OnSite","straatNaam":"via sant'angelo, 123","straatNr":"","vervoerder":"FedEx","puntType":"servicepunt","bezettingsgraad":50,"latitude":40.6219431599996,"longitude":17.93264745690474,"canPickup":true,"canDropoff":true,"openingstijden":{"ma":"09:00 - 13:00, 17:00 - 19:30","di":"09:00 - 13:00, 17:00 - 19:30","wo":"09:00 - 13:00, 17:00 - 19:30","do":"09:00 - 13:00, 17:00 - 19:30","vr":"09:00 - 13:00","za":"09:00 - 13:00","zo":"gesloten"}}},{"type":"Feature","geometry":{"type":"Point","coordinates":[17.92671604236881,40.62790420546302]},"properties":{"type":"pakketpunt","locatieNaam":"FedEx OnSite","straatNaam":"Viale San Giovanni Bosco, 133","straatNr":"","vervoerder":"FedEx","puntType":"servicepunt","bezettingsgraad":50,"latitude":40.62790420546302,"longitude":17.92671604236881,"canPickup":true,"canDropoff":true,"openingstijden":{"ma":"09:00 - 13:00, 17:00 - 20:00","di":"09:00 - 13:00","wo":"09:00 - 13:00","do":"09:00 - 13:00","vr":"09:00 - 13:00, 17:00 - 20:00","za":"09:00 - 13:00","zo":"gesloten"}}},{"type":"Feature","geometry":{"type":"Point","coordinates":[17.92457297844097,40.629569954554576]},"properties":{"type":"pakketpunt","locatieNaam":"FedEx OnSite","straatNaam":"Via Don Tommaso Stile, 5/7","straatNr":"","vervoerder":"FedEx","puntType":"servicepunt","bezettingsgraad":50,"latitude":40.629569954554576,"longitude":17.92457297844097,"canPickup":true,"canDropoff":true,"openingstijden":{"ma":"09:00 - 13:00, 17:00 - 19:00","di":"09:00 - 13:00, 17:00 - 19:00","wo":"09:00 - 13:00, 17:00 - 19:00","do":"09:00 - 13:00, 17:00 - 19:00","vr":"09:00 - 13:00, 17:00 - 19:00","za":"09:00 - 13:00","zo":"gesloten"}}},{"type":"Feature","geometry":{"type":"Point","coordinates":[17.923678,40.630615]},"properties":{"type":"pakketpunt","locatieNaam":"FedEx OnSite","straatNaam":"VIA DON CARLO GNOCCHI, 55","straatNr":"","vervoerder":"FedEx","puntType":"servicepunt","bezettingsgraad":50,"latitude":40.630615,"longitude":17.923678,"canPickup":true,"canDropoff":true,"openingstijden":{"ma":"08:30 - 13:00, 16:30 - 20:00","di":"08:30 - 13:00, 16:30 - 20:00","wo":"08:30 - 13:00, 16:30 - 20:00","do":"08:30 - 13:00, 16:30 - 20:00","vr":"08:30 - 13:00, 16:30 - 20:00","za":"08:30 - 13:00, 16:30 - 19:00","zo":"gesloten"}}},{"type":"Feature","geometry":{"type":"Point","coordinates":[17.931671275206863,40.6270655825156]},"properties":{"type":"pakketpunt","locatieNaam":"FedEx OnSite","straatNaam":"VIA IRPINIA 27","straatNr":"","vervoerder":"FedEx","puntType":"servicepunt","bezettingsgraad":50,"latitude":40.6270655825156,"longitude":17.931671275206863,"canPickup":true,"canDropoff":true,"openingstijden":{"ma":"08:00 - 19:00","di":"08:00 - 19:00","wo":"08:00 - 19:00","do":"08:00 - 19:00","vr":"08:00 - 19:00","za":"08:30 - 12:30","zo":"gesloten"}}},{"type":"Feature","geometry":{"type":"Point","coordinates":[17.931729181407697,40.62711308669078]},"properties":{"type":"pakketpunt","locatieNaam":"FedEx OnSite","straatNaam":"Via Irpinia , 31","straatNr":"","vervoerder":"FedEx","puntType":"servicepunt","bezettingsgraad":50,"latitude":40.62711308669078,"longitude":17.931729181407697,"canPickup":true,"canDropoff":true,"openingstijden":{"ma":"08:00 - 19:00","di":"08:00 - 19:00","wo":"08:00 - 19:00","do":"08:00 - 19:00","vr":"08:00 - 19:00","za":"08:30 - 12:30","zo":"gesloten"}}},{"type":"Feature","geometry":{"type":"Point","coordinates":[17.941837202848035,40.62197868346818]},"properties":{"type":"pakketpunt","locatieNaam":"FedEx OnSite","straatNaam":"Viale Gran Bretagna, 3","straatNr":"","vervoerder":"FedEx","puntType":"servicepunt","bezettingsgraad":50,"latitude":40.62197868346818,"longitude":17.941837202848035,"canPickup":true,"canDropoff":true,"openingstijden":{"ma":"07:00 - 13:00, 16:00 - 19:00","di":"06:00 - 13:00, 16:00 - 19:00","wo":"06:00 - 13:00, 16:00 - 19:00","do":"07:00 - 13:00, 16:00 - 19:00","vr":"07:00 - 13:00, 16:00 - 19:00","za":"07:00 - 13:00, 16:00 - 19:00","zo":"gesloten"}}},{"type":"Feature","geometry":{"type":"Point","coordinates":[17.928402380717408,40.6313101163279]},"properties":{"type":"pakketpunt","locatieNaam":"FedEx OnSite","straatNaam":"Via Appia, 256","straatNr":"","vervoerder":"FedEx","puntType":"servicepunt","bezettingsgraad":50,"latitude":40.6313101163279,"longitude":17.928402380717408,"canPickup":true,"canDropoff":true,"openingstijden":{"ma":"09:00 - 13:00, 17:00 - 20:00","di":"09:00 - 13:00, 17:00 - 20:00","wo":"09:00 - 13:00, 17:00 - 20:00","do":"09:00 - 13:00, 17:00 - 20:00","vr":"09:00 - 13:00, 17:00 - 20:00","za":"09:00 - 13:00","zo":"gesloten"}}},{"type":"Feature","geometry":{"type":"Point","coordinates":[17.931727,40.63105]},"properties":{"type":"pakketpunt","locatieNaam":"FedEx OnSite","straatNaam":"VIA QUINTO ENNIO, 13/17","straatNr":"","vervoerder":"FedEx","puntType":"servicepunt","bezettingsgraad":50,"latitude":40.63105,"longitude":17.931727,"canPickup":true,"canDropoff":true,"openingstijden":{"ma":"08:30 - 13:00, 16:30 - 20:00","di":"08:30 - 13:00, 16:30 - 20:00","wo":"08:30 - 13:00, 16:30 - 20:00","do":"08:30 - 13:00, 16:30 - 20:00","vr":"08:30 - 13:00, 16:30 - 20:00","za":"gesloten","zo":"gesloten"}}},{"type":"Feature","geometry":{"type":"Point","coordinates":[17.933775836318485,40.63115325862876]},"properties":{"type":"pakketpunt","locatieNaam":"FedEx OnSite","straatNaam":"VIA IMPERATORE AUGUSTO, 44","straatNr":"","vervoerder":"FedEx","puntType":"servicepunt","bezettingsgraad":50,"latitude":40.63115325862876,"longitude":17.933775836318485,"canPickup":true,"canDropoff":true,"openingstijden":{"ma":"09:00 - 13:00, 17:30 - 20:00","di":"09:00 - 13:00, 17:30 - 20:00","wo":"09:00 - 13:00, 17:30 - 20:00","do":"09:00 - 13:00, 17:30 - 20:00","vr":"09:00 - 13:00, 17:30 - 20:00","za":"09:00 - 13:00, 17:30 - 20:00","zo":"gesloten"}}},{"type":"Feature","geometry":{"type":"Point","coordinates":[17.936965238802603,40.63185983097081]},"properties":{"type":"pakketpunt","locatieNaam":"FedEx OnSite","straatNaam":"Viale commenda, 44","straatNr":"","vervoerder":"FedEx","puntType":"servicepunt","bezettingsgraad":50,"latitude":40.63185983097081,"longitude":17.936965238802603,"canPickup":true,"canDropoff":true,"openingstijden":{"ma":"08:30 - 13:00, 16:30 - 19:00","di":"08:30 - 13:00, 16:30 - 19:00","wo":"08:30 - 13:00, 16:30 - 19:00","do":"08:30 - 13:00, 16:30 - 19:00","vr":"08:30 - 13:00, 16:30 - 19:00","za":"08:30 - 13:00","zo":"gesloten"}}},{"type":"Feature","geometry":{"type":"Point","coordinates":[17.929188948963944,40.63753952303253]},"properties":{"type":"pakketpunt","locatieNaam":"FedEx OnSite","straatNaam":"PROVINCIALE PER SAN VITO 173","straatNr":"","vervoerder":"FedEx","puntType":"servicepunt","bezettingsgraad":50,"latitude":40.63753952303253,"longitude":17.929188948963944,"canPickup":true,"canDropoff":true,"openingstijden":{"ma":"08:00 - 13:00, 15:00 - 19:00","di":"08:00 - 13:00, 15:00 - 19:00","wo":"08:00 - 13:00, 15:00 - 19:00","do":"08:00 - 13:00, 15:00 - 19:00","vr":"08:00 - 13:00, 15:00 - 19:00","za":"gesloten","zo":"gesloten"}}},{"type":"Feature","geometry":{"type":"Point","coordinates":[17.946751658580958,40.63198450370137]},"properties":{"type":"pakketpunt","locatieNaam":"FedEx OnSite","straatNaam":"VIA SPALATO, 27","straatNr":"","vervoerder":"FedEx","puntType":"servicepunt","bezettingsgraad":50,"latitude":40.63198450370137,"longitude":17.946751658580958,"canPickup":true,"canDropoff":true,"openingstijden":{"ma":"07:00 - 13:00, 16:00 - 20:00","di":"07:00 - 13:00, 16:00 - 20:00","wo":"07:00 - 13:00, 16:00 - 20:00","do":"07:00 - 13:00, 16:00 - 20:00","vr":"07:00 - 13:00, 16:00 - 20:00","za":"08:00 - 13:00, 16:30 - 20:00","zo":"gesloten"}}},{"type":"Feature","geometry":{"type":"Point","coordinates":[17.938634,40.636821]},"properties":{"type":"pakketpunt","locatieNaam":"FedEx OnSite","straatNaam":"VIA DE' CARPENTIERI 16","straatNr":"","vervoerder":"FedEx","puntType":"servicepunt","bezettingsgraad":50,"latitude":40.636821,"longitude":17.938634,"canPickup":true,"canDropoff":true,"openingstijden":{"ma":"09:00 - 13:00, 16:30 - 20:00","di":"09:00 - 13:00, 16:30 - 20:00","wo":"09:00 - 13:00, 16:30 - 20:00","do":"09:00 - 13:00, 16:30 - 20:00","vr":"09:00 - 13:00, 16:30 - 20:00","za":"09:00 - 12:30","zo":"gesloten"}}},{"type":"Feature","geometry":{"type":"Point","coordinates":[17.938748,40.63685]},"properties":{"type":"pakketpunt","locatieNaam":"FedEx OnSite","straatNaam":"Via De' Carpentieri, 16","straatNr":"","vervoerder":"FedEx","puntType":"servicepunt","bezettingsgraad":50,"latitude":40.63685,"longitude":17.938748,"canPickup":true,"canDropoff":true,"openingstijden":{"ma":"08:00 - 13:00, 17:00 - 20:30","di":"08:00 - 13:00, 17:00 - 20:30","wo":"08:00 - 13:00, 17:00 - 20:30","do":"08:00 - 13:00, 17:00 - 20:30","vr":"08:00 - 13:00, 17:00 - 20:30","za":"09:00 - 12:30","zo":"gesloten"}}},{"type":"Feature","geometry":{"type":"Point","coordinates":[17.9513532077304,40.631352904582315]},"properties":{"type":"pakketpunt","locatieNaam":"FedEx OnSite","straatNaam":"viale arno, 16","straatNr":"","vervoerder":"FedEx","puntType":"servicepunt","bezettingsgraad":50,"latitude":40.631352904582315,"longitude":17.9513532077304,"canPickup":true,"canDropoff":true,"openingstijden":{"ma":"06:00 - 20:00","di":"06:00 - 20:00","wo":"06:00 - 20:00","do":"06:00 - 20:00","vr":"06:00 - 20:00","za":"06:00 - 20:00","zo":"06:30 - 14:00"}}},{"type":"Feature","geometry":{"type":"Point","coordinates":[17.94438994698787,40.63536344589873]},"properties":{"type":"pakketpunt","locatieNaam":"FedEx OnSite","straatNaam":"Corso Roma, 59","straatNr":"","vervoerder":"FedEx","puntType":"servicepunt","bezettingsgraad":50,"latitude":40.63536344589873,"longitude":17.94438994698787,"canPickup":true,"canDropoff":true,"openingstijden":{"ma":"08:00 - 13:30, 16:00 - 20:30","di":"08:00 - 13:30, 16:00 - 20:30","wo":"08:00 - 13:30, 16:00 - 20:30","do":"08:00 - 13:30, 16:00 - 20:30","vr":"08:00 - 13:30, 16:00 - 20:30","za":"08:00 - 13:30, 16:00 - 20:30","zo":"gesloten"}}},{"type":"Feature","geometry":{"type":"Point","coordinates":[17.94333492000425,40.64541917768967]},"properties":{"type":"pakketpunt","locatieNaam":"FedEx OnSite","straatNaam":"Via XV Novembre 1918, 20","straatNr":"","vervoerder":"FedEx","puntType":"servicepunt","bezettingsgraad":50,"latitude":40.64541917768967,"longitude":17.94333492000425,"canPickup":true,"canDropoff":true,"openingstijden":{"ma":"09:00 - 12:30, 17:00 - 19:30","di":"09:00 - 12:30, 17:00 - 19:30","wo":"09:00 - 12:30, 17:00 - 19:30","do":"09:00 - 12:30, 17:00 - 19:30","vr":"09:00 - 12:30, 17:00 - 19:30","za":"09:00 - 12:00","zo":"gesloten"}}},{"type":"Feature","geometry":{"type":"MultiPolygon","coordinates":[[[[17.7515903,40.6054236],[17.7503686,40.6201994],[17.7499334,40.6225438],[17.7494718,40.623375],[17.7488556,40.6242089],[17.7476659,40.6249112],[17.7414905,40.6281663],[17.7398778,40.6283646],[17.7390693,40.6277435],[17.7378722,40.6265038],[17.7376455,40.6258331],[17.7376046,40.6234441],[17.7373899,40.6231008],[17.7358506,40.6232991],[17.7346678,40.6241671],[17.731663,40.6258536],[17.7331651,40.6267656],[17.7377356,40.628671],[17.7409357,40.6290745],[17.7433841,40.6296725],[17.7444604,40.629818],[17.7460132,40.6295047],[17.7471417,40.629425],[17.7480996,40.6300389],[17.7502102,40.6306238],[17.7521551,40.6312929],[17.7523912,40.632677],[17.752985,40.6348016],[17.7532425,40.6366417],[17.7521267,40.6384328],[17.7484145,40.6431058],[17.7523147,40.6443766],[17.752407,40.644478],[17.754137,40.644789],[17.753532,40.6502],[17.760527,40.650619],[17.766259,40.650124],[17.766255,40.651304],[17.766474,40.654544],[17.767129,40.654499],[17.767148,40.65461],[17.768359,40.654735],[17.769735,40.656364],[17.774596,40.669524],[17.773831,40.671432],[17.777016,40.671803],[17.775632,40.677366],[17.773221,40.679298],[17.775725,40.679586],[17.777106,40.679985],[17.776227,40.683324],[17.77672,40.684454],[17.776955,40.685384],[17.776911,40.687449],[17.778315,40.697505],[17.778386,40.698468],[17.77901,40.700914],[17.779004,40.702178],[17.779163,40.702931],[17.779127,40.703429],[17.781398,40.702964],[17.78578,40.701612],[17.786745,40.701511],[17.793297,40.70244],[17.796336,40.703909],[17.796748,40.70418],[17.80074,40.708478],[17.801921,40.7080399],[17.8033446,40.7070442],[17.8053146,40.7055177],[17.8060117,40.7051271],[17.8085822,40.7043655],[17.8101739,40.7034893],[17.8110147,40.7033602],[17.8125535,40.7025084],[17.8125409,40.7024035],[17.8127707,40.7022289],[17.8131321,40.7021079],[17.8134046,40.7019013],[17.8135891,40.7018854],[17.8136485,40.7017346],[17.814219,40.701263],[17.8151915,40.7007111],[17.8161223,40.7002979],[17.8171873,40.69998],[17.81842,40.6997321],[17.8196443,40.6996176],[17.820877,40.6992934],[17.8220866,40.6987642],[17.8239736,40.6974316],[17.8246417,40.6971283],[17.8260044,40.6963049],[17.8261705,40.6964272],[17.8265662,40.6962986],[17.8264572,40.6962477],[17.8264171,40.6960701],[17.8284446,40.6948649],[17.829169,40.6947015],[17.8294073,40.694551],[17.8311113,40.6941877],[17.8325075,40.693695],[17.8333083,40.6935678],[17.8335557,40.6935933],[17.8336312,40.6937649],[17.8338157,40.6937999],[17.8346081,40.6937522],[17.8349352,40.6936092],[17.8351246,40.6934277],[17.8351029,40.6933151],[17.8352118,40.6931486],[17.835585,40.6930767],[17.8355431,40.6928255],[17.8357947,40.6928637],[17.8366773,40.6924551],[17.836732,40.692258],[17.8375551,40.6920128],[17.8380588,40.692169],[17.8378539,40.6920037],[17.837856,40.6918448],[17.8381746,40.6915491],[17.8383554,40.691491],[17.8384178,40.6913361],[17.8395163,40.690961],[17.8400716,40.6909279],[17.8409251,40.6905699],[17.8421453,40.6902806],[17.8440362,40.68995],[17.8456714,40.6898641],[17.8458014,40.6900803],[17.8459062,40.6900835],[17.8460572,40.6898991],[17.8464849,40.6897974],[17.8468496,40.6897783],[17.8473067,40.6899023],[17.8476211,40.6896479],[17.8480404,40.6896607],[17.8481746,40.6897338],[17.8500697,40.6896766],[17.8505519,40.6898737],[17.8508538,40.6900962],[17.8510032,40.6900887],[17.8515624,40.6894667],[17.85212,40.6893459],[17.8524094,40.6894794],[17.8527825,40.6893109],[17.8549041,40.6890534],[17.8559439,40.688691],[17.8568625,40.688482],[17.8591515,40.6882077],[17.8600217,40.6882845],[17.8600907,40.6880837],[17.8603465,40.6877802],[17.8615288,40.6873716],[17.8630829,40.6870663],[17.865068,40.6869527],[17.8657532,40.6867113],[17.8672311,40.6866435],[17.8679902,40.6867437],[17.8687161,40.6876964],[17.8691953,40.6878105],[17.869262,40.6879802],[17.8691818,40.6882469],[17.8692819,40.6883818],[17.8692143,40.6886115],[17.869403,40.6887927],[17.8696322,40.6886189],[17.8698181,40.6886406],[17.8699608,40.6885643],[17.8699691,40.6883271],[17.8698481,40.6881731],[17.8698792,40.688027],[17.8697349,40.6875673],[17.869817,40.6871837],[17.8697216,40.6870505],[17.8697923,40.6868362],[17.8702038,40.6867293],[17.8705057,40.6869201],[17.8711053,40.6871109],[17.8713652,40.687308],[17.8722084,40.6872809],[17.8724386,40.6870886],[17.8725728,40.6867897],[17.8728369,40.6866053],[17.8729669,40.6863256],[17.8731891,40.6861984],[17.8737803,40.6852032],[17.8738085,40.6849387],[17.8741486,40.6847849],[17.8762205,40.6848153],[17.8763296,40.6848726],[17.8767782,40.6847676],[17.8785363,40.6848503],[17.8807082,40.6847931],[17.88333,40.6844186],[17.8840247,40.6842398],[17.8841212,40.6841127],[17.8845027,40.6840554],[17.8845614,40.6841127],[17.88514,40.6841127],[17.8854167,40.6840268],[17.8857731,40.6836262],[17.8861253,40.6834577],[17.8866914,40.6833019],[17.8872993,40.683286],[17.8884649,40.6827709],[17.8892876,40.6825399],[17.8911693,40.6824625],[17.8926075,40.6821509],[17.8935006,40.6821127],[17.896567,40.6824243],[17.8982804,40.6822653],[17.900047,40.6824052],[17.9005487,40.6822558],[17.9009429,40.6823633],[17.9019546,40.6820986],[17.9038027,40.6819529],[17.9041488,40.6820505],[17.9043239,40.6819716],[17.9048291,40.681983],[17.9049949,40.6821206],[17.9056645,40.6821453],[17.9056908,40.6820077],[17.9058091,40.6819485],[17.9063543,40.6818707],[17.9068579,40.6819241],[17.9093556,40.6813148],[17.911672,40.6810677],[17.9130034,40.6810318],[17.9140077,40.6810868],[17.9147064,40.6813865],[17.9146777,40.6812807],[17.9148337,40.6812932],[17.9150388,40.6815608],[17.9153056,40.681648],[17.9152661,40.6811795],[17.9156831,40.6808201],[17.9159436,40.6807731],[17.9163028,40.6809415],[17.9162371,40.6807579],[17.9163028,40.680677],[17.9169456,40.6804636],[17.9188303,40.6801944],[17.9216006,40.6803377],[17.9219109,40.6804253],[17.9222206,40.6811453],[17.9225603,40.6812727],[17.9232115,40.6812903],[17.9233251,40.6814437],[17.9233666,40.6813635],[17.9239709,40.6813283],[17.924128,40.6812108],[17.9244804,40.6804621],[17.9245063,40.6801574],[17.9243502,40.6800022],[17.924371,40.6799235],[17.9246513,40.6797219],[17.9251186,40.6795565],[17.9268827,40.6794346],[17.9303457,40.6797948],[17.9313373,40.6800927],[17.9321824,40.680228],[17.9341086,40.6810941],[17.9342278,40.681532],[17.9343296,40.6815516],[17.934774,40.6820425],[17.9350027,40.6824062],[17.9349739,40.6825282],[17.9350727,40.6827467],[17.9350105,40.6829588],[17.9346754,40.6831224],[17.934522,40.6835015],[17.9343502,40.6837008],[17.933954,40.6838547],[17.933971,40.684195],[17.9341806,40.6844534],[17.9340515,40.6850061],[17.9336034,40.6853914],[17.9336359,40.6857672],[17.9339494,40.6856955],[17.9339654,40.6858663],[17.9344465,40.6860794],[17.935095,40.6859662],[17.9356384,40.6862698],[17.9361404,40.6858451],[17.9366862,40.6858017],[17.9371293,40.6853322],[17.9376399,40.6853237],[17.9383659,40.6850182],[17.9386412,40.684617],[17.9389356,40.6844061],[17.9392878,40.6844448],[17.9394268,40.6842087],[17.9396911,40.6842036],[17.9398222,40.6839137],[17.9401171,40.6838676],[17.9406267,40.6829419],[17.9408888,40.6822339],[17.9418121,40.6807237],[17.9416878,40.6800562],[17.941856,40.679253],[17.9424738,40.6787527],[17.9427577,40.6780621],[17.9431379,40.6780637],[17.9432043,40.6780308],[17.9431106,40.6779489],[17.943298,40.6778068],[17.9440052,40.6775548],[17.9451341,40.6778583],[17.9483348,40.6767561],[17.9479697,40.6761846],[17.9475049,40.6761212],[17.9465039,40.6752142],[17.9462075,40.6747644],[17.9460905,40.6741563],[17.9461893,40.6738801],[17.9460018,40.6736302],[17.94607,40.673096],[17.9467005,40.6725446],[17.9465074,40.6718682],[17.9468835,40.6715891],[17.947006,40.6704187],[17.9475412,40.6699079],[17.9473083,40.6697054],[17.9470641,40.6696365],[17.9471095,40.6695288],[17.9473885,40.6693844],[17.947723,40.6696365],[17.9479559,40.6695934],[17.9480297,40.6694641],[17.9479275,40.6693047],[17.9479615,40.6691582],[17.9480865,40.6690505],[17.9481433,40.6691496],[17.9491061,40.6695545],[17.9491735,40.6694183],[17.9491705,40.6689124],[17.9503968,40.6682343],[17.9496951,40.6671584],[17.9492504,40.6669327],[17.9494459,40.6667626],[17.9499408,40.6670657],[17.9502698,40.6670947],[17.9498562,40.666812],[17.9496334,40.6665578],[17.9499562,40.6662352],[17.9503906,40.6664964],[17.9506648,40.6669505],[17.9510404,40.6672775],[17.9513604,40.6670291],[17.9515643,40.6671052],[17.9517478,40.6673589],[17.9524398,40.6673219],[17.9525541,40.6666791],[17.9523177,40.6663457],[17.952096,40.666433],[17.9521104,40.6665154],[17.951913,40.6664802],[17.951765,40.6660703],[17.9517999,40.6659491],[17.9516697,40.6658071],[17.951749,40.6657073],[17.951238,40.6651554],[17.9515215,40.6650088],[17.9521523,40.6648839],[17.9522653,40.6649852],[17.9522799,40.6651623],[17.9526979,40.6654946],[17.9528651,40.6654094],[17.9527896,40.6650086],[17.9528563,40.6651134],[17.9529733,40.6650493],[17.9531603,40.6650937],[17.9534769,40.6653752],[17.9536203,40.6653206],[17.9535727,40.665014],[17.9533135,40.6647246],[17.9530292,40.6641573],[17.9531841,40.6640377],[17.9535238,40.6639301],[17.953703,40.6639707],[17.9539983,40.6645119],[17.9538743,40.6639078],[17.9541016,40.6639504],[17.9545163,40.6646423],[17.9545938,40.6642183],[17.9543879,40.6638347],[17.9546072,40.6636846],[17.9548889,40.6636237],[17.9553734,40.6638834],[17.9553255,40.6639523],[17.9554848,40.6641248],[17.9553408,40.6642778],[17.9555324,40.6645543],[17.9557788,40.6640362],[17.9563594,40.6646477],[17.9566147,40.6646494],[17.9568946,40.6645058],[17.9570583,40.6645799],[17.9573057,40.6638823],[17.9576772,40.6643606],[17.9576702,40.664103],[17.9574927,40.6637385],[17.9573928,40.6632461],[17.9575554,40.6632288],[17.9575684,40.6634792],[17.9576817,40.6635232],[17.9578988,40.664078],[17.9582493,40.6642206],[17.9585028,40.6641563],[17.958504,40.6638213],[17.9581174,40.663421],[17.9580181,40.6631317],[17.958089,40.6628184],[17.9581751,40.6628246],[17.9581283,40.6629946],[17.9581851,40.663233],[17.958262,40.6631214],[17.9581885,40.662992],[17.9583473,40.6629058],[17.9580599,40.662339],[17.9579763,40.6622637],[17.9576621,40.6623419],[17.9575248,40.6622878],[17.9575858,40.662238],[17.9575166,40.6621171],[17.9580099,40.6619564],[17.9578009,40.6614109],[17.9575386,40.661138],[17.9575039,40.6608215],[17.9579476,40.6605085],[17.9586641,40.6603141],[17.9590795,40.6604802],[17.9595644,40.6610038],[17.9595857,40.6613018],[17.9599054,40.6619534],[17.9599844,40.6619454],[17.9599346,40.6620137],[17.9599938,40.6621417],[17.9601923,40.6620553],[17.9602928,40.6621204],[17.9603116,40.6623167],[17.9601789,40.6624001],[17.9604602,40.6627518],[17.9608266,40.6628589],[17.9609191,40.6627643],[17.9611083,40.6627997],[17.961186,40.6625436],[17.9613174,40.6624683],[17.9633389,40.6628611],[17.9643238,40.662937],[17.9663021,40.6628396],[17.9663786,40.6634369],[17.9664441,40.6634855],[17.9665987,40.6627715],[17.9671114,40.662649],[17.9670279,40.6628264],[17.9667597,40.6628834],[17.9667597,40.6629444],[17.9668965,40.6632211],[17.9668651,40.6634803],[17.9670352,40.663888],[17.96712,40.6639051],[17.9672585,40.6633783],[17.9671647,40.6632659],[17.9671486,40.6630258],[17.9672639,40.6629607],[17.9674195,40.6629261],[17.9675938,40.6632944],[17.9676906,40.6631289],[17.9681622,40.6629616],[17.9684575,40.662741],[17.9685568,40.6628671],[17.9684065,40.6630726],[17.9679398,40.6631194],[17.9678942,40.6632455],[17.9679452,40.6633595],[17.9680123,40.663215],[17.9682912,40.6633778],[17.9684012,40.6632659],[17.96842,40.6633473],[17.9688265,40.6626967],[17.969745,40.6626535],[17.9716976,40.6627267],[17.9778399,40.6633208],[17.9838091,40.6634577],[17.9838378,40.6638294],[17.9965417,40.6631461],[17.9965089,40.6628237],[17.9960061,40.6628488],[17.9960146,40.6630144],[17.9840331,40.6636567],[17.9840038,40.6631842],[17.9778081,40.6631035],[17.9717679,40.6625465],[17.971758,40.6620743],[17.9716125,40.6618567],[17.9712587,40.6617135],[17.9711644,40.6617881],[17.9712469,40.6620505],[17.9704526,40.6613398],[17.9705393,40.660959],[17.9703781,40.6608726],[17.9702917,40.6605356],[17.9704017,40.6603716],[17.9705826,40.6604461],[17.9708066,40.6604252],[17.9708538,40.6599541],[17.9711447,40.6598527],[17.9711885,40.6606613],[17.971371,40.6613267],[17.9717078,40.661318],[17.9718877,40.6610813],[17.9718484,40.6609322],[17.9715536,40.6608636],[17.971644,40.6607622],[17.9715182,40.6605952],[17.9717781,40.6605195],[17.972006,40.6605533],[17.9718948,40.6603761],[17.9715779,40.6601484],[17.9716725,40.6599713],[17.9715112,40.6598447],[17.9718059,40.6598658],[17.9718951,40.6597459],[17.9715835,40.659617],[17.9710128,40.6597681],[17.9711887,40.6594313],[17.9711263,40.6591476],[17.9708188,40.6586968],[17.9705914,40.658602],[17.9691484,40.6585227],[17.9689567,40.658642],[17.9687282,40.6589722],[17.9680425,40.6594779],[17.9679174,40.659449],[17.968067,40.6589144],[17.9686912,40.6585874],[17.9686637,40.6584383],[17.9695582,40.6581863],[17.9695962,40.6582901],[17.9703213,40.658187],[17.9702645,40.6580945],[17.9704954,40.6580964],[17.9703784,40.6579312],[17.9701689,40.6579539],[17.9698506,40.6574895],[17.9698301,40.6572854],[17.9693377,40.6568326],[17.9684578,40.6563705],[17.9685116,40.6558637],[17.9683801,40.6561473],[17.9680817,40.6557771],[17.9683201,40.6556636],[17.9673423,40.6551601],[17.9679682,40.6540413],[17.9684019,40.6534888],[17.9686517,40.6533483],[17.9686517,40.653005],[17.9683686,40.6529661],[17.9682785,40.6529894],[17.9681521,40.6534085],[17.967699,40.653917],[17.9672252,40.6549778],[17.9670242,40.6549691],[17.9669808,40.6547874],[17.9669858,40.6550536],[17.9667766,40.6552333],[17.9670032,40.6557593],[17.9668736,40.6557831],[17.9669004,40.6558441],[17.9669901,40.6558073],[17.9671436,40.656164],[17.9672281,40.6562038],[17.9676153,40.6561037],[17.9675202,40.6558168],[17.967708,40.6557362],[17.967866,40.6557613],[17.9680706,40.6560083],[17.9678279,40.6561656],[17.9672811,40.6563204],[17.9674733,40.656603],[17.9673673,40.6566858],[17.9675072,40.656652],[17.9677115,40.6570321],[17.9675005,40.6570757],[17.9673945,40.6569819],[17.9675286,40.6572619],[17.9675874,40.6572447],[17.9675382,40.6571466],[17.9677769,40.6571377],[17.9680056,40.6577007],[17.9678913,40.6581437],[17.9679807,40.6588835],[17.9677178,40.6598067],[17.9675252,40.6601418],[17.9671286,40.6600405],[17.9671068,40.6601061],[17.9674435,40.6601764],[17.9675145,40.660808],[17.9674961,40.6610255],[17.9674033,40.6611247],[17.9673054,40.660822],[17.9671766,40.6609047],[17.967191,40.6614881],[17.9673095,40.6615039],[17.9670386,40.6620736],[17.9668888,40.6620875],[17.9670883,40.6625871],[17.9643452,40.6627626],[17.9623631,40.6625359],[17.9623905,40.6624148],[17.9618408,40.6622636],[17.9622132,40.6622786],[17.9622984,40.6620108],[17.9621191,40.6619865],[17.9624478,40.6609606],[17.9623407,40.6606154],[17.9621207,40.6602493],[17.9620283,40.6601986],[17.9620544,40.6604317],[17.961646,40.6602273],[17.9621682,40.6586448],[17.962474,40.6587024],[17.9625337,40.6585294],[17.9619654,40.6584605],[17.9618362,40.6581134],[17.9620876,40.6579443],[17.9628442,40.6577464],[17.9623962,40.6578088],[17.9623612,40.6577346],[17.9627919,40.6576173],[17.9625892,40.6573785],[17.9623547,40.6574821],[17.9623137,40.65743],[17.9625434,40.6573245],[17.9624256,40.6571858],[17.9619675,40.6573856],[17.9618888,40.6572818],[17.962478,40.657007],[17.9621283,40.656583],[17.9618968,40.6566891],[17.9618419,40.6566208],[17.9620735,40.6565166],[17.9620157,40.6564465],[17.9614677,40.656689],[17.9614187,40.6566334],[17.9614858,40.6566023],[17.961293,40.6564301],[17.9617643,40.6561459],[17.9607815,40.6565227],[17.9605374,40.6562811],[17.9610868,40.6560563],[17.9607975,40.6556686],[17.9608405,40.6555448],[17.9605921,40.6553058],[17.9606686,40.6552439],[17.9605589,40.6552903],[17.9604314,40.6550929],[17.9600615,40.6550813],[17.9599288,40.6549729],[17.9598294,40.6550576],[17.9594341,40.6548225],[17.9591865,40.6545471],[17.9593344,40.6544213],[17.9591643,40.6545372],[17.9582263,40.6540102],[17.9580197,40.6535304],[17.9581953,40.6534989],[17.9581989,40.6534285],[17.9579238,40.6534709],[17.9580999,40.6539141],[17.9580601,40.6539649],[17.9575278,40.6540615],[17.9571376,40.6540039],[17.9566452,40.6536286],[17.9562467,40.6531769],[17.956202,40.6530354],[17.9563217,40.6529536],[17.9563767,40.652696],[17.9562955,40.6526685],[17.9561607,40.6528494],[17.956117,40.6528002],[17.9561894,40.6526827],[17.9560082,40.6527561],[17.9557799,40.652571],[17.955916,40.6524393],[17.9557387,40.6525331],[17.9555215,40.6523474],[17.9555702,40.652301],[17.9555077,40.6523351],[17.9553117,40.6521646],[17.9553891,40.6521002],[17.955293,40.6521523],[17.9549769,40.6518604],[17.9551185,40.6517355],[17.9546781,40.6514448],[17.9545554,40.6515178],[17.953538,40.6509158],[17.9528943,40.6493629],[17.9530776,40.6493184],[17.9530361,40.6492164],[17.9528514,40.6492585],[17.9527131,40.6488887],[17.9528756,40.648852],[17.952841,40.6487616],[17.9526734,40.6487891],[17.9525731,40.6483092],[17.9525075,40.6483171],[17.9521049,40.647451],[17.9519355,40.6473652],[17.9520766,40.647339],[17.9519349,40.6473442],[17.9518734,40.6462155],[17.9522253,40.6457135],[17.9506645,40.64456],[17.949741,40.6441704],[17.9480845,40.6437815],[17.9469552,40.6439463],[17.9452746,40.6446788],[17.9441245,40.6447183],[17.9424684,40.6443576],[17.9415706,40.6438713],[17.9416738,40.6437096],[17.9414302,40.6438457],[17.9411105,40.6436462],[17.9412526,40.6434619],[17.941185,40.643521],[17.9408833,40.6433374],[17.9407723,40.6434376],[17.9406133,40.6433477],[17.9406556,40.6432066],[17.9403681,40.6432964],[17.9400715,40.6431761],[17.9388861,40.6435208],[17.9372042,40.6438197],[17.9371499,40.6437339],[17.9371672,40.6438685],[17.9365738,40.6438574],[17.9361531,40.6437255],[17.9353362,40.6430659],[17.9348966,40.6428689],[17.9311889,40.6425979],[17.9306709,40.6424871],[17.9297418,40.6420072],[17.9288495,40.6412963],[17.928487,40.6405615],[17.9284672,40.6404421],[17.9285367,40.6403768],[17.9283447,40.6403919],[17.928338,40.6403391],[17.9285334,40.640324],[17.9284473,40.6403052],[17.9284475,40.6402231],[17.9273973,40.6402034],[17.9272703,40.6400691],[17.9270022,40.6401459],[17.9269559,40.6400228],[17.9271876,40.6399485],[17.9272444,40.6398293],[17.9284564,40.6398255],[17.9284622,40.6397425],[17.9282784,40.6396972],[17.9284622,40.6396947],[17.9285128,40.6395132],[17.9286836,40.63935],[17.9292447,40.6393432],[17.9288845,40.6393119],[17.9288829,40.6392086],[17.9292361,40.6392012],[17.929235,40.6390735],[17.9307604,40.6392574],[17.9309689,40.6393418],[17.9328127,40.6390991],[17.933339,40.6391233],[17.9334832,40.6391589],[17.9332693,40.6395782],[17.9335456,40.6391553],[17.9341037,40.6393901],[17.933872,40.6397048],[17.9339218,40.6397267],[17.9342089,40.6393364],[17.9345752,40.6395007],[17.9343062,40.6398929],[17.9345768,40.6395991],[17.9349414,40.6397638],[17.9346757,40.6401327],[17.9350417,40.6397197],[17.9357198,40.6401974],[17.9358323,40.6403935],[17.935563,40.6405076],[17.9357518,40.6407607],[17.9360437,40.6406365],[17.9363827,40.641021],[17.9362181,40.6415617],[17.9363392,40.6415924],[17.9365769,40.6410667],[17.9375014,40.6410598],[17.9375053,40.6415116],[17.9375719,40.6415128],[17.9375702,40.6410621],[17.9380629,40.6409897],[17.9381349,40.6411058],[17.9394831,40.6406087],[17.9396185,40.6408357],[17.939867,40.6407508],[17.9396877,40.6404133],[17.9399435,40.6403478],[17.9413664,40.6406569],[17.943539,40.642327],[17.9444407,40.6424942],[17.9478238,40.6411709],[17.9508241,40.6369836],[17.9498523,40.6359846],[17.9503025,40.6357352],[17.9490484,40.6347613],[17.9492588,40.6346066],[17.9483609,40.6339046],[17.948685,40.6334736],[17.9490642,40.633223],[17.9490264,40.6331847],[17.9496163,40.6330496],[17.9517329,40.6344801],[17.9531119,40.6373479],[17.951751,40.6396942],[17.9514533,40.6431756],[17.9511934,40.6431562],[17.9514944,40.6439476],[17.9530098,40.6450889],[17.953415,40.6450239],[17.9536586,40.6451396],[17.9534965,40.6450151],[17.9542261,40.6444753],[17.9556704,40.6440082],[17.9560867,40.6439966],[17.9567035,40.6441583],[17.9572349,40.6444307],[17.9574331,40.6447313],[17.957817,40.6449942],[17.9583071,40.6451763],[17.9598477,40.6446024],[17.9599243,40.6443415],[17.9602314,40.6443119],[17.9603766,40.644199],[17.9604315,40.6443217],[17.960653,40.6443065],[17.9606423,40.6444683],[17.9583234,40.6454593],[17.9586587,40.645919],[17.9594981,40.6455668],[17.9603746,40.6467745],[17.9660768,40.6479493],[17.9671636,40.6448908],[17.9706293,40.6456179],[17.9689977,40.6501623],[17.9735293,40.6511082],[17.9750773,40.6467606],[17.9753441,40.6468188],[17.9753823,40.6467246],[17.9751599,40.6466715],[17.9757236,40.6451797],[17.9758352,40.6451323],[17.9768828,40.6456645],[17.9775148,40.6458173],[17.9777104,40.6465297],[17.9767657,40.6466748],[17.9763371,40.6462892],[17.9762739,40.646328],[17.9767381,40.6467297],[17.9791253,40.6463887],[17.9791115,40.6465412],[17.9767026,40.6468239],[17.976575,40.6468673],[17.9766445,40.6470307],[17.9782588,40.6468553],[17.9783123,40.6467794],[17.9792609,40.646658],[17.979487,40.6464195],[17.9812463,40.6461152],[17.9811447,40.6460429],[17.9797786,40.6462601],[17.9792858,40.6460028],[17.9793528,40.6458831],[17.9807761,40.6459011],[17.9811234,40.6456734],[17.9813241,40.6454165],[17.9819234,40.6452639],[17.9819471,40.6453297],[17.9821756,40.6452847],[17.9821998,40.6452277],[17.9821032,40.6451789],[17.9825489,40.6449417],[17.9825297,40.6445197],[17.9821087,40.6444203],[17.9820487,40.644263],[17.9826914,40.6438657],[17.9828065,40.6440224],[17.9829119,40.6440217],[17.9828065,40.643807],[17.9828617,40.6436575],[17.983118,40.6435258],[17.9833397,40.6436746],[17.9839708,40.6436612],[17.9845389,40.643779],[17.9849119,40.6447374],[17.9849893,40.6447462],[17.9846004,40.6436126],[17.9846438,40.6434959],[17.9851287,40.6446387],[17.9852021,40.6446204],[17.9851484,40.6442318],[17.9850121,40.64397],[17.9856826,40.643795],[17.9864015,40.6439263],[17.9874261,40.6445948],[17.9880698,40.6451362],[17.9884279,40.6456104],[17.9883715,40.6458471],[17.9885453,40.645948],[17.9885413,40.6461784],[17.9886407,40.6463711],[17.987786,40.647399],[17.9878412,40.647423],[17.9870962,40.6484269],[17.9859348,40.6479512],[17.9818007,40.6493916],[17.9818596,40.6494959],[17.983801,40.6488024],[17.9840677,40.6488374],[17.9858142,40.6481874],[17.9859838,40.6481728],[17.9875493,40.6487791],[17.9876053,40.6486833],[17.9873571,40.6485745],[17.9874823,40.6484161],[17.9876889,40.6485012],[17.9880515,40.6484806],[17.9880355,40.6483904],[17.9897699,40.6463028],[17.989988,40.6463045],[17.9902561,40.6464481],[17.9902403,40.6465378],[17.9899249,40.6465857],[17.9898934,40.6467353],[17.9888762,40.6479916],[17.9891758,40.6491224],[17.9903192,40.6496728],[17.9903113,40.6497565],[17.990859,40.649967],[17.9915429,40.6498777],[17.9939879,40.6478535],[17.9944924,40.6478058],[17.9955822,40.647888],[17.9963404,40.6481257],[17.9978022,40.6487566],[17.9983089,40.6490563],[17.9997092,40.6515064],[17.9999207,40.6516821],[17.9998923,40.6518398],[18.0004026,40.6527355],[18.0005947,40.6533574],[18.000534,40.6536555],[17.9996347,40.6542115],[17.9983878,40.6539682],[17.9980936,40.6544355],[17.997709,40.6543039],[17.9976586,40.6543859],[17.9982015,40.6545946],[17.9980275,40.6549397],[17.9977965,40.6549807],[17.9976765,40.6552747],[17.9974986,40.6552407],[17.9974951,40.6550154],[17.9971387,40.6548826],[17.99676,40.6549562],[17.9967189,40.6551738],[17.996866,40.6552508],[17.9969616,40.6555725],[17.9973521,40.6557183],[17.9975565,40.6555856],[17.9978281,40.6555902],[17.9978718,40.6556535],[17.998235,40.6556053],[17.9983051,40.6552073],[17.9985298,40.6551435],[17.9985657,40.6550126],[17.9986858,40.6550334],[17.9987458,40.655495],[17.9990944,40.6556243],[17.9992072,40.6556989],[17.9992208,40.6558282],[17.9993739,40.6558918],[17.999658,40.6558091],[17.9996609,40.6556777],[17.9999874,40.6555659],[18.000087,40.6553059],[18.0001813,40.6552711],[18.0002177,40.6553861],[18.0002065,40.6552696],[18.0003547,40.6552682],[18.0004503,40.6555776],[18.0006787,40.6558175],[18.0013737,40.6555443],[18.0013392,40.6554504],[18.0015491,40.6551886],[18.0020097,40.6548642],[18.0020482,40.6546594],[18.0019356,40.6543432],[18.0020308,40.654187],[18.0021638,40.6542],[18.0023418,40.6547008],[18.0026265,40.6549546],[18.0031031,40.6551029],[18.0033024,40.6550427],[18.0032272,40.6548313],[18.0033542,40.6545498],[18.0031224,40.6541231],[18.0028736,40.653895],[18.0024248,40.6537975],[18.002139,40.6539549],[18.001977,40.6539534],[18.0017414,40.653633],[18.0014768,40.6535796],[18.0006886,40.6528436],[17.9985616,40.6490247],[18.0008286,40.6469816],[18.0010194,40.6469033],[18.0018418,40.647244],[18.0019599,40.647068],[18.0015284,40.6468171],[18.0015797,40.646645],[18.0022184,40.6463175],[18.0022361,40.6464491],[18.0021376,40.6465867],[18.0022736,40.6465523],[18.0024924,40.646313],[18.002863,40.6461111],[18.003066,40.6460737],[18.0031469,40.6462038],[18.0032387,40.6461423],[18.0032257,40.645978],[18.003001,40.6458718],[18.0029852,40.6456863],[18.0033716,40.6450192],[18.0040548,40.6442917],[18.0050433,40.6439273],[18.0063287,40.643251],[18.0069909,40.6430179],[18.0077714,40.6428786],[18.0084245,40.6428107],[18.0087238,40.6433504],[18.0091554,40.6434232],[18.0092224,40.6433275],[18.0088035,40.6427366],[18.0090237,40.6425082],[18.0093359,40.6423136],[18.0098712,40.6421422],[18.0115276,40.6418852],[18.014814,40.6417107],[18.0173509,40.6417593],[18.0173816,40.6418482],[18.0175182,40.641863],[18.0177635,40.6417784],[18.0186169,40.6418295],[18.0204494,40.6421775],[18.0213821,40.6425103],[18.0216052,40.6425251],[18.0221655,40.6417826],[18.0225001,40.641662],[18.0225809,40.6417572],[18.0226922,40.6417412],[18.0227565,40.641607],[18.022974,40.6416324],[18.0230281,40.6415691],[18.0224945,40.6413637],[18.022461,40.6411987],[18.0223439,40.6411755],[18.0222687,40.6409851],[18.0223495,40.6406508],[18.0222269,40.6406043],[18.0220763,40.6399062],[18.0218115,40.6396735],[18.0222856,40.639332],[18.0218477,40.6392631],[18.0215484,40.6393054],[18.0213403,40.6395043],[18.0213487,40.6397793],[18.021042,40.6398914],[18.0207159,40.6399041],[18.0204566,40.6402341],[18.0202057,40.6404097],[18.0198962,40.6404703],[18.0190961,40.6404943],[18.0177276,40.6401275],[18.0161689,40.6389543],[18.015696,40.638439],[18.0152865,40.6378126],[18.0149311,40.6370672],[18.0147929,40.6364581],[18.0147746,40.6349323],[18.0150952,40.6348623],[18.0149895,40.634635],[18.0142386,40.6347147],[18.0140532,40.6344711],[18.0140267,40.6334495],[18.0142218,40.6319009],[18.0144783,40.6307964],[18.0154541,40.6269711],[18.0160061,40.6254646],[18.016257,40.625236],[18.0163628,40.6248159],[18.0171212,40.6234883],[18.0174557,40.6232259],[18.018437,40.6217404],[18.019179,40.6210642],[18.0213062,40.6183211],[18.0219393,40.6176908],[18.0229319,40.6169762],[18.0238209,40.6165716],[18.0240483,40.6160906],[18.0247108,40.6157663],[18.0248864,40.6155469],[18.0248455,40.6144983],[18.0251396,40.6138937],[18.0265748,40.6127971],[18.0274701,40.6124608],[18.028755,40.6112738],[18.0290921,40.6108732],[18.0299987,40.610187],[18.0313331,40.6088508],[18.0312869,40.6084155],[18.0318492,40.6075488],[18.0330932,40.6064736],[18.0342188,40.6057433],[18.0353222,40.6053518],[18.0357951,40.6047933],[18.037525,40.6035606],[18.0401432,40.6014229],[18.0428652,40.599778],[18.04356,40.5989342],[18.0443602,40.5983857],[18.0448127,40.5978069],[18.0451173,40.597609],[18.0452809,40.5972941],[18.0452664,40.5970179],[18.0448772,40.5967886],[18.0447073,40.5958368],[18.0433479,40.5947868],[18.0430855,40.5943688],[18.0431138,40.5941106],[18.0425756,40.5933201],[18.0422671,40.5923759],[18.0421507,40.5923521],[18.0418846,40.5920522],[18.0414991,40.5908517],[18.0414425,40.5900289],[18.0413008,40.5899213],[18.0412088,40.5894642],[18.0415571,40.587667],[18.0417553,40.5875067],[18.0420586,40.5874098],[18.0421011,40.5872323],[18.0420303,40.5869688],[18.0415841,40.5868343],[18.0414833,40.5865132],[18.0412088,40.5862158],[18.0413111,40.584368],[18.0414526,40.5841111],[18.0421294,40.5839354],[18.0422852,40.5837633],[18.0423136,40.583489],[18.042009,40.5832201],[18.0419665,40.5830695],[18.0423136,40.5825639],[18.0422286,40.5822089],[18.0422852,40.5819777],[18.0424623,40.5818647],[18.0424916,40.5816098],[18.0422498,40.5814452],[18.0419807,40.5813968],[18.0417328,40.5811601],[18.0415133,40.5807191],[18.040973,40.5802148],[18.0410813,40.5797616],[18.0412159,40.5797186],[18.0412159,40.5796433],[18.0408334,40.5794174],[18.0405572,40.5791216],[18.0405289,40.5790032],[18.0407752,40.5787806],[18.0406918,40.578503],[18.0400686,40.5781641],[18.0394383,40.57839],[18.0391762,40.5782986],[18.0387326,40.5773641],[18.0381706,40.577126],[18.0379062,40.5768197],[18.0373511,40.5764165],[18.0365382,40.5761773],[18.0360177,40.5754047],[18.0355341,40.5750795],[18.0349794,40.573369],[18.0347429,40.572231],[18.0346438,40.5710475],[18.0353409,40.5680068],[18.0374341,40.5640754],[18.0380463,40.5632487],[18.0384986,40.5628112],[18.040145,40.5632049],[18.0402243,40.5631539],[18.0402753,40.5630753],[18.0394879,40.5628766],[18.0396895,40.5624534],[18.0405862,40.5627061],[18.0407048,40.5625882],[18.0406692,40.5625153],[18.0396467,40.5622862],[18.039609,40.5617695],[18.0401216,40.5610076],[18.0416753,40.5598495],[18.0417089,40.5594653],[18.0422663,40.5589005],[18.0301915,40.5540433],[18.0230068,40.5502258],[18.0127068,40.548829],[18.0090349,40.5490908],[18.0003545,40.5484922],[17.9928987,40.545224],[17.9912532,40.5440898],[17.9676188,40.525166],[17.9645178,40.5233539],[17.9563115,40.519014],[17.9453511,40.5153246],[17.9146317,40.505781],[17.9023843,40.50145],[17.8950073,40.4978683],[17.8913053,40.4957186],[17.8847555,40.4915055],[17.8836916,40.4906348],[17.8807047,40.4878449],[17.8805128,40.4874866],[17.8792756,40.4792602],[17.8775016,40.4784222],[17.8742766,40.4792415],[17.8732101,40.4792709],[17.8728174,40.4796659],[17.8709356,40.4804461],[17.8697769,40.4803808],[17.8686976,40.4806778],[17.8655647,40.4806125],[17.8617517,40.4822414],[17.8606033,40.482385],[17.8604029,40.4851219],[17.8601735,40.4860793],[17.8588276,40.4885753],[17.8553026,40.4930155],[17.8542987,40.4949949],[17.8534147,40.4974911],[17.8533548,40.4977835],[17.8644786,40.500233],[17.8712073,40.499753],[17.8761851,40.5146185],[17.8771732,40.5205982],[17.8782319,40.5221573],[17.8786883,40.5223108],[17.8828441,40.5226363],[17.8835595,40.5228101],[17.882827,40.5268909],[17.8825915,40.5272464],[17.8803324,40.5287343],[17.8714342,40.5337487],[17.8670423,40.5420827],[17.8638966,40.5543892],[17.8545874,40.5572406],[17.8486439,40.5578655],[17.8477231,40.5581119],[17.8472134,40.5583356],[17.8468576,40.5588756],[17.8462992,40.5602316],[17.846274,40.5606967],[17.8486952,40.5683107],[17.8492857,40.5852654],[17.848913,40.5862114],[17.8468482,40.5897708],[17.8437897,40.592112],[17.842757,40.5919832],[17.839724,40.5909628],[17.838504,40.5900362],[17.8375915,40.5897604],[17.8227395,40.5877395],[17.8221756,40.5877172],[17.8202375,40.592851],[17.8191704,40.5978515],[17.8180262,40.6007056],[17.8064828,40.6035445],[17.7951776,40.6052835],[17.7922905,40.6086811],[17.7905583,40.6110132],[17.7900748,40.6113446],[17.7743399,40.6081416],[17.7738227,40.6076866],[17.7712292,40.6043914],[17.7638235,40.6024148],[17.7515903,40.6054236]]],[[[17.8236763,40.7046076],[17.8237729,40.7046157],[17.8237997,40.7043473],[17.8240572,40.7040748],[17.824245,40.7040219],[17.8240143,40.7034892],[17.8237836,40.7034079],[17.823569,40.7037413],[17.8234982,40.704204],[17.8236763,40.7046076]]],[[[17.8255946,40.7030033],[17.8251593,40.7028289],[17.8247539,40.7029575],[17.8244954,40.703184],[17.8243147,40.7031029],[17.8241055,40.7032574],[17.824143,40.7033875],[17.8245454,40.7034241],[17.824658,40.7037942],[17.8248056,40.7038721],[17.8253929,40.7037535],[17.8257928,40.7035131],[17.8256686,40.703285],[17.8258403,40.7032372],[17.8255946,40.7030033]]],[[[17.990892,40.6574555],[17.9906681,40.6573911],[17.9905189,40.6576324],[17.9905323,40.657975],[17.990708,40.658086],[17.9909542,40.6579549],[17.990892,40.6574555]]],[[[17.9916613,40.6576675],[17.991444,40.6577],[17.9915379,40.6579951],[17.9917042,40.6578445],[17.9916613,40.6576675]]],[[[17.992428,40.6567964],[17.9921318,40.6569751],[17.9919978,40.6571987],[17.9919915,40.6574657],[17.9921745,40.6575923],[17.9922396,40.6574673],[17.9924715,40.6575907],[17.9928254,40.6573269],[17.9927725,40.6571787],[17.992681,40.6571664],[17.9926459,40.6569577],[17.992428,40.6567964]]],[[[17.9944289,40.6554937],[17.9943784,40.655172],[17.9941426,40.6552615],[17.9940485,40.6553428],[17.9940764,40.655651],[17.9937959,40.6557197],[17.9933079,40.6561918],[17.9932438,40.6561255],[17.9932279,40.6557654],[17.9930295,40.6558123],[17.9929144,40.6561899],[17.9932051,40.6563793],[17.9933351,40.6568335],[17.9934876,40.6570263],[17.9938334,40.6570887],[17.993937,40.656827],[17.993924,40.6566143],[17.9941557,40.6565264],[17.9944735,40.65582],[17.9943814,40.6557021],[17.9944289,40.6554937]]]]},"properties":{"type":"boundary","gemeente":"Brindisi"}}]}