{"type":"FeatureCollection","metadata":{"gemeente":"Casteddu/Cagliari","slug":"casteddu-cagliari","generated_at":"2026-09-26T13:09:45.302933Z","total_points":313,"providers":["PosteItaliane","DPD","InPost","GLS","DHL","Amazon"],"bounds":[9.078211,39.1933,9.16005,39.269864]},"features":[{"type":"Feature","geometry":{"type":"Point","coordinates":[9.12760326,39.21807185]},"properties":{"type":"pakketpunt","locatieNaam":"Tabaccheria N. 28","straatNaam":"Via Giovanni Battista Tuveri","straatNr":"56","vervoerder":"PosteItaliane","puntType":"servicepunt","bezettingsgraad":50,"latitude":39.21807185,"longitude":9.12760326,"canPickup":true,"canDropoff":true,"openingstijden":{"za":"06:30 - 20:30","zo":"gesloten","ma":"06:30 - 20:30","di":"06:30 - 20:30","wo":"06:30 - 20:30","do":"06:30 - 20:30","vr":"06:30 - 20:30"}}},{"type":"Feature","geometry":{"type":"Point","coordinates":[9.12168662,39.21815922]},"properties":{"type":"pakketpunt","locatieNaam":"Tabaccheria N. 56","straatNaam":"Via Sidney Sonnino","straatNr":"211","vervoerder":"PosteItaliane","puntType":"servicepunt","bezettingsgraad":50,"latitude":39.21815922,"longitude":9.12168662,"canPickup":true,"canDropoff":true,"openingstijden":{"za":"07:30 - 13:00, 16:00 - 20:30","zo":"gesloten","ma":"07:30 - 13:00, 16:00 - 20:30","di":"07:30 - 13:00, 16:00 - 20:30","wo":"07:30 - 13:00, 16:00 - 20:30","do":"07:30 - 13:00, 16:00 - 20:30","vr":"07:30 - 13:00, 16:00 - 20:30"}}},{"type":"Feature","geometry":{"type":"Point","coordinates":[9.10918643,39.21637659]},"properties":{"type":"pakketpunt","locatieNaam":"Tabaccheria N. 98","straatNaam":"Piazza Del Carmine","straatNr":"10","vervoerder":"PosteItaliane","puntType":"servicepunt","bezettingsgraad":50,"latitude":39.21637659,"longitude":9.10918643,"canPickup":true,"canDropoff":true,"openingstijden":{"za":"07:30 - 13:30, 16:00 - 20:00","zo":"gesloten","ma":"07:30 - 13:30, 16:00 - 20:00","di":"07:30 - 13:30, 16:00 - 20:00","wo":"07:30 - 13:30, 16:00 - 20:00","do":"07:30 - 13:30, 16:00 - 20:00","vr":"07:30 - 13:30, 16:00 - 20:00"}}},{"type":"Feature","geometry":{"type":"Point","coordinates":[9.12646397,39.21971066]},"properties":{"type":"pakketpunt","locatieNaam":"Tabaccheria N. 113","straatNaam":"Via Gaetano Donizetti","straatNr":"3/c","vervoerder":"PosteItaliane","puntType":"servicepunt","bezettingsgraad":50,"latitude":39.21971066,"longitude":9.12646397,"canPickup":true,"canDropoff":true,"openingstijden":{"za":"08:00 - 13:00, 15:30 - 20:00","zo":"gesloten","ma":"08:00 - 13:00, 15:30 - 20:00","di":"08:00 - 13:00, 15:30 - 20:00","wo":"08:00 - 13:00, 15:30 - 20:00","do":"08:00 - 13:00, 15:30 - 20:00","vr":"08:00 - 13:00, 15:30 - 20:00"}}},{"type":"Feature","geometry":{"type":"Point","coordinates":[9.12913145,39.24627247]},"properties":{"type":"pakketpunt","locatieNaam":"Tabaccheria N. 50","straatNaam":"Piazza Italia","straatNr":"18","vervoerder":"PosteItaliane","puntType":"servicepunt","bezettingsgraad":50,"latitude":39.24627247,"longitude":9.12913145,"canPickup":true,"canDropoff":true,"openingstijden":{"za":"07:15 - 13:00, 15:15 - 20:00","zo":"gesloten","ma":"07:15 - 13:00, 15:15 - 20:00","di":"07:15 - 13:00, 15:15 - 20:00","wo":"07:15 - 13:00, 15:15 - 20:00","do":"07:15 - 13:00, 15:15 - 20:00","vr":"07:15 - 13:00, 15:15 - 20:00"}}},{"type":"Feature","geometry":{"type":"Point","coordinates":[9.10644564,39.21455737]},"properties":{"type":"pakketpunt","locatieNaam":"Tabaccheria N. 38","straatNaam":"Viale La Plaia","straatNr":"28","vervoerder":"PosteItaliane","puntType":"servicepunt","bezettingsgraad":50,"latitude":39.21455737,"longitude":9.10644564,"canPickup":true,"canDropoff":true,"openingstijden":{"za":"06:00 - 19:30","zo":"gesloten","ma":"06:00 - 19:30","di":"06:00 - 19:30","wo":"06:00 - 19:30","do":"06:00 - 19:30","vr":"06:00 - 19:30"}}},{"type":"Feature","geometry":{"type":"Point","coordinates":[9.12489991,39.20717151]},"properties":{"type":"pakketpunt","locatieNaam":"Tabaccheria N. 25","straatNaam":"Viale Armando Diaz","straatNr":"34","vervoerder":"PosteItaliane","puntType":"servicepunt","bezettingsgraad":50,"latitude":39.20717151,"longitude":9.12489991,"canPickup":true,"canDropoff":true,"openingstijden":{"za":"08:00 - 13:30, 16:00 - 19:00","zo":"gesloten","ma":"08:00 - 13:30, 16:00 - 20:30","di":"08:00 - 13:30, 16:00 - 20:30","wo":"08:00 - 13:30, 16:00 - 20:30","do":"08:00 - 13:30, 16:00 - 20:30","vr":"08:00 - 13:30, 16:00 - 20:30"}}},{"type":"Feature","geometry":{"type":"Point","coordinates":[9.12319224,39.21997567]},"properties":{"type":"pakketpunt","locatieNaam":"Tabaccheria N. 42","straatNaam":"Via Pasquale Paoli","straatNr":"41","vervoerder":"PosteItaliane","puntType":"servicepunt","bezettingsgraad":50,"latitude":39.21997567,"longitude":9.12319224,"canPickup":true,"canDropoff":true,"openingstijden":{"za":"06:30 - 13:30, 16:30 - 20:30","zo":"gesloten","ma":"06:30 - 13:30, 16:30 - 20:30","di":"06:30 - 13:30, 16:30 - 20:30","wo":"06:30 - 13:30, 16:30 - 20:30","do":"06:30 - 13:30, 16:30 - 20:30","vr":"06:30 - 13:30, 16:30 - 20:30"}}},{"type":"Feature","geometry":{"type":"Point","coordinates":[9.13395781,39.24177832]},"properties":{"type":"pakketpunt","locatieNaam":"Tabaccheria N. 178","straatNaam":"Via Mentana","straatNr":"36","vervoerder":"PosteItaliane","puntType":"servicepunt","bezettingsgraad":50,"latitude":39.24177832,"longitude":9.13395781,"canPickup":true,"canDropoff":true,"openingstijden":{"za":"07:00 - 13:15, 16:00 - 20:30","zo":"gesloten","ma":"07:00 - 13:15, 16:00 - 20:30","di":"07:00 - 13:15, 16:00 - 20:30","wo":"07:00 - 13:15, 16:00 - 20:30","do":"07:00 - 13:15, 16:00 - 20:30","vr":"07:00 - 13:15, 16:00 - 20:30"}}},{"type":"Feature","geometry":{"type":"Point","coordinates":[9.12531481,39.22470512]},"properties":{"type":"pakketpunt","locatieNaam":"Tabaccheria N. 90","straatNaam":"Via Dante Alighieri","straatNr":"115","vervoerder":"PosteItaliane","puntType":"servicepunt","bezettingsgraad":50,"latitude":39.22470512,"longitude":9.12531481,"canPickup":true,"canDropoff":true,"openingstijden":{"za":"08:30 - 13:00, 17:00 - 20:30","zo":"09:00 - 13:00","ma":"08:30 - 13:00, 17:00 - 20:30","di":"08:30 - 13:00, 17:00 - 20:30","wo":"08:30 - 13:00, 17:00 - 20:30","do":"08:30 - 13:00, 17:00 - 20:30","vr":"08:30 - 13:00, 17:00 - 20:30"}}},{"type":"Feature","geometry":{"type":"Point","coordinates":[9.15156717,39.19639915]},"properties":{"type":"pakketpunt","locatieNaam":"Tabaccheria N. 43","straatNaam":"Viale Poetto","straatNr":"106","vervoerder":"PosteItaliane","puntType":"servicepunt","bezettingsgraad":50,"latitude":39.19639915,"longitude":9.15156717,"canPickup":true,"canDropoff":true,"openingstijden":{"za":"06:20 - 19:30","zo":"06:20 - 19:30","ma":"06:20 - 19:30","di":"06:20 - 19:30","wo":"06:20 - 19:30","do":"06:20 - 19:30","vr":"06:20 - 19:30"}}},{"type":"Feature","geometry":{"type":"Point","coordinates":[9.13043876,39.24679425]},"properties":{"type":"pakketpunt","locatieNaam":"Pirri","straatNaam":"Via Salvo D'acquisto","straatNr":"1","vervoerder":"PosteItaliane","puntType":"postkantoor","bezettingsgraad":50,"latitude":39.24679425,"longitude":9.13043876,"canPickup":true,"canDropoff":true,"openingstijden":{"za":"08:20 - 12:35","zo":"gesloten","ma":"08:20 - 19:05","di":"08:20 - 19:05","wo":"08:20 - 19:05","do":"08:20 - 19:05","vr":"08:20 - 19:05"}}},{"type":"Feature","geometry":{"type":"Point","coordinates":[9.11441569,39.21292625]},"properties":{"type":"pakketpunt","locatieNaam":"Cagliari 2","straatNaam":"Via Roma","straatNr":"25","vervoerder":"PosteItaliane","puntType":"postkantoor","bezettingsgraad":50,"latitude":39.21292625,"longitude":9.11441569,"canPickup":true,"canDropoff":true,"openingstijden":{"za":"08:20 - 12:35","zo":"gesloten","ma":"08:20 - 13:35","di":"08:20 - 13:35","wo":"08:20 - 13:35","do":"08:20 - 13:35","vr":"08:20 - 13:35"}}},{"type":"Feature","geometry":{"type":"Point","coordinates":[9.11948195,39.24901573]},"properties":{"type":"pakketpunt","locatieNaam":"Cagliari 3","straatNaam":"Via Stamira","straatNr":"25","vervoerder":"PosteItaliane","puntType":"postkantoor","bezettingsgraad":50,"latitude":39.24901573,"longitude":9.11948195,"canPickup":true,"canDropoff":true,"openingstijden":{"za":"08:20 - 12:35","zo":"gesloten","ma":"08:20 - 13:35","di":"08:20 - 13:35","wo":"08:20 - 13:35","do":"08:20 - 13:35","vr":"08:20 - 13:35"}}},{"type":"Feature","geometry":{"type":"Point","coordinates":[9.11705783,39.22979918]},"properties":{"type":"pakketpunt","locatieNaam":"Cagliari 11","straatNaam":"Via Liguria","straatNr":"36","vervoerder":"PosteItaliane","puntType":"postkantoor","bezettingsgraad":50,"latitude":39.22979918,"longitude":9.11705783,"canPickup":true,"canDropoff":true,"openingstijden":{"za":"08:20 - 12:35","zo":"gesloten","ma":"08:20 - 13:35","di":"08:20 - 13:35","wo":"08:20 - 13:35","do":"08:20 - 13:35","vr":"08:20 - 13:35"}}},{"type":"Feature","geometry":{"type":"Point","coordinates":[9.13458437,39.22679029]},"properties":{"type":"pakketpunt","locatieNaam":"Cagliari 13","straatNaam":"Via Zagabria","straatNr":"50","vervoerder":"PosteItaliane","puntType":"postkantoor","bezettingsgraad":50,"latitude":39.22679029,"longitude":9.13458437,"canPickup":true,"canDropoff":true,"openingstijden":{"za":"08:20 - 12:35","zo":"gesloten","ma":"08:20 - 13:35","di":"08:20 - 13:35","wo":"08:20 - 13:35","do":"08:20 - 13:35","vr":"08:20 - 13:35"}}},{"type":"Feature","geometry":{"type":"Point","coordinates":[9.12877011,39.22434637]},"properties":{"type":"pakketpunt","locatieNaam":"Cagliari 10","straatNaam":"Via San Benedetto","straatNr":"57/a","vervoerder":"PosteItaliane","puntType":"postkantoor","bezettingsgraad":50,"latitude":39.22434637,"longitude":9.12877011,"canPickup":true,"canDropoff":true,"openingstijden":{"za":"08:20 - 12:35","zo":"gesloten","ma":"08:20 - 19:05","di":"08:20 - 19:05","wo":"08:20 - 19:05","do":"08:20 - 19:05","vr":"08:20 - 19:05"}}},{"type":"Feature","geometry":{"type":"Point","coordinates":[9.10941069,39.21712405]},"properties":{"type":"pakketpunt","locatieNaam":"Cagliari Centro","straatNaam":"Piazza Del Carmine","straatNr":"27","vervoerder":"PosteItaliane","puntType":"postkantoor","bezettingsgraad":50,"latitude":39.21712405,"longitude":9.10941069,"canPickup":true,"canDropoff":true,"openingstijden":{"za":"08:20 - 12:35","zo":"gesloten","ma":"08:20 - 19:05","di":"08:20 - 19:05","wo":"08:20 - 19:05","do":"08:20 - 19:05","vr":"08:20 - 19:05"}}},{"type":"Feature","geometry":{"type":"Point","coordinates":[9.12948239,39.21746491]},"properties":{"type":"pakketpunt","locatieNaam":"Cagliari Tribunale","straatNaam":"Via Enrico Carboni Boi","straatNr":"16","vervoerder":"PosteItaliane","puntType":"postkantoor","bezettingsgraad":50,"latitude":39.21746491,"longitude":9.12948239,"canPickup":true,"canDropoff":true,"openingstijden":{"za":"08:20 - 12:45","zo":"gesloten","ma":"08:20 - 13:45","di":"08:20 - 13:45","wo":"08:20 - 13:45","do":"08:20 - 13:45","vr":"08:20 - 13:45"}}},{"type":"Feature","geometry":{"type":"Point","coordinates":[9.10213654,39.22300055]},"properties":{"type":"pakketpunt","locatieNaam":"Cagliari 5","straatNaam":"Viale Trieste","straatNr":"161","vervoerder":"PosteItaliane","puntType":"postkantoor","bezettingsgraad":50,"latitude":39.22300055,"longitude":9.10213654,"canPickup":true,"canDropoff":true,"openingstijden":{"za":"08:20 - 12:35","zo":"gesloten","ma":"08:20 - 13:35","di":"08:20 - 13:35","wo":"08:20 - 13:35","do":"08:20 - 13:35","vr":"08:20 - 13:35"}}},{"type":"Feature","geometry":{"type":"Point","coordinates":[9.12477796,39.2153079]},"properties":{"type":"pakketpunt","locatieNaam":"Cagliari 8","straatNaam":"Via Dante Alighieri","straatNr":"36","vervoerder":"PosteItaliane","puntType":"postkantoor","bezettingsgraad":50,"latitude":39.2153079,"longitude":9.12477796,"canPickup":true,"canDropoff":true,"openingstijden":{"za":"08:20 - 12:35","zo":"gesloten","ma":"08:20 - 13:35","di":"08:20 - 13:35","wo":"08:20 - 13:35","do":"08:20 - 13:35","vr":"08:20 - 13:35"}}},{"type":"Feature","geometry":{"type":"Point","coordinates":[9.09372175,39.23481684]},"properties":{"type":"pakketpunt","locatieNaam":"Cagliari 15","straatNaam":"Via Simeto","straatNr":"24","vervoerder":"PosteItaliane","puntType":"postkantoor","bezettingsgraad":50,"latitude":39.23481684,"longitude":9.09372175,"canPickup":true,"canDropoff":true,"openingstijden":{"za":"08:20 - 12:35","zo":"gesloten","ma":"08:20 - 19:05","di":"08:20 - 19:05","wo":"08:20 - 19:05","do":"08:20 - 19:05","vr":"08:20 - 19:05"}}},{"type":"Feature","geometry":{"type":"Point","coordinates":[9.13620373,39.2056205]},"properties":{"type":"pakketpunt","locatieNaam":"Cagliari 7","straatNaam":"Via Della Pineta","straatNr":"243","vervoerder":"PosteItaliane","puntType":"postkantoor","bezettingsgraad":50,"latitude":39.2056205,"longitude":9.13620373,"canPickup":true,"canDropoff":true,"openingstijden":{"za":"08:20 - 12:35","zo":"gesloten","ma":"08:20 - 19:05","di":"08:20 - 19:05","wo":"08:20 - 19:05","do":"08:20 - 19:05","vr":"08:20 - 19:05"}}},{"type":"Feature","geometry":{"type":"Point","coordinates":[9.12402337,39.22005405]},"properties":{"type":"pakketpunt","locatieNaam":"Cagliari 6","straatNaam":"Via Pasquale Tola","straatNr":"16","vervoerder":"PosteItaliane","puntType":"postkantoor","bezettingsgraad":50,"latitude":39.22005405,"longitude":9.12402337,"canPickup":true,"canDropoff":true,"openingstijden":{"za":"08:20 - 12:35","zo":"gesloten","ma":"08:20 - 19:05","di":"08:20 - 19:05","wo":"08:20 - 19:05","do":"08:20 - 19:05","vr":"08:20 - 19:05"}}},{"type":"Feature","geometry":{"type":"Point","coordinates":[9.11313765,39.21846413]},"properties":{"type":"pakketpunt","locatieNaam":"Cagliari 1","straatNaam":"Via Francesco Fara","straatNr":"11","vervoerder":"PosteItaliane","puntType":"postkantoor","bezettingsgraad":50,"latitude":39.21846413,"longitude":9.11313765,"canPickup":true,"canDropoff":true,"openingstijden":{"za":"08:20 - 12:35","zo":"gesloten","ma":"08:20 - 13:35","di":"08:20 - 13:35","wo":"08:20 - 13:35","do":"08:20 - 13:35","vr":"08:20 - 13:35"}}},{"type":"Feature","geometry":{"type":"Point","coordinates":[9.14529617,39.19989877]},"properties":{"type":"pakketpunt","locatieNaam":"Cagliari 4","straatNaam":"Viale Poetto","straatNr":"18","vervoerder":"PosteItaliane","puntType":"postkantoor","bezettingsgraad":50,"latitude":39.19989877,"longitude":9.14529617,"canPickup":true,"canDropoff":true,"openingstijden":{"za":"08:20 - 12:35","zo":"gesloten","ma":"08:20 - 13:35","di":"08:20 - 13:35","wo":"08:20 - 13:35","do":"08:20 - 13:35","vr":"08:20 - 13:35"}}},{"type":"Feature","geometry":{"type":"Point","coordinates":[9.10285953,39.23675683]},"properties":{"type":"pakketpunt","locatieNaam":"Cagliari 9","straatNaam":"Via Monte Santo","straatNr":"30","vervoerder":"PosteItaliane","puntType":"postkantoor","bezettingsgraad":50,"latitude":39.23675683,"longitude":9.10285953,"canPickup":true,"canDropoff":true,"openingstijden":{"za":"08:20 - 12:35","zo":"gesloten","ma":"08:20 - 19:05","di":"08:20 - 19:05","wo":"08:20 - 19:05","do":"08:20 - 19:05","vr":"08:20 - 19:05"}}},{"type":"Feature","geometry":{"type":"Point","coordinates":[9.12570186,39.23322212]},"properties":{"type":"pakketpunt","locatieNaam":"Cagliari 12","straatNaam":"Via Giuseppe Biasi","straatNr":"25","vervoerder":"PosteItaliane","puntType":"postkantoor","bezettingsgraad":50,"latitude":39.23322212,"longitude":9.12570186,"canPickup":true,"canDropoff":true,"openingstijden":{"za":"08:20 - 12:35","zo":"gesloten","ma":"08:20 - 13:35","di":"08:20 - 13:35","wo":"08:20 - 13:35","do":"08:20 - 13:35","vr":"08:20 - 13:35"}}},{"type":"Feature","geometry":{"type":"Point","coordinates":[9.12485246,39.21751702]},"properties":{"type":"pakketpunt","locatieNaam":"Tabaccheria N. 72","straatNaam":"Via Dante Alighieri","straatNr":"72/b","vervoerder":"PosteItaliane","puntType":"servicepunt","bezettingsgraad":50,"latitude":39.21751702,"longitude":9.12485246,"canPickup":true,"canDropoff":true,"openingstijden":{"za":"08:00 - 13:00, 16:00 - 20:00","zo":"gesloten","ma":"08:00 - 13:00, 16:00 - 20:00","di":"08:00 - 13:00, 16:00 - 20:00","wo":"08:00 - 13:00, 16:00 - 20:00","do":"08:00 - 13:00, 16:00 - 20:00","vr":"08:00 - 13:00, 16:00 - 20:00"}}},{"type":"Feature","geometry":{"type":"Point","coordinates":[9.1243424,39.22868644]},"properties":{"type":"pakketpunt","locatieNaam":"Tabaccheria N. 111","straatNaam":"Piazza Giovanni Xxiii","straatNr":"11","vervoerder":"PosteItaliane","puntType":"servicepunt","bezettingsgraad":50,"latitude":39.22868644,"longitude":9.1243424,"canPickup":true,"canDropoff":true,"openingstijden":{"za":"08:00 - 13:00, 17:00 - 20:00","zo":"gesloten","ma":"07:00 - 20:00","di":"07:00 - 20:00","wo":"07:00 - 20:00","do":"07:00 - 20:00","vr":"07:00 - 20:00"}}},{"type":"Feature","geometry":{"type":"Point","coordinates":[9.09696293,39.23706379]},"properties":{"type":"pakketpunt","locatieNaam":"Tabaccheria N. 144","straatNaam":"Viale Monastir","straatNr":"71","vervoerder":"PosteItaliane","puntType":"servicepunt","bezettingsgraad":50,"latitude":39.23706379,"longitude":9.09696293,"canPickup":true,"canDropoff":true,"openingstijden":{"za":"05:00 - 20:00","zo":"gesloten","ma":"05:00 - 20:00","di":"05:00 - 20:00","wo":"05:00 - 20:00","do":"05:00 - 20:00","vr":"05:00 - 20:00"}}},{"type":"Feature","geometry":{"type":"Point","coordinates":[9.13033287,39.22267013]},"properties":{"type":"pakketpunt","locatieNaam":"Tabaccheria N. 160","straatNaam":"Via Pierluigi Da Palestrina","straatNr":"56","vervoerder":"PosteItaliane","puntType":"servicepunt","bezettingsgraad":50,"latitude":39.22267013,"longitude":9.13033287,"canPickup":true,"canDropoff":true,"openingstijden":{"za":"07:30 - 13:00, 16:30 - 18:00","zo":"gesloten","ma":"07:15 - 13:45, 16:15 - 18:30","di":"07:15 - 13:45, 16:15 - 18:30","wo":"07:15 - 13:45, 16:15 - 18:30","do":"07:15 - 13:45, 16:15 - 18:00","vr":"07:15 - 13:45, 16:15 - 18:30"}}},{"type":"Feature","geometry":{"type":"Point","coordinates":[9.12080838,39.23524264]},"properties":{"type":"pakketpunt","locatieNaam":"Tabaccheria N. 210","straatNaam":"Via Dei Valenzani","straatNr":"21","vervoerder":"PosteItaliane","puntType":"servicepunt","bezettingsgraad":50,"latitude":39.23524264,"longitude":9.12080838,"canPickup":true,"canDropoff":true,"openingstijden":{"za":"08:30 - 20:00","zo":"08:30 - 13:30","ma":"08:30 - 20:00","di":"08:30 - 20:00","wo":"08:30 - 20:00","do":"08:30 - 20:00","vr":"08:30 - 20:00"}}},{"type":"Feature","geometry":{"type":"Point","coordinates":[9.13154618,39.23237781]},"properties":{"type":"pakketpunt","locatieNaam":"Tabaccheria N. 74","straatNaam":"Via Baldassarre Castiglione","straatNr":"97","vervoerder":"PosteItaliane","puntType":"servicepunt","bezettingsgraad":50,"latitude":39.23237781,"longitude":9.13154618,"canPickup":true,"canDropoff":true,"openingstijden":{"za":"06:30 - 21:00","zo":"08:00 - 13:00, 16:00 - 20:30","ma":"06:30 - 21:00","di":"06:30 - 21:00","wo":"06:30 - 21:00","do":"06:30 - 21:00","vr":"06:30 - 21:00"}}},{"type":"Feature","geometry":{"type":"Point","coordinates":[9.12019345,39.21088487]},"properties":{"type":"pakketpunt","locatieNaam":"Tabaccheria N. 21","straatNaam":"Viale Bonaria","straatNr":"90/a","vervoerder":"PosteItaliane","puntType":"servicepunt","bezettingsgraad":50,"latitude":39.21088487,"longitude":9.12019345,"canPickup":true,"canDropoff":true,"openingstijden":{"za":"07:00 - 13:00","zo":"gesloten","ma":"06:00 - 20:00","di":"06:00 - 20:00","wo":"06:00 - 20:00","do":"06:00 - 20:00","vr":"06:00 - 20:00"}}},{"type":"Feature","geometry":{"type":"Point","coordinates":[9.11725337,39.21573827]},"properties":{"type":"pakketpunt","locatieNaam":"Tabaccheria N. 15","straatNaam":"Via Giuseppe Garibaldi","straatNr":"4","vervoerder":"PosteItaliane","puntType":"servicepunt","bezettingsgraad":50,"latitude":39.21573827,"longitude":9.11725337,"canPickup":true,"canDropoff":true,"openingstijden":{"za":"09:00 - 12:45, 16:00 - 20:00","zo":"gesloten","ma":"08:30 - 12:45, 16:00 - 20:00","di":"08:30 - 12:45, 16:00 - 20:00","wo":"08:30 - 12:45, 16:00 - 20:00","do":"08:30 - 12:45, 16:00 - 20:00","vr":"08:30 - 12:45, 16:00 - 20:00"}}},{"type":"Feature","geometry":{"type":"Point","coordinates":[9.12949088,39.21308227]},"properties":{"type":"pakketpunt","locatieNaam":"Tabaccheria N. 64","straatNaam":"Via Enrico Pessina","straatNr":"91","vervoerder":"PosteItaliane","puntType":"servicepunt","bezettingsgraad":50,"latitude":39.21308227,"longitude":9.12949088,"canPickup":true,"canDropoff":true,"openingstijden":{"za":"07:30 - 20:30","zo":"gesloten","ma":"07:30 - 20:30","di":"07:30 - 20:30","wo":"07:30 - 20:30","do":"07:30 - 20:30","vr":"07:30 - 20:30"}}},{"type":"Feature","geometry":{"type":"Point","coordinates":[9.12139172,39.24792806]},"properties":{"type":"pakketpunt","locatieNaam":"Tabaccheria N. 194","straatNaam":"Via Socrate","straatNr":"25","vervoerder":"PosteItaliane","puntType":"servicepunt","bezettingsgraad":50,"latitude":39.24792806,"longitude":9.12139172,"canPickup":true,"canDropoff":true,"openingstijden":{"za":"08:30 - 13:30, 16:30 - 20:00","zo":"gesloten","ma":"08:30 - 13:30, 16:30 - 20:00","di":"08:30 - 13:30, 16:30 - 20:00","wo":"08:30 - 13:30, 16:30 - 20:00","do":"08:30 - 13:30, 16:30 - 20:00","vr":"08:30 - 13:30, 16:30 - 20:00"}}},{"type":"Feature","geometry":{"type":"Point","coordinates":[9.12914469,39.24809541]},"properties":{"type":"pakketpunt","locatieNaam":"Self Alimentari","straatNaam":"Via Antonio Ignazio Argiolas","straatNr":"53","vervoerder":"PosteItaliane","puntType":"servicepunt","bezettingsgraad":50,"latitude":39.24809541,"longitude":9.12914469,"canPickup":true,"canDropoff":true,"openingstijden":{"za":"07:30 - 14:00","zo":"gesloten","ma":"07:30 - 19:00","di":"07:30 - 19:00","wo":"07:30 - 19:00","do":"07:30 - 19:00","vr":"07:30 - 19:00"}}},{"type":"Feature","geometry":{"type":"Point","coordinates":[9.12402337,39.22005405]},"properties":{"type":"pakketpunt","locatieNaam":"Ufficio Postale Cagliari 6","straatNaam":"Via Pasquale Tola","straatNr":"16","vervoerder":"PosteItaliane","puntType":"automaat","bezettingsgraad":50,"latitude":39.22005405,"longitude":9.12402337,"canPickup":true,"canDropoff":true,"openingstijden":{"za":"08:20 - 12:35","zo":"gesloten","ma":"08:20 - 19:05","di":"08:20 - 19:05","wo":"08:20 - 19:05","do":"08:20 - 19:05","vr":"08:20 - 19:05"}}},{"type":"Feature","geometry":{"type":"Point","coordinates":[9.09113525,39.23211922]},"properties":{"type":"pakketpunt","locatieNaam":"Centro Commerciale I Fenicotteri","straatNaam":"Via San Simone","straatNr":"60","vervoerder":"PosteItaliane","puntType":"automaat","bezettingsgraad":50,"latitude":39.23211922,"longitude":9.09113525,"canPickup":true,"canDropoff":true,"openingstijden":{"za":"09:00 - 21:00","zo":"10:00 - 21:00","ma":"09:00 - 21:00","di":"09:00 - 21:00","wo":"09:00 - 21:00","do":"09:00 - 21:00","vr":"09:00 - 21:00"}}},{"type":"Feature","geometry":{"type":"Point","coordinates":[9.1164028,39.2428634]},"properties":{"type":"pakketpunt","locatieNaam":"Supermercato Conad","straatNaam":"Via Edward Jenner","straatNr":"1/a","vervoerder":"PosteItaliane","puntType":"automaat","bezettingsgraad":50,"latitude":39.2428634,"longitude":9.1164028,"canPickup":true,"canDropoff":true,"openingstijden":{"za":"08:30 - 21:00","zo":"09:00 - 21:00","ma":"08:30 - 21:00","di":"08:30 - 21:00","wo":"08:30 - 21:00","do":"08:30 - 21:00","vr":"08:30 - 21:00"}}},{"type":"Feature","geometry":{"type":"Point","coordinates":[9.13251273,39.20724636]},"properties":{"type":"pakketpunt","locatieNaam":"Tabaccheria N. 118","straatNaam":"Via Milano","straatNr":"89","vervoerder":"PosteItaliane","puntType":"servicepunt","bezettingsgraad":50,"latitude":39.20724636,"longitude":9.13251273,"canPickup":true,"canDropoff":true,"openingstijden":{"za":"08:00 - 20:00","zo":"08:00 - 13:00, 17:00 - 20:00","ma":"08:00 - 20:00","di":"08:00 - 20:00","wo":"08:00 - 20:00","do":"08:00 - 20:00","vr":"08:00 - 20:00"}}},{"type":"Feature","geometry":{"type":"Point","coordinates":[9.12758788,39.22864073]},"properties":{"type":"pakketpunt","locatieNaam":"Tabaccheria N. 68","straatNaam":"Via Gaetano Salvemini","straatNr":"26","vervoerder":"PosteItaliane","puntType":"servicepunt","bezettingsgraad":50,"latitude":39.22864073,"longitude":9.12758788,"canPickup":true,"canDropoff":true,"openingstijden":{"za":"08:00 - 12:30, 16:30 - 19:00","zo":"gesloten","ma":"08:00 - 12:30, 16:30 - 19:00","di":"08:00 - 12:30, 16:30 - 19:00","wo":"08:00 - 12:30, 16:30 - 19:00","do":"08:00 - 12:30, 16:30 - 19:00","vr":"08:00 - 12:30, 16:30 - 19:00"}}},{"type":"Feature","geometry":{"type":"Point","coordinates":[9.11743345,39.21177072]},"properties":{"type":"pakketpunt","locatieNaam":"Tabaccheria N. 55","straatNaam":"Viale Bonaria","straatNr":"18","vervoerder":"PosteItaliane","puntType":"servicepunt","bezettingsgraad":50,"latitude":39.21177072,"longitude":9.11743345,"canPickup":true,"canDropoff":true,"openingstijden":{"za":"09:00 - 13:00","zo":"gesloten","ma":"07:30 - 14:00, 16:30 - 20:00","di":"07:30 - 14:00, 16:30 - 20:00","wo":"07:30 - 14:00, 16:30 - 20:00","do":"07:30 - 14:00, 16:30 - 20:00","vr":"07:30 - 14:00, 16:30 - 20:00"}}},{"type":"Feature","geometry":{"type":"Point","coordinates":[9.09897477,39.23437673]},"properties":{"type":"pakketpunt","locatieNaam":"Tabaccheria N. 181","straatNaam":"Via Col Di Lana","straatNr":"7/a","vervoerder":"PosteItaliane","puntType":"servicepunt","bezettingsgraad":50,"latitude":39.23437673,"longitude":9.09897477,"canPickup":true,"canDropoff":true,"openingstijden":{"za":"07:30 - 20:30","zo":"gesloten","ma":"07:30 - 20:30","di":"07:30 - 20:30","wo":"07:30 - 20:30","do":"07:30 - 20:30","vr":"07:30 - 20:30"}}},{"type":"Feature","geometry":{"type":"Point","coordinates":[9.12714734,39.22531267]},"properties":{"type":"pakketpunt","locatieNaam":"Tabaccheria N. 137","straatNaam":"Piazza Michelangelo","straatNr":"11","vervoerder":"PosteItaliane","puntType":"servicepunt","bezettingsgraad":50,"latitude":39.22531267,"longitude":9.12714734,"canPickup":true,"canDropoff":true,"openingstijden":{"za":"08:00 - 13:00, 16:30 - 20:00","zo":"gesloten","ma":"08:00 - 13:00, 16:30 - 19:30","di":"08:00 - 13:00, 16:30 - 19:30","wo":"08:00 - 13:00, 16:30 - 19:30","do":"08:00 - 13:00, 16:30 - 19:30","vr":"08:00 - 13:00, 16:30 - 19:30"}}},{"type":"Feature","geometry":{"type":"Point","coordinates":[9.11901858,39.21327181]},"properties":{"type":"pakketpunt","locatieNaam":"Tabaccheria N. 27","straatNaam":"Via Venti Settembre","straatNr":"65","vervoerder":"PosteItaliane","puntType":"servicepunt","bezettingsgraad":50,"latitude":39.21327181,"longitude":9.11901858,"canPickup":true,"canDropoff":true,"openingstijden":{"za":"08:00 - 13:00, 17:00 - 20:00","zo":"gesloten","ma":"gesloten","di":"gesloten","wo":"gesloten","do":"gesloten","vr":"gesloten"}}},{"type":"Feature","geometry":{"type":"Point","coordinates":[9.13932232,39.19337239]},"properties":{"type":"pakketpunt","locatieNaam":"Tabaccheria N. 99","straatNaam":"Via Pietro Schiavazzi","straatNr":"75/a","vervoerder":"PosteItaliane","puntType":"servicepunt","bezettingsgraad":50,"latitude":39.19337239,"longitude":9.13932232,"canPickup":true,"canDropoff":true,"openingstijden":{"za":"08:00 - 13:00, 16:00 - 20:00","zo":"08:00 - 13:00","ma":"08:00 - 13:00, 16:00 - 20:00","di":"08:00 - 13:00, 16:00 - 20:00","wo":"08:00 - 13:00, 16:00 - 20:00","do":"08:00 - 13:00, 16:00 - 20:00","vr":"08:00 - 13:00, 16:00 - 20:00"}}},{"type":"Feature","geometry":{"type":"Point","coordinates":[9.1051375,39.23820745]},"properties":{"type":"pakketpunt","locatieNaam":"Tabaccheria N. 187","straatNaam":"Via Ciociaria","straatNr":"3","vervoerder":"PosteItaliane","puntType":"servicepunt","bezettingsgraad":50,"latitude":39.23820745,"longitude":9.1051375,"canPickup":true,"canDropoff":true,"openingstijden":{"za":"07:30 - 14:00, 16:00 - 20:30","zo":"07:30 - 13:00","ma":"07:30 - 14:00, 16:00 - 20:30","di":"07:30 - 14:00, 16:00 - 20:30","wo":"07:30 - 14:00, 16:00 - 20:30","do":"07:30 - 14:00, 16:00 - 20:30","vr":"07:30 - 14:00, 16:00 - 20:30"}}},{"type":"Feature","geometry":{"type":"Point","coordinates":[9.1255843,39.23952628]},"properties":{"type":"pakketpunt","locatieNaam":"Tabaccheria N. 104","straatNaam":"Via Alberto Riva Villasanta","straatNr":"197","vervoerder":"PosteItaliane","puntType":"servicepunt","bezettingsgraad":50,"latitude":39.23952628,"longitude":9.1255843,"canPickup":true,"canDropoff":true,"openingstijden":{"za":"06:00 - 20:00","zo":"06:00 - 20:00","ma":"06:00 - 20:00","di":"06:00 - 20:00","wo":"06:00 - 20:00","do":"06:00 - 20:00","vr":"06:00 - 20:00"}}},{"type":"Feature","geometry":{"type":"Point","coordinates":[9.09781185,39.23845598]},"properties":{"type":"pakketpunt","locatieNaam":"Tabaccheria N. 92","straatNaam":"Via Bosco Cappuccio","straatNr":"31","vervoerder":"PosteItaliane","puntType":"servicepunt","bezettingsgraad":50,"latitude":39.23845598,"longitude":9.09781185,"canPickup":true,"canDropoff":true,"openingstijden":{"za":"07:00 - 13:30, 16:00 - 20:00","zo":"gesloten","ma":"07:00 - 13:30, 16:00 - 20:00","di":"07:00 - 13:30, 16:00 - 20:00","wo":"07:00 - 13:30, 16:00 - 20:00","do":"07:00 - 13:30, 16:00 - 20:00","vr":"07:00 - 13:30, 16:00 - 20:00"}}},{"type":"Feature","geometry":{"type":"Point","coordinates":[9.10135331,39.22585115]},"properties":{"type":"pakketpunt","locatieNaam":"Tabaccheria N. 108","straatNaam":"Viale Trento","straatNr":"89","vervoerder":"PosteItaliane","puntType":"servicepunt","bezettingsgraad":50,"latitude":39.22585115,"longitude":9.10135331,"canPickup":true,"canDropoff":true,"openingstijden":{"za":"07:30 - 19:30","zo":"00:08 - 00:12","ma":"07:30 - 19:30","di":"07:30 - 19:30","wo":"07:30 - 19:30","do":"07:30 - 19:30","vr":"07:30 - 19:30"}}},{"type":"Feature","geometry":{"type":"Point","coordinates":[9.12328561,39.23043647]},"properties":{"type":"pakketpunt","locatieNaam":"Tabaccheria N. 16","straatNaam":"Via Dei Donoratico","straatNr":"39","vervoerder":"PosteItaliane","puntType":"servicepunt","bezettingsgraad":50,"latitude":39.23043647,"longitude":9.12328561,"canPickup":true,"canDropoff":true,"openingstijden":{"za":"07:30 - 12:50, 16:00 - 19:50","zo":"gesloten","ma":"07:30 - 12:50, 16:00 - 19:50","di":"07:30 - 12:50, 16:00 - 19:50","wo":"07:30 - 12:50, 16:00 - 19:50","do":"07:30 - 12:50, 16:00 - 19:50","vr":"07:30 - 12:50, 16:00 - 19:50"}}},{"type":"Feature","geometry":{"type":"Point","coordinates":[9.12459405,39.24186964]},"properties":{"type":"pakketpunt","locatieNaam":"Helping Hand Sardegna","straatNaam":"Via Pontida","straatNr":"32","vervoerder":"PosteItaliane","puntType":"servicepunt","bezettingsgraad":50,"latitude":39.24186964,"longitude":9.12459405,"canPickup":true,"canDropoff":true,"openingstijden":{"za":"10:00 - 13:00","zo":"gesloten","ma":"09:30 - 13:30, 17:00 - 20:00","di":"09:30 - 13:30, 17:00 - 20:00","wo":"09:30 - 13:30, 17:00 - 20:00","do":"09:30 - 13:30, 17:00 - 20:00","vr":"09:30 - 13:30, 17:00 - 20:00"}}},{"type":"Feature","geometry":{"type":"Point","coordinates":[9.11846335,39.22707689]},"properties":{"type":"pakketpunt","locatieNaam":"Tabaccheria N. 34","straatNaam":"Via Giardini","straatNr":"183","vervoerder":"PosteItaliane","puntType":"servicepunt","bezettingsgraad":50,"latitude":39.22707689,"longitude":9.11846335,"canPickup":true,"canDropoff":true,"openingstijden":{"za":"07:00 - 13:00, 15:30 - 20:00","zo":"gesloten","ma":"07:00 - 13:00, 15:30 - 20:00","di":"07:00 - 13:00, 15:30 - 20:00","wo":"07:00 - 13:00, 15:30 - 20:00","do":"07:00 - 13:00, 15:30 - 20:00","vr":"07:00 - 13:00, 15:30 - 20:00"}}},{"type":"Feature","geometry":{"type":"Point","coordinates":[9.1231594,39.21615527]},"properties":{"type":"pakketpunt","locatieNaam":"Tabaccheria N. 57","straatNaam":"Via Grazia Deledda","straatNr":"13","vervoerder":"PosteItaliane","puntType":"servicepunt","bezettingsgraad":50,"latitude":39.21615527,"longitude":9.1231594,"canPickup":true,"canDropoff":true,"openingstijden":{"za":"07:00 - 12:00","zo":"gesloten","ma":"07:00 - 19:00","di":"07:00 - 19:00","wo":"07:00 - 19:00","do":"07:00 - 19:00","vr":"07:00 - 19:00"}}},{"type":"Feature","geometry":{"type":"Point","coordinates":[9.09113525,39.23211922]},"properties":{"type":"pakketpunt","locatieNaam":"Tabaccheria N. 143","straatNaam":"Via San Simone","straatNr":"60","vervoerder":"PosteItaliane","puntType":"servicepunt","bezettingsgraad":50,"latitude":39.23211922,"longitude":9.09113525,"canPickup":true,"canDropoff":true,"openingstijden":{"za":"09:00 - 21:00","zo":"09:00 - 21:00","ma":"09:00 - 21:00","di":"09:00 - 21:00","wo":"09:00 - 21:00","do":"09:00 - 21:00","vr":"09:00 - 21:00"}}},{"type":"Feature","geometry":{"type":"Point","coordinates":[9.1335154,39.20800457]},"properties":{"type":"pakketpunt","locatieNaam":"Tabaccheria N. 63","straatNaam":"Via Della Pineta","straatNr":"207/b","vervoerder":"PosteItaliane","puntType":"servicepunt","bezettingsgraad":50,"latitude":39.20800457,"longitude":9.1335154,"canPickup":true,"canDropoff":true,"openingstijden":{"za":"07:30 - 13:30, 15:30 - 20:30","zo":"gesloten","ma":"07:30 - 13:30, 15:30 - 20:30","di":"07:30 - 13:30, 15:30 - 20:30","wo":"07:30 - 13:30, 15:30 - 20:30","do":"07:30 - 13:30, 15:30 - 20:30","vr":"07:30 - 13:30, 15:30 - 20:30"}}},{"type":"Feature","geometry":{"type":"Point","coordinates":[9.13259309,39.23392559]},"properties":{"type":"pakketpunt","locatieNaam":"Tabaccheria - Via Gioia","straatNaam":"Via Flavio Gioia","straatNr":"33","vervoerder":"PosteItaliane","puntType":"servicepunt","bezettingsgraad":50,"latitude":39.23392559,"longitude":9.13259309,"canPickup":true,"canDropoff":true,"openingstijden":{"za":"07:30 - 13:00, 17:00 - 19:30","zo":"gesloten","ma":"07:00 - 13:30, 16:30 - 20:00","di":"07:00 - 13:30, 16:30 - 20:00","wo":"07:00 - 13:30, 16:30 - 20:00","do":"07:00 - 13:30, 16:30 - 20:00","vr":"07:00 - 13:30, 16:30 - 20:00"}}},{"type":"Feature","geometry":{"type":"Point","coordinates":[9.1270679,39.22234133]},"properties":{"type":"pakketpunt","locatieNaam":"Tabaccheria N. 85","straatNaam":"Via Vincenzo Bellini","straatNr":"2","vervoerder":"PosteItaliane","puntType":"servicepunt","bezettingsgraad":50,"latitude":39.22234133,"longitude":9.1270679,"canPickup":true,"canDropoff":true,"openingstijden":{"za":"08:00 - 13:00, 16:00 - 20:00","zo":"gesloten","ma":"08:00 - 13:00, 16:00 - 20:00","di":"08:00 - 13:00, 16:00 - 20:00","wo":"08:00 - 13:00, 16:00 - 20:00","do":"08:00 - 13:00, 16:00 - 20:00","vr":"08:00 - 13:00, 16:00 - 20:00"}}},{"type":"Feature","geometry":{"type":"Point","coordinates":[9.11299423,39.23288494]},"properties":{"type":"pakketpunt","locatieNaam":"Tabaccheria N. 182","straatNaam":"Via Campania","straatNr":"12/a","vervoerder":"PosteItaliane","puntType":"servicepunt","bezettingsgraad":50,"latitude":39.23288494,"longitude":9.11299423,"canPickup":true,"canDropoff":true,"openingstijden":{"za":"07:30 - 13:30, 16:00 - 20:00","zo":"gesloten","ma":"07:30 - 13:30, 16:00 - 20:00","di":"07:30 - 13:30, 16:00 - 20:00","wo":"07:30 - 13:30, 16:00 - 20:00","do":"07:30 - 13:30, 16:00 - 20:00","vr":"07:30 - 13:30, 16:00 - 20:00"}}},{"type":"Feature","geometry":{"type":"Point","coordinates":[9.10876141,39.23591408]},"properties":{"type":"pakketpunt","locatieNaam":"Tabaccheria N. 87","straatNaam":"Via Is Mirrionis","straatNr":"97/a","vervoerder":"PosteItaliane","puntType":"servicepunt","bezettingsgraad":50,"latitude":39.23591408,"longitude":9.10876141,"canPickup":true,"canDropoff":true,"openingstijden":{"za":"08:00 - 13:30, 16:30 - 20:30","zo":"gesloten","ma":"07:30 - 13:30, 16:30 - 20:30","di":"07:30 - 13:30, 16:30 - 20:30","wo":"07:30 - 13:30, 16:30 - 20:30","do":"07:30 - 13:30, 16:30 - 20:30","vr":"07:30 - 13:30, 16:30 - 20:30"}}},{"type":"Feature","geometry":{"type":"Point","coordinates":[9.12856753,39.25000484]},"properties":{"type":"pakketpunt","locatieNaam":"Tabaccheria N. 146","straatNaam":"Via Antonio Ignazio Argiolas","straatNr":"99","vervoerder":"PosteItaliane","puntType":"servicepunt","bezettingsgraad":50,"latitude":39.25000484,"longitude":9.12856753,"canPickup":true,"canDropoff":true,"openingstijden":{"za":"07:30 - 13:00, 16:00 - 20:00","zo":"gesloten","ma":"07:30 - 13:00, 16:00 - 20:00","di":"07:30 - 13:00, 16:00 - 20:00","wo":"07:30 - 13:00, 16:00 - 20:00","do":"07:30 - 13:00, 16:00 - 20:00","vr":"07:30 - 13:00, 16:00 - 20:00"}}},{"type":"Feature","geometry":{"type":"Point","coordinates":[9.10779313,39.22063193]},"properties":{"type":"pakketpunt","locatieNaam":"Tuttoperlostudio","straatNaam":"Via Tigellio","straatNr":"10","vervoerder":"PosteItaliane","puntType":"servicepunt","bezettingsgraad":50,"latitude":39.22063193,"longitude":9.10779313,"canPickup":true,"canDropoff":true,"openingstijden":{"za":"gesloten","zo":"gesloten","ma":"09:00 - 19:30","di":"09:00 - 19:30","wo":"09:00 - 19:30","do":"09:00 - 19:30","vr":"09:00 - 19:30"}}},{"type":"Feature","geometry":{"type":"Point","coordinates":[9.10958175,39.23839528]},"properties":{"type":"pakketpunt","locatieNaam":"Cartoleria Gialla","straatNaam":"Via Cornalias","straatNr":"54/a","vervoerder":"PosteItaliane","puntType":"servicepunt","bezettingsgraad":50,"latitude":39.23839528,"longitude":9.10958175,"canPickup":true,"canDropoff":true,"openingstijden":{"za":"10:00 - 11:00","zo":"gesloten","ma":"08:30 - 12:30, 16:30 - 19:30","di":"08:30 - 12:30, 16:30 - 19:30","wo":"08:30 - 12:30, 16:30 - 19:30","do":"08:30 - 12:30, 16:30 - 19:30","vr":"08:30 - 12:30, 16:30 - 19:30"}}},{"type":"Feature","geometry":{"type":"Point","coordinates":[9.1194433,39.2113893]},"properties":{"type":"pakketpunt","locatieNaam":"Kipoint Viale Bonaria","straatNaam":"Viale Bonaria","straatNr":"64","vervoerder":"PosteItaliane","puntType":"servicepunt","bezettingsgraad":50,"latitude":39.2113893,"longitude":9.1194433,"canPickup":true,"canDropoff":true,"openingstijden":{"za":"gesloten","zo":"gesloten","ma":"09:00 - 13:00, 15:30 - 18:30","di":"09:00 - 13:00, 15:30 - 18:30","wo":"09:00 - 13:00, 15:30 - 18:30","do":"09:00 - 13:00, 15:30 - 18:30","vr":"09:00 - 13:00, 15:30 - 18:30"}}},{"type":"Feature","geometry":{"type":"Point","coordinates":[9.12867891,39.2244274]},"properties":{"type":"pakketpunt","locatieNaam":"Tabaccheria N. 110","straatNaam":"Via San Benedetto","straatNr":"78","vervoerder":"PosteItaliane","puntType":"servicepunt","bezettingsgraad":50,"latitude":39.2244274,"longitude":9.12867891,"canPickup":true,"canDropoff":true,"openingstijden":{"za":"08:30 - 13:30, 17:00 - 20:00","zo":"gesloten","ma":"08:30 - 13:30, 16:00 - 20:00","di":"08:30 - 13:30, 16:00 - 20:00","wo":"08:30 - 13:30, 16:00 - 20:00","do":"08:30 - 13:30, 16:00 - 20:00","vr":"08:30 - 13:30, 16:00 - 20:00"}}},{"type":"Feature","geometry":{"type":"Point","coordinates":[9.12474894,39.24961249]},"properties":{"type":"pakketpunt","locatieNaam":"Tabaccheria N. 30","straatNaam":"Via Enrico Toti","straatNr":"163","vervoerder":"PosteItaliane","puntType":"servicepunt","bezettingsgraad":50,"latitude":39.24961249,"longitude":9.12474894,"canPickup":true,"canDropoff":true,"openingstijden":{"za":"08:30 - 12:45, 16:10 - 19:00","zo":"gesloten","ma":"08:30 - 12:45, 16:10 - 19:00","di":"08:30 - 12:45, 16:10 - 19:00","wo":"08:30 - 12:45, 16:10 - 19:00","do":"08:30 - 12:45, 16:10 - 19:00","vr":"08:30 - 12:45, 17:10 - 19:00"}}},{"type":"Feature","geometry":{"type":"Point","coordinates":[9.12546146,39.22670917]},"properties":{"type":"pakketpunt","locatieNaam":"Tabaccheria N. 149","straatNaam":"Piazza Giovanni Xxiii","straatNr":"72","vervoerder":"PosteItaliane","puntType":"servicepunt","bezettingsgraad":50,"latitude":39.22670917,"longitude":9.12546146,"canPickup":true,"canDropoff":true,"openingstijden":{"za":"08:00 - 13:00, 16:30 - 19:30","zo":"gesloten","ma":"08:00 - 19:30","di":"08:00 - 19:30","wo":"08:00 - 19:30","do":"08:00 - 19:30","vr":"08:00 - 19:30"}}},{"type":"Feature","geometry":{"type":"Point","coordinates":[9.10137308,39.23679969]},"properties":{"type":"pakketpunt","locatieNaam":"Cartoleria Oltre La Favola","straatNaam":"Via Redipuglia","straatNr":"46","vervoerder":"PosteItaliane","puntType":"servicepunt","bezettingsgraad":50,"latitude":39.23679969,"longitude":9.10137308,"canPickup":true,"canDropoff":true,"openingstijden":{"za":"09:00 - 12:30","zo":"gesloten","ma":"08:30 - 12:30, 16:30 - 19:30","di":"16:30 - 19:30","wo":"08:30 - 12:30, 16:30 - 19:30","do":"08:30 - 12:30, 16:30 - 19:30","vr":"08:30 - 12:30, 16:30 - 19:30"}}},{"type":"Feature","geometry":{"type":"Point","coordinates":[9.14453485,39.20433456]},"properties":{"type":"pakketpunt","locatieNaam":"Tabaccheria N. 151","straatNaam":"Via Euro","straatNr":"9","vervoerder":"PosteItaliane","puntType":"servicepunt","bezettingsgraad":50,"latitude":39.20433456,"longitude":9.14453485,"canPickup":true,"canDropoff":true,"openingstijden":{"za":"08:30 - 13:00, 16:30 - 19:30","zo":"gesloten","ma":"08:30 - 13:00, 16:30 - 20:00","di":"08:30 - 13:00, 16:30 - 20:00","wo":"08:30 - 13:00, 16:30 - 20:00","do":"08:30 - 13:00, 16:30 - 20:00","vr":"08:30 - 13:00, 16:30 - 20:00"}}},{"type":"Feature","geometry":{"type":"Point","coordinates":[9.11255086,39.24010188]},"properties":{"type":"pakketpunt","locatieNaam":"Tabaccheria N. 152","straatNaam":"Via Monsignor Ernesto Maria Piovella","straatNr":"51","vervoerder":"PosteItaliane","puntType":"servicepunt","bezettingsgraad":50,"latitude":39.24010188,"longitude":9.11255086,"canPickup":true,"canDropoff":true,"openingstijden":{"za":"07:00 - 13:30, 16:00 - 19:30","zo":"gesloten","ma":"07:00 - 13:30, 16:00 - 20:00","di":"07:00 - 13:30, 16:00 - 20:00","wo":"07:00 - 13:30, 16:00 - 20:00","do":"07:00 - 13:30, 16:00 - 20:00","vr":"07:00 - 13:30, 16:00 - 20:00"}}},{"type":"Feature","geometry":{"type":"Point","coordinates":[9.12663527,39.23248666]},"properties":{"type":"pakketpunt","locatieNaam":"Tabaccheria N. 24","straatNaam":"Via Giuseppe Biasi","straatNr":"27/d","vervoerder":"PosteItaliane","puntType":"servicepunt","bezettingsgraad":50,"latitude":39.23248666,"longitude":9.12663527,"canPickup":true,"canDropoff":true,"openingstijden":{"za":"07:30 - 12:58, 12:59 - 13:00","zo":"gesloten","ma":"07:30 - 14:00, 16:50 - 20:00","di":"07:30 - 14:00, 16:50 - 20:00","wo":"07:30 - 14:00, 16:50 - 20:00","do":"07:30 - 14:00, 16:50 - 20:00","vr":"07:30 - 14:00, 16:50 - 20:00"}}},{"type":"Feature","geometry":{"type":"Point","coordinates":[9.12794168,39.21457299]},"properties":{"type":"pakketpunt","locatieNaam":"Tabaccheria N. 114","straatNaam":"Via Enrico Pessina","straatNr":"33","vervoerder":"PosteItaliane","puntType":"servicepunt","bezettingsgraad":50,"latitude":39.21457299,"longitude":9.12794168,"canPickup":true,"canDropoff":true,"openingstijden":{"za":"08:30 - 13:00, 13:30 - 14:00","zo":"gesloten","ma":"08:30 - 13:30, 17:00 - 20:00","di":"08:30 - 13:30, 17:00 - 20:00","wo":"08:30 - 13:30, 17:00 - 20:00","do":"08:30 - 13:30, 17:00 - 20:00","vr":"08:30 - 13:30, 17:00 - 20:00"}}},{"type":"Feature","geometry":{"type":"Point","coordinates":[9.12840705,39.22197196]},"properties":{"type":"pakketpunt","locatieNaam":"Alex Cafe'","straatNaam":"Via Giovanni Battista Pergolesi","straatNr":"15","vervoerder":"PosteItaliane","puntType":"servicepunt","bezettingsgraad":50,"latitude":39.22197196,"longitude":9.12840705,"canPickup":true,"canDropoff":true,"openingstijden":{"za":"06:30 - 12:30","zo":"gesloten","ma":"06:30 - 18:30","di":"06:30 - 18:30","wo":"06:30 - 18:30","do":"06:30 - 18:30","vr":"06:30 - 18:30"}}},{"type":"Feature","geometry":{"type":"Point","coordinates":[9.10157996,39.23449333]},"properties":{"type":"pakketpunt","locatieNaam":"Tabaccheria N. 135","straatNaam":"Via Doberdo'","straatNr":"4/a","vervoerder":"PosteItaliane","puntType":"servicepunt","bezettingsgraad":50,"latitude":39.23449333,"longitude":9.10157996,"canPickup":true,"canDropoff":true,"openingstijden":{"za":"07:15 - 12:45","zo":"gesloten","ma":"07:15 - 12:45, 15:30 - 19:30","di":"07:15 - 12:45, 15:30 - 19:30","wo":"07:15 - 12:45, 15:30 - 19:30","do":"07:15 - 12:45, 15:30 - 19:30","vr":"07:15 - 12:45, 15:30 - 19:30"}}},{"type":"Feature","geometry":{"type":"Point","coordinates":[9.12527865,39.22105711]},"properties":{"type":"pakketpunt","locatieNaam":"Tabaccheria N. 66","straatNaam":"Piazza San Benedetto","straatNr":"8","vervoerder":"PosteItaliane","puntType":"servicepunt","bezettingsgraad":50,"latitude":39.22105711,"longitude":9.12527865,"canPickup":true,"canDropoff":true,"openingstijden":{"za":"07:30 - 13:00, 16:30 - 20:00","zo":"gesloten","ma":"07:30 - 13:00, 16:30 - 20:00","di":"07:30 - 13:00, 16:30 - 20:00","wo":"07:30 - 13:00, 16:30 - 20:00","do":"07:30 - 13:00, 16:30 - 20:00","vr":"07:30 - 13:00, 16:30 - 20:00"}}},{"type":"Feature","geometry":{"type":"Point","coordinates":[9.1043989,39.23143422]},"properties":{"type":"pakketpunt","locatieNaam":"Kipoint Via Is Maglias","straatNaam":"Via Is Maglias","straatNr":"119","vervoerder":"PosteItaliane","puntType":"servicepunt","bezettingsgraad":50,"latitude":39.23143422,"longitude":9.1043989,"canPickup":true,"canDropoff":true,"openingstijden":{"za":"gesloten","zo":"gesloten","ma":"09:30 - 16:30","di":"09:30 - 16:30","wo":"09:30 - 16:30","do":"09:30 - 16:30","vr":"09:30 - 14:00"}}},{"type":"Feature","geometry":{"type":"Point","coordinates":[9.12385587,39.2257047]},"properties":{"type":"pakketpunt","locatieNaam":"Tabaccheria N. 166","straatNaam":"Via Francesco Salaris","straatNr":"39","vervoerder":"PosteItaliane","puntType":"servicepunt","bezettingsgraad":50,"latitude":39.2257047,"longitude":9.12385587,"canPickup":true,"canDropoff":true,"openingstijden":{"za":"08:00 - 20:00","zo":"09:00 - 12:00","ma":"08:00 - 20:00","di":"08:00 - 20:00","wo":"08:00 - 20:00","do":"08:00 - 20:00","vr":"08:00 - 20:00"}}},{"type":"Feature","geometry":{"type":"Point","coordinates":[9.12849348,39.24486546]},"properties":{"type":"pakketpunt","locatieNaam":"Tabaccheria N. 48","straatNaam":"Via Alberto Riva Villasanta","straatNr":"32","vervoerder":"PosteItaliane","puntType":"servicepunt","bezettingsgraad":50,"latitude":39.24486546,"longitude":9.12849348,"canPickup":true,"canDropoff":true,"openingstijden":{"za":"07:30 - 13:00, 16:30 - 19:30","zo":"gesloten","ma":"07:30 - 13:00, 16:30 - 19:30","di":"07:30 - 13:00, 16:30 - 19:30","wo":"07:30 - 13:00, 16:30 - 19:30","do":"07:30 - 13:00, 16:30 - 19:30","vr":"07:30 - 13:00, 16:30 - 19:30"}}},{"type":"Feature","geometry":{"type":"Point","coordinates":[9.10048031,39.25017548]},"properties":{"type":"pakketpunt","locatieNaam":"Tabaccheria N. 189","straatNaam":"Via Gavino Dessy Deliperi","straatNr":"14","vervoerder":"PosteItaliane","puntType":"servicepunt","bezettingsgraad":50,"latitude":39.25017548,"longitude":9.10048031,"canPickup":true,"canDropoff":true,"openingstijden":{"za":"06:30 - 13:00, 15:30 - 20:00","zo":"gesloten","ma":"06:30 - 13:00, 15:30 - 20:00","di":"06:30 - 13:00, 15:30 - 20:00","wo":"06:30 - 13:00, 15:30 - 20:00","do":"06:30 - 13:00, 15:30 - 20:00","vr":"06:30 - 13:00, 15:30 - 20:00"}}},{"type":"Feature","geometry":{"type":"Point","coordinates":[9.10919088,39.21491585]},"properties":{"type":"pakketpunt","locatieNaam":"Tabaccheria N. 209","straatNaam":"Piazza Giacomo Matteotti","straatNr":"6","vervoerder":"PosteItaliane","puntType":"servicepunt","bezettingsgraad":50,"latitude":39.21491585,"longitude":9.10919088,"canPickup":true,"canDropoff":true,"openingstijden":{"za":"07:00 - 20:00","zo":"07:00 - 20:00","ma":"07:00 - 20:00","di":"07:00 - 20:00","wo":"07:00 - 20:00","do":"07:00 - 20:00","vr":"07:00 - 20:00"}}},{"type":"Feature","geometry":{"type":"Point","coordinates":[9.11092353,39.23433592]},"properties":{"type":"pakketpunt","locatieNaam":"Tabaccheria N. 158","straatNaam":"Via Is Mirrionis","straatNr":"19","vervoerder":"PosteItaliane","puntType":"servicepunt","bezettingsgraad":50,"latitude":39.23433592,"longitude":9.11092353,"canPickup":true,"canDropoff":true,"openingstijden":{"za":"08:00 - 20:30","zo":"09:30 - 13:30","ma":"08:00 - 20:30","di":"08:00 - 20:30","wo":"08:00 - 20:30","do":"08:00 - 20:30","vr":"08:00 - 20:30"}}},{"type":"Feature","geometry":{"type":"Point","coordinates":[9.09821721,39.22834032]},"properties":{"type":"pakketpunt","locatieNaam":"Tabaccheria N. 75","straatNaam":"Via Santa Gilla","straatNr":"43","vervoerder":"PosteItaliane","puntType":"servicepunt","bezettingsgraad":50,"latitude":39.22834032,"longitude":9.09821721,"canPickup":true,"canDropoff":true,"openingstijden":{"za":"07:00 - 20:00","zo":"gesloten","ma":"07:00 - 20:00","di":"07:00 - 20:00","wo":"07:00 - 20:00","do":"07:00 - 20:00","vr":"07:00 - 20:00"}}},{"type":"Feature","geometry":{"type":"Point","coordinates":[9.1184266,39.2160808]},"properties":{"type":"pakketpunt","locatieNaam":"Non Solo Fumo-Cagliari","straatNaam":"PIAZZA MARTIRI","straatNr":"8","vervoerder":"DPD","puntType":"pickup_point","bezettingsgraad":50,"latitude":39.2160808,"longitude":9.1184266,"canPickup":true,"canDropoff":true,"openingstijden":{"ma":"08:00 - 13:00, 16:30 - 20:00","di":"08:00 - 13:00, 16:30 - 20:00","wo":"08:00 - 13:00, 16:30 - 20:00","do":"08:00 - 13:00, 16:30 - 20:00","vr":"08:00 - 13:00, 16:30 - 20:00","za":"08:00 - 13:00, 16:30 - 20:00","zo":"gesloten"}}},{"type":"Feature","geometry":{"type":"Point","coordinates":[9.105415,39.220463]},"properties":{"type":"pakketpunt","locatieNaam":"AP Informatica di Alessandro P.","straatNaam":"VIA POLA","straatNr":"14/A","vervoerder":"DPD","puntType":"pickup_point","bezettingsgraad":50,"latitude":39.220463,"longitude":9.105415,"canPickup":true,"canDropoff":true,"openingstijden":{"ma":"09:00 - 13:00, 16:00 - 19:00","di":"09:00 - 13:00, 16:00 - 19:00","wo":"09:00 - 13:00, 16:00 - 19:00","do":"09:00 - 13:00, 16:00 - 19:00","vr":"09:00 - 13:00, 16:00 - 19:00","za":"gesloten","zo":"gesloten"}}},{"type":"Feature","geometry":{"type":"Point","coordinates":[9.1156186153,39.2306253334]},"properties":{"type":"pakketpunt","locatieNaam":"@PosteOffice","straatNaam":"VIA ISTRIA","straatNr":"2/BIC","vervoerder":"DPD","puntType":"pickup_point","bezettingsgraad":50,"latitude":39.2306253334,"longitude":9.1156186153,"canPickup":true,"canDropoff":true,"openingstijden":{"ma":"09:00 - 17:30","di":"09:00 - 17:30","wo":"09:00 - 17:30","do":"09:00 - 17:30","vr":"09:00 - 17:30","za":"gesloten","zo":"gesloten"}}},{"type":"Feature","geometry":{"type":"Point","coordinates":[9.0915416914,39.2420008546]},"properties":{"type":"pakketpunt","locatieNaam":"Ma.Gi.Car 3000","straatNaam":"VIA DEL FANGARIO","straatNr":"3","vervoerder":"DPD","puntType":"pickup_point","bezettingsgraad":50,"latitude":39.2420008546,"longitude":9.0915416914,"canPickup":true,"canDropoff":true,"openingstijden":{"ma":"08:30 - 13:00, 15:00 - 18:30","di":"08:30 - 13:00, 15:00 - 18:30","wo":"08:30 - 13:00, 15:00 - 18:30","do":"08:30 - 13:00, 15:00 - 18:30","vr":"08:30 - 13:00, 15:00 - 18:30","za":"gesloten","zo":"gesloten"}}},{"type":"Feature","geometry":{"type":"Point","coordinates":[9.10781,39.22065]},"properties":{"type":"pakketpunt","locatieNaam":"Tuttoperlostudio","straatNaam":"VIA TIGELLIO","straatNr":"10","vervoerder":"DPD","puntType":"pickup_point","bezettingsgraad":50,"latitude":39.22065,"longitude":9.10781,"canPickup":true,"canDropoff":true,"openingstijden":{"ma":"09:00 - 19:30","di":"09:00 - 19:30","wo":"09:00 - 19:30","do":"09:00 - 19:30","vr":"09:00 - 19:30","za":"gesloten","zo":"gesloten"}}},{"type":"Feature","geometry":{"type":"Point","coordinates":[9.1209677577,39.2291430108]},"properties":{"type":"pakketpunt","locatieNaam":"LG Copy","straatNaam":"VIA GIUDICE GUGLIELMO","straatNr":"45","vervoerder":"DPD","puntType":"pickup_point","bezettingsgraad":50,"latitude":39.2291430108,"longitude":9.1209677577,"canPickup":true,"canDropoff":true,"openingstijden":{"ma":"07:00 - 15:00","di":"07:00 - 15:00","wo":"07:00 - 15:00","do":"07:00 - 15:00","vr":"07:00 - 15:00","za":"gesloten","zo":"gesloten"}}},{"type":"Feature","geometry":{"type":"Point","coordinates":[9.10160812,39.2366318]},"properties":{"type":"pakketpunt","locatieNaam":"Oltre La Favola","straatNaam":"VIA REDIPUGLIA 46 A/B","straatNr":"","vervoerder":"DPD","puntType":"pickup_point","bezettingsgraad":50,"latitude":39.2366318,"longitude":9.10160812,"canPickup":true,"canDropoff":true,"openingstijden":{"ma":"08:30 - 12:30, 16:30 - 19:30","di":"08:30 - 12:30, 16:30 - 19:30","wo":"08:30 - 12:30, 16:30 - 19:30","do":"08:30 - 12:30, 16:30 - 19:30","vr":"08:30 - 12:30, 16:30 - 19:30","za":"gesloten","zo":"gesloten"}}},{"type":"Feature","geometry":{"type":"Point","coordinates":[9.0990891999,39.2292604954]},"properties":{"type":"pakketpunt","locatieNaam":"Tabaccheria Ricevitoria Zanda","straatNaam":"V.LE SANT’AVENDRACE","straatNr":"96","vervoerder":"DPD","puntType":"pickup_point","bezettingsgraad":50,"latitude":39.2292604954,"longitude":9.0990891999,"canPickup":true,"canDropoff":true,"openingstijden":{"ma":"07:00 - 20:00","di":"07:00 - 20:00","wo":"07:00 - 20:00","do":"07:00 - 20:00","vr":"07:00 - 20:00","za":"07:30 - 20:00","zo":"gesloten"}}},{"type":"Feature","geometry":{"type":"Point","coordinates":[9.12916216,39.24813523]},"properties":{"type":"pakketpunt","locatieNaam":"Self Alimentari","straatNaam":"VIA A. ARGIOLAS","straatNr":"53","vervoerder":"DPD","puntType":"pickup_point","bezettingsgraad":50,"latitude":39.24813523,"longitude":9.12916216,"canPickup":true,"canDropoff":true,"openingstijden":{"ma":"07:00 - 19:00","di":"07:00 - 19:00","wo":"07:00 - 19:00","do":"07:00 - 19:00","vr":"07:00 - 19:00","za":"07:00 - 14:00","zo":"gesloten"}}},{"type":"Feature","geometry":{"type":"Point","coordinates":[9.1244849,39.2418724]},"properties":{"type":"pakketpunt","locatieNaam":"Helping Hand Sardegna","straatNaam":"VIA PONTIDA","straatNr":"32","vervoerder":"DPD","puntType":"pickup_point","bezettingsgraad":50,"latitude":39.2418724,"longitude":9.1244849,"canPickup":true,"canDropoff":true,"openingstijden":{"ma":"09:30 - 13:30, 17:00 - 20:00","di":"09:30 - 13:30, 17:00 - 20:00","wo":"09:30 - 13:30, 17:00 - 20:00","do":"09:30 - 13:30, 17:00 - 20:00","vr":"09:30 - 13:30, 17:00 - 20:00","za":"10:00 - 13:00","zo":"gesloten"}}},{"type":"Feature","geometry":{"type":"Point","coordinates":[9.10673058,39.21438229]},"properties":{"type":"pakketpunt","locatieNaam":"Tabaccheria F","straatNaam":"V.LE LA PLAIA","straatNr":"28","vervoerder":"DPD","puntType":"pickup_point","bezettingsgraad":50,"latitude":39.21438229,"longitude":9.10673058,"canPickup":true,"canDropoff":true,"openingstijden":{"ma":"06:00 - 19:00","di":"06:00 - 19:00","wo":"06:00 - 19:00","do":"06:00 - 19:00","vr":"06:00 - 19:00","za":"06:00 - 19:00","zo":"gesloten"}}},{"type":"Feature","geometry":{"type":"Point","coordinates":[9.1281957,39.22243209]},"properties":{"type":"pakketpunt","locatieNaam":"WindTre - Valuar","straatNaam":"VIA G.B.PERGOLESI","straatNr":"18B","vervoerder":"DPD","puntType":"pickup_point","bezettingsgraad":50,"latitude":39.22243209,"longitude":9.1281957,"canPickup":true,"canDropoff":true,"openingstijden":{"ma":"09:30 - 13:00, 16:15 - 20:00","di":"09:30 - 13:00, 16:15 - 20:00","wo":"09:30 - 13:00, 16:15 - 20:00","do":"09:30 - 13:00, 16:15 - 20:00","vr":"09:30 - 13:00, 16:15 - 20:00","za":"09:30 - 12:45","zo":"gesloten"}}},{"type":"Feature","geometry":{"type":"Point","coordinates":[9.12529949,39.22098648]},"properties":{"type":"pakketpunt","locatieNaam":"Tabacchi De Luca","straatNaam":"P.ZZA SAN BENEDETTO","straatNr":"8","vervoerder":"DPD","puntType":"pickup_point","bezettingsgraad":50,"latitude":39.22098648,"longitude":9.12529949,"canPickup":true,"canDropoff":true,"openingstijden":{"ma":"07:30 - 13:00, 16:30 - 20:00","di":"07:30 - 13:00, 16:30 - 20:00","wo":"07:30 - 13:00, 16:30 - 20:00","do":"07:30 - 13:00, 16:30 - 20:00","vr":"07:30 - 13:00, 16:30 - 20:00","za":"07:30 - 13:00, 16:30 - 20:00","zo":"gesloten"}}},{"type":"Feature","geometry":{"type":"Point","coordinates":[9.11281422,39.23945986]},"properties":{"type":"pakketpunt","locatieNaam":"Tabacchi Lobina","straatNaam":"VIA M. PIOVELLA","straatNr":"51","vervoerder":"DPD","puntType":"pickup_point","bezettingsgraad":50,"latitude":39.23945986,"longitude":9.11281422,"canPickup":true,"canDropoff":true,"openingstijden":{"ma":"07:00 - 13:30, 16:00 - 20:00","di":"07:00 - 13:30, 16:00 - 20:00","wo":"07:00 - 13:30, 16:00 - 20:00","do":"07:00 - 13:30, 16:00 - 20:00","vr":"07:00 - 13:30, 16:00 - 20:00","za":"07:00 - 13:30, 16:00 - 19:30","zo":"gesloten"}}},{"type":"Feature","geometry":{"type":"Point","coordinates":[9.1185147,39.2270599]},"properties":{"type":"pakketpunt","locatieNaam":"Tabaccheria Monnis","straatNaam":"VIA GIARDINI","straatNr":"183","vervoerder":"DPD","puntType":"pickup_point","bezettingsgraad":50,"latitude":39.2270599,"longitude":9.1185147,"canPickup":true,"canDropoff":true,"openingstijden":{"ma":"07:00 - 13:00, 15:00 - 19:30","di":"07:00 - 13:00, 15:00 - 19:30","wo":"07:00 - 13:00, 15:00 - 19:30","do":"07:00 - 13:00, 15:00 - 19:30","vr":"07:00 - 13:00, 15:00 - 19:30","za":"07:00 - 19:00","zo":"gesloten"}}},{"type":"Feature","geometry":{"type":"Point","coordinates":[9.1114467,39.2340242]},"properties":{"type":"pakketpunt","locatieNaam":"Foto Digital-Cagliari","straatNaam":"VIA CAMPANIA","straatNr":"91","vervoerder":"DPD","puntType":"pickup_point","bezettingsgraad":50,"latitude":39.2340242,"longitude":9.1114467,"canPickup":true,"canDropoff":true,"openingstijden":{"ma":"09:30 - 13:00, 17:00 - 19:00","di":"09:30 - 13:00, 17:00 - 19:00","wo":"09:30 - 13:00, 17:00 - 19:00","do":"09:30 - 13:00, 17:00 - 19:00","vr":"09:30 - 13:00, 17:00 - 19:00","za":"gesloten","zo":"gesloten"}}},{"type":"Feature","geometry":{"type":"Point","coordinates":[9.10952391,39.23839351]},"properties":{"type":"pakketpunt","locatieNaam":"Cartoleria Gialla","straatNaam":"VIA CORNALIAS","straatNr":"54 a","vervoerder":"DPD","puntType":"pickup_point","bezettingsgraad":50,"latitude":39.23839351,"longitude":9.10952391,"canPickup":true,"canDropoff":true,"openingstijden":{"ma":"08:30 - 12:30, 16:30 - 19:30","di":"08:30 - 12:30, 16:30 - 19:30","wo":"08:30 - 12:30, 16:30 - 19:30","do":"08:30 - 12:30, 16:30 - 19:30","vr":"08:30 - 12:30, 16:30 - 19:30","za":"gesloten","zo":"gesloten"}}},{"type":"Feature","geometry":{"type":"Point","coordinates":[9.127986,39.2184179]},"properties":{"type":"pakketpunt","locatieNaam":"VMC Poste Private","straatNaam":"VIA TUVERI","straatNr":"62b","vervoerder":"DPD","puntType":"pickup_point","bezettingsgraad":50,"latitude":39.2184179,"longitude":9.127986,"canPickup":true,"canDropoff":true,"openingstijden":{"ma":"09:00 - 13:00, 14:30 - 17:00","di":"09:00 - 13:00, 14:30 - 17:00","wo":"09:00 - 13:00, 14:30 - 17:00","do":"09:00 - 13:00, 14:30 - 17:00","vr":"09:00 - 13:00, 14:30 - 17:00","za":"09:00 - 14:00","zo":"gesloten"}}},{"type":"Feature","geometry":{"type":"Point","coordinates":[9.1254853,39.2394981]},"properties":{"type":"pakketpunt","locatieNaam":"Ama Bar Tabacchi","straatNaam":"VIA RIVA VILLASANTA","straatNr":"197","vervoerder":"DPD","puntType":"pickup_point","bezettingsgraad":50,"latitude":39.2394981,"longitude":9.1254853,"canPickup":true,"canDropoff":true,"openingstijden":{"ma":"06:00 - 20:30","di":"06:00 - 20:30","wo":"06:00 - 20:30","do":"06:00 - 20:30","vr":"06:00 - 20:30","za":"06:00 - 20:30","zo":"06:00 - 20:30"}}},{"type":"Feature","geometry":{"type":"Point","coordinates":[9.12942969,39.2130942]},"properties":{"type":"pakketpunt","locatieNaam":"M&S Tabacchi","straatNaam":"VIA E. PESSINA","straatNr":"91","vervoerder":"DPD","puntType":"pickup_point","bezettingsgraad":50,"latitude":39.2130942,"longitude":9.12942969,"canPickup":true,"canDropoff":true,"openingstijden":{"ma":"07:30 - 20:30","di":"07:30 - 20:30","wo":"07:30 - 20:30","do":"07:30 - 20:30","vr":"07:30 - 20:30","za":"07:30 - 19:00","zo":"gesloten"}}},{"type":"Feature","geometry":{"type":"Point","coordinates":[9.1231214,39.2304841]},"properties":{"type":"pakketpunt","locatieNaam":"Tabaccheria Deplano","straatNaam":"VIA DEI DONORATICO","straatNr":"39","vervoerder":"DPD","puntType":"pickup_point","bezettingsgraad":50,"latitude":39.2304841,"longitude":9.1231214,"canPickup":true,"canDropoff":true,"openingstijden":{"ma":"07:30 - 12:45, 16:00 - 19:45","di":"07:30 - 12:45, 16:00 - 19:45","wo":"07:30 - 12:45, 16:00 - 19:45","do":"07:30 - 12:45, 16:00 - 19:45","vr":"07:30 - 12:45, 16:00 - 19:45","za":"07:30 - 12:45, 16:00 - 19:45","zo":"gesloten"}}},{"type":"Feature","geometry":{"type":"Point","coordinates":[9.124322881,39.2263528274]},"properties":{"type":"pakketpunt","locatieNaam":"Collezionarte","straatNaam":"VIA F. SALARIS","straatNr":"17G","vervoerder":"DPD","puntType":"pickup_point","bezettingsgraad":50,"latitude":39.2263528274,"longitude":9.124322881,"canPickup":true,"canDropoff":true,"openingstijden":{"ma":"09:00 - 12:30, 17:00 - 19:00","di":"09:00 - 12:30, 17:00 - 19:00","wo":"09:00 - 12:30, 17:00 - 19:00","do":"09:00 - 12:30, 17:00 - 19:00","vr":"09:00 - 12:30, 17:00 - 19:00","za":"gesloten","zo":"gesloten"}}},{"type":"Feature","geometry":{"type":"Point","coordinates":[9.1230451,39.2173918]},"properties":{"type":"pakketpunt","locatieNaam":"iFonino","straatNaam":"VIA ALGHERO","straatNr":"52","vervoerder":"DPD","puntType":"pickup_point","bezettingsgraad":50,"latitude":39.2173918,"longitude":9.1230451,"canPickup":true,"canDropoff":true,"openingstijden":{"ma":"09:00 - 20:00","di":"09:00 - 20:00","wo":"09:00 - 20:00","do":"09:00 - 20:00","vr":"09:00 - 20:00","za":"gesloten","zo":"gesloten"}}},{"type":"Feature","geometry":{"type":"Point","coordinates":[9.0981968,39.2283731]},"properties":{"type":"pakketpunt","locatieNaam":"Tabaccheria Boi Matteo","straatNaam":"VIA S. GILLA. 43A","straatNr":"45","vervoerder":"DPD","puntType":"pickup_point","bezettingsgraad":50,"latitude":39.2283731,"longitude":9.0981968,"canPickup":true,"canDropoff":true,"openingstijden":{"ma":"08:00 - 19:30","di":"08:00 - 19:30","wo":"08:00 - 19:30","do":"08:00 - 19:30","vr":"08:00 - 19:30","za":"08:00 - 13:00, 16:30 - 19:30","zo":"gesloten"}}},{"type":"Feature","geometry":{"type":"Point","coordinates":[9.1053016,39.23828861]},"properties":{"type":"pakketpunt","locatieNaam":"Tabacchi 187 Cagliari","straatNaam":"VIA CIOCIARA","straatNr":"3-5","vervoerder":"DPD","puntType":"pickup_point","bezettingsgraad":50,"latitude":39.23828861,"longitude":9.1053016,"canPickup":true,"canDropoff":true,"openingstijden":{"ma":"07:15 - 14:00, 16:00 - 20:30","di":"07:15 - 14:00, 16:00 - 20:30","wo":"07:15 - 14:00, 16:00 - 20:30","do":"07:15 - 14:00, 16:00 - 20:30","vr":"07:15 - 14:00, 16:00 - 20:30","za":"07:15 - 14:00, 16:00 - 20:30","zo":"07:15 - 13:00"}}},{"type":"Feature","geometry":{"type":"Point","coordinates":[9.11348186,39.2183613]},"properties":{"type":"pakketpunt","locatieNaam":"Tabaccheria Gaviano","straatNaam":"VIA S. MARGHERITA","straatNr":"4A","vervoerder":"DPD","puntType":"pickup_point","bezettingsgraad":50,"latitude":39.2183613,"longitude":9.11348186,"canPickup":true,"canDropoff":true,"openingstijden":{"ma":"07:30 - 13:00, 15:30 - 20:00","di":"07:30 - 13:00, 15:30 - 20:00","wo":"07:30 - 13:00, 15:30 - 20:00","do":"07:30 - 13:00, 15:30 - 20:00","vr":"07:30 - 13:00, 15:30 - 20:00","za":"07:30 - 13:00, 15:30 - 20:00","zo":"gesloten"}}},{"type":"Feature","geometry":{"type":"Point","coordinates":[9.1200221,39.2172611]},"properties":{"type":"pakketpunt","locatieNaam":"Alba Group","straatNaam":"VIA G. ABBA","straatNr":"41","vervoerder":"DPD","puntType":"pickup_point","bezettingsgraad":50,"latitude":39.2172611,"longitude":9.1200221,"canPickup":true,"canDropoff":true,"openingstijden":{"ma":"09:00 - 12:00, 15:00 - 18:30","di":"09:00 - 12:00, 15:00 - 18:30","wo":"09:00 - 12:00, 15:00 - 18:30","do":"09:00 - 12:00, 15:00 - 18:30","vr":"09:00 - 12:00, 15:00 - 18:30","za":"gesloten","zo":"gesloten"}}},{"type":"Feature","geometry":{"type":"Point","coordinates":[9.13339259,39.20810089]},"properties":{"type":"pakketpunt","locatieNaam":"Tabacchi Marongiu Daniela","straatNaam":"VIA DELLA PINETA","straatNr":"207b","vervoerder":"DPD","puntType":"pickup_point","bezettingsgraad":50,"latitude":39.20810089,"longitude":9.13339259,"canPickup":true,"canDropoff":true,"openingstijden":{"ma":"07:30 - 13:15, 17:00 - 20:00","di":"07:30 - 13:15, 17:00 - 20:00","wo":"07:30 - 13:15, 17:00 - 20:00","do":"07:30 - 13:15, 17:00 - 20:00","vr":"07:30 - 13:15, 17:00 - 20:00","za":"07:30 - 13:15, 17:00 - 20:00","zo":"gesloten"}}},{"type":"Feature","geometry":{"type":"Point","coordinates":[9.148925,39.1979509]},"properties":{"type":"pakketpunt","locatieNaam":"Siddi Angela","straatNaam":"VIALE POETTO","straatNr":"76","vervoerder":"DPD","puntType":"pickup_point","bezettingsgraad":50,"latitude":39.1979509,"longitude":9.148925,"canPickup":true,"canDropoff":true,"openingstijden":{"ma":"09:00 - 13:00, 16:30 - 19:00","di":"09:00 - 13:00, 16:30 - 19:00","wo":"09:00 - 13:00, 16:30 - 19:00","do":"09:00 - 13:00, 16:30 - 19:00","vr":"09:00 - 13:00, 16:30 - 19:00","za":"09:00 - 13:00","zo":"gesloten"}}},{"type":"Feature","geometry":{"type":"Point","coordinates":[9.09511,39.25002]},"properties":{"type":"pakketpunt","locatieNaam":"InPost Locker 24/7","straatNaam":"Viale Monastir","straatNr":"195B","vervoerder":"InPost","puntType":"automaat","bezettingsgraad":50,"latitude":39.25002,"longitude":9.09511,"canPickup":true,"canDropoff":true,"openingstijden":null}},{"type":"Feature","geometry":{"type":"Point","coordinates":[9.11703,39.24531]},"properties":{"type":"pakketpunt","locatieNaam":"InPost Locker 24/7","straatNaam":"Asse Mediano di Scorrimento","straatNr":"Km 1+200","vervoerder":"InPost","puntType":"automaat","bezettingsgraad":50,"latitude":39.24531,"longitude":9.11703,"canPickup":true,"canDropoff":true,"openingstijden":null}},{"type":"Feature","geometry":{"type":"Point","coordinates":[9.12493,39.23708]},"properties":{"type":"pakketpunt","locatieNaam":"InPost Locker 24/7","straatNaam":"Viale Ciusa","straatNr":"129","vervoerder":"InPost","puntType":"automaat","bezettingsgraad":50,"latitude":39.23708,"longitude":9.12493,"canPickup":true,"canDropoff":true,"openingstijden":null}},{"type":"Feature","geometry":{"type":"Point","coordinates":[9.11784,39.21937]},"properties":{"type":"pakketpunt","locatieNaam":"InPost Locker","straatNaam":"Viale Regina Elena","straatNr":"17","vervoerder":"InPost","puntType":"automaat","bezettingsgraad":50,"latitude":39.21937,"longitude":9.11784,"canPickup":true,"canDropoff":true,"openingstijden":null}},{"type":"Feature","geometry":{"type":"Point","coordinates":[9.08993,39.24209]},"properties":{"type":"pakketpunt","locatieNaam":"InPost Locker 24/7","straatNaam":"Viale Elmas","straatNr":"108","vervoerder":"InPost","puntType":"automaat","bezettingsgraad":50,"latitude":39.24209,"longitude":9.08993,"canPickup":true,"canDropoff":true,"openingstijden":null}},{"type":"Feature","geometry":{"type":"Point","coordinates":[9.1127,39.2333]},"properties":{"type":"pakketpunt","locatieNaam":"InPost Locker","straatNaam":"Via Campania","straatNr":"33","vervoerder":"InPost","puntType":"automaat","bezettingsgraad":50,"latitude":39.2333,"longitude":9.1127,"canPickup":true,"canDropoff":true,"openingstijden":null}},{"type":"Feature","geometry":{"type":"Point","coordinates":[9.1207,39.21599]},"properties":{"type":"pakketpunt","locatieNaam":"InPost Locker","straatNaam":"Via Sidney Sonnino","straatNr":"117","vervoerder":"InPost","puntType":"automaat","bezettingsgraad":50,"latitude":39.21599,"longitude":9.1207,"canPickup":true,"canDropoff":true,"openingstijden":null}},{"type":"Feature","geometry":{"type":"Point","coordinates":[9.12666,39.22399]},"properties":{"type":"pakketpunt","locatieNaam":"InPost Locker 24/7","straatNaam":"Via Giovanni Pascoli","straatNr":"33","vervoerder":"InPost","puntType":"automaat","bezettingsgraad":50,"latitude":39.22399,"longitude":9.12666,"canPickup":true,"canDropoff":true,"openingstijden":null}},{"type":"Feature","geometry":{"type":"Point","coordinates":[9.09883,39.2267]},"properties":{"type":"pakketpunt","locatieNaam":"CAGLIARI","straatNaam":"Via Santa Gilla","straatNr":"18","vervoerder":"InPost","puntType":"automaat","bezettingsgraad":50,"latitude":39.2267,"longitude":9.09883,"canPickup":true,"canDropoff":true,"openingstijden":"Lun-Sab: 9:00-21:00 - Dom: 9:00-14:00"}},{"type":"Feature","geometry":{"type":"Point","coordinates":[9.1291,39.24813]},"properties":{"type":"pakketpunt","locatieNaam":"InPost Point","straatNaam":"Via Antonio Argiolas","straatNr":"53","vervoerder":"InPost","puntType":"servicepunt","bezettingsgraad":50,"latitude":39.24813,"longitude":9.1291,"canPickup":true,"canDropoff":true,"openingstijden":"Lun-Ven: 07:00 - 19:00 Sab: 07:00 - 14:00"}},{"type":"Feature","geometry":{"type":"Point","coordinates":[9.10155,39.23664]},"properties":{"type":"pakketpunt","locatieNaam":"InPost Point","straatNaam":"Via Redipuglia","straatNr":"46a","vervoerder":"InPost","puntType":"servicepunt","bezettingsgraad":50,"latitude":39.23664,"longitude":9.10155,"canPickup":true,"canDropoff":true,"openingstijden":"Lun-Ven: 08:30 - 12:30 - 16:30 - 19:30 Sab: 09:00 - 12:30"}},{"type":"Feature","geometry":{"type":"Point","coordinates":[9.12461,39.22455]},"properties":{"type":"pakketpunt","locatieNaam":"InPost Point","straatNaam":"Via Ettore Pais","straatNr":"10","vervoerder":"InPost","puntType":"servicepunt","bezettingsgraad":50,"latitude":39.22455,"longitude":9.12461,"canPickup":true,"canDropoff":true,"openingstijden":"Lun-Ven: 09:00 - 13:00 - 15:00 - 20:00 Sab: 09:00 - 13:00"}},{"type":"Feature","geometry":{"type":"Point","coordinates":[9.12526,39.22103]},"properties":{"type":"pakketpunt","locatieNaam":"InPost Point","straatNaam":"Piazza San Benedetto","straatNr":"8","vervoerder":"InPost","puntType":"servicepunt","bezettingsgraad":50,"latitude":39.22103,"longitude":9.12526,"canPickup":true,"canDropoff":true,"openingstijden":"Lun-Ven: 07:30 - 13:00 - 16:00 - 20:00 Sab: 07:30 - 13:00 - 16:30 - 20:00"}},{"type":"Feature","geometry":{"type":"Point","coordinates":[9.13042,39.22399]},"properties":{"type":"pakketpunt","locatieNaam":"InPost Point","straatNaam":"Via Pierluigi da Palestrina","straatNr":"90","vervoerder":"InPost","puntType":"servicepunt","bezettingsgraad":50,"latitude":39.22399,"longitude":9.13042,"canPickup":true,"canDropoff":true,"openingstijden":"Lun-Ven: 09:30 - 13:00 - 16:30 - 19:00"}},{"type":"Feature","geometry":{"type":"Point","coordinates":[9.12311,39.23051]},"properties":{"type":"pakketpunt","locatieNaam":"InPost Point","straatNaam":"Via dei Donoratico","straatNr":"39","vervoerder":"InPost","puntType":"servicepunt","bezettingsgraad":50,"latitude":39.23051,"longitude":9.12311,"canPickup":true,"canDropoff":true,"openingstijden":"Lun-Sab: 07:30 - 12:45 - 16:00 - 19:45"}},{"type":"Feature","geometry":{"type":"Point","coordinates":[9.10541,39.22046]},"properties":{"type":"pakketpunt","locatieNaam":"InPost Point","straatNaam":"Via Pola","straatNr":"14a","vervoerder":"InPost","puntType":"servicepunt","bezettingsgraad":50,"latitude":39.22046,"longitude":9.10541,"canPickup":true,"canDropoff":true,"openingstijden":"Lun-Ven: 09:00 - 13:00 - 16:00 - 19:00 Sab: 09:00 - 13:00"}},{"type":"Feature","geometry":{"type":"Point","coordinates":[9.12832,39.22193]},"properties":{"type":"pakketpunt","locatieNaam":"InPost Point","straatNaam":"Via Giovanni Battista Pergolesi","straatNr":"15","vervoerder":"InPost","puntType":"servicepunt","bezettingsgraad":50,"latitude":39.22193,"longitude":9.12832,"canPickup":true,"canDropoff":true,"openingstijden":"Lun-ven: 06:30 - 18:30 - Sab: 06:30 - 12:30"}},{"type":"Feature","geometry":{"type":"Point","coordinates":[9.11426,39.23059]},"properties":{"type":"pakketpunt","locatieNaam":"InPost Point","straatNaam":"Via Molise","straatNr":"72","vervoerder":"InPost","puntType":"servicepunt","bezettingsgraad":50,"latitude":39.23059,"longitude":9.11426,"canPickup":true,"canDropoff":true,"openingstijden":"Lun-Ven: 08:30 - 18:30"}},{"type":"Feature","geometry":{"type":"Point","coordinates":[9.11613,39.21572]},"properties":{"type":"pakketpunt","locatieNaam":"InPost Point","straatNaam":"Piazza Martiri D'Italia","straatNr":"8","vervoerder":"InPost","puntType":"servicepunt","bezettingsgraad":50,"latitude":39.21572,"longitude":9.11613,"canPickup":true,"canDropoff":true,"openingstijden":"Lun-Sab: 10:00 - 13:00 - 17:00 - 20:00"}},{"type":"Feature","geometry":{"type":"Point","coordinates":[9.1095,39.23839]},"properties":{"type":"pakketpunt","locatieNaam":"InPost Point","straatNaam":"Via Cornalias","straatNr":"54/A","vervoerder":"InPost","puntType":"servicepunt","bezettingsgraad":50,"latitude":39.23839,"longitude":9.1095,"canPickup":true,"canDropoff":true,"openingstijden":"Lun-Mar: 09:00 - 12:45 - 17:00 - 19:30"}},{"type":"Feature","geometry":{"type":"Point","coordinates":[9.09904,39.22922]},"properties":{"type":"pakketpunt","locatieNaam":"InPost Point","straatNaam":"Viale Sant'Avendrace","straatNr":"96","vervoerder":"InPost","puntType":"servicepunt","bezettingsgraad":50,"latitude":39.22922,"longitude":9.09904,"canPickup":true,"canDropoff":true,"openingstijden":"Lun-Sab: 07:00 - 13:30 - 16:30 - 20:00"}},{"type":"Feature","geometry":{"type":"Point","coordinates":[9.11272,39.23946]},"properties":{"type":"pakketpunt","locatieNaam":"InPost Point","straatNaam":"Via Ernesto Maria Piovella","straatNr":"51","vervoerder":"InPost","puntType":"servicepunt","bezettingsgraad":50,"latitude":39.23946,"longitude":9.11272,"canPickup":true,"canDropoff":true,"openingstijden":"Lun-Sab: 07:00 - 13:30 - 16:00 - 20:00"}},{"type":"Feature","geometry":{"type":"Point","coordinates":[9.10672,39.21451]},"properties":{"type":"pakketpunt","locatieNaam":"InPost Point","straatNaam":"Viale la Plaia","straatNr":"28","vervoerder":"InPost","puntType":"servicepunt","bezettingsgraad":50,"latitude":39.21451,"longitude":9.10672,"canPickup":true,"canDropoff":true,"openingstijden":"Lun-Sab: 06:00 - 19:30"}},{"type":"Feature","geometry":{"type":"Point","coordinates":[9.12455,39.24192]},"properties":{"type":"pakketpunt","locatieNaam":"InPost Point","straatNaam":"Via Pontida","straatNr":"32","vervoerder":"InPost","puntType":"servicepunt","bezettingsgraad":50,"latitude":39.24192,"longitude":9.12455,"canPickup":true,"canDropoff":true,"openingstijden":"Lun-ven: 09:30 - 13:30\r\n17:00-20:00 - Sab 10:00 - 13:00"}},{"type":"Feature","geometry":{"type":"Point","coordinates":[9.14459,39.20454]},"properties":{"type":"pakketpunt","locatieNaam":"InPost Point","straatNaam":"Via Euro","straatNr":"9","vervoerder":"InPost","puntType":"servicepunt","bezettingsgraad":50,"latitude":39.20454,"longitude":9.14459,"canPickup":true,"canDropoff":true,"openingstijden":"Lun-Sab: 08:30 - 13:00 - 16:30 - 20:00"}},{"type":"Feature","geometry":{"type":"Point","coordinates":[9.12018,39.21102]},"properties":{"type":"pakketpunt","locatieNaam":"InPost Point","straatNaam":"Viale Bonaria","straatNr":"90a","vervoerder":"InPost","puntType":"servicepunt","bezettingsgraad":50,"latitude":39.21102,"longitude":9.12018,"canPickup":true,"canDropoff":true,"openingstijden":"Lun-Ven: 08:00 - 20:00 Sab: 07:00 - 13:00"}},{"type":"Feature","geometry":{"type":"Point","coordinates":[9.1253,39.22741]},"properties":{"type":"pakketpunt","locatieNaam":"InPost Point","straatNaam":"Piazza Giovanni XXIII","straatNr":"11","vervoerder":"InPost","puntType":"servicepunt","bezettingsgraad":50,"latitude":39.22741,"longitude":9.1253,"canPickup":true,"canDropoff":true,"openingstijden":"Lun-Ven: 07:00 - 20:00 Sab: 08:00 - 13:00 - 17:00 - 20:00"}},{"type":"Feature","geometry":{"type":"Point","coordinates":[9.14891,39.19808]},"properties":{"type":"pakketpunt","locatieNaam":"InPost Point","straatNaam":"Viale Lungo Mare Poetto","straatNr":"76","vervoerder":"InPost","puntType":"servicepunt","bezettingsgraad":50,"latitude":39.19808,"longitude":9.14891,"canPickup":true,"canDropoff":true,"openingstijden":"Lun-Ven: 08:30 - 13:00 - 16:30 - 20:00 Sab: 08:30 - 13:00"}},{"type":"Feature","geometry":{"type":"Point","coordinates":[9.12359,39.21717]},"properties":{"type":"pakketpunt","locatieNaam":"InPost Point","straatNaam":"Via Alghero","straatNr":"52","vervoerder":"InPost","puntType":"servicepunt","bezettingsgraad":50,"latitude":39.21717,"longitude":9.12359,"canPickup":true,"canDropoff":true,"openingstijden":"Lun-Ven: 09:00 - 20:00 Sab: 10:00 - 13:00"}},{"type":"Feature","geometry":{"type":"Point","coordinates":[9.12504,39.20744]},"properties":{"type":"pakketpunt","locatieNaam":"InPost Point","straatNaam":"Viale Armando Diaz","straatNr":"34","vervoerder":"InPost","puntType":"servicepunt","bezettingsgraad":50,"latitude":39.20744,"longitude":9.12504,"canPickup":true,"canDropoff":true,"openingstijden":"Lun-Sab: 06:15 - 21:00 Dom: 07:00 - 14:00"}},{"type":"Feature","geometry":{"type":"Point","coordinates":[9.11351,39.21838]},"properties":{"type":"pakketpunt","locatieNaam":"InPost Point","straatNaam":"Via Santa Margherita","straatNr":"4a","vervoerder":"InPost","puntType":"servicepunt","bezettingsgraad":50,"latitude":39.21838,"longitude":9.11351,"canPickup":true,"canDropoff":true,"openingstijden":"Lun-Sab: 07:30 - 13:30 - 15:30 - 20:00"}},{"type":"Feature","geometry":{"type":"Point","coordinates":[9.1294,39.21312]},"properties":{"type":"pakketpunt","locatieNaam":"InPost Point","straatNaam":"Via Enrico Pessina, 91, Cagliari, CA, Italia","straatNr":"91","vervoerder":"InPost","puntType":"servicepunt","bezettingsgraad":50,"latitude":39.21312,"longitude":9.1294,"canPickup":true,"canDropoff":true,"openingstijden":"Lun-Sab 07:30-19:00"}},{"type":"Feature","geometry":{"type":"Point","coordinates":[9.12803,39.21846]},"properties":{"type":"pakketpunt","locatieNaam":"InPost Point","straatNaam":"Via Giovanni Battista Tuveri, 62b, Cagliari, CA, Italy","straatNr":"62b","vervoerder":"InPost","puntType":"servicepunt","bezettingsgraad":50,"latitude":39.21846,"longitude":9.12803,"canPickup":true,"canDropoff":true,"openingstijden":"Lun-Mar-Mer-Gio-Ven 09:00-13:00, 14:30-17:00"}},{"type":"Feature","geometry":{"type":"Point","coordinates":[9.10535,39.23828]},"properties":{"type":"pakketpunt","locatieNaam":"InPost Point","straatNaam":"Via Ciociaria, 3, Cagliari, CA, Italia","straatNr":"3","vervoerder":"InPost","puntType":"servicepunt","bezettingsgraad":50,"latitude":39.23828,"longitude":9.10535,"canPickup":true,"canDropoff":true,"openingstijden":"Lun–Sab 07:30-14:00, 16:00-20:30; Dom 08:30-13:00"}},{"type":"Feature","geometry":{"type":"Point","coordinates":[9.1488961,39.1979523]},"properties":{"type":"pakketpunt","locatieNaam":"Drogheria","straatNaam":"Viale Poetto","straatNr":"76","vervoerder":"GLS","puntType":"parcel_shop","bezettingsgraad":50,"latitude":39.1979523,"longitude":9.1488961,"canPickup":true,"canDropoff":true,"openingstijden":"za: 08:30 - 13:00; ma: 08:30 - 13:00, 16:30 - 20:00"}},{"type":"Feature","geometry":{"type":"Point","coordinates":[9.1332921,39.2079826]},"properties":{"type":"pakketpunt","locatieNaam":"Tabacchi Marongiu","straatNaam":"Via Della Pineta","straatNr":"207 B","vervoerder":"GLS","puntType":"parcel_shop","bezettingsgraad":50,"latitude":39.2079826,"longitude":9.1332921,"canPickup":true,"canDropoff":true,"openingstijden":"za: 07:30 - 13:00, 16:30 - 20:00; ma: 07:30 - 13:00, 16:30 - 20:00"}},{"type":"Feature","geometry":{"type":"Point","coordinates":[9.1319281,39.210071]},"properties":{"type":"pakketpunt","locatieNaam":"Tuttocapsule Cagliari","straatNaam":"Via Della Pineta","straatNr":"115","vervoerder":"GLS","puntType":"parcel_shop","bezettingsgraad":50,"latitude":39.210071,"longitude":9.1319281,"canPickup":true,"canDropoff":true,"openingstijden":"za: 09:30 - 13:30; ma: 09:30 - 13:30"}},{"type":"Feature","geometry":{"type":"Point","coordinates":[9.1212692,39.2130173]},"properties":{"type":"pakketpunt","locatieNaam":"Elicarro","straatNaam":"Via Nuoro","straatNr":"41","vervoerder":"GLS","puntType":"parcel_shop","bezettingsgraad":50,"latitude":39.2130173,"longitude":9.1212692,"canPickup":true,"canDropoff":true,"openingstijden":"ma: 07:00 - 18:00; di: 07:00 - 18:00"}},{"type":"Feature","geometry":{"type":"Point","coordinates":[9.1294089,39.2131181]},"properties":{"type":"pakketpunt","locatieNaam":"MS Tabacchi","straatNaam":"Via Enrico Pessina","straatNr":"91","vervoerder":"GLS","puntType":"parcel_shop","bezettingsgraad":50,"latitude":39.2131181,"longitude":9.1294089,"canPickup":true,"canDropoff":true,"openingstijden":"za: 07:00 - 18:30; ma: 07:00 - 21:00"}},{"type":"Feature","geometry":{"type":"Point","coordinates":[9.113851,39.2141384]},"properties":{"type":"pakketpunt","locatieNaam":"BROTHERS NET POINT","straatNaam":"Via Dei Mille","straatNr":"21","vervoerder":"GLS","puntType":"parcel_shop","bezettingsgraad":50,"latitude":39.2141384,"longitude":9.113851,"canPickup":true,"canDropoff":true,"openingstijden":"za: 09:00 - 13:30, 14:30 - 20:30; zo: 09:00 - 13:30, 14:30 - 20:30"}},{"type":"Feature","geometry":{"type":"Point","coordinates":[9.1200184,39.2141941]},"properties":{"type":"pakketpunt","locatieNaam":"sardegna assistenza point","straatNaam":"Via Logudoro","straatNr":"1A","vervoerder":"GLS","puntType":"parcel_shop","bezettingsgraad":50,"latitude":39.2141941,"longitude":9.1200184,"canPickup":true,"canDropoff":true,"openingstijden":"za: 10:00 - 13:30, 16:00 - 19:30; ma: 10:00 - 13:30, 16:00 - 19:30"}},{"type":"Feature","geometry":{"type":"Point","coordinates":[9.1160602,39.2157203]},"properties":{"type":"pakketpunt","locatieNaam":"TABACCHERIA NON SOLO FUMO","straatNaam":"Piazza Martiri D'Italia","straatNr":"8","vervoerder":"GLS","puntType":"parcel_shop","bezettingsgraad":50,"latitude":39.2157203,"longitude":9.1160602,"canPickup":true,"canDropoff":true,"openingstijden":"za: 09:00 - 13:00, 16:30 - 20:00; ma: 08:00 - 13:00, 16:30 - 20:00"}},{"type":"Feature","geometry":{"type":"Point","coordinates":[9.1199212,39.215836]},"properties":{"type":"pakketpunt","locatieNaam":"SpediAMo DOVE VUOI IN UN ATTIMO","straatNaam":"Piazza Antonio Gramsci","straatNr":"18/A","vervoerder":"GLS","puntType":"parcel_shop","bezettingsgraad":50,"latitude":39.215836,"longitude":9.1199212,"canPickup":true,"canDropoff":true,"openingstijden":"ma: 09:30 - 17:00; di: 09:30 - 17:00"}},{"type":"Feature","geometry":{"type":"Point","coordinates":[9.1259587,39.2158881]},"properties":{"type":"pakketpunt","locatieNaam":"Dai Giurnoli","straatNaam":"Piazza Repubblica","straatNr":"20","vervoerder":"GLS","puntType":"parcel_shop","bezettingsgraad":50,"latitude":39.2158881,"longitude":9.1259587,"canPickup":true,"canDropoff":true,"openingstijden":"za: 08:00 - 13:00, 18:00 - 20:00; zo: 08:00 - 13:00"}},{"type":"Feature","geometry":{"type":"Point","coordinates":[9.1206996,39.2159692]},"properties":{"type":"pakketpunt","locatieNaam":"NETWINPAY SERVIZI & SPEDIZIONI","straatNaam":"Via Sidney Sonnino","straatNr":"117","vervoerder":"GLS","puntType":"parcel_shop","bezettingsgraad":50,"latitude":39.2159692,"longitude":9.1206996,"canPickup":true,"canDropoff":true,"openingstijden":"za: 10:00 - 13:00, 17:00 - 19:00; ma: 09:30 - 13:00, 16:30 - 19:30"}},{"type":"Feature","geometry":{"type":"Point","coordinates":[9.1215683,39.2161663]},"properties":{"type":"pakketpunt","locatieNaam":"Libreria Sergio Succa 1959","straatNaam":"Via Sebastiano Satta Poeta","straatNr":"6","vervoerder":"GLS","puntType":"parcel_shop","bezettingsgraad":50,"latitude":39.2161663,"longitude":9.1215683,"canPickup":true,"canDropoff":true,"openingstijden":"za: 09:30 - 13:00, 17:00 - 20:30; ma: 09:30 - 13:00, 17:00 - 20:30"}},{"type":"Feature","geometry":{"type":"Point","coordinates":[9.1198762,39.2173111]},"properties":{"type":"pakketpunt","locatieNaam":"Barteloni & Piras","straatNaam":"Via Giuseppe Abba","straatNr":"53","vervoerder":"GLS","puntType":"parcel_shop","bezettingsgraad":50,"latitude":39.2173111,"longitude":9.1198762,"canPickup":true,"canDropoff":true,"openingstijden":"ma: 09:30 - 12:30, 16:30 - 18:30; di: 09:30 - 12:30, 16:30 - 18:30"}},{"type":"Feature","geometry":{"type":"Point","coordinates":[9.127986,39.2184179]},"properties":{"type":"pakketpunt","locatieNaam":"VMC DI CARLO NATERI","straatNaam":"Via Tuveri","straatNr":"62/B","vervoerder":"GLS","puntType":"parcel_shop","bezettingsgraad":50,"latitude":39.2184179,"longitude":9.127986,"canPickup":true,"canDropoff":true,"openingstijden":"ma: 08:30 - 13:00, 14:30 - 17:00; di: 08:30 - 13:00, 14:30 - 17:00"}},{"type":"Feature","geometry":{"type":"Point","coordinates":[9.112168,39.218577]},"properties":{"type":"pakketpunt","locatieNaam":"SSHUB Sardegna Servizi Spedizioni","straatNaam":"Via Domenico Alberto Azuni","straatNr":"45 45A","vervoerder":"GLS","puntType":"parcel_shop","bezettingsgraad":50,"latitude":39.218577,"longitude":9.112168,"canPickup":true,"canDropoff":true,"openingstijden":"za: 10:00 - 13:00; ma: 10:00 - 18:00"}},{"type":"Feature","geometry":{"type":"Point","coordinates":[9.1086447,39.2196507]},"properties":{"type":"pakketpunt","locatieNaam":"Tabaccheria Pisu","straatNaam":"Corso Vittorio Emanuele","straatNr":"138","vervoerder":"GLS","puntType":"parcel_shop","bezettingsgraad":50,"latitude":39.2196507,"longitude":9.1086447,"canPickup":true,"canDropoff":true,"openingstijden":"za: 07:30 - 21:00; ma: 07:30 - 21:00"}},{"type":"Feature","geometry":{"type":"Point","coordinates":[9.1293586,39.2200683]},"properties":{"type":"pakketpunt","locatieNaam":"Officine Grafiche della Sardegna Srl","straatNaam":"Via Bellini","straatNr":"69/71","vervoerder":"GLS","puntType":"parcel_shop","bezettingsgraad":50,"latitude":39.2200683,"longitude":9.1293586,"canPickup":true,"canDropoff":true,"openingstijden":"ma: 09:30 - 12:30, 16:00 - 18:30; di: 09:30 - 12:30, 16:00 - 18:30"}},{"type":"Feature","geometry":{"type":"Point","coordinates":[9.1053894,39.2204513]},"properties":{"type":"pakketpunt","locatieNaam":"AP INFORMATICA","straatNaam":"Via Pola 14/A","straatNr":"14A","vervoerder":"GLS","puntType":"parcel_shop","bezettingsgraad":50,"latitude":39.2204513,"longitude":9.1053894,"canPickup":true,"canDropoff":true,"openingstijden":"za: 09:00 - 13:00; ma: 09:00 - 13:00, 16:00 - 19:00"}},{"type":"Feature","geometry":{"type":"Point","coordinates":[9.10781,39.22065]},"properties":{"type":"pakketpunt","locatieNaam":"Tuttoperlostudio","straatNaam":"Via Tigellio","straatNr":"10","vervoerder":"GLS","puntType":"parcel_shop","bezettingsgraad":50,"latitude":39.22065,"longitude":9.10781,"canPickup":true,"canDropoff":true,"openingstijden":"ma: 09:00 - 19:30; di: 09:00 - 19:30"}},{"type":"Feature","geometry":{"type":"Point","coordinates":[9.1253129,39.2210031]},"properties":{"type":"pakketpunt","locatieNaam":"Tabacchi De luca","straatNaam":"Piazza San Benedetto","straatNr":"8","vervoerder":"GLS","puntType":"parcel_shop","bezettingsgraad":50,"latitude":39.2210031,"longitude":9.1253129,"canPickup":true,"canDropoff":true,"openingstijden":"za: 07:00 - 13:00, 16:30 - 20:00; ma: 07:00 - 13:00, 16:30 - 20:00"}},{"type":"Feature","geometry":{"type":"Point","coordinates":[9.121401,39.2213835]},"properties":{"type":"pakketpunt","locatieNaam":"100% Biodegradabile!","straatNaam":"Via Ottone Bacaredda","straatNr":"60","vervoerder":"GLS","puntType":"parcel_shop","bezettingsgraad":50,"latitude":39.2213835,"longitude":9.121401,"canPickup":true,"canDropoff":true,"openingstijden":"ma: 09:30 - 13:00, 15:00 - 18:00; di: 09:30 - 13:00, 15:00 - 18:00"}},{"type":"Feature","geometry":{"type":"Point","coordinates":[9.1281957,39.2224404]},"properties":{"type":"pakketpunt","locatieNaam":"Valuar Hub - WindTre Via Pergolesi","straatNaam":"Via Pergolesi","straatNr":"18B","vervoerder":"GLS","puntType":"parcel_shop","bezettingsgraad":50,"latitude":39.2224404,"longitude":9.1281957,"canPickup":true,"canDropoff":true,"openingstijden":"za: 09:30 - 12:30; ma: 09:30 - 13:00, 16:30 - 20:00"}},{"type":"Feature","geometry":{"type":"Point","coordinates":[9.1302893,39.2239865]},"properties":{"type":"pakketpunt","locatieNaam":"Computer Science sas","straatNaam":"Via Palestrina","straatNr":"90","vervoerder":"GLS","puntType":"parcel_shop","bezettingsgraad":50,"latitude":39.2239865,"longitude":9.1302893,"canPickup":true,"canDropoff":true,"openingstijden":"ma: 09:00 - 13:00, 16:30 - 19:00; di: 09:00 - 13:00, 16:30 - 19:00"}},{"type":"Feature","geometry":{"type":"Point","coordinates":[9.1246058,39.2244657]},"properties":{"type":"pakketpunt","locatieNaam":"Copisteria Verdesoft","straatNaam":"Via Ettore Pais","straatNr":"10","vervoerder":"GLS","puntType":"parcel_shop","bezettingsgraad":50,"latitude":39.2244657,"longitude":9.1246058,"canPickup":true,"canDropoff":true,"openingstijden":"za: 09:00 - 13:00; zo: 09:00 - 13:00"}},{"type":"Feature","geometry":{"type":"Point","coordinates":[9.1018036,39.2255448]},"properties":{"type":"pakketpunt","locatieNaam":"tabacchi bullitta","straatNaam":"Viale Trento","straatNr":"89","vervoerder":"GLS","puntType":"parcel_shop","bezettingsgraad":50,"latitude":39.2255448,"longitude":9.1018036,"canPickup":true,"canDropoff":true,"openingstijden":"za: 07:30 - 19:30; zo: 08:00 - 23:59"}},{"type":"Feature","geometry":{"type":"Point","coordinates":[9.1244514,39.2256387]},"properties":{"type":"pakketpunt","locatieNaam":"Antichita'","straatNaam":"Via Francesco Salaris","straatNr":"17G","vervoerder":"GLS","puntType":"parcel_shop","bezettingsgraad":50,"latitude":39.2256387,"longitude":9.1244514,"canPickup":true,"canDropoff":true,"openingstijden":"ma: 09:00 - 13:00, 17:00 - 19:30; di: 09:00 - 13:00, 17:00 - 19:30"}},{"type":"Feature","geometry":{"type":"Point","coordinates":[9.1185147,39.2270599]},"properties":{"type":"pakketpunt","locatieNaam":"enrico monnis","straatNaam":"Via Giardini","straatNr":"183","vervoerder":"GLS","puntType":"parcel_shop","bezettingsgraad":50,"latitude":39.2270599,"longitude":9.1185147,"canPickup":true,"canDropoff":true,"openingstijden":"za: 07:00 - 13:00, 16:00 - 19:30; ma: 07:00 - 13:00, 15:30 - 19:30"}},{"type":"Feature","geometry":{"type":"Point","coordinates":[9.1247321,39.2287283]},"properties":{"type":"pakketpunt","locatieNaam":"TABACCHI 111","straatNaam":"Piazza Giovanni Xxiii","straatNr":"11","vervoerder":"GLS","puntType":"parcel_shop","bezettingsgraad":50,"latitude":39.2287283,"longitude":9.1247321,"canPickup":true,"canDropoff":true,"openingstijden":"za: 08:00 - 13:00, 17:00 - 20:00; ma: 07:00 - 20:00"}},{"type":"Feature","geometry":{"type":"Point","coordinates":[9.1175907,39.2288626]},"properties":{"type":"pakketpunt","locatieNaam":"VAPERSHOP KARALIS SIGARETTE ELETTRONICHE","straatNaam":"Via Liguria","straatNr":"16C","vervoerder":"GLS","puntType":"parcel_shop","bezettingsgraad":50,"latitude":39.2288626,"longitude":9.1175907,"canPickup":true,"canDropoff":true,"openingstijden":"za: 09:00 - 13:00; ma: 09:00 - 13:00, 17:00 - 20:00"}},{"type":"Feature","geometry":{"type":"Point","coordinates":[9.1209463,39.2291347]},"properties":{"type":"pakketpunt","locatieNaam":"lg copy snc","straatNaam":"Via Giudice Guglielmo","straatNr":"45","vervoerder":"GLS","puntType":"parcel_shop","bezettingsgraad":50,"latitude":39.2291347,"longitude":9.1209463,"canPickup":true,"canDropoff":true,"openingstijden":"ma: 07:00 - 15:00; di: 07:00 - 15:00"}},{"type":"Feature","geometry":{"type":"Point","coordinates":[9.1135377,39.2297917]},"properties":{"type":"pakketpunt","locatieNaam":"3F","straatNaam":"Via Basilicata","straatNr":"61","vervoerder":"GLS","puntType":"parcel_shop","bezettingsgraad":50,"latitude":39.2297917,"longitude":9.1135377,"canPickup":true,"canDropoff":true,"openingstijden":"ma: 09:00 - 13:00, 15:00 - 19:00; di: 09:00 - 13:00, 15:00 - 19:00"}},{"type":"Feature","geometry":{"type":"Point","coordinates":[9.1143004,39.230565]},"properties":{"type":"pakketpunt","locatieNaam":"STAMPA COPIA","straatNaam":"Via Molise","straatNr":"68","vervoerder":"GLS","puntType":"parcel_shop","bezettingsgraad":50,"latitude":39.230565,"longitude":9.1143004,"canPickup":true,"canDropoff":true,"openingstijden":"ma: 08:30 - 18:30; di: 08:30 - 18:30"}},{"type":"Feature","geometry":{"type":"Point","coordinates":[9.1156402,39.2306524]},"properties":{"type":"pakketpunt","locatieNaam":"@Posteoffice","straatNaam":"Via Istria","straatNr":"2/b/c","vervoerder":"GLS","puntType":"parcel_shop","bezettingsgraad":50,"latitude":39.2306524,"longitude":9.1156402,"canPickup":true,"canDropoff":true,"openingstijden":"ma: 09:00 - 18:30; di: 09:00 - 18:30"}},{"type":"Feature","geometry":{"type":"Point","coordinates":[9.1127206,39.2333049]},"properties":{"type":"pakketpunt","locatieNaam":"PIANETA SPEDIZIONI","straatNaam":"Via Campania","straatNr":"33","vervoerder":"GLS","puntType":"parcel_shop","bezettingsgraad":50,"latitude":39.2333049,"longitude":9.1127206,"canPickup":true,"canDropoff":true,"openingstijden":"ma: 09:00 - 13:00, 15:30 - 18:30; di: 09:00 - 13:00, 15:30 - 18:30"}},{"type":"Feature","geometry":{"type":"Point","coordinates":[9.1114467,39.2340242]},"properties":{"type":"pakketpunt","locatieNaam":"Foto Digital Discount","straatNaam":"Via Campania","straatNr":"91","vervoerder":"GLS","puntType":"parcel_shop","bezettingsgraad":50,"latitude":39.2340242,"longitude":9.1114467,"canPickup":true,"canDropoff":true,"openingstijden":"ma: 10:00 - 13:00, 17:00 - 20:00; di: 10:00 - 13:00, 17:00 - 20:00"}},{"type":"Feature","geometry":{"type":"Point","coordinates":[9.0991674,39.2340462]},"properties":{"type":"pakketpunt","locatieNaam":"giovanni lecca","straatNaam":"Via Monte Sabotino","straatNr":"23/A","vervoerder":"GLS","puntType":"parcel_shop","bezettingsgraad":50,"latitude":39.2340462,"longitude":9.0991674,"canPickup":true,"canDropoff":true,"openingstijden":"za: 08:30 - 13:00; ma: 08:30 - 13:00, 16:30 - 20:00"}},{"type":"Feature","geometry":{"type":"Point","coordinates":[9.1327976,39.2341176]},"properties":{"type":"pakketpunt","locatieNaam":"Cosimo Dore","straatNaam":"Via Flavio Gioia","straatNr":"33/35","vervoerder":"GLS","puntType":"parcel_shop","bezettingsgraad":50,"latitude":39.2341176,"longitude":9.1327976,"canPickup":true,"canDropoff":true,"openingstijden":"za: 07:00 - 13:30, 17:00 - 19:30; ma: 07:00 - 13:30, 16:30 - 20:00"}},{"type":"Feature","geometry":{"type":"Point","coordinates":[9.1111138,39.236447]},"properties":{"type":"pakketpunt","locatieNaam":"Planetwin365","straatNaam":"Via Cornalias","straatNr":"31/33","vervoerder":"GLS","puntType":"parcel_shop","bezettingsgraad":50,"latitude":39.236447,"longitude":9.1111138,"canPickup":true,"canDropoff":true,"openingstijden":"za: 11:00 - 16:00, 19:00 - 23:00; zo: 11:30 - 16:00"}},{"type":"Feature","geometry":{"type":"Point","coordinates":[9.101544,39.2366553]},"properties":{"type":"pakketpunt","locatieNaam":"CARTOLERIA OLTRE LA FAVOLA","straatNaam":"Via Redipuglia","straatNr":"46A","vervoerder":"GLS","puntType":"parcel_shop","bezettingsgraad":50,"latitude":39.2366553,"longitude":9.101544,"canPickup":true,"canDropoff":true,"openingstijden":"ma: 08:30 - 12:30, 16:30 - 19:30; di: 08:30 - 12:30, 16:30 - 19:30"}},{"type":"Feature","geometry":{"type":"Point","coordinates":[9.1027453,39.2366673]},"properties":{"type":"pakketpunt","locatieNaam":"PC DOCTOR","straatNaam":"Via Monte Santo","straatNr":"23a","vervoerder":"GLS","puntType":"parcel_shop","bezettingsgraad":50,"latitude":39.2366673,"longitude":9.1027453,"canPickup":true,"canDropoff":true,"openingstijden":"ma: 09:30 - 13:00, 16:30 - 19:30; di: 09:30 - 13:00, 16:30 - 19:30"}},{"type":"Feature","geometry":{"type":"Point","coordinates":[9.1094991,39.2383852]},"properties":{"type":"pakketpunt","locatieNaam":"Cartoleria gialla","straatNaam":"Via Cornalias","straatNr":"54a","vervoerder":"GLS","puntType":"parcel_shop","bezettingsgraad":50,"latitude":39.2383852,"longitude":9.1094991,"canPickup":true,"canDropoff":true,"openingstijden":"ma: 08:30 - 12:30, 16:30 - 19:30; di: 08:30 - 12:30, 16:30 - 19:30"}},{"type":"Feature","geometry":{"type":"Point","coordinates":[9.112833,39.2394474]},"properties":{"type":"pakketpunt","locatieNaam":"tabacchi Lobina","straatNaam":"Via Monsignor Piovella","straatNr":"51","vervoerder":"GLS","puntType":"parcel_shop","bezettingsgraad":50,"latitude":39.2394474,"longitude":9.112833,"canPickup":true,"canDropoff":true,"openingstijden":"za: 07:00 - 13:30, 16:00 - 19:00; ma: 07:00 - 13:30, 16:00 - 20:00"}},{"type":"Feature","geometry":{"type":"Point","coordinates":[9.1244849,39.2418724]},"properties":{"type":"pakketpunt","locatieNaam":"helping hand","straatNaam":"Via Pontida","straatNr":"32","vervoerder":"GLS","puntType":"parcel_shop","bezettingsgraad":50,"latitude":39.2418724,"longitude":9.1244849,"canPickup":true,"canDropoff":true,"openingstijden":"za: 10:00 - 13:00; ma: 09:30 - 13:30, 17:00 - 20:00"}},{"type":"Feature","geometry":{"type":"Point","coordinates":[9.1060298,39.2421268]},"properties":{"type":"pakketpunt","locatieNaam":"Cartolibreia Del Colle di Andrea Meloni","straatNaam":"Via Cornalias","straatNr":"167 B","vervoerder":"GLS","puntType":"parcel_shop","bezettingsgraad":50,"latitude":39.2421268,"longitude":9.1060298,"canPickup":true,"canDropoff":true,"openingstijden":"za: 07:30 - 13:00; ma: 07:30 - 13:00"}},{"type":"Feature","geometry":{"type":"Point","coordinates":[9.1241574,39.2438144]},"properties":{"type":"pakketpunt","locatieNaam":"Carta&Penna cartoleria","straatNaam":"Via Santa Maria Chiara","straatNr":"70","vervoerder":"GLS","puntType":"parcel_shop","bezettingsgraad":50,"latitude":39.2438144,"longitude":9.1241574,"canPickup":true,"canDropoff":true,"openingstijden":"za: 09:00 - 13:00; ma: 09:00 - 13:00, 16:30 - 20:00"}},{"type":"Feature","geometry":{"type":"Point","coordinates":[9.1292614,39.248156]},"properties":{"type":"pakketpunt","locatieNaam":"Self alimentari di pinna stefania","straatNaam":"Via Antonio Argiolas","straatNr":"53","vervoerder":"GLS","puntType":"parcel_shop","bezettingsgraad":50,"latitude":39.248156,"longitude":9.1292614,"canPickup":true,"canDropoff":true,"openingstijden":"za: 07:30 - 14:00; ma: 07:30 - 19:00"}},{"type":"Feature","geometry":{"type":"Point","coordinates":[9.139322,39.193372]},"properties":{"type":"pakketpunt","locatieNaam":"TABACCHERIA N. 99","straatNaam":"VIA PIETRO SCHIAVAZZI 75-A","straatNr":"","vervoerder":"DHL","puntType":"parcelShop","bezettingsgraad":50,"latitude":39.193372,"longitude":9.139322,"canPickup":true,"canDropoff":true,"openingstijden":{"ma":"08:00 - 13:00, 16:00 - 20:00","di":"08:00 - 13:00, 16:00 - 20:00","wo":"08:00 - 13:00, 16:00 - 20:00","do":"08:00 - 13:00, 16:00 - 20:00","vr":"08:00 - 13:00, 16:00 - 20:00","za":"08:00 - 13:00, 16:00 - 20:00","zo":"08:00 - 13:00"}}},{"type":"Feature","geometry":{"type":"Point","coordinates":[9.151567,39.196399]},"properties":{"type":"pakketpunt","locatieNaam":"TABACCHERIA N. 43","straatNaam":"VIALE POETTO 106","straatNr":"","vervoerder":"DHL","puntType":"parcelShop","bezettingsgraad":50,"latitude":39.196399,"longitude":9.151567,"canPickup":true,"canDropoff":true,"openingstijden":{"ma":"06:20 - 19:30","di":"06:20 - 19:30","wo":"06:20 - 19:30","do":"06:20 - 19:30","vr":"06:20 - 19:30","za":"06:20 - 19:30","zo":"06:20 - 19:30"}}},{"type":"Feature","geometry":{"type":"Point","coordinates":[9.145296,39.199899]},"properties":{"type":"pakketpunt","locatieNaam":"Ufficio Postale CAGLIARI 4","straatNaam":"VIALE POETTO 18","straatNr":"","vervoerder":"DHL","puntType":"postOffice","bezettingsgraad":50,"latitude":39.199899,"longitude":9.145296,"canPickup":true,"canDropoff":true,"openingstijden":{"ma":"08:20 - 13:35","di":"08:20 - 13:35","wo":"08:20 - 13:35","do":"08:20 - 13:35","vr":"08:20 - 13:35","za":"08:20 - 12:35","zo":"gesloten"}}},{"type":"Feature","geometry":{"type":"Point","coordinates":[9.136204,39.205621]},"properties":{"type":"pakketpunt","locatieNaam":"Ufficio Postale CAGLIARI 7","straatNaam":"VIA DELLA PINETA 243","straatNr":"","vervoerder":"DHL","puntType":"postOffice","bezettingsgraad":50,"latitude":39.205621,"longitude":9.136204,"canPickup":true,"canDropoff":true,"openingstijden":{"ma":"08:20 - 19:05","di":"08:20 - 19:05","wo":"08:20 - 19:05","do":"08:20 - 19:05","vr":"08:20 - 19:05","za":"08:20 - 12:35","zo":"gesloten"}}},{"type":"Feature","geometry":{"type":"Point","coordinates":[9.144535,39.204335]},"properties":{"type":"pakketpunt","locatieNaam":"TABACCHERIA N. 151","straatNaam":"VIA EURO 9","straatNr":"","vervoerder":"DHL","puntType":"parcelShop","bezettingsgraad":50,"latitude":39.204335,"longitude":9.144535,"canPickup":true,"canDropoff":true,"openingstijden":{"ma":"08:30 - 13:00, 16:30 - 20:00","di":"08:30 - 13:00, 16:30 - 20:00","wo":"08:30 - 13:00, 16:30 - 20:00","do":"08:30 - 13:00, 16:30 - 20:00","vr":"08:30 - 13:00, 16:30 - 20:00","za":"08:30 - 13:00, 16:30 - 19:30","zo":"gesloten"}}},{"type":"Feature","geometry":{"type":"Point","coordinates":[9.132513,39.207246]},"properties":{"type":"pakketpunt","locatieNaam":"TABACCHERIA N. 118","straatNaam":"VIA MILANO 89","straatNr":"","vervoerder":"DHL","puntType":"parcelShop","bezettingsgraad":50,"latitude":39.207246,"longitude":9.132513,"canPickup":true,"canDropoff":true,"openingstijden":{"ma":"08:00 - 20:00","di":"08:00 - 20:00","wo":"08:00 - 20:00","do":"08:00 - 20:00","vr":"08:00 - 20:00","za":"08:00 - 20:00","zo":"08:00 - 13:00, 17:00 - 20:00"}}},{"type":"Feature","geometry":{"type":"Point","coordinates":[9.1249,39.207172]},"properties":{"type":"pakketpunt","locatieNaam":"TABACCHERIA N. 25","straatNaam":"VIALE ARMANDO DIAZ 34","straatNr":"","vervoerder":"DHL","puntType":"parcelShop","bezettingsgraad":50,"latitude":39.207172,"longitude":9.1249,"canPickup":true,"canDropoff":true,"openingstijden":{"ma":"08:00 - 13:30, 16:00 - 20:30","di":"08:00 - 13:30, 16:00 - 20:30","wo":"08:00 - 13:30, 16:00 - 20:30","do":"08:00 - 13:30, 16:00 - 20:30","vr":"08:00 - 13:30, 16:00 - 20:30","za":"08:00 - 13:30, 16:00 - 19:00","zo":"gesloten"}}},{"type":"Feature","geometry":{"type":"Point","coordinates":[9.133515,39.208005]},"properties":{"type":"pakketpunt","locatieNaam":"TABACCHERIA N. 63","straatNaam":"VIA DELLA PINETA 207-B","straatNr":"","vervoerder":"DHL","puntType":"parcelShop","bezettingsgraad":50,"latitude":39.208005,"longitude":9.133515,"canPickup":true,"canDropoff":true,"openingstijden":{"ma":"07:30 - 13:30, 15:30 - 20:30","di":"07:30 - 13:30, 15:30 - 20:30","wo":"07:30 - 13:30, 15:30 - 20:30","do":"07:30 - 13:30, 15:30 - 20:30","vr":"07:30 - 13:30, 15:30 - 20:30","za":"07:30 - 13:30, 15:30 - 20:30","zo":"gesloten"}}},{"type":"Feature","geometry":{"type":"Point","coordinates":[9.1221,39.2102]},"properties":{"type":"pakketpunt","locatieNaam":"RIVENDITA 114","straatNaam":"Via Pessina Enrico 33","straatNr":"","vervoerder":"DHL","puntType":"parcelShop","bezettingsgraad":50,"latitude":39.2102,"longitude":9.1221,"canPickup":false,"canDropoff":true,"openingstijden":{"ma":"08:30 - 20:00","di":"08:30 - 20:00","wo":"08:30 - 20:00","do":"08:30 - 20:00","vr":"08:30 - 20:00","za":"08:30 - 14:00","zo":"gesloten"}}},{"type":"Feature","geometry":{"type":"Point","coordinates":[9.120193,39.210885]},"properties":{"type":"pakketpunt","locatieNaam":"TABACCHERIA n. 21","straatNaam":"VIALE BONARIA 90-A","straatNr":"","vervoerder":"DHL","puntType":"parcelShop","bezettingsgraad":50,"latitude":39.210885,"longitude":9.120193,"canPickup":true,"canDropoff":true,"openingstijden":{"ma":"06:00 - 20:00","di":"06:00 - 20:00","wo":"06:00 - 20:00","do":"06:00 - 20:00","vr":"06:00 - 20:00","za":"07:00 - 13:00","zo":"gesloten"}}},{"type":"Feature","geometry":{"type":"Point","coordinates":[9.119443,39.211389]},"properties":{"type":"pakketpunt","locatieNaam":"Kipoint Viale Bonaria","straatNaam":"VIALE BONARIA 64","straatNr":"","vervoerder":"DHL","puntType":"parcelShop","bezettingsgraad":50,"latitude":39.211389,"longitude":9.119443,"canPickup":true,"canDropoff":true,"openingstijden":{"ma":"09:00 - 13:00, 15:30 - 18:30","di":"09:00 - 13:00, 15:30 - 18:30","wo":"09:00 - 13:00, 15:30 - 18:30","do":"09:00 - 13:00, 15:30 - 18:30","vr":"09:00 - 13:00, 15:30 - 18:30","za":"gesloten","zo":"gesloten"}}},{"type":"Feature","geometry":{"type":"Point","coordinates":[9.117433,39.211771]},"properties":{"type":"pakketpunt","locatieNaam":"TABACCHERIA N. 55","straatNaam":"VIALE BONARIA 18","straatNr":"","vervoerder":"DHL","puntType":"parcelShop","bezettingsgraad":50,"latitude":39.211771,"longitude":9.117433,"canPickup":true,"canDropoff":true,"openingstijden":{"ma":"07:30 - 14:00, 16:30 - 20:00","di":"07:30 - 14:00, 16:30 - 20:00","wo":"07:30 - 14:00, 16:30 - 20:00","do":"07:30 - 14:00, 16:30 - 20:00","vr":"07:30 - 14:00, 16:30 - 20:00","za":"09:00 - 13:00","zo":"gesloten"}}},{"type":"Feature","geometry":{"type":"Point","coordinates":[9.129491,39.213082]},"properties":{"type":"pakketpunt","locatieNaam":"TABACCHERIA N. 64","straatNaam":"VIA ENRICO PESSINA 91","straatNr":"","vervoerder":"DHL","puntType":"parcelShop","bezettingsgraad":50,"latitude":39.213082,"longitude":9.129491,"canPickup":true,"canDropoff":true,"openingstijden":{"ma":"07:30 - 20:30","di":"07:30 - 20:30","wo":"07:30 - 20:30","do":"07:30 - 20:30","vr":"07:30 - 20:30","za":"07:30 - 20:30","zo":"gesloten"}}},{"type":"Feature","geometry":{"type":"Point","coordinates":[9.114416,39.212926]},"properties":{"type":"pakketpunt","locatieNaam":"Ufficio Postale CAGLIARI 2","straatNaam":"VIA ROMA 25","straatNr":"","vervoerder":"DHL","puntType":"postOffice","bezettingsgraad":50,"latitude":39.212926,"longitude":9.114416,"canPickup":true,"canDropoff":true,"openingstijden":{"ma":"08:20 - 13:35","di":"08:20 - 13:35","wo":"08:20 - 13:35","do":"08:20 - 13:35","vr":"08:20 - 13:35","za":"08:20 - 12:35","zo":"gesloten"}}},{"type":"Feature","geometry":{"type":"Point","coordinates":[9.127942,39.214573]},"properties":{"type":"pakketpunt","locatieNaam":"TABACCHERIA N. 114","straatNaam":"VIA ENRICO PESSINA 33","straatNr":"","vervoerder":"DHL","puntType":"parcelShop","bezettingsgraad":50,"latitude":39.214573,"longitude":9.127942,"canPickup":true,"canDropoff":true,"openingstijden":{"ma":"08:30 - 13:30, 17:00 - 20:00","di":"08:30 - 13:30, 17:00 - 20:00","wo":"08:30 - 13:30, 17:00 - 20:00","do":"08:30 - 13:30, 17:00 - 20:00","vr":"08:30 - 13:30, 17:00 - 20:00","za":"08:30 - 13:00, 13:30 - 14:00","zo":"gesloten"}}},{"type":"Feature","geometry":{"type":"Point","coordinates":[9.124778,39.215308]},"properties":{"type":"pakketpunt","locatieNaam":"Ufficio Postale CAGLIARI 8","straatNaam":"VIA DANTE ALIGHIERI 36","straatNr":"","vervoerder":"DHL","puntType":"postOffice","bezettingsgraad":50,"latitude":39.215308,"longitude":9.124778,"canPickup":true,"canDropoff":true,"openingstijden":{"ma":"08:20 - 13:35","di":"08:20 - 13:35","wo":"08:20 - 13:35","do":"08:20 - 13:35","vr":"08:20 - 13:35","za":"08:20 - 12:35","zo":"gesloten"}}},{"type":"Feature","geometry":{"type":"Point","coordinates":[9.123159,39.216155]},"properties":{"type":"pakketpunt","locatieNaam":"TABACCHERIA n. 57","straatNaam":"VIA GRAZIA DELEDDA 13","straatNr":"","vervoerder":"DHL","puntType":"parcelShop","bezettingsgraad":50,"latitude":39.216155,"longitude":9.123159,"canPickup":true,"canDropoff":true,"openingstijden":{"ma":"07:00 - 19:00","di":"07:00 - 19:00","wo":"07:00 - 19:00","do":"07:00 - 19:00","vr":"07:00 - 19:00","za":"07:00 - 12:00","zo":"gesloten"}}},{"type":"Feature","geometry":{"type":"Point","coordinates":[9.116343,39.215567]},"properties":{"type":"pakketpunt","locatieNaam":"DU.SI PHONE CENTER di SIDDU","straatNaam":"Costituzione, 7","straatNr":"","vervoerder":"DHL","puntType":"parcelShop","bezettingsgraad":50,"latitude":39.215567,"longitude":9.116343,"canPickup":false,"canDropoff":true,"openingstijden":{"ma":"09:00 - 20:00","di":"09:00 - 20:00","wo":"09:00 - 20:00","do":"09:00 - 20:00","vr":"09:00 - 20:00","za":"gesloten","zo":"gesloten"}}},{"type":"Feature","geometry":{"type":"Point","coordinates":[9.117253,39.215738]},"properties":{"type":"pakketpunt","locatieNaam":"TABACCHERIA N. 15","straatNaam":"VIA GIUSEPPE GARIBALDI 4","straatNr":"","vervoerder":"DHL","puntType":"parcelShop","bezettingsgraad":50,"latitude":39.215738,"longitude":9.117253,"canPickup":true,"canDropoff":true,"openingstijden":{"ma":"08:30 - 12:45, 16:00 - 20:00","di":"08:30 - 12:45, 16:00 - 20:00","wo":"08:30 - 12:45, 16:00 - 20:00","do":"08:30 - 12:45, 16:00 - 20:00","vr":"08:30 - 12:45, 16:00 - 20:00","za":"09:00 - 12:45, 16:00 - 20:00","zo":"gesloten"}}},{"type":"Feature","geometry":{"type":"Point","coordinates":[9.109191,39.214916]},"properties":{"type":"pakketpunt","locatieNaam":"TABACCHERIA N. 209","straatNaam":"PIAZZA GIACOMO MATTEOTTI 6","straatNr":"","vervoerder":"DHL","puntType":"parcelShop","bezettingsgraad":50,"latitude":39.214916,"longitude":9.109191,"canPickup":true,"canDropoff":true,"openingstijden":{"ma":"07:00 - 20:00","di":"07:00 - 20:00","wo":"07:00 - 20:00","do":"07:00 - 20:00","vr":"07:00 - 20:00","za":"07:00 - 20:00","zo":"07:00 - 20:00"}}},{"type":"Feature","geometry":{"type":"Point","coordinates":[9.129482,39.217465]},"properties":{"type":"pakketpunt","locatieNaam":"Ufficio Postale CAGLIARI TRIBUNALE","straatNaam":"VIA ENRICO CARBONI BOI 16","straatNr":"","vervoerder":"DHL","puntType":"postOffice","bezettingsgraad":50,"latitude":39.217465,"longitude":9.129482,"canPickup":true,"canDropoff":true,"openingstijden":{"ma":"08:20 - 13:45","di":"08:20 - 13:45","wo":"08:20 - 13:45","do":"08:20 - 13:45","vr":"08:20 - 13:45","za":"08:20 - 12:45","zo":"gesloten"}}},{"type":"Feature","geometry":{"type":"Point","coordinates":[9.124852,39.217517]},"properties":{"type":"pakketpunt","locatieNaam":"TABACCHERIA N. 72","straatNaam":"VIA DANTE ALIGHIERI 72-B","straatNr":"","vervoerder":"DHL","puntType":"parcelShop","bezettingsgraad":50,"latitude":39.217517,"longitude":9.124852,"canPickup":true,"canDropoff":true,"openingstijden":{"ma":"08:00 - 13:00, 16:00 - 20:00","di":"08:00 - 13:00, 16:00 - 20:00","wo":"08:00 - 13:00, 16:00 - 20:00","do":"08:00 - 13:00, 16:00 - 20:00","vr":"08:00 - 13:00, 16:00 - 20:00","za":"08:00 - 13:00, 16:00 - 20:00","zo":"gesloten"}}},{"type":"Feature","geometry":{"type":"Point","coordinates":[9.106446,39.214557]},"properties":{"type":"pakketpunt","locatieNaam":"TABACCHERIA N. 38","straatNaam":"VIALE LA PLAIA 28","straatNr":"","vervoerder":"DHL","puntType":"parcelShop","bezettingsgraad":50,"latitude":39.214557,"longitude":9.106446,"canPickup":true,"canDropoff":true,"openingstijden":{"ma":"06:00 - 19:30","di":"06:00 - 19:30","wo":"06:00 - 19:30","do":"06:00 - 19:30","vr":"06:00 - 19:30","za":"06:00 - 19:30","zo":"gesloten"}}},{"type":"Feature","geometry":{"type":"Point","coordinates":[9.127603,39.218072]},"properties":{"type":"pakketpunt","locatieNaam":"TABACCHERIA N. 28","straatNaam":"VIA GIOVANNI BATTISTA TUVERI 56","straatNr":"","vervoerder":"DHL","puntType":"parcelShop","bezettingsgraad":50,"latitude":39.218072,"longitude":9.127603,"canPickup":true,"canDropoff":true,"openingstijden":{"ma":"06:30 - 20:30","di":"06:30 - 20:30","wo":"06:30 - 20:30","do":"06:30 - 20:30","vr":"06:30 - 20:30","za":"06:30 - 20:30","zo":"gesloten"}}},{"type":"Feature","geometry":{"type":"Point","coordinates":[9.121687,39.218159]},"properties":{"type":"pakketpunt","locatieNaam":"TABACCHERIA N. 56","straatNaam":"VIA SIDNEY SONNINO 211","straatNr":"","vervoerder":"DHL","puntType":"parcelShop","bezettingsgraad":50,"latitude":39.218159,"longitude":9.121687,"canPickup":true,"canDropoff":true,"openingstijden":{"ma":"07:30 - 13:00, 16:00 - 20:30","di":"07:30 - 13:00, 16:00 - 20:30","wo":"07:30 - 13:00, 16:00 - 20:30","do":"07:30 - 13:00, 16:00 - 20:30","vr":"07:30 - 13:00, 16:00 - 20:30","za":"07:30 - 13:00, 16:00 - 20:30","zo":"gesloten"}}},{"type":"Feature","geometry":{"type":"Point","coordinates":[9.109186,39.216377]},"properties":{"type":"pakketpunt","locatieNaam":"TABACCHERIA N. 98","straatNaam":"PIAZZA DEL CARMINE 10","straatNr":"","vervoerder":"DHL","puntType":"parcelShop","bezettingsgraad":50,"latitude":39.216377,"longitude":9.109186,"canPickup":true,"canDropoff":true,"openingstijden":{"ma":"07:30 - 13:30, 16:00 - 20:00","di":"07:30 - 13:30, 16:00 - 20:00","wo":"07:30 - 13:30, 16:00 - 20:00","do":"07:30 - 13:30, 16:00 - 20:00","vr":"07:30 - 13:30, 16:00 - 20:00","za":"07:30 - 13:30, 16:00 - 20:00","zo":"gesloten"}}},{"type":"Feature","geometry":{"type":"Point","coordinates":[9.12202,39.21873]},"properties":{"type":"pakketpunt","locatieNaam":"DHL STORE CAGLIARI","straatNaam":"Via Sidney Sonnino 231","straatNr":"","vervoerder":"DHL","puntType":"parcelShop","bezettingsgraad":50,"latitude":39.21873,"longitude":9.12202,"canPickup":false,"canDropoff":true,"openingstijden":{"ma":"09:00 - 19:00","di":"09:00 - 19:00","wo":"09:00 - 19:00","do":"09:00 - 19:00","vr":"09:00 - 19:00","za":"10:00 - 13:00","zo":"gesloten"}}},{"type":"Feature","geometry":{"type":"Point","coordinates":[9.109411,39.217124]},"properties":{"type":"pakketpunt","locatieNaam":"Ufficio Postale CAGLIARI CENTRO","straatNaam":"PIAZZA DEL CARMINE 27","straatNr":"","vervoerder":"DHL","puntType":"postOffice","bezettingsgraad":50,"latitude":39.217124,"longitude":9.109411,"canPickup":true,"canDropoff":true,"openingstijden":{"ma":"08:20 - 19:05","di":"08:20 - 19:05","wo":"08:20 - 19:05","do":"08:20 - 19:05","vr":"08:20 - 19:05","za":"08:20 - 12:35","zo":"gesloten"}}},{"type":"Feature","geometry":{"type":"Point","coordinates":[9.126464,39.219711]},"properties":{"type":"pakketpunt","locatieNaam":"TABACCHERIA N. 113","straatNaam":"VIA GAETANO DONIZETTI 3-C","straatNr":"","vervoerder":"DHL","puntType":"parcelShop","bezettingsgraad":50,"latitude":39.219711,"longitude":9.126464,"canPickup":true,"canDropoff":true,"openingstijden":{"ma":"08:00 - 13:00, 15:30 - 20:00","di":"08:00 - 13:00, 15:30 - 20:00","wo":"08:00 - 13:00, 15:30 - 20:00","do":"08:00 - 13:00, 15:30 - 20:00","vr":"08:00 - 13:00, 15:30 - 20:00","za":"08:00 - 13:00, 15:30 - 20:00","zo":"gesloten"}}},{"type":"Feature","geometry":{"type":"Point","coordinates":[9.113138,39.218464]},"properties":{"type":"pakketpunt","locatieNaam":"Ufficio Postale CAGLIARI 1","straatNaam":"VIA FRANCESCO FARA 11","straatNr":"","vervoerder":"DHL","puntType":"postOffice","bezettingsgraad":50,"latitude":39.218464,"longitude":9.113138,"canPickup":true,"canDropoff":true,"openingstijden":{"ma":"08:20 - 13:35","di":"08:20 - 13:35","wo":"08:20 - 13:35","do":"08:20 - 13:35","vr":"08:20 - 13:35","za":"08:20 - 12:35","zo":"gesloten"}}},{"type":"Feature","geometry":{"type":"Point","coordinates":[9.123192,39.219976]},"properties":{"type":"pakketpunt","locatieNaam":"TABACCHERIA N. 42","straatNaam":"VIA PASQUALE PAOLI 41","straatNr":"","vervoerder":"DHL","puntType":"parcelShop","bezettingsgraad":50,"latitude":39.219976,"longitude":9.123192,"canPickup":true,"canDropoff":true,"openingstijden":{"ma":"06:30 - 13:30, 16:30 - 20:30","di":"06:30 - 13:30, 16:30 - 20:30","wo":"06:30 - 13:30, 16:30 - 20:30","do":"06:30 - 13:30, 16:30 - 20:30","vr":"06:30 - 13:30, 16:30 - 20:30","za":"06:30 - 13:30, 16:30 - 20:30","zo":"gesloten"}}},{"type":"Feature","geometry":{"type":"Point","coordinates":[9.124023,39.220054]},"properties":{"type":"pakketpunt","locatieNaam":"Ufficio Postale CAGLIARI 6","straatNaam":"VIA PASQUALE TOLA 16","straatNr":"","vervoerder":"DHL","puntType":"postOffice","bezettingsgraad":50,"latitude":39.220054,"longitude":9.124023,"canPickup":true,"canDropoff":true,"openingstijden":{"ma":"08:20 - 19:05","di":"08:20 - 19:05","wo":"08:20 - 19:05","do":"08:20 - 19:05","vr":"08:20 - 19:05","za":"08:20 - 12:35","zo":"gesloten"}}},{"type":"Feature","geometry":{"type":"Point","coordinates":[9.124023,39.220054]},"properties":{"type":"pakketpunt","locatieNaam":"UFFICIO POSTALE CAGLIARI 6","straatNaam":"VIA PASQUALE TOLA 16","straatNr":"","vervoerder":"DHL","puntType":"packStation","bezettingsgraad":50,"latitude":39.220054,"longitude":9.124023,"canPickup":true,"canDropoff":true,"openingstijden":{"ma":"08:20 - 19:05","di":"08:20 - 19:05","wo":"08:20 - 19:05","do":"08:20 - 19:05","vr":"08:20 - 19:05","za":"08:20 - 12:35","zo":"gesloten"}}},{"type":"Feature","geometry":{"type":"Point","coordinates":[9.125279,39.221057]},"properties":{"type":"pakketpunt","locatieNaam":"TABACCHERIA N. 66","straatNaam":"PIAZZA SAN BENEDETTO 8","straatNr":"","vervoerder":"DHL","puntType":"parcelShop","bezettingsgraad":50,"latitude":39.221057,"longitude":9.125279,"canPickup":true,"canDropoff":true,"openingstijden":{"ma":"07:30 - 13:00, 16:30 - 20:00","di":"07:30 - 13:00, 16:30 - 20:00","wo":"07:30 - 13:00, 16:30 - 20:00","do":"07:30 - 13:00, 16:30 - 20:00","vr":"07:30 - 13:00, 16:30 - 20:00","za":"07:30 - 13:00, 16:30 - 20:00","zo":"gesloten"}}},{"type":"Feature","geometry":{"type":"Point","coordinates":[9.128407,39.221972]},"properties":{"type":"pakketpunt","locatieNaam":"ALEX CAFE'","straatNaam":"VIA GIOVANNI BATTISTA PERGOLESI 15","straatNr":"","vervoerder":"DHL","puntType":"parcelShop","bezettingsgraad":50,"latitude":39.221972,"longitude":9.128407,"canPickup":true,"canDropoff":true,"openingstijden":{"ma":"06:30 - 18:30","di":"06:30 - 18:30","wo":"06:30 - 18:30","do":"06:30 - 18:30","vr":"06:30 - 18:30","za":"06:30 - 12:30","zo":"gesloten"}}},{"type":"Feature","geometry":{"type":"Point","coordinates":[9.127068,39.222341]},"properties":{"type":"pakketpunt","locatieNaam":"TABACCHERIA n. 85","straatNaam":"VIA VINCENZO BELLINI 2","straatNr":"","vervoerder":"DHL","puntType":"parcelShop","bezettingsgraad":50,"latitude":39.222341,"longitude":9.127068,"canPickup":true,"canDropoff":true,"openingstijden":{"ma":"08:00 - 13:00, 16:00 - 20:00","di":"08:00 - 13:00, 16:00 - 20:00","wo":"08:00 - 13:00, 16:00 - 20:00","do":"08:00 - 13:00, 16:00 - 20:00","vr":"08:00 - 13:00, 16:00 - 20:00","za":"08:00 - 13:00, 16:00 - 20:00","zo":"gesloten"}}},{"type":"Feature","geometry":{"type":"Point","coordinates":[9.130333,39.22267]},"properties":{"type":"pakketpunt","locatieNaam":"TABACCHERIA N. 160","straatNaam":"VIA PIERLUIGI DA PALESTRINA 56","straatNr":"","vervoerder":"DHL","puntType":"parcelShop","bezettingsgraad":50,"latitude":39.22267,"longitude":9.130333,"canPickup":true,"canDropoff":true,"openingstijden":{"ma":"07:15 - 13:45, 16:15 - 18:30","di":"07:15 - 13:45, 16:15 - 18:30","wo":"07:15 - 13:45, 16:15 - 18:30","do":"07:15 - 13:45, 16:15 - 18:00","vr":"07:15 - 13:45, 16:15 - 18:30","za":"07:30 - 13:00, 16:30 - 18:00","zo":"gesloten"}}},{"type":"Feature","geometry":{"type":"Point","coordinates":[9.124968,39.223003]},"properties":{"type":"pakketpunt","locatieNaam":"STORE PLUS RIPARAZIONE CELLULARI","straatNaam":"Via Dante Alighieri 144","straatNr":"","vervoerder":"DHL","puntType":"parcelShop","bezettingsgraad":50,"latitude":39.223003,"longitude":9.124968,"canPickup":false,"canDropoff":true,"openingstijden":{"ma":"09:30 - 20:30","di":"09:30 - 20:30","wo":"09:30 - 20:30","do":"09:30 - 20:30","vr":"09:30 - 20:30","za":"09:30 - 20:30","zo":"gesloten"}}},{"type":"Feature","geometry":{"type":"Point","coordinates":[9.107793,39.220632]},"properties":{"type":"pakketpunt","locatieNaam":"TUTTOPERLOSTUDIO","straatNaam":"VIA TIGELLIO 10","straatNr":"","vervoerder":"DHL","puntType":"parcelShop","bezettingsgraad":50,"latitude":39.220632,"longitude":9.107793,"canPickup":true,"canDropoff":true,"openingstijden":{"ma":"09:00 - 19:30","di":"09:00 - 19:30","wo":"09:00 - 19:30","do":"09:00 - 19:30","vr":"09:00 - 19:30","za":"gesloten","zo":"gesloten"}}},{"type":"Feature","geometry":{"type":"Point","coordinates":[9.10544,39.22048]},"properties":{"type":"pakketpunt","locatieNaam":"AP INFORMATICA","straatNaam":"Via Pola 14/a","straatNr":"","vervoerder":"DHL","puntType":"parcelShop","bezettingsgraad":50,"latitude":39.22048,"longitude":9.10544,"canPickup":false,"canDropoff":true,"openingstijden":{"ma":"09:00 - 19:00","di":"09:00 - 19:00","wo":"09:00 - 19:00","do":"09:00 - 19:00","vr":"09:00 - 19:00","za":"09:00 - 13:00","zo":"gesloten"}}},{"type":"Feature","geometry":{"type":"Point","coordinates":[9.12877,39.224346]},"properties":{"type":"pakketpunt","locatieNaam":"Ufficio Postale CAGLIARI 10","straatNaam":"VIA SAN BENEDETTO 57-A","straatNr":"","vervoerder":"DHL","puntType":"postOffice","bezettingsgraad":50,"latitude":39.224346,"longitude":9.12877,"canPickup":true,"canDropoff":true,"openingstijden":{"ma":"08:20 - 19:05","di":"08:20 - 19:05","wo":"08:20 - 19:05","do":"08:20 - 19:05","vr":"08:20 - 19:05","za":"08:20 - 12:35","zo":"gesloten"}}},{"type":"Feature","geometry":{"type":"Point","coordinates":[9.128679,39.224427]},"properties":{"type":"pakketpunt","locatieNaam":"TABACCHERIA N. 110","straatNaam":"VIA SAN BENEDETTO 78","straatNr":"","vervoerder":"DHL","puntType":"parcelShop","bezettingsgraad":50,"latitude":39.224427,"longitude":9.128679,"canPickup":true,"canDropoff":true,"openingstijden":{"ma":"08:30 - 13:30, 16:00 - 20:00","di":"08:30 - 13:30, 16:00 - 20:00","wo":"08:30 - 13:30, 16:00 - 20:00","do":"08:30 - 13:30, 16:00 - 20:00","vr":"08:30 - 13:30, 16:00 - 20:00","za":"08:30 - 13:30, 17:00 - 20:00","zo":"gesloten"}}},{"type":"Feature","geometry":{"type":"Point","coordinates":[9.125315,39.224705]},"properties":{"type":"pakketpunt","locatieNaam":"TABACCHERIA N. 90","straatNaam":"VIA DANTE ALIGHIERI 115","straatNr":"","vervoerder":"DHL","puntType":"parcelShop","bezettingsgraad":50,"latitude":39.224705,"longitude":9.125315,"canPickup":true,"canDropoff":true,"openingstijden":{"ma":"08:30 - 13:00, 17:00 - 20:30","di":"08:30 - 13:00, 17:00 - 20:30","wo":"08:30 - 13:00, 17:00 - 20:30","do":"08:30 - 13:00, 17:00 - 20:30","vr":"08:30 - 13:00, 17:00 - 20:30","za":"08:30 - 13:00, 17:00 - 20:30","zo":"09:00 - 13:00"}}},{"type":"Feature","geometry":{"type":"Point","coordinates":[9.127147,39.225313]},"properties":{"type":"pakketpunt","locatieNaam":"TABACCHERIA N. 137","straatNaam":"PIAZZA MICHELANGELO 11","straatNr":"","vervoerder":"DHL","puntType":"parcelShop","bezettingsgraad":50,"latitude":39.225313,"longitude":9.127147,"canPickup":true,"canDropoff":true,"openingstijden":{"ma":"08:00 - 13:00, 16:30 - 19:30","di":"08:00 - 13:00, 16:30 - 19:30","wo":"08:00 - 13:00, 16:30 - 19:30","do":"08:00 - 13:00, 16:30 - 19:30","vr":"08:00 - 13:00, 16:30 - 19:30","za":"08:00 - 13:00, 16:30 - 20:00","zo":"gesloten"}}},{"type":"Feature","geometry":{"type":"Point","coordinates":[9.123856,39.225705]},"properties":{"type":"pakketpunt","locatieNaam":"TABACCHERIA N. 166","straatNaam":"VIA FRANCESCO SALARIS 39","straatNr":"","vervoerder":"DHL","puntType":"parcelShop","bezettingsgraad":50,"latitude":39.225705,"longitude":9.123856,"canPickup":true,"canDropoff":true,"openingstijden":{"ma":"08:00 - 20:00","di":"08:00 - 20:00","wo":"08:00 - 20:00","do":"08:00 - 20:00","vr":"08:00 - 20:00","za":"08:00 - 20:00","zo":"09:00 - 12:00"}}},{"type":"Feature","geometry":{"type":"Point","coordinates":[9.125461,39.226709]},"properties":{"type":"pakketpunt","locatieNaam":"TABACCHERIA N. 149","straatNaam":"PIAZZA GIOVANNI XXIII 72","straatNr":"","vervoerder":"DHL","puntType":"parcelShop","bezettingsgraad":50,"latitude":39.226709,"longitude":9.125461,"canPickup":true,"canDropoff":true,"openingstijden":{"ma":"08:00 - 19:30","di":"08:00 - 19:30","wo":"08:00 - 19:30","do":"08:00 - 19:30","vr":"08:00 - 19:30","za":"08:00 - 13:00, 16:30 - 19:30","zo":"gesloten"}}},{"type":"Feature","geometry":{"type":"Point","coordinates":[9.102137,39.223001]},"properties":{"type":"pakketpunt","locatieNaam":"Ufficio Postale CAGLIARI 5","straatNaam":"VIALE TRIESTE 161","straatNr":"","vervoerder":"DHL","puntType":"postOffice","bezettingsgraad":50,"latitude":39.223001,"longitude":9.102137,"canPickup":true,"canDropoff":true,"openingstijden":{"ma":"08:20 - 13:35","di":"08:20 - 13:35","wo":"08:20 - 13:35","do":"08:20 - 13:35","vr":"08:20 - 13:35","za":"08:20 - 12:35","zo":"gesloten"}}},{"type":"Feature","geometry":{"type":"Point","coordinates":[9.134584,39.22679]},"properties":{"type":"pakketpunt","locatieNaam":"Ufficio Postale CAGLIARI 13","straatNaam":"VIA ZAGABRIA 50","straatNr":"","vervoerder":"DHL","puntType":"postOffice","bezettingsgraad":50,"latitude":39.22679,"longitude":9.134584,"canPickup":true,"canDropoff":true,"openingstijden":{"ma":"08:20 - 13:35","di":"08:20 - 13:35","wo":"08:20 - 13:35","do":"08:20 - 13:35","vr":"08:20 - 13:35","za":"08:20 - 12:35","zo":"gesloten"}}},{"type":"Feature","geometry":{"type":"Point","coordinates":[9.118463,39.227077]},"properties":{"type":"pakketpunt","locatieNaam":"TABACCHERIA N. 34","straatNaam":"VIA GIARDINI 183","straatNr":"","vervoerder":"DHL","puntType":"parcelShop","bezettingsgraad":50,"latitude":39.227077,"longitude":9.118463,"canPickup":true,"canDropoff":true,"openingstijden":{"ma":"07:00 - 13:00, 15:30 - 20:00","di":"07:00 - 13:00, 15:30 - 20:00","wo":"07:00 - 13:00, 15:30 - 20:00","do":"07:00 - 13:00, 15:30 - 20:00","vr":"07:00 - 13:00, 15:30 - 20:00","za":"07:00 - 13:00, 15:30 - 20:00","zo":"gesloten"}}},{"type":"Feature","geometry":{"type":"Point","coordinates":[9.127588,39.228641]},"properties":{"type":"pakketpunt","locatieNaam":"TABACCHERIA N. 68","straatNaam":"VIA GAETANO SALVEMINI 26","straatNr":"","vervoerder":"DHL","puntType":"parcelShop","bezettingsgraad":50,"latitude":39.228641,"longitude":9.127588,"canPickup":true,"canDropoff":true,"openingstijden":{"ma":"08:00 - 12:30, 16:30 - 19:00","di":"08:00 - 12:30, 16:30 - 19:00","wo":"08:00 - 12:30, 16:30 - 19:00","do":"08:00 - 12:30, 16:30 - 19:00","vr":"08:00 - 12:30, 16:30 - 19:00","za":"08:00 - 12:30, 16:30 - 19:00","zo":"gesloten"}}},{"type":"Feature","geometry":{"type":"Point","coordinates":[9.08114,39.25877]},"properties":{"type":"pakketpunt","locatieNaam":"Cagliari Service Point","straatNaam":"Via Betti, 18/20 Z.I. Elmas","straatNr":"","vervoerder":"DHL","puntType":"parcelShop","bezettingsgraad":50,"latitude":39.25877,"longitude":9.08114,"canPickup":false,"canDropoff":true,"openingstijden":{"ma":"08:30 - 19:00","di":"08:30 - 19:00","wo":"08:30 - 19:00","do":"08:30 - 19:00","vr":"08:30 - 19:00","za":"gesloten","zo":"gesloten"}}},{"type":"Feature","geometry":{"type":"Point","coordinates":[9.10048,39.250175]},"properties":{"type":"pakketpunt","locatieNaam":"TABACCHERIA N. 189","straatNaam":"VIA GAVINO DESSY DELIPERI 14","straatNr":"","vervoerder":"DHL","puntType":"parcelShop","bezettingsgraad":50,"latitude":39.250175,"longitude":9.10048,"canPickup":true,"canDropoff":true,"openingstijden":{"ma":"06:30 - 13:00, 15:30 - 20:00","di":"06:30 - 13:00, 15:30 - 20:00","wo":"06:30 - 13:00, 15:30 - 20:00","do":"06:30 - 13:00, 15:30 - 20:00","vr":"06:30 - 13:00, 15:30 - 20:00","za":"06:30 - 13:00, 15:30 - 20:00","zo":"gesloten"}}},{"type":"Feature","geometry":{"type":"Point","coordinates":[9.091135,39.232119]},"properties":{"type":"pakketpunt","locatieNaam":"TABACCHERIA N. 143","straatNaam":"VIA SAN SIMONE 60","straatNr":"","vervoerder":"DHL","puntType":"parcelShop","bezettingsgraad":50,"latitude":39.232119,"longitude":9.091135,"canPickup":true,"canDropoff":true,"openingstijden":{"ma":"09:00 - 21:00","di":"09:00 - 21:00","wo":"09:00 - 21:00","do":"09:00 - 21:00","vr":"09:00 - 21:00","za":"09:00 - 21:00","zo":"09:00 - 21:00"}}},{"type":"Feature","geometry":{"type":"Point","coordinates":[9.091135,39.232119]},"properties":{"type":"pakketpunt","locatieNaam":"CENTRO COMMERCIALE I FENICO","straatNaam":"VIA SAN SIMONE 60","straatNr":"","vervoerder":"DHL","puntType":"packStation","bezettingsgraad":50,"latitude":39.232119,"longitude":9.091135,"canPickup":true,"canDropoff":true,"openingstijden":{"ma":"09:00 - 21:00","di":"09:00 - 21:00","wo":"09:00 - 21:00","do":"09:00 - 21:00","vr":"09:00 - 21:00","za":"09:00 - 21:00","zo":"10:00 - 21:00"}}},{"type":"Feature","geometry":{"type":"Point","coordinates":[9.093722,39.234817]},"properties":{"type":"pakketpunt","locatieNaam":"Ufficio Postale CAGLIARI 15","straatNaam":"VIA SIMETO 24","straatNr":"","vervoerder":"DHL","puntType":"postOffice","bezettingsgraad":50,"latitude":39.234817,"longitude":9.093722,"canPickup":true,"canDropoff":true,"openingstijden":{"ma":"08:20 - 19:05","di":"08:20 - 19:05","wo":"08:20 - 19:05","do":"08:20 - 19:05","vr":"08:20 - 19:05","za":"08:20 - 12:35","zo":"gesloten"}}},{"type":"Feature","geometry":{"type":"Point","coordinates":[9.096963,39.237064]},"properties":{"type":"pakketpunt","locatieNaam":"TABACCHERIA N. 144","straatNaam":"VIALE MONASTIR 71","straatNr":"","vervoerder":"DHL","puntType":"parcelShop","bezettingsgraad":50,"latitude":39.237064,"longitude":9.096963,"canPickup":true,"canDropoff":true,"openingstijden":{"ma":"05:00 - 20:00","di":"05:00 - 20:00","wo":"05:00 - 20:00","do":"05:00 - 20:00","vr":"05:00 - 20:00","za":"05:00 - 20:00","zo":"gesloten"}}},{"type":"Feature","geometry":{"type":"Point","coordinates":[9.097812,39.238456]},"properties":{"type":"pakketpunt","locatieNaam":"TABACCHERIA N. 92","straatNaam":"VIA BOSCO CAPPUCCIO 31","straatNr":"","vervoerder":"DHL","puntType":"parcelShop","bezettingsgraad":50,"latitude":39.238456,"longitude":9.097812,"canPickup":true,"canDropoff":true,"openingstijden":{"ma":"07:00 - 13:30, 16:00 - 20:00","di":"07:00 - 13:30, 16:00 - 20:00","wo":"07:00 - 13:30, 16:00 - 20:00","do":"07:00 - 13:30, 16:00 - 20:00","vr":"07:00 - 13:30, 16:00 - 20:00","za":"07:00 - 13:30, 16:00 - 20:00","zo":"gesloten"}}},{"type":"Feature","geometry":{"type":"Point","coordinates":[9.128568,39.250005]},"properties":{"type":"pakketpunt","locatieNaam":"TABACCHERIA N. 146","straatNaam":"VIA ANTONIO IGNAZIO ARGIOLAS 99","straatNr":"","vervoerder":"DHL","puntType":"parcelShop","bezettingsgraad":50,"latitude":39.250005,"longitude":9.128568,"canPickup":true,"canDropoff":true,"openingstijden":{"ma":"07:30 - 13:00, 16:00 - 20:00","di":"07:30 - 13:00, 16:00 - 20:00","wo":"07:30 - 13:00, 16:00 - 20:00","do":"07:30 - 13:00, 16:00 - 20:00","vr":"07:30 - 13:00, 16:00 - 20:00","za":"07:30 - 13:00, 16:00 - 20:00","zo":"gesloten"}}},{"type":"Feature","geometry":{"type":"Point","coordinates":[9.124749,39.249612]},"properties":{"type":"pakketpunt","locatieNaam":"TABACCHERIA N. 30","straatNaam":"VIA ENRICO TOTI 163","straatNr":"","vervoerder":"DHL","puntType":"parcelShop","bezettingsgraad":50,"latitude":39.249612,"longitude":9.124749,"canPickup":true,"canDropoff":true,"openingstijden":{"ma":"08:30 - 12:45, 16:10 - 19:00","di":"08:30 - 12:45, 16:10 - 19:00","wo":"08:30 - 12:45, 16:10 - 19:00","do":"08:30 - 12:45, 16:10 - 19:00","vr":"08:30 - 12:45, 17:10 - 19:00","za":"08:30 - 12:45, 16:10 - 19:00","zo":"gesloten"}}},{"type":"Feature","geometry":{"type":"Point","coordinates":[9.129145,39.248095]},"properties":{"type":"pakketpunt","locatieNaam":"SELF ALIMENTARI","straatNaam":"VIA ANTONIO IGNAZIO ARGIOLAS 53","straatNr":"","vervoerder":"DHL","puntType":"parcelShop","bezettingsgraad":50,"latitude":39.248095,"longitude":9.129145,"canPickup":true,"canDropoff":true,"openingstijden":{"ma":"07:30 - 19:00","di":"07:30 - 19:00","wo":"07:30 - 19:00","do":"07:30 - 19:00","vr":"07:30 - 19:00","za":"07:30 - 14:00","zo":"gesloten"}}},{"type":"Feature","geometry":{"type":"Point","coordinates":[9.12916,39.24803]},"properties":{"type":"pakketpunt","locatieNaam":"SELF ALIMENTARI DI PINNA STEFANIA","straatNaam":"Via Argiolas 53 Frazione Pirri","straatNr":"","vervoerder":"DHL","puntType":"parcelShop","bezettingsgraad":50,"latitude":39.24803,"longitude":9.12916,"canPickup":false,"canDropoff":true,"openingstijden":{"ma":"07:00 - 19:00","di":"07:00 - 19:00","wo":"07:00 - 19:00","do":"07:00 - 19:00","vr":"07:00 - 19:00","za":"07:00 - 14:00","zo":"gesloten"}}},{"type":"Feature","geometry":{"type":"Point","coordinates":[9.130439,39.246794]},"properties":{"type":"pakketpunt","locatieNaam":"Ufficio Postale PIRRI","straatNaam":"VIA SALVO DACQUISTO 1","straatNr":"","vervoerder":"DHL","puntType":"postOffice","bezettingsgraad":50,"latitude":39.246794,"longitude":9.130439,"canPickup":true,"canDropoff":true,"openingstijden":{"ma":"08:20 - 19:05","di":"08:20 - 19:05","wo":"08:20 - 19:05","do":"08:20 - 19:05","vr":"08:20 - 19:05","za":"08:20 - 12:35","zo":"gesloten"}}},{"type":"Feature","geometry":{"type":"Point","coordinates":[9.119482,39.249016]},"properties":{"type":"pakketpunt","locatieNaam":"Ufficio Postale CAGLIARI 3","straatNaam":"VIA STAMIRA 25","straatNr":"","vervoerder":"DHL","puntType":"postOffice","bezettingsgraad":50,"latitude":39.249016,"longitude":9.119482,"canPickup":true,"canDropoff":true,"openingstijden":{"ma":"08:20 - 13:35","di":"08:20 - 13:35","wo":"08:20 - 13:35","do":"08:20 - 13:35","vr":"08:20 - 13:35","za":"08:20 - 12:35","zo":"gesloten"}}},{"type":"Feature","geometry":{"type":"Point","coordinates":[9.121392,39.247928]},"properties":{"type":"pakketpunt","locatieNaam":"TABACCHERIA N. 194","straatNaam":"VIA SOCRATE 25","straatNr":"","vervoerder":"DHL","puntType":"parcelShop","bezettingsgraad":50,"latitude":39.247928,"longitude":9.121392,"canPickup":true,"canDropoff":true,"openingstijden":{"ma":"08:30 - 13:30, 16:30 - 20:00","di":"08:30 - 13:30, 16:30 - 20:00","wo":"08:30 - 13:30, 16:30 - 20:00","do":"08:30 - 13:30, 16:30 - 20:00","vr":"08:30 - 13:30, 16:30 - 20:00","za":"08:30 - 13:30, 16:30 - 20:00","zo":"gesloten"}}},{"type":"Feature","geometry":{"type":"Point","coordinates":[9.129131,39.246272]},"properties":{"type":"pakketpunt","locatieNaam":"TABACCHERIA N. 50","straatNaam":"PIAZZA ITALIA 18","straatNr":"","vervoerder":"DHL","puntType":"parcelShop","bezettingsgraad":50,"latitude":39.246272,"longitude":9.129131,"canPickup":true,"canDropoff":true,"openingstijden":{"ma":"07:15 - 13:00, 15:15 - 20:00","di":"07:15 - 13:00, 15:15 - 20:00","wo":"07:15 - 13:00, 15:15 - 20:00","do":"07:15 - 13:00, 15:15 - 20:00","vr":"07:15 - 13:00, 15:15 - 20:00","za":"07:15 - 13:00, 15:15 - 20:00","zo":"gesloten"}}},{"type":"Feature","geometry":{"type":"Point","coordinates":[9.128493,39.244865]},"properties":{"type":"pakketpunt","locatieNaam":"TABACCHERIA N. 48","straatNaam":"VIA ALBERTO RIVA VILLASANTA 32","straatNr":"","vervoerder":"DHL","puntType":"parcelShop","bezettingsgraad":50,"latitude":39.244865,"longitude":9.128493,"canPickup":true,"canDropoff":true,"openingstijden":{"ma":"07:30 - 13:00, 16:30 - 19:30","di":"07:30 - 13:00, 16:30 - 19:30","wo":"07:30 - 13:00, 16:30 - 19:30","do":"07:30 - 13:00, 16:30 - 19:30","vr":"07:30 - 13:00, 16:30 - 19:30","za":"07:30 - 13:00, 16:30 - 19:30","zo":"gesloten"}}},{"type":"Feature","geometry":{"type":"Point","coordinates":[9.133958,39.241778]},"properties":{"type":"pakketpunt","locatieNaam":"TABACCHERIA n. 178","straatNaam":"VIA MENTANA 36","straatNr":"","vervoerder":"DHL","puntType":"parcelShop","bezettingsgraad":50,"latitude":39.241778,"longitude":9.133958,"canPickup":true,"canDropoff":true,"openingstijden":{"ma":"07:00 - 13:15, 16:00 - 20:30","di":"07:00 - 13:15, 16:00 - 20:30","wo":"07:00 - 13:15, 16:00 - 20:30","do":"07:00 - 13:15, 16:00 - 20:30","vr":"07:00 - 13:15, 16:00 - 20:30","za":"07:00 - 13:15, 16:00 - 20:30","zo":"gesloten"}}},{"type":"Feature","geometry":{"type":"Point","coordinates":[9.124559,39.241877]},"properties":{"type":"pakketpunt","locatieNaam":"HELPING HAND SARDEGNA","straatNaam":"Bandiera 57/b Angolo Via Pontida 32","straatNr":"","vervoerder":"DHL","puntType":"parcelShop","bezettingsgraad":50,"latitude":39.241877,"longitude":9.124559,"canPickup":false,"canDropoff":true,"openingstijden":{"ma":"09:30 - 20:00","di":"09:30 - 20:00","wo":"09:30 - 20:00","do":"09:30 - 20:00","vr":"09:30 - 20:00","za":"10:00 - 13:00","zo":"gesloten"}}},{"type":"Feature","geometry":{"type":"Point","coordinates":[9.124594,39.24187]},"properties":{"type":"pakketpunt","locatieNaam":"HELPING HAND SARDEGNA","straatNaam":"VIA PONTIDA 32","straatNr":"","vervoerder":"DHL","puntType":"parcelShop","bezettingsgraad":50,"latitude":39.24187,"longitude":9.124594,"canPickup":true,"canDropoff":true,"openingstijden":{"ma":"09:30 - 13:30, 17:00 - 20:00","di":"09:30 - 13:30, 17:00 - 20:00","wo":"09:30 - 13:30, 17:00 - 20:00","do":"09:30 - 13:30, 17:00 - 20:00","vr":"09:30 - 13:30, 17:00 - 20:00","za":"10:00 - 13:00","zo":"gesloten"}}},{"type":"Feature","geometry":{"type":"Point","coordinates":[9.116403,39.242863]},"properties":{"type":"pakketpunt","locatieNaam":"SUPERMERCATO CONAD","straatNaam":"VIA EDWARD JENNER 1-A","straatNr":"","vervoerder":"DHL","puntType":"packStation","bezettingsgraad":50,"latitude":39.242863,"longitude":9.116403,"canPickup":true,"canDropoff":true,"openingstijden":{"ma":"08:30 - 21:00","di":"08:30 - 21:00","wo":"08:30 - 21:00","do":"08:30 - 21:00","vr":"08:30 - 21:00","za":"08:30 - 21:00","zo":"09:00 - 21:00"}}},{"type":"Feature","geometry":{"type":"Point","coordinates":[9.125584,39.239526]},"properties":{"type":"pakketpunt","locatieNaam":"TABACCHERIA N. 104","straatNaam":"VIA ALBERTO RIVA VILLASANTA 197","straatNr":"","vervoerder":"DHL","puntType":"parcelShop","bezettingsgraad":50,"latitude":39.239526,"longitude":9.125584,"canPickup":true,"canDropoff":true,"openingstijden":{"ma":"06:00 - 20:00","di":"06:00 - 20:00","wo":"06:00 - 20:00","do":"06:00 - 20:00","vr":"06:00 - 20:00","za":"06:00 - 20:00","zo":"06:00 - 20:00"}}},{"type":"Feature","geometry":{"type":"Point","coordinates":[9.120808,39.235243]},"properties":{"type":"pakketpunt","locatieNaam":"TABACCHERIA N. 210","straatNaam":"VIA DEI VALENZANI 21","straatNr":"","vervoerder":"DHL","puntType":"parcelShop","bezettingsgraad":50,"latitude":39.235243,"longitude":9.120808,"canPickup":true,"canDropoff":true,"openingstijden":{"ma":"08:30 - 20:00","di":"08:30 - 20:00","wo":"08:30 - 20:00","do":"08:30 - 20:00","vr":"08:30 - 20:00","za":"08:30 - 20:00","zo":"08:30 - 13:30"}}},{"type":"Feature","geometry":{"type":"Point","coordinates":[9.132593,39.233926]},"properties":{"type":"pakketpunt","locatieNaam":"TABACCHERIA - VIA GIOIA","straatNaam":"VIA FLAVIO GIOIA 33","straatNr":"","vervoerder":"DHL","puntType":"parcelShop","bezettingsgraad":50,"latitude":39.233926,"longitude":9.132593,"canPickup":true,"canDropoff":true,"openingstijden":{"ma":"07:00 - 13:30, 16:30 - 20:00","di":"07:00 - 13:30, 16:30 - 20:00","wo":"07:00 - 13:30, 16:30 - 20:00","do":"07:00 - 13:30, 16:30 - 20:00","vr":"07:00 - 13:30, 16:30 - 20:00","za":"07:30 - 13:00, 17:00 - 19:30","zo":"gesloten"}}},{"type":"Feature","geometry":{"type":"Point","coordinates":[9.109582,39.238395]},"properties":{"type":"pakketpunt","locatieNaam":"CARTOLERIA GIALLA","straatNaam":"VIA CORNALIAS 54-A","straatNr":"","vervoerder":"DHL","puntType":"parcelShop","bezettingsgraad":50,"latitude":39.238395,"longitude":9.109582,"canPickup":true,"canDropoff":true,"openingstijden":{"ma":"08:30 - 12:30, 16:30 - 19:30","di":"08:30 - 12:30, 16:30 - 19:30","wo":"08:30 - 12:30, 16:30 - 19:30","do":"08:30 - 12:30, 16:30 - 19:30","vr":"08:30 - 12:30, 16:30 - 19:30","za":"10:00 - 11:00","zo":"gesloten"}}},{"type":"Feature","geometry":{"type":"Point","coordinates":[9.125702,39.233222]},"properties":{"type":"pakketpunt","locatieNaam":"Ufficio Postale CAGLIARI 12","straatNaam":"VIA GIUSEPPE BIASI 25","straatNr":"","vervoerder":"DHL","puntType":"postOffice","bezettingsgraad":50,"latitude":39.233222,"longitude":9.125702,"canPickup":true,"canDropoff":true,"openingstijden":{"ma":"08:20 - 13:35","di":"08:20 - 13:35","wo":"08:20 - 13:35","do":"08:20 - 13:35","vr":"08:20 - 13:35","za":"08:20 - 12:35","zo":"gesloten"}}},{"type":"Feature","geometry":{"type":"Point","coordinates":[9.131546,39.232378]},"properties":{"type":"pakketpunt","locatieNaam":"TABACCHERIA N. 74","straatNaam":"VIA BALDASSARRE CASTIGLIONE 97","straatNr":"","vervoerder":"DHL","puntType":"parcelShop","bezettingsgraad":50,"latitude":39.232378,"longitude":9.131546,"canPickup":true,"canDropoff":true,"openingstijden":{"ma":"06:30 - 21:00","di":"06:30 - 21:00","wo":"06:30 - 21:00","do":"06:30 - 21:00","vr":"06:30 - 21:00","za":"06:30 - 21:00","zo":"08:00 - 13:00, 16:00 - 20:30"}}},{"type":"Feature","geometry":{"type":"Point","coordinates":[9.126635,39.232487]},"properties":{"type":"pakketpunt","locatieNaam":"TABACCHERIA N. 24","straatNaam":"VIA GIUSEPPE BIASI 27-D","straatNr":"","vervoerder":"DHL","puntType":"parcelShop","bezettingsgraad":50,"latitude":39.232487,"longitude":9.126635,"canPickup":true,"canDropoff":true,"openingstijden":{"ma":"07:30 - 14:00, 16:50 - 20:00","di":"07:30 - 14:00, 16:50 - 20:00","wo":"07:30 - 14:00, 16:50 - 20:00","do":"07:30 - 14:00, 16:50 - 20:00","vr":"07:30 - 14:00, 16:50 - 20:00","za":"07:30 - 12:58, 12:59 - 13:00","zo":"gesloten"}}},{"type":"Feature","geometry":{"type":"Point","coordinates":[9.105138,39.238207]},"properties":{"type":"pakketpunt","locatieNaam":"TABACCHERIA N. 187","straatNaam":"VIA CIOCIARIA 3","straatNr":"","vervoerder":"DHL","puntType":"parcelShop","bezettingsgraad":50,"latitude":39.238207,"longitude":9.105138,"canPickup":true,"canDropoff":true,"openingstijden":{"ma":"07:30 - 14:00, 16:00 - 20:30","di":"07:30 - 14:00, 16:00 - 20:30","wo":"07:30 - 14:00, 16:00 - 20:30","do":"07:30 - 14:00, 16:00 - 20:30","vr":"07:30 - 14:00, 16:00 - 20:30","za":"07:30 - 14:00, 16:00 - 20:30","zo":"07:30 - 13:00"}}},{"type":"Feature","geometry":{"type":"Point","coordinates":[9.108761,39.235914]},"properties":{"type":"pakketpunt","locatieNaam":"TABACCHERIA N. 87","straatNaam":"VIA IS MIRRIONIS 97-A","straatNr":"","vervoerder":"DHL","puntType":"parcelShop","bezettingsgraad":50,"latitude":39.235914,"longitude":9.108761,"canPickup":true,"canDropoff":true,"openingstijden":{"ma":"07:30 - 13:30, 16:30 - 20:30","di":"07:30 - 13:30, 16:30 - 20:30","wo":"07:30 - 13:30, 16:30 - 20:30","do":"07:30 - 13:30, 16:30 - 20:30","vr":"07:30 - 13:30, 16:30 - 20:30","za":"08:00 - 13:30, 16:30 - 20:30","zo":"gesloten"}}},{"type":"Feature","geometry":{"type":"Point","coordinates":[9.101353,39.225851]},"properties":{"type":"pakketpunt","locatieNaam":"TABACCHERIA N. 108","straatNaam":"VIALE TRENTO 89","straatNr":"","vervoerder":"DHL","puntType":"parcelShop","bezettingsgraad":50,"latitude":39.225851,"longitude":9.101353,"canPickup":true,"canDropoff":true,"openingstijden":{"ma":"07:30 - 19:30","di":"07:30 - 19:30","wo":"07:30 - 19:30","do":"07:30 - 19:30","vr":"07:30 - 19:30","za":"07:30 - 19:30","zo":"00:08 - 00:12"}}},{"type":"Feature","geometry":{"type":"Point","coordinates":[9.098217,39.22834]},"properties":{"type":"pakketpunt","locatieNaam":"TABACCHERIA N. 75","straatNaam":"VIA SANTA GILLA 43","straatNr":"","vervoerder":"DHL","puntType":"parcelShop","bezettingsgraad":50,"latitude":39.22834,"longitude":9.098217,"canPickup":true,"canDropoff":true,"openingstijden":{"ma":"07:00 - 20:00","di":"07:00 - 20:00","wo":"07:00 - 20:00","do":"07:00 - 20:00","vr":"07:00 - 20:00","za":"07:00 - 20:00","zo":"gesloten"}}},{"type":"Feature","geometry":{"type":"Point","coordinates":[9.104399,39.231434]},"properties":{"type":"pakketpunt","locatieNaam":"Kipoint Via Is Maglias","straatNaam":"VIA IS MAGLIAS 119","straatNr":"","vervoerder":"DHL","puntType":"parcelShop","bezettingsgraad":50,"latitude":39.231434,"longitude":9.104399,"canPickup":true,"canDropoff":true,"openingstijden":{"ma":"09:30 - 16:30","di":"09:30 - 16:30","wo":"09:30 - 16:30","do":"09:30 - 16:30","vr":"09:30 - 14:00","za":"gesloten","zo":"gesloten"}}},{"type":"Feature","geometry":{"type":"Point","coordinates":[9.098975,39.234377]},"properties":{"type":"pakketpunt","locatieNaam":"TABACCHERIA N. 181","straatNaam":"VIA COL DI LANA 7-A","straatNr":"","vervoerder":"DHL","puntType":"parcelShop","bezettingsgraad":50,"latitude":39.234377,"longitude":9.098975,"canPickup":true,"canDropoff":true,"openingstijden":{"ma":"07:30 - 20:30","di":"07:30 - 20:30","wo":"07:30 - 20:30","do":"07:30 - 20:30","vr":"07:30 - 20:30","za":"07:30 - 20:30","zo":"gesloten"}}},{"type":"Feature","geometry":{"type":"Point","coordinates":[9.10158,39.234493]},"properties":{"type":"pakketpunt","locatieNaam":"TABACCHERIA N. 135","straatNaam":"VIA DOBERDO 4-A","straatNr":"","vervoerder":"DHL","puntType":"parcelShop","bezettingsgraad":50,"latitude":39.234493,"longitude":9.10158,"canPickup":true,"canDropoff":true,"openingstijden":{"ma":"07:15 - 12:45, 15:30 - 19:30","di":"07:15 - 12:45, 15:30 - 19:30","wo":"07:15 - 12:45, 15:30 - 19:30","do":"07:15 - 12:45, 15:30 - 19:30","vr":"07:15 - 12:45, 15:30 - 19:30","za":"07:15 - 12:45","zo":"gesloten"}}},{"type":"Feature","geometry":{"type":"Point","coordinates":[9.117058,39.229799]},"properties":{"type":"pakketpunt","locatieNaam":"Ufficio Postale CAGLIARI 11","straatNaam":"VIA LIGURIA 36","straatNr":"","vervoerder":"DHL","puntType":"postOffice","bezettingsgraad":50,"latitude":39.229799,"longitude":9.117058,"canPickup":true,"canDropoff":true,"openingstijden":{"ma":"08:20 - 13:35","di":"08:20 - 13:35","wo":"08:20 - 13:35","do":"08:20 - 13:35","vr":"08:20 - 13:35","za":"08:20 - 12:35","zo":"gesloten"}}},{"type":"Feature","geometry":{"type":"Point","coordinates":[9.112994,39.232885]},"properties":{"type":"pakketpunt","locatieNaam":"TABACCHERIA N. 182","straatNaam":"VIA CAMPANIA 12-A","straatNr":"","vervoerder":"DHL","puntType":"parcelShop","bezettingsgraad":50,"latitude":39.232885,"longitude":9.112994,"canPickup":true,"canDropoff":true,"openingstijden":{"ma":"07:30 - 13:30, 16:00 - 20:00","di":"07:30 - 13:30, 16:00 - 20:00","wo":"07:30 - 13:30, 16:00 - 20:00","do":"07:30 - 13:30, 16:00 - 20:00","vr":"07:30 - 13:30, 16:00 - 20:00","za":"07:30 - 13:30, 16:00 - 20:00","zo":"gesloten"}}},{"type":"Feature","geometry":{"type":"Point","coordinates":[9.101373,39.2368]},"properties":{"type":"pakketpunt","locatieNaam":"CARTOLERIA OLTRE LA FAVOLA","straatNaam":"VIA REDIPUGLIA 46","straatNr":"","vervoerder":"DHL","puntType":"parcelShop","bezettingsgraad":50,"latitude":39.2368,"longitude":9.101373,"canPickup":true,"canDropoff":true,"openingstijden":{"ma":"08:30 - 12:30, 16:30 - 19:30","di":"16:30 - 19:30","wo":"08:30 - 12:30, 16:30 - 19:30","do":"08:30 - 12:30, 16:30 - 19:30","vr":"08:30 - 12:30, 16:30 - 19:30","za":"09:00 - 12:30","zo":"gesloten"}}},{"type":"Feature","geometry":{"type":"Point","coordinates":[9.1015,39.2366]},"properties":{"type":"pakketpunt","locatieNaam":"CARTOLERIA OLTRE LA FAVOLA","straatNaam":"Via Redipuglia, 46 A-B","straatNr":"","vervoerder":"DHL","puntType":"parcelShop","bezettingsgraad":50,"latitude":39.2366,"longitude":9.1015,"canPickup":false,"canDropoff":true,"openingstijden":{"ma":"08:30 - 19:30","di":"08:30 - 19:30","wo":"08:30 - 19:30","do":"08:30 - 19:30","vr":"08:30 - 19:30","za":"gesloten","zo":"gesloten"}}},{"type":"Feature","geometry":{"type":"Point","coordinates":[9.10286,39.236757]},"properties":{"type":"pakketpunt","locatieNaam":"Ufficio Postale CAGLIARI 9","straatNaam":"VIA MONTE SANTO 30","straatNr":"","vervoerder":"DHL","puntType":"postOffice","bezettingsgraad":50,"latitude":39.236757,"longitude":9.10286,"canPickup":true,"canDropoff":true,"openingstijden":{"ma":"08:20 - 19:05","di":"08:20 - 19:05","wo":"08:20 - 19:05","do":"08:20 - 19:05","vr":"08:20 - 19:05","za":"08:20 - 12:35","zo":"gesloten"}}},{"type":"Feature","geometry":{"type":"Point","coordinates":[9.109871,39.235228]},"properties":{"type":"pakketpunt","locatieNaam":"VODAFONE IS MIRRIONIS","straatNaam":"Via Is Mirrionis, 67","straatNr":"","vervoerder":"DHL","puntType":"parcelShop","bezettingsgraad":50,"latitude":39.235228,"longitude":9.109871,"canPickup":false,"canDropoff":true,"openingstijden":{"ma":"09:00 - 20:00","di":"09:00 - 20:00","wo":"09:00 - 20:00","do":"09:00 - 20:00","vr":"09:00 - 20:00","za":"09:00 - 20:00","zo":"gesloten"}}},{"type":"Feature","geometry":{"type":"Point","coordinates":[9.110924,39.234336]},"properties":{"type":"pakketpunt","locatieNaam":"TABACCHERIA N. 158","straatNaam":"VIA IS MIRRIONIS 19","straatNr":"","vervoerder":"DHL","puntType":"parcelShop","bezettingsgraad":50,"latitude":39.234336,"longitude":9.110924,"canPickup":true,"canDropoff":true,"openingstijden":{"ma":"08:00 - 20:30","di":"08:00 - 20:30","wo":"08:00 - 20:30","do":"08:00 - 20:30","vr":"08:00 - 20:30","za":"08:00 - 20:30","zo":"09:30 - 13:30"}}},{"type":"Feature","geometry":{"type":"Point","coordinates":[9.123286,39.230436]},"properties":{"type":"pakketpunt","locatieNaam":"TABACCHERIA N. 16","straatNaam":"VIA DEI DONORATICO 39","straatNr":"","vervoerder":"DHL","puntType":"parcelShop","bezettingsgraad":50,"latitude":39.230436,"longitude":9.123286,"canPickup":true,"canDropoff":true,"openingstijden":{"ma":"07:30 - 12:50, 16:00 - 19:50","di":"07:30 - 12:50, 16:00 - 19:50","wo":"07:30 - 12:50, 16:00 - 19:50","do":"07:30 - 12:50, 16:00 - 19:50","vr":"07:30 - 12:50, 16:00 - 19:50","za":"07:30 - 12:50, 16:00 - 19:50","zo":"gesloten"}}},{"type":"Feature","geometry":{"type":"Point","coordinates":[9.124342,39.228686]},"properties":{"type":"pakketpunt","locatieNaam":"TABACCHERIA N. 111","straatNaam":"PIAZZA GIOVANNI XXIII 11","straatNr":"","vervoerder":"DHL","puntType":"parcelShop","bezettingsgraad":50,"latitude":39.228686,"longitude":9.124342,"canPickup":true,"canDropoff":true,"openingstijden":{"ma":"07:00 - 20:00","di":"07:00 - 20:00","wo":"07:00 - 20:00","do":"07:00 - 20:00","vr":"07:00 - 20:00","za":"08:00 - 13:00, 17:00 - 20:00","zo":"gesloten"}}},{"type":"Feature","geometry":{"type":"Point","coordinates":[9.142866,39.2009]},"properties":{"type":"pakketpunt","locatieNaam":"Amazon Locker - Malio","straatNaam":"Tuttigiorni Campioni d'Italia Cagliari","straatNr":"","vervoerder":"Amazon","puntType":"locker","bezettingsgraad":50,"latitude":39.2009,"longitude":9.142866,"canPickup":true,"canDropoff":false,"openingstijden":null}},{"type":"Feature","geometry":{"type":"Point","coordinates":[9.120055,39.240913]},"properties":{"type":"pakketpunt","locatieNaam":"Amazon Locker - adige","straatNaam":"SuperSardissimi / 1195","straatNr":"","vervoerder":"Amazon","puntType":"locker","bezettingsgraad":50,"latitude":39.240913,"longitude":9.120055,"canPickup":true,"canDropoff":false,"openingstijden":null}},{"type":"Feature","geometry":{"type":"Point","coordinates":[9.1332811,39.2199277]},"properties":{"type":"pakketpunt","locatieNaam":"Amazon Counter - BAR MONTE URPINU","straatNaam":"VIA VITTORIO ANGIUS 33","straatNr":"","vervoerder":"Amazon","puntType":"helix","bezettingsgraad":50,"latitude":39.2199277,"longitude":9.1332811,"canPickup":true,"canDropoff":false,"openingstijden":null}},{"type":"Feature","geometry":{"type":"Point","coordinates":[9.0919476,39.2312963]},"properties":{"type":"pakketpunt","locatieNaam":"Giunti al Punto","straatNaam":"Via San Simone, 60 Santa Gilla","straatNr":"","vervoerder":"Amazon","puntType":"helix","bezettingsgraad":50,"latitude":39.2312963,"longitude":9.0919476,"canPickup":true,"canDropoff":false,"openingstijden":null}},{"type":"Feature","geometry":{"type":"Point","coordinates":[9.113801,39.218686]},"properties":{"type":"pakketpunt","locatieNaam":"Amazon Locker - tanuccio","straatNaam":"Fox h24 Food e Drink Margherita","straatNr":"","vervoerder":"Amazon","puntType":"locker","bezettingsgraad":50,"latitude":39.218686,"longitude":9.113801,"canPickup":true,"canDropoff":false,"openingstijden":null}},{"type":"Feature","geometry":{"type":"Point","coordinates":[9.148989,39.197881]},"properties":{"type":"pakketpunt","locatieNaam":"Amazon Counter - Drogheria siddi","straatNaam":"Viale Poetto 76/B","straatNr":"","vervoerder":"Amazon","puntType":"helix","bezettingsgraad":50,"latitude":39.197881,"longitude":9.148989,"canPickup":true,"canDropoff":false,"openingstijden":null}},{"type":"Feature","geometry":{"type":"Point","coordinates":[9.1267467,39.227184]},"properties":{"type":"pakketpunt","locatieNaam":"Amazon Locker - maghinardo","straatNaam":"COOP Cagliari Giovanni XXIII","straatNr":"","vervoerder":"Amazon","puntType":"locker","bezettingsgraad":50,"latitude":39.227184,"longitude":9.1267467,"canPickup":true,"canDropoff":false,"openingstijden":null}},{"type":"Feature","geometry":{"type":"Point","coordinates":[9.11613,39.21963]},"properties":{"type":"pakketpunt","locatieNaam":"Amazon Counter - majola","straatNaam":"Via Alberto La marmora, 117","straatNr":"","vervoerder":"Amazon","puntType":"helix","bezettingsgraad":50,"latitude":39.21963,"longitude":9.11613,"canPickup":true,"canDropoff":false,"openingstijden":null}},{"type":"Feature","geometry":{"type":"Point","coordinates":[9.124673,39.228494]},"properties":{"type":"pakketpunt","locatieNaam":"Amazon Locker - manon","straatNaam":"Express Wash Macla Cagliari","straatNr":"","vervoerder":"Amazon","puntType":"locker","bezettingsgraad":50,"latitude":39.228494,"longitude":9.124673,"canPickup":true,"canDropoff":false,"openingstijden":null}},{"type":"Feature","geometry":{"type":"Point","coordinates":[9.102866,39.233053]},"properties":{"type":"pakketpunt","locatieNaam":"Amazon Locker - ortella","straatNaam":"Stazione Tamoil - PV 8209","straatNr":"","vervoerder":"Amazon","puntType":"locker","bezettingsgraad":50,"latitude":39.233053,"longitude":9.102866,"canPickup":true,"canDropoff":false,"openingstijden":null}},{"type":"Feature","geometry":{"type":"Point","coordinates":[9.12278,39.21431]},"properties":{"type":"pakketpunt","locatieNaam":"Amazon Counter - PRIMAEDICOLA","straatNaam":"FRA.RO. DI BACHIS ROBERTO","straatNr":"","vervoerder":"Amazon","puntType":"helix","bezettingsgraad":50,"latitude":39.21431,"longitude":9.12278,"canPickup":true,"canDropoff":false,"openingstijden":null}},{"type":"Feature","geometry":{"type":"Point","coordinates":[9.123593,39.230227]},"properties":{"type":"pakketpunt","locatieNaam":"Amazon Locker - liduino","straatNaam":"Cibarium Self H24 Cagliari","straatNr":"","vervoerder":"Amazon","puntType":"locker","bezettingsgraad":50,"latitude":39.230227,"longitude":9.123593,"canPickup":true,"canDropoff":false,"openingstijden":null}},{"type":"Feature","geometry":{"type":"Point","coordinates":[9.13932,39.1933]},"properties":{"type":"pakketpunt","locatieNaam":"PuntoPoste TABACCHERIA N. 99","straatNaam":"VIA PIETRO SCHIAVAZZI 75/A","straatNr":"","vervoerder":"Amazon","puntType":"3p","bezettingsgraad":50,"latitude":39.1933,"longitude":9.13932,"canPickup":true,"canDropoff":false,"openingstijden":null}},{"type":"Feature","geometry":{"type":"Point","coordinates":[9.100082,39.227132]},"properties":{"type":"pakketpunt","locatieNaam":"Amazon Locker - abelina","straatNaam":"Macla h24","straatNr":"","vervoerder":"Amazon","puntType":"locker","bezettingsgraad":50,"latitude":39.227132,"longitude":9.100082,"canPickup":true,"canDropoff":false,"openingstijden":null}},{"type":"Feature","geometry":{"type":"Point","coordinates":[9.133507,39.208072]},"properties":{"type":"pakketpunt","locatieNaam":"Amazon Counter (fermopoint)","straatNaam":"Tabacchi Marongiu Daniela","straatNr":"","vervoerder":"Amazon","puntType":"helix","bezettingsgraad":50,"latitude":39.208072,"longitude":9.133507,"canPickup":true,"canDropoff":false,"openingstijden":null}},{"type":"Feature","geometry":{"type":"Point","coordinates":[9.1038426,39.2153943]},"properties":{"type":"pakketpunt","locatieNaam":"Amazon Locker - vivante","straatNaam":"Centro Commerciale La Plaia Cagliari","straatNr":"","vervoerder":"Amazon","puntType":"locker","bezettingsgraad":50,"latitude":39.2153943,"longitude":9.1038426,"canPickup":true,"canDropoff":false,"openingstijden":null}},{"type":"Feature","geometry":{"type":"Point","coordinates":[9.1192257,39.2482422]},"properties":{"type":"pakketpunt","locatieNaam":"Amazon Locker - ernestino","straatNaam":"SuperSardissimi COOP Pirri","straatNr":"","vervoerder":"Amazon","puntType":"locker","bezettingsgraad":50,"latitude":39.2482422,"longitude":9.1192257,"canPickup":true,"canDropoff":false,"openingstijden":null}},{"type":"Feature","geometry":{"type":"Point","coordinates":[9.16005,39.20148]},"properties":{"type":"pakketpunt","locatieNaam":"Amazon Locker - bertram","straatNaam":"Crai - Cagliari","straatNr":"","vervoerder":"Amazon","puntType":"locker","bezettingsgraad":50,"latitude":39.20148,"longitude":9.16005,"canPickup":true,"canDropoff":false,"openingstijden":null}},{"type":"Feature","geometry":{"type":"Point","coordinates":[9.107211,39.214478]},"properties":{"type":"pakketpunt","locatieNaam":"Amazon Counter - Enilive Station (n.07581)","straatNaam":"VIALE LA PLAIA 1","straatNr":"","vervoerder":"Amazon","puntType":"helix","bezettingsgraad":50,"latitude":39.214478,"longitude":9.107211,"canPickup":true,"canDropoff":false,"openingstijden":null}},{"type":"Feature","geometry":{"type":"Point","coordinates":[9.106575,39.214412]},"properties":{"type":"pakketpunt","locatieNaam":"Amazon Counter","straatNaam":"Tabaccheria F (fermopoint)","straatNr":"","vervoerder":"Amazon","puntType":"helix","bezettingsgraad":50,"latitude":39.214412,"longitude":9.106575,"canPickup":true,"canDropoff":false,"openingstijden":null}},{"type":"Feature","geometry":{"type":"Point","coordinates":[9.0919881,39.2316414]},"properties":{"type":"pakketpunt","locatieNaam":"Amazon Locker - siro","straatNaam":"CC Porte i Fenicotteri Cagliari","straatNr":"","vervoerder":"Amazon","puntType":"locker","bezettingsgraad":50,"latitude":39.2316414,"longitude":9.0919881,"canPickup":true,"canDropoff":false,"openingstijden":null}},{"type":"Feature","geometry":{"type":"Point","coordinates":[9.116013,39.215678]},"properties":{"type":"pakketpunt","locatieNaam":"Amazon Counter - NON SOLO FUMO","straatNaam":"PIAZZA MARTIRI D'ITALIA 8","straatNr":"","vervoerder":"Amazon","puntType":"helix","bezettingsgraad":50,"latitude":39.215678,"longitude":9.116013,"canPickup":true,"canDropoff":false,"openingstijden":null}},{"type":"Feature","geometry":{"type":"Point","coordinates":[9.0981968,39.2283731]},"properties":{"type":"pakketpunt","locatieNaam":"Amazon Counter (fermopoint)","straatNaam":"Tabaccheria Boi Matteo","straatNr":"","vervoerder":"Amazon","puntType":"helix","bezettingsgraad":50,"latitude":39.2283731,"longitude":9.0981968,"canPickup":true,"canDropoff":false,"openingstijden":null}},{"type":"Feature","geometry":{"type":"Point","coordinates":[9.103669,39.2198855]},"properties":{"type":"pakketpunt","locatieNaam":"Amazon Locker - altabella","straatNaam":"SuperSardissimi - Coop Cagliari Viale Trieste","straatNr":"","vervoerder":"Amazon","puntType":"locker","bezettingsgraad":50,"latitude":39.2198855,"longitude":9.103669,"canPickup":true,"canDropoff":false,"openingstijden":null}},{"type":"Feature","geometry":{"type":"Point","coordinates":[9.14453,39.2043]},"properties":{"type":"pakketpunt","locatieNaam":"PuntoPoste TABACCHERIA N. 151","straatNaam":"VIA EURO 9","straatNr":"","vervoerder":"Amazon","puntType":"3p","bezettingsgraad":50,"latitude":39.2043,"longitude":9.14453,"canPickup":true,"canDropoff":false,"openingstijden":null}},{"type":"Feature","geometry":{"type":"Point","coordinates":[9.078211,39.269864]},"properties":{"type":"pakketpunt","locatieNaam":"Amazon Locker - elmas","straatNaam":"Servizio Clienti Amazon - CS CAG10","straatNr":"","vervoerder":"Amazon","puntType":"locker","bezettingsgraad":50,"latitude":39.269864,"longitude":9.078211,"canPickup":true,"canDropoff":false,"openingstijden":null}},{"type":"Feature","geometry":{"type":"MultiPolygon","coordinates":[[[[9.017746,39.2673915],[9.0179449,39.2674517],[9.0190344,39.2668713],[9.0194557,39.2668141],[9.0201189,39.2668587],[9.0202779,39.2666833],[9.0203667,39.2663301],[9.020496,39.2662292],[9.021435,39.266475],[9.0215889,39.2666458],[9.0223557,39.2668765],[9.0228555,39.2668008],[9.0237284,39.2670448],[9.0242395,39.2670195],[9.0247792,39.2668498],[9.0251284,39.2668305],[9.026154,39.2671435],[9.0271951,39.2671692],[9.0281915,39.2674357],[9.0289947,39.2672707],[9.030167,39.2667991],[9.0305201,39.2667536],[9.0312641,39.2667848],[9.0312906,39.2670441],[9.0311991,39.2668895],[9.0307524,39.2668596],[9.0306535,39.2670253],[9.0306056,39.266864],[9.0304656,39.2668451],[9.0300265,39.2669305],[9.0298012,39.2670758],[9.0321002,39.2671211],[9.0325925,39.2672003],[9.0332039,39.2670891],[9.0337295,39.2672991],[9.036084,39.2673218],[9.0363226,39.267226],[9.0363787,39.2669821],[9.0362476,39.266639],[9.0363457,39.2662532],[9.0370007,39.2662879],[9.0371822,39.2662089],[9.0370967,39.2660944],[9.037144,39.266014],[9.0380854,39.2654263],[9.0386405,39.2647572],[9.0384953,39.2644665],[9.0388393,39.2641856],[9.0386657,39.2640624],[9.0391737,39.2636168],[9.0393252,39.2637249],[9.0396519,39.2634701],[9.039972,39.2633571],[9.040118,39.26181],[9.0396601,39.2617168],[9.0394847,39.261508],[9.0394837,39.2612276],[9.0396186,39.2609627],[9.0401461,39.260717],[9.0446215,39.2567366],[9.0455494,39.2559697],[9.0464875,39.2553906],[9.0469721,39.2548307],[9.0478627,39.2540273],[9.0482419,39.2537865],[9.0496784,39.252395],[9.0498542,39.2520205],[9.0498455,39.2517861],[9.0489724,39.2484013],[9.0489779,39.2480822],[9.0490887,39.2478623],[9.048683,39.2464998],[9.0486037,39.2464811],[9.0486741,39.2464693],[9.0483815,39.2454278],[9.0484482,39.2450181],[9.0487232,39.2446985],[9.0500551,39.2440078],[9.0501448,39.2438539],[9.0503531,39.2438641],[9.0529041,39.2426342],[9.052863,39.2425747],[9.0529431,39.2425355],[9.05299,39.2425928],[9.0542166,39.2420014],[9.0541696,39.2419361],[9.0542517,39.241896],[9.0542997,39.2419613],[9.0556834,39.2412942],[9.0557927,39.2411315],[9.0559134,39.2410992],[9.0559281,39.2409682],[9.0570679,39.2406203],[9.0596914,39.2396223],[9.0620264,39.2389653],[9.0630717,39.2383453],[9.0633672,39.2383043],[9.0642447,39.2383965],[9.0659165,39.2381633],[9.0675862,39.2380742],[9.067915,39.2382696],[9.0679939,39.2385883],[9.0678101,39.2386777],[9.0676102,39.2385612],[9.067418,39.2387986],[9.0670836,39.2389063],[9.0665327,39.239296],[9.0669605,39.2393237],[9.0672064,39.2398745],[9.0670549,39.2400348],[9.0667045,39.2401926],[9.0663857,39.2406822],[9.0660982,39.2408099],[9.0667777,39.2413445],[9.0662742,39.2418012],[9.0663779,39.2419833],[9.0667887,39.242233],[9.0668901,39.2425367],[9.0668001,39.2427368],[9.0670557,39.243185],[9.0676646,39.2434757],[9.06803,39.2434367],[9.0686537,39.2436077],[9.0702589,39.2444381],[9.0706979,39.2445338],[9.0709015,39.2449247],[9.0716185,39.2453102],[9.0723522,39.2453472],[9.074056,39.2456286],[9.0744886,39.2458092],[9.0749461,39.2457015],[9.0753461,39.2458575],[9.0760199,39.2457565],[9.0760351,39.2458463],[9.0758356,39.2461607],[9.0758844,39.2465042],[9.0759822,39.2465912],[9.077039,39.2467735],[9.0774403,39.246666],[9.0779675,39.2469005],[9.0788439,39.2475135],[9.0793278,39.2485712],[9.0796291,39.2488306],[9.0796643,39.2489472],[9.0799431,39.2488609],[9.0803516,39.2475416],[9.0804818,39.2474694],[9.0832609,39.2516615],[9.083478,39.251823],[9.0837857,39.2525944],[9.0847542,39.2542476],[9.084438,39.2547108],[9.0841781,39.255464],[9.0836948,39.2559498],[9.0824484,39.2568343],[9.0817784,39.2574582],[9.0808112,39.2586174],[9.0801234,39.2602764],[9.0798405,39.2605959],[9.0798719,39.2608369],[9.0790539,39.2626126],[9.0789307,39.2632621],[9.0785769,39.2642912],[9.0772939,39.2663674],[9.0766919,39.26768],[9.07748,39.268036],[9.0771569,39.2682389],[9.0767249,39.2687573],[9.0753189,39.271056],[9.0792807,39.2710416],[9.0811526,39.270721],[9.0812752,39.270914],[9.0821188,39.2709093],[9.0818641,39.2713709],[9.0818491,39.2715878],[9.0820541,39.2717661],[9.0820816,39.272099],[9.0826711,39.2724222],[9.083058,39.2725066],[9.083429,39.2724703],[9.0839388,39.2726891],[9.0837847,39.2730484],[9.0836007,39.2742993],[9.0834008,39.275022],[9.0833208,39.2759834],[9.0855188,39.276522],[9.0858149,39.2772004],[9.0858007,39.2774397],[9.0864189,39.2778941],[9.0868362,39.2780224],[9.0872921,39.2787294],[9.0880793,39.279497],[9.0884966,39.2797954],[9.0892534,39.2800801],[9.0896124,39.2804915],[9.0895409,39.2806695],[9.0901144,39.2809479],[9.0908601,39.2814799],[9.0913741,39.281648],[9.0919332,39.2819974],[9.0924478,39.2820195],[9.0932502,39.2822413],[9.093888,39.2824578],[9.0941395,39.2826515],[9.0948681,39.2825401],[9.0953109,39.282764],[9.0960122,39.2813678],[9.0965102,39.2814744],[9.0982339,39.2815328],[9.0983993,39.2809395],[9.098387,39.2804551],[9.0985479,39.2794047],[9.0989574,39.2779344],[9.0990252,39.2772079],[9.0995229,39.2775075],[9.0998872,39.277857],[9.1008338,39.2766499],[9.1008935,39.2766911],[9.1020672,39.2757511],[9.1026928,39.2754549],[9.1027018,39.2747532],[9.102271,39.2744309],[9.1017808,39.2736513],[9.1028945,39.2726636],[9.1035801,39.2722891],[9.103655,39.2712545],[9.1040606,39.2694232],[9.1049766,39.2691064],[9.1054644,39.268219],[9.107047,39.2660302],[9.1074571,39.2650898],[9.1070199,39.2653566],[9.1060852,39.2657266],[9.1052194,39.2654622],[9.1043381,39.2649136],[9.1037261,39.2643935],[9.1016501,39.2633948],[9.1023535,39.2600961],[9.1020125,39.2560439],[9.1023058,39.2549781],[9.102441,39.2538263],[9.1028315,39.2518331],[9.1030192,39.2516919],[9.1038121,39.251411],[9.1055963,39.251003],[9.107367,39.2502265],[9.1085109,39.2498335],[9.1089735,39.2506243],[9.1117398,39.253175],[9.112937,39.254694],[9.1132537,39.2556455],[9.1137166,39.2580064],[9.1140481,39.2590874],[9.1141274,39.2592551],[9.1143394,39.2593189],[9.1153076,39.260248],[9.1146072,39.2608814],[9.1153459,39.2612966],[9.1154604,39.2614427],[9.1166499,39.2637115],[9.1176636,39.2638123],[9.121881,39.2627176],[9.1235809,39.2620896],[9.1246841,39.2615703],[9.1252834,39.2611657],[9.1258274,39.2605046],[9.1274428,39.258052],[9.1299158,39.2559693],[9.1338714,39.2531614],[9.1351942,39.2524711],[9.1357527,39.2522823],[9.1356837,39.2522321],[9.1393088,39.2511061],[9.1404472,39.2506317],[9.1428017,39.2490581],[9.1444322,39.2483713],[9.1450139,39.2480484],[9.1472018,39.2472798],[9.148444,39.2469358],[9.149402,39.2464615],[9.1510718,39.2459254],[9.1521714,39.2453203],[9.1524942,39.2452185],[9.1533646,39.2444451],[9.154574,39.2440984],[9.1553255,39.2436395],[9.1554065,39.2432562],[9.1544869,39.243521],[9.1515676,39.2175275],[9.1537645,39.21881],[9.160915,39.2237208],[9.1625137,39.222248],[9.1642701,39.2200812],[9.1647247,39.2192446],[9.1679826,39.2209032],[9.1759192,39.2237197],[9.1786764,39.2248431],[9.1809627,39.2178933],[9.1818367,39.2165401],[9.178935,39.2148787],[9.174005,39.2115356],[9.1712069,39.209219],[9.1696044,39.2077526],[9.1668414,39.2056724],[9.1648882,39.203894],[9.1624966,39.2011261],[9.1608537,39.1986822],[9.1606945,39.1983017],[9.1607184,39.1981554],[9.1606203,39.1981385],[9.1599927,39.1959723],[9.1597997,39.1950245],[9.1597967,39.1943926],[9.1598799,39.1940033],[9.1601553,39.1935633],[9.1606749,39.1932056],[9.1617573,39.19292],[9.1618368,39.192816],[9.1620276,39.1928412],[9.1621547,39.1929684],[9.1621089,39.1930303],[9.1624641,39.1931956],[9.1626866,39.1930947],[9.1628613,39.1928664],[9.162956,39.1928611],[9.1629699,39.1926579],[9.1627566,39.1925874],[9.1624336,39.1927347],[9.1619245,39.1925035],[9.1621843,39.1922867],[9.1621524,39.1919912],[9.1639812,39.1912649],[9.1642326,39.1913657],[9.1643287,39.191244],[9.1643989,39.1912726],[9.1643065,39.1913944],[9.1645533,39.1914927],[9.1646991,39.1921135],[9.1646128,39.1923707],[9.1635906,39.1932091],[9.1635877,39.1932691],[9.1638109,39.193317],[9.1649377,39.1922841],[9.1646503,39.1911951],[9.1647163,39.1911028],[9.1651604,39.1908986],[9.1658711,39.1908471],[9.166493,39.1906875],[9.1673962,39.190688],[9.1680037,39.1904161],[9.1683929,39.1901288],[9.1689164,39.1890526],[9.1690079,39.1885048],[9.1688666,39.1882305],[9.1683959,39.1878299],[9.1677943,39.1875921],[9.1674451,39.18726],[9.167225,39.186924],[9.1671772,39.1866572],[9.1670798,39.1866484],[9.1666867,39.1862745],[9.1661466,39.1855613],[9.1660302,39.1852892],[9.1659427,39.1852213],[9.1654629,39.185262],[9.1652985,39.185162],[9.164916,39.185146],[9.1646709,39.1849452],[9.1645889,39.1846575],[9.1644281,39.1845387],[9.1643775,39.1843615],[9.1641922,39.1842677],[9.1638996,39.1842826],[9.1638433,39.1841253],[9.163947,39.1839497],[9.163906,39.1838011],[9.1637778,39.1837772],[9.1637605,39.1836502],[9.163961,39.1833636],[9.1644576,39.183106],[9.1644906,39.182475],[9.1643502,39.1820875],[9.164186,39.1821108],[9.1639224,39.1823509],[9.1638073,39.1823676],[9.163696,39.182325],[9.1636038,39.182092],[9.1633212,39.182234],[9.1630866,39.182118],[9.162911,39.1821769],[9.1627901,39.1820109],[9.1627039,39.1820323],[9.1624856,39.1821839],[9.162405,39.1824012],[9.1618974,39.1826431],[9.1617428,39.1829807],[9.1614197,39.183242],[9.1611302,39.1833608],[9.1608101,39.1832864],[9.1608047,39.1831803],[9.1605765,39.1829453],[9.160373,39.1830213],[9.1602921,39.1828972],[9.1605198,39.1825666],[9.1604371,39.1823843],[9.1602349,39.1823035],[9.1603302,39.1821998],[9.1602554,39.1820423],[9.1607767,39.1816785],[9.1607756,39.1814079],[9.1606737,39.1813072],[9.1604197,39.1812943],[9.1602602,39.1810976],[9.1601488,39.1811654],[9.1600566,39.1811123],[9.1601217,39.1810066],[9.1599122,39.1807828],[9.1597668,39.1807306],[9.1596484,39.1808084],[9.1594196,39.1807138],[9.158637,39.1809599],[9.1585539,39.1811961],[9.1588373,39.1814648],[9.1588857,39.1816942],[9.1586922,39.1819941],[9.1585448,39.1820003],[9.1582721,39.1822658],[9.1577579,39.1825622],[9.1571391,39.1825691],[9.1569876,39.1826577],[9.1568407,39.1829708],[9.1565715,39.1829712],[9.1562554,39.1831494],[9.1560353,39.1833993],[9.1559352,39.1838431],[9.155765,39.1839651],[9.1555952,39.1839414],[9.1555867,39.1840941],[9.1544127,39.1847866],[9.1542646,39.1849068],[9.1541839,39.1851186],[9.1532192,39.1852217],[9.1532117,39.1856534],[9.1531036,39.1859639],[9.1526405,39.186188],[9.1518085,39.1864055],[9.151353,39.1863204],[9.1510641,39.1860098],[9.1507225,39.1859816],[9.1502447,39.1857363],[9.1493588,39.1846511],[9.1493137,39.1844708],[9.1489892,39.1843581],[9.1488072,39.1841932],[9.148978,39.1838763],[9.148828,39.1834117],[9.1482332,39.1832664],[9.148152,39.1831297],[9.1477735,39.1829411],[9.147581,39.1830293],[9.1476001,39.1827336],[9.1468066,39.1829208],[9.146603,39.1830726],[9.1466239,39.1832506],[9.1464161,39.1833989],[9.1458474,39.1842457],[9.1445393,39.1854568],[9.1438956,39.1856253],[9.1428942,39.186024],[9.1415865,39.1866935],[9.1413256,39.1870327],[9.1413118,39.1873018],[9.1392706,39.1897405],[9.1383593,39.1906582],[9.13759,39.1912972],[9.1368033,39.1913202],[9.1352038,39.1911955],[9.134669,39.1912908],[9.1341627,39.1915879],[9.1340964,39.1917786],[9.1343046,39.191797],[9.1343591,39.1916209],[9.1346761,39.191421],[9.1352511,39.1913128],[9.1354167,39.1913367],[9.1354688,39.1916759],[9.1356723,39.1913789],[9.1372312,39.1915931],[9.1353029,39.1931507],[9.1351126,39.1931989],[9.1349617,39.1932074],[9.1345626,39.1928955],[9.1346359,39.1921913],[9.1349127,39.1920207],[9.1347329,39.1919547],[9.1345602,39.1920537],[9.1344419,39.1922353],[9.1343085,39.1929752],[9.1350334,39.1934438],[9.1351134,39.1933962],[9.1353711,39.1936249],[9.1351376,39.1938025],[9.1349091,39.1936496],[9.13495,39.1935712],[9.1346858,39.1934434],[9.1347888,39.193558],[9.1314757,39.1963874],[9.1290261,39.1994773],[9.1281789,39.199846],[9.1227564,39.1996434],[9.1220748,39.1995361],[9.1218547,39.1996186],[9.1147791,39.1992829],[9.1096996,39.1953555],[9.1094699,39.195346],[9.109345,39.1955044],[9.1094177,39.1956612],[9.1097733,39.1956585],[9.114448,39.1993517],[9.1146334,39.1995839],[9.11485,39.1994937],[9.1159334,39.1995411],[9.115929,39.1997518],[9.1161646,39.1997653],[9.1161966,39.1995568],[9.1166226,39.1995726],[9.1166255,39.1997822],[9.1168611,39.1997924],[9.1168742,39.1995839],[9.1173366,39.1996008],[9.1173191,39.1998138],[9.1175591,39.1998273],[9.1175749,39.1996155],[9.1281734,39.2000896],[9.1283029,39.2001354],[9.128347,39.2002863],[9.1282788,39.2003853],[9.1284054,39.2004792],[9.1304418,39.2006203],[9.1307978,39.2009151],[9.1306901,39.2009768],[9.1281834,39.2008308],[9.1270241,39.2019607],[9.1263918,39.2027207],[9.1238916,39.2013423],[9.1238048,39.201435],[9.1251571,39.2021963],[9.1250513,39.2023092],[9.1258477,39.2027576],[9.1256487,39.2029699],[9.1260012,39.2031704],[9.1240566,39.2052638],[9.1239915,39.2052108],[9.1239053,39.2052928],[9.1221297,39.2043844],[9.1226379,39.2037907],[9.1225828,39.2037217],[9.1220143,39.2043325],[9.1213322,39.2040774],[9.1203569,39.2046369],[9.1203475,39.204716],[9.1204657,39.2047572],[9.1213695,39.2042385],[9.1219314,39.2045299],[9.1220599,39.2044517],[9.1239819,39.2054496],[9.1226312,39.2066631],[9.120597,39.207997],[9.1203817,39.2079239],[9.1199538,39.2082076],[9.1196304,39.2081831],[9.1194362,39.2084127],[9.11874,39.2085994],[9.1180652,39.2088962],[9.1175343,39.2090302],[9.1175401,39.2090857],[9.117291,39.2090957],[9.1172727,39.2091767],[9.1153994,39.2087416],[9.1141467,39.2066123],[9.1132451,39.2069353],[9.1148105,39.2095848],[9.113499,39.2100298],[9.1136502,39.2103419],[9.1141762,39.2101923],[9.1147978,39.2105589],[9.1154518,39.2116428],[9.1145251,39.2120596],[9.1134666,39.2107752],[9.1129043,39.2111475],[9.1136446,39.2121002],[9.1120169,39.2130151],[9.1118708,39.2128591],[9.1113845,39.2131325],[9.110682,39.2123763],[9.1119146,39.2116776],[9.1118732,39.2116295],[9.1100788,39.2126493],[9.1109057,39.2135476],[9.1099923,39.2140149],[9.1070313,39.2130463],[9.10991,39.2092823],[9.1097548,39.2092104],[9.1094144,39.2096514],[9.108502,39.2092286],[9.1088424,39.2087876],[9.1086925,39.2087181],[9.1074901,39.2103001],[9.1071838,39.2101672],[9.1057291,39.2120623],[9.1040352,39.2112981],[9.1067024,39.2078185],[9.1055483,39.2072856],[9.1027253,39.2109712],[9.1023823,39.2108134],[9.1021095,39.2111634],[9.1012021,39.2107625],[9.1011662,39.2108152],[9.1020563,39.2112268],[9.101471,39.2119905],[9.100641,39.2116109],[9.1005934,39.2116707],[9.1015255,39.2121003],[9.101074,39.2126893],[9.1002438,39.2123015],[9.1001944,39.2123728],[9.1011272,39.2128009],[9.1008658,39.2131353],[9.1001084,39.2127995],[9.0997895,39.2129635],[9.0998017,39.2131342],[9.0995845,39.21335],[9.0995436,39.2134737],[9.0996216,39.2136251],[9.0993659,39.2141386],[9.0995582,39.2141183],[9.0995806,39.2141964],[9.0992889,39.2142552],[9.0984637,39.2160152],[9.0981942,39.2158672],[9.0982256,39.2157366],[9.0981415,39.2156352],[9.0975297,39.2153349],[9.0976792,39.215107],[9.0981368,39.2152988],[9.098389,39.215277],[9.0991558,39.2138399],[9.0992213,39.2132811],[9.1000426,39.2117068],[9.0995357,39.212605],[9.0990577,39.2124366],[9.0998955,39.2108389],[9.0989948,39.2105748],[9.0990234,39.2105198],[9.0987666,39.2104336],[9.0991567,39.2095772],[9.0993349,39.2095864],[9.099176,39.2095427],[9.1000528,39.2077026],[9.1048874,39.2040671],[9.1095715,39.2027533],[9.1100094,39.2027802],[9.1099678,39.2025836],[9.1108432,39.2014073],[9.1110612,39.2013574],[9.1110434,39.2012864],[9.1107866,39.201215],[9.1097161,39.2025498],[9.1047584,39.2039442],[9.0999292,39.2075884],[9.0981935,39.2113573],[9.0960002,39.2145073],[9.095953,39.2146759],[9.0961017,39.2150213],[9.0960846,39.2154708],[9.0961373,39.2155054],[9.095955,39.2156384],[9.0952794,39.2169016],[9.0908404,39.2150374],[9.0932103,39.2117707],[9.0931817,39.2116747],[9.0930978,39.2117086],[9.0926357,39.212345],[9.0925485,39.2123093],[9.0926093,39.2121971],[9.0913235,39.2115551],[9.090966,39.2112905],[9.0934857,39.208019],[9.0954965,39.2035922],[9.095279,39.2035328],[9.0951016,39.2039933],[9.0945042,39.2043657],[9.0935905,39.2045854],[9.0928723,39.2045129],[9.0905974,39.2040164],[9.0904898,39.203935],[9.0899899,39.203991],[9.0896138,39.2043434],[9.0895484,39.204518],[9.08969,39.20456],[9.0899589,39.2043739],[9.0931547,39.2064126],[9.0934295,39.2066716],[9.0915307,39.208448],[9.0897275,39.207268],[9.0896105,39.2073777],[9.0897074,39.2074397],[9.0878175,39.2092112],[9.08762,39.2090847],[9.087505,39.2091926],[9.0874312,39.2091454],[9.08754,39.2090433],[9.0873308,39.2089095],[9.0892274,39.2071303],[9.0893485,39.2072078],[9.0894642,39.2070994],[9.0860563,39.2049074],[9.0876698,39.203541],[9.0882794,39.2033393],[9.0899774,39.2031043],[9.0899153,39.2029931],[9.0884411,39.20315],[9.0874241,39.2034837],[9.0855753,39.2052032],[9.0845804,39.204565],[9.081861,39.2061642],[9.0792537,39.2083377],[9.0794768,39.2085162],[9.0797126,39.208335],[9.0809302,39.2092697],[9.0807842,39.2093833],[9.081035,39.2095751],[9.0809046,39.2096868],[9.0806476,39.2094937],[9.0803393,39.2097347],[9.0791112,39.2088049],[9.0792369,39.2087034],[9.0790102,39.2085316],[9.077488,39.2097355],[9.0772047,39.2095209],[9.0766115,39.2099828],[9.0769059,39.2102083],[9.0647175,39.2199022],[9.0645806,39.2198858],[9.0619797,39.2219383],[9.0603204,39.2219547],[9.0601238,39.2233741],[9.0599329,39.2235174],[9.0597383,39.223479],[9.0596858,39.2233826],[9.0598397,39.2226931],[9.0596832,39.2220057],[9.0590542,39.2219791],[9.0564676,39.2200192],[9.056445,39.2174621],[9.0565498,39.2173305],[9.0565646,39.2170289],[9.0564355,39.2169597],[9.0564428,39.2166869],[9.0584635,39.215072],[9.0648377,39.2150189],[9.0647526,39.2152376],[9.0648956,39.2152819],[9.0657299,39.2150565],[9.0784902,39.2048201],[9.0785954,39.2048892],[9.0794463,39.2042196],[9.0796033,39.203997],[9.0795406,39.2039025],[9.0799176,39.2035982],[9.0795811,39.203282],[9.0817101,39.2015068],[9.0797445,39.1994084],[9.0820541,39.1980399],[9.081915,39.1976933],[9.0846467,39.19698],[9.0846377,39.196612],[9.0875159,39.1966264],[9.0875173,39.1963453],[9.0876211,39.1964304],[9.0883023,39.1964176],[9.0892114,39.1960429],[9.0895386,39.1963382],[9.0896075,39.1963198],[9.0890645,39.1953813],[9.0889985,39.1948188],[9.0890953,39.1943663],[9.0893075,39.1939374],[9.0899739,39.1933865],[9.0899451,39.1932954],[9.0925126,39.1927083],[9.093825,39.1925861],[9.0939162,39.1925311],[9.093879,39.1923811],[9.0923501,39.1925107],[9.0890966,39.1932937],[9.080771,39.196613],[9.0735086,39.2009859],[9.0724255,39.2005461],[9.0685227,39.1985071],[9.0672452,39.1975158],[9.0653105,39.1963559],[9.0638119,39.1953272],[9.0631286,39.1944136],[9.0639911,39.1936801],[9.0645369,39.1929384],[9.0644447,39.1927513],[9.0641955,39.1928012],[9.0642935,39.1929271],[9.0638455,39.1936063],[9.0625574,39.1946371],[9.061951,39.194397],[9.061765,39.194138],[9.0631006,39.193105],[9.0638735,39.1926754],[9.0644727,39.1925343],[9.0647471,39.1925907],[9.0648619,39.1927708],[9.0649879,39.1927839],[9.0651951,39.1926016],[9.0650047,39.1924431],[9.0644794,39.1923554],[9.0637643,39.1925408],[9.0630374,39.192915],[9.0621309,39.1936375],[9.0612243,39.1933678],[9.0598553,39.1922804],[9.0554381,39.1884878],[9.04994,39.1833244],[9.0466947,39.1805224],[9.0424139,39.1765227],[9.0395886,39.1741262],[9.0390734,39.1735684],[9.0390986,39.1734448],[9.0395662,39.1729492],[9.0388114,39.1736158],[9.0386854,39.173516],[9.0396542,39.1725695],[9.0395478,39.1724827],[9.0391979,39.1727755],[9.03874,39.1725138],[9.0351521,39.168691],[9.034516,39.1681324],[9.034448,39.1679158],[9.0345633,39.1677974],[9.0344065,39.1677939],[9.0339496,39.1673007],[9.0339449,39.1672222],[9.0340951,39.1671401],[9.0339208,39.1671546],[9.0336887,39.1670424],[9.0333739,39.1666129],[9.0312654,39.1645654],[9.0287476,39.1618476],[9.02702,39.1596174],[9.0263552,39.1584655],[9.0262757,39.1580302],[9.0259818,39.1581706],[9.0257363,39.1581706],[9.0256234,39.1583026],[9.0254088,39.158201],[9.0248364,39.1582427],[9.0251145,39.1591077],[9.0251262,39.1595403],[9.0247098,39.1601441],[9.0243047,39.1603965],[9.0237261,39.1606039],[9.0208557,39.161046],[9.0198879,39.1613089],[9.0201612,39.160956],[9.0204506,39.1608207],[9.0206356,39.1604693],[9.0204734,39.1598476],[9.0200387,39.1593678],[9.019362,39.1589917],[9.0191567,39.1586811],[9.018598,39.1584692],[9.0177993,39.1583071],[9.017429,39.1584513],[9.0171831,39.1587299],[9.0168735,39.1587218],[9.0165958,39.1591003],[9.0159362,39.1597041],[9.016612,39.1598809],[9.016713,39.160135],[9.0171285,39.1601094],[9.0175489,39.1602675],[9.0177305,39.1605148],[9.0174759,39.160668],[9.0170385,39.1614028],[9.0166658,39.161389],[9.0164345,39.1620199],[9.0160988,39.1619568],[9.0160525,39.1622091],[9.0161337,39.1628039],[9.016539,39.16375],[9.0167706,39.1639932],[9.0167938,39.1643176],[9.0170602,39.1651105],[9.0169793,39.1653809],[9.0162848,39.1655612],[9.016366,39.1662641],[9.0173949,39.1667795],[9.0178197,39.1673181],[9.0179638,39.1677416],[9.0185791,39.1681998],[9.0186238,39.1685705],[9.0188554,39.1689399],[9.0198178,39.1696956],[9.0200596,39.1700391],[9.021033,39.1707231],[9.0226066,39.1715708],[9.023163,39.1719665],[9.0245099,39.1732347],[9.0249353,39.1735337],[9.0263122,39.1739126],[9.0265676,39.1740832],[9.0269376,39.1745973],[9.0275975,39.1750118],[9.0278061,39.1752459],[9.0278642,39.1756964],[9.0274476,39.1762191],[9.0262784,39.1765348],[9.0260354,39.176697],[9.0258039,39.1769224],[9.0252485,39.1778686],[9.0246467,39.1784004],[9.0244467,39.178755],[9.0244038,39.1790312],[9.0248095,39.1804909],[9.025076,39.1809594],[9.0258202,39.1817413],[9.0261879,39.1823109],[9.0262461,39.1830047],[9.0260148,39.1837346],[9.0262352,39.184906],[9.0264785,39.1852934],[9.0280538,39.1867889],[9.0292471,39.1883745],[9.0298051,39.1888504],[9.0318195,39.1902472],[9.0320386,39.1905004],[9.0327899,39.19089],[9.0328958,39.191212],[9.0324907,39.1915996],[9.0319233,39.1916088],[9.030881,39.1912486],[9.0305336,39.1912757],[9.0301516,39.1914741],[9.02926,39.1916004],[9.0289937,39.1917447],[9.0289591,39.192006],[9.029608,39.1931773],[9.0305117,39.1942133],[9.0315227,39.195049],[9.0318092,39.1954294],[9.0323656,39.1965376],[9.0322499,39.196835],[9.0319142,39.1969883],[9.0302236,39.1973492],[9.0299805,39.1975385],[9.0302471,39.1981422],[9.0302009,39.1984576],[9.0291471,39.1985569],[9.0282321,39.1983589],[9.0278384,39.1984131],[9.0271554,39.1991431],[9.0271903,39.1994315],[9.0273873,39.1998189],[9.0271322,39.2000266],[9.026869,39.1998788],[9.026623,39.2000444],[9.0262526,39.200513],[9.02572,39.2007835],[9.0245967,39.2011622],[9.0228943,39.2011445],[9.0225122,39.2013698],[9.0211692,39.2027578],[9.0212505,39.2034426],[9.0215748,39.2035417],[9.0222349,39.2034604],[9.0225708,39.2035054],[9.0229746,39.2036699],[9.0232572,39.2039178],[9.0234862,39.2048479],[9.0233473,39.2050822],[9.022247,39.2050824],[9.0223515,39.2059564],[9.0234043,39.2065167],[9.0238457,39.2064067],[9.025108,39.2058568],[9.0259267,39.2057772],[9.0260925,39.2059917],[9.0260349,39.2068297],[9.0261045,39.2071451],[9.0266719,39.2074877],[9.0270545,39.2079198],[9.0271126,39.2082532],[9.0269274,39.2086588],[9.0269276,39.2090823],[9.0271942,39.2096499],[9.0271431,39.2103032],[9.0273104,39.210587],[9.0275663,39.2107663],[9.0277393,39.2113889],[9.027566,39.2125063],[9.0276124,39.2127586],[9.0278442,39.2130739],[9.0281224,39.2136866],[9.0282271,39.2146958],[9.0290157,39.2152987],[9.0290614,39.2155787],[9.0290271,39.216696],[9.0288884,39.2172007],[9.0284947,39.2177144],[9.0283675,39.2181289],[9.0283676,39.2184623],[9.0285067,39.2187596],[9.0304864,39.2206008],[9.0310321,39.2209317],[9.0313921,39.2209666],[9.0319481,39.2208583],[9.0330021,39.2203444],[9.0332684,39.220065],[9.0336155,39.2191908],[9.0338818,39.2187943],[9.034426,39.2184246],[9.0346578,39.2186589],[9.0353776,39.219072],[9.0357587,39.2194515],[9.0361066,39.2201002],[9.0362114,39.2211724],[9.0365245,39.2218932],[9.0365363,39.2223347],[9.0353547,39.2222511],[9.035251,39.2233624],[9.0354136,39.2242724],[9.0355991,39.2246238],[9.0365735,39.2252355],[9.0370944,39.2261282],[9.0370366,39.2264346],[9.0368862,39.2266959],[9.0370832,39.2269031],[9.037251,39.2272838],[9.0376082,39.2274124],[9.0378019,39.2276958],[9.0382775,39.228741],[9.0387425,39.2291452],[9.0394051,39.22991],[9.0405836,39.2306331],[9.0408509,39.2310379],[9.0409438,39.2314704],[9.0413498,39.2322181],[9.0412921,39.2326146],[9.0414197,39.232957],[9.0418368,39.233202],[9.0422669,39.233697],[9.0413032,39.2339553],[9.0408036,39.2342045],[9.039906,39.2343808],[9.0398555,39.2328945],[9.0397038,39.2326164],[9.0393687,39.2324531],[9.038605,39.2324435],[9.0383605,39.2322732],[9.0382677,39.232039],[9.0383255,39.2317145],[9.0382557,39.2311829],[9.0379773,39.2306063],[9.0378033,39.230264],[9.0374471,39.2298385],[9.0368979,39.2293377],[9.036621,39.2292101],[9.0361691,39.2291471],[9.0356362,39.2292284],[9.035254,39.2294267],[9.0349763,39.2302378],[9.0346752,39.2304001],[9.0342234,39.2304903],[9.0337824,39.2304461],[9.0333912,39.2302367],[9.0328327,39.2297338],[9.0327396,39.2287877],[9.0324148,39.2279768],[9.0325536,39.2275893],[9.0318237,39.2265529],[9.0314988,39.2263461],[9.0310817,39.2263192],[9.0308269,39.2264634],[9.0305722,39.2268059],[9.0306766,39.2270942],[9.0304218,39.2274097],[9.0296109,39.2274549],[9.0292886,39.2273543],[9.0283311,39.2265768],[9.0291244,39.2277884],[9.0289971,39.2281129],[9.028337,39.2287078],[9.0283835,39.2291313],[9.0284994,39.2293655],[9.0283489,39.2296719],[9.028546,39.2298881],[9.0294107,39.2302381],[9.0296172,39.2304264],[9.029948,39.2302933],[9.0308054,39.230248],[9.0311749,39.2304119],[9.0308056,39.2306625],[9.0298208,39.230888],[9.0286737,39.230636],[9.0277816,39.2306182],[9.0274805,39.2308886],[9.0278731,39.2310616],[9.027805,39.231303],[9.0271331,39.2315645],[9.0267973,39.2318709],[9.0266699,39.2321593],[9.0261834,39.2325649],[9.0260562,39.2332588],[9.0255003,39.2337095],[9.0252108,39.2341511],[9.0248387,39.2342432],[9.024504,39.2340971],[9.0240869,39.2341513],[9.023357,39.2344939],[9.0222911,39.2346382],[9.0217466,39.2350438],[9.0190704,39.2363148],[9.0190937,39.2366392],[9.0187693,39.2367024],[9.0186097,39.2368491],[9.0184333,39.2367835],[9.0176454,39.2368828],[9.0170197,39.237018],[9.0165099,39.2372524],[9.0161739,39.2371984],[9.0158147,39.2373696],[9.0154323,39.2373336],[9.0151311,39.2374778],[9.0143665,39.2380817],[9.0137409,39.2388387],[9.0134397,39.2389108],[9.0130226,39.2391902],[9.0126866,39.2395326],[9.012397,39.2400012],[9.0121305,39.2402265],[9.0118061,39.2402716],[9.0116207,39.2405059],[9.0120034,39.242299],[9.0117717,39.2427676],[9.0117023,39.2433083],[9.0114126,39.2434795],[9.011181,39.244714],[9.0113085,39.2449934],[9.0113666,39.245552],[9.0117434,39.2456922],[9.011529,39.2465702],[9.0115522,39.2469487],[9.011812,39.247249],[9.0123974,39.2475084],[9.0127228,39.2475253],[9.0133254,39.2472278],[9.0144842,39.2470925],[9.0148318,39.2469033],[9.0152837,39.2464797],[9.0157704,39.2463805],[9.0176727,39.2462495],[9.0176941,39.2465154],[9.0179982,39.2467748],[9.01832,39.2468487],[9.018714,39.2468757],[9.0193513,39.2465602],[9.0204407,39.2467222],[9.0208348,39.2468122],[9.0211592,39.2470015],[9.0214493,39.2480556],[9.0212756,39.2484702],[9.0212873,39.2488486],[9.0216119,39.2491639],[9.0225491,39.2496623],[9.0230608,39.2497674],[9.0235359,39.2497673],[9.0239925,39.2499162],[9.0241461,39.2498608],[9.0249041,39.2501655],[9.0251767,39.2502006],[9.0249687,39.2503465],[9.024699,39.2507371],[9.0241095,39.2510441],[9.0229202,39.2509595],[9.0229001,39.2510098],[9.0239904,39.2511055],[9.0237436,39.2511608],[9.0227949,39.2510882],[9.0227661,39.2511352],[9.0238164,39.2512322],[9.0228377,39.2518582],[9.0224155,39.2522231],[9.0215811,39.2521868],[9.0214624,39.2520645],[9.0209225,39.2519033],[9.0208345,39.2517526],[9.0201587,39.2514647],[9.0194264,39.2513423],[9.0190621,39.2511792],[9.0183926,39.2513028],[9.0175031,39.2509423],[9.0171112,39.2510613],[9.0168487,39.2513155],[9.0157274,39.2516637],[9.0154147,39.2518447],[9.0154302,39.2519866],[9.0156907,39.2521296],[9.0158497,39.2525455],[9.0162956,39.2530946],[9.0170741,39.2530806],[9.0172116,39.2531728],[9.0171549,39.2533696],[9.0172741,39.2536058],[9.018171,39.2537623],[9.0190765,39.2542106],[9.0189306,39.2547113],[9.018662,39.255086],[9.0173501,39.2558987],[9.0145366,39.2556127],[9.014036,39.2557548],[9.0136277,39.2557212],[9.0131667,39.2558948],[9.0130734,39.256021],[9.0129299,39.2566456],[9.0128414,39.2567731],[9.0126602,39.2567775],[9.0125925,39.2570577],[9.0120377,39.2574723],[9.0111991,39.2584635],[9.0108615,39.258529],[9.0107666,39.2588603],[9.0106346,39.2588748],[9.0105047,39.2587823],[9.0104695,39.2589483],[9.010239,39.259],[9.0104617,39.2595172],[9.0104371,39.2596553],[9.0103089,39.2596366],[9.0101802,39.2594051],[9.0098672,39.2585368],[9.0095179,39.2582002],[9.0089792,39.258581],[9.0090184,39.2587478],[9.0089386,39.2589875],[9.0084371,39.2595168],[9.0083067,39.2603317],[9.0081164,39.2604132],[9.0080155,39.2605726],[9.0065106,39.2611573],[9.0063456,39.2612866],[9.0068594,39.2613482],[9.0070579,39.2612187],[9.0070659,39.26139],[9.0071431,39.2614121],[9.0082334,39.2609327],[9.0081765,39.2615073],[9.0086008,39.2616941],[9.0086631,39.2618001],[9.0096175,39.2613815],[9.0100647,39.2611002],[9.010929,39.2609442],[9.0113017,39.261734],[9.0112194,39.2618614],[9.0100969,39.2622937],[9.0105797,39.263444],[9.0114411,39.2629352],[9.0115871,39.2627248],[9.0115451,39.2625398],[9.0113972,39.2624923],[9.0112215,39.262006],[9.0114172,39.2618476],[9.0109701,39.2608418],[9.0115351,39.2605657],[9.0119012,39.2606757],[9.0141652,39.2601118],[9.0132932,39.2608878],[9.0132252,39.2610285],[9.0129075,39.261189],[9.0123832,39.2618193],[9.0117837,39.2619116],[9.0120607,39.2625989],[9.012432,39.2623542],[9.0125976,39.2626888],[9.0127252,39.2627161],[9.0131919,39.262532],[9.0135661,39.262514],[9.016111,39.261922],[9.0161355,39.2619853],[9.015888,39.2621662],[9.0159529,39.2623042],[9.0161469,39.2624153],[9.0166865,39.2623717],[9.0167176,39.2624381],[9.0165507,39.2626682],[9.016586,39.2628732],[9.0171969,39.263085],[9.0173071,39.2630116],[9.0175192,39.2630566],[9.0173916,39.2630927],[9.0172828,39.2632857],[9.0171847,39.263234],[9.0169267,39.2633692],[9.0167449,39.263353],[9.0165682,39.263183],[9.0164079,39.2632545],[9.0164962,39.2634111],[9.016913,39.263461],[9.0170377,39.2636299],[9.0172341,39.2637088],[9.0169662,39.2639989],[9.0167643,39.2640325],[9.0164617,39.2642873],[9.0156188,39.2646356],[9.0145873,39.264619],[9.0144516,39.2644484],[9.016387,39.263868],[9.016316,39.2638325],[9.0118723,39.2649579],[9.0118152,39.2663617],[9.0121934,39.2664581],[9.0122264,39.2665502],[9.0116985,39.2665446],[9.0114765,39.2664142],[9.0107219,39.266247],[9.0118127,39.2666091],[9.0120887,39.2668045],[9.0127728,39.2668439],[9.0125943,39.2667191],[9.0129236,39.2666806],[9.0130177,39.2668322],[9.0129527,39.2668285],[9.01294,39.2669328],[9.0130376,39.2670759],[9.0133315,39.2672511],[9.0135135,39.2671736],[9.0139427,39.2672053],[9.0141352,39.2673671],[9.0141777,39.2672095],[9.0139738,39.2671315],[9.0138031,39.2669484],[9.0139708,39.2666323],[9.0145792,39.2666778],[9.0148998,39.2667945],[9.0151719,39.2673531],[9.0150491,39.2668293],[9.0152043,39.2667674],[9.016837,39.2668086],[9.0179107,39.2669341],[9.0177382,39.2672051],[9.017746,39.2673915]]],[[[9.0968911,39.1986022],[9.0955582,39.2028475],[9.0965923,39.2030112],[9.0966899,39.2029362],[9.095911,39.202716],[9.0958698,39.2026237],[9.0972234,39.1985826],[9.0973029,39.1957714],[9.0971027,39.1948086],[9.0969318,39.1947119],[9.0967908,39.1947374],[9.096752,39.1948341],[9.0969506,39.195775],[9.0968911,39.1986022]]]]},"properties":{"type":"boundary","gemeente":"Casteddu/Cagliari"}}]}