{"type":"FeatureCollection","metadata":{"gemeente":"Cerignola","slug":"cerignola","generated_at":"2026-09-26T14:27:10.705489Z","total_points":171,"providers":["PosteItaliane","DPD","InPost","GLS","DHL","Amazon","FedEx"],"bounds":[15.71180392,41.18696971,15.91551,41.39914882]},"features":[{"type":"Feature","geometry":{"type":"Point","coordinates":[15.90701939,41.26576816]},"properties":{"type":"pakketpunt","locatieNaam":"Cerignola 2","straatNaam":"Via Corsica","straatNr":"54","vervoerder":"PosteItaliane","puntType":"postkantoor","bezettingsgraad":50,"latitude":41.26576816,"longitude":15.90701939,"canPickup":true,"canDropoff":true,"openingstijden":{"za":"08:20 - 12:35","zo":"gesloten","ma":"08:20 - 13:35","di":"08:20 - 13:35","wo":"08:20 - 13:35","do":"08:20 - 13:35","vr":"08:20 - 13:35"}}},{"type":"Feature","geometry":{"type":"Point","coordinates":[15.89926375,41.26500901]},"properties":{"type":"pakketpunt","locatieNaam":"Cerignola","straatNaam":"Piazza Duomo","straatNr":"3","vervoerder":"PosteItaliane","puntType":"postkantoor","bezettingsgraad":50,"latitude":41.26500901,"longitude":15.89926375,"canPickup":true,"canDropoff":true,"openingstijden":{"za":"08:20 - 12:35","zo":"gesloten","ma":"08:20 - 19:05","di":"08:20 - 19:05","wo":"08:20 - 19:05","do":"08:20 - 19:05","vr":"08:20 - 19:05"}}},{"type":"Feature","geometry":{"type":"Point","coordinates":[15.71180392,41.18696971]},"properties":{"type":"pakketpunt","locatieNaam":"Borgo Liberta'","straatNaam":"Via Montanara Snc","straatNr":"","vervoerder":"PosteItaliane","puntType":"postkantoor","bezettingsgraad":50,"latitude":41.18696971,"longitude":15.71180392,"canPickup":true,"canDropoff":true,"openingstijden":{"za":"gesloten","zo":"gesloten","ma":"08:20 - 13:45","di":"gesloten","wo":"08:20 - 13:45","do":"gesloten","vr":"08:20 - 13:45"}}},{"type":"Feature","geometry":{"type":"Point","coordinates":[15.88995598,41.26548753]},"properties":{"type":"pakketpunt","locatieNaam":"Cerignola 1","straatNaam":"Via Napoli","straatNr":"57","vervoerder":"PosteItaliane","puntType":"postkantoor","bezettingsgraad":50,"latitude":41.26548753,"longitude":15.88995598,"canPickup":true,"canDropoff":true,"openingstijden":{"za":"08:20 - 12:35","zo":"gesloten","ma":"08:20 - 19:05","di":"08:20 - 19:05","wo":"08:20 - 19:05","do":"08:20 - 19:05","vr":"08:20 - 19:05"}}},{"type":"Feature","geometry":{"type":"Point","coordinates":[15.89727527,41.26540687]},"properties":{"type":"pakketpunt","locatieNaam":"Tabaccheria N. 18","straatNaam":"Corso Giuseppe Garibaldi","straatNr":"36","vervoerder":"PosteItaliane","puntType":"servicepunt","bezettingsgraad":50,"latitude":41.26540687,"longitude":15.89727527,"canPickup":true,"canDropoff":true,"openingstijden":{"za":"08:00 - 13:00, 16:30 - 21:00","zo":"gesloten","ma":"08:00 - 13:00, 16:30 - 21:00","di":"08:00 - 13:00, 16:30 - 21:00","wo":"08:00 - 13:00, 16:30 - 21:00","do":"08:00 - 13:00, 16:30 - 21:00","vr":"08:00 - 13:00, 16:30 - 21:00"}}},{"type":"Feature","geometry":{"type":"Point","coordinates":[15.90210062,41.26467214]},"properties":{"type":"pakketpunt","locatieNaam":"Tabaccheria N. 10","straatNaam":"Via Roma","straatNr":"39","vervoerder":"PosteItaliane","puntType":"servicepunt","bezettingsgraad":50,"latitude":41.26467214,"longitude":15.90210062,"canPickup":true,"canDropoff":true,"openingstijden":{"za":"07:00 - 13:30, 16:00 - 21:30","zo":"gesloten","ma":"07:00 - 13:30, 16:00 - 21:30","di":"07:00 - 13:30, 16:00 - 21:30","wo":"07:00 - 13:30, 16:00 - 21:30","do":"07:00 - 13:30, 16:00 - 21:30","vr":"07:00 - 13:30, 16:00 - 21:30"}}},{"type":"Feature","geometry":{"type":"Point","coordinates":[15.86608626,41.39914882]},"properties":{"type":"pakketpunt","locatieNaam":"Tabaccheria N. 22","straatNaam":"Via Pineta Tressanti Borgo Tressante","straatNr":"26","vervoerder":"PosteItaliane","puntType":"servicepunt","bezettingsgraad":50,"latitude":41.39914882,"longitude":15.86608626,"canPickup":true,"canDropoff":true,"openingstijden":{"za":"08:00 - 13:00, 15:00 - 19:30","zo":"gesloten","ma":"08:00 - 13:00, 15:00 - 19:30","di":"08:00 - 13:00, 15:00 - 19:30","wo":"08:00 - 13:00, 15:00 - 19:30","do":"08:00 - 13:00, 15:00 - 19:30","vr":"08:00 - 13:00, 15:00 - 19:30"}}},{"type":"Feature","geometry":{"type":"Point","coordinates":[15.90757505,41.26010483]},"properties":{"type":"pakketpunt","locatieNaam":"Stazione Di Servizio Tamoil","straatNaam":"Via Dei Mandorli Snc","straatNr":"1","vervoerder":"PosteItaliane","puntType":"automaat","bezettingsgraad":50,"latitude":41.26010483,"longitude":15.90757505,"canPickup":true,"canDropoff":true,"openingstijden":{"za":"00:01 - 23:59","zo":"00:01 - 23:59","ma":"00:01 - 23:59","di":"00:01 - 23:59","wo":"00:01 - 23:59","do":"00:01 - 23:59","vr":"00:01 - 23:59"}}},{"type":"Feature","geometry":{"type":"Point","coordinates":[15.89879263,41.25989704]},"properties":{"type":"pakketpunt","locatieNaam":"Fatto A Posta","straatNaam":"Viale Di Levante","straatNr":"38","vervoerder":"PosteItaliane","puntType":"automaat","bezettingsgraad":50,"latitude":41.25989704,"longitude":15.89879263,"canPickup":true,"canDropoff":true,"openingstijden":{"za":"08:30 - 12:45","zo":"gesloten","ma":"08:30 - 12:45","di":"08:30 - 12:45","wo":"08:30 - 12:45","do":"08:30 - 12:45","vr":"08:30 - 12:45"}}},{"type":"Feature","geometry":{"type":"Point","coordinates":[15.89502997,41.26252227]},"properties":{"type":"pakketpunt","locatieNaam":"Tabaccheria N. 16","straatNaam":"Via Ofanto","straatNr":"1","vervoerder":"PosteItaliane","puntType":"servicepunt","bezettingsgraad":50,"latitude":41.26252227,"longitude":15.89502997,"canPickup":true,"canDropoff":true,"openingstijden":{"za":"07:00 - 13:00, 15:00 - 21:00","zo":"07:00 - 13:00","ma":"07:00 - 13:00, 15:00 - 21:00","di":"07:00 - 13:00, 15:00 - 21:00","wo":"07:00 - 13:00, 15:00 - 21:00","do":"07:00 - 13:00, 15:00 - 21:00","vr":"07:00 - 13:00, 15:00 - 21:00"}}},{"type":"Feature","geometry":{"type":"Point","coordinates":[15.90765729,41.26101368]},"properties":{"type":"pakketpunt","locatieNaam":"Tabaccheria N. 42","straatNaam":"Viale Paolo Borsellino","straatNr":"2","vervoerder":"PosteItaliane","puntType":"servicepunt","bezettingsgraad":50,"latitude":41.26101368,"longitude":15.90765729,"canPickup":true,"canDropoff":true,"openingstijden":{"za":"07:00 - 13:00, 16:00 - 20:00","zo":"08:30 - 13:30, 18:00 - 20:00","ma":"07:00 - 13:00, 16:00 - 20:00","di":"07:00 - 13:00, 16:00 - 20:00","wo":"07:00 - 13:00, 16:00 - 20:00","do":"07:00 - 13:00, 16:00 - 20:00","vr":"07:00 - 13:00, 16:00 - 20:00"}}},{"type":"Feature","geometry":{"type":"Point","coordinates":[15.89704702,41.26993223]},"properties":{"type":"pakketpunt","locatieNaam":"Tabaccheria N. 37","straatNaam":"Via San Leonardo","straatNr":"140","vervoerder":"PosteItaliane","puntType":"servicepunt","bezettingsgraad":50,"latitude":41.26993223,"longitude":15.89704702,"canPickup":true,"canDropoff":true,"openingstijden":{"za":"08:00 - 12:00, 17:00 - 20:00","zo":"gesloten","ma":"08:00 - 12:00, 17:00 - 20:00","di":"08:00 - 12:00, 17:00 - 20:00","wo":"08:00 - 12:00, 17:00 - 20:00","do":"08:00 - 12:00, 17:00 - 20:00","vr":"08:00 - 12:00, 17:00 - 20:00"}}},{"type":"Feature","geometry":{"type":"Point","coordinates":[15.8960547,41.26394274]},"properties":{"type":"pakketpunt","locatieNaam":"Tabaccheria N. 8","straatNaam":"Via Don Minzoni","straatNr":"45","vervoerder":"PosteItaliane","puntType":"servicepunt","bezettingsgraad":50,"latitude":41.26394274,"longitude":15.8960547,"canPickup":true,"canDropoff":true,"openingstijden":{"za":"08:00 - 13:00, 16:30 - 20:30","zo":"gesloten","ma":"08:00 - 13:00, 16:30 - 20:30","di":"08:00 - 13:00, 16:30 - 20:30","wo":"08:00 - 13:00, 16:30 - 20:30","do":"08:00 - 13:00, 16:30 - 20:30","vr":"08:00 - 13:00, 16:30 - 20:30"}}},{"type":"Feature","geometry":{"type":"Point","coordinates":[15.90242702,41.26221226]},"properties":{"type":"pakketpunt","locatieNaam":"Tabaccheria N. 30","straatNaam":"Viale Giuseppe Di Vittorio","straatNr":"68","vervoerder":"PosteItaliane","puntType":"servicepunt","bezettingsgraad":50,"latitude":41.26221226,"longitude":15.90242702,"canPickup":true,"canDropoff":true,"openingstijden":{"za":"07:00 - 13:30, 16:00 - 21:30","zo":"18:00 - 21:30","ma":"07:00 - 13:30, 16:00 - 21:30","di":"07:00 - 13:30, 16:00 - 21:30","wo":"07:00 - 13:30, 16:00 - 21:30","do":"07:00 - 13:30, 16:00 - 21:30","vr":"07:00 - 13:30, 16:00 - 21:30"}}},{"type":"Feature","geometry":{"type":"Point","coordinates":[15.90849675,41.26535185]},"properties":{"type":"pakketpunt","locatieNaam":"Kipoint Via Giovanni Falcone","straatNaam":"Via Giovanni Falcone","straatNr":"19","vervoerder":"PosteItaliane","puntType":"servicepunt","bezettingsgraad":50,"latitude":41.26535185,"longitude":15.90849675,"canPickup":true,"canDropoff":true,"openingstijden":{"za":"08:30 - 13:00","zo":"gesloten","ma":"08:30 - 13:30, 16:00 - 20:00","di":"08:30 - 13:30, 16:00 - 20:00","wo":"08:30 - 13:30, 16:00 - 20:00","do":"08:30 - 13:30, 16:00 - 20:00","vr":"08:30 - 13:30, 16:00 - 20:00"}}},{"type":"Feature","geometry":{"type":"Point","coordinates":[15.89903816,41.25999852]},"properties":{"type":"pakketpunt","locatieNaam":"Tabaccheria N. 27","straatNaam":"Viale Di Levante","straatNr":"5","vervoerder":"PosteItaliane","puntType":"servicepunt","bezettingsgraad":50,"latitude":41.25999852,"longitude":15.89903816,"canPickup":true,"canDropoff":true,"openingstijden":{"za":"07:00 - 13:30, 16:00 - 21:00","zo":"gesloten","ma":"07:00 - 13:30, 16:00 - 21:00","di":"07:00 - 13:30, 16:00 - 21:00","wo":"07:00 - 13:30, 16:00 - 21:00","do":"07:00 - 13:30, 16:00 - 21:00","vr":"07:00 - 13:30, 16:00 - 21:00"}}},{"type":"Feature","geometry":{"type":"Point","coordinates":[15.90047729,41.26678338]},"properties":{"type":"pakketpunt","locatieNaam":"Tabaccheria N. 11","straatNaam":"Via Vittorio Veneto","straatNr":"116","vervoerder":"PosteItaliane","puntType":"servicepunt","bezettingsgraad":50,"latitude":41.26678338,"longitude":15.90047729,"canPickup":true,"canDropoff":true,"openingstijden":{"za":"08:30 - 13:00, 17:30 - 20:30","zo":"gesloten","ma":"08:30 - 13:00, 17:30 - 20:30","di":"08:30 - 13:00, 17:30 - 20:30","wo":"08:30 - 13:00, 17:30 - 20:30","do":"08:30 - 13:00, 17:30 - 20:30","vr":"08:30 - 13:00, 17:30 - 20:30"}}},{"type":"Feature","geometry":{"type":"Point","coordinates":[15.90855234,41.26492003]},"properties":{"type":"pakketpunt","locatieNaam":"Tabaccheria N. 19","straatNaam":"Via Giovanni Falcone","straatNr":"66","vervoerder":"PosteItaliane","puntType":"servicepunt","bezettingsgraad":50,"latitude":41.26492003,"longitude":15.90855234,"canPickup":true,"canDropoff":true,"openingstijden":{"za":"07:00 - 13:00, 17:00 - 21:00","zo":"gesloten","ma":"07:00 - 13:00, 17:00 - 21:00","di":"07:00 - 13:00, 17:00 - 21:00","wo":"07:00 - 13:30, 17:00 - 21:00","do":"07:00 - 13:00, 17:00 - 21:00","vr":"07:00 - 13:00, 17:00 - 21:00"}}},{"type":"Feature","geometry":{"type":"Point","coordinates":[15.90187749,41.26871356]},"properties":{"type":"pakketpunt","locatieNaam":"Tabaccheria N. 48","straatNaam":"Viale Maria Santissima Ausiliatrice","straatNr":"99","vervoerder":"PosteItaliane","puntType":"servicepunt","bezettingsgraad":50,"latitude":41.26871356,"longitude":15.90187749,"canPickup":true,"canDropoff":true,"openingstijden":{"za":"07:00 - 14:00, 16:00 - 21:30","zo":"gesloten","ma":"07:00 - 14:00, 16:00 - 21:30","di":"07:00 - 14:00, 16:00 - 21:30","wo":"07:00 - 14:00, 16:00 - 21:30","do":"07:00 - 14:00, 16:00 - 21:30","vr":"07:00 - 14:00, 16:00 - 21:30"}}},{"type":"Feature","geometry":{"type":"Point","coordinates":[15.89964286,41.26316074]},"properties":{"type":"pakketpunt","locatieNaam":"Tabaccheria N. 20","straatNaam":"Piazza Liberta'","straatNr":"19","vervoerder":"PosteItaliane","puntType":"servicepunt","bezettingsgraad":50,"latitude":41.26316074,"longitude":15.89964286,"canPickup":true,"canDropoff":true,"openingstijden":{"za":"07:30 - 13:30, 16:30 - 21:30","zo":"gesloten","ma":"07:30 - 13:30, 16:30 - 21:30","di":"07:30 - 13:30, 16:30 - 21:30","wo":"07:30 - 13:30, 16:30 - 21:30","do":"07:30 - 13:30, 16:30 - 21:30","vr":"07:30 - 13:30, 16:30 - 21:30"}}},{"type":"Feature","geometry":{"type":"Point","coordinates":[15.89484456,41.27348557]},"properties":{"type":"pakketpunt","locatieNaam":"Tabaccheria N. 32","straatNaam":"Via Manfredonia","straatNr":"44","vervoerder":"PosteItaliane","puntType":"servicepunt","bezettingsgraad":50,"latitude":41.27348557,"longitude":15.89484456,"canPickup":true,"canDropoff":true,"openingstijden":{"za":"07:00 - 13:30, 16:30 - 20:30","zo":"gesloten","ma":"07:00 - 13:30, 16:30 - 20:30","di":"07:00 - 13:30, 16:30 - 20:30","wo":"07:00 - 13:30, 16:30 - 20:30","do":"07:00 - 13:30, 16:30 - 20:30","vr":"07:00 - 13:30, 16:30 - 20:30"}}},{"type":"Feature","geometry":{"type":"Point","coordinates":[15.89601512,41.2596968]},"properties":{"type":"pakketpunt","locatieNaam":"Tabaccheria N. 9","straatNaam":"Viale Di Ponente","straatNr":"6","vervoerder":"PosteItaliane","puntType":"servicepunt","bezettingsgraad":50,"latitude":41.2596968,"longitude":15.89601512,"canPickup":true,"canDropoff":true,"openingstijden":{"za":"07:00 - 13:00, 16:00 - 21:00","zo":"gesloten","ma":"07:00 - 13:00, 16:00 - 21:00","di":"07:00 - 13:00, 16:00 - 21:00","wo":"07:00 - 13:00, 16:00 - 21:00","do":"07:00 - 13:00, 16:00 - 21:00","vr":"07:00 - 13:00, 16:00 - 21:00"}}},{"type":"Feature","geometry":{"type":"Point","coordinates":[15.89371906,41.26530028]},"properties":{"type":"pakketpunt","locatieNaam":"Tabaccheria N. 7","straatNaam":"Via Pietro Mascagni","straatNr":"1","vervoerder":"PosteItaliane","puntType":"servicepunt","bezettingsgraad":50,"latitude":41.26530028,"longitude":15.89371906,"canPickup":true,"canDropoff":true,"openingstijden":{"za":"08:00 - 13:00, 17:00 - 20:00","zo":"gesloten","ma":"08:00 - 13:00, 17:00 - 20:00","di":"08:00 - 13:00, 17:00 - 20:00","wo":"08:00 - 13:00, 17:00 - 20:00","do":"08:00 - 13:00, 17:00 - 20:00","vr":"08:00 - 13:00, 17:00 - 20:00"}}},{"type":"Feature","geometry":{"type":"Point","coordinates":[15.9055193,41.26793525]},"properties":{"type":"pakketpunt","locatieNaam":"Temporarystock","straatNaam":"Viale Maria Santissima Ausiliatrice","straatNr":"175","vervoerder":"PosteItaliane","puntType":"servicepunt","bezettingsgraad":50,"latitude":41.26793525,"longitude":15.9055193,"canPickup":true,"canDropoff":true,"openingstijden":{"za":"09:00 - 13:30, 17:30 - 20:30","zo":"gesloten","ma":"09:00 - 13:30, 16:00 - 20:30","di":"09:00 - 13:30, 16:00 - 20:30","wo":"09:00 - 13:30, 16:00 - 20:30","do":"09:00 - 13:30, 16:00 - 20:30","vr":"09:00 - 13:30, 16:00 - 20:30"}}},{"type":"Feature","geometry":{"type":"Point","coordinates":[15.8975783,41.26490947]},"properties":{"type":"pakketpunt","locatieNaam":"Tabaccheria N. 12","straatNaam":"Viale Franklin Delano Roosevelt","straatNr":"20","vervoerder":"PosteItaliane","puntType":"servicepunt","bezettingsgraad":50,"latitude":41.26490947,"longitude":15.8975783,"canPickup":true,"canDropoff":true,"openingstijden":{"za":"07:30 - 13:00, 16:30 - 21:00","zo":"10:00 - 13:00, 15:00 - 21:00","ma":"07:30 - 13:00, 16:30 - 21:00","di":"07:30 - 13:00, 16:30 - 21:00","wo":"07:30 - 13:00, 16:30 - 21:00","do":"07:30 - 13:00, 16:30 - 21:00","vr":"07:30 - 13:00, 16:30 - 21:00"}}},{"type":"Feature","geometry":{"type":"Point","coordinates":[15.89925778,41.26476724]},"properties":{"type":"pakketpunt","locatieNaam":"Bsolutions","straatNaam":"Piazza Duomo","straatNr":"10","vervoerder":"PosteItaliane","puntType":"servicepunt","bezettingsgraad":50,"latitude":41.26476724,"longitude":15.89925778,"canPickup":true,"canDropoff":true,"openingstijden":{"za":"gesloten","zo":"gesloten","ma":"09:30 - 13:00, 17:00 - 20:00","di":"09:30 - 13:00, 17:00 - 20:00","wo":"09:30 - 13:00, 17:00 - 20:00","do":"09:30 - 13:00, 17:00 - 20:00","vr":"09:30 - 13:00, 17:00 - 20:00"}}},{"type":"Feature","geometry":{"type":"Point","coordinates":[15.8976721,41.26635386]},"properties":{"type":"pakketpunt","locatieNaam":"Tabaccheria N. 2","straatNaam":"Via Vittorio Veneto","straatNr":"55","vervoerder":"PosteItaliane","puntType":"servicepunt","bezettingsgraad":50,"latitude":41.26635386,"longitude":15.8976721,"canPickup":true,"canDropoff":true,"openingstijden":{"za":"08:00 - 13:00, 17:00 - 20:30","zo":"gesloten","ma":"08:00 - 13:00, 17:00 - 20:30","di":"08:00 - 13:00, 17:00 - 20:30","wo":"08:00 - 13:00, 17:00 - 20:30","do":"08:00 - 13:00, 17:00 - 20:30","vr":"08:00 - 13:00, 17:00 - 20:30"}}},{"type":"Feature","geometry":{"type":"Point","coordinates":[15.89459268,41.26578378]},"properties":{"type":"pakketpunt","locatieNaam":"Smilepay - Cerignola","straatNaam":"Corso Antonio Gramsci","straatNr":"22","vervoerder":"PosteItaliane","puntType":"servicepunt","bezettingsgraad":50,"latitude":41.26578378,"longitude":15.89459268,"canPickup":true,"canDropoff":true,"openingstijden":{"za":"09:00 - 13:00, 15:30 - 20:30","zo":"gesloten","ma":"09:00 - 13:00, 15:30 - 20:30","di":"09:00 - 13:00, 15:30 - 20:30","wo":"09:00 - 13:00, 15:30 - 20:30","do":"09:00 - 13:00, 15:30 - 20:30","vr":"09:00 - 13:00, 15:30 - 20:30"}}},{"type":"Feature","geometry":{"type":"Point","coordinates":[15.90594372,41.2639905]},"properties":{"type":"pakketpunt","locatieNaam":"Tabaccheria N. 21","straatNaam":"Corso Aldo Moro","straatNr":"12","vervoerder":"PosteItaliane","puntType":"servicepunt","bezettingsgraad":50,"latitude":41.2639905,"longitude":15.90594372,"canPickup":true,"canDropoff":true,"openingstijden":{"za":"08:00 - 13:00, 16:30 - 21:30","zo":"gesloten","ma":"08:00 - 13:00, 16:30 - 21:30","di":"08:00 - 13:00, 16:30 - 21:30","wo":"08:00 - 13:00, 16:30 - 21:30","do":"08:00 - 13:00, 16:30 - 21:30","vr":"08:00 - 13:00, 16:30 - 21:30"}}},{"type":"Feature","geometry":{"type":"Point","coordinates":[15.9002068,41.2597964]},"properties":{"type":"pakketpunt","locatieNaam":"Poste Levante - Cerignola","straatNaam":"VIA TEANO","straatNr":"16","vervoerder":"DPD","puntType":"pickup_point","bezettingsgraad":50,"latitude":41.2597964,"longitude":15.9002068,"canPickup":true,"canDropoff":true,"openingstijden":{"ma":"09:00 - 13:15, 17:00 - 19:45","di":"09:00 - 13:15, 17:00 - 19:45","wo":"09:00 - 13:15, 17:00 - 19:45","do":"09:00 - 13:15, 17:00 - 19:45","vr":"09:00 - 13:15, 17:00 - 19:45","za":"09:15 - 12:15","zo":"gesloten"}}},{"type":"Feature","geometry":{"type":"Point","coordinates":[15.8988761,41.257434]},"properties":{"type":"pakketpunt","locatieNaam":"Italiana Servizi Postali","straatNaam":"VIALE CIMITERO","straatNr":"81","vervoerder":"DPD","puntType":"pickup_point","bezettingsgraad":50,"latitude":41.257434,"longitude":15.8988761,"canPickup":true,"canDropoff":true,"openingstijden":{"ma":"09:00 - 12:30, 16:30 - 19:00","di":"09:00 - 12:30, 16:30 - 19:00","wo":"09:00 - 12:30, 16:30 - 19:00","do":"09:00 - 12:30, 16:30 - 19:00","vr":"09:00 - 12:30, 16:30 - 19:00","za":"09:00 - 11:00","zo":"gesloten"}}},{"type":"Feature","geometry":{"type":"Point","coordinates":[15.8948876,41.2658909]},"properties":{"type":"pakketpunt","locatieNaam":"Smile Pay","straatNaam":"C.SO ANTONIO GRAMSCI","straatNr":"22-24","vervoerder":"DPD","puntType":"pickup_point","bezettingsgraad":50,"latitude":41.2658909,"longitude":15.8948876,"canPickup":true,"canDropoff":true,"openingstijden":{"ma":"09:00 - 13:00, 16:00 - 21:00","di":"09:00 - 13:00, 16:00 - 21:00","wo":"09:00 - 13:00, 16:00 - 21:00","do":"09:00 - 13:00, 16:00 - 21:00","vr":"09:00 - 13:00, 16:00 - 21:00","za":"09:00 - 13:00, 16:00 - 21:00","zo":"09:00 - 13:00, 16:00 - 21:00"}}},{"type":"Feature","geometry":{"type":"Point","coordinates":[15.90547049,41.26328999]},"properties":{"type":"pakketpunt","locatieNaam":"Eagle Mail Services","straatNaam":"VIA XX SETTEMBRE","straatNr":"19","vervoerder":"DPD","puntType":"pickup_point","bezettingsgraad":50,"latitude":41.26328999,"longitude":15.90547049,"canPickup":true,"canDropoff":true,"openingstijden":{"ma":"09:00 - 12:30, 17:00 - 20:00","di":"09:00 - 12:30, 17:00 - 20:00","wo":"09:00 - 12:30, 17:00 - 20:00","do":"09:00 - 12:30, 17:00 - 20:00","vr":"09:00 - 12:30, 17:00 - 20:00","za":"gesloten","zo":"gesloten"}}},{"type":"Feature","geometry":{"type":"Point","coordinates":[15.907215,41.261158]},"properties":{"type":"pakketpunt","locatieNaam":"Aps Corriere Espresso","straatNaam":"VIA BARLETTA","straatNr":"10","vervoerder":"DPD","puntType":"pickup_point","bezettingsgraad":50,"latitude":41.261158,"longitude":15.907215,"canPickup":true,"canDropoff":true,"openingstijden":{"ma":"09:30 - 16:30","di":"09:30 - 16:30","wo":"09:30 - 16:30","do":"09:30 - 16:30","vr":"09:30 - 14:00","za":"gesloten","zo":"gesloten"}}},{"type":"Feature","geometry":{"type":"Point","coordinates":[15.9000691,41.2668323]},"properties":{"type":"pakketpunt","locatieNaam":"Ricevitoria Caputo","straatNaam":"VIA VITTORIO VENETO","straatNr":"103","vervoerder":"DPD","puntType":"pickup_point","bezettingsgraad":50,"latitude":41.2668323,"longitude":15.9000691,"canPickup":true,"canDropoff":true,"openingstijden":{"ma":"08:30 - 13:00, 17:00 - 20:00","di":"08:30 - 13:00, 17:00 - 20:00","wo":"08:30 - 13:00, 17:00 - 20:00","do":"08:30 - 13:00, 17:00 - 20:00","vr":"08:30 - 13:00, 17:00 - 20:00","za":"08:30 - 13:00, 17:00 - 20:00","zo":"gesloten"}}},{"type":"Feature","geometry":{"type":"Point","coordinates":[15.9053359,41.2680268]},"properties":{"type":"pakketpunt","locatieNaam":"TemporaryStock","straatNaam":"VIALE M. SANTISSIMA AUSILIATRICE","straatNr":"175","vervoerder":"DPD","puntType":"pickup_point","bezettingsgraad":50,"latitude":41.2680268,"longitude":15.9053359,"canPickup":true,"canDropoff":true,"openingstijden":{"ma":"09:00 - 13:00, 16:30 - 20:30","di":"09:00 - 13:00, 16:30 - 20:30","wo":"09:00 - 13:00, 16:30 - 20:30","do":"09:00 - 13:00, 16:30 - 20:30","vr":"09:00 - 13:00, 16:30 - 20:30","za":"09:00 - 13:00","zo":"gesloten"}}},{"type":"Feature","geometry":{"type":"Point","coordinates":[15.8949652,41.2732809]},"properties":{"type":"pakketpunt","locatieNaam":"Tabaccheria n32","straatNaam":"VIA MANFREDONIA","straatNr":"44","vervoerder":"DPD","puntType":"pickup_point","bezettingsgraad":50,"latitude":41.2732809,"longitude":15.8949652,"canPickup":true,"canDropoff":true,"openingstijden":{"ma":"07:00 - 13:30, 16:00 - 20:30","di":"07:00 - 13:30, 16:00 - 20:30","wo":"07:00 - 13:30, 16:00 - 20:30","do":"07:00 - 13:30, 16:00 - 20:30","vr":"07:00 - 13:30, 16:00 - 20:30","za":"07:00 - 13:30, 16:00 - 20:30","zo":"07:00 - 13:00"}}},{"type":"Feature","geometry":{"type":"Point","coordinates":[15.89751809,41.26294998]},"properties":{"type":"pakketpunt","locatieNaam":"Quinvio Express","straatNaam":"VIA IMOLA","straatNr":"10","vervoerder":"DPD","puntType":"pickup_point","bezettingsgraad":50,"latitude":41.26294998,"longitude":15.89751809,"canPickup":true,"canDropoff":true,"openingstijden":{"ma":"09:00 - 13:00, 16:00 - 20:00","di":"09:00 - 13:00, 16:00 - 20:00","wo":"09:00 - 13:00, 16:00 - 20:00","do":"09:00 - 13:00, 16:00 - 20:00","vr":"09:00 - 13:00, 16:00 - 20:00","za":"gesloten","zo":"gesloten"}}},{"type":"Feature","geometry":{"type":"Point","coordinates":[15.9091,41.26634]},"properties":{"type":"pakketpunt","locatieNaam":"BRT LOCKER - Impianto IP Via Falcon","straatNaam":"VIA FALCONE SNC","straatNr":"","vervoerder":"DPD","puntType":"dpd_box","bezettingsgraad":50,"latitude":41.26634,"longitude":15.9091,"canPickup":true,"canDropoff":true,"openingstijden":{"ma":"00:00 - 23:45","di":"00:00 - 23:45","wo":"00:00 - 23:45","do":"00:00 - 23:45","vr":"00:00 - 23:45","za":"00:00 - 23:45","zo":"00:00 - 23:45"}}},{"type":"Feature","geometry":{"type":"Point","coordinates":[15.88841,41.26542]},"properties":{"type":"pakketpunt","locatieNaam":"BRT LOCKER - Impianto IP Via Napoli","straatNaam":"VIA NAPOLI SNC","straatNr":"","vervoerder":"DPD","puntType":"dpd_box","bezettingsgraad":50,"latitude":41.26542,"longitude":15.88841,"canPickup":true,"canDropoff":true,"openingstijden":{"ma":"00:00 - 23:45","di":"00:00 - 23:45","wo":"00:00 - 23:45","do":"00:00 - 23:45","vr":"00:00 - 23:45","za":"00:00 - 23:45","zo":"00:00 - 23:45"}}},{"type":"Feature","geometry":{"type":"Point","coordinates":[15.8946473,41.2714669]},"properties":{"type":"pakketpunt","locatieNaam":"Carto Posta","straatNaam":"VIALE XXIV MAGGIO","straatNr":"114","vervoerder":"DPD","puntType":"pickup_point","bezettingsgraad":50,"latitude":41.2714669,"longitude":15.8946473,"canPickup":true,"canDropoff":true,"openingstijden":{"ma":"08:00 - 12:30, 16:00 - 20:00","di":"08:00 - 12:30, 16:00 - 20:00","wo":"08:00 - 12:30, 16:00 - 20:00","do":"08:00 - 12:30, 16:00 - 20:00","vr":"08:00 - 12:30, 16:00 - 20:00","za":"gesloten","zo":"16:00 - 20:00"}}},{"type":"Feature","geometry":{"type":"Point","coordinates":[15.8941624,41.2688345]},"properties":{"type":"pakketpunt","locatieNaam":"Poste Private Cerignola","straatNaam":"V.LE XXIV MAGGIO","straatNr":"33","vervoerder":"DPD","puntType":"pickup_point","bezettingsgraad":50,"latitude":41.2688345,"longitude":15.8941624,"canPickup":true,"canDropoff":true,"openingstijden":{"ma":"08:00 - 13:00, 16:00 - 20:00","di":"08:00 - 13:00, 16:00 - 20:00","wo":"08:00 - 13:00, 16:00 - 20:00","do":"08:00 - 13:00, 16:00 - 20:00","vr":"08:00 - 13:00, 16:00 - 20:00","za":"08:00 - 13:00, 16:00 - 20:00","zo":"16:00 - 20:00"}}},{"type":"Feature","geometry":{"type":"Point","coordinates":[15.9019945,41.2629179]},"properties":{"type":"pakketpunt","locatieNaam":"Vtech","straatNaam":"VIA FRATELLI ROSSELLI","straatNr":"42","vervoerder":"DPD","puntType":"pickup_point","bezettingsgraad":50,"latitude":41.2629179,"longitude":15.9019945,"canPickup":true,"canDropoff":true,"openingstijden":{"ma":"09:00 - 13:00, 17:00 - 21:00","di":"09:00 - 13:00, 17:00 - 21:00","wo":"09:00 - 13:00, 17:00 - 21:00","do":"09:00 - 13:00, 17:00 - 21:00","vr":"09:00 - 13:00, 17:00 - 21:00","za":"09:00 - 13:00, 17:00 - 21:00","zo":"gesloten"}}},{"type":"Feature","geometry":{"type":"Point","coordinates":[15.9022291,41.261089]},"properties":{"type":"pakketpunt","locatieNaam":"Poste&Service-Cerignola","straatNaam":"VIALE G. DI VITTORIO","straatNr":"34","vervoerder":"DPD","puntType":"pickup_point","bezettingsgraad":50,"latitude":41.261089,"longitude":15.9022291,"canPickup":true,"canDropoff":true,"openingstijden":{"ma":"08:30 - 12:30, 16:30 - 19:30","di":"08:30 - 12:30, 16:30 - 19:30","wo":"08:30 - 12:30, 16:30 - 19:30","do":"08:30 - 12:30, 16:30 - 19:30","vr":"08:30 - 12:30, 16:30 - 19:30","za":"gesloten","zo":"gesloten"}}},{"type":"Feature","geometry":{"type":"Point","coordinates":[15.900236,41.319316]},"properties":{"type":"pakketpunt","locatieNaam":"BRT LOCKER - Eni S.P.77","straatNaam":"S.P.77 KM.","straatNr":"5+300","vervoerder":"DPD","puntType":"dpd_box","bezettingsgraad":50,"latitude":41.319316,"longitude":15.900236,"canPickup":true,"canDropoff":true,"openingstijden":{"ma":"00:00 - 23:45","di":"00:00 - 23:45","wo":"00:00 - 23:45","do":"00:00 - 23:45","vr":"00:00 - 23:45","za":"00:00 - 23:45","zo":"00:00 - 23:45"}}},{"type":"Feature","geometry":{"type":"Point","coordinates":[15.9012443,41.2646489]},"properties":{"type":"pakketpunt","locatieNaam":"Posta Centrale Privata Via Roma","straatNaam":"VIA ROMA","straatNr":"14","vervoerder":"DPD","puntType":"pickup_point","bezettingsgraad":50,"latitude":41.2646489,"longitude":15.9012443,"canPickup":true,"canDropoff":true,"openingstijden":{"ma":"08:30 - 13:00, 16:00 - 20:30","di":"08:30 - 13:00, 16:00 - 20:30","wo":"08:30 - 13:00, 16:00 - 20:30","do":"08:30 - 13:00, 16:00 - 20:30","vr":"08:30 - 13:00, 16:00 - 20:30","za":"08:30 - 13:00","zo":"gesloten"}}},{"type":"Feature","geometry":{"type":"Point","coordinates":[15.89488,41.26585]},"properties":{"type":"pakketpunt","locatieNaam":"InPost Locker","straatNaam":"Corso Antonio Gramsci","straatNr":"24","vervoerder":"InPost","puntType":"automaat","bezettingsgraad":50,"latitude":41.26585,"longitude":15.89488,"canPickup":true,"canDropoff":true,"openingstijden":null}},{"type":"Feature","geometry":{"type":"Point","coordinates":[15.90008,41.2629]},"properties":{"type":"pakketpunt","locatieNaam":"InPost Locker","straatNaam":"Via Fratelli Rosselli","straatNr":"6","vervoerder":"InPost","puntType":"automaat","bezettingsgraad":50,"latitude":41.2629,"longitude":15.90008,"canPickup":true,"canDropoff":true,"openingstijden":null}},{"type":"Feature","geometry":{"type":"Point","coordinates":[15.90021,41.25994]},"properties":{"type":"pakketpunt","locatieNaam":"InPost Point","straatNaam":"Via Teano","straatNr":"16","vervoerder":"InPost","puntType":"servicepunt","bezettingsgraad":50,"latitude":41.25994,"longitude":15.90021,"canPickup":true,"canDropoff":true,"openingstijden":"Lun-Ven: 09:00 - 13:15 -  17:00 - 19:45 \r\nSab: 09:00 - 12:15"}},{"type":"Feature","geometry":{"type":"Point","coordinates":[15.89166,41.251]},"properties":{"type":"pakketpunt","locatieNaam":"InPost Locker 24/7","straatNaam":"SP 143","straatNr":"Km 1+0","vervoerder":"InPost","puntType":"automaat","bezettingsgraad":50,"latitude":41.251,"longitude":15.89166,"canPickup":true,"canDropoff":true,"openingstijden":null}},{"type":"Feature","geometry":{"type":"Point","coordinates":[15.91551,41.26272]},"properties":{"type":"pakketpunt","locatieNaam":"InPost Locker 24/7","straatNaam":"Via Scuola Agraria","straatNr":"25","vervoerder":"InPost","puntType":"automaat","bezettingsgraad":50,"latitude":41.26272,"longitude":15.91551,"canPickup":true,"canDropoff":true,"openingstijden":null}},{"type":"Feature","geometry":{"type":"Point","coordinates":[15.89741,41.2593]},"properties":{"type":"pakketpunt","locatieNaam":"InPost Locker 24/7","straatNaam":"Viale Levante","straatNr":"1","vervoerder":"InPost","puntType":"automaat","bezettingsgraad":50,"latitude":41.2593,"longitude":15.89741,"canPickup":true,"canDropoff":true,"openingstijden":null}},{"type":"Feature","geometry":{"type":"Point","coordinates":[15.90658,41.25843]},"properties":{"type":"pakketpunt","locatieNaam":"InPost Locker 24/7","straatNaam":"Viale Fra Daniele","straatNr":"snc","vervoerder":"InPost","puntType":"automaat","bezettingsgraad":50,"latitude":41.25843,"longitude":15.90658,"canPickup":true,"canDropoff":true,"openingstijden":null}},{"type":"Feature","geometry":{"type":"Point","coordinates":[15.8749,41.2631]},"properties":{"type":"pakketpunt","locatieNaam":"InPost Locker 24/7","straatNaam":"Via Torricelli","straatNr":"Snc","vervoerder":"InPost","puntType":"automaat","bezettingsgraad":50,"latitude":41.2631,"longitude":15.8749,"canPickup":true,"canDropoff":true,"openingstijden":null}},{"type":"Feature","geometry":{"type":"Point","coordinates":[15.91406,41.26274]},"properties":{"type":"pakketpunt","locatieNaam":"InPost Locker 24/7","straatNaam":"Corso Scuola Agraria","straatNr":"2A","vervoerder":"InPost","puntType":"automaat","bezettingsgraad":50,"latitude":41.26274,"longitude":15.91406,"canPickup":true,"canDropoff":true,"openingstijden":null}},{"type":"Feature","geometry":{"type":"Point","coordinates":[15.87885,41.26308]},"properties":{"type":"pakketpunt","locatieNaam":"InPost Locker","straatNaam":"Via Pigna Ang. Via Torricelli","straatNr":"snc","vervoerder":"InPost","puntType":"automaat","bezettingsgraad":50,"latitude":41.26308,"longitude":15.87885,"canPickup":true,"canDropoff":true,"openingstijden":null}},{"type":"Feature","geometry":{"type":"Point","coordinates":[15.9092,41.26645]},"properties":{"type":"pakketpunt","locatieNaam":"InPost Locker 24/7","straatNaam":"Via Giovanni Falcone","straatNr":"snc","vervoerder":"InPost","puntType":"automaat","bezettingsgraad":50,"latitude":41.26645,"longitude":15.9092,"canPickup":true,"canDropoff":true,"openingstijden":null}},{"type":"Feature","geometry":{"type":"Point","coordinates":[15.88863,41.26555]},"properties":{"type":"pakketpunt","locatieNaam":"InPost Locker 24/7","straatNaam":"Via Napoli","straatNr":"snc","vervoerder":"InPost","puntType":"automaat","bezettingsgraad":50,"latitude":41.26555,"longitude":15.88863,"canPickup":true,"canDropoff":true,"openingstijden":null}},{"type":"Feature","geometry":{"type":"Point","coordinates":[15.8635,41.27807]},"properties":{"type":"pakketpunt","locatieNaam":"InPost Locker 24/7","straatNaam":"SS 16","straatNr":"Km 708+650","vervoerder":"InPost","puntType":"automaat","bezettingsgraad":50,"latitude":41.27807,"longitude":15.8635,"canPickup":true,"canDropoff":true,"openingstijden":null}},{"type":"Feature","geometry":{"type":"Point","coordinates":[15.90783,41.26238]},"properties":{"type":"pakketpunt","locatieNaam":"InPost Locker","straatNaam":"Viale Paolo Borsellino","straatNr":"41","vervoerder":"InPost","puntType":"automaat","bezettingsgraad":50,"latitude":41.26238,"longitude":15.90783,"canPickup":true,"canDropoff":true,"openingstijden":null}},{"type":"Feature","geometry":{"type":"Point","coordinates":[15.90007,41.2668]},"properties":{"type":"pakketpunt","locatieNaam":"InPost Point","straatNaam":"Via Vittorio Veneto","straatNr":"103","vervoerder":"InPost","puntType":"servicepunt","bezettingsgraad":50,"latitude":41.2668,"longitude":15.90007,"canPickup":true,"canDropoff":true,"openingstijden":"Lun-Ven: 08:30 - 12:30 - 17:00  - 19:30 Sab: 08:30 - 12:30"}},{"type":"Feature","geometry":{"type":"Point","coordinates":[15.8967,41.26315]},"properties":{"type":"pakketpunt","locatieNaam":"InPost Point","straatNaam":"Via Modena","straatNr":"1","vervoerder":"InPost","puntType":"servicepunt","bezettingsgraad":50,"latitude":41.26315,"longitude":15.8967,"canPickup":true,"canDropoff":true,"openingstijden":"Lun-Ven: 08:30 - 14:00 - 16:00 - 19:00"}},{"type":"Feature","geometry":{"type":"Point","coordinates":[15.90168,41.26266]},"properties":{"type":"pakketpunt","locatieNaam":"InPost Point","straatNaam":"Via Fratelli Rosselli, 42, Cerignola, Province of Foggia, Italy","straatNr":"42","vervoerder":"InPost","puntType":"servicepunt","bezettingsgraad":50,"latitude":41.26266,"longitude":15.90168,"canPickup":true,"canDropoff":true,"openingstijden":"Lun-Sab 09:00-13:00, 17:00-21:00"}},{"type":"Feature","geometry":{"type":"Point","coordinates":[15.895208393,41.2597125197]},"properties":{"type":"pakketpunt","locatieNaam":"LG Spedizioni","straatNaam":"Viale Di Ponente","straatNr":"16","vervoerder":"GLS","puntType":"parcel_shop","bezettingsgraad":50,"latitude":41.2597125197,"longitude":15.895208393,"canPickup":true,"canDropoff":true,"openingstijden":"za: 08:30 - 13:30; ma: 08:30 - 13:30, 15:30 - 18:30"}},{"type":"Feature","geometry":{"type":"Point","coordinates":[15.915415042,41.2619549872]},"properties":{"type":"pakketpunt","locatieNaam":"TABACCHERIA DI UNICO ALESSANDRA","straatNaam":"Viale Giuseppe Di Vittorio","straatNr":"68","vervoerder":"GLS","puntType":"parcel_shop","bezettingsgraad":50,"latitude":41.2619549872,"longitude":15.915415042,"canPickup":true,"canDropoff":true,"openingstijden":"za: 08:00 - 13:00, 15:30 - 20:00; ma: 08:00 - 13:00, 15:30 - 20:00"}},{"type":"Feature","geometry":{"type":"Point","coordinates":[15.9027164091,41.2669331796]},"properties":{"type":"pakketpunt","locatieNaam":"Postaexpress","straatNaam":"Viale Giuseppe Di Vittorio","straatNr":"103","vervoerder":"GLS","puntType":"parcel_shop","bezettingsgraad":50,"latitude":41.2669331796,"longitude":15.9027164091,"canPickup":true,"canDropoff":true,"openingstijden":"ma: 08:30 - 12:30, 16:00 - 19:30; di: 08:30 - 12:30, 16:00 - 19:30"}},{"type":"Feature","geometry":{"type":"Point","coordinates":[15.9035800184,41.2739365378]},"properties":{"type":"pakketpunt","locatieNaam":"DEALDAYS SRL","straatNaam":"Viale Maria Santissima Ausiliatrice","straatNr":"175","vervoerder":"GLS","puntType":"parcel_shop","bezettingsgraad":50,"latitude":41.2739365378,"longitude":15.9035800184,"canPickup":true,"canDropoff":true,"openingstijden":"za: 09:00 - 13:00; ma: 09:00 - 13:00, 16:30 - 20:30"}},{"type":"Feature","geometry":{"type":"Point","coordinates":[15.8988806,41.2574428]},"properties":{"type":"pakketpunt","locatieNaam":"ITALIANA SERVIZI POSTALI DI CERIGNOLA","straatNaam":"Viale Cimitero","straatNr":"81","vervoerder":"GLS","puntType":"parcel_shop","bezettingsgraad":50,"latitude":41.2574428,"longitude":15.8988806,"canPickup":true,"canDropoff":true,"openingstijden":"za: 09:00 - 11:00; ma: 09:00 - 12:30, 16:30 - 19:00"}},{"type":"Feature","geometry":{"type":"Point","coordinates":[15.895752,41.259567]},"properties":{"type":"pakketpunt","locatieNaam":"CARTOLIBRERIA FABRIZIO","straatNaam":"Viale Di Ponente","straatNr":"31","vervoerder":"GLS","puntType":"parcel_shop","bezettingsgraad":50,"latitude":41.259567,"longitude":15.895752,"canPickup":true,"canDropoff":true,"openingstijden":"za: 08:00 - 13:00; ma: 08:00 - 13:00, 17:00 - 20:30"}},{"type":"Feature","geometry":{"type":"Point","coordinates":[15.9002068,41.2597964]},"properties":{"type":"pakketpunt","locatieNaam":"Poste Levante","straatNaam":"Via Teano","straatNr":"16","vervoerder":"GLS","puntType":"parcel_shop","bezettingsgraad":50,"latitude":41.2597964,"longitude":15.9002068,"canPickup":true,"canDropoff":true,"openingstijden":"za: 09:00 - 12:30; ma: 09:00 - 13:00, 17:00 - 20:00"}},{"type":"Feature","geometry":{"type":"Point","coordinates":[15.8989371,41.2597976]},"properties":{"type":"pakketpunt","locatieNaam":"Fatto@POSTA","straatNaam":"Viale Di Levante","straatNr":"38","vervoerder":"GLS","puntType":"parcel_shop","bezettingsgraad":50,"latitude":41.2597976,"longitude":15.8989371,"canPickup":true,"canDropoff":true,"openingstijden":"ma: 08:30 - 12:30, 16:30 - 19:30; di: 08:30 - 12:30, 16:30 - 19:30"}},{"type":"Feature","geometry":{"type":"Point","coordinates":[15.907495,41.2610602]},"properties":{"type":"pakketpunt","locatieNaam":"Sogni Di Carta","straatNaam":"Viale Paolo Borsellino","straatNr":"13","vervoerder":"GLS","puntType":"parcel_shop","bezettingsgraad":50,"latitude":41.2610602,"longitude":15.907495,"canPickup":true,"canDropoff":true,"openingstijden":"za: 08:00 - 13:30; ma: 08:00 - 13:30, 17:00 - 21:00"}},{"type":"Feature","geometry":{"type":"Point","coordinates":[15.9022291,41.261089]},"properties":{"type":"pakketpunt","locatieNaam":"POSTE&SERVICE","straatNaam":"Viale Giuseppe Di Vittorio","straatNr":"34","vervoerder":"GLS","puntType":"parcel_shop","bezettingsgraad":50,"latitude":41.261089,"longitude":15.9022291,"canPickup":true,"canDropoff":true,"openingstijden":"za: 08:30 - 12:30; ma: 08:30 - 13:00, 16:00 - 19:30"}},{"type":"Feature","geometry":{"type":"Point","coordinates":[15.9071862,41.261153]},"properties":{"type":"pakketpunt","locatieNaam":"APS CORRIERE ESPRESSO","straatNaam":"Via Barletta","straatNr":"10","vervoerder":"GLS","puntType":"parcel_shop","bezettingsgraad":50,"latitude":41.261153,"longitude":15.9071862,"canPickup":true,"canDropoff":true,"openingstijden":"ma: 09:30 - 16:30; di: 09:30 - 16:30"}},{"type":"Feature","geometry":{"type":"Point","coordinates":[15.9099587,41.261905]},"properties":{"type":"pakketpunt","locatieNaam":"Poste Private Gruppo Cianci","straatNaam":"Via Dei Donatori Di Sangue","straatNr":"1","vervoerder":"GLS","puntType":"parcel_shop","bezettingsgraad":50,"latitude":41.261905,"longitude":15.9099587,"canPickup":true,"canDropoff":true,"openingstijden":"za: 09:00 - 13:00; ma: 09:00 - 13:30, 16:30 - 20:00"}},{"type":"Feature","geometry":{"type":"Point","coordinates":[15.9078312,41.2623793]},"properties":{"type":"pakketpunt","locatieNaam":"CENTRO POST@","straatNaam":"Via Paolo Borsellino","straatNr":"41","vervoerder":"GLS","puntType":"parcel_shop","bezettingsgraad":50,"latitude":41.2623793,"longitude":15.9078312,"canPickup":true,"canDropoff":true,"openingstijden":"za: 08:30 - 13:00; ma: 08:30 - 13:00, 16:30 - 21:00"}},{"type":"Feature","geometry":{"type":"Point","coordinates":[15.9019945,41.2629179]},"properties":{"type":"pakketpunt","locatieNaam":"Videocall","straatNaam":"Via Fratelli Rosselli","straatNr":"42","vervoerder":"GLS","puntType":"parcel_shop","bezettingsgraad":50,"latitude":41.2629179,"longitude":15.9019945,"canPickup":true,"canDropoff":true,"openingstijden":"za: 09:00 - 13:00, 17:00 - 21:00; ma: 09:00 - 13:00, 17:00 - 21:00"}},{"type":"Feature","geometry":{"type":"Point","coordinates":[15.897502,41.262952]},"properties":{"type":"pakketpunt","locatieNaam":"QUINVIO EXPRESS","straatNaam":"Via Imola","straatNr":"10","vervoerder":"GLS","puntType":"parcel_shop","bezettingsgraad":50,"latitude":41.262952,"longitude":15.897502,"canPickup":true,"canDropoff":true,"openingstijden":"ma: 09:00 - 13:00, 16:00 - 20:00; di: 09:00 - 13:00, 16:00 - 20:00"}},{"type":"Feature","geometry":{"type":"Point","coordinates":[15.9055295,41.2632295]},"properties":{"type":"pakketpunt","locatieNaam":"EAGLE MAIL SERVICES","straatNaam":"Via Xx Settembre","straatNr":"19","vervoerder":"GLS","puntType":"parcel_shop","bezettingsgraad":50,"latitude":41.2632295,"longitude":15.9055295,"canPickup":true,"canDropoff":true,"openingstijden":"ma: 09:00 - 13:00, 17:00 - 20:00; di: 09:00 - 13:00, 17:00 - 20:00"}},{"type":"Feature","geometry":{"type":"Point","coordinates":[15.9072621,41.2641478]},"properties":{"type":"pakketpunt","locatieNaam":"POSTA E MULTISERVIZI","straatNaam":"Via Trieste","straatNr":"8","vervoerder":"GLS","puntType":"parcel_shop","bezettingsgraad":50,"latitude":41.2641478,"longitude":15.9072621,"canPickup":true,"canDropoff":true,"openingstijden":"ma: 09:00 - 12:30, 16:30 - 19:30; di: 09:00 - 12:30, 16:30 - 19:30"}},{"type":"Feature","geometry":{"type":"Point","coordinates":[15.8974537,41.264217]},"properties":{"type":"pakketpunt","locatieNaam":"Windtre Cerignola","straatNaam":"Viale F. D. Roosevelt","straatNr":"39","vervoerder":"GLS","puntType":"parcel_shop","bezettingsgraad":50,"latitude":41.264217,"longitude":15.8974537,"canPickup":true,"canDropoff":true,"openingstijden":"za: 09:00 - 13:00, 17:00 - 21:00; ma: 09:00 - 13:00, 17:00 - 21:00"}},{"type":"Feature","geometry":{"type":"Point","coordinates":[15.8976774,41.2644033]},"properties":{"type":"pakketpunt","locatieNaam":"GIOVE-TECH","straatNaam":"Via San Giuseppe","straatNr":"26","vervoerder":"GLS","puntType":"parcel_shop","bezettingsgraad":50,"latitude":41.2644033,"longitude":15.8976774,"canPickup":true,"canDropoff":true,"openingstijden":"za: 09:30 - 13:00; ma: 09:30 - 13:00, 17:30 - 21:00"}},{"type":"Feature","geometry":{"type":"Point","coordinates":[15.9089769,41.2655083]},"properties":{"type":"pakketpunt","locatieNaam":"TABACCHERIA DELL'ANGOLO","straatNaam":"Via Giovanni Falcone","straatNr":"66","vervoerder":"GLS","puntType":"parcel_shop","bezettingsgraad":50,"latitude":41.2655083,"longitude":15.9089769,"canPickup":true,"canDropoff":true,"openingstijden":"za: 08:00 - 13:00, 16:30 - 20:30; ma: 08:00 - 13:00, 16:30 - 20:30"}},{"type":"Feature","geometry":{"type":"Point","coordinates":[15.8956576,41.2656498]},"properties":{"type":"pakketpunt","locatieNaam":"TABACCHERIA DEL CORSO","straatNaam":"Corso Giuseppe Garibaldi","straatNr":"4","vervoerder":"GLS","puntType":"parcel_shop","bezettingsgraad":50,"latitude":41.2656498,"longitude":15.8956576,"canPickup":true,"canDropoff":true,"openingstijden":"za: 08:30 - 13:00, 16:30 - 20:30; ma: 08:30 - 13:00, 16:30 - 21:00"}},{"type":"Feature","geometry":{"type":"Point","coordinates":[15.906118,41.2658169]},"properties":{"type":"pakketpunt","locatieNaam":"Caffe' Detto","straatNaam":"Via Plebiscito","straatNr":"26","vervoerder":"GLS","puntType":"parcel_shop","bezettingsgraad":50,"latitude":41.2658169,"longitude":15.906118,"canPickup":true,"canDropoff":true,"openingstijden":"za: 09:00 - 13:00, 17:00 - 20:30; ma: 09:00 - 13:00, 17:00 - 20:30"}},{"type":"Feature","geometry":{"type":"Point","coordinates":[15.8948528,41.2658542]},"properties":{"type":"pakketpunt","locatieNaam":"SmilePay","straatNaam":"Corso Antonio Gramsci","straatNr":"24","vervoerder":"GLS","puntType":"parcel_shop","bezettingsgraad":50,"latitude":41.2658542,"longitude":15.8948528,"canPickup":true,"canDropoff":true,"openingstijden":"za: 09:00 - 13:00, 15:30 - 21:00; ma: 09:00 - 13:00, 15:30 - 21:00"}},{"type":"Feature","geometry":{"type":"Point","coordinates":[15.9000691,41.2668323]},"properties":{"type":"pakketpunt","locatieNaam":"Ricevitoria Caputo","straatNaam":"Via Vittoria Veneto","straatNr":"103","vervoerder":"GLS","puntType":"parcel_shop","bezettingsgraad":50,"latitude":41.2668323,"longitude":15.9000691,"canPickup":true,"canDropoff":true,"openingstijden":"za: 08:30 - 12:30; ma: 08:30 - 12:30, 17:00 - 20:00"}},{"type":"Feature","geometry":{"type":"Point","coordinates":[15.8941624,41.2688345]},"properties":{"type":"pakketpunt","locatieNaam":"POSTE PRIVATE CERIGNOLA","straatNaam":"Viale Xxiv Maggio","straatNr":"33","vervoerder":"GLS","puntType":"parcel_shop","bezettingsgraad":50,"latitude":41.2688345,"longitude":15.8941624,"canPickup":true,"canDropoff":true,"openingstijden":"za: 08:30 - 13:30; ma: 08:00 - 13:30, 15:30 - 20:00"}},{"type":"Feature","geometry":{"type":"Point","coordinates":[15.8960862,41.283364]},"properties":{"type":"pakketpunt","locatieNaam":"Sire Store","straatNaam":"Via Mafredonia Km 1","straatNr":"5","vervoerder":"GLS","puntType":"parcel_shop","bezettingsgraad":50,"latitude":41.283364,"longitude":15.8960862,"canPickup":true,"canDropoff":true,"openingstijden":"ma: 17:30 - 19:30; di: 17:30 - 19:30"}},{"type":"Feature","geometry":{"type":"Point","coordinates":[15.892616,41.260165]},"properties":{"type":"pakketpunt","locatieNaam":"CARTOLIBRERIA FABRIZIO","straatNaam":"V.le Di Ponente 31","straatNr":"","vervoerder":"DHL","puntType":"parcelShop","bezettingsgraad":50,"latitude":41.260165,"longitude":15.892616,"canPickup":false,"canDropoff":true,"openingstijden":{"ma":"08:00 - 21:00","di":"08:00 - 21:00","wo":"08:00 - 21:00","do":"08:00 - 21:00","vr":"08:00 - 21:00","za":"08:00 - 13:00","zo":"gesloten"}}},{"type":"Feature","geometry":{"type":"Point","coordinates":[15.889956,41.265488]},"properties":{"type":"pakketpunt","locatieNaam":"Ufficio Postale CERIGNOLA 1","straatNaam":"VIA NAPOLI 57","straatNr":"","vervoerder":"DHL","puntType":"postOffice","bezettingsgraad":50,"latitude":41.265488,"longitude":15.889956,"canPickup":true,"canDropoff":true,"openingstijden":{"ma":"08:20 - 19:05","di":"08:20 - 19:05","wo":"08:20 - 19:05","do":"08:20 - 19:05","vr":"08:20 - 19:05","za":"08:20 - 12:35","zo":"gesloten"}}},{"type":"Feature","geometry":{"type":"Point","coordinates":[15.896015,41.259697]},"properties":{"type":"pakketpunt","locatieNaam":"TABACCHERIA N. 9","straatNaam":"VIALE DI PONENTE 6","straatNr":"","vervoerder":"DHL","puntType":"parcelShop","bezettingsgraad":50,"latitude":41.259697,"longitude":15.896015,"canPickup":true,"canDropoff":true,"openingstijden":{"ma":"07:00 - 13:00, 16:00 - 21:00","di":"07:00 - 13:00, 16:00 - 21:00","wo":"07:00 - 13:00, 16:00 - 21:00","do":"07:00 - 13:00, 16:00 - 21:00","vr":"07:00 - 13:00, 16:00 - 21:00","za":"07:00 - 13:00, 16:00 - 21:00","zo":"gesloten"}}},{"type":"Feature","geometry":{"type":"Point","coordinates":[15.89503,41.262522]},"properties":{"type":"pakketpunt","locatieNaam":"TABACCHERIA N. 16","straatNaam":"VIA OFANTO 1","straatNr":"","vervoerder":"DHL","puntType":"parcelShop","bezettingsgraad":50,"latitude":41.262522,"longitude":15.89503,"canPickup":true,"canDropoff":true,"openingstijden":{"ma":"07:00 - 13:00, 15:00 - 21:00","di":"07:00 - 13:00, 15:00 - 21:00","wo":"07:00 - 13:00, 15:00 - 21:00","do":"07:00 - 13:00, 15:00 - 21:00","vr":"07:00 - 13:00, 15:00 - 21:00","za":"07:00 - 13:00, 15:00 - 21:00","zo":"07:00 - 13:00"}}},{"type":"Feature","geometry":{"type":"Point","coordinates":[15.898793,41.259897]},"properties":{"type":"pakketpunt","locatieNaam":"FATTO A POSTA","straatNaam":"VIALE DI LEVANTE 38","straatNr":"","vervoerder":"DHL","puntType":"packStation","bezettingsgraad":50,"latitude":41.259897,"longitude":15.898793,"canPickup":true,"canDropoff":true,"openingstijden":{"ma":"08:30 - 12:45, 16:45 - 19:45","di":"08:30 - 12:45, 16:45 - 19:45","wo":"08:30 - 12:45, 16:45 - 19:45","do":"08:30 - 12:45, 16:45 - 19:45","vr":"08:30 - 12:45, 16:45 - 19:45","za":"08:30 - 12:45","zo":"gesloten"}}},{"type":"Feature","geometry":{"type":"Point","coordinates":[15.893719,41.2653]},"properties":{"type":"pakketpunt","locatieNaam":"TABACCHERIA N. 7","straatNaam":"VIA PIETRO MASCAGNI 1","straatNr":"","vervoerder":"DHL","puntType":"parcelShop","bezettingsgraad":50,"latitude":41.2653,"longitude":15.893719,"canPickup":true,"canDropoff":true,"openingstijden":{"ma":"08:00 - 13:00, 17:00 - 20:00","di":"08:00 - 13:00, 17:00 - 20:00","wo":"08:00 - 13:00, 17:00 - 20:00","do":"08:00 - 13:00, 17:00 - 20:00","vr":"08:00 - 13:00, 17:00 - 20:00","za":"08:00 - 13:00, 17:00 - 20:00","zo":"gesloten"}}},{"type":"Feature","geometry":{"type":"Point","coordinates":[15.899038,41.259999]},"properties":{"type":"pakketpunt","locatieNaam":"TABACCHERIA N. 27","straatNaam":"VIALE DI LEVANTE 5","straatNr":"","vervoerder":"DHL","puntType":"parcelShop","bezettingsgraad":50,"latitude":41.259999,"longitude":15.899038,"canPickup":true,"canDropoff":true,"openingstijden":{"ma":"07:00 - 13:30, 16:00 - 21:00","di":"07:00 - 13:30, 16:00 - 21:00","wo":"07:00 - 13:30, 16:00 - 21:00","do":"07:00 - 13:30, 16:00 - 21:00","vr":"07:00 - 13:30, 16:00 - 21:00","za":"07:00 - 13:30, 16:00 - 21:00","zo":"gesloten"}}},{"type":"Feature","geometry":{"type":"Point","coordinates":[15.896055,41.263943]},"properties":{"type":"pakketpunt","locatieNaam":"TABACCHERIA N. 8","straatNaam":"VIA DON MINZONI 45","straatNr":"","vervoerder":"DHL","puntType":"parcelShop","bezettingsgraad":50,"latitude":41.263943,"longitude":15.896055,"canPickup":true,"canDropoff":true,"openingstijden":{"ma":"08:00 - 13:00, 16:30 - 20:30","di":"08:00 - 13:00, 16:30 - 20:30","wo":"08:00 - 13:00, 16:30 - 20:30","do":"08:00 - 13:00, 16:30 - 20:30","vr":"08:00 - 13:00, 16:30 - 20:30","za":"08:00 - 13:00, 16:30 - 20:30","zo":"gesloten"}}},{"type":"Feature","geometry":{"type":"Point","coordinates":[15.894593,41.265784]},"properties":{"type":"pakketpunt","locatieNaam":"SMILEPAY - CERIGNOLA","straatNaam":"CORSO ANTONIO GRAMSCI 22","straatNr":"","vervoerder":"DHL","puntType":"parcelShop","bezettingsgraad":50,"latitude":41.265784,"longitude":15.894593,"canPickup":true,"canDropoff":true,"openingstijden":{"ma":"09:00 - 13:00, 15:30 - 20:30","di":"09:00 - 13:00, 15:30 - 20:30","wo":"09:00 - 13:00, 15:30 - 20:30","do":"09:00 - 13:00, 15:30 - 20:30","vr":"09:00 - 13:00, 15:30 - 20:30","za":"09:00 - 13:00, 15:30 - 20:30","zo":"gesloten"}}},{"type":"Feature","geometry":{"type":"Point","coordinates":[15.897578,41.264909]},"properties":{"type":"pakketpunt","locatieNaam":"TABACCHERIA N. 12","straatNaam":"VIALE FRANKLIN DELANO ROOSEVELT 20","straatNr":"","vervoerder":"DHL","puntType":"parcelShop","bezettingsgraad":50,"latitude":41.264909,"longitude":15.897578,"canPickup":true,"canDropoff":true,"openingstijden":{"ma":"07:30 - 13:00, 16:30 - 21:00","di":"07:30 - 13:00, 16:30 - 21:00","wo":"07:30 - 13:00, 16:30 - 21:00","do":"07:30 - 13:00, 16:30 - 21:00","vr":"07:30 - 13:00, 16:30 - 21:00","za":"07:30 - 13:00, 16:30 - 21:00","zo":"10:00 - 13:00, 15:00 - 21:00"}}},{"type":"Feature","geometry":{"type":"Point","coordinates":[15.897275,41.265407]},"properties":{"type":"pakketpunt","locatieNaam":"TABACCHERIA N. 18","straatNaam":"CORSO GIUSEPPE GARIBALDI 36","straatNr":"","vervoerder":"DHL","puntType":"parcelShop","bezettingsgraad":50,"latitude":41.265407,"longitude":15.897275,"canPickup":true,"canDropoff":true,"openingstijden":{"ma":"08:00 - 13:00, 16:30 - 21:00","di":"08:00 - 13:00, 16:30 - 21:00","wo":"08:00 - 13:00, 16:30 - 21:00","do":"08:00 - 13:00, 16:30 - 21:00","vr":"08:00 - 13:00, 16:30 - 21:00","za":"08:00 - 13:00, 16:30 - 21:00","zo":"gesloten"}}},{"type":"Feature","geometry":{"type":"Point","coordinates":[15.899643,41.263161]},"properties":{"type":"pakketpunt","locatieNaam":"TABACCHERIA N. 20","straatNaam":"PIAZZA LIBERTA 19","straatNr":"","vervoerder":"DHL","puntType":"parcelShop","bezettingsgraad":50,"latitude":41.263161,"longitude":15.899643,"canPickup":true,"canDropoff":true,"openingstijden":{"ma":"07:30 - 13:30, 16:30 - 21:30","di":"07:30 - 13:30, 16:30 - 21:30","wo":"07:30 - 13:30, 16:30 - 21:30","do":"07:30 - 13:30, 16:30 - 21:30","vr":"07:30 - 13:30, 16:30 - 21:30","za":"07:30 - 13:30, 16:30 - 21:30","zo":"gesloten"}}},{"type":"Feature","geometry":{"type":"Point","coordinates":[15.899258,41.264767]},"properties":{"type":"pakketpunt","locatieNaam":"BSOLUTIONS","straatNaam":"PIAZZA DUOMO 10","straatNr":"","vervoerder":"DHL","puntType":"parcelShop","bezettingsgraad":50,"latitude":41.264767,"longitude":15.899258,"canPickup":true,"canDropoff":true,"openingstijden":{"ma":"09:30 - 13:00, 17:00 - 20:00","di":"09:30 - 13:00, 17:00 - 20:00","wo":"09:30 - 13:00, 17:00 - 20:00","do":"09:30 - 13:00, 17:00 - 20:00","vr":"09:30 - 13:00, 17:00 - 20:00","za":"gesloten","zo":"gesloten"}}},{"type":"Feature","geometry":{"type":"Point","coordinates":[15.897672,41.266354]},"properties":{"type":"pakketpunt","locatieNaam":"TABACCHERIA N. 2","straatNaam":"VIA VITTORIO VENETO 55","straatNr":"","vervoerder":"DHL","puntType":"parcelShop","bezettingsgraad":50,"latitude":41.266354,"longitude":15.897672,"canPickup":true,"canDropoff":true,"openingstijden":{"ma":"08:00 - 13:00, 17:00 - 20:30","di":"08:00 - 13:00, 17:00 - 20:30","wo":"08:00 - 13:00, 17:00 - 20:30","do":"08:00 - 13:00, 17:00 - 20:30","vr":"08:00 - 13:00, 17:00 - 20:30","za":"08:00 - 13:00, 17:00 - 20:30","zo":"gesloten"}}},{"type":"Feature","geometry":{"type":"Point","coordinates":[15.899264,41.265009]},"properties":{"type":"pakketpunt","locatieNaam":"Ufficio Postale CERIGNOLA","straatNaam":"PIAZZA DUOMO 3","straatNr":"","vervoerder":"DHL","puntType":"postOffice","bezettingsgraad":50,"latitude":41.265009,"longitude":15.899264,"canPickup":true,"canDropoff":true,"openingstijden":{"ma":"08:20 - 19:05","di":"08:20 - 19:05","wo":"08:20 - 19:05","do":"08:20 - 19:05","vr":"08:20 - 19:05","za":"08:20 - 12:35","zo":"gesloten"}}},{"type":"Feature","geometry":{"type":"Point","coordinates":[15.902427,41.262212]},"properties":{"type":"pakketpunt","locatieNaam":"TABACCHERIA N. 30","straatNaam":"VIALE GIUSEPPE DI VITTORIO 68","straatNr":"","vervoerder":"DHL","puntType":"parcelShop","bezettingsgraad":50,"latitude":41.262212,"longitude":15.902427,"canPickup":true,"canDropoff":true,"openingstijden":{"ma":"07:00 - 13:30, 16:00 - 21:30","di":"07:00 - 13:30, 16:00 - 21:30","wo":"07:00 - 13:30, 16:00 - 21:30","do":"07:00 - 13:30, 16:00 - 21:30","vr":"07:00 - 13:30, 16:00 - 21:30","za":"07:00 - 13:30, 16:00 - 21:30","zo":"18:00 - 21:30"}}},{"type":"Feature","geometry":{"type":"Point","coordinates":[15.902101,41.264672]},"properties":{"type":"pakketpunt","locatieNaam":"TABACCHERIA N. 10","straatNaam":"VIA ROMA 39","straatNr":"","vervoerder":"DHL","puntType":"parcelShop","bezettingsgraad":50,"latitude":41.264672,"longitude":15.902101,"canPickup":true,"canDropoff":true,"openingstijden":{"ma":"07:00 - 13:30, 16:00 - 21:30","di":"07:00 - 13:30, 16:00 - 21:30","wo":"07:00 - 13:30, 16:00 - 21:30","do":"07:00 - 13:30, 16:00 - 21:30","vr":"07:00 - 13:30, 16:00 - 21:30","za":"07:00 - 13:30, 16:00 - 21:30","zo":"gesloten"}}},{"type":"Feature","geometry":{"type":"Point","coordinates":[15.900069,41.266832]},"properties":{"type":"pakketpunt","locatieNaam":"CAPUTO RICEVITORIA","straatNaam":"Via Vittorio Veneto 103","straatNr":"","vervoerder":"DHL","puntType":"parcelShop","bezettingsgraad":50,"latitude":41.266832,"longitude":15.900069,"canPickup":false,"canDropoff":true,"openingstijden":{"ma":"08:30 - 20:30","di":"08:30 - 20:30","wo":"08:30 - 20:30","do":"08:30 - 20:30","vr":"08:30 - 20:30","za":"08:30 - 20:30","zo":"gesloten"}}},{"type":"Feature","geometry":{"type":"Point","coordinates":[15.897047,41.269932]},"properties":{"type":"pakketpunt","locatieNaam":"TABACCHERIA N. 37","straatNaam":"VIA SAN LEONARDO 140","straatNr":"","vervoerder":"DHL","puntType":"parcelShop","bezettingsgraad":50,"latitude":41.269932,"longitude":15.897047,"canPickup":true,"canDropoff":true,"openingstijden":{"ma":"08:00 - 12:00, 17:00 - 20:00","di":"08:00 - 12:00, 17:00 - 20:00","wo":"08:00 - 12:00, 17:00 - 20:00","do":"08:00 - 12:00, 17:00 - 20:00","vr":"08:00 - 12:00, 17:00 - 20:00","za":"08:00 - 12:00, 17:00 - 20:00","zo":"gesloten"}}},{"type":"Feature","geometry":{"type":"Point","coordinates":[15.900477,41.266783]},"properties":{"type":"pakketpunt","locatieNaam":"TABACCHERIA N. 11","straatNaam":"VIA VITTORIO VENETO 116","straatNr":"","vervoerder":"DHL","puntType":"parcelShop","bezettingsgraad":50,"latitude":41.266783,"longitude":15.900477,"canPickup":true,"canDropoff":true,"openingstijden":{"ma":"08:30 - 13:00, 17:30 - 20:30","di":"08:30 - 13:00, 17:30 - 20:30","wo":"08:30 - 13:00, 17:30 - 20:30","do":"08:30 - 13:00, 17:30 - 20:30","vr":"08:30 - 13:00, 17:30 - 20:30","za":"08:30 - 13:00, 17:30 - 20:30","zo":"gesloten"}}},{"type":"Feature","geometry":{"type":"Point","coordinates":[15.907575,41.260105]},"properties":{"type":"pakketpunt","locatieNaam":"STAZIONE DI SERVIZIO TAMOIL","straatNaam":"VIA DEI MANDORLI SNC 1","straatNr":"","vervoerder":"DHL","puntType":"packStation","bezettingsgraad":50,"latitude":41.260105,"longitude":15.907575,"canPickup":true,"canDropoff":true,"openingstijden":{"ma":"00:01 - 23:59","di":"00:01 - 23:59","wo":"00:01 - 23:59","do":"00:01 - 23:59","vr":"00:01 - 23:59","za":"00:01 - 23:59","zo":"00:01 - 23:59"}}},{"type":"Feature","geometry":{"type":"Point","coordinates":[15.905417,41.263282]},"properties":{"type":"pakketpunt","locatieNaam":"EAGLE MAIL SERVICE","straatNaam":"XX Settembre, 19","straatNr":"","vervoerder":"DHL","puntType":"parcelShop","bezettingsgraad":50,"latitude":41.263282,"longitude":15.905417,"canPickup":false,"canDropoff":true,"openingstijden":{"ma":"09:00 - 20:00","di":"09:00 - 20:00","wo":"09:00 - 20:00","do":"09:00 - 20:00","vr":"09:00 - 20:00","za":"gesloten","zo":"gesloten"}}},{"type":"Feature","geometry":{"type":"Point","coordinates":[15.894845,41.273486]},"properties":{"type":"pakketpunt","locatieNaam":"TABACCHERIA N. 32","straatNaam":"VIA MANFREDONIA 44","straatNr":"","vervoerder":"DHL","puntType":"parcelShop","bezettingsgraad":50,"latitude":41.273486,"longitude":15.894845,"canPickup":true,"canDropoff":true,"openingstijden":{"ma":"07:00 - 13:30, 16:30 - 20:30","di":"07:00 - 13:30, 16:30 - 20:30","wo":"07:00 - 13:30, 16:30 - 20:30","do":"07:00 - 13:30, 16:30 - 20:30","vr":"07:00 - 13:30, 16:30 - 20:30","za":"07:00 - 13:30, 16:30 - 20:30","zo":"gesloten"}}},{"type":"Feature","geometry":{"type":"Point","coordinates":[15.907657,41.261014]},"properties":{"type":"pakketpunt","locatieNaam":"TABACCHERIA N. 42","straatNaam":"VIALE PAOLO BORSELLINO 2","straatNr":"","vervoerder":"DHL","puntType":"parcelShop","bezettingsgraad":50,"latitude":41.261014,"longitude":15.907657,"canPickup":true,"canDropoff":true,"openingstijden":{"ma":"07:00 - 13:00, 16:00 - 20:00","di":"07:00 - 13:00, 16:00 - 20:00","wo":"07:00 - 13:00, 16:00 - 20:00","do":"07:00 - 13:00, 16:00 - 20:00","vr":"07:00 - 13:00, 16:00 - 20:00","za":"07:00 - 13:00, 16:00 - 20:00","zo":"08:30 - 13:30, 18:00 - 20:00"}}},{"type":"Feature","geometry":{"type":"Point","coordinates":[15.905944,41.263991]},"properties":{"type":"pakketpunt","locatieNaam":"TABACCHERIA N. 21","straatNaam":"CORSO ALDO MORO 12","straatNr":"","vervoerder":"DHL","puntType":"parcelShop","bezettingsgraad":50,"latitude":41.263991,"longitude":15.905944,"canPickup":true,"canDropoff":true,"openingstijden":{"ma":"08:00 - 13:00, 16:30 - 21:30","di":"08:00 - 13:00, 16:30 - 21:30","wo":"08:00 - 13:00, 16:30 - 21:30","do":"08:00 - 13:00, 16:30 - 21:30","vr":"08:00 - 13:00, 16:30 - 21:30","za":"08:00 - 13:00, 16:30 - 21:30","zo":"gesloten"}}},{"type":"Feature","geometry":{"type":"Point","coordinates":[15.907019,41.265768]},"properties":{"type":"pakketpunt","locatieNaam":"Ufficio Postale CERIGNOLA 2","straatNaam":"VIA CORSICA 54","straatNr":"","vervoerder":"DHL","puntType":"postOffice","bezettingsgraad":50,"latitude":41.265768,"longitude":15.907019,"canPickup":true,"canDropoff":true,"openingstijden":{"ma":"08:20 - 13:35","di":"08:20 - 13:35","wo":"08:20 - 13:35","do":"08:20 - 13:35","vr":"08:20 - 13:35","za":"08:20 - 12:35","zo":"gesloten"}}},{"type":"Feature","geometry":{"type":"Point","coordinates":[15.908552,41.26492]},"properties":{"type":"pakketpunt","locatieNaam":"TABACCHERIA N. 19","straatNaam":"VIA GIOVANNI FALCONE 66","straatNr":"","vervoerder":"DHL","puntType":"parcelShop","bezettingsgraad":50,"latitude":41.26492,"longitude":15.908552,"canPickup":true,"canDropoff":true,"openingstijden":{"ma":"07:00 - 13:00, 17:00 - 21:00","di":"07:00 - 13:00, 17:00 - 21:00","wo":"07:00 - 13:30, 17:00 - 21:00","do":"07:00 - 13:00, 17:00 - 21:00","vr":"07:00 - 13:00, 17:00 - 21:00","za":"07:00 - 13:00, 17:00 - 21:00","zo":"gesloten"}}},{"type":"Feature","geometry":{"type":"Point","coordinates":[15.908497,41.265352]},"properties":{"type":"pakketpunt","locatieNaam":"KIPOINT VIA GIOVANNI FALCONE","straatNaam":"VIA GIOVANNI FALCONE 19","straatNr":"","vervoerder":"DHL","puntType":"parcelShop","bezettingsgraad":50,"latitude":41.265352,"longitude":15.908497,"canPickup":true,"canDropoff":true,"openingstijden":{"ma":"08:30 - 13:30, 16:00 - 20:00","di":"08:30 - 13:30, 16:00 - 20:00","wo":"08:30 - 13:30, 16:00 - 20:00","do":"08:30 - 13:30, 16:00 - 20:00","vr":"08:30 - 13:30, 16:00 - 20:00","za":"08:30 - 13:00","zo":"gesloten"}}},{"type":"Feature","geometry":{"type":"Point","coordinates":[15.894321,41.273685]},"properties":{"type":"pakketpunt","locatieNaam":"Amazon Locker - cuniberto","straatNaam":"PENNY MARKET - CERIGNOLA 2","straatNr":"","vervoerder":"Amazon","puntType":"locker","bezettingsgraad":50,"latitude":41.273685,"longitude":15.894321,"canPickup":true,"canDropoff":false,"openingstijden":null}},{"type":"Feature","geometry":{"type":"Point","coordinates":[15.9076449,41.2609963]},"properties":{"type":"pakketpunt","locatieNaam":"Amazon Counter - Sogni Di Carta","straatNaam":"Viale Paolo Borsellino, 13","straatNr":"","vervoerder":"Amazon","puntType":"helix","bezettingsgraad":50,"latitude":41.2609963,"longitude":15.9076449,"canPickup":true,"canDropoff":false,"openingstijden":null}},{"type":"Feature","geometry":{"type":"Point","coordinates":[15.9002226,41.2598007]},"properties":{"type":"pakketpunt","locatieNaam":"Amazon Counter - Poste Levante","straatNaam":"Via Teano, 16","straatNr":"","vervoerder":"Amazon","puntType":"helix","bezettingsgraad":50,"latitude":41.2598007,"longitude":15.9002226,"canPickup":true,"canDropoff":false,"openingstijden":null}},{"type":"Feature","geometry":{"type":"Point","coordinates":[15.9017684,41.2627069]},"properties":{"type":"pakketpunt","locatieNaam":"Amazon Counter","straatNaam":"Vtech (fermopoint)","straatNr":"","vervoerder":"Amazon","puntType":"helix","bezettingsgraad":50,"latitude":41.2627069,"longitude":15.9017684,"canPickup":true,"canDropoff":false,"openingstijden":null}},{"type":"Feature","geometry":{"type":"Point","coordinates":[15.901217,41.264759]},"properties":{"type":"pakketpunt","locatieNaam":"Amazon Counter (fermopoint)","straatNaam":"Posta Centrale Privata Via Roma","straatNr":"","vervoerder":"Amazon","puntType":"helix","bezettingsgraad":50,"latitude":41.264759,"longitude":15.901217,"canPickup":true,"canDropoff":false,"openingstijden":null}},{"type":"Feature","geometry":{"type":"Point","coordinates":[15.898937,41.259798]},"properties":{"type":"pakketpunt","locatieNaam":"Amazon Counter - PIAZZOLLA DANIELA","straatNaam":"VIALE di levante 38","straatNr":"","vervoerder":"Amazon","puntType":"helix","bezettingsgraad":50,"latitude":41.259798,"longitude":15.898937,"canPickup":true,"canDropoff":false,"openingstijden":null}},{"type":"Feature","geometry":{"type":"Point","coordinates":[15.893588,41.258775]},"properties":{"type":"pakketpunt","locatieNaam":"Amazon Locker - cunegondo","straatNaam":"PENNY MARKET - CERIGNOLA 1","straatNr":"","vervoerder":"Amazon","puntType":"locker","bezettingsgraad":50,"latitude":41.258775,"longitude":15.893588,"canPickup":true,"canDropoff":false,"openingstijden":null}},{"type":"Feature","geometry":{"type":"Point","coordinates":[15.909863,41.261962]},"properties":{"type":"pakketpunt","locatieNaam":"Amazon Counter - Poste Private Gruppo Cianci","straatNaam":"Via dei donatori di sangue, 1","straatNr":"","vervoerder":"Amazon","puntType":"helix","bezettingsgraad":50,"latitude":41.261962,"longitude":15.909863,"canPickup":true,"canDropoff":false,"openingstijden":null}},{"type":"Feature","geometry":{"type":"Point","coordinates":[15.900137,41.266722]},"properties":{"type":"pakketpunt","locatieNaam":"Amazon Counter","straatNaam":"Ricevitoria Caputo (fermopoint)","straatNr":"","vervoerder":"Amazon","puntType":"helix","bezettingsgraad":50,"latitude":41.266722,"longitude":15.900137,"canPickup":true,"canDropoff":false,"openingstijden":null}},{"type":"Feature","geometry":{"type":"Point","coordinates":[15.898734,41.257457]},"properties":{"type":"pakketpunt","locatieNaam":"Amazon Counter (fermopoint)","straatNaam":"Italiana Servizi Postali","straatNr":"","vervoerder":"Amazon","puntType":"helix","bezettingsgraad":50,"latitude":41.257457,"longitude":15.898734,"canPickup":true,"canDropoff":false,"openingstijden":null}},{"type":"Feature","geometry":{"type":"Point","coordinates":[15.895,41.2625]},"properties":{"type":"pakketpunt","locatieNaam":"PuntoPoste TABACCHERIA N. 16","straatNaam":"VIA OFANTO 1","straatNr":"","vervoerder":"Amazon","puntType":"3p","bezettingsgraad":50,"latitude":41.2625,"longitude":15.895,"canPickup":true,"canDropoff":false,"openingstijden":null}},{"type":"Feature","geometry":{"type":"Point","coordinates":[15.893646,41.264177]},"properties":{"type":"pakketpunt","locatieNaam":"Amazon Counter - Bar Aurora","straatNaam":"Via Pietro Mascagni, 65","straatNr":"","vervoerder":"Amazon","puntType":"helix","bezettingsgraad":50,"latitude":41.264177,"longitude":15.893646,"canPickup":true,"canDropoff":false,"openingstijden":null}},{"type":"Feature","geometry":{"type":"Point","coordinates":[15.897539,41.262967]},"properties":{"type":"pakketpunt","locatieNaam":"Amazon Counter","straatNaam":"Quinvio Express (fermopoint)","straatNr":"","vervoerder":"Amazon","puntType":"helix","bezettingsgraad":50,"latitude":41.262967,"longitude":15.897539,"canPickup":true,"canDropoff":false,"openingstijden":null}},{"type":"Feature","geometry":{"type":"Point","coordinates":[15.894859,41.273361]},"properties":{"type":"pakketpunt","locatieNaam":"Amazon Counter","straatNaam":"Tabaccheria n32 (fermopoint)","straatNr":"","vervoerder":"Amazon","puntType":"helix","bezettingsgraad":50,"latitude":41.273361,"longitude":15.894859,"canPickup":true,"canDropoff":false,"openingstijden":null}},{"type":"Feature","geometry":{"type":"Point","coordinates":[15.907831,41.262379]},"properties":{"type":"pakketpunt","locatieNaam":"Amazon Counter - METTA MATTEO","straatNaam":"VIA p. borsellino 41","straatNr":"","vervoerder":"Amazon","puntType":"helix","bezettingsgraad":50,"latitude":41.262379,"longitude":15.907831,"canPickup":true,"canDropoff":false,"openingstijden":null}},{"type":"Feature","geometry":{"type":"Point","coordinates":[15.90535,41.263259]},"properties":{"type":"pakketpunt","locatieNaam":"Amazon Counter (fermopoint)","straatNaam":"Eagle Mail Services","straatNr":"","vervoerder":"Amazon","puntType":"helix","bezettingsgraad":50,"latitude":41.263259,"longitude":15.90535,"canPickup":true,"canDropoff":false,"openingstijden":null}},{"type":"Feature","geometry":{"type":"Point","coordinates":[15.9024159,41.2622604]},"properties":{"type":"pakketpunt","locatieNaam":"Amazon Counter - TABACCHERIA UNICO","straatNaam":"VIA G DI VITTORIO 68","straatNr":"","vervoerder":"Amazon","puntType":"helix","bezettingsgraad":50,"latitude":41.2622604,"longitude":15.9024159,"canPickup":true,"canDropoff":false,"openingstijden":null}},{"type":"Feature","geometry":{"type":"Point","coordinates":[15.8992,41.265]},"properties":{"type":"pakketpunt","locatieNaam":"Ufficio Postale CERIGNOLA","straatNaam":"PIAZZA DUOMO 3","straatNr":"","vervoerder":"Amazon","puntType":"3p","bezettingsgraad":50,"latitude":41.265,"longitude":15.8992,"canPickup":true,"canDropoff":false,"openingstijden":null}},{"type":"Feature","geometry":{"type":"Point","coordinates":[15.8989212,41.265013]},"properties":{"type":"pakketpunt","locatieNaam":"Amazon Counter - PRIMAEDICOLA","straatNaam":"SIGNORIELLO SALVATORINA","straatNr":"","vervoerder":"Amazon","puntType":"helix","bezettingsgraad":50,"latitude":41.265013,"longitude":15.8989212,"canPickup":true,"canDropoff":false,"openingstijden":null}},{"type":"Feature","geometry":{"type":"Point","coordinates":[15.9076,41.261]},"properties":{"type":"pakketpunt","locatieNaam":"PuntoPoste TABACCHERIA N. 42","straatNaam":"VIALE PAOLO BORSELLINO 2","straatNr":"","vervoerder":"Amazon","puntType":"3p","bezettingsgraad":50,"latitude":41.261,"longitude":15.9076,"canPickup":true,"canDropoff":false,"openingstijden":null}},{"type":"Feature","geometry":{"type":"Point","coordinates":[15.894184,41.268756]},"properties":{"type":"pakketpunt","locatieNaam":"Amazon Counter","straatNaam":"Poste Private Cerignola (fermopoint)","straatNr":"","vervoerder":"Amazon","puntType":"helix","bezettingsgraad":50,"latitude":41.268756,"longitude":15.894184,"canPickup":true,"canDropoff":false,"openingstijden":null}},{"type":"Feature","geometry":{"type":"Point","coordinates":[15.8946473,41.2714669]},"properties":{"type":"pakketpunt","locatieNaam":"Amazon Counter","straatNaam":"Carto Posta (fermopoint)","straatNr":"","vervoerder":"Amazon","puntType":"helix","bezettingsgraad":50,"latitude":41.2714669,"longitude":15.8946473,"canPickup":true,"canDropoff":false,"openingstijden":null}},{"type":"Feature","geometry":{"type":"Point","coordinates":[15.8948,41.2734]},"properties":{"type":"pakketpunt","locatieNaam":"PuntoPoste TABACCHERIA N. 32","straatNaam":"VIA MANFREDONIA 44","straatNr":"","vervoerder":"Amazon","puntType":"3p","bezettingsgraad":50,"latitude":41.2734,"longitude":15.8948,"canPickup":true,"canDropoff":false,"openingstijden":null}},{"type":"Feature","geometry":{"type":"Point","coordinates":[15.897,41.2699]},"properties":{"type":"pakketpunt","locatieNaam":"PuntoPoste TABACCHERIA N. 37","straatNaam":"VIA SAN LEONARDO 140","straatNr":"","vervoerder":"Amazon","puntType":"3p","bezettingsgraad":50,"latitude":41.2699,"longitude":15.897,"canPickup":true,"canDropoff":false,"openingstijden":null}},{"type":"Feature","geometry":{"type":"Point","coordinates":[15.9053359,41.2680106717181]},"properties":{"type":"pakketpunt","locatieNaam":"Amazon Counter (fermopoint)","straatNaam":"TemporaryStock","straatNr":"","vervoerder":"Amazon","puntType":"helix","bezettingsgraad":50,"latitude":41.2680106717181,"longitude":15.9053359,"canPickup":true,"canDropoff":false,"openingstijden":null}},{"type":"Feature","geometry":{"type":"Point","coordinates":[15.866,41.3991]},"properties":{"type":"pakketpunt","locatieNaam":"PuntoPoste TABACCHERIA N. 22","straatNaam":"VIA PINETA TRESSANTI BORGO TRESSANTE 26","straatNr":"","vervoerder":"Amazon","puntType":"3p","bezettingsgraad":50,"latitude":41.3991,"longitude":15.866,"canPickup":true,"canDropoff":false,"openingstijden":null}},{"type":"Feature","geometry":{"type":"Point","coordinates":[15.9022291,41.261089]},"properties":{"type":"pakketpunt","locatieNaam":"Amazon Counter (fermopoint)","straatNaam":"Poste&Service-Cerignola","straatNr":"","vervoerder":"Amazon","puntType":"helix","bezettingsgraad":50,"latitude":41.261089,"longitude":15.9022291,"canPickup":true,"canDropoff":false,"openingstijden":null}},{"type":"Feature","geometry":{"type":"Point","coordinates":[15.896,41.2596]},"properties":{"type":"pakketpunt","locatieNaam":"PuntoPoste TABACCHERIA N. 9","straatNaam":"VIALE DI PONENTE 6","straatNr":"","vervoerder":"Amazon","puntType":"3p","bezettingsgraad":50,"latitude":41.2596,"longitude":15.896,"canPickup":true,"canDropoff":false,"openingstijden":null}},{"type":"Feature","geometry":{"type":"Point","coordinates":[15.9000833,41.2629002]},"properties":{"type":"pakketpunt","locatieNaam":"Amazon Counter (fermopoint)","straatNaam":"Posta Privata Nazionale Cerignola","straatNr":"","vervoerder":"Amazon","puntType":"helix","bezettingsgraad":50,"latitude":41.2629002,"longitude":15.9000833,"canPickup":true,"canDropoff":false,"openingstijden":null}},{"type":"Feature","geometry":{"type":"Point","coordinates":[15.8996,41.2631]},"properties":{"type":"pakketpunt","locatieNaam":"PuntoPoste TABACCHERIA N. 20","straatNaam":"PIAZZA LIBERTA' 19","straatNr":"","vervoerder":"Amazon","puntType":"3p","bezettingsgraad":50,"latitude":41.2631,"longitude":15.8996,"canPickup":true,"canDropoff":false,"openingstijden":null}},{"type":"Feature","geometry":{"type":"Point","coordinates":[15.91118,41.26358]},"properties":{"type":"pakketpunt","locatieNaam":"Amazon Counter - Enilive Station (n.09245)","straatNaam":"CORSO ALDO MORO 239","straatNr":"","vervoerder":"Amazon","puntType":"helix","bezettingsgraad":50,"latitude":41.26358,"longitude":15.91118,"canPickup":true,"canDropoff":false,"openingstijden":null}},{"type":"Feature","geometry":{"type":"Point","coordinates":[15.9018,41.2687]},"properties":{"type":"pakketpunt","locatieNaam":"PuntoPoste TABACCHERIA N. 48","straatNaam":"VIALE MARIA SANTISSIMA AUSILIATRICE 99","straatNr":"","vervoerder":"Amazon","puntType":"3p","bezettingsgraad":50,"latitude":41.2687,"longitude":15.9018,"canPickup":true,"canDropoff":false,"openingstijden":null}},{"type":"Feature","geometry":{"type":"Point","coordinates":[15.8972,41.2654]},"properties":{"type":"pakketpunt","locatieNaam":"PuntoPoste TABACCHERIA N. 18","straatNaam":"CORSO GIUSEPPE GARIBALDI 36","straatNr":"","vervoerder":"Amazon","puntType":"3p","bezettingsgraad":50,"latitude":41.2654,"longitude":15.8972,"canPickup":true,"canDropoff":false,"openingstijden":null}},{"type":"Feature","geometry":{"type":"Point","coordinates":[15.9004,41.2667]},"properties":{"type":"pakketpunt","locatieNaam":"PuntoPoste TABACCHERIA N. 11","straatNaam":"VIA VITTORIO VENETO 116","straatNr":"","vervoerder":"Amazon","puntType":"3p","bezettingsgraad":50,"latitude":41.2667,"longitude":15.9004,"canPickup":true,"canDropoff":false,"openingstijden":null}},{"type":"Feature","geometry":{"type":"Point","coordinates":[15.9021,41.2646]},"properties":{"type":"pakketpunt","locatieNaam":"PuntoPoste TABACCHERIA N. 10","straatNaam":"VIA ROMA 39","straatNr":"","vervoerder":"Amazon","puntType":"3p","bezettingsgraad":50,"latitude":41.2646,"longitude":15.9021,"canPickup":true,"canDropoff":false,"openingstijden":null}},{"type":"Feature","geometry":{"type":"Point","coordinates":[15.89881338313524,41.25745296244458]},"properties":{"type":"pakketpunt","locatieNaam":"FedEx OnSite","straatNaam":"VIALE CIMITERO, 81","straatNr":"","vervoerder":"FedEx","puntType":"servicepunt","bezettingsgraad":50,"latitude":41.25745296244458,"longitude":15.89881338313524,"canPickup":true,"canDropoff":true,"openingstijden":{"ma":"09:00 - 12:30, 16:30 - 19:00","di":"09:00 - 12:30, 16:30 - 19:00","wo":"09:00 - 12:30, 16:30 - 19:00","do":"09:00 - 12:30, 16:30 - 19:00","vr":"09:00 - 12:30, 16:30 - 19:00","za":"09:00 - 11:00","zo":"gesloten"}}},{"type":"Feature","geometry":{"type":"Point","coordinates":[15.895750112393294,41.25953141712766]},"properties":{"type":"pakketpunt","locatieNaam":"FedEx OnSite","straatNaam":"Viale di Ponente, 31","straatNr":"","vervoerder":"FedEx","puntType":"servicepunt","bezettingsgraad":50,"latitude":41.25953141712766,"longitude":15.895750112393294,"canPickup":true,"canDropoff":true,"openingstijden":{"ma":"08:00 - 13:00, 17:00 - 20:30","di":"08:00 - 13:00, 17:00 - 20:30","wo":"08:00 - 13:00, 17:00 - 20:30","do":"08:00 - 13:00, 17:00 - 20:30","vr":"08:00 - 13:00, 17:00 - 20:30","za":"08:00 - 13:00","zo":"gesloten"}}},{"type":"Feature","geometry":{"type":"Point","coordinates":[15.898784736462005,41.25978210960559]},"properties":{"type":"pakketpunt","locatieNaam":"FedEx OnSite","straatNaam":"Viale di Levante, 38","straatNr":"","vervoerder":"FedEx","puntType":"servicepunt","bezettingsgraad":50,"latitude":41.25978210960559,"longitude":15.898784736462005,"canPickup":true,"canDropoff":true,"openingstijden":{"ma":"08:30 - 12:30, 16:30 - 19:30","di":"08:30 - 12:30, 16:30 - 19:30","wo":"08:30 - 12:30, 16:30 - 19:30","do":"08:30 - 12:30, 16:30 - 19:30","vr":"08:30 - 12:30, 16:30 - 19:30","za":"gesloten","zo":"gesloten"}}},{"type":"Feature","geometry":{"type":"Point","coordinates":[15.900141602408725,41.2597984873459]},"properties":{"type":"pakketpunt","locatieNaam":"FedEx OnSite","straatNaam":"VIA TEANO 16","straatNr":"","vervoerder":"FedEx","puntType":"servicepunt","bezettingsgraad":50,"latitude":41.2597984873459,"longitude":15.900141602408725,"canPickup":true,"canDropoff":true,"openingstijden":{"ma":"09:00 - 13:15, 16:45 - 19:45","di":"09:00 - 13:15, 16:45 - 19:45","wo":"09:00 - 13:15, 16:45 - 19:45","do":"09:00 - 13:15, 16:45 - 19:45","vr":"09:00 - 13:15, 16:45 - 19:45","za":"09:00 - 12:30","zo":"gesloten"}}},{"type":"Feature","geometry":{"type":"Point","coordinates":[15.902318904042913,41.26107907912044]},"properties":{"type":"pakketpunt","locatieNaam":"FedEx OnSite","straatNaam":"Viale Giuseppe di vittorio, 34","straatNr":"","vervoerder":"FedEx","puntType":"servicepunt","bezettingsgraad":50,"latitude":41.26107907912044,"longitude":15.902318904042913,"canPickup":true,"canDropoff":true,"openingstijden":{"ma":"08:30 - 13:00, 16:00 - 19:30","di":"08:30 - 13:00, 16:00 - 20:00","wo":"08:30 - 13:00, 16:00 - 19:30","do":"08:30 - 13:00, 16:00 - 19:30","vr":"08:30 - 13:00, 16:00 - 19:30","za":"08:30 - 12:30","zo":"gesloten"}}},{"type":"Feature","geometry":{"type":"Point","coordinates":[15.907142292229931,41.261148082063535]},"properties":{"type":"pakketpunt","locatieNaam":"FedEx OnSite","straatNaam":"VIA BARLETTA, 10","straatNr":"","vervoerder":"FedEx","puntType":"servicepunt","bezettingsgraad":50,"latitude":41.261148082063535,"longitude":15.907142292229931,"canPickup":true,"canDropoff":true,"openingstijden":{"ma":"09:30 - 16:30","di":"09:30 - 16:30","wo":"09:30 - 16:30","do":"09:30 - 16:30","vr":"09:30 - 14:00","za":"gesloten","zo":"gesloten"}}},{"type":"Feature","geometry":{"type":"Point","coordinates":[15.907504259507164,41.261116188113284]},"properties":{"type":"pakketpunt","locatieNaam":"FedEx OnSite","straatNaam":"Viale Paolo Borsellino, 13","straatNr":"","vervoerder":"FedEx","puntType":"servicepunt","bezettingsgraad":50,"latitude":41.261116188113284,"longitude":15.907504259507164,"canPickup":true,"canDropoff":true,"openingstijden":{"ma":"08:00 - 13:30, 17:00 - 21:00","di":"08:00 - 13:30, 17:00 - 21:00","wo":"08:00 - 13:30, 17:00 - 21:00","do":"08:00 - 13:30, 17:00 - 21:00","vr":"08:00 - 13:30, 17:00 - 21:00","za":"08:00 - 13:30","zo":"gesloten"}}},{"type":"Feature","geometry":{"type":"Point","coordinates":[15.909959,41.261905]},"properties":{"type":"pakketpunt","locatieNaam":"FedEx OnSite","straatNaam":"Via dei donatori di sangue, 1","straatNr":"","vervoerder":"FedEx","puntType":"servicepunt","bezettingsgraad":50,"latitude":41.261905,"longitude":15.909959,"canPickup":true,"canDropoff":true,"openingstijden":{"ma":"09:00 - 13:30, 16:30 - 20:00","di":"09:00 - 13:30, 16:30 - 20:00","wo":"09:00 - 13:30, 16:30 - 20:00","do":"09:00 - 13:30, 16:30 - 20:00","vr":"09:00 - 13:30, 16:30 - 20:00","za":"09:00 - 13:00","zo":"gesloten"}}},{"type":"Feature","geometry":{"type":"Point","coordinates":[15.90186399231051,41.26300634108038]},"properties":{"type":"pakketpunt","locatieNaam":"FedEx OnSite","straatNaam":"via fratelli rosselli , 42","straatNr":"","vervoerder":"FedEx","puntType":"servicepunt","bezettingsgraad":50,"latitude":41.26300634108038,"longitude":15.90186399231051,"canPickup":true,"canDropoff":true,"openingstijden":{"ma":"09:00 - 13:00, 17:00 - 21:00","di":"09:00 - 13:00, 17:00 - 21:00","wo":"09:00 - 13:00, 17:00 - 21:00","do":"09:00 - 13:00, 17:00 - 21:00","vr":"09:00 - 13:00, 17:00 - 21:00","za":"09:00 - 13:00, 17:00 - 21:00","zo":"gesloten"}}},{"type":"Feature","geometry":{"type":"Point","coordinates":[15.907831,41.262379]},"properties":{"type":"pakketpunt","locatieNaam":"FedEx OnSite","straatNaam":"VIA PAOLO BORSELLINO, 41","straatNr":"","vervoerder":"FedEx","puntType":"servicepunt","bezettingsgraad":50,"latitude":41.262379,"longitude":15.907831,"canPickup":true,"canDropoff":true,"openingstijden":{"ma":"08:30 - 13:00, 16:30 - 21:00","di":"08:30 - 13:00, 16:30 - 21:00","wo":"08:30 - 13:00, 16:30 - 21:00","do":"08:30 - 13:00, 16:30 - 21:00","vr":"08:30 - 13:00, 16:30 - 21:00","za":"08:30 - 13:00","zo":"gesloten"}}},{"type":"Feature","geometry":{"type":"Point","coordinates":[15.905490429428243,41.26326416472956]},"properties":{"type":"pakketpunt","locatieNaam":"FedEx OnSite","straatNaam":"VIA XX SETTEMBRE, 19","straatNr":"","vervoerder":"FedEx","puntType":"servicepunt","bezettingsgraad":50,"latitude":41.26326416472956,"longitude":15.905490429428243,"canPickup":true,"canDropoff":true,"openingstijden":{"ma":"09:00 - 13:00, 17:00 - 20:00","di":"09:00 - 13:00, 17:00 - 20:00","wo":"09:00 - 13:00, 17:00 - 20:00","do":"09:00 - 13:00, 17:00 - 20:00","vr":"09:00 - 13:00, 17:00 - 20:00","za":"gesloten","zo":"gesloten"}}},{"type":"Feature","geometry":{"type":"Point","coordinates":[15.897455168363427,41.264228085742516]},"properties":{"type":"pakketpunt","locatieNaam":"FedEx OnSite","straatNaam":"Viale F. D. Roosevelt, 39","straatNr":"","vervoerder":"FedEx","puntType":"servicepunt","bezettingsgraad":50,"latitude":41.264228085742516,"longitude":15.897455168363427,"canPickup":true,"canDropoff":true,"openingstijden":{"ma":"09:00 - 13:00, 17:00 - 21:00","di":"09:00 - 13:00, 17:00 - 21:00","wo":"09:00 - 13:00, 17:00 - 21:00","do":"09:00 - 13:00, 17:00 - 21:00","vr":"09:00 - 13:00, 17:00 - 21:00","za":"09:00 - 13:00, 17:00 - 21:00","zo":"gesloten"}}},{"type":"Feature","geometry":{"type":"Point","coordinates":[15.907289723377183,41.26410793204013]},"properties":{"type":"pakketpunt","locatieNaam":"FedEx OnSite","straatNaam":"Via trieste, 8","straatNr":"","vervoerder":"FedEx","puntType":"servicepunt","bezettingsgraad":50,"latitude":41.26410793204013,"longitude":15.907289723377183,"canPickup":true,"canDropoff":true,"openingstijden":{"ma":"gesloten","di":"09:00 - 12:30, 16:30 - 19:30","wo":"09:00 - 12:30, 16:30 - 19:30","do":"09:30 - 12:30, 16:30 - 19:30","vr":"09:00 - 12:30, 16:30 - 19:30","za":"gesloten","zo":"gesloten"}}},{"type":"Feature","geometry":{"type":"Point","coordinates":[15.895602563793995,41.26564794584418]},"properties":{"type":"pakketpunt","locatieNaam":"FedEx OnSite","straatNaam":"CORSO GIUSEPPE GARIBALDI , 4","straatNr":"","vervoerder":"FedEx","puntType":"servicepunt","bezettingsgraad":50,"latitude":41.26564794584418,"longitude":15.895602563793995,"canPickup":true,"canDropoff":true,"openingstijden":{"ma":"08:30 - 13:00, 16:30 - 21:00","di":"08:30 - 13:00, 16:30 - 21:00","wo":"09:30 - 13:00, 16:30 - 21:00","do":"08:30 - 13:00, 16:30 - 21:00","vr":"08:30 - 13:00, 16:30 - 21:00","za":"08:30 - 13:00, 16:30 - 20:30","zo":"gesloten"}}},{"type":"Feature","geometry":{"type":"Point","coordinates":[15.894862078405229,41.265857493660235]},"properties":{"type":"pakketpunt","locatieNaam":"FedEx OnSite","straatNaam":"Corso Antonio Gramsci, 24","straatNr":"","vervoerder":"FedEx","puntType":"servicepunt","bezettingsgraad":50,"latitude":41.265857493660235,"longitude":15.894862078405229,"canPickup":true,"canDropoff":true,"openingstijden":{"ma":"09:00 - 13:00, 15:30 - 21:00","di":"09:00 - 13:00, 15:30 - 21:00","wo":"09:00 - 13:00, 15:30 - 21:00","do":"09:00 - 13:00, 15:30 - 21:00","vr":"09:00 - 13:00, 15:30 - 21:00","za":"09:00 - 13:00, 15:30 - 21:00","zo":"gesloten"}}},{"type":"Feature","geometry":{"type":"Point","coordinates":[15.908977,41.265508]},"properties":{"type":"pakketpunt","locatieNaam":"FedEx OnSite","straatNaam":"VIA GIOVANNI FALCONE, 66","straatNr":"","vervoerder":"FedEx","puntType":"servicepunt","bezettingsgraad":50,"latitude":41.265508,"longitude":15.908977,"canPickup":true,"canDropoff":true,"openingstijden":{"ma":"08:00 - 13:00, 16:30 - 20:30","di":"08:00 - 13:00, 16:30 - 20:30","wo":"08:00 - 13:00, 16:30 - 20:30","do":"08:00 - 13:00, 16:30 - 20:30","vr":"08:00 - 13:00, 16:30 - 20:30","za":"08:00 - 13:00, 16:30 - 20:30","zo":"gesloten"}}},{"type":"Feature","geometry":{"type":"Point","coordinates":[15.900057642536112,41.26687670109798]},"properties":{"type":"pakketpunt","locatieNaam":"FedEx OnSite","straatNaam":"VIA VITTORIO VENETO 103","straatNr":"","vervoerder":"FedEx","puntType":"servicepunt","bezettingsgraad":50,"latitude":41.26687670109798,"longitude":15.900057642536112,"canPickup":true,"canDropoff":true,"openingstijden":{"ma":"08:30 - 12:30, 17:00 - 19:30","di":"08:30 - 12:30, 17:00 - 19:30","wo":"08:30 - 12:30, 17:00 - 19:30","do":"08:30 - 12:30, 17:00 - 19:30","vr":"08:30 - 12:30, 17:00 - 19:30","za":"08:30 - 12:30, 17:00 - 19:30","zo":"gesloten"}}},{"type":"Feature","geometry":{"type":"Point","coordinates":[15.894117138890595,41.26883047339675]},"properties":{"type":"pakketpunt","locatieNaam":"FedEx OnSite","straatNaam":"VIALE XXIV MAGGIO, 33","straatNr":"","vervoerder":"FedEx","puntType":"servicepunt","bezettingsgraad":50,"latitude":41.26883047339675,"longitude":15.894117138890595,"canPickup":true,"canDropoff":true,"openingstijden":{"ma":"08:00 - 13:30, 15:30 - 20:00","di":"08:00 - 13:30, 15:30 - 20:00","wo":"08:00 - 13:30, 15:30 - 20:00","do":"08:00 - 13:30, 15:30 - 20:00","vr":"08:00 - 13:30, 15:30 - 20:00","za":"08:30 - 13:30","zo":"gesloten"}}},{"type":"Feature","geometry":{"type":"Point","coordinates":[15.896086,41.283364]},"properties":{"type":"pakketpunt","locatieNaam":"FedEx OnSite","straatNaam":"Via Mafredonia km 1, 5","straatNr":"","vervoerder":"FedEx","puntType":"servicepunt","bezettingsgraad":50,"latitude":41.283364,"longitude":15.896086,"canPickup":true,"canDropoff":true,"openingstijden":{"ma":"17:30 - 19:30","di":"17:30 - 19:30","wo":"17:30 - 19:30","do":"17:30 - 19:30","vr":"17:30 - 19:30","za":"gesloten","zo":"gesloten"}}},{"type":"Feature","geometry":{"type":"Polygon","coordinates":[[[15.7023007,41.2490117],[15.7043125,41.2506759],[15.7049853,41.2511316],[15.7057309,41.2514389],[15.7081105,41.2520106],[15.7189012,41.2542854],[15.7198566,41.2544228],[15.7201423,41.2543521],[15.72045,41.2540686],[15.7235483,41.2499946],[15.7283759,41.2442935],[15.7288608,41.2440536],[15.7380301,41.241166],[15.758721,41.2479797],[15.7595592,41.2485467],[15.7634056,41.2516766],[15.7813878,41.2595368],[15.7894615,41.2619836],[15.7876884,41.2635105],[15.7918972,41.262672],[15.8139686,41.2686328],[15.8157132,41.2697755],[15.8198133,41.2730682],[15.8210145,41.2744456],[15.8211042,41.2749038],[15.8212986,41.2799408],[15.8134843,41.283506],[15.8210196,41.2998709],[15.8202401,41.3004358],[15.8013779,41.311831],[15.8040588,41.3122433],[15.8046353,41.3124205],[15.8049242,41.3126868],[15.8087584,41.3185066],[15.8216907,41.334998],[15.8281213,41.3425883],[15.8294711,41.3443842],[15.8300675,41.3453161],[15.8300747,41.3458106],[15.8299581,41.3460651],[15.8295336,41.3465719],[15.8280476,41.3481858],[15.8011355,41.372938],[15.7805425,41.3818466],[15.7888807,41.3894884],[15.7945116,41.3909161],[15.8070416,41.3944512],[15.8133267,41.3976863],[15.8138582,41.3981676],[15.814854,41.3993143],[15.8148725,41.3998577],[15.8131981,41.4026497],[15.8128782,41.4030226],[15.811905,41.4036295],[15.8110001,41.4039623],[15.8114617,41.4074356],[15.8147011,41.4167283],[15.8149325,41.4171105],[15.8217246,41.4224837],[15.828429,41.4265163],[15.831229,41.4271548],[15.8334875,41.427794],[15.8479315,41.4325826],[15.8490035,41.4330944],[15.8538462,41.4344291],[15.8544466,41.4345236],[15.8580997,41.4347053],[15.8616752,41.4344506],[15.8619933,41.4340806],[15.8626362,41.4329666],[15.8629439,41.4326962],[15.8644102,41.4322438],[15.8651151,41.4321385],[15.8657386,41.4322676],[15.8928188,41.4442204],[15.8937246,41.4447104],[15.8949815,41.4456201],[15.8967622,41.4471102],[15.899964,41.4509939],[15.9006237,41.4519801],[15.9016233,41.4540797],[15.9023144,41.4582092],[15.9029304,41.4594994],[15.9059719,41.464576],[15.9143786,41.4774685],[15.9263614,41.4702555],[15.9291518,41.4670089],[15.9321785,41.4282911],[15.9378237,41.4267831],[15.9369581,41.4258154],[15.9364737,41.4250033],[15.9482609,41.4216922],[15.9483841,41.4211403],[15.9487303,41.4210518],[15.949561,41.4213838],[15.9522072,41.4205842],[15.9525347,41.4201819],[15.9567266,41.4188293],[15.958158,41.4185758],[15.9607673,41.4177963],[15.9627188,41.4173491],[15.9656635,41.41627],[15.9663633,41.4159125],[15.9670969,41.4153684],[15.9678345,41.4149455],[15.9683426,41.4145006],[15.969884,41.4136869],[15.9705154,41.4135269],[15.9712228,41.4135469],[15.9719693,41.4138749],[15.9727127,41.4139781],[15.9755363,41.4139726],[15.9764331,41.4138909],[15.9770972,41.4135355],[15.9781088,41.4123264],[15.9792471,41.4117396],[15.9797482,41.411592],[15.9802212,41.4112662],[15.9818023,41.4096849],[15.9831433,41.4074838],[15.9835803,41.4054908],[15.9837077,41.4044256],[15.9840067,41.403539],[15.9844851,41.4027359],[15.9849677,41.4023059],[15.9857577,41.4022892],[15.988261,41.4025324],[15.9932408,41.4034073],[15.9942567,41.4034622],[15.9952252,41.4033265],[15.9965365,41.4030169],[15.998649,41.4020464],[15.9993698,41.4014713],[16.0005234,41.4002264],[16.0029324,41.3980453],[16.0044174,41.397464],[16.007284,41.3955652],[16.0079713,41.3952622],[16.0101783,41.3948391],[16.0111523,41.394451],[16.0122312,41.3937909],[16.0130987,41.3934408],[16.0140926,41.392768],[16.015344,41.3915484],[16.0167974,41.390456],[16.0176732,41.3899073],[16.0196442,41.3890441],[16.0211613,41.3881546],[16.0220373,41.387498],[16.023109,41.3870498],[16.0238953,41.386889],[16.0248827,41.386545],[16.0273014,41.3859286],[16.0282538,41.3857576],[16.0321198,41.3866451],[16.0338562,41.3859625],[16.0375202,41.3839645],[16.0380963,41.3834927],[16.0385151,41.3826435],[16.0387437,41.3812526],[16.0387563,41.3804869],[16.0384032,41.3800676],[16.0378604,41.3806545],[16.0378587,41.38119],[16.0380235,41.3818008],[16.0378692,41.3826922],[16.0376235,41.3830988],[16.0372727,41.3834173],[16.0365392,41.3832374],[16.0354248,41.382298],[16.034352,41.38177],[16.0341365,41.3810768],[16.0340223,41.3798014],[16.0340483,41.3777795],[16.0339653,41.3770962],[16.0340261,41.376278],[16.0344272,41.3760104],[16.0349846,41.3759177],[16.0350035,41.3754576],[16.0343282,41.3749861],[15.9918036,41.3608973],[15.9914413,41.3615269],[15.985125,41.360216],[15.9850676,41.359765],[15.9819257,41.3607891],[15.9824701,41.3341047],[15.9825695,41.3334732],[15.9832698,41.3077874],[15.9835495,41.305777],[15.9834029,41.304688],[15.9871081,41.3049075],[15.9875879,41.304624],[15.988555,41.3032107],[15.9886693,41.3029135],[15.9892475,41.2999602],[15.989993,41.2990125],[15.9909984,41.2969556],[15.9925833,41.2948791],[15.9931393,41.2941949],[15.9940138,41.2935881],[15.9969592,41.292515],[15.9973077,41.292316],[15.9975178,41.291995],[15.9977682,41.2919099],[16.0002116,41.2831395],[16.0088887,41.2725524],[16.0089469,41.2640222],[16.0198128,41.2648057],[16.0229726,41.2638291],[16.0235712,41.2638779],[16.023832,41.2639744],[16.030583,41.2680732],[16.0336152,41.268706],[16.0402424,41.2699075],[16.028678,41.2507006],[16.0269912,41.2483248],[16.0252047,41.2464051],[16.0219621,41.2425588],[16.0207147,41.2414924],[16.0195607,41.2409332],[16.0182707,41.2401348],[16.0178498,41.2397961],[16.0176036,41.2394468],[16.0175122,41.2391509],[16.0166362,41.2301695],[16.0198098,41.2293632],[16.019765,41.228781],[16.0195692,41.2279021],[16.019629,41.2263236],[16.0199057,41.2256542],[16.0203708,41.2249913],[16.0206361,41.2241876],[16.0205098,41.2224585],[16.0206337,41.221893],[16.0206626,41.2207754],[16.0195624,41.2196324],[16.0190323,41.2194129],[16.0182565,41.2193749],[16.0176099,41.2192076],[16.0172293,41.2186054],[16.0170207,41.2181053],[16.0172344,41.2172103],[16.0172623,41.2167766],[16.0170624,41.2163299],[16.0164611,41.2160023],[16.0143118,41.2164353],[16.0137971,41.2163319],[16.0132182,41.2159623],[16.0129238,41.2154404],[16.0128076,41.2148851],[16.0128946,41.2144748],[16.0139101,41.2130268],[16.0138162,41.2124296],[16.0135296,41.2121187],[16.0123514,41.2115789],[16.0106748,41.2105026],[16.0093754,41.2098307],[16.0076179,41.2086108],[16.0071625,41.2083642],[16.0065986,41.2084392],[16.0062219,41.2087052],[16.0055816,41.2089018],[16.0044594,41.2096049],[16.0032692,41.2098126],[16.0023655,41.2090804],[16.0017491,41.2079707],[16.0011825,41.2076319],[16.000398,41.2075943],[15.9986146,41.2071318],[15.9977954,41.2066869],[15.9965966,41.2062021],[15.9953377,41.205991],[15.9947876,41.2057771],[15.9944524,41.2051227],[15.994435,41.2044308],[15.9953326,41.2031881],[15.9970356,41.2014823],[15.9975771,41.2002794],[15.9976787,41.1998097],[15.9972194,41.1994148],[15.9957739,41.1994626],[15.9949762,41.1992728],[15.9943484,41.1986947],[15.9926876,41.1963393],[15.9916133,41.1954015],[15.990979,41.1952917],[15.990158,41.1954408],[15.9886067,41.1963093],[15.9883081,41.196692],[15.9880512,41.1972701],[15.9876775,41.1978148],[15.9871719,41.1982956],[15.9866163,41.1986714],[15.9855174,41.1991749],[15.9845625,41.1991026],[15.9832817,41.1988522],[15.9824082,41.198622],[15.9819869,41.1983867],[15.9816587,41.1972098],[15.980643,41.1963447],[15.9806124,41.1959192],[15.9807013,41.1954683],[15.9810528,41.1950509],[15.9816017,41.1948915],[15.9821851,41.1948874],[15.9826999,41.195162],[15.9831581,41.1952691],[15.9835236,41.1950938],[15.9838384,41.1946112],[15.9829652,41.1936025],[15.9828635,41.1932083],[15.9828123,41.192199],[15.9821913,41.1912919],[15.9818156,41.1910088],[15.9811976,41.191051],[15.9807848,41.1913686],[15.9808549,41.1928897],[15.980601,41.1934136],[15.9800088,41.1938366],[15.978953,41.1941574],[15.9778826,41.1942586],[15.9771236,41.1937334],[15.9770566,41.193301],[15.9782243,41.1917675],[15.978066,41.1913722],[15.9774807,41.1912459],[15.9760189,41.1914744],[15.9753348,41.191399],[15.9747593,41.1911416],[15.974096,41.1899491],[15.9737116,41.1895],[15.9724763,41.1891432],[15.9715913,41.1889991],[15.9705196,41.1890598],[15.9665373,41.1899499],[15.9648996,41.1905128],[15.964348,41.1904789],[15.9632795,41.1898419],[15.9627393,41.1894112],[15.9621791,41.1886534],[15.9620377,41.188221],[15.9620971,41.187268],[15.9622832,41.1868337],[15.9623571,41.1863253],[15.9625789,41.1859473],[15.9625863,41.1855689],[15.9624471,41.1851004],[15.9619088,41.1840442],[15.9614587,41.1836486],[15.9608593,41.1835005],[15.9601372,41.1835714],[15.9593732,41.1837798],[15.9569111,41.1849057],[15.9557957,41.1853108],[15.9521992,41.18588],[15.9511657,41.1858797],[15.9507466,41.1857747],[15.9504351,41.1855056],[15.9504505,41.1850907],[15.9503053,41.1840601],[15.950442,41.1837773],[15.9504633,41.1833891],[15.9502588,41.1825016],[15.9500057,41.1823054],[15.949446,41.1823349],[15.9483314,41.1827759],[15.945804,41.1829516],[15.944331,41.1832704],[15.9398388,41.1860082],[15.9392075,41.185952],[15.9382927,41.1852739],[15.9382874,41.1848873],[15.9385683,41.1845868],[15.9394779,41.1840098],[15.9395807,41.1837156],[15.9395377,41.1832547],[15.9388213,41.1823397],[15.9381521,41.1821237],[15.9373887,41.1820574],[15.9360329,41.1823015],[15.9352206,41.1823642],[15.9335948,41.182872],[15.9328099,41.182996],[15.9293365,41.1827606],[15.9280446,41.1824562],[15.927348,41.1820933],[15.9267386,41.1819907],[15.9264968,41.1817038],[15.9264214,41.1814699],[15.9279884,41.1800703],[15.9283196,41.1798793],[15.9288823,41.1792603],[15.9308445,41.1780213],[15.9309713,41.1777571],[15.930988,41.1773242],[15.9308068,41.1770472],[15.9303614,41.1768626],[15.9297893,41.1768027],[15.9289681,41.1768928],[15.928151,41.1772752],[15.9276787,41.1776232],[15.9265973,41.1779001],[15.9253228,41.1779276],[15.9235204,41.177807],[15.9218439,41.1773278],[15.9207339,41.1771654],[15.9197169,41.1768128],[15.9192447,41.1763464],[15.9185366,41.1759572],[15.9179526,41.17525],[15.9175349,41.1750727],[15.9173282,41.1747792],[15.9172996,41.1744525],[15.9178377,41.173853],[15.9187187,41.1736244],[15.9194292,41.1732755],[15.920087,41.1726823],[15.9201775,41.1721864],[15.9199299,41.1716749],[15.9188963,41.1710804],[15.9176492,41.1705212],[15.9169781,41.1703682],[15.9159423,41.1704847],[15.9149988,41.1710231],[15.9145912,41.1709982],[15.9134195,41.1706729],[15.9130915,41.1703867],[15.9129252,41.1701088],[15.9132016,41.1688637],[15.9135956,41.1679715],[15.913523,41.1673684],[15.9127406,41.1664437],[15.9117231,41.1661406],[15.9108865,41.1660561],[15.9091968,41.1662659],[15.9089461,41.1653856],[15.9089506,41.1648364],[15.9086151,41.1630118],[15.9084671,41.1626247],[15.9081882,41.162295],[15.9076381,41.1619907],[15.9062974,41.1617835],[15.9050733,41.1619473],[15.9040429,41.1623963],[15.9023296,41.1635389],[15.9016414,41.1637603],[15.9009738,41.1638095],[15.9003177,41.163714],[15.8996373,41.16353],[15.8993823,41.1633699],[15.8986801,41.1624132],[15.8980366,41.1607421],[15.8977074,41.1575042],[15.8978318,41.1561423],[15.8979859,41.1553726],[15.8978832,41.1547083],[15.8976392,41.1543135],[15.897028,41.1540218],[15.8956996,41.1537598],[15.8940478,41.1540166],[15.8917573,41.1539744],[15.8893321,41.1534722],[15.8885348,41.1534481],[15.8869904,41.153028],[15.8853197,41.1520574],[15.8837897,41.1507544],[15.8819392,41.1487237],[15.8807825,41.1476862],[15.8796884,41.1469329],[15.8750948,41.1448237],[15.8741238,41.144306],[15.8733299,41.1437461],[15.8720129,41.1425112],[15.8708861,41.1409903],[15.8704256,41.140487],[15.870262,41.1399472],[15.8710894,41.1392878],[15.8698019,41.1392191],[15.8697402,41.1365668],[15.8693862,41.1355588],[15.8694747,41.1348174],[15.8691931,41.1335669],[15.8690107,41.1332841],[15.8685037,41.1328639],[15.8662614,41.1318659],[15.8642726,41.1307467],[15.8637469,41.1305154],[15.8610432,41.1308043],[15.8599918,41.130783],[15.8594392,41.130482],[15.8588465,41.129884],[15.8577548,41.1301568],[15.8572036,41.1305053],[15.8553737,41.132677],[15.8550632,41.1329023],[15.8542719,41.1332114],[15.852778,41.1333912],[15.8504578,41.1331669],[15.8491918,41.1329225],[15.8481726,41.1324841],[15.8472835,41.1319811],[15.846684,41.1312942],[15.8465874,41.1310083],[15.8467859,41.1305154],[15.8473156,41.1303608],[15.8486058,41.1302184],[15.8490711,41.1300638],[15.8494775,41.1297881],[15.8497605,41.1293638],[15.8499348,41.1287799],[15.8496881,41.1274919],[15.849503,41.1271313],[15.8487587,41.1262454],[15.84749,41.1255039],[15.8453134,41.1245149],[15.8442968,41.1242795],[15.8434506,41.1243108],[15.8426017,41.1245502],[15.8419365,41.1252756],[15.8417299,41.1258938],[15.8417581,41.1264828],[15.8421269,41.1271394],[15.8421859,41.1274717],[15.8420183,41.1279223],[15.8416025,41.1283334],[15.8412927,41.1284577],[15.8409132,41.1284445],[15.840472,41.1281546],[15.8390638,41.1275505],[15.8387259,41.1274738],[15.8377844,41.127601],[15.8372292,41.1278112],[15.8364835,41.1283041],[15.8356172,41.1287082],[15.8340722,41.1289607],[15.8333051,41.1289163],[15.8306229,41.128395],[15.8299684,41.1280839],[15.8298129,41.127898],[15.8295715,41.1270778],[15.8295876,41.1258736],[15.8299631,41.1244472],[15.8302689,41.1223701],[15.8296345,41.1203127],[15.8295822,41.1195474],[15.8288218,41.1181794],[15.8285134,41.1179147],[15.8279474,41.1176126],[15.8265815,41.1174434],[15.8261973,41.117457],[15.8251029,41.1178056],[15.8242714,41.1181794],[15.8234373,41.1187351],[15.8226165,41.1198586],[15.8222195,41.1201758],[15.8214658,41.1203455],[15.8202374,41.1202768],[15.8174479,41.1194484],[15.8159727,41.1184542],[15.8153772,41.1177753],[15.8151036,41.1170559],[15.8151466,41.11628],[15.815506,41.115502],[15.8159995,41.1150615],[15.8173218,41.114726],[15.8192342,41.1146432],[15.8203608,41.1148574],[15.8215839,41.1154212],[15.8223617,41.1154212],[15.8227694,41.1153545],[15.8238074,41.1149604],[15.8254167,41.1139824],[15.8268383,41.1136267],[15.8271793,41.1132938],[15.8272091,41.1130447],[15.8270519,41.1127833],[15.8267023,41.1123443],[15.8264882,41.1122484],[15.8228433,41.112279],[15.8213474,41.1124913],[15.8197214,41.1129936],[15.8192498,41.1130712],[15.8188379,41.1129528],[15.8186536,41.1127119],[15.8185723,41.1122178],[15.8185615,41.1115154],[15.8187566,41.1095471],[15.818594,41.1083995],[15.8183393,41.1076808],[15.8180357,41.1072969],[15.8168027,41.1063515],[15.8163013,41.1061718],[15.8155832,41.1060819],[15.8145588,41.1062494],[15.8141225,41.1064842],[15.8136022,41.1071152],[15.8136022,41.1074194],[15.814071,41.1089284],[15.8138569,41.1098227],[15.8136726,41.1100187],[15.8119003,41.1106333],[15.8107323,41.1112275],[15.8105128,41.1114766],[15.8104396,41.1116665],[15.8104965,41.1122239],[15.8107323,41.1126384],[15.8117594,41.1139553],[15.8118786,41.1145065],[15.8118353,41.114923],[15.811483,41.115754],[15.8110927,41.1162256],[15.810212,41.1170637],[15.8097201,41.1172199],[15.8093123,41.1172618],[15.8085643,41.1171403],[15.8074451,41.1167789],[15.8071966,41.1169198],[15.8070449,41.1171493],[15.8072681,41.117838],[15.8098759,41.1207474],[15.8131878,41.122643],[15.8148271,41.123315],[15.8152947,41.1234492],[15.8164367,41.1233588],[15.8167112,41.123437],[15.8102656,41.1310149],[15.7994791,41.1346294],[15.7960968,41.1347264],[15.7897703,41.1336343],[15.7837645,41.131542],[15.7784004,41.135306],[15.7759624,41.1377449],[15.7700666,41.1440193],[15.7661702,41.1482945],[15.7643287,41.151733],[15.7609537,41.1555723],[15.757554,41.158585],[15.7554879,41.1591748],[15.7451997,41.1609819],[15.7444357,41.1609054],[15.7439555,41.1606367],[15.7433871,41.1599591],[15.7419092,41.1588041],[15.738547,41.1566214],[15.7360201,41.155555],[15.7351368,41.1553459],[15.730967,41.1536082],[15.7213086,41.1529265],[15.7204045,41.1529345],[15.7149762,41.1569379],[15.7121098,41.1596571],[15.7084344,41.1658434],[15.7096635,41.1681338],[15.7107738,41.1671869],[15.7116979,41.1666603],[15.7127462,41.1667069],[15.7145189,41.1674446],[15.7153734,41.1683305],[15.7160076,41.1694183],[15.7157483,41.1708959],[15.7127548,41.1762279],[15.7117939,41.1777466],[15.7071347,41.184571],[15.7028148,41.1873326],[15.7001505,41.1883317],[15.6960149,41.1884023],[15.6946745,41.191428],[15.6961081,41.1949576],[15.697502,41.1949571],[15.7057232,41.1913665],[15.7070713,41.1909824],[15.7122214,41.1907979],[15.7143832,41.1912428],[15.7147486,41.1940337],[15.7147296,41.1944578],[15.7141211,41.2044155],[15.7135713,41.2053566],[15.7082456,41.2124496],[15.7030421,41.2180862],[15.7024046,41.2184655],[15.7003953,41.2179035],[15.6942706,41.2198678],[15.7051775,41.2289813],[15.7030426,41.2301321],[15.7011034,41.2307225],[15.6993024,41.2317008],[15.6989841,41.2323313],[15.6980976,41.2373464],[15.7006537,41.2386999],[15.7030422,41.2395232],[15.7062427,41.2426973],[15.7023007,41.2490117]]]},"properties":{"type":"boundary","gemeente":"Cerignola"}}]}