{"type":"FeatureCollection","metadata":{"gemeente":"Forlì","slug":"forli","generated_at":"2026-09-26T14:27:20.147308Z","total_points":242,"providers":["PosteItaliane","DPD","InPost","GLS","DHL","Amazon","FedEx"],"bounds":[11.998368,44.17914,12.118493,44.29431]},"features":[{"type":"Feature","geometry":{"type":"Point","coordinates":[12.04163723,44.21620095]},"properties":{"type":"pakketpunt","locatieNaam":"Tabaccheria N. 112","straatNaam":"Viale Due Giugno","straatNr":"11/b","vervoerder":"PosteItaliane","puntType":"servicepunt","bezettingsgraad":50,"latitude":44.21620095,"longitude":12.04163723,"canPickup":true,"canDropoff":true,"openingstijden":{"za":"07:30 - 12:30, 15:30 - 19:30","zo":"gesloten","ma":"07:30 - 12:30, 15:30 - 19:30","di":"07:30 - 12:30, 15:30 - 19:30","wo":"07:30 - 12:30, 15:30 - 19:30","do":"07:30 - 12:30, 15:30 - 19:30","vr":"07:30 - 12:30, 15:30 - 19:30"}}},{"type":"Feature","geometry":{"type":"Point","coordinates":[12.0390899,44.22252732]},"properties":{"type":"pakketpunt","locatieNaam":"Tabaccheria N. 7","straatNaam":"Corso Giuseppe Garibaldi","straatNr":"27","vervoerder":"PosteItaliane","puntType":"servicepunt","bezettingsgraad":50,"latitude":44.22252732,"longitude":12.0390899,"canPickup":true,"canDropoff":true,"openingstijden":{"za":"07:00 - 20:00","zo":"08:30 - 13:00, 15:00 - 20:00","ma":"07:00 - 20:00","di":"07:00 - 20:00","wo":"07:00 - 20:00","do":"07:00 - 20:00","vr":"07:00 - 20:00"}}},{"type":"Feature","geometry":{"type":"Point","coordinates":[12.08303762,44.24449212]},"properties":{"type":"pakketpunt","locatieNaam":"Tabaccheria N. 129","straatNaam":"Piazzale Della Cooperazione","straatNr":"2","vervoerder":"PosteItaliane","puntType":"servicepunt","bezettingsgraad":50,"latitude":44.24449212,"longitude":12.08303762,"canPickup":true,"canDropoff":true,"openingstijden":{"za":"09:00 - 21:00","zo":"09:00 - 21:00","ma":"09:00 - 21:00","di":"09:00 - 21:00","wo":"09:00 - 21:00","do":"09:00 - 21:00","vr":"09:00 - 21:00"}}},{"type":"Feature","geometry":{"type":"Point","coordinates":[12.04191971,44.2240197]},"properties":{"type":"pakketpunt","locatieNaam":"Tabaccheria N. 18","straatNaam":"Corso Giuseppe Mazzini","straatNr":"25","vervoerder":"PosteItaliane","puntType":"servicepunt","bezettingsgraad":50,"latitude":44.2240197,"longitude":12.04191971,"canPickup":true,"canDropoff":true,"openingstijden":{"za":"08:00 - 13:00, 15:00 - 20:00","zo":"gesloten","ma":"07:30 - 19:30","di":"07:30 - 19:30","wo":"07:30 - 19:30","do":"07:30 - 19:30","vr":"07:30 - 19:30"}}},{"type":"Feature","geometry":{"type":"Point","coordinates":[12.03149101,44.22291761]},"properties":{"type":"pakketpunt","locatieNaam":"Tabaccheria N. 86","straatNaam":"Viale Livio Salinatore","straatNr":"44","vervoerder":"PosteItaliane","puntType":"servicepunt","bezettingsgraad":50,"latitude":44.22291761,"longitude":12.03149101,"canPickup":true,"canDropoff":true,"openingstijden":{"za":"08:00 - 13:00, 15:30 - 20:00","zo":"gesloten","ma":"08:00 - 13:00, 15:30 - 20:00","di":"08:00 - 13:00, 15:30 - 20:00","wo":"08:00 - 13:00, 15:30 - 20:00","do":"08:00 - 13:00, 15:30 - 20:00","vr":"08:00 - 13:00, 15:30 - 20:00"}}},{"type":"Feature","geometry":{"type":"Point","coordinates":[12.04021579,44.22223398]},"properties":{"type":"pakketpunt","locatieNaam":"Tabaccheria N. 5","straatNaam":"Piazza Aurelio Saffi","straatNr":"48","vervoerder":"PosteItaliane","puntType":"servicepunt","bezettingsgraad":50,"latitude":44.22223398,"longitude":12.04021579,"canPickup":true,"canDropoff":true,"openingstijden":{"za":"08:00 - 12:30, 15:30 - 19:00","zo":"gesloten","ma":"08:00 - 13:00, 15:30 - 19:00","di":"08:00 - 13:00, 15:30 - 19:00","wo":"08:00 - 13:00, 15:30 - 19:00","do":"08:00 - 13:00, 15:30 - 19:00","vr":"08:00 - 13:00, 15:30 - 19:00"}}},{"type":"Feature","geometry":{"type":"Point","coordinates":[12.0397473,44.22223951]},"properties":{"type":"pakketpunt","locatieNaam":"Tabaccheria N. 12","straatNaam":"Corso Armando Diaz","straatNr":"10","vervoerder":"PosteItaliane","puntType":"servicepunt","bezettingsgraad":50,"latitude":44.22223951,"longitude":12.0397473,"canPickup":true,"canDropoff":true,"openingstijden":{"za":"08:00 - 19:30","zo":"gesloten","ma":"07:00 - 19:30","di":"07:00 - 19:30","wo":"07:00 - 19:30","do":"07:00 - 19:30","vr":"07:00 - 19:30"}}},{"type":"Feature","geometry":{"type":"Point","coordinates":[12.04665788,44.22164537]},"properties":{"type":"pakketpunt","locatieNaam":"Tabaccheria N. 83","straatNaam":"Via Giorgio Regnoli","straatNr":"97","vervoerder":"PosteItaliane","puntType":"servicepunt","bezettingsgraad":50,"latitude":44.22164537,"longitude":12.04665788,"canPickup":true,"canDropoff":true,"openingstijden":{"za":"07:30 - 13:30, 15:00 - 20:30","zo":"gesloten","ma":"07:30 - 13:30, 15:00 - 20:30","di":"07:30 - 13:30, 15:00 - 20:30","wo":"07:30 - 13:30, 15:00 - 20:30","do":"07:30 - 13:30, 15:00 - 20:30","vr":"07:30 - 13:30, 15:00 - 20:30"}}},{"type":"Feature","geometry":{"type":"Point","coordinates":[12.05984738,44.21961462]},"properties":{"type":"pakketpunt","locatieNaam":"Tabaccheria N. 89","straatNaam":"Viale Antonio Gramsci","straatNr":"98","vervoerder":"PosteItaliane","puntType":"servicepunt","bezettingsgraad":50,"latitude":44.21961462,"longitude":12.05984738,"canPickup":true,"canDropoff":true,"openingstijden":{"za":"09:30 - 13:30, 16:30 - 20:30","zo":"gesloten","ma":"09:30 - 13:30, 16:30 - 20:30","di":"09:30 - 13:30, 16:30 - 20:30","wo":"09:30 - 13:30, 16:30 - 20:30","do":"09:30 - 13:30, 16:30 - 20:30","vr":"09:30 - 13:30, 16:30 - 20:30"}}},{"type":"Feature","geometry":{"type":"Point","coordinates":[12.0354104,44.22410491]},"properties":{"type":"pakketpunt","locatieNaam":"Tabaccheria N. 10","straatNaam":"Corso Giuseppe Garibaldi","straatNr":"141","vervoerder":"PosteItaliane","puntType":"servicepunt","bezettingsgraad":50,"latitude":44.22410491,"longitude":12.0354104,"canPickup":true,"canDropoff":true,"openingstijden":{"za":"07:30 - 13:00, 13:01 - 20:00","zo":"gesloten","ma":"07:30 - 13:00, 13:01 - 20:00","di":"07:30 - 13:00, 13:01 - 20:00","wo":"07:30 - 13:00, 13:01 - 20:00","do":"07:30 - 13:00, 13:01 - 20:00","vr":"07:30 - 13:00, 13:01 - 20:00"}}},{"type":"Feature","geometry":{"type":"Point","coordinates":[12.03609745,44.21829178]},"properties":{"type":"pakketpunt","locatieNaam":"Tabaccheria N. 1","straatNaam":"Via Caterina Sforza","straatNr":"53","vervoerder":"PosteItaliane","puntType":"servicepunt","bezettingsgraad":50,"latitude":44.21829178,"longitude":12.03609745,"canPickup":true,"canDropoff":true,"openingstijden":{"za":"07:30 - 12:30, 15:00 - 19:30","zo":"gesloten","ma":"07:30 - 12:30, 15:00 - 19:30","di":"07:30 - 12:30, 15:00 - 19:30","wo":"07:30 - 12:30, 15:00 - 19:30","do":"07:30 - 12:30, 15:00 - 19:30","vr":"07:30 - 12:30, 15:00 - 19:30"}}},{"type":"Feature","geometry":{"type":"Point","coordinates":[12.04751418,44.21372659]},"properties":{"type":"pakketpunt","locatieNaam":"Tabaccheria N. 111","straatNaam":"Viale Fratelli Spazzoli","straatNr":"25","vervoerder":"PosteItaliane","puntType":"servicepunt","bezettingsgraad":50,"latitude":44.21372659,"longitude":12.04751418,"canPickup":true,"canDropoff":true,"openingstijden":{"za":"07:30 - 13:00, 15:30 - 19:30","zo":"gesloten","ma":"07:30 - 13:00, 15:30 - 19:30","di":"07:30 - 13:00, 15:30 - 19:30","wo":"07:30 - 13:00, 15:30 - 19:30","do":"07:30 - 13:00, 15:30 - 19:30","vr":"07:30 - 13:00, 15:30 - 19:30"}}},{"type":"Feature","geometry":{"type":"Point","coordinates":[12.07232643,44.2385811]},"properties":{"type":"pakketpunt","locatieNaam":"Tabaccheria N. 91","straatNaam":"Via Cervese","straatNr":"107","vervoerder":"PosteItaliane","puntType":"servicepunt","bezettingsgraad":50,"latitude":44.2385811,"longitude":12.07232643,"canPickup":true,"canDropoff":true,"openingstijden":{"za":"08:00 - 13:00, 15:30 - 19:30","zo":"gesloten","ma":"08:00 - 13:00, 15:30 - 19:30","di":"08:00 - 13:00, 15:30 - 19:30","wo":"08:00 - 16:00","do":"08:00 - 13:00, 15:30 - 19:30","vr":"08:00 - 13:00, 15:30 - 19:30"}}},{"type":"Feature","geometry":{"type":"Point","coordinates":[12.04578812,44.22550759]},"properties":{"type":"pakketpunt","locatieNaam":"Tabaccheria N. 33","straatNaam":"Corso Giuseppe Mazzini","straatNr":"148","vervoerder":"PosteItaliane","puntType":"servicepunt","bezettingsgraad":50,"latitude":44.22550759,"longitude":12.04578812,"canPickup":true,"canDropoff":true,"openingstijden":{"za":"07:00 - 13:00, 15:00 - 19:30","zo":"gesloten","ma":"07:00 - 13:00, 15:00 - 19:30","di":"07:00 - 13:00, 15:00 - 19:30","wo":"07:00 - 13:00, 15:00 - 19:30","do":"07:00 - 13:00, 15:00 - 19:30","vr":"07:00 - 13:00, 15:00 - 19:30"}}},{"type":"Feature","geometry":{"type":"Point","coordinates":[12.03138104,44.22555717]},"properties":{"type":"pakketpunt","locatieNaam":"Tabaccheria N. 8","straatNaam":"Corso Giuseppe Garibaldi","straatNr":"194","vervoerder":"PosteItaliane","puntType":"servicepunt","bezettingsgraad":50,"latitude":44.22555717,"longitude":12.03138104,"canPickup":true,"canDropoff":true,"openingstijden":{"za":"07:30 - 13:00, 15:00 - 19:30","zo":"gesloten","ma":"07:30 - 13:00, 15:00 - 19:30","di":"07:30 - 13:00, 15:00 - 19:30","wo":"07:30 - 13:00, 15:00 - 19:30","do":"07:30 - 13:00, 15:00 - 19:30","vr":"07:30 - 13:00, 15:00 - 19:30"}}},{"type":"Feature","geometry":{"type":"Point","coordinates":[11.99836843,44.21881233]},"properties":{"type":"pakketpunt","locatieNaam":"Tabaccheria N. 72","straatNaam":"Via Del Quattro","straatNr":"1","vervoerder":"PosteItaliane","puntType":"servicepunt","bezettingsgraad":50,"latitude":44.21881233,"longitude":11.99836843,"canPickup":true,"canDropoff":true,"openingstijden":{"za":"05:00 - 20:00","zo":"05:00 - 20:00","ma":"05:00 - 20:00","di":"05:00 - 20:00","wo":"05:00 - 20:00","do":"05:00 - 20:00","vr":"05:00 - 20:00"}}},{"type":"Feature","geometry":{"type":"Point","coordinates":[12.0430642,44.20853294]},"properties":{"type":"pakketpunt","locatieNaam":"Tabaccheria N. 108","straatNaam":"Via Decio Raggi","straatNr":"158","vervoerder":"PosteItaliane","puntType":"servicepunt","bezettingsgraad":50,"latitude":44.20853294,"longitude":12.0430642,"canPickup":true,"canDropoff":true,"openingstijden":{"za":"07:00 - 13:00, 15:30 - 19:30","zo":"gesloten","ma":"07:00 - 13:00, 15:30 - 19:30","di":"07:00 - 13:00, 15:30 - 19:30","wo":"07:00 - 13:00, 15:30 - 19:30","do":"07:00 - 13:00, 15:30 - 19:30","vr":"07:00 - 13:00, 15:30 - 19:30"}}},{"type":"Feature","geometry":{"type":"Point","coordinates":[12.06476937,44.22648753]},"properties":{"type":"pakketpunt","locatieNaam":"Tabaccheria N. 67","straatNaam":"Via Eugenio Bertini","straatNr":"95","vervoerder":"PosteItaliane","puntType":"servicepunt","bezettingsgraad":50,"latitude":44.22648753,"longitude":12.06476937,"canPickup":true,"canDropoff":true,"openingstijden":{"za":"07:00 - 12:30, 15:00 - 19:30","zo":"gesloten","ma":"07:00 - 12:30, 15:00 - 19:30","di":"07:00 - 12:30, 15:00 - 19:30","wo":"07:00 - 12:30, 15:00 - 19:30","do":"07:00 - 12:30, 15:00 - 19:30","vr":"07:00 - 12:30, 15:00 - 19:30"}}},{"type":"Feature","geometry":{"type":"Point","coordinates":[12.03706372,44.23112993]},"properties":{"type":"pakketpunt","locatieNaam":"Tabaccheria N. 71","straatNaam":"Via Pelacano","straatNr":"38","vervoerder":"PosteItaliane","puntType":"servicepunt","bezettingsgraad":50,"latitude":44.23112993,"longitude":12.03706372,"canPickup":true,"canDropoff":true,"openingstijden":{"za":"06:00 - 12:00","zo":"gesloten","ma":"06:00 - 18:00","di":"06:00 - 18:00","wo":"06:00 - 18:00","do":"06:00 - 18:00","vr":"06:00 - 18:00"}}},{"type":"Feature","geometry":{"type":"Point","coordinates":[12.02457552,44.22488864]},"properties":{"type":"pakketpunt","locatieNaam":"Tabaccheria N. 101","straatNaam":"Via Sapinia","straatNr":"37","vervoerder":"PosteItaliane","puntType":"servicepunt","bezettingsgraad":50,"latitude":44.22488864,"longitude":12.02457552,"canPickup":true,"canDropoff":true,"openingstijden":{"za":"05:00 - 13:00, 13:01 - 23:59","zo":"05:00 - 13:00, 13:01 - 23:59","ma":"05:00 - 13:00, 13:01 - 23:59","di":"05:00 - 13:00, 13:01 - 23:59","wo":"05:00 - 13:00, 13:01 - 23:59","do":"05:00 - 13:00, 13:01 - 23:59","vr":"05:00 - 13:00, 13:01 - 23:59"}}},{"type":"Feature","geometry":{"type":"Point","coordinates":[12.04998716,44.2275385]},"properties":{"type":"pakketpunt","locatieNaam":"Tabaccheria N. 22","straatNaam":"Via Ravegnana","straatNr":"110","vervoerder":"PosteItaliane","puntType":"servicepunt","bezettingsgraad":50,"latitude":44.2275385,"longitude":12.04998716,"canPickup":true,"canDropoff":true,"openingstijden":{"za":"07:30 - 13:00","zo":"gesloten","ma":"07:30 - 13:00, 15:30 - 19:30","di":"07:30 - 13:00, 15:30 - 19:30","wo":"07:30 - 13:00, 15:30 - 19:30","do":"07:30 - 13:00, 15:30 - 19:30","vr":"07:30 - 13:00, 15:30 - 19:30"}}},{"type":"Feature","geometry":{"type":"Point","coordinates":[12.0476374,44.2043267]},"properties":{"type":"pakketpunt","locatieNaam":"Tabaccheria N. 117","straatNaam":"Via Campo Di Marte","straatNr":"242","vervoerder":"PosteItaliane","puntType":"servicepunt","bezettingsgraad":50,"latitude":44.2043267,"longitude":12.0476374,"canPickup":true,"canDropoff":true,"openingstijden":{"za":"07:00 - 12:30, 15:00 - 19:30","zo":"gesloten","ma":"07:00 - 12:30, 15:00 - 19:30","di":"07:00 - 12:30, 15:00 - 19:30","wo":"07:00 - 12:30, 15:00 - 19:30","do":"07:00 - 12:30, 15:00 - 19:30","vr":"07:00 - 12:30, 15:00 - 19:30"}}},{"type":"Feature","geometry":{"type":"Point","coordinates":[12.04402294,44.22244073]},"properties":{"type":"pakketpunt","locatieNaam":"Tabaccheria N. 42","straatNaam":"Via Giorgio Regnoli","straatNr":"22","vervoerder":"PosteItaliane","puntType":"servicepunt","bezettingsgraad":50,"latitude":44.22244073,"longitude":12.04402294,"canPickup":true,"canDropoff":true,"openingstijden":{"za":"08:00 - 12:30, 15:00 - 19:30","zo":"gesloten","ma":"08:00 - 12:30, 15:00 - 19:30","di":"08:00 - 12:30, 15:00 - 19:30","wo":"08:00 - 12:30, 15:00 - 19:30","do":"08:00 - 12:30, 15:00 - 19:30","vr":"08:00 - 12:30, 15:00 - 19:30"}}},{"type":"Feature","geometry":{"type":"Point","coordinates":[12.04381624,44.20010242]},"properties":{"type":"pakketpunt","locatieNaam":"Tabaccheria N. 34","straatNaam":"Via Ca' Rossa","straatNr":"93/b","vervoerder":"PosteItaliane","puntType":"servicepunt","bezettingsgraad":50,"latitude":44.20010242,"longitude":12.04381624,"canPickup":true,"canDropoff":true,"openingstijden":{"za":"08:00 - 13:00, 15:00 - 19:30","zo":"gesloten","ma":"08:00 - 13:00, 15:00 - 19:30","di":"08:00 - 13:00, 15:00 - 19:30","wo":"08:00 - 13:00, 15:00 - 19:30","do":"08:00 - 13:00, 15:00 - 19:30","vr":"08:00 - 13:00, 15:00 - 19:30"}}},{"type":"Feature","geometry":{"type":"Point","coordinates":[12.04322297,44.23401322]},"properties":{"type":"pakketpunt","locatieNaam":"Tabaccheria N. 82","straatNaam":"Via Monte San Michele","straatNr":"60","vervoerder":"PosteItaliane","puntType":"servicepunt","bezettingsgraad":50,"latitude":44.23401322,"longitude":12.04322297,"canPickup":true,"canDropoff":true,"openingstijden":{"za":"06:00 - 22:00","zo":"06:00 - 22:00","ma":"06:00 - 22:00","di":"06:00 - 22:00","wo":"06:00 - 22:00","do":"06:00 - 22:00","vr":"06:00 - 22:00"}}},{"type":"Feature","geometry":{"type":"Point","coordinates":[12.08347733,44.20355191]},"properties":{"type":"pakketpunt","locatieNaam":"Tabaccheria N. 28","straatNaam":"Viale Bidente","straatNr":"25","vervoerder":"PosteItaliane","puntType":"servicepunt","bezettingsgraad":50,"latitude":44.20355191,"longitude":12.08347733,"canPickup":true,"canDropoff":true,"openingstijden":{"za":"08:01 - 14:00","zo":"gesloten","ma":"08:01 - 14:00, 16:01 - 19:30","di":"08:01 - 14:00, 16:01 - 19:30","wo":"08:01 - 14:00","do":"08:01 - 14:00, 16:01 - 19:30","vr":"08:01 - 14:00, 16:01 - 19:30"}}},{"type":"Feature","geometry":{"type":"Point","coordinates":[12.03563268,44.20527506]},"properties":{"type":"pakketpunt","locatieNaam":"Forli' 4","straatNaam":"Via Eugenio Curiel","straatNr":"29","vervoerder":"PosteItaliane","puntType":"postkantoor","bezettingsgraad":50,"latitude":44.20527506,"longitude":12.03563268,"canPickup":true,"canDropoff":true,"openingstijden":{"za":"08:20 - 12:35","zo":"gesloten","ma":"08:20 - 13:35","di":"08:20 - 13:35","wo":"08:20 - 13:35","do":"08:20 - 13:35","vr":"08:20 - 13:35"}}},{"type":"Feature","geometry":{"type":"Point","coordinates":[12.01564814,44.29372193]},"properties":{"type":"pakketpunt","locatieNaam":"Villafranca","straatNaam":"Via Zampighi","straatNr":"2","vervoerder":"PosteItaliane","puntType":"postkantoor","bezettingsgraad":50,"latitude":44.29372193,"longitude":12.01564814,"canPickup":true,"canDropoff":true,"openingstijden":{"za":"08:20 - 12:45","zo":"gesloten","ma":"08:20 - 13:45","di":"08:20 - 13:45","wo":"08:20 - 13:45","do":"08:20 - 13:45","vr":"08:20 - 13:45"}}},{"type":"Feature","geometry":{"type":"Point","coordinates":[12.04505244,44.2659235]},"properties":{"type":"pakketpunt","locatieNaam":"Roncadello","straatNaam":"Largo Roccatella","straatNr":"6","vervoerder":"PosteItaliane","puntType":"postkantoor","bezettingsgraad":50,"latitude":44.2659235,"longitude":12.04505244,"canPickup":true,"canDropoff":true,"openingstijden":{"za":"08:20 - 12:45","zo":"gesloten","ma":"08:20 - 13:45","di":"08:20 - 13:45","wo":"08:20 - 13:45","do":"08:20 - 13:45","vr":"08:20 - 13:45"}}},{"type":"Feature","geometry":{"type":"Point","coordinates":[12.03410522,44.18505815]},"properties":{"type":"pakketpunt","locatieNaam":"San Martino In Strada","straatNaam":"Viale Dell' Appennino","straatNr":"500","vervoerder":"PosteItaliane","puntType":"postkantoor","bezettingsgraad":50,"latitude":44.18505815,"longitude":12.03410522,"canPickup":true,"canDropoff":true,"openingstijden":{"za":"08:20 - 12:35","zo":"gesloten","ma":"08:20 - 13:35","di":"08:20 - 13:35","wo":"08:20 - 13:35","do":"08:20 - 13:35","vr":"08:20 - 13:35"}}},{"type":"Feature","geometry":{"type":"Point","coordinates":[12.04870803,44.20535708]},"properties":{"type":"pakketpunt","locatieNaam":"Forli' 5","straatNaam":"Via Campo Di Marte","straatNr":"85","vervoerder":"PosteItaliane","puntType":"postkantoor","bezettingsgraad":50,"latitude":44.20535708,"longitude":12.04870803,"canPickup":true,"canDropoff":true,"openingstijden":{"za":"08:20 - 12:35","zo":"gesloten","ma":"08:20 - 13:35","di":"08:20 - 13:35","wo":"08:20 - 13:35","do":"08:20 - 13:35","vr":"08:20 - 13:35"}}},{"type":"Feature","geometry":{"type":"Point","coordinates":[12.0416709,44.22310241]},"properties":{"type":"pakketpunt","locatieNaam":"Forli' Centro","straatNaam":"Piazza Aurelio Saffi","straatNr":"28","vervoerder":"PosteItaliane","puntType":"postkantoor","bezettingsgraad":50,"latitude":44.22310241,"longitude":12.0416709,"canPickup":true,"canDropoff":true,"openingstijden":{"za":"08:20 - 12:35","zo":"gesloten","ma":"08:20 - 19:05","di":"08:20 - 19:05","wo":"08:20 - 19:05","do":"08:20 - 19:05","vr":"08:20 - 19:05"}}},{"type":"Feature","geometry":{"type":"Point","coordinates":[12.08202236,44.20485953]},"properties":{"type":"pakketpunt","locatieNaam":"Forli' 9","straatNaam":"Viale Roma","straatNr":"356","vervoerder":"PosteItaliane","puntType":"postkantoor","bezettingsgraad":50,"latitude":44.20485953,"longitude":12.08202236,"canPickup":true,"canDropoff":true,"openingstijden":{"za":"08:20 - 12:35","zo":"gesloten","ma":"08:20 - 13:35","di":"08:20 - 13:35","wo":"08:20 - 13:35","do":"08:20 - 13:35","vr":"08:20 - 13:35"}}},{"type":"Feature","geometry":{"type":"Point","coordinates":[12.04854967,44.21832858]},"properties":{"type":"pakketpunt","locatieNaam":"Forli' 3","straatNaam":"Piazzale Della Vittoria","straatNr":"25","vervoerder":"PosteItaliane","puntType":"postkantoor","bezettingsgraad":50,"latitude":44.21832858,"longitude":12.04854967,"canPickup":true,"canDropoff":true,"openingstijden":{"za":"08:20 - 12:35","zo":"gesloten","ma":"08:20 - 19:05","di":"08:20 - 19:05","wo":"08:20 - 19:05","do":"08:20 - 19:05","vr":"08:20 - 19:05"}}},{"type":"Feature","geometry":{"type":"Point","coordinates":[12.01813593,44.19549256]},"properties":{"type":"pakketpunt","locatieNaam":"Forli' 11","straatNaam":"Via Castel Latino","straatNr":"53","vervoerder":"PosteItaliane","puntType":"postkantoor","bezettingsgraad":50,"latitude":44.19549256,"longitude":12.01813593,"canPickup":true,"canDropoff":true,"openingstijden":{"za":"08:20 - 12:45","zo":"gesloten","ma":"08:20 - 13:45","di":"08:20 - 13:45","wo":"08:20 - 13:45","do":"08:20 - 13:45","vr":"08:20 - 13:45"}}},{"type":"Feature","geometry":{"type":"Point","coordinates":[12.06468954,44.23958515]},"properties":{"type":"pakketpunt","locatieNaam":"Forli' 8","straatNaam":"Via Zampeschi","straatNr":"47","vervoerder":"PosteItaliane","puntType":"postkantoor","bezettingsgraad":50,"latitude":44.23958515,"longitude":12.06468954,"canPickup":true,"canDropoff":true,"openingstijden":{"za":"08:20 - 12:35","zo":"gesloten","ma":"08:20 - 13:35","di":"08:20 - 13:35","wo":"08:20 - 13:35","do":"08:20 - 13:35","vr":"08:20 - 13:35"}}},{"type":"Feature","geometry":{"type":"Point","coordinates":[12.00720594,44.23329372]},"properties":{"type":"pakketpunt","locatieNaam":"Forli' 6","straatNaam":"Via Cava","straatNr":"27","vervoerder":"PosteItaliane","puntType":"postkantoor","bezettingsgraad":50,"latitude":44.23329372,"longitude":12.00720594,"canPickup":true,"canDropoff":true,"openingstijden":{"za":"08:20 - 12:35","zo":"gesloten","ma":"08:20 - 13:35","di":"08:20 - 13:35","wo":"08:20 - 13:35","do":"08:20 - 13:35","vr":"08:20 - 13:35"}}},{"type":"Feature","geometry":{"type":"Point","coordinates":[12.11849298,44.23789872]},"properties":{"type":"pakketpunt","locatieNaam":"Carpinello","straatNaam":"Via Cervese","straatNr":"169","vervoerder":"PosteItaliane","puntType":"postkantoor","bezettingsgraad":50,"latitude":44.23789872,"longitude":12.11849298,"canPickup":true,"canDropoff":true,"openingstijden":{"za":"08:20 - 12:45","zo":"gesloten","ma":"08:20 - 13:45","di":"08:20 - 13:45","wo":"08:20 - 13:45","do":"08:20 - 13:45","vr":"08:20 - 13:45"}}},{"type":"Feature","geometry":{"type":"Point","coordinates":[12.07600659,44.22255852]},"properties":{"type":"pakketpunt","locatieNaam":"Forli' 7","straatNaam":"Via Thomas Alva Edison","straatNr":"12","vervoerder":"PosteItaliane","puntType":"postkantoor","bezettingsgraad":50,"latitude":44.22255852,"longitude":12.07600659,"canPickup":true,"canDropoff":true,"openingstijden":{"za":"08:20 - 12:35","zo":"gesloten","ma":"08:20 - 19:05","di":"08:20 - 19:05","wo":"08:20 - 19:05","do":"08:20 - 19:05","vr":"08:20 - 19:05"}}},{"type":"Feature","geometry":{"type":"Point","coordinates":[12.08539902,44.24732729]},"properties":{"type":"pakketpunt","locatieNaam":"Formi Shopping & Food","straatNaam":"Via Edith Stein","straatNr":"12","vervoerder":"PosteItaliane","puntType":"automaat","bezettingsgraad":50,"latitude":44.24732729,"longitude":12.08539902,"canPickup":true,"canDropoff":true,"openingstijden":{"za":"06:00 - 23:59","zo":"06:00 - 23:59","ma":"06:00 - 23:59","di":"06:00 - 23:59","wo":"06:00 - 23:59","do":"06:00 - 23:59","vr":"06:00 - 23:59"}}},{"type":"Feature","geometry":{"type":"Point","coordinates":[12.0830281,44.20558583]},"properties":{"type":"pakketpunt","locatieNaam":"Cia Retail Forli' Ronco","straatNaam":"Via Augusto Antonio Dirani","straatNr":"6","vervoerder":"PosteItaliane","puntType":"automaat","bezettingsgraad":50,"latitude":44.20558583,"longitude":12.0830281,"canPickup":true,"canDropoff":true,"openingstijden":{"za":"09:00 - 13:00","zo":"gesloten","ma":"09:00 - 13:00","di":"09:00 - 13:00","wo":"09:00 - 13:00","do":"09:00 - 13:00","vr":"09:00 - 13:00"}}},{"type":"Feature","geometry":{"type":"Point","coordinates":[12.08303762,44.24449212]},"properties":{"type":"pakketpunt","locatieNaam":"Centro Commerciale Punta Di Ferro","straatNaam":"Piazzale Della Cooperazione","straatNr":"2","vervoerder":"PosteItaliane","puntType":"automaat","bezettingsgraad":50,"latitude":44.24449212,"longitude":12.08303762,"canPickup":true,"canDropoff":true,"openingstijden":{"za":"00:01 - 23:59","zo":"00:01 - 23:59","ma":"00:01 - 23:59","di":"00:01 - 23:59","wo":"00:01 - 23:59","do":"00:01 - 23:59","vr":"00:01 - 23:59"}}},{"type":"Feature","geometry":{"type":"Point","coordinates":[12.030204,44.20725725]},"properties":{"type":"pakketpunt","locatieNaam":"Stazione Di Servizio Ip","straatNaam":"Viale Dell' Appennino","straatNr":"130","vervoerder":"PosteItaliane","puntType":"automaat","bezettingsgraad":50,"latitude":44.20725725,"longitude":12.030204,"canPickup":true,"canDropoff":true,"openingstijden":{"za":"00:01 - 23:59","zo":"00:01 - 23:59","ma":"00:01 - 23:59","di":"00:01 - 23:59","wo":"00:01 - 23:59","do":"00:01 - 23:59","vr":"00:01 - 23:59"}}},{"type":"Feature","geometry":{"type":"Point","coordinates":[12.05297238,44.2214166]},"properties":{"type":"pakketpunt","locatieNaam":"Armanda Calzature","straatNaam":"Viale Della Liberta'","straatNr":"30","vervoerder":"PosteItaliane","puntType":"servicepunt","bezettingsgraad":50,"latitude":44.2214166,"longitude":12.05297238,"canPickup":true,"canDropoff":true,"openingstijden":{"za":"08:30 - 12:30","zo":"gesloten","ma":"08:30 - 12:30, 15:00 - 19:00","di":"08:30 - 12:30, 15:00 - 19:00","wo":"08:30 - 12:30, 15:00 - 19:00","do":"08:30 - 12:30, 15:00 - 19:00","vr":"08:30 - 12:30, 15:00 - 19:00"}}},{"type":"Feature","geometry":{"type":"Point","coordinates":[12.02361317,44.22848062]},"properties":{"type":"pakketpunt","locatieNaam":"Cartoleria Block Notes","straatNaam":"Viale Bologna","straatNr":"43/a","vervoerder":"PosteItaliane","puntType":"servicepunt","bezettingsgraad":50,"latitude":44.22848062,"longitude":12.02361317,"canPickup":true,"canDropoff":true,"openingstijden":{"za":"08:00 - 12:30, 15:30 - 19:30","zo":"gesloten","ma":"08:00 - 12:30, 15:30 - 19:30","di":"08:00 - 12:30, 15:30 - 19:30","wo":"08:00 - 12:30, 15:30 - 19:30","do":"08:00 - 12:30","vr":"08:00 - 12:30, 15:30 - 19:30"}}},{"type":"Feature","geometry":{"type":"Point","coordinates":[12.00882503,44.23044001]},"properties":{"type":"pakketpunt","locatieNaam":"Centro Sportivo - Todo Padel","straatNaam":"Via Sillaro","straatNr":"45","vervoerder":"PosteItaliane","puntType":"automaat","bezettingsgraad":50,"latitude":44.23044001,"longitude":12.00882503,"canPickup":true,"canDropoff":true,"openingstijden":{"za":"09:00 - 23:00","zo":"09:00 - 23:00","ma":"09:00 - 23:00","di":"09:00 - 23:00","wo":"09:00 - 23:00","do":"09:00 - 23:00","vr":"09:00 - 23:00"}}},{"type":"Feature","geometry":{"type":"Point","coordinates":[12.05075478,44.21722608]},"properties":{"type":"pakketpunt","locatieNaam":"Copisteria Papercopy","straatNaam":"Via Orlando Zanchini","straatNr":"13","vervoerder":"PosteItaliane","puntType":"servicepunt","bezettingsgraad":50,"latitude":44.21722608,"longitude":12.05075478,"canPickup":true,"canDropoff":true,"openingstijden":{"za":"08:30 - 12:30","zo":"gesloten","ma":"08:30 - 12:30, 14:30 - 18:30","di":"08:30 - 12:30, 14:30 - 18:30","wo":"08:30 - 12:30, 14:30 - 18:30","do":"08:30 - 12:30, 14:30 - 18:30","vr":"08:30 - 12:30, 14:30 - 18:30"}}},{"type":"Feature","geometry":{"type":"Point","coordinates":[12.05108687,44.22796326]},"properties":{"type":"pakketpunt","locatieNaam":"Bar La Caffetteria - Forlì","straatNaam":"Via Ravegnana","straatNr":"146/a","vervoerder":"PosteItaliane","puntType":"servicepunt","bezettingsgraad":50,"latitude":44.22796326,"longitude":12.05108687,"canPickup":true,"canDropoff":true,"openingstijden":{"za":"08:30 - 14:00","zo":"gesloten","ma":"08:30 - 19:30","di":"08:30 - 19:30","wo":"08:30 - 19:30","do":"08:30 - 19:30","vr":"08:30 - 19:30"}}},{"type":"Feature","geometry":{"type":"Point","coordinates":[12.04327875,44.21981491]},"properties":{"type":"pakketpunt","locatieNaam":"Copia E Incolla","straatNaam":"Via San Pellegrino Laziosi","straatNr":"32","vervoerder":"PosteItaliane","puntType":"servicepunt","bezettingsgraad":50,"latitude":44.21981491,"longitude":12.04327875,"canPickup":true,"canDropoff":true,"openingstijden":{"za":"10:00 - 14:00","zo":"gesloten","ma":"10:00 - 19:00","di":"10:00 - 19:00","wo":"10:00 - 19:00","do":"10:00 - 19:00","vr":"10:00 - 19:00"}}},{"type":"Feature","geometry":{"type":"Point","coordinates":[12.04294092,44.22278756]},"properties":{"type":"pakketpunt","locatieNaam":"Morick Many Services","straatNaam":"Largo De Calboli","straatNr":"11","vervoerder":"PosteItaliane","puntType":"servicepunt","bezettingsgraad":50,"latitude":44.22278756,"longitude":12.04294092,"canPickup":true,"canDropoff":true,"openingstijden":{"za":"09:30 - 19:30","zo":"gesloten","ma":"09:30 - 19:30","di":"09:30 - 19:30","wo":"09:30 - 19:30","do":"09:30 - 19:30","vr":"09:30 - 19:30"}}},{"type":"Feature","geometry":{"type":"Point","coordinates":[12.0180574,44.23180041]},"properties":{"type":"pakketpunt","locatieNaam":"Palestra - Life Project","straatNaam":"Via Padulli","straatNr":"3","vervoerder":"PosteItaliane","puntType":"automaat","bezettingsgraad":50,"latitude":44.23180041,"longitude":12.0180574,"canPickup":true,"canDropoff":true,"openingstijden":{"za":"00:01 - 23:59","zo":"00:01 - 23:59","ma":"00:01 - 23:59","di":"00:01 - 23:59","wo":"00:01 - 23:59","do":"00:01 - 23:59","vr":"00:01 - 23:59"}}},{"type":"Feature","geometry":{"type":"Point","coordinates":[12.0330358589,44.1983336496]},"properties":{"type":"pakketpunt","locatieNaam":"Unmilione.net","straatNaam":"VIALE RISORGIMENTO","straatNr":"277/B","vervoerder":"DPD","puntType":"pickup_point","bezettingsgraad":50,"latitude":44.1983336496,"longitude":12.0330358589,"canPickup":true,"canDropoff":true,"openingstijden":{"ma":"09:00 - 12:30, 15:30 - 19:30","di":"09:00 - 12:30, 15:30 - 19:30","wo":"09:00 - 12:30, 15:30 - 19:30","do":"gesloten","vr":"09:00 - 12:30, 15:30 - 19:30","za":"09:00 - 12:30, 15:30 - 19:30","zo":"gesloten"}}},{"type":"Feature","geometry":{"type":"Point","coordinates":[12.0315865,44.2228953]},"properties":{"type":"pakketpunt","locatieNaam":"Tabaccheria Botteghina","straatNaam":"VIALE LIVIO SALINATORE","straatNr":"44","vervoerder":"DPD","puntType":"pickup_point","bezettingsgraad":50,"latitude":44.2228953,"longitude":12.0315865,"canPickup":true,"canDropoff":true,"openingstijden":{"ma":"08:00 - 13:00, 15:30 - 20:00","di":"08:00 - 13:00, 15:30 - 20:00","wo":"08:00 - 13:00, 15:30 - 20:00","do":"08:00 - 13:00, 15:30 - 20:00","vr":"08:00 - 13:00, 15:30 - 20:00","za":"08:00 - 13:00, 15:30 - 20:00","zo":"gesloten"}}},{"type":"Feature","geometry":{"type":"Point","coordinates":[12.0183457,44.231257]},"properties":{"type":"pakketpunt","locatieNaam":"Bagioni Alfiero Snc","straatNaam":"VIALE BOLOGNA","straatNr":"100","vervoerder":"DPD","puntType":"pickup_point","bezettingsgraad":50,"latitude":44.231257,"longitude":12.0183457,"canPickup":true,"canDropoff":true,"openingstijden":{"ma":"08:00 - 12:00, 14:00 - 18:00","di":"08:00 - 12:00, 14:00 - 18:00","wo":"08:00 - 12:00, 14:00 - 18:00","do":"08:00 - 12:00, 14:00 - 18:00","vr":"08:00 - 12:00, 14:00 - 18:00","za":"08:00 - 12:00","zo":"gesloten"}}},{"type":"Feature","geometry":{"type":"Point","coordinates":[12.0432453,44.2198896]},"properties":{"type":"pakketpunt","locatieNaam":"Copia & Incolla","straatNaam":"VIA SAN PELLEGRINO LAZIOSI","straatNr":"32","vervoerder":"DPD","puntType":"pickup_point","bezettingsgraad":50,"latitude":44.2198896,"longitude":12.0432453,"canPickup":true,"canDropoff":true,"openingstijden":{"ma":"10:00 - 19:00","di":"10:00 - 19:00","wo":"10:00 - 19:00","do":"10:00 - 19:00","vr":"10:00 - 19:00","za":"10:00 - 14:00","zo":"gesloten"}}},{"type":"Feature","geometry":{"type":"Point","coordinates":[12.0478857,44.2191493]},"properties":{"type":"pakketpunt","locatieNaam":"Dorhouse - Forlì","straatNaam":"CORSO DELLA REPUBBLICA","straatNr":"179","vervoerder":"DPD","puntType":"pickup_point","bezettingsgraad":50,"latitude":44.2191493,"longitude":12.0478857,"canPickup":true,"canDropoff":true,"openingstijden":{"ma":"09:00 - 12:30, 16:15 - 19:00","di":"09:00 - 12:30, 16:15 - 19:00","wo":"09:00 - 12:30, 16:15 - 19:00","do":"gesloten","vr":"09:00 - 12:30, 16:15 - 19:00","za":"09:00 - 12:30, 16:15 - 19:00","zo":"gesloten"}}},{"type":"Feature","geometry":{"type":"Point","coordinates":[12.0374492,44.2039804]},"properties":{"type":"pakketpunt","locatieNaam":"Tabaccheria Federico Siboni","straatNaam":"VIALE RISORGIMENTO","straatNr":"137","vervoerder":"DPD","puntType":"pickup_point","bezettingsgraad":50,"latitude":44.2039804,"longitude":12.0374492,"canPickup":true,"canDropoff":true,"openingstijden":{"ma":"07:00 - 12:45, 15:00 - 19:45","di":"07:00 - 12:45, 15:00 - 19:45","wo":"07:00 - 12:45, 15:00 - 19:45","do":"07:00 - 12:45, 15:00 - 19:45","vr":"07:00 - 12:45, 15:00 - 19:45","za":"07:00 - 12:45, 15:00 - 19:45","zo":"gesloten"}}},{"type":"Feature","geometry":{"type":"Point","coordinates":[12.04671281,44.22167428]},"properties":{"type":"pakketpunt","locatieNaam":"Tabaccheria Contrada Grande","straatNaam":"VIA G. REGNOLI","straatNr":"97","vervoerder":"DPD","puntType":"pickup_point","bezettingsgraad":50,"latitude":44.22167428,"longitude":12.04671281,"canPickup":true,"canDropoff":true,"openingstijden":{"ma":"07:00 - 13:30, 15:00 - 20:15","di":"07:00 - 13:30, 15:00 - 20:15","wo":"07:00 - 13:30, 15:00 - 20:15","do":"07:00 - 13:30, 15:00 - 20:15","vr":"07:00 - 13:30, 15:00 - 20:15","za":"07:00 - 13:30, 15:00 - 20:15","zo":"gesloten"}}},{"type":"Feature","geometry":{"type":"Point","coordinates":[12.050943,44.21746]},"properties":{"type":"pakketpunt","locatieNaam":"Copisteria PaperCopy","straatNaam":"VIA ZANCHINI","straatNr":"13","vervoerder":"DPD","puntType":"pickup_point","bezettingsgraad":50,"latitude":44.21746,"longitude":12.050943,"canPickup":true,"canDropoff":true,"openingstijden":{"ma":"08:30 - 12:30, 14:30 - 18:30","di":"08:30 - 12:30, 14:30 - 18:30","wo":"08:30 - 12:30, 14:30 - 18:30","do":"08:30 - 12:30, 14:30 - 18:30","vr":"08:30 - 12:30, 14:30 - 18:30","za":"08:30 - 12:30","zo":"gesloten"}}},{"type":"Feature","geometry":{"type":"Point","coordinates":[12.0529499,44.2213796]},"properties":{"type":"pakketpunt","locatieNaam":"Armanda Calzature","straatNaam":"VIA DELLA LIBERTA","straatNr":"30","vervoerder":"DPD","puntType":"pickup_point","bezettingsgraad":50,"latitude":44.2213796,"longitude":12.0529499,"canPickup":true,"canDropoff":true,"openingstijden":{"ma":"08:30 - 12:30, 15:30 - 19:30","di":"08:30 - 12:30, 15:30 - 19:30","wo":"08:30 - 12:30, 15:30 - 19:30","do":"08:30 - 12:30, 15:30 - 19:30","vr":"08:30 - 12:30, 15:30 - 19:30","za":"08:30 - 12:30, 15:30 - 19:30","zo":"gesloten"}}},{"type":"Feature","geometry":{"type":"Point","coordinates":[12.0833,44.20535]},"properties":{"type":"pakketpunt","locatieNaam":"BRT LOCKER - Conad Superstore Via D","straatNaam":"VIA DIRANI","straatNr":"6","vervoerder":"DPD","puntType":"dpd_box","bezettingsgraad":50,"latitude":44.20535,"longitude":12.0833,"canPickup":true,"canDropoff":true,"openingstijden":{"ma":"07:00 - 20:30","di":"07:00 - 20:30","wo":"07:00 - 20:30","do":"07:00 - 20:30","vr":"07:00 - 20:30","za":"07:00 - 20:30","zo":"08:00 - 20:00"}}},{"type":"Feature","geometry":{"type":"Point","coordinates":[12.083788,44.246545]},"properties":{"type":"pakketpunt","locatieNaam":"BRT LOCKER - Formì Shopping & Food","straatNaam":"VIA EDITH STEIN","straatNr":"6","vervoerder":"DPD","puntType":"dpd_box","bezettingsgraad":50,"latitude":44.246545,"longitude":12.083788,"canPickup":true,"canDropoff":true,"openingstijden":{"ma":"00:00 - 23:45","di":"00:00 - 23:45","wo":"00:00 - 23:45","do":"00:00 - 23:45","vr":"00:00 - 23:45","za":"00:00 - 23:45","zo":"00:00 - 23:45"}}},{"type":"Feature","geometry":{"type":"Point","coordinates":[12.0415811,44.2163008]},"properties":{"type":"pakketpunt","locatieNaam":"Tabaccheria Vocale","straatNaam":"VIALE DUE GIUGNO","straatNr":"11B","vervoerder":"DPD","puntType":"pickup_point","bezettingsgraad":50,"latitude":44.2163008,"longitude":12.0415811,"canPickup":true,"canDropoff":true,"openingstijden":{"ma":"07:30 - 12:30, 15:30 - 19:30","di":"07:30 - 12:30, 15:30 - 19:30","wo":"07:30 - 12:30, 15:30 - 19:30","do":"07:30 - 12:30, 15:30 - 19:30","vr":"07:30 - 12:30, 15:30 - 19:30","za":"07:30 - 12:30, 15:30 - 19:30","zo":"gesloten"}}},{"type":"Feature","geometry":{"type":"Point","coordinates":[12.0429823,44.2115806]},"properties":{"type":"pakketpunt","locatieNaam":"Tabaccheria del Viale","straatNaam":"V.LE D. BOLOGNESI","straatNr":"138 a","vervoerder":"DPD","puntType":"pickup_point","bezettingsgraad":50,"latitude":44.2115806,"longitude":12.0429823,"canPickup":true,"canDropoff":true,"openingstijden":{"ma":"07:30 - 12:30, 14:30 - 20:00","di":"07:30 - 12:30, 14:30 - 20:00","wo":"07:30 - 12:30, 14:30 - 20:00","do":"07:30 - 12:30, 14:30 - 20:00","vr":"07:30 - 12:30, 14:30 - 20:00","za":"07:30 - 12:30, 14:30 - 20:00","zo":"gesloten"}}},{"type":"Feature","geometry":{"type":"Point","coordinates":[12.081899,44.244363]},"properties":{"type":"pakketpunt","locatieNaam":"BRT LOCKER - Centro Puntadiferro P.","straatNaam":"PIAZZALE DELLA COOPERAZIONE","straatNr":"2","vervoerder":"DPD","puntType":"dpd_box","bezettingsgraad":50,"latitude":44.244363,"longitude":12.081899,"canPickup":true,"canDropoff":true,"openingstijden":{"ma":"09:00 - 21:00","di":"09:00 - 21:00","wo":"09:00 - 21:00","do":"09:00 - 21:00","vr":"09:00 - 21:00","za":"09:00 - 21:00","zo":"09:00 - 21:00"}}},{"type":"Feature","geometry":{"type":"Point","coordinates":[12.0342841,44.1833676]},"properties":{"type":"pakketpunt","locatieNaam":"Pasticceria Amadori Forlì","straatNaam":"VIALE DELL'APPENNINO","straatNr":"657","vervoerder":"DPD","puntType":"pickup_point","bezettingsgraad":50,"latitude":44.1833676,"longitude":12.0342841,"canPickup":true,"canDropoff":true,"openingstijden":{"ma":"05:00 - 20:00","di":"05:00 - 20:00","wo":"05:00 - 20:00","do":"05:00 - 20:00","vr":"05:00 - 20:00","za":"05:00 - 20:00","zo":"05:00 - 20:00"}}},{"type":"Feature","geometry":{"type":"Point","coordinates":[12.01667015,44.29410516]},"properties":{"type":"pakketpunt","locatieNaam":"Tabaccheria Raggio Di Sole","straatNaam":"VIA LUGHESE","straatNr":"238","vervoerder":"DPD","puntType":"pickup_point","bezettingsgraad":50,"latitude":44.29410516,"longitude":12.01667015,"canPickup":true,"canDropoff":true,"openingstijden":{"ma":"07:30 - 12:30, 16:00 - 19:00","di":"07:30 - 12:30, 16:00 - 19:00","wo":"07:30 - 12:30","do":"07:30 - 12:30, 16:00 - 19:00","vr":"07:30 - 12:30, 16:00 - 19:00","za":"08:00 - 12:30","zo":"gesloten"}}},{"type":"Feature","geometry":{"type":"Point","coordinates":[12.0312,44.17914]},"properties":{"type":"pakketpunt","locatieNaam":"Tabaccheria Cartoleria Bondi","straatNaam":"VIALE DELL’APPENNINO","straatNr":"709","vervoerder":"DPD","puntType":"pickup_point","bezettingsgraad":50,"latitude":44.17914,"longitude":12.0312,"canPickup":true,"canDropoff":true,"openingstijden":{"ma":"06:30 - 13:30, 15:00 - 19:30","di":"06:30 - 13:30, 15:00 - 19:30","wo":"06:30 - 13:30, 15:00 - 19:30","do":"06:30 - 13:30, 15:00 - 19:30","vr":"06:30 - 13:30, 15:00 - 19:30","za":"07:00 - 13:30, 15:00 - 19:30","zo":"gesloten"}}},{"type":"Feature","geometry":{"type":"Point","coordinates":[12.021691,44.1992589]},"properties":{"type":"pakketpunt","locatieNaam":"Foto Edicola Gorini","straatNaam":"VIA CASTEL LATINO","straatNr":"1c","vervoerder":"DPD","puntType":"pickup_point","bezettingsgraad":50,"latitude":44.1992589,"longitude":12.021691,"canPickup":true,"canDropoff":true,"openingstijden":{"ma":"07:00 - 12:30, 15:00 - 19:00","di":"07:00 - 12:30, 15:00 - 19:00","wo":"07:00 - 12:30, 15:00 - 19:00","do":"07:00 - 12:30","vr":"07:00 - 12:30, 15:00 - 19:00","za":"07:00 - 12:30, 15:00 - 19:00","zo":"07:00 - 12:30"}}},{"type":"Feature","geometry":{"type":"Point","coordinates":[12.0733581,44.2083]},"properties":{"type":"pakketpunt","locatieNaam":"Bar Roma 276 Sisal","straatNaam":"VIALE ROMA","straatNr":"276","vervoerder":"DPD","puntType":"pickup_point","bezettingsgraad":50,"latitude":44.2083,"longitude":12.0733581,"canPickup":true,"canDropoff":true,"openingstijden":{"ma":"15:00 - 20:00","di":"09:30 - 20:00","wo":"09:30 - 20:00","do":"09:30 - 20:00","vr":"09:30 - 20:00","za":"09:30 - 20:00","zo":"09:30 - 20:00"}}},{"type":"Feature","geometry":{"type":"Point","coordinates":[12.0354313,44.2240995]},"properties":{"type":"pakketpunt","locatieNaam":"Sali e Tabacchi Bandini","straatNaam":"C.SO G. GARIBALDI","straatNr":"141","vervoerder":"DPD","puntType":"pickup_point","bezettingsgraad":50,"latitude":44.2240995,"longitude":12.0354313,"canPickup":true,"canDropoff":true,"openingstijden":{"ma":"07:30 - 13:30, 15:00 - 19:30","di":"07:30 - 13:30, 15:00 - 19:30","wo":"07:30 - 13:30, 15:00 - 19:30","do":"07:30 - 13:30, 15:00 - 19:30","vr":"07:30 - 13:30, 15:00 - 19:30","za":"07:30 - 13:30, 15:00 - 19:30","zo":"gesloten"}}},{"type":"Feature","geometry":{"type":"Point","coordinates":[12.06281152,44.20671014]},"properties":{"type":"pakketpunt","locatieNaam":"BRT LOCKER - CONAD CITY via Piolant","straatNaam":"VIA ELISABETTA PIOLANTI","straatNr":"24","vervoerder":"DPD","puntType":"dpd_box","bezettingsgraad":50,"latitude":44.20671014,"longitude":12.06281152,"canPickup":true,"canDropoff":true,"openingstijden":{"ma":"07:00 - 20:30","di":"07:00 - 20:30","wo":"07:00 - 20:30","do":"07:00 - 20:30","vr":"07:00 - 20:30","za":"07:00 - 20:30","zo":"08:30 - 13:00"}}},{"type":"Feature","geometry":{"type":"Point","coordinates":[12.076508,44.206311]},"properties":{"type":"pakketpunt","locatieNaam":"BRT LOCKER - Lava Bio Via C.Seganti","straatNaam":"VIA CARLO SEGANTI","straatNr":"16","vervoerder":"DPD","puntType":"dpd_box","bezettingsgraad":50,"latitude":44.206311,"longitude":12.076508,"canPickup":true,"canDropoff":true,"openingstijden":{"ma":"09:00 - 21:00","di":"09:00 - 21:00","wo":"09:00 - 21:00","do":"09:00 - 21:00","vr":"09:00 - 21:00","za":"09:00 - 21:00","zo":"09:00 - 21:00"}}},{"type":"Feature","geometry":{"type":"Point","coordinates":[12.0236097,44.2283436]},"properties":{"type":"pakketpunt","locatieNaam":"Block Notes 2.0","straatNaam":"VIALE BOLOGNA","straatNr":"43A","vervoerder":"DPD","puntType":"pickup_point","bezettingsgraad":50,"latitude":44.2283436,"longitude":12.0236097,"canPickup":true,"canDropoff":true,"openingstijden":{"ma":"08:00 - 12:30, 15:30 - 19:30","di":"08:00 - 12:30, 15:30 - 19:30","wo":"08:00 - 12:30, 15:30 - 19:30","do":"08:00 - 12:30","vr":"08:00 - 12:30, 15:30 - 19:30","za":"08:00 - 12:30, 15:30 - 19:30","zo":"gesloten"}}},{"type":"Feature","geometry":{"type":"Point","coordinates":[12.0466,44.22183]},"properties":{"type":"pakketpunt","locatieNaam":"InPost Point","straatNaam":"Via Giorgio Regnoli","straatNr":"97","vervoerder":"InPost","puntType":"servicepunt","bezettingsgraad":50,"latitude":44.22183,"longitude":12.0466,"canPickup":true,"canDropoff":true,"openingstijden":"Lun-Sab: 07:00 - 13:30 - 15:00 - 20:30"}},{"type":"Feature","geometry":{"type":"Point","coordinates":[12.04327,44.22003]},"properties":{"type":"pakketpunt","locatieNaam":"InPost Point","straatNaam":"Via S. Pellegrino Laziosi","straatNr":"32","vervoerder":"InPost","puntType":"servicepunt","bezettingsgraad":50,"latitude":44.22003,"longitude":12.04327,"canPickup":true,"canDropoff":true,"openingstijden":"Lun-Ven: 10:00 - 19:00"}},{"type":"Feature","geometry":{"type":"Point","coordinates":[12.03303,44.19854]},"properties":{"type":"pakketpunt","locatieNaam":"InPost Point","straatNaam":"Viale Risorgimento","straatNr":"277B","vervoerder":"InPost","puntType":"servicepunt","bezettingsgraad":50,"latitude":44.19854,"longitude":12.03303,"canPickup":true,"canDropoff":true,"openingstijden":"Lun-Mer: 09:00 - 12:30 - 15:30 - 19:30 Ven-Sab: 09:00 - 12:30 - 15:30 - 19:30"}},{"type":"Feature","geometry":{"type":"Point","coordinates":[12.0429,44.20878]},"properties":{"type":"pakketpunt","locatieNaam":"InPost Point","straatNaam":"Via Decio Raggi","straatNr":"158","vervoerder":"InPost","puntType":"servicepunt","bezettingsgraad":50,"latitude":44.20878,"longitude":12.0429,"canPickup":true,"canDropoff":true,"openingstijden":"Lun-Sab: 07:00 - 13:00 - 15:30 - 19:30"}},{"type":"Feature","geometry":{"type":"Point","coordinates":[12.04153,44.21622]},"properties":{"type":"pakketpunt","locatieNaam":"InPost Point","straatNaam":"Viale II Giugno","straatNr":"11b","vervoerder":"InPost","puntType":"servicepunt","bezettingsgraad":50,"latitude":44.21622,"longitude":12.04153,"canPickup":true,"canDropoff":true,"openingstijden":"Lun-Sab: 07:30 - 12:30 - 15:30 - 19:30"}},{"type":"Feature","geometry":{"type":"Point","coordinates":[12.03129,44.22578]},"properties":{"type":"pakketpunt","locatieNaam":"InPost Point","straatNaam":"Corso Giuseppe Garibaldi, 194, 47121 Forlì, FC, Italia","straatNr":"194","vervoerder":"InPost","puntType":"servicepunt","bezettingsgraad":50,"latitude":44.22578,"longitude":12.03129,"canPickup":true,"canDropoff":true,"openingstijden":"Lun-Sab 08:00-13:00, 15:30-19:30"}},{"type":"Feature","geometry":{"type":"Point","coordinates":[12.02361,44.22834]},"properties":{"type":"pakketpunt","locatieNaam":"InPost Point","straatNaam":"Viale Bologna, 43/A, Forlì, FC, Italia","straatNr":"43/A","vervoerder":"InPost","puntType":"servicepunt","bezettingsgraad":50,"latitude":44.22834,"longitude":12.02361,"canPickup":true,"canDropoff":true,"openingstijden":"Lun-Gio 07:30-12:30, 15:30-19:30; Ven 07:00-12:30, 15:30-19:30; Sab 07:30-12:30, 15:30-19:30"}},{"type":"Feature","geometry":{"type":"Point","coordinates":[12.05003,44.22754]},"properties":{"type":"pakketpunt","locatieNaam":"InPost Point","straatNaam":"Via Ravegnana","straatNr":"110","vervoerder":"InPost","puntType":"servicepunt","bezettingsgraad":50,"latitude":44.22754,"longitude":12.05003,"canPickup":true,"canDropoff":true,"openingstijden":"Lun-Sab: 7:30 - 13:00 - 15:00 - 19:30"}},{"type":"Feature","geometry":{"type":"Point","coordinates":[12.02328,44.22881]},"properties":{"type":"pakketpunt","locatieNaam":"InPost Locker 24/7","straatNaam":"Viale Bologna","straatNr":"76","vervoerder":"InPost","puntType":"automaat","bezettingsgraad":50,"latitude":44.22881,"longitude":12.02328,"canPickup":true,"canDropoff":true,"openingstijden":null}},{"type":"Feature","geometry":{"type":"Point","coordinates":[12.05086,44.20793]},"properties":{"type":"pakketpunt","locatieNaam":"InPost Locker 24/7","straatNaam":"Viale Campo di Marte","straatNr":"39","vervoerder":"InPost","puntType":"automaat","bezettingsgraad":50,"latitude":44.20793,"longitude":12.05086,"canPickup":true,"canDropoff":true,"openingstijden":null}},{"type":"Feature","geometry":{"type":"Point","coordinates":[12.041,44.21626]},"properties":{"type":"pakketpunt","locatieNaam":"InPost Locker 24/7","straatNaam":"Viale II Giugno","straatNr":"4","vervoerder":"InPost","puntType":"automaat","bezettingsgraad":50,"latitude":44.21626,"longitude":12.041,"canPickup":true,"canDropoff":true,"openingstijden":null}},{"type":"Feature","geometry":{"type":"Point","coordinates":[12.08913,44.24615]},"properties":{"type":"pakketpunt","locatieNaam":"InPost Locker 24/7","straatNaam":"Via Silvetti Suor Maria Pierina","straatNr":"16","vervoerder":"InPost","puntType":"automaat","bezettingsgraad":50,"latitude":44.24615,"longitude":12.08913,"canPickup":true,"canDropoff":true,"openingstijden":null}},{"type":"Feature","geometry":{"type":"Point","coordinates":[12.0833,44.20534]},"properties":{"type":"pakketpunt","locatieNaam":"bussola di accesso al parcheggio","straatNaam":"Via Augusto Antonio Dirani","straatNr":"3","vervoerder":"InPost","puntType":"automaat","bezettingsgraad":50,"latitude":44.20534,"longitude":12.0833,"canPickup":true,"canDropoff":true,"openingstijden":null}},{"type":"Feature","geometry":{"type":"Point","coordinates":[12.01672,44.29431]},"properties":{"type":"pakketpunt","locatieNaam":"InPost Locker 24/7","straatNaam":"Via Lughese","straatNr":"238","vervoerder":"InPost","puntType":"automaat","bezettingsgraad":50,"latitude":44.29431,"longitude":12.01672,"canPickup":true,"canDropoff":true,"openingstijden":null}},{"type":"Feature","geometry":{"type":"Point","coordinates":[12.082,44.24473]},"properties":{"type":"pakketpunt","locatieNaam":"InPost Locker","straatNaam":"Via Punta di Ferro","straatNr":"snc","vervoerder":"InPost","puntType":"automaat","bezettingsgraad":50,"latitude":44.24473,"longitude":12.082,"canPickup":true,"canDropoff":true,"openingstijden":null}},{"type":"Feature","geometry":{"type":"Point","coordinates":[12.03779,44.21909]},"properties":{"type":"pakketpunt","locatieNaam":"InPost Locker 24/7","straatNaam":"Via Valverde","straatNr":"15","vervoerder":"InPost","puntType":"automaat","bezettingsgraad":50,"latitude":44.21909,"longitude":12.03779,"canPickup":true,"canDropoff":true,"openingstijden":null}},{"type":"Feature","geometry":{"type":"Point","coordinates":[12.04909,44.21316]},"properties":{"type":"pakketpunt","locatieNaam":"InPost Locker 24/7","straatNaam":"Viale F.lli Spazzoli","straatNr":"49","vervoerder":"InPost","puntType":"automaat","bezettingsgraad":50,"latitude":44.21316,"longitude":12.04909,"canPickup":true,"canDropoff":true,"openingstijden":null}},{"type":"Feature","geometry":{"type":"Point","coordinates":[12.0268,44.2233]},"properties":{"type":"pakketpunt","locatieNaam":"InPost Locker 24/7","straatNaam":"Viale Firenze","straatNr":"56","vervoerder":"InPost","puntType":"automaat","bezettingsgraad":50,"latitude":44.2233,"longitude":12.0268,"canPickup":true,"canDropoff":true,"openingstijden":null}},{"type":"Feature","geometry":{"type":"Point","coordinates":[12.07171,44.24182]},"properties":{"type":"pakketpunt","locatieNaam":"la stazione di servizio si trova all'angolo fra Via Ravegnana e Via Bonaparte","straatNaam":"Via Ravegnana (ang. Via Bonaparte)","straatNr":"","vervoerder":"InPost","puntType":"automaat","bezettingsgraad":50,"latitude":44.24182,"longitude":12.07171,"canPickup":true,"canDropoff":true,"openingstijden":null}},{"type":"Feature","geometry":{"type":"Point","coordinates":[12.01154,44.23392]},"properties":{"type":"pakketpunt","locatieNaam":"InPost Locker 24/7","straatNaam":"Viale Bologna","straatNr":"162","vervoerder":"InPost","puntType":"automaat","bezettingsgraad":50,"latitude":44.23392,"longitude":12.01154,"canPickup":true,"canDropoff":true,"openingstijden":null}},{"type":"Feature","geometry":{"type":"Point","coordinates":[12.03029,44.20738]},"properties":{"type":"pakketpunt","locatieNaam":"InPost Locker 24/7","straatNaam":"Viale Appennino","straatNr":"130","vervoerder":"InPost","puntType":"automaat","bezettingsgraad":50,"latitude":44.20738,"longitude":12.03029,"canPickup":true,"canDropoff":true,"openingstijden":null}},{"type":"Feature","geometry":{"type":"Point","coordinates":[12.06673,44.22764]},"properties":{"type":"pakketpunt","locatieNaam":"InPost Locker 24/7","straatNaam":"Via Balzella","straatNr":"2","vervoerder":"InPost","puntType":"automaat","bezettingsgraad":50,"latitude":44.22764,"longitude":12.06673,"canPickup":true,"canDropoff":true,"openingstijden":null}},{"type":"Feature","geometry":{"type":"Point","coordinates":[12.01844,44.21326]},"properties":{"type":"pakketpunt","locatieNaam":"InPost Locker 24/7","straatNaam":"Via Firenze","straatNr":"162","vervoerder":"InPost","puntType":"automaat","bezettingsgraad":50,"latitude":44.21326,"longitude":12.01844,"canPickup":true,"canDropoff":true,"openingstijden":null}},{"type":"Feature","geometry":{"type":"Point","coordinates":[12.06593,44.23859]},"properties":{"type":"pakketpunt","locatieNaam":"InPost Locker 24/7","straatNaam":"Via Ravegnana","straatNr":"422","vervoerder":"InPost","puntType":"automaat","bezettingsgraad":50,"latitude":44.23859,"longitude":12.06593,"canPickup":true,"canDropoff":true,"openingstijden":null}},{"type":"Feature","geometry":{"type":"Point","coordinates":[12.0331039,44.1983666]},"properties":{"type":"pakketpunt","locatieNaam":"BOH","straatNaam":"Viale Risorgimento","straatNr":"277A","vervoerder":"GLS","puntType":"parcel_shop","bezettingsgraad":50,"latitude":44.1983666,"longitude":12.0331039,"canPickup":true,"canDropoff":true,"openingstijden":"za: 09:00 - 12:30; ma: 09:00 - 12:30, 15:30 - 19:00"}},{"type":"Feature","geometry":{"type":"Point","coordinates":[12.0231303,44.1997276]},"properties":{"type":"pakketpunt","locatieNaam":"Foto-Edicola","straatNaam":"Via Castel Latino","straatNr":"1/c","vervoerder":"GLS","puntType":"parcel_shop","bezettingsgraad":50,"latitude":44.1997276,"longitude":12.0231303,"canPickup":true,"canDropoff":true,"openingstijden":"za: 09:00 - 12:30, 15:30 - 19:00; zo: 09:30 - 12:00"}},{"type":"Feature","geometry":{"type":"Point","coordinates":[12.0374492,44.2039804]},"properties":{"type":"pakketpunt","locatieNaam":"TABACCHERIA FEDERICO SIBONI","straatNaam":"Viale Risorgimento","straatNr":"137","vervoerder":"GLS","puntType":"parcel_shop","bezettingsgraad":50,"latitude":44.2039804,"longitude":12.0374492,"canPickup":true,"canDropoff":true,"openingstijden":"za: 07:00 - 12:30, 15:00 - 19:30; ma: 07:00 - 12:30, 15:00 - 19:30"}},{"type":"Feature","geometry":{"type":"Point","coordinates":[12.06285667,44.20666885]},"properties":{"type":"pakketpunt","locatieNaam":"GLS Locker FC004A presso CONAD Forli' Piolanti","straatNaam":"Via Elisabetta Piolanti","straatNr":"24","vervoerder":"GLS","puntType":"locker","bezettingsgraad":50,"latitude":44.20666885,"longitude":12.06285667,"canPickup":true,"canDropoff":false,"openingstijden":"za: 00:00 - 23:30; zo: 00:00 - 23:30"}},{"type":"Feature","geometry":{"type":"Point","coordinates":[12.0445143,44.2072646]},"properties":{"type":"pakketpunt","locatieNaam":"FERRAMENTA MAMBELLI","straatNaam":"Via Decio Raggi","straatNr":"189","vervoerder":"GLS","puntType":"parcel_shop","bezettingsgraad":50,"latitude":44.2072646,"longitude":12.0445143,"canPickup":true,"canDropoff":true,"openingstijden":"za: 08:00 - 12:30; ma: 08:00 - 12:30, 15:00 - 19:00"}},{"type":"Feature","geometry":{"type":"Point","coordinates":[12.073189,44.208612]},"properties":{"type":"pakketpunt","locatieNaam":"Sisal","straatNaam":"Viale Roma","straatNr":"276","vervoerder":"GLS","puntType":"parcel_shop","bezettingsgraad":50,"latitude":44.208612,"longitude":12.073189,"canPickup":true,"canDropoff":true,"openingstijden":"za: 09:30 - 20:00; zo: 09:30 - 20:00"}},{"type":"Feature","geometry":{"type":"Point","coordinates":[12.0429823,44.2115806]},"properties":{"type":"pakketpunt","locatieNaam":"Tabaccheria del viale di anobile maria teresa","straatNaam":"Viale Domenico Bolognesi","straatNr":"138A","vervoerder":"GLS","puntType":"parcel_shop","bezettingsgraad":50,"latitude":44.2115806,"longitude":12.0429823,"canPickup":true,"canDropoff":true,"openingstijden":"za: 07:30 - 12:00, 14:00 - 20:00; ma: 07:30 - 12:00, 13:30 - 20:00"}},{"type":"Feature","geometry":{"type":"Point","coordinates":[12.0495258,44.2159227]},"properties":{"type":"pakketpunt","locatieNaam":"INTERNET POINT","straatNaam":"Via Orlando Zanchin","straatNr":"1","vervoerder":"GLS","puntType":"parcel_shop","bezettingsgraad":50,"latitude":44.2159227,"longitude":12.0495258,"canPickup":true,"canDropoff":true,"openingstijden":"za: 08:30 - 14:00, 15:00 - 20:00; zo: 08:30 - 14:00, 15:00 - 20:00"}},{"type":"Feature","geometry":{"type":"Point","coordinates":[12.050943,44.21746]},"properties":{"type":"pakketpunt","locatieNaam":"COPISTERIA DI CONSEGNA","straatNaam":"Via Zanchini","straatNr":"13","vervoerder":"GLS","puntType":"parcel_shop","bezettingsgraad":50,"latitude":44.21746,"longitude":12.050943,"canPickup":true,"canDropoff":true,"openingstijden":"za: 08:30 - 12:30, 14:30 - 18:30; ma: 08:30 - 12:30, 14:30 - 18:30"}},{"type":"Feature","geometry":{"type":"Point","coordinates":[12.047915,44.2191776]},"properties":{"type":"pakketpunt","locatieNaam":"Dorhouse","straatNaam":"Corso Della Repubblica","straatNr":"179","vervoerder":"GLS","puntType":"parcel_shop","bezettingsgraad":50,"latitude":44.2191776,"longitude":12.047915,"canPickup":true,"canDropoff":true,"openingstijden":"za: 09:00 - 12:30; ma: 09:00 - 12:30, 16:30 - 19:00"}},{"type":"Feature","geometry":{"type":"Point","coordinates":[12.0432453,44.2198896]},"properties":{"type":"pakketpunt","locatieNaam":"COPIA&INCOLLA","straatNaam":"Via San Pellegrino Laziosi","straatNr":"32","vervoerder":"GLS","puntType":"parcel_shop","bezettingsgraad":50,"latitude":44.2198896,"longitude":12.0432453,"canPickup":true,"canDropoff":true,"openingstijden":"za: 10:00 - 14:00; ma: 10:00 - 19:00"}},{"type":"Feature","geometry":{"type":"Point","coordinates":[12.0529499,44.2213796]},"properties":{"type":"pakketpunt","locatieNaam":"Armanda","straatNaam":"Viale Della Liberta'","straatNr":"30","vervoerder":"GLS","puntType":"parcel_shop","bezettingsgraad":50,"latitude":44.2213796,"longitude":12.0529499,"canPickup":true,"canDropoff":true,"openingstijden":"za: 08:30 - 12:30; ma: 08:30 - 12:30, 15:00 - 19:00"}},{"type":"Feature","geometry":{"type":"Point","coordinates":[12.0413443,44.222735]},"properties":{"type":"pakketpunt","locatieNaam":"TABACCHERIA BENINI","straatNaam":"Piazza Aurelio Saffi","straatNr":"48","vervoerder":"GLS","puntType":"parcel_shop","bezettingsgraad":50,"latitude":44.222735,"longitude":12.0413443,"canPickup":true,"canDropoff":true,"openingstijden":"za: 08:00 - 12:30, 15:30 - 19:30; ma: 08:00 - 13:00, 15:30 - 19:30"}},{"type":"Feature","geometry":{"type":"Point","coordinates":[12.0315865,44.2228953]},"properties":{"type":"pakketpunt","locatieNaam":"Tabaccheria Botteghina","straatNaam":"Viale Livio Salinatore","straatNr":"44","vervoerder":"GLS","puntType":"parcel_shop","bezettingsgraad":50,"latitude":44.2228953,"longitude":12.0315865,"canPickup":true,"canDropoff":true,"openingstijden":"za: 08:00 - 13:00, 15:30 - 20:00; ma: 08:00 - 13:00, 15:30 - 20:00"}},{"type":"Feature","geometry":{"type":"Point","coordinates":[12.0313392,44.2255659]},"properties":{"type":"pakketpunt","locatieNaam":"tabaccheria la coccinella","straatNaam":"Corso Giuseppe Garibaldi","straatNr":"194","vervoerder":"GLS","puntType":"parcel_shop","bezettingsgraad":50,"latitude":44.2255659,"longitude":12.0313392,"canPickup":true,"canDropoff":true,"openingstijden":"za: 07:30 - 13:00, 15:30 - 19:30; ma: 07:30 - 13:00, 15:30 - 19:30"}},{"type":"Feature","geometry":{"type":"Point","coordinates":[12.0403736,44.2258087]},"properties":{"type":"pakketpunt","locatieNaam":"Sportello Risparmio","straatNaam":"Via Carlo Matteucci","straatNr":"22","vervoerder":"GLS","puntType":"parcel_shop","bezettingsgraad":50,"latitude":44.2258087,"longitude":12.0403736,"canPickup":true,"canDropoff":true,"openingstijden":"ma: 08:00 - 13:00, 14:00 - 17:00; di: 08:00 - 13:00, 14:00 - 17:00"}},{"type":"Feature","geometry":{"type":"Point","coordinates":[12.0239423,44.2265553]},"properties":{"type":"pakketpunt","locatieNaam":"Italiana Servizi Postali","straatNaam":"Via Sapinia","straatNr":"11","vervoerder":"GLS","puntType":"parcel_shop","bezettingsgraad":50,"latitude":44.2265553,"longitude":12.0239423,"canPickup":true,"canDropoff":true,"openingstijden":"za: 07:00 - 13:00; ma: 07:00 - 13:00"}},{"type":"Feature","geometry":{"type":"Point","coordinates":[12.0665617,44.2274631]},"properties":{"type":"pakketpunt","locatieNaam":"MOOD MAISON","straatNaam":"Via Balzella","straatNr":"2","vervoerder":"GLS","puntType":"parcel_shop","bezettingsgraad":50,"latitude":44.2274631,"longitude":12.0665617,"canPickup":true,"canDropoff":true,"openingstijden":"za: 09:00 - 20:00; zo: 09:00 - 20:00"}},{"type":"Feature","geometry":{"type":"Point","coordinates":[12.0500263,44.2275284]},"properties":{"type":"pakketpunt","locatieNaam":"Tabaccheria","straatNaam":"Via Ravegnana","straatNr":"110","vervoerder":"GLS","puntType":"parcel_shop","bezettingsgraad":50,"latitude":44.2275284,"longitude":12.0500263,"canPickup":true,"canDropoff":true,"openingstijden":"za: 07:30 - 13:00; ma: 07:30 - 13:00, 15:30 - 19:30"}},{"type":"Feature","geometry":{"type":"Point","coordinates":[12.0511866,44.2279794]},"properties":{"type":"pakketpunt","locatieNaam":"LA CAFFETTERIA","straatNaam":"Via Ravegnana","straatNr":"146/A","vervoerder":"GLS","puntType":"parcel_shop","bezettingsgraad":50,"latitude":44.2279794,"longitude":12.0511866,"canPickup":true,"canDropoff":true,"openingstijden":"za: 06:30 - 14:30; ma: 06:30 - 19:30"}},{"type":"Feature","geometry":{"type":"Point","coordinates":[12.0324469,44.2344834]},"properties":{"type":"pakketpunt","locatieNaam":"TABACCHERIA RAGGIO DI SOLE","straatNaam":"Via Lughese","straatNr":"238","vervoerder":"GLS","puntType":"parcel_shop","bezettingsgraad":50,"latitude":44.2344834,"longitude":12.0324469,"canPickup":true,"canDropoff":true,"openingstijden":"za: 07:30 - 12:30; ma: 07:30 - 12:30, 16:00 - 19:00"}},{"type":"Feature","geometry":{"type":"Point","coordinates":[12.0618947,44.2360909]},"properties":{"type":"pakketpunt","locatieNaam":"Computerkonnect","straatNaam":"Via Ravegnagna","straatNr":"261/A","vervoerder":"GLS","puntType":"parcel_shop","bezettingsgraad":50,"latitude":44.2360909,"longitude":12.0618947,"canPickup":true,"canDropoff":true,"openingstijden":"za: 09:30 - 12:30, 15:30 - 19:30; ma: 15:30 - 19:30"}},{"type":"Feature","geometry":{"type":"Point","coordinates":[12.0838098,44.244309]},"properties":{"type":"pakketpunt","locatieNaam":"GLS Locker FC003A presso CC Punta di Ferro (area locker esterna)","straatNaam":"Piazzale Della Cooperazione","straatNr":"2","vervoerder":"GLS","puntType":"locker","bezettingsgraad":50,"latitude":44.244309,"longitude":12.0838098,"canPickup":true,"canDropoff":false,"openingstijden":"za: 00:00 - 23:30; zo: 00:00 - 23:30"}},{"type":"Feature","geometry":{"type":"Point","coordinates":[12.034105,44.185058]},"properties":{"type":"pakketpunt","locatieNaam":"Ufficio Postale SAN MARTINO IN STRA","straatNaam":"VIALE DELL APPENNINO 500","straatNr":"","vervoerder":"DHL","puntType":"postOffice","bezettingsgraad":50,"latitude":44.185058,"longitude":12.034105,"canPickup":true,"canDropoff":true,"openingstijden":{"ma":"08:20 - 13:35","di":"08:20 - 13:35","wo":"08:20 - 13:35","do":"08:20 - 13:35","vr":"08:20 - 13:35","za":"08:20 - 12:35","zo":"gesloten"}}},{"type":"Feature","geometry":{"type":"Point","coordinates":[12.018136,44.195493]},"properties":{"type":"pakketpunt","locatieNaam":"Ufficio Postale FORLI' 11","straatNaam":"VIA CASTEL LATINO 53","straatNr":"","vervoerder":"DHL","puntType":"postOffice","bezettingsgraad":50,"latitude":44.195493,"longitude":12.018136,"canPickup":true,"canDropoff":true,"openingstijden":{"ma":"08:20 - 13:45","di":"08:20 - 13:45","wo":"08:20 - 13:45","do":"08:20 - 13:45","vr":"08:20 - 13:45","za":"08:20 - 12:45","zo":"gesloten"}}},{"type":"Feature","geometry":{"type":"Point","coordinates":[12.03301,44.198462]},"properties":{"type":"pakketpunt","locatieNaam":"UNMILIONE","straatNaam":"Viale Risorgimento, 277/b","straatNr":"","vervoerder":"DHL","puntType":"parcelShop","bezettingsgraad":50,"latitude":44.198462,"longitude":12.03301,"canPickup":false,"canDropoff":true,"openingstijden":{"ma":"09:00 - 19:30","di":"09:00 - 19:30","wo":"09:00 - 19:30","do":"gesloten","vr":"09:00 - 19:30","za":"09:00 - 19:30","zo":"gesloten"}}},{"type":"Feature","geometry":{"type":"Point","coordinates":[12.043816,44.200102]},"properties":{"type":"pakketpunt","locatieNaam":"TABACCHERIA n. 34","straatNaam":"VIA CA ROSSA 93-B","straatNr":"","vervoerder":"DHL","puntType":"parcelShop","bezettingsgraad":50,"latitude":44.200102,"longitude":12.043816,"canPickup":true,"canDropoff":true,"openingstijden":{"ma":"08:00 - 13:00, 15:00 - 19:30","di":"08:00 - 13:00, 15:00 - 19:30","wo":"08:00 - 13:00, 15:00 - 19:30","do":"08:00 - 13:00, 15:00 - 19:30","vr":"08:00 - 13:00, 15:00 - 19:30","za":"08:00 - 13:00, 15:00 - 19:30","zo":"gesloten"}}},{"type":"Feature","geometry":{"type":"Point","coordinates":[12.047637,44.204327]},"properties":{"type":"pakketpunt","locatieNaam":"TABACCHERIA N. 117","straatNaam":"VIA CAMPO DI MARTE 242","straatNr":"","vervoerder":"DHL","puntType":"parcelShop","bezettingsgraad":50,"latitude":44.204327,"longitude":12.047637,"canPickup":true,"canDropoff":true,"openingstijden":{"ma":"07:00 - 12:30, 15:00 - 19:30","di":"07:00 - 12:30, 15:00 - 19:30","wo":"07:00 - 12:30, 15:00 - 19:30","do":"07:00 - 12:30, 15:00 - 19:30","vr":"07:00 - 12:30, 15:00 - 19:30","za":"07:00 - 12:30, 15:00 - 19:30","zo":"gesloten"}}},{"type":"Feature","geometry":{"type":"Point","coordinates":[12.048708,44.205357]},"properties":{"type":"pakketpunt","locatieNaam":"Ufficio Postale FORLI' 5","straatNaam":"VIA CAMPO DI MARTE 85","straatNr":"","vervoerder":"DHL","puntType":"postOffice","bezettingsgraad":50,"latitude":44.205357,"longitude":12.048708,"canPickup":true,"canDropoff":true,"openingstijden":{"ma":"08:20 - 13:35","di":"08:20 - 13:35","wo":"08:20 - 13:35","do":"08:20 - 13:35","vr":"08:20 - 13:35","za":"08:20 - 12:35","zo":"gesloten"}}},{"type":"Feature","geometry":{"type":"Point","coordinates":[12.035633,44.205275]},"properties":{"type":"pakketpunt","locatieNaam":"Ufficio Postale FORLI' 4","straatNaam":"VIA EUGENIO CURIEL 29","straatNr":"","vervoerder":"DHL","puntType":"postOffice","bezettingsgraad":50,"latitude":44.205275,"longitude":12.035633,"canPickup":true,"canDropoff":true,"openingstijden":{"ma":"08:20 - 13:35","di":"08:20 - 13:35","wo":"08:20 - 13:35","do":"08:20 - 13:35","vr":"08:20 - 13:35","za":"08:20 - 12:35","zo":"gesloten"}}},{"type":"Feature","geometry":{"type":"Point","coordinates":[12.0391,44.2061]},"properties":{"type":"pakketpunt","locatieNaam":"EASYTECH","straatNaam":"Viale Risorgimento 95","straatNr":"","vervoerder":"DHL","puntType":"parcelShop","bezettingsgraad":50,"latitude":44.2061,"longitude":12.0391,"canPickup":false,"canDropoff":true,"openingstijden":{"ma":"15:30 - 18:00","di":"09:30 - 19:00","wo":"09:30 - 18:00","do":"09:30 - 19:00","vr":"09:30 - 18:00","za":"09:30 - 12:30","zo":"gesloten"}}},{"type":"Feature","geometry":{"type":"Point","coordinates":[12.030204,44.207257]},"properties":{"type":"pakketpunt","locatieNaam":"STAZIONE DI SERVIZIO IP","straatNaam":"VIALE DELL APPENNINO 130","straatNr":"","vervoerder":"DHL","puntType":"packStation","bezettingsgraad":50,"latitude":44.207257,"longitude":12.030204,"canPickup":true,"canDropoff":true,"openingstijden":{"ma":"00:01 - 23:59","di":"00:01 - 23:59","wo":"00:01 - 23:59","do":"00:01 - 23:59","vr":"00:01 - 23:59","za":"00:01 - 23:59","zo":"00:01 - 23:59"}}},{"type":"Feature","geometry":{"type":"Point","coordinates":[12.043064,44.208533]},"properties":{"type":"pakketpunt","locatieNaam":"TABACCHERIA N. 108","straatNaam":"VIA DECIO RAGGI 158","straatNr":"","vervoerder":"DHL","puntType":"parcelShop","bezettingsgraad":50,"latitude":44.208533,"longitude":12.043064,"canPickup":true,"canDropoff":true,"openingstijden":{"ma":"07:00 - 13:00, 15:30 - 19:30","di":"07:00 - 13:00, 15:30 - 19:30","wo":"07:00 - 13:00, 15:30 - 19:30","do":"07:00 - 13:00, 15:30 - 19:30","vr":"07:00 - 13:00, 15:30 - 19:30","za":"07:00 - 13:00, 15:30 - 19:30","zo":"gesloten"}}},{"type":"Feature","geometry":{"type":"Point","coordinates":[12.083477,44.203552]},"properties":{"type":"pakketpunt","locatieNaam":"TABACCHERIA N. 28","straatNaam":"VIALE BIDENTE 25","straatNr":"","vervoerder":"DHL","puntType":"parcelShop","bezettingsgraad":50,"latitude":44.203552,"longitude":12.083477,"canPickup":true,"canDropoff":true,"openingstijden":{"ma":"08:01 - 14:00, 16:01 - 19:30","di":"08:01 - 14:00, 16:01 - 19:30","wo":"08:01 - 14:00","do":"08:01 - 14:00, 16:01 - 19:30","vr":"08:01 - 14:00, 16:01 - 19:30","za":"08:01 - 14:00","zo":"gesloten"}}},{"type":"Feature","geometry":{"type":"Point","coordinates":[12.082022,44.20486]},"properties":{"type":"pakketpunt","locatieNaam":"Ufficio Postale FORLI' 9","straatNaam":"VIALE ROMA 356","straatNr":"","vervoerder":"DHL","puntType":"postOffice","bezettingsgraad":50,"latitude":44.20486,"longitude":12.082022,"canPickup":true,"canDropoff":true,"openingstijden":{"ma":"08:20 - 13:35","di":"08:20 - 13:35","wo":"08:20 - 13:35","do":"08:20 - 13:35","vr":"08:20 - 13:35","za":"08:20 - 12:35","zo":"gesloten"}}},{"type":"Feature","geometry":{"type":"Point","coordinates":[12.083028,44.205586]},"properties":{"type":"pakketpunt","locatieNaam":"CIA RETAIL FORLI' RONCO","straatNaam":"VIA AUGUSTO ANTONIO DIRANI 6","straatNr":"","vervoerder":"DHL","puntType":"packStation","bezettingsgraad":50,"latitude":44.205586,"longitude":12.083028,"canPickup":true,"canDropoff":true,"openingstijden":{"ma":"09:00 - 13:00, 16:00 - 19:00","di":"09:00 - 13:00, 16:00 - 19:00","wo":"09:00 - 13:00, 16:00 - 19:00","do":"09:00 - 13:00, 16:00 - 19:00","vr":"09:00 - 13:00, 16:00 - 19:00","za":"09:00 - 13:00","zo":"gesloten"}}},{"type":"Feature","geometry":{"type":"Point","coordinates":[12.043072,44.211591]},"properties":{"type":"pakketpunt","locatieNaam":"TABACCHERIA DEL VIALE","straatNaam":"Viale Domenico Bolognesi, 138 A","straatNr":"","vervoerder":"DHL","puntType":"parcelShop","bezettingsgraad":50,"latitude":44.211591,"longitude":12.043072,"canPickup":false,"canDropoff":true,"openingstijden":{"ma":"07:30 - 20:00","di":"07:30 - 20:00","wo":"07:30 - 20:00","do":"07:30 - 20:00","vr":"07:30 - 20:00","za":"07:30 - 20:00","zo":"gesloten"}}},{"type":"Feature","geometry":{"type":"Point","coordinates":[12.047514,44.213727]},"properties":{"type":"pakketpunt","locatieNaam":"TABACCHERIA N. 111","straatNaam":"VIALE FRATELLI SPAZZOLI 25","straatNr":"","vervoerder":"DHL","puntType":"parcelShop","bezettingsgraad":50,"latitude":44.213727,"longitude":12.047514,"canPickup":true,"canDropoff":true,"openingstijden":{"ma":"07:30 - 13:00, 15:30 - 19:30","di":"07:30 - 13:00, 15:30 - 19:30","wo":"07:30 - 13:00, 15:30 - 19:30","do":"07:30 - 13:00, 15:30 - 19:30","vr":"07:30 - 13:00, 15:30 - 19:30","za":"07:30 - 13:00, 15:30 - 19:30","zo":"gesloten"}}},{"type":"Feature","geometry":{"type":"Point","coordinates":[12.041637,44.216201]},"properties":{"type":"pakketpunt","locatieNaam":"TABACCHERIA N. 112","straatNaam":"VIALE DUE GIUGNO 11-B","straatNr":"","vervoerder":"DHL","puntType":"parcelShop","bezettingsgraad":50,"latitude":44.216201,"longitude":12.041637,"canPickup":true,"canDropoff":true,"openingstijden":{"ma":"07:30 - 12:30, 15:30 - 19:30","di":"07:30 - 12:30, 15:30 - 19:30","wo":"07:30 - 12:30, 15:30 - 19:30","do":"07:30 - 12:30, 15:30 - 19:30","vr":"07:30 - 12:30, 15:30 - 19:30","za":"07:30 - 12:30, 15:30 - 19:30","zo":"gesloten"}}},{"type":"Feature","geometry":{"type":"Point","coordinates":[12.050755,44.217226]},"properties":{"type":"pakketpunt","locatieNaam":"COPISTERIA PAPERCOPY","straatNaam":"VIA ORLANDO ZANCHINI 13","straatNr":"","vervoerder":"DHL","puntType":"parcelShop","bezettingsgraad":50,"latitude":44.217226,"longitude":12.050755,"canPickup":true,"canDropoff":true,"openingstijden":{"ma":"08:30 - 12:30, 14:30 - 18:30","di":"08:30 - 12:30, 14:30 - 18:30","wo":"08:30 - 12:30, 14:30 - 18:30","do":"08:30 - 12:30, 14:30 - 18:30","vr":"08:30 - 12:30, 14:30 - 18:30","za":"08:30 - 12:30","zo":"gesloten"}}},{"type":"Feature","geometry":{"type":"Point","coordinates":[12.050872,44.217435]},"properties":{"type":"pakketpunt","locatieNaam":"INTERNET POINT SERVIZI","straatNaam":"Orlando Zanchini, 1","straatNr":"","vervoerder":"DHL","puntType":"parcelShop","bezettingsgraad":50,"latitude":44.217435,"longitude":12.050872,"canPickup":false,"canDropoff":true,"openingstijden":{"ma":"09:00 - 20:00","di":"09:00 - 20:00","wo":"09:00 - 20:00","do":"09:00 - 20:00","vr":"09:00 - 20:00","za":"09:00 - 20:00","zo":"gesloten"}}},{"type":"Feature","geometry":{"type":"Point","coordinates":[12.04855,44.218329]},"properties":{"type":"pakketpunt","locatieNaam":"Ufficio Postale FORLI' 3","straatNaam":"PIAZZALE DELLA VITTORIA 25","straatNr":"","vervoerder":"DHL","puntType":"postOffice","bezettingsgraad":50,"latitude":44.218329,"longitude":12.04855,"canPickup":true,"canDropoff":true,"openingstijden":{"ma":"08:20 - 19:05","di":"08:20 - 19:05","wo":"08:20 - 19:05","do":"08:20 - 19:05","vr":"08:20 - 19:05","za":"08:20 - 12:35","zo":"gesloten"}}},{"type":"Feature","geometry":{"type":"Point","coordinates":[12.036097,44.218292]},"properties":{"type":"pakketpunt","locatieNaam":"TABACCHERIA N. 1","straatNaam":"VIA CATERINA SFORZA 53","straatNr":"","vervoerder":"DHL","puntType":"parcelShop","bezettingsgraad":50,"latitude":44.218292,"longitude":12.036097,"canPickup":true,"canDropoff":true,"openingstijden":{"ma":"07:30 - 12:30, 15:00 - 19:30","di":"07:30 - 12:30, 15:00 - 19:30","wo":"07:30 - 12:30, 15:00 - 19:30","do":"07:30 - 12:30, 15:00 - 19:30","vr":"07:30 - 12:30, 15:00 - 19:30","za":"07:30 - 12:30, 15:00 - 19:30","zo":"gesloten"}}},{"type":"Feature","geometry":{"type":"Point","coordinates":[12.043279,44.219815]},"properties":{"type":"pakketpunt","locatieNaam":"COPIA E INCOLLA","straatNaam":"VIA SAN PELLEGRINO LAZIOSI 32","straatNr":"","vervoerder":"DHL","puntType":"parcelShop","bezettingsgraad":50,"latitude":44.219815,"longitude":12.043279,"canPickup":true,"canDropoff":true,"openingstijden":{"ma":"10:00 - 19:00","di":"10:00 - 19:00","wo":"10:00 - 19:00","do":"10:00 - 19:00","vr":"10:00 - 19:00","za":"10:00 - 14:00","zo":"gesloten"}}},{"type":"Feature","geometry":{"type":"Point","coordinates":[12.043293,44.219881]},"properties":{"type":"pakketpunt","locatieNaam":"COPIA & INCOLLA","straatNaam":"Via San  Pellegrino Laziosi, 32","straatNr":"","vervoerder":"DHL","puntType":"parcelShop","bezettingsgraad":50,"latitude":44.219881,"longitude":12.043293,"canPickup":false,"canDropoff":true,"openingstijden":{"ma":"10:00 - 19:00","di":"10:00 - 19:00","wo":"10:00 - 19:00","do":"10:00 - 19:00","vr":"10:00 - 19:00","za":"10:00 - 14:00","zo":"gesloten"}}},{"type":"Feature","geometry":{"type":"Point","coordinates":[12.059847,44.219615]},"properties":{"type":"pakketpunt","locatieNaam":"TABACCHERIA N. 89","straatNaam":"VIALE ANTONIO GRAMSCI 98","straatNr":"","vervoerder":"DHL","puntType":"parcelShop","bezettingsgraad":50,"latitude":44.219615,"longitude":12.059847,"canPickup":true,"canDropoff":true,"openingstijden":{"ma":"09:30 - 13:30, 16:30 - 20:30","di":"09:30 - 13:30, 16:30 - 20:30","wo":"09:30 - 13:30, 16:30 - 20:30","do":"09:30 - 13:30, 16:30 - 20:30","vr":"09:30 - 13:30, 16:30 - 20:30","za":"09:30 - 13:30, 16:30 - 20:30","zo":"gesloten"}}},{"type":"Feature","geometry":{"type":"Point","coordinates":[12.046658,44.221645]},"properties":{"type":"pakketpunt","locatieNaam":"TABACCHERIA N. 83","straatNaam":"VIA GIORGIO REGNOLI 97","straatNr":"","vervoerder":"DHL","puntType":"parcelShop","bezettingsgraad":50,"latitude":44.221645,"longitude":12.046658,"canPickup":true,"canDropoff":true,"openingstijden":{"ma":"07:30 - 13:30, 15:00 - 20:30","di":"07:30 - 13:30, 15:00 - 20:30","wo":"07:30 - 13:30, 15:00 - 20:30","do":"07:30 - 13:30, 15:00 - 20:30","vr":"07:30 - 13:30, 15:00 - 20:30","za":"07:30 - 13:30, 15:00 - 20:30","zo":"gesloten"}}},{"type":"Feature","geometry":{"type":"Point","coordinates":[12.052972,44.221417]},"properties":{"type":"pakketpunt","locatieNaam":"ARMANDA CALZATURE","straatNaam":"VIALE DELLA LIBERTA 30","straatNr":"","vervoerder":"DHL","puntType":"parcelShop","bezettingsgraad":50,"latitude":44.221417,"longitude":12.052972,"canPickup":true,"canDropoff":true,"openingstijden":{"ma":"08:30 - 12:30, 15:00 - 19:00","di":"08:30 - 12:30, 15:00 - 19:00","wo":"08:30 - 12:30, 15:00 - 19:00","do":"08:30 - 12:30, 15:00 - 19:00","vr":"08:30 - 12:30, 15:00 - 19:00","za":"08:30 - 12:30","zo":"gesloten"}}},{"type":"Feature","geometry":{"type":"Point","coordinates":[12.040328,44.222145]},"properties":{"type":"pakketpunt","locatieNaam":"TABACCHERIA BENINI","straatNaam":"A. Saffi, 48","straatNr":"","vervoerder":"DHL","puntType":"parcelShop","bezettingsgraad":50,"latitude":44.222145,"longitude":12.040328,"canPickup":false,"canDropoff":true,"openingstijden":{"ma":"08:00 - 19:00","di":"08:00 - 19:00","wo":"08:00 - 19:00","do":"08:00 - 19:00","vr":"08:00 - 19:00","za":"08:30 - 19:00","zo":"gesloten"}}},{"type":"Feature","geometry":{"type":"Point","coordinates":[12.040216,44.222234]},"properties":{"type":"pakketpunt","locatieNaam":"TABACCHERIA N. 5","straatNaam":"PIAZZA AURELIO SAFFI 48","straatNr":"","vervoerder":"DHL","puntType":"parcelShop","bezettingsgraad":50,"latitude":44.222234,"longitude":12.040216,"canPickup":true,"canDropoff":true,"openingstijden":{"ma":"08:00 - 13:00, 15:30 - 19:00","di":"08:00 - 13:00, 15:30 - 19:00","wo":"08:00 - 13:00, 15:30 - 19:00","do":"08:00 - 13:00, 15:30 - 19:00","vr":"08:00 - 13:00, 15:30 - 19:00","za":"08:00 - 12:30, 15:30 - 19:00","zo":"gesloten"}}},{"type":"Feature","geometry":{"type":"Point","coordinates":[12.039747,44.22224]},"properties":{"type":"pakketpunt","locatieNaam":"TABACCHERIA N. 12","straatNaam":"CORSO ARMANDO DIAZ 10","straatNr":"","vervoerder":"DHL","puntType":"parcelShop","bezettingsgraad":50,"latitude":44.22224,"longitude":12.039747,"canPickup":true,"canDropoff":true,"openingstijden":{"ma":"07:00 - 19:30","di":"07:00 - 19:30","wo":"07:00 - 19:30","do":"07:00 - 19:30","vr":"07:00 - 19:30","za":"08:00 - 19:30","zo":"gesloten"}}},{"type":"Feature","geometry":{"type":"Point","coordinates":[12.044023,44.222441]},"properties":{"type":"pakketpunt","locatieNaam":"TABACCHERIA N. 42","straatNaam":"VIA GIORGIO REGNOLI 22","straatNr":"","vervoerder":"DHL","puntType":"parcelShop","bezettingsgraad":50,"latitude":44.222441,"longitude":12.044023,"canPickup":true,"canDropoff":true,"openingstijden":{"ma":"08:00 - 12:30, 15:00 - 19:30","di":"08:00 - 12:30, 15:00 - 19:30","wo":"08:00 - 12:30, 15:00 - 19:30","do":"08:00 - 12:30, 15:00 - 19:30","vr":"08:00 - 12:30, 15:00 - 19:30","za":"08:00 - 12:30, 15:00 - 19:30","zo":"gesloten"}}},{"type":"Feature","geometry":{"type":"Point","coordinates":[11.998368,44.218812]},"properties":{"type":"pakketpunt","locatieNaam":"TABACCHERIA N. 72","straatNaam":"VIA DEL QUATTRO 1","straatNr":"","vervoerder":"DHL","puntType":"parcelShop","bezettingsgraad":50,"latitude":44.218812,"longitude":11.998368,"canPickup":true,"canDropoff":true,"openingstijden":{"ma":"05:00 - 20:00","di":"05:00 - 20:00","wo":"05:00 - 20:00","do":"05:00 - 20:00","vr":"05:00 - 20:00","za":"05:00 - 20:00","zo":"05:00 - 20:00"}}},{"type":"Feature","geometry":{"type":"Point","coordinates":[12.007206,44.233294]},"properties":{"type":"pakketpunt","locatieNaam":"Ufficio Postale FORLI' 6","straatNaam":"VIA CAVA 27","straatNr":"","vervoerder":"DHL","puntType":"postOffice","bezettingsgraad":50,"latitude":44.233294,"longitude":12.007206,"canPickup":true,"canDropoff":true,"openingstijden":{"ma":"08:20 - 13:35","di":"08:20 - 13:35","wo":"08:20 - 13:35","do":"08:20 - 13:35","vr":"08:20 - 13:35","za":"08:20 - 12:35","zo":"gesloten"}}},{"type":"Feature","geometry":{"type":"Point","coordinates":[12.008825,44.23044]},"properties":{"type":"pakketpunt","locatieNaam":"CENTRO SPORTIVO - TODO PADE","straatNaam":"VIA SILLARO 45","straatNr":"","vervoerder":"DHL","puntType":"packStation","bezettingsgraad":50,"latitude":44.23044,"longitude":12.008825,"canPickup":true,"canDropoff":true,"openingstijden":{"ma":"09:00 - 23:00","di":"09:00 - 23:00","wo":"09:00 - 23:00","do":"09:00 - 23:00","vr":"09:00 - 23:00","za":"09:00 - 23:00","zo":"09:00 - 23:00"}}},{"type":"Feature","geometry":{"type":"Point","coordinates":[12.018057,44.2318]},"properties":{"type":"pakketpunt","locatieNaam":"PALESTRA - LIFE PROJECT","straatNaam":"VIA PADULLI 3","straatNr":"","vervoerder":"DHL","puntType":"packStation","bezettingsgraad":50,"latitude":44.2318,"longitude":12.018057,"canPickup":true,"canDropoff":true,"openingstijden":{"ma":"00:01 - 23:59","di":"00:01 - 23:59","wo":"00:01 - 23:59","do":"00:01 - 23:59","vr":"00:01 - 23:59","za":"00:01 - 23:59","zo":"00:01 - 23:59"}}},{"type":"Feature","geometry":{"type":"Point","coordinates":[12.023613,44.228481]},"properties":{"type":"pakketpunt","locatieNaam":"CARTOLERIA BLOCK NOTES","straatNaam":"VIALE BOLOGNA 43-A","straatNr":"","vervoerder":"DHL","puntType":"parcelShop","bezettingsgraad":50,"latitude":44.228481,"longitude":12.023613,"canPickup":true,"canDropoff":true,"openingstijden":{"ma":"08:00 - 12:30, 15:30 - 19:30","di":"08:00 - 12:30, 15:30 - 19:30","wo":"08:00 - 12:30, 15:30 - 19:30","do":"08:00 - 12:30","vr":"08:00 - 12:30, 15:30 - 19:30","za":"08:00 - 12:30, 15:30 - 19:30","zo":"gesloten"}}},{"type":"Feature","geometry":{"type":"Point","coordinates":[12.0239,44.2266]},"properties":{"type":"pakketpunt","locatieNaam":"EDICOLA BONAVITA FABIO","straatNaam":"Via Sapinia 11","straatNr":"","vervoerder":"DHL","puntType":"parcelShop","bezettingsgraad":50,"latitude":44.2266,"longitude":12.0239,"canPickup":false,"canDropoff":true,"openingstijden":{"ma":"07:15 - 19:00","di":"07:15 - 19:00","wo":"07:15 - 19:00","do":"07:15 - 19:00","vr":"07:15 - 19:00","za":"07:15 - 13:00","zo":"gesloten"}}},{"type":"Feature","geometry":{"type":"Point","coordinates":[12.06469,44.239585]},"properties":{"type":"pakketpunt","locatieNaam":"Ufficio Postale FORLI' 8","straatNaam":"VIA ZAMPESCHI 47","straatNr":"","vervoerder":"DHL","puntType":"postOffice","bezettingsgraad":50,"latitude":44.239585,"longitude":12.06469,"canPickup":true,"canDropoff":true,"openingstijden":{"ma":"08:20 - 13:35","di":"08:20 - 13:35","wo":"08:20 - 13:35","do":"gesloten","vr":"08:20 - 13:35","za":"08:20 - 12:35","zo":"gesloten"}}},{"type":"Feature","geometry":{"type":"Point","coordinates":[12.043223,44.234013]},"properties":{"type":"pakketpunt","locatieNaam":"TABACCHERIA N. 82","straatNaam":"VIA MONTE SAN MICHELE 60","straatNr":"","vervoerder":"DHL","puntType":"parcelShop","bezettingsgraad":50,"latitude":44.234013,"longitude":12.043223,"canPickup":true,"canDropoff":true,"openingstijden":{"ma":"06:00 - 22:00","di":"06:00 - 22:00","wo":"06:00 - 22:00","do":"06:00 - 22:00","vr":"06:00 - 22:00","za":"06:00 - 22:00","zo":"06:00 - 22:00"}}},{"type":"Feature","geometry":{"type":"Point","coordinates":[12.072326,44.238581]},"properties":{"type":"pakketpunt","locatieNaam":"TABACCHERIA N. 91","straatNaam":"VIA CERVESE 107","straatNr":"","vervoerder":"DHL","puntType":"parcelShop","bezettingsgraad":50,"latitude":44.238581,"longitude":12.072326,"canPickup":true,"canDropoff":true,"openingstijden":{"ma":"08:00 - 13:00, 15:30 - 19:30","di":"08:00 - 13:00, 15:30 - 19:30","wo":"08:00 - 16:00","do":"08:00 - 13:00, 15:30 - 19:30","vr":"08:00 - 13:00, 15:30 - 19:30","za":"08:00 - 13:00, 15:30 - 19:30","zo":"gesloten"}}},{"type":"Feature","geometry":{"type":"Point","coordinates":[12.051087,44.227963]},"properties":{"type":"pakketpunt","locatieNaam":"BAR LA CAFFETTERIA - FORLÌ","straatNaam":"VIA RAVEGNANA 146-A","straatNr":"","vervoerder":"DHL","puntType":"parcelShop","bezettingsgraad":50,"latitude":44.227963,"longitude":12.051087,"canPickup":true,"canDropoff":true,"openingstijden":{"ma":"08:30 - 19:30","di":"08:30 - 19:30","wo":"08:30 - 19:30","do":"08:30 - 19:30","vr":"08:30 - 19:30","za":"08:30 - 14:00","zo":"gesloten"}}},{"type":"Feature","geometry":{"type":"Point","coordinates":[12.05113,44.22796]},"properties":{"type":"pakketpunt","locatieNaam":"BAR LA CAFFETTERIA","straatNaam":"Via Ravegnana 146/a","straatNr":"","vervoerder":"DHL","puntType":"parcelShop","bezettingsgraad":50,"latitude":44.22796,"longitude":12.05113,"canPickup":false,"canDropoff":true,"openingstijden":{"ma":"07:00 - 19:30","di":"07:00 - 19:30","wo":"07:00 - 19:30","do":"07:00 - 19:30","vr":"07:00 - 19:30","za":"07:00 - 14:30","zo":"gesloten"}}},{"type":"Feature","geometry":{"type":"Point","coordinates":[12.049987,44.227539]},"properties":{"type":"pakketpunt","locatieNaam":"TABACCHERIA N. 22","straatNaam":"VIA RAVEGNANA 110","straatNr":"","vervoerder":"DHL","puntType":"parcelShop","bezettingsgraad":50,"latitude":44.227539,"longitude":12.049987,"canPickup":true,"canDropoff":true,"openingstijden":{"ma":"07:30 - 13:00, 15:30 - 19:30","di":"07:30 - 13:00, 15:30 - 19:30","wo":"07:30 - 13:00, 15:30 - 19:30","do":"07:30 - 13:00, 15:30 - 19:30","vr":"07:30 - 13:00, 15:30 - 19:30","za":"07:30 - 13:00","zo":"gesloten"}}},{"type":"Feature","geometry":{"type":"Point","coordinates":[12.037064,44.23113]},"properties":{"type":"pakketpunt","locatieNaam":"TABACCHERIA N. 71","straatNaam":"VIA PELACANO 38","straatNr":"","vervoerder":"DHL","puntType":"parcelShop","bezettingsgraad":50,"latitude":44.23113,"longitude":12.037064,"canPickup":true,"canDropoff":true,"openingstijden":{"ma":"06:00 - 18:00","di":"06:00 - 18:00","wo":"06:00 - 18:00","do":"06:00 - 18:00","vr":"06:00 - 18:00","za":"06:00 - 12:00","zo":"gesloten"}}},{"type":"Feature","geometry":{"type":"Point","coordinates":[12.045052,44.265924]},"properties":{"type":"pakketpunt","locatieNaam":"Ufficio Postale RONCADELLO","straatNaam":"LARGO ROCCATELLA 6","straatNr":"","vervoerder":"DHL","puntType":"postOffice","bezettingsgraad":50,"latitude":44.265924,"longitude":12.045052,"canPickup":true,"canDropoff":true,"openingstijden":{"ma":"08:20 - 13:45","di":"08:20 - 13:45","wo":"08:20 - 13:45","do":"08:20 - 13:45","vr":"08:20 - 13:45","za":"08:20 - 12:45","zo":"gesloten"}}},{"type":"Feature","geometry":{"type":"Point","coordinates":[12.083038,44.244492]},"properties":{"type":"pakketpunt","locatieNaam":"CENTRO COMMERCIALE PUNTA DI","straatNaam":"PIAZZALE DELLA COOPERAZIONE 2","straatNr":"","vervoerder":"DHL","puntType":"packStation","bezettingsgraad":50,"latitude":44.244492,"longitude":12.083038,"canPickup":true,"canDropoff":true,"openingstijden":{"ma":"00:01 - 23:59","di":"00:01 - 23:59","wo":"00:01 - 23:59","do":"00:01 - 23:59","vr":"00:01 - 23:59","za":"00:01 - 23:59","zo":"00:01 - 23:59"}}},{"type":"Feature","geometry":{"type":"Point","coordinates":[12.083038,44.244492]},"properties":{"type":"pakketpunt","locatieNaam":"TABACCHERIA N. 129","straatNaam":"PIAZZALE DELLA COOPERAZIONE 2","straatNr":"","vervoerder":"DHL","puntType":"parcelShop","bezettingsgraad":50,"latitude":44.244492,"longitude":12.083038,"canPickup":true,"canDropoff":true,"openingstijden":{"ma":"09:00 - 21:00","di":"09:00 - 21:00","wo":"09:00 - 21:00","do":"09:00 - 21:00","vr":"09:00 - 21:00","za":"09:00 - 21:00","zo":"09:00 - 21:00"}}},{"type":"Feature","geometry":{"type":"Point","coordinates":[12.045788,44.225508]},"properties":{"type":"pakketpunt","locatieNaam":"TABACCHERIA N. 33","straatNaam":"CORSO GIUSEPPE MAZZINI 148","straatNr":"","vervoerder":"DHL","puntType":"parcelShop","bezettingsgraad":50,"latitude":44.225508,"longitude":12.045788,"canPickup":true,"canDropoff":true,"openingstijden":{"ma":"07:00 - 13:00, 15:00 - 19:30","di":"07:00 - 13:00, 15:00 - 19:30","wo":"07:00 - 13:00, 15:00 - 19:30","do":"07:00 - 13:00, 15:00 - 19:30","vr":"07:00 - 13:00, 15:00 - 19:30","za":"07:00 - 13:00, 15:00 - 19:30","zo":"gesloten"}}},{"type":"Feature","geometry":{"type":"Point","coordinates":[12.064769,44.226488]},"properties":{"type":"pakketpunt","locatieNaam":"TABACCHERIA N. 67","straatNaam":"VIA EUGENIO BERTINI 95","straatNr":"","vervoerder":"DHL","puntType":"parcelShop","bezettingsgraad":50,"latitude":44.226488,"longitude":12.064769,"canPickup":true,"canDropoff":true,"openingstijden":{"ma":"07:00 - 12:30, 15:00 - 19:30","di":"07:00 - 12:30, 15:00 - 19:30","wo":"07:00 - 12:30, 15:00 - 19:30","do":"07:00 - 12:30, 15:00 - 19:30","vr":"07:00 - 12:30, 15:00 - 19:30","za":"07:00 - 12:30, 15:00 - 19:30","zo":"gesloten"}}},{"type":"Feature","geometry":{"type":"Point","coordinates":[12.085399,44.247327]},"properties":{"type":"pakketpunt","locatieNaam":"FORMI SHOPPING & FOOD","straatNaam":"VIA EDITH STEIN 12","straatNr":"","vervoerder":"DHL","puntType":"packStation","bezettingsgraad":50,"latitude":44.247327,"longitude":12.085399,"canPickup":true,"canDropoff":true,"openingstijden":{"ma":"06:00 - 23:59","di":"06:00 - 23:59","wo":"06:00 - 23:59","do":"06:00 - 23:59","vr":"06:00 - 23:59","za":"06:00 - 23:59","zo":"06:00 - 23:59"}}},{"type":"Feature","geometry":{"type":"Point","coordinates":[12.04192,44.22402]},"properties":{"type":"pakketpunt","locatieNaam":"TABACCHERIA N. 18","straatNaam":"CORSO GIUSEPPE MAZZINI 25","straatNr":"","vervoerder":"DHL","puntType":"parcelShop","bezettingsgraad":50,"latitude":44.22402,"longitude":12.04192,"canPickup":true,"canDropoff":true,"openingstijden":{"ma":"07:30 - 19:30","di":"07:30 - 19:30","wo":"07:30 - 19:30","do":"07:30 - 19:30","vr":"07:30 - 19:30","za":"08:00 - 13:00, 15:00 - 20:00","zo":"gesloten"}}},{"type":"Feature","geometry":{"type":"Point","coordinates":[12.041671,44.223102]},"properties":{"type":"pakketpunt","locatieNaam":"Ufficio Postale FORLI' CENTRO","straatNaam":"PIAZZA AURELIO SAFFI 28","straatNr":"","vervoerder":"DHL","puntType":"postOffice","bezettingsgraad":50,"latitude":44.223102,"longitude":12.041671,"canPickup":true,"canDropoff":true,"openingstijden":{"ma":"08:20 - 19:05","di":"08:20 - 19:05","wo":"08:20 - 19:05","do":"08:20 - 19:05","vr":"08:20 - 19:05","za":"08:20 - 12:35","zo":"gesloten"}}},{"type":"Feature","geometry":{"type":"Point","coordinates":[12.042941,44.222788]},"properties":{"type":"pakketpunt","locatieNaam":"MORICK MANY SERVICES","straatNaam":"LARGO DE CALBOLI 11","straatNr":"","vervoerder":"DHL","puntType":"parcelShop","bezettingsgraad":50,"latitude":44.222788,"longitude":12.042941,"canPickup":true,"canDropoff":true,"openingstijden":{"ma":"09:30 - 19:30","di":"09:30 - 19:30","wo":"09:30 - 19:30","do":"09:30 - 19:30","vr":"09:30 - 19:30","za":"09:30 - 19:30","zo":"gesloten"}}},{"type":"Feature","geometry":{"type":"Point","coordinates":[12.0856,44.2362]},"properties":{"type":"pakketpunt","locatieNaam":"FORLI SELF STORAGE","straatNaam":"Via Zotti  , 20","straatNr":"","vervoerder":"DHL","puntType":"parcelShop","bezettingsgraad":50,"latitude":44.2362,"longitude":12.0856,"canPickup":false,"canDropoff":true,"openingstijden":{"ma":"08:30 - 18:30","di":"08:30 - 18:30","wo":"08:30 - 18:30","do":"08:30 - 18:30","vr":"08:30 - 18:30","za":"gesloten","zo":"gesloten"}}},{"type":"Feature","geometry":{"type":"Point","coordinates":[12.03541,44.224105]},"properties":{"type":"pakketpunt","locatieNaam":"TABACCHERIA N. 10","straatNaam":"CORSO GIUSEPPE GARIBALDI 141","straatNr":"","vervoerder":"DHL","puntType":"parcelShop","bezettingsgraad":50,"latitude":44.224105,"longitude":12.03541,"canPickup":true,"canDropoff":true,"openingstijden":{"ma":"07:30 - 13:00, 13:01 - 20:00","di":"07:30 - 13:00, 13:01 - 20:00","wo":"07:30 - 13:00, 13:01 - 20:00","do":"07:30 - 13:00, 13:01 - 20:00","vr":"07:30 - 13:00, 13:01 - 20:00","za":"07:30 - 13:00, 13:01 - 20:00","zo":"gesloten"}}},{"type":"Feature","geometry":{"type":"Point","coordinates":[12.03909,44.222527]},"properties":{"type":"pakketpunt","locatieNaam":"TABACCHERIA N. 7","straatNaam":"CORSO GIUSEPPE GARIBALDI 27","straatNr":"","vervoerder":"DHL","puntType":"parcelShop","bezettingsgraad":50,"latitude":44.222527,"longitude":12.03909,"canPickup":true,"canDropoff":true,"openingstijden":{"ma":"07:00 - 20:00","di":"07:00 - 20:00","wo":"07:00 - 20:00","do":"07:00 - 20:00","vr":"07:00 - 20:00","za":"07:00 - 20:00","zo":"08:30 - 13:00, 15:00 - 20:00"}}},{"type":"Feature","geometry":{"type":"Point","coordinates":[12.031381,44.225557]},"properties":{"type":"pakketpunt","locatieNaam":"TABACCHERIA N. 8","straatNaam":"CORSO GIUSEPPE GARIBALDI 194","straatNr":"","vervoerder":"DHL","puntType":"parcelShop","bezettingsgraad":50,"latitude":44.225557,"longitude":12.031381,"canPickup":true,"canDropoff":true,"openingstijden":{"ma":"07:30 - 13:00, 15:00 - 19:30","di":"07:30 - 13:00, 15:00 - 19:30","wo":"07:30 - 13:00, 15:00 - 19:30","do":"07:30 - 13:00, 15:00 - 19:30","vr":"07:30 - 13:00, 15:00 - 19:30","za":"07:30 - 13:00, 15:00 - 19:30","zo":"gesloten"}}},{"type":"Feature","geometry":{"type":"Point","coordinates":[12.085855,44.259938]},"properties":{"type":"pakketpunt","locatieNaam":"SDA Forlì","straatNaam":"VIA DEL COMMERCIO 22","straatNr":"","vervoerder":"DHL","puntType":"parcelShop","bezettingsgraad":50,"latitude":44.259938,"longitude":12.085855,"canPickup":false,"canDropoff":true,"openingstijden":{"ma":"08:30 - 18:00","di":"08:30 - 18:00","wo":"08:30 - 18:00","do":"08:30 - 18:00","vr":"08:30 - 18:00","za":"08:30 - 12:30","zo":"gesloten"}}},{"type":"Feature","geometry":{"type":"Point","coordinates":[12.031491,44.222918]},"properties":{"type":"pakketpunt","locatieNaam":"TABACCHERIA N. 86","straatNaam":"VIALE LIVIO SALINATORE 44","straatNr":"","vervoerder":"DHL","puntType":"parcelShop","bezettingsgraad":50,"latitude":44.222918,"longitude":12.031491,"canPickup":true,"canDropoff":true,"openingstijden":{"ma":"08:00 - 13:00, 15:30 - 20:00","di":"08:00 - 13:00, 15:30 - 20:00","wo":"08:00 - 13:00, 15:30 - 20:00","do":"08:00 - 13:00, 15:30 - 20:00","vr":"08:00 - 13:00, 15:30 - 20:00","za":"08:00 - 13:00, 15:30 - 20:00","zo":"gesloten"}}},{"type":"Feature","geometry":{"type":"Point","coordinates":[12.076007,44.222559]},"properties":{"type":"pakketpunt","locatieNaam":"Ufficio Postale FORLI' 7","straatNaam":"VIA THOMAS ALVA EDISON 12","straatNr":"","vervoerder":"DHL","puntType":"postOffice","bezettingsgraad":50,"latitude":44.222559,"longitude":12.076007,"canPickup":true,"canDropoff":true,"openingstijden":{"ma":"08:20 - 19:05","di":"08:20 - 19:05","wo":"08:20 - 19:05","do":"08:20 - 19:05","vr":"08:20 - 19:05","za":"08:20 - 12:35","zo":"gesloten"}}},{"type":"Feature","geometry":{"type":"Point","coordinates":[12.024576,44.224889]},"properties":{"type":"pakketpunt","locatieNaam":"TABACCHERIA N. 101","straatNaam":"VIA SAPINIA 37","straatNr":"","vervoerder":"DHL","puntType":"parcelShop","bezettingsgraad":50,"latitude":44.224889,"longitude":12.024576,"canPickup":true,"canDropoff":true,"openingstijden":{"ma":"05:00 - 13:00, 13:01 - 23:59","di":"05:00 - 13:00, 13:01 - 23:59","wo":"05:00 - 13:00, 13:01 - 23:59","do":"05:00 - 13:00, 13:01 - 23:59","vr":"05:00 - 13:00, 13:01 - 23:59","za":"05:00 - 13:00, 13:01 - 23:59","zo":"05:00 - 13:00, 13:01 - 23:59"}}},{"type":"Feature","geometry":{"type":"Point","coordinates":[12.082487,44.22441]},"properties":{"type":"pakketpunt","locatieNaam":"Forli Service Point","straatNaam":"Via Aldrovandi, 9","straatNr":"","vervoerder":"DHL","puntType":"parcelShop","bezettingsgraad":50,"latitude":44.22441,"longitude":12.082487,"canPickup":false,"canDropoff":true,"openingstijden":{"ma":"08:30 - 18:00","di":"08:30 - 18:00","wo":"08:30 - 18:00","do":"08:30 - 18:00","vr":"08:30 - 18:00","za":"gesloten","zo":"gesloten"}}},{"type":"Feature","geometry":{"type":"Point","coordinates":[12.118493,44.237899]},"properties":{"type":"pakketpunt","locatieNaam":"Ufficio Postale CARPINELLO","straatNaam":"VIA CERVESE 169","straatNr":"","vervoerder":"DHL","puntType":"postOffice","bezettingsgraad":50,"latitude":44.237899,"longitude":12.118493,"canPickup":true,"canDropoff":true,"openingstijden":{"ma":"08:20 - 13:45","di":"08:20 - 13:45","wo":"08:20 - 13:45","do":"08:20 - 13:45","vr":"08:20 - 13:45","za":"08:20 - 12:45","zo":"gesloten"}}},{"type":"Feature","geometry":{"type":"Point","coordinates":[12.037075,44.2136402]},"properties":{"type":"pakketpunt","locatieNaam":"Amazon Locker - amalfo","straatNaam":"Conad Forlì Corbari","straatNr":"","vervoerder":"Amazon","puntType":"locker","bezettingsgraad":50,"latitude":44.2136402,"longitude":12.037075,"canPickup":true,"canDropoff":false,"openingstijden":null}},{"type":"Feature","geometry":{"type":"Point","coordinates":[12.0066224,44.2310964]},"properties":{"type":"pakketpunt","locatieNaam":"Amazon Locker - alfeo","straatNaam":"Conad Forli' La Cava","straatNr":"","vervoerder":"Amazon","puntType":"locker","bezettingsgraad":50,"latitude":44.2310964,"longitude":12.0066224,"canPickup":true,"canDropoff":false,"openingstijden":null}},{"type":"Feature","geometry":{"type":"Point","coordinates":[12.04585,44.22174]},"properties":{"type":"pakketpunt","locatieNaam":"Amazon Locker - calliope","straatNaam":"CONAD City Forlì Giorgio Regnoli","straatNr":"","vervoerder":"Amazon","puntType":"locker","bezettingsgraad":50,"latitude":44.22174,"longitude":12.04585,"canPickup":true,"canDropoff":false,"openingstijden":null}},{"type":"Feature","geometry":{"type":"Point","coordinates":[12.050964,44.208028]},"properties":{"type":"pakketpunt","locatieNaam":"Amazon Locker - giorgino","straatNaam":"ENI Station pv.15916","straatNr":"","vervoerder":"Amazon","puntType":"locker","bezettingsgraad":50,"latitude":44.208028,"longitude":12.050964,"canPickup":true,"canDropoff":false,"openingstijden":null}},{"type":"Feature","geometry":{"type":"Point","coordinates":[12.0494705,44.2197912]},"properties":{"type":"pakketpunt","locatieNaam":"Amazon Locker - Strudel","straatNaam":"Speedwash Forlì - PV 3025","straatNr":"","vervoerder":"Amazon","puntType":"locker","bezettingsgraad":50,"latitude":44.2197912,"longitude":12.0494705,"canPickup":true,"canDropoff":false,"openingstijden":null}},{"type":"Feature","geometry":{"type":"Point","coordinates":[12.0229469,44.2293797]},"properties":{"type":"pakketpunt","locatieNaam":"Amazon Locker - laureano","straatNaam":"ENI Station pv.5900","straatNr":"","vervoerder":"Amazon","puntType":"locker","bezettingsgraad":50,"latitude":44.2293797,"longitude":12.0229469,"canPickup":true,"canDropoff":false,"openingstijden":null}},{"type":"Feature","geometry":{"type":"Point","coordinates":[12.0496259,44.2342063]},"properties":{"type":"pakketpunt","locatieNaam":"Amazon Locker - delfina","straatNaam":"Conad Forlì Bengasi","straatNr":"","vervoerder":"Amazon","puntType":"locker","bezettingsgraad":50,"latitude":44.2342063,"longitude":12.0496259,"canPickup":true,"canDropoff":false,"openingstijden":null}},{"type":"Feature","geometry":{"type":"Point","coordinates":[12.054108,44.216613]},"properties":{"type":"pakketpunt","locatieNaam":"Amazon Locker - giorlanda","straatNaam":"ENI Station pv.53328","straatNr":"","vervoerder":"Amazon","puntType":"locker","bezettingsgraad":50,"latitude":44.216613,"longitude":12.054108,"canPickup":true,"canDropoff":false,"openingstijden":null}},{"type":"Feature","geometry":{"type":"Point","coordinates":[12.057406,44.215]},"properties":{"type":"pakketpunt","locatieNaam":"Amazon Locker - giorgietta","straatNaam":"ENI Station pv.5920","straatNr":"","vervoerder":"Amazon","puntType":"locker","bezettingsgraad":50,"latitude":44.215,"longitude":12.057406,"canPickup":true,"canDropoff":false,"openingstijden":null}},{"type":"Feature","geometry":{"type":"Point","coordinates":[12.065936,44.238338]},"properties":{"type":"pakketpunt","locatieNaam":"Amazon Locker - giorlandina","straatNaam":"ENI Station pv.5964","straatNr":"","vervoerder":"Amazon","puntType":"locker","bezettingsgraad":50,"latitude":44.238338,"longitude":12.065936,"canPickup":true,"canDropoff":false,"openingstijden":null}},{"type":"Feature","geometry":{"type":"Point","coordinates":[12.055066,44.214931]},"properties":{"type":"pakketpunt","locatieNaam":"Amazon Locker - ottelma","straatNaam":"Conad Forli' Piazza Falcone E Borsellino","straatNr":"","vervoerder":"Amazon","puntType":"locker","bezettingsgraad":50,"latitude":44.214931,"longitude":12.055066,"canPickup":true,"canDropoff":false,"openingstijden":null}},{"type":"Feature","geometry":{"type":"Point","coordinates":[12.0662835,44.2286192]},"properties":{"type":"pakketpunt","locatieNaam":"Amazon Locker - waldemaro","straatNaam":"ENI Station pv.5941","straatNr":"","vervoerder":"Amazon","puntType":"locker","bezettingsgraad":50,"latitude":44.2286192,"longitude":12.0662835,"canPickup":true,"canDropoff":false,"openingstijden":null}},{"type":"Feature","geometry":{"type":"Point","coordinates":[12.046899,44.224334]},"properties":{"type":"pakketpunt","locatieNaam":"Amazon Locker - geremia","straatNaam":"Fermopoint/La Rosa Blu Lavaderia Self","straatNr":"","vervoerder":"Amazon","puntType":"locker","bezettingsgraad":50,"latitude":44.224334,"longitude":12.046899,"canPickup":true,"canDropoff":false,"openingstijden":null}},{"type":"Feature","geometry":{"type":"Point","coordinates":[12.035751,44.205338]},"properties":{"type":"pakketpunt","locatieNaam":"Amazon Locker - vettorino","straatNaam":"Lavanderia Self-service Niagara Forlì","straatNr":"","vervoerder":"Amazon","puntType":"locker","bezettingsgraad":50,"latitude":44.205338,"longitude":12.035751,"canPickup":true,"canDropoff":false,"openingstijden":null}},{"type":"Feature","geometry":{"type":"Point","coordinates":[12.0832232,44.2057064]},"properties":{"type":"pakketpunt","locatieNaam":"Amazon Locker - marialina","straatNaam":"Conad Forlì Zangheri","straatNr":"","vervoerder":"Amazon","puntType":"locker","bezettingsgraad":50,"latitude":44.2057064,"longitude":12.0832232,"canPickup":true,"canDropoff":false,"openingstijden":null}},{"type":"Feature","geometry":{"type":"Point","coordinates":[12.0816305,44.2439409]},"properties":{"type":"pakketpunt","locatieNaam":"Amazon Locker - adelmino","straatNaam":"C.C. Puntadiferro","straatNr":"","vervoerder":"Amazon","puntType":"locker","bezettingsgraad":50,"latitude":44.2439409,"longitude":12.0816305,"canPickup":true,"canDropoff":false,"openingstijden":null}},{"type":"Feature","geometry":{"type":"Point","coordinates":[12.0697705,44.2229605]},"properties":{"type":"pakketpunt","locatieNaam":"Amazon Locker - clarenzia","straatNaam":"Fermopoint / Brico IO","straatNr":"","vervoerder":"Amazon","puntType":"locker","bezettingsgraad":50,"latitude":44.2229605,"longitude":12.0697705,"canPickup":true,"canDropoff":false,"openingstijden":null}},{"type":"Feature","geometry":{"type":"Point","coordinates":[12.076612,44.206168]},"properties":{"type":"pakketpunt","locatieNaam":"Amazon Locker - armentario","straatNaam":"Fermopoint/Lava Bio - Via Carlo Seganti","straatNr":"","vervoerder":"Amazon","puntType":"locker","bezettingsgraad":50,"latitude":44.206168,"longitude":12.076612,"canPickup":true,"canDropoff":false,"openingstijden":null}},{"type":"Feature","geometry":{"type":"Point","coordinates":[12.098793,44.215068]},"properties":{"type":"pakketpunt","locatieNaam":"Amazon Locker - pierandrea","straatNaam":"Bonfiglioli Trasmital - Forli'","straatNr":"","vervoerder":"Amazon","puntType":"locker","bezettingsgraad":50,"latitude":44.215068,"longitude":12.098793,"canPickup":true,"canDropoff":false,"openingstijden":null}},{"type":"Feature","geometry":{"type":"Point","coordinates":[12.069002,44.231806]},"properties":{"type":"pakketpunt","locatieNaam":"Amazon Counter - BAR KO KO","straatNaam":"VIA BERTINI 156","straatNr":"","vervoerder":"Amazon","puntType":"helix","bezettingsgraad":50,"latitude":44.231806,"longitude":12.069002,"canPickup":true,"canDropoff":false,"openingstijden":null}},{"type":"Feature","geometry":{"type":"Point","coordinates":[12.0674914,44.2276793]},"properties":{"type":"pakketpunt","locatieNaam":"Amazon Counter - PRIMAEDICOLA","straatNaam":"PIOVACCARI GUGLIELMO","straatNr":"","vervoerder":"Amazon","puntType":"helix","bezettingsgraad":50,"latitude":44.2276793,"longitude":12.0674914,"canPickup":true,"canDropoff":false,"openingstijden":null}},{"type":"Feature","geometry":{"type":"Point","coordinates":[12.0834,44.2035]},"properties":{"type":"pakketpunt","locatieNaam":"PuntoPoste TABACCHERIA N. 28","straatNaam":"VIALE BIDENTE 25","straatNr":"","vervoerder":"Amazon","puntType":"3p","bezettingsgraad":50,"latitude":44.2035,"longitude":12.0834,"canPickup":true,"canDropoff":false,"openingstijden":null}},{"type":"Feature","geometry":{"type":"Point","coordinates":[12.016631,44.293993]},"properties":{"type":"pakketpunt","locatieNaam":"Amazon Counter (fermopoint)","straatNaam":"Tabaccheria Raggio Di Sole","straatNr":"","vervoerder":"Amazon","puntType":"helix","bezettingsgraad":50,"latitude":44.293993,"longitude":12.016631,"canPickup":true,"canDropoff":false,"openingstijden":null}},{"type":"Feature","geometry":{"type":"Point","coordinates":[12.044569,44.2659242]},"properties":{"type":"pakketpunt","locatieNaam":"Amazon Counter - LA BOTTEGHINA DI PATRIZIA","straatNaam":"VIA DEL CANALE 103","straatNr":"","vervoerder":"Amazon","puntType":"helix","bezettingsgraad":50,"latitude":44.2659242,"longitude":12.044569,"canPickup":true,"canDropoff":false,"openingstijden":null}},{"type":"Feature","geometry":{"type":"Point","coordinates":[12.045,44.2659]},"properties":{"type":"pakketpunt","locatieNaam":"Ufficio Postale RONCADELLO","straatNaam":"LARGO ROCCATELLA 6","straatNr":"","vervoerder":"Amazon","puntType":"3p","bezettingsgraad":50,"latitude":44.2659,"longitude":12.045,"canPickup":true,"canDropoff":false,"openingstijden":null}},{"type":"Feature","geometry":{"type":"Point","coordinates":[12.062952,44.206796]},"properties":{"type":"pakketpunt","locatieNaam":"Amazon Locker - bonacatu","straatNaam":"City Forlì Piolanti","straatNr":"","vervoerder":"Amazon","puntType":"locker","bezettingsgraad":50,"latitude":44.206796,"longitude":12.062952,"canPickup":true,"canDropoff":false,"openingstijden":null}},{"type":"Feature","geometry":{"type":"Point","coordinates":[12.073297,44.208372]},"properties":{"type":"pakketpunt","locatieNaam":"Amazon Counter - FERCAL","straatNaam":"VIALE ROMA 276","straatNr":"","vervoerder":"Amazon","puntType":"helix","bezettingsgraad":50,"latitude":44.208372,"longitude":12.073297,"canPickup":true,"canDropoff":false,"openingstijden":null}},{"type":"Feature","geometry":{"type":"Point","coordinates":[12.05588,44.2158767]},"properties":{"type":"pakketpunt","locatieNaam":"Amazon Locker - longino","straatNaam":"Unistore Forli - PV 2941","straatNr":"","vervoerder":"Amazon","puntType":"locker","bezettingsgraad":50,"latitude":44.2158767,"longitude":12.05588,"canPickup":true,"canDropoff":false,"openingstijden":null}},{"type":"Feature","geometry":{"type":"Point","coordinates":[12.0476,44.2043]},"properties":{"type":"pakketpunt","locatieNaam":"PuntoPoste TABACCHERIA N. 117","straatNaam":"VIA CAMPO DI MARTE 242","straatNr":"","vervoerder":"Amazon","puntType":"3p","bezettingsgraad":50,"latitude":44.2043,"longitude":12.0476,"canPickup":true,"canDropoff":false,"openingstijden":null}},{"type":"Feature","geometry":{"type":"Point","coordinates":[12.050735,44.217226]},"properties":{"type":"pakketpunt","locatieNaam":"Amazon Counter","straatNaam":"Copisteria PaperCopy (fermopoint)","straatNr":"","vervoerder":"Amazon","puntType":"helix","bezettingsgraad":50,"latitude":44.217226,"longitude":12.050735,"canPickup":true,"canDropoff":false,"openingstijden":null}},{"type":"Feature","geometry":{"type":"Point","coordinates":[12.0529499,44.2213796]},"properties":{"type":"pakketpunt","locatieNaam":"Amazon Counter (fermopoint)","straatNaam":"Armanda Calzature","straatNr":"","vervoerder":"Amazon","puntType":"helix","bezettingsgraad":50,"latitude":44.2213796,"longitude":12.0529499,"canPickup":true,"canDropoff":false,"openingstijden":null}},{"type":"Feature","geometry":{"type":"Point","coordinates":[12.06194,44.23566]},"properties":{"type":"pakketpunt","locatieNaam":"Amazon Locker - guidone","straatNaam":"Fermopoint/Lava Bio","straatNr":"","vervoerder":"Amazon","puntType":"locker","bezettingsgraad":50,"latitude":44.23566,"longitude":12.06194,"canPickup":true,"canDropoff":false,"openingstijden":null}},{"type":"Feature","geometry":{"type":"Point","coordinates":[12.0723,44.2385]},"properties":{"type":"pakketpunt","locatieNaam":"PuntoPoste TABACCHERIA N. 91","straatNaam":"VIA CERVESE 107","straatNr":"","vervoerder":"Amazon","puntType":"3p","bezettingsgraad":50,"latitude":44.2385,"longitude":12.0723,"canPickup":true,"canDropoff":false,"openingstijden":null}},{"type":"Feature","geometry":{"type":"Point","coordinates":[12.0646,44.2395]},"properties":{"type":"pakketpunt","locatieNaam":"Ufficio Postale FORLI' 8","straatNaam":"VIA ZAMPESCHI 47","straatNr":"","vervoerder":"Amazon","puntType":"3p","bezettingsgraad":50,"latitude":44.2395,"longitude":12.0646,"canPickup":true,"canDropoff":false,"openingstijden":null}},{"type":"Feature","geometry":{"type":"Point","coordinates":[12.0403261588955,44.2221628607188]},"properties":{"type":"pakketpunt","locatieNaam":"Amazon Counter (fermopoint)","straatNaam":"Tabaccheria Benini","straatNr":"","vervoerder":"Amazon","puntType":"helix","bezettingsgraad":50,"latitude":44.2221628607188,"longitude":12.0403261588955,"canPickup":true,"canDropoff":false,"openingstijden":null}},{"type":"Feature","geometry":{"type":"Point","coordinates":[12.1184,44.2378]},"properties":{"type":"pakketpunt","locatieNaam":"Ufficio Postale CARPINELLO","straatNaam":"VIA CERVESE 169","straatNr":"","vervoerder":"Amazon","puntType":"3p","bezettingsgraad":50,"latitude":44.2378,"longitude":12.1184,"canPickup":true,"canDropoff":false,"openingstijden":null}},{"type":"Feature","geometry":{"type":"Point","coordinates":[12.083,44.2444]},"properties":{"type":"pakketpunt","locatieNaam":"PuntoPoste TABACCHERIA N. 129","straatNaam":"PIAZZALE DELLA COOPERAZIONE 2","straatNr":"","vervoerder":"Amazon","puntType":"3p","bezettingsgraad":50,"latitude":44.2444,"longitude":12.083,"canPickup":true,"canDropoff":false,"openingstijden":null}},{"type":"Feature","geometry":{"type":"Point","coordinates":[12.023187187218634,44.19975034070469]},"properties":{"type":"pakketpunt","locatieNaam":"FedEx OnSite","straatNaam":"Via Castel Latino, 1/c","straatNr":"","vervoerder":"FedEx","puntType":"servicepunt","bezettingsgraad":50,"latitude":44.19975034070469,"longitude":12.023187187218634,"canPickup":true,"canDropoff":true,"openingstijden":{"ma":"09:00 - 12:30, 15:30 - 19:00","di":"09:00 - 12:30, 15:30 - 19:00","wo":"09:00 - 12:30, 15:30 - 19:00","do":"09:00 - 12:30","vr":"09:00 - 12:30, 15:30 - 19:00","za":"09:00 - 12:30, 15:30 - 19:00","zo":"09:30 - 12:00"}}},{"type":"Feature","geometry":{"type":"Point","coordinates":[12.033106405651104,44.19835455095441]},"properties":{"type":"pakketpunt","locatieNaam":"FedEx OnSite","straatNaam":"VIALE RISORGIMENTO, 277A","straatNr":"","vervoerder":"FedEx","puntType":"servicepunt","bezettingsgraad":50,"latitude":44.19835455095441,"longitude":12.033106405651104,"canPickup":true,"canDropoff":true,"openingstijden":{"ma":"09:00 - 12:30, 15:30 - 19:00","di":"09:00 - 12:30, 15:30 - 19:00","wo":"09:00 - 12:30, 15:30 - 19:00","do":"gesloten","vr":"09:00 - 12:30, 15:30 - 19:00","za":"09:00 - 12:30","zo":"gesloten"}}},{"type":"Feature","geometry":{"type":"Point","coordinates":[12.037542097319752,44.20397963410253]},"properties":{"type":"pakketpunt","locatieNaam":"FedEx OnSite","straatNaam":"Viale Risorgimento, 137","straatNr":"","vervoerder":"FedEx","puntType":"servicepunt","bezettingsgraad":50,"latitude":44.20397963410253,"longitude":12.037542097319752,"canPickup":true,"canDropoff":true,"openingstijden":{"ma":"07:00 - 12:30, 15:00 - 19:30","di":"07:00 - 12:30, 15:00 - 19:30","wo":"07:00 - 12:30, 15:00 - 19:30","do":"07:00 - 12:30, 15:00 - 19:30","vr":"07:00 - 12:30, 15:00 - 19:30","za":"07:00 - 12:30, 15:00 - 19:30","zo":"gesloten"}}},{"type":"Feature","geometry":{"type":"Point","coordinates":[12.023985015385165,44.22657776637956]},"properties":{"type":"pakketpunt","locatieNaam":"FedEx OnSite","straatNaam":"via Sapinia, 11","straatNr":"","vervoerder":"FedEx","puntType":"servicepunt","bezettingsgraad":50,"latitude":44.22657776637956,"longitude":12.023985015385165,"canPickup":true,"canDropoff":true,"openingstijden":{"ma":"07:00 - 13:00","di":"07:00 - 13:00","wo":"07:00 - 13:00","do":"07:00 - 13:00","vr":"07:00 - 13:00","za":"07:00 - 13:00","zo":"gesloten"}}},{"type":"Feature","geometry":{"type":"Point","coordinates":[12.031616590743024,44.222954744282056]},"properties":{"type":"pakketpunt","locatieNaam":"FedEx OnSite","straatNaam":"Viale Livio Salinatore, 44","straatNr":"","vervoerder":"FedEx","puntType":"servicepunt","bezettingsgraad":50,"latitude":44.222954744282056,"longitude":12.031616590743024,"canPickup":true,"canDropoff":true,"openingstijden":{"ma":"08:00 - 13:00, 15:30 - 20:00","di":"08:00 - 13:00, 15:30 - 20:00","wo":"08:00 - 13:00, 15:30 - 20:00","do":"08:00 - 13:00, 15:30 - 20:00","vr":"08:00 - 13:00, 15:30 - 20:00","za":"08:00 - 13:00, 15:30 - 20:00","zo":"gesloten"}}},{"type":"Feature","geometry":{"type":"Point","coordinates":[12.042994768313434,44.21157820116821]},"properties":{"type":"pakketpunt","locatieNaam":"FedEx OnSite","straatNaam":"Viale Domenico Bolognesi, 138A","straatNr":"","vervoerder":"FedEx","puntType":"servicepunt","bezettingsgraad":50,"latitude":44.21157820116821,"longitude":12.042994768313434,"canPickup":true,"canDropoff":true,"openingstijden":{"ma":"07:30 - 12:00, 13:30 - 20:00","di":"07:30 - 12:00, 13:30 - 20:00","wo":"07:30 - 12:00, 13:30 - 20:00","do":"07:30 - 12:00, 13:30 - 20:00","vr":"07:30 - 12:00, 13:30 - 20:00","za":"07:30 - 12:00, 14:00 - 20:00","zo":"gesloten"}}},{"type":"Feature","geometry":{"type":"Point","coordinates":[12.03137871478753,44.225589596336405]},"properties":{"type":"pakketpunt","locatieNaam":"FedEx OnSite","straatNaam":"Corso Giuseppe Garibaldi, 194","straatNr":"","vervoerder":"FedEx","puntType":"servicepunt","bezettingsgraad":50,"latitude":44.225589596336405,"longitude":12.03137871478753,"canPickup":true,"canDropoff":true,"openingstijden":{"ma":"07:30 - 13:00, 15:30 - 19:30","di":"07:30 - 13:00, 15:30 - 19:30","wo":"07:30 - 13:00, 15:30 - 19:30","do":"07:30 - 13:00, 15:30 - 19:30","vr":"07:30 - 13:00, 14:30 - 19:30","za":"07:30 - 13:00, 15:30 - 19:30","zo":"gesloten"}}},{"type":"Feature","geometry":{"type":"Point","coordinates":[12.040290491443239,44.222171900693326]},"properties":{"type":"pakketpunt","locatieNaam":"FedEx OnSite","straatNaam":"PIAZZA AURELIO SAFFI, 48","straatNr":"","vervoerder":"FedEx","puntType":"servicepunt","bezettingsgraad":50,"latitude":44.222171900693326,"longitude":12.040290491443239,"canPickup":true,"canDropoff":true,"openingstijden":{"ma":"08:00 - 13:00, 15:30 - 19:30","di":"08:00 - 13:00, 15:30 - 19:30","wo":"08:00 - 13:00, 15:30 - 19:30","do":"08:00 - 13:00, 15:30 - 19:30","vr":"08:00 - 13:00, 15:30 - 19:30","za":"08:00 - 12:30, 15:30 - 19:30","zo":"gesloten"}}},{"type":"Feature","geometry":{"type":"Point","coordinates":[12.04329882209015,44.219886140760515]},"properties":{"type":"pakketpunt","locatieNaam":"FedEx OnSite","straatNaam":"VIA SAN PELLEGRINO LAZIOSI, 32","straatNr":"","vervoerder":"FedEx","puntType":"servicepunt","bezettingsgraad":50,"latitude":44.219886140760515,"longitude":12.04329882209015,"canPickup":true,"canDropoff":true,"openingstijden":{"ma":"10:00 - 19:00","di":"10:00 - 19:00","wo":"10:00 - 19:00","do":"10:00 - 19:00","vr":"10:00 - 19:00","za":"10:00 - 14:00","zo":"gesloten"}}},{"type":"Feature","geometry":{"type":"Point","coordinates":[12.044438293254096,44.22203274561231]},"properties":{"type":"pakketpunt","locatieNaam":"FedEx OnSite","straatNaam":"VIA DEL LAZZARETTO 55","straatNr":"","vervoerder":"FedEx","puntType":"servicepunt","bezettingsgraad":50,"latitude":44.22203274561231,"longitude":12.044438293254096,"canPickup":true,"canDropoff":true,"openingstijden":{"ma":"08:30 - 12:30, 15:00 - 19:00","di":"08:30 - 12:30, 15:00 - 19:00","wo":"08:30 - 12:30, 15:00 - 19:00","do":"08:30 - 12:30, 15:00 - 19:00","vr":"08:30 - 12:30, 15:00 - 19:00","za":"08:30 - 12:30","zo":"gesloten"}}},{"type":"Feature","geometry":{"type":"Point","coordinates":[12.047915,44.219178]},"properties":{"type":"pakketpunt","locatieNaam":"FedEx OnSite","straatNaam":"Corso della Repubblica, 179","straatNr":"","vervoerder":"FedEx","puntType":"servicepunt","bezettingsgraad":50,"latitude":44.219178,"longitude":12.047915,"canPickup":true,"canDropoff":true,"openingstijden":{"ma":"09:00 - 12:30, 16:30 - 19:00","di":"09:00 - 12:30, 16:30 - 19:00","wo":"09:00 - 12:30, 16:30 - 19:00","do":"gesloten","vr":"09:00 - 12:30, 16:00 - 19:00","za":"09:00 - 12:30","zo":"gesloten"}}},{"type":"Feature","geometry":{"type":"Point","coordinates":[12.050895836877684,44.2172554327516]},"properties":{"type":"pakketpunt","locatieNaam":"FedEx OnSite","straatNaam":"Via Zanchini, 13","straatNr":"","vervoerder":"FedEx","puntType":"servicepunt","bezettingsgraad":50,"latitude":44.2172554327516,"longitude":12.050895836877684,"canPickup":true,"canDropoff":true,"openingstijden":{"ma":"08:30 - 12:30, 14:30 - 18:30","di":"08:30 - 12:30, 14:30 - 18:30","wo":"08:30 - 12:30, 14:30 - 18:30","do":"08:30 - 12:30, 14:30 - 18:30","vr":"08:30 - 12:30, 14:30 - 18:30","za":"08:30 - 12:30, 14:30 - 18:30","zo":"gesloten"}}},{"type":"Feature","geometry":{"type":"Point","coordinates":[12.050960916613764,44.217356219213066]},"properties":{"type":"pakketpunt","locatieNaam":"FedEx OnSite","straatNaam":"VIA ORLANDO ZANCHIN, 1","straatNr":"","vervoerder":"FedEx","puntType":"servicepunt","bezettingsgraad":50,"latitude":44.217356219213066,"longitude":12.050960916613764,"canPickup":true,"canDropoff":true,"openingstijden":{"ma":"08:30 - 14:00, 15:00 - 20:00","di":"08:30 - 14:00, 15:00 - 20:00","wo":"08:30 - 14:00, 15:00 - 20:00","do":"08:30 - 14:00, 15:00 - 20:00","vr":"08:30 - 14:00, 15:00 - 20:00","za":"08:30 - 14:00, 15:00 - 20:00","zo":"08:30 - 14:00, 15:00 - 20:00"}}},{"type":"Feature","geometry":{"type":"Point","coordinates":[12.049187,44.219362]},"properties":{"type":"pakketpunt","locatieNaam":"FedEx OnSite","straatNaam":"VIALE GIACOMO MATTEOTTI 99 101","straatNr":"","vervoerder":"FedEx","puntType":"servicepunt","bezettingsgraad":50,"latitude":44.219362,"longitude":12.049187,"canPickup":true,"canDropoff":true,"openingstijden":{"ma":"08:30 - 12:30, 15:00 - 19:00","di":"08:30 - 12:30, 15:00 - 19:00","wo":"08:30 - 12:30, 15:00 - 19:00","do":"08:30 - 12:30, 15:00 - 19:00","vr":"08:30 - 12:30, 15:00 - 19:00","za":"08:30 - 12:30","zo":"gesloten"}}},{"type":"Feature","geometry":{"type":"Point","coordinates":[12.05295,44.22138]},"properties":{"type":"pakketpunt","locatieNaam":"FedEx OnSite","straatNaam":"Viale della Libertà, 30","straatNr":"","vervoerder":"FedEx","puntType":"servicepunt","bezettingsgraad":50,"latitude":44.22138,"longitude":12.05295,"canPickup":true,"canDropoff":true,"openingstijden":{"ma":"08:30 - 12:30, 15:00 - 19:00","di":"08:30 - 12:30, 15:00 - 19:00","wo":"08:30 - 12:30, 15:00 - 19:00","do":"08:30 - 12:30, 15:00 - 19:00","vr":"08:30 - 12:30, 15:00 - 19:00","za":"08:30 - 12:30","zo":"gesloten"}}},{"type":"Feature","geometry":{"type":"Point","coordinates":[12.050021575593636,44.22747901153643]},"properties":{"type":"pakketpunt","locatieNaam":"FedEx OnSite","straatNaam":"Via ravegnana, 110","straatNr":"","vervoerder":"FedEx","puntType":"servicepunt","bezettingsgraad":50,"latitude":44.22747901153643,"longitude":12.050021575593636,"canPickup":true,"canDropoff":true,"openingstijden":{"ma":"07:30 - 13:00, 15:30 - 19:30","di":"07:30 - 13:00, 15:30 - 19:30","wo":"07:30 - 13:00, 15:30 - 19:30","do":"07:30 - 13:00, 15:30 - 19:30","vr":"07:30 - 13:00, 15:30 - 19:30","za":"07:30 - 13:00","zo":"gesloten"}}},{"type":"Feature","geometry":{"type":"Point","coordinates":[12.051218584175292,44.2279570971026]},"properties":{"type":"pakketpunt","locatieNaam":"FedEx OnSite","straatNaam":"Via Ravegnana, 146/A","straatNr":"","vervoerder":"FedEx","puntType":"servicepunt","bezettingsgraad":50,"latitude":44.2279570971026,"longitude":12.051218584175292,"canPickup":true,"canDropoff":true,"openingstijden":{"ma":"06:30 - 19:30","di":"06:30 - 19:30","wo":"06:30 - 19:30","do":"06:30 - 19:30","vr":"06:30 - 19:30","za":"06:30 - 14:30","zo":"gesloten"}}},{"type":"Feature","geometry":{"type":"Point","coordinates":[12.073189,44.208612]},"properties":{"type":"pakketpunt","locatieNaam":"FedEx OnSite","straatNaam":"Viale Roma, 276","straatNr":"","vervoerder":"FedEx","puntType":"servicepunt","bezettingsgraad":50,"latitude":44.208612,"longitude":12.073189,"canPickup":true,"canDropoff":true,"openingstijden":{"ma":"15:00 - 20:00","di":"09:30 - 20:00","wo":"09:30 - 20:00","do":"09:30 - 20:00","vr":"09:30 - 20:00","za":"09:30 - 20:00","zo":"09:30 - 20:00"}}},{"type":"Feature","geometry":{"type":"Point","coordinates":[12.064435,44.225917]},"properties":{"type":"pakketpunt","locatieNaam":"FedEx OnSite","straatNaam":"VIA EUGENIO BERTINI 74","straatNr":"","vervoerder":"FedEx","puntType":"servicepunt","bezettingsgraad":50,"latitude":44.225917,"longitude":12.064435,"canPickup":true,"canDropoff":true,"openingstijden":{"ma":"08:30 - 12:30, 14:30 - 19:00","di":"08:30 - 12:30, 14:30 - 19:00","wo":"08:30 - 12:30, 14:30 - 19:00","do":"08:30 - 12:30, 14:30 - 19:00","vr":"08:30 - 12:30, 14:30 - 19:00","za":"08:30 - 12:30","zo":"gesloten"}}},{"type":"Feature","geometry":{"type":"Point","coordinates":[12.066562,44.227463]},"properties":{"type":"pakketpunt","locatieNaam":"FedEx OnSite","straatNaam":"VIA BALZELLA, 2","straatNr":"","vervoerder":"FedEx","puntType":"servicepunt","bezettingsgraad":50,"latitude":44.227463,"longitude":12.066562,"canPickup":true,"canDropoff":true,"openingstijden":{"ma":"09:00 - 20:00","di":"09:00 - 20:00","wo":"09:00 - 20:00","do":"09:00 - 20:00","vr":"09:00 - 20:00","za":"09:00 - 20:00","zo":"09:00 - 20:00"}}},{"type":"Feature","geometry":{"type":"Point","coordinates":[12.061841205860645,44.23617739227719]},"properties":{"type":"pakketpunt","locatieNaam":"FedEx OnSite","straatNaam":"Via Ravegnagna, 261/A","straatNr":"","vervoerder":"FedEx","puntType":"servicepunt","bezettingsgraad":50,"latitude":44.23617739227719,"longitude":12.061841205860645,"canPickup":true,"canDropoff":true,"openingstijden":{"ma":"15:30 - 19:30","di":"09:30 - 12:30, 15:30 - 19:30","wo":"09:30 - 12:30, 15:30 - 19:30","do":"09:30 - 12:30, 15:30 - 19:30","vr":"09:30 - 12:30, 15:30 - 19:30","za":"09:30 - 12:30, 15:30 - 19:30","zo":"gesloten"}}},{"type":"Feature","geometry":{"type":"Point","coordinates":[12.079849,44.225627]},"properties":{"type":"pakketpunt","locatieNaam":"Filiale FedEx","straatNaam":"Via Aldrovandi 3","straatNr":"","vervoerder":"FedEx","puntType":"servicepunt","bezettingsgraad":50,"latitude":44.225627,"longitude":12.079849,"canPickup":true,"canDropoff":true,"openingstijden":{"ma":"08:30 - 12:30, 15:00 - 19:00","di":"08:30 - 12:30, 15:00 - 19:00","wo":"08:30 - 12:30, 15:00 - 19:00","do":"08:30 - 12:30, 15:00 - 19:00","vr":"08:30 - 12:30, 15:00 - 19:00","za":"gesloten","zo":"gesloten"}}},{"type":"Feature","geometry":{"type":"Point","coordinates":[12.016666854245845,44.29412776370988]},"properties":{"type":"pakketpunt","locatieNaam":"FedEx OnSite","straatNaam":"via lughese, 238","straatNr":"","vervoerder":"FedEx","puntType":"servicepunt","bezettingsgraad":50,"latitude":44.29412776370988,"longitude":12.016666854245845,"canPickup":true,"canDropoff":true,"openingstijden":{"ma":"07:30 - 12:30, 16:00 - 19:00","di":"07:30 - 12:30, 16:00 - 19:00","wo":"07:30 - 12:30, 16:00 - 19:00","do":"07:30 - 12:30, 16:00 - 19:00","vr":"07:30 - 12:30, 16:00 - 19:00","za":"07:30 - 12:30","zo":"gesloten"}}},{"type":"Feature","geometry":{"type":"Polygon","coordinates":[[[11.9224861,44.2118494],[11.9241566,44.2069273],[11.9350849,44.2032169],[11.9365005,44.1927014],[11.9378823,44.1913154],[11.9383831,44.1910776],[11.9399392,44.1911635],[11.9406301,44.1914697],[11.941799,44.1923309],[11.9430524,44.193865],[11.9494821,44.204106],[11.9501786,44.2067438],[11.9507956,44.2083213],[11.9513078,44.2086035],[11.9527337,44.2087843],[11.9574954,44.2088225],[11.9580255,44.2087373],[11.9594774,44.2082405],[11.9633282,44.2066642],[11.9674102,44.2007245],[11.9664177,44.1994113],[11.9664354,44.1979698],[11.9680273,44.1953758],[11.9698296,44.1943788],[11.9695588,44.1939586],[11.9709251,44.192755],[11.9701791,44.1923395],[11.9695235,44.1918209],[11.969295,44.1912636],[11.9691144,44.1910216],[11.9691837,44.1895401],[11.9690831,44.1893127],[11.9686815,44.1889868],[11.9663214,44.1882994],[11.9657363,44.187924],[11.9655375,44.1872605],[11.9655886,44.1868067],[11.9657253,44.1864799],[11.9657118,44.1861175],[11.9656173,44.1858862],[11.9654881,44.1857347],[11.9646799,44.185443],[11.9651302,44.1852741],[11.9664534,44.1842818],[11.9723983,44.1759997],[11.9798879,44.1708455],[11.9815515,44.1695277],[11.9822247,44.1690844],[11.9822273,44.1683928],[11.9857586,44.1646228],[11.9860067,44.1630541],[11.986543,44.1608392],[11.9871568,44.1593737],[11.9878607,44.1579599],[11.9891738,44.1574663],[11.9904339,44.1571479],[11.9968251,44.1559513],[12.0059662,44.1535413],[12.0071537,44.141899],[12.0063286,44.1409783],[12.005106,44.1391224],[12.0050021,44.1387789],[12.0045987,44.1355548],[12.0051279,44.1352039],[12.004989,44.1317897],[12.0040717,44.1308751],[12.0039012,44.1298283],[12.0024975,44.1279604],[12.0015521,44.127502],[12.0022099,44.1270564],[12.0073888,44.1273424],[12.0084822,44.1274755],[12.0115332,44.1282413],[12.0129681,44.1291757],[12.0139204,44.1302039],[12.0166006,44.1344813],[12.0247608,44.1388387],[12.0294846,44.1381201],[12.0300888,44.1381572],[12.0421292,44.1453121],[12.0447127,44.1471875],[12.0468508,44.1500265],[12.0483279,44.1504394],[12.0524118,44.1507934],[12.0596344,44.1500821],[12.0633166,44.1478065],[12.0685436,44.1440187],[12.0717022,44.1454168],[12.0775988,44.1435414],[12.08161,44.1442556],[12.0846221,44.1505287],[12.0878686,44.1578277],[12.0876808,44.1590212],[12.087928,44.1599237],[12.0883628,44.1605872],[12.0902505,44.1620125],[12.0915196,44.1623652],[12.092823,44.1624199],[12.0937607,44.1624034],[12.0954036,44.1620259],[12.0958991,44.1621745],[12.0961472,44.1623748],[12.0965068,44.1630313],[12.09672,44.1639978],[12.0966469,44.1645129],[12.0934333,44.1707398],[12.0895613,44.175391],[12.0892527,44.1759485],[12.0892543,44.1766956],[12.0897355,44.178006],[12.0924222,44.1843475],[12.092785,44.1851254],[12.1098941,44.2064106],[12.1332129,44.2147213],[12.1437313,44.2150352],[12.1481895,44.2146062],[12.1580095,44.2139122],[12.1587056,44.2139375],[12.1708417,44.2166361],[12.171386,44.217916],[12.1740304,44.2207683],[12.1755745,44.2217787],[12.1817754,44.225342],[12.1822347,44.2255002],[12.1826196,44.2252104],[12.1829685,44.2247145],[12.1844961,44.2240237],[12.1887046,44.2215747],[12.1915512,44.2235066],[12.1935324,44.2240049],[12.1958278,44.2261618],[12.2006824,44.2303056],[12.2050148,44.2334781],[12.2089395,44.2365726],[12.2101788,44.2377171],[12.2109474,44.2389558],[12.2106903,44.2462575],[12.2118671,44.2491747],[12.2104912,44.254957],[12.2097885,44.2565432],[12.2060474,44.2570805],[12.2053961,44.2570808],[12.2031817,44.2568999],[12.1898955,44.2552072],[12.1878149,44.2539363],[12.1804067,44.2474518],[12.177762,44.2486123],[12.1769198,44.2455535],[12.1763798,44.2445521],[12.1756532,44.2424879],[12.1709351,44.2432545],[12.1713938,44.2443017],[12.1670486,44.2454084],[12.1649029,44.2461155],[12.1651818,44.2466688],[12.166083,44.2472145],[12.1641895,44.2484886],[12.1649619,44.249182],[12.1621509,44.2506191],[12.1593614,44.251426],[12.1551128,44.2522483],[12.1521516,44.2525019],[12.1506576,44.2527214],[12.1494936,44.2529437],[12.1464912,44.2537526],[12.142375,44.2557102],[12.1367383,44.2586474],[12.1367625,44.2588146],[12.1321357,44.2603648],[12.131911,44.2602476],[12.1113432,44.268439],[12.1031911,44.2718033],[12.1028855,44.2718213],[12.1038544,44.2749342],[12.1062655,44.280354],[12.1066373,44.2816122],[12.1069276,44.2835166],[12.1080683,44.28835],[12.1068837,44.288826],[12.105037,44.2900857],[12.1042628,44.2904341],[12.0989306,44.2920852],[12.0982332,44.2928148],[12.0967955,44.2936979],[12.0966775,44.294174],[12.0975405,44.29491],[12.0971859,44.295952],[12.0869795,44.3000044],[12.0852009,44.3001016],[12.0820916,44.3000482],[12.0762816,44.2991751],[12.0770144,44.2978023],[12.0738656,44.298564],[12.0737858,44.2983699],[12.0678021,44.3000821],[12.0666556,44.3016878],[12.0637051,44.3019258],[12.0545924,44.3055105],[12.0558949,44.3072211],[12.0564222,44.3082974],[12.0528851,44.3097111],[12.0502994,44.3110392],[12.0487545,44.3115536],[12.048293,44.3150762],[12.0469628,44.3159619],[12.0476636,44.317186],[12.0477996,44.3177102],[12.0481644,44.3182169],[12.0482322,44.3185543],[12.0484961,44.3189676],[12.0489373,44.3191993],[12.0480035,44.3193637],[12.0498255,44.3241316],[12.0494824,44.3253014],[12.0491763,44.3256877],[12.0469467,44.3267905],[12.0440631,44.3274929],[12.0441228,44.327671],[12.0397396,44.3287476],[12.0386426,44.3287745],[12.0350701,44.3306793],[12.0324037,44.3306164],[12.0317815,44.3304245],[12.0301558,44.3290503],[12.028698,44.3232317],[12.0282232,44.3225331],[12.0225184,44.3154734],[12.0121878,44.3034942],[12.0114156,44.3028575],[12.0105005,44.3023685],[12.0074758,44.3010708],[12.0064709,44.3005392],[12.0053534,44.2997674],[12.0036629,44.2983265],[12.0026227,44.2971025],[12.0014577,44.2953957],[12.0010571,44.294668],[11.9995221,44.2911074],[11.9936913,44.2789721],[11.9930576,44.2778455],[11.9924072,44.2768812],[11.978023,44.2578031],[11.977452,44.2571609],[11.9768368,44.2566367],[11.9713407,44.2537101],[11.9652303,44.2497639],[11.9582397,44.2427343],[11.9567347,44.2414409],[11.9484683,44.2368249],[11.9476608,44.2367017],[11.9444057,44.2367137],[11.9412825,44.237139],[11.9380688,44.2377008],[11.9362947,44.2385206],[11.9348432,44.2398003],[11.9344417,44.2402878],[11.9343026,44.240764],[11.9332874,44.2417534],[11.932801,44.2420449],[11.9315591,44.242491],[11.9281681,44.2425465],[11.9276697,44.2423432],[11.927223,44.2419226],[11.9267196,44.2413683],[11.9265246,44.2409862],[11.9265276,44.2307142],[11.9286213,44.2259927],[11.9305047,44.2203178],[11.9294462,44.216915],[11.9292663,44.2165685],[11.9285498,44.2162791],[11.9224861,44.2118494]]]},"properties":{"type":"boundary","gemeente":"Forlì"}}]}