{"type":"FeatureCollection","metadata":{"gemeente":"Lucca","slug":"lucca","generated_at":"2026-09-26T13:10:05.821236Z","total_points":194,"providers":["PosteItaliane","DPD","InPost","GLS","DHL","Amazon"],"bounds":[10.392449,43.7789206,10.5592295,43.92829]},"features":[{"type":"Feature","geometry":{"type":"Point","coordinates":[10.527925,43.851509]},"properties":{"type":"pakketpunt","locatieNaam":"Tabaccheria N. 88","straatNaam":"Via Vecchia Pesciatina","straatNr":"668","vervoerder":"PosteItaliane","puntType":"servicepunt","bezettingsgraad":50,"latitude":43.851509,"longitude":10.527925,"canPickup":true,"canDropoff":true,"openingstijden":{"za":"07:00 - 21:00","zo":"gesloten","ma":"07:00 - 21:00","di":"07:00 - 21:00","wo":"07:00 - 21:00","do":"07:00 - 21:00","vr":"07:00 - 21:00"}}},{"type":"Feature","geometry":{"type":"Point","coordinates":[10.53976525,43.9015708]},"properties":{"type":"pakketpunt","locatieNaam":"Saltocchio","straatNaam":"Via Della Chiesa Di Saltocchio","straatNr":"398","vervoerder":"PosteItaliane","puntType":"postkantoor","bezettingsgraad":50,"latitude":43.9015708,"longitude":10.53976525,"canPickup":true,"canDropoff":true,"openingstijden":{"za":"08:20 - 12:45","zo":"gesloten","ma":"08:20 - 13:45","di":"08:20 - 13:45","wo":"08:20 - 13:45","do":"08:20 - 13:45","vr":"08:20 - 13:45"}}},{"type":"Feature","geometry":{"type":"Point","coordinates":[10.45712721,43.77955217]},"properties":{"type":"pakketpunt","locatieNaam":"Santa Maria Del Giudice","straatNaam":"Via Ventiquattro Maggio","straatNr":"9","vervoerder":"PosteItaliane","puntType":"postkantoor","bezettingsgraad":50,"latitude":43.77955217,"longitude":10.45712721,"canPickup":true,"canDropoff":true,"openingstijden":{"za":"08:20 - 12:45","zo":"gesloten","ma":"08:20 - 13:45","di":"08:20 - 13:45","wo":"08:20 - 13:45","do":"08:20 - 13:45","vr":"08:20 - 13:45"}}},{"type":"Feature","geometry":{"type":"Point","coordinates":[10.41969853,43.85687934]},"properties":{"type":"pakketpunt","locatieNaam":"Maggiano","straatNaam":"Via Sarzanese","straatNr":"4143","vervoerder":"PosteItaliane","puntType":"postkantoor","bezettingsgraad":50,"latitude":43.85687934,"longitude":10.41969853,"canPickup":true,"canDropoff":true,"openingstijden":{"za":"08:20 - 12:45","zo":"gesloten","ma":"08:20 - 13:45","di":"08:20 - 13:45","wo":"08:20 - 13:45","do":"08:20 - 13:45","vr":"08:20 - 13:45"}}},{"type":"Feature","geometry":{"type":"Point","coordinates":[10.54889171,43.84695434]},"properties":{"type":"pakketpunt","locatieNaam":"Picciorana","straatNaam":"Via Di Picciorana","straatNr":"711","vervoerder":"PosteItaliane","puntType":"postkantoor","bezettingsgraad":50,"latitude":43.84695434,"longitude":10.54889171,"canPickup":true,"canDropoff":true,"openingstijden":{"za":"08:20 - 12:35","zo":"gesloten","ma":"08:20 - 13:35","di":"08:20 - 13:35","wo":"08:20 - 13:35","do":"08:20 - 13:35","vr":"08:20 - 13:35"}}},{"type":"Feature","geometry":{"type":"Point","coordinates":[10.48556728,43.80965762]},"properties":{"type":"pakketpunt","locatieNaam":"Massa Pisana","straatNaam":"Via Nuova Per Pisa","straatNr":"1399","vervoerder":"PosteItaliane","puntType":"postkantoor","bezettingsgraad":50,"latitude":43.80965762,"longitude":10.48556728,"canPickup":true,"canDropoff":true,"openingstijden":{"za":"08:20 - 12:45","zo":"gesloten","ma":"08:20 - 13:45","di":"08:20 - 13:45","wo":"08:20 - 13:45","do":"08:20 - 13:45","vr":"08:20 - 13:45"}}},{"type":"Feature","geometry":{"type":"Point","coordinates":[10.47849002,43.88876405]},"properties":{"type":"pakketpunt","locatieNaam":"Ponte Del Giglio","straatNaam":"Via Per Camaiore","straatNr":"4885","vervoerder":"PosteItaliane","puntType":"postkantoor","bezettingsgraad":50,"latitude":43.88876405,"longitude":10.47849002,"canPickup":true,"canDropoff":true,"openingstijden":{"za":"08:20 - 12:45","zo":"gesloten","ma":"08:20 - 13:45","di":"08:20 - 13:45","wo":"08:20 - 13:45","do":"08:20 - 13:45","vr":"08:20 - 13:45"}}},{"type":"Feature","geometry":{"type":"Point","coordinates":[10.50506477,43.84827245]},"properties":{"type":"pakketpunt","locatieNaam":"Lucca 2","straatNaam":"Viale Carlo Del Prete","straatNr":"1087","vervoerder":"PosteItaliane","puntType":"postkantoor","bezettingsgraad":50,"latitude":43.84827245,"longitude":10.50506477,"canPickup":true,"canDropoff":true,"openingstijden":{"za":"08:20 - 12:35","zo":"gesloten","ma":"08:20 - 19:05","di":"08:20 - 19:05","wo":"08:20 - 19:05","do":"08:20 - 19:05","vr":"08:20 - 19:05"}}},{"type":"Feature","geometry":{"type":"Point","coordinates":[10.51711832,43.84411063]},"properties":{"type":"pakketpunt","locatieNaam":"Lucca 3","straatNaam":"Viale Castruccio Castracani","straatNr":"134","vervoerder":"PosteItaliane","puntType":"postkantoor","bezettingsgraad":50,"latitude":43.84411063,"longitude":10.51711832,"canPickup":true,"canDropoff":true,"openingstijden":{"za":"08:20 - 12:35","zo":"gesloten","ma":"08:20 - 13:35","di":"08:20 - 13:35","wo":"08:20 - 13:35","do":"08:20 - 13:35","vr":"08:20 - 13:35"}}},{"type":"Feature","geometry":{"type":"Point","coordinates":[10.50453152,43.83841371]},"properties":{"type":"pakketpunt","locatieNaam":"Lucca 5","straatNaam":"Viale Regina Margherita","straatNr":"193","vervoerder":"PosteItaliane","puntType":"postkantoor","bezettingsgraad":50,"latitude":43.83841371,"longitude":10.50453152,"canPickup":true,"canDropoff":true,"openingstijden":{"za":"08:20 - 12:45","zo":"gesloten","ma":"08:20 - 13:45","di":"08:20 - 13:45","wo":"08:20 - 13:45","do":"08:20 - 13:45","vr":"08:20 - 13:45"}}},{"type":"Feature","geometry":{"type":"Point","coordinates":[10.5060832,43.84153673]},"properties":{"type":"pakketpunt","locatieNaam":"Lucca Centro","straatNaam":"Via Antonio Vallisneri","straatNr":"2","vervoerder":"PosteItaliane","puntType":"postkantoor","bezettingsgraad":50,"latitude":43.84153673,"longitude":10.5060832,"canPickup":true,"canDropoff":true,"openingstijden":{"za":"08:20 - 12:35","zo":"gesloten","ma":"08:20 - 19:05","di":"08:20 - 19:05","wo":"08:20 - 19:05","do":"08:20 - 19:05","vr":"08:20 - 19:05"}}},{"type":"Feature","geometry":{"type":"Point","coordinates":[10.530066,43.909687]},"properties":{"type":"pakketpunt","locatieNaam":"Ponte A Moriano","straatNaam":"Via Giovanni Volpi","straatNr":"28","vervoerder":"PosteItaliane","puntType":"postkantoor","bezettingsgraad":50,"latitude":43.909687,"longitude":10.530066,"canPickup":true,"canDropoff":true,"openingstijden":{"za":"08:20 - 12:35","zo":"gesloten","ma":"08:20 - 13:35","di":"08:20 - 13:35","wo":"08:20 - 13:35","do":"08:20 - 13:35","vr":"08:20 - 13:35"}}},{"type":"Feature","geometry":{"type":"Point","coordinates":[10.53984237,43.84408875]},"properties":{"type":"pakketpunt","locatieNaam":"Lucca 10","straatNaam":"Via Romana","straatNr":"1576","vervoerder":"PosteItaliane","puntType":"postkantoor","bezettingsgraad":50,"latitude":43.84408875,"longitude":10.53984237,"canPickup":true,"canDropoff":true,"openingstijden":{"za":"08:20 - 12:45","zo":"gesloten","ma":"gesloten","di":"08:20 - 13:45","wo":"08:20 - 13:45","do":"08:20 - 13:45","vr":"gesloten"}}},{"type":"Feature","geometry":{"type":"Point","coordinates":[10.51357768,43.83440142]},"properties":{"type":"pakketpunt","locatieNaam":"Lucca 9","straatNaam":"Via Lorenzo Nottolini","straatNr":"916","vervoerder":"PosteItaliane","puntType":"postkantoor","bezettingsgraad":50,"latitude":43.83440142,"longitude":10.51357768,"canPickup":true,"canDropoff":true,"openingstijden":{"za":"08:20 - 12:45","zo":"gesloten","ma":"08:20 - 13:45","di":"08:20 - 13:45","wo":"08:20 - 13:45","do":"08:20 - 13:45","vr":"08:20 - 13:45"}}},{"type":"Feature","geometry":{"type":"Point","coordinates":[10.50610299,43.84399565]},"properties":{"type":"pakketpunt","locatieNaam":"Lucca 1","straatNaam":"Via San Gregorio","straatNr":"8","vervoerder":"PosteItaliane","puntType":"postkantoor","bezettingsgraad":50,"latitude":43.84399565,"longitude":10.50610299,"canPickup":true,"canDropoff":true,"openingstijden":{"za":"08:20 - 12:35","zo":"gesloten","ma":"08:20 - 13:35","di":"08:20 - 13:35","wo":"08:20 - 13:35","do":"08:20 - 13:35","vr":"08:20 - 13:35"}}},{"type":"Feature","geometry":{"type":"Point","coordinates":[10.45384763,43.85140327]},"properties":{"type":"pakketpunt","locatieNaam":"Ponte San Pietro","straatNaam":"Via Sarzanese","straatNr":"1177","vervoerder":"PosteItaliane","puntType":"postkantoor","bezettingsgraad":50,"latitude":43.85140327,"longitude":10.45384763,"canPickup":true,"canDropoff":true,"openingstijden":{"za":"08:20 - 12:45","zo":"gesloten","ma":"08:20 - 13:45","di":"08:20 - 13:45","wo":"08:20 - 13:45","do":"08:20 - 13:45","vr":"08:20 - 13:45"}}},{"type":"Feature","geometry":{"type":"Point","coordinates":[10.53226244,43.85261767]},"properties":{"type":"pakketpunt","locatieNaam":"Lucca 7","straatNaam":"Via Vecchia Pesciatina","straatNr":"1050","vervoerder":"PosteItaliane","puntType":"postkantoor","bezettingsgraad":50,"latitude":43.85261767,"longitude":10.53226244,"canPickup":true,"canDropoff":true,"openingstijden":{"za":"08:20 - 12:35","zo":"gesloten","ma":"08:20 - 13:35","di":"08:20 - 13:35","wo":"08:20 - 13:35","do":"08:20 - 13:35","vr":"08:20 - 13:35"}}},{"type":"Feature","geometry":{"type":"Point","coordinates":[10.49504788,43.86013769]},"properties":{"type":"pakketpunt","locatieNaam":"Lucca 8","straatNaam":"Via Di Sant'alessio","straatNr":"903","vervoerder":"PosteItaliane","puntType":"postkantoor","bezettingsgraad":50,"latitude":43.86013769,"longitude":10.49504788,"canPickup":true,"canDropoff":true,"openingstijden":{"za":"08:20 - 12:45","zo":"gesloten","ma":"08:20 - 13:45","di":"08:20 - 13:45","wo":"08:20 - 13:45","do":"08:20 - 13:45","vr":"08:20 - 13:45"}}},{"type":"Feature","geometry":{"type":"Point","coordinates":[10.53429601,43.86695935]},"properties":{"type":"pakketpunt","locatieNaam":"San Pietro A Vico","straatNaam":"Via Delle Ville Lucchesi","straatNr":"2343","vervoerder":"PosteItaliane","puntType":"postkantoor","bezettingsgraad":50,"latitude":43.86695935,"longitude":10.53429601,"canPickup":true,"canDropoff":true,"openingstijden":{"za":"08:20 - 12:35","zo":"gesloten","ma":"08:20 - 13:35","di":"08:20 - 13:35","wo":"08:20 - 13:35","do":"08:20 - 13:35","vr":"08:20 - 13:35"}}},{"type":"Feature","geometry":{"type":"Point","coordinates":[10.48649174,43.8440706]},"properties":{"type":"pakketpunt","locatieNaam":"Lucca 4","straatNaam":"Viale Giacomo Puccini","straatNr":"407","vervoerder":"PosteItaliane","puntType":"postkantoor","bezettingsgraad":50,"latitude":43.8440706,"longitude":10.48649174,"canPickup":true,"canDropoff":true,"openingstijden":{"za":"08:20 - 12:35","zo":"gesloten","ma":"08:20 - 13:35","di":"08:20 - 13:35","wo":"08:20 - 13:35","do":"08:20 - 13:35","vr":"08:20 - 13:35"}}},{"type":"Feature","geometry":{"type":"Point","coordinates":[10.392449,43.831957]},"properties":{"type":"pakketpunt","locatieNaam":"Nozzano","straatNaam":"Via Di Balbano Snc","straatNr":"1","vervoerder":"PosteItaliane","puntType":"postkantoor","bezettingsgraad":50,"latitude":43.831957,"longitude":10.392449,"canPickup":true,"canDropoff":true,"openingstijden":{"za":"08:20 - 12:35","zo":"gesloten","ma":"08:20 - 13:35","di":"08:20 - 13:35","wo":"08:20 - 13:35","do":"08:20 - 13:35","vr":"08:20 - 13:35"}}},{"type":"Feature","geometry":{"type":"Point","coordinates":[10.51909233,43.85598908]},"properties":{"type":"pakketpunt","locatieNaam":"Lucca 6","straatNaam":"Via Delle Ville Lucchesi","straatNr":"543","vervoerder":"PosteItaliane","puntType":"postkantoor","bezettingsgraad":50,"latitude":43.85598908,"longitude":10.51909233,"canPickup":true,"canDropoff":true,"openingstijden":{"za":"08:20 - 12:45","zo":"gesloten","ma":"08:20 - 13:45","di":"08:20 - 13:45","wo":"08:20 - 13:45","do":"08:20 - 13:45","vr":"08:20 - 13:45"}}},{"type":"Feature","geometry":{"type":"Point","coordinates":[10.44622297,43.83963425]},"properties":{"type":"pakketpunt","locatieNaam":"Montuolo","straatNaam":"Via Pisana","straatNr":"3872","vervoerder":"PosteItaliane","puntType":"postkantoor","bezettingsgraad":50,"latitude":43.83963425,"longitude":10.44622297,"canPickup":true,"canDropoff":true,"openingstijden":{"za":"08:20 - 12:45","zo":"gesloten","ma":"08:20 - 13:45","di":"08:20 - 13:45","wo":"08:20 - 13:45","do":"08:20 - 13:45","vr":"08:20 - 13:45"}}},{"type":"Feature","geometry":{"type":"Point","coordinates":[10.494228,43.823385]},"properties":{"type":"pakketpunt","locatieNaam":"Pontetetto","straatNaam":"Via Dei Santeschi","straatNr":"12","vervoerder":"PosteItaliane","puntType":"postkantoor","bezettingsgraad":50,"latitude":43.823385,"longitude":10.494228,"canPickup":true,"canDropoff":true,"openingstijden":{"za":"08:20 - 12:45","zo":"gesloten","ma":"08:20 - 13:45","di":"08:20 - 13:45","wo":"08:20 - 13:45","do":"08:20 - 13:45","vr":"08:20 - 13:45"}}},{"type":"Feature","geometry":{"type":"Point","coordinates":[10.54889563,43.84285029]},"properties":{"type":"pakketpunt","locatieNaam":"Tabaccheria N. 7","straatNaam":"Via Romana","straatNr":"2470/b","vervoerder":"PosteItaliane","puntType":"servicepunt","bezettingsgraad":50,"latitude":43.84285029,"longitude":10.54889563,"canPickup":true,"canDropoff":true,"openingstijden":{"za":"08:00 - 20:00","zo":"08:00 - 20:00","ma":"gesloten","di":"08:00 - 20:00","wo":"08:00 - 20:00","do":"08:00 - 20:00","vr":"08:00 - 20:00"}}},{"type":"Feature","geometry":{"type":"Point","coordinates":[10.41954923,43.85686986]},"properties":{"type":"pakketpunt","locatieNaam":"Tabaccheria N. 69","straatNaam":"Via Sarzanese","straatNr":"4147","vervoerder":"PosteItaliane","puntType":"servicepunt","bezettingsgraad":50,"latitude":43.85686986,"longitude":10.41954923,"canPickup":true,"canDropoff":true,"openingstijden":{"za":"07:00 - 23:00","zo":"gesloten","ma":"07:00 - 23:00","di":"07:00 - 23:00","wo":"07:00 - 23:00","do":"07:00 - 23:00","vr":"07:00 - 23:00"}}},{"type":"Feature","geometry":{"type":"Point","coordinates":[10.49753073,43.83108992]},"properties":{"type":"pakketpunt","locatieNaam":"Tabaccheria N. 97","straatNaam":"Viale San Concordio","straatNr":"796/800","vervoerder":"PosteItaliane","puntType":"servicepunt","bezettingsgraad":50,"latitude":43.83108992,"longitude":10.49753073,"canPickup":true,"canDropoff":true,"openingstijden":{"za":"06:30 - 20:00","zo":"gesloten","ma":"06:30 - 20:00","di":"06:30 - 20:00","wo":"06:30 - 20:00","do":"06:30 - 20:00","vr":"06:30 - 20:00"}}},{"type":"Feature","geometry":{"type":"Point","coordinates":[10.53006,43.92829]},"properties":{"type":"pakketpunt","locatieNaam":"Vinchiana","straatNaam":"Traversa I Di Via Del Brennero Nord","straatNr":"54","vervoerder":"PosteItaliane","puntType":"postkantoor","bezettingsgraad":50,"latitude":43.92829,"longitude":10.53006,"canPickup":true,"canDropoff":true,"openingstijden":{"za":"gesloten","zo":"gesloten","ma":"08:20 - 13:45","di":"gesloten","wo":"gesloten","do":"gesloten","vr":"gesloten"}}},{"type":"Feature","geometry":{"type":"Point","coordinates":[10.51653215,43.86134837]},"properties":{"type":"pakketpunt","locatieNaam":"Tabaccheria N. 26","straatNaam":"Via Del Brennero","straatNr":"1054","vervoerder":"PosteItaliane","puntType":"servicepunt","bezettingsgraad":50,"latitude":43.86134837,"longitude":10.51653215,"canPickup":true,"canDropoff":true,"openingstijden":{"za":"07:00 - 13:00, 15:30 - 20:00","zo":"gesloten","ma":"07:00 - 13:00, 15:30 - 20:00","di":"07:00 - 13:00, 15:30 - 20:00","wo":"07:00 - 13:00, 15:30 - 20:00","do":"07:00 - 13:00, 15:30 - 20:00","vr":"07:00 - 13:00, 15:30 - 20:00"}}},{"type":"Feature","geometry":{"type":"Point","coordinates":[10.5307396,43.84487015]},"properties":{"type":"pakketpunt","locatieNaam":"Tabaccheria N. 11","straatNaam":"Via Romana","straatNr":"991","vervoerder":"PosteItaliane","puntType":"servicepunt","bezettingsgraad":50,"latitude":43.84487015,"longitude":10.5307396,"canPickup":true,"canDropoff":true,"openingstijden":{"za":"07:00 - 14:00, 16:00 - 20:00","zo":"gesloten","ma":"07:00 - 14:00, 16:00 - 20:00","di":"07:00 - 14:00, 16:00 - 20:00","wo":"07:00 - 14:00, 16:00 - 20:00","do":"07:00 - 14:00, 16:00 - 20:00","vr":"07:00 - 14:00, 16:00 - 20:00"}}},{"type":"Feature","geometry":{"type":"Point","coordinates":[10.50525658,43.8426731]},"properties":{"type":"pakketpunt","locatieNaam":"Tabaccheria N. 38","straatNaam":"Via Santa Croce","straatNr":"37","vervoerder":"PosteItaliane","puntType":"servicepunt","bezettingsgraad":50,"latitude":43.8426731,"longitude":10.50525658,"canPickup":true,"canDropoff":true,"openingstijden":{"za":"08:30 - 20:00","zo":"11:00 - 19:30","ma":"08:30 - 20:00","di":"08:30 - 20:00","wo":"09:00 - 20:00","do":"08:30 - 20:00","vr":"08:30 - 20:00"}}},{"type":"Feature","geometry":{"type":"Point","coordinates":[10.53876302,43.85231099]},"properties":{"type":"pakketpunt","locatieNaam":"Stazione Di Servizio","straatNaam":"Via Pesciatina","straatNr":"914","vervoerder":"PosteItaliane","puntType":"automaat","bezettingsgraad":50,"latitude":43.85231099,"longitude":10.53876302,"canPickup":true,"canDropoff":true,"openingstijden":{"za":"00:01 - 23:59","zo":"00:01 - 23:59","ma":"00:01 - 23:59","di":"00:01 - 23:59","wo":"00:01 - 23:59","do":"00:01 - 23:59","vr":"00:01 - 23:59"}}},{"type":"Feature","geometry":{"type":"Point","coordinates":[10.55904171,43.84579752]},"properties":{"type":"pakketpunt","locatieNaam":"Stazione Di Servizio","straatNaam":"Via Della Madonnina","straatNr":"996","vervoerder":"PosteItaliane","puntType":"automaat","bezettingsgraad":50,"latitude":43.84579752,"longitude":10.55904171,"canPickup":true,"canDropoff":true,"openingstijden":{"za":"00:01 - 23:59","zo":"00:01 - 23:59","ma":"00:01 - 23:59","di":"00:01 - 23:59","wo":"00:01 - 23:59","do":"00:01 - 23:59","vr":"00:01 - 23:59"}}},{"type":"Feature","geometry":{"type":"Point","coordinates":[10.50965,43.84982]},"properties":{"type":"pakketpunt","locatieNaam":"Centro Medico San Marco","straatNaam":"Viale Agostino Marti","straatNr":"43","vervoerder":"PosteItaliane","puntType":"automaat","bezettingsgraad":50,"latitude":43.84982,"longitude":10.50965,"canPickup":true,"canDropoff":true,"openingstijden":{"za":"06:00 - 23:00","zo":"06:00 - 23:00","ma":"06:00 - 23:00","di":"06:00 - 23:00","wo":"06:00 - 23:00","do":"06:00 - 23:00","vr":"06:00 - 23:00"}}},{"type":"Feature","geometry":{"type":"Point","coordinates":[10.5092944,43.86398617]},"properties":{"type":"pakketpunt","locatieNaam":"Stazione Di Servizio Ip","straatNaam":"Via Per Camaiore","straatNr":"1110","vervoerder":"PosteItaliane","puntType":"automaat","bezettingsgraad":50,"latitude":43.86398617,"longitude":10.5092944,"canPickup":true,"canDropoff":true,"openingstijden":{"za":"00:01 - 23:59","zo":"00:01 - 23:59","ma":"00:01 - 23:59","di":"00:01 - 23:59","wo":"00:01 - 23:59","do":"00:01 - 23:59","vr":"00:01 - 23:59"}}},{"type":"Feature","geometry":{"type":"Point","coordinates":[10.46875633,43.84815275]},"properties":{"type":"pakketpunt","locatieNaam":"Tabaccheria N. 139","straatNaam":"Viale Giacomo Puccini","straatNr":"1910","vervoerder":"PosteItaliane","puntType":"servicepunt","bezettingsgraad":50,"latitude":43.84815275,"longitude":10.46875633,"canPickup":true,"canDropoff":true,"openingstijden":{"za":"05:00 - 23:00","zo":"05:00 - 23:00","ma":"05:00 - 23:00","di":"05:00 - 23:00","wo":"05:00 - 23:00","do":"05:00 - 23:00","vr":"05:00 - 23:00"}}},{"type":"Feature","geometry":{"type":"Point","coordinates":[10.49105577,43.84302221]},"properties":{"type":"pakketpunt","locatieNaam":"Tabaccheria N. 22","straatNaam":"Viale Giacomo Puccini","straatNr":"13","vervoerder":"PosteItaliane","puntType":"servicepunt","bezettingsgraad":50,"latitude":43.84302221,"longitude":10.49105577,"canPickup":true,"canDropoff":true,"openingstijden":{"za":"06:30 - 13:00, 15:30 - 19:30","zo":"gesloten","ma":"06:30 - 13:00, 15:30 - 19:30","di":"06:30 - 13:00, 15:30 - 19:30","wo":"06:30 - 13:00, 15:30 - 19:30","do":"06:30 - 13:00, 15:30 - 19:30","vr":"06:30 - 13:00, 15:30 - 19:30"}}},{"type":"Feature","geometry":{"type":"Point","coordinates":[10.53161339,43.87636222]},"properties":{"type":"pakketpunt","locatieNaam":"Tabaccheria N. 134","straatNaam":"Via Della Chiesa Di San Pietro A Vico","straatNr":"227","vervoerder":"PosteItaliane","puntType":"servicepunt","bezettingsgraad":50,"latitude":43.87636222,"longitude":10.53161339,"canPickup":true,"canDropoff":true,"openingstijden":{"za":"06:00 - 18:00","zo":"gesloten","ma":"06:00 - 19:00","di":"06:00 - 19:00","wo":"06:00 - 19:00","do":"06:00 - 19:00","vr":"06:00 - 19:00"}}},{"type":"Feature","geometry":{"type":"Point","coordinates":[10.47962829,43.84562891]},"properties":{"type":"pakketpunt","locatieNaam":"Tabaccheria N. 3","straatNaam":"Viale Giacomo Puccini","straatNr":"973","vervoerder":"PosteItaliane","puntType":"servicepunt","bezettingsgraad":50,"latitude":43.84562891,"longitude":10.47962829,"canPickup":true,"canDropoff":true,"openingstijden":{"za":"07:00 - 19:30","zo":"07:00 - 19:30","ma":"07:00 - 19:30","di":"07:00 - 19:30","wo":"07:00 - 19:30","do":"gesloten","vr":"07:00 - 19:30"}}},{"type":"Feature","geometry":{"type":"Point","coordinates":[10.49494661,43.84065823]},"properties":{"type":"pakketpunt","locatieNaam":"Kipoint Viale Giosue' Carducci","straatNaam":"Viale Giosue' Carducci","straatNr":"597","vervoerder":"PosteItaliane","puntType":"servicepunt","bezettingsgraad":50,"latitude":43.84065823,"longitude":10.49494661,"canPickup":true,"canDropoff":true,"openingstijden":{"za":"07:30 - 12:30","zo":"gesloten","ma":"07:30 - 13:00, 14:30 - 18:30","di":"07:30 - 13:00, 14:30 - 18:30","wo":"07:30 - 13:00, 14:30 - 18:30","do":"07:30 - 13:00, 14:30 - 18:30","vr":"07:30 - 13:00, 14:30 - 18:30"}}},{"type":"Feature","geometry":{"type":"Point","coordinates":[10.507383,43.853172]},"properties":{"type":"pakketpunt","locatieNaam":"Tabaccheria N. 63","straatNaam":"Via Borgo Giannotti","straatNr":"457","vervoerder":"PosteItaliane","puntType":"servicepunt","bezettingsgraad":50,"latitude":43.853172,"longitude":10.507383,"canPickup":true,"canDropoff":true,"openingstijden":{"za":"06:00 - 13:00, 15:30 - 19:30","zo":"gesloten","ma":"06:00 - 13:00, 15:30 - 19:30","di":"06:00 - 13:00, 15:30 - 19:30","wo":"06:00 - 13:00, 15:30 - 19:30","do":"06:00 - 13:00, 15:30 - 19:30","vr":"06:00 - 13:00, 15:30 - 19:30"}}},{"type":"Feature","geometry":{"type":"Point","coordinates":[10.45749751,43.77974106]},"properties":{"type":"pakketpunt","locatieNaam":"Tabaccheria N. 67","straatNaam":"Via Santa Maria Del Giudice","straatNr":"3615","vervoerder":"PosteItaliane","puntType":"servicepunt","bezettingsgraad":50,"latitude":43.77974106,"longitude":10.45749751,"canPickup":true,"canDropoff":true,"openingstijden":{"za":"08:00 - 12:00","zo":"gesloten","ma":"08:00 - 12:00, 15:30 - 19:00","di":"08:00 - 12:00, 15:30 - 19:00","wo":"08:00 - 12:00","do":"08:00 - 12:00, 15:30 - 19:00","vr":"08:00 - 12:00, 15:30 - 19:00"}}},{"type":"Feature","geometry":{"type":"Point","coordinates":[10.51630972,43.84370106]},"properties":{"type":"pakketpunt","locatieNaam":"Tabaccheria N. 100","straatNaam":"Viale Giovanni Pacini","straatNr":"11","vervoerder":"PosteItaliane","puntType":"servicepunt","bezettingsgraad":50,"latitude":43.84370106,"longitude":10.51630972,"canPickup":true,"canDropoff":true,"openingstijden":{"za":"04:00 - 15:00","zo":"gesloten","ma":"04:00 - 18:00","di":"04:00 - 18:00","wo":"04:00 - 18:00","do":"04:00 - 18:00","vr":"04:00 - 18:00"}}},{"type":"Feature","geometry":{"type":"Point","coordinates":[10.44065444,43.85653923]},"properties":{"type":"pakketpunt","locatieNaam":"Tabaccheria N. 14","straatNaam":"Via Sarzanese","straatNr":"2441","vervoerder":"PosteItaliane","puntType":"servicepunt","bezettingsgraad":50,"latitude":43.85653923,"longitude":10.44065444,"canPickup":true,"canDropoff":true,"openingstijden":{"za":"07:00 - 13:00","zo":"gesloten","ma":"07:00 - 13:00, 15:30 - 19:30","di":"07:00 - 13:00, 15:30 - 19:30","wo":"07:00 - 13:00, 15:30 - 19:30","do":"07:00 - 13:00, 15:30 - 19:30","vr":"07:00 - 13:00, 15:30 - 19:30"}}},{"type":"Feature","geometry":{"type":"Point","coordinates":[10.52376287,43.84840172]},"properties":{"type":"pakketpunt","locatieNaam":"Tabaccheria N. 153","straatNaam":"Viale Castruccio Castracani","straatNr":"831","vervoerder":"PosteItaliane","puntType":"servicepunt","bezettingsgraad":50,"latitude":43.84840172,"longitude":10.52376287,"canPickup":true,"canDropoff":true,"openingstijden":{"za":"06:30 - 13:00, 15:30 - 19:30","zo":"gesloten","ma":"06:30 - 13:00, 15:30 - 19:30","di":"06:30 - 13:00, 15:30 - 19:30","wo":"06:30 - 13:00, 15:30 - 19:30","do":"06:30 - 13:00, 15:30 - 19:30","vr":"06:30 - 13:00, 15:30 - 19:30"}}},{"type":"Feature","geometry":{"type":"Point","coordinates":[10.4165418,43.83615582]},"properties":{"type":"pakketpunt","locatieNaam":"Tabaccheria N. 74","straatNaam":"Via Di Nozzano Nuovo","straatNr":"202","vervoerder":"PosteItaliane","puntType":"servicepunt","bezettingsgraad":50,"latitude":43.83615582,"longitude":10.4165418,"canPickup":true,"canDropoff":true,"openingstijden":{"za":"06:00 - 23:00","zo":"gesloten","ma":"06:00 - 23:00","di":"06:00 - 23:00","wo":"06:00 - 23:00","do":"06:00 - 23:00","vr":"06:00 - 23:00"}}},{"type":"Feature","geometry":{"type":"Point","coordinates":[10.53968712,43.90157592]},"properties":{"type":"pakketpunt","locatieNaam":"Tabaccheria N. 77","straatNaam":"Via Della Chiesa Di Saltocchio","straatNr":"392","vervoerder":"PosteItaliane","puntType":"servicepunt","bezettingsgraad":50,"latitude":43.90157592,"longitude":10.53968712,"canPickup":true,"canDropoff":true,"openingstijden":{"za":"06:00 - 21:00","zo":"gesloten","ma":"06:00 - 20:00","di":"06:00 - 20:00","wo":"06:00 - 20:00","do":"06:00 - 20:00","vr":"06:00 - 21:00"}}},{"type":"Feature","geometry":{"type":"Point","coordinates":[10.50043124,43.84206087]},"properties":{"type":"pakketpunt","locatieNaam":"Tabaccheria N. 36","straatNaam":"Via Vittorio Emanuele Ii","straatNr":"40","vervoerder":"PosteItaliane","puntType":"servicepunt","bezettingsgraad":50,"latitude":43.84206087,"longitude":10.50043124,"canPickup":true,"canDropoff":true,"openingstijden":{"za":"07:00 - 13:00, 15:30 - 19:30","zo":"gesloten","ma":"07:00 - 13:00, 15:30 - 19:30","di":"07:00 - 13:00, 15:30 - 19:30","wo":"07:00 - 13:00, 15:30 - 19:30","do":"07:00 - 13:00, 15:30 - 19:30","vr":"07:00 - 13:00, 15:30 - 19:30"}}},{"type":"Feature","geometry":{"type":"Point","coordinates":[10.53393673,43.90835845]},"properties":{"type":"pakketpunt","locatieNaam":"Tabaccheria N. 32","straatNaam":"Via Della Stazione Di Ponte A Moriano","straatNr":"395","vervoerder":"PosteItaliane","puntType":"servicepunt","bezettingsgraad":50,"latitude":43.90835845,"longitude":10.53393673,"canPickup":true,"canDropoff":true,"openingstijden":{"za":"05:30 - 16:00","zo":"gesloten","ma":"05:30 - 19:00","di":"05:30 - 19:00","wo":"05:30 - 19:00","do":"05:30 - 19:00","vr":"05:30 - 19:00"}}},{"type":"Feature","geometry":{"type":"Point","coordinates":[10.51076033,43.84527836]},"properties":{"type":"pakketpunt","locatieNaam":"Tabaccheria N. 43","straatNaam":"Piazza San Francesco","straatNr":"21","vervoerder":"PosteItaliane","puntType":"servicepunt","bezettingsgraad":50,"latitude":43.84527836,"longitude":10.51076033,"canPickup":true,"canDropoff":true,"openingstijden":{"za":"06:00 - 20:00","zo":"06:00 - 20:00","ma":"06:00 - 20:00","di":"06:00 - 20:00","wo":"06:00 - 20:00","do":"06:00 - 20:00","vr":"06:00 - 20:00"}}},{"type":"Feature","geometry":{"type":"Point","coordinates":[10.5136134,43.85796407]},"properties":{"type":"pakketpunt","locatieNaam":"Stazione Di Servizio Eni","straatNaam":"Via Del Brennero","straatNr":"746","vervoerder":"PosteItaliane","puntType":"automaat","bezettingsgraad":50,"latitude":43.85796407,"longitude":10.5136134,"canPickup":true,"canDropoff":true,"openingstijden":{"za":"00:01 - 23:59","zo":"00:01 - 23:59","ma":"00:01 - 23:59","di":"00:01 - 23:59","wo":"00:01 - 23:59","do":"00:01 - 23:59","vr":"00:01 - 23:59"}}},{"type":"Feature","geometry":{"type":"Point","coordinates":[10.49133,43.81958]},"properties":{"type":"pakketpunt","locatieNaam":"Stazione Di Servizio Eni","straatNaam":"Via Nuova Per Pisa","straatNr":"144","vervoerder":"PosteItaliane","puntType":"automaat","bezettingsgraad":50,"latitude":43.81958,"longitude":10.49133,"canPickup":true,"canDropoff":true,"openingstijden":{"za":"00:01 - 23:59","zo":"00:01 - 23:59","ma":"00:01 - 23:59","di":"00:01 - 23:59","wo":"00:01 - 23:59","do":"00:01 - 23:59","vr":"00:01 - 23:59"}}},{"type":"Feature","geometry":{"type":"Point","coordinates":[10.50738015,43.84668033]},"properties":{"type":"pakketpunt","locatieNaam":"Tabaccheria N. 34","straatNaam":"Via Fillungo","straatNr":"225","vervoerder":"PosteItaliane","puntType":"servicepunt","bezettingsgraad":50,"latitude":43.84668033,"longitude":10.50738015,"canPickup":true,"canDropoff":true,"openingstijden":{"za":"08:30 - 13:00, 15:00 - 19:30","zo":"gesloten","ma":"08:30 - 13:00, 15:00 - 19:00","di":"08:30 - 13:00, 15:00 - 19:30","wo":"08:30 - 13:00, 15:00 - 19:30","do":"08:30 - 13:00, 15:00 - 19:30","vr":"08:30 - 13:00, 15:00 - 19:30"}}},{"type":"Feature","geometry":{"type":"Point","coordinates":[10.5203326,43.84123484]},"properties":{"type":"pakketpunt","locatieNaam":"Tabaccheria N. 24","straatNaam":"Via Mario Ingrillini","straatNr":"11","vervoerder":"PosteItaliane","puntType":"servicepunt","bezettingsgraad":50,"latitude":43.84123484,"longitude":10.5203326,"canPickup":true,"canDropoff":true,"openingstijden":{"za":"07:00 - 19:30","zo":"gesloten","ma":"07:00 - 19:30","di":"07:00 - 19:30","wo":"07:00 - 19:30","do":"07:00 - 19:30","vr":"07:00 - 19:30"}}},{"type":"Feature","geometry":{"type":"Point","coordinates":[10.49355771,43.8225002]},"properties":{"type":"pakketpunt","locatieNaam":"Incantagea","straatNaam":"Viale San Concordio","straatNr":"1791","vervoerder":"PosteItaliane","puntType":"servicepunt","bezettingsgraad":50,"latitude":43.8225002,"longitude":10.49355771,"canPickup":true,"canDropoff":true,"openingstijden":{"za":"09:00 - 12:30","zo":"gesloten","ma":"09:00 - 12:30, 16:00 - 19:00","di":"09:00 - 12:30, 16:00 - 19:00","wo":"09:00 - 12:30","do":"09:00 - 12:30, 16:00 - 19:00","vr":"09:00 - 12:30, 16:00 - 19:00"}}},{"type":"Feature","geometry":{"type":"Point","coordinates":[10.54766738,43.87166883]},"properties":{"type":"pakketpunt","locatieNaam":"Tabaccheria N. 64","straatNaam":"Via Delle Ville Nord","straatNr":"895/f","vervoerder":"PosteItaliane","puntType":"servicepunt","bezettingsgraad":50,"latitude":43.87166883,"longitude":10.54766738,"canPickup":true,"canDropoff":true,"openingstijden":{"za":"06:00 - 20:00","zo":"gesloten","ma":"06:00 - 20:00","di":"06:00 - 20:00","wo":"06:00 - 20:00","do":"06:00 - 20:00","vr":"06:00 - 20:00"}}},{"type":"Feature","geometry":{"type":"Point","coordinates":[10.50535555,43.83425207]},"properties":{"type":"pakketpunt","locatieNaam":"Tabaccheria N. 20","straatNaam":"Via Bonagiunta Urbiciani","straatNr":"286/290","vervoerder":"PosteItaliane","puntType":"servicepunt","bezettingsgraad":50,"latitude":43.83425207,"longitude":10.50535555,"canPickup":true,"canDropoff":true,"openingstijden":{"za":"06:00 - 23:00","zo":"gesloten","ma":"06:00 - 23:00","di":"06:00 - 23:00","wo":"06:00 - 23:00","do":"06:00 - 23:00","vr":"06:00 - 23:00"}}},{"type":"Feature","geometry":{"type":"Point","coordinates":[10.50846294,43.84717059]},"properties":{"type":"pakketpunt","locatieNaam":"Tabaccheria N. 47","straatNaam":"Via Michele Rosi","straatNr":"30","vervoerder":"PosteItaliane","puntType":"servicepunt","bezettingsgraad":50,"latitude":43.84717059,"longitude":10.50846294,"canPickup":true,"canDropoff":true,"openingstijden":{"za":"08:00 - 12:30, 15:30 - 19:30","zo":"gesloten","ma":"08:00 - 12:30, 15:30 - 19:30","di":"08:00 - 12:30, 15:30 - 19:30","wo":"08:00 - 12:30, 15:30 - 19:30","do":"08:00 - 12:30, 15:30 - 19:30","vr":"08:00 - 12:30, 15:30 - 19:30"}}},{"type":"Feature","geometry":{"type":"Point","coordinates":[10.45326774,43.9044263179]},"properties":{"type":"pakketpunt","locatieNaam":"Agraria Valfreddana","straatNaam":"VIA PER CAMAIORE","straatNr":"8113","vervoerder":"DPD","puntType":"pickup_point","bezettingsgraad":50,"latitude":43.9044263179,"longitude":10.45326774,"canPickup":true,"canDropoff":true,"openingstijden":{"ma":"07:30 - 12:30, 13:30 - 19:00","di":"07:30 - 12:30, 13:30 - 19:00","wo":"07:30 - 12:30, 13:30 - 19:00","do":"07:30 - 12:30, 13:30 - 19:00","vr":"07:30 - 12:30, 13:30 - 19:00","za":"07:30 - 13:00","zo":"gesloten"}}},{"type":"Feature","geometry":{"type":"Point","coordinates":[10.5020381,43.8386844]},"properties":{"type":"pakketpunt","locatieNaam":"Tabaccheria Edicola - Lucca","straatNaam":"VIA VITTORIO EMANUELE","straatNr":"40","vervoerder":"DPD","puntType":"pickup_point","bezettingsgraad":50,"latitude":43.8386844,"longitude":10.5020381,"canPickup":true,"canDropoff":true,"openingstijden":{"ma":"07:00 - 13:00, 15:30 - 19:30","di":"07:00 - 13:00, 15:30 - 19:30","wo":"07:00 - 13:00, 15:30 - 19:30","do":"07:00 - 13:00, 15:30 - 19:30","vr":"07:00 - 13:00, 15:30 - 19:30","za":"07:00 - 13:00, 15:30 - 19:30","zo":"gesloten"}}},{"type":"Feature","geometry":{"type":"Point","coordinates":[10.5017365,43.8352172]},"properties":{"type":"pakketpunt","locatieNaam":"Personalizzando.com","straatNaam":"PIAZZA ALDO MORO","straatNr":"11","vervoerder":"DPD","puntType":"pickup_point","bezettingsgraad":50,"latitude":43.8352172,"longitude":10.5017365,"canPickup":true,"canDropoff":true,"openingstijden":{"ma":"09:00 - 13:00, 15:00 - 19:00","di":"09:00 - 13:00, 15:00 - 19:00","wo":"09:00 - 13:00, 15:00 - 19:00","do":"09:00 - 13:00, 15:00 - 19:00","vr":"09:00 - 13:00, 15:00 - 19:00","za":"gesloten","zo":"gesloten"}}},{"type":"Feature","geometry":{"type":"Point","coordinates":[10.5191339,43.8565293]},"properties":{"type":"pakketpunt","locatieNaam":"Parafarmacia I Girasoli Erboristeri","straatNaam":"VIA DELLE VILLE PRIMA","straatNr":"645","vervoerder":"DPD","puntType":"pickup_point","bezettingsgraad":50,"latitude":43.8565293,"longitude":10.5191339,"canPickup":true,"canDropoff":true,"openingstijden":{"ma":"09:00 - 13:00, 15:30 - 19:30","di":"09:00 - 13:00, 15:30 - 19:30","wo":"09:00 - 13:00, 15:30 - 19:30","do":"09:00 - 13:00, 15:30 - 19:30","vr":"09:00 - 13:00, 15:30 - 19:30","za":"09:00 - 13:00, 15:30 - 19:30","zo":"gesloten"}}},{"type":"Feature","geometry":{"type":"Point","coordinates":[10.50762496,43.85288373]},"properties":{"type":"pakketpunt","locatieNaam":"Smokin City Lucca","straatNaam":"VIA BORGO GIANNOTTI","straatNr":"426","vervoerder":"DPD","puntType":"pickup_point","bezettingsgraad":50,"latitude":43.85288373,"longitude":10.50762496,"canPickup":true,"canDropoff":true,"openingstijden":{"ma":"09:00 - 20:00","di":"09:00 - 20:00","wo":"09:00 - 20:00","do":"09:00 - 20:00","vr":"09:00 - 20:00","za":"09:00 - 20:00","zo":"gesloten"}}},{"type":"Feature","geometry":{"type":"Point","coordinates":[10.50318687,43.84339932]},"properties":{"type":"pakketpunt","locatieNaam":"Primula 47 Srl","straatNaam":"VIA SANTA LUCIA","straatNr":"26","vervoerder":"DPD","puntType":"pickup_point","bezettingsgraad":50,"latitude":43.84339932,"longitude":10.50318687,"canPickup":true,"canDropoff":true,"openingstijden":{"ma":"09:30 - 18:30","di":"09:30 - 18:30","wo":"09:30 - 18:30","do":"09:30 - 18:30","vr":"09:30 - 18:30","za":"09:30 - 13:00","zo":"gesloten"}}},{"type":"Feature","geometry":{"type":"Point","coordinates":[10.524978,43.8474654]},"properties":{"type":"pakketpunt","locatieNaam":"Smokin City Lucca 2","straatNaam":"VIA DANTE ALIGHIERI","straatNr":"168","vervoerder":"DPD","puntType":"pickup_point","bezettingsgraad":50,"latitude":43.8474654,"longitude":10.524978,"canPickup":true,"canDropoff":true,"openingstijden":{"ma":"09:00 - 20:00","di":"09:00 - 20:00","wo":"09:00 - 20:00","do":"09:00 - 20:00","vr":"09:00 - 20:00","za":"09:00 - 20:00","zo":"gesloten"}}},{"type":"Feature","geometry":{"type":"Point","coordinates":[10.52039354,43.84113198]},"properties":{"type":"pakketpunt","locatieNaam":"Tabaccheria n.24 di Trapani I.","straatNaam":"VIA M. INGRILLINI","straatNr":"1","vervoerder":"DPD","puntType":"pickup_point","bezettingsgraad":50,"latitude":43.84113198,"longitude":10.52039354,"canPickup":true,"canDropoff":true,"openingstijden":{"ma":"07:00 - 20:00","di":"07:00 - 20:00","wo":"07:00 - 20:00","do":"07:00 - 20:00","vr":"07:00 - 20:00","za":"07:00 - 20:00","zo":"gesloten"}}},{"type":"Feature","geometry":{"type":"Point","coordinates":[10.49367387,43.82257284]},"properties":{"type":"pakketpunt","locatieNaam":"Incantagea","straatNaam":"VIALE S. CONCORDIO","straatNr":"1791","vervoerder":"DPD","puntType":"pickup_point","bezettingsgraad":50,"latitude":43.82257284,"longitude":10.49367387,"canPickup":true,"canDropoff":true,"openingstijden":{"ma":"09:00 - 12:45, 16:00 - 19:30","di":"09:00 - 12:45, 16:00 - 19:30","wo":"09:00 - 12:45, 16:00 - 19:30","do":"09:00 - 12:45, 16:00 - 19:30","vr":"09:00 - 12:45, 16:00 - 19:30","za":"09:00 - 12:45, 16:00 - 19:30","zo":"gesloten"}}},{"type":"Feature","geometry":{"type":"Point","coordinates":[10.4868083,43.8439345]},"properties":{"type":"pakketpunt","locatieNaam":"Il Tabaccaio Matto","straatNaam":"VIA G. PUCCINI","straatNr":"375","vervoerder":"DPD","puntType":"pickup_point","bezettingsgraad":50,"latitude":43.8439345,"longitude":10.4868083,"canPickup":true,"canDropoff":true,"openingstijden":{"ma":"07:00 - 13:00, 15:30 - 19:30","di":"07:00 - 13:00, 15:30 - 19:30","wo":"07:00 - 13:00, 15:30 - 19:30","do":"07:00 - 13:00, 15:30 - 19:30","vr":"07:00 - 13:00, 15:30 - 19:30","za":"07:00 - 13:00, 15:30 - 19:30","zo":"gesloten"}}},{"type":"Feature","geometry":{"type":"Point","coordinates":[10.496691,43.848224]},"properties":{"type":"pakketpunt","locatieNaam":"BRT LOCKER - Le Mura Lucca Viale Ca","straatNaam":"VIALE CARLO DEL PRETE","straatNr":"347","vervoerder":"DPD","puntType":"dpd_box","bezettingsgraad":50,"latitude":43.848224,"longitude":10.496691,"canPickup":true,"canDropoff":true,"openingstijden":{"ma":"00:00 - 23:45","di":"00:00 - 23:45","wo":"00:00 - 23:45","do":"00:00 - 23:45","vr":"00:00 - 23:45","za":"00:00 - 23:45","zo":"00:00 - 23:45"}}},{"type":"Feature","geometry":{"type":"Point","coordinates":[10.50518584,43.8426452]},"properties":{"type":"pakketpunt","locatieNaam":"Tabaccheria Santa Croce","straatNaam":"VIA SANTA CROCE","straatNr":"37","vervoerder":"DPD","puntType":"pickup_point","bezettingsgraad":50,"latitude":43.8426452,"longitude":10.50518584,"canPickup":true,"canDropoff":true,"openingstijden":{"ma":"09:00 - 20:00","di":"09:00 - 20:00","wo":"09:00 - 20:00","do":"09:00 - 20:00","vr":"09:00 - 20:00","za":"09:00 - 20:00","zo":"gesloten"}}},{"type":"Feature","geometry":{"type":"Point","coordinates":[10.440628,43.856583]},"properties":{"type":"pakketpunt","locatieNaam":"Le Cose per Te","straatNaam":"VIA SARZANESE","straatNr":"2441","vervoerder":"DPD","puntType":"pickup_point","bezettingsgraad":50,"latitude":43.856583,"longitude":10.440628,"canPickup":true,"canDropoff":true,"openingstijden":{"ma":"07:00 - 13:00, 15:30 - 19:30","di":"07:00 - 13:00, 15:30 - 19:30","wo":"07:00 - 13:00, 15:30 - 19:30","do":"07:00 - 13:00, 15:30 - 19:30","vr":"07:00 - 13:00, 15:30 - 19:30","za":"07:00 - 13:00, 15:30 - 19:30","zo":"gesloten"}}},{"type":"Feature","geometry":{"type":"Point","coordinates":[10.521362,43.858402]},"properties":{"type":"pakketpunt","locatieNaam":"BRT LOCKER - Lavanderia SC Via Vill","straatNaam":"VIA DELLE VILLE PRIMA","straatNr":"895","vervoerder":"DPD","puntType":"dpd_box","bezettingsgraad":50,"latitude":43.858402,"longitude":10.521362,"canPickup":true,"canDropoff":true,"openingstijden":{"ma":"06:00 - 23:45","di":"06:00 - 23:45","wo":"06:00 - 23:45","do":"06:00 - 23:45","vr":"06:00 - 23:45","za":"06:00 - 23:45","zo":"06:00 - 23:45"}}},{"type":"Feature","geometry":{"type":"Point","coordinates":[10.558528,43.841059]},"properties":{"type":"pakketpunt","locatieNaam":"BRT LOCKER - Il Rustichetto Via Rom","straatNaam":"VIA ROMANA","straatNr":"","vervoerder":"DPD","puntType":"dpd_box","bezettingsgraad":50,"latitude":43.841059,"longitude":10.558528,"canPickup":true,"canDropoff":true,"openingstijden":{"ma":"00:00 - 23:45","di":"00:00 - 23:45","wo":"00:00 - 23:45","do":"00:00 - 23:45","vr":"00:00 - 23:45","za":"00:00 - 23:45","zo":"00:00 - 23:45"}}},{"type":"Feature","geometry":{"type":"Point","coordinates":[10.5306255,43.8448999]},"properties":{"type":"pakketpunt","locatieNaam":"Minimarket Chifenti","straatNaam":"VIA ROMANA","straatNr":"991","vervoerder":"DPD","puntType":"pickup_point","bezettingsgraad":50,"latitude":43.8448999,"longitude":10.5306255,"canPickup":true,"canDropoff":true,"openingstijden":{"ma":"07:00 - 14:30, 16:00 - 20:00","di":"07:00 - 14:30, 16:00 - 20:00","wo":"07:00 - 14:30, 16:00 - 20:00","do":"07:00 - 14:30, 16:00 - 20:00","vr":"07:00 - 14:30, 16:00 - 20:00","za":"07:00 - 14:30, 16:00 - 20:00","zo":"gesloten"}}},{"type":"Feature","geometry":{"type":"Point","coordinates":[10.4896825,43.8435679]},"properties":{"type":"pakketpunt","locatieNaam":"Parabi","straatNaam":"VIA C. BONAMICI","straatNr":"450","vervoerder":"DPD","puntType":"pickup_point","bezettingsgraad":50,"latitude":43.8435679,"longitude":10.4896825,"canPickup":true,"canDropoff":true,"openingstijden":{"ma":"09:00 - 13:00, 15:00 - 19:30","di":"09:00 - 13:00, 15:00 - 19:30","wo":"09:00 - 13:00, 15:00 - 19:30","do":"09:00 - 13:00, 15:00 - 19:30","vr":"09:00 - 13:00, 15:00 - 19:30","za":"09:00 - 13:00, 15:00 - 19:30","zo":"gesloten"}}},{"type":"Feature","geometry":{"type":"Point","coordinates":[10.5290615,43.910215]},"properties":{"type":"pakketpunt","locatieNaam":"Tabaccheria Orlandi Giancarlo","straatNaam":"VIA NAZIONALE","straatNr":"1054","vervoerder":"DPD","puntType":"pickup_point","bezettingsgraad":50,"latitude":43.910215,"longitude":10.5290615,"canPickup":true,"canDropoff":true,"openingstijden":{"ma":"07:00 - 13:00","di":"07:00 - 13:00, 16:00 - 19:30","wo":"07:00 - 13:00, 16:00 - 19:30","do":"07:00 - 13:00, 16:00 - 19:30","vr":"07:00 - 13:00, 16:00 - 19:30","za":"07:00 - 13:00","zo":"07:00 - 12:00"}}},{"type":"Feature","geometry":{"type":"Point","coordinates":[10.505675,43.844835]},"properties":{"type":"pakketpunt","locatieNaam":"BRT LOCKER - Lavagettone Lucca via","straatNaam":"VIA S.ZITA","straatNr":"5","vervoerder":"DPD","puntType":"dpd_box","bezettingsgraad":50,"latitude":43.844835,"longitude":10.505675,"canPickup":true,"canDropoff":true,"openingstijden":{"ma":"07:00 - 23:00","di":"07:00 - 23:00","wo":"07:00 - 23:00","do":"07:00 - 23:00","vr":"07:00 - 23:00","za":"07:00 - 23:00","zo":"07:00 - 23:00"}}},{"type":"Feature","geometry":{"type":"Point","coordinates":[10.536539,43.838507]},"properties":{"type":"pakketpunt","locatieNaam":"BRT LOCKER - Casa&te via di Tiglio","straatNaam":"VIA DI TIGLIO","straatNr":"1893","vervoerder":"DPD","puntType":"dpd_box","bezettingsgraad":50,"latitude":43.838507,"longitude":10.536539,"canPickup":true,"canDropoff":true,"openingstijden":{"ma":"08:30 - 20:00","di":"08:30 - 20:00","wo":"08:30 - 20:00","do":"08:30 - 20:00","vr":"08:30 - 20:00","za":"08:30 - 20:00","zo":"08:30 - 20:00"}}},{"type":"Feature","geometry":{"type":"Point","coordinates":[10.5078436,43.8474413]},"properties":{"type":"pakketpunt","locatieNaam":"Foto Mario di Rivieri Silvia","straatNaam":"PIAZZA S. MARIA","straatNr":"19","vervoerder":"DPD","puntType":"pickup_point","bezettingsgraad":50,"latitude":43.8474413,"longitude":10.5078436,"canPickup":true,"canDropoff":true,"openingstijden":{"ma":"09:30 - 13:00, 15:30 - 19:30","di":"09:30 - 13:00, 15:30 - 19:30","wo":"09:30 - 13:00, 15:30 - 19:30","do":"09:30 - 13:00, 15:30 - 19:30","vr":"09:30 - 13:00, 15:30 - 19:30","za":"09:30 - 13:00, 15:30 - 19:30","zo":"gesloten"}}},{"type":"Feature","geometry":{"type":"Point","coordinates":[10.50328,43.82546]},"properties":{"type":"pakketpunt","locatieNaam":"InPost Locker","straatNaam":"Via di Vitricaia","straatNr":"241","vervoerder":"InPost","puntType":"automaat","bezettingsgraad":50,"latitude":43.82546,"longitude":10.50328,"canPickup":true,"canDropoff":true,"openingstijden":null}},{"type":"Feature","geometry":{"type":"Point","coordinates":[10.53359,43.85156]},"properties":{"type":"pakketpunt","locatieNaam":"InPost Locker 24/7","straatNaam":"Via Pesciatina","straatNr":"","vervoerder":"InPost","puntType":"automaat","bezettingsgraad":50,"latitude":43.85156,"longitude":10.53359,"canPickup":true,"canDropoff":true,"openingstijden":null}},{"type":"Feature","geometry":{"type":"Point","coordinates":[10.51385,43.85781]},"properties":{"type":"pakketpunt","locatieNaam":"InPost Locker 24/7","straatNaam":"Via del Brennero","straatNr":"746","vervoerder":"InPost","puntType":"automaat","bezettingsgraad":50,"latitude":43.85781,"longitude":10.51385,"canPickup":true,"canDropoff":true,"openingstijden":null}},{"type":"Feature","geometry":{"type":"Point","coordinates":[10.49161,43.82009]},"properties":{"type":"pakketpunt","locatieNaam":"InPost Locker 24/7","straatNaam":"Via Nuova Per Pisa","straatNr":"144","vervoerder":"InPost","puntType":"automaat","bezettingsgraad":50,"latitude":43.82009,"longitude":10.49161,"canPickup":true,"canDropoff":true,"openingstijden":null}},{"type":"Feature","geometry":{"type":"Point","coordinates":[10.48292,43.84]},"properties":{"type":"pakketpunt","locatieNaam":"InPost Locker 24/7","straatNaam":"Via Luporini","straatNr":"snc","vervoerder":"InPost","puntType":"automaat","bezettingsgraad":50,"latitude":43.84,"longitude":10.48292,"canPickup":true,"canDropoff":true,"openingstijden":null}},{"type":"Feature","geometry":{"type":"Point","coordinates":[10.53422,43.90411]},"properties":{"type":"pakketpunt","locatieNaam":"InPost Locker 24/7","straatNaam":"Via Del Brennero - Fraz. Ponte a Moriano","straatNr":"Snc","vervoerder":"InPost","puntType":"automaat","bezettingsgraad":50,"latitude":43.90411,"longitude":10.53422,"canPickup":true,"canDropoff":true,"openingstijden":null}},{"type":"Feature","geometry":{"type":"Point","coordinates":[10.50929,43.86399]},"properties":{"type":"pakketpunt","locatieNaam":"InPost Locker 24/7","straatNaam":"Via Di Camaiore","straatNr":"1110","vervoerder":"InPost","puntType":"automaat","bezettingsgraad":50,"latitude":43.86399,"longitude":10.50929,"canPickup":true,"canDropoff":true,"openingstijden":null}},{"type":"Feature","geometry":{"type":"Point","coordinates":[10.50953,43.85013]},"properties":{"type":"pakketpunt","locatieNaam":"InPost Locker 24/7","straatNaam":"Viale Marti","straatNr":"43","vervoerder":"InPost","puntType":"automaat","bezettingsgraad":50,"latitude":43.85013,"longitude":10.50953,"canPickup":true,"canDropoff":true,"openingstijden":null}},{"type":"Feature","geometry":{"type":"Point","coordinates":[10.55264,43.84208]},"properties":{"type":"pakketpunt","locatieNaam":"InPost Locker 24/7","straatNaam":"Strada Provinciale Romana","straatNr":"snc","vervoerder":"InPost","puntType":"automaat","bezettingsgraad":50,"latitude":43.84208,"longitude":10.55264,"canPickup":true,"canDropoff":true,"openingstijden":null}},{"type":"Feature","geometry":{"type":"Point","coordinates":[10.53949,43.85238]},"properties":{"type":"pakketpunt","locatieNaam":"InPost Locker 24/7","straatNaam":"Via Pesciatina","straatNr":"snc","vervoerder":"InPost","puntType":"automaat","bezettingsgraad":50,"latitude":43.85238,"longitude":10.53949,"canPickup":true,"canDropoff":true,"openingstijden":null}},{"type":"Feature","geometry":{"type":"Point","coordinates":[10.48864,43.84192]},"properties":{"type":"pakketpunt","locatieNaam":"LUCCA","straatNaam":"Via Pisana Vecchia Loc. Sant'Anna","straatNr":"3","vervoerder":"InPost","puntType":"automaat","bezettingsgraad":50,"latitude":43.84192,"longitude":10.48864,"canPickup":true,"canDropoff":true,"openingstijden":"24/7"}},{"type":"Feature","geometry":{"type":"Point","coordinates":[10.495,43.84474]},"properties":{"type":"pakketpunt","locatieNaam":"InPost Locker 24/7","straatNaam":"Viale Lazzaro Papi  Frazione San Donato","straatNr":"268","vervoerder":"InPost","puntType":"automaat","bezettingsgraad":50,"latitude":43.84474,"longitude":10.495,"canPickup":true,"canDropoff":true,"openingstijden":null}},{"type":"Feature","geometry":{"type":"Point","coordinates":[10.47259,43.84682]},"properties":{"type":"pakketpunt","locatieNaam":"InPost Locker 24/7","straatNaam":"Viale Puccini","straatNr":"1561","vervoerder":"InPost","puntType":"automaat","bezettingsgraad":50,"latitude":43.84682,"longitude":10.47259,"canPickup":true,"canDropoff":true,"openingstijden":null}},{"type":"Feature","geometry":{"type":"Point","coordinates":[10.51966,43.84234]},"properties":{"type":"pakketpunt","locatieNaam":"InPost Locker 24/7","straatNaam":"Via Di Tiglio","straatNr":"305","vervoerder":"InPost","puntType":"automaat","bezettingsgraad":50,"latitude":43.84234,"longitude":10.51966,"canPickup":true,"canDropoff":true,"openingstijden":null}},{"type":"Feature","geometry":{"type":"Point","coordinates":[10.51565,43.84795]},"properties":{"type":"pakketpunt","locatieNaam":"InPost Locker 24/7","straatNaam":"Viale Guglielmo Marconi","straatNr":"183","vervoerder":"InPost","puntType":"automaat","bezettingsgraad":50,"latitude":43.84795,"longitude":10.51565,"canPickup":true,"canDropoff":true,"openingstijden":null}},{"type":"Feature","geometry":{"type":"Point","coordinates":[10.50517,43.84286]},"properties":{"type":"pakketpunt","locatieNaam":"InPost Point","straatNaam":"Via Santa Croce","straatNr":"37","vervoerder":"InPost","puntType":"servicepunt","bezettingsgraad":50,"latitude":43.84286,"longitude":10.50517,"canPickup":true,"canDropoff":true,"openingstijden":"Lun-Ven: 09:00 - 20:00 Sab: 10:00 - 20:00"}},{"type":"Feature","geometry":{"type":"Point","coordinates":[10.44051,43.85667]},"properties":{"type":"pakketpunt","locatieNaam":"InPost Point","straatNaam":"Via Sarzanese","straatNr":"2441","vervoerder":"InPost","puntType":"servicepunt","bezettingsgraad":50,"latitude":43.85667,"longitude":10.44051,"canPickup":true,"canDropoff":true,"openingstijden":"Lun-Sab: 07:00 - 13:00 - 15:30 - 19:30"}},{"type":"Feature","geometry":{"type":"Point","coordinates":[10.52008,43.84127]},"properties":{"type":"pakketpunt","locatieNaam":"InPost Point","straatNaam":"Via Mario Ingrillini","straatNr":"1","vervoerder":"InPost","puntType":"servicepunt","bezettingsgraad":50,"latitude":43.84127,"longitude":10.52008,"canPickup":true,"canDropoff":true,"openingstijden":"Lun-Sab: 07:00 - 20:00"}},{"type":"Feature","geometry":{"type":"Point","coordinates":[10.503202,43.843414]},"properties":{"type":"pakketpunt","locatieNaam":"PRIMULA VERDE","straatNaam":"Via Santa Lucia","straatNr":"27","vervoerder":"GLS","puntType":"parcel_shop","bezettingsgraad":50,"latitude":43.843414,"longitude":10.503202,"canPickup":true,"canDropoff":true,"openingstijden":"za: 09:30 - 13:30, 14:30 - 18:30; ma: 09:00 - 13:30, 14:30 - 18:30"}},{"type":"Feature","geometry":{"type":"Point","coordinates":[10.5188457084,43.8461784868]},"properties":{"type":"pakketpunt","locatieNaam":"TIARE'","straatNaam":"Via Nicola Barbantini","straatNr":"84","vervoerder":"GLS","puntType":"parcel_shop","bezettingsgraad":50,"latitude":43.8461784868,"longitude":10.5188457084,"canPickup":true,"canDropoff":true,"openingstijden":"za: 10:00 - 13:00, 16:00 - 19:30; ma: 16:00 - 19:30"}},{"type":"Feature","geometry":{"type":"Point","coordinates":[10.4968861,43.8296565]},"properties":{"type":"pakketpunt","locatieNaam":"INCANTAGEA","straatNaam":"Viale San Concordio Lu S1","straatNr":"1791","vervoerder":"GLS","puntType":"parcel_shop","bezettingsgraad":50,"latitude":43.8296565,"longitude":10.4968861,"canPickup":true,"canDropoff":true,"openingstijden":"za: 09:00 - 12:30; ma: 09:00 - 12:30, 16:00 - 19:00"}},{"type":"Feature","geometry":{"type":"Point","coordinates":[10.5062179,43.8375044]},"properties":{"type":"pakketpunt","locatieNaam":"Edicole della stazione","straatNaam":"Piazzale Bettino Ricasoli","straatNr":"127","vervoerder":"GLS","puntType":"parcel_shop","bezettingsgraad":50,"latitude":43.8375044,"longitude":10.5062179,"canPickup":true,"canDropoff":true,"openingstijden":"za: 07:00 - 17:00; ma: 07:00 - 17:00"}},{"type":"Feature","geometry":{"type":"Point","coordinates":[10.5003854,43.842029]},"properties":{"type":"pakketpunt","locatieNaam":"Tabaccheria Cordiano","straatNaam":"Via Vittorio Emanuele","straatNr":"40","vervoerder":"GLS","puntType":"parcel_shop","bezettingsgraad":50,"latitude":43.842029,"longitude":10.5003854,"canPickup":true,"canDropoff":true,"openingstijden":"za: 06:30 - 13:00, 15:30 - 19:00; ma: 06:30 - 13:00, 15:30 - 19:00"}},{"type":"Feature","geometry":{"type":"Point","coordinates":[10.5036129,43.8434247]},"properties":{"type":"pakketpunt","locatieNaam":"DeFeliceBags","straatNaam":"Chiasso Barletti","straatNr":"16","vervoerder":"GLS","puntType":"parcel_shop","bezettingsgraad":50,"latitude":43.8434247,"longitude":10.5036129,"canPickup":true,"canDropoff":true,"openingstijden":"za: 10:00 - 13:30, 14:30 - 18:30; ma: 10:00 - 13:30, 14:30 - 18:30"}},{"type":"Feature","geometry":{"type":"Point","coordinates":[10.4896825,43.8435679]},"properties":{"type":"pakketpunt","locatieNaam":"PARABI COSMETICI INTEGRATORI E PULIZIA DELLA CASA","straatNaam":"Via Castruccio Buonamici","straatNr":"450","vervoerder":"GLS","puntType":"parcel_shop","bezettingsgraad":50,"latitude":43.8435679,"longitude":10.4896825,"canPickup":true,"canDropoff":true,"openingstijden":"za: 09:00 - 13:00, 15:00 - 19:30; ma: 09:00 - 13:00, 15:00 - 19:30"}},{"type":"Feature","geometry":{"type":"Point","coordinates":[10.5306255,43.8448999]},"properties":{"type":"pakketpunt","locatieNaam":"MINIMARKET TABACCHI CHIFENTI","straatNaam":"Via Romana","straatNr":"991","vervoerder":"GLS","puntType":"parcel_shop","bezettingsgraad":50,"latitude":43.8448999,"longitude":10.5306255,"canPickup":true,"canDropoff":true,"openingstijden":"za: 07:00 - 14:30, 16:00 - 20:00; ma: 07:00 - 14:30, 16:00 - 20:00"}},{"type":"Feature","geometry":{"type":"Point","coordinates":[10.524978,43.8474654]},"properties":{"type":"pakketpunt","locatieNaam":"Smokin City Lucca","straatNaam":"Via Dante Alighieri","straatNr":"168","vervoerder":"GLS","puntType":"parcel_shop","bezettingsgraad":50,"latitude":43.8474654,"longitude":10.524978,"canPickup":true,"canDropoff":true,"openingstijden":"za: 09:00 - 20:00; ma: 09:00 - 20:00"}},{"type":"Feature","geometry":{"type":"Point","coordinates":[10.5068637,43.8517367]},"properties":{"type":"pakketpunt","locatieNaam":"parabi cosmetici integratori e puliza della casa","straatNaam":"Piazza Della Croce","straatNr":"59","vervoerder":"GLS","puntType":"parcel_shop","bezettingsgraad":50,"latitude":43.8517367,"longitude":10.5068637,"canPickup":true,"canDropoff":true,"openingstijden":"za: 08:30 - 13:00, 15:30 - 19:30; ma: 08:30 - 13:00, 15:30 - 19:30"}},{"type":"Feature","geometry":{"type":"Point","coordinates":[10.4991649,43.871182]},"properties":{"type":"pakketpunt","locatieNaam":"Edicola La Coccinella","straatNaam":"Via Per Camaiore","straatNr":"15","vervoerder":"GLS","puntType":"parcel_shop","bezettingsgraad":50,"latitude":43.871182,"longitude":10.4991649,"canPickup":true,"canDropoff":true,"openingstijden":"za: 07:00 - 12:00; ma: 07:00 - 13:00, 16:00 - 19:30"}},{"type":"Feature","geometry":{"type":"Point","coordinates":[10.4991649,43.871182]},"properties":{"type":"pakketpunt","locatieNaam":"AGRARIA VALFREDDANA","straatNaam":"Via Per Camaiore","straatNr":"8113","vervoerder":"GLS","puntType":"parcel_shop","bezettingsgraad":50,"latitude":43.871182,"longitude":10.4991649,"canPickup":true,"canDropoff":true,"openingstijden":"za: 07:30 - 12:30, 14:30 - 18:30; ma: 07:30 - 12:30, 13:30 - 18:30"}},{"type":"Feature","geometry":{"type":"Point","coordinates":[10.392449,43.831957]},"properties":{"type":"pakketpunt","locatieNaam":"Ufficio Postale NOZZANO","straatNaam":"VIA DI BALBANO SNC1","straatNr":"","vervoerder":"DHL","puntType":"postOffice","bezettingsgraad":50,"latitude":43.831957,"longitude":10.392449,"canPickup":true,"canDropoff":true,"openingstijden":{"ma":"08:20 - 13:35","di":"08:20 - 13:35","wo":"08:20 - 13:35","do":"08:20 - 13:35","vr":"08:20 - 13:35","za":"08:20 - 12:35","zo":"gesloten"}}},{"type":"Feature","geometry":{"type":"Point","coordinates":[10.416542,43.836156]},"properties":{"type":"pakketpunt","locatieNaam":"TABACCHERIA N. 74","straatNaam":"VIA DI NOZZANO NUOVO 202","straatNr":"","vervoerder":"DHL","puntType":"parcelShop","bezettingsgraad":50,"latitude":43.836156,"longitude":10.416542,"canPickup":true,"canDropoff":true,"openingstijden":{"ma":"06:00 - 23:00","di":"06:00 - 23:00","wo":"06:00 - 23:00","do":"06:00 - 23:00","vr":"06:00 - 23:00","za":"06:00 - 23:00","zo":"gesloten"}}},{"type":"Feature","geometry":{"type":"Point","coordinates":[10.419549,43.85687]},"properties":{"type":"pakketpunt","locatieNaam":"TABACCHERIA N. 69","straatNaam":"VIA SARZANESE 4147","straatNr":"","vervoerder":"DHL","puntType":"parcelShop","bezettingsgraad":50,"latitude":43.85687,"longitude":10.419549,"canPickup":true,"canDropoff":true,"openingstijden":{"ma":"07:00 - 23:00","di":"07:00 - 23:00","wo":"07:00 - 23:00","do":"07:00 - 23:00","vr":"07:00 - 23:00","za":"07:00 - 23:00","zo":"gesloten"}}},{"type":"Feature","geometry":{"type":"Point","coordinates":[10.419699,43.856879]},"properties":{"type":"pakketpunt","locatieNaam":"Ufficio Postale MAGGIANO","straatNaam":"VIA SARZANESE 4143","straatNr":"","vervoerder":"DHL","puntType":"postOffice","bezettingsgraad":50,"latitude":43.856879,"longitude":10.419699,"canPickup":true,"canDropoff":true,"openingstijden":{"ma":"08:20 - 13:45","di":"08:20 - 13:45","wo":"08:20 - 13:45","do":"08:20 - 13:45","vr":"08:20 - 13:45","za":"08:20 - 12:45","zo":"gesloten"}}},{"type":"Feature","geometry":{"type":"Point","coordinates":[10.446223,43.839634]},"properties":{"type":"pakketpunt","locatieNaam":"Ufficio Postale MONTUOLO","straatNaam":"VIA PISANA 3872","straatNr":"","vervoerder":"DHL","puntType":"postOffice","bezettingsgraad":50,"latitude":43.839634,"longitude":10.446223,"canPickup":true,"canDropoff":true,"openingstijden":{"ma":"08:20 - 13:45","di":"08:20 - 13:45","wo":"08:20 - 13:45","do":"08:20 - 13:45","vr":"08:20 - 13:45","za":"08:20 - 12:45","zo":"gesloten"}}},{"type":"Feature","geometry":{"type":"Point","coordinates":[10.440654,43.856539]},"properties":{"type":"pakketpunt","locatieNaam":"TABACCHERIA N. 14","straatNaam":"VIA SARZANESE 2441","straatNr":"","vervoerder":"DHL","puntType":"parcelShop","bezettingsgraad":50,"latitude":43.856539,"longitude":10.440654,"canPickup":true,"canDropoff":true,"openingstijden":{"ma":"07:00 - 13:00, 15:30 - 19:30","di":"07:00 - 13:00, 15:30 - 19:30","wo":"07:00 - 13:00, 15:30 - 19:30","do":"07:00 - 13:00, 15:30 - 19:30","vr":"07:00 - 13:00, 15:30 - 19:30","za":"07:00 - 13:00","zo":"gesloten"}}},{"type":"Feature","geometry":{"type":"Point","coordinates":[10.453848,43.851403]},"properties":{"type":"pakketpunt","locatieNaam":"Ufficio Postale PONTE SAN PIETRO","straatNaam":"VIA SARZANESE 1177","straatNr":"","vervoerder":"DHL","puntType":"postOffice","bezettingsgraad":50,"latitude":43.851403,"longitude":10.453848,"canPickup":true,"canDropoff":true,"openingstijden":{"ma":"08:20 - 13:45","di":"08:20 - 13:45","wo":"08:20 - 13:45","do":"08:20 - 13:45","vr":"08:20 - 13:45","za":"08:20 - 12:45","zo":"gesloten"}}},{"type":"Feature","geometry":{"type":"Point","coordinates":[10.457127,43.779552]},"properties":{"type":"pakketpunt","locatieNaam":"Ufficio Postale SANTA MARIA DEL GIU","straatNaam":"VIA VENTIQUATTRO MAGGIO 9","straatNr":"","vervoerder":"DHL","puntType":"postOffice","bezettingsgraad":50,"latitude":43.779552,"longitude":10.457127,"canPickup":true,"canDropoff":true,"openingstijden":{"ma":"08:20 - 13:45","di":"08:20 - 13:45","wo":"08:20 - 13:45","do":"08:20 - 13:45","vr":"08:20 - 13:45","za":"08:20 - 12:45","zo":"gesloten"}}},{"type":"Feature","geometry":{"type":"Point","coordinates":[10.457498,43.779741]},"properties":{"type":"pakketpunt","locatieNaam":"TABACCHERIA N. 67","straatNaam":"VIA SANTA MARIA DEL GIUDICE 3615","straatNr":"","vervoerder":"DHL","puntType":"parcelShop","bezettingsgraad":50,"latitude":43.779741,"longitude":10.457498,"canPickup":true,"canDropoff":true,"openingstijden":{"ma":"08:00 - 12:00, 15:30 - 19:00","di":"08:00 - 12:00, 15:30 - 19:00","wo":"08:00 - 12:00","do":"08:00 - 12:00, 15:30 - 19:00","vr":"08:00 - 12:00, 15:30 - 19:00","za":"08:00 - 12:00","zo":"gesloten"}}},{"type":"Feature","geometry":{"type":"Point","coordinates":[10.458302,43.850552]},"properties":{"type":"pakketpunt","locatieNaam":"SEGNALI DI FUMO DI ELENA ROSELLINI","straatNaam":"Via Sarzanese 838 Frazione Nave","straatNr":"","vervoerder":"DHL","puntType":"parcelShop","bezettingsgraad":50,"latitude":43.850552,"longitude":10.458302,"canPickup":false,"canDropoff":true,"openingstijden":{"ma":"08:00 - 18:30","di":"08:00 - 18:30","wo":"08:00 - 18:30","do":"08:00 - 18:30","vr":"08:00 - 18:30","za":"08:00 - 18:30","zo":"gesloten"}}},{"type":"Feature","geometry":{"type":"Point","coordinates":[10.468756,43.848153]},"properties":{"type":"pakketpunt","locatieNaam":"TABACCHERIA N. 139","straatNaam":"VIALE GIACOMO PUCCINI 1910","straatNr":"","vervoerder":"DHL","puntType":"parcelShop","bezettingsgraad":50,"latitude":43.848153,"longitude":10.468756,"canPickup":true,"canDropoff":true,"openingstijden":{"ma":"05:00 - 23:00","di":"05:00 - 23:00","wo":"05:00 - 23:00","do":"05:00 - 23:00","vr":"05:00 - 23:00","za":"05:00 - 23:00","zo":"05:00 - 23:00"}}},{"type":"Feature","geometry":{"type":"Point","coordinates":[10.485567,43.809658]},"properties":{"type":"pakketpunt","locatieNaam":"Ufficio Postale MASSA PISANA","straatNaam":"VIA NUOVA PER PISA 1399","straatNr":"","vervoerder":"DHL","puntType":"postOffice","bezettingsgraad":50,"latitude":43.809658,"longitude":10.485567,"canPickup":true,"canDropoff":true,"openingstijden":{"ma":"08:20 - 13:45","di":"08:20 - 13:45","wo":"08:20 - 13:45","do":"08:20 - 13:45","vr":"08:20 - 13:45","za":"08:20 - 12:45","zo":"gesloten"}}},{"type":"Feature","geometry":{"type":"Point","coordinates":[10.493558,43.8225]},"properties":{"type":"pakketpunt","locatieNaam":"INCANTAGEA","straatNaam":"VIALE SAN CONCORDIO 1791","straatNr":"","vervoerder":"DHL","puntType":"parcelShop","bezettingsgraad":50,"latitude":43.8225,"longitude":10.493558,"canPickup":true,"canDropoff":true,"openingstijden":{"ma":"09:00 - 12:30, 16:00 - 19:00","di":"09:00 - 12:30, 16:00 - 19:00","wo":"09:00 - 12:30","do":"09:00 - 12:30, 16:00 - 19:00","vr":"09:00 - 12:30, 16:00 - 19:00","za":"09:00 - 12:30","zo":"gesloten"}}},{"type":"Feature","geometry":{"type":"Point","coordinates":[10.494228,43.823385]},"properties":{"type":"pakketpunt","locatieNaam":"Ufficio Postale PONTETETTO","straatNaam":"VIA DEI SANTESCHI 12","straatNr":"","vervoerder":"DHL","puntType":"postOffice","bezettingsgraad":50,"latitude":43.823385,"longitude":10.494228,"canPickup":true,"canDropoff":true,"openingstijden":{"ma":"08:20 - 13:45","di":"08:20 - 13:45","wo":"08:20 - 13:45","do":"08:20 - 13:45","vr":"08:20 - 13:45","za":"08:20 - 12:45","zo":"gesloten"}}},{"type":"Feature","geometry":{"type":"Point","coordinates":[10.49133,43.81958]},"properties":{"type":"pakketpunt","locatieNaam":"STAZIONE DI SERVIZIO ENI","straatNaam":"VIA NUOVA PER PISA 144","straatNr":"","vervoerder":"DHL","puntType":"packStation","bezettingsgraad":50,"latitude":43.81958,"longitude":10.49133,"canPickup":true,"canDropoff":true,"openingstijden":{"ma":"00:01 - 23:59","di":"00:01 - 23:59","wo":"00:01 - 23:59","do":"00:01 - 23:59","vr":"00:01 - 23:59","za":"00:01 - 23:59","zo":"00:01 - 23:59"}}},{"type":"Feature","geometry":{"type":"Point","coordinates":[10.513578,43.834401]},"properties":{"type":"pakketpunt","locatieNaam":"Ufficio Postale LUCCA 9","straatNaam":"VIA LORENZO NOTTOLINI 916","straatNr":"","vervoerder":"DHL","puntType":"postOffice","bezettingsgraad":50,"latitude":43.834401,"longitude":10.513578,"canPickup":true,"canDropoff":true,"openingstijden":{"ma":"08:20 - 13:45","di":"08:20 - 13:45","wo":"08:20 - 13:45","do":"08:20 - 13:45","vr":"08:20 - 13:45","za":"08:20 - 12:45","zo":"gesloten"}}},{"type":"Feature","geometry":{"type":"Point","coordinates":[10.497531,43.83109]},"properties":{"type":"pakketpunt","locatieNaam":"TABACCHERIA N. 97","straatNaam":"VIALE SAN CONCORDIO 796-800","straatNr":"","vervoerder":"DHL","puntType":"parcelShop","bezettingsgraad":50,"latitude":43.83109,"longitude":10.497531,"canPickup":true,"canDropoff":true,"openingstijden":{"ma":"06:30 - 20:00","di":"06:30 - 20:00","wo":"06:30 - 20:00","do":"06:30 - 20:00","vr":"06:30 - 20:00","za":"06:30 - 20:00","zo":"gesloten"}}},{"type":"Feature","geometry":{"type":"Point","coordinates":[10.505356,43.834252]},"properties":{"type":"pakketpunt","locatieNaam":"TABACCHERIA N. 20","straatNaam":"VIA BONAGIUNTA URBICIANI 286-290","straatNr":"","vervoerder":"DHL","puntType":"parcelShop","bezettingsgraad":50,"latitude":43.834252,"longitude":10.505356,"canPickup":true,"canDropoff":true,"openingstijden":{"ma":"06:00 - 23:00","di":"06:00 - 23:00","wo":"06:00 - 23:00","do":"06:00 - 23:00","vr":"06:00 - 23:00","za":"06:00 - 23:00","zo":"gesloten"}}},{"type":"Feature","geometry":{"type":"Point","coordinates":[10.528614,43.835517]},"properties":{"type":"pakketpunt","locatieNaam":"SDA Lucca","straatNaam":"VIA ENRICO MATTEI SNC 1","straatNr":"","vervoerder":"DHL","puntType":"parcelShop","bezettingsgraad":50,"latitude":43.835517,"longitude":10.528614,"canPickup":false,"canDropoff":true,"openingstijden":{"ma":"08:30 - 18:00","di":"08:30 - 18:00","wo":"08:30 - 18:00","do":"08:30 - 18:00","vr":"08:30 - 18:00","za":"09:00 - 12:00","zo":"gesloten"}}},{"type":"Feature","geometry":{"type":"Point","coordinates":[10.50319,43.837711]},"properties":{"type":"pakketpunt","locatieNaam":"ALI CALL CENTER/CAVOUR","straatNaam":"Viale Cavour 199","straatNr":"","vervoerder":"DHL","puntType":"parcelShop","bezettingsgraad":50,"latitude":43.837711,"longitude":10.50319,"canPickup":false,"canDropoff":true,"openingstijden":{"ma":"09:00 - 20:00","di":"09:00 - 20:00","wo":"09:00 - 20:00","do":"09:00 - 20:00","vr":"09:00 - 20:00","za":"09:00 - 20:00","zo":"gesloten"}}},{"type":"Feature","geometry":{"type":"Point","coordinates":[10.504532,43.838414]},"properties":{"type":"pakketpunt","locatieNaam":"Ufficio Postale LUCCA 5","straatNaam":"VIALE REGINA MARGHERITA 193","straatNr":"","vervoerder":"DHL","puntType":"postOffice","bezettingsgraad":50,"latitude":43.838414,"longitude":10.504532,"canPickup":true,"canDropoff":true,"openingstijden":{"ma":"08:20 - 13:45","di":"08:20 - 13:45","wo":"08:20 - 13:45","do":"08:20 - 13:45","vr":"08:20 - 13:45","za":"08:20 - 12:45","zo":"gesloten"}}},{"type":"Feature","geometry":{"type":"Point","coordinates":[10.520333,43.841235]},"properties":{"type":"pakketpunt","locatieNaam":"TABACCHERIA N. 24","straatNaam":"VIA MARIO INGRILLINI 11","straatNr":"","vervoerder":"DHL","puntType":"parcelShop","bezettingsgraad":50,"latitude":43.841235,"longitude":10.520333,"canPickup":true,"canDropoff":true,"openingstijden":{"ma":"07:00 - 19:30","di":"07:00 - 19:30","wo":"07:00 - 19:30","do":"07:00 - 19:30","vr":"07:00 - 19:30","za":"07:00 - 19:30","zo":"gesloten"}}},{"type":"Feature","geometry":{"type":"Point","coordinates":[10.520348,43.84128]},"properties":{"type":"pakketpunt","locatieNaam":"TABACCHERIA TRAPANI","straatNaam":"Via Mario Ingrillini, 1","straatNr":"","vervoerder":"DHL","puntType":"parcelShop","bezettingsgraad":50,"latitude":43.84128,"longitude":10.520348,"canPickup":false,"canDropoff":true,"openingstijden":{"ma":"07:00 - 20:00","di":"07:00 - 20:00","wo":"07:00 - 20:00","do":"07:00 - 20:00","vr":"07:00 - 20:00","za":"07:00 - 20:00","zo":"gesloten"}}},{"type":"Feature","geometry":{"type":"Point","coordinates":[10.506083,43.841537]},"properties":{"type":"pakketpunt","locatieNaam":"Ufficio Postale LUCCA CENTRO","straatNaam":"VIA ANTONIO VALLISNERI 2","straatNr":"","vervoerder":"DHL","puntType":"postOffice","bezettingsgraad":50,"latitude":43.841537,"longitude":10.506083,"canPickup":true,"canDropoff":true,"openingstijden":{"ma":"08:20 - 19:05","di":"08:20 - 19:05","wo":"08:20 - 19:05","do":"08:20 - 19:05","vr":"08:20 - 19:05","za":"08:20 - 12:35","zo":"gesloten"}}},{"type":"Feature","geometry":{"type":"Point","coordinates":[10.505257,43.842673]},"properties":{"type":"pakketpunt","locatieNaam":"TABACCHERIA n. 38","straatNaam":"VIA SANTA CROCE 37","straatNr":"","vervoerder":"DHL","puntType":"parcelShop","bezettingsgraad":50,"latitude":43.842673,"longitude":10.505257,"canPickup":true,"canDropoff":true,"openingstijden":{"ma":"08:30 - 20:00","di":"08:30 - 20:00","wo":"09:00 - 20:00","do":"08:30 - 20:00","vr":"08:30 - 20:00","za":"08:30 - 20:00","zo":"11:00 - 19:30"}}},{"type":"Feature","geometry":{"type":"Point","coordinates":[10.51631,43.843701]},"properties":{"type":"pakketpunt","locatieNaam":"TABACCHERIA N. 100","straatNaam":"VIALE GIOVANNI PACINI 11","straatNr":"","vervoerder":"DHL","puntType":"parcelShop","bezettingsgraad":50,"latitude":43.843701,"longitude":10.51631,"canPickup":true,"canDropoff":true,"openingstijden":{"ma":"04:00 - 18:00","di":"04:00 - 18:00","wo":"04:00 - 18:00","do":"04:00 - 18:00","vr":"04:00 - 18:00","za":"04:00 - 15:00","zo":"gesloten"}}},{"type":"Feature","geometry":{"type":"Point","coordinates":[10.500431,43.842061]},"properties":{"type":"pakketpunt","locatieNaam":"TABACCHERIA N. 36","straatNaam":"VIA VITTORIO EMANUELE II 40","straatNr":"","vervoerder":"DHL","puntType":"parcelShop","bezettingsgraad":50,"latitude":43.842061,"longitude":10.500431,"canPickup":true,"canDropoff":true,"openingstijden":{"ma":"07:00 - 13:00, 15:30 - 19:30","di":"07:00 - 13:00, 15:30 - 19:30","wo":"07:00 - 13:00, 15:30 - 19:30","do":"07:00 - 13:00, 15:30 - 19:30","vr":"07:00 - 13:00, 15:30 - 19:30","za":"07:00 - 13:00, 15:30 - 19:30","zo":"gesloten"}}},{"type":"Feature","geometry":{"type":"Point","coordinates":[10.517118,43.844111]},"properties":{"type":"pakketpunt","locatieNaam":"Ufficio Postale LUCCA 3","straatNaam":"VIALE CASTRUCCIO CASTRACANI 134","straatNr":"","vervoerder":"DHL","puntType":"postOffice","bezettingsgraad":50,"latitude":43.844111,"longitude":10.517118,"canPickup":true,"canDropoff":true,"openingstijden":{"ma":"08:20 - 13:35","di":"08:20 - 13:35","wo":"08:20 - 13:35","do":"08:20 - 13:35","vr":"08:20 - 13:35","za":"08:20 - 12:35","zo":"gesloten"}}},{"type":"Feature","geometry":{"type":"Point","coordinates":[10.494947,43.840658]},"properties":{"type":"pakketpunt","locatieNaam":"Kipoint VIALE GIOSUE' CARDUCCI","straatNaam":"VIALE GIOSUE CARDUCCI 597","straatNr":"","vervoerder":"DHL","puntType":"parcelShop","bezettingsgraad":50,"latitude":43.840658,"longitude":10.494947,"canPickup":true,"canDropoff":true,"openingstijden":{"ma":"07:30 - 13:00, 14:30 - 18:30","di":"07:30 - 13:00, 14:30 - 18:30","wo":"07:30 - 13:00, 14:30 - 18:30","do":"07:30 - 13:00, 14:30 - 18:30","vr":"07:30 - 13:00, 14:30 - 18:30","za":"07:30 - 12:30","zo":"gesloten"}}},{"type":"Feature","geometry":{"type":"Point","coordinates":[10.51076,43.845278]},"properties":{"type":"pakketpunt","locatieNaam":"TABACCHERIA n. 43","straatNaam":"PIAZZA SAN FRANCESCO 21","straatNr":"","vervoerder":"DHL","puntType":"parcelShop","bezettingsgraad":50,"latitude":43.845278,"longitude":10.51076,"canPickup":true,"canDropoff":true,"openingstijden":{"ma":"06:00 - 20:00","di":"06:00 - 20:00","wo":"06:00 - 20:00","do":"06:00 - 20:00","vr":"06:00 - 20:00","za":"06:00 - 20:00","zo":"06:00 - 20:00"}}},{"type":"Feature","geometry":{"type":"Point","coordinates":[10.53074,43.84487]},"properties":{"type":"pakketpunt","locatieNaam":"TABACCHERIA N. 11","straatNaam":"VIA ROMANA 991","straatNr":"","vervoerder":"DHL","puntType":"parcelShop","bezettingsgraad":50,"latitude":43.84487,"longitude":10.53074,"canPickup":true,"canDropoff":true,"openingstijden":{"ma":"07:00 - 14:00, 16:00 - 20:00","di":"07:00 - 14:00, 16:00 - 20:00","wo":"07:00 - 14:00, 16:00 - 20:00","do":"07:00 - 14:00, 16:00 - 20:00","vr":"07:00 - 14:00, 16:00 - 20:00","za":"07:00 - 14:00, 16:00 - 20:00","zo":"gesloten"}}},{"type":"Feature","geometry":{"type":"Point","coordinates":[10.50738,43.84668]},"properties":{"type":"pakketpunt","locatieNaam":"TABACCHERIA N. 34","straatNaam":"VIA FILLUNGO 225","straatNr":"","vervoerder":"DHL","puntType":"parcelShop","bezettingsgraad":50,"latitude":43.84668,"longitude":10.50738,"canPickup":true,"canDropoff":true,"openingstijden":{"ma":"08:30 - 13:00, 15:00 - 19:00","di":"08:30 - 13:00, 15:00 - 19:30","wo":"08:30 - 13:00, 15:00 - 19:30","do":"08:30 - 13:00, 15:00 - 19:30","vr":"08:30 - 13:00, 15:00 - 19:30","za":"08:30 - 13:00, 15:00 - 19:30","zo":"gesloten"}}},{"type":"Feature","geometry":{"type":"Point","coordinates":[10.491056,43.843022]},"properties":{"type":"pakketpunt","locatieNaam":"TABACCHERIA N. 22","straatNaam":"VIALE GIACOMO PUCCINI 13","straatNr":"","vervoerder":"DHL","puntType":"parcelShop","bezettingsgraad":50,"latitude":43.843022,"longitude":10.491056,"canPickup":true,"canDropoff":true,"openingstijden":{"ma":"06:30 - 13:00, 15:30 - 19:30","di":"06:30 - 13:00, 15:30 - 19:30","wo":"06:30 - 13:00, 15:30 - 19:30","do":"06:30 - 13:00, 15:30 - 19:30","vr":"06:30 - 13:00, 15:30 - 19:30","za":"06:30 - 13:00, 15:30 - 19:30","zo":"gesloten"}}},{"type":"Feature","geometry":{"type":"Point","coordinates":[10.523763,43.848402]},"properties":{"type":"pakketpunt","locatieNaam":"TABACCHERIA n. 153","straatNaam":"VIALE CASTRUCCIO CASTRACANI 831","straatNr":"","vervoerder":"DHL","puntType":"parcelShop","bezettingsgraad":50,"latitude":43.848402,"longitude":10.523763,"canPickup":true,"canDropoff":true,"openingstijden":{"ma":"06:30 - 13:00, 15:30 - 19:30","di":"06:30 - 13:00, 15:30 - 19:30","wo":"06:30 - 13:00, 15:30 - 19:30","do":"06:30 - 13:00, 15:30 - 19:30","vr":"06:30 - 13:00, 15:30 - 19:30","za":"06:30 - 13:00, 15:30 - 19:30","zo":"gesloten"}}},{"type":"Feature","geometry":{"type":"Point","coordinates":[10.505065,43.848272]},"properties":{"type":"pakketpunt","locatieNaam":"Ufficio Postale LUCCA 2","straatNaam":"VIALE CARLO DEL PRETE 1087","straatNr":"","vervoerder":"DHL","puntType":"postOffice","bezettingsgraad":50,"latitude":43.848272,"longitude":10.505065,"canPickup":true,"canDropoff":true,"openingstijden":{"ma":"08:20 - 19:05","di":"08:20 - 19:05","wo":"08:20 - 19:05","do":"08:20 - 19:05","vr":"08:20 - 19:05","za":"08:20 - 12:35","zo":"gesloten"}}},{"type":"Feature","geometry":{"type":"Point","coordinates":[10.50965,43.84982]},"properties":{"type":"pakketpunt","locatieNaam":"CENTRO MEDICO SAN MARCO","straatNaam":"VIALE AGOSTINO MARTI 43","straatNr":"","vervoerder":"DHL","puntType":"packStation","bezettingsgraad":50,"latitude":43.84982,"longitude":10.50965,"canPickup":true,"canDropoff":true,"openingstijden":{"ma":"06:00 - 23:00","di":"06:00 - 23:00","wo":"06:00 - 23:00","do":"06:00 - 23:00","vr":"06:00 - 23:00","za":"06:00 - 23:00","zo":"06:00 - 23:00"}}},{"type":"Feature","geometry":{"type":"Point","coordinates":[10.486492,43.844071]},"properties":{"type":"pakketpunt","locatieNaam":"Ufficio Postale LUCCA 4","straatNaam":"VIALE GIACOMO PUCCINI 407","straatNr":"","vervoerder":"DHL","puntType":"postOffice","bezettingsgraad":50,"latitude":43.844071,"longitude":10.486492,"canPickup":true,"canDropoff":true,"openingstijden":{"ma":"08:20 - 13:35","di":"08:20 - 13:35","wo":"08:20 - 13:35","do":"08:20 - 13:35","vr":"08:20 - 13:35","za":"08:20 - 12:35","zo":"gesloten"}}},{"type":"Feature","geometry":{"type":"Point","coordinates":[10.548896,43.84285]},"properties":{"type":"pakketpunt","locatieNaam":"TABACCHERIA N. 7","straatNaam":"VIA ROMANA 2470-B","straatNr":"","vervoerder":"DHL","puntType":"parcelShop","bezettingsgraad":50,"latitude":43.84285,"longitude":10.548896,"canPickup":true,"canDropoff":true,"openingstijden":{"ma":"gesloten","di":"08:00 - 20:00","wo":"08:00 - 20:00","do":"08:00 - 20:00","vr":"08:00 - 20:00","za":"08:00 - 20:00","zo":"08:00 - 20:00"}}},{"type":"Feature","geometry":{"type":"Point","coordinates":[10.527925,43.851509]},"properties":{"type":"pakketpunt","locatieNaam":"TABACCHERIA N. 88","straatNaam":"VIA VECCHIA PESCIATINA 668","straatNr":"","vervoerder":"DHL","puntType":"parcelShop","bezettingsgraad":50,"latitude":43.851509,"longitude":10.527925,"canPickup":true,"canDropoff":true,"openingstijden":{"ma":"07:00 - 21:00","di":"07:00 - 21:00","wo":"07:00 - 21:00","do":"07:00 - 21:00","vr":"07:00 - 21:00","za":"07:00 - 21:00","zo":"gesloten"}}},{"type":"Feature","geometry":{"type":"Point","coordinates":[10.507383,43.853172]},"properties":{"type":"pakketpunt","locatieNaam":"TABACCHERIA N. 63","straatNaam":"VIA BORGO GIANNOTTI 457","straatNr":"","vervoerder":"DHL","puntType":"parcelShop","bezettingsgraad":50,"latitude":43.853172,"longitude":10.507383,"canPickup":true,"canDropoff":true,"openingstijden":{"ma":"06:00 - 13:00, 15:30 - 19:30","di":"06:00 - 13:00, 15:30 - 19:30","wo":"06:00 - 13:00, 15:30 - 19:30","do":"06:00 - 13:00, 15:30 - 19:30","vr":"06:00 - 13:00, 15:30 - 19:30","za":"06:00 - 13:00, 15:30 - 19:30","zo":"gesloten"}}},{"type":"Feature","geometry":{"type":"Point","coordinates":[10.479628,43.845629]},"properties":{"type":"pakketpunt","locatieNaam":"TABACCHERIA N. 3","straatNaam":"VIALE GIACOMO PUCCINI 973","straatNr":"","vervoerder":"DHL","puntType":"parcelShop","bezettingsgraad":50,"latitude":43.845629,"longitude":10.479628,"canPickup":true,"canDropoff":true,"openingstijden":{"ma":"07:00 - 19:30","di":"07:00 - 19:30","wo":"07:00 - 19:30","do":"gesloten","vr":"07:00 - 19:30","za":"07:00 - 19:30","zo":"07:00 - 19:30"}}},{"type":"Feature","geometry":{"type":"Point","coordinates":[10.548892,43.846954]},"properties":{"type":"pakketpunt","locatieNaam":"Ufficio Postale PICCIORANA","straatNaam":"VIA PICCIORANA 711","straatNr":"","vervoerder":"DHL","puntType":"postOffice","bezettingsgraad":50,"latitude":43.846954,"longitude":10.548892,"canPickup":true,"canDropoff":true,"openingstijden":{"ma":"08:20 - 13:35","di":"08:20 - 13:35","wo":"08:20 - 13:35","do":"08:20 - 13:35","vr":"08:20 - 13:35","za":"08:20 - 12:35","zo":"gesloten"}}},{"type":"Feature","geometry":{"type":"Point","coordinates":[10.538763,43.852311]},"properties":{"type":"pakketpunt","locatieNaam":"STAZIONE DI SERVIZIO","straatNaam":"VIA PESCIATINA 914","straatNr":"","vervoerder":"DHL","puntType":"packStation","bezettingsgraad":50,"latitude":43.852311,"longitude":10.538763,"canPickup":true,"canDropoff":true,"openingstijden":{"ma":"00:01 - 23:59","di":"00:01 - 23:59","wo":"00:01 - 23:59","do":"00:01 - 23:59","vr":"00:01 - 23:59","za":"00:01 - 23:59","zo":"00:01 - 23:59"}}},{"type":"Feature","geometry":{"type":"Point","coordinates":[10.519092,43.855989]},"properties":{"type":"pakketpunt","locatieNaam":"Ufficio Postale LUCCA 6","straatNaam":"VIA DELLE VILLE LUCCHESI 543","straatNr":"","vervoerder":"DHL","puntType":"postOffice","bezettingsgraad":50,"latitude":43.855989,"longitude":10.519092,"canPickup":true,"canDropoff":true,"openingstijden":{"ma":"08:20 - 13:45","di":"08:20 - 13:45","wo":"08:20 - 13:45","do":"08:20 - 13:45","vr":"08:20 - 13:45","za":"08:20 - 12:45","zo":"gesloten"}}},{"type":"Feature","geometry":{"type":"Point","coordinates":[10.513613,43.857964]},"properties":{"type":"pakketpunt","locatieNaam":"STAZIONE DI SERVIZIO ENI","straatNaam":"VIA DEL BRENNERO 746","straatNr":"","vervoerder":"DHL","puntType":"packStation","bezettingsgraad":50,"latitude":43.857964,"longitude":10.513613,"canPickup":true,"canDropoff":true,"openingstijden":{"ma":"00:01 - 23:59","di":"00:01 - 23:59","wo":"00:01 - 23:59","do":"00:01 - 23:59","vr":"00:01 - 23:59","za":"00:01 - 23:59","zo":"00:01 - 23:59"}}},{"type":"Feature","geometry":{"type":"Point","coordinates":[10.559042,43.845798]},"properties":{"type":"pakketpunt","locatieNaam":"STAZIONE DI SERVIZIO","straatNaam":"VIA DELLA MADONNINA 996","straatNr":"","vervoerder":"DHL","puntType":"packStation","bezettingsgraad":50,"latitude":43.845798,"longitude":10.559042,"canPickup":true,"canDropoff":true,"openingstijden":{"ma":"00:01 - 23:59","di":"00:01 - 23:59","wo":"00:01 - 23:59","do":"00:01 - 23:59","vr":"00:01 - 23:59","za":"00:01 - 23:59","zo":"00:01 - 23:59"}}},{"type":"Feature","geometry":{"type":"Point","coordinates":[10.516532,43.861348]},"properties":{"type":"pakketpunt","locatieNaam":"TABACCHERIA N. 26","straatNaam":"VIA DEL BRENNERO 1054","straatNr":"","vervoerder":"DHL","puntType":"parcelShop","bezettingsgraad":50,"latitude":43.861348,"longitude":10.516532,"canPickup":true,"canDropoff":true,"openingstijden":{"ma":"07:00 - 13:00, 15:30 - 20:00","di":"07:00 - 13:00, 15:30 - 20:00","wo":"07:00 - 13:00, 15:30 - 20:00","do":"07:00 - 13:00, 15:30 - 20:00","vr":"07:00 - 13:00, 15:30 - 20:00","za":"07:00 - 13:00, 15:30 - 20:00","zo":"gesloten"}}},{"type":"Feature","geometry":{"type":"Point","coordinates":[10.495048,43.860138]},"properties":{"type":"pakketpunt","locatieNaam":"Ufficio Postale LUCCA 8","straatNaam":"VIA DI SANTALESSIO 903","straatNr":"","vervoerder":"DHL","puntType":"postOffice","bezettingsgraad":50,"latitude":43.860138,"longitude":10.495048,"canPickup":true,"canDropoff":true,"openingstijden":{"ma":"08:20 - 13:45","di":"08:20 - 13:45","wo":"08:20 - 13:45","do":"08:20 - 13:45","vr":"08:20 - 13:45","za":"08:20 - 12:45","zo":"gesloten"}}},{"type":"Feature","geometry":{"type":"Point","coordinates":[10.47849,43.888764]},"properties":{"type":"pakketpunt","locatieNaam":"Ufficio Postale PONTE DEL GIGLIO","straatNaam":"VIA PER CAMAIORE 4885","straatNr":"","vervoerder":"DHL","puntType":"postOffice","bezettingsgraad":50,"latitude":43.888764,"longitude":10.47849,"canPickup":true,"canDropoff":true,"openingstijden":{"ma":"08:20 - 13:45","di":"08:20 - 13:45","wo":"08:20 - 13:45","do":"08:20 - 13:45","vr":"08:20 - 13:45","za":"08:20 - 12:45","zo":"gesloten"}}},{"type":"Feature","geometry":{"type":"Point","coordinates":[10.530066,43.909687]},"properties":{"type":"pakketpunt","locatieNaam":"Ufficio Postale PONTE A MORIANO","straatNaam":"VIA GIOVANNI VOLPI 28","straatNr":"","vervoerder":"DHL","puntType":"postOffice","bezettingsgraad":50,"latitude":43.909687,"longitude":10.530066,"canPickup":true,"canDropoff":true,"openingstijden":{"ma":"08:20 - 13:35","di":"08:20 - 13:35","wo":"08:20 - 13:35","do":"08:20 - 13:35","vr":"08:20 - 13:35","za":"08:20 - 12:35","zo":"gesloten"}}},{"type":"Feature","geometry":{"type":"Point","coordinates":[10.539687,43.901576]},"properties":{"type":"pakketpunt","locatieNaam":"TABACCHERIA N. 77","straatNaam":"VIA DELLA CHIESA DI SALTOCCHIO 392","straatNr":"","vervoerder":"DHL","puntType":"parcelShop","bezettingsgraad":50,"latitude":43.901576,"longitude":10.539687,"canPickup":true,"canDropoff":true,"openingstijden":{"ma":"06:00 - 20:00","di":"06:00 - 20:00","wo":"06:00 - 20:00","do":"06:00 - 20:00","vr":"06:00 - 21:00","za":"06:00 - 21:00","zo":"gesloten"}}},{"type":"Feature","geometry":{"type":"Point","coordinates":[10.539765,43.901571]},"properties":{"type":"pakketpunt","locatieNaam":"Ufficio Postale SALTOCCHIO","straatNaam":"VIA DELLA CHIESA DI SALTOCCHIO 398","straatNr":"","vervoerder":"DHL","puntType":"postOffice","bezettingsgraad":50,"latitude":43.901571,"longitude":10.539765,"canPickup":true,"canDropoff":true,"openingstijden":{"ma":"08:20 - 13:45","di":"08:20 - 13:45","wo":"08:20 - 13:45","do":"08:20 - 13:45","vr":"08:20 - 13:45","za":"08:20 - 12:45","zo":"gesloten"}}},{"type":"Feature","geometry":{"type":"Point","coordinates":[10.547667,43.871669]},"properties":{"type":"pakketpunt","locatieNaam":"TABACCHERIA N. 64","straatNaam":"VIA DELLE VILLE NORD 895-F","straatNr":"","vervoerder":"DHL","puntType":"parcelShop","bezettingsgraad":50,"latitude":43.871669,"longitude":10.547667,"canPickup":true,"canDropoff":true,"openingstijden":{"ma":"06:00 - 20:00","di":"06:00 - 20:00","wo":"06:00 - 20:00","do":"06:00 - 20:00","vr":"06:00 - 20:00","za":"06:00 - 20:00","zo":"gesloten"}}},{"type":"Feature","geometry":{"type":"Point","coordinates":[10.534296,43.866959]},"properties":{"type":"pakketpunt","locatieNaam":"Ufficio Postale SAN PIETRO A VICO","straatNaam":"VIA DELLE VILLE 2343","straatNr":"","vervoerder":"DHL","puntType":"postOffice","bezettingsgraad":50,"latitude":43.866959,"longitude":10.534296,"canPickup":true,"canDropoff":true,"openingstijden":{"ma":"08:20 - 13:35","di":"08:20 - 13:35","wo":"08:20 - 13:35","do":"08:20 - 13:35","vr":"08:20 - 13:35","za":"08:20 - 12:35","zo":"gesloten"}}},{"type":"Feature","geometry":{"type":"Point","coordinates":[10.509294,43.863986]},"properties":{"type":"pakketpunt","locatieNaam":"STAZIONE DI SERVIZIO IP","straatNaam":"VIA PER CAMAIORE 1110","straatNr":"","vervoerder":"DHL","puntType":"packStation","bezettingsgraad":50,"latitude":43.863986,"longitude":10.509294,"canPickup":true,"canDropoff":true,"openingstijden":{"ma":"00:01 - 23:59","di":"00:01 - 23:59","wo":"00:01 - 23:59","do":"00:01 - 23:59","vr":"00:01 - 23:59","za":"00:01 - 23:59","zo":"00:01 - 23:59"}}},{"type":"Feature","geometry":{"type":"Point","coordinates":[10.4574,43.7797]},"properties":{"type":"pakketpunt","locatieNaam":"PuntoPoste TABACCHERIA N. 67","straatNaam":"VIA SANTA MARIA DEL GIUDICE 3615","straatNr":"","vervoerder":"Amazon","puntType":"3p","bezettingsgraad":50,"latitude":43.7797,"longitude":10.4574,"canPickup":true,"canDropoff":false,"openingstijden":null}},{"type":"Feature","geometry":{"type":"Point","coordinates":[10.4855,43.8096]},"properties":{"type":"pakketpunt","locatieNaam":"Ufficio Postale MASSA PISANA","straatNaam":"VIA NUOVA PER PISA 1399","straatNr":"","vervoerder":"Amazon","puntType":"3p","bezettingsgraad":50,"latitude":43.8096,"longitude":10.4855,"canPickup":true,"canDropoff":false,"openingstijden":null}},{"type":"Feature","geometry":{"type":"Point","coordinates":[10.4596158,43.7789206]},"properties":{"type":"pakketpunt","locatieNaam":"Amazon Counter - Rivendita 102 Luca","straatNaam":"Via Nuova per Pisa , 5634","straatNr":"","vervoerder":"Amazon","puntType":"helix","bezettingsgraad":50,"latitude":43.7789206,"longitude":10.4596158,"canPickup":true,"canDropoff":false,"openingstijden":null}},{"type":"Feature","geometry":{"type":"Point","coordinates":[10.5290615,43.910215]},"properties":{"type":"pakketpunt","locatieNaam":"Amazon Counter","straatNaam":"Tabaccheria Orlandi Giancarlo (fermopoint)","straatNr":"","vervoerder":"Amazon","puntType":"helix","bezettingsgraad":50,"latitude":43.910215,"longitude":10.5290615,"canPickup":true,"canDropoff":false,"openingstijden":null}},{"type":"Feature","geometry":{"type":"Point","coordinates":[10.5397,43.9015]},"properties":{"type":"pakketpunt","locatieNaam":"Ufficio Postale SALTOCCHIO","straatNaam":"VIA DELLA CHIESA DI SALTOCCHIO 398","straatNr":"","vervoerder":"Amazon","puntType":"3p","bezettingsgraad":50,"latitude":43.9015,"longitude":10.5397,"canPickup":true,"canDropoff":false,"openingstijden":null}},{"type":"Feature","geometry":{"type":"Point","coordinates":[10.513992,43.857851]},"properties":{"type":"pakketpunt","locatieNaam":"Amazon Locker - annuncia","straatNaam":"Eni Station Pv.5155","straatNr":"","vervoerder":"Amazon","puntType":"locker","bezettingsgraad":50,"latitude":43.857851,"longitude":10.513992,"canPickup":true,"canDropoff":false,"openingstijden":null}},{"type":"Feature","geometry":{"type":"Point","coordinates":[10.5318617,43.90672]},"properties":{"type":"pakketpunt","locatieNaam":"Amazon Counter - PRIMAEDICOLA","straatNaam":"L'INCHIOSTRO DI LERA GIUSEPPIN","straatNr":"","vervoerder":"Amazon","puntType":"helix","bezettingsgraad":50,"latitude":43.90672,"longitude":10.5318617,"canPickup":true,"canDropoff":false,"openingstijden":null}},{"type":"Feature","geometry":{"type":"Point","coordinates":[10.486962,43.844197]},"properties":{"type":"pakketpunt","locatieNaam":"Amazon Locker - agide","straatNaam":"Eni Station Pv.53666","straatNr":"","vervoerder":"Amazon","puntType":"locker","bezettingsgraad":50,"latitude":43.844197,"longitude":10.486962,"canPickup":true,"canDropoff":false,"openingstijden":null}},{"type":"Feature","geometry":{"type":"Point","coordinates":[10.4830567,43.8397995]},"properties":{"type":"pakketpunt","locatieNaam":"Amazon Locker - artaserse","straatNaam":"ENI Station pv.15103","straatNr":"","vervoerder":"Amazon","puntType":"locker","bezettingsgraad":50,"latitude":43.8397995,"longitude":10.4830567,"canPickup":true,"canDropoff":false,"openingstijden":null}},{"type":"Feature","geometry":{"type":"Point","coordinates":[10.539125,43.852313]},"properties":{"type":"pakketpunt","locatieNaam":"Amazon Locker - origano","straatNaam":"Stazione Tamoil - PV 1272","straatNr":"","vervoerder":"Amazon","puntType":"locker","bezettingsgraad":50,"latitude":43.852313,"longitude":10.539125,"canPickup":true,"canDropoff":false,"openingstijden":null}},{"type":"Feature","geometry":{"type":"Point","coordinates":[10.497942,43.832272]},"properties":{"type":"pakketpunt","locatieNaam":"Amazon Locker - ferio","straatNaam":"QUATTROPETROLI SPA - Location EU 72","straatNr":"","vervoerder":"Amazon","puntType":"locker","bezettingsgraad":50,"latitude":43.832272,"longitude":10.497942,"canPickup":true,"canDropoff":false,"openingstijden":null}},{"type":"Feature","geometry":{"type":"Point","coordinates":[10.5592295,43.847186]},"properties":{"type":"pakketpunt","locatieNaam":"Amazon Locker - CIRO","straatNaam":"Distributore Carburanti MAC","straatNr":"","vervoerder":"Amazon","puntType":"locker","bezettingsgraad":50,"latitude":43.847186,"longitude":10.5592295,"canPickup":true,"canDropoff":false,"openingstijden":null}},{"type":"Feature","geometry":{"type":"Point","coordinates":[10.53,43.9096]},"properties":{"type":"pakketpunt","locatieNaam":"Ufficio Postale PONTE A MORIANO","straatNaam":"VIA GIOVANNI VOLPI 28","straatNr":"","vervoerder":"Amazon","puntType":"3p","bezettingsgraad":50,"latitude":43.9096,"longitude":10.53,"canPickup":true,"canDropoff":false,"openingstijden":null}},{"type":"Feature","geometry":{"type":"Point","coordinates":[10.48804,43.86127]},"properties":{"type":"pakketpunt","locatieNaam":"Amazon Counter - Supermercati Tambellini Crai","straatNaam":"Via di Sant'Alessio 1609","straatNr":"","vervoerder":"Amazon","puntType":"helix","bezettingsgraad":50,"latitude":43.86127,"longitude":10.48804,"canPickup":true,"canDropoff":false,"openingstijden":null}},{"type":"Feature","geometry":{"type":"Point","coordinates":[10.495,43.8601]},"properties":{"type":"pakketpunt","locatieNaam":"Ufficio Postale LUCCA 8","straatNaam":"VIA DI SANTALESSIO 903","straatNr":"","vervoerder":"Amazon","puntType":"3p","bezettingsgraad":50,"latitude":43.8601,"longitude":10.495,"canPickup":true,"canDropoff":false,"openingstijden":null}},{"type":"Feature","geometry":{"type":"Point","coordinates":[10.440598,43.856508]},"properties":{"type":"pakketpunt","locatieNaam":"Amazon Counter - PRIMAEDICOLA","straatNaam":"LE COSE PER TE DI IACOPI ALESS","straatNr":"","vervoerder":"Amazon","puntType":"helix","bezettingsgraad":50,"latitude":43.856508,"longitude":10.440598,"canPickup":true,"canDropoff":false,"openingstijden":null}},{"type":"Feature","geometry":{"type":"Point","coordinates":[10.4406,43.8565]},"properties":{"type":"pakketpunt","locatieNaam":"PuntoPoste TABACCHERIA N. 14","straatNaam":"VIA SARZANESE 2441","straatNr":"","vervoerder":"Amazon","puntType":"3p","bezettingsgraad":50,"latitude":43.8565,"longitude":10.4406,"canPickup":true,"canDropoff":false,"openingstijden":null}},{"type":"Feature","geometry":{"type":"Point","coordinates":[10.4538,43.8514]},"properties":{"type":"pakketpunt","locatieNaam":"Ufficio Postale PONTE SAN PIETRO","straatNaam":"VIA SARZANESE 1177","straatNr":"","vervoerder":"Amazon","puntType":"3p","bezettingsgraad":50,"latitude":43.8514,"longitude":10.4538,"canPickup":true,"canDropoff":false,"openingstijden":null}},{"type":"Feature","geometry":{"type":"Point","coordinates":[10.506915,43.851708]},"properties":{"type":"pakketpunt","locatieNaam":"Amazon Counter - Parabi ","straatNaam":"piazza della croce, 59","straatNr":"","vervoerder":"Amazon","puntType":"helix","bezettingsgraad":50,"latitude":43.851708,"longitude":10.506915,"canPickup":true,"canDropoff":false,"openingstijden":null}},{"type":"Feature","geometry":{"type":"Point","coordinates":[10.507624964418,43.8528837290135]},"properties":{"type":"pakketpunt","locatieNaam":"Amazon Counter","straatNaam":"Smokin City Lucca (fermopoint)","straatNr":"","vervoerder":"Amazon","puntType":"helix","bezettingsgraad":50,"latitude":43.8528837290135,"longitude":10.507624964418,"canPickup":true,"canDropoff":false,"openingstijden":null}},{"type":"Feature","geometry":{"type":"Point","coordinates":[10.488544,43.842153]},"properties":{"type":"pakketpunt","locatieNaam":"Amazon Locker - stefanino","straatNaam":"Stazione Ip - Lucca - V.Pisana Vecchia Loc.S.Anna","straatNr":"","vervoerder":"Amazon","puntType":"locker","bezettingsgraad":50,"latitude":43.842153,"longitude":10.488544,"canPickup":true,"canDropoff":false,"openingstijden":null}},{"type":"Feature","geometry":{"type":"Point","coordinates":[10.5073,43.8531]},"properties":{"type":"pakketpunt","locatieNaam":"PuntoPoste TABACCHERIA N. 63","straatNaam":"VIA BORGO GIANNOTTI 457","straatNr":"","vervoerder":"Amazon","puntType":"3p","bezettingsgraad":50,"latitude":43.8531,"longitude":10.5073,"canPickup":true,"canDropoff":false,"openingstijden":null}},{"type":"Feature","geometry":{"type":"Point","coordinates":[10.4462,43.8396]},"properties":{"type":"pakketpunt","locatieNaam":"Ufficio Postale MONTUOLO","straatNaam":"VIA PISANA 3872","straatNr":"","vervoerder":"Amazon","puntType":"3p","bezettingsgraad":50,"latitude":43.8396,"longitude":10.4462,"canPickup":true,"canDropoff":false,"openingstijden":null}},{"type":"Feature","geometry":{"type":"Point","coordinates":[10.496097,43.824995]},"properties":{"type":"pakketpunt","locatieNaam":"Amazon Locker - erminia","straatNaam":"PENNY MARKET - Lucca","straatNr":"","vervoerder":"Amazon","puntType":"locker","bezettingsgraad":50,"latitude":43.824995,"longitude":10.496097,"canPickup":true,"canDropoff":false,"openingstijden":null}},{"type":"Feature","geometry":{"type":"Point","coordinates":[10.50517,43.84613]},"properties":{"type":"pakketpunt","locatieNaam":"Amazon Counter - Tambellini rinomata salumeria","straatNaam":"Piazza San Frediano 11","straatNr":"","vervoerder":"Amazon","puntType":"helix","bezettingsgraad":50,"latitude":43.84613,"longitude":10.50517,"canPickup":true,"canDropoff":false,"openingstijden":null}},{"type":"Feature","geometry":{"type":"Point","coordinates":[10.49092,43.84282]},"properties":{"type":"pakketpunt","locatieNaam":"Amazon Counter - Centro telefonia","straatNaam":"Via Pisana 24","straatNr":"","vervoerder":"Amazon","puntType":"helix","bezettingsgraad":50,"latitude":43.84282,"longitude":10.49092,"canPickup":true,"canDropoff":false,"openingstijden":null}},{"type":"Feature","geometry":{"type":"Point","coordinates":[10.50997,43.84515]},"properties":{"type":"pakketpunt","locatieNaam":"Amazon Counter - Il giornalaio","straatNaam":"Piazza S.Francesco 39","straatNr":"","vervoerder":"Amazon","puntType":"helix","bezettingsgraad":50,"latitude":43.84515,"longitude":10.50997,"canPickup":true,"canDropoff":false,"openingstijden":null}},{"type":"Feature","geometry":{"type":"Point","coordinates":[10.5365707,43.8385045]},"properties":{"type":"pakketpunt","locatieNaam":"Amazon Counter","straatNaam":"Casa & Te (fermopoint)","straatNr":"","vervoerder":"Amazon","puntType":"helix","bezettingsgraad":50,"latitude":43.8385045,"longitude":10.5365707,"canPickup":true,"canDropoff":false,"openingstijden":null}},{"type":"Feature","geometry":{"type":"Point","coordinates":[10.5476,43.8716]},"properties":{"type":"pakketpunt","locatieNaam":"PuntoPoste TABACCHERIA N. 64","straatNaam":"VIA DELLE VILLE NORD 895/F","straatNr":"","vervoerder":"Amazon","puntType":"3p","bezettingsgraad":50,"latitude":43.8716,"longitude":10.5476,"canPickup":true,"canDropoff":false,"openingstijden":null}},{"type":"Feature","geometry":{"type":"Point","coordinates":[10.4533167,43.9043253]},"properties":{"type":"pakketpunt","locatieNaam":"Amazon Counter","straatNaam":"Agraria Valfreddana (fermopoint)","straatNr":"","vervoerder":"Amazon","puntType":"helix","bezettingsgraad":50,"latitude":43.9043253,"longitude":10.4533167,"canPickup":true,"canDropoff":false,"openingstijden":null}},{"type":"Feature","geometry":{"type":"Polygon","coordinates":[[[10.3632178,43.8807487],[10.3636667,43.8811706],[10.3636838,43.8813438],[10.3645137,43.8815734],[10.3650831,43.8818417],[10.366936,43.8818203],[10.3675461,43.8819384],[10.3690489,43.8819871],[10.3705574,43.8818785],[10.3704871,43.8813534],[10.371051,43.8814359],[10.3715542,43.881632],[10.3723659,43.8816245],[10.3731528,43.881771],[10.377216,43.880909],[10.3791396,43.8810313],[10.3797043,43.8809624],[10.3806552,43.8804268],[10.3819875,43.8812821],[10.3829547,43.8811318],[10.3834325,43.8816495],[10.3839315,43.882625],[10.3840805,43.883134],[10.3842741,43.8833828],[10.3846147,43.8835884],[10.3849633,43.8840147],[10.385647,43.8844768],[10.385909,43.8845684],[10.38606,43.8847945],[10.387059,43.8852256],[10.3877318,43.88524],[10.3887571,43.8854775],[10.3890998,43.8853895],[10.3897671,43.885379],[10.390485,43.8851152],[10.3909086,43.8850638],[10.3915808,43.8846863],[10.3924179,43.8846138],[10.3925987,43.8842922],[10.3929385,43.884294],[10.3931184,43.8846659],[10.3932635,43.8847424],[10.3935941,43.8852065],[10.3937082,43.8852822],[10.3941259,43.8852917],[10.3939513,43.8855228],[10.3929384,43.8861717],[10.3922386,43.887023],[10.3914325,43.8869504],[10.3871804,43.8909671],[10.3867272,43.8907597],[10.3862201,43.8908044],[10.3855276,43.8914964],[10.3855734,43.8915757],[10.3855023,43.8917654],[10.38573,43.8920608],[10.3854751,43.8925159],[10.385912,43.8930865],[10.3866565,43.8933019],[10.3869894,43.8938635],[10.3872342,43.8941088],[10.3871123,43.8944208],[10.3864769,43.8953837],[10.3865336,43.895509],[10.3864803,43.8957426],[10.3861909,43.8958766],[10.3861326,43.8962017],[10.3866136,43.8964565],[10.3871166,43.8972727],[10.3871938,43.8975256],[10.3871283,43.8977973],[10.3870309,43.897805],[10.3869051,43.8980254],[10.3878822,43.898991],[10.389301,43.8983579],[10.3897533,43.8982863],[10.3901342,43.898383],[10.3914144,43.8983979],[10.3931479,43.8986199],[10.3936343,43.8986155],[10.393983,43.8984851],[10.3952557,43.8984885],[10.396243,43.8982172],[10.3964543,43.8978442],[10.396773,43.8979169],[10.3971473,43.8977402],[10.3973224,43.897781],[10.3973745,43.8979757],[10.3975094,43.8981115],[10.3980318,43.8981318],[10.3983784,43.8984177],[10.3990703,43.8985973],[10.3998399,43.8985823],[10.4005391,43.8987459],[10.4016245,43.8987746],[10.402796,43.8982818],[10.4041344,43.8987222],[10.4051082,43.8989459],[10.4072788,43.8990031],[10.4077685,43.8991127],[10.4086494,43.8991497],[10.4088586,43.8992913],[10.4089804,43.8997411],[10.4090132,43.9005288],[10.4093178,43.9011747],[10.4100565,43.9017171],[10.4103686,43.9017853],[10.4120438,43.9016416],[10.4121064,43.9017263],[10.4121037,43.9023516],[10.4124732,43.9027204],[10.412418,43.9032608],[10.41252,43.9033665],[10.4132306,43.903224],[10.4168659,43.9029982],[10.4172552,43.9031878],[10.4172337,43.9036037],[10.4174467,43.9039409],[10.4183037,43.9048811],[10.4193042,43.9052122],[10.4205047,43.905032],[10.4210086,43.9050714],[10.4218203,43.9059545],[10.4234023,43.9068847],[10.4254119,43.9073599],[10.4265984,43.9075178],[10.4279351,43.9080957],[10.4287344,43.9079046],[10.4297788,43.9078786],[10.4301564,43.9079971],[10.4308488,43.9085017],[10.431479,43.9087818],[10.4323848,43.9090026],[10.4334341,43.9089119],[10.4348433,43.9084878],[10.435729,43.9078739],[10.4370838,43.9073662],[10.4372672,43.9072095],[10.4373727,43.9069781],[10.4376737,43.9067864],[10.4392136,43.906792],[10.440258,43.9070886],[10.4409503,43.907392],[10.4411368,43.9073742],[10.441398,43.9071648],[10.4416827,43.9067373],[10.4425671,43.9070096],[10.4443446,43.90696],[10.4464862,43.9067408],[10.4479692,43.9064916],[10.4481763,43.9063557],[10.448298,43.9048458],[10.448439,43.9045425],[10.4485555,43.9052254],[10.4493051,43.906052],[10.4509414,43.9087765],[10.4513474,43.909031],[10.4519168,43.9091542],[10.452174,43.9097935],[10.4528079,43.9107266],[10.4531756,43.911587],[10.453474,43.9118493],[10.4535459,43.9124714],[10.453474,43.9126755],[10.4532301,43.9129139],[10.4532491,43.913453],[10.4528938,43.9141464],[10.4529748,43.9144763],[10.4534971,43.9150056],[10.4539904,43.9157551],[10.4544341,43.9160548],[10.4544934,43.9163928],[10.4551704,43.9171293],[10.4554073,43.917666],[10.4559607,43.9178794],[10.4560845,43.9180047],[10.4560786,43.9184511],[10.4563748,43.9187629],[10.4565457,43.9190966],[10.4572818,43.9195472],[10.4582097,43.9203082],[10.4592509,43.9210282],[10.4601751,43.9213319],[10.460283,43.9215683],[10.4601834,43.9219323],[10.4613714,43.9224171],[10.4617216,43.9224025],[10.4624589,43.9226349],[10.4632883,43.9227027],[10.4632127,43.9233675],[10.4630976,43.9237278],[10.4629074,43.9239444],[10.4639114,43.9248045],[10.464599,43.9252299],[10.4659214,43.9255411],[10.4661973,43.9258156],[10.4667236,43.9259982],[10.4676397,43.9265419],[10.4679314,43.9265697],[10.4700825,43.9277126],[10.4701883,43.927992],[10.4704528,43.9282205],[10.4711051,43.9291856],[10.4716444,43.9294753],[10.4737323,43.9293253],[10.4746738,43.9294756],[10.4773607,43.9305122],[10.4785902,43.9303394],[10.4788462,43.9301687],[10.4794302,43.9290946],[10.480735,43.9283073],[10.4824337,43.9282516],[10.4842597,43.9277961],[10.4857522,43.9267582],[10.4859837,43.9264997],[10.4871029,43.9258123],[10.4890039,43.9252218],[10.4916737,43.923953],[10.4928057,43.9236633],[10.4932898,43.9231624],[10.4935221,43.9230344],[10.4939312,43.9235724],[10.493985,43.9232854],[10.4941403,43.9231138],[10.4944364,43.9231008],[10.4951971,43.9225385],[10.4954474,43.9224636],[10.4959409,43.9230272],[10.4961462,43.923121],[10.4967986,43.9242265],[10.4968039,43.9249749],[10.4969617,43.9251079],[10.4974205,43.9253282],[10.4984757,43.9252977],[10.4989258,43.9254607],[10.4990204,43.925532],[10.4990675,43.9257912],[10.4989716,43.9259977],[10.4990353,43.926104],[10.5005719,43.9259542],[10.5010314,43.9263482],[10.501842,43.9267135],[10.5023859,43.9270551],[10.5024006,43.928089],[10.5025013,43.9283066],[10.5030836,43.9288685],[10.5032971,43.9300668],[10.5043703,43.9311405],[10.5044831,43.931069],[10.504781,43.9314201],[10.5054814,43.9308764],[10.5081262,43.9318425],[10.5087666,43.931979],[10.5088907,43.9321061],[10.5089127,43.9325663],[10.5084413,43.9337816],[10.5081812,43.9341697],[10.5078097,43.9344945],[10.5073087,43.9347264],[10.5068171,43.9348362],[10.5053078,43.9348538],[10.5037652,43.9347355],[10.5018043,43.935131],[10.5015419,43.9353705],[10.5009051,43.9355597],[10.5002056,43.935653],[10.5002329,43.936016],[10.5005203,43.9370534],[10.5006154,43.9384113],[10.5009528,43.9398184],[10.5011867,43.9403163],[10.5016444,43.9409996],[10.5027607,43.9422446],[10.5035444,43.9434919],[10.5041706,43.9446993],[10.5042176,43.9449967],[10.5041244,43.9467311],[10.5041757,43.9474236],[10.5040988,43.9482622],[10.5043327,43.9501391],[10.5046614,43.9519438],[10.504918,43.9529034],[10.5051425,43.953249],[10.5057244,43.9535224],[10.5065462,43.9537094],[10.5088571,43.9551922],[10.5096336,43.9558775],[10.5097335,43.9561777],[10.509169,43.9569242],[10.5093959,43.9575155],[10.5098713,43.957972],[10.5112373,43.9585358],[10.5119184,43.9591412],[10.5138706,43.9600946],[10.5174859,43.9583144],[10.5180171,43.9569915],[10.5178531,43.9566312],[10.5183386,43.9559448],[10.5188762,43.9556305],[10.5194583,43.9550687],[10.5216499,43.9534856],[10.5218182,43.9530672],[10.522332,43.9527381],[10.5230879,43.9525235],[10.523187,43.9518599],[10.5229075,43.950801],[10.5232894,43.9504485],[10.5237914,43.9502239],[10.5248335,43.9495434],[10.5247583,43.9494824],[10.5252593,43.9490021],[10.5263766,43.9484528],[10.5270861,43.9483457],[10.5281798,43.9479131],[10.5287092,43.9479887],[10.5299368,43.9483948],[10.5304243,43.9486439],[10.530907,43.9486195],[10.5311389,43.9485322],[10.5313442,43.9485814],[10.5319039,43.9491461],[10.5321128,43.9491646],[10.5323948,43.9493186],[10.5329667,43.9493192],[10.5340172,43.9496896],[10.5346824,43.9500316],[10.5351019,43.9501043],[10.5352024,43.9506761],[10.5353997,43.9510049],[10.5355049,43.9510032],[10.5359248,43.9519516],[10.536407,43.9526576],[10.536722,43.95273],[10.536696,43.9530163],[10.5371949,43.9530864],[10.5378638,43.9535134],[10.5391643,43.9534214],[10.540757,43.9522414],[10.5427144,43.9513478],[10.5447102,43.9506405],[10.5484792,43.9491107],[10.5511376,43.9490244],[10.5528232,43.9486042],[10.553285,43.948366],[10.5559309,43.9478108],[10.5613701,43.9473594],[10.5609595,43.9458017],[10.5629717,43.9451254],[10.5673417,43.9433613],[10.5675786,43.9431412],[10.5684985,43.9427135],[10.5723865,43.9417128],[10.5737641,43.9411679],[10.5703423,43.9371782],[10.5632754,43.9294694],[10.5626608,43.9264527],[10.5623636,43.9241429],[10.5626657,43.9237877],[10.5632115,43.9236992],[10.5645961,43.9223478],[10.5652846,43.921528],[10.5662048,43.9200479],[10.5665052,43.9194161],[10.5668867,43.9190108],[10.5674641,43.9171985],[10.5679225,43.9166841],[10.5680483,43.9162593],[10.5679265,43.916004],[10.5669171,43.9151322],[10.5661896,43.9144073],[10.5659589,43.9140492],[10.5660211,43.9138628],[10.5663553,43.9135811],[10.5662647,43.9133305],[10.5653253,43.9128314],[10.5637093,43.9117106],[10.5636291,43.9115553],[10.5638592,43.9111918],[10.5637101,43.911049],[10.5632445,43.910942],[10.5629269,43.9107174],[10.5629752,43.9102533],[10.5631085,43.9101719],[10.5630836,43.9100635],[10.5625184,43.9098369],[10.5623682,43.9096398],[10.5624911,43.9091246],[10.5622392,43.908948],[10.5622888,43.9087119],[10.5640199,43.9086346],[10.5646103,43.9087503],[10.5656263,43.908599],[10.5656094,43.9084833],[10.5658599,43.9085035],[10.5662807,43.9076102],[10.5664666,43.907552],[10.567035,43.9070225],[10.5683053,43.9067108],[10.5684877,43.9049693],[10.5675457,43.904049],[10.5667421,43.9037475],[10.5645518,43.9026243],[10.5627118,43.9014679],[10.5597573,43.9004521],[10.5580185,43.9005327],[10.5579699,43.900901],[10.5581538,43.901039],[10.5578414,43.9011022],[10.5577025,43.9013573],[10.5569139,43.9011948],[10.5565172,43.9009901],[10.5564478,43.9010514],[10.5553902,43.9004022],[10.5547934,43.8995199],[10.5544712,43.8992963],[10.5542473,43.8992613],[10.5537977,43.8988862],[10.5529979,43.897963],[10.5521927,43.8975035],[10.5520318,43.8977534],[10.5521393,43.897824],[10.5521117,43.8982407],[10.5511796,43.8979668],[10.550979,43.8979966],[10.5498157,43.8976383],[10.5498131,43.8975662],[10.5460783,43.8978883],[10.5460872,43.8981357],[10.5448869,43.8981868],[10.5447319,43.8973124],[10.5429723,43.8974413],[10.5426068,43.8965741],[10.5423329,43.8964935],[10.5414312,43.8966104],[10.5411678,43.8965549],[10.5406584,43.8966091],[10.5401858,43.8968771],[10.5396502,43.8959478],[10.5393028,43.8963238],[10.5393492,43.8963941],[10.5391467,43.8965006],[10.5391153,43.8966711],[10.5389152,43.8966558],[10.5385344,43.8968766],[10.5378762,43.8985781],[10.5375779,43.8985921],[10.5375135,43.8978054],[10.5347042,43.8979295],[10.5345291,43.8966286],[10.5340838,43.8952334],[10.5332067,43.8934154],[10.531826,43.8920241],[10.5307864,43.8911718],[10.5296834,43.8887734],[10.5295707,43.8881094],[10.5300411,43.8872884],[10.5300733,43.8863896],[10.5297764,43.8856028],[10.5302852,43.8854845],[10.531249,43.8855999],[10.5313348,43.8854609],[10.5317495,43.8853523],[10.5318887,43.8855448],[10.5327942,43.8853298],[10.5333918,43.8853167],[10.5330584,43.8846753],[10.5361593,43.8835774],[10.5396032,43.8817983],[10.5444795,43.8802862],[10.5463391,43.8794793],[10.5463514,43.8793441],[10.5464839,43.8793468],[10.5464367,43.8786706],[10.5478309,43.8779832],[10.5474372,43.8775378],[10.5489746,43.8767261],[10.5486581,43.8763462],[10.5483735,43.8761535],[10.5473596,43.8757173],[10.5488496,43.8753221],[10.5486294,43.8747616],[10.5488676,43.8746649],[10.5481268,43.8734191],[10.5479859,43.8734862],[10.547836,43.8722014],[10.5489298,43.8716209],[10.549429,43.8708755],[10.5498493,43.8705043],[10.5506896,43.8695053],[10.5498442,43.869602],[10.5489733,43.8701216],[10.5481954,43.8687255],[10.5480181,43.8686893],[10.5485138,43.8681554],[10.548304,43.8680819],[10.5478218,43.8680589],[10.5474243,43.8681446],[10.5457114,43.868857],[10.5461419,43.8681597],[10.5464431,43.8678201],[10.5476212,43.8668171],[10.5484277,43.8659633],[10.5491986,43.8645434],[10.5504267,43.8635006],[10.5511035,43.8627576],[10.5518333,43.8623595],[10.5527227,43.8616513],[10.5527289,43.8614996],[10.5525151,43.8614894],[10.552536,43.8608614],[10.5529907,43.8609204],[10.5539954,43.8603739],[10.5550849,43.8601859],[10.5550026,43.8596508],[10.5560816,43.8577166],[10.5565762,43.8578025],[10.5568646,43.8542716],[10.5571768,43.8542789],[10.5578262,43.8532606],[10.5577132,43.8531109],[10.5576762,43.851825],[10.5573919,43.8511259],[10.5573855,43.8508237],[10.5573466,43.8507428],[10.5571923,43.8507552],[10.5571808,43.850124],[10.5577597,43.8494836],[10.5588663,43.8490952],[10.5600451,43.849005],[10.5599767,43.8479725],[10.5600628,43.8472484],[10.5597136,43.8460454],[10.5594872,43.8430401],[10.5596122,43.8414893],[10.5595519,43.8413142],[10.5591514,43.8407801],[10.5583293,43.8403893],[10.5571502,43.8401194],[10.5567305,43.839624],[10.5563566,43.8394499],[10.5549554,43.8391512],[10.5538227,43.8391591],[10.5530615,43.8394301],[10.5527603,43.8394114],[10.551888,43.8391096],[10.551008,43.8384632],[10.5500416,43.8383738],[10.5493665,43.8383705],[10.5480629,43.8387056],[10.5477604,43.8386598],[10.5465287,43.8380598],[10.5463396,43.8379126],[10.5462374,43.8376431],[10.5418187,43.8378126],[10.5395869,43.83777],[10.5393613,43.8398596],[10.5394632,43.8401458],[10.5390553,43.8402382],[10.5387661,43.8406023],[10.538418,43.8407341],[10.5377903,43.8392129],[10.5377581,43.8389472],[10.5375326,43.8386027],[10.5374089,43.8377555],[10.5368912,43.8376201],[10.5366128,43.8374432],[10.5362185,43.8377627],[10.535725,43.8379134],[10.5341369,43.8379248],[10.5336267,43.8376574],[10.533016,43.8371161],[10.5329771,43.8368735],[10.5331072,43.8363996],[10.5333743,43.8358631],[10.5333381,43.8353783],[10.5332292,43.8351738],[10.5327993,43.8348487],[10.5326555,43.8346081],[10.5325796,43.8335184],[10.5332915,43.8324242],[10.5333792,43.8321435],[10.5337005,43.8309369],[10.5335581,43.8303827],[10.5332362,43.8299932],[10.5330205,43.8299305],[10.5325748,43.8299735],[10.5324688,43.8288853],[10.5315241,43.8288475],[10.5319855,43.8279373],[10.530735,43.827945],[10.5309923,43.8276968],[10.5309815,43.8272012],[10.5308305,43.8270211],[10.531106,43.8261416],[10.5309491,43.8258664],[10.5309402,43.8256621],[10.5306328,43.8248534],[10.5300119,43.8246978],[10.5297528,43.8239131],[10.529008,43.8236836],[10.5286316,43.822871],[10.5278025,43.82254],[10.5261946,43.8214973],[10.5261989,43.8214048],[10.525177,43.8214028],[10.5251882,43.8214785],[10.523761,43.8218148],[10.5225602,43.8218539],[10.5223888,43.8221933],[10.5225481,43.8231277],[10.5221943,43.8232693],[10.5221742,43.8238429],[10.5223781,43.8244043],[10.5222654,43.8245746],[10.5211064,43.8254378],[10.5198286,43.8252791],[10.5184084,43.8257975],[10.517747,43.8258353],[10.5172588,43.8257387],[10.5165529,43.8253254],[10.5160043,43.8249219],[10.5156334,43.8243193],[10.5153976,43.823731],[10.5154459,43.8235439],[10.5157627,43.8231234],[10.5157949,43.8229136],[10.5157045,43.8215751],[10.5154038,43.8213275],[10.5128621,43.8203441],[10.5124644,43.8202548],[10.5110211,43.820488],[10.5053388,43.819849],[10.5059254,43.8193218],[10.5067303,43.8181138],[10.5075608,43.8174792],[10.5049644,43.8170465],[10.5012804,43.818928],[10.5013117,43.8190354],[10.4999642,43.8192636],[10.4997494,43.8194219],[10.4996434,43.8197627],[10.4993919,43.8197021],[10.4994827,43.8192673],[10.4983285,43.8192593],[10.4982487,43.8187262],[10.4976682,43.8185783],[10.4975878,43.8182762],[10.497599,43.8175257],[10.4966388,43.8174606],[10.4967203,43.8167488],[10.4962311,43.8167359],[10.496145,43.8158467],[10.4956622,43.8159731],[10.4955241,43.8151039],[10.4954173,43.8148932],[10.4954806,43.8146884],[10.4953135,43.8130483],[10.4953723,43.8123902],[10.4949544,43.8121926],[10.4939687,43.8111623],[10.4939941,43.8090763],[10.49386,43.8070944],[10.4939303,43.8067961],[10.4942948,43.8067646],[10.49443,43.8064434],[10.4942836,43.8049747],[10.4947414,43.8037669],[10.4947076,43.8032113],[10.4949967,43.802708],[10.4947137,43.8023374],[10.4943879,43.8016452],[10.494515,43.8005642],[10.4944399,43.8002227],[10.4947081,43.7995247],[10.49489,43.7983925],[10.4949098,43.7971926],[10.4949962,43.7971318],[10.4949107,43.796388],[10.4946257,43.795752],[10.4936999,43.794887],[10.4927501,43.7932178],[10.4926525,43.7932178],[10.4921426,43.7924153],[10.4915523,43.7920445],[10.4910982,43.7914478],[10.4910343,43.7907231],[10.4911084,43.7886701],[10.4902562,43.7858136],[10.4899365,43.7835744],[10.4894376,43.7832746],[10.4892477,43.7819477],[10.488973,43.7814349],[10.4884784,43.781012],[10.4881287,43.7788485],[10.4871009,43.7773766],[10.4862468,43.7755895],[10.4908753,43.7753098],[10.4989434,43.7715966],[10.4992845,43.770801],[10.4994412,43.7701142],[10.4993865,43.7696892],[10.4984332,43.7684651],[10.4981494,43.7679698],[10.4981953,43.7678718],[10.4976173,43.7669992],[10.4975191,43.7665746],[10.4975389,43.7654659],[10.4978833,43.7645128],[10.4975389,43.7637988],[10.4972423,43.7628795],[10.4969596,43.7612678],[10.4966479,43.7605363],[10.4961345,43.7597254],[10.4961158,43.7594592],[10.4957247,43.7590106],[10.495596,43.7585913],[10.4946339,43.7582935],[10.4931497,43.7584146],[10.4899665,43.7594691],[10.4864785,43.7600325],[10.4848141,43.7601023],[10.4825365,43.7596733],[10.4815454,43.7598439],[10.480486,43.759669],[10.4794228,43.7611863],[10.4790982,43.7617976],[10.477417,43.7627635],[10.4768787,43.76249],[10.4758958,43.762464],[10.4749913,43.7625415],[10.4743095,43.7627233],[10.4723387,43.7636662],[10.471546,43.764695],[10.4698337,43.7658921],[10.4688834,43.7664163],[10.4682367,43.7666603],[10.4649888,43.7658885],[10.4648386,43.7656667],[10.4614997,43.7662138],[10.4592991,43.7660813],[10.4583388,43.7664549],[10.4578463,43.7663806],[10.456621,43.7659666],[10.4536394,43.7652778],[10.451522,43.7675199],[10.4507855,43.7703148],[10.4499803,43.7728752],[10.4491783,43.7729281],[10.4485584,43.7732779],[10.4447743,43.7749458],[10.4412228,43.7778719],[10.4407951,43.7784398],[10.4408648,43.7794951],[10.4402032,43.7800545],[10.4398853,43.7817119],[10.4393023,43.7828644],[10.4392358,43.78468],[10.4396701,43.7860461],[10.4398809,43.7862112],[10.4394885,43.7867311],[10.4395395,43.7875408],[10.4393957,43.7880846],[10.4398486,43.7896322],[10.4405359,43.7898155],[10.440703,43.790111],[10.4421714,43.7904339],[10.4421145,43.790741],[10.4433748,43.791108],[10.4449477,43.7911484],[10.445648,43.7916864],[10.4454894,43.7920559],[10.4476142,43.7932009],[10.448729,43.7935968],[10.4506765,43.7938045],[10.450924,43.7940169],[10.4506658,43.7959371],[10.4504644,43.7964957],[10.4506081,43.7972111],[10.4512485,43.7978699],[10.4513435,43.7984418],[10.4515616,43.7989747],[10.4515112,43.8000063],[10.4517192,43.8004733],[10.4516115,43.8006171],[10.4516075,43.8014632],[10.4513433,43.802054],[10.4514077,43.8028635],[10.4518885,43.8032655],[10.4520593,43.8040167],[10.4523194,43.8044196],[10.4524658,43.8049663],[10.4528023,43.8054006],[10.4512058,43.8061439],[10.4503056,43.8067178],[10.4494648,43.8070622],[10.4489745,43.8070705],[10.4484632,43.8072632],[10.4474434,43.8079298],[10.4465278,43.8086968],[10.4463074,43.8090175],[10.4422845,43.8076347],[10.4413714,43.8075923],[10.4400877,43.8076992],[10.4393426,43.8078158],[10.4390509,43.8080264],[10.43897,43.8086275],[10.4387297,43.8089371],[10.4368651,43.810841],[10.4364312,43.811206],[10.436077,43.8113653],[10.4359897,43.8117075],[10.4360387,43.8120388],[10.4356908,43.8128946],[10.4354808,43.8140374],[10.4348361,43.8149215],[10.4345383,43.8155016],[10.4337555,43.8161455],[10.4329482,43.8175915],[10.4324213,43.8180166],[10.4322283,43.8184492],[10.4315038,43.8195774],[10.4311588,43.8199626],[10.4309072,43.8205104],[10.4306052,43.8207686],[10.4293343,43.8214763],[10.4293412,43.8225366],[10.4290965,43.8234018],[10.4292054,43.8239503],[10.4293485,43.8242007],[10.4291131,43.8246132],[10.4286139,43.8247398],[10.4286891,43.8247913],[10.4278485,43.8257297],[10.4275292,43.8262071],[10.4274132,43.8270956],[10.4275796,43.8280564],[10.4275943,43.8287377],[10.4277952,43.829293],[10.4273968,43.8299782],[10.4273063,43.8303559],[10.4267948,43.83106],[10.4273886,43.8312751],[10.4270267,43.8316277],[10.4270724,43.832416],[10.4271783,43.8330433],[10.4272947,43.8332327],[10.4271633,43.8334545],[10.4272655,43.8335709],[10.4271456,43.8337566],[10.4263732,43.8342159],[10.4255383,43.8340989],[10.4252339,43.834394],[10.4227493,43.833295],[10.4206275,43.8320708],[10.419093,43.8308039],[10.418367,43.8300867],[10.4176889,43.8290983],[10.417424,43.8285702],[10.4166066,43.826322],[10.4160241,43.825172],[10.4153313,43.8240711],[10.4141485,43.8247708],[10.4133227,43.8248171],[10.4121406,43.8254929],[10.409797,43.8272518],[10.4088621,43.8268272],[10.4075223,43.8265628],[10.4068702,43.8266337],[10.4060624,43.8265454],[10.4058576,43.8259153],[10.4048703,43.8253611],[10.4046362,43.8250796],[10.4045653,43.8227608],[10.4047032,43.8223985],[10.4034609,43.8209415],[10.4028562,43.8209867],[10.402021,43.8206096],[10.4011578,43.8194802],[10.3976604,43.8194526],[10.3966213,43.8198151],[10.392405,43.8183982],[10.3899802,43.8182652],[10.3887546,43.818542],[10.3880887,43.8173773],[10.3871225,43.8167438],[10.38707,43.8164792],[10.3846952,43.8155551],[10.3812575,43.8140745],[10.3810869,43.8138523],[10.3810529,43.8132806],[10.3807884,43.8126556],[10.3767071,43.8127231],[10.3763061,43.813209],[10.3759621,43.8134291],[10.375887,43.8136162],[10.3737433,43.8141386],[10.3738991,43.8143706],[10.3743177,43.8145241],[10.3738479,43.8169894],[10.3736397,43.8174529],[10.3733848,43.8177629],[10.3735006,43.8179694],[10.3739692,43.8183373],[10.3739759,43.8185357],[10.3734939,43.8192048],[10.3729241,43.8197871],[10.3726814,43.8205149],[10.3714509,43.8213786],[10.3708133,43.8219221],[10.3708133,43.8222594],[10.3705729,43.8226337],[10.3695598,43.8236249],[10.3692392,43.8238144],[10.3681638,43.8240747],[10.3672732,43.8245405],[10.367025,43.824956],[10.3665852,43.8264103],[10.3664872,43.8269147],[10.3664182,43.8282944],[10.3663002,43.8286221],[10.3657614,43.8292004],[10.3646436,43.8300758],[10.3655938,43.8311158],[10.365639,43.8320905],[10.3654112,43.8326501],[10.365586,43.8338295],[10.3675618,43.8334329],[10.3677171,43.8336644],[10.3673101,43.8340436],[10.3666154,43.8352793],[10.3676383,43.8360358],[10.3679301,43.8359751],[10.3680756,43.8364333],[10.3691009,43.8364083],[10.3688747,43.8373962],[10.3679773,43.8383063],[10.3678573,43.8387365],[10.3679381,43.8387484],[10.3675603,43.8394218],[10.3674058,43.8396447],[10.3670786,43.8398937],[10.3671918,43.8400387],[10.3664723,43.840403],[10.3658589,43.8410972],[10.3663599,43.8410065],[10.366279,43.8413277],[10.3664557,43.8414208],[10.3664332,43.8415266],[10.3668063,43.8415748],[10.367906,43.8426575],[10.368003,43.8432719],[10.3698792,43.8438549],[10.3703541,43.8437447],[10.3707424,43.843535],[10.3713411,43.8434177],[10.3712996,43.8426714],[10.3714051,43.8423916],[10.3720885,43.8417312],[10.372996,43.841487],[10.3738203,43.8414702],[10.3743671,43.8408472],[10.3748963,43.8404431],[10.3752312,43.8408221],[10.3755951,43.8410661],[10.3761581,43.840488],[10.3772513,43.8397313],[10.3775755,43.8399232],[10.3775577,43.8400328],[10.3777986,43.8401981],[10.3773109,43.840696],[10.3772777,43.8408378],[10.3800233,43.8408677],[10.3811044,43.8409549],[10.3810485,43.8413154],[10.3819385,43.8409676],[10.3824607,43.8409398],[10.382478,43.8408605],[10.3832508,43.8409928],[10.3841129,43.8414345],[10.3842361,43.8413674],[10.3852755,43.8420885],[10.3852347,43.8421393],[10.3860565,43.8425678],[10.3875273,43.8427081],[10.3880909,43.8430162],[10.3889654,43.8430613],[10.3894903,43.8429216],[10.3913529,43.8432021],[10.3915402,43.8433801],[10.3921876,43.8433096],[10.3921538,43.8431072],[10.3922183,43.8430152],[10.3927688,43.8425888],[10.3928197,43.8418209],[10.3932377,43.8418239],[10.3934135,43.8419109],[10.3941898,43.8420092],[10.3944447,43.84243],[10.3948007,43.8426046],[10.3950209,43.8429693],[10.3949755,43.8431422],[10.3960852,43.8428935],[10.3961979,43.8441376],[10.3954884,43.8441764],[10.395593,43.8446309],[10.3957565,43.8448566],[10.3970043,43.8458551],[10.3952082,43.8460446],[10.3941034,43.8469484],[10.3939894,43.8471112],[10.3939891,43.8473822],[10.3940633,43.8475709],[10.3945161,43.8479504],[10.3945878,43.848383],[10.3941004,43.8484068],[10.3936755,43.8490509],[10.3935741,43.8490664],[10.3936552,43.8499317],[10.3931936,43.8502677],[10.3928846,43.8501017],[10.3919467,43.8501108],[10.3902401,43.8504017],[10.3888585,43.8513679],[10.3877231,43.8525274],[10.3851823,43.8521477],[10.3819321,43.8520369],[10.381389,43.8521554],[10.3813481,43.8522748],[10.3815063,43.8525645],[10.3813903,43.8526404],[10.3809772,43.8523566],[10.3803383,43.8524412],[10.3792318,43.8523585],[10.3790507,43.8526296],[10.3786887,43.8528189],[10.3784254,43.8531285],[10.3780047,43.8534034],[10.3775789,43.853189],[10.3773031,43.853157],[10.3763075,43.8532028],[10.3755217,43.8534275],[10.3754667,43.8537171],[10.3753637,43.8538368],[10.3747178,43.8539893],[10.3739598,43.8546047],[10.3731617,43.8549824],[10.3730215,43.8551787],[10.3723569,43.8555616],[10.3720045,43.8560096],[10.3719734,43.856395],[10.3720824,43.8573468],[10.3715795,43.857871],[10.3709324,43.8583224],[10.3708612,43.8586322],[10.3707343,43.8587396],[10.3704374,43.8594365],[10.3700834,43.8594014],[10.3695546,43.8601835],[10.3697393,43.8610771],[10.3696362,43.8613651],[10.3696608,43.8625917],[10.3704139,43.8663796],[10.3702777,43.8686163],[10.370274,43.8700499],[10.3702095,43.8702078],[10.3697643,43.8703607],[10.3695667,43.8707547],[10.3696155,43.8712567],[10.3698797,43.8717015],[10.3695153,43.8718203],[10.369217,43.8720834],[10.369791,43.8725865],[10.3698115,43.8726952],[10.3686003,43.8738663],[10.3686033,43.8741236],[10.3686863,43.874203],[10.3685642,43.874369],[10.3684509,43.8743688],[10.367435,43.8768041],[10.3627442,43.8805814],[10.3632178,43.8807487]]]},"properties":{"type":"boundary","gemeente":"Lucca"}}]}