{"type":"FeatureCollection","metadata":{"gemeente":"Marsala","slug":"marsala","generated_at":"2026-09-26T14:27:31.443884Z","total_points":205,"providers":["PosteItaliane","DPD","InPost","GLS","DHL","Amazon","FedEx"],"bounds":[12.433228134719432,37.7212,12.53550129,37.878598]},"features":[{"type":"Feature","geometry":{"type":"Point","coordinates":[12.43998066,37.80427841]},"properties":{"type":"pakketpunt","locatieNaam":"Tabaccheria N. 31","straatNaam":"Corso Antonio Gramsci","straatNr":"117","vervoerder":"PosteItaliane","puntType":"servicepunt","bezettingsgraad":50,"latitude":37.80427841,"longitude":12.43998066,"canPickup":true,"canDropoff":true,"openingstijden":{"za":"08:00 - 20:00","zo":"08:30 - 13:00, 16:30 - 20:00","ma":"08:00 - 13:30, 16:00 - 20:00","di":"08:00 - 13:30, 16:00 - 20:00","wo":"08:00 - 13:30, 16:00 - 20:00","do":"08:00 - 13:30, 16:00 - 20:00","vr":"08:00 - 13:30, 16:00 - 20:00"}}},{"type":"Feature","geometry":{"type":"Point","coordinates":[12.48493447,37.75154392]},"properties":{"type":"pakketpunt","locatieNaam":"Terrenove Bambina","straatNaam":"Contrada Terrenove","straatNr":"62/h","vervoerder":"PosteItaliane","puntType":"postkantoor","bezettingsgraad":50,"latitude":37.75154392,"longitude":12.48493447,"canPickup":true,"canDropoff":true,"openingstijden":{"za":"08:20 - 12:35","zo":"gesloten","ma":"08:20 - 13:35","di":"08:20 - 13:35","wo":"08:20 - 13:35","do":"08:20 - 13:35","vr":"08:20 - 13:35"}}},{"type":"Feature","geometry":{"type":"Point","coordinates":[12.52687531,37.83962142]},"properties":{"type":"pakketpunt","locatieNaam":"Bufalata","straatNaam":"Contrada Madonna Cava Bufalata","straatNr":"344","vervoerder":"PosteItaliane","puntType":"postkantoor","bezettingsgraad":50,"latitude":37.83962142,"longitude":12.52687531,"canPickup":true,"canDropoff":true,"openingstijden":{"ma":"gesloten","di":"gesloten","wo":"gesloten","do":"gesloten","vr":"gesloten","za":"gesloten","zo":"gesloten"}}},{"type":"Feature","geometry":{"type":"Point","coordinates":[12.53550129,37.81581722]},"properties":{"type":"pakketpunt","locatieNaam":"Matarocco","straatNaam":"Contrada Paolini","straatNr":"10","vervoerder":"PosteItaliane","puntType":"postkantoor","bezettingsgraad":50,"latitude":37.81581722,"longitude":12.53550129,"canPickup":true,"canDropoff":true,"openingstijden":{"za":"08:20 - 12:45","zo":"gesloten","ma":"08:20 - 13:45","di":"08:20 - 13:45","wo":"08:20 - 13:45","do":"08:20 - 13:45","vr":"08:20 - 13:45"}}},{"type":"Feature","geometry":{"type":"Point","coordinates":[12.52428701,37.74296031]},"properties":{"type":"pakketpunt","locatieNaam":"Santo Padre Delle Perriere","straatNaam":"Contrada Sant'anna","straatNr":"239","vervoerder":"PosteItaliane","puntType":"postkantoor","bezettingsgraad":50,"latitude":37.74296031,"longitude":12.52428701,"canPickup":true,"canDropoff":true,"openingstijden":{"za":"gesloten","zo":"gesloten","ma":"08:20 - 13:45","di":"gesloten","wo":"08:20 - 13:45","do":"gesloten","vr":"08:20 - 13:45"}}},{"type":"Feature","geometry":{"type":"Point","coordinates":[12.49643407,37.87859777]},"properties":{"type":"pakketpunt","locatieNaam":"Ragattisi","straatNaam":"Contrada Birgi Nivaloro","straatNr":"229","vervoerder":"PosteItaliane","puntType":"postkantoor","bezettingsgraad":50,"latitude":37.87859777,"longitude":12.49643407,"canPickup":true,"canDropoff":true,"openingstijden":{"za":"08:20 - 12:45","zo":"gesloten","ma":"08:20 - 13:45","di":"08:20 - 13:45","wo":"08:20 - 13:45","do":"08:20 - 13:45","vr":"08:20 - 13:45"}}},{"type":"Feature","geometry":{"type":"Point","coordinates":[12.50993271,37.72863635]},"properties":{"type":"pakketpunt","locatieNaam":"Strasatti Di Marsala","straatNaam":"Contrada Cuore Di Gesu'","straatNr":"648/a","vervoerder":"PosteItaliane","puntType":"postkantoor","bezettingsgraad":50,"latitude":37.72863635,"longitude":12.50993271,"canPickup":true,"canDropoff":true,"openingstijden":{"za":"08:20 - 12:35","zo":"gesloten","ma":"08:20 - 13:35","di":"08:20 - 13:35","wo":"08:20 - 13:35","do":"08:20 - 13:35","vr":"08:20 - 13:35"}}},{"type":"Feature","geometry":{"type":"Point","coordinates":[12.49071505,37.83052772]},"properties":{"type":"pakketpunt","locatieNaam":"Tabaccaro","straatNaam":"Contrada Ranna","straatNr":"330","vervoerder":"PosteItaliane","puntType":"postkantoor","bezettingsgraad":50,"latitude":37.83052772,"longitude":12.49071505,"canPickup":true,"canDropoff":true,"openingstijden":{"za":"08:20 - 12:35","zo":"gesloten","ma":"08:20 - 13:35","di":"08:20 - 13:35","wo":"08:20 - 13:35","do":"08:20 - 13:35","vr":"08:20 - 13:35"}}},{"type":"Feature","geometry":{"type":"Point","coordinates":[12.45008725,37.79192757]},"properties":{"type":"pakketpunt","locatieNaam":"Marsala 3","straatNaam":"Via Nino Bixio","straatNr":"42","vervoerder":"PosteItaliane","puntType":"postkantoor","bezettingsgraad":50,"latitude":37.79192757,"longitude":12.45008725,"canPickup":true,"canDropoff":true,"openingstijden":{"za":"08:20 - 12:35","zo":"gesloten","ma":"08:20 - 13:35","di":"08:20 - 13:35","wo":"08:20 - 13:35","do":"08:20 - 13:35","vr":"08:20 - 13:35"}}},{"type":"Feature","geometry":{"type":"Point","coordinates":[12.43369438,37.79799079]},"properties":{"type":"pakketpunt","locatieNaam":"Marsala","straatNaam":"Via Giuseppe Garibaldi","straatNr":"1","vervoerder":"PosteItaliane","puntType":"postkantoor","bezettingsgraad":50,"latitude":37.79799079,"longitude":12.43369438,"canPickup":true,"canDropoff":true,"openingstijden":{"za":"08:20 - 12:35","zo":"gesloten","ma":"08:20 - 19:05","di":"08:20 - 19:05","wo":"08:20 - 19:05","do":"08:20 - 19:05","vr":"08:20 - 19:05"}}},{"type":"Feature","geometry":{"type":"Point","coordinates":[12.44209366,37.80665283]},"properties":{"type":"pakketpunt","locatieNaam":"Marsala 2","straatNaam":"Corso Antonio Gramsci","straatNr":"194","vervoerder":"PosteItaliane","puntType":"postkantoor","bezettingsgraad":50,"latitude":37.80665283,"longitude":12.44209366,"canPickup":true,"canDropoff":true,"openingstijden":{"za":"08:20 - 12:35","zo":"gesloten","ma":"08:20 - 13:35","di":"08:20 - 13:35","wo":"08:20 - 13:35","do":"08:20 - 13:35","vr":"08:20 - 13:35"}}},{"type":"Feature","geometry":{"type":"Point","coordinates":[12.44123137,37.79551437]},"properties":{"type":"pakketpunt","locatieNaam":"Marsala 1","straatNaam":"Via Roma","straatNr":"167","vervoerder":"PosteItaliane","puntType":"postkantoor","bezettingsgraad":50,"latitude":37.79551437,"longitude":12.44123137,"canPickup":true,"canDropoff":true,"openingstijden":{"za":"08:20 - 12:35","zo":"gesloten","ma":"08:20 - 13:35","di":"08:20 - 13:35","wo":"08:20 - 13:35","do":"08:20 - 13:35","vr":"08:20 - 13:35"}}},{"type":"Feature","geometry":{"type":"Point","coordinates":[12.47543561,37.78946147]},"properties":{"type":"pakketpunt","locatieNaam":"Tabaccheria N. 46","straatNaam":"Contrada San Silvestro","straatNr":"230","vervoerder":"PosteItaliane","puntType":"servicepunt","bezettingsgraad":50,"latitude":37.78946147,"longitude":12.47543561,"canPickup":true,"canDropoff":true,"openingstijden":{"za":"07:30 - 20:00","zo":"07:30 - 20:00","ma":"07:30 - 20:00","di":"07:30 - 20:00","wo":"07:30 - 20:00","do":"07:30 - 20:00","vr":"07:30 - 20:00"}}},{"type":"Feature","geometry":{"type":"Point","coordinates":[12.51814153,37.72122239]},"properties":{"type":"pakketpunt","locatieNaam":"Tabaccheria N. 73","straatNaam":"Contrada Strasatti","straatNr":"328/a","vervoerder":"PosteItaliane","puntType":"servicepunt","bezettingsgraad":50,"latitude":37.72122239,"longitude":12.51814153,"canPickup":true,"canDropoff":true,"openingstijden":{"za":"06:00 - 13:00, 15:30 - 20:00","zo":"gesloten","ma":"06:00 - 13:00, 15:30 - 20:00","di":"06:00 - 13:00, 15:30 - 20:00","wo":"06:00 - 13:00, 15:30 - 20:00","do":"06:00 - 13:00, 15:30 - 20:00","vr":"06:00 - 13:00, 15:30 - 20:00"}}},{"type":"Feature","geometry":{"type":"Point","coordinates":[12.50873261,37.84794815]},"properties":{"type":"pakketpunt","locatieNaam":"Tabaccheria N. 59","straatNaam":"Contrada Bosco","straatNr":"291","vervoerder":"PosteItaliane","puntType":"servicepunt","bezettingsgraad":50,"latitude":37.84794815,"longitude":12.50873261,"canPickup":true,"canDropoff":true,"openingstijden":{"za":"06:30 - 13:30, 15:00 - 20:00","zo":"gesloten","ma":"06:30 - 13:30, 15:00 - 20:00","di":"06:30 - 13:30, 15:00 - 20:00","wo":"06:30 - 13:30, 15:00 - 20:00","do":"06:30 - 13:30, 15:00 - 20:00","vr":"06:30 - 13:30, 15:00 - 20:00"}}},{"type":"Feature","geometry":{"type":"Point","coordinates":[12.43803019,37.7981623]},"properties":{"type":"pakketpunt","locatieNaam":"Centro Servizi Jema","straatNaam":"Via Giulio Anca Omodei","straatNr":"16","vervoerder":"PosteItaliane","puntType":"servicepunt","bezettingsgraad":50,"latitude":37.7981623,"longitude":12.43803019,"canPickup":true,"canDropoff":true,"openingstijden":{"za":"10:00 - 13:00, 16:30 - 19:30","zo":"gesloten","ma":"09:00 - 13:00, 16:30 - 19:30","di":"09:00 - 13:00, 16:30 - 19:30","wo":"09:00 - 13:00, 16:30 - 19:30","do":"09:00 - 13:00, 16:30 - 19:30","vr":"09:00 - 13:00, 16:30 - 19:30"}}},{"type":"Feature","geometry":{"type":"Point","coordinates":[12.44633572,37.79237045]},"properties":{"type":"pakketpunt","locatieNaam":"Stazione Di Servizio Esso","straatNaam":"Corso Calatafimi","straatNr":"112/a","vervoerder":"PosteItaliane","puntType":"automaat","bezettingsgraad":50,"latitude":37.79237045,"longitude":12.44633572,"canPickup":true,"canDropoff":true,"openingstijden":{"za":"00:01 - 23:59","zo":"00:01 - 23:59","ma":"00:01 - 23:59","di":"00:01 - 23:59","wo":"00:01 - 23:59","do":"00:01 - 23:59","vr":"00:01 - 23:59"}}},{"type":"Feature","geometry":{"type":"Point","coordinates":[12.43369438,37.79799079]},"properties":{"type":"pakketpunt","locatieNaam":"Ufficio Postale Marsala","straatNaam":"Via Giuseppe Garibaldi","straatNr":"1","vervoerder":"PosteItaliane","puntType":"automaat","bezettingsgraad":50,"latitude":37.79799079,"longitude":12.43369438,"canPickup":true,"canDropoff":true,"openingstijden":{"za":"08:20 - 12:35","zo":"gesloten","ma":"08:20 - 19:05","di":"08:20 - 19:05","wo":"08:20 - 19:05","do":"08:20 - 19:05","vr":"08:20 - 19:05"}}},{"type":"Feature","geometry":{"type":"Point","coordinates":[12.47408783,37.79636775]},"properties":{"type":"pakketpunt","locatieNaam":"Tabaccheria N. 35","straatNaam":"Contrada Amabilina","straatNr":"532/c","vervoerder":"PosteItaliane","puntType":"servicepunt","bezettingsgraad":50,"latitude":37.79636775,"longitude":12.47408783,"canPickup":true,"canDropoff":true,"openingstijden":{"za":"06:00 - 21:00","zo":"08:00 - 13:00","ma":"06:00 - 21:00","di":"06:00 - 21:00","wo":"06:00 - 21:00","do":"06:00 - 21:00","vr":"06:00 - 21:00"}}},{"type":"Feature","geometry":{"type":"Point","coordinates":[12.53209995,37.8042732]},"properties":{"type":"pakketpunt","locatieNaam":"Tabaccheria N. 19","straatNaam":"Contrada Canale","straatNr":"63","vervoerder":"PosteItaliane","puntType":"servicepunt","bezettingsgraad":50,"latitude":37.8042732,"longitude":12.53209995,"canPickup":true,"canDropoff":true,"openingstijden":{"za":"07:30 - 13:00, 16:00 - 20:00","zo":"gesloten","ma":"07:30 - 13:00, 16:00 - 20:00","di":"07:30 - 13:00, 16:00 - 20:00","wo":"07:30 - 13:00, 16:00 - 20:00","do":"07:30 - 13:00, 16:00 - 20:00","vr":"07:30 - 13:00, 16:00 - 20:00"}}},{"type":"Feature","geometry":{"type":"Point","coordinates":[12.44922325,37.79183157]},"properties":{"type":"pakketpunt","locatieNaam":"Tabaccheria N. 28","straatNaam":"Via Nino Bixio","straatNr":"16","vervoerder":"PosteItaliane","puntType":"servicepunt","bezettingsgraad":50,"latitude":37.79183157,"longitude":12.44922325,"canPickup":true,"canDropoff":true,"openingstijden":{"za":"06:00 - 13:25, 15:30 - 20:00","zo":"gesloten","ma":"06:00 - 13:25, 15:30 - 20:00","di":"06:00 - 13:25, 15:30 - 20:00","wo":"06:00 - 13:25, 15:30 - 20:00","do":"06:00 - 13:25, 15:30 - 20:00","vr":"06:00 - 13:25, 15:30 - 20:00"}}},{"type":"Feature","geometry":{"type":"Point","coordinates":[12.50821558,37.73245653]},"properties":{"type":"pakketpunt","locatieNaam":"Tabaccheria N. 55","straatNaam":"Contrada Cuore Di Gesu'","straatNr":"833/a","vervoerder":"PosteItaliane","puntType":"servicepunt","bezettingsgraad":50,"latitude":37.73245653,"longitude":12.50821558,"canPickup":true,"canDropoff":true,"openingstijden":{"za":"08:00 - 20:00","zo":"08:00 - 20:00","ma":"08:00 - 20:00","di":"08:00 - 20:00","wo":"08:00 - 20:00","do":"08:00 - 20:00","vr":"08:00 - 20:00"}}},{"type":"Feature","geometry":{"type":"Point","coordinates":[12.48202346,37.81989275]},"properties":{"type":"pakketpunt","locatieNaam":"Tabaccheria N. 68","straatNaam":"Contrada San Giuseppe Tafalia","straatNr":"117","vervoerder":"PosteItaliane","puntType":"servicepunt","bezettingsgraad":50,"latitude":37.81989275,"longitude":12.48202346,"canPickup":true,"canDropoff":true,"openingstijden":{"za":"07:00 - 13:30, 16:00 - 20:30","zo":"08:30 - 13:30","ma":"07:00 - 13:30, 16:00 - 20:30","di":"07:00 - 13:30, 16:30 - 20:30","wo":"07:00 - 13:30, 16:00 - 20:30","do":"07:00 - 13:30, 16:00 - 20:30","vr":"07:00 - 13:30, 16:00 - 20:30"}}},{"type":"Feature","geometry":{"type":"Point","coordinates":[12.46827068,37.79353174]},"properties":{"type":"pakketpunt","locatieNaam":"Tabaccheria N. 4","straatNaam":"Via Salemi","straatNr":"80","vervoerder":"PosteItaliane","puntType":"servicepunt","bezettingsgraad":50,"latitude":37.79353174,"longitude":12.46827068,"canPickup":true,"canDropoff":true,"openingstijden":{"za":"07:30 - 13:30, 16:00 - 20:00","zo":"gesloten","ma":"07:30 - 13:30, 16:00 - 20:00","di":"07:30 - 13:30, 16:00 - 20:00","wo":"07:30 - 13:30, 16:00 - 20:00","do":"07:30 - 13:30, 16:00 - 20:00","vr":"07:30 - 13:30, 16:00 - 20:00"}}},{"type":"Feature","geometry":{"type":"Point","coordinates":[12.45061235,37.78793695]},"properties":{"type":"pakketpunt","locatieNaam":"Tabaccheria N. 37","straatNaam":"Via Mazara","straatNr":"92","vervoerder":"PosteItaliane","puntType":"servicepunt","bezettingsgraad":50,"latitude":37.78793695,"longitude":12.45061235,"canPickup":true,"canDropoff":true,"openingstijden":{"za":"08:00 - 20:00","zo":"08:00 - 20:00","ma":"08:00 - 20:00","di":"08:00 - 20:00","wo":"08:00 - 20:00","do":"08:00 - 20:00","vr":"08:00 - 20:00"}}},{"type":"Feature","geometry":{"type":"Point","coordinates":[12.513846,37.725562]},"properties":{"type":"pakketpunt","locatieNaam":"Tabaccheria N. 27","straatNaam":"Contrada Strasatti","straatNr":"181","vervoerder":"PosteItaliane","puntType":"servicepunt","bezettingsgraad":50,"latitude":37.725562,"longitude":12.513846,"canPickup":true,"canDropoff":true,"openingstijden":{"za":"06:00 - 13:00, 15:00 - 20:00","zo":"gesloten","ma":"06:00 - 13:00, 15:00 - 20:00","di":"06:00 - 13:00, 15:00 - 20:00","wo":"06:00 - 13:00, 15:00 - 20:00","do":"06:00 - 13:00, 15:00 - 20:00","vr":"06:00 - 13:00, 15:00 - 20:00"}}},{"type":"Feature","geometry":{"type":"Point","coordinates":[12.43427021,37.79871128]},"properties":{"type":"pakketpunt","locatieNaam":"Tabaccheria N. 11","straatNaam":"Via Giuseppe Garibaldi","straatNr":"31","vervoerder":"PosteItaliane","puntType":"servicepunt","bezettingsgraad":50,"latitude":37.79871128,"longitude":12.43427021,"canPickup":true,"canDropoff":true,"openingstijden":{"za":"08:30 - 13:00, 16:30 - 20:00","zo":"gesloten","ma":"08:00 - 13:00, 16:00 - 20:00","di":"08:00 - 13:00, 16:00 - 20:00","wo":"08:00 - 13:00, 16:00 - 20:00","do":"08:00 - 13:00, 16:00 - 20:00","vr":"08:00 - 13:00, 16:00 - 20:00"}}},{"type":"Feature","geometry":{"type":"Point","coordinates":[12.43765914,37.80423083]},"properties":{"type":"pakketpunt","locatieNaam":"Tabaccheria N. 80","straatNaam":"Via Massimo D'azeglio","straatNr":"44","vervoerder":"PosteItaliane","puntType":"servicepunt","bezettingsgraad":50,"latitude":37.80423083,"longitude":12.43765914,"canPickup":true,"canDropoff":true,"openingstijden":{"za":"08:00 - 20:00","zo":"gesloten","ma":"08:00 - 20:00","di":"08:00 - 20:00","wo":"08:00 - 20:00","do":"08:00 - 20:00","vr":"08:00 - 20:00"}}},{"type":"Feature","geometry":{"type":"Point","coordinates":[12.48761748,37.79651218]},"properties":{"type":"pakketpunt","locatieNaam":"Tabaccheria N. 70","straatNaam":"Contrada Amabilina","straatNr":"310","vervoerder":"PosteItaliane","puntType":"servicepunt","bezettingsgraad":50,"latitude":37.79651218,"longitude":12.48761748,"canPickup":true,"canDropoff":true,"openingstijden":{"za":"08:00 - 19:30","zo":"08:00 - 19:30","ma":"08:00 - 19:30","di":"08:00 - 19:30","wo":"08:00 - 19:30","do":"08:00 - 19:30","vr":"08:00 - 19:30"}}},{"type":"Feature","geometry":{"type":"Point","coordinates":[12.51410944,37.84095873]},"properties":{"type":"pakketpunt","locatieNaam":"Tabaccheria N. 25","straatNaam":"Contrada Rakalia","straatNr":"95","vervoerder":"PosteItaliane","puntType":"servicepunt","bezettingsgraad":50,"latitude":37.84095873,"longitude":12.51410944,"canPickup":true,"canDropoff":true,"openingstijden":{"za":"08:30 - 13:00, 16:00 - 19:30","zo":"gesloten","ma":"08:30 - 13:00, 16:00 - 19:30","di":"08:30 - 13:00, 16:00 - 19:30","wo":"08:30 - 13:00, 16:00 - 19:30","do":"16:00 - 19:30","vr":"08:30 - 13:00, 16:00 - 19:30"}}},{"type":"Feature","geometry":{"type":"Point","coordinates":[12.50995267,37.72843547]},"properties":{"type":"pakketpunt","locatieNaam":"Stazione Di Servizio Eni","straatNaam":"Via Nazionale","straatNr":"1216","vervoerder":"PosteItaliane","puntType":"automaat","bezettingsgraad":50,"latitude":37.72843547,"longitude":12.50995267,"canPickup":true,"canDropoff":true,"openingstijden":{"za":"00:01 - 23:59","zo":"00:01 - 23:59","ma":"00:01 - 23:59","di":"00:01 - 23:59","wo":"00:01 - 23:59","do":"00:01 - 23:59","vr":"00:01 - 23:59"}}},{"type":"Feature","geometry":{"type":"Point","coordinates":[12.46335907,37.80646519]},"properties":{"type":"pakketpunt","locatieNaam":"Tabaccheria N. 21","straatNaam":"Via Trapani","straatNr":"392","vervoerder":"PosteItaliane","puntType":"servicepunt","bezettingsgraad":50,"latitude":37.80646519,"longitude":12.46335907,"canPickup":true,"canDropoff":true,"openingstijden":{"za":"07:00 - 20:00","zo":"gesloten","ma":"07:00 - 20:00","di":"07:00 - 20:00","wo":"07:00 - 20:00","do":"07:00 - 20:00","vr":"07:00 - 20:00"}}},{"type":"Feature","geometry":{"type":"Point","coordinates":[12.44226,37.8068]},"properties":{"type":"pakketpunt","locatieNaam":"Tabaccheria N. 74","straatNaam":"Corso Antonio Gramsci","straatNr":"196","vervoerder":"PosteItaliane","puntType":"servicepunt","bezettingsgraad":50,"latitude":37.8068,"longitude":12.44226,"canPickup":true,"canDropoff":true,"openingstijden":{"za":"07:30 - 13:30, 16:30 - 19:30","zo":"gesloten","ma":"07:30 - 13:30, 16:30 - 19:30","di":"07:30 - 13:30, 16:30 - 19:30","wo":"07:30 - 13:30, 16:30 - 19:30","do":"07:30 - 13:30, 16:30 - 19:30","vr":"07:30 - 13:30, 16:30 - 19:30"}}},{"type":"Feature","geometry":{"type":"Point","coordinates":[12.4468462,37.80510615]},"properties":{"type":"pakketpunt","locatieNaam":"Gc Broker Giacomo Catalano","straatNaam":"Via Trapani","straatNr":"129","vervoerder":"PosteItaliane","puntType":"servicepunt","bezettingsgraad":50,"latitude":37.80510615,"longitude":12.4468462,"canPickup":true,"canDropoff":true,"openingstijden":{"za":"gesloten","zo":"gesloten","ma":"09:00 - 13:00, 15:30 - 19:30","di":"09:00 - 13:00, 15:30 - 19:30","wo":"09:00 - 13:00, 15:30 - 19:30","do":"09:00 - 13:00, 15:30 - 19:30","vr":"09:00 - 13:00, 15:30 - 19:30"}}},{"type":"Feature","geometry":{"type":"Point","coordinates":[12.44480863,37.80046368]},"properties":{"type":"pakketpunt","locatieNaam":"Tabaccheria N. 9","straatNaam":"Via Della Gioventu'","straatNr":"28","vervoerder":"PosteItaliane","puntType":"servicepunt","bezettingsgraad":50,"latitude":37.80046368,"longitude":12.44480863,"canPickup":true,"canDropoff":true,"openingstijden":{"za":"07:30 - 13:02, 15:30 - 19:00","zo":"gesloten","ma":"07:30 - 13:02, 15:30 - 19:00","di":"07:30 - 13:02, 15:30 - 19:00","wo":"07:30 - 13:02, 15:30 - 19:00","do":"07:30 - 13:02, 15:30 - 19:00","vr":"07:30 - 13:02, 15:30 - 19:00"}}},{"type":"Feature","geometry":{"type":"Point","coordinates":[12.50676464,37.75090806]},"properties":{"type":"pakketpunt","locatieNaam":"Tabaccheria N. 56","straatNaam":"Contrada Bambina","straatNr":"77","vervoerder":"PosteItaliane","puntType":"servicepunt","bezettingsgraad":50,"latitude":37.75090806,"longitude":12.50676464,"canPickup":true,"canDropoff":true,"openingstijden":{"za":"07:30 - 13:00, 16:00 - 20:00","zo":"gesloten","ma":"07:30 - 13:00, 16:00 - 20:00","di":"07:30 - 13:00, 16:00 - 20:00","wo":"07:30 - 13:00, 16:00 - 20:00","do":"07:30 - 13:00, 16:00 - 20:00","vr":"07:30 - 13:00, 16:00 - 20:00"}}},{"type":"Feature","geometry":{"type":"Point","coordinates":[12.447256,37.797037]},"properties":{"type":"pakketpunt","locatieNaam":"Tabaccheria N. 64","straatNaam":"Via Sirtori","straatNr":"80","vervoerder":"PosteItaliane","puntType":"servicepunt","bezettingsgraad":50,"latitude":37.797037,"longitude":12.447256,"canPickup":true,"canDropoff":true,"openingstijden":{"za":"07:30 - 20:00","zo":"07:30 - 20:00","ma":"07:30 - 20:00","di":"07:30 - 20:00","wo":"07:30 - 20:00","do":"07:30 - 20:00","vr":"07:30 - 20:00"}}},{"type":"Feature","geometry":{"type":"Point","coordinates":[12.47837816,37.83929613]},"properties":{"type":"pakketpunt","locatieNaam":"Tabaccheria N. 15","straatNaam":"Contrada Pispisia","straatNr":"103","vervoerder":"PosteItaliane","puntType":"servicepunt","bezettingsgraad":50,"latitude":37.83929613,"longitude":12.47837816,"canPickup":true,"canDropoff":true,"openingstijden":{"za":"07:00 - 13:30, 16:00 - 20:00","zo":"09:00 - 13:00","ma":"07:00 - 13:30, 16:00 - 20:00","di":"07:00 - 13:30, 16:00 - 20:00","wo":"07:00 - 13:30, 16:00 - 20:00","do":"07:00 - 13:30, 16:00 - 20:00","vr":"07:00 - 13:30, 16:00 - 20:00"}}},{"type":"Feature","geometry":{"type":"Point","coordinates":[12.4365138,37.796592]},"properties":{"type":"pakketpunt","locatieNaam":"Camaci Planet","straatNaam":"Via Stefano Bilardello","straatNr":"70","vervoerder":"PosteItaliane","puntType":"servicepunt","bezettingsgraad":50,"latitude":37.796592,"longitude":12.4365138,"canPickup":true,"canDropoff":true,"openingstijden":{"za":"09:00 - 13:00","zo":"gesloten","ma":"09:00 - 13:00, 17:00 - 19:00","di":"09:00 - 13:00, 17:00 - 19:00","wo":"09:00 - 13:00, 17:00 - 19:00","do":"09:00 - 13:00, 17:00 - 19:00","vr":"09:00 - 13:00, 17:00 - 19:00"}}},{"type":"Feature","geometry":{"type":"Point","coordinates":[12.51506752,37.72902971]},"properties":{"type":"pakketpunt","locatieNaam":"Tabaccheria N. 47","straatNaam":"Via Fornara","straatNr":"972","vervoerder":"PosteItaliane","puntType":"servicepunt","bezettingsgraad":50,"latitude":37.72902971,"longitude":12.51506752,"canPickup":true,"canDropoff":true,"openingstijden":{"za":"07:00 - 13:30, 15:30 - 20:00","zo":"gesloten","ma":"07:00 - 13:30, 15:30 - 20:00","di":"07:00 - 13:30, 15:30 - 20:00","wo":"07:00 - 13:30, 15:30 - 20:00","do":"07:00 - 13:30, 15:30 - 20:00","vr":"07:00 - 13:30, 15:30 - 20:00"}}},{"type":"Feature","geometry":{"type":"Point","coordinates":[12.4917995,37.75082173]},"properties":{"type":"pakketpunt","locatieNaam":"Tabaccheria N. 50","straatNaam":"Contrada Bambina","straatNr":"216/o","vervoerder":"PosteItaliane","puntType":"servicepunt","bezettingsgraad":50,"latitude":37.75082173,"longitude":12.4917995,"canPickup":true,"canDropoff":true,"openingstijden":{"za":"08:30 - 13:00, 16:00 - 19:30","zo":"gesloten","ma":"08:30 - 13:00, 16:00 - 19:30","di":"08:30 - 13:00, 16:00 - 19:30","wo":"08:30 - 13:00, 16:00 - 19:30","do":"08:30 - 13:00, 16:00 - 19:30","vr":"08:30 - 13:00, 16:00 - 19:30"}}},{"type":"Feature","geometry":{"type":"Point","coordinates":[12.45239979,37.78593704]},"properties":{"type":"pakketpunt","locatieNaam":"Tabaccheria N. 69","straatNaam":"Via Mazara","straatNr":"183","vervoerder":"PosteItaliane","puntType":"servicepunt","bezettingsgraad":50,"latitude":37.78593704,"longitude":12.45239979,"canPickup":true,"canDropoff":true,"openingstijden":{"za":"07:00 - 13:30, 15:30 - 20:00","zo":"gesloten","ma":"07:00 - 13:30, 15:30 - 20:00","di":"07:00 - 13:30, 15:30 - 20:00","wo":"07:00 - 13:30, 15:30 - 20:00","do":"07:00 - 13:30, 15:30 - 20:00","vr":"07:00 - 13:30, 15:30 - 20:00"}}},{"type":"Feature","geometry":{"type":"Point","coordinates":[12.43343849,37.800347]},"properties":{"type":"pakketpunt","locatieNaam":"Tabaccheria N. 2","straatNaam":"Via Undici Maggio","straatNr":"41","vervoerder":"PosteItaliane","puntType":"servicepunt","bezettingsgraad":50,"latitude":37.800347,"longitude":12.43343849,"canPickup":true,"canDropoff":true,"openingstijden":{"za":"09:00 - 13:00, 16:00 - 20:00","zo":"gesloten","ma":"08:00 - 13:00, 16:00 - 20:00","di":"08:00 - 13:00, 16:00 - 20:00","wo":"08:00 - 13:00, 16:00 - 20:00","do":"08:00 - 13:00, 16:00 - 20:00","vr":"08:00 - 13:00, 16:00 - 20:00"}}},{"type":"Feature","geometry":{"type":"Point","coordinates":[12.43493928,37.79943938]},"properties":{"type":"pakketpunt","locatieNaam":"Tabaccheria N. 6","straatNaam":"Piazza Della Repubblica","straatNr":"7","vervoerder":"PosteItaliane","puntType":"servicepunt","bezettingsgraad":50,"latitude":37.79943938,"longitude":12.43493928,"canPickup":true,"canDropoff":true,"openingstijden":{"za":"08:00 - 13:30, 16:00 - 20:30","zo":"gesloten","ma":"08:00 - 13:30, 16:00 - 20:30","di":"08:00 - 13:30, 16:00 - 20:30","wo":"08:00 - 13:30, 16:00 - 20:30","do":"08:00 - 13:30, 16:00 - 20:30","vr":"08:00 - 13:30, 16:00 - 20:30"}}},{"type":"Feature","geometry":{"type":"Point","coordinates":[12.49987797,37.83887309]},"properties":{"type":"pakketpunt","locatieNaam":"Tabaccheria N. 26","straatNaam":"Contrada San Michele Rifugio","straatNr":"112","vervoerder":"PosteItaliane","puntType":"servicepunt","bezettingsgraad":50,"latitude":37.83887309,"longitude":12.49987797,"canPickup":true,"canDropoff":true,"openingstijden":{"za":"07:00 - 20:00","zo":"08:00 - 13:00","ma":"07:00 - 20:00","di":"07:00 - 20:00","wo":"07:00 - 14:00","do":"07:00 - 20:00","vr":"07:00 - 20:00"}}},{"type":"Feature","geometry":{"type":"Point","coordinates":[12.47967446,37.81404097]},"properties":{"type":"pakketpunt","locatieNaam":"Tabaccheria N. 20","straatNaam":"Contrada Colombaio Lasagna","straatNr":"139","vervoerder":"PosteItaliane","puntType":"servicepunt","bezettingsgraad":50,"latitude":37.81404097,"longitude":12.47967446,"canPickup":true,"canDropoff":true,"openingstijden":{"za":"07:00 - 20:00","zo":"gesloten","ma":"07:00 - 20:00","di":"07:00 - 20:00","wo":"07:00 - 20:00","do":"07:00 - 20:00","vr":"07:00 - 20:00"}}},{"type":"Feature","geometry":{"type":"Point","coordinates":[12.4332898687,37.7971663139]},"properties":{"type":"pakketpunt","locatieNaam":"InterNet & Co.","straatNaam":"VIA DEI MILLE","straatNr":"12/14","vervoerder":"DPD","puntType":"pickup_point","bezettingsgraad":50,"latitude":37.7971663139,"longitude":12.4332898687,"canPickup":true,"canDropoff":true,"openingstijden":{"ma":"09:00 - 13:30, 17:00 - 20:00","di":"09:00 - 13:30, 17:00 - 20:00","wo":"09:00 - 13:30, 17:00 - 20:00","do":"09:00 - 13:30, 17:00 - 20:00","vr":"09:00 - 13:30, 17:00 - 20:00","za":"gesloten","zo":"gesloten"}}},{"type":"Feature","geometry":{"type":"Point","coordinates":[12.4506846,37.7879582]},"properties":{"type":"pakketpunt","locatieNaam":"Tabacchi Errera Riv 37","straatNaam":"VIA MAZARA","straatNr":"92","vervoerder":"DPD","puntType":"pickup_point","bezettingsgraad":50,"latitude":37.7879582,"longitude":12.4506846,"canPickup":true,"canDropoff":true,"openingstijden":{"ma":"07:15 - 13:30, 15:30 - 20:00","di":"07:15 - 13:30, 15:30 - 20:00","wo":"07:15 - 13:30, 15:30 - 20:00","do":"07:15 - 13:30, 15:30 - 20:00","vr":"07:15 - 13:30, 15:30 - 20:00","za":"07:15 - 13:30, 15:30 - 20:00","zo":"08:30 - 13:00"}}},{"type":"Feature","geometry":{"type":"Point","coordinates":[12.4380614,37.7948948]},"properties":{"type":"pakketpunt","locatieNaam":"Mail Boxes Etc-Marsala","straatNaam":"VIA MAZZINI 89","straatNr":"89","vervoerder":"DPD","puntType":"pickup_point","bezettingsgraad":50,"latitude":37.7948948,"longitude":12.4380614,"canPickup":true,"canDropoff":true,"openingstijden":{"ma":"08:30 - 13:30, 16:30 - 19:30","di":"08:30 - 13:30, 16:30 - 19:30","wo":"08:30 - 13:30, 16:30 - 19:30","do":"08:30 - 13:30, 16:30 - 19:30","vr":"08:30 - 13:30, 16:30 - 19:30","za":"10:00 - 12:30","zo":"gesloten"}}},{"type":"Feature","geometry":{"type":"Point","coordinates":[12.44224543,37.80677225]},"properties":{"type":"pakketpunt","locatieNaam":"Rivendita Tabacchi 74","straatNaam":"C.SO A.GRAMSCI","straatNr":"196","vervoerder":"DPD","puntType":"pickup_point","bezettingsgraad":50,"latitude":37.80677225,"longitude":12.44224543,"canPickup":true,"canDropoff":true,"openingstijden":{"ma":"07:00 - 13:30, 16:00 - 19:30","di":"07:00 - 13:30, 16:00 - 19:30","wo":"07:00 - 13:30, 16:00 - 19:30","do":"07:00 - 13:30, 16:00 - 19:30","vr":"07:00 - 13:30, 16:00 - 19:30","za":"07:00 - 13:30, 16:00 - 19:30","zo":"gesloten"}}},{"type":"Feature","geometry":{"type":"Point","coordinates":[12.50922573,37.8485314]},"properties":{"type":"pakketpunt","locatieNaam":"Tabaccheria Parisi","straatNaam":"CONTRADA BOSCO","straatNr":"291","vervoerder":"DPD","puntType":"pickup_point","bezettingsgraad":50,"latitude":37.8485314,"longitude":12.50922573,"canPickup":true,"canDropoff":true,"openingstijden":{"ma":"06:30 - 13:30, 15:00 - 20:00","di":"06:30 - 13:30, 15:00 - 20:00","wo":"06:30 - 13:30, 15:00 - 20:00","do":"06:30 - 13:30, 15:00 - 20:00","vr":"06:30 - 13:30, 15:00 - 20:00","za":"06:30 - 13:30, 15:00 - 20:00","zo":"gesloten"}}},{"type":"Feature","geometry":{"type":"Point","coordinates":[12.43829613,37.80226459]},"properties":{"type":"pakketpunt","locatieNaam":"Cartomania-Marsala","straatNaam":"CORSO GRAMSCI","straatNr":"17","vervoerder":"DPD","puntType":"pickup_point","bezettingsgraad":50,"latitude":37.80226459,"longitude":12.43829613,"canPickup":true,"canDropoff":true,"openingstijden":{"ma":"09:00 - 13:00, 16:30 - 20:00","di":"09:00 - 13:00, 16:30 - 20:00","wo":"09:00 - 13:00, 16:30 - 20:00","do":"09:00 - 13:00, 16:30 - 20:00","vr":"09:00 - 13:00, 16:30 - 20:00","za":"09:00 - 13:00","zo":"gesloten"}}},{"type":"Feature","geometry":{"type":"Point","coordinates":[12.4633764,37.8064701]},"properties":{"type":"pakketpunt","locatieNaam":"Tabacchi Di Zerilli Pietro","straatNaam":"VIA TRAPANI","straatNr":"392","vervoerder":"DPD","puntType":"pickup_point","bezettingsgraad":50,"latitude":37.8064701,"longitude":12.4633764,"canPickup":true,"canDropoff":true,"openingstijden":{"ma":"07:00 - 14:00, 15:00 - 20:30","di":"07:00 - 14:00, 15:00 - 20:30","wo":"07:00 - 14:00, 15:00 - 20:30","do":"07:00 - 14:00, 15:00 - 20:30","vr":"07:00 - 14:00, 15:00 - 20:30","za":"07:00 - 14:00, 15:00 - 20:30","zo":"08:00 - 14:00"}}},{"type":"Feature","geometry":{"type":"Point","coordinates":[12.44738,37.79724]},"properties":{"type":"pakketpunt","locatieNaam":"Greco Tabacchi","straatNaam":"VIA SIRTORI","straatNr":"80","vervoerder":"DPD","puntType":"pickup_point","bezettingsgraad":50,"latitude":37.79724,"longitude":12.44738,"canPickup":true,"canDropoff":true,"openingstijden":{"ma":"07:00 - 20:00","di":"07:00 - 20:00","wo":"07:00 - 20:00","do":"07:00 - 20:00","vr":"07:00 - 20:00","za":"07:00 - 20:00","zo":"08:00 - 13:00"}}},{"type":"Feature","geometry":{"type":"Point","coordinates":[12.488678,37.827253]},"properties":{"type":"pakketpunt","locatieNaam":"Tabaccheria 40 Marsala","straatNaam":"CONTRADA RANNA","straatNr":"477","vervoerder":"DPD","puntType":"pickup_point","bezettingsgraad":50,"latitude":37.827253,"longitude":12.488678,"canPickup":true,"canDropoff":true,"openingstijden":{"ma":"07:00 - 20:00","di":"07:00 - 20:00","wo":"07:00 - 20:00","do":"07:00 - 20:00","vr":"07:00 - 20:00","za":"07:00 - 20:00","zo":"gesloten"}}},{"type":"Feature","geometry":{"type":"Point","coordinates":[12.4412117,37.8021107]},"properties":{"type":"pakketpunt","locatieNaam":"Tabaccheria Dello Stadio","straatNaam":"VIA DEGLI ATLETI","straatNr":"15","vervoerder":"DPD","puntType":"pickup_point","bezettingsgraad":50,"latitude":37.8021107,"longitude":12.4412117,"canPickup":true,"canDropoff":true,"openingstijden":{"ma":"08:00 - 13:30, 16:00 - 20:30","di":"08:00 - 13:30, 16:00 - 20:30","wo":"08:00 - 13:30, 16:00 - 20:30","do":"08:00 - 13:30, 16:00 - 20:30","vr":"08:00 - 13:30, 16:00 - 20:30","za":"08:00 - 13:30, 16:00 - 20:30","zo":"gesloten"}}},{"type":"Feature","geometry":{"type":"Point","coordinates":[12.4742694,37.79622691]},"properties":{"type":"pakketpunt","locatieNaam":"Tab&Telefonia F.lli Licari","straatNaam":"C.DA AMABILINA LOTTO 9","straatNr":"532C","vervoerder":"DPD","puntType":"pickup_point","bezettingsgraad":50,"latitude":37.79622691,"longitude":12.4742694,"canPickup":true,"canDropoff":true,"openingstijden":{"ma":"06:00 - 20:30","di":"06:00 - 20:30","wo":"06:00 - 20:30","do":"06:00 - 20:30","vr":"06:00 - 20:30","za":"06:00 - 20:30","zo":"08:00 - 13:00"}}},{"type":"Feature","geometry":{"type":"Point","coordinates":[12.4688244,37.7935355]},"properties":{"type":"pakketpunt","locatieNaam":"Rivendita Tabacchi Sorrentino","straatNaam":"C.DA SAN SILVESTRO","straatNr":"230","vervoerder":"DPD","puntType":"pickup_point","bezettingsgraad":50,"latitude":37.7935355,"longitude":12.4688244,"canPickup":true,"canDropoff":true,"openingstijden":{"ma":"07:00 - 21:00","di":"07:00 - 21:00","wo":"07:00 - 21:00","do":"07:00 - 21:00","vr":"07:00 - 21:00","za":"07:00 - 21:00","zo":"gesloten"}}},{"type":"Feature","geometry":{"type":"Point","coordinates":[12.4435625,37.7932432]},"properties":{"type":"pakketpunt","locatieNaam":"Universo Spedizioni","straatNaam":"VIA CAIROLI","straatNr":"13","vervoerder":"DPD","puntType":"pickup_point","bezettingsgraad":50,"latitude":37.7932432,"longitude":12.4435625,"canPickup":true,"canDropoff":true,"openingstijden":{"ma":"08:30 - 13:00, 15:00 - 19:00","di":"08:30 - 13:00, 15:00 - 19:00","wo":"08:30 - 13:00, 15:00 - 19:00","do":"08:30 - 13:00, 15:00 - 19:00","vr":"08:30 - 13:00, 15:00 - 19:00","za":"08:30 - 13:00","zo":"gesloten"}}},{"type":"Feature","geometry":{"type":"Point","coordinates":[12.4879351,37.8575123]},"properties":{"type":"pakketpunt","locatieNaam":"Ferramenta Vinci","straatNaam":"CONTRADA E. INFERSA","straatNr":"23","vervoerder":"DPD","puntType":"pickup_point","bezettingsgraad":50,"latitude":37.8575123,"longitude":12.4879351,"canPickup":true,"canDropoff":true,"openingstijden":{"ma":"07:30 - 12:45, 14:30 - 19:00","di":"07:30 - 12:45, 14:30 - 19:00","wo":"07:30 - 12:45, 14:30 - 19:00","do":"07:30 - 12:45, 14:30 - 19:00","vr":"07:30 - 12:45, 14:30 - 19:00","za":"07:30 - 13:00","zo":"gesloten"}}},{"type":"Feature","geometry":{"type":"Point","coordinates":[12.4825485,37.8206898]},"properties":{"type":"pakketpunt","locatieNaam":"Salvo Spedizione","straatNaam":"CONTRADA ADDOLORATA","straatNr":"387","vervoerder":"DPD","puntType":"pickup_point","bezettingsgraad":50,"latitude":37.8206898,"longitude":12.4825485,"canPickup":true,"canDropoff":true,"openingstijden":{"ma":"09:00 - 13:00, 16:00 - 19:00","di":"09:00 - 13:00, 16:00 - 19:00","wo":"09:00 - 13:00, 16:00 - 19:00","do":"09:00 - 13:00, 16:00 - 19:00","vr":"09:00 - 13:00, 16:00 - 19:00","za":"09:00 - 13:00","zo":"gesloten"}}},{"type":"Feature","geometry":{"type":"Point","coordinates":[12.48240904,37.82018448]},"properties":{"type":"pakketpunt","locatieNaam":"Tabaccheria Giacalone","straatNaam":"C.DA S.G. E TAFALIA","straatNr":"117","vervoerder":"DPD","puntType":"pickup_point","bezettingsgraad":50,"latitude":37.82018448,"longitude":12.48240904,"canPickup":true,"canDropoff":true,"openingstijden":{"ma":"07:00 - 13:30, 16:00 - 20:30","di":"07:00 - 13:30, 16:00 - 20:30","wo":"07:00 - 13:30, 16:00 - 20:30","do":"07:00 - 13:30, 16:00 - 20:30","vr":"07:00 - 13:30, 16:00 - 20:30","za":"07:00 - 13:30, 16:00 - 20:30","zo":"08:30 - 13:30"}}},{"type":"Feature","geometry":{"type":"Point","coordinates":[12.44605,37.79245]},"properties":{"type":"pakketpunt","locatieNaam":"InPost Locker 24/7","straatNaam":"Corso Calatafimi","straatNr":"112A","vervoerder":"InPost","puntType":"automaat","bezettingsgraad":50,"latitude":37.79245,"longitude":12.44605,"canPickup":true,"canDropoff":true,"openingstijden":null}},{"type":"Feature","geometry":{"type":"Point","coordinates":[12.46985,37.7938]},"properties":{"type":"pakketpunt","locatieNaam":"","straatNaam":"Strada Statale 188","straatNr":"653","vervoerder":"InPost","puntType":"automaat","bezettingsgraad":50,"latitude":37.7938,"longitude":12.46985,"canPickup":true,"canDropoff":true,"openingstijden":null}},{"type":"Feature","geometry":{"type":"Point","coordinates":[12.44225,37.7962]},"properties":{"type":"pakketpunt","locatieNaam":"InPost Locker","straatNaam":"Via Selinunte","straatNr":"21","vervoerder":"InPost","puntType":"automaat","bezettingsgraad":50,"latitude":37.7962,"longitude":12.44225,"canPickup":true,"canDropoff":true,"openingstijden":null}},{"type":"Feature","geometry":{"type":"Point","coordinates":[12.50989,37.72838]},"properties":{"type":"pakketpunt","locatieNaam":"InPost Locker 24/7","straatNaam":"SS115 Contrada Cuore di Gesù","straatNr":"1171","vervoerder":"InPost","puntType":"automaat","bezettingsgraad":50,"latitude":37.72838,"longitude":12.50989,"canPickup":true,"canDropoff":true,"openingstijden":null}},{"type":"Feature","geometry":{"type":"Point","coordinates":[12.46951,37.76463]},"properties":{"type":"pakketpunt","locatieNaam":"InPost Locker 24/7","straatNaam":"SS 115 - Contrada Berbarello","straatNr":"Km 34 + 838","vervoerder":"InPost","puntType":"automaat","bezettingsgraad":50,"latitude":37.76463,"longitude":12.46951,"canPickup":true,"canDropoff":true,"openingstijden":null}},{"type":"Feature","geometry":{"type":"Point","coordinates":[12.44213,37.80753]},"properties":{"type":"pakketpunt","locatieNaam":"InPost Point","straatNaam":"C.so Antonio Gramsci","straatNr":"196","vervoerder":"InPost","puntType":"servicepunt","bezettingsgraad":50,"latitude":37.80753,"longitude":12.44213,"canPickup":true,"canDropoff":true,"openingstijden":"Lun-Ven: 08:30 - 13:00 - 16:00 - 18:00 Sab: 09:30 - 12:00"}},{"type":"Feature","geometry":{"type":"Point","coordinates":[12.43806,37.79832]},"properties":{"type":"pakketpunt","locatieNaam":"InPost Point","straatNaam":"Via Giulio Anca Omodei","straatNr":"16","vervoerder":"InPost","puntType":"servicepunt","bezettingsgraad":50,"latitude":37.79832,"longitude":12.43806,"canPickup":true,"canDropoff":true,"openingstijden":"Lun-Ven: 09:00 - 13:00 - 16:30 - 19:30 Sab: 10:00 - 13:00 - 16:30 - 19:30"}},{"type":"Feature","geometry":{"type":"Point","coordinates":[12.43806,37.7951]},"properties":{"type":"pakketpunt","locatieNaam":"InPost Point","straatNaam":"Via Mazzini","straatNr":"89","vervoerder":"InPost","puntType":"servicepunt","bezettingsgraad":50,"latitude":37.7951,"longitude":12.43806,"canPickup":true,"canDropoff":true,"openingstijden":"Lun-Ven: 08:30 - 13:00 - 16:30 - 19:30 Sab: 10:00 - 12:00"}},{"type":"Feature","geometry":{"type":"Point","coordinates":[12.4546784,37.7832159]},"properties":{"type":"pakketpunt","locatieNaam":"MAIL BOXES ETC","straatNaam":"Via Mazara","straatNr":"213","vervoerder":"GLS","puntType":"parcel_shop","bezettingsgraad":50,"latitude":37.7832159,"longitude":12.4546784,"canPickup":true,"canDropoff":true,"openingstijden":"ma: 08:30 - 13:00; di: 08:30 - 13:00"}},{"type":"Feature","geometry":{"type":"Point","coordinates":[12.4506038,37.7879164]},"properties":{"type":"pakketpunt","locatieNaam":"TABACCHI ERRERA","straatNaam":"Via Mazara","straatNr":"92","vervoerder":"GLS","puntType":"parcel_shop","bezettingsgraad":50,"latitude":37.7879164,"longitude":12.4506038,"canPickup":true,"canDropoff":true,"openingstijden":"za: 07:30 - 13:30, 15:30 - 19:30; zo: 09:00 - 12:30"}},{"type":"Feature","geometry":{"type":"Point","coordinates":[12.4493654,37.7917946]},"properties":{"type":"pakketpunt","locatieNaam":"Tabaccheria Marino","straatNaam":"Via Nino Bixio","straatNr":"16","vervoerder":"GLS","puntType":"parcel_shop","bezettingsgraad":50,"latitude":37.7917946,"longitude":12.4493654,"canPickup":true,"canDropoff":true,"openingstijden":"za: 06:30 - 13:30, 15:30 - 20:30; ma: 06:30 - 13:30, 15:30 - 20:30"}},{"type":"Feature","geometry":{"type":"Point","coordinates":[12.4435781,37.7932653]},"properties":{"type":"pakketpunt","locatieNaam":"UNIVERSO SPEDIZIONI","straatNaam":"Via Cairoli","straatNr":"13","vervoerder":"GLS","puntType":"parcel_shop","bezettingsgraad":50,"latitude":37.7932653,"longitude":12.4435781,"canPickup":true,"canDropoff":true,"openingstijden":"za: 08:30 - 14:00; ma: 08:30 - 14:00"}},{"type":"Feature","geometry":{"type":"Point","coordinates":[12.4449762,37.7934767]},"properties":{"type":"pakketpunt","locatieNaam":"Spedizioni 360","straatNaam":"Corso Calatatafimi","straatNr":"51","vervoerder":"GLS","puntType":"parcel_shop","bezettingsgraad":50,"latitude":37.7934767,"longitude":12.4449762,"canPickup":true,"canDropoff":true,"openingstijden":"ma: 08:30 - 12:30, 14:00 - 18:00; di: 08:30 - 12:30, 14:00 - 18:00"}},{"type":"Feature","geometry":{"type":"Point","coordinates":[12.468333,37.793559]},"properties":{"type":"pakketpunt","locatieNaam":"Tabaccheria n° 4","straatNaam":"Contrada San Silvestro (Via Salemi)","straatNr":"80","vervoerder":"GLS","puntType":"parcel_shop","bezettingsgraad":50,"latitude":37.793559,"longitude":12.468333,"canPickup":true,"canDropoff":true,"openingstijden":"za: 07:00 - 13:30, 16:00 - 20:00; ma: 07:00 - 13:30, 16:00 - 20:00"}},{"type":"Feature","geometry":{"type":"Point","coordinates":[12.4446324,37.7936145]},"properties":{"type":"pakketpunt","locatieNaam":"ALL-IN service di de Marco & Pizzo s.n.c","straatNaam":"Corso Calatafimi","straatNr":"45A","vervoerder":"GLS","puntType":"parcel_shop","bezettingsgraad":50,"latitude":37.7936145,"longitude":12.4446324,"canPickup":true,"canDropoff":true,"openingstijden":"za: 09:00 - 13:00; ma: 08:30 - 13:00, 15:00 - 18:30"}},{"type":"Feature","geometry":{"type":"Point","coordinates":[12.4381253,37.794875]},"properties":{"type":"pakketpunt","locatieNaam":"Mail boxes etc","straatNaam":"Via Mazzini","straatNr":"89","vervoerder":"GLS","puntType":"parcel_shop","bezettingsgraad":50,"latitude":37.794875,"longitude":12.4381253,"canPickup":true,"canDropoff":true,"openingstijden":"za: 10:00 - 12:30; ma: 08:30 - 13:00, 16:30 - 19:00"}},{"type":"Feature","geometry":{"type":"Point","coordinates":[12.4372745,37.7955786]},"properties":{"type":"pakketpunt","locatieNaam":"service global","straatNaam":"Via Mario Nuccio","straatNr":"58","vervoerder":"GLS","puntType":"parcel_shop","bezettingsgraad":50,"latitude":37.7955786,"longitude":12.4372745,"canPickup":true,"canDropoff":true,"openingstijden":"ma: 08:00 - 14:30; di: 08:00 - 14:30"}},{"type":"Feature","geometry":{"type":"Point","coordinates":[12.474291,37.796298]},"properties":{"type":"pakketpunt","locatieNaam":"Tabaccheria&Telefonia Flli licari","straatNaam":"Contrada Amabilina Lotto 9","straatNr":"532/c","vervoerder":"GLS","puntType":"parcel_shop","bezettingsgraad":50,"latitude":37.796298,"longitude":12.474291,"canPickup":true,"canDropoff":true,"openingstijden":"za: 06:00 - 21:00; zo: 08:00 - 14:00"}},{"type":"Feature","geometry":{"type":"Point","coordinates":[12.4334695,37.796357]},"properties":{"type":"pakketpunt","locatieNaam":"POSTE&COMUNICAZIONI MARSALA","straatNaam":"Via Dei Mille","straatNr":"45/47","vervoerder":"GLS","puntType":"parcel_shop","bezettingsgraad":50,"latitude":37.796357,"longitude":12.4334695,"canPickup":true,"canDropoff":true,"openingstijden":"ma: 08:00 - 13:30; di: 08:00 - 13:30"}},{"type":"Feature","geometry":{"type":"Point","coordinates":[12.4364241,37.7965903]},"properties":{"type":"pakketpunt","locatieNaam":"camaci planet","straatNaam":"Via Stefano Bilardello","straatNr":"70","vervoerder":"GLS","puntType":"parcel_shop","bezettingsgraad":50,"latitude":37.7965903,"longitude":12.4364241,"canPickup":true,"canDropoff":true,"openingstijden":"ma: 09:00 - 13:00, 17:00 - 19:00; di: 09:00 - 13:00, 17:00 - 19:00"}},{"type":"Feature","geometry":{"type":"Point","coordinates":[12.4473494,37.7970574]},"properties":{"type":"pakketpunt","locatieNaam":"GRECO TABACCHI","straatNaam":"Via Sirtori","straatNr":"80","vervoerder":"GLS","puntType":"parcel_shop","bezettingsgraad":50,"latitude":37.7970574,"longitude":12.4473494,"canPickup":true,"canDropoff":true,"openingstijden":"za: 07:00 - 20:30; zo: 08:00 - 13:00"}},{"type":"Feature","geometry":{"type":"Point","coordinates":[12.4332446,37.7971445]},"properties":{"type":"pakketpunt","locatieNaam":"InterNet & Co.","straatNaam":"Via Dei Mille","straatNr":"12/14","vervoerder":"GLS","puntType":"parcel_shop","bezettingsgraad":50,"latitude":37.7971445,"longitude":12.4332446,"canPickup":true,"canDropoff":true,"openingstijden":"ma: 09:00 - 13:00, 17:00 - 20:00; di: 09:00 - 13:00, 17:00 - 20:00"}},{"type":"Feature","geometry":{"type":"Point","coordinates":[12.4380693,37.7981593]},"properties":{"type":"pakketpunt","locatieNaam":"Centro servizi Jema","straatNaam":"Via Giulio Anca Omodei","straatNr":"16","vervoerder":"GLS","puntType":"parcel_shop","bezettingsgraad":50,"latitude":37.7981593,"longitude":12.4380693,"canPickup":true,"canDropoff":true,"openingstijden":"za: 10:00 - 13:00, 16:30 - 19:30; ma: 09:00 - 13:00, 16:30 - 19:30"}},{"type":"Feature","geometry":{"type":"Point","coordinates":[12.4478882,37.8017216]},"properties":{"type":"pakketpunt","locatieNaam":"TABACCHERIA F.LLI CURATOLO","straatNaam":"Via Dante Alighieri","straatNr":"86 A","vervoerder":"GLS","puntType":"parcel_shop","bezettingsgraad":50,"latitude":37.8017216,"longitude":12.4478882,"canPickup":true,"canDropoff":true,"openingstijden":"za: 08:00 - 13:00, 16:00 - 20:00; zo: 08:00 - 13:00, 16:00 - 20:00"}},{"type":"Feature","geometry":{"type":"Point","coordinates":[12.4383937,37.8021271]},"properties":{"type":"pakketpunt","locatieNaam":"Cartomania","straatNaam":"Corso Gramsci","straatNr":"17","vervoerder":"GLS","puntType":"parcel_shop","bezettingsgraad":50,"latitude":37.8021271,"longitude":12.4383937,"canPickup":true,"canDropoff":true,"openingstijden":"za: 09:00 - 13:00; ma: 09:00 - 13:00, 16:30 - 20:00"}},{"type":"Feature","geometry":{"type":"Point","coordinates":[12.4409618,37.8021329]},"properties":{"type":"pakketpunt","locatieNaam":"TABACCHERIA DELLO STADIO","straatNaam":"Via Degli Atleti","straatNr":"15-17","vervoerder":"GLS","puntType":"parcel_shop","bezettingsgraad":50,"latitude":37.8021329,"longitude":12.4409618,"canPickup":true,"canDropoff":true,"openingstijden":"za: 08:00 - 13:30, 16:00 - 20:00; ma: 08:00 - 13:30, 16:00 - 20:00"}},{"type":"Feature","geometry":{"type":"Point","coordinates":[12.4461931,37.8049738]},"properties":{"type":"pakketpunt","locatieNaam":"TABACCHI SUPERBI","straatNaam":"Via Trapani","straatNr":"168/170","vervoerder":"GLS","puntType":"parcel_shop","bezettingsgraad":50,"latitude":37.8049738,"longitude":12.4461931,"canPickup":true,"canDropoff":true,"openingstijden":"za: 07:30 - 13:30, 17:30 - 20:00; ma: 07:30 - 13:30, 17:30 - 20:00"}},{"type":"Feature","geometry":{"type":"Point","coordinates":[12.4688718,37.8050758]},"properties":{"type":"pakketpunt","locatieNaam":"Tabaccheria n 72","straatNaam":"Via Trieste","straatNr":"475","vervoerder":"GLS","puntType":"parcel_shop","bezettingsgraad":50,"latitude":37.8050758,"longitude":12.4688718,"canPickup":true,"canDropoff":true,"openingstijden":"za: 07:00 - 13:00, 15:00 - 20:00; ma: 07:00 - 13:00, 15:00 - 20:00"}},{"type":"Feature","geometry":{"type":"Point","coordinates":[12.4633764,37.8064701]},"properties":{"type":"pakketpunt","locatieNaam":"Tabaccheria Elifra di Zerilli Pietro","straatNaam":"Via Trapani","straatNr":"392","vervoerder":"GLS","puntType":"parcel_shop","bezettingsgraad":50,"latitude":37.8064701,"longitude":12.4633764,"canPickup":true,"canDropoff":true,"openingstijden":"za: 07:00 - 13:00, 15:30 - 20:00; ma: 07:00 - 13:00, 15:30 - 20:00"}},{"type":"Feature","geometry":{"type":"Point","coordinates":[12.4423033,37.806839]},"properties":{"type":"pakketpunt","locatieNaam":"Rivendita tabacchi Gerardi Agata Maria Luisa","straatNaam":": Corso Antonio Gramsci","straatNr":"196","vervoerder":"GLS","puntType":"parcel_shop","bezettingsgraad":50,"latitude":37.806839,"longitude":12.4423033,"canPickup":true,"canDropoff":true,"openingstijden":"za: 07:00 - 13:30, 16:00 - 19:00; ma: 07:00 - 13:30, 16:00 - 19:00"}},{"type":"Feature","geometry":{"type":"Point","coordinates":[12.4808618,37.8136766]},"properties":{"type":"pakketpunt","locatieNaam":"Tabaccheria Graffeo","straatNaam":"Contrada Colombaio Lasagna","straatNr":"139","vervoerder":"GLS","puntType":"parcel_shop","bezettingsgraad":50,"latitude":37.8136766,"longitude":12.4808618,"canPickup":true,"canDropoff":true,"openingstijden":"za: 06:00 - 13:00, 15:30 - 20:30; ma: 06:00 - 13:00, 15:30 - 20:30"}},{"type":"Feature","geometry":{"type":"Point","coordinates":[12.488678,37.827253]},"properties":{"type":"pakketpunt","locatieNaam":"Tabaccheria 40","straatNaam":"Contrada Ranna","straatNr":"477","vervoerder":"GLS","puntType":"parcel_shop","bezettingsgraad":50,"latitude":37.827253,"longitude":12.488678,"canPickup":true,"canDropoff":true,"openingstijden":"za: 07:00 - 19:30; ma: 07:00 - 19:30"}},{"type":"Feature","geometry":{"type":"Point","coordinates":[12.5092606,37.8483895]},"properties":{"type":"pakketpunt","locatieNaam":"Tabaccheria Parisi","straatNaam":"Contrada Bosco","straatNr":"291","vervoerder":"GLS","puntType":"parcel_shop","bezettingsgraad":50,"latitude":37.8483895,"longitude":12.5092606,"canPickup":true,"canDropoff":true,"openingstijden":"za: 06:30 - 13:30, 15:00 - 20:00; ma: 06:30 - 13:30, 15:00 - 20:00"}},{"type":"Feature","geometry":{"type":"Point","coordinates":[12.4879484,37.8574217]},"properties":{"type":"pakketpunt","locatieNaam":"Ferramenta Vinci Giovanni","straatNaam":"Contrada Ettore Infersa","straatNr":"23","vervoerder":"GLS","puntType":"parcel_shop","bezettingsgraad":50,"latitude":37.8574217,"longitude":12.4879484,"canPickup":true,"canDropoff":true,"openingstijden":"za: 07:30 - 13:00; ma: 07:30 - 12:30, 14:30 - 19:00"}},{"type":"Feature","geometry":{"type":"Point","coordinates":[12.518142,37.721222]},"properties":{"type":"pakketpunt","locatieNaam":"TABACCHERIA N. 73","straatNaam":"CONTRADA STRASATTI 328-A","straatNr":"","vervoerder":"DHL","puntType":"parcelShop","bezettingsgraad":50,"latitude":37.721222,"longitude":12.518142,"canPickup":true,"canDropoff":true,"openingstijden":{"ma":"06:00 - 13:00, 15:30 - 20:00","di":"06:00 - 13:00, 15:30 - 20:00","wo":"06:00 - 13:00, 15:30 - 20:00","do":"06:00 - 13:00, 15:30 - 20:00","vr":"06:00 - 13:00, 15:30 - 20:00","za":"06:00 - 13:00, 15:30 - 20:00","zo":"gesloten"}}},{"type":"Feature","geometry":{"type":"Point","coordinates":[12.513846,37.725562]},"properties":{"type":"pakketpunt","locatieNaam":"TABACCHERIA N. 27","straatNaam":"CONTRADA STRASATTI 181","straatNr":"","vervoerder":"DHL","puntType":"parcelShop","bezettingsgraad":50,"latitude":37.725562,"longitude":12.513846,"canPickup":true,"canDropoff":true,"openingstijden":{"ma":"06:00 - 13:00, 15:00 - 20:00","di":"06:00 - 13:00, 15:00 - 20:00","wo":"06:00 - 13:00, 15:00 - 20:00","do":"06:00 - 13:00, 15:00 - 20:00","vr":"06:00 - 13:00, 15:00 - 20:00","za":"06:00 - 13:00, 15:00 - 20:00","zo":"gesloten"}}},{"type":"Feature","geometry":{"type":"Point","coordinates":[12.509953,37.728435]},"properties":{"type":"pakketpunt","locatieNaam":"STAZIONE DI SERVIZIO ENI","straatNaam":"VIA NAZIONALE 1216","straatNr":"","vervoerder":"DHL","puntType":"packStation","bezettingsgraad":50,"latitude":37.728435,"longitude":12.509953,"canPickup":true,"canDropoff":true,"openingstijden":{"ma":"00:01 - 23:59","di":"00:01 - 23:59","wo":"00:01 - 23:59","do":"00:01 - 23:59","vr":"00:01 - 23:59","za":"00:01 - 23:59","zo":"00:01 - 23:59"}}},{"type":"Feature","geometry":{"type":"Point","coordinates":[12.509933,37.728636]},"properties":{"type":"pakketpunt","locatieNaam":"Ufficio Postale STRASATTI DI MARSAL","straatNaam":"CONTRADA CUORE DI GESU 648-A","straatNr":"","vervoerder":"DHL","puntType":"postOffice","bezettingsgraad":50,"latitude":37.728636,"longitude":12.509933,"canPickup":true,"canDropoff":true,"openingstijden":{"ma":"08:20 - 13:35","di":"08:20 - 13:35","wo":"08:20 - 13:35","do":"08:20 - 13:35","vr":"08:20 - 13:35","za":"08:20 - 12:35","zo":"gesloten"}}},{"type":"Feature","geometry":{"type":"Point","coordinates":[12.515068,37.72903]},"properties":{"type":"pakketpunt","locatieNaam":"TABACCHERIA N. 47","straatNaam":"VIA FORNARA 972","straatNr":"","vervoerder":"DHL","puntType":"parcelShop","bezettingsgraad":50,"latitude":37.72903,"longitude":12.515068,"canPickup":true,"canDropoff":true,"openingstijden":{"ma":"07:00 - 13:30, 15:30 - 20:00","di":"07:00 - 13:30, 15:30 - 20:00","wo":"07:00 - 13:30, 15:30 - 20:00","do":"07:00 - 13:30, 15:30 - 20:00","vr":"07:00 - 13:30, 15:30 - 20:00","za":"07:00 - 13:30, 15:30 - 20:00","zo":"gesloten"}}},{"type":"Feature","geometry":{"type":"Point","coordinates":[12.508216,37.732457]},"properties":{"type":"pakketpunt","locatieNaam":"TABACCHERIA N. 55","straatNaam":"CONTRADA CUORE DI GESU 833-A","straatNr":"","vervoerder":"DHL","puntType":"parcelShop","bezettingsgraad":50,"latitude":37.732457,"longitude":12.508216,"canPickup":true,"canDropoff":true,"openingstijden":{"ma":"08:00 - 20:00","di":"08:00 - 20:00","wo":"08:00 - 20:00","do":"08:00 - 20:00","vr":"08:00 - 20:00","za":"08:00 - 20:00","zo":"08:00 - 20:00"}}},{"type":"Feature","geometry":{"type":"Point","coordinates":[12.433694,37.797991]},"properties":{"type":"pakketpunt","locatieNaam":"UFFICIO POSTALE MARSALA","straatNaam":"VIA GIUSEPPE GARIBALDI 1","straatNr":"","vervoerder":"DHL","puntType":"packStation","bezettingsgraad":50,"latitude":37.797991,"longitude":12.433694,"canPickup":true,"canDropoff":true,"openingstijden":{"ma":"08:20 - 19:05","di":"08:20 - 19:05","wo":"08:20 - 19:05","do":"08:20 - 19:05","vr":"08:20 - 19:05","za":"08:20 - 12:35","zo":"gesloten"}}},{"type":"Feature","geometry":{"type":"Point","coordinates":[12.43427,37.798711]},"properties":{"type":"pakketpunt","locatieNaam":"TABACCHERIA N. 11","straatNaam":"VIA GIUSEPPE GARIBALDI 31","straatNr":"","vervoerder":"DHL","puntType":"parcelShop","bezettingsgraad":50,"latitude":37.798711,"longitude":12.43427,"canPickup":true,"canDropoff":true,"openingstijden":{"ma":"08:00 - 13:00, 16:00 - 20:00","di":"08:00 - 13:00, 16:00 - 20:00","wo":"08:00 - 13:00, 16:00 - 20:00","do":"08:00 - 13:00, 16:00 - 20:00","vr":"08:00 - 13:00, 16:00 - 20:00","za":"08:30 - 13:00, 16:30 - 20:00","zo":"gesloten"}}},{"type":"Feature","geometry":{"type":"Point","coordinates":[12.434233,37.799084]},"properties":{"type":"pakketpunt","locatieNaam":"FERRAMENTA VINCI GIOVANNI","straatNaam":"Contrada Ettore Infersa  23","straatNr":"","vervoerder":"DHL","puntType":"parcelShop","bezettingsgraad":50,"latitude":37.799084,"longitude":12.434233,"canPickup":false,"canDropoff":true,"openingstijden":{"ma":"07:30 - 19:00","di":"07:30 - 19:00","wo":"07:30 - 19:00","do":"07:30 - 19:00","vr":"07:30 - 19:00","za":"07:30 - 12:30","zo":"gesloten"}}},{"type":"Feature","geometry":{"type":"Point","coordinates":[12.436514,37.796592]},"properties":{"type":"pakketpunt","locatieNaam":"CAMACI PLANET","straatNaam":"VIA STEFANO BILARDELLO 70","straatNr":"","vervoerder":"DHL","puntType":"parcelShop","bezettingsgraad":50,"latitude":37.796592,"longitude":12.436514,"canPickup":true,"canDropoff":true,"openingstijden":{"ma":"09:00 - 13:00, 17:00 - 19:00","di":"09:00 - 13:00, 17:00 - 19:00","wo":"09:00 - 13:00, 17:00 - 19:00","do":"09:00 - 13:00, 17:00 - 19:00","vr":"09:00 - 13:00, 17:00 - 19:00","za":"09:00 - 13:00","zo":"gesloten"}}},{"type":"Feature","geometry":{"type":"Point","coordinates":[12.433438,37.800347]},"properties":{"type":"pakketpunt","locatieNaam":"TABACCHERIA N. 2","straatNaam":"VIA UNDICI MAGGIO 41","straatNr":"","vervoerder":"DHL","puntType":"parcelShop","bezettingsgraad":50,"latitude":37.800347,"longitude":12.433438,"canPickup":true,"canDropoff":true,"openingstijden":{"ma":"08:00 - 13:00, 16:00 - 20:00","di":"08:00 - 13:00, 16:00 - 20:00","wo":"08:00 - 13:00, 16:00 - 20:00","do":"08:00 - 13:00, 16:00 - 20:00","vr":"08:00 - 13:00, 16:00 - 20:00","za":"09:00 - 13:00, 16:00 - 20:00","zo":"gesloten"}}},{"type":"Feature","geometry":{"type":"Point","coordinates":[12.434939,37.799439]},"properties":{"type":"pakketpunt","locatieNaam":"TABACCHERIA N. 6","straatNaam":"PIAZZA DELLA REPUBBLICA 7","straatNr":"","vervoerder":"DHL","puntType":"parcelShop","bezettingsgraad":50,"latitude":37.799439,"longitude":12.434939,"canPickup":true,"canDropoff":true,"openingstijden":{"ma":"08:00 - 13:30, 16:00 - 20:30","di":"08:00 - 13:30, 16:00 - 20:30","wo":"08:00 - 13:30, 16:00 - 20:30","do":"08:00 - 13:30, 16:00 - 20:30","vr":"08:00 - 13:30, 16:00 - 20:30","za":"08:00 - 13:30, 16:00 - 20:30","zo":"gesloten"}}},{"type":"Feature","geometry":{"type":"Point","coordinates":[12.439961,37.793739]},"properties":{"type":"pakketpunt","locatieNaam":"COMPUTER DISCOUNT","straatNaam":"Via Mazzini 141","straatNr":"","vervoerder":"DHL","puntType":"parcelShop","bezettingsgraad":50,"latitude":37.793739,"longitude":12.439961,"canPickup":false,"canDropoff":true,"openingstijden":{"ma":"09:00 - 20:00","di":"09:00 - 20:00","wo":"09:00 - 20:00","do":"09:00 - 20:00","vr":"09:00 - 20:00","za":"09:00 - 13:00","zo":"gesloten"}}},{"type":"Feature","geometry":{"type":"Point","coordinates":[12.43803,37.798162]},"properties":{"type":"pakketpunt","locatieNaam":"CENTRO SERVIZI JEMA","straatNaam":"VIA GIULIO ANCA OMODEI 16","straatNr":"","vervoerder":"DHL","puntType":"parcelShop","bezettingsgraad":50,"latitude":37.798162,"longitude":12.43803,"canPickup":true,"canDropoff":true,"openingstijden":{"ma":"09:00 - 13:00, 16:30 - 19:30","di":"09:00 - 13:00, 16:30 - 19:30","wo":"09:00 - 13:00, 16:30 - 19:30","do":"09:00 - 13:00, 16:30 - 19:30","vr":"09:00 - 13:00, 16:30 - 19:30","za":"10:00 - 13:00, 16:30 - 19:30","zo":"gesloten"}}},{"type":"Feature","geometry":{"type":"Point","coordinates":[12.441231,37.795514]},"properties":{"type":"pakketpunt","locatieNaam":"Ufficio Postale MARSALA 1","straatNaam":"VIA ROMA 167","straatNr":"","vervoerder":"DHL","puntType":"postOffice","bezettingsgraad":50,"latitude":37.795514,"longitude":12.441231,"canPickup":true,"canDropoff":true,"openingstijden":{"ma":"08:20 - 13:35","di":"08:20 - 13:35","wo":"08:20 - 13:35","do":"08:20 - 13:35","vr":"08:20 - 13:35","za":"08:20 - 12:35","zo":"gesloten"}}},{"type":"Feature","geometry":{"type":"Point","coordinates":[12.446336,37.79237]},"properties":{"type":"pakketpunt","locatieNaam":"STAZIONE DI SERVIZIO ESSO","straatNaam":"CORSO CALATAFIMI 112-A","straatNr":"","vervoerder":"DHL","puntType":"packStation","bezettingsgraad":50,"latitude":37.79237,"longitude":12.446336,"canPickup":true,"canDropoff":true,"openingstijden":{"ma":"00:01 - 23:59","di":"00:01 - 23:59","wo":"00:01 - 23:59","do":"00:01 - 23:59","vr":"00:01 - 23:59","za":"00:01 - 23:59","zo":"00:01 - 23:59"}}},{"type":"Feature","geometry":{"type":"Point","coordinates":[12.437659,37.804231]},"properties":{"type":"pakketpunt","locatieNaam":"TABACCHERIA N. 80","straatNaam":"VIA MASSIMO DAZEGLIO 44","straatNr":"","vervoerder":"DHL","puntType":"parcelShop","bezettingsgraad":50,"latitude":37.804231,"longitude":12.437659,"canPickup":true,"canDropoff":true,"openingstijden":{"ma":"08:00 - 20:00","di":"08:00 - 20:00","wo":"08:00 - 20:00","do":"08:00 - 20:00","vr":"08:00 - 20:00","za":"08:00 - 20:00","zo":"gesloten"}}},{"type":"Feature","geometry":{"type":"Point","coordinates":[12.450612,37.787937]},"properties":{"type":"pakketpunt","locatieNaam":"TABACCHERIA N. 37","straatNaam":"VIA MAZARA 92","straatNr":"","vervoerder":"DHL","puntType":"parcelShop","bezettingsgraad":50,"latitude":37.787937,"longitude":12.450612,"canPickup":true,"canDropoff":true,"openingstijden":{"ma":"08:00 - 20:00","di":"08:00 - 20:00","wo":"08:00 - 20:00","do":"08:00 - 20:00","vr":"08:00 - 20:00","za":"08:00 - 20:00","zo":"08:00 - 20:00"}}},{"type":"Feature","geometry":{"type":"Point","coordinates":[12.449223,37.791832]},"properties":{"type":"pakketpunt","locatieNaam":"TABACCHERIA N. 28","straatNaam":"VIA NINO BIXIO 16","straatNr":"","vervoerder":"DHL","puntType":"parcelShop","bezettingsgraad":50,"latitude":37.791832,"longitude":12.449223,"canPickup":true,"canDropoff":true,"openingstijden":{"ma":"06:00 - 13:25, 15:30 - 20:00","di":"06:00 - 13:25, 15:30 - 20:00","wo":"06:00 - 13:25, 15:30 - 20:00","do":"06:00 - 13:25, 15:30 - 20:00","vr":"06:00 - 13:25, 15:30 - 20:00","za":"06:00 - 13:25, 15:30 - 20:00","zo":"gesloten"}}},{"type":"Feature","geometry":{"type":"Point","coordinates":[12.439981,37.804278]},"properties":{"type":"pakketpunt","locatieNaam":"TABACCHERIA N. 31","straatNaam":"CORSO ANTONIO GRAMSCI 117","straatNr":"","vervoerder":"DHL","puntType":"parcelShop","bezettingsgraad":50,"latitude":37.804278,"longitude":12.439981,"canPickup":true,"canDropoff":true,"openingstijden":{"ma":"08:00 - 13:30, 16:00 - 20:00","di":"08:00 - 13:30, 16:00 - 20:00","wo":"08:00 - 13:30, 16:00 - 20:00","do":"08:00 - 13:30, 16:00 - 20:00","vr":"08:00 - 13:30, 16:00 - 20:00","za":"08:00 - 20:00","zo":"08:30 - 13:00, 16:30 - 20:00"}}},{"type":"Feature","geometry":{"type":"Point","coordinates":[12.4524,37.785937]},"properties":{"type":"pakketpunt","locatieNaam":"TABACCHERIA N. 69","straatNaam":"VIA MAZARA 183","straatNr":"","vervoerder":"DHL","puntType":"parcelShop","bezettingsgraad":50,"latitude":37.785937,"longitude":12.4524,"canPickup":true,"canDropoff":true,"openingstijden":{"ma":"07:00 - 13:30, 15:30 - 20:00","di":"07:00 - 13:30, 15:30 - 20:00","wo":"07:00 - 13:30, 15:30 - 20:00","do":"07:00 - 13:30, 15:30 - 20:00","vr":"07:00 - 13:30, 15:30 - 20:00","za":"07:00 - 13:30, 15:30 - 20:00","zo":"gesloten"}}},{"type":"Feature","geometry":{"type":"Point","coordinates":[12.450087,37.791928]},"properties":{"type":"pakketpunt","locatieNaam":"Ufficio Postale MARSALA 3","straatNaam":"VIA NINO BIXIO 42","straatNr":"","vervoerder":"DHL","puntType":"postOffice","bezettingsgraad":50,"latitude":37.791928,"longitude":12.450087,"canPickup":true,"canDropoff":true,"openingstijden":{"ma":"08:20 - 13:35","di":"08:20 - 13:35","wo":"08:20 - 13:35","do":"08:20 - 13:35","vr":"08:20 - 13:35","za":"08:20 - 12:35","zo":"gesloten"}}},{"type":"Feature","geometry":{"type":"Point","coordinates":[12.447256,37.797037]},"properties":{"type":"pakketpunt","locatieNaam":"TABACCHERIA N. 64","straatNaam":"VIA SIRTORI 80","straatNr":"","vervoerder":"DHL","puntType":"parcelShop","bezettingsgraad":50,"latitude":37.797037,"longitude":12.447256,"canPickup":true,"canDropoff":true,"openingstijden":{"ma":"07:30 - 20:00","di":"07:30 - 20:00","wo":"07:30 - 20:00","do":"07:30 - 20:00","vr":"07:30 - 20:00","za":"07:30 - 20:00","zo":"07:30 - 20:00"}}},{"type":"Feature","geometry":{"type":"Point","coordinates":[12.444809,37.800464]},"properties":{"type":"pakketpunt","locatieNaam":"TABACCHERIA N. 9","straatNaam":"VIA DELLA GIOVENTU 28","straatNr":"","vervoerder":"DHL","puntType":"parcelShop","bezettingsgraad":50,"latitude":37.800464,"longitude":12.444809,"canPickup":true,"canDropoff":true,"openingstijden":{"ma":"07:30 - 13:02, 15:30 - 19:00","di":"07:30 - 13:02, 15:30 - 19:00","wo":"07:30 - 13:02, 15:30 - 19:00","do":"07:30 - 13:02, 15:30 - 19:00","vr":"07:30 - 13:02, 15:30 - 19:00","za":"07:30 - 13:02, 15:30 - 19:00","zo":"gesloten"}}},{"type":"Feature","geometry":{"type":"Point","coordinates":[12.442094,37.806653]},"properties":{"type":"pakketpunt","locatieNaam":"Ufficio Postale MARSALA 2","straatNaam":"CORSO ANTONIO GRAMSCI 194","straatNr":"","vervoerder":"DHL","puntType":"postOffice","bezettingsgraad":50,"latitude":37.806653,"longitude":12.442094,"canPickup":true,"canDropoff":true,"openingstijden":{"ma":"08:20 - 13:35","di":"08:20 - 13:35","wo":"08:20 - 13:35","do":"08:20 - 13:35","vr":"08:20 - 13:35","za":"08:20 - 12:35","zo":"gesloten"}}},{"type":"Feature","geometry":{"type":"Point","coordinates":[12.44226,37.8068]},"properties":{"type":"pakketpunt","locatieNaam":"TABACCHERIA N. 74","straatNaam":"CORSO ANTONIO GRAMSCI 196","straatNr":"","vervoerder":"DHL","puntType":"parcelShop","bezettingsgraad":50,"latitude":37.8068,"longitude":12.44226,"canPickup":true,"canDropoff":true,"openingstijden":{"ma":"07:30 - 13:30, 16:30 - 19:30","di":"07:30 - 13:30, 16:30 - 19:30","wo":"07:30 - 13:30, 16:30 - 19:30","do":"07:30 - 13:30, 16:30 - 19:30","vr":"07:30 - 13:30, 16:30 - 19:30","za":"07:30 - 13:30, 16:30 - 19:30","zo":"gesloten"}}},{"type":"Feature","geometry":{"type":"Point","coordinates":[12.446846,37.805106]},"properties":{"type":"pakketpunt","locatieNaam":"GC BROKER GIACOMO CATALANO","straatNaam":"VIA TRAPANI 129","straatNr":"","vervoerder":"DHL","puntType":"parcelShop","bezettingsgraad":50,"latitude":37.805106,"longitude":12.446846,"canPickup":true,"canDropoff":true,"openingstijden":{"ma":"09:00 - 13:00, 15:30 - 19:30","di":"09:00 - 13:00, 15:30 - 19:30","wo":"09:00 - 13:00, 15:30 - 19:30","do":"09:00 - 13:00, 15:30 - 19:30","vr":"09:00 - 13:00, 15:30 - 19:30","za":"gesloten","zo":"gesloten"}}},{"type":"Feature","geometry":{"type":"Point","coordinates":[12.468271,37.793532]},"properties":{"type":"pakketpunt","locatieNaam":"TABACCHERIA N. 4","straatNaam":"VIA SALEMI 80","straatNr":"","vervoerder":"DHL","puntType":"parcelShop","bezettingsgraad":50,"latitude":37.793532,"longitude":12.468271,"canPickup":true,"canDropoff":true,"openingstijden":{"ma":"07:30 - 13:30, 16:00 - 20:00","di":"07:30 - 13:30, 16:00 - 20:00","wo":"07:30 - 13:30, 16:00 - 20:00","do":"07:30 - 13:30, 16:00 - 20:00","vr":"07:30 - 13:30, 16:00 - 20:00","za":"07:30 - 13:30, 16:00 - 20:00","zo":"gesloten"}}},{"type":"Feature","geometry":{"type":"Point","coordinates":[12.506765,37.750908]},"properties":{"type":"pakketpunt","locatieNaam":"TABACCHERIA N. 56","straatNaam":"CONTRADA BAMBINA 77","straatNr":"","vervoerder":"DHL","puntType":"parcelShop","bezettingsgraad":50,"latitude":37.750908,"longitude":12.506765,"canPickup":true,"canDropoff":true,"openingstijden":{"ma":"07:30 - 13:00, 16:00 - 20:00","di":"07:30 - 13:00, 16:00 - 20:00","wo":"07:30 - 13:00, 16:00 - 20:00","do":"07:30 - 13:00, 16:00 - 20:00","vr":"07:30 - 13:00, 16:00 - 20:00","za":"07:30 - 13:00, 16:00 - 20:00","zo":"gesloten"}}},{"type":"Feature","geometry":{"type":"Point","coordinates":[12.4918,37.750822]},"properties":{"type":"pakketpunt","locatieNaam":"TABACCHERIA N. 50","straatNaam":"CONTRADA BAMBINA 216-O","straatNr":"","vervoerder":"DHL","puntType":"parcelShop","bezettingsgraad":50,"latitude":37.750822,"longitude":12.4918,"canPickup":true,"canDropoff":true,"openingstijden":{"ma":"08:30 - 13:00, 16:00 - 19:30","di":"08:30 - 13:00, 16:00 - 19:30","wo":"08:30 - 13:00, 16:00 - 19:30","do":"08:30 - 13:00, 16:00 - 19:30","vr":"08:30 - 13:00, 16:00 - 19:30","za":"08:30 - 13:00, 16:00 - 19:30","zo":"gesloten"}}},{"type":"Feature","geometry":{"type":"Point","coordinates":[12.484934,37.751544]},"properties":{"type":"pakketpunt","locatieNaam":"Ufficio Postale TERRENOVE BAMBINA","straatNaam":"CONTRADA TERRENOVE 62-H","straatNr":"","vervoerder":"DHL","puntType":"postOffice","bezettingsgraad":50,"latitude":37.751544,"longitude":12.484934,"canPickup":true,"canDropoff":true,"openingstijden":{"ma":"08:20 - 13:35","di":"08:20 - 13:35","wo":"08:20 - 13:35","do":"08:20 - 13:35","vr":"08:20 - 13:35","za":"08:20 - 12:35","zo":"gesloten"}}},{"type":"Feature","geometry":{"type":"Point","coordinates":[12.475436,37.789461]},"properties":{"type":"pakketpunt","locatieNaam":"TABACCHERIA N. 46","straatNaam":"CONTRADA SAN SILVESTRO 230","straatNr":"","vervoerder":"DHL","puntType":"parcelShop","bezettingsgraad":50,"latitude":37.789461,"longitude":12.475436,"canPickup":true,"canDropoff":true,"openingstijden":{"ma":"07:30 - 20:00","di":"07:30 - 20:00","wo":"07:30 - 20:00","do":"07:30 - 20:00","vr":"07:30 - 20:00","za":"07:30 - 20:00","zo":"07:30 - 20:00"}}},{"type":"Feature","geometry":{"type":"Point","coordinates":[12.487617,37.796512]},"properties":{"type":"pakketpunt","locatieNaam":"TABACCHERIA N. 70","straatNaam":"CONTRADA AMABILINA 310","straatNr":"","vervoerder":"DHL","puntType":"parcelShop","bezettingsgraad":50,"latitude":37.796512,"longitude":12.487617,"canPickup":true,"canDropoff":true,"openingstijden":{"ma":"08:00 - 19:30","di":"08:00 - 19:30","wo":"08:00 - 19:30","do":"08:00 - 19:30","vr":"08:00 - 19:30","za":"08:00 - 19:30","zo":"08:00 - 19:30"}}},{"type":"Feature","geometry":{"type":"Point","coordinates":[12.474088,37.796368]},"properties":{"type":"pakketpunt","locatieNaam":"TABACCHERIA N. 35","straatNaam":"CONTRADA AMABILINA 532-C","straatNr":"","vervoerder":"DHL","puntType":"parcelShop","bezettingsgraad":50,"latitude":37.796368,"longitude":12.474088,"canPickup":true,"canDropoff":true,"openingstijden":{"ma":"06:00 - 21:00","di":"06:00 - 21:00","wo":"06:00 - 21:00","do":"06:00 - 21:00","vr":"06:00 - 21:00","za":"06:00 - 21:00","zo":"08:00 - 13:00"}}},{"type":"Feature","geometry":{"type":"Point","coordinates":[12.5321,37.804273]},"properties":{"type":"pakketpunt","locatieNaam":"TABACCHERIA n. 19","straatNaam":"CONTRADA CANALE 63","straatNr":"","vervoerder":"DHL","puntType":"parcelShop","bezettingsgraad":50,"latitude":37.804273,"longitude":12.5321,"canPickup":true,"canDropoff":true,"openingstijden":{"ma":"07:30 - 13:00, 16:00 - 20:00","di":"07:30 - 13:00, 16:00 - 20:00","wo":"07:30 - 13:00, 16:00 - 20:00","do":"07:30 - 13:00, 16:00 - 20:00","vr":"07:30 - 13:00, 16:00 - 20:00","za":"07:30 - 13:00, 16:00 - 20:00","zo":"gesloten"}}},{"type":"Feature","geometry":{"type":"Point","coordinates":[12.463359,37.806465]},"properties":{"type":"pakketpunt","locatieNaam":"TABACCHERIA N. 21","straatNaam":"VIA TRAPANI 392","straatNr":"","vervoerder":"DHL","puntType":"parcelShop","bezettingsgraad":50,"latitude":37.806465,"longitude":12.463359,"canPickup":true,"canDropoff":true,"openingstijden":{"ma":"07:00 - 20:00","di":"07:00 - 20:00","wo":"07:00 - 20:00","do":"07:00 - 20:00","vr":"07:00 - 20:00","za":"07:00 - 20:00","zo":"gesloten"}}},{"type":"Feature","geometry":{"type":"Point","coordinates":[12.479674,37.814041]},"properties":{"type":"pakketpunt","locatieNaam":"TABACCHERIA N. 20","straatNaam":"CONTRADA COLOMBAIO LASAGNA 139","straatNr":"","vervoerder":"DHL","puntType":"parcelShop","bezettingsgraad":50,"latitude":37.814041,"longitude":12.479674,"canPickup":true,"canDropoff":true,"openingstijden":{"ma":"gesloten","di":"07:00 - 20:00","wo":"07:00 - 20:00","do":"07:00 - 20:00","vr":"07:00 - 20:00","za":"07:00 - 20:00","zo":"gesloten"}}},{"type":"Feature","geometry":{"type":"Point","coordinates":[12.482023,37.819893]},"properties":{"type":"pakketpunt","locatieNaam":"TABACCHERIA N. 68","straatNaam":"CONTRADA SAN GIUSEPPE TAFALIA 117","straatNr":"","vervoerder":"DHL","puntType":"parcelShop","bezettingsgraad":50,"latitude":37.819893,"longitude":12.482023,"canPickup":true,"canDropoff":true,"openingstijden":{"ma":"07:00 - 13:30, 16:00 - 20:30","di":"07:00 - 13:30, 16:30 - 20:30","wo":"07:00 - 13:30, 16:00 - 20:30","do":"07:00 - 13:30, 16:00 - 20:30","vr":"07:00 - 13:30, 16:00 - 20:30","za":"07:00 - 13:30, 16:00 - 20:30","zo":"08:30 - 13:30"}}},{"type":"Feature","geometry":{"type":"Point","coordinates":[12.535501,37.815817]},"properties":{"type":"pakketpunt","locatieNaam":"Ufficio Postale MATAROCCO","straatNaam":"CONTRADA PAOLINI 10","straatNr":"","vervoerder":"DHL","puntType":"postOffice","bezettingsgraad":50,"latitude":37.815817,"longitude":12.535501,"canPickup":true,"canDropoff":true,"openingstijden":{"ma":"08:20 - 13:45","di":"08:20 - 13:45","wo":"08:20 - 13:45","do":"08:20 - 13:45","vr":"08:20 - 13:45","za":"08:20 - 12:45","zo":"gesloten"}}},{"type":"Feature","geometry":{"type":"Point","coordinates":[12.484935,37.82896]},"properties":{"type":"pakketpunt","locatieNaam":"TABACCHERIA 40","straatNaam":"Contrada Ranna, 477","straatNr":"","vervoerder":"DHL","puntType":"parcelShop","bezettingsgraad":50,"latitude":37.82896,"longitude":12.484935,"canPickup":false,"canDropoff":true,"openingstijden":{"ma":"07:00 - 19:30","di":"07:00 - 19:30","wo":"07:00 - 19:30","do":"07:00 - 19:30","vr":"07:00 - 19:30","za":"07:00 - 19:30","zo":"gesloten"}}},{"type":"Feature","geometry":{"type":"Point","coordinates":[12.490715,37.830528]},"properties":{"type":"pakketpunt","locatieNaam":"Ufficio Postale TABACCARO","straatNaam":"CONTRADA RANNA 330","straatNr":"","vervoerder":"DHL","puntType":"postOffice","bezettingsgraad":50,"latitude":37.830528,"longitude":12.490715,"canPickup":true,"canDropoff":true,"openingstijden":{"ma":"08:20 - 13:35","di":"08:20 - 13:35","wo":"08:20 - 13:35","do":"08:20 - 13:35","vr":"08:20 - 13:35","za":"08:20 - 12:35","zo":"gesloten"}}},{"type":"Feature","geometry":{"type":"Point","coordinates":[12.499878,37.838873]},"properties":{"type":"pakketpunt","locatieNaam":"TABACCHERIA N. 26","straatNaam":"CONTRADA SAN MICHELE RIFUGIO 112","straatNr":"","vervoerder":"DHL","puntType":"parcelShop","bezettingsgraad":50,"latitude":37.838873,"longitude":12.499878,"canPickup":true,"canDropoff":true,"openingstijden":{"ma":"07:00 - 20:00","di":"07:00 - 20:00","wo":"07:00 - 14:00","do":"07:00 - 20:00","vr":"07:00 - 20:00","za":"07:00 - 20:00","zo":"08:00 - 13:00"}}},{"type":"Feature","geometry":{"type":"Point","coordinates":[12.478378,37.839296]},"properties":{"type":"pakketpunt","locatieNaam":"TABACCHERIA N. 15","straatNaam":"CONTRADA PISPISIA 103","straatNr":"","vervoerder":"DHL","puntType":"parcelShop","bezettingsgraad":50,"latitude":37.839296,"longitude":12.478378,"canPickup":true,"canDropoff":true,"openingstijden":{"ma":"07:00 - 13:30, 16:00 - 20:00","di":"07:00 - 13:30, 16:00 - 20:00","wo":"07:00 - 13:30, 16:00 - 20:00","do":"07:00 - 13:30, 16:00 - 20:00","vr":"07:00 - 13:30, 16:00 - 20:00","za":"07:00 - 13:30, 16:00 - 20:00","zo":"09:00 - 13:00"}}},{"type":"Feature","geometry":{"type":"Point","coordinates":[12.514109,37.840959]},"properties":{"type":"pakketpunt","locatieNaam":"TABACCHERIA N. 25","straatNaam":"CONTRADA RAKALIA 95","straatNr":"","vervoerder":"DHL","puntType":"parcelShop","bezettingsgraad":50,"latitude":37.840959,"longitude":12.514109,"canPickup":true,"canDropoff":true,"openingstijden":{"ma":"08:30 - 13:00, 16:00 - 19:30","di":"08:30 - 13:00, 16:00 - 19:30","wo":"08:30 - 13:00, 16:00 - 19:30","do":"16:00 - 19:30","vr":"08:30 - 13:00, 16:00 - 19:30","za":"08:30 - 13:00, 16:00 - 19:30","zo":"gesloten"}}},{"type":"Feature","geometry":{"type":"Point","coordinates":[12.508733,37.847948]},"properties":{"type":"pakketpunt","locatieNaam":"TABACCHERIA N. 59","straatNaam":"CONTRADA BOSCO 291","straatNr":"","vervoerder":"DHL","puntType":"parcelShop","bezettingsgraad":50,"latitude":37.847948,"longitude":12.508733,"canPickup":true,"canDropoff":true,"openingstijden":{"ma":"06:30 - 13:30, 15:00 - 20:00","di":"06:30 - 13:30, 15:00 - 20:00","wo":"06:30 - 13:30, 15:00 - 20:00","do":"06:30 - 13:30, 15:00 - 20:00","vr":"06:30 - 13:30, 15:00 - 20:00","za":"06:30 - 13:30, 15:00 - 20:00","zo":"gesloten"}}},{"type":"Feature","geometry":{"type":"Point","coordinates":[12.496434,37.878598]},"properties":{"type":"pakketpunt","locatieNaam":"Ufficio Postale RAGATTISI","straatNaam":"CONTRADA BIRGI NIVALORO 229","straatNr":"","vervoerder":"DHL","puntType":"postOffice","bezettingsgraad":50,"latitude":37.878598,"longitude":12.496434,"canPickup":true,"canDropoff":true,"openingstijden":{"ma":"08:20 - 13:45","di":"08:20 - 13:45","wo":"08:20 - 13:45","do":"08:20 - 13:45","vr":"08:20 - 13:45","za":"08:20 - 12:45","zo":"gesloten"}}},{"type":"Feature","geometry":{"type":"Point","coordinates":[12.4412,37.80563]},"properties":{"type":"pakketpunt","locatieNaam":"Amazon Locker - randolfo","straatNaam":"SPEED QUEEN - Marsala","straatNr":"","vervoerder":"Amazon","puntType":"locker","bezettingsgraad":50,"latitude":37.80563,"longitude":12.4412,"canPickup":true,"canDropoff":false,"openingstijden":null}},{"type":"Feature","geometry":{"type":"Point","coordinates":[12.448307,37.790408]},"properties":{"type":"pakketpunt","locatieNaam":"Amazon Counter - Enilive Station (n.09985)","straatNaam":"VIA MAZARA 14","straatNr":"","vervoerder":"Amazon","puntType":"helix","bezettingsgraad":50,"latitude":37.790408,"longitude":12.448307,"canPickup":true,"canDropoff":false,"openingstijden":null}},{"type":"Feature","geometry":{"type":"Point","coordinates":[12.4332898687172,37.7971663138679]},"properties":{"type":"pakketpunt","locatieNaam":"Amazon Counter","straatNaam":"InterNet & Co. (fermopoint)","straatNr":"","vervoerder":"Amazon","puntType":"helix","bezettingsgraad":50,"latitude":37.7971663138679,"longitude":12.4332898687172,"canPickup":true,"canDropoff":false,"openingstijden":null}},{"type":"Feature","geometry":{"type":"Point","coordinates":[12.44225,37.7962]},"properties":{"type":"pakketpunt","locatieNaam":"Amazon Counter - Il Mercatone dell'Usato","straatNaam":"Via Selinunte, 21","straatNr":"","vervoerder":"Amazon","puntType":"helix","bezettingsgraad":50,"latitude":37.7962,"longitude":12.44225,"canPickup":true,"canDropoff":false,"openingstijden":null}},{"type":"Feature","geometry":{"type":"Point","coordinates":[12.4446267,37.7935967]},"properties":{"type":"pakketpunt","locatieNaam":"Amazon Counter","straatNaam":"All-In Service-Solo Counter (fermopoint)","straatNr":"","vervoerder":"Amazon","puntType":"helix","bezettingsgraad":50,"latitude":37.7935967,"longitude":12.4446267,"canPickup":true,"canDropoff":false,"openingstijden":null}},{"type":"Feature","geometry":{"type":"Point","coordinates":[12.44447,37.793628]},"properties":{"type":"pakketpunt","locatieNaam":"Amazon Counter - Bijoú ","straatNaam":"Corso Calatafimi 64, 64","straatNr":"","vervoerder":"Amazon","puntType":"helix","bezettingsgraad":50,"latitude":37.793628,"longitude":12.44447,"canPickup":true,"canDropoff":false,"openingstijden":null}},{"type":"Feature","geometry":{"type":"Point","coordinates":[12.4380614,37.7948948]},"properties":{"type":"pakketpunt","locatieNaam":"Amazon Counter (fermopoint)","straatNaam":"Mail Boxes Etc-Marsala","straatNr":"","vervoerder":"Amazon","puntType":"helix","bezettingsgraad":50,"latitude":37.7948948,"longitude":12.4380614,"canPickup":true,"canDropoff":false,"openingstijden":null}},{"type":"Feature","geometry":{"type":"Point","coordinates":[12.4384,37.802177]},"properties":{"type":"pakketpunt","locatieNaam":"Amazon Counter (fermopoint)","straatNaam":"Cartomania-Marsala","straatNr":"","vervoerder":"Amazon","puntType":"helix","bezettingsgraad":50,"latitude":37.802177,"longitude":12.4384,"canPickup":true,"canDropoff":false,"openingstijden":null}},{"type":"Feature","geometry":{"type":"Point","coordinates":[12.472867,37.79382]},"properties":{"type":"pakketpunt","locatieNaam":"Amazon Locker - vezzosa","straatNaam":"Conad Marsala","straatNr":"","vervoerder":"Amazon","puntType":"locker","bezettingsgraad":50,"latitude":37.79382,"longitude":12.472867,"canPickup":true,"canDropoff":false,"openingstijden":null}},{"type":"Feature","geometry":{"type":"Point","coordinates":[12.4382817,37.8039233]},"properties":{"type":"pakketpunt","locatieNaam":"Amazon Counter - alibi room","straatNaam":"via massimo d'azeglio , 6","straatNr":"","vervoerder":"Amazon","puntType":"helix","bezettingsgraad":50,"latitude":37.8039233,"longitude":12.4382817,"canPickup":true,"canDropoff":false,"openingstijden":null}},{"type":"Feature","geometry":{"type":"Point","coordinates":[12.4742693994751,37.7962269097005]},"properties":{"type":"pakketpunt","locatieNaam":"Amazon Counter","straatNaam":"Tab&Telefonia F.lli Licari (fermopoint)","straatNr":"","vervoerder":"Amazon","puntType":"helix","bezettingsgraad":50,"latitude":37.7962269097005,"longitude":12.4742693994751,"canPickup":true,"canDropoff":false,"openingstijden":null}},{"type":"Feature","geometry":{"type":"Point","coordinates":[12.455372,37.783548]},"properties":{"type":"pakketpunt","locatieNaam":"Amazon Counter (fermopoint)","straatNaam":"Mail Boxes Etc 3477","straatNr":"","vervoerder":"Amazon","puntType":"helix","bezettingsgraad":50,"latitude":37.783548,"longitude":12.455372,"canPickup":true,"canDropoff":false,"openingstijden":null}},{"type":"Feature","geometry":{"type":"Point","coordinates":[12.450572,37.787951]},"properties":{"type":"pakketpunt","locatieNaam":"Amazon Counter - TABACCHI ERRERA","straatNaam":"VIA MAZARA 92","straatNr":"","vervoerder":"Amazon","puntType":"helix","bezettingsgraad":50,"latitude":37.787951,"longitude":12.450572,"canPickup":true,"canDropoff":false,"openingstijden":null}},{"type":"Feature","geometry":{"type":"Point","coordinates":[12.43794,37.79817]},"properties":{"type":"pakketpunt","locatieNaam":"Amazon Counter - Centro servizi jema","straatNaam":"Via Giulio Anca Omodei 16","straatNr":"","vervoerder":"Amazon","puntType":"helix","bezettingsgraad":50,"latitude":37.79817,"longitude":12.43794,"canPickup":true,"canDropoff":false,"openingstijden":null}},{"type":"Feature","geometry":{"type":"Point","coordinates":[12.4459863,37.792389]},"properties":{"type":"pakketpunt","locatieNaam":"Amazon Locker - Clematide","straatNaam":"Stazione ESSO - Marsala (108161)","straatNr":"","vervoerder":"Amazon","puntType":"locker","bezettingsgraad":50,"latitude":37.792389,"longitude":12.4459863,"canPickup":true,"canDropoff":false,"openingstijden":null}},{"type":"Feature","geometry":{"type":"Point","coordinates":[12.4376,37.8042]},"properties":{"type":"pakketpunt","locatieNaam":"PuntoPoste TABACCHERIA N. 80","straatNaam":"VIA MASSIMO D'AZEGLIO 44","straatNr":"","vervoerder":"Amazon","puntType":"3p","bezettingsgraad":50,"latitude":37.8042,"longitude":12.4376,"canPickup":true,"canDropoff":false,"openingstijden":null}},{"type":"Feature","geometry":{"type":"Point","coordinates":[12.442,37.8066]},"properties":{"type":"pakketpunt","locatieNaam":"Ufficio Postale MARSALA 2","straatNaam":"CORSO ANTONIO GRAMSCI 194","straatNr":"","vervoerder":"Amazon","puntType":"3p","bezettingsgraad":50,"latitude":37.8066,"longitude":12.442,"canPickup":true,"canDropoff":false,"openingstijden":null}},{"type":"Feature","geometry":{"type":"Point","coordinates":[12.446574,37.805147]},"properties":{"type":"pakketpunt","locatieNaam":"Amazon Counter - GC BROKER GIACOMO CATALANO","straatNaam":"VIA TRAPANI, 129","straatNr":"","vervoerder":"Amazon","puntType":"helix","bezettingsgraad":50,"latitude":37.805147,"longitude":12.446574,"canPickup":true,"canDropoff":false,"openingstijden":null}},{"type":"Feature","geometry":{"type":"Point","coordinates":[12.5181,37.7212]},"properties":{"type":"pakketpunt","locatieNaam":"PuntoPoste TABACCHERIA N. 73","straatNaam":"CONTRADA STRASATTI 328/A","straatNr":"","vervoerder":"Amazon","puntType":"3p","bezettingsgraad":50,"latitude":37.7212,"longitude":12.5181,"canPickup":true,"canDropoff":false,"openingstijden":null}},{"type":"Feature","geometry":{"type":"Point","coordinates":[12.515,37.729]},"properties":{"type":"pakketpunt","locatieNaam":"PuntoPoste TABACCHERIA N. 47","straatNaam":"VIA FORNARA 972","straatNr":"","vervoerder":"Amazon","puntType":"3p","bezettingsgraad":50,"latitude":37.729,"longitude":12.515,"canPickup":true,"canDropoff":false,"openingstijden":null}},{"type":"Feature","geometry":{"type":"Point","coordinates":[12.5138,37.7255]},"properties":{"type":"pakketpunt","locatieNaam":"PuntoPoste TABACCHERIA N. 27","straatNaam":"CONTRADA STRASATTI 181","straatNr":"","vervoerder":"Amazon","puntType":"3p","bezettingsgraad":50,"latitude":37.7255,"longitude":12.5138,"canPickup":true,"canDropoff":false,"openingstijden":null}},{"type":"Feature","geometry":{"type":"Point","coordinates":[12.5067,37.7509]},"properties":{"type":"pakketpunt","locatieNaam":"PuntoPoste TABACCHERIA N. 56","straatNaam":"CONTRADA BAMBINA 77","straatNr":"","vervoerder":"Amazon","puntType":"3p","bezettingsgraad":50,"latitude":37.7509,"longitude":12.5067,"canPickup":true,"canDropoff":false,"openingstijden":null}},{"type":"Feature","geometry":{"type":"Point","coordinates":[12.4849,37.7515]},"properties":{"type":"pakketpunt","locatieNaam":"Ufficio Postale TERRENOVE BAMBINA","straatNaam":"CONTRADA TERRENOVE 62-H","straatNr":"","vervoerder":"Amazon","puntType":"3p","bezettingsgraad":50,"latitude":37.7515,"longitude":12.4849,"canPickup":true,"canDropoff":false,"openingstijden":null}},{"type":"Feature","geometry":{"type":"Point","coordinates":[12.482563,37.820597]},"properties":{"type":"pakketpunt","locatieNaam":"Amazon Counter","straatNaam":"Salvo Spedizione (fermopoint)","straatNr":"","vervoerder":"Amazon","puntType":"helix","bezettingsgraad":50,"latitude":37.820597,"longitude":12.482563,"canPickup":true,"canDropoff":false,"openingstijden":null}},{"type":"Feature","geometry":{"type":"Point","coordinates":[12.442287,37.806767]},"properties":{"type":"pakketpunt","locatieNaam":"Amazon Counter - Tabaccheria","straatNaam":"Corso Antonio Gramsci, 196","straatNr":"","vervoerder":"Amazon","puntType":"helix","bezettingsgraad":50,"latitude":37.806767,"longitude":12.442287,"canPickup":true,"canDropoff":false,"openingstijden":null}},{"type":"Feature","geometry":{"type":"Point","coordinates":[12.48795,37.857407]},"properties":{"type":"pakketpunt","locatieNaam":"Amazon Counter","straatNaam":"Ferramenta Vinci (fermopoint)","straatNr":"","vervoerder":"Amazon","puntType":"helix","bezettingsgraad":50,"latitude":37.857407,"longitude":12.48795,"canPickup":true,"canDropoff":false,"openingstijden":null}},{"type":"Feature","geometry":{"type":"Point","coordinates":[12.4422,37.8068]},"properties":{"type":"pakketpunt","locatieNaam":"PuntoPoste TABACCHERIA N. 74","straatNaam":"CORSO ANTONIO GRAMSCI 196","straatNr":"","vervoerder":"Amazon","puntType":"3p","bezettingsgraad":50,"latitude":37.8068,"longitude":12.4422,"canPickup":true,"canDropoff":false,"openingstijden":null}},{"type":"Feature","geometry":{"type":"Point","coordinates":[12.4955017,37.875375]},"properties":{"type":"pakketpunt","locatieNaam":"Amazon Counter - PRIMAEDICOLA","straatNaam":"RAGONA SALVATORE","straatNr":"","vervoerder":"Amazon","puntType":"helix","bezettingsgraad":50,"latitude":37.875375,"longitude":12.4955017,"canPickup":true,"canDropoff":false,"openingstijden":null}},{"type":"Feature","geometry":{"type":"Point","coordinates":[12.4365,37.7965]},"properties":{"type":"pakketpunt","locatieNaam":"PuntoPoste CAMACI PLANET","straatNaam":"VIA STEFANO BILARDELLO 70","straatNr":"","vervoerder":"Amazon","puntType":"3p","bezettingsgraad":50,"latitude":37.7965,"longitude":12.4365,"canPickup":true,"canDropoff":false,"openingstijden":null}},{"type":"Feature","geometry":{"type":"Point","coordinates":[12.4468,37.8051]},"properties":{"type":"pakketpunt","locatieNaam":"PuntoPoste GC BROKER GIACOMO CATALANO","straatNaam":"VIA TRAPANI 129","straatNr":"","vervoerder":"Amazon","puntType":"3p","bezettingsgraad":50,"latitude":37.8051,"longitude":12.4468,"canPickup":true,"canDropoff":false,"openingstijden":null}},{"type":"Feature","geometry":{"type":"Point","coordinates":[12.5091749,37.8484641]},"properties":{"type":"pakketpunt","locatieNaam":"Amazon Counter - TABACCHI","straatNaam":"CONTRADA BOSCO 291","straatNr":"","vervoerder":"Amazon","puntType":"helix","bezettingsgraad":50,"latitude":37.8484641,"longitude":12.5091749,"canPickup":true,"canDropoff":false,"openingstijden":null}},{"type":"Feature","geometry":{"type":"Point","coordinates":[12.4998,37.8388]},"properties":{"type":"pakketpunt","locatieNaam":"PuntoPoste TABACCHERIA N. 26","straatNaam":"CONTRADA SAN MICHELE RIFUGIO 112","straatNr":"","vervoerder":"Amazon","puntType":"3p","bezettingsgraad":50,"latitude":37.8388,"longitude":12.4998,"canPickup":true,"canDropoff":false,"openingstijden":null}},{"type":"Feature","geometry":{"type":"Point","coordinates":[12.5355,37.8158]},"properties":{"type":"pakketpunt","locatieNaam":"Ufficio Postale MATAROCCO","straatNaam":"CONTRADA PAOLINI 10","straatNr":"","vervoerder":"Amazon","puntType":"3p","bezettingsgraad":50,"latitude":37.8158,"longitude":12.5355,"canPickup":true,"canDropoff":false,"openingstijden":null}},{"type":"Feature","geometry":{"type":"Point","coordinates":[12.4964,37.8785]},"properties":{"type":"pakketpunt","locatieNaam":"Ufficio Postale RAGATTISI","straatNaam":"CONTRADA BIRGI NIVALORO 229","straatNr":"","vervoerder":"Amazon","puntType":"3p","bezettingsgraad":50,"latitude":37.8785,"longitude":12.4964,"canPickup":true,"canDropoff":false,"openingstijden":null}},{"type":"Feature","geometry":{"type":"Point","coordinates":[12.4887994,37.8272463]},"properties":{"type":"pakketpunt","locatieNaam":"Amazon Counter","straatNaam":"Tabaccheria 40 Marsala (fermopoint)","straatNr":"","vervoerder":"Amazon","puntType":"helix","bezettingsgraad":50,"latitude":37.8272463,"longitude":12.4887994,"canPickup":true,"canDropoff":false,"openingstijden":null}},{"type":"Feature","geometry":{"type":"Point","coordinates":[12.482333,37.8202648]},"properties":{"type":"pakketpunt","locatieNaam":"Amazon Counter","straatNaam":"Tabaccheria Giacalone (fermopoint)","straatNr":"","vervoerder":"Amazon","puntType":"helix","bezettingsgraad":50,"latitude":37.8202648,"longitude":12.482333,"canPickup":true,"canDropoff":false,"openingstijden":null}},{"type":"Feature","geometry":{"type":"Point","coordinates":[12.532268,37.804183]},"properties":{"type":"pakketpunt","locatieNaam":"Amazon Counter - IMPICCICHE' BRUNO","straatNaam":"CONTRADA CANALE 62 63 64","straatNr":"","vervoerder":"Amazon","puntType":"helix","bezettingsgraad":50,"latitude":37.804183,"longitude":12.532268,"canPickup":true,"canDropoff":false,"openingstijden":null}},{"type":"Feature","geometry":{"type":"Point","coordinates":[12.4796,37.814]},"properties":{"type":"pakketpunt","locatieNaam":"PuntoPoste TABACCHERIA N. 20","straatNaam":"CONTRADA COLOMBAIO LASAGNA 139","straatNr":"","vervoerder":"Amazon","puntType":"3p","bezettingsgraad":50,"latitude":37.814,"longitude":12.4796,"canPickup":true,"canDropoff":false,"openingstijden":null}},{"type":"Feature","geometry":{"type":"Point","coordinates":[12.4783,37.8392]},"properties":{"type":"pakketpunt","locatieNaam":"PuntoPoste TABACCHERIA N. 15","straatNaam":"CONTRADA PISPISIA 103","straatNr":"","vervoerder":"Amazon","puntType":"3p","bezettingsgraad":50,"latitude":37.8392,"longitude":12.4783,"canPickup":true,"canDropoff":false,"openingstijden":null}},{"type":"Feature","geometry":{"type":"Point","coordinates":[12.4876,37.7965]},"properties":{"type":"pakketpunt","locatieNaam":"PuntoPoste TABACCHERIA N. 70","straatNaam":"CONTRADA AMABILINA 310","straatNr":"","vervoerder":"Amazon","puntType":"3p","bezettingsgraad":50,"latitude":37.7965,"longitude":12.4876,"canPickup":true,"canDropoff":false,"openingstijden":null}},{"type":"Feature","geometry":{"type":"Point","coordinates":[12.450604,37.787916]},"properties":{"type":"pakketpunt","locatieNaam":"FedEx OnSite","straatNaam":"via mazara, 92","straatNr":"","vervoerder":"FedEx","puntType":"servicepunt","bezettingsgraad":50,"latitude":37.787916,"longitude":12.450604,"canPickup":true,"canDropoff":true,"openingstijden":{"ma":"07:30 - 13:30, 15:30 - 19:30","di":"07:30 - 13:30, 15:30 - 19:30","wo":"07:30 - 13:30, 15:30 - 19:30","do":"07:30 - 13:30, 15:30 - 19:30","vr":"07:30 - 13:30, 15:30 - 19:30","za":"07:30 - 13:30, 15:30 - 19:30","zo":"09:00 - 12:30"}}},{"type":"Feature","geometry":{"type":"Point","coordinates":[12.433379225445762,37.79633451967103]},"properties":{"type":"pakketpunt","locatieNaam":"FedEx OnSite","straatNaam":"Via Dei Mille, 45/47","straatNr":"","vervoerder":"FedEx","puntType":"servicepunt","bezettingsgraad":50,"latitude":37.79633451967103,"longitude":12.433379225445762,"canPickup":true,"canDropoff":true,"openingstijden":{"ma":"08:00 - 13:30","di":"08:00 - 13:30","wo":"08:00 - 13:30","do":"08:00 - 13:30","vr":"08:00 - 13:30","za":"gesloten","zo":"gesloten"}}},{"type":"Feature","geometry":{"type":"Point","coordinates":[12.439564,37.79379]},"properties":{"type":"pakketpunt","locatieNaam":"FedEx OnSite","straatNaam":"VIA GIUSEPPE MAZZINI 141","straatNr":"","vervoerder":"FedEx","puntType":"servicepunt","bezettingsgraad":50,"latitude":37.79379,"longitude":12.439564,"canPickup":true,"canDropoff":true,"openingstijden":{"ma":"09:00 - 13:00, 16:00 - 20:00","di":"09:00 - 13:00, 16:00 - 20:00","wo":"09:00 - 13:00, 16:00 - 20:00","do":"09:00 - 13:00, 16:00 - 20:00","vr":"09:00 - 13:00, 16:00 - 20:00","za":"09:00 - 13:00","zo":"gesloten"}}},{"type":"Feature","geometry":{"type":"Point","coordinates":[12.438133318590276,37.79484376531459]},"properties":{"type":"pakketpunt","locatieNaam":"FedEx OnSite","straatNaam":"Via Mazzini, 89","straatNr":"","vervoerder":"FedEx","puntType":"servicepunt","bezettingsgraad":50,"latitude":37.79484376531459,"longitude":12.438133318590276,"canPickup":true,"canDropoff":true,"openingstijden":{"ma":"08:30 - 13:00, 16:30 - 19:00","di":"08:30 - 13:00, 16:30 - 19:00","wo":"08:30 - 13:00, 16:30 - 19:30","do":"08:30 - 13:00, 16:30 - 19:00","vr":"08:30 - 13:00, 16:30 - 19:00","za":"10:00 - 12:30","zo":"gesloten"}}},{"type":"Feature","geometry":{"type":"Point","coordinates":[12.433228134719432,37.79712331589575]},"properties":{"type":"pakketpunt","locatieNaam":"FedEx OnSite","straatNaam":"Via dei Mille, 12/14","straatNr":"","vervoerder":"FedEx","puntType":"servicepunt","bezettingsgraad":50,"latitude":37.79712331589575,"longitude":12.433228134719432,"canPickup":true,"canDropoff":true,"openingstijden":{"ma":"09:00 - 13:00, 17:00 - 20:00","di":"09:00 - 13:00, 17:00 - 20:00","wo":"09:00 - 13:00, 17:00 - 20:00","do":"09:00 - 13:00, 17:00 - 20:00","vr":"09:00 - 13:00, 17:00 - 20:00","za":"gesloten","zo":"gesloten"}}},{"type":"Feature","geometry":{"type":"Point","coordinates":[12.437298391465358,37.795599023769164]},"properties":{"type":"pakketpunt","locatieNaam":"FedEx OnSite","straatNaam":"via mario nuccio, 58","straatNr":"","vervoerder":"FedEx","puntType":"servicepunt","bezettingsgraad":50,"latitude":37.795599023769164,"longitude":12.437298391465358,"canPickup":true,"canDropoff":true,"openingstijden":{"ma":"08:00 - 14:30","di":"08:00 - 14:30","wo":"08:00 - 14:30","do":"08:00 - 14:30","vr":"08:00 - 14:30","za":"gesloten","zo":"gesloten"}}},{"type":"Feature","geometry":{"type":"Point","coordinates":[12.443577512426822,37.79325460276499]},"properties":{"type":"pakketpunt","locatieNaam":"FedEx OnSite","straatNaam":"via cairoli, 13","straatNr":"","vervoerder":"FedEx","puntType":"servicepunt","bezettingsgraad":50,"latitude":37.79325460276499,"longitude":12.443577512426822,"canPickup":true,"canDropoff":true,"openingstijden":{"ma":"08:30 - 14:00","di":"08:30 - 14:00","wo":"08:30 - 14:00","do":"08:30 - 14:00","vr":"08:30 - 14:00","za":"08:30 - 14:00","zo":"gesloten"}}},{"type":"Feature","geometry":{"type":"Point","coordinates":[12.436441841831897,37.79658301281643]},"properties":{"type":"pakketpunt","locatieNaam":"FedEx OnSite","straatNaam":"via stefano bilardello, 70","straatNr":"","vervoerder":"FedEx","puntType":"servicepunt","bezettingsgraad":50,"latitude":37.79658301281643,"longitude":12.436441841831897,"canPickup":true,"canDropoff":true,"openingstijden":{"ma":"09:00 - 13:00, 17:00 - 19:00","di":"09:00 - 13:00, 17:00 - 19:00","wo":"09:00 - 13:00, 17:00 - 19:00","do":"09:00 - 13:00, 17:00 - 19:00","vr":"09:00 - 13:00, 17:00 - 19:00","za":"gesloten","zo":"gesloten"}}},{"type":"Feature","geometry":{"type":"Point","coordinates":[12.444976,37.793477]},"properties":{"type":"pakketpunt","locatieNaam":"FedEx OnSite","straatNaam":"corso calatatafimi, 51","straatNr":"","vervoerder":"FedEx","puntType":"servicepunt","bezettingsgraad":50,"latitude":37.793477,"longitude":12.444976,"canPickup":true,"canDropoff":true,"openingstijden":{"ma":"08:30 - 12:30, 14:00 - 18:00","di":"08:30 - 12:30, 14:00 - 18:00","wo":"08:30 - 12:30, 14:00 - 18:00","do":"08:30 - 12:30, 14:00 - 18:00","vr":"08:30 - 12:30, 14:00 - 18:00","za":"gesloten","zo":"gesloten"}}},{"type":"Feature","geometry":{"type":"Point","coordinates":[12.44475496804255,37.79363676784589]},"properties":{"type":"pakketpunt","locatieNaam":"FedEx OnSite","straatNaam":"Corso Calatafimi, 45A","straatNr":"","vervoerder":"FedEx","puntType":"servicepunt","bezettingsgraad":50,"latitude":37.79363676784589,"longitude":12.44475496804255,"canPickup":true,"canDropoff":true,"openingstijden":{"ma":"08:30 - 13:00, 15:00 - 18:30","di":"08:30 - 13:00, 15:00 - 18:30","wo":"08:30 - 13:00, 15:00 - 18:30","do":"08:00 - 13:00, 15:00 - 18:30","vr":"08:30 - 13:00, 15:00 - 18:30","za":"09:00 - 13:00","zo":"gesloten"}}},{"type":"Feature","geometry":{"type":"Point","coordinates":[12.449391288632675,37.791809558851774]},"properties":{"type":"pakketpunt","locatieNaam":"FedEx OnSite","straatNaam":"via nino bixio, 16","straatNr":"","vervoerder":"FedEx","puntType":"servicepunt","bezettingsgraad":50,"latitude":37.791809558851774,"longitude":12.449391288632675,"canPickup":true,"canDropoff":true,"openingstijden":{"ma":"06:30 - 13:30, 15:30 - 20:30","di":"06:30 - 13:30","wo":"06:30 - 13:30","do":"06:30 - 13:30, 15:30 - 20:30","vr":"06:30 - 13:30, 15:30 - 20:30","za":"06:30 - 13:30, 15:30 - 20:30","zo":"gesloten"}}},{"type":"Feature","geometry":{"type":"Point","coordinates":[12.43805414742897,37.79817940176926]},"properties":{"type":"pakketpunt","locatieNaam":"FedEx OnSite","straatNaam":"Via Giulio anca omodei , 16","straatNr":"","vervoerder":"FedEx","puntType":"servicepunt","bezettingsgraad":50,"latitude":37.79817940176926,"longitude":12.43805414742897,"canPickup":true,"canDropoff":true,"openingstijden":{"ma":"09:00 - 13:00, 16:30 - 19:30","di":"09:00 - 13:00, 16:30 - 19:30","wo":"09:00 - 13:00, 16:30 - 19:30","do":"09:00 - 13:00, 16:30 - 19:30","vr":"09:00 - 13:00, 16:30 - 19:30","za":"10:00 - 13:00, 16:30 - 19:30","zo":"gesloten"}}},{"type":"Feature","geometry":{"type":"Point","coordinates":[12.447395886800189,37.79704977829799]},"properties":{"type":"pakketpunt","locatieNaam":"FedEx OnSite","straatNaam":"VIA SIRTORI, 80","straatNr":"","vervoerder":"FedEx","puntType":"servicepunt","bezettingsgraad":50,"latitude":37.79704977829799,"longitude":12.447395886800189,"canPickup":true,"canDropoff":true,"openingstijden":{"ma":"07:00 - 20:30","di":"07:00 - 20:30","wo":"07:00 - 20:30","do":"07:00 - 20:30","vr":"07:00 - 20:30","za":"07:00 - 20:30","zo":"08:00 - 13:00"}}},{"type":"Feature","geometry":{"type":"Point","coordinates":[12.440962,37.802133]},"properties":{"type":"pakketpunt","locatieNaam":"FedEx OnSite","straatNaam":"VIA DEGLI ATLETI, 15-17","straatNr":"","vervoerder":"FedEx","puntType":"servicepunt","bezettingsgraad":50,"latitude":37.802133,"longitude":12.440962,"canPickup":true,"canDropoff":true,"openingstijden":{"ma":"08:00 - 13:30, 16:00 - 20:00","di":"08:00 - 13:30, 16:00 - 20:00","wo":"08:00 - 13:30, 16:00 - 20:00","do":"08:00 - 13:30, 16:00 - 20:00","vr":"08:00 - 13:30, 16:00 - 20:00","za":"08:00 - 13:30, 16:00 - 20:00","zo":"gesloten"}}},{"type":"Feature","geometry":{"type":"Point","coordinates":[12.44621220151536,37.804944229836245]},"properties":{"type":"pakketpunt","locatieNaam":"FedEx OnSite","straatNaam":"VIA TRAPANI, 168/170","straatNr":"","vervoerder":"FedEx","puntType":"servicepunt","bezettingsgraad":50,"latitude":37.804944229836245,"longitude":12.44621220151536,"canPickup":true,"canDropoff":true,"openingstijden":{"ma":"07:30 - 13:30, 17:30 - 20:00","di":"07:30 - 13:30, 17:30 - 20:00","wo":"07:30 - 13:30, 17:30 - 20:00","do":"07:30 - 13:30, 17:30 - 20:00","vr":"07:30 - 13:30, 17:30 - 20:00","za":"07:30 - 13:30, 17:30 - 20:00","zo":"gesloten"}}},{"type":"Feature","geometry":{"type":"Point","coordinates":[12.44228026865286,37.806765648745625]},"properties":{"type":"pakketpunt","locatieNaam":"FedEx OnSite","straatNaam":": Corso Antonio Gramsci, 196","straatNr":"","vervoerder":"FedEx","puntType":"servicepunt","bezettingsgraad":50,"latitude":37.806765648745625,"longitude":12.44228026865286,"canPickup":true,"canDropoff":true,"openingstijden":{"ma":"07:00 - 13:30, 16:00 - 19:00","di":"07:00 - 13:30, 16:00 - 19:00","wo":"07:00 - 13:30, 16:00 - 19:00","do":"07:00 - 13:30, 16:00 - 19:00","vr":"07:00 - 13:30, 16:00 - 19:00","za":"07:00 - 13:30, 16:00 - 19:00","zo":"gesloten"}}},{"type":"Feature","geometry":{"type":"Point","coordinates":[12.4737115,37.7967377]},"properties":{"type":"pakketpunt","locatieNaam":"FedEx OnSite","straatNaam":"CONTRADA AMABILINA lotto 9, 532/c","straatNr":"","vervoerder":"FedEx","puntType":"servicepunt","bezettingsgraad":50,"latitude":37.7967377,"longitude":12.4737115,"canPickup":true,"canDropoff":true,"openingstijden":{"ma":"06:00 - 21:00","di":"06:00 - 21:00","wo":"06:00 - 21:00","do":"06:00 - 21:00","vr":"06:00 - 21:00","za":"06:00 - 21:00","zo":"08:00 - 14:00"}}},{"type":"Feature","geometry":{"type":"Point","coordinates":[12.46336847166873,37.80643729020126]},"properties":{"type":"pakketpunt","locatieNaam":"FedEx OnSite","straatNaam":"Via Trapani, 392","straatNr":"","vervoerder":"FedEx","puntType":"servicepunt","bezettingsgraad":50,"latitude":37.80643729020126,"longitude":12.46336847166873,"canPickup":true,"canDropoff":true,"openingstijden":{"ma":"07:00 - 13:00, 15:30 - 20:00","di":"07:00 - 13:00, 15:30 - 20:00","wo":"07:00 - 13:00, 15:30 - 20:00","do":"07:00 - 13:00, 15:30 - 20:00","vr":"07:00 - 13:00, 15:30 - 20:00","za":"07:00 - 13:00, 15:30 - 20:00","zo":"gesloten"}}},{"type":"Feature","geometry":{"type":"Point","coordinates":[12.468872,37.805076]},"properties":{"type":"pakketpunt","locatieNaam":"FedEx OnSite","straatNaam":"Via Trieste, 475","straatNr":"","vervoerder":"FedEx","puntType":"servicepunt","bezettingsgraad":50,"latitude":37.805076,"longitude":12.468872,"canPickup":true,"canDropoff":true,"openingstijden":{"ma":"07:00 - 13:00, 15:00 - 20:00","di":"07:00 - 13:00, 15:00 - 20:00","wo":"07:00 - 13:00, 15:00 - 20:00","do":"07:00 - 13:00, 15:00 - 20:00","vr":"07:00 - 13:00, 15:00 - 20:00","za":"07:00 - 13:00, 15:00 - 20:00","zo":"gesloten"}}},{"type":"Feature","geometry":{"type":"Point","coordinates":[12.480862,37.813677]},"properties":{"type":"pakketpunt","locatieNaam":"FedEx OnSite","straatNaam":"Contrada colombaio lasagna, 139","straatNr":"","vervoerder":"FedEx","puntType":"servicepunt","bezettingsgraad":50,"latitude":37.813677,"longitude":12.480862,"canPickup":true,"canDropoff":true,"openingstijden":{"ma":"06:00 - 13:00, 15:30 - 20:30","di":"06:00 - 13:00, 15:30 - 20:30","wo":"06:00 - 13:00, 15:30 - 20:30","do":"06:00 - 13:00, 15:30 - 20:30","vr":"06:00 - 13:00, 15:30 - 20:30","za":"06:00 - 13:00, 15:30 - 20:30","zo":"gesloten"}}},{"type":"Feature","geometry":{"type":"Point","coordinates":[12.488127456010982,37.828232583418526]},"properties":{"type":"pakketpunt","locatieNaam":"FedEx OnSite","straatNaam":"CONTRADA RANNA, 477","straatNr":"","vervoerder":"FedEx","puntType":"servicepunt","bezettingsgraad":50,"latitude":37.828232583418526,"longitude":12.488127456010982,"canPickup":true,"canDropoff":true,"openingstijden":{"ma":"07:00 - 19:30","di":"07:00 - 19:30","wo":"07:00 - 19:30","do":"07:00 - 19:30","vr":"07:00 - 19:30","za":"07:00 - 19:30","zo":"gesloten"}}},{"type":"Feature","geometry":{"type":"Point","coordinates":[12.487948,37.857422]},"properties":{"type":"pakketpunt","locatieNaam":"FedEx OnSite","straatNaam":"Contrada Ettore Infersa, 23","straatNr":"","vervoerder":"FedEx","puntType":"servicepunt","bezettingsgraad":50,"latitude":37.857422,"longitude":12.487948,"canPickup":true,"canDropoff":true,"openingstijden":{"ma":"07:30 - 12:30, 14:30 - 19:00","di":"07:30 - 12:30, 14:30 - 19:00","wo":"07:30 - 12:30, 14:30 - 19:00","do":"07:30 - 12:30, 14:30 - 19:00","vr":"07:30 - 12:30, 14:30 - 19:00","za":"07:30 - 13:00","zo":"gesloten"}}},{"type":"Feature","geometry":{"type":"Point","coordinates":[12.509172636067216,37.84850210412772]},"properties":{"type":"pakketpunt","locatieNaam":"FedEx OnSite","straatNaam":"Contrada Bosco, 291","straatNr":"","vervoerder":"FedEx","puntType":"servicepunt","bezettingsgraad":50,"latitude":37.84850210412772,"longitude":12.509172636067216,"canPickup":true,"canDropoff":true,"openingstijden":{"ma":"06:30 - 13:30, 15:00 - 20:00","di":"06:30 - 13:30, 15:00 - 20:00","wo":"06:30 - 13:30, 15:00 - 20:00","do":"06:30 - 13:30, 15:00 - 20:00","vr":"06:30 - 13:30, 15:00 - 20:00","za":"06:30 - 13:30, 15:00 - 20:00","zo":"gesloten"}}},{"type":"Feature","geometry":{"type":"MultiPolygon","coordinates":[[[[12.4242472,37.8020705],[12.4250121,37.8023859],[12.4250994,37.8025797],[12.4248916,37.8026421],[12.4248285,37.8027809],[12.4249207,37.8029212],[12.4253321,37.8028522],[12.4255607,37.8031083],[12.4265041,37.8030263],[12.4267326,37.803046],[12.4269238,37.8031642],[12.4272161,37.803468],[12.4272613,37.8037916],[12.4270512,37.8039913],[12.4273225,37.8039555],[12.427443,37.8043544],[12.4274774,37.8048408],[12.427387,37.8052335],[12.4278041,37.8055283],[12.428007,37.8058082],[12.428289,37.8058843],[12.429565,37.8059223],[12.4299261,37.8059902],[12.4299777,37.8061098],[12.4302769,37.8062783],[12.4310311,37.8063678],[12.4311556,37.8061711],[12.4322384,37.8065872],[12.4324551,37.8068722],[12.4323987,37.806947],[12.4325371,37.8068995],[12.4326154,37.8069556],[12.4325899,37.8070405],[12.4328285,37.8071384],[12.4329069,37.8072895],[12.4335463,37.8076524],[12.4344017,37.8088182],[12.4350781,37.809205],[12.4354624,37.8092553],[12.4360987,37.8099554],[12.4361859,37.8098809],[12.4363036,37.8099442],[12.4372081,37.8110327],[12.4372104,37.8111295],[12.4373564,37.8111053],[12.4375697,37.8114142],[12.437705,37.8114123],[12.4377827,37.8116338],[12.4379661,37.811789],[12.438056,37.8116877],[12.4380183,37.8117863],[12.438096,37.8118961],[12.4383739,37.8118329],[12.4385553,37.8119557],[12.4386872,37.8119203],[12.4386518,37.8120022],[12.439309,37.8123278],[12.4402416,37.8130795],[12.4407251,37.81367],[12.440927,37.8140801],[12.4412827,37.814232],[12.4414558,37.8144903],[12.4418884,37.8147181],[12.4427425,37.8159041],[12.4439511,37.8186239],[12.4444183,37.8203295],[12.4443663,37.821547],[12.445209,37.8210114],[12.4450249,37.8191345],[12.4448137,37.8186455],[12.4444136,37.817185],[12.4440893,37.8167697],[12.4440756,37.8164099],[12.444388,37.816201],[12.4440996,37.8156827],[12.4431478,37.8149384],[12.4424558,37.8145115],[12.4404069,37.8124952],[12.4402001,37.8121608],[12.4398063,37.8118497],[12.4389469,37.8116055],[12.4391517,37.8112547],[12.4397937,37.810576],[12.4404758,37.8099636],[12.4406776,37.8098741],[12.4414307,37.8100064],[12.4423499,37.8108496],[12.4427803,37.811019],[12.442868,37.811138],[12.4426283,37.8114331],[12.4427438,37.8114974],[12.4430268,37.8112702],[12.4435051,37.8113914],[12.4438671,37.8118913],[12.444949,37.8126606],[12.4451939,37.8127362],[12.4450739,37.8129702],[12.4451234,37.8131091],[12.4452421,37.813149],[12.4452899,37.8130797],[12.4451842,37.813029],[12.4451899,37.8129563],[12.4453663,37.812807],[12.4454772,37.8128269],[12.4453403,37.8131124],[12.4454772,37.813098],[12.4457186,37.8128085],[12.4463773,37.8127334],[12.4467193,37.8125363],[12.4470799,37.8125076],[12.4472185,37.8125848],[12.4472689,37.8127814],[12.4475493,37.8127714],[12.4474296,37.8124802],[12.4474611,37.8123558],[12.4476643,37.8122781],[12.4477887,37.8122712],[12.4479527,37.8124297],[12.4481289,37.8124081],[12.4484566,37.8125375],[12.4487275,37.8123334],[12.4491402,37.8122861],[12.4501953,37.8125853],[12.4516352,37.8127391],[12.4525268,37.8129718],[12.4525803,37.8130502],[12.4525236,37.8130999],[12.4526307,37.8132094],[12.4528512,37.8131149],[12.4533427,37.8133189],[12.4537658,37.8136266],[12.4532959,37.8144168],[12.453468,37.8144821],[12.4534273,37.8145585],[12.4535127,37.814584],[12.453557,37.8145243],[12.4537328,37.8145908],[12.4543403,37.8136668],[12.4547927,37.8137293],[12.4555201,37.8140135],[12.4557742,37.8146389],[12.4558495,37.8146198],[12.4557612,37.8143868],[12.4560338,37.8140398],[12.4567519,37.8137921],[12.4569735,37.8136248],[12.4573989,37.8137403],[12.4581683,37.814509],[12.4584683,37.8147143],[12.4585995,37.8151055],[12.4584965,37.8152693],[12.4586973,37.8155427],[12.4589915,37.8153869],[12.4597921,37.8158948],[12.4599545,37.8162978],[12.4596141,37.8166592],[12.4597624,37.8166571],[12.4604128,37.8161281],[12.4607336,37.8161804],[12.4619032,37.8175333],[12.4659106,37.8238573],[12.4675646,37.8267604],[12.4680516,37.8277718],[12.4680335,37.8279178],[12.4675567,37.828056],[12.4674732,37.8281488],[12.4683416,37.8279356],[12.4685453,37.8276723],[12.4687169,37.8276985],[12.4686544,37.8287069],[12.4680339,37.8296634],[12.4683663,37.8335735],[12.4687241,37.8346675],[12.4688349,37.8355444],[12.4686756,37.8360753],[12.4684743,37.8362358],[12.4681943,37.8362313],[12.4680053,37.8367317],[12.4680662,37.8372524],[12.4682213,37.8377002],[12.4682025,37.8382696],[12.4679395,37.8388133],[12.467295,37.8394252],[12.4670709,37.8402573],[12.4668004,37.8406375],[12.4663744,37.8410161],[12.4658034,37.8411745],[12.46533,37.8411027],[12.4651759,37.841187],[12.465114,37.8414006],[12.4646677,37.841524],[12.4643315,37.841539],[12.4639456,37.8413821],[12.4636705,37.841381],[12.4634183,37.8415134],[12.463403,37.8416296],[12.4642486,37.8428413],[12.4645476,37.8436653],[12.4646522,37.8441814],[12.4646304,37.8455845],[12.464756,37.845697],[12.4648054,37.8458921],[12.4646325,37.8465514],[12.4647362,37.846686],[12.4647468,37.8475166],[12.4649383,37.8477729],[12.4655249,37.8480826],[12.4658107,37.848433],[12.4664888,37.8488513],[12.467282,37.8490556],[12.4678136,37.8490009],[12.4690843,37.849171],[12.4696969,37.849455],[12.4702178,37.8498198],[12.4711031,37.8496189],[12.4718597,37.8498978],[12.4722734,37.8498173],[12.472434,37.8498807],[12.4728694,37.8502001],[12.4735658,37.8509988],[12.4736346,37.8513027],[12.4741422,37.851508],[12.4745674,37.8520794],[12.4749211,37.8524022],[12.4750744,37.8528122],[12.4757224,37.8534642],[12.4760924,37.8540873],[12.4766441,37.8554112],[12.4774905,37.8562017],[12.4776144,37.8568055],[12.4750009,37.8580883],[12.4750865,37.8580845],[12.4792011,37.8640689],[12.4791662,37.8643055],[12.4793089,37.8644296],[12.4796372,37.8641333],[12.4797761,37.8641956],[12.4806671,37.8651794],[12.4823588,37.8691968],[12.483937,37.8735257],[12.485754,37.87351],[12.4859102,37.8737581],[12.4860668,37.8748045],[12.4859453,37.8749745],[12.4857077,37.8748873],[12.4859342,37.8750574],[12.4859729,37.8752449],[12.4857961,37.8759382],[12.485763,37.8764178],[12.4854555,37.877455],[12.4850394,37.8780821],[12.4848738,37.878168],[12.4843395,37.8790339],[12.4837363,37.8803019],[12.4829302,37.8808176],[12.4827128,37.8811091],[12.4827081,37.8813181],[12.4822817,37.8817464],[12.4811704,37.8823147],[12.4806225,37.8824506],[12.4797186,37.8825279],[12.4786699,37.8824105],[12.4781611,37.8828985],[12.4778324,37.8830128],[12.477715,37.8833834],[12.4773981,37.883544],[12.4773472,37.8838127],[12.4768076,37.884377],[12.4763376,37.8846775],[12.4752011,37.8847508],[12.4730336,37.8843351],[12.4728289,37.8843855],[12.4718211,37.8855114],[12.4710347,37.8858576],[12.4708782,37.8860924],[12.4710425,37.8868181],[12.4710856,37.8875871],[12.4710269,37.888282],[12.4706904,37.8892919],[12.470436,37.8894587],[12.4701618,37.8894652],[12.4701816,37.8896285],[12.4698294,37.8898077],[12.4700682,37.8900146],[12.4700916,37.8901628],[12.4697786,37.890731],[12.46944,37.8910043],[12.4684383,37.8913224],[12.468045,37.8915763],[12.4670276,37.8917409],[12.4668409,37.8918535],[12.4665249,37.8923074],[12.4661471,37.8937204],[12.4664083,37.8945586],[12.4666764,37.8949428],[12.4667889,37.8954096],[12.4666442,37.8958945],[12.4670119,37.8959654],[12.4675487,37.8963248],[12.4678928,37.8968742],[12.4679819,37.8971649],[12.4684312,37.8974204],[12.4687672,37.8977782],[12.4690303,37.8981711],[12.4695039,37.8993146],[12.4695727,37.8998161],[12.4694298,37.9003605],[12.4691355,37.9008031],[12.4687307,37.9009915],[12.468496,37.9013397],[12.4685243,37.9024959],[12.4684312,37.9027674],[12.4682055,37.9028731],[12.462517,37.9018489],[12.4623664,37.9019621],[12.4612947,37.9035691],[12.4614426,37.9036274],[12.4612183,37.9040607],[12.4610139,37.9039941],[12.4594347,37.9063371],[12.4594881,37.907006],[12.4593481,37.9072912],[12.4589931,37.9076072],[12.4583249,37.9076027],[12.4582485,37.9080019],[12.4588988,37.9080884],[12.4590954,37.9082279],[12.4591026,37.9088667],[12.4596198,37.9092439],[12.459858,37.9097668],[12.460055,37.9097871],[12.4601095,37.9096869],[12.4604662,37.9097207],[12.4605975,37.9099503],[12.460495,37.9100529],[12.4604892,37.9103614],[12.4607259,37.9103894],[12.4609885,37.9105357],[12.4611995,37.9109292],[12.4614736,37.9111053],[12.4615429,37.9113344],[12.4624781,37.9111211],[12.4629914,37.9112752],[12.4634113,37.9116435],[12.4639421,37.9123054],[12.4638422,37.9125891],[12.4634719,37.9129818],[12.4635866,37.9130561],[12.4639621,37.9126499],[12.4658941,37.9140998],[12.4662993,37.9145478],[12.4663564,37.9147189],[12.4663112,37.9148906],[12.4657289,37.9152075],[12.46574,37.9152863],[12.4658258,37.9153494],[12.4660881,37.9152682],[12.4668586,37.914926],[12.4670127,37.9149981],[12.4674259,37.9154511],[12.4691262,37.9176589],[12.4692972,37.9179812],[12.4695524,37.9195294],[12.4701213,37.9201004],[12.4702388,37.9204335],[12.4701973,37.9210014],[12.4700355,37.9212136],[12.4703762,37.9213919],[12.470582,37.9216134],[12.4706923,37.9218247],[12.4705313,37.9220929],[12.4710239,37.9223388],[12.4715158,37.9228608],[12.4721797,37.9240436],[12.4727206,37.9247848],[12.4729338,37.9252614],[12.4731119,37.9260321],[12.4754636,37.9284612],[12.4785983,37.9309269],[12.4796021,37.9320778],[12.4801011,37.9319851],[12.4818648,37.9313119],[12.482779,37.9315235],[12.4836731,37.9320015],[12.4847775,37.9323759],[12.4855555,37.9327546],[12.48633,37.9332309],[12.4871281,37.9340927],[12.4880501,37.9344077],[12.4905863,37.9344445],[12.4909175,37.9343991],[12.491345,37.9342107],[12.4922275,37.9335445],[12.4925904,37.9328339],[12.4931064,37.93017],[12.4933308,37.929623],[12.4913736,37.928201],[12.4911922,37.9276504],[12.4910181,37.9274743],[12.4900174,37.9269268],[12.4894112,37.9267534],[12.4876356,37.9264995],[12.486847,37.9265841],[12.4859995,37.9268676],[12.4857688,37.9267322],[12.4850821,37.9266264],[12.4842399,37.9261906],[12.4833709,37.9255072],[12.4830544,37.924809],[12.4830222,37.924407],[12.4834651,37.9230845],[12.4842164,37.9217289],[12.4845429,37.9208183],[12.4852995,37.9196653],[12.4853309,37.9187364],[12.4857343,37.9175713],[12.4857417,37.9170216],[12.4855662,37.9164953],[12.4847897,37.9155994],[12.4844818,37.9149509],[12.4844578,37.914321],[12.4846918,37.9137825],[12.4851008,37.9134596],[12.4856542,37.913245],[12.4863854,37.913498],[12.4876163,37.9134075],[12.4882601,37.9128794],[12.4884546,37.9125133],[12.4884207,37.9118566],[12.4881983,37.9113452],[12.4874304,37.9105257],[12.4865776,37.9101951],[12.4854911,37.910349],[12.4850159,37.9102775],[12.4847905,37.9098833],[12.48411,37.9091692],[12.4833783,37.9070693],[12.4822872,37.9051339],[12.4821397,37.9051318],[12.4820781,37.9048524],[12.482121,37.9046154],[12.4831402,37.9035149],[12.4843633,37.9029773],[12.4860316,37.9025371],[12.4867827,37.9022366],[12.4869597,37.9020757],[12.4869919,37.9019783],[12.4869163,37.9019014],[12.4871206,37.9014789],[12.4876356,37.9012249],[12.4881345,37.9010556],[12.4892235,37.9008651],[12.4898082,37.9009201],[12.4901462,37.9008101],[12.4913102,37.9003402],[12.4917769,37.9000439],[12.4923778,37.8999804],[12.4934882,37.8995867],[12.494486,37.8991253],[12.4959344,37.8982576],[12.4962133,37.8982068],[12.4964654,37.8983761],[12.4968224,37.8983956],[12.4980022,37.8976343],[12.4974712,37.8968056],[12.4979246,37.896467],[12.498402,37.8963061],[12.4995586,37.8956018],[12.5005317,37.8949007],[12.5008646,37.8944403],[12.5011138,37.8943355],[12.5021299,37.8942331],[12.5027754,37.8942995],[12.503279,37.8945368],[12.5042666,37.8944997],[12.5052579,37.89392],[12.5077736,37.8950954],[12.5084656,37.894871],[12.5084442,37.8945027],[12.5087285,37.8942572],[12.5085622,37.8934402],[12.508235,37.8933513],[12.5079453,37.8931269],[12.5068563,37.8920558],[12.506572,37.8910652],[12.5069153,37.8906969],[12.5067061,37.8905784],[12.507838,37.8896046],[12.5090504,37.8899772],[12.5099623,37.8885632],[12.5099087,37.888343],[12.5093025,37.8880848],[12.5096673,37.8873693],[12.5093132,37.8871237],[12.5096404,37.8861881],[12.5099677,37.8860399],[12.5104131,37.8862462],[12.5112498,37.8858028],[12.51059,37.8851],[12.5110942,37.8847359],[12.5117058,37.8855361],[12.5123924,37.8852355],[12.5122315,37.8848036],[12.5123715,37.884447],[12.5127679,37.8838595],[12.5132239,37.8836859],[12.5142109,37.8830466],[12.5144148,37.8829957],[12.5147581,37.8832413],[12.5150102,37.8832244],[12.515552,37.8828137],[12.5158846,37.8821701],[12.5165614,37.8821952],[12.5167751,37.8825766],[12.5167912,37.8828645],[12.5173652,37.8827544],[12.518363,37.8823268],[12.5184488,37.8822125],[12.5193286,37.8820981],[12.5194734,37.8821405],[12.5199026,37.8825681],[12.52016,37.8826561],[12.5216138,37.8821405],[12.5219057,37.8824872],[12.5217748,37.8828264],[12.5223275,37.8837801],[12.52317,37.8836205],[12.5235933,37.8827925],[12.5236148,37.8824411],[12.5239044,37.8823691],[12.5242587,37.8819858],[12.5244516,37.8818864],[12.5246072,37.8818483],[12.52487,37.8819415],[12.5250964,37.8821172],[12.525336,37.8827994],[12.5263238,37.882856],[12.5264096,37.8824157],[12.5263292,37.8820389],[12.5264418,37.8818822],[12.5274181,37.8815138],[12.5277775,37.8812852],[12.5285178,37.8811709],[12.5297785,37.8812513],[12.5304115,37.8814334],[12.5308832,37.8817566],[12.5323372,37.8818157],[12.5333652,37.8810897],[12.5342309,37.8808548],[12.5351534,37.880871],[12.5358725,37.8800361],[12.536543,37.8823649],[12.5367844,37.8823649],[12.5376588,37.8826613],[12.538088,37.8826909],[12.5382221,37.8822294],[12.5378369,37.8811999],[12.5390754,37.8814031],[12.539134,37.882729],[12.5393164,37.8827883],[12.5399655,37.8827078],[12.539778,37.8814823],[12.5403575,37.8814966],[12.540385,37.8811463],[12.5407433,37.8804172],[12.5417588,37.8794748],[12.5427657,37.8801335],[12.5429225,37.8803762],[12.5423629,37.8811498],[12.5424558,37.8813517],[12.543681,37.8811292],[12.5436071,37.8806528],[12.5442195,37.8801547],[12.5444823,37.8802267],[12.5447559,37.8805146],[12.544988,37.8805529],[12.5467021,37.8796588],[12.5481039,37.8814856],[12.5483125,37.8812979],[12.5483018,37.8809677],[12.5476939,37.8801512],[12.5476419,37.8796753],[12.5477202,37.8793531],[12.5480638,37.8791004],[12.5510587,37.8781429],[12.551662,37.8778738],[12.5529271,37.8768172],[12.5530198,37.8764175],[12.5529474,37.8762084],[12.5526524,37.8760941],[12.5524217,37.8758951],[12.5524431,37.8755182],[12.5525719,37.8752049],[12.553001,37.8749593],[12.5535287,37.8749211],[12.5538236,37.8745834],[12.5540096,37.8742098],[12.5540847,37.8738075],[12.5539452,37.873329],[12.553972,37.8730834],[12.5542723,37.8725239],[12.5543958,37.8724482],[12.5549376,37.8724863],[12.5552868,37.8726673],[12.5557765,37.8732902],[12.5580953,37.8730466],[12.5588416,37.8730578],[12.5599275,37.8732321],[12.5605756,37.8725879],[12.5606507,37.8723593],[12.5605488,37.8722111],[12.5596529,37.8716648],[12.5595863,37.8715035],[12.561062,37.8699839],[12.5607204,37.8696999],[12.5596154,37.8694458],[12.5595349,37.8692722],[12.559649,37.8688514],[12.5599025,37.8688051],[12.5605273,37.8688996],[12.5609626,37.8690957],[12.5614983,37.8691875],[12.5618746,37.8691547],[12.562929,37.8681859],[12.5625229,37.8678409],[12.5619435,37.8676842],[12.5613856,37.867392],[12.5611389,37.8671209],[12.5609082,37.8666847],[12.5609994,37.8662655],[12.5609028,37.8658293],[12.5602698,37.8653253],[12.5601035,37.8650077],[12.5601786,37.8647875],[12.5622386,37.8632502],[12.5629681,37.8639574],[12.5630325,37.8641056],[12.5630915,37.8655159],[12.5645453,37.8658759],[12.5648779,37.8658505],[12.5651584,37.8657199],[12.5677954,37.8621325],[12.5685335,37.8600745],[12.5687484,37.8596928],[12.5691109,37.8593853],[12.5696078,37.8591096],[12.5709582,37.8585738],[12.5719804,37.8588455],[12.5726616,37.8589133],[12.573241,37.8588328],[12.5734824,37.8586041],[12.572394,37.8579619],[12.5734753,37.8576147],[12.5737449,37.8576175],[12.574228,37.8572319],[12.5743503,37.8570384],[12.5753364,37.8566792],[12.5755691,37.8567575],[12.5758105,37.857414],[12.575837,37.8583321],[12.5775356,37.8597489],[12.5780172,37.8596718],[12.5788253,37.8592691],[12.5799304,37.8593495],[12.5805634,37.8595994],[12.5809443,37.8596587],[12.582963,37.860934],[12.5832617,37.8609251],[12.5836741,37.8610676],[12.5845814,37.8599128],[12.5845814,37.8595613],[12.5844419,37.8593199],[12.5842756,37.8586761],[12.5841522,37.8577613],[12.5844687,37.8571853],[12.5847316,37.857198],[12.5854719,37.8575199],[12.5862282,37.8574902],[12.5866306,37.8576639],[12.5880629,37.8594046],[12.5881273,37.8597561],[12.5883579,37.8602008],[12.5883955,37.8606328],[12.5885403,37.8608234],[12.5888997,37.8607006],[12.5891679,37.8608997],[12.5894201,37.8609717],[12.5896722,37.8609547],[12.5900423,37.8607345],[12.5917375,37.8610945],[12.5920272,37.8610055],[12.592231,37.8606879],[12.5924176,37.8606183],[12.5927943,37.8611368],[12.592864,37.8616239],[12.5922575,37.8630476],[12.5936022,37.8635635],[12.5944036,37.8623608],[12.5978959,37.8639193],[12.5977832,37.864868],[12.5972854,37.865508],[12.5981713,37.8658937],[12.6001384,37.8658523],[12.6019219,37.8664735],[12.602394,37.8670946],[12.6027478,37.8678686],[12.6016456,37.868349],[12.6014739,37.8686116],[12.6015007,37.868908],[12.6007551,37.8690647],[12.6006696,37.8703963],[12.601202,37.8705571],[12.6031047,37.8700514],[12.6036268,37.8700969],[12.6044297,37.8711736],[12.6047764,37.8713554],[12.6067891,37.8716974],[12.6079279,37.8713879],[12.6081312,37.8712117],[12.6096278,37.8705426],[12.6112607,37.8694447],[12.6119345,37.8686243],[12.6133589,37.8685619],[12.6144397,37.8681458],[12.6151961,37.868277],[12.617256,37.8681077],[12.6190531,37.8681288],[12.6206303,37.8683999],[12.6273358,37.8639278],[12.6277435,37.8636017],[12.6278508,37.863301],[12.6242834,37.862238],[12.6227009,37.8614163],[12.6213008,37.8603787],[12.6199222,37.8596037],[12.6184416,37.8592098],[12.6183236,37.8590404],[12.6184201,37.8581891],[12.6182806,37.857846],[12.6134205,37.8571853],[12.6116449,37.8568422],[12.6105988,37.856084],[12.6104432,37.8558765],[12.6104701,37.8554402],[12.6102515,37.8551972],[12.6105782,37.8542619],[12.6115537,37.8522805],[12.6130289,37.8505099],[12.6140433,37.8487445],[12.615074,37.8474606],[12.6163107,37.8461208],[12.6173721,37.8454176],[12.6176257,37.8451672],[12.6179455,37.8446601],[12.618252,37.8443888],[12.6183709,37.8443387],[12.619788,37.845126],[12.6203567,37.8453081],[12.623688,37.8456979],[12.6247555,37.8460495],[12.6257265,37.846562],[12.6264507,37.8471169],[12.6266813,37.8473499],[12.6269707,37.8478505],[12.6272152,37.8480147],[12.6277274,37.8481505],[12.6279634,37.8481336],[12.6283282,37.8480827],[12.628752,37.8479048],[12.6290899,37.8476803],[12.6292026,37.8473923],[12.6290846,37.8468374],[12.6288164,37.8465366],[12.6283657,37.8462104],[12.6280814,37.8457614],[12.6282585,37.8452531],[12.6287198,37.8449989],[12.629007,37.8443467],[12.6292133,37.8429698],[12.6292133,37.8408304],[12.6294279,37.8402162],[12.6314449,37.8406398],[12.631917,37.8406483],[12.6332956,37.8409829],[12.6363158,37.8411354],[12.6370668,37.8412371],[12.6374316,37.8405847],[12.6376998,37.8402839],[12.6382095,37.8400848],[12.6397705,37.8397417],[12.6402962,37.8397459],[12.6408273,37.8397967],[12.6426941,37.8402331],[12.6427907,37.8400848],[12.6428121,37.8396146],[12.6454246,37.8401823],[12.6465028,37.8405424],[12.6478869,37.8411439],[12.6488267,37.841957],[12.6491797,37.8417794],[12.6521784,37.8396824],[12.6533639,37.8387292],[12.654115,37.837903],[12.6548445,37.8368905],[12.6550001,37.8368058],[12.6551503,37.8368608],[12.6552576,37.8370854],[12.6555914,37.8374141],[12.6562892,37.8377905],[12.6570225,37.8386783],[12.6570611,37.8389726],[12.6569313,37.839318],[12.6572639,37.8396358],[12.6573658,37.8398561],[12.6571566,37.8401399],[12.6573336,37.8405254],[12.6572156,37.8410295],[12.6572692,37.8410931],[12.6576394,37.8410126],[12.6580739,37.8412837],[12.6583153,37.8415379],[12.6582295,37.8419319],[12.6584587,37.8421102],[12.6588035,37.8421013],[12.6589483,37.8419997],[12.6591682,37.8415464],[12.6593506,37.8414532],[12.6595062,37.8415506],[12.6597443,37.8418933],[12.660225,37.8419954],[12.6611531,37.8416269],[12.6627918,37.8422248],[12.6631272,37.8420335],[12.6634861,37.8419807],[12.6636636,37.8421437],[12.6635661,37.8426028],[12.6637977,37.8427918],[12.6642291,37.8429241],[12.6646024,37.8429147],[12.6648223,37.842813],[12.66526,37.8422051],[12.6655444,37.8421799],[12.6659044,37.8423423],[12.6664863,37.841875],[12.6686057,37.8424544],[12.6692641,37.8424911],[12.6696825,37.8417582],[12.6698971,37.8416311],[12.6699926,37.841393],[12.6699977,37.8410848],[12.6702511,37.8405635],[12.6705785,37.8401731],[12.6708788,37.8400001],[12.6708627,37.8398899],[12.671147,37.8396146],[12.6713294,37.8395298],[12.6718175,37.8396315],[12.672177,37.8396146],[12.6727617,37.8394324],[12.6733679,37.8388562],[12.6737273,37.8387122],[12.6739904,37.8384852],[12.6742047,37.8381021],[12.6744461,37.8379793],[12.6749879,37.8380047],[12.6755565,37.8378395],[12.6755673,37.8377082],[12.6762003,37.8370345],[12.6770602,37.8363711],[12.6777452,37.8353611],[12.6792902,37.833552],[12.6798083,37.8325152],[12.6801538,37.8322513],[12.6804864,37.8318233],[12.6805669,37.8312302],[12.6809049,37.8307217],[12.6830855,37.8288553],[12.6837453,37.8280439],[12.6840967,37.827813],[12.6854002,37.8272219],[12.6895626,37.8259135],[12.6894582,37.8257026],[12.6894233,37.8253266],[12.6895975,37.8247397],[12.6895626,37.8244187],[12.6893072,37.824061],[12.6890402,37.8239051],[12.6875889,37.8236208],[12.6867297,37.823309],[12.6856616,37.8233457],[12.6855223,37.8232907],[12.6832931,37.821805],[12.6827126,37.8209429],[12.6826081,37.8202917],[12.6824456,37.8201633],[12.6816793,37.8200624],[12.6804138,37.8197414],[12.6802512,37.819613],[12.6801895,37.819421],[12.6842362,37.8170499],[12.6851025,37.8167639],[12.6869478,37.8163804],[12.6878411,37.8158739],[12.6878786,37.8157722],[12.6877981,37.8154035],[12.687487,37.8149882],[12.6869935,37.8146153],[12.6869506,37.8144924],[12.6869667,37.8143102],[12.6872992,37.8139966],[12.6874709,37.8135855],[12.6873422,37.812098],[12.6880181,37.811013],[12.6882112,37.8100594],[12.6882648,37.8094915],[12.6881844,37.8090847],[12.6879108,37.8083896],[12.6876023,37.8071245],[12.6876882,37.8067727],[12.6880878,37.8061136],[12.6881844,37.8056389],[12.6880669,37.8054302],[12.6873475,37.8050032],[12.6868808,37.8041809],[12.6861834,37.8039563],[12.6860118,37.8038037],[12.6860118,37.8036935],[12.6866877,37.802104],[12.6867333,37.8012605],[12.6870847,37.8005654],[12.6883507,37.799476],[12.6888174,37.7989589],[12.6904159,37.7981709],[12.6908793,37.7975177],[12.6910109,37.7960067],[12.6900398,37.7953837],[12.6900398,37.7948045],[12.6904689,37.7945041],[12.6905332,37.7938819],[12.6912841,37.7930881],[12.6914343,37.7921441],[12.6916489,37.7918008],[12.6915845,37.7893764],[12.6917186,37.7886759],[12.6932036,37.7859483],[12.693007,37.7851561],[12.6930392,37.7847788],[12.6932055,37.7845075],[12.6939284,37.7844419],[12.6942891,37.7841641],[12.6944071,37.7839648],[12.6943159,37.7834179],[12.6944286,37.7831211],[12.6943897,37.7829234],[12.6940593,37.7824385],[12.6936639,37.7820431],[12.6930839,37.7817355],[12.6920094,37.7790469],[12.691988,37.7785749],[12.6921811,37.7781888],[12.6922454,37.7772877],[12.6927174,37.7766869],[12.6941764,37.7757429],[12.6945196,37.7753782],[12.6946055,37.7750993],[12.6935113,37.7730826],[12.691395,37.7729939],[12.690601,37.7728625],[12.6878947,37.7719105],[12.6872134,37.7718554],[12.6863819,37.771936],[12.685293,37.772271],[12.6835871,37.7730639],[12.6832223,37.7731317],[12.6827127,37.7730342],[12.6798266,37.7720717],[12.6775199,37.7729409],[12.6770264,37.7732717],[12.6758945,37.7741239],[12.6746178,37.7753324],[12.6741886,37.7759048],[12.6736361,37.7771302],[12.6735878,37.778152],[12.6738453,37.7790806],[12.6739043,37.7796148],[12.673797,37.7804755],[12.6730621,37.7817135],[12.6723969,37.7825912],[12.6710933,37.783473],[12.6702565,37.783596],[12.6688349,37.7834221],[12.666952,37.784499],[12.6660079,37.7847534],[12.6668233,37.7852791],[12.6677781,37.7855207],[12.6693445,37.7862754],[12.6696879,37.7867968],[12.6701492,37.7870682],[12.6710665,37.7895228],[12.6714957,37.7898534],[12.6716995,37.7902859],[12.6722252,37.7906419],[12.6722681,37.7909133],[12.6720214,37.7913711],[12.6719892,37.7921765],[12.6729119,37.792185],[12.6730353,37.7929057],[12.6722735,37.792982],[12.6722628,37.7935034],[12.6716137,37.7963223],[12.6715493,37.7976618],[12.6717424,37.7991878],[12.6722359,37.8005442],[12.6711738,37.8007392],[12.6685989,37.8016208],[12.6675153,37.8016208],[12.6655521,37.801977],[12.6609921,37.8014937],[12.6603484,37.8013835],[12.6586103,37.8008833],[12.6585567,37.8018921],[12.6555955,37.8021294],[12.6491904,37.8015445],[12.646873,37.8010359],[12.6458645,37.8010359],[12.6442122,37.8008918],[12.6423722,37.8010655],[12.6402694,37.8009426],[12.6349211,37.8000228],[12.6345285,37.8003245],[12.6339416,37.7999909],[12.6332366,37.7992789],[12.6328182,37.7991306],[12.6324213,37.7990903],[12.6265346,37.7995385],[12.6257889,37.799652],[12.6245531,37.8000484],[12.6215211,37.8015673],[12.6206858,37.801772],[12.6162744,37.802405],[12.6162368,37.802583],[12.6129216,37.802867],[12.6127127,37.8016858],[12.6041642,37.8026895],[12.6044714,37.8023659],[12.6039469,37.8018709],[12.6020036,37.7996257],[12.6010523,37.7992765],[12.6007272,37.798843],[12.6004021,37.7980121],[12.6005345,37.7973016],[12.600786,37.7965956],[12.6012691,37.7959338],[12.6020372,37.7952202],[12.6022179,37.7948472],[12.6016445,37.7947424],[12.6012161,37.7950176],[12.600975,37.79504],[12.6002508,37.7949383],[12.599076,37.7949277],[12.5987434,37.7947878],[12.5985241,37.7942087],[12.5978637,37.7936814],[12.5978208,37.7931855],[12.5980568,37.7930201],[12.5991002,37.791458],[12.5995132,37.7906186],[12.6003233,37.7871275],[12.6000878,37.7858482],[12.599701,37.7858154],[12.5981212,37.7862033],[12.5972682,37.7860104],[12.5962114,37.7852854],[12.5945351,37.7839627],[12.5917885,37.7830512],[12.5907907,37.7826187],[12.5904071,37.7822414],[12.590155,37.7811899],[12.5899056,37.7805179],[12.5890714,37.7795957],[12.5875854,37.7798544],[12.586695,37.7797547],[12.5859252,37.7794834],[12.5855657,37.779477],[12.5849596,37.7796254],[12.5836834,37.7801624],[12.5831657,37.7801975],[12.5828487,37.7801045],[12.5821447,37.7801584],[12.581438,37.7802979],[12.5803515,37.7803207],[12.5792599,37.7805391],[12.5777042,37.7805052],[12.5767976,37.7806493],[12.576068,37.7804882],[12.5746411,37.7804204],[12.5739043,37.7802982],[12.572321,37.7804522],[12.5690782,37.7805773],[12.5665516,37.7809673],[12.5653177,37.7813192],[12.5642502,37.7813319],[12.5616968,37.7819722],[12.5606453,37.7824046],[12.5603691,37.7817877],[12.5603878,37.7815736],[12.5607848,37.7805433],[12.5617182,37.7789746],[12.5623673,37.7783895],[12.5632256,37.7778213],[12.5650442,37.7771599],[12.5657201,37.7766892],[12.5651783,37.775485],[12.5652077,37.7748467],[12.5676915,37.7743275],[12.570884,37.7735199],[12.574651,37.7719303],[12.5734583,37.7696949],[12.5735959,37.7657539],[12.5736207,37.7593242],[12.5733429,37.7567498],[12.5728816,37.7559821],[12.5711489,37.7535815],[12.5689816,37.7514778],[12.5617284,37.7440991],[12.5605509,37.7430587],[12.5581777,37.7413144],[12.5577378,37.740869],[12.5529701,37.7372164],[12.5490689,37.7335595],[12.5465611,37.7317288],[12.5455226,37.7308819],[12.5428086,37.7283537],[12.5421435,37.7274882],[12.541151,37.7264656],[12.5384106,37.7241925],[12.5345653,37.7213524],[12.53189,37.7196377],[12.5282603,37.7168335],[12.5269702,37.7159935],[12.5269114,37.7160379],[12.5236909,37.7139075],[12.5102044,37.7248211],[12.5100438,37.7246917],[12.5093716,37.7252012],[12.5092247,37.7251164],[12.5089729,37.7253365],[12.5084389,37.7262824],[12.5014746,37.7318954],[12.5005102,37.7330228],[12.5002638,37.7328764],[12.493873,37.7380523],[12.4919769,37.7369233],[12.4906984,37.7363647],[12.4898833,37.7360986],[12.488042,37.7359374],[12.4862704,37.7356192],[12.484421,37.7353922],[12.4827319,37.7353098],[12.4819416,37.7351319],[12.4812858,37.7348225],[12.4791158,37.7334488],[12.477038,37.7348548],[12.4764757,37.7341835],[12.4751642,37.7331919],[12.4741517,37.7341046],[12.4725613,37.7351434],[12.4725536,37.7367461],[12.472389,37.7389782],[12.4718694,37.7423899],[12.4708426,37.7453608],[12.470154,37.7470851],[12.4689998,37.748311],[12.4681839,37.7493774],[12.4677325,37.7496395],[12.4671772,37.7503313],[12.4669311,37.7511226],[12.4664843,37.7520007],[12.4656168,37.7532063],[12.4644652,37.7543848],[12.4637601,37.7558208],[12.4627158,37.7569563],[12.4623692,37.7571859],[12.4623547,37.7572798],[12.4622125,37.7573449],[12.4621634,37.7572866],[12.4621106,37.7574091],[12.4620431,37.7573658],[12.4618617,37.7575087],[12.4609,37.7578984],[12.4600594,37.7586742],[12.4597901,37.7600727],[12.4590077,37.7616551],[12.4585675,37.7623539],[12.4571494,37.765321],[12.4571308,37.7655971],[12.4572227,37.7656476],[12.4571155,37.7658621],[12.4573746,37.7659648],[12.4573685,37.7661103],[12.4569716,37.7674687],[12.456624,37.7676626],[12.4566239,37.7677152],[12.4568736,37.7677373],[12.4568365,37.7683478],[12.4569345,37.7684172],[12.4563845,37.7683505],[12.4563039,37.768269],[12.4560783,37.7693117],[12.4556033,37.7707175],[12.454384,37.7729496],[12.4545455,37.7728437],[12.4546637,37.7728904],[12.4547859,37.7731614],[12.4546677,37.7733825],[12.4542658,37.7735756],[12.4546716,37.7736005],[12.4548253,37.7734199],[12.454979,37.7735071],[12.4537614,37.7747218],[12.4535447,37.7747062],[12.4534659,37.774457],[12.4535959,37.7744415],[12.4538796,37.773859],[12.4540333,37.773803],[12.4540451,37.7735974],[12.4542461,37.7732704],[12.4541457,37.7732253],[12.4535593,37.7742093],[12.4532352,37.774357],[12.4521845,37.7760892],[12.4515873,37.7769042],[12.4515273,37.7771384],[12.4502783,37.7789831],[12.4497005,37.7796594],[12.4498517,37.7797326],[12.4501637,37.7797134],[12.4501686,37.7799176],[12.4499786,37.7801225],[12.4496835,37.7802104],[12.4494277,37.7801113],[12.4495811,37.7799176],[12.4495202,37.7798649],[12.4490218,37.7804488],[12.4490964,37.7804891],[12.4492739,37.7802894],[12.4495006,37.7804359],[12.4495372,37.7805996],[12.4494961,37.7807399],[12.449113,37.7810563],[12.449174,37.7811545],[12.4491106,37.7814551],[12.4489424,37.7816092],[12.4487083,37.7816677],[12.4476075,37.7825954],[12.4471477,37.7823236],[12.4470279,37.7823896],[12.4471914,37.7824735],[12.4462485,37.7837289],[12.4459512,37.7841155],[12.445218,37.7847474],[12.4450113,37.7856737],[12.4447714,37.7860374],[12.4447967,37.7861222],[12.444592,37.7861607],[12.4445888,37.7863146],[12.4444546,37.7862298],[12.4433089,37.7863189],[12.4429206,37.7868061],[12.4426157,37.786994],[12.4411105,37.7866752],[12.439236,37.7867088],[12.4391847,37.786807],[12.4391989,37.7869477],[12.4392878,37.7869741],[12.4406102,37.7869036],[12.4405621,37.7870326],[12.4435011,37.7877923],[12.4433589,37.7881494],[12.4419988,37.7890842],[12.4421175,37.7891921],[12.4418055,37.7894027],[12.4414516,37.7892356],[12.4414356,37.7893468],[12.4416365,37.789488],[12.4406897,37.790176],[12.4398094,37.7906751],[12.4391154,37.7907798],[12.4381802,37.790622],[12.4383499,37.7897852],[12.4382605,37.789774],[12.4381476,37.7904582],[12.4379514,37.7903943],[12.4374756,37.7912207],[12.4364316,37.7916423],[12.4353709,37.7916955],[12.4345277,37.7923582],[12.4348913,37.7926509],[12.4340946,37.793551],[12.434255,37.7936353],[12.4341537,37.7937531],[12.4331724,37.79391],[12.4322521,37.7924808],[12.4323125,37.7924669],[12.4322092,37.7921772],[12.4321663,37.7914174],[12.4326226,37.7903587],[12.4332447,37.7897268],[12.4343733,37.7890278],[12.4345572,37.789234],[12.4365523,37.7880491],[12.4366339,37.7876198],[12.4370653,37.787348],[12.4367126,37.7872696],[12.4356309,37.7879743],[12.4351225,37.7878031],[12.4350607,37.783413],[12.4348312,37.7833963],[12.4348535,37.7842676],[12.4349147,37.7843285],[12.4349982,37.7881983],[12.4349373,37.7884343],[12.4333499,37.7893963],[12.4330964,37.7896352],[12.4330476,37.7895909],[12.432426,37.7900551],[12.4319726,37.7909952],[12.4318434,37.7916386],[12.4318873,37.7916945],[12.4315216,37.7929987],[12.4315728,37.7930218],[12.4314286,37.7932417],[12.4315122,37.7932801],[12.4314086,37.7932999],[12.4313512,37.7934222],[12.431446,37.7934833],[12.4313027,37.7935131],[12.4312791,37.7937351],[12.4312279,37.7936407],[12.4311039,37.7938095],[12.4312319,37.7938432],[12.4312685,37.7939371],[12.4311435,37.7940094],[12.4311831,37.7940864],[12.4312593,37.7940696],[12.4311374,37.7942935],[12.4310247,37.794255],[12.4311344,37.7944669],[12.4309851,37.7946378],[12.4310186,37.7947462],[12.4309241,37.7947799],[12.4309638,37.7948786],[12.4307596,37.7952567],[12.4308693,37.7952663],[12.4308754,37.7953458],[12.4307291,37.7954974],[12.430592,37.7954806],[12.4303513,37.7957214],[12.4303123,37.795883],[12.4302233,37.7958731],[12.4301441,37.796097],[12.4299924,37.7961305],[12.4299554,37.796206],[12.4300295,37.7962523],[12.4296909,37.7965283],[12.4294626,37.7969196],[12.4292003,37.7970739],[12.4292779,37.7971191],[12.429091,37.7971748],[12.4290519,37.7972915],[12.4291921,37.7972931],[12.4291498,37.7973881],[12.4289871,37.7974208],[12.4290443,37.7974979],[12.4288858,37.7976163],[12.4289581,37.7978388],[12.4287842,37.7978645],[12.4289368,37.797888],[12.4288388,37.7979372],[12.4288979,37.7980049],[12.4288241,37.7979967],[12.4288461,37.7981006],[12.4287127,37.7980634],[12.4288636,37.7981669],[12.4286513,37.7981883],[12.4287847,37.7982817],[12.4285844,37.7983307],[12.4285535,37.7985923],[12.4278781,37.799817],[12.4275145,37.8000598],[12.4271378,37.8005831],[12.4261443,37.8010295],[12.4258225,37.8012498],[12.4250911,37.8014665],[12.4246962,37.8016832],[12.4246901,37.8018351],[12.4245747,37.8019198],[12.4242472,37.8020705]]],[[[12.4459411,37.8441659],[12.4456549,37.8447445],[12.4457244,37.8450325],[12.445681,37.8452931],[12.4453163,37.8465206],[12.4450471,37.8470074],[12.4449255,37.8480086],[12.4447431,37.8483926],[12.4443072,37.8489691],[12.4437532,37.8504703],[12.4434058,37.8509983],[12.4432408,37.8521914],[12.4428848,37.8534804],[12.4433884,37.8547283],[12.4436316,37.8561408],[12.4435621,37.8577795],[12.4433363,37.8585816],[12.4431192,37.8592124],[12.4429577,37.8594078],[12.4423796,37.8596377],[12.4418131,37.8596535],[12.4415572,37.8607635],[12.4401667,37.8642323],[12.4392566,37.8676656],[12.4381073,37.874624],[12.4378602,37.8751841],[12.4377352,37.8758367],[12.4378602,37.876226],[12.4378846,37.8766697],[12.4376171,37.8781864],[12.43773,37.8785771],[12.4377387,37.8794476],[12.4375563,37.880181],[12.4372784,37.8806128],[12.4367747,37.8807773],[12.4368095,37.8809418],[12.4370526,37.8809487],[12.4368703,37.8821344],[12.4348035,37.8851022],[12.4333651,37.8862301],[12.432139,37.8869687],[12.4308775,37.8880081],[12.4296886,37.8896598],[12.4291361,37.8914795],[12.429046,37.8922503],[12.4293239,37.8928122],[12.4297581,37.8927848],[12.4299926,37.8925861],[12.4304702,37.8925929],[12.429871,37.8935044],[12.4297928,37.8940526],[12.4301549,37.8954534],[12.4306355,37.8955999],[12.4315036,37.8962044],[12.4330493,37.8962935],[12.4354721,37.8961839],[12.4375476,37.8962866],[12.4395852,37.8966412],[12.4442516,37.8977668],[12.4466223,37.8985],[12.4487296,37.8995882],[12.4518066,37.9020016],[12.452703,37.9028579],[12.45383,37.903557],[12.453946,37.9038015],[12.4539627,37.9040997],[12.4544017,37.9048233],[12.4541407,37.9051703],[12.4542572,37.9052004],[12.4546463,37.9048452],[12.4547074,37.9050162],[12.454952,37.9049066],[12.4552142,37.9050051],[12.4555578,37.9046742],[12.4556022,37.9042883],[12.4558132,37.9039067],[12.4557499,37.9037291],[12.4554707,37.9034711],[12.4552298,37.9020561],[12.455052,37.8984512],[12.4538901,37.898195],[12.4505836,37.8966575],[12.4498055,37.8961839],[12.4470822,37.895255],[12.4465887,37.8949393],[12.4461208,37.8944895],[12.446004,37.8942015],[12.4459985,37.8939427],[12.4457206,37.893741],[12.4456706,37.8934515],[12.445765,37.8929208],[12.4456594,37.892469],[12.4454316,37.8921752],[12.4453982,37.8919559],[12.4460652,37.8890874],[12.4462269,37.8887879],[12.4464097,37.888583],[12.4470849,37.8882583],[12.447663,37.8878201],[12.4484657,37.8879479],[12.448132,37.8878058],[12.4478759,37.8875834],[12.4479993,37.8861457],[12.4482305,37.8857492],[12.4483239,37.8851632],[12.4486796,37.8848754],[12.4491731,37.8842789],[12.4491606,37.8837976],[12.4492956,37.8833624],[12.4489686,37.8830261],[12.449013,37.8822786],[12.4494487,37.8817733],[12.4496711,37.8812294],[12.4503913,37.8805485],[12.4505247,37.879959],[12.4503958,37.8798116],[12.4501379,37.8797309],[12.4512628,37.8743227],[12.4528684,37.872599],[12.4494487,37.8706305],[12.4488304,37.8688128],[12.4484671,37.8685394],[12.4485648,37.8674254],[12.4483368,37.8667741],[12.448826,37.864487],[12.4486516,37.863732],[12.448695,37.8632264],[12.4488024,37.8630263],[12.4487917,37.8628575],[12.4489079,37.8627097],[12.4488036,37.8624551],[12.4489013,37.8619837],[12.4488579,37.8616752],[12.4494766,37.8599698],[12.4495461,37.8588745],[12.450002,37.8583037],[12.4500193,37.8577552],[12.450158,37.8573829],[12.4496633,37.8566582],[12.4495782,37.8562002],[12.4493078,37.8557604],[12.4492864,37.8555146],[12.4495365,37.8550483],[12.4510782,37.854043],[12.4517337,37.8530546],[12.4507949,37.8482031],[12.4500403,37.8483652],[12.4485814,37.8476177],[12.4474706,37.8464696],[12.4466471,37.8454251],[12.446278,37.8447908],[12.4463583,37.8445868],[12.4465706,37.8443955],[12.4470514,37.8443041],[12.4470617,37.8444839],[12.4468924,37.8446129],[12.447049,37.8446409],[12.4474069,37.8443965],[12.4474412,37.8442584],[12.4473292,37.8441296],[12.4466579,37.8440279],[12.4459411,37.8441659]]],[[[12.4566504,37.8624738],[12.4563635,37.8625702],[12.4562768,37.8627005],[12.4563045,37.8628636],[12.4565606,37.8630111],[12.4567835,37.8630292],[12.4572218,37.8628792],[12.4572249,37.8626415],[12.4566504,37.8624738]]],[[[12.4625674,37.8791382],[12.4624337,37.8790097],[12.4625126,37.8791844],[12.4621365,37.8798251],[12.4617001,37.8802176],[12.4614513,37.8803039],[12.4605676,37.8810204],[12.4598667,37.8814461],[12.4590885,37.8815471],[12.458617,37.8818086],[12.4573052,37.8817509],[12.4571827,37.8818321],[12.4570098,37.8823925],[12.4569159,37.8825185],[12.4565783,37.8826613],[12.4564496,37.8829089],[12.4568128,37.8834412],[12.4569925,37.8838858],[12.4570476,37.8843171],[12.4568649,37.8854015],[12.4565691,37.8858755],[12.4561479,37.8860814],[12.4559708,37.8863147],[12.4557644,37.8869148],[12.4555864,37.8870849],[12.4550723,37.887292],[12.4549502,37.8874042],[12.4549606,37.8875333],[12.4553574,37.8873495],[12.4557811,37.8874499],[12.4557756,37.8873227],[12.4564254,37.8868422],[12.4567406,37.8867607],[12.4573706,37.8863577],[12.4578872,37.8857139],[12.4578738,37.8852757],[12.4575318,37.8845242],[12.4573939,37.8837968],[12.4575486,37.8835525],[12.4576208,37.8831943],[12.45821,37.8826555],[12.4590444,37.8823313],[12.4595177,37.8818214],[12.4604163,37.8812701],[12.4618502,37.8810014],[12.4622594,37.880749],[12.4629986,37.8804532],[12.4632943,37.8804966],[12.4637425,37.8803474],[12.4642253,37.8804744],[12.4643293,37.8801411],[12.4651474,37.8796004],[12.4653851,37.8792495],[12.465254,37.8787188],[12.4650886,37.878597],[12.4645401,37.8784765],[12.4639921,37.8784713],[12.463673,37.87881],[12.4634837,37.8788604],[12.4631778,37.8787694],[12.4632484,37.8784521],[12.4631667,37.8784485],[12.4630646,37.8788514],[12.4629249,37.8790337],[12.4625674,37.8791382]]],[[[12.4679688,37.863585],[12.4670852,37.8636529],[12.4664409,37.8639072],[12.4656569,37.8639795],[12.4651138,37.8641153],[12.4649637,37.8649009],[12.4648163,37.865017],[12.4649594,37.8651581],[12.4650194,37.8659568],[12.4649603,37.8671218],[12.4642274,37.8684369],[12.4642722,37.8688579],[12.464451,37.86924],[12.4652216,37.8697898],[12.4659608,37.8699271],[12.4664033,37.8702136],[12.4668499,37.8703462],[12.4675633,37.870273],[12.4679168,37.8704829],[12.4682231,37.8705159],[12.468559,37.8706619],[12.4700387,37.8707271],[12.4708381,37.8705773],[12.4712699,37.8703217],[12.4715786,37.8703524],[12.4716617,37.8702237],[12.4715338,37.8700738],[12.4715214,37.8698764],[12.4718846,37.8693901],[12.4720514,37.8693401],[12.4721484,37.8691905],[12.4721287,37.8690325],[12.472255,37.8689114],[12.4722284,37.868574],[12.4723161,37.8682087],[12.4720624,37.8675066],[12.4723552,37.8670616],[12.4717939,37.8664363],[12.4717705,37.8662714],[12.4719328,37.8661083],[12.4715736,37.8660853],[12.4710875,37.8655408],[12.4709546,37.8655624],[12.4696581,37.8650548],[12.4689665,37.8644628],[12.4687414,37.8639698],[12.4679688,37.863585]]]]},"properties":{"type":"boundary","gemeente":"Marsala"}}]}