{"type":"FeatureCollection","metadata":{"gemeente":"Monreale","slug":"monreale","generated_at":"2026-09-26T13:10:12.591452Z","total_points":76,"providers":["PosteItaliane","DPD","InPost","GLS","DHL","Amazon"],"bounds":[13.08843585,37.95420349,13.32457437,38.08999717]},"features":[{"type":"Feature","geometry":{"type":"Point","coordinates":[13.23101189,38.04858263]},"properties":{"type":"pakketpunt","locatieNaam":"Pioppo","straatNaam":"Via Provinciale","straatNr":"222","vervoerder":"PosteItaliane","puntType":"postkantoor","bezettingsgraad":50,"latitude":38.04858263,"longitude":13.23101189,"canPickup":true,"canDropoff":true,"openingstijden":{"za":"08:20 - 12:45","zo":"gesloten","ma":"08:20 - 13:45","di":"08:20 - 13:45","wo":"08:20 - 13:45","do":"08:20 - 13:45","vr":"08:20 - 13:45"}}},{"type":"Feature","geometry":{"type":"Point","coordinates":[13.08843585,37.95420349]},"properties":{"type":"pakketpunt","locatieNaam":"Grisi'","straatNaam":"Via Isabella Catalano","straatNr":"57","vervoerder":"PosteItaliane","puntType":"postkantoor","bezettingsgraad":50,"latitude":37.95420349,"longitude":13.08843585,"canPickup":true,"canDropoff":true,"openingstijden":{"za":"08:20 - 12:45","zo":"gesloten","ma":"gesloten","di":"08:20 - 13:45","wo":"gesloten","do":"08:20 - 13:45","vr":"gesloten"}}},{"type":"Feature","geometry":{"type":"Point","coordinates":[13.2839019,38.07798372]},"properties":{"type":"pakketpunt","locatieNaam":"Monreale","straatNaam":"Via Aldo Moro","straatNr":"8","vervoerder":"PosteItaliane","puntType":"postkantoor","bezettingsgraad":50,"latitude":38.07798372,"longitude":13.2839019,"canPickup":true,"canDropoff":true,"openingstijden":{"za":"08:20 - 12:35","zo":"gesloten","ma":"08:20 - 13:35","di":"08:20 - 13:35","wo":"08:20 - 13:35","do":"08:20 - 13:35","vr":"08:20 - 13:35"}}},{"type":"Feature","geometry":{"type":"Point","coordinates":[13.29179951,38.08175395]},"properties":{"type":"pakketpunt","locatieNaam":"Monreale 1","straatNaam":"Piazza Guglielmo Secondo","straatNr":"22","vervoerder":"PosteItaliane","puntType":"postkantoor","bezettingsgraad":50,"latitude":38.08175395,"longitude":13.29179951,"canPickup":true,"canDropoff":true,"openingstijden":{"za":"08:20 - 12:35","zo":"gesloten","ma":"08:20 - 19:05","di":"08:20 - 19:05","wo":"08:20 - 19:05","do":"08:20 - 19:05","vr":"08:20 - 19:05"}}},{"type":"Feature","geometry":{"type":"Point","coordinates":[13.25033055,38.08999717]},"properties":{"type":"pakketpunt","locatieNaam":"San Martino Delle Scale","straatNaam":"Via Pineta Antica","straatNr":"3","vervoerder":"PosteItaliane","puntType":"postkantoor","bezettingsgraad":50,"latitude":38.08999717,"longitude":13.25033055,"canPickup":true,"canDropoff":true,"openingstijden":{"za":"08:20 - 12:45","zo":"gesloten","ma":"08:20 - 13:45","di":"08:20 - 13:45","wo":"08:20 - 13:45","do":"08:20 - 13:45","vr":"08:20 - 13:45"}}},{"type":"Feature","geometry":{"type":"Point","coordinates":[13.29137061,38.07891743]},"properties":{"type":"pakketpunt","locatieNaam":"Tabaccheria N. 9","straatNaam":"Via Ignazio Florio","straatNr":"2","vervoerder":"PosteItaliane","puntType":"servicepunt","bezettingsgraad":50,"latitude":38.07891743,"longitude":13.29137061,"canPickup":true,"canDropoff":true,"openingstijden":{"za":"gesloten","zo":"gesloten","ma":"08:00 - 13:00, 16:00 - 20:00","di":"08:00 - 13:00, 16:00 - 20:00","wo":"08:00 - 13:00, 16:00 - 20:00","do":"08:00 - 13:00, 16:00 - 20:00","vr":"08:00 - 13:00, 16:00 - 20:00"}}},{"type":"Feature","geometry":{"type":"Point","coordinates":[13.23347741,38.04910421]},"properties":{"type":"pakketpunt","locatieNaam":"Tabaccheria N. 20","straatNaam":"Via Provinciale","straatNr":"82","vervoerder":"PosteItaliane","puntType":"servicepunt","bezettingsgraad":50,"latitude":38.04910421,"longitude":13.23347741,"canPickup":true,"canDropoff":true,"openingstijden":{"za":"08:00 - 13:00, 16:00 - 20:00","zo":"gesloten","ma":"08:00 - 13:00, 16:00 - 20:00","di":"08:00 - 13:00, 16:00 - 20:00","wo":"08:00 - 13:00, 16:00 - 20:00","do":"08:00 - 13:00, 16:00 - 20:00","vr":"08:00 - 13:00, 16:00 - 20:00"}}},{"type":"Feature","geometry":{"type":"Point","coordinates":[13.32457437,38.06466553]},"properties":{"type":"pakketpunt","locatieNaam":"Tabaccheria N. 14","straatNaam":"Via Altofonte","straatNr":"87","vervoerder":"PosteItaliane","puntType":"servicepunt","bezettingsgraad":50,"latitude":38.06466553,"longitude":13.32457437,"canPickup":true,"canDropoff":true,"openingstijden":{"za":"08:00 - 13:30, 15:30 - 19:30","zo":"gesloten","ma":"08:00 - 13:30, 15:30 - 19:00","di":"08:00 - 13:30, 15:30 - 19:30","wo":"08:00 - 13:30, 15:30 - 19:30","do":"08:00 - 13:30, 15:30 - 19:30","vr":"08:00 - 13:30, 15:30 - 19:30"}}},{"type":"Feature","geometry":{"type":"Point","coordinates":[13.28257,38.07687]},"properties":{"type":"pakketpunt","locatieNaam":"Caffetteria Tony","straatNaam":"Via Girolamo Venero","straatNr":"222","vervoerder":"PosteItaliane","puntType":"servicepunt","bezettingsgraad":50,"latitude":38.07687,"longitude":13.28257,"canPickup":true,"canDropoff":true,"openingstijden":{"za":"05:00 - 13:00","zo":"gesloten","ma":"05:00 - 14:00, 15:30 - 19:30","di":"05:00 - 14:00, 15:30 - 19:30","wo":"05:00 - 14:00, 15:30 - 19:30","do":"05:00 - 14:00, 15:30 - 19:30","vr":"05:00 - 14:00, 15:30 - 19:30"}}},{"type":"Feature","geometry":{"type":"Point","coordinates":[13.18162056,37.96084597]},"properties":{"type":"pakketpunt","locatieNaam":"San Cipirello","straatNaam":"Corso Trento","straatNr":"19","vervoerder":"PosteItaliane","puntType":"postkantoor","bezettingsgraad":50,"latitude":37.96084597,"longitude":13.18162056,"canPickup":true,"canDropoff":true,"openingstijden":{"za":"08:20 - 12:35","zo":"gesloten","ma":"08:20 - 13:35","di":"08:20 - 13:35","wo":"08:20 - 13:35","do":"08:20 - 13:35","vr":"08:20 - 13:35"}}},{"type":"Feature","geometry":{"type":"Point","coordinates":[13.17922534,37.9620006]},"properties":{"type":"pakketpunt","locatieNaam":"Ferramenta Titinciu","straatNaam":"Via Giuseppe Garibaldi","straatNr":"98","vervoerder":"PosteItaliane","puntType":"servicepunt","bezettingsgraad":50,"latitude":37.9620006,"longitude":13.17922534,"canPickup":true,"canDropoff":true,"openingstijden":{"za":"08:00 - 13:00","zo":"gesloten","ma":"08:00 - 13:00, 15:30 - 19:00","di":"08:00 - 13:00, 15:30 - 19:00","wo":"08:00 - 13:00, 15:30 - 19:00","do":"08:00 - 13:00, 15:30 - 19:00","vr":"08:00 - 13:00, 15:30 - 19:00"}}},{"type":"Feature","geometry":{"type":"Point","coordinates":[13.17668025,37.96417372]},"properties":{"type":"pakketpunt","locatieNaam":"Tabaccheria N. 1","straatNaam":"Via Roma","straatNr":"193","vervoerder":"PosteItaliane","puntType":"servicepunt","bezettingsgraad":50,"latitude":37.96417372,"longitude":13.17668025,"canPickup":true,"canDropoff":true,"openingstijden":{"za":"05:30 - 21:00","zo":"05:30 - 21:00","ma":"05:30 - 21:00","di":"05:30 - 21:00","wo":"05:30 - 21:00","do":"05:30 - 21:00","vr":"05:30 - 21:00"}}},{"type":"Feature","geometry":{"type":"Point","coordinates":[13.18524697,37.97218163]},"properties":{"type":"pakketpunt","locatieNaam":"Tabaccheria N. 6","straatNaam":"Corso Umberto I","straatNr":"58","vervoerder":"PosteItaliane","puntType":"servicepunt","bezettingsgraad":50,"latitude":37.97218163,"longitude":13.18524697,"canPickup":true,"canDropoff":true,"openingstijden":{"za":"06:30 - 13:30, 14:30 - 20:00","zo":"06:30 - 13:30, 14:30 - 20:00","ma":"06:30 - 13:30, 14:30 - 20:00","di":"06:30 - 13:30, 14:30 - 20:00","wo":"06:30 - 13:30, 14:30 - 20:00","do":"06:30 - 13:30, 14:30 - 20:00","vr":"06:30 - 13:30, 14:30 - 20:00"}}},{"type":"Feature","geometry":{"type":"Point","coordinates":[13.1825629,37.97073364]},"properties":{"type":"pakketpunt","locatieNaam":"San Giuseppe Jato","straatNaam":"Via Vittorio Emanuele Iii","straatNr":"139","vervoerder":"PosteItaliane","puntType":"postkantoor","bezettingsgraad":50,"latitude":37.97073364,"longitude":13.1825629,"canPickup":true,"canDropoff":true,"openingstijden":{"za":"08:20 - 12:35","zo":"gesloten","ma":"08:20 - 13:35","di":"08:20 - 13:35","wo":"08:20 - 13:35","do":"08:20 - 13:35","vr":"08:20 - 13:35"}}},{"type":"Feature","geometry":{"type":"Point","coordinates":[13.18048416,37.96667803]},"properties":{"type":"pakketpunt","locatieNaam":"Tabaccheria N. 5","straatNaam":"Corso Umberto I","straatNr":"374","vervoerder":"PosteItaliane","puntType":"servicepunt","bezettingsgraad":50,"latitude":37.96667803,"longitude":13.18048416,"canPickup":true,"canDropoff":true,"openingstijden":{"za":"08:00 - 20:00","zo":"gesloten","ma":"08:00 - 20:00","di":"08:00 - 20:00","wo":"08:00 - 20:00","do":"08:00 - 20:00","vr":"08:00 - 20:00"}}},{"type":"Feature","geometry":{"type":"Point","coordinates":[13.18292367,37.97018447]},"properties":{"type":"pakketpunt","locatieNaam":"Tabaccheria N. 3","straatNaam":"Corso Umberto I","straatNr":"190","vervoerder":"PosteItaliane","puntType":"servicepunt","bezettingsgraad":50,"latitude":37.97018447,"longitude":13.18292367,"canPickup":true,"canDropoff":true,"openingstijden":{"za":"08:00 - 13:00, 16:00 - 19:30","zo":"gesloten","ma":"08:00 - 13:00, 16:00 - 19:30","di":"08:00 - 13:00, 16:00 - 19:30","wo":"08:00 - 13:00, 16:00 - 19:30","do":"08:00 - 13:00, 16:00 - 19:30","vr":"08:00 - 13:00, 16:00 - 19:30"}}},{"type":"Feature","geometry":{"type":"Point","coordinates":[13.18120974,37.97270699]},"properties":{"type":"pakketpunt","locatieNaam":"Alimentari Palmeri","straatNaam":"Via Dello Stadio","straatNr":"91","vervoerder":"PosteItaliane","puntType":"servicepunt","bezettingsgraad":50,"latitude":37.97270699,"longitude":13.18120974,"canPickup":true,"canDropoff":true,"openingstijden":{"za":"07:30 - 13:00, 16:00 - 20:00","zo":"gesloten","ma":"07:00 - 13:00, 16:00 - 20:00","di":"07:00 - 13:00, 16:00 - 20:00","wo":"07:00 - 13:00, 16:00 - 20:00","do":"07:00 - 13:00, 16:00 - 20:00","vr":"07:00 - 13:00, 16:00 - 20:00"}}},{"type":"Feature","geometry":{"type":"Point","coordinates":[13.20522928,37.97508792]},"properties":{"type":"pakketpunt","locatieNaam":"Stazione Di Servizio Eni","straatNaam":"Strada Statale 624 Snc","straatNr":"1","vervoerder":"PosteItaliane","puntType":"automaat","bezettingsgraad":50,"latitude":37.97508792,"longitude":13.20522928,"canPickup":true,"canDropoff":true,"openingstijden":{"za":"00:01 - 23:59","zo":"00:01 - 23:59","ma":"00:01 - 23:59","di":"00:01 - 23:59","wo":"00:01 - 23:59","do":"00:01 - 23:59","vr":"00:01 - 23:59"}}},{"type":"Feature","geometry":{"type":"Point","coordinates":[13.18013065,37.96665412]},"properties":{"type":"pakketpunt","locatieNaam":"Stazione Di Servizio Ip","straatNaam":"Corso Umberto I Snc","straatNr":"1","vervoerder":"PosteItaliane","puntType":"automaat","bezettingsgraad":50,"latitude":37.96665412,"longitude":13.18013065,"canPickup":true,"canDropoff":true,"openingstijden":{"za":"00:01 - 23:59","zo":"00:01 - 23:59","ma":"00:01 - 23:59","di":"00:01 - 23:59","wo":"00:01 - 23:59","do":"00:01 - 23:59","vr":"00:01 - 23:59"}}},{"type":"Feature","geometry":{"type":"Point","coordinates":[13.18902977,37.97399071]},"properties":{"type":"pakketpunt","locatieNaam":"Tabaccheria N. 7","straatNaam":"Via Palermo","straatNr":"63","vervoerder":"PosteItaliane","puntType":"servicepunt","bezettingsgraad":50,"latitude":37.97399071,"longitude":13.18902977,"canPickup":true,"canDropoff":true,"openingstijden":{"za":"05:00 - 22:00","zo":"15:00 - 23:59","ma":"05:00 - 22:00","di":"05:00 - 22:00","wo":"05:00 - 22:00","do":"05:00 - 22:00","vr":"05:00 - 22:00"}}},{"type":"Feature","geometry":{"type":"Point","coordinates":[13.283822,38.0774275]},"properties":{"type":"pakketpunt","locatieNaam":"Italiana servizi postali- Monreale","straatNaam":"VIA ALDO MORO","straatNr":"28","vervoerder":"DPD","puntType":"pickup_point","bezettingsgraad":50,"latitude":38.0774275,"longitude":13.283822,"canPickup":true,"canDropoff":true,"openingstijden":{"ma":"08:30 - 13:00, 15:00 - 19:00","di":"08:30 - 13:00, 15:00 - 19:00","wo":"08:30 - 13:00, 15:00 - 19:00","do":"08:30 - 13:00, 15:00 - 19:00","vr":"08:30 - 13:00, 15:00 - 19:00","za":"08:30 - 13:00","zo":"gesloten"}}},{"type":"Feature","geometry":{"type":"Point","coordinates":[13.1910528,37.9747752]},"properties":{"type":"pakketpunt","locatieNaam":"Postacentrale-San Giuseppe Jato","straatNaam":"VIA PALERMO","straatNr":"106","vervoerder":"DPD","puntType":"pickup_point","bezettingsgraad":50,"latitude":37.9747752,"longitude":13.1910528,"canPickup":true,"canDropoff":true,"openingstijden":{"ma":"08:30 - 13:30, 16:00 - 18:30","di":"08:30 - 13:30, 16:00 - 18:30","wo":"08:30 - 13:30, 16:00 - 18:30","do":"08:30 - 13:30, 16:00 - 18:30","vr":"08:30 - 13:30, 16:00 - 18:30","za":"08:30 - 13:00","zo":"gesloten"}}},{"type":"Feature","geometry":{"type":"Point","coordinates":[13.28727506,38.07924804]},"properties":{"type":"pakketpunt","locatieNaam":"Bar Rebus","straatNaam":"VIA ALCIDE DE GASPERI","straatNr":"3","vervoerder":"DPD","puntType":"pickup_point","bezettingsgraad":50,"latitude":38.07924804,"longitude":13.28727506,"canPickup":true,"canDropoff":true,"openingstijden":{"ma":"05:30 - 20:30","di":"05:30 - 20:30","wo":"05:30 - 20:30","do":"05:30 - 20:30","vr":"05:30 - 22:30","za":"05:30 - 14:00","zo":"gesloten"}}},{"type":"Feature","geometry":{"type":"Point","coordinates":[13.17924071,37.96198009]},"properties":{"type":"pakketpunt","locatieNaam":"Ferramenta Titinciu","straatNaam":"VIA GARIBALDI","straatNr":"98","vervoerder":"DPD","puntType":"pickup_point","bezettingsgraad":50,"latitude":37.96198009,"longitude":13.17924071,"canPickup":true,"canDropoff":true,"openingstijden":{"ma":"07:30 - 13:00, 15:30 - 19:00","di":"07:30 - 13:00, 15:30 - 19:00","wo":"07:30 - 13:00, 15:30 - 19:00","do":"07:30 - 13:00, 15:30 - 19:00","vr":"07:30 - 13:00, 15:30 - 19:00","za":"07:30 - 13:00","zo":"gesloten"}}},{"type":"Feature","geometry":{"type":"Point","coordinates":[13.28288668,38.07701379]},"properties":{"type":"pakketpunt","locatieNaam":"Caffetteria Tony","straatNaam":"VIA VENERO","straatNr":"222","vervoerder":"DPD","puntType":"pickup_point","bezettingsgraad":50,"latitude":38.07701379,"longitude":13.28288668,"canPickup":true,"canDropoff":true,"openingstijden":{"ma":"06:00 - 14:15, 15:45 - 20:00","di":"06:00 - 14:15, 15:45 - 20:00","wo":"06:00 - 14:15, 15:45 - 20:00","do":"06:00 - 14:15, 15:45 - 20:00","vr":"06:00 - 14:15, 15:45 - 20:00","za":"06:00 - 14:15, 15:45 - 20:00","zo":"gesloten"}}},{"type":"Feature","geometry":{"type":"Point","coordinates":[13.2223625551,38.0452078593]},"properties":{"type":"pakketpunt","locatieNaam":"Echo Stihl Madonia Gianfranco","straatNaam":"VIA PROVINCIALE","straatNr":"600","vervoerder":"DPD","puntType":"pickup_point","bezettingsgraad":50,"latitude":38.0452078593,"longitude":13.2223625551,"canPickup":true,"canDropoff":true,"openingstijden":{"ma":"08:00 - 13:30, 14:30 - 19:00","di":"08:00 - 13:30, 14:30 - 19:00","wo":"08:00 - 13:30, 14:30 - 19:00","do":"08:00 - 13:30, 14:30 - 19:00","vr":"08:00 - 13:30, 14:30 - 19:00","za":"08:00 - 13:30","zo":"gesloten"}}},{"type":"Feature","geometry":{"type":"Point","coordinates":[13.2920417,38.0828089]},"properties":{"type":"pakketpunt","locatieNaam":"Milazzo Servizi","straatNaam":"PIAZZA V. EMANUELE","straatNr":"2","vervoerder":"DPD","puntType":"pickup_point","bezettingsgraad":50,"latitude":38.0828089,"longitude":13.2920417,"canPickup":true,"canDropoff":true,"openingstijden":{"ma":"09:00 - 19:00","di":"09:00 - 19:00","wo":"09:00 - 19:00","do":"09:00 - 19:00","vr":"09:00 - 19:00","za":"gesloten","zo":"gesloten"}}},{"type":"Feature","geometry":{"type":"Point","coordinates":[13.291896,38.077521]},"properties":{"type":"pakketpunt","locatieNaam":"BRT LOCKER - Super Saponi","straatNaam":"VIA CIRCONVALLAZIONE","straatNr":"","vervoerder":"DPD","puntType":"dpd_box","bezettingsgraad":50,"latitude":38.077521,"longitude":13.291896,"canPickup":true,"canDropoff":true,"openingstijden":{"ma":"08:30 - 20:00","di":"08:30 - 20:00","wo":"08:30 - 20:00","do":"08:30 - 20:00","vr":"08:30 - 20:00","za":"08:30 - 20:00","zo":"08:30 - 13:30"}}},{"type":"Feature","geometry":{"type":"Point","coordinates":[13.2978083,38.0789168]},"properties":{"type":"pakketpunt","locatieNaam":"M.F. Auto","straatNaam":"VIA SANTA LIBERATA","straatNr":"20","vervoerder":"DPD","puntType":"pickup_point","bezettingsgraad":50,"latitude":38.0789168,"longitude":13.2978083,"canPickup":true,"canDropoff":true,"openingstijden":{"ma":"09:00 - 13:00, 15:30 - 19:00","di":"09:00 - 13:00, 15:30 - 19:00","wo":"09:00 - 13:00, 15:30 - 19:00","do":"09:00 - 13:00, 15:30 - 19:00","vr":"09:00 - 13:00, 15:30 - 19:00","za":"09:00 - 13:00","zo":"gesloten"}}},{"type":"Feature","geometry":{"type":"Point","coordinates":[13.2915647,38.0792457]},"properties":{"type":"pakketpunt","locatieNaam":"La Cirba","straatNaam":"VIA I. FLORIO","straatNr":"2","vervoerder":"DPD","puntType":"pickup_point","bezettingsgraad":50,"latitude":38.0792457,"longitude":13.2915647,"canPickup":true,"canDropoff":true,"openingstijden":{"ma":"08:00 - 13:00, 16:00 - 20:00","di":"08:00 - 13:00, 16:00 - 20:00","wo":"08:00 - 13:00, 16:00 - 20:00","do":"08:00 - 13:00, 16:00 - 20:00","vr":"08:00 - 13:00, 16:00 - 20:00","za":"gesloten","zo":"gesloten"}}},{"type":"Feature","geometry":{"type":"Point","coordinates":[13.3019458,38.0735839]},"properties":{"type":"pakketpunt","locatieNaam":"Tutto Qui Shop","straatNaam":"VIA AQUINO","straatNr":"34","vervoerder":"DPD","puntType":"pickup_point","bezettingsgraad":50,"latitude":38.0735839,"longitude":13.3019458,"canPickup":true,"canDropoff":true,"openingstijden":{"ma":"09:00 - 13:00","di":"09:00 - 13:00","wo":"09:00 - 13:00","do":"09:00 - 13:00","vr":"09:00 - 13:00","za":"gesloten","zo":"gesloten"}}},{"type":"Feature","geometry":{"type":"Point","coordinates":[13.28289,38.07718]},"properties":{"type":"pakketpunt","locatieNaam":"InPost Point","straatNaam":"Via Venero","straatNr":"222","vervoerder":"InPost","puntType":"servicepunt","bezettingsgraad":50,"latitude":38.07718,"longitude":13.28289,"canPickup":true,"canDropoff":true,"openingstijden":"Lun-Ven: 06:00 - 20:00 Sab: 06:00 - 13:00"}},{"type":"Feature","geometry":{"type":"Point","coordinates":[13.29207,38.08296]},"properties":{"type":"pakketpunt","locatieNaam":"InPost Point","straatNaam":"Piazza Vittorio Emanuele","straatNr":"2","vervoerder":"InPost","puntType":"servicepunt","bezettingsgraad":50,"latitude":38.08296,"longitude":13.29207,"canPickup":true,"canDropoff":true,"openingstijden":"Lun-Ven: 09:00 - 19:00"}},{"type":"Feature","geometry":{"type":"Point","coordinates":[13.19105,37.97478]},"properties":{"type":"pakketpunt","locatieNaam":"InPost Point","straatNaam":"Via Palermo","straatNr":"106","vervoerder":"InPost","puntType":"servicepunt","bezettingsgraad":50,"latitude":37.97478,"longitude":13.19105,"canPickup":true,"canDropoff":true,"openingstijden":"Lun-Sab: 08:30 - 13:30 - 15:30 - 18:30"}},{"type":"Feature","geometry":{"type":"Point","coordinates":[13.18016,37.97135]},"properties":{"type":"pakketpunt","locatieNaam":"InPost Point","straatNaam":"Via dello Stadio, n93, San Giuseppe Jato, PA, Italy","straatNr":"93","vervoerder":"InPost","puntType":"servicepunt","bezettingsgraad":50,"latitude":37.97135,"longitude":13.18016,"canPickup":true,"canDropoff":true,"openingstijden":"Lun-Sab 07:30-13:00, 16:00-20:00"}},{"type":"Feature","geometry":{"type":"Point","coordinates":[13.1792729,37.9620097]},"properties":{"type":"pakketpunt","locatieNaam":"TITINCIU SCRL","straatNaam":"Via Garibaldi","straatNr":"98","vervoerder":"GLS","puntType":"parcel_shop","bezettingsgraad":50,"latitude":37.9620097,"longitude":13.1792729,"canPickup":true,"canDropoff":true,"openingstijden":"za: 08:00 - 13:00; ma: 08:00 - 13:00, 15:30 - 19:00"}},{"type":"Feature","geometry":{"type":"Point","coordinates":[13.1867546,37.9728093]},"properties":{"type":"pakketpunt","locatieNaam":"Beauty cosmetic","straatNaam":"Via Palermo","straatNr":"19","vervoerder":"GLS","puntType":"parcel_shop","bezettingsgraad":50,"latitude":37.9728093,"longitude":13.1867546,"canPickup":true,"canDropoff":true,"openingstijden":"za: 09:30 - 13:00; ma: 09:30 - 13:00, 16:00 - 20:00"}},{"type":"Feature","geometry":{"type":"Point","coordinates":[13.1910528,37.9747752]},"properties":{"type":"pakketpunt","locatieNaam":"PostaCentrale","straatNaam":"Via Palermo","straatNr":"106","vervoerder":"GLS","puntType":"parcel_shop","bezettingsgraad":50,"latitude":37.9747752,"longitude":13.1910528,"canPickup":true,"canDropoff":true,"openingstijden":"za: 08:30 - 15:30; ma: 08:30 - 13:30, 15:30 - 18:30"}},{"type":"Feature","geometry":{"type":"Point","coordinates":[13.1905228,37.9748583]},"properties":{"type":"pakketpunt","locatieNaam":"Spedi Express","straatNaam":"Via Europa","straatNr":"50","vervoerder":"GLS","puntType":"parcel_shop","bezettingsgraad":50,"latitude":37.9748583,"longitude":13.1905228,"canPickup":true,"canDropoff":true,"openingstijden":"za: 09:00 - 19:00; ma: 09:00 - 19:00"}},{"type":"Feature","geometry":{"type":"Point","coordinates":[13.2828411,38.0770069]},"properties":{"type":"pakketpunt","locatieNaam":"CAFFETTERIA TONY","straatNaam":"Via Venero","straatNr":"222","vervoerder":"GLS","puntType":"parcel_shop","bezettingsgraad":50,"latitude":38.0770069,"longitude":13.2828411,"canPickup":true,"canDropoff":true,"openingstijden":"za: 05:00 - 13:00; ma: 05:00 - 14:00, 15:30 - 19:30"}},{"type":"Feature","geometry":{"type":"Point","coordinates":[13.283822,38.0774275]},"properties":{"type":"pakketpunt","locatieNaam":"GRUPPO ITALIANA SERVIZI POSTALI MONREALE","straatNaam":"Via Aldo Moro","straatNr":"28","vervoerder":"GLS","puntType":"parcel_shop","bezettingsgraad":50,"latitude":38.0774275,"longitude":13.283822,"canPickup":true,"canDropoff":true,"openingstijden":"za: 08:30 - 13:30; ma: 08:30 - 13:30, 15:00 - 19:30"}},{"type":"Feature","geometry":{"type":"Point","coordinates":[13.2882586,38.0807604]},"properties":{"type":"pakketpunt","locatieNaam":"SERVIZI POSTALI MONREALE","straatNaam":"Via Archimede","straatNr":"3","vervoerder":"GLS","puntType":"parcel_shop","bezettingsgraad":50,"latitude":38.0807604,"longitude":13.2882586,"canPickup":true,"canDropoff":true,"openingstijden":"za: 08:30 - 13:00; ma: 08:30 - 13:00, 15:00 - 19:00"}},{"type":"Feature","geometry":{"type":"Point","coordinates":[13.2920282,38.0827845]},"properties":{"type":"pakketpunt","locatieNaam":"Milazzo Servizi Srls - Posta Centrale","straatNaam":"Piazza Vittorio Emanuele","straatNr":"2","vervoerder":"GLS","puntType":"parcel_shop","bezettingsgraad":50,"latitude":38.0827845,"longitude":13.2920282,"canPickup":true,"canDropoff":true,"openingstijden":"ma: 09:00 - 19:00; di: 09:00 - 19:00"}},{"type":"Feature","geometry":{"type":"Point","coordinates":[13.3206722,38.0612483]},"properties":{"type":"pakketpunt","locatieNaam":"Gabriele hair style","straatNaam":"Via Altofonte","straatNr":"62A","vervoerder":"GLS","puntType":"parcel_shop","bezettingsgraad":50,"latitude":38.0612483,"longitude":13.3206722,"canPickup":true,"canDropoff":true,"openingstijden":"za: 08:30 - 18:30; di: 08:30 - 18:30"}},{"type":"Feature","geometry":{"type":"Point","coordinates":[13.2978083,38.0789168]},"properties":{"type":"pakketpunt","locatieNaam":"M.F. Auto di Magnasco francesco","straatNaam":"Via Santa Liberata","straatNr":"20","vervoerder":"GLS","puntType":"parcel_shop","bezettingsgraad":50,"latitude":38.0789168,"longitude":13.2978083,"canPickup":true,"canDropoff":true,"openingstijden":"za: 09:00 - 13:00; ma: 09:00 - 13:00, 15:30 - 19:00"}},{"type":"Feature","geometry":{"type":"Point","coordinates":[13.17668,37.964174]},"properties":{"type":"pakketpunt","locatieNaam":"TABACCHERIA N. 1","straatNaam":"VIA ROMA 193","straatNr":"","vervoerder":"DHL","puntType":"parcelShop","bezettingsgraad":50,"latitude":37.964174,"longitude":13.17668,"canPickup":true,"canDropoff":true,"openingstijden":{"ma":"05:30 - 21:00","di":"05:30 - 21:00","wo":"05:30 - 21:00","do":"05:30 - 21:00","vr":"05:30 - 21:00","za":"05:30 - 21:00","zo":"05:30 - 21:00"}}},{"type":"Feature","geometry":{"type":"Point","coordinates":[13.205229,37.975088]},"properties":{"type":"pakketpunt","locatieNaam":"STAZIONE DI SERVIZIO ENI","straatNaam":"STRADA STATALE 624 SNC 1","straatNr":"","vervoerder":"DHL","puntType":"packStation","bezettingsgraad":50,"latitude":37.975088,"longitude":13.205229,"canPickup":true,"canDropoff":true,"openingstijden":{"ma":"00:01 - 23:59","di":"00:01 - 23:59","wo":"00:01 - 23:59","do":"00:01 - 23:59","vr":"00:01 - 23:59","za":"00:01 - 23:59","zo":"00:01 - 23:59"}}},{"type":"Feature","geometry":{"type":"Point","coordinates":[13.18903,37.973991]},"properties":{"type":"pakketpunt","locatieNaam":"TABACCHERIA N. 7","straatNaam":"VIA PALERMO 63","straatNr":"","vervoerder":"DHL","puntType":"parcelShop","bezettingsgraad":50,"latitude":37.973991,"longitude":13.18903,"canPickup":true,"canDropoff":true,"openingstijden":{"ma":"05:00 - 22:00","di":"05:00 - 22:00","wo":"05:00 - 22:00","do":"05:00 - 22:00","vr":"05:00 - 22:00","za":"05:00 - 22:00","zo":"15:00 - 23:59"}}},{"type":"Feature","geometry":{"type":"Point","coordinates":[13.185247,37.972182]},"properties":{"type":"pakketpunt","locatieNaam":"TABACCHERIA N. 6","straatNaam":"CORSO UMBERTO I 58","straatNr":"","vervoerder":"DHL","puntType":"parcelShop","bezettingsgraad":50,"latitude":37.972182,"longitude":13.185247,"canPickup":true,"canDropoff":true,"openingstijden":{"ma":"06:30 - 13:30, 14:30 - 20:00","di":"06:30 - 13:30, 14:30 - 20:00","wo":"06:30 - 13:30, 14:30 - 20:00","do":"06:30 - 13:30, 14:30 - 20:00","vr":"06:30 - 13:30, 14:30 - 20:00","za":"06:30 - 13:30, 14:30 - 20:00","zo":"06:30 - 13:30, 14:30 - 20:00"}}},{"type":"Feature","geometry":{"type":"Point","coordinates":[13.182924,37.970184]},"properties":{"type":"pakketpunt","locatieNaam":"TABACCHERIA N. 3","straatNaam":"CORSO UMBERTO I 190","straatNr":"","vervoerder":"DHL","puntType":"parcelShop","bezettingsgraad":50,"latitude":37.970184,"longitude":13.182924,"canPickup":true,"canDropoff":true,"openingstijden":{"ma":"08:00 - 13:00, 16:00 - 19:30","di":"08:00 - 13:00, 16:00 - 19:30","wo":"08:00 - 13:00, 16:00 - 19:30","do":"08:00 - 13:00, 16:00 - 19:30","vr":"08:00 - 13:00, 16:00 - 19:30","za":"08:00 - 13:00, 16:00 - 19:30","zo":"gesloten"}}},{"type":"Feature","geometry":{"type":"Point","coordinates":[13.182563,37.970734]},"properties":{"type":"pakketpunt","locatieNaam":"Ufficio Postale SAN GIUSEPPE JATO","straatNaam":"VIA VITTORIO EMANUELE III 139","straatNr":"","vervoerder":"DHL","puntType":"postOffice","bezettingsgraad":50,"latitude":37.970734,"longitude":13.182563,"canPickup":true,"canDropoff":true,"openingstijden":{"ma":"08:20 - 13:35","di":"08:20 - 13:35","wo":"08:20 - 13:35","do":"08:20 - 13:35","vr":"08:20 - 13:35","za":"08:20 - 12:35","zo":"gesloten"}}},{"type":"Feature","geometry":{"type":"Point","coordinates":[13.18121,37.972707]},"properties":{"type":"pakketpunt","locatieNaam":"ALIMENTARI PALMERI","straatNaam":"VIA DELLO STADIO 91","straatNr":"","vervoerder":"DHL","puntType":"parcelShop","bezettingsgraad":50,"latitude":37.972707,"longitude":13.18121,"canPickup":true,"canDropoff":true,"openingstijden":{"ma":"07:00 - 13:00, 16:00 - 20:00","di":"07:00 - 13:00, 16:00 - 20:00","wo":"07:00 - 13:00, 16:00 - 20:00","do":"07:00 - 13:00, 16:00 - 20:00","vr":"07:00 - 13:00, 16:00 - 20:00","za":"07:30 - 13:00, 16:00 - 20:00","zo":"gesloten"}}},{"type":"Feature","geometry":{"type":"Point","coordinates":[13.180484,37.966678]},"properties":{"type":"pakketpunt","locatieNaam":"TABACCHERIA N. 5","straatNaam":"CORSO UMBERTO I 374","straatNr":"","vervoerder":"DHL","puntType":"parcelShop","bezettingsgraad":50,"latitude":37.966678,"longitude":13.180484,"canPickup":true,"canDropoff":true,"openingstijden":{"ma":"08:00 - 20:00","di":"08:00 - 20:00","wo":"08:00 - 20:00","do":"08:00 - 20:00","vr":"08:00 - 20:00","za":"08:00 - 20:00","zo":"gesloten"}}},{"type":"Feature","geometry":{"type":"Point","coordinates":[13.180131,37.966654]},"properties":{"type":"pakketpunt","locatieNaam":"STAZIONE DI SERVIZIO IP","straatNaam":"CORSO UMBERTO I SNC 1","straatNr":"","vervoerder":"DHL","puntType":"packStation","bezettingsgraad":50,"latitude":37.966654,"longitude":13.180131,"canPickup":true,"canDropoff":true,"openingstijden":{"ma":"00:01 - 23:59","di":"00:01 - 23:59","wo":"00:01 - 23:59","do":"00:01 - 23:59","vr":"00:01 - 23:59","za":"00:01 - 23:59","zo":"00:01 - 23:59"}}},{"type":"Feature","geometry":{"type":"Point","coordinates":[13.181621,37.960846]},"properties":{"type":"pakketpunt","locatieNaam":"Ufficio Postale SAN CIPIRELLO","straatNaam":"CORSO TRENTO 19","straatNr":"","vervoerder":"DHL","puntType":"postOffice","bezettingsgraad":50,"latitude":37.960846,"longitude":13.181621,"canPickup":true,"canDropoff":true,"openingstijden":{"ma":"08:20 - 13:35","di":"08:20 - 13:35","wo":"08:20 - 13:35","do":"08:20 - 13:35","vr":"08:20 - 13:35","za":"08:20 - 12:35","zo":"gesloten"}}},{"type":"Feature","geometry":{"type":"Point","coordinates":[13.179225,37.962001]},"properties":{"type":"pakketpunt","locatieNaam":"FERRAMENTA TITINCIU","straatNaam":"VIA GIUSEPPE GARIBALDI 98","straatNr":"","vervoerder":"DHL","puntType":"parcelShop","bezettingsgraad":50,"latitude":37.962001,"longitude":13.179225,"canPickup":true,"canDropoff":true,"openingstijden":{"ma":"08:00 - 13:00, 15:30 - 19:00","di":"08:00 - 13:00, 15:30 - 19:00","wo":"08:00 - 13:00, 15:30 - 19:00","do":"08:00 - 13:00, 15:30 - 19:00","vr":"08:00 - 13:00, 15:30 - 19:00","za":"08:00 - 13:00","zo":"gesloten"}}},{"type":"Feature","geometry":{"type":"Point","coordinates":[13.231012,38.048583]},"properties":{"type":"pakketpunt","locatieNaam":"Ufficio Postale PIOPPO","straatNaam":"VIA PROVINCIALE 222","straatNr":"","vervoerder":"DHL","puntType":"postOffice","bezettingsgraad":50,"latitude":38.048583,"longitude":13.231012,"canPickup":true,"canDropoff":true,"openingstijden":{"ma":"08:20 - 13:45","di":"08:20 - 13:45","wo":"08:20 - 13:45","do":"08:20 - 13:45","vr":"08:20 - 13:45","za":"08:20 - 12:45","zo":"gesloten"}}},{"type":"Feature","geometry":{"type":"Point","coordinates":[13.233477,38.049104]},"properties":{"type":"pakketpunt","locatieNaam":"TABACCHERIA N. 20","straatNaam":"VIA PROVINCIALE 82","straatNr":"","vervoerder":"DHL","puntType":"parcelShop","bezettingsgraad":50,"latitude":38.049104,"longitude":13.233477,"canPickup":true,"canDropoff":true,"openingstijden":{"ma":"08:00 - 13:00, 16:00 - 20:00","di":"08:00 - 13:00, 16:00 - 20:00","wo":"08:00 - 13:00, 16:00 - 20:00","do":"08:00 - 13:00, 16:00 - 20:00","vr":"08:00 - 13:00, 16:00 - 20:00","za":"08:00 - 13:00, 16:00 - 20:00","zo":"gesloten"}}},{"type":"Feature","geometry":{"type":"Point","coordinates":[13.324574,38.064666]},"properties":{"type":"pakketpunt","locatieNaam":"TABACCHERIA N. 14","straatNaam":"VIA ALTOFONTE 87","straatNr":"","vervoerder":"DHL","puntType":"parcelShop","bezettingsgraad":50,"latitude":38.064666,"longitude":13.324574,"canPickup":true,"canDropoff":true,"openingstijden":{"ma":"08:00 - 13:30, 15:30 - 19:00","di":"08:00 - 13:30, 15:30 - 19:30","wo":"08:00 - 13:30, 15:30 - 19:30","do":"08:00 - 13:30, 15:30 - 19:30","vr":"08:00 - 13:30, 15:30 - 19:30","za":"08:00 - 13:30, 15:30 - 19:30","zo":"gesloten"}}},{"type":"Feature","geometry":{"type":"Point","coordinates":[13.250331,38.089997]},"properties":{"type":"pakketpunt","locatieNaam":"Ufficio Postale SAN MARTINO DELLE S","straatNaam":"VIA PINETA ANTICA 3","straatNr":"","vervoerder":"DHL","puntType":"postOffice","bezettingsgraad":50,"latitude":38.089997,"longitude":13.250331,"canPickup":true,"canDropoff":true,"openingstijden":{"ma":"08:20 - 13:45","di":"gesloten","wo":"08:20 - 13:45","do":"08:20 - 13:45","vr":"08:20 - 13:45","za":"08:20 - 12:45","zo":"gesloten"}}},{"type":"Feature","geometry":{"type":"Point","coordinates":[13.28257,38.07687]},"properties":{"type":"pakketpunt","locatieNaam":"CAFFETTERIA TONY","straatNaam":"VIA GIROLAMO VENERO 222","straatNr":"","vervoerder":"DHL","puntType":"parcelShop","bezettingsgraad":50,"latitude":38.07687,"longitude":13.28257,"canPickup":true,"canDropoff":true,"openingstijden":{"ma":"05:00 - 14:00, 15:30 - 19:30","di":"05:00 - 14:00, 15:30 - 19:30","wo":"05:00 - 14:00, 15:30 - 19:30","do":"05:00 - 14:00, 15:30 - 19:30","vr":"05:00 - 14:00, 15:30 - 19:30","za":"05:00 - 13:00","zo":"gesloten"}}},{"type":"Feature","geometry":{"type":"Point","coordinates":[13.282636,38.076952]},"properties":{"type":"pakketpunt","locatieNaam":"CAFFETTERIA TONY","straatNaam":"Via Venero, 222","straatNr":"","vervoerder":"DHL","puntType":"parcelShop","bezettingsgraad":50,"latitude":38.076952,"longitude":13.282636,"canPickup":false,"canDropoff":true,"openingstijden":{"ma":"05:00 - 19:30","di":"05:00 - 19:30","wo":"05:00 - 19:30","do":"05:00 - 19:30","vr":"05:00 - 19:30","za":"06:00 - 13:00","zo":"gesloten"}}},{"type":"Feature","geometry":{"type":"Point","coordinates":[13.283902,38.077984]},"properties":{"type":"pakketpunt","locatieNaam":"Ufficio Postale MONREALE","straatNaam":"VIA ALDO MORO 8","straatNr":"","vervoerder":"DHL","puntType":"postOffice","bezettingsgraad":50,"latitude":38.077984,"longitude":13.283902,"canPickup":true,"canDropoff":true,"openingstijden":{"ma":"08:20 - 13:35","di":"08:20 - 13:35","wo":"08:20 - 13:35","do":"08:20 - 13:35","vr":"08:20 - 13:35","za":"08:20 - 12:35","zo":"gesloten"}}},{"type":"Feature","geometry":{"type":"Point","coordinates":[13.291371,38.078917]},"properties":{"type":"pakketpunt","locatieNaam":"TABACCHERIA N. 9","straatNaam":"VIA IGNAZIO FLORIO 2","straatNr":"","vervoerder":"DHL","puntType":"parcelShop","bezettingsgraad":50,"latitude":38.078917,"longitude":13.291371,"canPickup":true,"canDropoff":true,"openingstijden":{"ma":"08:00 - 13:00, 16:00 - 20:00","di":"08:00 - 13:00, 16:00 - 20:00","wo":"08:00 - 13:00, 16:00 - 20:00","do":"08:00 - 13:00, 16:00 - 20:00","vr":"08:00 - 13:00, 16:00 - 20:00","za":"gesloten","zo":"gesloten"}}},{"type":"Feature","geometry":{"type":"Point","coordinates":[13.2918,38.081754]},"properties":{"type":"pakketpunt","locatieNaam":"Ufficio Postale MONREALE 1","straatNaam":"PIAZZA GUGLIELMO II 22","straatNr":"","vervoerder":"DHL","puntType":"postOffice","bezettingsgraad":50,"latitude":38.081754,"longitude":13.2918,"canPickup":true,"canDropoff":true,"openingstijden":{"ma":"08:20 - 19:05","di":"08:20 - 19:05","wo":"08:20 - 19:05","do":"08:20 - 19:05","vr":"08:20 - 19:05","za":"08:20 - 12:35","zo":"gesloten"}}},{"type":"Feature","geometry":{"type":"Point","coordinates":[13.292003,38.08279]},"properties":{"type":"pakketpunt","locatieNaam":"MILAZZO SERVIZI SRLS","straatNaam":"Piazza Vittorio Emanuele, 2","straatNr":"","vervoerder":"DHL","puntType":"parcelShop","bezettingsgraad":50,"latitude":38.08279,"longitude":13.292003,"canPickup":false,"canDropoff":true,"openingstijden":{"ma":"09:00 - 19:00","di":"09:00 - 19:00","wo":"09:00 - 19:00","do":"09:00 - 19:00","vr":"09:00 - 19:00","za":"gesloten","zo":"gesloten"}}},{"type":"Feature","geometry":{"type":"Point","coordinates":[13.181222,37.9727]},"properties":{"type":"pakketpunt","locatieNaam":"Amazon Locker - gasperina","straatNaam":"Alimentari Palmeri San Giuseppe Jato","straatNr":"","vervoerder":"Amazon","puntType":"locker","bezettingsgraad":50,"latitude":37.9727,"longitude":13.181222,"canPickup":true,"canDropoff":false,"openingstijden":null}},{"type":"Feature","geometry":{"type":"Point","coordinates":[13.1724882,37.9583003]},"properties":{"type":"pakketpunt","locatieNaam":"Amazon Locker - asmaro","straatNaam":"CONAD San Cipirello / CC Il Mulino","straatNr":"","vervoerder":"Amazon","puntType":"locker","bezettingsgraad":50,"latitude":37.9583003,"longitude":13.1724882,"canPickup":true,"canDropoff":false,"openingstijden":null}},{"type":"Feature","geometry":{"type":"Point","coordinates":[13.190276,37.974755]},"properties":{"type":"pakketpunt","locatieNaam":"Amazon Counter - Spedi express","straatNaam":"Via Europa, 50","straatNr":"","vervoerder":"Amazon","puntType":"helix","bezettingsgraad":50,"latitude":37.974755,"longitude":13.190276,"canPickup":true,"canDropoff":false,"openingstijden":null}},{"type":"Feature","geometry":{"type":"Point","coordinates":[13.1792407134918,37.9619800941379]},"properties":{"type":"pakketpunt","locatieNaam":"Amazon Counter (fermopoint)","straatNaam":"Ferramenta Titinciu","straatNr":"","vervoerder":"Amazon","puntType":"helix","bezettingsgraad":50,"latitude":37.9619800941379,"longitude":13.1792407134918,"canPickup":true,"canDropoff":false,"openingstijden":null}},{"type":"Feature","geometry":{"type":"Point","coordinates":[13.189,37.9739]},"properties":{"type":"pakketpunt","locatieNaam":"PuntoPoste TABACCHERIA N. 7","straatNaam":"VIA PALERMO 63","straatNr":"","vervoerder":"Amazon","puntType":"3p","bezettingsgraad":50,"latitude":37.9739,"longitude":13.189,"canPickup":true,"canDropoff":false,"openingstijden":null}},{"type":"Feature","geometry":{"type":"Point","coordinates":[13.182958,37.970184]},"properties":{"type":"pakketpunt","locatieNaam":"Amazon Counter - TABACCHI VICARI","straatNaam":"CORSO UMBERTO I 190","straatNr":"","vervoerder":"Amazon","puntType":"helix","bezettingsgraad":50,"latitude":37.970184,"longitude":13.182958,"canPickup":true,"canDropoff":false,"openingstijden":null}},{"type":"Feature","geometry":{"type":"Point","coordinates":[13.1852,37.9721]},"properties":{"type":"pakketpunt","locatieNaam":"PuntoPoste TABACCHERIA N. 6","straatNaam":"CORSO UMBERTO I 58","straatNr":"","vervoerder":"Amazon","puntType":"3p","bezettingsgraad":50,"latitude":37.9721,"longitude":13.1852,"canPickup":true,"canDropoff":false,"openingstijden":null}},{"type":"Feature","geometry":{"type":"Point","coordinates":[13.1816,37.9608]},"properties":{"type":"pakketpunt","locatieNaam":"Ufficio Postale SAN CIPIRELLO","straatNaam":"CORSO TRENTO 19","straatNr":"","vervoerder":"Amazon","puntType":"3p","bezettingsgraad":50,"latitude":37.9608,"longitude":13.1816,"canPickup":true,"canDropoff":false,"openingstijden":null}},{"type":"Feature","geometry":{"type":"Point","coordinates":[13.191003,37.97487]},"properties":{"type":"pakketpunt","locatieNaam":"Amazon Counter (fermopoint)","straatNaam":"Postacentrale-San G.Jato","straatNr":"","vervoerder":"Amazon","puntType":"helix","bezettingsgraad":50,"latitude":37.97487,"longitude":13.191003,"canPickup":true,"canDropoff":false,"openingstijden":null}},{"type":"Feature","geometry":{"type":"Point","coordinates":[13.2503,38.0899]},"properties":{"type":"pakketpunt","locatieNaam":"Ufficio Postale SAN MARTINO DELLE SCALE","straatNaam":"VIA PINETA ANTICA 3","straatNr":"","vervoerder":"Amazon","puntType":"3p","bezettingsgraad":50,"latitude":38.0899,"longitude":13.2503,"canPickup":true,"canDropoff":false,"openingstijden":null}},{"type":"Feature","geometry":{"type":"Polygon","coordinates":[[[12.9414901,37.9058175],[12.9410966,37.905819],[12.9404468,37.9054572],[12.940194,37.9057243],[12.9396307,37.9059741],[12.9391211,37.9060333],[12.9389602,37.9059656],[12.9389119,37.9058429],[12.9393499,37.9044891],[12.9392431,37.9042222],[12.9384572,37.904062],[12.9382934,37.9037054],[12.9390204,37.9035349],[12.9385292,37.9021861],[12.9385161,37.901876],[12.9384023,37.9017201],[12.9381984,37.9017032],[12.937898,37.9019783],[12.93748,37.901894],[12.9372436,37.9017286],[12.9371148,37.9015254],[12.9370773,37.9013096],[12.9373294,37.9005688],[12.9377264,37.9001667],[12.9380643,37.9000058],[12.9383862,37.8992396],[12.9388958,37.8992904],[12.9390138,37.8995063],[12.9392499,37.8996375],[12.9396703,37.899583],[12.9396927,37.8991769],[12.9392821,37.8987528],[12.9386222,37.8986004],[12.9364872,37.8984269],[12.9345077,37.8986343],[12.9342913,37.8985612],[12.9342262,37.8981085],[12.9354358,37.8975464],[12.9362619,37.897394],[12.9371416,37.8973856],[12.937324,37.897267],[12.9373455,37.8970554],[12.937088,37.8964712],[12.9370665,37.8955568],[12.9369271,37.8953706],[12.9366588,37.8952436],[12.936219,37.8942868],[12.9359236,37.8941114],[12.9359815,37.8931366],[12.9363941,37.8931779],[12.9365971,37.8931055],[12.9367478,37.8925008],[12.9366495,37.8922631],[12.9355689,37.8916842],[12.9353265,37.8912655],[12.935451,37.8909968],[12.9357261,37.8908159],[12.936774,37.8911363],[12.9374682,37.8910691],[12.9378743,37.8909192],[12.9378415,37.8905471],[12.9376581,37.8900612],[12.9376778,37.8897666],[12.9369966,37.8893428],[12.9353331,37.8894151],[12.9351039,37.8887484],[12.9344948,37.8883659],[12.9338529,37.8882263],[12.9332504,37.8882005],[12.9328705,37.8879937],[12.9323531,37.8873941],[12.9320518,37.8873062],[12.9313772,37.8873114],[12.9311677,37.8875905],[12.9307747,37.8875543],[12.9305782,37.8871305],[12.9303989,37.8869686],[12.9299323,37.8868588],[12.9294813,37.8866453],[12.9287551,37.8865133],[12.9288268,37.8857605],[12.929787,37.8857816],[12.930243,37.8859129],[12.9305627,37.8862321],[12.9308492,37.886077],[12.9311767,37.8849915],[12.9314223,37.8846878],[12.9319872,37.884481],[12.9330678,37.8849075],[12.9334526,37.8852823],[12.9337146,37.885237],[12.9338783,37.8844681],[12.9338456,37.8840934],[12.9348034,37.8832146],[12.9348607,37.8829174],[12.9350572,37.8826589],[12.936015,37.8824909],[12.9377998,37.8829561],[12.9394535,37.8831694],[12.9398874,37.8830272],[12.9401903,37.8821678],[12.9417703,37.8817737],[12.9424171,37.8818383],[12.9432767,37.8817607],[12.9438416,37.8818124],[12.944472,37.8820515],[12.9456754,37.8840934],[12.9460438,37.8842937],[12.9475993,37.8838091],[12.9470344,37.8827106],[12.9469935,37.8822777],[12.947149,37.8818318],[12.9477057,37.8816121],[12.9487536,37.8814053],[12.9490238,37.8808949],[12.948639,37.8799256],[12.9493677,37.8791308],[12.9495232,37.8784265],[12.9498261,37.8779483],[12.9509068,37.87705],[12.9514003,37.8767843],[12.951808,37.8761915],[12.951647,37.8758019],[12.9510033,37.8757511],[12.9508853,37.8755987],[12.9508209,37.8747179],[12.9505741,37.8746671],[12.9500149,37.8747322],[12.9498507,37.8744846],[12.9496508,37.8739244],[12.9498124,37.873744],[12.9506493,37.8735661],[12.9507136,37.873329],[12.9506707,37.8731342],[12.9505312,37.8729902],[12.9503167,37.8729733],[12.9498124,37.8731173],[12.9492607,37.872983],[12.9491875,37.8728367],[12.9492039,37.872255],[12.9499564,37.871512],[12.9505508,37.8713659],[12.9508468,37.8717884],[12.9508658,37.8721064],[12.95166,37.8722421],[12.9524295,37.8720612],[12.9530763,37.871318],[12.9528307,37.870788],[12.9526587,37.8699996],[12.952441,37.8698481],[12.952162,37.8698058],[12.9516148,37.8699582],[12.9513895,37.8698058],[12.9513895,37.8696025],[12.9515629,37.8693232],[12.9520333,37.8691282],[12.9522693,37.8688572],[12.9522777,37.8686087],[12.9525053,37.8684337],[12.9527853,37.8683933],[12.9528798,37.8677118],[12.9530681,37.8674016],[12.9537394,37.8673111],[12.9549592,37.8674662],[12.9554922,37.8677717],[12.9556382,37.8685777],[12.9557931,37.8687084],[12.9560673,37.8687725],[12.9562926,37.8686201],[12.9568309,37.8678491],[12.9573989,37.8673369],[12.9586678,37.8651072],[12.9587497,37.8647776],[12.9584222,37.8637629],[12.9581357,37.8633104],[12.9568094,37.8628128],[12.9569863,37.8622311],[12.9566143,37.8618629],[12.955624,37.8604647],[12.9555454,37.860109],[12.9558796,37.8599679],[12.9563892,37.859502],[12.9564428,37.8593623],[12.9562068,37.8588921],[12.9557025,37.858566],[12.9543087,37.8586473],[12.9538006,37.8583095],[12.9536458,37.8579032],[12.9533958,37.8575707],[12.9528317,37.8573721],[12.9521459,37.8573377],[12.9519796,37.8571556],[12.9519206,37.8568846],[12.951985,37.8566982],[12.9523551,37.8563001],[12.9533476,37.8555165],[12.9530364,37.8551141],[12.9516301,37.8557334],[12.9503556,37.8549742],[12.9499959,37.8548573],[12.9503113,37.8541696],[12.9512715,37.8536528],[12.9511696,37.8535088],[12.9508316,37.8532674],[12.9503596,37.8535935],[12.9496247,37.8536486],[12.9494584,37.853746],[12.949233,37.8540679],[12.9489809,37.8546906],[12.9487127,37.8548727],[12.9483962,37.8549066],[12.9481655,37.854788],[12.9480475,37.854555],[12.9482406,37.8534453],[12.9475701,37.8532038],[12.9466528,37.853835],[12.9460527,37.8541054],[12.9447203,37.8535013],[12.9447285,37.8531458],[12.9441226,37.8530165],[12.9438934,37.8527062],[12.9439016,37.8520598],[12.944048,37.8517546],[12.9451024,37.8514926],[12.9450703,37.8507598],[12.9448718,37.8506709],[12.9441383,37.8506293],[12.9441308,37.8500429],[12.9436887,37.8493836],[12.9440326,37.849028],[12.9440899,37.8488147],[12.9439835,37.848582],[12.9438852,37.848388],[12.9437133,37.8483234],[12.9430911,37.848401],[12.943042,37.8481941],[12.9435987,37.8476834],[12.9436314,37.8469852],[12.944049,37.8461836],[12.9440162,37.8458862],[12.9441476,37.845575],[12.9437774,37.8451006],[12.9432319,37.8451634],[12.942846,37.8448909],[12.9430446,37.8445531],[12.9433644,37.8446134],[12.943661,37.8443639],[12.9443659,37.844116],[12.9448074,37.8427114],[12.9449791,37.8416142],[12.9449469,37.8411126],[12.9454941,37.8401102],[12.9454994,37.8399408],[12.9453814,37.8397417],[12.9450189,37.8393176],[12.9451829,37.8391062],[12.9458052,37.8386614],[12.9459876,37.8386105],[12.9467386,37.838708],[12.9472911,37.8385343],[12.9479885,37.838475],[12.948364,37.8383267],[12.948938,37.8378946],[12.9498821,37.8376319],[12.9507458,37.8376827],[12.9510838,37.8375387],[12.9515558,37.8375006],[12.9522747,37.8376149],[12.9532188,37.8373862],[12.9535407,37.8374201],[12.9539591,37.8376234],[12.9540664,37.837598],[12.9543561,37.8372675],[12.9546457,37.8371871],[12.9552627,37.8371362],[12.9559171,37.8372337],[12.9562712,37.8371489],[12.9564965,37.8372294],[12.9568827,37.8371701],[12.9578429,37.8367507],[12.9582721,37.8361576],[12.959066,37.8357551],[12.9600316,37.835844],[12.9610187,37.8354627],[12.9613727,37.8353992],[12.9631859,37.8355814],[12.9634434,37.8356407],[12.9638457,37.8359034],[12.96413,37.835933],[12.9648381,37.8358186],[12.9653048,37.8358652],[12.9656427,37.8357611],[12.9661202,37.8353484],[12.9676491,37.8344544],[12.967751,37.8343654],[12.9680031,37.8331961],[12.9684591,37.8317937],[12.9685664,37.8315818],[12.9689473,37.8312259],[12.9689687,37.8310946],[12.9687917,37.830565],[12.9685289,37.8301794],[12.9683196,37.8296794],[12.9681748,37.8291964],[12.9685128,37.825866],[12.9685342,37.8252474],[12.968266,37.8239042],[12.968384,37.8236414],[12.9692316,37.8236457],[12.9699343,37.8237474],[12.9707336,37.8239253],[12.9719299,37.8243448],[12.9724395,37.8243999],[12.9730725,37.8244126],[12.9738343,37.8241372],[12.9746604,37.8240821],[12.9752022,37.8238914],[12.9758942,37.8240355],[12.9793864,37.8239635],[12.9800463,37.8237982],[12.9812808,37.8236853],[12.9857085,37.8225736],[12.9861773,37.8225337],[12.9910946,37.8226933],[12.9927005,37.8224041],[12.9943463,37.8219752],[13.0011487,37.8209379],[13.0050387,37.8206685],[13.0067144,37.8203992],[13.013083,37.8197462],[13.0197551,37.8195657],[13.023497,37.8188845],[13.024959,37.8187274],[13.0258635,37.8181681],[13.0265866,37.8178331],[13.0274665,37.817206],[13.0291801,37.8168687],[13.0304343,37.8163752],[13.0332047,37.8158409],[13.0339909,37.8154798],[13.0361509,37.8158091],[13.0368491,37.8160283],[13.0386117,37.8159858],[13.0396128,37.8161494],[13.04075,37.8165986],[13.0445984,37.8153616],[13.0465704,37.8148272],[13.0500948,37.8144119],[13.0507493,37.8140559],[13.0519402,37.8137847],[13.0528039,37.8132846],[13.0540216,37.8127676],[13.0545151,37.8123692],[13.055352,37.8114962],[13.0560815,37.810657],[13.0563819,37.81014],[13.0565429,37.8096102],[13.0565214,37.8089024],[13.0563873,37.8086778],[13.0559045,37.8085295],[13.0557972,37.8083175],[13.0558777,37.8081734],[13.0561781,37.8081141],[13.0577905,37.8083654],[13.0584391,37.8100584],[13.0592897,37.8109992],[13.0596677,37.8115617],[13.060008,37.8127514],[13.0600899,37.8135827],[13.0606324,37.8139673],[13.0610436,37.8139076],[13.061285,37.813844],[13.0619502,37.8132973],[13.0621111,37.8132846],[13.0623043,37.8134923],[13.0623418,37.8137338],[13.0620307,37.8143271],[13.0619673,37.8146775],[13.0626858,37.8149316],[13.0654582,37.8150859],[13.0663017,37.8149048],[13.066172,37.8142169],[13.0664724,37.8137042],[13.0667353,37.8137677],[13.0675238,37.8143949],[13.0673705,37.8147709],[13.0684574,37.8150561],[13.0689238,37.8153291],[13.0696267,37.8150179],[13.0701256,37.8150603],[13.0702704,37.8152213],[13.0702919,37.8154332],[13.0700942,37.8160182],[13.0707445,37.81641],[13.0743045,37.8168679],[13.0766022,37.8181744],[13.0773203,37.8184993],[13.0784955,37.8181942],[13.0789232,37.8182089],[13.0793256,37.8183827],[13.0804541,37.8194661],[13.0820521,37.8206237],[13.0823511,37.820243],[13.0833274,37.8183403],[13.0837566,37.8180564],[13.0838746,37.8178869],[13.0841428,37.816713],[13.0847973,37.8156112],[13.0851996,37.8135304],[13.0851513,37.8132931],[13.0861276,37.8120429],[13.0870074,37.8112546],[13.0877531,37.8119751],[13.0896735,37.8125599],[13.0903977,37.8128862],[13.0909663,37.8131575],[13.0915403,37.813683],[13.091433,37.8140389],[13.0911702,37.8143229],[13.0906767,37.8152086],[13.0907088,37.815518],[13.0906445,37.8156705],[13.0904353,37.8157595],[13.0899954,37.8157807],[13.0895179,37.8159799],[13.0900115,37.8167935],[13.0905372,37.8169503],[13.0909502,37.8172173],[13.0912453,37.8172385],[13.0919534,37.8171707],[13.0926937,37.8169546],[13.0934179,37.8165859],[13.094185,37.8165901],[13.0952847,37.8163274],[13.0959821,37.8163486],[13.0969854,37.8165941],[13.0969369,37.8156281],[13.0971408,37.8150688],[13.098321,37.8138694],[13.0987501,37.8135897],[13.0991471,37.8135219],[13.0984604,37.81331],[13.0978489,37.8130134],[13.097291,37.8125641],[13.0965764,37.8114827],[13.09539,37.8091768],[13.0946892,37.8084786],[13.093611,37.8079022],[13.0929136,37.8078174],[13.0923718,37.807614],[13.0919748,37.8073173],[13.0917495,37.8069528],[13.091653,37.8065586],[13.0895019,37.8055796],[13.0885953,37.8050328],[13.0879921,37.8045092],[13.0860633,37.8049142],[13.0839305,37.8052511],[13.0828544,37.8051505],[13.0821188,37.8048716],[13.0817035,37.8046115],[13.0811548,37.8035239],[13.0812299,37.8021549],[13.080908,37.8009935],[13.0805433,37.8002729],[13.0805433,37.7990691],[13.0802429,37.7985605],[13.0790627,37.7975262],[13.0779469,37.7959493],[13.0776358,37.7950422],[13.0773139,37.7945674],[13.0765897,37.7930201],[13.0763859,37.7928972],[13.0753505,37.7925962],[13.0753505,37.7916043],[13.0751145,37.7899001],[13.0752271,37.7893829],[13.0751037,37.7886495],[13.0766702,37.7882425],[13.0777538,37.7878609],[13.0786014,37.7873395],[13.0786711,37.7871487],[13.0785263,37.7868435],[13.0785423,37.7865255],[13.0791378,37.7860634],[13.0793416,37.7854487],[13.0794114,37.7846771],[13.0796221,37.7842828],[13.0802142,37.783523],[13.0821581,37.7819542],[13.0825281,37.7817644],[13.0840194,37.7817347],[13.0848563,37.7819594],[13.0853176,37.7821714],[13.0860686,37.7829091],[13.0864978,37.7827819],[13.0867338,37.7825615],[13.0872917,37.7823156],[13.0877745,37.7818492],[13.0881178,37.7816881],[13.0902314,37.7812387],[13.0911755,37.7807723],[13.0919158,37.7801363],[13.0919909,37.7797632],[13.0925918,37.7790085],[13.0927799,37.7784801],[13.0936915,37.7781036],[13.0939583,37.7777269],[13.0943727,37.7776729],[13.0952106,37.7777451],[13.0960128,37.7784712],[13.096676,37.7785218],[13.0971264,37.7784699],[13.0982137,37.7786439],[13.0994654,37.7785106],[13.1014431,37.7786252],[13.1015862,37.7796052],[13.1015784,37.7802399],[13.1009078,37.7815956],[13.1005336,37.7819715],[13.0997617,37.7823844],[13.0991847,37.7826247],[13.0986233,37.7827542],[13.0981321,37.7833334],[13.0979918,37.7836169],[13.0979918,37.7838325],[13.0986258,37.785747],[13.0986701,37.7877023],[13.0995746,37.7888977],[13.0997089,37.7892297],[13.1004166,37.7903518],[13.1010248,37.7911036],[13.1013757,37.7918922],[13.1009468,37.7927302],[13.0982491,37.7938516],[13.0979294,37.7944492],[13.0980385,37.7953796],[13.0982023,37.795663],[13.0990911,37.7959464],[13.1002997,37.7958971],[13.1008767,37.7955028],[13.1010872,37.7950469],[13.1010794,37.7945416],[13.1011807,37.794098],[13.1025062,37.7934203],[13.1042917,37.7937592],[13.1068026,37.7945597],[13.1102019,37.7954104],[13.1117145,37.7957431],[13.1133441,37.7959772],[13.1139366,37.7910789],[13.1141238,37.7906353],[13.1147007,37.7905244],[13.1180612,37.792915],[13.1195115,37.7935127],[13.1216868,37.793716],[13.1231839,37.7936113],[13.1236517,37.7933833],[13.1244875,37.7925693],[13.1246497,37.7935435],[13.1247199,37.7954474],[13.1246575,37.7964208],[13.1239168,37.7973388],[13.1240181,37.7976654],[13.1246887,37.7978872],[13.1273942,37.7984724],[13.1296203,37.7992087],[13.1308942,37.8000823],[13.1320818,37.8004214],[13.1323011,37.8001686],[13.132481,37.7993094],[13.1325571,37.7984203],[13.1326756,37.7981098],[13.1328503,37.7979964],[13.1331871,37.7979767],[13.1336424,37.7981098],[13.1343847,37.7988836],[13.1345128,37.800703],[13.1352206,37.8020429],[13.1364182,37.803689],[13.1374474,37.8046993],[13.1380275,37.8049753],[13.1386887,37.804857],[13.1390068,37.8042262],[13.1388259,37.8032553],[13.1390941,37.8026343],[13.1395682,37.8022548],[13.1405662,37.8023386],[13.1412336,37.8025653],[13.1420825,37.8037297],[13.1424187,37.8044184],[13.1428866,37.8045169],[13.1442002,37.8040803],[13.1451433,37.8046402],[13.145833,37.8051611],[13.1462012,37.8059412],[13.1456473,37.8070964],[13.1444007,37.8082533],[13.1444248,37.808701],[13.1468152,37.8094443],[13.14682,37.8099113],[13.1470944,37.8108575],[13.1477181,37.812184],[13.1478829,37.8128917],[13.1482322,37.8132623],[13.1484118,37.8137354],[13.1501627,37.8157595],[13.1505167,37.8163782],[13.1506884,37.8168529],[13.1510854,37.8173868],[13.1510639,37.8178699],[13.1508601,37.8180055],[13.1506348,37.8183361],[13.150396,37.8189675],[13.1504094,37.8192217],[13.1508306,37.819815],[13.1507206,37.8201413],[13.150903,37.8203956],[13.1516111,37.8202345],[13.1540573,37.8215736],[13.1542504,37.822955],[13.1543898,37.8231838],[13.1564251,37.8243948],[13.1563586,37.8253491],[13.1559133,37.8264592],[13.156718,37.8278384],[13.1568468,37.8283829],[13.1565193,37.8286754],[13.1564281,37.8289805],[13.1559107,37.8297155],[13.1557802,37.830159],[13.1515824,37.8298125],[13.1503344,37.830034],[13.1495576,37.8305462],[13.1486906,37.8306036],[13.1465936,37.8305506],[13.1448915,37.82965],[13.1439979,37.8294116],[13.1426149,37.8288446],[13.1425013,37.8286189],[13.1425548,37.8284764],[13.1430655,37.8279012],[13.1431901,37.8273312],[13.1426291,37.8265629],[13.1387762,37.8274198],[13.1372828,37.8274575],[13.1367964,37.8276025],[13.1345963,37.8278854],[13.1328483,37.8282665],[13.131664,37.828399],[13.1294922,37.8289398],[13.1294437,37.8291166],[13.1297906,37.829993],[13.1296132,37.8307127],[13.1292878,37.8314405],[13.1288713,37.8321012],[13.1284036,37.8326171],[13.1279117,37.8333814],[13.1275246,37.833547],[13.1274601,37.8338336],[13.1269924,37.8346233],[13.126186,37.8350627],[13.1260409,37.8354895],[13.1239845,37.8368778],[13.1233636,37.8378841],[13.1230894,37.8386292],[13.1227991,37.838712],[13.1224846,37.839266],[13.1217427,37.8399602],[13.1211944,37.8406607],[13.1204264,37.8427401],[13.1207051,37.8437508],[13.1207448,37.8451765],[13.1225115,37.846514],[13.1227695,37.8469052],[13.1235012,37.8474705],[13.1234866,37.84773],[13.1236832,37.8484298],[13.1237024,37.8488833],[13.1234485,37.8488838],[13.1226932,37.8499335],[13.1228686,37.8500843],[13.1229667,37.8509238],[13.1238207,37.8520235],[13.1238604,37.8523522],[13.1241576,37.8529468],[13.1241708,37.8532363],[13.1250329,37.853617],[13.1251579,37.8538041],[13.1250263,37.8550201],[13.1252873,37.8553879],[13.1250957,37.8557869],[13.125099,37.8560424],[13.1254987,37.8568665],[13.1256737,37.8575446],[13.1250131,37.8595031],[13.1252869,37.8601231],[13.1259875,37.8607339],[13.1265029,37.860889],[13.1271121,37.8606804],[13.1272922,37.86076],[13.1278273,37.8613389],[13.1281246,37.8614432],[13.1283302,37.8613967],[13.1285944,37.8610523],[13.1290988,37.8606351],[13.1293434,37.8605723],[13.1321339,37.8605917],[13.1326594,37.8609509],[13.1330201,37.8619044],[13.1334436,37.8621335],[13.1340266,37.8620593],[13.1344789,37.8612109],[13.1352082,37.8605051],[13.1366434,37.860375],[13.1388001,37.860666],[13.141451,37.8608147],[13.1420705,37.8607218],[13.143192,37.8610437],[13.1433097,37.8614029],[13.1439214,37.861793],[13.144839,37.8620097],[13.1458193,37.8619849],[13.1469722,37.8613471],[13.1474427,37.8614957],[13.1486976,37.8623131],[13.1488701,37.8625979],[13.148776,37.8630994],[13.1490237,37.8633338],[13.1496308,37.8633532],[13.1507005,37.8630352],[13.1528846,37.8629597],[13.154159,37.8628169],[13.1544295,37.8625683],[13.1545549,37.8620544],[13.1550804,37.8617882],[13.1558703,37.8618028],[13.1567399,37.8614264],[13.1568234,37.8611221],[13.1573341,37.8609876],[13.1577903,37.8606453],[13.1583409,37.8605412],[13.1587082,37.860892],[13.15918,37.8609554],[13.1603646,37.8607414],[13.1617599,37.8608087],[13.1624141,37.860608],[13.1623924,37.8603213],[13.1625881,37.8600558],[13.1625281,37.8588656],[13.1635281,37.8584322],[13.1649201,37.8583083],[13.1656946,37.8574105],[13.1667405,37.8572209],[13.16736,37.8572366],[13.1678878,37.8569509],[13.1684182,37.8556569],[13.1692832,37.8548988],[13.1709528,37.8542094],[13.1713322,37.8535791],[13.1723008,37.8530846],[13.1727602,37.8525586],[13.1739161,37.8522556],[13.1751652,37.8520686],[13.1762681,37.8522622],[13.1774533,37.8521124],[13.1796686,37.8501697],[13.1806949,37.8500851],[13.1815439,37.8503896],[13.1840243,37.849924],[13.1859488,37.8504116],[13.1873506,37.8505251],[13.1885651,37.8499099],[13.1896789,37.849517],[13.1926409,37.8489369],[13.192392,37.8488416],[13.1941457,37.847861],[13.1949395,37.8475616],[13.1959553,37.8473793],[13.1967231,37.8471412],[13.1976988,37.8467578],[13.1982578,37.8463718],[13.1986613,37.8459774],[13.2006485,37.8451368],[13.2030556,37.8444647],[13.2044893,37.8439314],[13.206268,37.8438783],[13.2099158,37.842977],[13.2111894,37.8424577],[13.2122144,37.8424531],[13.2131386,37.8419946],[13.2138021,37.8413677],[13.2143055,37.8427626],[13.2166338,37.8438004],[13.2176172,37.8449325],[13.2177371,37.8454979],[13.2186599,37.845943],[13.2188732,37.8462143],[13.2187972,37.846603],[13.2191438,37.8470478],[13.219949,37.848866],[13.2203511,37.8488937],[13.2209466,37.8496293],[13.2225699,37.8505368],[13.2230319,37.8510513],[13.2238969,37.8517249],[13.2243,37.8526113],[13.2253305,37.8528008],[13.2262547,37.8532031],[13.2274395,37.8544567],[13.2273684,37.8548122],[13.2276409,37.8550367],[13.2303542,37.8553735],[13.2315272,37.8548215],[13.2321552,37.8548776],[13.2325462,37.8551864],[13.2328305,37.855729],[13.2338613,37.8560938],[13.2347736,37.8567861],[13.2359822,37.8574783],[13.2367049,37.8582641],[13.2368471,37.8588254],[13.2361717,37.8602379],[13.2363021,37.8612482],[13.2366453,37.8621611],[13.2366283,37.8622864],[13.2431153,37.8625326],[13.2486089,37.861995],[13.2510771,37.8620454],[13.2523082,37.8625363],[13.2533205,37.8634047],[13.2548225,37.8644974],[13.2566115,37.865446],[13.2606322,37.8678599],[13.262943,37.8697384],[13.2641021,37.8708545],[13.2649019,37.871439],[13.2653557,37.8722338],[13.2660423,37.8728074],[13.2679151,37.8732758],[13.2724552,37.8737772],[13.2741288,37.8737889],[13.274662,37.8735551],[13.2756543,37.873368],[13.2769428,37.8733564],[13.2776241,37.8735551],[13.2790014,37.87352],[13.2805269,37.8738708],[13.282156,37.8748878],[13.2839185,37.8754373],[13.2856365,37.87677],[13.2872656,37.877904],[13.28888,37.8783248],[13.2891595,37.8790007],[13.2897686,37.8788158],[13.2900944,37.8783014],[13.290672,37.8778338],[13.2918421,37.8774714],[13.2932526,37.8772991],[13.2939896,37.8767233],[13.295334,37.8765337],[13.2956864,37.8759751],[13.2976478,37.8753672],[13.2987624,37.8745406],[13.3017001,37.8747526],[13.3029795,37.8744202],[13.3051863,37.8743968],[13.3065398,37.8748986],[13.3066593,37.8756889],[13.3070968,37.8757529],[13.3077337,37.8754724],[13.3081335,37.8751333],[13.3087852,37.8749931],[13.3092739,37.8753672],[13.3094929,37.8760917],[13.3098197,37.8761914],[13.3106666,37.8761602],[13.3110364,37.8763609],[13.3110216,37.8767466],[13.3111713,37.8772324],[13.312231,37.8779897],[13.3120071,37.8786425],[13.3119596,37.8791952],[13.3121112,37.8793848],[13.3125603,37.8789505],[13.3130329,37.8790296],[13.3128466,37.8800095],[13.3133288,37.8801399],[13.3143823,37.880119],[13.3155182,37.8798035],[13.3171908,37.8769434],[13.3176138,37.8765223],[13.3182039,37.8757102],[13.3182526,37.8745518],[13.3181014,37.8738155],[13.3182736,37.8727303],[13.3178328,37.8694575],[13.3171168,37.866914],[13.3166693,37.8644587],[13.3170497,37.8627806],[13.3169272,37.8621456],[13.3155283,37.861244],[13.3142528,37.8611554],[13.3125456,37.8607713],[13.3118209,37.8599769],[13.3114224,37.8589485],[13.3108518,37.8553611],[13.3085941,37.854008],[13.3079716,37.8533866],[13.3079114,37.8531235],[13.3076447,37.8527361],[13.3069643,37.8497186],[13.3064176,37.8497272],[13.3063151,37.8489045],[13.2982934,37.848874],[13.2980379,37.8475507],[13.2984915,37.8467484],[13.2981938,37.8460473],[13.2983159,37.8457877],[13.2986954,37.8457635],[13.2994678,37.8459923],[13.3004469,37.8460749],[13.3009341,37.846019],[13.3012404,37.8454876],[13.3016512,37.8452637],[13.3022301,37.8450878],[13.3043746,37.8454376],[13.3049232,37.845878],[13.3057898,37.8461765],[13.3065623,37.846562],[13.3071233,37.8465292],[13.3082033,37.8461682],[13.3090353,37.8462189],[13.3103228,37.8459796],[13.3107801,37.8460223],[13.3113579,37.8456116],[13.3119262,37.8457314],[13.3127367,37.845664],[13.3131282,37.845748],[13.3135342,37.84598],[13.313813,37.8459899],[13.3142202,37.8457109],[13.3148032,37.8457464],[13.3153143,37.8458652],[13.3154845,37.8459975],[13.3156335,37.846454],[13.3158318,37.846563],[13.3162866,37.846549],[13.3165742,37.8463619],[13.317087,37.84632],[13.3176532,37.8466383],[13.3183667,37.846856],[13.3193988,37.8469206],[13.3195898,37.8470619],[13.3200243,37.8471657],[13.3202497,37.8471044],[13.3204025,37.8468691],[13.3205523,37.8467933],[13.3214115,37.8469127],[13.3220896,37.847441],[13.3224488,37.8475061],[13.32293,37.8474444],[13.3231834,37.8469661],[13.3235219,37.8468713],[13.3238326,37.8468812],[13.3241039,37.8470237],[13.3243829,37.8475024],[13.3250746,37.8477743],[13.3251319,37.8471682],[13.325487,37.8469059],[13.3259911,37.8468064],[13.3262546,37.8471592],[13.3265368,37.8472638],[13.3269763,37.8461551],[13.32732,37.8461008],[13.3278011,37.8463722],[13.3281219,37.8463088],[13.3283052,37.8459741],[13.3287405,37.8458384],[13.3294852,37.8460646],[13.3299663,37.8457661],[13.3307912,37.8454404],[13.3311348,37.8458746],[13.33158,37.8458986],[13.332339,37.8453811],[13.3323748,37.8448864],[13.3329655,37.8449005],[13.3342185,37.8440383],[13.3346885,37.8443367],[13.3351135,37.8442503],[13.3354949,37.8432735],[13.3360672,37.8438211],[13.3373152,37.8429216],[13.3387114,37.8421583],[13.3392126,37.8416918],[13.340036,37.8415646],[13.3403761,37.8411688],[13.3420498,37.8409815],[13.3422377,37.840363],[13.3429358,37.8404195],[13.3438487,37.8402641],[13.3442604,37.8400096],[13.3459206,37.8401686],[13.3466769,37.8397976],[13.3469633,37.8392745],[13.3474824,37.8393169],[13.3491008,37.838415],[13.3497164,37.8383987],[13.3505332,37.8385196],[13.3509054,37.838295],[13.3533805,37.8394117],[13.3537116,37.8402393],[13.3544253,37.8408221],[13.3548393,37.841455],[13.3559776,37.8422533],[13.3554504,37.8434827],[13.3555635,37.8448078],[13.355344,37.8454864],[13.3561281,37.8466992],[13.3569937,37.8486619],[13.3574963,37.8492228],[13.3594453,37.8500575],[13.3609165,37.8517999],[13.3615655,37.8532177],[13.3630979,37.8551749],[13.3646808,37.8561728],[13.365676,37.8580347],[13.3666152,37.8589733],[13.3680525,37.8596169],[13.3681206,37.8579493],[13.3684668,37.8577784],[13.3701326,37.8582396],[13.37076,37.8581201],[13.3720148,37.8575564],[13.3735428,37.8573475],[13.374931,37.8577585],[13.3758062,37.8574394],[13.3773354,37.8573902],[13.3785689,37.8570963],[13.379057,37.8570667],[13.3798698,37.8571196],[13.3804813,37.8572509],[13.3809861,37.8572302],[13.3815032,37.857145],[13.3817865,37.856882],[13.3821872,37.8572515],[13.3824447,37.857037],[13.3842686,37.8568337],[13.3843787,37.8569614],[13.3849043,37.857018],[13.3854273,37.8563128],[13.3866216,37.8563867],[13.388422,37.8555695],[13.3886658,37.8559845],[13.3887998,37.856501],[13.3896813,37.8564123],[13.3905208,37.8568845],[13.3903304,37.8565394],[13.3904672,37.8564801],[13.3904591,37.8563001],[13.3906415,37.8561603],[13.3912665,37.8563275],[13.3943834,37.8557103],[13.3944948,37.8555013],[13.3953166,37.8553122],[13.3959625,37.8556128],[13.3962773,37.855539],[13.3974161,37.8561377],[13.397877,37.8560372],[13.3982102,37.8564078],[13.3984318,37.8568227],[13.398298,37.8578877],[13.3979989,37.8585167],[13.3974624,37.8614313],[13.3962874,37.864851],[13.3969094,37.8663789],[13.396935,37.8678283],[13.3959187,37.8701075],[13.3956531,37.8719763],[13.3933225,37.8769602],[13.3912611,37.8807206],[13.3913385,37.8814595],[13.3928083,37.8821287],[13.3956883,37.8827833],[13.3971168,37.883638],[13.3977389,37.8846927],[13.3976513,37.8857093],[13.3971988,37.8865031],[13.3970477,37.8870202],[13.3971864,37.8874129],[13.3974924,37.8878131],[13.3981185,37.8880812],[13.3986742,37.8886594],[13.3987753,37.8890213],[13.3988026,37.890501],[13.399003,37.8909467],[13.3990297,37.8914676],[13.400089,37.8937843],[13.3998355,37.8960024],[13.4006419,37.8972024],[13.4041999,37.8964982],[13.404743,37.8972751],[13.4047891,37.8982024],[13.4062406,37.8988751],[13.4071726,37.9010806],[13.4083154,37.9024623],[13.4094029,37.9033059],[13.4115681,37.9055152],[13.4122976,37.9065484],[13.4127206,37.9078143],[13.41347,37.9087962],[13.4153011,37.9115081],[13.4150615,37.9126278],[13.414423,37.9138236],[13.4135317,37.9152308],[13.4120202,37.9165686],[13.4131077,37.9175283],[13.4130458,37.9193627],[13.4151574,37.9208796],[13.4156292,37.9216427],[13.4159359,37.9224988],[13.417033,37.9233456],[13.4182131,37.9238548],[13.4188737,37.924655],[13.4192158,37.9253436],[13.4195933,37.9258461],[13.4215633,37.926637],[13.4219644,37.9281444],[13.4230851,37.9302008],[13.4235154,37.9317803],[13.4239986,37.9322924],[13.423974,37.932416],[13.4222617,37.9318756],[13.4216105,37.9318607],[13.4210631,37.9317044],[13.4186139,37.9315891],[13.4167975,37.9317937],[13.4164389,37.9320617],[13.4157311,37.9319277],[13.4145825,37.9321214],[13.4141015,37.9323699],[13.4139177,37.93288],[13.4120671,37.9342734],[13.4110231,37.9336266],[13.4106144,37.9332159],[13.4098198,37.9328472],[13.4090018,37.932755],[13.408663,37.9324048],[13.4082227,37.9322822],[13.4053495,37.930595],[13.4052912,37.9302205],[13.4035565,37.9299163],[13.3996462,37.928788],[13.3935658,37.9281863],[13.3923188,37.9286341],[13.3908471,37.928986],[13.3875208,37.9301261],[13.3868381,37.9305042],[13.3865173,37.930943],[13.3855828,37.9315171],[13.385334,37.9318],[13.3851587,37.9322002],[13.3849117,37.9318319],[13.3848712,37.9313985],[13.3840325,37.9291673],[13.3831994,37.9289985],[13.3825006,37.9283476],[13.3817898,37.9280819],[13.3799091,37.9278278],[13.3795338,37.9276749],[13.3785993,37.9270389],[13.3756192,37.9270226],[13.3739922,37.9266733],[13.3737503,37.9262854],[13.3736217,37.9252473],[13.3738747,37.9245058],[13.3738248,37.9242057],[13.373449,37.9239162],[13.3727586,37.9237163],[13.3723298,37.9226788],[13.3712467,37.9226891],[13.3709146,37.9224283],[13.3693439,37.9198986],[13.3694166,37.9197927],[13.3697634,37.9199824],[13.3698494,37.9198674],[13.3692118,37.918793],[13.3692376,37.9186278],[13.3694166,37.918619],[13.3696924,37.9188482],[13.3698061,37.9188206],[13.3698585,37.918662],[13.3692182,37.9177714],[13.3691382,37.917224],[13.3694392,37.9170674],[13.369764,37.9162709],[13.3696957,37.9151613],[13.3687808,37.9138577],[13.3687808,37.9122848],[13.3685816,37.9118423],[13.3680399,37.9117818],[13.3673399,37.9115212],[13.3662238,37.9116434],[13.3657552,37.9117946],[13.3653215,37.9117535],[13.3647415,37.9114593],[13.3645288,37.9111483],[13.3633796,37.9109974],[13.3627997,37.9107227],[13.3620212,37.9106704],[13.3613079,37.9106485],[13.3611659,37.9107925],[13.3608482,37.9108085],[13.3604156,37.9107338],[13.3599762,37.9107658],[13.3587345,37.9115742],[13.3577178,37.9119155],[13.357562,37.9122364],[13.3575058,37.9129805],[13.3570873,37.9135991],[13.3566886,37.9137695],[13.3563951,37.9140011],[13.3560213,37.9146258],[13.3547023,37.9158298],[13.3543441,37.9158564],[13.3535228,37.9166616],[13.3532219,37.9167151],[13.3519714,37.9165053],[13.3504695,37.9160887],[13.3490337,37.9152749],[13.3492482,37.9146955],[13.3497929,37.9140705],[13.3474658,37.9109064],[13.3453698,37.9103335],[13.3436325,37.9101424],[13.3419622,37.9103391],[13.3413495,37.9105974],[13.3407263,37.9106141],[13.3401982,37.9108141],[13.3392898,37.9107558],[13.3380751,37.9099974],[13.3377448,37.9100395],[13.3363112,37.9107808],[13.3355612,37.9115058],[13.3349263,37.9127092],[13.3344205,37.9131225],[13.3337762,37.9138475],[13.33361,37.9145021],[13.3332797,37.9149558],[13.3330368,37.9154974],[13.3323589,37.9161734],[13.332308,37.917339],[13.3320228,37.9184306],[13.3315052,37.9182223],[13.3307658,37.9180723],[13.330375,37.9177723],[13.3296567,37.9179223],[13.3291709,37.917764],[13.3292025,37.9174807],[13.3288117,37.9170807],[13.3283575,37.9167724],[13.3275865,37.916539],[13.3270267,37.9161891],[13.3276921,37.917414],[13.3276182,37.9177223],[13.3271006,37.9181889],[13.3268788,37.9191805],[13.3264668,37.9196888],[13.3257697,37.9202054],[13.3248508,37.920722],[13.3239424,37.9215803],[13.3229284,37.9221802],[13.3221784,37.9229301],[13.3214231,37.9241675],[13.3212067,37.9237383],[13.3203405,37.9229051],[13.3199814,37.9226218],[13.3192843,37.9222719],[13.3186294,37.9222469],[13.3177603,37.9230124],[13.3159359,37.9224718],[13.3159676,37.9221635],[13.315788,37.9217886],[13.3147107,37.921597],[13.313422,37.9215053],[13.3115028,37.921081],[13.3108447,37.9207554],[13.3101159,37.9201971],[13.309292,37.9198138],[13.3082147,37.9196055],[13.3073908,37.9200221],[13.307095,37.9200721],[13.3067148,37.9204221],[13.3062606,37.9209304],[13.305743,37.9217303],[13.3055951,37.9224468],[13.3052192,37.9231386],[13.3045544,37.9233799],[13.3041689,37.9237038],[13.3035937,37.9239885],[13.3032486,37.9244834],[13.3033113,37.9247433],[13.3029819,37.9247722],[13.3028355,37.924669],[13.3023492,37.9248052],[13.3020198,37.9244339],[13.3017845,37.9244834],[13.3015805,37.9246443],[13.3013609,37.9249206],[13.3013034,37.92523],[13.301129,37.9254125],[13.3007282,37.9254857],[13.3004877,37.9251681],[13.2997556,37.9251805],[13.2988196,37.9257002],[13.298736,37.9259147],[13.298919,37.9261622],[13.2986732,37.9261498],[13.2985375,37.9264296],[13.2979472,37.92656],[13.2975898,37.9263103],[13.2965174,37.9261975],[13.2951795,37.926697],[13.2950672,37.9269467],[13.2944953,37.9271078],[13.2942575,37.9274349],[13.2936578,37.9272609],[13.293137,37.9273736],[13.2924425,37.92714],[13.2918706,37.9272931],[13.2914212,37.9271239],[13.290788,37.9272447],[13.2902671,37.9269628],[13.2894297,37.9272528],[13.2889497,37.9271159],[13.288522,37.9272215],[13.2876723,37.9270153],[13.2872343,37.927103],[13.2861166,37.9271133],[13.2845496,37.9276121],[13.2853315,37.9288527],[13.2850578,37.9290621],[13.2850531,37.9292073],[13.2856542,37.9320607],[13.2856019,37.9327948],[13.2857588,37.9339413],[13.2865954,37.9353064],[13.2866477,37.9355827],[13.2859836,37.9356694],[13.285262,37.9363003],[13.2847548,37.9369767],[13.2837352,37.9373685],[13.2825423,37.9382448],[13.2811207,37.9388407],[13.2788755,37.9403995],[13.278418,37.9410851],[13.2782708,37.9415972],[13.2788376,37.9449375],[13.2795844,37.9459368],[13.2791869,37.9461162],[13.2788815,37.9461228],[13.2786514,37.945915],[13.2782833,37.945948],[13.2782582,37.9463372],[13.2781662,37.9464527],[13.2772496,37.946288],[13.2781996,37.9474555],[13.2787058,37.9477359],[13.279007,37.9483923],[13.2790196,37.9487123],[13.2784759,37.9520985],[13.2791458,37.9551573],[13.2791299,37.9562142],[13.2797504,37.9572497],[13.2798931,37.9581136],[13.2800607,37.9583339],[13.2800662,37.9586751],[13.2796041,37.9593437],[13.2793879,37.9598827],[13.278923,37.96159],[13.2779832,37.962422],[13.2762097,37.9625553],[13.2747575,37.9629076],[13.2724437,37.9640273],[13.2711511,37.9642286],[13.2700181,37.964606],[13.2682015,37.9655357],[13.2658053,37.9658767],[13.2649436,37.9666944],[13.2637468,37.9674493],[13.2626936,37.9677638],[13.2600446,37.9679273],[13.2567347,37.9688665],[13.254905,37.9689822],[13.256922,37.9745231],[13.2571753,37.9748878],[13.257582,37.9764359],[13.2577868,37.9784482],[13.2579124,37.9789719],[13.2577193,37.9799613],[13.2574135,37.9803715],[13.2570112,37.9806548],[13.2548741,37.981658],[13.2554686,37.9819434],[13.2574908,37.9841007],[13.2583691,37.9847125],[13.2598908,37.9869582],[13.2599214,37.987248],[13.259758,37.9875941],[13.2601257,37.9890752],[13.2604423,37.9893247],[13.2609019,37.9894696],[13.2610551,37.9901215],[13.2608304,37.9908298],[13.2628692,37.9917842],[13.2628546,37.9919808],[13.2627239,37.9921199],[13.2627435,37.9925011],[13.2632443,37.9930138],[13.2636707,37.9945777],[13.2632207,37.9966033],[13.2637058,37.9971768],[13.2638565,37.9978589],[13.2637135,37.9983015],[13.2638871,37.9990741],[13.2643262,37.9994524],[13.264888,38.0001364],[13.265351,38.0015334],[13.2653884,38.0033152],[13.2650718,38.0037981],[13.2652148,38.0043855],[13.2655112,38.0049034],[13.2656717,38.0061666],[13.2659635,38.0068283],[13.2674105,38.0084815],[13.2678395,38.0085701],[13.2681663,38.0088356],[13.2690037,38.0091655],[13.2690446,38.0095437],[13.269688,38.00993],[13.2701884,38.0103564],[13.2708012,38.0103967],[13.2710974,38.0107829],[13.2717612,38.0111933],[13.2722412,38.0111611],[13.2728029,38.0116761],[13.2735893,38.0117083],[13.2738957,38.0118692],[13.2741204,38.0121991],[13.2754787,38.0127865],[13.2756931,38.0135026],[13.2762651,38.014259],[13.2775927,38.0149751],[13.2778583,38.0155625],[13.2778685,38.0160935],[13.276357,38.0170027],[13.276071,38.0175981],[13.2766429,38.018813],[13.2768574,38.0200842],[13.2773598,38.0207814],[13.2794166,38.0223813],[13.2807866,38.0228653],[13.2822203,38.0231848],[13.2820201,38.0235345],[13.281253,38.0238937],[13.2808811,38.0241647],[13.280586,38.0242429],[13.2801971,38.0247341],[13.2799436,38.0249158],[13.278898,38.0248065],[13.2782918,38.024967],[13.2778841,38.0249607],[13.2775006,38.0251382],[13.2765296,38.0253748],[13.2757652,38.0253789],[13.2756409,38.0253108],[13.2749349,38.0259882],[13.2732583,38.0271988],[13.273437,38.0274306],[13.2734585,38.0279039],[13.2732493,38.028542],[13.2733029,38.0289941],[13.273407,38.0293084],[13.2739314,38.0301643],[13.2738447,38.0304603],[13.2733136,38.0313392],[13.2727665,38.0335829],[13.2718009,38.034542],[13.2713923,38.0350946],[13.2707816,38.0363081],[13.2706904,38.0391938],[13.27039,38.0417922],[13.2701835,38.0423414],[13.2699341,38.0426033],[13.2699555,38.0427596],[13.2694861,38.0433131],[13.2696314,38.0438399],[13.2700118,38.0444918],[13.2702693,38.0453916],[13.2701548,38.0477336],[13.2702506,38.0477806],[13.2705456,38.0484206],[13.2710471,38.0491107],[13.2716948,38.0493535],[13.2715141,38.0495638],[13.2711303,38.0498062],[13.2710096,38.0504001],[13.271071,38.0511194],[13.2714783,38.0510425],[13.2724888,38.051126],[13.2728507,38.0508671],[13.2732014,38.0508309],[13.2734882,38.0509673],[13.2737999,38.0509813],[13.2742787,38.0511817],[13.2748522,38.051293],[13.2757096,38.0508838],[13.2760158,38.0508532],[13.2767841,38.0513933],[13.2772435,38.0515074],[13.2780536,38.0514712],[13.2795345,38.0516856],[13.2799298,38.0515658],[13.2804031,38.0511427],[13.2812215,38.0510341],[13.2826858,38.0500292],[13.2830588,38.0498594],[13.2834931,38.0499123],[13.2837436,38.0501127],[13.2841333,38.050714],[13.2847381,38.0510161],[13.2848383,38.0512749],[13.2846602,38.0520544],[13.2845015,38.0523467],[13.2845822,38.052678],[13.2844876,38.0529035],[13.2845627,38.0532319],[13.2847882,38.0535159],[13.2857375,38.0537859],[13.2866713,38.0537807],[13.2874151,38.0543287],[13.2879283,38.0545114],[13.288459,38.0545288],[13.2894001,38.0540044],[13.2896889,38.0540323],[13.2897133,38.0548013],[13.2899534,38.055024],[13.2904162,38.0551562],[13.2908894,38.0555077],[13.2913557,38.0557165],[13.2917872,38.0560679],[13.2927128,38.056228],[13.2934331,38.0565203],[13.2940107,38.0569239],[13.2945557,38.0571677],[13.2950047,38.0571369],[13.2971842,38.057766],[13.2973304,38.0582428],[13.2973294,38.0586831],[13.2986979,38.0606299],[13.2990876,38.0614511],[13.29946,38.0616285],[13.2999402,38.061545],[13.3006814,38.0616981],[13.3006988,38.0618652],[13.3005108,38.0622062],[13.3003195,38.0623662],[13.3002433,38.0626073],[13.3006396,38.0633127],[13.30065,38.0641618],[13.3007509,38.0646837],[13.3009389,38.0651013],[13.3009215,38.0654458],[13.3007335,38.065665],[13.2999924,38.0657972],[13.2998323,38.0659364],[13.2997871,38.066267],[13.2998617,38.066538],[13.3001126,38.0668183],[13.300323,38.0669139],[13.301796,38.0668056],[13.3024677,38.066436],[13.3029048,38.0660091],[13.3031071,38.0659199],[13.3032701,38.0659451],[13.3034616,38.065618],[13.30369,38.065561],[13.3040832,38.0655995],[13.3054957,38.0643314],[13.3058489,38.0638739],[13.3060843,38.0633013],[13.306062,38.0627261],[13.3066602,38.0621589],[13.3068319,38.061881],[13.3069298,38.0614643],[13.307433,38.0615705],[13.3078314,38.062361],[13.307855,38.0625794],[13.3076352,38.0632088],[13.3080697,38.0632806],[13.3085326,38.0627566],[13.3086846,38.0625123],[13.3087099,38.0623072],[13.309306,38.0618674],[13.309856,38.0611382],[13.310206,38.0604839],[13.3104465,38.0605252],[13.3106298,38.0607126],[13.311005,38.0605085],[13.311887,38.0606545],[13.3124116,38.0608732],[13.3131608,38.0601053],[13.3141894,38.0607351],[13.3146798,38.0604727],[13.3149227,38.0601615],[13.3152751,38.0602777],[13.3154465,38.0602177],[13.3155179,38.0598728],[13.3154322,38.0597266],[13.3155597,38.0595717],[13.3149513,38.0592241],[13.3152607,38.0589771],[13.3159834,38.0580589],[13.3163625,38.0581643],[13.3166031,38.0583436],[13.3168036,38.0578879],[13.3167283,38.0577194],[13.3169496,38.05742],[13.3171822,38.0574473],[13.3171536,38.0572955],[13.3176599,38.0568178],[13.318187,38.0573272],[13.3192512,38.0579463],[13.3201347,38.059032],[13.3207065,38.0593725],[13.3213497,38.0601092],[13.3226502,38.0611762],[13.3226288,38.0616248],[13.3227023,38.0618961],[13.3230444,38.0624777],[13.3230845,38.0626189],[13.3229988,38.0629265],[13.3231273,38.0632745],[13.3239533,38.0637203],[13.3252186,38.0653603],[13.3253096,38.0659162],[13.32513,38.0659474],[13.3248262,38.0662401],[13.3244072,38.066844],[13.324251,38.0667576],[13.3233806,38.0677264],[13.3232644,38.0680292],[13.3220751,38.069409],[13.3212565,38.069686],[13.3207194,38.069772],[13.3206239,38.0698531],[13.3206251,38.0700199],[13.3199984,38.0700647],[13.3195001,38.0703426],[13.3195303,38.0709161],[13.3190933,38.0711438],[13.3179948,38.0711563],[13.3179267,38.0708813],[13.3175828,38.0702919],[13.3173481,38.0701192],[13.3152238,38.0702759],[13.3154969,38.0704661],[13.3158802,38.0704692],[13.3159661,38.0707252],[13.3158624,38.0710642],[13.3155376,38.0713572],[13.3155643,38.0714581],[13.315303,38.0718277],[13.3153196,38.0722851],[13.3147197,38.0739751],[13.3146181,38.0741387],[13.3138695,38.0745663],[13.3143938,38.0750739],[13.3145118,38.0757618],[13.3149653,38.0765928],[13.3150054,38.0768308],[13.314689,38.0774182],[13.3132544,38.0785434],[13.3128363,38.0782959],[13.3125152,38.0779321],[13.3123119,38.0776212],[13.3121455,38.0771337],[13.3114639,38.0768555],[13.310214,38.0758479],[13.3101781,38.0754939],[13.3097646,38.0752381],[13.3095004,38.0752579],[13.3091688,38.0751539],[13.3081292,38.0745584],[13.3079122,38.0745314],[13.3063251,38.0747734],[13.3056188,38.0747028],[13.3044615,38.0747418],[13.3038508,38.0746063],[13.303444,38.0746215],[13.3030195,38.0748512],[13.3036776,38.0753155],[13.3037471,38.0754589],[13.3034216,38.075725],[13.3031878,38.076134],[13.3026021,38.076794],[13.3021609,38.0776307],[13.3033196,38.0781855],[13.3036296,38.0784876],[13.3037883,38.0787607],[13.3036842,38.0794774],[13.3045291,38.0796661],[13.3051927,38.0800983],[13.3048525,38.0803535],[13.3044229,38.0808349],[13.304724,38.080883],[13.3044825,38.0812607],[13.3041469,38.0811274],[13.3040152,38.0813742],[13.3042645,38.0814285],[13.3041281,38.0816926],[13.3039661,38.0817863],[13.3037605,38.0816501],[13.3036609,38.0817938],[13.3036098,38.0820294],[13.3038694,38.0821629],[13.3034868,38.0827812],[13.3035778,38.0828293],[13.3034712,38.0828688],[13.3033363,38.0831539],[13.3032712,38.0841104],[13.303384,38.0842483],[13.3027624,38.0841215],[13.3024222,38.0845176],[13.3026011,38.0845857],[13.3022309,38.0848381],[13.3021653,38.0850753],[13.3018593,38.0850138],[13.3018373,38.0851495],[13.3019455,38.0854543],[13.3025508,38.0855309],[13.3032485,38.0859233],[13.3029961,38.0860245],[13.3027891,38.0863404],[13.3028471,38.0869698],[13.3030039,38.0875178],[13.3029929,38.0879657],[13.3030864,38.0881405],[13.3028412,38.0881561],[13.3022465,38.0887813],[13.302172,38.0891714],[13.3026946,38.0897238],[13.3040245,38.0905783],[13.3030243,38.0910916],[13.3026511,38.0908053],[13.3023668,38.0911015],[13.3044276,38.0927984],[13.3043736,38.0929028],[13.304546,38.0931395],[13.3043499,38.0931925],[13.3033498,38.0925945],[13.3033379,38.0927797],[13.3031135,38.0926776],[13.3031638,38.0929372],[13.3034668,38.0933669],[13.3034448,38.0935662],[13.3033449,38.093517],[13.3033761,38.0936325],[13.3039131,38.0942566],[13.30386,38.0946006],[13.3039724,38.0946252],[13.3040318,38.0947849],[13.3041723,38.0948512],[13.3039943,38.0952665],[13.3040692,38.0956964],[13.3044314,38.0958021],[13.3048654,38.0963525],[13.3049715,38.0963721],[13.3051182,38.096667],[13.3051058,38.0969028],[13.3048216,38.0976153],[13.3046905,38.0975932],[13.3044782,38.0979913],[13.3042565,38.0987308],[13.3040449,38.0988152],[13.3037936,38.0987772],[13.3035607,38.0988946],[13.3030426,38.0999075],[13.3029173,38.0996855],[13.3025601,38.0995475],[13.3021193,38.0991559],[13.3009214,38.0987523],[13.2982309,38.1000772],[13.2983036,38.1003542],[13.2981226,38.1004686],[13.2977033,38.1004285],[13.2971788,38.1004973],[13.2966543,38.1006987],[13.2961142,38.1007503],[13.2955928,38.1006594],[13.2950745,38.1006914],[13.2949496,38.1007946],[13.2946593,38.1007626],[13.2931082,38.1029656],[13.2927848,38.1029017],[13.2911861,38.1042538],[13.2918686,38.1086182],[13.2905645,38.1087212],[13.2893191,38.1082643],[13.2882034,38.1080698],[13.2862954,38.1084954],[13.2859245,38.1084236],[13.2850634,38.1080508],[13.2841377,38.1078468],[13.2834537,38.1071317],[13.2827305,38.106634],[13.2817343,38.1063104],[13.2810548,38.1059344],[13.2797312,38.1057352],[13.2791736,38.10575],[13.2784362,38.1059171],[13.2759717,38.1059473],[13.2747524,38.1056244],[13.2732923,38.1055455],[13.2725055,38.1050523],[13.270979,38.1046183],[13.2702589,38.1044894],[13.2688882,38.1043976],[13.2676765,38.1041103],[13.2670532,38.1042588],[13.2663421,38.1041843],[13.2654722,38.10448],[13.2644032,38.1043772],[13.2635473,38.1045509],[13.2631982,38.1048036],[13.2624371,38.1051168],[13.2620182,38.1055371],[13.2614841,38.1055893],[13.2612781,38.1056881],[13.2609813,38.1059931],[13.2608382,38.1056909],[13.2608766,38.105581],[13.2612571,38.1053722],[13.2613165,38.1050618],[13.2606497,38.1047541],[13.2596547,38.1047047],[13.2593414,38.1047561],[13.2588856,38.1045987],[13.2573495,38.1044537],[13.2567243,38.1042347],[13.2552497,38.1038991],[13.2533306,38.103009],[13.252681,38.1029819],[13.2516356,38.1027957],[13.2505767,38.1028042],[13.2499793,38.1024287],[13.2489214,38.1020079],[13.2482961,38.1019425],[13.2475336,38.1021103],[13.2470854,38.1018486],[13.2465614,38.1019794],[13.2463999,38.1015939],[13.2462734,38.1014769],[13.2464411,38.1010986],[13.2461819,38.1009072],[13.2459144,38.1008361],[13.244111,38.1007878],[13.2435038,38.1005062],[13.2422813,38.1004449],[13.2409616,38.1007577],[13.2402742,38.101528],[13.2396465,38.101667],[13.2395741,38.1017979],[13.2393629,38.1017472],[13.2390021,38.1018257],[13.2370594,38.1016697],[13.2361436,38.1013462],[13.2353872,38.1014179],[13.2342875,38.1018738],[13.2337511,38.1023171],[13.2333702,38.1019477],[13.232706,38.1018615],[13.2322983,38.1017233],[13.2321149,38.1015509],[13.2315463,38.1014981],[13.2313478,38.1013926],[13.230916,38.1009367],[13.2302535,38.1008227],[13.2299768,38.1008448],[13.2289932,38.1012326],[13.228667,38.1012643],[13.2282043,38.101195],[13.2278648,38.1009456],[13.2274908,38.1008649],[13.2266829,38.1010361],[13.226225,38.1010462],[13.225119,38.100868],[13.2214051,38.1010112],[13.2186556,38.1007341],[13.217121,38.1003258],[13.2150672,38.1000885],[13.2140339,38.1001223],[13.213112,38.1003163],[13.2124213,38.1003518],[13.2120252,38.1005905],[13.2113868,38.1006644],[13.2110404,38.1007995],[13.2099887,38.1008505],[13.2093267,38.1010079],[13.2082682,38.1009883],[13.2067938,38.1008394],[13.2032999,38.0997698],[13.2016152,38.0996869],[13.1984181,38.1000409],[13.1974361,38.1002782],[13.1969152,38.1003121],[13.1958814,38.1001916],[13.1949721,38.0998526],[13.1944552,38.0993404],[13.1937947,38.0989939],[13.1935649,38.0985118],[13.1932012,38.0980598],[13.1928566,38.0978865],[13.1914686,38.0977886],[13.1903798,38.0972567],[13.1898755,38.0963901],[13.1895,38.0961157],[13.1898041,38.0955447],[13.1906397,38.0958984],[13.1914274,38.0959739],[13.1926811,38.0934982],[13.1925007,38.0930839],[13.1925003,38.0917782],[13.1922573,38.0910326],[13.1921774,38.0904293],[13.191293,38.0902992],[13.1916618,38.0895887],[13.1917155,38.0891918],[13.1925206,38.0877747],[13.1941697,38.0876038],[13.1939685,38.0869794],[13.1942122,38.0867946],[13.1946337,38.086743],[13.1964308,38.0861645],[13.1970642,38.085816],[13.1973696,38.0857634],[13.1977075,38.0858352],[13.19799,38.0856508],[13.198995,38.0859028],[13.1999314,38.086016],[13.2008377,38.0863039],[13.2020886,38.0869104],[13.2024577,38.0872708],[13.2034237,38.0878745],[13.2040322,38.0880856],[13.20492,38.0877859],[13.2055661,38.0881148],[13.2061779,38.0880519],[13.2073152,38.088339],[13.2076535,38.0886139],[13.2081091,38.0886641],[13.2103515,38.0885501],[13.2109035,38.0886711],[13.212052,38.0884023],[13.2125241,38.0884361],[13.2129371,38.0883136],[13.2133073,38.088377],[13.2140178,38.0883252],[13.214909,38.0880235],[13.2152492,38.0880223],[13.2166832,38.0884111],[13.2170784,38.0887232],[13.217985,38.0884825],[13.2192469,38.0877676],[13.2190406,38.0870702],[13.2192886,38.0866163],[13.2213415,38.0861232],[13.2221493,38.0857056],[13.2230259,38.0845202],[13.2241658,38.0840165],[13.2247258,38.083009],[13.2282951,38.0830141],[13.2284428,38.0822453],[13.2253058,38.0776569],[13.2235059,38.0767753],[13.222746,38.0749964],[13.2230656,38.073822],[13.222346,38.0709032],[13.2214661,38.0704152],[13.2188063,38.067471],[13.2168865,38.0658966],[13.2162265,38.0657706],[13.2158266,38.0653298],[13.2137667,38.0625744],[13.2130468,38.0608581],[13.2124269,38.0601338],[13.211407,38.0594567],[13.2109296,38.0580919],[13.2098471,38.0584332],[13.2065663,38.0583915],[13.2044544,38.0573031],[13.2043009,38.0566682],[13.2027394,38.0565271],[13.2001028,38.0559829],[13.1993378,38.0554924],[13.200187,38.0550488],[13.2007737,38.0543484],[13.2007609,38.0541143],[13.2003348,38.0528957],[13.1999606,38.052144],[13.1990066,38.0509559],[13.1984064,38.0498112],[13.1973643,38.049232],[13.1972363,38.0488548],[13.1975037,38.0487606],[13.1976868,38.0485707],[13.1979355,38.0478281],[13.1977861,38.0469452],[13.1978639,38.0462905],[13.1980302,38.0460593],[13.198563,38.0456727],[13.1989945,38.0442531],[13.1995349,38.0432214],[13.1994766,38.0421828],[13.199062,38.0417457],[13.1991479,38.0416379],[13.1995445,38.0416521],[13.1995966,38.0413688],[13.1994996,38.0408942],[13.1995954,38.040764],[13.199768,38.0407368],[13.1998297,38.0403945],[13.1997649,38.0400716],[13.1995448,38.0398032],[13.1990187,38.0395347],[13.1991958,38.038918],[13.1991287,38.038539],[13.1985292,38.0373041],[13.1971577,38.0376855],[13.1941104,38.0383266],[13.1939031,38.0404579],[13.1930828,38.0415519],[13.1924713,38.0421283],[13.1917631,38.04268],[13.1901801,38.0434867],[13.1888585,38.0437116],[13.1879357,38.0437552],[13.187436,38.043896],[13.1861719,38.0448231],[13.1855866,38.0450537],[13.1842135,38.044314],[13.183228,38.0440117],[13.1821913,38.0435065],[13.181259,38.0433252],[13.1797979,38.0415623],[13.176834,38.0410044],[13.1765726,38.0404232],[13.175588,38.0397958],[13.1745247,38.0385785],[13.1741564,38.0379501],[13.1736337,38.036584],[13.1735715,38.0356162],[13.1736151,38.0350909],[13.1751662,38.0347694],[13.1763298,38.0343949],[13.1775079,38.0337332],[13.1777435,38.0334653],[13.1787043,38.0322028],[13.1785739,38.0317302],[13.178978,38.0307536],[13.1791397,38.0300116],[13.1791654,38.0292957],[13.1790184,38.028615],[13.177348,38.0251232],[13.1763307,38.024219],[13.1761441,38.023675],[13.1757802,38.0231824],[13.174679,38.0223517],[13.1738111,38.0215798],[13.1735498,38.021146],[13.1734005,38.0206976],[13.1732791,38.0197565],[13.1730085,38.0193007],[13.1731834,38.0184245],[13.1740432,38.0177076],[13.1740208,38.0172994],[13.1734492,38.0168532],[13.1718184,38.0161311],[13.1697143,38.0155364],[13.169229,38.0152276],[13.1682771,38.0150144],[13.1672786,38.014338],[13.1668638,38.0141846],[13.1652348,38.0141248],[13.1644416,38.0141836],[13.1636764,38.0143968],[13.1629764,38.0144189],[13.1620246,38.0142718],[13.16125,38.0144483],[13.160942,38.0146615],[13.1604381,38.014713],[13.1595982,38.0145292],[13.1590289,38.0146395],[13.158441,38.0144262],[13.1578858,38.0143628],[13.1570993,38.0170616],[13.1567543,38.0178259],[13.156164,38.0183229],[13.1559867,38.0188596],[13.1563183,38.0200918],[13.1560613,38.0202638],[13.1544655,38.0198962],[13.1531684,38.0193448],[13.1517506,38.0191122],[13.1513579,38.0192787],[13.1512297,38.019751],[13.1500751,38.0202633],[13.1495195,38.0201168],[13.1488745,38.0202289],[13.1482539,38.0200753],[13.1477711,38.020175],[13.1473396,38.0201554],[13.1470671,38.0200734],[13.1467002,38.0200967],[13.1465558,38.0199552],[13.145649,38.0199274],[13.144879,38.0200448],[13.1434296,38.0205422],[13.143156,38.0204756],[13.1418678,38.020909],[13.1402575,38.0189278],[13.1385597,38.0198348],[13.1383422,38.0188267],[13.1386185,38.0176434],[13.1386185,38.0168235],[13.1387499,38.0163903],[13.1359951,38.0131499],[13.1368536,38.0126986],[13.1373793,38.0122315],[13.1381001,38.011899],[13.134922,38.0082059],[13.1345013,38.0086347],[13.1343242,38.0086453],[13.1341392,38.0088439],[13.1339005,38.008865],[13.1335786,38.009182],[13.1333613,38.0092391],[13.132893,38.0097676],[13.1324863,38.0100095],[13.1321704,38.0103592],[13.1318025,38.0105354],[13.1316015,38.0109802],[13.1316286,38.0116229],[13.131068,38.0120392],[13.1310105,38.0122409],[13.1307167,38.0124133],[13.1308374,38.0126267],[13.1310225,38.0125844],[13.1310826,38.01268],[13.1309652,38.013263],[13.1298989,38.014184],[13.1297553,38.0149008],[13.1295638,38.0151177],[13.1285822,38.0154761],[13.1272774,38.0150422],[13.1264395,38.015146],[13.1270394,38.0161959],[13.1271359,38.0167411],[13.1276038,38.0170097],[13.1284101,38.0176854],[13.1278674,38.0177863],[13.1269267,38.0182456],[13.1246522,38.019505],[13.1206468,38.0214854],[13.1201103,38.0206312],[13.1184792,38.0188364],[13.1177976,38.018503],[13.1176773,38.0185533],[13.1169749,38.018013],[13.1159916,38.0174913],[13.1157458,38.0173094],[13.1154739,38.0169314],[13.1150354,38.0167897],[13.1137632,38.0170253],[13.1120736,38.0167166],[13.1106919,38.0163614],[13.1089094,38.015693],[13.1068623,38.0146687],[13.1061439,38.0141417],[13.1055301,38.0134158],[13.1047064,38.0131674],[13.1039901,38.0133315],[13.1037632,38.0134703],[13.102788,38.0128198],[13.1023965,38.0127682],[13.101668,38.0124632],[13.0985964,38.0104895],[13.0964205,38.0094021],[13.0955814,38.0085508],[13.0907886,38.0064819],[13.0899252,38.0056965],[13.0879413,38.0034136],[13.0868253,38.0019884],[13.086187,38.0014932],[13.0853327,38.0006575],[13.084606,38.0003557],[13.0845078,38.0004873],[13.0842034,38.0005646],[13.0837616,38.0005337],[13.0827599,38.0002706],[13.0832215,37.9993575],[13.0830742,37.9993033],[13.0831331,37.9991254],[13.0832607,37.9990557],[13.0836143,37.9990712],[13.0842525,37.9994349],[13.0844882,37.999342],[13.0841151,37.9986998],[13.0826725,37.9972661],[13.0817074,37.9966742],[13.0816323,37.996484],[13.0810904,37.9960528],[13.0808169,37.9955582],[13.0807739,37.9951904],[13.0805004,37.9948057],[13.0798762,37.9944018],[13.0801141,37.9937192],[13.0801104,37.9930964],[13.079803,37.9927933],[13.0797879,37.9917075],[13.0800459,37.9908774],[13.0800049,37.9907145],[13.0795459,37.9903975],[13.0775554,37.9899233],[13.0758384,37.9888367],[13.0756402,37.9884599],[13.0750329,37.9879436],[13.0749482,37.9876143],[13.0755544,37.9859485],[13.0759284,37.984569],[13.0758589,37.9833515],[13.0759272,37.9831199],[13.0761847,37.9829211],[13.0757813,37.9826634],[13.0756509,37.9819085],[13.0753624,37.9815101],[13.0741404,37.9801918],[13.0744278,37.9794117],[13.074915,37.9785534],[13.0753354,37.9780643],[13.0742669,37.9775765],[13.0735907,37.977101],[13.074401,37.975181],[13.0746585,37.9736946],[13.0748939,37.9731977],[13.0748087,37.972297],[13.0748892,37.971891],[13.0752018,37.9711219],[13.0755251,37.9710327],[13.0758387,37.9708233],[13.0772007,37.9693186],[13.0780917,37.9689097],[13.0786148,37.9676113],[13.0790171,37.9670679],[13.0788776,37.9669875],[13.0791485,37.9662686],[13.0790117,37.9659599],[13.079111,37.9656469],[13.079422,37.9654092],[13.0796474,37.9651013],[13.0802628,37.9646248],[13.0813506,37.9643908],[13.0819254,37.9632708],[13.0824166,37.9626974],[13.0832322,37.9621814],[13.0849728,37.961356],[13.0836922,37.9593197],[13.0834537,37.9587078],[13.0825675,37.9574284],[13.0806398,37.9565747],[13.0799907,37.9561179],[13.0793631,37.9553523],[13.0792987,37.954887],[13.0794536,37.9545675],[13.0794489,37.9543287],[13.0797332,37.9538634],[13.0796742,37.9535673],[13.0795345,37.9533244],[13.0784033,37.9522978],[13.0776737,37.9511269],[13.0770976,37.9494313],[13.0765779,37.9487414],[13.0753478,37.9479012],[13.0739477,37.9466765],[13.0735049,37.9465966],[13.0729238,37.9469435],[13.0723867,37.9477721],[13.071928,37.9480513],[13.0716953,37.9483073],[13.070552,37.9490222],[13.0702114,37.9494388],[13.0699113,37.9496664],[13.0684143,37.9501072],[13.0675604,37.9505507],[13.0665205,37.9511998],[13.0663705,37.9513762],[13.0660218,37.9512324],[13.0658501,37.9507967],[13.0652821,37.9502783],[13.0647988,37.9501023],[13.0630821,37.9506169],[13.0625646,37.9505378],[13.0620558,37.9510703],[13.0616741,37.9512697],[13.0609245,37.9520178],[13.0607205,37.9521335],[13.0595353,37.9532902],[13.0585338,37.9538],[13.0577552,37.9546882],[13.0565959,37.9554085],[13.0557003,37.9562867],[13.0545498,37.957185],[13.0542528,37.9578442],[13.0540257,37.9581113],[13.0497783,37.956875],[13.0461708,37.9562596],[13.0455646,37.9562786],[13.0445618,37.9569977],[13.0444086,37.9562659],[13.0442939,37.9549579],[13.0445018,37.9539529],[13.0444327,37.9528584],[13.043293,37.9502873],[13.0428277,37.9497226],[13.0424434,37.9486303],[13.041502,37.9475314],[13.0424263,37.9463472],[13.0440599,37.9452191],[13.0442718,37.9443604],[13.0449235,37.9433979],[13.0452561,37.9427084],[13.0453151,37.9423192],[13.046447,37.9408469],[13.0470371,37.9394889],[13.0473509,37.9391652],[13.0464137,37.9385343],[13.0460824,37.9385413],[13.0458273,37.9386453],[13.0454949,37.9385095],[13.0447224,37.9377141],[13.0447198,37.9375892],[13.0450308,37.93709],[13.0450094,37.9369758],[13.0447197,37.9367516],[13.0447237,37.9355875],[13.0450923,37.9353264],[13.0450792,37.9345176],[13.0453661,37.9342828],[13.0454332,37.9341368],[13.0452293,37.9336524],[13.0440545,37.9325333],[13.0440545,37.9318055],[13.0441886,37.9317167],[13.0442584,37.931539],[13.0437814,37.9315403],[13.0436683,37.9314416],[13.0437648,37.9311793],[13.0441403,37.9309551],[13.0442154,37.9308323],[13.0440974,37.9303627],[13.0442905,37.9300073],[13.0442744,37.9298295],[13.0439043,37.9296518],[13.0433142,37.9295503],[13.0423325,37.9290341],[13.0423272,37.9289241],[13.0426007,37.928539],[13.0426758,37.928302],[13.0425042,37.928247],[13.0422854,37.9284357],[13.042177,37.9282217],[13.0426705,37.9277943],[13.0426544,37.9276039],[13.0424881,37.9273331],[13.0420536,37.9268211],[13.0420428,37.9264868],[13.0423218,37.9257082],[13.0422467,37.9256109],[13.0411363,37.9252681],[13.0412489,37.9247984],[13.040523,37.9243924],[13.0405326,37.9240114],[13.0406964,37.9236897],[13.0407178,37.9234104],[13.0403531,37.9225176],[13.0408949,37.9220648],[13.0422072,37.9214544],[13.0428529,37.9210111],[13.0440062,37.919915],[13.0440867,37.91964],[13.0446017,37.9187428],[13.0454546,37.9180784],[13.045755,37.9179387],[13.0469298,37.917706],[13.0476423,37.9174558],[13.048228,37.9175557],[13.0491176,37.9180297],[13.0495062,37.9178557],[13.0524262,37.9191152],[13.0529514,37.9191898],[13.0530039,37.9193473],[13.0568158,37.920078],[13.0601456,37.9218061],[13.0604983,37.92175],[13.061919,37.9218532],[13.063832,37.9227576],[13.0638356,37.9229639],[13.0646607,37.9229788],[13.0698887,37.9225954],[13.0699011,37.9223595],[13.0707299,37.9221825],[13.0732161,37.9240061],[13.0803982,37.9226765],[13.0812842,37.9218701],[13.0818684,37.921824],[13.0826181,37.9225921],[13.0838254,37.9236289],[13.0836696,37.9239284],[13.0834554,37.9240897],[13.0829686,37.9242203],[13.0825986,37.9241588],[13.082326,37.9242279],[13.0817905,37.9246734],[13.081479,37.9251956],[13.0790352,37.9262631],[13.0775377,37.9278023],[13.0778376,37.9291507],[13.0778863,37.9300799],[13.0780129,37.93051],[13.0782271,37.9308632],[13.0783971,37.9315456],[13.0811382,37.9301721],[13.0841175,37.9288435],[13.087564,37.9277146],[13.0892679,37.9275073],[13.089706,37.9275226],[13.0902415,37.9276609],[13.091163,37.9276937],[13.091254,37.9267623],[13.0924321,37.9259438],[13.0935713,37.9252724],[13.093581,37.925019],[13.093951,37.9248577],[13.0952435,37.9236776],[13.0953291,37.9234748],[13.0956256,37.9232372],[13.0954693,37.9228666],[13.0954304,37.9225409],[13.0949397,37.9215394],[13.0948774,37.9211216],[13.0949631,37.9207837],[13.0952357,37.9208328],[13.0955472,37.9207652],[13.0957497,37.9206239],[13.09596,37.9202921],[13.0966564,37.9200103],[13.0970344,37.9197632],[13.0975686,37.9196216],[13.0976757,37.9194989],[13.0992002,37.9198374],[13.0998573,37.919687],[13.1000797,37.9194048],[13.100758,37.919266],[13.1013787,37.9193147],[13.1022685,37.9196414],[13.1022261,37.9181782],[13.1023707,37.9178558],[13.1024454,37.9172384],[13.1023906,37.9166524],[13.1023158,37.9164558],[13.1020167,37.9162159],[13.1017127,37.9156614],[13.1013812,37.9147323],[13.1016553,37.9139162],[13.1016616,37.913228],[13.1018672,37.9127069],[13.1020774,37.9107239],[13.1019007,37.9102261],[13.1018979,37.9096226],[13.1015399,37.9086809],[13.1011499,37.9080886],[13.100886,37.9078921],[13.1006824,37.9075576],[13.0994813,37.9061832],[13.0989771,37.9051171],[13.0987424,37.9037858],[13.0987624,37.9027868],[13.0989468,37.9020079],[13.09875,37.9018245],[13.1012617,37.9018246],[13.1026007,37.9014432],[13.1035185,37.9012892],[13.1048236,37.9018987],[13.1058306,37.9017507],[13.1072465,37.901869],[13.1084879,37.9021526],[13.1087838,37.9021378],[13.1093476,37.9018866],[13.1108645,37.9016937],[13.111134,37.9017584],[13.1115901,37.9023603],[13.1130075,37.9021109],[13.1134,37.9024957],[13.1137509,37.903026],[13.1133167,37.9031867],[13.1120987,37.9039719],[13.1121604,37.9041977],[13.1126349,37.9044831],[13.1126217,37.9047198],[13.1127577,37.9051793],[13.113104,37.9056365],[13.1140575,37.9053137],[13.1142013,37.9056662],[13.1144275,37.9057257],[13.1163879,37.906072],[13.1177895,37.9060584],[13.1183814,37.9062721],[13.1197078,37.9060275],[13.1203332,37.9061355],[13.1234913,37.9059438],[13.1243793,37.9061267],[13.1259852,37.9060924],[13.1290257,37.9050647],[13.1298466,37.9049083],[13.1305587,37.9049017],[13.1312036,37.9047861],[13.1329638,37.9038033],[13.134039,37.9033135],[13.1341347,37.9031058],[13.1340829,37.9027156],[13.1335397,37.9009389],[13.1335211,37.9003243],[13.1338513,37.8997736],[13.1348919,37.8991541],[13.1367759,37.8982827],[13.1360981,37.897165],[13.1365278,37.8964003],[13.1366511,37.8958628],[13.136322,37.8953815],[13.1355786,37.8952608],[13.1350701,37.8950837],[13.1344669,37.8947022],[13.1341379,37.8940295],[13.1333491,37.8932368],[13.1333242,37.8923369],[13.1326761,37.89156],[13.1312735,37.8912266],[13.1308566,37.8909895],[13.1303021,37.8903208],[13.1299718,37.8902372],[13.1295792,37.8903306],[13.128819,37.8903453],[13.1286695,37.8902027],[13.1283704,37.8894405],[13.127831,37.8891187],[13.1278257,37.8886705],[13.1276351,37.8883881],[13.1274233,37.888275],[13.1275354,37.8877292],[13.1281087,37.8868735],[13.1282832,37.8855309],[13.1283829,37.8852211],[13.1286321,37.8849113],[13.1288067,37.8845134],[13.1290807,37.8832785],[13.1293736,37.8831654],[13.1294733,37.8828998],[13.1307881,37.8820687],[13.13262,37.8812277],[13.1326823,37.8813506],[13.1333117,37.8810949],[13.1345828,37.8803817],[13.1350689,37.880008],[13.1359962,37.8792584],[13.1359122,37.8791064],[13.1362815,37.8786462],[13.1364435,37.8783079],[13.1363119,37.8781345],[13.1363522,37.8776338],[13.1350029,37.8771171],[13.1339254,37.8769741],[13.1327876,37.87668],[13.1305823,37.8753844],[13.1302198,37.875297],[13.1296056,37.8753685],[13.1290207,37.8757886],[13.1262222,37.8757103],[13.1243291,37.8753844],[13.1240472,37.8753844],[13.1238436,37.875535],[13.123584,37.874677],[13.1231006,37.8723957],[13.1228489,37.8720778],[13.1221239,37.871418],[13.1213284,37.8709411],[13.1190857,37.868821],[13.1183805,37.8690278],[13.1178408,37.8693203],[13.1177199,37.8692122],[13.1178569,37.868767],[13.1183885,37.868112],[13.1183885,37.8677114],[13.1182758,37.8672662],[13.1168796,37.8647828],[13.1161496,37.8637693],[13.1147776,37.8623781],[13.1145384,37.8632724],[13.1125875,37.8642661],[13.1122476,37.8642363],[13.1113036,37.8647332],[13.1106617,37.8652896],[13.1104351,37.8656772],[13.1101582,37.8658163],[13.1098813,37.8660945],[13.1099442,37.8664025],[13.1095666,37.8669689],[13.1085178,37.867459],[13.1079378,37.8678278],[13.1076317,37.8678596],[13.1073261,37.8681514],[13.1052714,37.8689725],[13.1041517,37.8696593],[13.1041264,37.8698593],[13.1028628,37.8706323],[13.1007361,37.8715543],[13.0992538,37.8719168],[13.0979569,37.8724001],[13.0972721,37.8725082],[13.0970143,37.8727308],[13.0964343,37.872699],[13.0948715,37.8718341],[13.0939935,37.8716434],[13.0917379,37.8747211],[13.0915204,37.8753888],[13.0911982,37.8758657],[13.0907873,37.8769085],[13.0908437,37.8772582],[13.0907793,37.8775507],[13.089869,37.8779068],[13.0888298,37.8779513],[13.088137,37.8778178],[13.0870092,37.8773981],[13.0858814,37.8771628],[13.0849872,37.877112],[13.0840125,37.8775125],[13.0824819,37.8786444],[13.0822805,37.8790704],[13.0817569,37.8796871],[13.0813755,37.8803479],[13.0807556,37.8801067],[13.0804978,37.8797934],[13.0794203,37.8794068],[13.0793481,37.8791504],[13.0787985,37.8788649],[13.0791752,37.8782283],[13.0794185,37.8776065],[13.0795464,37.877066],[13.0795051,37.8767926],[13.0796866,37.8763661],[13.0796701,37.8760535],[13.0798456,37.8758175],[13.0797773,37.8756856],[13.079501,37.8755294],[13.0793896,37.8752299],[13.0787338,37.8750443],[13.078672,37.8747545],[13.0783214,37.8742597],[13.0782224,37.8742434],[13.0780285,37.8745103],[13.0778347,37.8745429],[13.077414,37.8741522],[13.0768324,37.8739569],[13.0767829,37.8737192],[13.076255,37.8738625],[13.075925,37.873615],[13.0754054,37.8734132],[13.0751216,37.8728764],[13.074918,37.8727212],[13.0743944,37.8719073],[13.0746119,37.8713159],[13.074483,37.8705083],[13.0732344,37.8705273],[13.0722516,37.8704256],[13.0712446,37.8704701],[13.0700121,37.8703429],[13.0697382,37.8698469],[13.0687071,37.8689503],[13.0687554,37.8687658],[13.0681512,37.8676084],[13.0670476,37.8659105],[13.0665884,37.8654208],[13.065654,37.864505],[13.0650682,37.8641822],[13.0638785,37.8631604],[13.0629876,37.8621998],[13.0626532,37.8621622],[13.0623475,37.8616794],[13.0610534,37.8602589],[13.0591097,37.8587202],[13.0580528,37.8584149],[13.0567433,37.857841],[13.056006,37.8576171],[13.0552482,37.8577107],[13.0546243,37.8579183],[13.0538974,37.8579794],[13.052129,37.8574706],[13.0505111,37.8571269],[13.0494177,37.8584426],[13.0488328,37.8595947],[13.0473738,37.860926],[13.046536,37.8615429],[13.0468341,37.8632282],[13.0464555,37.8662045],[13.045231,37.8675209],[13.0444012,37.8691176],[13.0442563,37.8699438],[13.0492118,37.8733701],[13.0499275,37.8763918],[13.0504028,37.8764824],[13.0520783,37.877716],[13.0528597,37.8787969],[13.0529967,37.8793692],[13.0527792,37.8804628],[13.052602,37.880768],[13.0524569,37.8818234],[13.0524569,37.8823766],[13.0527631,37.8836419],[13.054052,37.887145],[13.0545111,37.8892812],[13.0550428,37.890184],[13.0555825,37.8915762],[13.0565278,37.8927841],[13.056227,37.8936995],[13.0555503,37.8948565],[13.0555584,37.895238],[13.055655,37.8953842],[13.0555825,37.8961661],[13.055357,37.8968145],[13.055067,37.8973103],[13.0550025,37.899033],[13.055075,37.899389],[13.0554939,37.9000246],[13.056654,37.9007493],[13.0578027,37.9016963],[13.0579348,37.9020969],[13.0580193,37.9045677],[13.0568715,37.9043406],[13.0537861,37.9040673],[13.0522878,37.9038385],[13.0504753,37.903991],[13.0496536,37.9039529],[13.0483244,37.9036669],[13.0459157,37.9035334],[13.044796,37.9036478],[13.0434346,37.9040482],[13.0424599,37.9040038],[13.041461,37.9039021],[13.0386254,37.9031329],[13.0364202,37.9031466],[13.0351373,37.9028596],[13.0333328,37.903063],[13.0322453,37.9033363],[13.0303877,37.9042709],[13.0301925,37.9045897],[13.0294532,37.9052456],[13.0290976,37.9057087],[13.0295051,37.9059036],[13.0289992,37.906673],[13.0279344,37.9061984],[13.0268473,37.9051907],[13.0263693,37.9052061],[13.0254422,37.9043401],[13.0245341,37.9031093],[13.0235564,37.9025514],[13.0220711,37.9015424],[13.0213362,37.901682],[13.0207007,37.9014473],[13.0199149,37.9013748],[13.0191463,37.9011836],[13.0167665,37.9003064],[13.0162359,37.9013502],[13.0161342,37.9017265],[13.0161522,37.9028219],[13.0149142,37.9028777],[13.0139155,37.902672],[13.0132862,37.9026635],[13.0123947,37.9033919],[13.0104874,37.9044695],[13.0102158,37.9048778],[13.0098793,37.9058346],[13.0078466,37.9047105],[13.0070269,37.9036778],[13.0061817,37.9037942],[13.0045166,37.9045651],[13.0027646,37.9030239],[13.0018365,37.9026641],[13.0002755,37.9024609],[12.9995996,37.9021604],[12.9994494,37.9024948],[12.9994547,37.9027276],[12.9997244,37.9030928],[13.0006027,37.9036122],[13.0006671,37.90379],[13.0006134,37.9044376],[13.0005223,37.9047635],[13.0002272,37.9051656],[13.0000448,37.9052122],[12.999841,37.9051275],[12.9998624,37.9049413],[13.000195,37.9046746],[13.0001789,37.9045815],[12.9997981,37.904518],[12.9994333,37.9041921],[12.9991597,37.9041498],[12.9990578,37.9043741],[12.9997712,37.9054788],[12.9997712,37.9055847],[12.9996961,37.9056735],[12.9994923,37.9056947],[12.9993421,37.905627],[12.9991275,37.9053053],[12.9989076,37.9053476],[12.9988539,37.9054619],[12.9989719,37.9057751],[12.9995567,37.9064439],[12.9994601,37.9068417],[12.9999161,37.9077137],[13.0006188,37.908175],[13.000195,37.908484],[12.9984999,37.9088564],[12.9979902,37.9090892],[12.9976147,37.9094447],[12.9970568,37.910215],[12.995081,37.9119886],[12.9951166,37.9096509],[12.994982,37.9089523],[12.9949756,37.9084716],[12.9951166,37.9073948],[12.9962703,37.9047668],[12.9973331,37.9025773],[12.9976228,37.9023127],[12.9975504,37.9021053],[12.9980651,37.9010048],[12.99827,37.9003053],[12.9974377,37.9001963],[12.9966813,37.8998915],[12.9963058,37.8996629],[12.9964721,37.899519],[12.9966009,37.8992396],[12.9965526,37.8991465],[12.9960966,37.8990661],[12.9958445,37.8992608],[12.9956996,37.8992439],[12.9955441,37.899083],[12.9953241,37.8990407],[12.9952758,37.8988798],[12.9953456,37.8987444],[12.9952383,37.89852],[12.9947019,37.8984692],[12.9937792,37.8978978],[12.9936129,37.8976607],[12.993291,37.8974702],[12.9931354,37.8974829],[12.992776,37.8978343],[12.9927707,37.8979697],[12.992937,37.8980671],[12.9929638,37.8981687],[12.9928619,37.8982406],[12.9923576,37.8982195],[12.9918534,37.898465],[12.9918051,37.898592],[12.9918892,37.8989637],[12.9917297,37.8990111],[12.9905448,37.8990771],[12.9903567,37.8986597],[12.9901475,37.8985539],[12.9892516,37.8988544],[12.9891119,37.8991508],[12.9888759,37.8993794],[12.9882709,37.8994741],[12.988109,37.899337],[12.9879963,37.8987528],[12.9873472,37.89852],[12.9871219,37.8985285],[12.9869556,37.8986893],[12.9869503,37.8987994],[12.9871166,37.8989814],[12.9874706,37.8991677],[12.9874438,37.8993963],[12.9873097,37.899464],[12.9870468,37.8994471],[12.9867518,37.8993201],[12.9865479,37.8990915],[12.9862851,37.8990618],[12.9859847,37.8992523],[12.986022,37.8997138],[12.985566,37.8997646],[12.9849759,37.9000143],[12.9846862,37.9002302],[12.9855491,37.9011616],[12.9854022,37.9014885],[12.9848313,37.9015424],[12.9846872,37.9018302],[12.9841769,37.9020503],[12.9835439,37.9018641],[12.983501,37.9017625],[12.9837424,37.9014492],[12.9836297,37.9008736],[12.9837582,37.9001413],[12.9835705,37.9000736],[12.982916,37.9001625],[12.9829302,37.9011138],[12.9825405,37.9014027],[12.9823045,37.9014493],[12.9820041,37.9013604],[12.981709,37.9014239],[12.9811994,37.9016186],[12.9808883,37.9019488],[12.9805503,37.9020165],[12.9803572,37.9019022],[12.9803679,37.901572],[12.9798261,37.9012122],[12.9797671,37.9009921],[12.9799441,37.9008101],[12.9794023,37.9005604],[12.9791502,37.9001625],[12.9787908,37.9000185],[12.9772941,37.9001667],[12.9771134,37.9000531],[12.9771066,37.8999127],[12.9780132,37.8992227],[12.9780883,37.8990364],[12.9780033,37.8988862],[12.9774352,37.898806],[12.9770476,37.8988417],[12.9767954,37.8989603],[12.9766935,37.8992015],[12.976715,37.8994936],[12.9765019,37.8996416],[12.976071,37.8994767],[12.975615,37.899536],[12.9752118,37.8994091],[12.975685,37.8992185],[12.9758567,37.8989095],[12.9758942,37.8986639],[12.9743063,37.8983041],[12.9739898,37.8983507],[12.9735662,37.8994197],[12.9727182,37.8992905],[12.9724232,37.8991042],[12.9721657,37.8985624],[12.9711411,37.8983253],[12.970948,37.8983296],[12.9704706,37.8988418],[12.9701701,37.898918],[12.9697034,37.898664],[12.9694459,37.8987275],[12.9693708,37.8989561],[12.9694352,37.8992397],[12.9691402,37.8993497],[12.968888,37.8993201],[12.9683409,37.8990153],[12.9679332,37.8992016],[12.9673055,37.8992608],[12.9669195,37.8990745],[12.9657501,37.8987486],[12.9657018,37.8989984],[12.9662114,37.8994851],[12.9664097,37.8998662],[12.9663775,37.9004207],[12.9666599,37.9009106],[12.9665062,37.9010514],[12.9662327,37.9010471],[12.9659162,37.9013688],[12.965192,37.9015424],[12.9644195,37.9019699],[12.9638884,37.9021689],[12.9628048,37.9023466],[12.9624293,37.9028503],[12.9623008,37.9029011],[12.9622203,37.9028334],[12.9627407,37.9014619],[12.9627031,37.9013434],[12.9616678,37.9010598],[12.961292,37.9021308],[12.960718,37.9024821],[12.9604498,37.9023763],[12.9601818,37.9020376],[12.9596076,37.9022408],[12.959452,37.901881],[12.9592536,37.9017117],[12.9592696,37.9015805],[12.9597524,37.9015001],[12.9600314,37.9012292],[12.9602192,37.9008863],[12.9600689,37.9007805],[12.9589319,37.9011741],[12.9584169,37.9014916],[12.9579878,37.9013942],[12.957918,37.9012376],[12.9592643,37.9007974],[12.95876,37.9005561],[12.9585294,37.9000651],[12.9578752,37.899646],[12.9578483,37.8995317],[12.9582024,37.8993624],[12.9584918,37.8990957],[12.9587171,37.8985878],[12.9582775,37.8983761],[12.9577357,37.8983931],[12.9575265,37.8982745],[12.9572636,37.8982576],[12.9567218,37.898719],[12.9562658,37.8985751],[12.9558581,37.8986978],[12.9552251,37.8984947],[12.9549945,37.898338],[12.9548765,37.8981391],[12.9549516,37.8978851],[12.955188,37.8978445],[12.9557133,37.8981814],[12.9559708,37.8979993],[12.9558849,37.8978385],[12.9556596,37.89772],[12.9553496,37.8972322],[12.9549677,37.8970766],[12.9546672,37.8970512],[12.9540182,37.8971655],[12.9538894,37.8972628],[12.953898,37.8974565],[12.9536426,37.8978597],[12.9533851,37.8980756],[12.953251,37.898355],[12.9533208,37.8985582],[12.9531974,37.8988121],[12.9525859,37.899354],[12.9519219,37.899468],[12.9516309,37.8988248],[12.9511589,37.8986724],[12.9506224,37.8987063],[12.9504615,37.8990661],[12.9508263,37.899845],[12.9511382,37.8999947],[12.9512662,37.9001286],[12.9512716,37.9003022],[12.950939,37.9004037],[12.9502041,37.9003783],[12.9495764,37.900226],[12.9494208,37.9002937],[12.9495657,37.900954],[12.9493296,37.9012546],[12.9488308,37.9012969],[12.9484982,37.9011233],[12.9476345,37.9001963],[12.9473555,37.900226],[12.9471624,37.900827],[12.9469016,37.9011447],[12.9466743,37.9012292],[12.9460413,37.9009456],[12.9458803,37.9010429],[12.9458052,37.9011741],[12.9459501,37.9017286],[12.9461947,37.9020789],[12.9460681,37.9024482],[12.9458696,37.9025287],[12.9454565,37.902317],[12.9449576,37.9022662],[12.944668,37.9021477],[12.9443622,37.9022027],[12.9440189,37.9025837],[12.9437399,37.9027318],[12.9436487,37.9029816],[12.9436219,37.9043276],[12.9434771,37.9043784],[12.9431337,37.9037731],[12.9428709,37.9036038],[12.942667,37.9036546],[12.9424743,37.9039055],[12.941621,37.9041498],[12.9414922,37.9042514],[12.941871,37.904589],[12.941857,37.9048143],[12.9412723,37.9052334],[12.9413259,37.9053985],[12.9415706,37.9055963],[12.9414901,37.9058175]]]},"properties":{"type":"boundary","gemeente":"Monreale"}}]}