{"type":"FeatureCollection","metadata":{"gemeente":"Monza","slug":"monza","generated_at":"2026-09-26T14:27:37.687256Z","total_points":197,"providers":["PosteItaliane","DPD","InPost","GLS","DHL","Amazon","FedEx"],"bounds":[9.241689,45.56179511,9.31179,45.6011296]},"features":[{"type":"Feature","geometry":{"type":"Point","coordinates":[9.24346096,45.57086221]},"properties":{"type":"pakketpunt","locatieNaam":"Tabaccheria N. 89","straatNaam":"Via San Fruttuoso","straatNr":"13","vervoerder":"PosteItaliane","puntType":"servicepunt","bezettingsgraad":50,"latitude":45.57086221,"longitude":9.24346096,"canPickup":true,"canDropoff":true,"openingstijden":{"za":"08:00 - 13:00, 15:00 - 19:30","zo":"gesloten","ma":"08:00 - 13:00, 15:00 - 19:30","di":"08:00 - 13:00, 15:00 - 19:30","wo":"08:00 - 13:00, 15:00 - 19:30","do":"08:00 - 13:00, 15:00 - 19:30","vr":"08:00 - 13:00, 15:00 - 19:30"}}},{"type":"Feature","geometry":{"type":"Point","coordinates":[9.26905094,45.58878073]},"properties":{"type":"pakketpunt","locatieNaam":"Monza 3","straatNaam":"Via Alessandro Volta","straatNr":"21","vervoerder":"PosteItaliane","puntType":"postkantoor","bezettingsgraad":50,"latitude":45.58878073,"longitude":9.26905094,"canPickup":true,"canDropoff":true,"openingstijden":{"za":"08:20 - 12:35","zo":"gesloten","ma":"08:20 - 13:35","di":"08:20 - 13:35","wo":"08:20 - 13:35","do":"08:20 - 13:35","vr":"08:20 - 13:35"}}},{"type":"Feature","geometry":{"type":"Point","coordinates":[9.24908061,45.57844523]},"properties":{"type":"pakketpunt","locatieNaam":"Monza 7","straatNaam":"Viale Lombardia","straatNr":"111","vervoerder":"PosteItaliane","puntType":"postkantoor","bezettingsgraad":50,"latitude":45.57844523,"longitude":9.24908061,"canPickup":true,"canDropoff":true,"openingstijden":{"za":"08:20 - 12:35","zo":"gesloten","ma":"08:20 - 13:35","di":"08:20 - 13:35","wo":"08:20 - 13:35","do":"08:20 - 13:35","vr":"08:20 - 13:35"}}},{"type":"Feature","geometry":{"type":"Point","coordinates":[9.30128912,45.5927164]},"properties":{"type":"pakketpunt","locatieNaam":"Monza 1","straatNaam":"Via Gerolamo Gaslini","straatNr":"1","vervoerder":"PosteItaliane","puntType":"postkantoor","bezettingsgraad":50,"latitude":45.5927164,"longitude":9.30128912,"canPickup":true,"canDropoff":true,"openingstijden":{"za":"08:20 - 12:35","zo":"gesloten","ma":"08:20 - 13:35","di":"08:20 - 13:35","wo":"08:20 - 13:35","do":"08:20 - 13:35","vr":"08:20 - 13:35"}}},{"type":"Feature","geometry":{"type":"Point","coordinates":[9.275052,45.581885]},"properties":{"type":"pakketpunt","locatieNaam":"Monza 2","straatNaam":"Via San Martino","straatNr":"5","vervoerder":"PosteItaliane","puntType":"postkantoor","bezettingsgraad":50,"latitude":45.581885,"longitude":9.275052,"canPickup":true,"canDropoff":true,"openingstijden":{"za":"08:20 - 12:35","zo":"gesloten","ma":"08:20 - 13:35","di":"08:20 - 13:35","wo":"08:20 - 13:35","do":"08:20 - 13:35","vr":"08:20 - 13:35"}}},{"type":"Feature","geometry":{"type":"Point","coordinates":[9.27037766,45.57604899]},"properties":{"type":"pakketpunt","locatieNaam":"Monza","straatNaam":"Corso Milano","straatNr":"56","vervoerder":"PosteItaliane","puntType":"postkantoor","bezettingsgraad":50,"latitude":45.57604899,"longitude":9.27037766,"canPickup":true,"canDropoff":true,"openingstijden":{"za":"08:20 - 12:35","zo":"gesloten","ma":"08:20 - 19:05","di":"08:20 - 19:05","wo":"08:20 - 19:05","do":"08:20 - 19:05","vr":"08:20 - 19:05"}}},{"type":"Feature","geometry":{"type":"Point","coordinates":[9.24168936,45.5687562]},"properties":{"type":"pakketpunt","locatieNaam":"Monza 6","straatNaam":"Via Martiri Di Belfiore","straatNr":"2","vervoerder":"PosteItaliane","puntType":"postkantoor","bezettingsgraad":50,"latitude":45.5687562,"longitude":9.24168936,"canPickup":true,"canDropoff":true,"openingstijden":{"za":"08:20 - 12:35","zo":"gesloten","ma":"08:20 - 13:35","di":"08:20 - 13:35","wo":"08:20 - 13:35","do":"08:20 - 13:35","vr":"08:20 - 13:35"}}},{"type":"Feature","geometry":{"type":"Point","coordinates":[9.29078919,45.58106902]},"properties":{"type":"pakketpunt","locatieNaam":"Monza 5","straatNaam":"Via Carlo Rota","straatNr":"60","vervoerder":"PosteItaliane","puntType":"postkantoor","bezettingsgraad":50,"latitude":45.58106902,"longitude":9.29078919,"canPickup":true,"canDropoff":true,"openingstijden":{"za":"08:20 - 12:35","zo":"gesloten","ma":"08:20 - 19:05","di":"08:20 - 19:05","wo":"08:20 - 19:05","do":"08:20 - 19:05","vr":"08:20 - 19:05"}}},{"type":"Feature","geometry":{"type":"Point","coordinates":[9.26977958,45.56206008]},"properties":{"type":"pakketpunt","locatieNaam":"Monza 4","straatNaam":"Via Monte Santo","straatNr":"40","vervoerder":"PosteItaliane","puntType":"postkantoor","bezettingsgraad":50,"latitude":45.56206008,"longitude":9.26977958,"canPickup":true,"canDropoff":true,"openingstijden":{"za":"08:20 - 12:35","zo":"gesloten","ma":"08:20 - 13:35","di":"08:20 - 13:35","wo":"08:20 - 13:35","do":"08:20 - 13:35","vr":"08:20 - 13:35"}}},{"type":"Feature","geometry":{"type":"Point","coordinates":[9.27037766,45.57604899]},"properties":{"type":"pakketpunt","locatieNaam":"Ufficio Postale Monza","straatNaam":"Corso Milano","straatNr":"56","vervoerder":"PosteItaliane","puntType":"automaat","bezettingsgraad":50,"latitude":45.57604899,"longitude":9.27037766,"canPickup":true,"canDropoff":true,"openingstijden":{"za":"08:20 - 12:35","zo":"gesloten","ma":"08:20 - 19:05","di":"08:20 - 19:05","wo":"08:20 - 19:05","do":"08:20 - 19:05","vr":"08:20 - 19:05"}}},{"type":"Feature","geometry":{"type":"Point","coordinates":[9.29253538,45.56881887]},"properties":{"type":"pakketpunt","locatieNaam":"Stazione Di Servizio Esso","straatNaam":"Viale Delle Industrie","straatNr":"32","vervoerder":"PosteItaliane","puntType":"automaat","bezettingsgraad":50,"latitude":45.56881887,"longitude":9.29253538,"canPickup":true,"canDropoff":true,"openingstijden":{"za":"00:01 - 23:59","zo":"00:01 - 23:59","ma":"00:01 - 23:59","di":"00:01 - 23:59","wo":"00:01 - 23:59","do":"00:01 - 23:59","vr":"00:01 - 23:59"}}},{"type":"Feature","geometry":{"type":"Point","coordinates":[9.29417464,45.56945044]},"properties":{"type":"pakketpunt","locatieNaam":"Stazione Di Servizio Esso","straatNaam":"Viale Delle Industrie","straatNr":"37","vervoerder":"PosteItaliane","puntType":"automaat","bezettingsgraad":50,"latitude":45.56945044,"longitude":9.29417464,"canPickup":true,"canDropoff":true,"openingstijden":{"za":"00:01 - 23:59","zo":"00:01 - 23:59","ma":"00:01 - 23:59","di":"00:01 - 23:59","wo":"00:01 - 23:59","do":"00:01 - 23:59","vr":"00:01 - 23:59"}}},{"type":"Feature","geometry":{"type":"Point","coordinates":[9.25784013,45.56573576]},"properties":{"type":"pakketpunt","locatieNaam":"Autolavaggio Bono Wash","straatNaam":"Viale Campania","straatNr":"15","vervoerder":"PosteItaliane","puntType":"automaat","bezettingsgraad":50,"latitude":45.56573576,"longitude":9.25784013,"canPickup":true,"canDropoff":true,"openingstijden":{"za":"08:00 - 18:30","zo":"08:00 - 12:45","ma":"08:00 - 18:30","di":"08:00 - 18:30","wo":"08:00 - 18:30","do":"08:00 - 18:30","vr":"08:00 - 18:30"}}},{"type":"Feature","geometry":{"type":"Point","coordinates":[9.27761953,45.57772651]},"properties":{"type":"pakketpunt","locatieNaam":"Ironfit","straatNaam":"Via Mentana","straatNr":"17","vervoerder":"PosteItaliane","puntType":"automaat","bezettingsgraad":50,"latitude":45.57772651,"longitude":9.27761953,"canPickup":true,"canDropoff":true,"openingstijden":{"za":"09:00 - 13:00","zo":"gesloten","ma":"09:00 - 20:30","di":"09:00 - 20:30","wo":"09:00 - 20:30","do":"09:00 - 20:30","vr":"09:00 - 20:30"}}},{"type":"Feature","geometry":{"type":"Point","coordinates":[9.27571826,45.58427954]},"properties":{"type":"pakketpunt","locatieNaam":"Benetton - Ucb - 012 - Undercolors","straatNaam":"Via Vittorio Emanuele Ii","straatNr":"2","vervoerder":"PosteItaliane","puntType":"automaat","bezettingsgraad":50,"latitude":45.58427954,"longitude":9.27571826,"canPickup":true,"canDropoff":true,"openingstijden":{"za":"10:00 - 20:00","zo":"10:00 - 20:00","ma":"10:00 - 20:00","di":"10:00 - 20:00","wo":"10:00 - 20:00","do":"10:00 - 20:00","vr":"10:00 - 20:00"}}},{"type":"Feature","geometry":{"type":"Point","coordinates":[9.28679844,45.57724949]},"properties":{"type":"pakketpunt","locatieNaam":"Dottor Ink Monza","straatNaam":"Viale Ugo Foscolo","straatNr":"29/a","vervoerder":"PosteItaliane","puntType":"servicepunt","bezettingsgraad":50,"latitude":45.57724949,"longitude":9.28679844,"canPickup":true,"canDropoff":true,"openingstijden":{"za":"08:30 - 19:00","zo":"01:00 - 13:00","ma":"15:00 - 19:00","di":"08:30 - 12:30, 15:00 - 19:00","wo":"08:30 - 12:30, 15:00 - 19:00","do":"08:30 - 12:30, 15:00 - 19:00","vr":"08:30 - 12:30, 15:00 - 19:00"}}},{"type":"Feature","geometry":{"type":"Point","coordinates":[9.25494454,45.57812138]},"properties":{"type":"pakketpunt","locatieNaam":"Stazione Di Servizio Ip","straatNaam":"Via Felice Cavallotti","straatNr":"110","vervoerder":"PosteItaliane","puntType":"automaat","bezettingsgraad":50,"latitude":45.57812138,"longitude":9.25494454,"canPickup":true,"canDropoff":true,"openingstijden":{"za":"00:01 - 23:59","zo":"00:01 - 23:59","ma":"00:01 - 23:59","di":"00:01 - 23:59","wo":"00:01 - 23:59","do":"00:01 - 23:59","vr":"00:01 - 23:59"}}},{"type":"Feature","geometry":{"type":"Point","coordinates":[9.25993753,45.59344741]},"properties":{"type":"pakketpunt","locatieNaam":"Carrefour Boito Superstore","straatNaam":"Via Arrigo Boito","straatNr":"9","vervoerder":"PosteItaliane","puntType":"servicepunt","bezettingsgraad":50,"latitude":45.59344741,"longitude":9.25993753,"canPickup":true,"canDropoff":true,"openingstijden":{"za":"08:00 - 19:00","zo":"gesloten","ma":"08:00 - 19:00","di":"08:00 - 19:00","wo":"08:00 - 19:00","do":"08:00 - 19:00","vr":"08:00 - 19:00"}}},{"type":"Feature","geometry":{"type":"Point","coordinates":[9.287834,45.573621]},"properties":{"type":"pakketpunt","locatieNaam":"Mercatopoli","straatNaam":"Via Simone Martini","straatNr":"1","vervoerder":"PosteItaliane","puntType":"automaat","bezettingsgraad":50,"latitude":45.573621,"longitude":9.287834,"canPickup":true,"canDropoff":true,"openingstijden":{"za":"09:00 - 21:00","zo":"09:00 - 21:00","ma":"09:00 - 21:00","di":"09:00 - 21:00","wo":"09:00 - 21:00","do":"09:00 - 21:00","vr":"09:00 - 21:00"}}},{"type":"Feature","geometry":{"type":"Point","coordinates":[9.26208874,45.57888445]},"properties":{"type":"pakketpunt","locatieNaam":"Centroedile","straatNaam":"Via Curtatone","straatNr":"5","vervoerder":"PosteItaliane","puntType":"automaat","bezettingsgraad":50,"latitude":45.57888445,"longitude":9.26208874,"canPickup":true,"canDropoff":true,"openingstijden":{"za":"07:00 - 12:00","zo":"gesloten","ma":"06:30 - 12:00","di":"06:30 - 12:00","wo":"06:30 - 12:00","do":"06:30 - 12:00","vr":"06:30 - 12:00"}}},{"type":"Feature","geometry":{"type":"Point","coordinates":[9.29903213,45.59012091]},"properties":{"type":"pakketpunt","locatieNaam":"Stazione Di Servizio Ip","straatNaam":"Viale Liberta'","straatNr":"108","vervoerder":"PosteItaliane","puntType":"automaat","bezettingsgraad":50,"latitude":45.59012091,"longitude":9.29903213,"canPickup":true,"canDropoff":true,"openingstijden":{"za":"00:01 - 23:59","zo":"00:01 - 23:59","ma":"00:01 - 23:59","di":"00:01 - 23:59","wo":"00:01 - 23:59","do":"00:01 - 23:59","vr":"00:01 - 23:59"}}},{"type":"Feature","geometry":{"type":"Point","coordinates":[9.25355051,45.59602036]},"properties":{"type":"pakketpunt","locatieNaam":"Centro Sportivo - Moving Padel","straatNaam":"Via Della Birona","straatNr":"56","vervoerder":"PosteItaliane","puntType":"automaat","bezettingsgraad":50,"latitude":45.59602036,"longitude":9.25355051,"canPickup":true,"canDropoff":true,"openingstijden":{"za":"09:00 - 20:00","zo":"09:00 - 20:00","ma":"08:30 - 22:30","di":"08:30 - 22:30","wo":"08:30 - 22:30","do":"08:30 - 22:30","vr":"08:30 - 22:30"}}},{"type":"Feature","geometry":{"type":"Point","coordinates":[9.25580144,45.57834044]},"properties":{"type":"pakketpunt","locatieNaam":"Quip.ups","straatNaam":"Via Felice Cavallotti","straatNr":"104","vervoerder":"PosteItaliane","puntType":"servicepunt","bezettingsgraad":50,"latitude":45.57834044,"longitude":9.25580144,"canPickup":true,"canDropoff":true,"openingstijden":{"za":"08:20 - 12:45","zo":"gesloten","ma":"08:20 - 12:45, 15:00 - 18:30","di":"08:20 - 12:45, 15:00 - 18:30","wo":"08:20 - 12:45, 15:00 - 18:30","do":"08:20 - 12:45, 15:00 - 18:30","vr":"08:20 - 12:45, 15:00 - 18:30"}}},{"type":"Feature","geometry":{"type":"Point","coordinates":[9.29478637,45.57948352]},"properties":{"type":"pakketpunt","locatieNaam":"Tabaccheria N. 74","straatNaam":"Via Emilio Borsa","straatNr":"65","vervoerder":"PosteItaliane","puntType":"servicepunt","bezettingsgraad":50,"latitude":45.57948352,"longitude":9.29478637,"canPickup":true,"canDropoff":true,"openingstijden":{"za":"07:30 - 19:30","zo":"gesloten","ma":"07:30 - 19:30","di":"07:30 - 19:30","wo":"07:30 - 19:30","do":"07:30 - 19:30","vr":"07:30 - 19:30"}}},{"type":"Feature","geometry":{"type":"Point","coordinates":[9.25864442,45.57906101]},"properties":{"type":"pakketpunt","locatieNaam":"Tabaccheria N. 47","straatNaam":"Via Felice Cavallotti","straatNr":"88","vervoerder":"PosteItaliane","puntType":"servicepunt","bezettingsgraad":50,"latitude":45.57906101,"longitude":9.25864442,"canPickup":true,"canDropoff":true,"openingstijden":{"za":"08:30 - 19:15","zo":"gesloten","ma":"08:15 - 19:15","di":"08:15 - 19:15","wo":"08:15 - 19:15","do":"08:15 - 19:15","vr":"08:15 - 19:15"}}},{"type":"Feature","geometry":{"type":"Point","coordinates":[9.25909116,45.57502375]},"properties":{"type":"pakketpunt","locatieNaam":"Tabaccheria N. 60","straatNaam":"Via Marsala","straatNr":"60","vervoerder":"PosteItaliane","puntType":"servicepunt","bezettingsgraad":50,"latitude":45.57502375,"longitude":9.25909116,"canPickup":true,"canDropoff":true,"openingstijden":{"za":"06:00 - 20:00","zo":"07:00 - 15:00","ma":"06:00 - 20:00","di":"06:00 - 20:00","wo":"06:00 - 20:00","do":"06:00 - 20:00","vr":"06:00 - 20:00"}}},{"type":"Feature","geometry":{"type":"Point","coordinates":[9.31038137,45.57057497]},"properties":{"type":"pakketpunt","locatieNaam":"Tabaccheria N. 19","straatNaam":"Via Marco D'agrate","straatNr":"2","vervoerder":"PosteItaliane","puntType":"servicepunt","bezettingsgraad":50,"latitude":45.57057497,"longitude":9.31038137,"canPickup":true,"canDropoff":true,"openingstijden":{"za":"07:00 - 19:00","zo":"gesloten","ma":"07:00 - 19:00","di":"07:00 - 19:00","wo":"07:00 - 19:00","do":"07:00 - 19:00","vr":"07:00 - 19:00"}}},{"type":"Feature","geometry":{"type":"Point","coordinates":[9.27198825,45.58232982]},"properties":{"type":"pakketpunt","locatieNaam":"Kipoint Via Passerini","straatNaam":"Via Antonio Gambacorti Passerini","straatNr":"13","vervoerder":"PosteItaliane","puntType":"servicepunt","bezettingsgraad":50,"latitude":45.58232982,"longitude":9.27198825,"canPickup":true,"canDropoff":true,"openingstijden":{"za":"gesloten","zo":"gesloten","ma":"09:00 - 13:00, 14:00 - 18:00","di":"09:00 - 13:00, 14:00 - 18:00","wo":"09:00 - 13:00, 14:00 - 18:00","do":"09:00 - 13:00, 14:00 - 18:00","vr":"09:00 - 13:00, 14:00 - 18:00"}}},{"type":"Feature","geometry":{"type":"Point","coordinates":[9.2807102,45.58494493]},"properties":{"type":"pakketpunt","locatieNaam":"Tabaccheria N. 6","straatNaam":"Via Vittorio Emanuele Ii","straatNr":"53/b","vervoerder":"PosteItaliane","puntType":"servicepunt","bezettingsgraad":50,"latitude":45.58494493,"longitude":9.2807102,"canPickup":true,"canDropoff":true,"openingstijden":{"za":"06:00 - 18:30","zo":"gesloten","ma":"06:00 - 18:30","di":"06:00 - 18:30","wo":"06:00 - 18:30","do":"06:00 - 18:30","vr":"06:00 - 18:30"}}},{"type":"Feature","geometry":{"type":"Point","coordinates":[9.2517005,45.5727925]},"properties":{"type":"pakketpunt","locatieNaam":"Tabaccheria N. 67","straatNaam":"Via Romagna","straatNr":"41/b","vervoerder":"PosteItaliane","puntType":"servicepunt","bezettingsgraad":50,"latitude":45.5727925,"longitude":9.2517005,"canPickup":true,"canDropoff":true,"openingstijden":{"za":"07:00 - 19:30","zo":"gesloten","ma":"07:00 - 19:30","di":"07:00 - 19:30","wo":"07:00 - 19:30","do":"07:00 - 19:30","vr":"07:00 - 19:30"}}},{"type":"Feature","geometry":{"type":"Point","coordinates":[9.30382196,45.58923197]},"properties":{"type":"pakketpunt","locatieNaam":"Kiki Bar","straatNaam":"Via Giovanni Bertacchi","straatNr":"6","vervoerder":"PosteItaliane","puntType":"servicepunt","bezettingsgraad":50,"latitude":45.58923197,"longitude":9.30382196,"canPickup":true,"canDropoff":true,"openingstijden":{"za":"06:00 - 19:00","zo":"gesloten","ma":"06:00 - 19:00","di":"06:00 - 19:00","wo":"06:00 - 19:00","do":"06:00 - 19:00","vr":"06:00 - 19:00"}}},{"type":"Feature","geometry":{"type":"Point","coordinates":[9.2418781,45.570597]},"properties":{"type":"pakketpunt","locatieNaam":"Matita E Mouse","straatNaam":"Via Enrico Tazzoli","straatNr":"13","vervoerder":"PosteItaliane","puntType":"servicepunt","bezettingsgraad":50,"latitude":45.570597,"longitude":9.2418781,"canPickup":true,"canDropoff":true,"openingstijden":{"za":"09:00 - 12:30","zo":"gesloten","ma":"09:00 - 12:30, 15:30 - 19:00","di":"09:00 - 12:30, 15:30 - 19:00","wo":"09:00 - 12:30, 15:30 - 19:00","do":"09:00 - 12:30, 15:30 - 19:00","vr":"09:00 - 12:30, 15:30 - 19:00"}}},{"type":"Feature","geometry":{"type":"Point","coordinates":[9.28473971,45.57741662]},"properties":{"type":"pakketpunt","locatieNaam":"Tabaccheria N. 56","straatNaam":"Viale Ugo Foscolo","straatNr":"15","vervoerder":"PosteItaliane","puntType":"servicepunt","bezettingsgraad":50,"latitude":45.57741662,"longitude":9.28473971,"canPickup":true,"canDropoff":true,"openingstijden":{"za":"06:00 - 19:00","zo":"gesloten","ma":"06:00 - 19:00","di":"06:00 - 19:00","wo":"06:00 - 19:00","do":"06:00 - 19:00","vr":"06:00 - 19:00"}}},{"type":"Feature","geometry":{"type":"Point","coordinates":[9.25562686,45.57408056]},"properties":{"type":"pakketpunt","locatieNaam":"Tabaccheria N. 90","straatNaam":"Via Romagna","straatNr":"8","vervoerder":"PosteItaliane","puntType":"servicepunt","bezettingsgraad":50,"latitude":45.57408056,"longitude":9.25562686,"canPickup":true,"canDropoff":true,"openingstijden":{"za":"07:30 - 19:30","zo":"gesloten","ma":"07:30 - 19:30","di":"07:30 - 19:30","wo":"07:30 - 19:30","do":"07:30 - 19:30","vr":"07:30 - 19:30"}}},{"type":"Feature","geometry":{"type":"Point","coordinates":[9.27060112,45.56685982]},"properties":{"type":"pakketpunt","locatieNaam":"Tabaccheria N. 61","straatNaam":"Via Monte Grappa","straatNr":"4","vervoerder":"PosteItaliane","puntType":"servicepunt","bezettingsgraad":50,"latitude":45.56685982,"longitude":9.27060112,"canPickup":true,"canDropoff":true,"openingstijden":{"za":"06:30 - 11:30","zo":"gesloten","ma":"06:30 - 18:00","di":"06:30 - 18:00","wo":"06:30 - 18:00","do":"06:30 - 18:00","vr":"06:30 - 18:00"}}},{"type":"Feature","geometry":{"type":"Point","coordinates":[9.27022341,45.561988]},"properties":{"type":"pakketpunt","locatieNaam":"Tabaccheria N. 72","straatNaam":"Via Monte Santo","straatNr":"42","vervoerder":"PosteItaliane","puntType":"servicepunt","bezettingsgraad":50,"latitude":45.561988,"longitude":9.27022341,"canPickup":true,"canDropoff":true,"openingstijden":{"za":"06:00 - 11:00","zo":"gesloten","ma":"06:00 - 17:30","di":"06:00 - 17:30","wo":"06:00 - 17:30","do":"06:00 - 17:30","vr":"06:00 - 17:30"}}},{"type":"Feature","geometry":{"type":"Point","coordinates":[9.28360037,45.57197005]},"properties":{"type":"pakketpunt","locatieNaam":"Tabaccheria N. 32","straatNaam":"Via Michelangelo Buonarroti","straatNr":"84","vervoerder":"PosteItaliane","puntType":"servicepunt","bezettingsgraad":50,"latitude":45.57197005,"longitude":9.28360037,"canPickup":true,"canDropoff":true,"openingstijden":{"za":"07:30 - 19:30","zo":"gesloten","ma":"06:30 - 19:30","di":"06:30 - 19:30","wo":"06:30 - 19:30","do":"06:30 - 19:30","vr":"06:30 - 19:30"}}},{"type":"Feature","geometry":{"type":"Point","coordinates":[9.30131922,45.5820483]},"properties":{"type":"pakketpunt","locatieNaam":"Tabaccheria N. 71","straatNaam":"Via Amedeo Modigliani","straatNr":"1","vervoerder":"PosteItaliane","puntType":"servicepunt","bezettingsgraad":50,"latitude":45.5820483,"longitude":9.30131922,"canPickup":true,"canDropoff":true,"openingstijden":{"za":"07:00 - 19:30","zo":"gesloten","ma":"07:00 - 19:30","di":"07:00 - 19:30","wo":"07:00 - 19:30","do":"07:00 - 19:30","vr":"07:00 - 19:30"}}},{"type":"Feature","geometry":{"type":"Point","coordinates":[9.25870613,45.56321756]},"properties":{"type":"pakketpunt","locatieNaam":"Tabaccheria N. 17","straatNaam":"Via Gerolamo Borgazzi","straatNr":"127","vervoerder":"PosteItaliane","puntType":"servicepunt","bezettingsgraad":50,"latitude":45.56321756,"longitude":9.25870613,"canPickup":true,"canDropoff":true,"openingstijden":{"za":"07:00 - 14:00, 16:00 - 19:30","zo":"gesloten","ma":"07:00 - 14:00, 16:00 - 19:30","di":"07:00 - 14:00, 16:00 - 19:30","wo":"07:00 - 14:00, 16:00 - 19:30","do":"07:00 - 14:00, 16:00 - 19:30","vr":"07:00 - 14:00, 16:00 - 19:30"}}},{"type":"Feature","geometry":{"type":"Point","coordinates":[9.268791,45.573248]},"properties":{"type":"pakketpunt","locatieNaam":"Lavanderia La Candor","straatNaam":"VIA ORSINI","straatNr":"4","vervoerder":"DPD","puntType":"pickup_point","bezettingsgraad":50,"latitude":45.573248,"longitude":9.268791,"canPickup":true,"canDropoff":true,"openingstijden":{"ma":"08:30 - 12:30, 16:00 - 19:00","di":"08:30 - 12:30, 16:00 - 19:00","wo":"08:30 - 12:30, 16:00 - 19:00","do":"08:30 - 12:30, 16:00 - 19:00","vr":"08:30 - 12:30, 16:00 - 19:00","za":"08:30 - 12:30","zo":"gesloten"}}},{"type":"Feature","geometry":{"type":"Point","coordinates":[9.27073,45.576675]},"properties":{"type":"pakketpunt","locatieNaam":"Spediboss.com","straatNaam":"CORSO MILANO","straatNr":"58","vervoerder":"DPD","puntType":"pickup_point","bezettingsgraad":50,"latitude":45.576675,"longitude":9.27073,"canPickup":true,"canDropoff":true,"openingstijden":{"ma":"09:00 - 12:30, 15:00 - 18:30","di":"09:00 - 12:30, 15:00 - 18:30","wo":"09:00 - 12:30, 15:00 - 18:30","do":"09:00 - 12:30, 15:00 - 18:30","vr":"09:00 - 12:30, 15:00 - 18:30","za":"10:00 - 12:30","zo":"gesloten"}}},{"type":"Feature","geometry":{"type":"Point","coordinates":[9.266307,45.580954]},"properties":{"type":"pakketpunt","locatieNaam":"Libreria Istituti Nuovi","straatNaam":"VIA F. CAVALLOTTI","straatNr":"35","vervoerder":"DPD","puntType":"pickup_point","bezettingsgraad":50,"latitude":45.580954,"longitude":9.266307,"canPickup":true,"canDropoff":true,"openingstijden":{"ma":"15:00 - 19:00","di":"08:30 - 12:30, 15:00 - 19:00","wo":"08:30 - 12:30, 15:00 - 19:00","do":"08:30 - 12:30, 15:00 - 19:00","vr":"08:30 - 12:30, 15:00 - 19:00","za":"08:30 - 12:30, 15:00 - 19:00","zo":"gesloten"}}},{"type":"Feature","geometry":{"type":"Point","coordinates":[9.2560856822,45.5784392453]},"properties":{"type":"pakketpunt","locatieNaam":"Quiposte - Monza","straatNaam":"VIA F.CAVALLOTTI","straatNr":"104","vervoerder":"DPD","puntType":"pickup_point","bezettingsgraad":50,"latitude":45.5784392453,"longitude":9.2560856822,"canPickup":true,"canDropoff":true,"openingstijden":{"ma":"08:30 - 12:45, 15:00 - 18:30","di":"08:30 - 12:45, 15:00 - 18:30","wo":"08:30 - 12:45, 15:00 - 18:30","do":"08:30 - 12:45, 15:00 - 18:30","vr":"08:30 - 12:45, 15:00 - 18:30","za":"08:30 - 12:30","zo":"gesloten"}}},{"type":"Feature","geometry":{"type":"Point","coordinates":[9.2850004,45.5862395]},"properties":{"type":"pakketpunt","locatieNaam":"La Reginetta","straatNaam":"VIA ENRICO DA MONZA","straatNr":"27","vervoerder":"DPD","puntType":"pickup_point","bezettingsgraad":50,"latitude":45.5862395,"longitude":9.2850004,"canPickup":true,"canDropoff":true,"openingstijden":{"ma":"15:00 - 19:00","di":"07:30 - 12:30, 15:00 - 19:00","wo":"07:30 - 12:30, 15:00 - 19:00","do":"07:30 - 12:30, 15:00 - 19:00","vr":"07:30 - 12:30, 15:00 - 19:00","za":"09:00 - 12:30, 15:00 - 19:00","zo":"gesloten"}}},{"type":"Feature","geometry":{"type":"Point","coordinates":[9.265238,45.564918]},"properties":{"type":"pakketpunt","locatieNaam":"Cartolibreria D'Annunzio","straatNaam":"VIA GABRIELE D'ANNUNZIO","straatNr":"17","vervoerder":"DPD","puntType":"pickup_point","bezettingsgraad":50,"latitude":45.564918,"longitude":9.265238,"canPickup":true,"canDropoff":true,"openingstijden":{"ma":"08:30 - 12:00, 15:30 - 19:00","di":"08:30 - 12:00, 15:30 - 19:00","wo":"08:30 - 12:00, 15:30 - 19:00","do":"08:30 - 12:00, 15:30 - 19:00","vr":"08:30 - 12:00, 15:30 - 19:00","za":"08:30 - 12:00","zo":"gesloten"}}},{"type":"Feature","geometry":{"type":"Point","coordinates":[9.2418944,45.5710473]},"properties":{"type":"pakketpunt","locatieNaam":"Matita & Mouse","straatNaam":"VIA ENRICO TAZZOLI","straatNr":"13","vervoerder":"DPD","puntType":"pickup_point","bezettingsgraad":50,"latitude":45.5710473,"longitude":9.2418944,"canPickup":true,"canDropoff":true,"openingstijden":{"ma":"09:00 - 12:30, 15:30 - 19:00","di":"09:00 - 12:30, 15:30 - 19:00","wo":"09:00 - 12:30, 15:30 - 19:00","do":"09:00 - 12:30, 15:30 - 19:00","vr":"09:00 - 12:30, 15:30 - 19:00","za":"09:30 - 12:30","zo":"gesloten"}}},{"type":"Feature","geometry":{"type":"Point","coordinates":[9.2691539,45.5888679]},"properties":{"type":"pakketpunt","locatieNaam":"Globo Express - Monza","straatNaam":"VIA A. VOLTA","straatNr":"20","vervoerder":"DPD","puntType":"pickup_point","bezettingsgraad":50,"latitude":45.5888679,"longitude":9.2691539,"canPickup":true,"canDropoff":true,"openingstijden":{"ma":"08:30 - 13:15","di":"08:30 - 13:15","wo":"08:30 - 13:15","do":"08:30 - 13:15","vr":"08:30 - 13:15","za":"09:00 - 13:00","zo":"gesloten"}}},{"type":"Feature","geometry":{"type":"Point","coordinates":[9.2821743,45.5786985]},"properties":{"type":"pakketpunt","locatieNaam":"Consulenze e Servizi","straatNaam":"VIA QUARNARO","straatNr":"1","vervoerder":"DPD","puntType":"pickup_point","bezettingsgraad":50,"latitude":45.5786985,"longitude":9.2821743,"canPickup":true,"canDropoff":true,"openingstijden":{"ma":"09:00 - 12:00, 14:30 - 18:00","di":"09:00 - 12:00, 14:30 - 18:00","wo":"09:00 - 12:00, 14:30 - 18:00","do":"09:00 - 12:00, 14:30 - 18:00","vr":"09:00 - 12:00, 14:30 - 18:00","za":"gesloten","zo":"gesloten"}}},{"type":"Feature","geometry":{"type":"Point","coordinates":[9.300805581,45.5905480223]},"properties":{"type":"pakketpunt","locatieNaam":"Capsule & Co - Monza","straatNaam":"VIALE LIBERTA","straatNr":"129","vervoerder":"DPD","puntType":"pickup_point","bezettingsgraad":50,"latitude":45.5905480223,"longitude":9.300805581,"canPickup":true,"canDropoff":true,"openingstijden":{"ma":"08:30 - 12:30, 15:30 - 19:00","di":"08:30 - 12:30, 15:30 - 19:00","wo":"08:30 - 12:30, 15:30 - 19:00","do":"08:30 - 12:30, 15:30 - 19:00","vr":"08:30 - 12:30, 15:30 - 19:00","za":"08:30 - 12:30, 15:30 - 18:30","zo":"gesloten"}}},{"type":"Feature","geometry":{"type":"Point","coordinates":[9.30362792,45.58928515]},"properties":{"type":"pakketpunt","locatieNaam":"Kiki Bar Edicola","straatNaam":"VIA G. BERTACCHI","straatNr":"6","vervoerder":"DPD","puntType":"pickup_point","bezettingsgraad":50,"latitude":45.58928515,"longitude":9.30362792,"canPickup":true,"canDropoff":true,"openingstijden":{"ma":"06:00 - 19:00","di":"06:00 - 19:00","wo":"06:00 - 19:00","do":"06:00 - 19:00","vr":"06:00 - 19:00","za":"06:00 - 19:00","zo":"gesloten"}}},{"type":"Feature","geometry":{"type":"Point","coordinates":[9.289135,45.581503]},"properties":{"type":"pakketpunt","locatieNaam":"BRT LOCKER - Lavanderia Self-Servic","straatNaam":"VIA ROTA","straatNr":"27C","vervoerder":"DPD","puntType":"dpd_box","bezettingsgraad":50,"latitude":45.581503,"longitude":9.289135,"canPickup":true,"canDropoff":true,"openingstijden":{"ma":"06:30 - 23:00","di":"06:30 - 23:00","wo":"06:30 - 23:00","do":"06:30 - 23:00","vr":"06:30 - 23:00","za":"06:30 - 23:00","zo":"06:30 - 23:00"}}},{"type":"Feature","geometry":{"type":"Point","coordinates":[9.27970362,45.58242604]},"properties":{"type":"pakketpunt","locatieNaam":"Elma Professional","straatNaam":"VIA PORTA LODI","straatNr":"5D","vervoerder":"DPD","puntType":"pickup_point","bezettingsgraad":50,"latitude":45.58242604,"longitude":9.27970362,"canPickup":true,"canDropoff":true,"openingstijden":{"ma":"09:00 - 12:30, 15:00 - 19:00","di":"09:00 - 12:30, 15:00 - 19:00","wo":"09:00 - 12:30, 15:00 - 19:00","do":"09:00 - 12:30, 15:00 - 19:00","vr":"09:00 - 12:30, 15:00 - 19:00","za":"09:00 - 12:30","zo":"gesloten"}}},{"type":"Feature","geometry":{"type":"Point","coordinates":[9.26274633,45.58618128]},"properties":{"type":"pakketpunt","locatieNaam":"Gro-Monza","straatNaam":"VIA COL DI LANA","straatNr":"20","vervoerder":"DPD","puntType":"pickup_point","bezettingsgraad":50,"latitude":45.58618128,"longitude":9.26274633,"canPickup":true,"canDropoff":true,"openingstijden":{"ma":"gesloten","di":"07:00 - 13:30, 17:00 - 19:00","wo":"07:00 - 13:30, 17:00 - 19:00","do":"07:00 - 13:30, 17:00 - 19:00","vr":"07:00 - 13:30, 17:00 - 19:00","za":"07:00 - 13:30, 17:00 - 19:00","zo":"gesloten"}}},{"type":"Feature","geometry":{"type":"Point","coordinates":[9.2909943,45.5794806]},"properties":{"type":"pakketpunt","locatieNaam":"Cartolibreria Lucchini","straatNaam":"VIA BORSA","straatNr":"70","vervoerder":"DPD","puntType":"pickup_point","bezettingsgraad":50,"latitude":45.5794806,"longitude":9.2909943,"canPickup":true,"canDropoff":true,"openingstijden":{"ma":"06:30 - 12:45, 14:00 - 19:15","di":"06:30 - 12:45, 14:00 - 19:15","wo":"06:30 - 12:45, 14:00 - 19:15","do":"06:30 - 12:45, 14:00 - 19:15","vr":"06:30 - 12:45, 14:00 - 19:15","za":"06:30 - 12:45, 14:00 - 19:15","zo":"gesloten"}}},{"type":"Feature","geometry":{"type":"Point","coordinates":[9.2820565,45.5804196]},"properties":{"type":"pakketpunt","locatieNaam":"Gifer Ferramenta Casalinghi","straatNaam":"VIA BUONARROTI","straatNr":"10","vervoerder":"DPD","puntType":"pickup_point","bezettingsgraad":50,"latitude":45.5804196,"longitude":9.2820565,"canPickup":true,"canDropoff":true,"openingstijden":{"ma":"09:00 - 12:00, 15:00 - 19:00","di":"09:00 - 12:00, 15:00 - 19:00","wo":"09:00 - 12:00, 15:00 - 19:00","do":"09:00 - 12:00, 15:00 - 19:00","vr":"09:00 - 12:00, 15:00 - 19:00","za":"09:00 - 12:00","zo":"gesloten"}}},{"type":"Feature","geometry":{"type":"Point","coordinates":[9.2835019,45.5716181]},"properties":{"type":"pakketpunt","locatieNaam":"Luce Gas Ok Monza","straatNaam":"VIA BUONARROTI","straatNr":"90","vervoerder":"DPD","puntType":"pickup_point","bezettingsgraad":50,"latitude":45.5716181,"longitude":9.2835019,"canPickup":true,"canDropoff":true,"openingstijden":{"ma":"09:00 - 13:00","di":"09:00 - 13:00","wo":"09:00 - 13:00","do":"09:00 - 13:00","vr":"09:00 - 13:00","za":"09:00 - 13:00","zo":"gesloten"}}},{"type":"Feature","geometry":{"type":"Point","coordinates":[9.2725,45.58002]},"properties":{"type":"pakketpunt","locatieNaam":"Verde Frutta e Verdura","straatNaam":"VIA CAMILLO BENSO CAVOUR","straatNr":"2","vervoerder":"DPD","puntType":"pickup_point","bezettingsgraad":50,"latitude":45.58002,"longitude":9.2725,"canPickup":true,"canDropoff":true,"openingstijden":{"ma":"08:00 - 20:00","di":"08:00 - 20:00","wo":"08:00 - 20:00","do":"08:00 - 20:00","vr":"08:00 - 20:00","za":"08:00 - 20:00","zo":"08:00 - 20:00"}}},{"type":"Feature","geometry":{"type":"Point","coordinates":[9.29184,45.58259]},"properties":{"type":"pakketpunt","locatieNaam":"BRT LOCKER - I Panni Vostri Via Ama","straatNaam":"VIA CARLO AMATI","straatNr":"50A","vervoerder":"DPD","puntType":"dpd_box","bezettingsgraad":50,"latitude":45.58259,"longitude":9.29184,"canPickup":true,"canDropoff":true,"openingstijden":{"ma":"07:00 - 22:00","di":"07:00 - 22:00","wo":"07:00 - 22:00","do":"07:00 - 22:00","vr":"07:00 - 22:00","za":"07:00 - 22:00","zo":"07:00 - 22:00"}}},{"type":"Feature","geometry":{"type":"Point","coordinates":[9.2998791,45.58458185]},"properties":{"type":"pakketpunt","locatieNaam":"Il Chioschetto","straatNaam":"VIA MORANDI ANG. CORREGGIO","straatNr":"","vervoerder":"DPD","puntType":"pickup_point","bezettingsgraad":50,"latitude":45.58458185,"longitude":9.2998791,"canPickup":true,"canDropoff":true,"openingstijden":{"ma":"06:30 - 14:30, 16:00 - 19:30","di":"06:30 - 14:30, 16:00 - 19:30","wo":"06:30 - 14:30, 16:00 - 19:30","do":"06:30 - 14:30, 16:00 - 19:30","vr":"06:30 - 14:30, 16:00 - 19:30","za":"gesloten","zo":"gesloten"}}},{"type":"Feature","geometry":{"type":"Point","coordinates":[9.27031012,45.56179511]},"properties":{"type":"pakketpunt","locatieNaam":"Bar Il Giglio","straatNaam":"VIA MONTE SANTO","straatNr":"42","vervoerder":"DPD","puntType":"pickup_point","bezettingsgraad":50,"latitude":45.56179511,"longitude":9.27031012,"canPickup":true,"canDropoff":true,"openingstijden":{"ma":"06:00 - 18:00","di":"06:00 - 18:00","wo":"06:00 - 18:00","do":"06:00 - 18:00","vr":"06:00 - 18:00","za":"06:00 - 11:00","zo":"gesloten"}}},{"type":"Feature","geometry":{"type":"Point","coordinates":[9.28859,45.57666]},"properties":{"type":"pakketpunt","locatieNaam":"Il Mondo di Jessica","straatNaam":"VIALE U. FOSCOLO","straatNr":"29 A","vervoerder":"DPD","puntType":"pickup_point","bezettingsgraad":50,"latitude":45.57666,"longitude":9.28859,"canPickup":true,"canDropoff":true,"openingstijden":{"ma":"15:00 - 19:00","di":"08:30 - 12:30, 15:00 - 19:00","wo":"08:30 - 12:30, 15:00 - 19:00","do":"08:30 - 12:30, 15:00 - 19:00","vr":"08:30 - 12:30, 15:00 - 19:00","za":"08:30 - 12:30, 15:00 - 18:30","zo":"gesloten"}}},{"type":"Feature","geometry":{"type":"Point","coordinates":[9.2717614,45.5829106]},"properties":{"type":"pakketpunt","locatieNaam":"Qua Qua","straatNaam":"VIA A. MANZONI","straatNr":"25A","vervoerder":"DPD","puntType":"pickup_point","bezettingsgraad":50,"latitude":45.5829106,"longitude":9.2717614,"canPickup":true,"canDropoff":true,"openingstijden":{"ma":"10:00 - 17:00","di":"10:00 - 18:00","wo":"10:00 - 18:00","do":"10:00 - 18:00","vr":"10:00 - 18:00","za":"10:00 - 12:00, 15:00 - 18:30","zo":"gesloten"}}},{"type":"Feature","geometry":{"type":"Point","coordinates":[9.2571214,45.5983129]},"properties":{"type":"pakketpunt","locatieNaam":"L'Insieme","straatNaam":"VIA N. PAGANINI","straatNr":"11","vervoerder":"DPD","puntType":"pickup_point","bezettingsgraad":50,"latitude":45.5983129,"longitude":9.2571214,"canPickup":true,"canDropoff":true,"openingstijden":{"ma":"07:30 - 12:30, 15:00 - 19:00","di":"07:30 - 12:30, 15:00 - 19:00","wo":"07:30 - 12:30, 15:00 - 19:00","do":"07:30 - 12:30, 15:00 - 19:00","vr":"07:30 - 12:30, 15:00 - 19:00","za":"08:30 - 12:30","zo":"gesloten"}}},{"type":"Feature","geometry":{"type":"Point","coordinates":[9.26541,45.57063]},"properties":{"type":"pakketpunt","locatieNaam":"InPost Locker","straatNaam":"Via Gerolamo Borgazzi","straatNr":"38","vervoerder":"InPost","puntType":"automaat","bezettingsgraad":50,"latitude":45.57063,"longitude":9.26541,"canPickup":true,"canDropoff":true,"openingstijden":null}},{"type":"Feature","geometry":{"type":"Point","coordinates":[9.30127,45.59089]},"properties":{"type":"pakketpunt","locatieNaam":"InPost Point","straatNaam":"Viale Libertà","straatNr":"129","vervoerder":"InPost","puntType":"servicepunt","bezettingsgraad":50,"latitude":45.59089,"longitude":9.30127,"canPickup":true,"canDropoff":true,"openingstijden":"Lun-Sab: 09:00 - 12:30 - 15:30 - 19:00"}},{"type":"Feature","geometry":{"type":"Point","coordinates":[9.24182,45.57067]},"properties":{"type":"pakketpunt","locatieNaam":"InPost Point","straatNaam":"Via Enrico Tazzoli","straatNr":"13","vervoerder":"InPost","puntType":"servicepunt","bezettingsgraad":50,"latitude":45.57067,"longitude":9.24182,"canPickup":true,"canDropoff":true,"openingstijden":"Lun-Ven: 09:00 - 12:30 - 15:30 - 19:00 Sab: 09:30 - 12:30"}},{"type":"Feature","geometry":{"type":"Point","coordinates":[9.2718,45.578]},"properties":{"type":"pakketpunt","locatieNaam":"InPost Point","straatNaam":"Corso Milano","straatNr":"25","vervoerder":"InPost","puntType":"servicepunt","bezettingsgraad":50,"latitude":45.578,"longitude":9.2718,"canPickup":true,"canDropoff":true,"openingstijden":"Lun-Ven: 09:00 - 13:00 - 15:00 - 19:00"}},{"type":"Feature","geometry":{"type":"Point","coordinates":[9.27075,45.58646]},"properties":{"type":"pakketpunt","locatieNaam":"InPost Point","straatNaam":"Via Bartolomeo Zucchi","straatNr":"35","vervoerder":"InPost","puntType":"servicepunt","bezettingsgraad":50,"latitude":45.58646,"longitude":9.27075,"canPickup":true,"canDropoff":true,"openingstijden":"Lun-Gio: 09:30 - 13:00 - 14:00 - 17:30 Ven: 09:30 - 12:00"}},{"type":"Feature","geometry":{"type":"Point","coordinates":[9.2909,45.57968]},"properties":{"type":"pakketpunt","locatieNaam":"InPost Point","straatNaam":"Via Emilio Borsa","straatNr":"70","vervoerder":"InPost","puntType":"servicepunt","bezettingsgraad":50,"latitude":45.57968,"longitude":9.2909,"canPickup":true,"canDropoff":true,"openingstijden":"Lun-Sab: 06:30 - 12:45 - 14:00 - 19:30"}},{"type":"Feature","geometry":{"type":"Point","coordinates":[9.27021,45.57595]},"properties":{"type":"pakketpunt","locatieNaam":"InPost Point","straatNaam":"Corso Milano","straatNr":"58","vervoerder":"InPost","puntType":"servicepunt","bezettingsgraad":50,"latitude":45.57595,"longitude":9.27021,"canPickup":true,"canDropoff":true,"openingstijden":"Lun-Ven: 09:00 - 12:30 - 15:00 - 18:30 - Sab: 10:00 - 12:30"}},{"type":"Feature","geometry":{"type":"Point","coordinates":[9.27203,45.5824]},"properties":{"type":"pakketpunt","locatieNaam":"InPost Point","straatNaam":"Via Antonio Gambacorti Passerini","straatNr":"13","vervoerder":"InPost","puntType":"servicepunt","bezettingsgraad":50,"latitude":45.5824,"longitude":9.27203,"canPickup":true,"canDropoff":true,"openingstijden":"Lun-Ven: 09:00 - 13:00 - 14:00 - 18:00"}},{"type":"Feature","geometry":{"type":"Point","coordinates":[9.26929,45.58908]},"properties":{"type":"pakketpunt","locatieNaam":"InPost Point","straatNaam":"Via Alessandro Volta","straatNr":"20","vervoerder":"InPost","puntType":"servicepunt","bezettingsgraad":50,"latitude":45.58908,"longitude":9.26929,"canPickup":true,"canDropoff":true,"openingstijden":"Lun-Ven: 8:20 - 13:20"}},{"type":"Feature","geometry":{"type":"Point","coordinates":[9.28674,45.57716]},"properties":{"type":"pakketpunt","locatieNaam":"InPost Locker","straatNaam":"Viale Ugo Foscolo","straatNr":"29/A","vervoerder":"InPost","puntType":"automaat","bezettingsgraad":50,"latitude":45.57716,"longitude":9.28674,"canPickup":true,"canDropoff":true,"openingstijden":null}},{"type":"Feature","geometry":{"type":"Point","coordinates":[9.24909,45.58994]},"properties":{"type":"pakketpunt","locatieNaam":"Accanto al centro estetico Royal","straatNaam":"Via Lario","straatNr":"17","vervoerder":"InPost","puntType":"automaat","bezettingsgraad":50,"latitude":45.58994,"longitude":9.24909,"canPickup":true,"canDropoff":true,"openingstijden":"24/7"}},{"type":"Feature","geometry":{"type":"Point","coordinates":[9.25444,45.57831]},"properties":{"type":"pakketpunt","locatieNaam":"InPost Locker 24/7","straatNaam":"Via Felice Cavallotti","straatNr":"110","vervoerder":"InPost","puntType":"automaat","bezettingsgraad":50,"latitude":45.57831,"longitude":9.25444,"canPickup":true,"canDropoff":true,"openingstijden":"24/7"}},{"type":"Feature","geometry":{"type":"Point","coordinates":[9.2986,45.58961]},"properties":{"type":"pakketpunt","locatieNaam":"InPost Locker 24/7","straatNaam":"Via Correggio Ang.Via Liberta","straatNr":"90","vervoerder":"InPost","puntType":"automaat","bezettingsgraad":50,"latitude":45.58961,"longitude":9.2986,"canPickup":true,"canDropoff":true,"openingstijden":"24/7"}},{"type":"Feature","geometry":{"type":"Point","coordinates":[9.25974,45.59348]},"properties":{"type":"pakketpunt","locatieNaam":"InPost Locker 24/7","straatNaam":"via A.Boito ang. Birona","straatNr":"snc","vervoerder":"InPost","puntType":"automaat","bezettingsgraad":50,"latitude":45.59348,"longitude":9.25974,"canPickup":true,"canDropoff":true,"openingstijden":null}},{"type":"Feature","geometry":{"type":"Point","coordinates":[9.2583,45.56529]},"properties":{"type":"pakketpunt","locatieNaam":"InPost Locker 24/7","straatNaam":"viale Campania","straatNr":"15","vervoerder":"InPost","puntType":"automaat","bezettingsgraad":50,"latitude":45.56529,"longitude":9.2583,"canPickup":true,"canDropoff":true,"openingstijden":null}},{"type":"Feature","geometry":{"type":"Point","coordinates":[9.26604,45.56255]},"properties":{"type":"pakketpunt","locatieNaam":"InPost Locker 24/7","straatNaam":"Via Monte Santo","straatNr":"14","vervoerder":"InPost","puntType":"automaat","bezettingsgraad":50,"latitude":45.56255,"longitude":9.26604,"canPickup":true,"canDropoff":true,"openingstijden":null}},{"type":"Feature","geometry":{"type":"Point","coordinates":[9.2939,45.56978]},"properties":{"type":"pakketpunt","locatieNaam":"InPost Locker 24/7","straatNaam":"Viale Delle Industrie","straatNr":"43","vervoerder":"InPost","puntType":"automaat","bezettingsgraad":50,"latitude":45.56978,"longitude":9.2939,"canPickup":true,"canDropoff":true,"openingstijden":null}},{"type":"Feature","geometry":{"type":"Point","coordinates":[9.29221,45.56863]},"properties":{"type":"pakketpunt","locatieNaam":"InPost Locker 24/7","straatNaam":"Viale Delle Industrie","straatNr":"","vervoerder":"InPost","puntType":"automaat","bezettingsgraad":50,"latitude":45.56863,"longitude":9.29221,"canPickup":true,"canDropoff":true,"openingstijden":null}},{"type":"Feature","geometry":{"type":"Point","coordinates":[9.29201,45.59347]},"properties":{"type":"pakketpunt","locatieNaam":"InPost Locker 24/7","straatNaam":"Via Lecco","straatNr":"140","vervoerder":"InPost","puntType":"automaat","bezettingsgraad":50,"latitude":45.59347,"longitude":9.29201,"canPickup":true,"canDropoff":true,"openingstijden":null}},{"type":"Feature","geometry":{"type":"Point","coordinates":[9.27794,45.57816]},"properties":{"type":"pakketpunt","locatieNaam":"InPost Locker","straatNaam":"Via Mentana","straatNr":"17","vervoerder":"InPost","puntType":"automaat","bezettingsgraad":50,"latitude":45.57816,"longitude":9.27794,"canPickup":true,"canDropoff":true,"openingstijden":null}},{"type":"Feature","geometry":{"type":"Point","coordinates":[9.2469,45.57467]},"properties":{"type":"pakketpunt","locatieNaam":"InPost Locker 24/7","straatNaam":"Viale Lombardia","straatNr":"166","vervoerder":"InPost","puntType":"automaat","bezettingsgraad":50,"latitude":45.57467,"longitude":9.2469,"canPickup":true,"canDropoff":true,"openingstijden":null}},{"type":"Feature","geometry":{"type":"Point","coordinates":[9.24434,45.56768]},"properties":{"type":"pakketpunt","locatieNaam":"InPost Locker 24/7","straatNaam":"Viale Lombardia","straatNr":"224","vervoerder":"InPost","puntType":"automaat","bezettingsgraad":50,"latitude":45.56768,"longitude":9.24434,"canPickup":true,"canDropoff":true,"openingstijden":null}},{"type":"Feature","geometry":{"type":"Point","coordinates":[9.28252,45.56628]},"properties":{"type":"pakketpunt","locatieNaam":"IP","straatNaam":"Viale Enrico Fermi","straatNr":"2","vervoerder":"InPost","puntType":"automaat","bezettingsgraad":50,"latitude":45.56628,"longitude":9.28252,"canPickup":true,"canDropoff":true,"openingstijden":null}},{"type":"Feature","geometry":{"type":"Point","coordinates":[9.259567,45.56309]},"properties":{"type":"pakketpunt","locatieNaam":"tabaccheria","straatNaam":"Via Borgazzi","straatNr":"127","vervoerder":"GLS","puntType":"parcel_shop","bezettingsgraad":50,"latitude":45.56309,"longitude":9.259567,"canPickup":true,"canDropoff":true,"openingstijden":"za: 07:30 - 13:30, 15:00 - 19:00; ma: 07:30 - 13:30, 15:00 - 19:00"}},{"type":"Feature","geometry":{"type":"Point","coordinates":[9.2655082,45.5653325]},"properties":{"type":"pakketpunt","locatieNaam":"LA CARTOLERIA","straatNaam":"Via Gabriele D'Annunzio","straatNr":"17","vervoerder":"GLS","puntType":"parcel_shop","bezettingsgraad":50,"latitude":45.5653325,"longitude":9.2655082,"canPickup":true,"canDropoff":true,"openingstijden":"za: 08:30 - 12:00; ma: 08:30 - 12:00, 15:30 - 19:00"}},{"type":"Feature","geometry":{"type":"Point","coordinates":[9.2418865,45.5705196]},"properties":{"type":"pakketpunt","locatieNaam":"Matita & Mouse","straatNaam":"Via Tazzoli","straatNr":"13","vervoerder":"GLS","puntType":"parcel_shop","bezettingsgraad":50,"latitude":45.5705196,"longitude":9.2418865,"canPickup":true,"canDropoff":true,"openingstijden":"za: 09:30 - 12:30; ma: 09:00 - 12:30, 15:30 - 19:00"}},{"type":"Feature","geometry":{"type":"Point","coordinates":[9.2654597,45.5706718]},"properties":{"type":"pakketpunt","locatieNaam":"FARMACIA BORGAZZI","straatNaam":"Via Gerolamo Borgazzi","straatNr":"38","vervoerder":"GLS","puntType":"parcel_shop","bezettingsgraad":50,"latitude":45.5706718,"longitude":9.2654597,"canPickup":true,"canDropoff":true,"openingstijden":"za: 09:00 - 13:00, 15:00 - 19:30; ma: 09:00 - 19:30"}},{"type":"Feature","geometry":{"type":"Point","coordinates":[9.253269,45.570771]},"properties":{"type":"pakketpunt","locatieNaam":"GYM PARK","straatNaam":"Via Giulio Silva","straatNr":"22","vervoerder":"GLS","puntType":"parcel_shop","bezettingsgraad":50,"latitude":45.570771,"longitude":9.253269,"canPickup":true,"canDropoff":true,"openingstijden":"za: 10:00 - 12:30, 14:30 - 19:30; zo: 15:00 - 19:30"}},{"type":"Feature","geometry":{"type":"Point","coordinates":[9.26691,45.57428]},"properties":{"type":"pakketpunt","locatieNaam":"D.TRANSFER","straatNaam":"Via Gaetano Casati","straatNr":"3L","vervoerder":"GLS","puntType":"parcel_shop","bezettingsgraad":50,"latitude":45.57428,"longitude":9.26691,"canPickup":true,"canDropoff":true,"openingstijden":"za: 10:00 - 20:00; zo: 10:00 - 20:00"}},{"type":"Feature","geometry":{"type":"Point","coordinates":[9.2867354,45.5771629]},"properties":{"type":"pakketpunt","locatieNaam":"IL MONDO DI JESSICA","straatNaam":"Viale Ugo Foscolo","straatNr":"29/A","vervoerder":"GLS","puntType":"parcel_shop","bezettingsgraad":50,"latitude":45.5771629,"longitude":9.2867354,"canPickup":true,"canDropoff":true,"openingstijden":"za: 08:30 - 12:30, 15:00 - 19:00; ma: 08:30 - 12:30, 15:00 - 19:00"}},{"type":"Feature","geometry":{"type":"Point","coordinates":[9.2553588,45.5783208]},"properties":{"type":"pakketpunt","locatieNaam":"Quiposte","straatNaam":"Via Felice Cavallotti","straatNr":"104","vervoerder":"GLS","puntType":"parcel_shop","bezettingsgraad":50,"latitude":45.5783208,"longitude":9.2553588,"canPickup":true,"canDropoff":true,"openingstijden":"za: 09:00 - 12:30; ma: 08:30 - 12:30, 15:00 - 18:30"}},{"type":"Feature","geometry":{"type":"Point","coordinates":[9.2827615,45.5789358]},"properties":{"type":"pakketpunt","locatieNaam":"CommercialPost","straatNaam":"Via Michelangelo Buonarroti","straatNr":"31","vervoerder":"GLS","puntType":"parcel_shop","bezettingsgraad":50,"latitude":45.5789358,"longitude":9.2827615,"canPickup":true,"canDropoff":true,"openingstijden":"ma: 09:00 - 18:30; di: 09:00 - 18:30"}},{"type":"Feature","geometry":{"type":"Point","coordinates":[9.2894191,45.5792793]},"properties":{"type":"pakketpunt","locatieNaam":"Caffetteria Terranova","straatNaam":"Via Giuseppe Ferrari","straatNr":"27","vervoerder":"GLS","puntType":"parcel_shop","bezettingsgraad":50,"latitude":45.5792793,"longitude":9.2894191,"canPickup":true,"canDropoff":true,"openingstijden":"za: 07:00 - 13:30; ma: 07:00 - 17:30"}},{"type":"Feature","geometry":{"type":"Point","coordinates":[9.2998428,45.5798452]},"properties":{"type":"pakketpunt","locatieNaam":"EDICOLA","straatNaam":"Via G. B. Tiepolo","straatNr":"SNC","vervoerder":"GLS","puntType":"parcel_shop","bezettingsgraad":50,"latitude":45.5798452,"longitude":9.2998428,"canPickup":true,"canDropoff":true,"openingstijden":"za: 06:30 - 12:30, 15:30 - 17:30; ma: 06:30 - 12:30, 15:30 - 18:30"}},{"type":"Feature","geometry":{"type":"Point","coordinates":[9.2729409,45.5801785]},"properties":{"type":"pakketpunt","locatieNaam":"JHOSELYN SERVICE","straatNaam":"Via Antonio Gramsci","straatNr":"1","vervoerder":"GLS","puntType":"parcel_shop","bezettingsgraad":50,"latitude":45.5801785,"longitude":9.2729409,"canPickup":true,"canDropoff":true,"openingstijden":"za: 10:00 - 17:30; ma: 10:00 - 19:30"}},{"type":"Feature","geometry":{"type":"Point","coordinates":[9.2825648,45.5814676]},"properties":{"type":"pakketpunt","locatieNaam":"FASTWAY MULTISERVICES","straatNaam":"Via Michelangelo Buonarroti","straatNr":"1C","vervoerder":"GLS","puntType":"parcel_shop","bezettingsgraad":50,"latitude":45.5814676,"longitude":9.2825648,"canPickup":true,"canDropoff":true,"openingstijden":"za: 09:00 - 13:00, 13:30 - 20:00; zo: 09:00 - 12:00, 15:00 - 18:00"}},{"type":"Feature","geometry":{"type":"Point","coordinates":[9.2717614,45.5829106]},"properties":{"type":"pakketpunt","locatieNaam":"QUA QUA","straatNaam":"Via Alessandro Manzoni","straatNr":"25/A","vervoerder":"GLS","puntType":"parcel_shop","bezettingsgraad":50,"latitude":45.5829106,"longitude":9.2717614,"canPickup":true,"canDropoff":true,"openingstijden":"za: 10:00 - 12:00, 15:00 - 18:30; ma: 10:00 - 13:00, 14:00 - 17:00"}},{"type":"Feature","geometry":{"type":"Point","coordinates":[9.2742247,45.5833208]},"properties":{"type":"pakketpunt","locatieNaam":"pasticceria presta & camelia srl","straatNaam":"Via Italia","straatNr":"15","vervoerder":"GLS","puntType":"parcel_shop","bezettingsgraad":50,"latitude":45.5833208,"longitude":9.2742247,"canPickup":true,"canDropoff":true,"openingstijden":"zo: 09:00 - 12:30, 15:30 - 19:30; ma: 08:30 - 14:00, 15:30 - 19:30"}},{"type":"Feature","geometry":{"type":"Point","coordinates":[9.2693085,45.5889178]},"properties":{"type":"pakketpunt","locatieNaam":"GLOBO EXPRESS MONZA","straatNaam":"Via Volta","straatNr":"20","vervoerder":"GLS","puntType":"parcel_shop","bezettingsgraad":50,"latitude":45.5889178,"longitude":9.2693085,"canPickup":true,"canDropoff":true,"openingstijden":"ma: 08:30 - 13:30; di: 08:30 - 13:30"}},{"type":"Feature","geometry":{"type":"Point","coordinates":[9.3024397,45.5892645]},"properties":{"type":"pakketpunt","locatieNaam":"KIKI BAR","straatNaam":"Via Giovanni Bertacchi","straatNr":"6","vervoerder":"GLS","puntType":"parcel_shop","bezettingsgraad":50,"latitude":45.5892645,"longitude":9.3024397,"canPickup":true,"canDropoff":true,"openingstijden":"za: 06:00 - 12:30; ma: 06:00 - 12:30, 15:00 - 19:00"}},{"type":"Feature","geometry":{"type":"Point","coordinates":[9.258706,45.563218]},"properties":{"type":"pakketpunt","locatieNaam":"TABACCHERIA N. 17","straatNaam":"VIA GEROLAMO BORGAZZI 127","straatNr":"","vervoerder":"DHL","puntType":"parcelShop","bezettingsgraad":50,"latitude":45.563218,"longitude":9.258706,"canPickup":true,"canDropoff":true,"openingstijden":{"ma":"07:00 - 14:00, 16:00 - 19:30","di":"07:00 - 14:00, 16:00 - 19:30","wo":"07:00 - 14:00, 16:00 - 19:30","do":"07:00 - 14:00, 16:00 - 19:30","vr":"07:00 - 14:00, 16:00 - 19:30","za":"07:00 - 14:00, 16:00 - 19:30","zo":"gesloten"}}},{"type":"Feature","geometry":{"type":"Point","coordinates":[9.25784,45.565736]},"properties":{"type":"pakketpunt","locatieNaam":"AUTOLAVAGGIO BONO WASH","straatNaam":"VIALE CAMPANIA 15","straatNr":"","vervoerder":"DHL","puntType":"packStation","bezettingsgraad":50,"latitude":45.565736,"longitude":9.25784,"canPickup":true,"canDropoff":true,"openingstijden":{"ma":"08:00 - 18:30","di":"08:00 - 18:30","wo":"08:00 - 18:30","do":"08:00 - 18:30","vr":"08:00 - 18:30","za":"08:00 - 18:30","zo":"08:00 - 12:45"}}},{"type":"Feature","geometry":{"type":"Point","coordinates":[9.241689,45.568756]},"properties":{"type":"pakketpunt","locatieNaam":"Ufficio Postale MONZA 6","straatNaam":"VIA MARTIRI DI BELFIORE 2","straatNr":"","vervoerder":"DHL","puntType":"postOffice","bezettingsgraad":50,"latitude":45.568756,"longitude":9.241689,"canPickup":true,"canDropoff":true,"openingstijden":{"ma":"08:20 - 13:35","di":"08:20 - 13:35","wo":"08:20 - 13:35","do":"08:20 - 13:35","vr":"08:20 - 13:35","za":"08:20 - 12:35","zo":"gesloten"}}},{"type":"Feature","geometry":{"type":"Point","coordinates":[9.26978,45.56206]},"properties":{"type":"pakketpunt","locatieNaam":"Ufficio Postale MONZA 4","straatNaam":"VIA MONTE SANTO 40","straatNr":"","vervoerder":"DHL","puntType":"postOffice","bezettingsgraad":50,"latitude":45.56206,"longitude":9.26978,"canPickup":true,"canDropoff":true,"openingstijden":{"ma":"08:20 - 13:35","di":"08:20 - 13:35","wo":"08:20 - 13:35","do":"08:20 - 13:35","vr":"08:20 - 13:35","za":"08:20 - 12:35","zo":"gesloten"}}},{"type":"Feature","geometry":{"type":"Point","coordinates":[9.270223,45.561988]},"properties":{"type":"pakketpunt","locatieNaam":"TABACCHERIA N. 72","straatNaam":"VIA MONTE SANTO 42","straatNr":"","vervoerder":"DHL","puntType":"parcelShop","bezettingsgraad":50,"latitude":45.561988,"longitude":9.270223,"canPickup":true,"canDropoff":true,"openingstijden":{"ma":"06:00 - 17:30","di":"06:00 - 17:30","wo":"06:00 - 17:30","do":"06:00 - 17:30","vr":"06:00 - 17:30","za":"06:00 - 11:00","zo":"gesloten"}}},{"type":"Feature","geometry":{"type":"Point","coordinates":[9.265404,45.565316]},"properties":{"type":"pakketpunt","locatieNaam":"LA CARTOLERIA  D ANNUNZIO","straatNaam":"Via G.dannuzio 17","straatNr":"","vervoerder":"DHL","puntType":"parcelShop","bezettingsgraad":50,"latitude":45.565316,"longitude":9.265404,"canPickup":false,"canDropoff":true,"openingstijden":{"ma":"08:30 - 19:30","di":"08:30 - 19:30","wo":"08:30 - 19:30","do":"08:30 - 19:30","vr":"08:30 - 19:30","za":"08:30 - 12:00","zo":"gesloten"}}},{"type":"Feature","geometry":{"type":"Point","coordinates":[9.287834,45.573621]},"properties":{"type":"pakketpunt","locatieNaam":"MERCATOPOLI","straatNaam":"VIA SIMONE MARTINI 1","straatNr":"","vervoerder":"DHL","puntType":"packStation","bezettingsgraad":50,"latitude":45.573621,"longitude":9.287834,"canPickup":true,"canDropoff":true,"openingstijden":{"ma":"09:00 - 21:00","di":"09:00 - 21:00","wo":"09:00 - 21:00","do":"09:00 - 21:00","vr":"09:00 - 21:00","za":"09:00 - 21:00","zo":"09:00 - 21:00"}}},{"type":"Feature","geometry":{"type":"Point","coordinates":[9.286767,45.577102]},"properties":{"type":"pakketpunt","locatieNaam":"DOTTORINK","straatNaam":"Ugo Foscolo 29 /a","straatNr":"","vervoerder":"DHL","puntType":"parcelShop","bezettingsgraad":50,"latitude":45.577102,"longitude":9.286767,"canPickup":false,"canDropoff":true,"openingstijden":{"ma":"15:00 - 19:00","di":"08:30 - 19:00","wo":"08:30 - 19:00","do":"08:30 - 19:00","vr":"08:30 - 19:00","za":"09:00 - 18:30","zo":"gesloten"}}},{"type":"Feature","geometry":{"type":"Point","coordinates":[9.286798,45.577249]},"properties":{"type":"pakketpunt","locatieNaam":"DOTTOR INK MONZA","straatNaam":"VIALE UGO FOSCOLO 29-A","straatNr":"","vervoerder":"DHL","puntType":"parcelShop","bezettingsgraad":50,"latitude":45.577249,"longitude":9.286798,"canPickup":true,"canDropoff":true,"openingstijden":{"ma":"15:00 - 19:00","di":"08:30 - 12:30, 15:00 - 19:00","wo":"08:30 - 12:30, 15:00 - 19:00","do":"08:30 - 12:30, 15:00 - 19:00","vr":"08:30 - 12:30, 15:00 - 19:00","za":"08:30 - 19:00","zo":"01:00 - 13:00"}}},{"type":"Feature","geometry":{"type":"Point","coordinates":[9.28474,45.577417]},"properties":{"type":"pakketpunt","locatieNaam":"TABACCHERIA N. 56","straatNaam":"VIALE UGO FOSCOLO 15","straatNr":"","vervoerder":"DHL","puntType":"parcelShop","bezettingsgraad":50,"latitude":45.577417,"longitude":9.28474,"canPickup":true,"canDropoff":true,"openingstijden":{"ma":"06:00 - 19:00","di":"06:00 - 19:00","wo":"06:00 - 19:00","do":"06:00 - 19:00","vr":"06:00 - 19:00","za":"06:00 - 19:00","zo":"gesloten"}}},{"type":"Feature","geometry":{"type":"Point","coordinates":[9.2836,45.57197]},"properties":{"type":"pakketpunt","locatieNaam":"TABACCHERIA N. 32","straatNaam":"VIA MICHELANGELO BUONARROTI 84","straatNr":"","vervoerder":"DHL","puntType":"parcelShop","bezettingsgraad":50,"latitude":45.57197,"longitude":9.2836,"canPickup":true,"canDropoff":true,"openingstijden":{"ma":"06:30 - 19:30","di":"06:30 - 19:30","wo":"06:30 - 19:30","do":"06:30 - 19:30","vr":"06:30 - 19:30","za":"07:30 - 19:30","zo":"gesloten"}}},{"type":"Feature","geometry":{"type":"Point","coordinates":[9.294786,45.579484]},"properties":{"type":"pakketpunt","locatieNaam":"TABACCHERIA N. 74","straatNaam":"VIA EMILIO BORSA 65","straatNr":"","vervoerder":"DHL","puntType":"parcelShop","bezettingsgraad":50,"latitude":45.579484,"longitude":9.294786,"canPickup":true,"canDropoff":true,"openingstijden":{"ma":"07:30 - 19:30","di":"07:30 - 19:30","wo":"07:30 - 19:30","do":"07:30 - 19:30","vr":"07:30 - 19:30","za":"07:30 - 19:30","zo":"gesloten"}}},{"type":"Feature","geometry":{"type":"Point","coordinates":[9.290789,45.581069]},"properties":{"type":"pakketpunt","locatieNaam":"Ufficio Postale MONZA 5","straatNaam":"VIA CARLO ROTA 60","straatNr":"","vervoerder":"DHL","puntType":"postOffice","bezettingsgraad":50,"latitude":45.581069,"longitude":9.290789,"canPickup":true,"canDropoff":true,"openingstijden":{"ma":"08:20 - 19:05","di":"08:20 - 19:05","wo":"08:20 - 19:05","do":"08:20 - 19:05","vr":"08:20 - 19:05","za":"08:20 - 12:35","zo":"gesloten"}}},{"type":"Feature","geometry":{"type":"Point","coordinates":[9.294175,45.56945]},"properties":{"type":"pakketpunt","locatieNaam":"STAZIONE DI SERVIZIO ESSO","straatNaam":"VIALE DELLE INDUSTRIE 37","straatNr":"","vervoerder":"DHL","puntType":"packStation","bezettingsgraad":50,"latitude":45.56945,"longitude":9.294175,"canPickup":true,"canDropoff":true,"openingstijden":{"ma":"00:01 - 23:59","di":"00:01 - 23:59","wo":"00:01 - 23:59","do":"00:01 - 23:59","vr":"00:01 - 23:59","za":"00:01 - 23:59","zo":"00:01 - 23:59"}}},{"type":"Feature","geometry":{"type":"Point","coordinates":[9.292535,45.568819]},"properties":{"type":"pakketpunt","locatieNaam":"STAZIONE DI SERVIZIO ESSO","straatNaam":"VIALE DELLE INDUSTRIE 32","straatNr":"","vervoerder":"DHL","puntType":"packStation","bezettingsgraad":50,"latitude":45.568819,"longitude":9.292535,"canPickup":true,"canDropoff":true,"openingstijden":{"ma":"00:01 - 23:59","di":"00:01 - 23:59","wo":"00:01 - 23:59","do":"00:01 - 23:59","vr":"00:01 - 23:59","za":"00:01 - 23:59","zo":"00:01 - 23:59"}}},{"type":"Feature","geometry":{"type":"Point","coordinates":[9.27762,45.577727]},"properties":{"type":"pakketpunt","locatieNaam":"IRONFIT","straatNaam":"VIA MENTANA 17","straatNr":"","vervoerder":"DHL","puntType":"packStation","bezettingsgraad":50,"latitude":45.577727,"longitude":9.27762,"canPickup":true,"canDropoff":true,"openingstijden":{"ma":"09:00 - 20:30","di":"09:00 - 20:30","wo":"09:00 - 20:30","do":"09:00 - 20:30","vr":"09:00 - 20:30","za":"09:00 - 13:00","zo":"gesloten"}}},{"type":"Feature","geometry":{"type":"Point","coordinates":[9.301319,45.582048]},"properties":{"type":"pakketpunt","locatieNaam":"TABACCHERIA N. 71","straatNaam":"VIA AMEDEO MODIGLIANI 1","straatNr":"","vervoerder":"DHL","puntType":"parcelShop","bezettingsgraad":50,"latitude":45.582048,"longitude":9.301319,"canPickup":true,"canDropoff":true,"openingstijden":{"ma":"07:00 - 19:30","di":"07:00 - 19:30","wo":"07:00 - 19:30","do":"07:00 - 19:30","vr":"07:00 - 19:30","za":"07:00 - 19:30","zo":"gesloten"}}},{"type":"Feature","geometry":{"type":"Point","coordinates":[9.28071,45.584945]},"properties":{"type":"pakketpunt","locatieNaam":"TABACCHERIA N. 6","straatNaam":"VIA VITTORIO EMANUELE II 53-B","straatNr":"","vervoerder":"DHL","puntType":"parcelShop","bezettingsgraad":50,"latitude":45.584945,"longitude":9.28071,"canPickup":true,"canDropoff":true,"openingstijden":{"ma":"06:00 - 18:30","di":"06:00 - 18:30","wo":"06:00 - 18:30","do":"06:00 - 18:30","vr":"06:00 - 18:30","za":"06:00 - 18:30","zo":"gesloten"}}},{"type":"Feature","geometry":{"type":"Point","coordinates":[9.275052,45.581885]},"properties":{"type":"pakketpunt","locatieNaam":"Ufficio Postale MONZA 2","straatNaam":"VIA SAN MARTINO 5","straatNr":"","vervoerder":"DHL","puntType":"postOffice","bezettingsgraad":50,"latitude":45.581885,"longitude":9.275052,"canPickup":true,"canDropoff":true,"openingstijden":{"ma":"08:20 - 13:35","di":"08:20 - 13:35","wo":"08:20 - 13:35","do":"08:20 - 13:35","vr":"08:20 - 13:35","za":"08:20 - 12:35","zo":"gesloten"}}},{"type":"Feature","geometry":{"type":"Point","coordinates":[9.283104,45.586667]},"properties":{"type":"pakketpunt","locatieNaam":"AD DIGITALE DI TROVO' ALBERTO","straatNaam":"Via Lecco, 162","straatNr":"","vervoerder":"DHL","puntType":"parcelShop","bezettingsgraad":50,"latitude":45.586667,"longitude":9.283104,"canPickup":false,"canDropoff":true,"openingstijden":{"ma":"08:30 - 19:30","di":"08:30 - 19:30","wo":"08:30 - 19:30","do":"08:30 - 19:30","vr":"08:30 - 19:30","za":"08:30 - 12:30","zo":"gesloten"}}},{"type":"Feature","geometry":{"type":"Point","coordinates":[9.275718,45.58428]},"properties":{"type":"pakketpunt","locatieNaam":"BENETTON - UCB - 012 - UNDE","straatNaam":"VIA VITTORIO EMANUELE II 2","straatNr":"","vervoerder":"DHL","puntType":"packStation","bezettingsgraad":50,"latitude":45.58428,"longitude":9.275718,"canPickup":true,"canDropoff":true,"openingstijden":{"ma":"10:00 - 20:00","di":"10:00 - 20:00","wo":"10:00 - 20:00","do":"10:00 - 20:00","vr":"10:00 - 20:00","za":"10:00 - 20:00","zo":"10:00 - 20:00"}}},{"type":"Feature","geometry":{"type":"Point","coordinates":[9.270378,45.576049]},"properties":{"type":"pakketpunt","locatieNaam":"Ufficio Postale MONZA","straatNaam":"CORSO MILANO 56","straatNr":"","vervoerder":"DHL","puntType":"postOffice","bezettingsgraad":50,"latitude":45.576049,"longitude":9.270378,"canPickup":true,"canDropoff":true,"openingstijden":{"ma":"08:20 - 19:05","di":"08:20 - 19:05","wo":"08:20 - 19:05","do":"08:20 - 19:05","vr":"08:20 - 19:05","za":"08:20 - 12:35","zo":"gesloten"}}},{"type":"Feature","geometry":{"type":"Point","coordinates":[9.270378,45.576049]},"properties":{"type":"pakketpunt","locatieNaam":"UFFICIO POSTALE MONZA","straatNaam":"CORSO MILANO 56","straatNr":"","vervoerder":"DHL","puntType":"packStation","bezettingsgraad":50,"latitude":45.576049,"longitude":9.270378,"canPickup":true,"canDropoff":true,"openingstijden":{"ma":"08:20 - 19:05","di":"08:20 - 19:05","wo":"08:20 - 19:05","do":"08:20 - 19:05","vr":"08:20 - 19:05","za":"08:20 - 12:35","zo":"gesloten"}}},{"type":"Feature","geometry":{"type":"Point","coordinates":[9.269595,45.57439]},"properties":{"type":"pakketpunt","locatieNaam":"D. TRANSFER","straatNaam":"Via Gaetano Casati  3 L","straatNr":"","vervoerder":"DHL","puntType":"parcelShop","bezettingsgraad":50,"latitude":45.57439,"longitude":9.269595,"canPickup":false,"canDropoff":true,"openingstijden":{"ma":"10:00 - 20:00","di":"10:00 - 20:00","wo":"10:00 - 20:00","do":"10:00 - 20:00","vr":"10:00 - 20:00","za":"10:00 - 20:00","zo":"gesloten"}}},{"type":"Feature","geometry":{"type":"Point","coordinates":[9.271988,45.58233]},"properties":{"type":"pakketpunt","locatieNaam":"KIPOINT VIA PASSERINI","straatNaam":"VIA ANTONIO GAMBACORTI PASSERINI 13","straatNr":"","vervoerder":"DHL","puntType":"parcelShop","bezettingsgraad":50,"latitude":45.58233,"longitude":9.271988,"canPickup":true,"canDropoff":true,"openingstijden":{"ma":"09:00 - 13:00, 14:00 - 18:00","di":"09:00 - 13:00, 14:00 - 18:00","wo":"09:00 - 13:00, 14:00 - 18:00","do":"09:00 - 13:00, 14:00 - 18:00","vr":"09:00 - 13:00, 14:00 - 18:00","za":"gesloten","zo":"gesloten"}}},{"type":"Feature","geometry":{"type":"Point","coordinates":[9.273773,45.585503]},"properties":{"type":"pakketpunt","locatieNaam":"TRAVEL ADVISOR","straatNaam":"Via Francesco Crispi 6","straatNr":"","vervoerder":"DHL","puntType":"parcelShop","bezettingsgraad":50,"latitude":45.585503,"longitude":9.273773,"canPickup":false,"canDropoff":true,"openingstijden":{"ma":"09:15 - 20:00","di":"09:15 - 20:00","wo":"09:15 - 20:00","do":"09:15 - 20:00","vr":"09:15 - 20:00","za":"09:15 - 20:00","zo":"gesloten"}}},{"type":"Feature","geometry":{"type":"Point","coordinates":[9.270601,45.56686]},"properties":{"type":"pakketpunt","locatieNaam":"TABACCHERIA N. 61","straatNaam":"VIA MONTE GRAPPA 4","straatNr":"","vervoerder":"DHL","puntType":"parcelShop","bezettingsgraad":50,"latitude":45.56686,"longitude":9.270601,"canPickup":true,"canDropoff":true,"openingstijden":{"ma":"06:30 - 18:00","di":"06:30 - 18:00","wo":"06:30 - 18:00","do":"06:30 - 18:00","vr":"06:30 - 18:00","za":"06:30 - 11:30","zo":"gesloten"}}},{"type":"Feature","geometry":{"type":"Point","coordinates":[9.310381,45.570575]},"properties":{"type":"pakketpunt","locatieNaam":"TABACCHERIA N. 19","straatNaam":"VIA MARCO DAGRATE 2","straatNr":"","vervoerder":"DHL","puntType":"parcelShop","bezettingsgraad":50,"latitude":45.570575,"longitude":9.310381,"canPickup":true,"canDropoff":true,"openingstijden":{"ma":"07:00 - 19:00","di":"07:00 - 19:00","wo":"07:00 - 19:00","do":"07:00 - 19:00","vr":"07:00 - 19:00","za":"07:00 - 19:00","zo":"gesloten"}}},{"type":"Feature","geometry":{"type":"Point","coordinates":[9.27048,45.584768]},"properties":{"type":"pakketpunt","locatieNaam":"DHL STORE MONZA","straatNaam":"Via Manzoni 16","straatNr":"","vervoerder":"DHL","puntType":"parcelShop","bezettingsgraad":50,"latitude":45.584768,"longitude":9.27048,"canPickup":false,"canDropoff":true,"openingstijden":{"ma":"09:30 - 19:30","di":"09:30 - 19:30","wo":"09:30 - 19:30","do":"09:30 - 19:30","vr":"09:30 - 19:30","za":"09:00 - 16:00","zo":"gesloten"}}},{"type":"Feature","geometry":{"type":"Point","coordinates":[9.299032,45.590121]},"properties":{"type":"pakketpunt","locatieNaam":"STAZIONE DI SERVIZIO IP","straatNaam":"VIALE LIBERTA 108","straatNr":"","vervoerder":"DHL","puntType":"packStation","bezettingsgraad":50,"latitude":45.590121,"longitude":9.299032,"canPickup":true,"canDropoff":true,"openingstijden":{"ma":"00:01 - 23:59","di":"00:01 - 23:59","wo":"00:01 - 23:59","do":"00:01 - 23:59","vr":"00:01 - 23:59","za":"00:01 - 23:59","zo":"00:01 - 23:59"}}},{"type":"Feature","geometry":{"type":"Point","coordinates":[9.2663,45.581]},"properties":{"type":"pakketpunt","locatieNaam":"LIBRERIA ISTITUTI NUOVI","straatNaam":"Via Cavallotti 35","straatNr":"","vervoerder":"DHL","puntType":"parcelShop","bezettingsgraad":50,"latitude":45.581,"longitude":9.2663,"canPickup":false,"canDropoff":true,"openingstijden":{"ma":"15:00 - 19:00","di":"08:30 - 19:00","wo":"08:30 - 19:00","do":"08:30 - 19:00","vr":"08:30 - 19:00","za":"08:30 - 19:00","zo":"gesloten"}}},{"type":"Feature","geometry":{"type":"Point","coordinates":[9.30377,45.58924]},"properties":{"type":"pakketpunt","locatieNaam":"KIKI BAR EDICOLA","straatNaam":"Giovanni Bertacchi 6","straatNr":"","vervoerder":"DHL","puntType":"parcelShop","bezettingsgraad":50,"latitude":45.58924,"longitude":9.30377,"canPickup":false,"canDropoff":true,"openingstijden":{"ma":"06:00 - 19:00","di":"06:00 - 19:00","wo":"06:00 - 19:00","do":"06:00 - 19:00","vr":"06:00 - 19:00","za":"06:00 - 19:00","zo":"gesloten"}}},{"type":"Feature","geometry":{"type":"Point","coordinates":[9.303822,45.589232]},"properties":{"type":"pakketpunt","locatieNaam":"KIKI BAR","straatNaam":"VIA GIOVANNI BERTACCHI 6","straatNr":"","vervoerder":"DHL","puntType":"parcelShop","bezettingsgraad":50,"latitude":45.589232,"longitude":9.303822,"canPickup":true,"canDropoff":true,"openingstijden":{"ma":"06:00 - 19:00","di":"06:00 - 19:00","wo":"06:00 - 19:00","do":"06:00 - 19:00","vr":"06:00 - 19:00","za":"06:00 - 19:00","zo":"gesloten"}}},{"type":"Feature","geometry":{"type":"Point","coordinates":[9.301289,45.592716]},"properties":{"type":"pakketpunt","locatieNaam":"Ufficio Postale MONZA 1","straatNaam":"VIA GEROLAMO GASLINI 1","straatNr":"","vervoerder":"DHL","puntType":"postOffice","bezettingsgraad":50,"latitude":45.592716,"longitude":9.301289,"canPickup":true,"canDropoff":true,"openingstijden":{"ma":"08:20 - 13:35","di":"08:20 - 13:35","wo":"08:20 - 13:35","do":"08:20 - 13:35","vr":"08:20 - 13:35","za":"08:20 - 12:35","zo":"gesloten"}}},{"type":"Feature","geometry":{"type":"Point","coordinates":[9.262089,45.578884]},"properties":{"type":"pakketpunt","locatieNaam":"CENTROEDILE","straatNaam":"VIA CURTATONE 5","straatNr":"","vervoerder":"DHL","puntType":"packStation","bezettingsgraad":50,"latitude":45.578884,"longitude":9.262089,"canPickup":true,"canDropoff":true,"openingstijden":{"ma":"06:30 - 12:00, 13:00 - 17:30","di":"06:30 - 12:00, 13:00 - 17:30","wo":"06:30 - 12:00, 13:00 - 17:30","do":"06:30 - 12:00, 13:00 - 17:30","vr":"06:30 - 12:00, 13:00 - 17:30","za":"07:00 - 12:00","zo":"gesloten"}}},{"type":"Feature","geometry":{"type":"Point","coordinates":[9.269051,45.588781]},"properties":{"type":"pakketpunt","locatieNaam":"Ufficio Postale MONZA 3","straatNaam":"VIA ALESSANDRO VOLTA 21","straatNr":"","vervoerder":"DHL","puntType":"postOffice","bezettingsgraad":50,"latitude":45.588781,"longitude":9.269051,"canPickup":true,"canDropoff":true,"openingstijden":{"ma":"08:20 - 13:35","di":"08:20 - 13:35","wo":"08:20 - 13:35","do":"08:20 - 13:35","vr":"08:20 - 13:35","za":"08:20 - 12:35","zo":"gesloten"}}},{"type":"Feature","geometry":{"type":"Point","coordinates":[9.259091,45.575024]},"properties":{"type":"pakketpunt","locatieNaam":"TABACCHERIA N. 60","straatNaam":"VIA MARSALA 60","straatNr":"","vervoerder":"DHL","puntType":"parcelShop","bezettingsgraad":50,"latitude":45.575024,"longitude":9.259091,"canPickup":true,"canDropoff":true,"openingstijden":{"ma":"06:00 - 20:00","di":"06:00 - 20:00","wo":"06:00 - 20:00","do":"06:00 - 20:00","vr":"06:00 - 20:00","za":"06:00 - 20:00","zo":"07:00 - 15:00"}}},{"type":"Feature","geometry":{"type":"Point","coordinates":[9.258644,45.579061]},"properties":{"type":"pakketpunt","locatieNaam":"TABACCHERIA N. 47","straatNaam":"VIA FELICE CAVALLOTTI 88","straatNr":"","vervoerder":"DHL","puntType":"parcelShop","bezettingsgraad":50,"latitude":45.579061,"longitude":9.258644,"canPickup":true,"canDropoff":true,"openingstijden":{"ma":"08:15 - 19:15","di":"08:15 - 19:15","wo":"08:15 - 19:15","do":"08:15 - 19:15","vr":"08:15 - 19:15","za":"08:30 - 19:15","zo":"gesloten"}}},{"type":"Feature","geometry":{"type":"Point","coordinates":[9.255801,45.57834]},"properties":{"type":"pakketpunt","locatieNaam":"QUIP.UPS","straatNaam":"VIA FELICE CAVALLOTTI 104","straatNr":"","vervoerder":"DHL","puntType":"parcelShop","bezettingsgraad":50,"latitude":45.57834,"longitude":9.255801,"canPickup":true,"canDropoff":true,"openingstijden":{"ma":"08:20 - 12:45, 15:00 - 18:30","di":"08:20 - 12:45, 15:00 - 18:30","wo":"08:20 - 12:45, 15:00 - 18:30","do":"08:20 - 12:45, 15:00 - 18:30","vr":"08:20 - 12:45, 15:00 - 18:30","za":"08:20 - 12:45","zo":"gesloten"}}},{"type":"Feature","geometry":{"type":"Point","coordinates":[9.255627,45.574081]},"properties":{"type":"pakketpunt","locatieNaam":"TABACCHERIA N. 90","straatNaam":"VIA ROMAGNA 8","straatNr":"","vervoerder":"DHL","puntType":"parcelShop","bezettingsgraad":50,"latitude":45.574081,"longitude":9.255627,"canPickup":true,"canDropoff":true,"openingstijden":{"ma":"07:30 - 19:30","di":"07:30 - 19:30","wo":"07:30 - 19:30","do":"07:30 - 19:30","vr":"07:30 - 19:30","za":"07:30 - 19:30","zo":"gesloten"}}},{"type":"Feature","geometry":{"type":"Point","coordinates":[9.254945,45.578121]},"properties":{"type":"pakketpunt","locatieNaam":"STAZIONE DI SERVIZIO IP","straatNaam":"VIA FELICE CAVALLOTTI 110","straatNr":"","vervoerder":"DHL","puntType":"packStation","bezettingsgraad":50,"latitude":45.578121,"longitude":9.254945,"canPickup":true,"canDropoff":true,"openingstijden":{"ma":"00:01 - 23:59","di":"00:01 - 23:59","wo":"00:01 - 23:59","do":"00:01 - 23:59","vr":"00:01 - 23:59","za":"00:01 - 23:59","zo":"00:01 - 23:59"}}},{"type":"Feature","geometry":{"type":"Point","coordinates":[9.251701,45.572793]},"properties":{"type":"pakketpunt","locatieNaam":"TABACCHERIA N. 67","straatNaam":"VIA ROMAGNA 41-B","straatNr":"","vervoerder":"DHL","puntType":"parcelShop","bezettingsgraad":50,"latitude":45.572793,"longitude":9.251701,"canPickup":true,"canDropoff":true,"openingstijden":{"ma":"07:00 - 19:30","di":"07:00 - 19:30","wo":"07:00 - 19:30","do":"07:00 - 19:30","vr":"07:00 - 19:30","za":"07:00 - 19:30","zo":"gesloten"}}},{"type":"Feature","geometry":{"type":"Point","coordinates":[9.259938,45.593447]},"properties":{"type":"pakketpunt","locatieNaam":"CARREFOUR BOITO SUPERSTORE","straatNaam":"VIA ARRIGO BOITO 9","straatNr":"","vervoerder":"DHL","puntType":"parcelShop","bezettingsgraad":50,"latitude":45.593447,"longitude":9.259938,"canPickup":true,"canDropoff":true,"openingstijden":{"ma":"08:00 - 19:00","di":"08:00 - 19:00","wo":"08:00 - 19:00","do":"08:00 - 19:00","vr":"08:00 - 19:00","za":"08:00 - 19:00","zo":"gesloten"}}},{"type":"Feature","geometry":{"type":"Point","coordinates":[9.24186,45.57093]},"properties":{"type":"pakketpunt","locatieNaam":"MATITA MOUSE","straatNaam":"Via Ugo Bassi 2","straatNr":"","vervoerder":"DHL","puntType":"parcelShop","bezettingsgraad":50,"latitude":45.57093,"longitude":9.24186,"canPickup":false,"canDropoff":true,"openingstijden":{"ma":"09:00 - 19:00","di":"09:00 - 19:00","wo":"09:00 - 19:00","do":"09:00 - 19:00","vr":"09:00 - 19:00","za":"09:30 - 12:30","zo":"gesloten"}}},{"type":"Feature","geometry":{"type":"Point","coordinates":[9.241878,45.570597]},"properties":{"type":"pakketpunt","locatieNaam":"Matita e Mouse","straatNaam":"VIA ENRICO TAZZOLI 13","straatNr":"","vervoerder":"DHL","puntType":"parcelShop","bezettingsgraad":50,"latitude":45.570597,"longitude":9.241878,"canPickup":true,"canDropoff":true,"openingstijden":{"ma":"09:00 - 12:30, 15:30 - 19:00","di":"09:00 - 12:30, 15:30 - 19:00","wo":"09:00 - 12:30, 15:30 - 19:00","do":"09:00 - 12:30, 15:30 - 19:00","vr":"09:00 - 12:30, 15:30 - 19:00","za":"09:00 - 12:30","zo":"gesloten"}}},{"type":"Feature","geometry":{"type":"Point","coordinates":[9.253551,45.59602]},"properties":{"type":"pakketpunt","locatieNaam":"CENTRO SPORTIVO - MOVING PA","straatNaam":"VIA DELLA BIRONA 56","straatNr":"","vervoerder":"DHL","puntType":"packStation","bezettingsgraad":50,"latitude":45.59602,"longitude":9.253551,"canPickup":true,"canDropoff":true,"openingstijden":{"ma":"08:30 - 22:30","di":"08:30 - 22:30","wo":"08:30 - 22:30","do":"08:30 - 22:30","vr":"08:30 - 22:30","za":"09:00 - 20:00","zo":"09:00 - 20:00"}}},{"type":"Feature","geometry":{"type":"Point","coordinates":[9.249081,45.578445]},"properties":{"type":"pakketpunt","locatieNaam":"Ufficio Postale MONZA 7","straatNaam":"VIALE LOMBARDIA 111","straatNr":"","vervoerder":"DHL","puntType":"postOffice","bezettingsgraad":50,"latitude":45.578445,"longitude":9.249081,"canPickup":true,"canDropoff":true,"openingstijden":{"ma":"08:20 - 13:35","di":"08:20 - 13:35","wo":"08:20 - 13:35","do":"08:20 - 13:35","vr":"08:20 - 13:35","za":"08:20 - 12:35","zo":"gesloten"}}},{"type":"Feature","geometry":{"type":"Point","coordinates":[9.243461,45.570862]},"properties":{"type":"pakketpunt","locatieNaam":"TABACCHERIA N. 89","straatNaam":"VIA SAN FRUTTUOSO 13","straatNr":"","vervoerder":"DHL","puntType":"parcelShop","bezettingsgraad":50,"latitude":45.570862,"longitude":9.243461,"canPickup":true,"canDropoff":true,"openingstijden":{"ma":"08:00 - 13:00, 15:00 - 19:30","di":"08:00 - 13:00, 15:00 - 19:30","wo":"08:00 - 13:00, 15:00 - 19:30","do":"08:00 - 13:00, 15:00 - 19:30","vr":"08:00 - 13:00, 15:00 - 19:30","za":"08:00 - 13:00, 15:00 - 19:30","zo":"gesloten"}}},{"type":"Feature","geometry":{"type":"Point","coordinates":[9.2503847,45.5989524]},"properties":{"type":"pakketpunt","locatieNaam":"Amazon Locker - terziana","straatNaam":"Ciwas - Moving","straatNr":"","vervoerder":"Amazon","puntType":"locker","bezettingsgraad":50,"latitude":45.5989524,"longitude":9.2503847,"canPickup":true,"canDropoff":false,"openingstijden":null}},{"type":"Feature","geometry":{"type":"Point","coordinates":[9.249222,45.58992]},"properties":{"type":"pakketpunt","locatieNaam":"Amazon Locker - aiko","straatNaam":"CC Rondò dei Pini Monza","straatNr":"","vervoerder":"Amazon","puntType":"locker","bezettingsgraad":50,"latitude":45.58992,"longitude":9.249222,"canPickup":true,"canDropoff":false,"openingstijden":null}},{"type":"Feature","geometry":{"type":"Point","coordinates":[9.2499273,45.5896419]},"properties":{"type":"pakketpunt","locatieNaam":"Giunti al Punto","straatNaam":"Via Lario 17 Strada Statale 36","straatNr":"","vervoerder":"Amazon","puntType":"helix","bezettingsgraad":50,"latitude":45.5896419,"longitude":9.2499273,"canPickup":true,"canDropoff":false,"openingstijden":null}},{"type":"Feature","geometry":{"type":"Point","coordinates":[9.27240396871719,45.5800623]},"properties":{"type":"pakketpunt","locatieNaam":"Amazon Counter (fermopoint)","straatNaam":"Verde Frutta e Verdura","straatNr":"","vervoerder":"Amazon","puntType":"helix","bezettingsgraad":50,"latitude":45.5800623,"longitude":9.27240396871719,"canPickup":true,"canDropoff":false,"openingstijden":null}},{"type":"Feature","geometry":{"type":"Point","coordinates":[9.2468967,45.5741878]},"properties":{"type":"pakketpunt","locatieNaam":"Amazon Locker - ubaldino","straatNaam":"ENI Station pv.2172","straatNr":"","vervoerder":"Amazon","puntType":"locker","bezettingsgraad":50,"latitude":45.5741878,"longitude":9.2468967,"canPickup":true,"canDropoff":false,"openingstijden":null}},{"type":"Feature","geometry":{"type":"Point","coordinates":[9.255033,45.578208]},"properties":{"type":"pakketpunt","locatieNaam":"Amazon Locker - raniera","straatNaam":"Stazione IP - Monza - Via Cavallotti 110","straatNr":"","vervoerder":"Amazon","puntType":"locker","bezettingsgraad":50,"latitude":45.578208,"longitude":9.255033,"canPickup":true,"canDropoff":false,"openingstijden":null}},{"type":"Feature","geometry":{"type":"Point","coordinates":[9.2645858,45.5769844]},"properties":{"type":"pakketpunt","locatieNaam":"Amazon Locker - dorino","straatNaam":"COOP Monza Marsala","straatNr":"","vervoerder":"Amazon","puntType":"locker","bezettingsgraad":50,"latitude":45.5769844,"longitude":9.2645858,"canPickup":true,"canDropoff":false,"openingstijden":null}},{"type":"Feature","geometry":{"type":"Point","coordinates":[9.290649,45.581124]},"properties":{"type":"pakketpunt","locatieNaam":"Amazon Locker - robertina.","straatNaam":"OKSigma - Monza","straatNr":"","vervoerder":"Amazon","puntType":"locker","bezettingsgraad":50,"latitude":45.581124,"longitude":9.290649,"canPickup":true,"canDropoff":false,"openingstijden":null}},{"type":"Feature","geometry":{"type":"Point","coordinates":[9.244049,45.5676745]},"properties":{"type":"pakketpunt","locatieNaam":"Amazon Locker - uberta","straatNaam":"ENI Station pv.51897","straatNr":"","vervoerder":"Amazon","puntType":"locker","bezettingsgraad":50,"latitude":45.5676745,"longitude":9.244049,"canPickup":true,"canDropoff":false,"openingstijden":null}},{"type":"Feature","geometry":{"type":"Point","coordinates":[9.260828,45.575027]},"properties":{"type":"pakketpunt","locatieNaam":"Amazon Locker - elvezia","straatNaam":"U2 Monza Marsala","straatNr":"","vervoerder":"Amazon","puntType":"locker","bezettingsgraad":50,"latitude":45.575027,"longitude":9.260828,"canPickup":true,"canDropoff":false,"openingstijden":null}},{"type":"Feature","geometry":{"type":"Point","coordinates":[9.2604883,45.6011296]},"properties":{"type":"pakketpunt","locatieNaam":"Giunti al Punto","straatNaam":"Via G. B. Pergolesi 33","straatNr":"","vervoerder":"Amazon","puntType":"helix","bezettingsgraad":50,"latitude":45.6011296,"longitude":9.2604883,"canPickup":true,"canDropoff":false,"openingstijden":null}},{"type":"Feature","geometry":{"type":"Point","coordinates":[9.2639018,45.5991203]},"properties":{"type":"pakketpunt","locatieNaam":"Amazon Locker - ausilia","straatNaam":"Humanitas Monza","straatNr":"","vervoerder":"Amazon","puntType":"locker","bezettingsgraad":50,"latitude":45.5991203,"longitude":9.2639018,"canPickup":true,"canDropoff":false,"openingstijden":null}},{"type":"Feature","geometry":{"type":"Point","coordinates":[9.3102815,45.5870013]},"properties":{"type":"pakketpunt","locatieNaam":"Amazon Locker - ferrera","straatNaam":"Q8 Easy pv.0998","straatNr":"","vervoerder":"Amazon","puntType":"locker","bezettingsgraad":50,"latitude":45.5870013,"longitude":9.3102815,"canPickup":true,"canDropoff":false,"openingstijden":null}},{"type":"Feature","geometry":{"type":"Point","coordinates":[9.31179,45.58618]},"properties":{"type":"pakketpunt","locatieNaam":"Amazon Locker - marilena","straatNaam":"Iper Monza","straatNr":"","vervoerder":"Amazon","puntType":"locker","bezettingsgraad":50,"latitude":45.58618,"longitude":9.31179,"canPickup":true,"canDropoff":false,"openingstijden":null}},{"type":"Feature","geometry":{"type":"Point","coordinates":[9.299127,45.59005]},"properties":{"type":"pakketpunt","locatieNaam":"Amazon Locker - ardoino","straatNaam":"Stazione IP Franchising - Monza - Viale Libert�, 108","straatNr":"","vervoerder":"Amazon","puntType":"locker","bezettingsgraad":50,"latitude":45.59005,"longitude":9.299127,"canPickup":true,"canDropoff":false,"openingstijden":null}},{"type":"Feature","geometry":{"type":"Point","coordinates":[9.2583292,45.5660272]},"properties":{"type":"pakketpunt","locatieNaam":"Amazon Locker - miniato","straatNaam":"Stazione Tamoil - PV 2253","straatNr":"","vervoerder":"Amazon","puntType":"locker","bezettingsgraad":50,"latitude":45.5660272,"longitude":9.2583292,"canPickup":true,"canDropoff":false,"openingstijden":null}},{"type":"Feature","geometry":{"type":"Point","coordinates":[9.284458,45.569955]},"properties":{"type":"pakketpunt","locatieNaam":"Amazon Locker - efisio","straatNaam":"Q8 Easy pv.1115","straatNr":"","vervoerder":"Amazon","puntType":"locker","bezettingsgraad":50,"latitude":45.569955,"longitude":9.284458,"canPickup":true,"canDropoff":false,"openingstijden":null}},{"type":"Feature","geometry":{"type":"Point","coordinates":[9.2864,45.5815]},"properties":{"type":"pakketpunt","locatieNaam":"Amazon Locker - ottimo","straatNaam":"MONZO SHOP H24 - Monza","straatNr":"","vervoerder":"Amazon","puntType":"locker","bezettingsgraad":50,"latitude":45.5815,"longitude":9.2864,"canPickup":true,"canDropoff":false,"openingstijden":null}},{"type":"Feature","geometry":{"type":"Point","coordinates":[9.2924534,45.5688004]},"properties":{"type":"pakketpunt","locatieNaam":"Amazon Locker - naldo","straatNaam":"Stazione ESSO - Monza Viale delle industrie","straatNr":"","vervoerder":"Amazon","puntType":"locker","bezettingsgraad":50,"latitude":45.5688004,"longitude":9.2924534,"canPickup":true,"canDropoff":false,"openingstijden":null}},{"type":"Feature","geometry":{"type":"Point","coordinates":[9.282547,45.581338]},"properties":{"type":"pakketpunt","locatieNaam":"Amazon Counter - Fastway multi services","straatNaam":"Via Michelangelo Buonarroti, 1c","straatNr":"","vervoerder":"Amazon","puntType":"helix","bezettingsgraad":50,"latitude":45.581338,"longitude":9.282547,"canPickup":true,"canDropoff":false,"openingstijden":null}},{"type":"Feature","geometry":{"type":"Point","coordinates":[9.289222,45.5813975]},"properties":{"type":"pakketpunt","locatieNaam":"Amazon Locker - alfredina","straatNaam":"Fermopoint / Lavanderia Self Service","straatNr":"","vervoerder":"Amazon","puntType":"locker","bezettingsgraad":50,"latitude":45.5813975,"longitude":9.289222,"canPickup":true,"canDropoff":false,"openingstijden":null}},{"type":"Feature","geometry":{"type":"Point","coordinates":[9.294228,45.570075]},"properties":{"type":"pakketpunt","locatieNaam":"Amazon Locker - ANCOMARZIO","straatNaam":"Stazione ESSO - Monza (105126)","straatNr":"","vervoerder":"Amazon","puntType":"locker","bezettingsgraad":50,"latitude":45.570075,"longitude":9.294228,"canPickup":true,"canDropoff":false,"openingstijden":null}},{"type":"Feature","geometry":{"type":"Point","coordinates":[9.283664,45.571608]},"properties":{"type":"pakketpunt","locatieNaam":"Amazon Counter (fermopoint)","straatNaam":"Luce Gas Ok Monza","straatNr":"","vervoerder":"Amazon","puntType":"helix","bezettingsgraad":50,"latitude":45.571608,"longitude":9.283664,"canPickup":true,"canDropoff":false,"openingstijden":null}},{"type":"Feature","geometry":{"type":"Point","coordinates":[9.282215,45.580711]},"properties":{"type":"pakketpunt","locatieNaam":"Amazon Counter","straatNaam":"Gifer Ferramenta Casalinghi (fermopoint)","straatNr":"","vervoerder":"Amazon","puntType":"helix","bezettingsgraad":50,"latitude":45.580711,"longitude":9.282215,"canPickup":true,"canDropoff":false,"openingstijden":null}},{"type":"Feature","geometry":{"type":"Point","coordinates":[9.2779569,45.5778963]},"properties":{"type":"pakketpunt","locatieNaam":"Amazon Locker - lenin","straatNaam":"Ironfit Monza","straatNr":"","vervoerder":"Amazon","puntType":"locker","bezettingsgraad":50,"latitude":45.5778963,"longitude":9.2779569,"canPickup":true,"canDropoff":false,"openingstijden":null}},{"type":"Feature","geometry":{"type":"Point","coordinates":[9.282227,45.57878]},"properties":{"type":"pakketpunt","locatieNaam":"Amazon Counter (fermopoint)","straatNaam":"Consulenze e Servizi","straatNr":"","vervoerder":"Amazon","puntType":"helix","bezettingsgraad":50,"latitude":45.57878,"longitude":9.282227,"canPickup":true,"canDropoff":false,"openingstijden":null}},{"type":"Feature","geometry":{"type":"Point","coordinates":[9.26648,45.5962]},"properties":{"type":"pakketpunt","locatieNaam":"Amazon Counter - PRIMAEDICOLA","straatNaam":"COLOMBO FABIO","straatNr":"","vervoerder":"Amazon","puntType":"helix","bezettingsgraad":50,"latitude":45.5962,"longitude":9.26648,"canPickup":true,"canDropoff":false,"openingstijden":null}},{"type":"Feature","geometry":{"type":"Point","coordinates":[9.31038,45.5705]},"properties":{"type":"pakketpunt","locatieNaam":"PuntoPoste TABACCHERIA N. 19","straatNaam":"VIA MARCO D'AGRATE 2","straatNr":"","vervoerder":"Amazon","puntType":"3p","bezettingsgraad":50,"latitude":45.5705,"longitude":9.31038,"canPickup":true,"canDropoff":false,"openingstijden":null}},{"type":"Feature","geometry":{"type":"Point","coordinates":[9.308491,45.570754]},"properties":{"type":"pakketpunt","locatieNaam":"Amazon Counter - PIZZERIA TRICOLORE","straatNaam":"VIA FRANCESCO FERRUCCI 2","straatNr":"","vervoerder":"Amazon","puntType":"helix","bezettingsgraad":50,"latitude":45.570754,"longitude":9.308491,"canPickup":true,"canDropoff":false,"openingstijden":null}},{"type":"Feature","geometry":{"type":"Point","coordinates":[9.241887,45.57052]},"properties":{"type":"pakketpunt","locatieNaam":"FedEx OnSite","straatNaam":"Via Tazzoli, 13","straatNr":"","vervoerder":"FedEx","puntType":"servicepunt","bezettingsgraad":50,"latitude":45.57052,"longitude":9.241887,"canPickup":true,"canDropoff":true,"openingstijden":{"ma":"09:00 - 12:30, 15:30 - 19:00","di":"09:00 - 12:30, 15:30 - 19:00","wo":"09:00 - 12:30, 15:30 - 19:00","do":"09:00 - 12:30, 15:30 - 19:00","vr":"09:00 - 12:30, 15:30 - 19:00","za":"09:30 - 12:30","zo":"gesloten"}}},{"type":"Feature","geometry":{"type":"Point","coordinates":[9.253269,45.570771]},"properties":{"type":"pakketpunt","locatieNaam":"FedEx OnSite","straatNaam":"VIA GIULIO SILVA, 22","straatNr":"","vervoerder":"FedEx","puntType":"servicepunt","bezettingsgraad":50,"latitude":45.570771,"longitude":9.253269,"canPickup":true,"canDropoff":true,"openingstijden":{"ma":"15:30 - 19:30","di":"10:00 - 12:00, 15:30 - 19:30","wo":"10:00 - 12:00, 15:30 - 19:30","do":"10:00 - 12:00, 15:30 - 19:30","vr":"10:00 - 12:00, 15:30 - 19:30","za":"10:00 - 12:30, 14:30 - 19:30","zo":"15:00 - 19:30"}}},{"type":"Feature","geometry":{"type":"Point","coordinates":[9.259567,45.56309]},"properties":{"type":"pakketpunt","locatieNaam":"FedEx OnSite","straatNaam":"via borgazzi, 127","straatNr":"","vervoerder":"FedEx","puntType":"servicepunt","bezettingsgraad":50,"latitude":45.56309,"longitude":9.259567,"canPickup":true,"canDropoff":true,"openingstijden":{"ma":"07:30 - 13:30, 15:00 - 19:00","di":"07:30 - 13:30, 15:00 - 19:00","wo":"07:30 - 13:30, 15:00 - 19:00","do":"07:30 - 13:30, 15:00 - 19:00","vr":"07:30 - 13:30, 15:00 - 19:00","za":"07:30 - 13:30, 15:00 - 19:00","zo":"gesloten"}}},{"type":"Feature","geometry":{"type":"Point","coordinates":[9.255496,45.57828]},"properties":{"type":"pakketpunt","locatieNaam":"FedEx OnSite","straatNaam":"VIA FELICE CAVALLOTTI 104","straatNr":"","vervoerder":"FedEx","puntType":"servicepunt","bezettingsgraad":50,"latitude":45.57828,"longitude":9.255496,"canPickup":true,"canDropoff":true,"openingstijden":{"ma":"08:20 - 12:45, 15:00 - 18:20","di":"08:20 - 12:45, 15:00 - 18:20","wo":"08:20 - 12:45, 15:00 - 18:20","do":"08:20 - 12:45, 15:00 - 18:20","vr":"08:20 - 12:45, 15:00 - 18:20","za":"08:20 - 12:45","zo":"gesloten"}}},{"type":"Feature","geometry":{"type":"Point","coordinates":[9.265508,45.565333]},"properties":{"type":"pakketpunt","locatieNaam":"FedEx OnSite","straatNaam":"via gabriele d'annunzio, 17","straatNr":"","vervoerder":"FedEx","puntType":"servicepunt","bezettingsgraad":50,"latitude":45.565333,"longitude":9.265508,"canPickup":true,"canDropoff":true,"openingstijden":{"ma":"08:30 - 12:00, 15:30 - 19:00","di":"08:30 - 12:00, 15:30 - 19:00","wo":"08:30 - 12:00, 15:30 - 19:00","do":"08:30 - 12:00, 15:30 - 19:00","vr":"08:30 - 12:00, 15:30 - 19:00","za":"08:30 - 12:00","zo":"gesloten"}}},{"type":"Feature","geometry":{"type":"Point","coordinates":[9.26546,45.570672]},"properties":{"type":"pakketpunt","locatieNaam":"FedEx OnSite","straatNaam":"VIA GEROLAMO BORGAZZI, 38","straatNr":"","vervoerder":"FedEx","puntType":"servicepunt","bezettingsgraad":50,"latitude":45.570672,"longitude":9.26546,"canPickup":true,"canDropoff":true,"openingstijden":{"ma":"09:00 - 19:30","di":"09:00 - 19:30","wo":"09:00 - 19:30","do":"09:00 - 19:30","vr":"09:00 - 19:30","za":"09:00 - 13:00, 15:00 - 19:30","zo":"gesloten"}}},{"type":"Feature","geometry":{"type":"Point","coordinates":[9.26691,45.57428]},"properties":{"type":"pakketpunt","locatieNaam":"FedEx OnSite","straatNaam":"VIA GAETANO CASATI, 3L","straatNr":"","vervoerder":"FedEx","puntType":"servicepunt","bezettingsgraad":50,"latitude":45.57428,"longitude":9.26691,"canPickup":true,"canDropoff":true,"openingstijden":{"ma":"10:00 - 20:00","di":"10:00 - 20:00","wo":"10:00 - 20:00","do":"10:00 - 20:00","vr":"10:00 - 20:00","za":"10:00 - 20:00","zo":"10:00 - 20:00"}}},{"type":"Feature","geometry":{"type":"Point","coordinates":[9.26909417822439,45.57973788691359]},"properties":{"type":"pakketpunt","locatieNaam":"FedEx OnSite","straatNaam":"VIA MAGENTA 9","straatNr":"","vervoerder":"FedEx","puntType":"servicepunt","bezettingsgraad":50,"latitude":45.57973788691359,"longitude":9.26909417822439,"canPickup":true,"canDropoff":true,"openingstijden":{"ma":"08:30 - 19:00","di":"08:30 - 19:00","wo":"08:30 - 19:00","do":"08:30 - 19:00","vr":"08:30 - 19:00","za":"09:30 - 12:30, 15:30 - 18:30","zo":"gesloten"}}},{"type":"Feature","geometry":{"type":"Point","coordinates":[9.272927970242998,45.58017138169048]},"properties":{"type":"pakketpunt","locatieNaam":"FedEx OnSite","straatNaam":"VIA ANTONIO GRAMSCI, 1","straatNr":"","vervoerder":"FedEx","puntType":"servicepunt","bezettingsgraad":50,"latitude":45.58017138169048,"longitude":9.272927970242998,"canPickup":true,"canDropoff":true,"openingstijden":{"ma":"10:00 - 19:30","di":"10:00 - 19:30","wo":"10:00 - 19:30","do":"10:00 - 19:30","vr":"10:00 - 19:30","za":"10:00 - 17:30","zo":"gesloten"}}},{"type":"Feature","geometry":{"type":"Point","coordinates":[9.271761,45.582911]},"properties":{"type":"pakketpunt","locatieNaam":"FedEx OnSite","straatNaam":"Via Alessandro Manzoni, 25/A","straatNr":"","vervoerder":"FedEx","puntType":"servicepunt","bezettingsgraad":50,"latitude":45.582911,"longitude":9.271761,"canPickup":true,"canDropoff":true,"openingstijden":{"ma":"10:00 - 13:00, 14:00 - 17:00","di":"10:00 - 13:00, 14:00 - 18:30","wo":"10:00 - 13:00, 14:00 - 18:30","do":"10:00 - 13:00, 14:00 - 18:30","vr":"10:00 - 13:00, 14:00 - 18:30","za":"10:00 - 12:00, 15:00 - 18:30","zo":"gesloten"}}},{"type":"Feature","geometry":{"type":"Point","coordinates":[9.269190756045171,45.58890077930449]},"properties":{"type":"pakketpunt","locatieNaam":"FedEx OnSite","straatNaam":"VIA ALESSANDRO VOLTA 20","straatNr":"","vervoerder":"FedEx","puntType":"servicepunt","bezettingsgraad":50,"latitude":45.58890077930449,"longitude":9.269190756045171,"canPickup":true,"canDropoff":true,"openingstijden":{"ma":"08:20 - 13:20, 15:00 - 17:00","di":"08:20 - 13:20, 15:00 - 17:00","wo":"08:20 - 13:20, 15:00 - 17:00","do":"08:20 - 13:20, 15:00 - 17:00","vr":"08:20 - 13:20, 15:00 - 17:00","za":"09:00 - 13:00","zo":"gesloten"}}},{"type":"Feature","geometry":{"type":"Point","coordinates":[9.269360382523555,45.588901973006244]},"properties":{"type":"pakketpunt","locatieNaam":"FedEx OnSite","straatNaam":"VIA VOLTA, 20","straatNr":"","vervoerder":"FedEx","puntType":"servicepunt","bezettingsgraad":50,"latitude":45.588901973006244,"longitude":9.269360382523555,"canPickup":true,"canDropoff":true,"openingstijden":{"ma":"08:30 - 13:30","di":"08:30 - 13:30","wo":"08:30 - 13:30","do":"08:30 - 13:30","vr":"08:30 - 13:30","za":"gesloten","zo":"gesloten"}}},{"type":"Feature","geometry":{"type":"Point","coordinates":[9.282755897949011,45.57887832807564]},"properties":{"type":"pakketpunt","locatieNaam":"FedEx OnSite","straatNaam":"via michelangelo buonarroti, 31","straatNr":"","vervoerder":"FedEx","puntType":"servicepunt","bezettingsgraad":50,"latitude":45.57887832807564,"longitude":9.282755897949011,"canPickup":true,"canDropoff":true,"openingstijden":{"ma":"09:00 - 18:30","di":"09:00 - 18:30","wo":"09:00 - 18:30","do":"09:00 - 18:30","vr":"09:00 - 18:30","za":"gesloten","zo":"gesloten"}}},{"type":"Feature","geometry":{"type":"Point","coordinates":[9.282565,45.581468]},"properties":{"type":"pakketpunt","locatieNaam":"FedEx OnSite","straatNaam":"Via Michelangelo Buonarroti, 1C","straatNr":"","vervoerder":"FedEx","puntType":"servicepunt","bezettingsgraad":50,"latitude":45.581468,"longitude":9.282565,"canPickup":true,"canDropoff":true,"openingstijden":{"ma":"09:00 - 13:00, 13:30 - 20:00","di":"09:00 - 13:00, 13:30 - 20:00","wo":"09:00 - 13:00, 13:30 - 20:00","do":"09:00 - 13:00, 13:30 - 20:00","vr":"09:00 - 13:00, 13:30 - 20:00","za":"09:00 - 13:00, 13:30 - 20:00","zo":"09:00 - 12:00, 15:00 - 18:00"}}},{"type":"Feature","geometry":{"type":"Point","coordinates":[9.286743075445738,45.577167667590395]},"properties":{"type":"pakketpunt","locatieNaam":"FedEx OnSite","straatNaam":"VIALE UGO FOSCOLO 29","straatNr":"","vervoerder":"FedEx","puntType":"servicepunt","bezettingsgraad":50,"latitude":45.577167667590395,"longitude":9.286743075445738,"canPickup":true,"canDropoff":true,"openingstijden":{"ma":"15:00 - 19:00","di":"08:30 - 12:30, 15:00 - 19:00","wo":"08:30 - 12:30, 15:00 - 19:00","do":"08:30 - 12:30, 15:00 - 19:00","vr":"08:30 - 12:30, 15:00 - 19:00","za":"08:30 - 12:30, 15:00 - 18:30","zo":"gesloten"}}},{"type":"Feature","geometry":{"type":"Point","coordinates":[9.289469675206869,45.57943942871308]},"properties":{"type":"pakketpunt","locatieNaam":"FedEx OnSite","straatNaam":"Via Giuseppe Ferrari, 27","straatNr":"","vervoerder":"FedEx","puntType":"servicepunt","bezettingsgraad":50,"latitude":45.57943942871308,"longitude":9.289469675206869,"canPickup":true,"canDropoff":true,"openingstijden":{"ma":"07:00 - 17:30","di":"07:00 - 17:30","wo":"07:00 - 17:30","do":"07:00 - 17:30","vr":"07:00 - 17:30","za":"07:00 - 13:30","zo":"gesloten"}}},{"type":"Feature","geometry":{"type":"Point","coordinates":[9.303605196881083,45.589329275721326]},"properties":{"type":"pakketpunt","locatieNaam":"FedEx OnSite","straatNaam":"VIA GIOVANNI BERTACCHI, 6","straatNr":"","vervoerder":"FedEx","puntType":"servicepunt","bezettingsgraad":50,"latitude":45.589329275721326,"longitude":9.303605196881083,"canPickup":true,"canDropoff":true,"openingstijden":{"ma":"06:00 - 12:30, 15:00 - 19:00","di":"06:00 - 12:30, 15:00 - 19:00","wo":"06:00 - 12:30, 15:00 - 19:00","do":"06:00 - 12:30, 15:00 - 19:00","vr":"06:00 - 12:30, 15:00 - 19:00","za":"06:00 - 12:30","zo":"gesloten"}}},{"type":"Feature","geometry":{"type":"Polygon","coordinates":[[[9.2270605,45.5711809],[9.2273952,45.573912],[9.2282745,45.5738608],[9.2283616,45.5735951],[9.2302818,45.5738252],[9.2301785,45.574028],[9.2308534,45.5741436],[9.232698,45.5746709],[9.23277,45.5750308],[9.2324629,45.5759361],[9.2306309,45.5757327],[9.2305585,45.5760704],[9.2309208,45.5761102],[9.2306939,45.5774383],[9.2327536,45.5780372],[9.2351652,45.5788739],[9.2346482,45.5797525],[9.2347846,45.5798063],[9.2342364,45.5808221],[9.2380264,45.5819133],[9.2373025,45.5834105],[9.2373317,45.5834959],[9.2409514,45.5846045],[9.2403548,45.5856048],[9.2401063,45.5855783],[9.2400879,45.5853938],[9.2400059,45.5853265],[9.2395989,45.5853409],[9.2395465,45.585449],[9.2390925,45.5853149],[9.2389422,45.5853962],[9.2375462,45.5879869],[9.2376731,45.5880496],[9.236502,45.5907928],[9.2385837,45.5911665],[9.2379142,45.5923831],[9.2418848,45.5918752],[9.2412259,45.5940503],[9.2424498,45.5943087],[9.2416292,45.5965381],[9.2433844,45.5969575],[9.2434695,45.5966198],[9.2446534,45.5968692],[9.24467,45.5970042],[9.2440708,45.5981576],[9.2449707,45.5983267],[9.2447186,45.5988172],[9.2489884,45.6003995],[9.2491744,45.6005959],[9.249334,45.6006482],[9.251958,45.6011131],[9.2524493,45.6010516],[9.2535755,45.6011103],[9.2529137,45.6018422],[9.2526054,45.602428],[9.256154,45.6030771],[9.2554791,45.6048248],[9.2563518,45.6049803],[9.2562276,45.6055162],[9.2580115,45.6058182],[9.2581998,45.6053002],[9.2587532,45.6053755],[9.2593873,45.6034928],[9.2595154,45.6034521],[9.2604376,45.6035715],[9.2609321,45.6040924],[9.2615266,45.6043925],[9.2617657,45.6037664],[9.2627263,45.6038632],[9.2628272,45.6033934],[9.2637874,45.6035017],[9.2638427,45.6032665],[9.2666322,45.6036155],[9.2667942,45.6030204],[9.266904,45.6030178],[9.2670172,45.6024397],[9.267665,45.6025386],[9.2676866,45.6024789],[9.2690942,45.6027456],[9.2682448,45.6056533],[9.2682847,45.6057372],[9.2750928,45.6084385],[9.2775784,45.6084044],[9.2776398,45.6097979],[9.2774551,45.6098448],[9.2775987,45.6101486],[9.2780124,45.6123725],[9.2775032,45.613741],[9.2785104,45.618345],[9.2795828,45.6227273],[9.2790011,45.6245495],[9.278551,45.625415],[9.2779994,45.6269713],[9.2777337,45.6274599],[9.2778317,45.6284558],[9.2780698,45.6292851],[9.2783809,45.6293939],[9.278739,45.6296977],[9.2789241,45.6297549],[9.2817498,45.6296227],[9.2831606,45.6294239],[9.2835898,45.6299828],[9.2858022,45.6301702],[9.2877334,45.6301884],[9.2885083,45.6304089],[9.2887889,45.630365],[9.2891255,45.6305118],[9.2904878,45.6307612],[9.2919691,45.6309641],[9.292969,45.6309655],[9.2939485,45.6311859],[9.296255,45.6322239],[9.2970416,45.631975],[9.2978712,45.6262388],[9.2980693,45.6258501],[9.2975906,45.6247586],[9.2974156,45.6231189],[9.2946203,45.6171749],[9.2946619,45.6150808],[9.2951876,45.615032],[9.2951937,45.6144724],[9.2953875,45.6135938],[9.2979847,45.611861],[9.2979151,45.6117434],[9.2981327,45.6116412],[9.2996807,45.6097273],[9.2997864,45.6081559],[9.2974359,45.6039157],[9.297938,45.6035226],[9.2990548,45.6029226],[9.2980908,45.6015462],[9.2979309,45.6014678],[9.2979528,45.6013629],[9.2953964,45.59777],[9.2992427,45.597145],[9.2974573,45.5951509],[9.3018858,45.5942977],[9.3057001,45.5937071],[9.3055883,45.5931943],[9.3079756,45.5927919],[9.3085655,45.5928128],[9.3090562,45.5949041],[9.3096553,45.594862],[9.3116629,45.5944695],[9.311602,45.5941772],[9.3116832,45.5940869],[9.3124266,45.5940444],[9.3125132,45.5943457],[9.3170347,45.5935637],[9.3171856,45.5936038],[9.3173294,45.5940984],[9.3181798,45.5937045],[9.3177879,45.592702],[9.3169553,45.5928258],[9.3166496,45.5920391],[9.3147483,45.5922244],[9.3137307,45.5890679],[9.314361,45.5888682],[9.3155079,45.5887795],[9.3149844,45.5871519],[9.3168626,45.5868811],[9.3165861,45.5858783],[9.3173483,45.5857817],[9.3170758,45.5846214],[9.3173032,45.5845937],[9.3167642,45.5830651],[9.31849,45.5827993],[9.318218,45.5817424],[9.3183217,45.5816611],[9.3200357,45.5813008],[9.319119,45.5804123],[9.3222116,45.5801786],[9.3243602,45.5798935],[9.3218382,45.5779294],[9.3221546,45.57778],[9.3211707,45.5746729],[9.3235841,45.5744951],[9.3228309,45.5730706],[9.3234261,45.5729249],[9.3221841,45.5714657],[9.3243874,45.571284],[9.3241513,45.5692234],[9.3229121,45.569353],[9.3213856,45.5693798],[9.3213649,45.5677191],[9.3214414,45.5676424],[9.3215106,45.5659091],[9.3190757,45.5657318],[9.3188266,45.565863],[9.3185958,45.5672588],[9.3176691,45.5671219],[9.3175844,45.5665866],[9.3168882,45.5644148],[9.3184735,45.5643248],[9.3191041,45.5622664],[9.3185612,45.5619933],[9.3175573,45.5629097],[9.3149085,45.5627145],[9.3148255,45.5630568],[9.3148415,45.5647669],[9.3101308,45.5659814],[9.3074026,45.5665288],[9.3080905,45.5672291],[9.3117055,45.570012],[9.3101754,45.5701782],[9.3101301,45.5705052],[9.3082434,45.5705695],[9.3057028,45.5710578],[9.3046143,45.5713518],[9.3014226,45.5715538],[9.3012509,45.5715092],[9.3012917,45.5713561],[9.3015245,45.571153],[9.3020901,45.5708635],[9.3023967,45.570505],[9.3022687,45.5704219],[9.301335,45.5704559],[9.3011748,45.5689622],[9.3001606,45.5689333],[9.2987578,45.569027],[9.2983804,45.5664267],[9.2973826,45.5664563],[9.2972541,45.5642739],[9.2999764,45.5641318],[9.3000191,45.5640282],[9.2988871,45.5632075],[9.2986254,45.5631047],[9.2933732,45.5634108],[9.2933041,45.5633615],[9.2931277,45.5624123],[9.2930424,45.562336],[9.2923097,45.5621849],[9.2914552,45.5623446],[9.2912715,45.5612199],[9.2866776,45.5614971],[9.2867238,45.5611279],[9.2865016,45.5599583],[9.286384,45.5598191],[9.2864487,45.5590134],[9.2863506,45.5589281],[9.2831658,45.5584635],[9.2804914,45.5585376],[9.2787205,45.5586454],[9.2786674,45.5592306],[9.277963,45.5593043],[9.2778339,45.5584585],[9.2778606,45.5580219],[9.2777949,45.5580221],[9.2777496,45.5575991],[9.2776074,45.5554032],[9.2766394,45.5552706],[9.2765589,45.5558288],[9.2765088,45.5580252],[9.2766023,45.5597847],[9.2753484,45.5598102],[9.2753255,45.5600578],[9.2747459,45.5600907],[9.2736545,45.5609439],[9.2725862,45.5622786],[9.2724628,45.5622699],[9.272155,45.5622121],[9.2718563,45.5620418],[9.2713235,45.5615075],[9.2708707,45.5612655],[9.2705506,45.5609917],[9.2699717,45.5601695],[9.2698417,45.5598008],[9.2698033,45.5594588],[9.2699871,45.5590534],[9.2714253,45.5580373],[9.2717557,45.5571365],[9.2717314,45.556763],[9.2607971,45.5549837],[9.2607357,45.5548533],[9.2500527,45.5532615],[9.2506021,45.5536338],[9.2510732,45.5537003],[9.2519824,45.5546614],[9.2517699,45.5547789],[9.2535597,45.555499],[9.254227,45.5559732],[9.2555441,45.5571018],[9.254846,45.5572828],[9.2529412,45.5572607],[9.2513716,45.5570883],[9.2479614,45.5569294],[9.2467096,45.5567251],[9.2465587,45.5580936],[9.2464946,45.5580937],[9.2466211,45.5588225],[9.248709,45.5589882],[9.2486539,45.5603438],[9.2485872,45.56047],[9.2481182,45.5651711],[9.2472513,45.5651566],[9.246418,45.5639896],[9.2460399,45.563598],[9.2438543,45.5634415],[9.243122,45.5635548],[9.2422199,45.5633099],[9.2410372,45.5632572],[9.2409795,45.5632663],[9.2409717,45.5637849],[9.239212,45.5637348],[9.2391884,45.5630913],[9.2351618,45.5627576],[9.2349176,45.5648913],[9.2339227,45.5648393],[9.2338971,45.565627],[9.2331953,45.5655834],[9.2329177,45.5670106],[9.2299549,45.5667871],[9.230037,45.5660849],[9.2272983,45.5659467],[9.2272836,45.5665396],[9.2272224,45.5666043],[9.2272575,45.567235],[9.2282207,45.5673261],[9.2280101,45.5683167],[9.2271031,45.568233],[9.2270605,45.5711809]]]},"properties":{"type":"boundary","gemeente":"Monza"}}]}