{"type":"FeatureCollection","metadata":{"gemeente":"Novara","slug":"novara","generated_at":"2026-09-26T13:10:18.173317Z","total_points":198,"providers":["PosteItaliane","DPD","InPost","GLS","DHL","Amazon"],"bounds":[8.57321,45.40149,8.67599724,45.48324004]},"features":[{"type":"Feature","geometry":{"type":"Point","coordinates":[8.62012039,45.45836602]},"properties":{"type":"pakketpunt","locatieNaam":"Tabaccheria N. 36","straatNaam":"Via Delle Rosette","straatNr":"30/a","vervoerder":"PosteItaliane","puntType":"servicepunt","bezettingsgraad":50,"latitude":45.45836602,"longitude":8.62012039,"canPickup":true,"canDropoff":true,"openingstijden":{"za":"07:30 - 19:00","zo":"gesloten","ma":"07:30 - 19:00","di":"07:30 - 19:00","wo":"07:30 - 19:00","do":"07:30 - 19:00","vr":"07:30 - 19:00"}}},{"type":"Feature","geometry":{"type":"Point","coordinates":[8.58801254,45.40955625]},"properties":{"type":"pakketpunt","locatieNaam":"Tabaccheria N. 14","straatNaam":"Via Pier Lombardo","straatNr":"19","vervoerder":"PosteItaliane","puntType":"servicepunt","bezettingsgraad":50,"latitude":45.40955625,"longitude":8.58801254,"canPickup":true,"canDropoff":true,"openingstijden":{"za":"07:00 - 12:30, 15:00 - 19:30","zo":"08:30 - 12:30","ma":"07:00 - 12:30, 15:00 - 19:30","di":"07:00 - 12:30, 15:00 - 19:30","wo":"07:00 - 12:30, 15:00 - 19:30","do":"07:00 - 12:30, 15:00 - 19:30","vr":"07:00 - 12:30, 15:00 - 19:30"}}},{"type":"Feature","geometry":{"type":"Point","coordinates":[8.60846474,45.43883843]},"properties":{"type":"pakketpunt","locatieNaam":"Tabaccheria N. 30","straatNaam":"Corso Torino","straatNr":"48/a","vervoerder":"PosteItaliane","puntType":"servicepunt","bezettingsgraad":50,"latitude":45.43883843,"longitude":8.60846474,"canPickup":true,"canDropoff":true,"openingstijden":{"za":"07:30 - 12:30, 14:30 - 19:30","zo":"gesloten","ma":"07:30 - 12:30, 14:30 - 19:30","di":"07:30 - 12:30, 14:30 - 19:30","wo":"07:30 - 12:30, 14:30 - 19:30","do":"07:30 - 12:30, 14:30 - 19:30","vr":"07:30 - 12:30, 14:30 - 19:30"}}},{"type":"Feature","geometry":{"type":"Point","coordinates":[8.6162715,45.4385364]},"properties":{"type":"pakketpunt","locatieNaam":"Novara 9","straatNaam":"Via Francesco Sesalli","straatNr":"15","vervoerder":"PosteItaliane","puntType":"postkantoor","bezettingsgraad":50,"latitude":45.4385364,"longitude":8.6162715,"canPickup":true,"canDropoff":true,"openingstijden":{"za":"08:20 - 12:35","zo":"gesloten","ma":"08:20 - 13:35","di":"08:20 - 13:35","wo":"08:20 - 13:35","do":"08:20 - 13:35","vr":"08:20 - 13:35"}}},{"type":"Feature","geometry":{"type":"Point","coordinates":[8.59928069,45.43404543]},"properties":{"type":"pakketpunt","locatieNaam":"Novara 6","straatNaam":"Via Bergamo","straatNr":"3","vervoerder":"PosteItaliane","puntType":"postkantoor","bezettingsgraad":50,"latitude":45.43404543,"longitude":8.59928069,"canPickup":true,"canDropoff":true,"openingstijden":{"za":"08:20 - 12:35","zo":"gesloten","ma":"08:20 - 13:35","di":"08:20 - 13:35","wo":"08:20 - 13:35","do":"08:20 - 13:35","vr":"08:20 - 13:35"}}},{"type":"Feature","geometry":{"type":"Point","coordinates":[8.63243057,45.46227679]},"properties":{"type":"pakketpunt","locatieNaam":"Novara 11","straatNaam":"Largo Antonio Cantore","straatNr":"7","vervoerder":"PosteItaliane","puntType":"postkantoor","bezettingsgraad":50,"latitude":45.46227679,"longitude":8.63243057,"canPickup":true,"canDropoff":true,"openingstijden":{"za":"08:20 - 12:35","zo":"gesloten","ma":"08:20 - 13:35","di":"08:20 - 13:35","wo":"08:20 - 13:35","do":"08:20 - 13:35","vr":"08:20 - 13:35"}}},{"type":"Feature","geometry":{"type":"Point","coordinates":[8.61653267,45.44624564]},"properties":{"type":"pakketpunt","locatieNaam":"Novara Centro","straatNaam":"Largo Della Costituente","straatNr":"4","vervoerder":"PosteItaliane","puntType":"postkantoor","bezettingsgraad":50,"latitude":45.44624564,"longitude":8.61653267,"canPickup":true,"canDropoff":true,"openingstijden":{"za":"08:20 - 12:35","zo":"gesloten","ma":"08:20 - 19:05","di":"08:20 - 19:05","wo":"08:20 - 19:05","do":"08:20 - 19:05","vr":"08:20 - 19:05"}}},{"type":"Feature","geometry":{"type":"Point","coordinates":[8.63443533,45.44792764]},"properties":{"type":"pakketpunt","locatieNaam":"Novara 4","straatNaam":"Corso Trieste","straatNr":"18/a","vervoerder":"PosteItaliane","puntType":"postkantoor","bezettingsgraad":50,"latitude":45.44792764,"longitude":8.63443533,"canPickup":true,"canDropoff":true,"openingstijden":{"za":"08:20 - 12:35","zo":"gesloten","ma":"08:20 - 13:35","di":"08:20 - 13:35","wo":"08:20 - 13:35","do":"08:20 - 13:35","vr":"08:20 - 13:35"}}},{"type":"Feature","geometry":{"type":"Point","coordinates":[8.58895399,45.40800685]},"properties":{"type":"pakketpunt","locatieNaam":"Lumellogno","straatNaam":"Via Alla Chiesa","straatNr":"12","vervoerder":"PosteItaliane","puntType":"postkantoor","bezettingsgraad":50,"latitude":45.40800685,"longitude":8.58895399,"canPickup":true,"canDropoff":true,"openingstijden":{"za":"08:20 - 12:45","zo":"gesloten","ma":"08:20 - 13:45","di":"08:20 - 13:45","wo":"08:20 - 13:45","do":"08:20 - 13:45","vr":"08:20 - 13:45"}}},{"type":"Feature","geometry":{"type":"Point","coordinates":[8.6165166,45.46089301]},"properties":{"type":"pakketpunt","locatieNaam":"Novara 5","straatNaam":"Corso Risorgimento","straatNr":"78","vervoerder":"PosteItaliane","puntType":"postkantoor","bezettingsgraad":50,"latitude":45.46089301,"longitude":8.6165166,"canPickup":true,"canDropoff":true,"openingstijden":{"za":"08:20 - 12:35","zo":"gesloten","ma":"08:20 - 19:05","di":"08:20 - 19:05","wo":"08:20 - 19:05","do":"08:20 - 19:05","vr":"08:20 - 19:05"}}},{"type":"Feature","geometry":{"type":"Point","coordinates":[8.60507263,45.4501113]},"properties":{"type":"pakketpunt","locatieNaam":"Novara 8","straatNaam":"Via Gian Carlo Maggi","straatNr":"2/c","vervoerder":"PosteItaliane","puntType":"postkantoor","bezettingsgraad":50,"latitude":45.4501113,"longitude":8.60507263,"canPickup":true,"canDropoff":true,"openingstijden":{"za":"08:20 - 12:35","zo":"gesloten","ma":"08:20 - 13:35","di":"08:20 - 13:35","wo":"08:20 - 13:35","do":"08:20 - 13:35","vr":"08:20 - 13:35"}}},{"type":"Feature","geometry":{"type":"Point","coordinates":[8.62556229,45.45017047]},"properties":{"type":"pakketpunt","locatieNaam":"Novara 1","straatNaam":"Viale Alessandro Manzoni","straatNr":"7","vervoerder":"PosteItaliane","puntType":"postkantoor","bezettingsgraad":50,"latitude":45.45017047,"longitude":8.62556229,"canPickup":true,"canDropoff":true,"openingstijden":{"za":"08:20 - 12:35","zo":"gesloten","ma":"08:20 - 13:35","di":"08:20 - 13:35","wo":"08:20 - 13:35","do":"08:20 - 13:35","vr":"08:20 - 13:35"}}},{"type":"Feature","geometry":{"type":"Point","coordinates":[8.62796595,45.47346531]},"properties":{"type":"pakketpunt","locatieNaam":"Veveri","straatNaam":"Via Verbano","straatNr":"81","vervoerder":"PosteItaliane","puntType":"postkantoor","bezettingsgraad":50,"latitude":45.47346531,"longitude":8.62796595,"canPickup":true,"canDropoff":true,"openingstijden":{"za":"08:20 - 12:45","zo":"gesloten","ma":"08:20 - 13:45","di":"08:20 - 13:45","wo":"08:20 - 13:45","do":"08:20 - 13:45","vr":"08:20 - 13:45"}}},{"type":"Feature","geometry":{"type":"Point","coordinates":[8.62697749,45.43745153]},"properties":{"type":"pakketpunt","locatieNaam":"Novara 3","straatNaam":"Via Col Di Lana","straatNr":"22/a","vervoerder":"PosteItaliane","puntType":"postkantoor","bezettingsgraad":50,"latitude":45.43745153,"longitude":8.62697749,"canPickup":true,"canDropoff":true,"openingstijden":{"za":"08:20 - 12:35","zo":"gesloten","ma":"08:20 - 13:35","di":"08:20 - 13:35","wo":"08:20 - 13:35","do":"08:20 - 13:35","vr":"08:20 - 13:35"}}},{"type":"Feature","geometry":{"type":"Point","coordinates":[8.64013698,45.43068543]},"properties":{"type":"pakketpunt","locatieNaam":"Novara 7","straatNaam":"Via Monsignore Cavigioli","straatNr":"13","vervoerder":"PosteItaliane","puntType":"postkantoor","bezettingsgraad":50,"latitude":45.43068543,"longitude":8.64013698,"canPickup":true,"canDropoff":true,"openingstijden":{"za":"08:20 - 12:35","zo":"gesloten","ma":"08:20 - 13:35","di":"08:20 - 13:35","wo":"08:20 - 13:35","do":"08:20 - 13:35","vr":"08:20 - 13:35"}}},{"type":"Feature","geometry":{"type":"Point","coordinates":[8.61031794,45.44193051]},"properties":{"type":"pakketpunt","locatieNaam":"Novara 2","straatNaam":"Corso Torino","straatNr":"16/c","vervoerder":"PosteItaliane","puntType":"postkantoor","bezettingsgraad":50,"latitude":45.44193051,"longitude":8.61031794,"canPickup":true,"canDropoff":true,"openingstijden":{"za":"08:20 - 12:35","zo":"gesloten","ma":"08:20 - 13:35","di":"08:20 - 13:35","wo":"08:20 - 13:35","do":"08:20 - 13:35","vr":"08:20 - 13:35"}}},{"type":"Feature","geometry":{"type":"Point","coordinates":[8.67599724,45.45808792]},"properties":{"type":"pakketpunt","locatieNaam":"Pernate","straatNaam":"Via Sant'andrea Apostolo","straatNr":"3","vervoerder":"PosteItaliane","puntType":"postkantoor","bezettingsgraad":50,"latitude":45.45808792,"longitude":8.67599724,"canPickup":true,"canDropoff":true,"openingstijden":{"za":"08:20 - 12:35","zo":"gesloten","ma":"08:20 - 13:35","di":"08:20 - 13:35","wo":"08:20 - 13:35","do":"08:20 - 13:35","vr":"08:20 - 13:35"}}},{"type":"Feature","geometry":{"type":"Point","coordinates":[8.60084018,45.44715923]},"properties":{"type":"pakketpunt","locatieNaam":"Centro Commerciale San Martino 2","straatNaam":"Via Ugo Porzio Giovanola","straatNr":"7","vervoerder":"PosteItaliane","puntType":"automaat","bezettingsgraad":50,"latitude":45.44715923,"longitude":8.60084018,"canPickup":true,"canDropoff":true,"openingstijden":{"za":"08:00 - 21:00","zo":"08:00 - 21:00","ma":"08:00 - 21:00","di":"08:00 - 21:00","wo":"08:00 - 21:00","do":"08:00 - 21:00","vr":"08:00 - 21:00"}}},{"type":"Feature","geometry":{"type":"Point","coordinates":[8.64367218,45.4502546]},"properties":{"type":"pakketpunt","locatieNaam":"Stazione Di Servizio Tamoil","straatNaam":"Corso Trieste","straatNr":"64","vervoerder":"PosteItaliane","puntType":"automaat","bezettingsgraad":50,"latitude":45.4502546,"longitude":8.64367218,"canPickup":true,"canDropoff":true,"openingstijden":{"za":"00:01 - 23:59","zo":"00:01 - 23:59","ma":"00:01 - 23:59","di":"00:01 - 23:59","wo":"00:01 - 23:59","do":"00:01 - 23:59","vr":"00:01 - 23:59"}}},{"type":"Feature","geometry":{"type":"Point","coordinates":[8.63500588,45.43561857]},"properties":{"type":"pakketpunt","locatieNaam":"Dgt Info","straatNaam":"Via Sforzesca","straatNr":"43/b","vervoerder":"PosteItaliane","puntType":"automaat","bezettingsgraad":50,"latitude":45.43561857,"longitude":8.63500588,"canPickup":true,"canDropoff":true,"openingstijden":{"za":"00:01 - 23:59","zo":"00:01 - 23:59","ma":"00:01 - 23:59","di":"00:01 - 23:59","wo":"00:01 - 23:59","do":"00:01 - 23:59","vr":"00:01 - 23:59"}}},{"type":"Feature","geometry":{"type":"Point","coordinates":[8.61135491,45.43509698]},"properties":{"type":"pakketpunt","locatieNaam":"Tabaccheria N. 49","straatNaam":"Via Giacomo Battistini","straatNr":"39","vervoerder":"PosteItaliane","puntType":"servicepunt","bezettingsgraad":50,"latitude":45.43509698,"longitude":8.61135491,"canPickup":true,"canDropoff":true,"openingstijden":{"za":"07:00 - 12:30, 14:30 - 19:30","zo":"gesloten","ma":"07:00 - 12:30, 14:30 - 19:30","di":"07:00 - 12:30, 14:30 - 19:30","wo":"07:00 - 12:30, 14:30 - 19:30","do":"07:00 - 12:30, 14:30 - 19:30","vr":"07:00 - 12:30, 14:30 - 19:30"}}},{"type":"Feature","geometry":{"type":"Point","coordinates":[8.64237054,45.45004358]},"properties":{"type":"pakketpunt","locatieNaam":"Tabaccheria N. 46","straatNaam":"Corso Trieste","straatNr":"37","vervoerder":"PosteItaliane","puntType":"servicepunt","bezettingsgraad":50,"latitude":45.45004358,"longitude":8.64237054,"canPickup":true,"canDropoff":true,"openingstijden":{"za":"07:00 - 13:00, 15:00 - 19:00","zo":"gesloten","ma":"07:00 - 13:00, 15:00 - 19:00","di":"07:00 - 13:00, 15:00 - 19:00","wo":"07:00 - 13:00, 15:00 - 19:00","do":"07:00 - 13:00, 15:00 - 19:00","vr":"07:00 - 13:00, 15:00 - 19:00"}}},{"type":"Feature","geometry":{"type":"Point","coordinates":[8.62987919,45.46016042]},"properties":{"type":"pakketpunt","locatieNaam":"Autolavaggio Lamacchia","straatNaam":"Via Giovanni Gibellini","straatNr":"44","vervoerder":"PosteItaliane","puntType":"automaat","bezettingsgraad":50,"latitude":45.46016042,"longitude":8.62987919,"canPickup":true,"canDropoff":true,"openingstijden":{"za":"00:01 - 23:59","zo":"00:01 - 23:59","ma":"00:01 - 23:59","di":"00:01 - 23:59","wo":"00:01 - 23:59","do":"00:01 - 23:59","vr":"00:01 - 23:59"}}},{"type":"Feature","geometry":{"type":"Point","coordinates":[8.59899718,45.44264913]},"properties":{"type":"pakketpunt","locatieNaam":"Stazione Di Servizio Ip","straatNaam":"Via Ugo Porzio Giovanola","straatNr":"15","vervoerder":"PosteItaliane","puntType":"automaat","bezettingsgraad":50,"latitude":45.44264913,"longitude":8.59899718,"canPickup":true,"canDropoff":true,"openingstijden":{"za":"00:01 - 23:59","zo":"00:01 - 23:59","ma":"00:01 - 23:59","di":"00:01 - 23:59","wo":"00:01 - 23:59","do":"00:01 - 23:59","vr":"00:01 - 23:59"}}},{"type":"Feature","geometry":{"type":"Point","coordinates":[8.61871674,45.45532927]},"properties":{"type":"pakketpunt","locatieNaam":"Stazione Di Servizio Esso","straatNaam":"Corso Risorgimento","straatNr":"26","vervoerder":"PosteItaliane","puntType":"automaat","bezettingsgraad":50,"latitude":45.45532927,"longitude":8.61871674,"canPickup":true,"canDropoff":true,"openingstijden":{"za":"00:01 - 23:59","zo":"00:01 - 23:59","ma":"00:01 - 23:59","di":"00:01 - 23:59","wo":"00:01 - 23:59","do":"00:01 - 23:59","vr":"00:01 - 23:59"}}},{"type":"Feature","geometry":{"type":"Point","coordinates":[8.63178885,45.46623804]},"properties":{"type":"pakketpunt","locatieNaam":"Stazione Di Servizio","straatNaam":"Via Mario Pavesi Snc","straatNr":"1","vervoerder":"PosteItaliane","puntType":"automaat","bezettingsgraad":50,"latitude":45.46623804,"longitude":8.63178885,"canPickup":true,"canDropoff":true,"openingstijden":{"za":"00:01 - 23:59","zo":"00:01 - 23:59","ma":"00:01 - 23:59","di":"00:01 - 23:59","wo":"00:01 - 23:59","do":"00:01 - 23:59","vr":"00:01 - 23:59"}}},{"type":"Feature","geometry":{"type":"Point","coordinates":[8.6108541,45.42943351]},"properties":{"type":"pakketpunt","locatieNaam":"Tabaccheria N. 38","straatNaam":"Strada Della Rizzottaglia","straatNr":"11","vervoerder":"PosteItaliane","puntType":"servicepunt","bezettingsgraad":50,"latitude":45.42943351,"longitude":8.6108541,"canPickup":true,"canDropoff":true,"openingstijden":{"za":"07:45 - 12:30, 15:10 - 19:30","zo":"gesloten","ma":"07:45 - 12:30, 15:10 - 19:30","di":"07:45 - 12:30, 15:10 - 19:30","wo":"07:45 - 12:30, 15:10 - 19:30","do":"07:45 - 12:30, 15:10 - 19:30","vr":"07:45 - 12:30, 15:10 - 19:30"}}},{"type":"Feature","geometry":{"type":"Point","coordinates":[8.63571579,45.44601531]},"properties":{"type":"pakketpunt","locatieNaam":"Tabaccheria N. 11","straatNaam":"Corso Milano","straatNr":"22/d","vervoerder":"PosteItaliane","puntType":"servicepunt","bezettingsgraad":50,"latitude":45.44601531,"longitude":8.63571579,"canPickup":true,"canDropoff":true,"openingstijden":{"za":"08:00 - 19:30","zo":"gesloten","ma":"08:00 - 19:30","di":"08:00 - 19:30","wo":"08:00 - 19:30","do":"08:00 - 19:30","vr":"08:00 - 19:30"}}},{"type":"Feature","geometry":{"type":"Point","coordinates":[8.59731255,45.43351076]},"properties":{"type":"pakketpunt","locatieNaam":"Tabaccheria N. 71","straatNaam":"Corso Vercelli","straatNr":"61","vervoerder":"PosteItaliane","puntType":"servicepunt","bezettingsgraad":50,"latitude":45.43351076,"longitude":8.59731255,"canPickup":true,"canDropoff":true,"openingstijden":{"za":"08:00 - 12:30, 15:00 - 19:00","zo":"gesloten","ma":"08:00 - 12:30, 15:00 - 19:00","di":"08:00 - 12:30, 15:00 - 19:00","wo":"08:00 - 12:30, 15:00 - 19:00","do":"08:00 - 12:30, 15:00 - 19:00","vr":"08:00 - 12:30, 15:00 - 19:00"}}},{"type":"Feature","geometry":{"type":"Point","coordinates":[8.61008831,45.48324004]},"properties":{"type":"pakketpunt","locatieNaam":"Tabaccheria N. 18","straatNaam":"Corso Risorgimento","straatNr":"361","vervoerder":"PosteItaliane","puntType":"servicepunt","bezettingsgraad":50,"latitude":45.48324004,"longitude":8.61008831,"canPickup":true,"canDropoff":true,"openingstijden":{"za":"06:30 - 19:00","zo":"08:00 - 12:00","ma":"06:30 - 19:00","di":"06:30 - 19:00","wo":"06:30 - 19:00","do":"06:30 - 19:00","vr":"06:30 - 19:00"}}},{"type":"Feature","geometry":{"type":"Point","coordinates":[8.61236637,45.4390745]},"properties":{"type":"pakketpunt","locatieNaam":"Tabaccheria N. 50","straatNaam":"Viale Roma","straatNr":"27/e","vervoerder":"PosteItaliane","puntType":"servicepunt","bezettingsgraad":50,"latitude":45.4390745,"longitude":8.61236637,"canPickup":true,"canDropoff":true,"openingstijden":{"za":"08:00 - 13:00, 15:00 - 19:00","zo":"gesloten","ma":"08:00 - 13:00, 15:00 - 19:00","di":"08:00 - 13:00, 15:00 - 19:00","wo":"08:00 - 13:00, 15:00 - 19:00","do":"08:00 - 13:00, 15:00 - 19:00","vr":"08:00 - 13:00, 15:00 - 19:00"}}},{"type":"Feature","geometry":{"type":"Point","coordinates":[8.62525881,45.44509889]},"properties":{"type":"pakketpunt","locatieNaam":"Tabaccheria N. 33","straatNaam":"Via Cesare Magnani Ricotti","straatNr":"12","vervoerder":"PosteItaliane","puntType":"servicepunt","bezettingsgraad":50,"latitude":45.44509889,"longitude":8.62525881,"canPickup":true,"canDropoff":true,"openingstijden":{"za":"gesloten","zo":"gesloten","ma":"07:00 - 19:00","di":"07:00 - 19:00","wo":"07:00 - 19:00","do":"07:00 - 19:00","vr":"07:00 - 19:00"}}},{"type":"Feature","geometry":{"type":"Point","coordinates":[8.61181699,45.44679972]},"properties":{"type":"pakketpunt","locatieNaam":"Tabaccheria N. 8","straatNaam":"Via Andrea Costa","straatNr":"8/i","vervoerder":"PosteItaliane","puntType":"servicepunt","bezettingsgraad":50,"latitude":45.44679972,"longitude":8.61181699,"canPickup":true,"canDropoff":true,"openingstijden":{"za":"08:00 - 12:30, 15:30 - 18:00","zo":"gesloten","ma":"08:00 - 12:30, 15:00 - 19:30","di":"08:00 - 12:30, 15:00 - 19:30","wo":"08:00 - 12:30, 15:00 - 19:30","do":"08:00 - 12:30, 15:00 - 19:30","vr":"08:00 - 12:30, 15:00 - 19:30"}}},{"type":"Feature","geometry":{"type":"Point","coordinates":[8.61632733,45.41849022]},"properties":{"type":"pakketpunt","locatieNaam":"Tabaccheria N. 19","straatNaam":"Via Maestra","straatNr":"45","vervoerder":"PosteItaliane","puntType":"servicepunt","bezettingsgraad":50,"latitude":45.41849022,"longitude":8.61632733,"canPickup":true,"canDropoff":true,"openingstijden":{"za":"06:30 - 12:20, 14:40 - 19:20","zo":"gesloten","ma":"06:30 - 12:20, 14:40 - 19:20","di":"06:30 - 12:20, 14:40 - 19:20","wo":"06:30 - 12:20, 14:40 - 19:20","do":"06:30 - 12:20, 14:40 - 19:20","vr":"06:30 - 12:20, 14:40 - 19:20"}}},{"type":"Feature","geometry":{"type":"Point","coordinates":[8.6400472,45.44535856]},"properties":{"type":"pakketpunt","locatieNaam":"Tabaccheria N. 52","straatNaam":"Corso Milano","straatNr":"46/b","vervoerder":"PosteItaliane","puntType":"servicepunt","bezettingsgraad":50,"latitude":45.44535856,"longitude":8.6400472,"canPickup":true,"canDropoff":true,"openingstijden":{"za":"08:00 - 12:30, 15:00 - 19:00","zo":"gesloten","ma":"07:30 - 12:30, 15:00 - 19:00","di":"07:30 - 12:30, 15:00 - 19:00","wo":"07:30 - 12:30, 15:00 - 19:00","do":"07:30 - 12:30, 15:00 - 19:00","vr":"07:30 - 12:30, 15:00 - 19:00"}}},{"type":"Feature","geometry":{"type":"Point","coordinates":[8.61768,45.44675]},"properties":{"type":"pakketpunt","locatieNaam":"Tabaccheria N. 3","straatNaam":"Corso Italia","straatNr":"49/a","vervoerder":"PosteItaliane","puntType":"servicepunt","bezettingsgraad":50,"latitude":45.44675,"longitude":8.61768,"canPickup":true,"canDropoff":true,"openingstijden":{"za":"08:00 - 12:30, 15:00 - 18:30","zo":"gesloten","ma":"08:00 - 12:30, 15:00 - 18:30","di":"08:00 - 12:30, 15:00 - 18:30","wo":"08:00 - 12:30, 15:00 - 18:01","do":"08:00 - 12:30, 15:00 - 18:30","vr":"08:00 - 12:30, 15:00 - 18:03"}}},{"type":"Feature","geometry":{"type":"Point","coordinates":[8.6416793,45.4281054]},"properties":{"type":"pakketpunt","locatieNaam":"Tabaccheria N. 75","straatNaam":"Via Ventitre Marzo 1849","straatNr":"343","vervoerder":"PosteItaliane","puntType":"servicepunt","bezettingsgraad":50,"latitude":45.4281054,"longitude":8.6416793,"canPickup":true,"canDropoff":true,"openingstijden":{"za":"07:00 - 12:30, 14:30 - 19:00","zo":"gesloten","ma":"07:00 - 12:30, 14:30 - 19:00","di":"07:00 - 12:30, 14:30 - 19:00","wo":"07:00 - 12:30, 14:30 - 19:00","do":"07:00 - 12:30, 14:30 - 19:00","vr":"07:00 - 12:30, 14:30 - 19:00"}}},{"type":"Feature","geometry":{"type":"Point","coordinates":[8.62830139,45.43504667]},"properties":{"type":"pakketpunt","locatieNaam":"Tabaccheria N. 15","straatNaam":"Viale Giulio Cesare","straatNr":"42/c","vervoerder":"PosteItaliane","puntType":"servicepunt","bezettingsgraad":50,"latitude":45.43504667,"longitude":8.62830139,"canPickup":true,"canDropoff":true,"openingstijden":{"za":"08:00 - 12:30, 15:00 - 19:30","zo":"gesloten","ma":"08:00 - 12:30, 15:00 - 19:30","di":"08:00 - 12:30, 15:00 - 19:30","wo":"08:00 - 12:30, 15:00 - 19:30","do":"08:00 - 12:30, 15:00 - 19:30","vr":"08:00 - 12:30, 15:00 - 19:30"}}},{"type":"Feature","geometry":{"type":"Point","coordinates":[8.61864968,45.45438665]},"properties":{"type":"pakketpunt","locatieNaam":"Tabaccheria N. 61","straatNaam":"Corso Risorgimento","straatNr":"15/b","vervoerder":"PosteItaliane","puntType":"servicepunt","bezettingsgraad":50,"latitude":45.45438665,"longitude":8.61864968,"canPickup":true,"canDropoff":true,"openingstijden":{"za":"07:30 - 12:30","zo":"gesloten","ma":"07:30 - 12:30, 15:00 - 19:00","di":"07:30 - 12:30, 15:00 - 19:00","wo":"07:30 - 12:30, 15:00 - 19:00","do":"07:30 - 12:30, 15:00 - 19:00","vr":"07:30 - 12:30, 15:00 - 19:00"}}},{"type":"Feature","geometry":{"type":"Point","coordinates":[8.60759753,45.44801441]},"properties":{"type":"pakketpunt","locatieNaam":"Tabaccheria N. 29","straatNaam":"Via Pietro Micca","straatNr":"73","vervoerder":"PosteItaliane","puntType":"servicepunt","bezettingsgraad":50,"latitude":45.44801441,"longitude":8.60759753,"canPickup":true,"canDropoff":true,"openingstijden":{"za":"07:00 - 12:30, 14:00 - 19:30","zo":"gesloten","ma":"07:00 - 12:30, 14:00 - 19:30","di":"07:00 - 12:30, 14:00 - 19:30","wo":"07:00 - 12:30, 14:00 - 19:30","do":"07:00 - 12:30, 14:00 - 19:30","vr":"07:00 - 12:30, 14:00 - 19:30"}}},{"type":"Feature","geometry":{"type":"Point","coordinates":[8.60260489,45.43572218]},"properties":{"type":"pakketpunt","locatieNaam":"Tabaccheria N. 39","straatNaam":"Corso Vercelli","straatNr":"19/d","vervoerder":"PosteItaliane","puntType":"servicepunt","bezettingsgraad":50,"latitude":45.43572218,"longitude":8.60260489,"canPickup":true,"canDropoff":true,"openingstijden":{"za":"08:00 - 12:30, 15:00 - 19:30","zo":"gesloten","ma":"07:30 - 12:30, 15:00 - 19:30","di":"07:30 - 12:30, 15:00 - 19:30","wo":"07:30 - 12:30, 15:00 - 19:30","do":"07:30 - 12:30, 15:00 - 19:30","vr":"07:30 - 12:30, 15:00 - 19:30"}}},{"type":"Feature","geometry":{"type":"Point","coordinates":[8.62549234,45.4499353]},"properties":{"type":"pakketpunt","locatieNaam":"Tabaccheria N. 40","straatNaam":"Viale Alessandro Manzoni","straatNr":"10/c","vervoerder":"PosteItaliane","puntType":"servicepunt","bezettingsgraad":50,"latitude":45.4499353,"longitude":8.62549234,"canPickup":true,"canDropoff":true,"openingstijden":{"za":"10:00 - 12:30, 17:00 - 19:30","zo":"gesloten","ma":"09:00 - 12:30, 17:00 - 19:30","di":"09:00 - 12:30, 17:00 - 19:30","wo":"09:00 - 12:30, 17:00 - 19:30","do":"09:00 - 12:30, 17:00 - 19:30","vr":"09:00 - 12:30, 17:00 - 19:30"}}},{"type":"Feature","geometry":{"type":"Point","coordinates":[8.67482619,45.45785556]},"properties":{"type":"pakketpunt","locatieNaam":"Tabaccheria N. 16","straatNaam":"Via Nuova","straatNr":"3","vervoerder":"PosteItaliane","puntType":"servicepunt","bezettingsgraad":50,"latitude":45.45785556,"longitude":8.67482619,"canPickup":true,"canDropoff":true,"openingstijden":{"za":"07:30 - 12:30, 15:30 - 19:00","zo":"gesloten","ma":"07:30 - 12:30, 15:30 - 19:00","di":"07:30 - 12:30, 15:30 - 19:00","wo":"07:30 - 12:30, 15:30 - 19:00","do":"07:30 - 12:30, 15:30 - 19:00","vr":"07:30 - 12:30, 15:30 - 19:00"}}},{"type":"Feature","geometry":{"type":"Point","coordinates":[8.61958538,45.43240058]},"properties":{"type":"pakketpunt","locatieNaam":"Tabaccheria N. 31","straatNaam":"Via Monte San Gabriele","straatNr":"20","vervoerder":"PosteItaliane","puntType":"servicepunt","bezettingsgraad":50,"latitude":45.43240058,"longitude":8.61958538,"canPickup":true,"canDropoff":true,"openingstijden":{"za":"07:45 - 12:30, 14:30 - 19:15","zo":"gesloten","ma":"07:45 - 12:30, 14:30 - 19:15","di":"07:45 - 12:30, 14:30 - 19:15","wo":"07:45 - 12:30, 14:30 - 19:15","do":"07:45 - 12:30, 14:30 - 19:15","vr":"07:45 - 12:30, 14:30 - 19:15"}}},{"type":"Feature","geometry":{"type":"Point","coordinates":[8.6225971,45.4500527]},"properties":{"type":"pakketpunt","locatieNaam":"Mondadori Point-Novara","straatNaam":"CORSO GARIBALDI","straatNr":"11","vervoerder":"DPD","puntType":"pickup_point","bezettingsgraad":50,"latitude":45.4500527,"longitude":8.6225971,"canPickup":true,"canDropoff":true,"openingstijden":{"ma":"14:00 - 19:00","di":"09:30 - 13:00, 15:30 - 19:00","wo":"09:30 - 13:00, 15:30 - 19:00","do":"09:30 - 13:00, 15:30 - 19:00","vr":"09:30 - 13:00, 15:30 - 19:00","za":"09:30 - 13:00, 15:30 - 19:00","zo":"gesloten"}}},{"type":"Feature","geometry":{"type":"Point","coordinates":[8.6123040117,45.4389891986]},"properties":{"type":"pakketpunt","locatieNaam":"Tabacchi Riv. N 50","straatNaam":"VIALE ROMA","straatNr":"27E","vervoerder":"DPD","puntType":"pickup_point","bezettingsgraad":50,"latitude":45.4389891986,"longitude":8.6123040117,"canPickup":true,"canDropoff":true,"openingstijden":{"ma":"08:00 - 13:00, 15:00 - 19:00","di":"08:00 - 13:00, 15:00 - 19:00","wo":"08:00 - 13:00, 15:00 - 19:00","do":"08:00 - 13:00, 15:00 - 19:00","vr":"08:00 - 13:00, 15:00 - 19:00","za":"08:00 - 13:00, 15:00 - 19:00","zo":"gesloten"}}},{"type":"Feature","geometry":{"type":"Point","coordinates":[8.6126724,45.4255142]},"properties":{"type":"pakketpunt","locatieNaam":"Day Break","straatNaam":"PIAZZA DEGLI OMBRELLAI","straatNr":"7","vervoerder":"DPD","puntType":"pickup_point","bezettingsgraad":50,"latitude":45.4255142,"longitude":8.6126724,"canPickup":true,"canDropoff":true,"openingstijden":{"ma":"07:30 - 17:15","di":"07:30 - 17:15","wo":"07:30 - 17:15","do":"07:30 - 17:15","vr":"07:30 - 17:15","za":"gesloten","zo":"gesloten"}}},{"type":"Feature","geometry":{"type":"Point","coordinates":[8.6168,45.45904]},"properties":{"type":"pakketpunt","locatieNaam":"La Nuova Posta - Novara","straatNaam":"CORSO RISORGIMENTO","straatNr":"65C","vervoerder":"DPD","puntType":"pickup_point","bezettingsgraad":50,"latitude":45.45904,"longitude":8.6168,"canPickup":true,"canDropoff":true,"openingstijden":{"ma":"09:00 - 12:30","di":"09:00 - 12:30","wo":"09:00 - 12:30","do":"09:00 - 12:30","vr":"09:00 - 12:30","za":"09:30 - 12:30","zo":"gesloten"}}},{"type":"Feature","geometry":{"type":"Point","coordinates":[8.6121067,45.4469503]},"properties":{"type":"pakketpunt","locatieNaam":"Tabaccheria Fumagalli","straatNaam":"VIA ANDREA COSTA","straatNr":"8 I","vervoerder":"DPD","puntType":"pickup_point","bezettingsgraad":50,"latitude":45.4469503,"longitude":8.6121067,"canPickup":true,"canDropoff":true,"openingstijden":{"ma":"08:00 - 12:30, 15:00 - 19:00","di":"08:00 - 12:30, 15:00 - 19:00","wo":"08:00 - 12:30, 15:00 - 19:00","do":"08:00 - 12:30, 15:00 - 19:00","vr":"08:00 - 12:30, 15:00 - 19:00","za":"08:00 - 12:30, 15:30 - 19:00","zo":"gesloten"}}},{"type":"Feature","geometry":{"type":"Point","coordinates":[8.6178954,45.4467504]},"properties":{"type":"pakketpunt","locatieNaam":"Tabaccheria n.3 Ponchiroli","straatNaam":"CORSO ITALIA","straatNr":"49 A","vervoerder":"DPD","puntType":"pickup_point","bezettingsgraad":50,"latitude":45.4467504,"longitude":8.6178954,"canPickup":true,"canDropoff":true,"openingstijden":{"ma":"07:45 - 12:30, 15:30 - 18:30","di":"07:45 - 12:30, 15:30 - 18:30","wo":"07:45 - 12:30, 15:30 - 18:30","do":"07:45 - 12:30, 15:30 - 18:30","vr":"07:45 - 12:30, 15:30 - 18:30","za":"08:30 - 12:30, 15:30 - 18:30","zo":"gesloten"}}},{"type":"Feature","geometry":{"type":"Point","coordinates":[8.6095564,45.44096933]},"properties":{"type":"pakketpunt","locatieNaam":"Post@ Nazionale-Novara","straatNaam":"CORSO TORINO","straatNr":"26 c","vervoerder":"DPD","puntType":"pickup_point","bezettingsgraad":50,"latitude":45.44096933,"longitude":8.6095564,"canPickup":true,"canDropoff":true,"openingstijden":{"ma":"09:00 - 13:00, 15:00 - 18:30","di":"09:00 - 13:00, 15:00 - 18:30","wo":"09:00 - 13:00, 15:00 - 18:30","do":"09:00 - 13:00, 15:00 - 18:30","vr":"09:00 - 13:00, 15:00 - 18:30","za":"09:00 - 12:30","zo":"gesloten"}}},{"type":"Feature","geometry":{"type":"Point","coordinates":[8.6070555,45.4377231]},"properties":{"type":"pakketpunt","locatieNaam":"Mail Boxes Etc.-Novara","straatNaam":"CORSO VERCELLI","straatNr":"4B","vervoerder":"DPD","puntType":"pickup_point","bezettingsgraad":50,"latitude":45.4377231,"longitude":8.6070555,"canPickup":true,"canDropoff":true,"openingstijden":{"ma":"09:30 - 14:30","di":"09:30 - 14:30","wo":"09:30 - 14:30","do":"09:30 - 14:30","vr":"09:30 - 14:30","za":"gesloten","zo":"gesloten"}}},{"type":"Feature","geometry":{"type":"Point","coordinates":[8.672408,45.45803]},"properties":{"type":"pakketpunt","locatieNaam":"BRT LOCKER - Conad Via Novara","straatNaam":"VIA NOVARA","straatNr":"55","vervoerder":"DPD","puntType":"dpd_box","bezettingsgraad":50,"latitude":45.45803,"longitude":8.672408,"canPickup":true,"canDropoff":true,"openingstijden":{"ma":"08:00 - 20:00","di":"08:00 - 20:00","wo":"08:00 - 20:00","do":"08:00 - 20:00","vr":"08:00 - 20:00","za":"08:00 - 20:00","zo":"09:00 - 12:30"}}},{"type":"Feature","geometry":{"type":"Point","coordinates":[8.602833,45.448953]},"properties":{"type":"pakketpunt","locatieNaam":"BRT LOCKER - Conad Via Biandrate","straatNaam":"VIA BIANDRATE","straatNr":"28","vervoerder":"DPD","puntType":"dpd_box","bezettingsgraad":50,"latitude":45.448953,"longitude":8.602833,"canPickup":true,"canDropoff":true,"openingstijden":{"ma":"08:00 - 22:00","di":"08:00 - 22:00","wo":"08:00 - 22:00","do":"08:00 - 22:00","vr":"08:00 - 22:00","za":"08:00 - 22:00","zo":"08:00 - 22:00"}}},{"type":"Feature","geometry":{"type":"Point","coordinates":[8.57321,45.40149]},"properties":{"type":"pakketpunt","locatieNaam":"BRT LOCKER - Conad P.zza Einaudi","straatNaam":"PIAZZA EINAUDI","straatNr":"","vervoerder":"DPD","puntType":"dpd_box","bezettingsgraad":50,"latitude":45.40149,"longitude":8.57321,"canPickup":true,"canDropoff":true,"openingstijden":{"ma":"08:00 - 20:00","di":"08:00 - 20:00","wo":"08:00 - 20:00","do":"08:00 - 20:00","vr":"08:00 - 20:00","za":"08:00 - 20:00","zo":"09:00 - 13:00"}}},{"type":"Feature","geometry":{"type":"Point","coordinates":[8.62842,45.43501]},"properties":{"type":"pakketpunt","locatieNaam":"Tabaccheria Cabrino Luciana","straatNaam":"V.LE G. CESARE","straatNr":"42c","vervoerder":"DPD","puntType":"pickup_point","bezettingsgraad":50,"latitude":45.43501,"longitude":8.62842,"canPickup":true,"canDropoff":true,"openingstijden":{"ma":"08:00 - 12:30, 15:00 - 19:30","di":"08:00 - 12:30, 15:00 - 19:30","wo":"08:00 - 12:30, 15:00 - 19:30","do":"08:00 - 12:30, 15:00 - 19:30","vr":"08:00 - 12:30, 15:00 - 19:30","za":"08:00 - 12:30, 15:00 - 19:30","zo":"gesloten"}}},{"type":"Feature","geometry":{"type":"Point","coordinates":[8.6095435,45.4351773]},"properties":{"type":"pakketpunt","locatieNaam":"La Posta Priv. Naz. Novara","straatNaam":"VIALE GIULIO CESARE","straatNr":"334","vervoerder":"DPD","puntType":"pickup_point","bezettingsgraad":50,"latitude":45.4351773,"longitude":8.6095435,"canPickup":true,"canDropoff":true,"openingstijden":{"ma":"09:00 - 12:30, 14:30 - 18:30","di":"09:00 - 12:30, 14:30 - 18:30","wo":"09:00 - 12:30, 14:30 - 18:30","do":"09:00 - 12:30, 14:30 - 18:30","vr":"09:00 - 12:30, 14:30 - 18:30","za":"09:00 - 12:30","zo":"gesloten"}}},{"type":"Feature","geometry":{"type":"Point","coordinates":[8.6238267,45.4401844]},"properties":{"type":"pakketpunt","locatieNaam":"Punto Spazio Enel Novara","straatNaam":"VIA M. S. GABRIELE","straatNr":"1 A","vervoerder":"DPD","puntType":"pickup_point","bezettingsgraad":50,"latitude":45.4401844,"longitude":8.6238267,"canPickup":true,"canDropoff":true,"openingstijden":{"ma":"09:30 - 13:00, 14:00 - 17:30","di":"09:30 - 13:00, 14:00 - 17:30","wo":"09:30 - 13:00, 14:00 - 17:30","do":"09:30 - 13:00, 14:00 - 17:30","vr":"09:30 - 13:00, 14:00 - 17:30","za":"gesloten","zo":"gesloten"}}},{"type":"Feature","geometry":{"type":"Point","coordinates":[8.6105144,45.4424049]},"properties":{"type":"pakketpunt","locatieNaam":"Fantasy Comix Snc","straatNaam":"CORSO TORINO","straatNr":"12","vervoerder":"DPD","puntType":"pickup_point","bezettingsgraad":50,"latitude":45.4424049,"longitude":8.6105144,"canPickup":true,"canDropoff":true,"openingstijden":{"ma":"15:00 - 19:00","di":"10:00 - 13:00, 15:00 - 19:00","wo":"10:00 - 13:00, 15:00 - 19:00","do":"10:00 - 13:00, 15:00 - 19:00","vr":"10:00 - 13:00, 15:00 - 19:00","za":"10:00 - 13:00, 15:00 - 19:00","zo":"gesloten"}}},{"type":"Feature","geometry":{"type":"Point","coordinates":[8.63922868,45.44539411]},"properties":{"type":"pakketpunt","locatieNaam":"Agenzia Multiservizi Group","straatNaam":"CORSO MILANO","straatNr":"40b","vervoerder":"DPD","puntType":"pickup_point","bezettingsgraad":50,"latitude":45.44539411,"longitude":8.63922868,"canPickup":true,"canDropoff":true,"openingstijden":{"ma":"09:00 - 13:00, 15:00 - 17:30","di":"09:00 - 13:00, 15:00 - 18:00","wo":"09:30 - 13:00, 15:00 - 17:30","do":"09:00 - 13:00, 15:00 - 18:00","vr":"09:30 - 13:00","za":"gesloten","zo":"gesloten"}}},{"type":"Feature","geometry":{"type":"Point","coordinates":[8.62634322,45.43878994]},"properties":{"type":"pakketpunt","locatieNaam":"Erepair","straatNaam":"VIA 23 MARZO","straatNr":"55","vervoerder":"DPD","puntType":"pickup_point","bezettingsgraad":50,"latitude":45.43878994,"longitude":8.62634322,"canPickup":true,"canDropoff":true,"openingstijden":{"ma":"09:30 - 15:00, 17:15 - 19:15","di":"09:30 - 15:00, 17:15 - 19:15","wo":"09:30 - 15:00, 17:15 - 19:15","do":"09:30 - 15:00, 17:15 - 19:15","vr":"09:30 - 15:00, 17:15 - 19:15","za":"10:00 - 12:30, 16:00 - 19:15","zo":"gesloten"}}},{"type":"Feature","geometry":{"type":"Point","coordinates":[8.62599,45.44976]},"properties":{"type":"pakketpunt","locatieNaam":"InPost Locker 24/7","straatNaam":"Via A. Manzoni","straatNr":"11","vervoerder":"InPost","puntType":"automaat","bezettingsgraad":50,"latitude":45.44976,"longitude":8.62599,"canPickup":true,"canDropoff":true,"openingstijden":null}},{"type":"Feature","geometry":{"type":"Point","coordinates":[8.59398,45.43199]},"properties":{"type":"pakketpunt","locatieNaam":"InPost Locker 24/7","straatNaam":"Corso Vercelli","straatNr":"75","vervoerder":"InPost","puntType":"automaat","bezettingsgraad":50,"latitude":45.43199,"longitude":8.59398,"canPickup":true,"canDropoff":true,"openingstijden":null}},{"type":"Feature","geometry":{"type":"Point","coordinates":[8.60076,45.46711]},"properties":{"type":"pakketpunt","locatieNaam":"ENI","straatNaam":"Via A. Boroli","straatNr":"14","vervoerder":"InPost","puntType":"automaat","bezettingsgraad":50,"latitude":45.46711,"longitude":8.60076,"canPickup":true,"canDropoff":true,"openingstijden":null}},{"type":"Feature","geometry":{"type":"Point","coordinates":[8.57825,45.42707]},"properties":{"type":"pakketpunt","locatieNaam":"InPost Locker 24/7","straatNaam":"Corso Vercelli","straatNr":"138","vervoerder":"InPost","puntType":"automaat","bezettingsgraad":50,"latitude":45.42707,"longitude":8.57825,"canPickup":true,"canDropoff":true,"openingstijden":null}},{"type":"Feature","geometry":{"type":"Point","coordinates":[8.60185,45.45034]},"properties":{"type":"pakketpunt","locatieNaam":"InPost Locker 24/7","straatNaam":"Via Monte Rosa","straatNr":"6","vervoerder":"InPost","puntType":"automaat","bezettingsgraad":50,"latitude":45.45034,"longitude":8.60185,"canPickup":true,"canDropoff":true,"openingstijden":null}},{"type":"Feature","geometry":{"type":"Point","coordinates":[8.62672,45.46521]},"properties":{"type":"pakketpunt","locatieNaam":"InPost Locker 24/7","straatNaam":"Corso della Vittoria","straatNr":"snc","vervoerder":"InPost","puntType":"automaat","bezettingsgraad":50,"latitude":45.46521,"longitude":8.62672,"canPickup":true,"canDropoff":true,"openingstijden":null}},{"type":"Feature","geometry":{"type":"Point","coordinates":[8.60978,45.4446]},"properties":{"type":"pakketpunt","locatieNaam":"","straatNaam":"Via Perazzi","straatNr":"2F","vervoerder":"InPost","puntType":"automaat","bezettingsgraad":50,"latitude":45.4446,"longitude":8.60978,"canPickup":true,"canDropoff":true,"openingstijden":null}},{"type":"Feature","geometry":{"type":"Point","coordinates":[8.60986,45.44086]},"properties":{"type":"pakketpunt","locatieNaam":"InPost Locker","straatNaam":"Corso Torino","straatNr":"26c","vervoerder":"InPost","puntType":"automaat","bezettingsgraad":50,"latitude":45.44086,"longitude":8.60986,"canPickup":true,"canDropoff":true,"openingstijden":null}},{"type":"Feature","geometry":{"type":"Point","coordinates":[8.63168,45.46635]},"properties":{"type":"pakketpunt","locatieNaam":"InPost Locker 24/7","straatNaam":"Via Oscar Comazzi","straatNr":"3","vervoerder":"InPost","puntType":"automaat","bezettingsgraad":50,"latitude":45.46635,"longitude":8.63168,"canPickup":true,"canDropoff":true,"openingstijden":null}},{"type":"Feature","geometry":{"type":"Point","coordinates":[8.61565,45.43528]},"properties":{"type":"pakketpunt","locatieNaam":"InPost Locker 24/7","straatNaam":"Viale Giulio Cesare","straatNr":"250","vervoerder":"InPost","puntType":"automaat","bezettingsgraad":50,"latitude":45.43528,"longitude":8.61565,"canPickup":true,"canDropoff":true,"openingstijden":"24/7"}},{"type":"Feature","geometry":{"type":"Point","coordinates":[8.6317,45.43685]},"properties":{"type":"pakketpunt","locatieNaam":"InPost Locker 24/7","straatNaam":"Via Sforzesca","straatNr":"3","vervoerder":"InPost","puntType":"automaat","bezettingsgraad":50,"latitude":45.43685,"longitude":8.6317,"canPickup":true,"canDropoff":true,"openingstijden":"24/7"}},{"type":"Feature","geometry":{"type":"Point","coordinates":[8.64457,45.44449]},"properties":{"type":"pakketpunt","locatieNaam":"InPost Locker 24/7","straatNaam":"Corso Milano","straatNr":"56","vervoerder":"InPost","puntType":"automaat","bezettingsgraad":50,"latitude":45.44449,"longitude":8.64457,"canPickup":true,"canDropoff":true,"openingstijden":null}},{"type":"Feature","geometry":{"type":"Point","coordinates":[8.63369,45.43361]},"properties":{"type":"pakketpunt","locatieNaam":"InPost Locker 24/7","straatNaam":"Via XXIII Marzo 1849","straatNr":"206","vervoerder":"InPost","puntType":"automaat","bezettingsgraad":50,"latitude":45.43361,"longitude":8.63369,"canPickup":true,"canDropoff":true,"openingstijden":null}},{"type":"Feature","geometry":{"type":"Point","coordinates":[8.65484,45.4424]},"properties":{"type":"pakketpunt","locatieNaam":"InPost Locker 24/7","straatNaam":"Corso Milano","straatNr":"116","vervoerder":"InPost","puntType":"automaat","bezettingsgraad":50,"latitude":45.4424,"longitude":8.65484,"canPickup":true,"canDropoff":true,"openingstijden":null}},{"type":"Feature","geometry":{"type":"Point","coordinates":[8.60572,45.4373]},"properties":{"type":"pakketpunt","locatieNaam":"InPost Locker 24/7","straatNaam":"Corso Vercelli","straatNr":"248","vervoerder":"InPost","puntType":"automaat","bezettingsgraad":50,"latitude":45.4373,"longitude":8.60572,"canPickup":true,"canDropoff":true,"openingstijden":null}},{"type":"Feature","geometry":{"type":"Point","coordinates":[8.60157,45.43526]},"properties":{"type":"pakketpunt","locatieNaam":"InPost Locker 24/7","straatNaam":"Corso Vercelli","straatNr":"27D","vervoerder":"InPost","puntType":"automaat","bezettingsgraad":50,"latitude":45.43526,"longitude":8.60157,"canPickup":true,"canDropoff":true,"openingstijden":null}},{"type":"Feature","geometry":{"type":"Point","coordinates":[8.59895,45.44277]},"properties":{"type":"pakketpunt","locatieNaam":"InPost Locker 24/7","straatNaam":"Via Ugo Porzio Giovanola","straatNr":"15","vervoerder":"InPost","puntType":"automaat","bezettingsgraad":50,"latitude":45.44277,"longitude":8.59895,"canPickup":true,"canDropoff":true,"openingstijden":null}},{"type":"Feature","geometry":{"type":"Point","coordinates":[8.63252,45.4343]},"properties":{"type":"pakketpunt","locatieNaam":"Coop","straatNaam":"Via XXIII Marzo 1849","straatNr":"200","vervoerder":"InPost","puntType":"automaat","bezettingsgraad":50,"latitude":45.4343,"longitude":8.63252,"canPickup":true,"canDropoff":true,"openingstijden":null}},{"type":"Feature","geometry":{"type":"Point","coordinates":[8.60032,45.45496]},"properties":{"type":"pakketpunt","locatieNaam":"InPost Locker 24/7","straatNaam":"Via Valsesia","straatNr":"50","vervoerder":"InPost","puntType":"automaat","bezettingsgraad":50,"latitude":45.45496,"longitude":8.60032,"canPickup":true,"canDropoff":true,"openingstijden":null}},{"type":"Feature","geometry":{"type":"Point","coordinates":[8.62143,45.43471]},"properties":{"type":"pakketpunt","locatieNaam":"InPost Locker 24/7","straatNaam":"Viale Giulio Cesare","straatNr":"42","vervoerder":"InPost","puntType":"automaat","bezettingsgraad":50,"latitude":45.43471,"longitude":8.62143,"canPickup":true,"canDropoff":true,"openingstijden":null}},{"type":"Feature","geometry":{"type":"Point","coordinates":[8.61368,45.47277]},"properties":{"type":"pakketpunt","locatieNaam":"InPost Locker 24/7","straatNaam":"Corso Risorgimento","straatNr":"174","vervoerder":"InPost","puntType":"automaat","bezettingsgraad":50,"latitude":45.47277,"longitude":8.61368,"canPickup":true,"canDropoff":true,"openingstijden":null}},{"type":"Feature","geometry":{"type":"Point","coordinates":[8.62379,45.45552]},"properties":{"type":"pakketpunt","locatieNaam":"InPost Locker 24/7","straatNaam":"Corso Della Vittoria","straatNr":"14","vervoerder":"InPost","puntType":"automaat","bezettingsgraad":50,"latitude":45.45552,"longitude":8.62379,"canPickup":true,"canDropoff":true,"openingstijden":null}},{"type":"Feature","geometry":{"type":"Point","coordinates":[8.64048,45.44942]},"properties":{"type":"pakketpunt","locatieNaam":"InPost Locker 24/7","straatNaam":"Corso Trieste","straatNr":"54A","vervoerder":"InPost","puntType":"automaat","bezettingsgraad":50,"latitude":45.44942,"longitude":8.64048,"canPickup":true,"canDropoff":true,"openingstijden":null}},{"type":"Feature","geometry":{"type":"Point","coordinates":[8.62193,45.44923]},"properties":{"type":"pakketpunt","locatieNaam":"Badà Sara","straatNaam":"Via Gaudenzio Ferrari","straatNr":"2/E","vervoerder":"InPost","puntType":"servicepunt","bezettingsgraad":50,"latitude":45.44923,"longitude":8.62193,"canPickup":true,"canDropoff":true,"openingstijden":"Lun-Ven: 07:30 - 19:00 Sab: 07:30 - 12:30 - 15:00 - 19:00"}},{"type":"Feature","geometry":{"type":"Point","coordinates":[8.60707,45.43849]},"properties":{"type":"pakketpunt","locatieNaam":"InPost Point","straatNaam":"Corso Vercelli","straatNr":"4b","vervoerder":"InPost","puntType":"servicepunt","bezettingsgraad":50,"latitude":45.43849,"longitude":8.60707,"canPickup":true,"canDropoff":true,"openingstijden":"Lun-Ven: 09:30 - 18:30"}},{"type":"Feature","geometry":{"type":"Point","coordinates":[8.62243,45.44482]},"properties":{"type":"pakketpunt","locatieNaam":"InPost Point","straatNaam":"Corso Giuseppe Mazzini","straatNr":"15a","vervoerder":"InPost","puntType":"servicepunt","bezettingsgraad":50,"latitude":45.44482,"longitude":8.62243,"canPickup":true,"canDropoff":true,"openingstijden":"Lun-Ven: 09:00 - 12:30 - 15:00 - 19:00 Sab: 10:00-12:30"}},{"type":"Feature","geometry":{"type":"Point","coordinates":[8.61692,45.4597]},"properties":{"type":"pakketpunt","locatieNaam":"InPost Point","straatNaam":"Corso Risorgimento","straatNr":"66b","vervoerder":"InPost","puntType":"servicepunt","bezettingsgraad":50,"latitude":45.4597,"longitude":8.61692,"canPickup":true,"canDropoff":true,"openingstijden":"Lun-sab: 06:30 - 13:00"}},{"type":"Feature","geometry":{"type":"Point","coordinates":[8.6128191,45.4258795]},"properties":{"type":"pakketpunt","locatieNaam":"Bar day break","straatNaam":"Piazza Degli Ombrellai","straatNr":"7","vervoerder":"GLS","puntType":"parcel_shop","bezettingsgraad":50,"latitude":45.4258795,"longitude":8.6128191,"canPickup":true,"canDropoff":true,"openingstijden":"ma: 07:30 - 12:00, 12:00 - 17:00; di: 07:30 - 12:00, 12:00 - 17:00"}},{"type":"Feature","geometry":{"type":"Point","coordinates":[8.6095036,45.4352085]},"properties":{"type":"pakketpunt","locatieNaam":"Posta Privata Nazionale","straatNaam":"Viale Giulio Cesare","straatNr":"334","vervoerder":"GLS","puntType":"parcel_shop","bezettingsgraad":50,"latitude":45.4352085,"longitude":8.6095036,"canPickup":true,"canDropoff":true,"openingstijden":"ma: 09:00 - 12:30, 14:30 - 18:30; di: 09:00 - 12:30, 14:30 - 18:30"}},{"type":"Feature","geometry":{"type":"Point","coordinates":[8.6085849,45.4386287]},"properties":{"type":"pakketpunt","locatieNaam":"SIPOSTA","straatNaam":"Corso Torino","straatNr":"53","vervoerder":"GLS","puntType":"parcel_shop","bezettingsgraad":50,"latitude":45.4386287,"longitude":8.6085849,"canPickup":true,"canDropoff":true,"openingstijden":"ma: 09:00 - 13:00, 14:00 - 16:00; di: 09:00 - 13:00, 14:00 - 16:00"}},{"type":"Feature","geometry":{"type":"Point","coordinates":[8.6263737,45.4388138]},"properties":{"type":"pakketpunt","locatieNaam":"erepair di carione monica","straatNaam":"Via 23 Marzo","straatNr":"55","vervoerder":"GLS","puntType":"parcel_shop","bezettingsgraad":50,"latitude":45.4388138,"longitude":8.6263737,"canPickup":true,"canDropoff":true,"openingstijden":"za: 10:00 - 12:30, 16:00 - 19:00; ma: 09:30 - 15:00, 17:30 - 19:00"}},{"type":"Feature","geometry":{"type":"Point","coordinates":[8.6119328,45.4389046]},"properties":{"type":"pakketpunt","locatieNaam":"Svapoland novara","straatNaam":"Viale Roma","straatNr":"29/c","vervoerder":"GLS","puntType":"parcel_shop","bezettingsgraad":50,"latitude":45.4389046,"longitude":8.6119328,"canPickup":true,"canDropoff":true,"openingstijden":"za: 09:30 - 12:30, 15:30 - 19:30; ma: 15:30 - 19:00"}},{"type":"Feature","geometry":{"type":"Point","coordinates":[8.6095212,45.4409611]},"properties":{"type":"pakketpunt","locatieNaam":"La Post@ Nazionale","straatNaam":"Corso Torino","straatNr":"26/C","vervoerder":"GLS","puntType":"parcel_shop","bezettingsgraad":50,"latitude":45.4409611,"longitude":8.6095212,"canPickup":true,"canDropoff":true,"openingstijden":"za: 09:00 - 12:30; ma: 09:00 - 13:00, 15:00 - 18:30"}},{"type":"Feature","geometry":{"type":"Point","coordinates":[8.62293,45.44419]},"properties":{"type":"pakketpunt","locatieNaam":"Vaporeum Sigarette Elettroniche","straatNaam":"Via Ettore Perrone","straatNr":"4/A","vervoerder":"GLS","puntType":"parcel_shop","bezettingsgraad":50,"latitude":45.44419,"longitude":8.62293,"canPickup":true,"canDropoff":true,"openingstijden":"za: 10:00 - 19:00; ma: 08:30 - 19:00"}},{"type":"Feature","geometry":{"type":"Point","coordinates":[8.61176,45.4444956]},"properties":{"type":"pakketpunt","locatieNaam":"CORRIERE DI NOVARA","straatNaam":"Corso Torino","straatNr":"2/C","vervoerder":"GLS","puntType":"parcel_shop","bezettingsgraad":50,"latitude":45.4444956,"longitude":8.61176,"canPickup":true,"canDropoff":true,"openingstijden":"za: 07:30 - 13:00; ma: 07:30 - 12:30, 16:00 - 19:30"}},{"type":"Feature","geometry":{"type":"Point","coordinates":[8.6392374,45.44538]},"properties":{"type":"pakketpunt","locatieNaam":"MARIELLA","straatNaam":"Corso Milano","straatNr":"40/B","vervoerder":"GLS","puntType":"parcel_shop","bezettingsgraad":50,"latitude":45.44538,"longitude":8.6392374,"canPickup":true,"canDropoff":true,"openingstijden":"ma: 09:30 - 13:00, 15:00 - 17:30; di: 09:30 - 13:00, 15:00 - 17:30"}},{"type":"Feature","geometry":{"type":"Point","coordinates":[8.6178954,45.4467504]},"properties":{"type":"pakketpunt","locatieNaam":"Tabaccheria","straatNaam":"Corso Italia","straatNr":"49a","vervoerder":"GLS","puntType":"parcel_shop","bezettingsgraad":50,"latitude":45.4467504,"longitude":8.6178954,"canPickup":true,"canDropoff":true,"openingstijden":"za: 08:30 - 12:30, 15:30 - 18:30; ma: 07:30 - 12:30, 15:00 - 18:30"}},{"type":"Feature","geometry":{"type":"Point","coordinates":[8.6264343,45.4468056]},"properties":{"type":"pakketpunt","locatieNaam":"L'angolo del caffe'","straatNaam":"Corso Felice Cavallotti","straatNr":"30/d","vervoerder":"GLS","puntType":"parcel_shop","bezettingsgraad":50,"latitude":45.4468056,"longitude":8.6264343,"canPickup":true,"canDropoff":true,"openingstijden":"ma: 06:30 - 17:00; di: 06:30 - 17:00"}},{"type":"Feature","geometry":{"type":"Point","coordinates":[8.6121067,45.4469503]},"properties":{"type":"pakketpunt","locatieNaam":"Tabaccheria Fumagalli","straatNaam":"Via Andrea Costa","straatNr":"8i","vervoerder":"GLS","puntType":"parcel_shop","bezettingsgraad":50,"latitude":45.4469503,"longitude":8.6121067,"canPickup":true,"canDropoff":true,"openingstijden":"za: 08:00 - 12:00, 15:30 - 19:00; ma: 08:00 - 12:00, 15:00 - 19:00"}},{"type":"Feature","geometry":{"type":"Point","coordinates":[8.6341726,45.4479058]},"properties":{"type":"pakketpunt","locatieNaam":"WARYHA PHONE CLINIC","straatNaam":"Corso Trieste","straatNr":"9A","vervoerder":"GLS","puntType":"parcel_shop","bezettingsgraad":50,"latitude":45.4479058,"longitude":8.6341726,"canPickup":true,"canDropoff":true,"openingstijden":"za: 09:00 - 13:00, 14:00 - 20:00; ma: 09:00 - 13:00, 14:00 - 20:00"}},{"type":"Feature","geometry":{"type":"Point","coordinates":[8.6016625,45.4487519]},"properties":{"type":"pakketpunt","locatieNaam":"Bar Admiral","straatNaam":"Via Cavalvavia San Martino","straatNr":"30","vervoerder":"GLS","puntType":"parcel_shop","bezettingsgraad":50,"latitude":45.4487519,"longitude":8.6016625,"canPickup":true,"canDropoff":true,"openingstijden":"za: 08:30 - 20:00; zo: 08:30 - 20:00"}},{"type":"Feature","geometry":{"type":"Point","coordinates":[8.6179591,45.4555132]},"properties":{"type":"pakketpunt","locatieNaam":"SETTE GRAMMI COFFEE SHOP","straatNaam":"Corso Risorgimento","straatNr":"18/G","vervoerder":"GLS","puntType":"parcel_shop","bezettingsgraad":50,"latitude":45.4555132,"longitude":8.6179591,"canPickup":true,"canDropoff":true,"openingstijden":"za: 09:30 - 12:00, 15:30 - 19:00; ma: 15:30 - 19:00"}},{"type":"Feature","geometry":{"type":"Point","coordinates":[8.6201412,45.4584264]},"properties":{"type":"pakketpunt","locatieNaam":"tabaccheria","straatNaam":"Via Delle Rosette","straatNr":"30/A","vervoerder":"GLS","puntType":"parcel_shop","bezettingsgraad":50,"latitude":45.4584264,"longitude":8.6201412,"canPickup":true,"canDropoff":true,"openingstijden":"za: 07:00 - 19:00; ma: 07:00 - 19:00"}},{"type":"Feature","geometry":{"type":"Point","coordinates":[8.6239284,45.4612562]},"properties":{"type":"pakketpunt","locatieNaam":"LA cARTOLERIA","straatNaam":"Via Beltrami","straatNr":"3","vervoerder":"GLS","puntType":"parcel_shop","bezettingsgraad":50,"latitude":45.4612562,"longitude":8.6239284,"canPickup":true,"canDropoff":true,"openingstijden":"za: 08:30 - 12:00, 16:00 - 19:00; ma: 16:00 - 19:00"}},{"type":"Feature","geometry":{"type":"Point","coordinates":[8.6310916,45.4659645]},"properties":{"type":"pakketpunt","locatieNaam":"GLS Locker NO004B presso stazione di servizio Esso","straatNaam":"Via Oscar Comazzi","straatNr":"3","vervoerder":"GLS","puntType":"locker","bezettingsgraad":50,"latitude":45.4659645,"longitude":8.6310916,"canPickup":true,"canDropoff":false,"openingstijden":"za: 00:00 - 23:30; zo: 00:00 - 23:30"}},{"type":"Feature","geometry":{"type":"Point","coordinates":[8.588954,45.408007]},"properties":{"type":"pakketpunt","locatieNaam":"Ufficio Postale LUMELLOGNO","straatNaam":"VIA ALLA CHIESA 12","straatNr":"","vervoerder":"DHL","puntType":"postOffice","bezettingsgraad":50,"latitude":45.408007,"longitude":8.588954,"canPickup":true,"canDropoff":true,"openingstijden":{"ma":"08:20 - 13:45","di":"08:20 - 13:45","wo":"08:20 - 13:45","do":"08:20 - 13:45","vr":"08:20 - 13:45","za":"08:20 - 12:45","zo":"gesloten"}}},{"type":"Feature","geometry":{"type":"Point","coordinates":[8.588013,45.409556]},"properties":{"type":"pakketpunt","locatieNaam":"TABACCHERIA N. 14","straatNaam":"VIA PIER LOMBARDO 19","straatNr":"","vervoerder":"DHL","puntType":"parcelShop","bezettingsgraad":50,"latitude":45.409556,"longitude":8.588013,"canPickup":true,"canDropoff":true,"openingstijden":{"ma":"07:00 - 12:30, 15:00 - 19:30","di":"07:00 - 12:30, 15:00 - 19:30","wo":"07:00 - 12:30, 15:00 - 19:30","do":"07:00 - 12:30, 15:00 - 19:30","vr":"07:00 - 12:30, 15:00 - 19:30","za":"07:00 - 12:30, 15:00 - 19:30","zo":"08:30 - 12:30"}}},{"type":"Feature","geometry":{"type":"Point","coordinates":[8.626977,45.437452]},"properties":{"type":"pakketpunt","locatieNaam":"Ufficio Postale NOVARA 3","straatNaam":"VIA COL DI LANA 22-A","straatNr":"","vervoerder":"DHL","puntType":"postOffice","bezettingsgraad":50,"latitude":45.437452,"longitude":8.626977,"canPickup":true,"canDropoff":true,"openingstijden":{"ma":"08:20 - 13:35","di":"08:20 - 13:35","wo":"08:20 - 13:35","do":"08:20 - 13:35","vr":"08:20 - 13:35","za":"08:20 - 12:35","zo":"gesloten"}}},{"type":"Feature","geometry":{"type":"Point","coordinates":[8.628301,45.435047]},"properties":{"type":"pakketpunt","locatieNaam":"TABACCHERIA N. 15","straatNaam":"VIALE GIULIO CESARE 42-C","straatNr":"","vervoerder":"DHL","puntType":"parcelShop","bezettingsgraad":50,"latitude":45.435047,"longitude":8.628301,"canPickup":true,"canDropoff":true,"openingstijden":{"ma":"08:00 - 12:30, 15:00 - 19:30","di":"08:00 - 12:30, 15:00 - 19:30","wo":"08:00 - 12:30, 15:00 - 19:30","do":"08:00 - 12:30, 15:00 - 19:30","vr":"08:00 - 12:30, 15:00 - 19:30","za":"08:00 - 12:30, 15:00 - 19:30","zo":"gesloten"}}},{"type":"Feature","geometry":{"type":"Point","coordinates":[8.619585,45.432401]},"properties":{"type":"pakketpunt","locatieNaam":"TABACCHERIA N. 31","straatNaam":"VIA MONTE SAN GABRIELE 20","straatNr":"","vervoerder":"DHL","puntType":"parcelShop","bezettingsgraad":50,"latitude":45.432401,"longitude":8.619585,"canPickup":true,"canDropoff":true,"openingstijden":{"ma":"07:45 - 12:30, 14:30 - 19:15","di":"07:45 - 12:30, 14:30 - 19:15","wo":"07:45 - 12:30, 14:30 - 19:15","do":"07:45 - 12:30, 14:30 - 19:15","vr":"07:45 - 12:30, 14:30 - 19:15","za":"07:45 - 12:30, 14:30 - 19:15","zo":"gesloten"}}},{"type":"Feature","geometry":{"type":"Point","coordinates":[8.616272,45.438536]},"properties":{"type":"pakketpunt","locatieNaam":"Ufficio Postale NOVARA 9","straatNaam":"VIA FRANCESCO SESALLI 15","straatNr":"","vervoerder":"DHL","puntType":"postOffice","bezettingsgraad":50,"latitude":45.438536,"longitude":8.616272,"canPickup":true,"canDropoff":true,"openingstijden":{"ma":"08:20 - 13:35","di":"08:20 - 13:35","wo":"08:20 - 13:35","do":"08:20 - 13:35","vr":"08:20 - 13:35","za":"08:20 - 12:35","zo":"gesloten"}}},{"type":"Feature","geometry":{"type":"Point","coordinates":[8.612366,45.439075]},"properties":{"type":"pakketpunt","locatieNaam":"TABACCHERIA N. 50","straatNaam":"VIALE ROMA 27-E","straatNr":"","vervoerder":"DHL","puntType":"parcelShop","bezettingsgraad":50,"latitude":45.439075,"longitude":8.612366,"canPickup":true,"canDropoff":true,"openingstijden":{"ma":"08:00 - 13:00, 15:00 - 19:00","di":"08:00 - 13:00, 15:00 - 19:00","wo":"08:00 - 13:00, 15:00 - 19:00","do":"08:00 - 13:00, 15:00 - 19:00","vr":"08:00 - 13:00, 15:00 - 19:00","za":"08:00 - 13:00, 15:00 - 19:00","zo":"gesloten"}}},{"type":"Feature","geometry":{"type":"Point","coordinates":[8.611355,45.435097]},"properties":{"type":"pakketpunt","locatieNaam":"TABACCHERIA N. 49","straatNaam":"VIA GIACOMO BATTISTINI 39","straatNr":"","vervoerder":"DHL","puntType":"parcelShop","bezettingsgraad":50,"latitude":45.435097,"longitude":8.611355,"canPickup":true,"canDropoff":true,"openingstijden":{"ma":"07:00 - 12:30, 14:30 - 19:30","di":"07:00 - 12:30, 14:30 - 19:30","wo":"07:00 - 12:30, 14:30 - 19:30","do":"07:00 - 12:30, 14:30 - 19:30","vr":"07:00 - 12:30, 14:30 - 19:30","za":"07:00 - 12:30, 14:30 - 19:30","zo":"gesloten"}}},{"type":"Feature","geometry":{"type":"Point","coordinates":[8.635006,45.435619]},"properties":{"type":"pakketpunt","locatieNaam":"DGT INFO","straatNaam":"VIA SFORZESCA 43-B","straatNr":"","vervoerder":"DHL","puntType":"packStation","bezettingsgraad":50,"latitude":45.435619,"longitude":8.635006,"canPickup":true,"canDropoff":true,"openingstijden":{"ma":"00:01 - 23:59","di":"00:01 - 23:59","wo":"00:01 - 23:59","do":"00:01 - 23:59","vr":"00:01 - 23:59","za":"00:01 - 23:59","zo":"00:01 - 23:59"}}},{"type":"Feature","geometry":{"type":"Point","coordinates":[8.625259,45.445099]},"properties":{"type":"pakketpunt","locatieNaam":"TABACCHERIA N. 33","straatNaam":"VIA CESARE MAGNANI RICOTTI 12","straatNr":"","vervoerder":"DHL","puntType":"parcelShop","bezettingsgraad":50,"latitude":45.445099,"longitude":8.625259,"canPickup":true,"canDropoff":true,"openingstijden":{"ma":"07:00 - 19:00","di":"07:00 - 19:00","wo":"07:00 - 19:00","do":"07:00 - 19:00","vr":"07:00 - 19:00","za":"gesloten","zo":"gesloten"}}},{"type":"Feature","geometry":{"type":"Point","coordinates":[8.608465,45.438838]},"properties":{"type":"pakketpunt","locatieNaam":"TABACCHERIA N. 30","straatNaam":"CORSO TORINO 48-A","straatNr":"","vervoerder":"DHL","puntType":"parcelShop","bezettingsgraad":50,"latitude":45.438838,"longitude":8.608465,"canPickup":true,"canDropoff":true,"openingstijden":{"ma":"07:30 - 12:30, 14:30 - 19:30","di":"07:30 - 12:30, 14:30 - 19:30","wo":"07:30 - 12:30, 14:30 - 19:30","do":"07:30 - 12:30, 14:30 - 19:30","vr":"07:30 - 12:30, 14:30 - 19:30","za":"07:30 - 12:30, 14:30 - 19:30","zo":"gesloten"}}},{"type":"Feature","geometry":{"type":"Point","coordinates":[8.610318,45.441931]},"properties":{"type":"pakketpunt","locatieNaam":"Ufficio Postale NOVARA 2","straatNaam":"CORSO TORINO 16 C-D","straatNr":"","vervoerder":"DHL","puntType":"postOffice","bezettingsgraad":50,"latitude":45.441931,"longitude":8.610318,"canPickup":true,"canDropoff":true,"openingstijden":{"ma":"08:20 - 13:35","di":"08:20 - 13:35","wo":"08:20 - 13:35","do":"08:20 - 13:35","vr":"08:20 - 13:35","za":"08:20 - 12:35","zo":"gesloten"}}},{"type":"Feature","geometry":{"type":"Point","coordinates":[8.61,45.4416]},"properties":{"type":"pakketpunt","locatieNaam":"DHL STORE NOVARA","straatNaam":"Corso Torino 16/a","straatNr":"","vervoerder":"DHL","puntType":"parcelShop","bezettingsgraad":50,"latitude":45.4416,"longitude":8.61,"canPickup":false,"canDropoff":true,"openingstijden":{"ma":"09:00 - 18:30","di":"09:00 - 18:30","wo":"09:00 - 18:30","do":"09:00 - 18:30","vr":"09:00 - 18:30","za":"gesloten","zo":"gesloten"}}},{"type":"Feature","geometry":{"type":"Point","coordinates":[8.610854,45.429434]},"properties":{"type":"pakketpunt","locatieNaam":"TABACCHERIA N. 38","straatNaam":"STRADA DELLA RIZZOTTAGLIA 11","straatNr":"","vervoerder":"DHL","puntType":"parcelShop","bezettingsgraad":50,"latitude":45.429434,"longitude":8.610854,"canPickup":true,"canDropoff":true,"openingstijden":{"ma":"07:45 - 12:30, 15:10 - 19:30","di":"07:45 - 12:30, 15:10 - 19:30","wo":"07:45 - 12:30, 15:10 - 19:30","do":"07:45 - 12:30, 15:10 - 19:30","vr":"07:45 - 12:30, 15:10 - 19:30","za":"07:45 - 12:30, 15:10 - 19:30","zo":"gesloten"}}},{"type":"Feature","geometry":{"type":"Point","coordinates":[8.616533,45.446246]},"properties":{"type":"pakketpunt","locatieNaam":"Ufficio Postale NOVARA CENTRO","straatNaam":"LARGO DELLA COSTITUENTE 4","straatNr":"","vervoerder":"DHL","puntType":"postOffice","bezettingsgraad":50,"latitude":45.446246,"longitude":8.616533,"canPickup":true,"canDropoff":true,"openingstijden":{"ma":"08:20 - 19:05","di":"08:20 - 19:05","wo":"08:20 - 19:05","do":"08:20 - 19:05","vr":"08:20 - 19:05","za":"08:20 - 12:35","zo":"gesloten"}}},{"type":"Feature","geometry":{"type":"Point","coordinates":[8.61768,45.44675]},"properties":{"type":"pakketpunt","locatieNaam":"TABACCHERIA N. 3","straatNaam":"CORSO ITALIA 49-A","straatNr":"","vervoerder":"DHL","puntType":"parcelShop","bezettingsgraad":50,"latitude":45.44675,"longitude":8.61768,"canPickup":true,"canDropoff":true,"openingstijden":{"ma":"08:00 - 12:30, 15:00 - 18:30","di":"08:00 - 12:30, 15:00 - 18:30","wo":"08:00 - 12:30, 15:00 - 18:01","do":"08:00 - 12:30, 15:00 - 18:30","vr":"08:00 - 12:30, 15:00 - 18:03","za":"08:00 - 12:30, 15:00 - 18:30","zo":"gesloten"}}},{"type":"Feature","geometry":{"type":"Point","coordinates":[8.640137,45.430685]},"properties":{"type":"pakketpunt","locatieNaam":"Ufficio Postale NOVARA 7","straatNaam":"VIA MONSIGNORE CAVIGIOLI 13","straatNr":"","vervoerder":"DHL","puntType":"postOffice","bezettingsgraad":50,"latitude":45.430685,"longitude":8.640137,"canPickup":true,"canDropoff":true,"openingstijden":{"ma":"08:20 - 13:35","di":"08:20 - 13:35","wo":"08:20 - 13:35","do":"08:20 - 13:35","vr":"08:20 - 13:35","za":"08:20 - 12:35","zo":"gesloten"}}},{"type":"Feature","geometry":{"type":"Point","coordinates":[8.611817,45.4468]},"properties":{"type":"pakketpunt","locatieNaam":"TABACCHERIA n. 8","straatNaam":"VIA ANDREA COSTA 8-I","straatNr":"","vervoerder":"DHL","puntType":"parcelShop","bezettingsgraad":50,"latitude":45.4468,"longitude":8.611817,"canPickup":true,"canDropoff":true,"openingstijden":{"ma":"08:00 - 12:30, 15:00 - 19:30","di":"08:00 - 12:30, 15:00 - 19:30","wo":"08:00 - 12:30, 15:00 - 19:30","do":"08:00 - 12:30, 15:00 - 19:30","vr":"08:00 - 12:30, 15:00 - 19:30","za":"08:00 - 12:30, 15:30 - 18:00","zo":"gesloten"}}},{"type":"Feature","geometry":{"type":"Point","coordinates":[8.635716,45.446015]},"properties":{"type":"pakketpunt","locatieNaam":"TABACCHERIA N. 11","straatNaam":"CORSO MILANO 22-D","straatNr":"","vervoerder":"DHL","puntType":"parcelShop","bezettingsgraad":50,"latitude":45.446015,"longitude":8.635716,"canPickup":true,"canDropoff":true,"openingstijden":{"ma":"08:00 - 19:30","di":"08:00 - 19:30","wo":"08:00 - 19:30","do":"08:00 - 19:30","vr":"08:00 - 19:30","za":"08:00 - 19:30","zo":"gesloten"}}},{"type":"Feature","geometry":{"type":"Point","coordinates":[8.625702,45.449727]},"properties":{"type":"pakketpunt","locatieNaam":"TABACCHERIA ATABIANO","straatNaam":"Manzoni, 10 C","straatNr":"","vervoerder":"DHL","puntType":"parcelShop","bezettingsgraad":50,"latitude":45.449727,"longitude":8.625702,"canPickup":false,"canDropoff":true,"openingstijden":{"ma":"09:00 - 19:30","di":"09:00 - 19:30","wo":"09:00 - 19:30","do":"09:00 - 19:30","vr":"09:00 - 19:30","za":"09:00 - 19:30","zo":"gesloten"}}},{"type":"Feature","geometry":{"type":"Point","coordinates":[8.625492,45.449935]},"properties":{"type":"pakketpunt","locatieNaam":"TABACCHERIA N. 40","straatNaam":"VIALE ALESSANDRO MANZONI 10-C","straatNr":"","vervoerder":"DHL","puntType":"parcelShop","bezettingsgraad":50,"latitude":45.449935,"longitude":8.625492,"canPickup":true,"canDropoff":true,"openingstijden":{"ma":"09:00 - 12:30, 17:00 - 19:30","di":"09:00 - 12:30, 17:00 - 19:30","wo":"09:00 - 12:30, 17:00 - 19:30","do":"09:00 - 12:30, 17:00 - 19:30","vr":"09:00 - 12:30, 17:00 - 19:30","za":"10:00 - 12:30, 17:00 - 19:30","zo":"gesloten"}}},{"type":"Feature","geometry":{"type":"Point","coordinates":[8.602605,45.435722]},"properties":{"type":"pakketpunt","locatieNaam":"TABACCHERIA N. 39","straatNaam":"CORSO VERCELLI 19-D","straatNr":"","vervoerder":"DHL","puntType":"parcelShop","bezettingsgraad":50,"latitude":45.435722,"longitude":8.602605,"canPickup":true,"canDropoff":true,"openingstijden":{"ma":"07:30 - 12:30, 15:00 - 19:30","di":"07:30 - 12:30, 15:00 - 19:30","wo":"07:30 - 12:30, 15:00 - 19:30","do":"07:30 - 12:30, 15:00 - 19:30","vr":"07:30 - 12:30, 15:00 - 19:30","za":"08:00 - 12:30, 15:00 - 19:30","zo":"gesloten"}}},{"type":"Feature","geometry":{"type":"Point","coordinates":[8.625562,45.45017]},"properties":{"type":"pakketpunt","locatieNaam":"Ufficio Postale NOVARA 1","straatNaam":"VIALE ALESSANDRO MANZONI 7","straatNr":"","vervoerder":"DHL","puntType":"postOffice","bezettingsgraad":50,"latitude":45.45017,"longitude":8.625562,"canPickup":true,"canDropoff":true,"openingstijden":{"ma":"08:20 - 13:35","di":"08:20 - 13:35","wo":"08:20 - 13:35","do":"08:20 - 13:35","vr":"08:20 - 13:35","za":"08:20 - 12:35","zo":"gesloten"}}},{"type":"Feature","geometry":{"type":"Point","coordinates":[8.634435,45.447928]},"properties":{"type":"pakketpunt","locatieNaam":"Ufficio Postale NOVARA 4","straatNaam":"CORSO TRIESTE 18-A","straatNr":"","vervoerder":"DHL","puntType":"postOffice","bezettingsgraad":50,"latitude":45.447928,"longitude":8.634435,"canPickup":true,"canDropoff":true,"openingstijden":{"ma":"08:20 - 13:35","di":"08:20 - 13:35","wo":"08:20 - 13:35","do":"08:20 - 13:35","vr":"08:20 - 13:35","za":"08:20 - 12:35","zo":"gesloten"}}},{"type":"Feature","geometry":{"type":"Point","coordinates":[8.640047,45.445359]},"properties":{"type":"pakketpunt","locatieNaam":"TABACCHERIA N. 52","straatNaam":"CORSO MILANO 46-B","straatNr":"","vervoerder":"DHL","puntType":"parcelShop","bezettingsgraad":50,"latitude":45.445359,"longitude":8.640047,"canPickup":true,"canDropoff":true,"openingstijden":{"ma":"07:30 - 12:30, 15:00 - 19:00","di":"07:30 - 12:30, 15:00 - 19:00","wo":"07:30 - 12:30, 15:00 - 19:00","do":"07:30 - 12:30, 15:00 - 19:00","vr":"07:30 - 12:30, 15:00 - 19:00","za":"08:00 - 12:30, 15:00 - 19:00","zo":"gesloten"}}},{"type":"Feature","geometry":{"type":"Point","coordinates":[8.641679,45.428105]},"properties":{"type":"pakketpunt","locatieNaam":"TABACCHERIA n. 75","straatNaam":"VIA VENTITRE MARZO 1849 343","straatNr":"","vervoerder":"DHL","puntType":"parcelShop","bezettingsgraad":50,"latitude":45.428105,"longitude":8.641679,"canPickup":true,"canDropoff":true,"openingstijden":{"ma":"07:00 - 12:30, 14:30 - 19:00","di":"07:00 - 12:30, 14:30 - 19:00","wo":"07:00 - 12:30, 14:30 - 19:00","do":"07:00 - 12:30, 14:30 - 19:00","vr":"07:00 - 12:30, 14:30 - 19:00","za":"07:00 - 12:30, 14:30 - 19:00","zo":"gesloten"}}},{"type":"Feature","geometry":{"type":"Point","coordinates":[8.607598,45.448014]},"properties":{"type":"pakketpunt","locatieNaam":"TABACCHERIA N. 29","straatNaam":"VIA PIETRO MICCA 73","straatNr":"","vervoerder":"DHL","puntType":"parcelShop","bezettingsgraad":50,"latitude":45.448014,"longitude":8.607598,"canPickup":true,"canDropoff":true,"openingstijden":{"ma":"07:00 - 12:30, 14:00 - 19:30","di":"07:00 - 12:30, 14:00 - 19:30","wo":"07:00 - 12:30, 14:00 - 19:30","do":"07:00 - 12:30, 14:00 - 19:30","vr":"07:00 - 12:30, 14:00 - 19:30","za":"07:00 - 12:30, 14:00 - 19:30","zo":"gesloten"}}},{"type":"Feature","geometry":{"type":"Point","coordinates":[8.599281,45.434045]},"properties":{"type":"pakketpunt","locatieNaam":"Ufficio Postale NOVARA 6","straatNaam":"VIA BERGAMO 3","straatNr":"","vervoerder":"DHL","puntType":"postOffice","bezettingsgraad":50,"latitude":45.434045,"longitude":8.599281,"canPickup":true,"canDropoff":true,"openingstijden":{"ma":"08:20 - 13:35","di":"08:20 - 13:35","wo":"08:20 - 13:35","do":"08:20 - 13:35","vr":"08:20 - 13:35","za":"08:20 - 12:35","zo":"gesloten"}}},{"type":"Feature","geometry":{"type":"Point","coordinates":[8.598997,45.442649]},"properties":{"type":"pakketpunt","locatieNaam":"STAZIONE DI SERVIZIO IP","straatNaam":"VIA UGO PORZIO GIOVANOLA 15","straatNr":"","vervoerder":"DHL","puntType":"packStation","bezettingsgraad":50,"latitude":45.442649,"longitude":8.598997,"canPickup":true,"canDropoff":true,"openingstijden":{"ma":"00:01 - 23:59","di":"00:01 - 23:59","wo":"00:01 - 23:59","do":"00:01 - 23:59","vr":"00:01 - 23:59","za":"00:01 - 23:59","zo":"00:01 - 23:59"}}},{"type":"Feature","geometry":{"type":"Point","coordinates":[8.616327,45.41849]},"properties":{"type":"pakketpunt","locatieNaam":"TABACCHERIA N. 19","straatNaam":"VIA MAESTRA 45","straatNr":"","vervoerder":"DHL","puntType":"parcelShop","bezettingsgraad":50,"latitude":45.41849,"longitude":8.616327,"canPickup":true,"canDropoff":true,"openingstijden":{"ma":"06:30 - 12:20, 14:40 - 19:20","di":"06:30 - 12:20, 14:40 - 19:20","wo":"06:30 - 12:20, 14:40 - 19:20","do":"06:30 - 12:20, 14:40 - 19:20","vr":"06:30 - 12:20, 14:40 - 19:20","za":"06:30 - 12:20, 14:40 - 19:20","zo":"gesloten"}}},{"type":"Feature","geometry":{"type":"Point","coordinates":[8.597313,45.433511]},"properties":{"type":"pakketpunt","locatieNaam":"TABACCHERIA N. 71","straatNaam":"CORSO VERCELLI 61","straatNr":"","vervoerder":"DHL","puntType":"parcelShop","bezettingsgraad":50,"latitude":45.433511,"longitude":8.597313,"canPickup":true,"canDropoff":true,"openingstijden":{"ma":"08:00 - 12:30, 15:00 - 19:00","di":"08:00 - 12:30, 15:00 - 19:00","wo":"08:00 - 12:30, 15:00 - 19:00","do":"08:00 - 12:30, 15:00 - 19:00","vr":"08:00 - 12:30, 15:00 - 19:00","za":"08:00 - 12:30, 15:00 - 19:00","zo":"gesloten"}}},{"type":"Feature","geometry":{"type":"Point","coordinates":[8.61865,45.454387]},"properties":{"type":"pakketpunt","locatieNaam":"TABACCHERIA N. 61","straatNaam":"CORSO RISORGIMENTO 15-B","straatNr":"","vervoerder":"DHL","puntType":"parcelShop","bezettingsgraad":50,"latitude":45.454387,"longitude":8.61865,"canPickup":true,"canDropoff":true,"openingstijden":{"ma":"07:30 - 12:30, 15:00 - 19:00","di":"07:30 - 12:30, 15:00 - 19:00","wo":"07:30 - 12:30, 15:00 - 19:00","do":"07:30 - 12:30, 15:00 - 19:00","vr":"07:30 - 12:30, 15:00 - 19:00","za":"07:30 - 12:30","zo":"gesloten"}}},{"type":"Feature","geometry":{"type":"Point","coordinates":[8.605073,45.450111]},"properties":{"type":"pakketpunt","locatieNaam":"Ufficio Postale NOVARA 8","straatNaam":"VIA GIAN CARLO MAGGI 2-C","straatNr":"","vervoerder":"DHL","puntType":"postOffice","bezettingsgraad":50,"latitude":45.450111,"longitude":8.605073,"canPickup":true,"canDropoff":true,"openingstijden":{"ma":"08:20 - 13:35","di":"08:20 - 13:35","wo":"08:20 - 13:35","do":"08:20 - 13:35","vr":"08:20 - 13:35","za":"08:20 - 12:35","zo":"gesloten"}}},{"type":"Feature","geometry":{"type":"Point","coordinates":[8.60084,45.447159]},"properties":{"type":"pakketpunt","locatieNaam":"CENTRO COMMERCIALE SAN MART","straatNaam":"VIA UGO PORZIO GIOVANOLA 7","straatNr":"","vervoerder":"DHL","puntType":"packStation","bezettingsgraad":50,"latitude":45.447159,"longitude":8.60084,"canPickup":true,"canDropoff":true,"openingstijden":{"ma":"08:00 - 21:00","di":"08:00 - 21:00","wo":"08:00 - 21:00","do":"08:00 - 21:00","vr":"08:00 - 21:00","za":"08:00 - 21:00","zo":"08:00 - 21:00"}}},{"type":"Feature","geometry":{"type":"Point","coordinates":[8.618717,45.455329]},"properties":{"type":"pakketpunt","locatieNaam":"STAZIONE DI SERVIZIO ESSO","straatNaam":"CORSO RISORGIMENTO 26","straatNr":"","vervoerder":"DHL","puntType":"packStation","bezettingsgraad":50,"latitude":45.455329,"longitude":8.618717,"canPickup":true,"canDropoff":true,"openingstijden":{"ma":"00:01 - 23:59","di":"00:01 - 23:59","wo":"00:01 - 23:59","do":"00:01 - 23:59","vr":"00:01 - 23:59","za":"00:01 - 23:59","zo":"00:01 - 23:59"}}},{"type":"Feature","geometry":{"type":"Point","coordinates":[8.642371,45.450044]},"properties":{"type":"pakketpunt","locatieNaam":"TABACCHERIA N. 46","straatNaam":"CORSO TRIESTE 37","straatNr":"","vervoerder":"DHL","puntType":"parcelShop","bezettingsgraad":50,"latitude":45.450044,"longitude":8.642371,"canPickup":true,"canDropoff":true,"openingstijden":{"ma":"07:00 - 13:00, 15:00 - 19:00","di":"07:00 - 13:00, 15:00 - 19:00","wo":"07:00 - 13:00, 15:00 - 19:00","do":"07:00 - 13:00, 15:00 - 19:00","vr":"07:00 - 13:00, 15:00 - 19:00","za":"07:00 - 13:00, 15:00 - 19:00","zo":"gesloten"}}},{"type":"Feature","geometry":{"type":"Point","coordinates":[8.643672,45.450255]},"properties":{"type":"pakketpunt","locatieNaam":"STAZIONE DI SERVIZIO TAMOIL","straatNaam":"CORSO TRIESTE 64","straatNr":"","vervoerder":"DHL","puntType":"packStation","bezettingsgraad":50,"latitude":45.450255,"longitude":8.643672,"canPickup":true,"canDropoff":true,"openingstijden":{"ma":"00:01 - 23:59","di":"00:01 - 23:59","wo":"00:01 - 23:59","do":"00:01 - 23:59","vr":"00:01 - 23:59","za":"00:01 - 23:59","zo":"00:01 - 23:59"}}},{"type":"Feature","geometry":{"type":"Point","coordinates":[8.62012,45.458366]},"properties":{"type":"pakketpunt","locatieNaam":"TABACCHERIA N. 36","straatNaam":"VIA DELLE ROSETTE 30-A","straatNr":"","vervoerder":"DHL","puntType":"parcelShop","bezettingsgraad":50,"latitude":45.458366,"longitude":8.62012,"canPickup":true,"canDropoff":true,"openingstijden":{"ma":"07:30 - 19:00","di":"07:30 - 19:00","wo":"07:30 - 19:00","do":"07:30 - 19:00","vr":"07:30 - 19:00","za":"07:30 - 19:00","zo":"gesloten"}}},{"type":"Feature","geometry":{"type":"Point","coordinates":[8.629879,45.46016]},"properties":{"type":"pakketpunt","locatieNaam":"AUTOLAVAGGIO LAMACCHIA","straatNaam":"VIA GIOVANNI GIBELLINI 44","straatNr":"","vervoerder":"DHL","puntType":"packStation","bezettingsgraad":50,"latitude":45.46016,"longitude":8.629879,"canPickup":true,"canDropoff":true,"openingstijden":{"ma":"00:01 - 23:59","di":"00:01 - 23:59","wo":"00:01 - 23:59","do":"00:01 - 23:59","vr":"00:01 - 23:59","za":"00:01 - 23:59","zo":"00:01 - 23:59"}}},{"type":"Feature","geometry":{"type":"Point","coordinates":[8.616517,45.460893]},"properties":{"type":"pakketpunt","locatieNaam":"Ufficio Postale NOVARA 5","straatNaam":"CORSO RISORGIMENTO 78","straatNr":"","vervoerder":"DHL","puntType":"postOffice","bezettingsgraad":50,"latitude":45.460893,"longitude":8.616517,"canPickup":true,"canDropoff":true,"openingstijden":{"ma":"08:20 - 19:05","di":"08:20 - 19:05","wo":"08:20 - 19:05","do":"08:20 - 19:05","vr":"08:20 - 19:05","za":"08:20 - 12:35","zo":"gesloten"}}},{"type":"Feature","geometry":{"type":"Point","coordinates":[8.632431,45.462277]},"properties":{"type":"pakketpunt","locatieNaam":"Ufficio Postale NOVARA 11","straatNaam":"LARGO ANTONIO CANTORE 7","straatNr":"","vervoerder":"DHL","puntType":"postOffice","bezettingsgraad":50,"latitude":45.462277,"longitude":8.632431,"canPickup":true,"canDropoff":true,"openingstijden":{"ma":"08:20 - 13:35","di":"08:20 - 13:35","wo":"08:20 - 13:35","do":"08:20 - 13:35","vr":"08:20 - 13:35","za":"08:20 - 12:35","zo":"gesloten"}}},{"type":"Feature","geometry":{"type":"Point","coordinates":[8.631789,45.466238]},"properties":{"type":"pakketpunt","locatieNaam":"STAZIONE DI SERVIZIO","straatNaam":"VIA MARIO PAVESI SNC 1","straatNr":"","vervoerder":"DHL","puntType":"packStation","bezettingsgraad":50,"latitude":45.466238,"longitude":8.631789,"canPickup":true,"canDropoff":true,"openingstijden":{"ma":"00:01 - 23:59","di":"00:01 - 23:59","wo":"00:01 - 23:59","do":"00:01 - 23:59","vr":"00:01 - 23:59","za":"00:01 - 23:59","zo":"00:01 - 23:59"}}},{"type":"Feature","geometry":{"type":"Point","coordinates":[8.627966,45.473465]},"properties":{"type":"pakketpunt","locatieNaam":"Ufficio Postale VEVERI","straatNaam":"VIA VERBANO 81","straatNr":"","vervoerder":"DHL","puntType":"postOffice","bezettingsgraad":50,"latitude":45.473465,"longitude":8.627966,"canPickup":true,"canDropoff":true,"openingstijden":{"ma":"08:20 - 13:45","di":"08:20 - 13:45","wo":"08:20 - 13:45","do":"08:20 - 13:45","vr":"08:20 - 13:45","za":"08:20 - 12:45","zo":"gesloten"}}},{"type":"Feature","geometry":{"type":"Point","coordinates":[8.630957,45.476139]},"properties":{"type":"pakketpunt","locatieNaam":"SDA Novara","straatNaam":"VIA GUIDO ROSSA 2","straatNr":"","vervoerder":"DHL","puntType":"parcelShop","bezettingsgraad":50,"latitude":45.476139,"longitude":8.630957,"canPickup":false,"canDropoff":true,"openingstijden":{"ma":"08:30 - 18:00","di":"08:30 - 18:00","wo":"08:30 - 18:00","do":"08:30 - 18:00","vr":"08:30 - 18:00","za":"08:30 - 12:30","zo":"gesloten"}}},{"type":"Feature","geometry":{"type":"Point","coordinates":[8.674826,45.457856]},"properties":{"type":"pakketpunt","locatieNaam":"TABACCHERIA N. 16","straatNaam":"VIA NUOVA 3","straatNr":"","vervoerder":"DHL","puntType":"parcelShop","bezettingsgraad":50,"latitude":45.457856,"longitude":8.674826,"canPickup":true,"canDropoff":true,"openingstijden":{"ma":"07:30 - 12:30, 15:30 - 19:00","di":"07:30 - 12:30, 15:30 - 19:00","wo":"07:30 - 12:30, 15:30 - 19:00","do":"07:30 - 12:30, 15:30 - 19:00","vr":"07:30 - 12:30, 15:30 - 19:00","za":"07:30 - 12:30, 15:30 - 19:00","zo":"gesloten"}}},{"type":"Feature","geometry":{"type":"Point","coordinates":[8.675997,45.458088]},"properties":{"type":"pakketpunt","locatieNaam":"Ufficio Postale PERNATE","straatNaam":"VIA APOSTOLO SANTANDREA 3","straatNr":"","vervoerder":"DHL","puntType":"postOffice","bezettingsgraad":50,"latitude":45.458088,"longitude":8.675997,"canPickup":true,"canDropoff":true,"openingstijden":{"ma":"08:20 - 13:35","di":"08:20 - 13:35","wo":"08:20 - 13:35","do":"08:20 - 13:35","vr":"08:20 - 13:35","za":"08:20 - 12:35","zo":"gesloten"}}},{"type":"Feature","geometry":{"type":"Point","coordinates":[8.610088,45.48324]},"properties":{"type":"pakketpunt","locatieNaam":"TABACCHERIA N. 18","straatNaam":"CORSO RISORGIMENTO 361","straatNr":"","vervoerder":"DHL","puntType":"parcelShop","bezettingsgraad":50,"latitude":45.48324,"longitude":8.610088,"canPickup":true,"canDropoff":true,"openingstijden":{"ma":"06:30 - 19:00","di":"06:30 - 19:00","wo":"06:30 - 19:00","do":"06:30 - 19:00","vr":"06:30 - 19:00","za":"06:30 - 19:00","zo":"08:00 - 12:00"}}},{"type":"Feature","geometry":{"type":"Point","coordinates":[8.5782824,45.4272118]},"properties":{"type":"pakketpunt","locatieNaam":"Amazon Locker - elvio","straatNaam":"Eni Station Pv.55358","straatNr":"","vervoerder":"Amazon","puntType":"locker","bezettingsgraad":50,"latitude":45.4272118,"longitude":8.5782824,"canPickup":true,"canDropoff":false,"openingstijden":null}},{"type":"Feature","geometry":{"type":"Point","coordinates":[8.602305,45.431198]},"properties":{"type":"pakketpunt","locatieNaam":"Amazon Locker - edoardo","straatNaam":"U2 Novara 2","straatNr":"","vervoerder":"Amazon","puntType":"locker","bezettingsgraad":50,"latitude":45.431198,"longitude":8.602305,"canPickup":true,"canDropoff":false,"openingstijden":null}},{"type":"Feature","geometry":{"type":"Point","coordinates":[8.58895,45.408]},"properties":{"type":"pakketpunt","locatieNaam":"Ufficio Postale LUMELLOGNO","straatNaam":"VIA ALLA CHIESA 12","straatNr":"","vervoerder":"Amazon","puntType":"3p","bezettingsgraad":50,"latitude":45.408,"longitude":8.58895,"canPickup":true,"canDropoff":false,"openingstijden":null}},{"type":"Feature","geometry":{"type":"Point","coordinates":[8.575019,45.421374]},"properties":{"type":"pakketpunt","locatieNaam":"Amazon Locker - foscolo","straatNaam":"LocAutoDue Peugeot Lumellogno","straatNr":"","vervoerder":"Amazon","puntType":"locker","bezettingsgraad":50,"latitude":45.421374,"longitude":8.575019,"canPickup":true,"canDropoff":false,"openingstijden":null}},{"type":"Feature","geometry":{"type":"Point","coordinates":[8.6010433,45.433465]},"properties":{"type":"pakketpunt","locatieNaam":"Amazon Counter - PRIMAEDICOLA","straatNaam":"DA LELE DI D'AMICIS GABRIELE","straatNr":"","vervoerder":"Amazon","puntType":"helix","bezettingsgraad":50,"latitude":45.433465,"longitude":8.6010433,"canPickup":true,"canDropoff":false,"openingstijden":null}},{"type":"Feature","geometry":{"type":"Point","coordinates":[8.5747896,45.4728287]},"properties":{"type":"pakketpunt","locatieNaam":"Amazon Locker - fida","straatNaam":"Amazon Logistics - FC MPX6","straatNr":"","vervoerder":"Amazon","puntType":"locker","bezettingsgraad":50,"latitude":45.4728287,"longitude":8.5747896,"canPickup":true,"canDropoff":false,"openingstijden":null}},{"type":"Feature","geometry":{"type":"Point","coordinates":[8.61511,45.46847]},"properties":{"type":"pakketpunt","locatieNaam":"Amazon Locker - rocca","straatNaam":"PENNY MARKET - Novara 2","straatNr":"","vervoerder":"Amazon","puntType":"locker","bezettingsgraad":50,"latitude":45.46847,"longitude":8.61511,"canPickup":true,"canDropoff":false,"openingstijden":null}},{"type":"Feature","geometry":{"type":"Point","coordinates":[8.6006668,45.4547839]},"properties":{"type":"pakketpunt","locatieNaam":"Amazon Locker - defendo","straatNaam":"Eni Station pv.393","straatNr":"","vervoerder":"Amazon","puntType":"locker","bezettingsgraad":50,"latitude":45.4547839,"longitude":8.6006668,"canPickup":true,"canDropoff":false,"openingstijden":null}},{"type":"Feature","geometry":{"type":"Point","coordinates":[8.6019348,45.4503871]},"properties":{"type":"pakketpunt","locatieNaam":"Amazon Locker - alduina","straatNaam":"Eni Station Pv.55473","straatNr":"","vervoerder":"Amazon","puntType":"locker","bezettingsgraad":50,"latitude":45.4503871,"longitude":8.6019348,"canPickup":true,"canDropoff":false,"openingstijden":null}},{"type":"Feature","geometry":{"type":"Point","coordinates":[8.6096894,45.4446306]},"properties":{"type":"pakketpunt","locatieNaam":"Amazon Locker - dalciso","straatNaam":"Fermopoint / Carrefour Novara Perazzi","straatNr":"","vervoerder":"Amazon","puntType":"locker","bezettingsgraad":50,"latitude":45.4446306,"longitude":8.6096894,"canPickup":true,"canDropoff":false,"openingstijden":null}},{"type":"Feature","geometry":{"type":"Point","coordinates":[8.618407,45.427091]},"properties":{"type":"pakketpunt","locatieNaam":"Amazon Locker - adelelmo","straatNaam":"Tigros Novara - Monte S. Gabriele","straatNr":"","vervoerder":"Amazon","puntType":"locker","bezettingsgraad":50,"latitude":45.427091,"longitude":8.618407,"canPickup":true,"canDropoff":false,"openingstijden":null}},{"type":"Feature","geometry":{"type":"Point","coordinates":[8.6139,45.472652]},"properties":{"type":"pakketpunt","locatieNaam":"Amazon Locker - alaghiera","straatNaam":"Eni Station Pv.425","straatNr":"","vervoerder":"Amazon","puntType":"locker","bezettingsgraad":50,"latitude":45.472652,"longitude":8.6139,"canPickup":true,"canDropoff":false,"openingstijden":null}},{"type":"Feature","geometry":{"type":"Point","coordinates":[8.636478,45.431482]},"properties":{"type":"pakketpunt","locatieNaam":"Amazon Locker - filippo","straatNaam":"UNES Novara XXIII Marzo","straatNr":"","vervoerder":"Amazon","puntType":"locker","bezettingsgraad":50,"latitude":45.431482,"longitude":8.636478,"canPickup":true,"canDropoff":false,"openingstijden":null}},{"type":"Feature","geometry":{"type":"Point","coordinates":[8.60572,45.43732]},"properties":{"type":"pakketpunt","locatieNaam":"Amazon Locker - antoniano","straatNaam":"Eni Station pv.390","straatNr":"","vervoerder":"Amazon","puntType":"locker","bezettingsgraad":50,"latitude":45.43732,"longitude":8.60572,"canPickup":true,"canDropoff":false,"openingstijden":null}},{"type":"Feature","geometry":{"type":"Point","coordinates":[8.6237986,45.4553958]},"properties":{"type":"pakketpunt","locatieNaam":"Amazon Locker - waldemara","straatNaam":"Eni Station pv.455","straatNr":"","vervoerder":"Amazon","puntType":"locker","bezettingsgraad":50,"latitude":45.4553958,"longitude":8.6237986,"canPickup":true,"canDropoff":false,"openingstijden":null}},{"type":"Feature","geometry":{"type":"Point","coordinates":[8.624418,45.458788]},"properties":{"type":"pakketpunt","locatieNaam":"Amazon Locker - approdo","straatNaam":"Stazione IP - Novara - Della Vittoria (40973)","straatNr":"","vervoerder":"Amazon","puntType":"locker","bezettingsgraad":50,"latitude":45.458788,"longitude":8.624418,"canPickup":true,"canDropoff":false,"openingstijden":null}},{"type":"Feature","geometry":{"type":"Point","coordinates":[8.625486,45.483135]},"properties":{"type":"pakketpunt","locatieNaam":"Amazon Locker - vespasiana","straatNaam":"Gianni Rodari Novara","straatNr":"","vervoerder":"Amazon","puntType":"locker","bezettingsgraad":50,"latitude":45.483135,"longitude":8.625486,"canPickup":true,"canDropoff":false,"openingstijden":null}},{"type":"Feature","geometry":{"type":"Point","coordinates":[8.61143,45.448695]},"properties":{"type":"pakketpunt","locatieNaam":"Amazon Locker - sperando","straatNaam":"Centro Alcarotti - Novara","straatNr":"","vervoerder":"Amazon","puntType":"locker","bezettingsgraad":50,"latitude":45.448695,"longitude":8.61143,"canPickup":true,"canDropoff":false,"openingstijden":null}},{"type":"Feature","geometry":{"type":"Point","coordinates":[8.6217889,45.4346033]},"properties":{"type":"pakketpunt","locatieNaam":"Amazon Locker - alghero","straatNaam":"ENI Station pv. 404","straatNr":"","vervoerder":"Amazon","puntType":"locker","bezettingsgraad":50,"latitude":45.4346033,"longitude":8.6217889,"canPickup":true,"canDropoff":false,"openingstijden":null}},{"type":"Feature","geometry":{"type":"Point","coordinates":[8.640695,45.449328]},"properties":{"type":"pakketpunt","locatieNaam":"Amazon Locker - antonella","straatNaam":"Eni Station pv.51212","straatNr":"","vervoerder":"Amazon","puntType":"locker","bezettingsgraad":50,"latitude":45.449328,"longitude":8.640695,"canPickup":true,"canDropoff":false,"openingstijden":null}},{"type":"Feature","geometry":{"type":"Point","coordinates":[8.643338,45.4500628]},"properties":{"type":"pakketpunt","locatieNaam":"Amazon Locker - maudo","straatNaam":"Stazione Tamoil - PV 8007","straatNr":"","vervoerder":"Amazon","puntType":"locker","bezettingsgraad":50,"latitude":45.4500628,"longitude":8.643338,"canPickup":true,"canDropoff":false,"openingstijden":null}},{"type":"Feature","geometry":{"type":"Point","coordinates":[8.61212,45.46252]},"properties":{"type":"pakketpunt","locatieNaam":"Amazon Locker - davis","straatNaam":"Novara Supermercato Coop","straatNr":"","vervoerder":"Amazon","puntType":"locker","bezettingsgraad":50,"latitude":45.46252,"longitude":8.61212,"canPickup":true,"canDropoff":false,"openingstijden":null}},{"type":"Feature","geometry":{"type":"Point","coordinates":[8.641635,45.449725]},"properties":{"type":"pakketpunt","locatieNaam":"Amazon Locker - ferdinandina","straatNaam":"Q8 Easy pv.3568","straatNr":"","vervoerder":"Amazon","puntType":"locker","bezettingsgraad":50,"latitude":45.449725,"longitude":8.641635,"canPickup":true,"canDropoff":false,"openingstijden":null}},{"type":"Feature","geometry":{"type":"Point","coordinates":[8.60706,45.43772]},"properties":{"type":"pakketpunt","locatieNaam":"Amazon Counter - Mail Boxes Etc.","straatNaam":"Corso Vercelli 4b","straatNr":"","vervoerder":"Amazon","puntType":"helix","bezettingsgraad":50,"latitude":45.43772,"longitude":8.60706,"canPickup":true,"canDropoff":false,"openingstijden":null}},{"type":"Feature","geometry":{"type":"Point","coordinates":[8.6467233,45.4582291]},"properties":{"type":"pakketpunt","locatieNaam":"Amazon Locker - aliso","straatNaam":"MEMC","straatNr":"","vervoerder":"Amazon","puntType":"locker","bezettingsgraad":50,"latitude":45.4582291,"longitude":8.6467233,"canPickup":true,"canDropoff":false,"openingstijden":null}},{"type":"Feature","geometry":{"type":"Point","coordinates":[8.622571,45.449804]},"properties":{"type":"pakketpunt","locatieNaam":"Amazon Counter - PRIMAEDICOLA","straatNaam":"MAS NEWS DI CICO ARSELA","straatNr":"","vervoerder":"Amazon","puntType":"helix","bezettingsgraad":50,"latitude":45.449804,"longitude":8.622571,"canPickup":true,"canDropoff":false,"openingstijden":null}},{"type":"Feature","geometry":{"type":"Point","coordinates":[8.6226128,45.450038]},"properties":{"type":"pakketpunt","locatieNaam":"Amazon Counter","straatNaam":"Libreria Un Mondo di Storie (fermopoint)","straatNr":"","vervoerder":"Amazon","puntType":"helix","bezettingsgraad":50,"latitude":45.450038,"longitude":8.6226128,"canPickup":true,"canDropoff":false,"openingstijden":null}},{"type":"Feature","geometry":{"type":"Point","coordinates":[8.6238267,45.4401844]},"properties":{"type":"pakketpunt","locatieNaam":"Amazon Counter (fermopoint)","straatNaam":"Punto Spazio Enel Novara","straatNr":"","vervoerder":"Amazon","puntType":"helix","bezettingsgraad":50,"latitude":45.4401844,"longitude":8.6238267,"canPickup":true,"canDropoff":false,"openingstijden":null}},{"type":"Feature","geometry":{"type":"Point","coordinates":[8.63443,45.4479]},"properties":{"type":"pakketpunt","locatieNaam":"Ufficio Postale NOVARA 4","straatNaam":"CORSO TRIESTE 18-A","straatNr":"","vervoerder":"Amazon","puntType":"3p","bezettingsgraad":50,"latitude":45.4479,"longitude":8.63443,"canPickup":true,"canDropoff":false,"openingstijden":null}},{"type":"Feature","geometry":{"type":"Point","coordinates":[8.63571,45.446]},"properties":{"type":"pakketpunt","locatieNaam":"PuntoPoste TABACCHERIA N. 11","straatNaam":"CORSO MILANO 22/D","straatNr":"","vervoerder":"Amazon","puntType":"3p","bezettingsgraad":50,"latitude":45.446,"longitude":8.63571,"canPickup":true,"canDropoff":false,"openingstijden":null}},{"type":"Feature","geometry":{"type":"Point","coordinates":[8.620539,45.452293]},"properties":{"type":"pakketpunt","locatieNaam":"Amazon Counter - TABACCHERIA KODHIMA","straatNaam":"VIA Magenta 2","straatNr":"","vervoerder":"Amazon","puntType":"helix","bezettingsgraad":50,"latitude":45.452293,"longitude":8.620539,"canPickup":true,"canDropoff":false,"openingstijden":null}},{"type":"Feature","geometry":{"type":"Point","coordinates":[8.61085,45.4294]},"properties":{"type":"pakketpunt","locatieNaam":"PuntoPoste TABACCHERIA N. 38","straatNaam":"STRADA DELLA RIZZOTTAGLIA 11","straatNr":"","vervoerder":"Amazon","puntType":"3p","bezettingsgraad":50,"latitude":45.4294,"longitude":8.61085,"canPickup":true,"canDropoff":false,"openingstijden":null}},{"type":"Feature","geometry":{"type":"Point","coordinates":[8.6095435,45.4351773]},"properties":{"type":"pakketpunt","locatieNaam":"Amazon Counter","straatNaam":"La Posta Priv. Naz. Novara (fermopoint)","straatNr":"","vervoerder":"Amazon","puntType":"helix","bezettingsgraad":50,"latitude":45.4351773,"longitude":8.6095435,"canPickup":true,"canDropoff":false,"openingstijden":null}},{"type":"Feature","geometry":{"type":"Point","coordinates":[8.603222,45.438359]},"properties":{"type":"pakketpunt","locatieNaam":"Amazon Counter - FONIO MAURO CARLO","straatNaam":"VIA GALILEO GALILEI 19","straatNr":"","vervoerder":"Amazon","puntType":"helix","bezettingsgraad":50,"latitude":45.438359,"longitude":8.603222,"canPickup":true,"canDropoff":false,"openingstijden":null}},{"type":"Feature","geometry":{"type":"Point","coordinates":[8.6026,45.4357]},"properties":{"type":"pakketpunt","locatieNaam":"PuntoPoste TABACCHERIA N. 39","straatNaam":"CORSO VERCELLI 19/D","straatNr":"","vervoerder":"Amazon","puntType":"3p","bezettingsgraad":50,"latitude":45.4357,"longitude":8.6026,"canPickup":true,"canDropoff":false,"openingstijden":null}},{"type":"Feature","geometry":{"type":"Point","coordinates":[8.612118,45.438956]},"properties":{"type":"pakketpunt","locatieNaam":"Amazon Locker - nara","straatNaam":"Tabacchi Riv. N 50","straatNr":"","vervoerder":"Amazon","puntType":"locker","bezettingsgraad":50,"latitude":45.438956,"longitude":8.612118,"canPickup":true,"canDropoff":false,"openingstijden":null}},{"type":"Feature","geometry":{"type":"Point","coordinates":[8.614331,45.439525]},"properties":{"type":"pakketpunt","locatieNaam":"Amazon Counter - PRIMAEDICOLA","straatNaam":"FUMAGALLI S.N.C.DI SIMONA E SO","straatNr":"","vervoerder":"Amazon","puntType":"helix","bezettingsgraad":50,"latitude":45.439525,"longitude":8.614331,"canPickup":true,"canDropoff":false,"openingstijden":null}},{"type":"Feature","geometry":{"type":"Point","coordinates":[8.6085849,45.4386287]},"properties":{"type":"pakketpunt","locatieNaam":"Amazon Counter (fermopoint)","straatNaam":"SiPosta-Novara-Solo Counter","straatNr":"","vervoerder":"Amazon","puntType":"helix","bezettingsgraad":50,"latitude":45.4386287,"longitude":8.6085849,"canPickup":true,"canDropoff":false,"openingstijden":null}},{"type":"Feature","geometry":{"type":"Point","coordinates":[8.64167,45.4281]},"properties":{"type":"pakketpunt","locatieNaam":"PuntoPoste TABACCHERIA n. 75","straatNaam":"VIA VENTITRE MARZO 1849 343","straatNr":"","vervoerder":"Amazon","puntType":"3p","bezettingsgraad":50,"latitude":45.4281,"longitude":8.64167,"canPickup":true,"canDropoff":false,"openingstijden":null}},{"type":"Feature","geometry":{"type":"Point","coordinates":[8.6336765,45.4341891]},"properties":{"type":"pakketpunt","locatieNaam":"Amazon Counter - TABACCHERIA FORADINI","straatNaam":"VIA VENTITRE MARZO 191","straatNr":"","vervoerder":"Amazon","puntType":"helix","bezettingsgraad":50,"latitude":45.4341891,"longitude":8.6336765,"canPickup":true,"canDropoff":false,"openingstijden":null}},{"type":"Feature","geometry":{"type":"Point","coordinates":[8.640133,45.445261]},"properties":{"type":"pakketpunt","locatieNaam":"Amazon Counter - BALZARETTI VALERIA","straatNaam":"CORSO MILANO 46","straatNr":"","vervoerder":"Amazon","puntType":"helix","bezettingsgraad":50,"latitude":45.445261,"longitude":8.640133,"canPickup":true,"canDropoff":false,"openingstijden":null}},{"type":"Feature","geometry":{"type":"Point","coordinates":[8.64013,45.4306]},"properties":{"type":"pakketpunt","locatieNaam":"Ufficio Postale NOVARA 7","straatNaam":"VIA MONSIGNORE CAVIGIOLI 13","straatNr":"","vervoerder":"Amazon","puntType":"3p","bezettingsgraad":50,"latitude":45.4306,"longitude":8.64013,"canPickup":true,"canDropoff":false,"openingstijden":null}},{"type":"Feature","geometry":{"type":"Point","coordinates":[8.620777,45.460811]},"properties":{"type":"pakketpunt","locatieNaam":"Amazon Counter - BAR TABACCHI VELA","straatNaam":"VIA Filippo Maria Beltrami 21/D","straatNr":"","vervoerder":"Amazon","puntType":"helix","bezettingsgraad":50,"latitude":45.460811,"longitude":8.620777,"canPickup":true,"canDropoff":false,"openingstijden":null}},{"type":"Feature","geometry":{"type":"Point","coordinates":[8.6168,45.45957]},"properties":{"type":"pakketpunt","locatieNaam":"Amazon Counter - PRIMAEDICOLA","straatNaam":"BAGNATI VALENTINA","straatNr":"","vervoerder":"Amazon","puntType":"helix","bezettingsgraad":50,"latitude":45.45957,"longitude":8.6168,"canPickup":true,"canDropoff":false,"openingstijden":null}},{"type":"Feature","geometry":{"type":"Point","coordinates":[8.623552,45.46721]},"properties":{"type":"pakketpunt","locatieNaam":"Amazon Locker - orologio","straatNaam":"Vega Carburanti-Novara 17","straatNr":"","vervoerder":"Amazon","puntType":"locker","bezettingsgraad":50,"latitude":45.46721,"longitude":8.623552,"canPickup":true,"canDropoff":false,"openingstijden":null}},{"type":"Feature","geometry":{"type":"Polygon","coordinates":[[[8.5354583,45.4222059],[8.5359071,45.4223907],[8.5375166,45.4226468],[8.5371833,45.4225669],[8.5383476,45.4225185],[8.5389803,45.4222306],[8.5398366,45.4222423],[8.5395464,45.4220925],[8.5409351,45.4217606],[8.5406773,45.4215651],[8.5407651,45.4215102],[8.5413304,45.4215973],[8.5433718,45.4216782],[8.5434181,45.4229206],[8.5463619,45.4236119],[8.5471393,45.4239795],[8.5471856,45.4241321],[8.5476387,45.4243032],[8.5460233,45.4254006],[8.545923,45.4254959],[8.5459307,45.4256984],[8.5486368,45.4261862],[8.5488327,45.4260698],[8.5513632,45.4265934],[8.5514306,45.4260892],[8.5519318,45.4244125],[8.552391,45.42211],[8.5531329,45.4191497],[8.5541936,45.4191887],[8.555092,45.4172599],[8.5534326,45.4169428],[8.5535013,45.416063],[8.5561945,45.4160445],[8.5565088,45.4134399],[8.557159,45.4102695],[8.5573148,45.4091449],[8.5574989,45.4089431],[8.5612436,45.4117434],[8.5611216,45.4073369],[8.5639434,45.4046653],[8.5660817,45.3982106],[8.5664816,45.3960023],[8.5669572,45.3919311],[8.5650849,45.3895701],[8.564973,45.3888045],[8.5648403,45.3884845],[8.5647446,45.3872555],[8.5630211,45.3872219],[8.5603183,45.386919],[8.5601691,45.3863513],[8.5603174,45.3860908],[8.5604538,45.3854343],[8.5602946,45.3853256],[8.5604628,45.3848717],[8.5606586,45.3838103],[8.5608385,45.3835635],[8.5612009,45.3816836],[8.5621544,45.3815208],[8.564007,45.3817889],[8.5642702,45.3817134],[8.5654791,45.3818665],[8.5676761,45.3822394],[8.5725792,45.3825324],[8.5736565,45.3823429],[8.5764158,45.3823132],[8.5758292,45.3838451],[8.579614,45.3846783],[8.5796104,45.3839266],[8.5805382,45.3839571],[8.5806558,45.3829269],[8.5811409,45.3829692],[8.5814239,45.3821331],[8.5822507,45.3821046],[8.582436,45.3817857],[8.582721,45.382021],[8.5829262,45.3819901],[8.5846638,45.3837381],[8.5846773,45.3838867],[8.5860471,45.3850788],[8.5865777,45.38543],[8.586914,45.385499],[8.5889236,45.3852867],[8.589388,45.3853394],[8.5896103,45.3861504],[8.5897525,45.3871054],[8.5914636,45.3869401],[8.5926496,45.3869398],[8.5928947,45.3866032],[8.5933177,45.3862851],[8.5935293,45.3858673],[8.5933863,45.3858366],[8.5933262,45.385097],[8.5936498,45.38373],[8.5946381,45.3830899],[8.5947624,45.3831263],[8.5957902,45.3835215],[8.5965607,45.3839203],[8.5965247,45.3841839],[8.5966404,45.3845729],[8.5967982,45.3846637],[8.5984173,45.384935],[8.6008273,45.385494],[8.6007623,45.387267],[8.6008194,45.3873107],[8.6006445,45.3880167],[8.6005743,45.3888041],[8.6004261,45.3891546],[8.6005048,45.3892359],[8.6001425,45.3928903],[8.5992853,45.3928223],[8.5987523,45.3951031],[8.5999277,45.3950937],[8.6011681,45.395188],[8.60234,45.3954262],[8.6030445,45.394605],[8.603601,45.3937023],[8.6044786,45.3931428],[8.6056008,45.3926966],[8.6057762,45.3925802],[8.605842,45.3922249],[8.6062941,45.3921724],[8.6076515,45.3922221],[8.6092333,45.3919395],[8.6123331,45.3911894],[8.612798,45.3901603],[8.617843,45.3885167],[8.6184566,45.3883521],[8.6189714,45.388339],[8.6192021,45.3884065],[8.6196871,45.3889182],[8.6213719,45.3890203],[8.6220966,45.3889448],[8.6230981,45.3889616],[8.6248965,45.3886769],[8.6274881,45.3878303],[8.6295071,45.3872671],[8.6297545,45.3899697],[8.6297494,45.3909734],[8.6293693,45.3916555],[8.6291782,45.3931086],[8.6281268,45.3930737],[8.6279283,45.3931586],[8.6271787,45.3936377],[8.6268908,45.3941723],[8.62671,45.3943164],[8.6260051,45.3945641],[8.6255616,45.3951491],[8.6256824,45.3956941],[8.6255824,45.3962968],[8.6257299,45.3966618],[8.6257472,45.3988897],[8.6300249,45.3989352],[8.6307451,45.3980239],[8.630915,45.3979254],[8.6316,45.3978331],[8.6328992,45.3978373],[8.6335561,45.3977224],[8.6349679,45.3972161],[8.6371005,45.3975982],[8.6376487,45.3979514],[8.637899,45.3982808],[8.6387879,45.3983669],[8.6390222,45.3980503],[8.6394803,45.3978717],[8.6401319,45.3977478],[8.6423308,45.3975812],[8.6422807,45.3978085],[8.6423518,45.3978975],[8.6469221,45.3979175],[8.6473591,45.3984315],[8.6478372,45.3991715],[8.6483942,45.3994252],[8.6487383,45.4001599],[8.6494415,45.400108],[8.6496772,45.4001853],[8.6498221,45.4012947],[8.6502518,45.4023473],[8.654027,45.4024713],[8.6539671,45.4022101],[8.6566167,45.4018671],[8.657001,45.4017377],[8.6584817,45.4017862],[8.658517,45.4026405],[8.6600663,45.4026185],[8.6600368,45.4020703],[8.6655155,45.4025281],[8.6661986,45.4005138],[8.6681551,45.400749],[8.6719342,45.401417],[8.6715162,45.4023929],[8.6729532,45.4029502],[8.673742,45.4030244],[8.6744444,45.403544],[8.6770199,45.4042219],[8.6757876,45.4061312],[8.680884,45.4076037],[8.679212,45.4101715],[8.673855,45.408753],[8.6688796,45.4156017],[8.6749407,45.4173443],[8.6736993,45.4193975],[8.6718652,45.4226912],[8.6772369,45.4237506],[8.6797719,45.4229522],[8.681108,45.4218443],[8.6829855,45.4226596],[8.6819677,45.424466],[8.68204,45.4245831],[8.685827,45.4255118],[8.6891307,45.4256784],[8.6922672,45.4260244],[8.6915239,45.4290966],[8.6912224,45.4299821],[8.6914151,45.4302032],[8.6935827,45.4306865],[8.691928,45.4346601],[8.691971,45.4349348],[8.6931566,45.4345824],[8.6954576,45.4342693],[8.6948189,45.4350414],[8.6946011,45.435529],[8.6948242,45.435721],[8.6941628,45.437713],[8.696847,45.4373557],[8.6962266,45.4392561],[8.6952436,45.4416134],[8.6984191,45.4419639],[8.7034022,45.4427879],[8.7014935,45.4475752],[8.7004908,45.4497194],[8.7003808,45.4497039],[8.6994637,45.4512918],[8.6999392,45.4514058],[8.699279,45.4530732],[8.6987599,45.4550075],[8.7016879,45.4542726],[8.7004524,45.4575254],[8.6927039,45.4565485],[8.6921349,45.4578027],[8.6919397,45.4579102],[8.6906707,45.4606436],[8.6897146,45.4604156],[8.6888871,45.4624159],[8.6877868,45.4647397],[8.6853681,45.4642193],[8.6851059,45.4650012],[8.6838617,45.4648189],[8.684011,45.4642609],[8.6834531,45.4640887],[8.6829517,45.4663241],[8.6827966,45.4665144],[8.6813228,45.4663239],[8.6810226,45.4670523],[8.6801077,45.4670273],[8.6795429,45.4685334],[8.6787819,45.4684592],[8.6768577,45.4684538],[8.6739624,45.4685941],[8.6723964,45.4683646],[8.6716991,45.4699018],[8.6698866,45.4694422],[8.6661551,45.4687471],[8.6644952,45.4682516],[8.6628734,45.4713883],[8.6610284,45.4712253],[8.6601327,45.4708626],[8.6565857,45.4698681],[8.6558844,45.4716465],[8.6554673,45.4732744],[8.6545369,45.4748873],[8.6538006,45.4768374],[8.6513143,45.4762007],[8.6508348,45.4770363],[8.6463714,45.476874],[8.6412945,45.4758771],[8.6409435,45.4767741],[8.6402184,45.4765947],[8.639136,45.4753302],[8.6387201,45.4750049],[8.637833,45.4750288],[8.6370795,45.4757468],[8.6370168,45.4767592],[8.6371457,45.4773942],[8.6370147,45.4784829],[8.6368364,45.4788649],[8.6363202,45.4790703],[8.6358466,45.4791003],[8.6354946,45.4790316],[8.6349417,45.4791573],[8.6345386,45.4794021],[8.6343022,45.4794464],[8.6340504,45.4793736],[8.6334911,45.4794548],[8.6331398,45.4796182],[8.6317782,45.4805544],[8.631425,45.4816784],[8.6310462,45.4822039],[8.6308059,45.4823155],[8.6302939,45.4823723],[8.6294281,45.4828016],[8.6293106,45.4831027],[8.6293407,45.4834764],[8.6297544,45.4841843],[8.6297825,45.4844049],[8.6277626,45.4865811],[8.6274534,45.4872822],[8.6273754,45.4879885],[8.6269785,45.4884835],[8.6264544,45.4882736],[8.6264515,45.4879225],[8.6253521,45.4875904],[8.6241575,45.4873704],[8.6228417,45.4879016],[8.6221918,45.487994],[8.6219328,45.4881597],[8.6218101,45.4886903],[8.6218303,45.4894375],[8.6217129,45.4900983],[8.6215951,45.4903278],[8.6203368,45.4900027],[8.6198872,45.4900431],[8.6196856,45.4903454],[8.6187887,45.4923122],[8.6190759,45.4931728],[8.6188155,45.4934689],[8.6179045,45.4938214],[8.616691,45.4940992],[8.6162044,45.4940138],[8.6159822,45.4951021],[8.6145798,45.4952819],[8.6136098,45.4994372],[8.6135494,45.5001117],[8.6135093,45.5001659],[8.6133665,45.5001294],[8.6133379,45.5000554],[8.61241,45.4998025],[8.6100303,45.5041684],[8.609649,45.5050719],[8.6065368,45.5048857],[8.6038825,45.5046155],[8.5989747,45.5039309],[8.5945202,45.5038715],[8.5877907,45.5042386],[8.5879199,45.5025915],[8.5878124,45.5015583],[8.5876095,45.5010297],[8.5823722,45.5009969],[8.5823791,45.5006233],[8.5825815,45.5002731],[8.5828301,45.4990904],[8.5827892,45.4985772],[8.580574,45.497795],[8.5803271,45.4980281],[8.5793336,45.498578],[8.5790823,45.4984646],[8.5787351,45.4986208],[8.5770472,45.4985065],[8.5777443,45.498266],[8.5784429,45.4974721],[8.5785262,45.4970043],[8.5781812,45.496526],[8.5776568,45.4960245],[8.5775126,45.4949369],[8.5778058,45.4937163],[8.5769204,45.4936095],[8.5764187,45.4933601],[8.5758894,45.492885],[8.576861,45.4924076],[8.5774528,45.4916897],[8.5776973,45.4892423],[8.5786748,45.4874322],[8.5781756,45.4873359],[8.5770064,45.4885017],[8.5766393,45.4883113],[8.5772572,45.4875451],[8.5723815,45.4856526],[8.5745479,45.4800753],[8.5691136,45.4799263],[8.5691624,45.4793423],[8.5672214,45.4792481],[8.5672459,45.4775828],[8.5686847,45.4775837],[8.5688425,45.4775213],[8.5690743,45.4759073],[8.5694091,45.4724468],[8.5689269,45.4639525],[8.5700162,45.4620949],[8.5708588,45.4604591],[8.5753316,45.4598648],[8.575325,45.4597504],[8.5745234,45.4587258],[8.5756617,45.4566012],[8.5738829,45.4541508],[8.5740717,45.4532403],[8.5735561,45.4532712],[8.5740015,45.4529271],[8.5741078,45.4522569],[8.5739278,45.4516127],[8.5748803,45.4507949],[8.5749654,45.4505634],[8.5747256,45.4497344],[8.5749239,45.4490398],[8.5748567,45.4489338],[8.5744384,45.4484462],[8.5738135,45.4481378],[8.5736069,45.4472144],[8.5730242,45.4467397],[8.5691683,45.4444119],[8.5683705,45.4438418],[8.5644878,45.4417365],[8.5633994,45.4433413],[8.5633165,45.4434178],[8.5628276,45.4433752],[8.5625698,45.4447198],[8.5616492,45.4446709],[8.5613999,45.4448864],[8.5607826,45.444803],[8.5595756,45.4444286],[8.5574888,45.4442007],[8.5569454,45.4442412],[8.5558405,45.4440728],[8.5547043,45.4438118],[8.5544793,45.4432531],[8.5517916,45.443841],[8.5508073,45.4441926],[8.5502399,45.44489],[8.5495192,45.4452992],[8.5492334,45.4455321],[8.5491448,45.4457436],[8.5472312,45.4453037],[8.5467777,45.445628],[8.5465,45.4460389],[8.544759,45.4458384],[8.5441234,45.4457462],[8.5442571,45.4450398],[8.5437897,45.4449758],[8.5437651,45.4452912],[8.5419201,45.4473573],[8.541721,45.447856],[8.5405653,45.4476578],[8.5409008,45.4466196],[8.5400947,45.4465623],[8.5403541,45.4453932],[8.5398059,45.4450985],[8.539296,45.4449749],[8.5378522,45.444789],[8.53774,45.4449416],[8.5366288,45.4490641],[8.535482,45.448902],[8.5354365,45.4486722],[8.5333788,45.4481238],[8.5338439,45.4465631],[8.5308789,45.4461739],[8.5302231,45.4460216],[8.52906,45.4456023],[8.5297264,45.4441822],[8.5292974,45.44407],[8.5299063,45.4428696],[8.5296845,45.4425668],[8.530733,45.4406541],[8.5296283,45.4403507],[8.5296492,45.4402734],[8.5319041,45.4350661],[8.5322937,45.4343026],[8.5329687,45.4332773],[8.5325503,45.4331031],[8.5325583,45.4330057],[8.5319949,45.4329647],[8.5325466,45.4322485],[8.5323751,45.4315914],[8.5324416,45.4307614],[8.5334043,45.4272039],[8.5335701,45.425569],[8.5335701,45.4243962],[8.5336917,45.4240887],[8.5349622,45.4222744],[8.5354583,45.4222059]]]},"properties":{"type":"boundary","gemeente":"Novara"}}]}