{"type":"FeatureCollection","metadata":{"gemeente":"Pisa","slug":"pisa","generated_at":"2026-09-26T13:10:27.573565Z","total_points":267,"providers":["PosteItaliane","DPD","InPost","GLS","DHL","Amazon"],"bounds":[10.273317,43.5994969,10.44841819,43.737248]},"features":[{"type":"Feature","geometry":{"type":"Point","coordinates":[10.39630063,43.71697158]},"properties":{"type":"pakketpunt","locatieNaam":"Tabaccheria N. 31","straatNaam":"Via Santa Maria","straatNr":"15","vervoerder":"PosteItaliane","puntType":"servicepunt","bezettingsgraad":50,"latitude":43.71697158,"longitude":10.39630063,"canPickup":true,"canDropoff":true,"openingstijden":{"za":"07:30 - 21:00","zo":"09:00 - 20:00","ma":"07:30 - 21:00","di":"07:30 - 21:00","wo":"07:30 - 21:00","do":"07:30 - 21:00","vr":"07:30 - 21:00"}}},{"type":"Feature","geometry":{"type":"Point","coordinates":[10.40914586,43.71354331]},"properties":{"type":"pakketpunt","locatieNaam":"Pisa 2","straatNaam":"Lungarno Bruno Buozzi","straatNr":"14","vervoerder":"PosteItaliane","puntType":"postkantoor","bezettingsgraad":50,"latitude":43.71354331,"longitude":10.40914586,"canPickup":true,"canDropoff":true,"openingstijden":{"za":"08:20 - 12:35","zo":"gesloten","ma":"08:20 - 13:35","di":"08:20 - 13:35","wo":"08:20 - 13:35","do":"08:20 - 13:35","vr":"08:20 - 13:35"}}},{"type":"Feature","geometry":{"type":"Point","coordinates":[10.399566,43.710519]},"properties":{"type":"pakketpunt","locatieNaam":"Pisa Centro","straatNaam":"Piazza Vittorio Emanuele Ii","straatNr":"8","vervoerder":"PosteItaliane","puntType":"postkantoor","bezettingsgraad":50,"latitude":43.710519,"longitude":10.399566,"canPickup":true,"canDropoff":true,"openingstijden":{"za":"08:20 - 12:35","zo":"gesloten","ma":"08:20 - 13:35","di":"08:20 - 13:35","wo":"08:20 - 13:35","do":"08:20 - 19:05","vr":"08:20 - 19:05"}}},{"type":"Feature","geometry":{"type":"Point","coordinates":[10.44707423,43.6964891]},"properties":{"type":"pakketpunt","locatieNaam":"Riglione","straatNaam":"Via Fiorentina","straatNr":"419/b","vervoerder":"PosteItaliane","puntType":"postkantoor","bezettingsgraad":50,"latitude":43.6964891,"longitude":10.44707423,"canPickup":true,"canDropoff":true,"openingstijden":{"za":"08:20 - 12:35","zo":"gesloten","ma":"08:20 - 13:35","di":"08:20 - 13:35","wo":"08:20 - 13:35","do":"08:20 - 13:35","vr":"08:20 - 13:35"}}},{"type":"Feature","geometry":{"type":"Point","coordinates":[10.40349238,43.703437]},"properties":{"type":"pakketpunt","locatieNaam":"Pisa 9","straatNaam":"Via Giuseppe Montanelli","straatNr":"112","vervoerder":"PosteItaliane","puntType":"postkantoor","bezettingsgraad":50,"latitude":43.703437,"longitude":10.40349238,"canPickup":true,"canDropoff":true,"openingstijden":{"za":"08:20 - 12:35","zo":"gesloten","ma":"08:20 - 13:35","di":"08:20 - 13:35","wo":"08:20 - 13:35","do":"08:20 - 13:35","vr":"08:20 - 13:35"}}},{"type":"Feature","geometry":{"type":"Point","coordinates":[10.38705899,43.70948147]},"properties":{"type":"pakketpunt","locatieNaam":"Pisa 3","straatNaam":"Via Aldo Moro","straatNr":"27","vervoerder":"PosteItaliane","puntType":"postkantoor","bezettingsgraad":50,"latitude":43.70948147,"longitude":10.38705899,"canPickup":true,"canDropoff":true,"openingstijden":{"za":"08:20 - 12:45","zo":"gesloten","ma":"08:20 - 13:45","di":"08:20 - 13:45","wo":"08:20 - 13:45","do":"08:20 - 13:45","vr":"08:20 - 13:45"}}},{"type":"Feature","geometry":{"type":"Point","coordinates":[10.40090348,43.7156698]},"properties":{"type":"pakketpunt","locatieNaam":"Pisa 1","straatNaam":"Lungarno Gambacorti","straatNr":"3","vervoerder":"PosteItaliane","puntType":"postkantoor","bezettingsgraad":50,"latitude":43.7156698,"longitude":10.40090348,"canPickup":true,"canDropoff":true,"openingstijden":{"za":"08:20 - 12:35","zo":"gesloten","ma":"08:20 - 13:35","di":"08:20 - 13:35","wo":"08:20 - 13:35","do":"08:20 - 13:35","vr":"08:20 - 13:35"}}},{"type":"Feature","geometry":{"type":"Point","coordinates":[10.29168338,43.62607066]},"properties":{"type":"pakketpunt","locatieNaam":"Tirrenia","straatNaam":"Viale Del Tirreno","straatNr":"169/a","vervoerder":"PosteItaliane","puntType":"postkantoor","bezettingsgraad":50,"latitude":43.62607066,"longitude":10.29168338,"canPickup":true,"canDropoff":true,"openingstijden":{"za":"08:20 - 12:45","zo":"gesloten","ma":"08:20 - 13:45","di":"08:20 - 13:45","wo":"08:20 - 13:45","do":"08:20 - 13:45","vr":"08:20 - 13:45"}}},{"type":"Feature","geometry":{"type":"Point","coordinates":[10.40483768,43.72550869]},"properties":{"type":"pakketpunt","locatieNaam":"Pisa 8","straatNaam":"Via Lucchese","straatNr":"43","vervoerder":"PosteItaliane","puntType":"postkantoor","bezettingsgraad":50,"latitude":43.72550869,"longitude":10.40483768,"canPickup":true,"canDropoff":true,"openingstijden":{"za":"08:20 - 12:35","zo":"gesloten","ma":"08:20 - 19:05","di":"08:20 - 19:05","wo":"08:20 - 19:05","do":"08:20 - 19:05","vr":"08:20 - 19:05"}}},{"type":"Feature","geometry":{"type":"Point","coordinates":[10.34743728,43.6790308]},"properties":{"type":"pakketpunt","locatieNaam":"San Piero A Grado","straatNaam":"Via Livornese","straatNr":"1237","vervoerder":"PosteItaliane","puntType":"postkantoor","bezettingsgraad":50,"latitude":43.6790308,"longitude":10.34743728,"canPickup":true,"canDropoff":true,"openingstijden":{"za":"08:20 - 12:45","zo":"gesloten","ma":"08:20 - 13:45","di":"08:20 - 13:45","wo":"08:20 - 13:45","do":"08:20 - 13:45","vr":"08:20 - 13:45"}}},{"type":"Feature","geometry":{"type":"Point","coordinates":[10.43507149,43.70918806]},"properties":{"type":"pakketpunt","locatieNaam":"Pisa 11","straatNaam":"Via Italo Bargagna","straatNr":"34","vervoerder":"PosteItaliane","puntType":"postkantoor","bezettingsgraad":50,"latitude":43.70918806,"longitude":10.43507149,"canPickup":true,"canDropoff":true,"openingstijden":{"za":"08:20 - 12:35","zo":"gesloten","ma":"08:20 - 19:05","di":"08:20 - 19:05","wo":"08:20 - 19:05","do":"08:20 - 19:05","vr":"08:20 - 19:05"}}},{"type":"Feature","geometry":{"type":"Point","coordinates":[10.40933907,43.70562073]},"properties":{"type":"pakketpunt","locatieNaam":"Pisa 4","straatNaam":"Via Emilia","straatNr":"29","vervoerder":"PosteItaliane","puntType":"postkantoor","bezettingsgraad":50,"latitude":43.70562073,"longitude":10.40933907,"canPickup":true,"canDropoff":true,"openingstijden":{"za":"08:20 - 12:35","zo":"gesloten","ma":"08:20 - 13:35","di":"08:20 - 13:35","wo":"08:20 - 13:35","do":"08:20 - 13:35","vr":"08:20 - 13:35"}}},{"type":"Feature","geometry":{"type":"Point","coordinates":[10.41144429,43.72124011]},"properties":{"type":"pakketpunt","locatieNaam":"Pisa 10","straatNaam":"Via Delle Medaglie D'oro","straatNr":"34","vervoerder":"PosteItaliane","puntType":"postkantoor","bezettingsgraad":50,"latitude":43.72124011,"longitude":10.41144429,"canPickup":true,"canDropoff":true,"openingstijden":{"za":"08:20 - 12:35","zo":"gesloten","ma":"08:20 - 13:35","di":"08:20 - 13:35","wo":"08:20 - 13:35","do":"08:20 - 13:35","vr":"08:20 - 13:35"}}},{"type":"Feature","geometry":{"type":"Point","coordinates":[10.39397125,43.63929658]},"properties":{"type":"pakketpunt","locatieNaam":"Coltano","straatNaam":"Via Palazzi","straatNr":"25","vervoerder":"PosteItaliane","puntType":"postkantoor","bezettingsgraad":50,"latitude":43.63929658,"longitude":10.39397125,"canPickup":true,"canDropoff":true,"openingstijden":{"za":"08:20 - 12:45","zo":"gesloten","ma":"gesloten","di":"08:20 - 13:45","wo":"gesloten","do":"08:20 - 13:45","vr":"gesloten"}}},{"type":"Feature","geometry":{"type":"Point","coordinates":[10.37104821,43.71465977]},"properties":{"type":"pakketpunt","locatieNaam":"Pisa 6","straatNaam":"Via Delle Lenze","straatNr":"61","vervoerder":"PosteItaliane","puntType":"postkantoor","bezettingsgraad":50,"latitude":43.71465977,"longitude":10.37104821,"canPickup":true,"canDropoff":true,"openingstijden":{"za":"08:20 - 12:35","zo":"gesloten","ma":"08:20 - 13:35","di":"08:20 - 13:35","wo":"08:20 - 13:35","do":"08:20 - 13:35","vr":"08:20 - 13:35"}}},{"type":"Feature","geometry":{"type":"Point","coordinates":[10.39189248,43.72362233]},"properties":{"type":"pakketpunt","locatieNaam":"Pisa 7","straatNaam":"Via Vecchia Barbaricina","straatNr":"1","vervoerder":"PosteItaliane","puntType":"postkantoor","bezettingsgraad":50,"latitude":43.72362233,"longitude":10.39189248,"canPickup":true,"canDropoff":true,"openingstijden":{"za":"08:20 - 12:35","zo":"gesloten","ma":"08:20 - 13:35","di":"08:20 - 13:35","wo":"08:20 - 13:35","do":"08:20 - 13:35","vr":"08:20 - 13:35"}}},{"type":"Feature","geometry":{"type":"Point","coordinates":[10.42698273,43.69604471]},"properties":{"type":"pakketpunt","locatieNaam":"Putignano Pisano","straatNaam":"Via Putignano","straatNr":"120","vervoerder":"PosteItaliane","puntType":"postkantoor","bezettingsgraad":50,"latitude":43.69604471,"longitude":10.42698273,"canPickup":true,"canDropoff":true,"openingstijden":{"za":"08:20 - 12:45","zo":"gesloten","ma":"08:20 - 13:45","di":"08:20 - 13:45","wo":"08:20 - 13:45","do":"08:20 - 13:45","vr":"08:20 - 13:45"}}},{"type":"Feature","geometry":{"type":"Point","coordinates":[10.40411921,43.7206337]},"properties":{"type":"pakketpunt","locatieNaam":"Pisa 5","straatNaam":"Piazza Martiri Della Liberta'","straatNr":"9","vervoerder":"PosteItaliane","puntType":"postkantoor","bezettingsgraad":50,"latitude":43.7206337,"longitude":10.40411921,"canPickup":true,"canDropoff":true,"openingstijden":{"za":"08:20 - 12:35","zo":"gesloten","ma":"08:20 - 13:35","di":"08:20 - 13:35","wo":"08:20 - 13:35","do":"08:20 - 13:35","vr":"08:20 - 13:35"}}},{"type":"Feature","geometry":{"type":"Point","coordinates":[10.27526394,43.66854977]},"properties":{"type":"pakketpunt","locatieNaam":"Marina Di Pisa","straatNaam":"Piazza Gorgona","straatNr":"8","vervoerder":"PosteItaliane","puntType":"postkantoor","bezettingsgraad":50,"latitude":43.66854977,"longitude":10.27526394,"canPickup":true,"canDropoff":true,"openingstijden":{"za":"08:20 - 12:45","zo":"gesloten","ma":"08:20 - 13:45","di":"08:20 - 13:45","wo":"08:20 - 13:45","do":"08:20 - 13:45","vr":"08:20 - 13:45"}}},{"type":"Feature","geometry":{"type":"Point","coordinates":[10.43565313,43.70890224]},"properties":{"type":"pakketpunt","locatieNaam":"Tabaccheria N. 39","straatNaam":"Via Italo Bargagna","straatNr":"16","vervoerder":"PosteItaliane","puntType":"servicepunt","bezettingsgraad":50,"latitude":43.70890224,"longitude":10.43565313,"canPickup":true,"canDropoff":true,"openingstijden":{"za":"07:30 - 12:30","zo":"gesloten","ma":"07:30 - 19:30","di":"07:30 - 19:30","wo":"07:30 - 19:30","do":"07:30 - 19:30","vr":"07:30 - 19:30"}}},{"type":"Feature","geometry":{"type":"Point","coordinates":[10.368329,43.69101501]},"properties":{"type":"pakketpunt","locatieNaam":"Tabaccheria N. 57","straatNaam":"Via Livornese","straatNr":"621","vervoerder":"PosteItaliane","puntType":"servicepunt","bezettingsgraad":50,"latitude":43.69101501,"longitude":10.368329,"canPickup":true,"canDropoff":true,"openingstijden":{"za":"07:00 - 20:00","zo":"gesloten","ma":"07:00 - 20:00","di":"07:00 - 20:00","wo":"07:00 - 20:00","do":"07:00 - 20:00","vr":"07:00 - 20:00"}}},{"type":"Feature","geometry":{"type":"Point","coordinates":[10.39859744,43.70958482]},"properties":{"type":"pakketpunt","locatieNaam":"Tabaccheria N. 34","straatNaam":"Viale Antonio Gramsci","straatNr":"8","vervoerder":"PosteItaliane","puntType":"servicepunt","bezettingsgraad":50,"latitude":43.70958482,"longitude":10.39859744,"canPickup":true,"canDropoff":true,"openingstijden":{"za":"09:00 - 19:30","zo":"08:00 - 13:00, 15:00 - 20:00","ma":"08:00 - 19:30","di":"08:00 - 19:30","wo":"08:00 - 19:30","do":"08:00 - 19:30","vr":"08:00 - 19:30"}}},{"type":"Feature","geometry":{"type":"Point","coordinates":[10.40056737,43.71411446]},"properties":{"type":"pakketpunt","locatieNaam":"Tabaccheria N. 29","straatNaam":"Corso Italia","straatNr":"38","vervoerder":"PosteItaliane","puntType":"servicepunt","bezettingsgraad":50,"latitude":43.71411446,"longitude":10.40056737,"canPickup":true,"canDropoff":true,"openingstijden":{"za":"08:00 - 20:00","zo":"14:00 - 20:00","ma":"07:30 - 13:30, 14:15 - 19:30","di":"07:30 - 13:30, 14:15 - 19:30","wo":"07:30 - 13:30, 14:15 - 19:30","do":"07:30 - 13:30, 14:15 - 19:30","vr":"07:30 - 13:30, 14:15 - 19:30"}}},{"type":"Feature","geometry":{"type":"Point","coordinates":[10.39980902,43.71798267]},"properties":{"type":"pakketpunt","locatieNaam":"Tabaccheria N. 11","straatNaam":"Piazza San Frediano","straatNr":"4","vervoerder":"PosteItaliane","puntType":"servicepunt","bezettingsgraad":50,"latitude":43.71798267,"longitude":10.39980902,"canPickup":true,"canDropoff":true,"openingstijden":{"za":"07:15 - 19:30","zo":"gesloten","ma":"07:15 - 19:30","di":"07:15 - 19:30","wo":"07:15 - 19:30","do":"07:15 - 19:30","vr":"07:15 - 19:30"}}},{"type":"Feature","geometry":{"type":"Point","coordinates":[10.43306702,43.70747816]},"properties":{"type":"pakketpunt","locatieNaam":"Stazione Di Servizio Eni","straatNaam":"Via Cisanello","straatNr":"170","vervoerder":"PosteItaliane","puntType":"automaat","bezettingsgraad":50,"latitude":43.70747816,"longitude":10.43306702,"canPickup":true,"canDropoff":true,"openingstijden":{"za":"gesloten","zo":"gesloten","ma":"07:00 - 18:30","di":"07:00 - 18:30","wo":"07:00 - 18:30","do":"07:00 - 18:30","vr":"07:00 - 18:30"}}},{"type":"Feature","geometry":{"type":"Point","coordinates":[10.39956167,43.70517704]},"properties":{"type":"pakketpunt","locatieNaam":"Tabaccheria N. 46","straatNaam":"Via Sant'agostino","straatNr":"69","vervoerder":"PosteItaliane","puntType":"servicepunt","bezettingsgraad":50,"latitude":43.70517704,"longitude":10.39956167,"canPickup":true,"canDropoff":true,"openingstijden":{"za":"06:00 - 12:45, 15:30 - 19:25","zo":"gesloten","ma":"06:00 - 12:45, 15:30 - 19:25","di":"06:00 - 12:45, 15:30 - 19:25","wo":"06:00 - 12:45, 15:30 - 19:25","do":"06:00 - 12:45, 15:30 - 19:25","vr":"06:00 - 12:45, 15:30 - 19:25"}}},{"type":"Feature","geometry":{"type":"Point","coordinates":[10.2733174,43.67486298]},"properties":{"type":"pakketpunt","locatieNaam":"Tabaccheria N. 73","straatNaam":"Via Maiorca","straatNr":"81/a","vervoerder":"PosteItaliane","puntType":"servicepunt","bezettingsgraad":50,"latitude":43.67486298,"longitude":10.2733174,"canPickup":true,"canDropoff":true,"openingstijden":{"za":"07:30 - 13:00, 17:00 - 19:30","zo":"07:30 - 13:00","ma":"07:30 - 13:00, 17:00 - 19:30","di":"07:30 - 13:00, 17:00 - 19:30","wo":"07:30 - 13:00, 17:00 - 19:30","do":"gesloten","vr":"07:30 - 13:00, 17:00 - 19:30"}}},{"type":"Feature","geometry":{"type":"Point","coordinates":[10.40065377,43.71057379]},"properties":{"type":"pakketpunt","locatieNaam":"Tabaccheria N. 74","straatNaam":"Via Benedetto Croce","straatNr":"105","vervoerder":"PosteItaliane","puntType":"servicepunt","bezettingsgraad":50,"latitude":43.71057379,"longitude":10.40065377,"canPickup":true,"canDropoff":true,"openingstijden":{"za":"08:30 - 13:30, 16:00 - 19:30","zo":"gesloten","ma":"gesloten","di":"gesloten","wo":"gesloten","do":"gesloten","vr":"gesloten"}}},{"type":"Feature","geometry":{"type":"Point","coordinates":[10.39593592,43.72211745]},"properties":{"type":"pakketpunt","locatieNaam":"Tabaccheria N. 82","straatNaam":"Via Roma","straatNr":"78","vervoerder":"PosteItaliane","puntType":"servicepunt","bezettingsgraad":50,"latitude":43.72211745,"longitude":10.39593592,"canPickup":true,"canDropoff":true,"openingstijden":{"za":"09:15 - 13:00","zo":"gesloten","ma":"08:30 - 17:30","di":"08:30 - 17:30","wo":"08:30 - 17:30","do":"08:30 - 17:30","vr":"08:30 - 17:30"}}},{"type":"Feature","geometry":{"type":"Point","coordinates":[10.39170434,43.72416724]},"properties":{"type":"pakketpunt","locatieNaam":"Kipoint Via Carlo Salomone Cammeo","straatNaam":"Via Carlo Salomone Cammeo","straatNr":"36","vervoerder":"PosteItaliane","puntType":"servicepunt","bezettingsgraad":50,"latitude":43.72416724,"longitude":10.39170434,"canPickup":true,"canDropoff":true,"openingstijden":{"za":"09:00 - 11:00, 15:00 - 17:00","zo":"gesloten","ma":"08:30 - 13:30, 14:30 - 17:30","di":"08:30 - 13:30, 14:30 - 17:30","wo":"08:30 - 13:30, 14:30 - 17:00","do":"08:30 - 13:30, 14:30 - 17:30","vr":"08:30 - 13:30, 14:30 - 17:30"}}},{"type":"Feature","geometry":{"type":"Point","coordinates":[10.39275884,43.73005055]},"properties":{"type":"pakketpunt","locatieNaam":"Tabaccheria N. 81","straatNaam":"Via San Jacopo","straatNr":"63","vervoerder":"PosteItaliane","puntType":"servicepunt","bezettingsgraad":50,"latitude":43.73005055,"longitude":10.39275884,"canPickup":true,"canDropoff":true,"openingstijden":{"za":"07:30 - 13:00, 14:30 - 18:30","zo":"gesloten","ma":"07:30 - 13:00, 14:30 - 18:30","di":"07:30 - 13:00, 14:30 - 18:30","wo":"07:30 - 13:00, 14:30 - 18:30","do":"07:30 - 13:00, 14:30 - 18:30","vr":"07:30 - 13:00, 14:30 - 18:30"}}},{"type":"Feature","geometry":{"type":"Point","coordinates":[10.44776918,43.69645218]},"properties":{"type":"pakketpunt","locatieNaam":"Tabaccheria N. 42","straatNaam":"Via Fiorentina","straatNr":"414","vervoerder":"PosteItaliane","puntType":"servicepunt","bezettingsgraad":50,"latitude":43.69645218,"longitude":10.44776918,"canPickup":true,"canDropoff":true,"openingstijden":{"za":"08:00 - 12:30","zo":"gesloten","ma":"gesloten","di":"gesloten","wo":"gesloten","do":"gesloten","vr":"gesloten"}}},{"type":"Feature","geometry":{"type":"Point","coordinates":[10.42587232,43.70605878]},"properties":{"type":"pakketpunt","locatieNaam":"Tabaccheria N. 93","straatNaam":"Via Maccatella","straatNr":"6","vervoerder":"PosteItaliane","puntType":"servicepunt","bezettingsgraad":50,"latitude":43.70605878,"longitude":10.42587232,"canPickup":true,"canDropoff":true,"openingstijden":{"za":"08:10 - 13:00, 15:30 - 19:40","zo":"gesloten","ma":"08:10 - 13:00, 15:30 - 19:40","di":"08:10 - 13:00, 15:30 - 19:40","wo":"08:10 - 13:00, 15:30 - 19:40","do":"08:10 - 13:00, 15:30 - 19:40","vr":"08:10 - 13:00, 15:30 - 19:40"}}},{"type":"Feature","geometry":{"type":"Point","coordinates":[10.37217202,43.71122624]},"properties":{"type":"pakketpunt","locatieNaam":"Tabaccheria N. 107","straatNaam":"Viale Michelangelo","straatNr":"5","vervoerder":"PosteItaliane","puntType":"servicepunt","bezettingsgraad":50,"latitude":43.71122624,"longitude":10.37217202,"canPickup":true,"canDropoff":true,"openingstijden":{"za":"06:45 - 12:45, 15:30 - 19:30","zo":"gesloten","ma":"06:45 - 12:45, 15:30 - 19:30","di":"06:45 - 12:45, 15:30 - 19:30","wo":"06:45 - 12:45, 15:30 - 19:30","do":"06:45 - 12:45, 15:30 - 19:30","vr":"06:45 - 12:45, 15:30 - 19:30"}}},{"type":"Feature","geometry":{"type":"Point","coordinates":[10.3977865,43.70313998]},"properties":{"type":"pakketpunt","locatieNaam":"Tabaccheria N. 67","straatNaam":"Via Sant'agostino","straatNr":"106/a","vervoerder":"PosteItaliane","puntType":"servicepunt","bezettingsgraad":50,"latitude":43.70313998,"longitude":10.3977865,"canPickup":true,"canDropoff":true,"openingstijden":{"za":"07:30 - 13:00, 15:30 - 19:30","zo":"gesloten","ma":"07:30 - 13:00, 15:30 - 19:30","di":"07:30 - 13:00, 15:30 - 19:30","wo":"07:30 - 13:00, 16:00 - 19:30","do":"07:30 - 13:00, 15:30 - 19:30","vr":"07:30 - 13:00, 15:30 - 19:30"}}},{"type":"Feature","geometry":{"type":"Point","coordinates":[10.39603253,43.71413667]},"properties":{"type":"pakketpunt","locatieNaam":"Tabaccheria N. 22","straatNaam":"Via Francesco Crispi","straatNr":"17","vervoerder":"PosteItaliane","puntType":"servicepunt","bezettingsgraad":50,"latitude":43.71413667,"longitude":10.39603253,"canPickup":true,"canDropoff":true,"openingstijden":{"za":"08:30 - 13:00, 16:00 - 19:30","zo":"gesloten","ma":"08:30 - 13:00, 16:00 - 19:30","di":"08:30 - 13:00, 16:00 - 19:30","wo":"08:30 - 13:00, 16:00 - 19:30","do":"08:30 - 13:00, 16:00 - 19:30","vr":"08:30 - 13:00, 16:00 - 19:30"}}},{"type":"Feature","geometry":{"type":"Point","coordinates":[10.4282843,43.69608607]},"properties":{"type":"pakketpunt","locatieNaam":"Tabaccheria N. 40","straatNaam":"Via Putignano","straatNr":"93","vervoerder":"PosteItaliane","puntType":"servicepunt","bezettingsgraad":50,"latitude":43.69608607,"longitude":10.4282843,"canPickup":true,"canDropoff":true,"openingstijden":{"za":"08:00 - 12:30, 17:00 - 20:00","zo":"08:00 - 12:30, 17:00 - 20:00","ma":"08:00 - 12:30, 17:00 - 20:00","di":"08:00 - 12:30","wo":"08:00 - 12:30, 17:00 - 20:00","do":"08:00 - 12:30, 17:00 - 20:00","vr":"08:00 - 12:30, 17:00 - 20:00"}}},{"type":"Feature","geometry":{"type":"Point","coordinates":[10.40445499,43.71345782]},"properties":{"type":"pakketpunt","locatieNaam":"Tabaccheria N. 27","straatNaam":"Via San Martino","straatNr":"46","vervoerder":"PosteItaliane","puntType":"servicepunt","bezettingsgraad":50,"latitude":43.71345782,"longitude":10.40445499,"canPickup":true,"canDropoff":true,"openingstijden":{"za":"08:00 - 13:00, 15:30 - 20:00","zo":"gesloten","ma":"08:00 - 13:00, 15:30 - 20:00","di":"08:00 - 13:00, 15:30 - 20:00","wo":"08:00 - 13:00, 15:30 - 20:00","do":"08:00 - 13:00, 15:30 - 20:00","vr":"08:00 - 13:00, 15:30 - 20:00"}}},{"type":"Feature","geometry":{"type":"Point","coordinates":[10.4002171,43.708641]},"properties":{"type":"pakketpunt","locatieNaam":"Tabaccheria N. 52","straatNaam":"Via Filippo Corridoni","straatNr":"122","vervoerder":"PosteItaliane","puntType":"servicepunt","bezettingsgraad":50,"latitude":43.708641,"longitude":10.4002171,"canPickup":true,"canDropoff":true,"openingstijden":{"za":"07:45 - 13:15, 14:40 - 19:15","zo":"gesloten","ma":"07:45 - 13:15, 14:40 - 19:15","di":"07:45 - 13:15, 14:40 - 19:15","wo":"07:45 - 13:15, 14:40 - 19:15","do":"07:45 - 13:15, 14:40 - 19:15","vr":"07:45 - 13:15, 14:40 - 19:15"}}},{"type":"Feature","geometry":{"type":"Point","coordinates":[10.38623802,43.73223061]},"properties":{"type":"pakketpunt","locatieNaam":"Tabaccheria N. 84","straatNaam":"Via Pietrasantina","straatNr":"87","vervoerder":"PosteItaliane","puntType":"servicepunt","bezettingsgraad":50,"latitude":43.73223061,"longitude":10.38623802,"canPickup":true,"canDropoff":true,"openingstijden":{"za":"08:00 - 12:30, 16:00 - 19:30","zo":"gesloten","ma":"08:00 - 12:30, 16:00 - 19:30","di":"08:00 - 12:30, 16:00 - 19:30","wo":"08:00 - 12:30, 16:00 - 19:30","do":"08:00 - 12:30, 16:00 - 19:30","vr":"08:00 - 12:30, 16:00 - 19:30"}}},{"type":"Feature","geometry":{"type":"Point","coordinates":[10.40069756,43.70223895]},"properties":{"type":"pakketpunt","locatieNaam":"Tabaccheria N. 43","straatNaam":"Via Dell' Aeroporto","straatNr":"47","vervoerder":"PosteItaliane","puntType":"servicepunt","bezettingsgraad":50,"latitude":43.70223895,"longitude":10.40069756,"canPickup":true,"canDropoff":true,"openingstijden":{"za":"07:00 - 13:00, 17:00 - 19:30","zo":"gesloten","ma":"07:00 - 13:00, 17:00 - 19:30","di":"07:00 - 13:00, 17:00 - 19:30","wo":"07:00 - 13:00, 17:00 - 19:30","do":"07:00 - 13:00, 17:00 - 19:30","vr":"07:00 - 13:00, 17:00 - 19:30"}}},{"type":"Feature","geometry":{"type":"Point","coordinates":[10.39867339,43.7121407]},"properties":{"type":"pakketpunt","locatieNaam":"Da Claudino Pane E Vino","straatNaam":"Via Massimo D'azeglio","straatNr":"1","vervoerder":"PosteItaliane","puntType":"servicepunt","bezettingsgraad":50,"latitude":43.7121407,"longitude":10.39867339,"canPickup":true,"canDropoff":true,"openingstijden":{"za":"08:00 - 14:00, 16:30 - 20:00","zo":"gesloten","ma":"08:00 - 14:00, 16:30 - 20:00","di":"08:00 - 14:00, 16:30 - 20:00","wo":"08:00 - 14:00, 16:30 - 20:00","do":"08:00 - 14:00, 16:30 - 20:00","vr":"08:00 - 14:00, 16:30 - 20:00"}}},{"type":"Feature","geometry":{"type":"Point","coordinates":[10.41233739,43.71553327]},"properties":{"type":"pakketpunt","locatieNaam":"Tabaccheria N. 65","straatNaam":"Via Giuseppe Garibaldi","straatNr":"87","vervoerder":"PosteItaliane","puntType":"servicepunt","bezettingsgraad":50,"latitude":43.71553327,"longitude":10.41233739,"canPickup":true,"canDropoff":true,"openingstijden":{"za":"07:30 - 13:30, 15:30 - 20:00","zo":"gesloten","ma":"07:30 - 13:30, 15:30 - 20:00","di":"07:30 - 13:30, 15:30 - 20:00","wo":"07:30 - 13:30, 15:30 - 20:00","do":"07:30 - 13:30, 15:30 - 20:00","vr":"07:30 - 13:30, 15:30 - 20:00"}}},{"type":"Feature","geometry":{"type":"Point","coordinates":[10.39482108,43.71576111]},"properties":{"type":"pakketpunt","locatieNaam":"Tabaccheria N. 4","straatNaam":"Piazza Solferino","straatNr":"11","vervoerder":"PosteItaliane","puntType":"servicepunt","bezettingsgraad":50,"latitude":43.71576111,"longitude":10.39482108,"canPickup":true,"canDropoff":true,"openingstijden":{"za":"08:00 - 13:00, 15:30 - 19:30","zo":"gesloten","ma":"08:00 - 13:00, 15:30 - 19:30","di":"08:00 - 13:00, 15:30 - 19:30","wo":"08:00 - 13:00, 15:30 - 19:30","do":"08:00 - 13:00, 15:30 - 19:30","vr":"08:00 - 13:00, 15:30 - 19:30"}}},{"type":"Feature","geometry":{"type":"Point","coordinates":[10.40410018,43.71828534]},"properties":{"type":"pakketpunt","locatieNaam":"Tabaccheria N. 19","straatNaam":"Via San Francesco","straatNr":"52","vervoerder":"PosteItaliane","puntType":"servicepunt","bezettingsgraad":50,"latitude":43.71828534,"longitude":10.40410018,"canPickup":true,"canDropoff":true,"openingstijden":{"za":"07:30 - 13:00, 16:00 - 19:30","zo":"gesloten","ma":"07:30 - 13:00, 16:00 - 19:30","di":"07:30 - 13:00, 16:00 - 19:30","wo":"07:30 - 13:00, 16:00 - 19:30","do":"07:30 - 13:00, 16:00 - 19:30","vr":"07:30 - 13:00, 16:00 - 19:30"}}},{"type":"Feature","geometry":{"type":"Point","coordinates":[10.42161013,43.71095646]},"properties":{"type":"pakketpunt","locatieNaam":"Tabaccheria N. 150","straatNaam":"Via Carlo Matteucci","straatNr":"38/g","vervoerder":"PosteItaliane","puntType":"servicepunt","bezettingsgraad":50,"latitude":43.71095646,"longitude":10.42161013,"canPickup":true,"canDropoff":true,"openingstijden":{"za":"08:00 - 13:30, 15:30 - 20:00","zo":"gesloten","ma":"08:00 - 13:30, 15:30 - 20:00","di":"08:00 - 13:30, 15:30 - 20:00","wo":"08:00 - 13:30, 15:30 - 20:00","do":"08:00 - 13:30, 15:30 - 20:00","vr":"08:00 - 13:30, 15:30 - 20:00"}}},{"type":"Feature","geometry":{"type":"Point","coordinates":[10.37729631,43.70717779]},"properties":{"type":"pakketpunt","locatieNaam":"Tabaccheria N. 38","straatNaam":"Via Livornese","straatNr":"102","vervoerder":"PosteItaliane","puntType":"servicepunt","bezettingsgraad":50,"latitude":43.70717779,"longitude":10.37729631,"canPickup":true,"canDropoff":true,"openingstijden":{"za":"07:30 - 13:00, 15:30 - 19:30","zo":"gesloten","ma":"07:30 - 13:00, 15:30 - 19:30","di":"07:30 - 13:00, 15:30 - 19:30","wo":"07:30 - 13:00, 15:30 - 19:30","do":"07:30 - 13:00, 15:30 - 19:30","vr":"07:30 - 13:00, 15:30 - 19:30"}}},{"type":"Feature","geometry":{"type":"Point","coordinates":[10.40598165,43.72821314]},"properties":{"type":"pakketpunt","locatieNaam":"Tabaccheria N. 109","straatNaam":"Via Di Gello","straatNr":"94","vervoerder":"PosteItaliane","puntType":"servicepunt","bezettingsgraad":50,"latitude":43.72821314,"longitude":10.40598165,"canPickup":true,"canDropoff":true,"openingstijden":{"za":"08:00 - 20:00","zo":"08:00 - 13:00","ma":"08:00 - 13:00, 15:00 - 20:00","di":"08:00 - 20:00","wo":"08:00 - 20:00","do":"gesloten","vr":"08:00 - 20:00"}}},{"type":"Feature","geometry":{"type":"Point","coordinates":[10.40707198,43.70150685]},"properties":{"type":"pakketpunt","locatieNaam":"Il Cappellaio Matto (ex Merceria Cartoleria Elsa)","straatNaam":"Via Leopoldo Pilla","straatNr":"72","vervoerder":"PosteItaliane","puntType":"servicepunt","bezettingsgraad":50,"latitude":43.70150685,"longitude":10.40707198,"canPickup":true,"canDropoff":true,"openingstijden":{"za":"07:45 - 11:00","zo":"gesloten","ma":"07:45 - 12:00, 17:00 - 19:00","di":"07:45 - 12:00, 17:00 - 19:00","wo":"07:45 - 12:00, 17:00 - 19:00","do":"07:45 - 12:00, 17:00 - 19:00","vr":"07:45 - 12:00, 17:00 - 19:00"}}},{"type":"Feature","geometry":{"type":"Point","coordinates":[10.37540456,43.71292369]},"properties":{"type":"pakketpunt","locatieNaam":"Tabaccheria N. 32","straatNaam":"Via Due Arni","straatNr":"15","vervoerder":"PosteItaliane","puntType":"servicepunt","bezettingsgraad":50,"latitude":43.71292369,"longitude":10.37540456,"canPickup":true,"canDropoff":true,"openingstijden":{"za":"08:00 - 13:00, 16:00 - 19:00","zo":"gesloten","ma":"08:00 - 13:00, 16:00 - 19:00","di":"08:00 - 13:00, 16:00 - 19:00","wo":"08:00 - 13:00, 16:00 - 19:00","do":"08:00 - 13:00, 16:00 - 19:00","vr":"08:00 - 13:00, 16:00 - 19:00"}}},{"type":"Feature","geometry":{"type":"Point","coordinates":[10.41224898,43.7122421]},"properties":{"type":"pakketpunt","locatieNaam":"Tabaccheria N. 48","straatNaam":"Via Del Borghetto","straatNr":"81","vervoerder":"PosteItaliane","puntType":"servicepunt","bezettingsgraad":50,"latitude":43.7122421,"longitude":10.41224898,"canPickup":true,"canDropoff":true,"openingstijden":{"za":"gesloten","zo":"gesloten","ma":"08:00 - 18:00","di":"08:00 - 18:00","wo":"08:00 - 18:00","do":"08:00 - 18:00","vr":"08:00 - 18:00"}}},{"type":"Feature","geometry":{"type":"Point","coordinates":[10.40791,43.70688]},"properties":{"type":"pakketpunt","locatieNaam":"Tabaccheria N. 50","straatNaam":"Via Carlo Cattaneo","straatNr":"138/a","vervoerder":"PosteItaliane","puntType":"servicepunt","bezettingsgraad":50,"latitude":43.70688,"longitude":10.40791,"canPickup":true,"canDropoff":true,"openingstijden":{"za":"09:00 - 13:00, 15:00 - 20:00","zo":"gesloten","ma":"09:00 - 13:00, 15:00 - 20:00","di":"09:00 - 13:00, 15:00 - 20:00","wo":"09:00 - 13:00, 15:00 - 20:00","do":"09:00 - 13:00, 15:00 - 20:00","vr":"09:00 - 13:00, 15:00 - 20:00"}}},{"type":"Feature","geometry":{"type":"Point","coordinates":[10.42951234,43.71348708]},"properties":{"type":"pakketpunt","locatieNaam":"Tabaccheria N. 135","straatNaam":"Via Umberto Viale","straatNr":"2","vervoerder":"PosteItaliane","puntType":"servicepunt","bezettingsgraad":50,"latitude":43.71348708,"longitude":10.42951234,"canPickup":true,"canDropoff":true,"openingstijden":{"za":"07:55 - 12:25","zo":"gesloten","ma":"07:25 - 12:25, 15:55 - 18:25","di":"07:25 - 12:25, 15:55 - 18:25","wo":"07:25 - 12:25, 15:55 - 18:25","do":"07:25 - 12:25, 15:55 - 18:25","vr":"07:25 - 12:25, 15:55 - 18:25"}}},{"type":"Feature","geometry":{"type":"Point","coordinates":[10.41401684,43.69740573]},"properties":{"type":"pakketpunt","locatieNaam":"Tabaccheria N. 45","straatNaam":"Via Emilia","straatNr":"195","vervoerder":"PosteItaliane","puntType":"servicepunt","bezettingsgraad":50,"latitude":43.69740573,"longitude":10.41401684,"canPickup":true,"canDropoff":true,"openingstijden":{"za":"08:00 - 13:00, 16:00 - 19:30","zo":"gesloten","ma":"08:00 - 13:00, 16:00 - 19:30","di":"08:00 - 13:00, 16:00 - 19:30","wo":"08:00 - 13:00, 16:00 - 19:30","do":"08:00 - 13:00, 16:00 - 19:30","vr":"08:00 - 13:00, 16:00 - 19:30"}}},{"type":"Feature","geometry":{"type":"Point","coordinates":[10.40706557,43.71554913]},"properties":{"type":"pakketpunt","locatieNaam":"Tabaccheria N. 76","straatNaam":"Via Santa Bibbiana","straatNr":"11","vervoerder":"PosteItaliane","puntType":"servicepunt","bezettingsgraad":50,"latitude":43.71554913,"longitude":10.40706557,"canPickup":true,"canDropoff":true,"openingstijden":{"za":"gesloten","zo":"gesloten","ma":"07:00 - 17:00","di":"07:00 - 17:00","wo":"07:00 - 17:00","do":"07:00 - 17:00","vr":"07:00 - 17:00"}}},{"type":"Feature","geometry":{"type":"Point","coordinates":[10.39132849,43.71160742]},"properties":{"type":"pakketpunt","locatieNaam":"Tabaccheria N. 37","straatNaam":"Via Porta A Mare","straatNr":"12","vervoerder":"PosteItaliane","puntType":"servicepunt","bezettingsgraad":50,"latitude":43.71160742,"longitude":10.39132849,"canPickup":true,"canDropoff":true,"openingstijden":{"za":"08:30 - 13:00, 15:30 - 20:00","zo":"gesloten","ma":"08:30 - 13:00, 15:30 - 20:00","di":"08:30 - 13:00, 15:30 - 20:00","wo":"08:30 - 13:00, 15:30 - 20:00","do":"08:30 - 13:00, 15:30 - 20:00","vr":"08:30 - 13:00, 15:30 - 20:00"}}},{"type":"Feature","geometry":{"type":"Point","coordinates":[10.4100289,43.71273507]},"properties":{"type":"pakketpunt","locatieNaam":"Tabaccheria N. 47","straatNaam":"Via Del Borghetto","straatNr":"7","vervoerder":"PosteItaliane","puntType":"servicepunt","bezettingsgraad":50,"latitude":43.71273507,"longitude":10.4100289,"canPickup":true,"canDropoff":true,"openingstijden":{"za":"08:00 - 13:30, 15:30 - 20:00","zo":"gesloten","ma":"08:00 - 13:30, 15:30 - 20:00","di":"08:00 - 13:30, 15:30 - 20:00","wo":"08:00 - 13:30, 15:30 - 20:00","do":"08:00 - 13:30, 15:30 - 20:00","vr":"08:00 - 13:30, 15:30 - 20:00"}}},{"type":"Feature","geometry":{"type":"Point","coordinates":[10.42851121,43.68838003]},"properties":{"type":"pakketpunt","locatieNaam":"Tabaccheria N. 149","straatNaam":"Via Scornigiana","straatNr":"52","vervoerder":"PosteItaliane","puntType":"servicepunt","bezettingsgraad":50,"latitude":43.68838003,"longitude":10.42851121,"canPickup":true,"canDropoff":true,"openingstijden":{"za":"07:30 - 14:00","zo":"gesloten","ma":"07:30 - 14:00","di":"07:30 - 14:00","wo":"07:30 - 14:00","do":"gesloten","vr":"07:30 - 14:00"}}},{"type":"Feature","geometry":{"type":"Point","coordinates":[10.40102528,43.73724754]},"properties":{"type":"pakketpunt","locatieNaam":"Tabaccheria N. 106","straatNaam":"Via Ventiquattro Maggio","straatNr":"100","vervoerder":"PosteItaliane","puntType":"servicepunt","bezettingsgraad":50,"latitude":43.73724754,"longitude":10.40102528,"canPickup":true,"canDropoff":true,"openingstijden":{"za":"07:00 - 20:00","zo":"gesloten","ma":"07:00 - 20:00","di":"07:00 - 20:00","wo":"07:00 - 20:00","do":"07:00 - 20:00","vr":"07:00 - 20:00"}}},{"type":"Feature","geometry":{"type":"Point","coordinates":[10.3902168,43.71944492]},"properties":{"type":"pakketpunt","locatieNaam":"Tabaccheria N. 75","straatNaam":"Via Bonanno Pisano","straatNr":"83","vervoerder":"PosteItaliane","puntType":"servicepunt","bezettingsgraad":50,"latitude":43.71944492,"longitude":10.3902168,"canPickup":true,"canDropoff":true,"openingstijden":{"za":"07:30 - 13:30, 14:30 - 19:00","zo":"gesloten","ma":"07:30 - 13:30, 14:30 - 19:00","di":"07:30 - 13:30, 14:30 - 19:00","wo":"07:30 - 13:30, 14:30 - 19:00","do":"07:30 - 13:30, 14:30 - 19:00","vr":"07:30 - 13:30, 14:30 - 19:00"}}},{"type":"Feature","geometry":{"type":"Point","coordinates":[10.38450833,43.70996138]},"properties":{"type":"pakketpunt","locatieNaam":"Tabaccheria N. 36","straatNaam":"Via Nino Pisano","straatNr":"3","vervoerder":"PosteItaliane","puntType":"servicepunt","bezettingsgraad":50,"latitude":43.70996138,"longitude":10.38450833,"canPickup":true,"canDropoff":true,"openingstijden":{"za":"07:00 - 13:00","zo":"gesloten","ma":"07:00 - 13:00, 16:00 - 19:00","di":"07:00 - 13:00, 16:00 - 19:00","wo":"07:00 - 13:00, 16:00 - 19:00","do":"07:00 - 13:00, 16:00 - 19:00","vr":"07:00 - 13:00, 16:00 - 19:00"}}},{"type":"Feature","geometry":{"type":"Point","coordinates":[10.36668925,43.70746761]},"properties":{"type":"pakketpunt","locatieNaam":"Centro Sportivo - Padel Hero","straatNaam":"Via Tiziano Vecellio","straatNr":"3","vervoerder":"PosteItaliane","puntType":"automaat","bezettingsgraad":50,"latitude":43.70746761,"longitude":10.36668925,"canPickup":true,"canDropoff":true,"openingstijden":{"za":"09:00 - 21:00","zo":"09:00 - 21:00","ma":"09:00 - 23:45","di":"09:00 - 23:45","wo":"09:00 - 23:45","do":"09:00 - 23:45","vr":"09:00 - 23:45"}}},{"type":"Feature","geometry":{"type":"Point","coordinates":[10.4002683,43.73017026]},"properties":{"type":"pakketpunt","locatieNaam":"Tabaccheria N. 79","straatNaam":"Via Ventiquattro Maggio","straatNr":"55","vervoerder":"PosteItaliane","puntType":"servicepunt","bezettingsgraad":50,"latitude":43.73017026,"longitude":10.4002683,"canPickup":true,"canDropoff":true,"openingstijden":{"za":"08:00 - 13:00, 15:30 - 20:00","zo":"gesloten","ma":"08:00 - 13:00, 15:30 - 20:00","di":"08:00 - 13:00, 15:30 - 20:00","wo":"08:00 - 13:00, 15:30 - 20:00","do":"08:00 - 13:00, 15:30 - 20:00","vr":"08:00 - 13:00, 15:30 - 20:00"}}},{"type":"Feature","geometry":{"type":"Point","coordinates":[10.43020921,43.67594913]},"properties":{"type":"pakketpunt","locatieNaam":"Tabaccheria N. 123","straatNaam":"Via Emilia","straatNr":"450","vervoerder":"PosteItaliane","puntType":"servicepunt","bezettingsgraad":50,"latitude":43.67594913,"longitude":10.43020921,"canPickup":true,"canDropoff":true,"openingstijden":{"za":"gesloten","zo":"gesloten","ma":"07:30 - 12:00, 15:00 - 20:00","di":"07:30 - 12:00, 15:00 - 20:00","wo":"07:30 - 12:00, 15:00 - 20:00","do":"07:30 - 12:00, 15:00 - 20:00","vr":"07:30 - 12:00"}}},{"type":"Feature","geometry":{"type":"Point","coordinates":[10.44841819,43.69624511]},"properties":{"type":"pakketpunt","locatieNaam":"Tabaccheria N. 41","straatNaam":"Via Fiorentina","straatNr":"483","vervoerder":"PosteItaliane","puntType":"servicepunt","bezettingsgraad":50,"latitude":43.69624511,"longitude":10.44841819,"canPickup":true,"canDropoff":true,"openingstijden":{"za":"06:00 - 21:00","zo":"gesloten","ma":"06:00 - 21:00","di":"06:00 - 21:00","wo":"06:00 - 21:00","do":"06:00 - 21:00","vr":"06:00 - 21:00"}}},{"type":"Feature","geometry":{"type":"Point","coordinates":[10.27458,43.66851]},"properties":{"type":"pakketpunt","locatieNaam":"Tabaccheria N. 60","straatNaam":"Via Della Repubblica Pisana","straatNr":"45/a","vervoerder":"PosteItaliane","puntType":"servicepunt","bezettingsgraad":50,"latitude":43.66851,"longitude":10.27458,"canPickup":true,"canDropoff":true,"openingstijden":{"za":"07:00 - 13:00, 15:30 - 19:30","zo":"07:00 - 13:00, 15:30 - 19:30","ma":"07:00 - 13:00, 15:30 - 19:30","di":"07:00 - 13:00, 15:30 - 19:30","wo":"gesloten","do":"07:00 - 13:00, 15:30 - 19:30","vr":"07:00 - 13:00, 15:30 - 19:30"}}},{"type":"Feature","geometry":{"type":"Point","coordinates":[10.4131119,43.7086746]},"properties":{"type":"pakketpunt","locatieNaam":"Centro Servizi Le Piagge","straatNaam":"VIA AGNELLI","straatNr":"4/B","vervoerder":"DPD","puntType":"pickup_point","bezettingsgraad":50,"latitude":43.7086746,"longitude":10.4131119,"canPickup":true,"canDropoff":true,"openingstijden":{"ma":"09:00 - 18:30","di":"09:00 - 18:30","wo":"09:00 - 18:30","do":"09:00 - 18:30","vr":"09:00 - 18:30","za":"gesloten","zo":"gesloten"}}},{"type":"Feature","geometry":{"type":"Point","coordinates":[10.447992962,43.6968484608]},"properties":{"type":"pakketpunt","locatieNaam":"Speedypost","straatNaam":"VIA GEMIGNANI","straatNr":"13","vervoerder":"DPD","puntType":"pickup_point","bezettingsgraad":50,"latitude":43.6968484608,"longitude":10.447992962,"canPickup":true,"canDropoff":true,"openingstijden":{"ma":"09:00 - 12:30, 16:30 - 19:30","di":"09:00 - 12:30, 16:30 - 19:30","wo":"09:00 - 12:30, 16:30 - 19:30","do":"09:00 - 12:30, 16:30 - 19:30","vr":"09:00 - 12:30, 16:30 - 19:30","za":"09:00 - 13:00","zo":"gesloten"}}},{"type":"Feature","geometry":{"type":"Point","coordinates":[10.4139416,43.7143792]},"properties":{"type":"pakketpunt","locatieNaam":"Postini Pisani - Pisa","straatNaam":"VIA P.LANDI","straatNr":"8","vervoerder":"DPD","puntType":"pickup_point","bezettingsgraad":50,"latitude":43.7143792,"longitude":10.4139416,"canPickup":true,"canDropoff":true,"openingstijden":{"ma":"09:00 - 13:00, 15:00 - 18:00","di":"09:00 - 13:00, 15:00 - 18:00","wo":"09:00 - 13:00, 15:00 - 18:00","do":"09:00 - 13:00, 15:00 - 18:00","vr":"09:00 - 13:00, 15:00 - 18:00","za":"gesloten","zo":"gesloten"}}},{"type":"Feature","geometry":{"type":"Point","coordinates":[10.2735711049,43.6761560502]},"properties":{"type":"pakketpunt","locatieNaam":"Civico 14 Libreria","straatNaam":"VIA MAIORCA","straatNr":"14","vervoerder":"DPD","puntType":"pickup_point","bezettingsgraad":50,"latitude":43.6761560502,"longitude":10.2735711049,"canPickup":true,"canDropoff":true,"openingstijden":{"ma":"16:00 - 19:30","di":"09:30 - 13:00, 16:00 - 19:30","wo":"09:30 - 13:00, 16:00 - 19:30","do":"09:30 - 13:00, 16:00 - 19:30","vr":"09:30 - 13:00, 16:00 - 19:30","za":"09:30 - 13:00, 16:00 - 19:30","zo":"gesloten"}}},{"type":"Feature","geometry":{"type":"Point","coordinates":[10.39134631,43.71149472]},"properties":{"type":"pakketpunt","locatieNaam":"Tabacchi Fumi e Profumi","straatNaam":"VIA PORTA A MARE","straatNr":"12","vervoerder":"DPD","puntType":"pickup_point","bezettingsgraad":50,"latitude":43.71149472,"longitude":10.39134631,"canPickup":true,"canDropoff":true,"openingstijden":{"ma":"08:30 - 13:00, 15:30 - 20:00","di":"08:30 - 13:00, 15:30 - 20:00","wo":"08:30 - 13:00, 15:30 - 20:00","do":"08:30 - 13:00, 15:30 - 20:00","vr":"08:30 - 13:00, 15:30 - 20:00","za":"08:00 - 13:00, 15:30 - 20:00","zo":"gesloten"}}},{"type":"Feature","geometry":{"type":"Point","coordinates":[10.39839,43.70968578]},"properties":{"type":"pakketpunt","locatieNaam":"Tabaccheria Renda","straatNaam":"VIALE GRAMSCI","straatNr":"8","vervoerder":"DPD","puntType":"pickup_point","bezettingsgraad":50,"latitude":43.70968578,"longitude":10.39839,"canPickup":true,"canDropoff":true,"openingstijden":{"ma":"08:00 - 20:00","di":"08:00 - 20:00","wo":"08:00 - 20:00","do":"08:00 - 20:00","vr":"08:00 - 20:00","za":"08:00 - 20:00","zo":"08:00 - 13:00, 15:00 - 20:00"}}},{"type":"Feature","geometry":{"type":"Point","coordinates":[10.38542259,43.7328112]},"properties":{"type":"pakketpunt","locatieNaam":"Artcom Sas","straatNaam":"VIA PIETRASANTINA","straatNr":"165","vervoerder":"DPD","puntType":"pickup_point","bezettingsgraad":50,"latitude":43.7328112,"longitude":10.38542259,"canPickup":true,"canDropoff":true,"openingstijden":{"ma":"08:00 - 12:30, 14:30 - 18:30","di":"08:00 - 12:30, 14:30 - 18:30","wo":"08:00 - 12:30, 14:30 - 18:30","do":"08:00 - 12:30, 14:30 - 18:30","vr":"08:00 - 12:30, 14:30 - 18:30","za":"08:00 - 12:30, 14:30 - 18:30","zo":"08:30 - 12:30"}}},{"type":"Feature","geometry":{"type":"Point","coordinates":[10.38200134,43.71792351]},"properties":{"type":"pakketpunt","locatieNaam":"Distributore Q8 - Pisa","straatNaam":"VIA AURELIA NORD","straatNr":"30","vervoerder":"DPD","puntType":"pickup_point","bezettingsgraad":50,"latitude":43.71792351,"longitude":10.38200134,"canPickup":true,"canDropoff":true,"openingstijden":{"ma":"07:00 - 19:00","di":"07:00 - 19:00","wo":"07:00 - 19:00","do":"07:00 - 19:00","vr":"07:00 - 19:00","za":"07:00 - 12:30","zo":"gesloten"}}},{"type":"Feature","geometry":{"type":"Point","coordinates":[10.41370577,43.6985748]},"properties":{"type":"pakketpunt","locatieNaam":"QuiPoste-Pisa","straatNaam":"VIA EMILIA","straatNr":"173","vervoerder":"DPD","puntType":"pickup_point","bezettingsgraad":50,"latitude":43.6985748,"longitude":10.41370577,"canPickup":true,"canDropoff":true,"openingstijden":{"ma":"09:00 - 12:00, 15:30 - 18:00","di":"09:00 - 12:00, 15:30 - 18:00","wo":"09:00 - 12:00, 15:30 - 18:00","do":"09:00 - 12:00, 15:30 - 18:00","vr":"09:00 - 12:00, 15:30 - 18:00","za":"gesloten","zo":"gesloten"}}},{"type":"Feature","geometry":{"type":"Point","coordinates":[10.433039,43.7074017]},"properties":{"type":"pakketpunt","locatieNaam":"Eni-Pisa","straatNaam":"VIA CISANELLO","straatNr":"170","vervoerder":"DPD","puntType":"pickup_point","bezettingsgraad":50,"latitude":43.7074017,"longitude":10.433039,"canPickup":true,"canDropoff":true,"openingstijden":{"ma":"07:00 - 18:30","di":"07:00 - 18:30","wo":"07:00 - 18:30","do":"07:00 - 18:30","vr":"07:00 - 18:30","za":"gesloten","zo":"gesloten"}}},{"type":"Feature","geometry":{"type":"Point","coordinates":[10.3481779577,43.6795812038]},"properties":{"type":"pakketpunt","locatieNaam":"L' Edicola di Zanni Fabio","straatNaam":"VIA LIVORNESE","straatNr":"1179","vervoerder":"DPD","puntType":"pickup_point","bezettingsgraad":50,"latitude":43.6795812038,"longitude":10.3481779577,"canPickup":true,"canDropoff":true,"openingstijden":{"ma":"06:45 - 13:00, 15:30 - 19:00","di":"06:45 - 13:00, 15:30 - 19:00","wo":"06:45 - 13:00, 15:30 - 19:00","do":"06:45 - 13:00, 15:30 - 19:00","vr":"06:45 - 13:00, 15:30 - 19:00","za":"06:45 - 13:00","zo":"06:45 - 13:00"}}},{"type":"Feature","geometry":{"type":"Point","coordinates":[10.40098351,43.73661377]},"properties":{"type":"pakketpunt","locatieNaam":"Copisteria Cartoleria Clip","straatNaam":"VIA XXIV MAGGIO","straatNr":"88","vervoerder":"DPD","puntType":"pickup_point","bezettingsgraad":50,"latitude":43.73661377,"longitude":10.40098351,"canPickup":true,"canDropoff":true,"openingstijden":{"ma":"08:30 - 12:30, 16:00 - 19:00","di":"08:30 - 12:30, 16:00 - 19:00","wo":"08:30 - 12:30, 16:00 - 19:00","do":"08:30 - 12:30, 16:00 - 19:00","vr":"08:30 - 12:30, 16:00 - 19:00","za":"08:30 - 12:30","zo":"gesloten"}}},{"type":"Feature","geometry":{"type":"Point","coordinates":[10.41235025,43.7155751]},"properties":{"type":"pakketpunt","locatieNaam":"Tabaccheria Acerbi","straatNaam":"VIA GARIBALDI","straatNr":"87","vervoerder":"DPD","puntType":"pickup_point","bezettingsgraad":50,"latitude":43.7155751,"longitude":10.41235025,"canPickup":true,"canDropoff":true,"openingstijden":{"ma":"07:30 - 13:30, 15:30 - 20:00","di":"07:30 - 13:30, 15:30 - 20:00","wo":"07:30 - 13:30, 15:30 - 20:00","do":"07:30 - 13:30, 15:30 - 20:00","vr":"07:30 - 13:30, 15:30 - 20:00","za":"07:30 - 13:30, 15:30 - 20:00","zo":"gesloten"}}},{"type":"Feature","geometry":{"type":"Point","coordinates":[10.4038033,43.71963902]},"properties":{"type":"pakketpunt","locatieNaam":"Smokin City Pisa","straatNaam":"VIA SAN LORENZO","straatNr":"47","vervoerder":"DPD","puntType":"pickup_point","bezettingsgraad":50,"latitude":43.71963902,"longitude":10.4038033,"canPickup":true,"canDropoff":true,"openingstijden":{"ma":"09:00 - 13:00, 16:00 - 20:00","di":"09:00 - 13:00, 16:00 - 20:00","wo":"09:00 - 13:00, 16:00 - 20:00","do":"09:00 - 13:00, 16:00 - 20:00","vr":"09:00 - 13:00, 16:00 - 20:00","za":"09:00 - 13:00, 16:00 - 20:00","zo":"gesloten"}}},{"type":"Feature","geometry":{"type":"Point","coordinates":[10.3987088,43.712295]},"properties":{"type":"pakketpunt","locatieNaam":"Da Claudino Pane e Vino","straatNaam":"VIA M. D'AZEGLIO","straatNr":"1","vervoerder":"DPD","puntType":"pickup_point","bezettingsgraad":50,"latitude":43.712295,"longitude":10.3987088,"canPickup":true,"canDropoff":true,"openingstijden":{"ma":"08:15 - 13:15, 17:00 - 20:00","di":"08:15 - 13:15, 17:00 - 20:00","wo":"08:15 - 13:15","do":"08:15 - 13:15, 17:00 - 20:00","vr":"08:15 - 13:15, 17:00 - 20:00","za":"08:00 - 13:30","zo":"gesloten"}}},{"type":"Feature","geometry":{"type":"Point","coordinates":[10.40226589,43.71044496]},"properties":{"type":"pakketpunt","locatieNaam":"Libreria Athena","straatNaam":"VIA B. CROCE","straatNr":"55","vervoerder":"DPD","puntType":"pickup_point","bezettingsgraad":50,"latitude":43.71044496,"longitude":10.40226589,"canPickup":true,"canDropoff":true,"openingstijden":{"ma":"10:00 - 13:00, 16:00 - 19:00","di":"10:00 - 13:00, 16:00 - 19:00","wo":"10:00 - 13:00, 16:00 - 19:00","do":"10:00 - 13:00, 16:00 - 19:00","vr":"10:00 - 13:00, 16:00 - 19:00","za":"10:00 - 13:00","zo":"gesloten"}}},{"type":"Feature","geometry":{"type":"Point","coordinates":[10.41378,43.69826]},"properties":{"type":"pakketpunt","locatieNaam":"BRT LOCKER - Pisa Carburanti Sant'E","straatNaam":"VIA EMILIA","straatNr":"183","vervoerder":"DPD","puntType":"dpd_box","bezettingsgraad":50,"latitude":43.69826,"longitude":10.41378,"canPickup":true,"canDropoff":true,"openingstijden":{"ma":"00:00 - 23:45","di":"00:00 - 23:45","wo":"00:00 - 23:45","do":"00:00 - 23:45","vr":"00:00 - 23:45","za":"00:00 - 23:45","zo":"00:00 - 23:45"}}},{"type":"Feature","geometry":{"type":"Point","coordinates":[10.4302,43.6753]},"properties":{"type":"pakketpunt","locatieNaam":"BRT LOCKER - Pisa Carburanti Ospeda","straatNaam":"VIA EMILIA","straatNr":"452","vervoerder":"DPD","puntType":"dpd_box","bezettingsgraad":50,"latitude":43.6753,"longitude":10.4302,"canPickup":true,"canDropoff":true,"openingstijden":{"ma":"00:00 - 23:45","di":"00:00 - 23:45","wo":"00:00 - 23:45","do":"00:00 - 23:45","vr":"00:00 - 23:45","za":"00:00 - 23:45","zo":"00:00 - 23:45"}}},{"type":"Feature","geometry":{"type":"Point","coordinates":[10.4479238,43.6937208]},"properties":{"type":"pakketpunt","locatieNaam":"Cartoleria Merceria Lucia","straatNaam":"VIA CAPRERA","straatNr":"59","vervoerder":"DPD","puntType":"pickup_point","bezettingsgraad":50,"latitude":43.6937208,"longitude":10.4479238,"canPickup":true,"canDropoff":true,"openingstijden":{"ma":"08:00 - 13:00, 16:00 - 19:00","di":"08:00 - 13:00, 16:00 - 19:00","wo":"08:00 - 13:00, 16:00 - 19:00","do":"08:00 - 13:00, 16:00 - 19:00","vr":"08:00 - 13:00, 16:00 - 19:00","za":"08:00 - 13:00","zo":"gesloten"}}},{"type":"Feature","geometry":{"type":"Point","coordinates":[10.37302,43.71041]},"properties":{"type":"pakketpunt","locatieNaam":"Creativa Cartoleria","straatNaam":"VIA MICHELANGELO","straatNr":"24","vervoerder":"DPD","puntType":"pickup_point","bezettingsgraad":50,"latitude":43.71041,"longitude":10.37302,"canPickup":true,"canDropoff":true,"openingstijden":{"ma":"09:00 - 13:00, 16:00 - 19:00","di":"09:00 - 13:00, 16:00 - 19:00","wo":"gesloten","do":"09:00 - 13:00, 16:00 - 19:00","vr":"09:00 - 13:00, 16:00 - 19:00","za":"gesloten","zo":"gesloten"}}},{"type":"Feature","geometry":{"type":"Point","coordinates":[10.406179,43.709677]},"properties":{"type":"pakketpunt","locatieNaam":"BRT LOCKER - Tabacchi Lo Scotto Pia","straatNaam":"PIAZZA GUERRAZZI","straatNr":"7","vervoerder":"DPD","puntType":"dpd_box","bezettingsgraad":50,"latitude":43.709677,"longitude":10.406179,"canPickup":true,"canDropoff":true,"openingstijden":{"ma":"08:30 - 19:30","di":"08:30 - 19:30","wo":"08:30 - 19:30","do":"08:30 - 19:30","vr":"08:30 - 19:30","za":"08:30 - 13:00, 15:00 - 19:30","zo":"15:00 - 19:30"}}},{"type":"Feature","geometry":{"type":"Point","coordinates":[10.3927082,43.7300535]},"properties":{"type":"pakketpunt","locatieNaam":"Tabacchi Gori Debora","straatNaam":"VIA SAN JACOPO","straatNr":"63","vervoerder":"DPD","puntType":"pickup_point","bezettingsgraad":50,"latitude":43.7300535,"longitude":10.3927082,"canPickup":true,"canDropoff":true,"openingstijden":{"ma":"07:30 - 13:00, 14:30 - 18:30","di":"07:30 - 13:00, 14:30 - 18:30","wo":"07:30 - 13:00, 14:30 - 18:30","do":"07:30 - 13:00, 14:30 - 18:30","vr":"07:30 - 13:00, 14:30 - 18:30","za":"07:30 - 13:00, 14:30 - 18:30","zo":"gesloten"}}},{"type":"Feature","geometry":{"type":"Point","coordinates":[10.42915408,43.71346617]},"properties":{"type":"pakketpunt","locatieNaam":"Tabaccheria Menciassi","straatNaam":"VIA U. VIALE","straatNr":"2","vervoerder":"DPD","puntType":"pickup_point","bezettingsgraad":50,"latitude":43.71346617,"longitude":10.42915408,"canPickup":true,"canDropoff":true,"openingstijden":{"ma":"07:30 - 12:30, 16:00 - 18:30","di":"07:30 - 12:30, 16:00 - 18:30","wo":"07:30 - 12:30, 16:00 - 18:30","do":"07:30 - 12:30, 16:00 - 18:30","vr":"07:30 - 12:30, 16:00 - 18:30","za":"08:00 - 12:30","zo":"gesloten"}}},{"type":"Feature","geometry":{"type":"Point","coordinates":[10.4071454,43.7082639]},"properties":{"type":"pakketpunt","locatieNaam":"Studio Dreamer","straatNaam":"VIA CATTANEO","straatNr":"65","vervoerder":"DPD","puntType":"pickup_point","bezettingsgraad":50,"latitude":43.7082639,"longitude":10.4071454,"canPickup":true,"canDropoff":true,"openingstijden":{"ma":"08:30 - 13:30","di":"08:30 - 13:30","wo":"08:30 - 13:30","do":"08:30 - 13:30","vr":"08:30 - 13:30","za":"gesloten","zo":"gesloten"}}},{"type":"Feature","geometry":{"type":"Point","coordinates":[10.4029913,43.7140845]},"properties":{"type":"pakketpunt","locatieNaam":"Doppio Click Gaming","straatNaam":"VIA SAN MARTINO","straatNr":"57","vervoerder":"DPD","puntType":"pickup_point","bezettingsgraad":50,"latitude":43.7140845,"longitude":10.4029913,"canPickup":true,"canDropoff":true,"openingstijden":{"ma":"gesloten","di":"09:30 - 12:30, 16:00 - 20:00","wo":"09:30 - 12:30, 16:00 - 20:00","do":"09:30 - 12:30, 16:00 - 23:00","vr":"09:30 - 12:30, 16:00 - 23:45","za":"16:00 - 23:45","zo":"17:00 - 23:00"}}},{"type":"Feature","geometry":{"type":"Point","coordinates":[10.281429,43.65905]},"properties":{"type":"pakketpunt","locatieNaam":"BRT LOCKER - Tweener Tennis Via Arn","straatNaam":"VIA ARNINO SN","straatNr":"","vervoerder":"DPD","puntType":"dpd_box","bezettingsgraad":50,"latitude":43.65905,"longitude":10.281429,"canPickup":true,"canDropoff":true,"openingstijden":{"ma":"08:00 - 20:00","di":"08:00 - 20:00","wo":"08:00 - 20:00","do":"08:00 - 20:00","vr":"08:00 - 20:00","za":"08:00 - 18:00","zo":"08:00 - 18:00"}}},{"type":"Feature","geometry":{"type":"Point","coordinates":[10.388266,43.697661]},"properties":{"type":"pakketpunt","locatieNaam":"BRT LOCKER - Top Wash Via Aurelia S","straatNaam":"VIA AURELIA SUD 2 D","straatNr":"","vervoerder":"DPD","puntType":"dpd_box","bezettingsgraad":50,"latitude":43.697661,"longitude":10.388266,"canPickup":true,"canDropoff":true,"openingstijden":{"ma":"00:00 - 23:45","di":"00:00 - 23:45","wo":"00:00 - 23:45","do":"00:00 - 23:45","vr":"00:00 - 23:45","za":"00:00 - 23:45","zo":"00:00 - 23:45"}}},{"type":"Feature","geometry":{"type":"Point","coordinates":[10.4258807,43.7060943]},"properties":{"type":"pakketpunt","locatieNaam":"Tabaccheria Le Piagge","straatNaam":"VIA MACCATELLA","straatNr":"6","vervoerder":"DPD","puntType":"pickup_point","bezettingsgraad":50,"latitude":43.7060943,"longitude":10.4258807,"canPickup":true,"canDropoff":true,"openingstijden":{"ma":"08:00 - 13:00, 15:30 - 19:30","di":"08:00 - 13:00, 15:30 - 19:30","wo":"08:00 - 13:00, 15:30 - 19:30","do":"08:00 - 13:00, 15:30 - 19:30","vr":"08:00 - 13:00, 15:30 - 19:30","za":"08:00 - 13:00, 15:30 - 19:30","zo":"gesloten"}}},{"type":"Feature","geometry":{"type":"Point","coordinates":[10.4020553,43.7179128]},"properties":{"type":"pakketpunt","locatieNaam":"Edicola Costanzi","straatNaam":"VIA BORGO STRETTO","straatNr":"snc","vervoerder":"DPD","puntType":"pickup_point","bezettingsgraad":50,"latitude":43.7179128,"longitude":10.4020553,"canPickup":true,"canDropoff":true,"openingstijden":{"ma":"08:30 - 13:30","di":"08:30 - 13:30","wo":"08:30 - 13:30","do":"08:30 - 13:30","vr":"08:30 - 13:30","za":"08:30 - 13:30","zo":"08:30 - 13:30"}}},{"type":"Feature","geometry":{"type":"Point","coordinates":[10.366892,43.707449]},"properties":{"type":"pakketpunt","locatieNaam":"BRT LOCKER - Padel Hero Pisa Via Ve","straatNaam":"VIA TIZIANO VECCELIO","straatNr":"3","vervoerder":"DPD","puntType":"dpd_box","bezettingsgraad":50,"latitude":43.707449,"longitude":10.366892,"canPickup":true,"canDropoff":true,"openingstijden":{"ma":"09:00 - 23:00","di":"09:00 - 23:00","wo":"09:00 - 23:00","do":"09:00 - 23:00","vr":"09:00 - 23:00","za":"09:00 - 20:00","zo":"09:00 - 20:00"}}},{"type":"Feature","geometry":{"type":"Point","coordinates":[10.401967,43.705276]},"properties":{"type":"pakketpunt","locatieNaam":"TecnoCasa Pisa","straatNaam":"PIAZZA GIUSTI","straatNr":"1","vervoerder":"DPD","puntType":"pickup_point","bezettingsgraad":50,"latitude":43.705276,"longitude":10.401967,"canPickup":true,"canDropoff":true,"openingstijden":{"ma":"09:00 - 13:00, 15:00 - 19:00","di":"09:00 - 13:00, 15:00 - 19:00","wo":"09:00 - 13:00, 15:00 - 19:00","do":"09:00 - 13:00, 15:00 - 19:00","vr":"09:00 - 13:00, 15:00 - 19:00","za":"gesloten","zo":"gesloten"}}},{"type":"Feature","geometry":{"type":"Point","coordinates":[10.37649545,43.70720697]},"properties":{"type":"pakketpunt","locatieNaam":"Erzeni Kafe","straatNaam":"VIA LIVORNESE","straatNr":"132","vervoerder":"DPD","puntType":"pickup_point","bezettingsgraad":50,"latitude":43.70720697,"longitude":10.37649545,"canPickup":true,"canDropoff":true,"openingstijden":{"ma":"10:00 - 13:00, 16:00 - 23:45","di":"10:00 - 13:00, 16:00 - 23:45","wo":"10:00 - 13:00, 16:00 - 23:45","do":"10:00 - 13:00, 16:00 - 23:45","vr":"10:00 - 13:00, 16:00 - 23:45","za":"10:00 - 13:00, 16:00 - 23:45","zo":"10:00 - 13:00, 16:00 - 23:45"}}},{"type":"Feature","geometry":{"type":"Point","coordinates":[10.43091,43.68747]},"properties":{"type":"pakketpunt","locatieNaam":"InPost Locker 24/7","straatNaam":"Via Scornigiana","straatNr":"6","vervoerder":"InPost","puntType":"automaat","bezettingsgraad":50,"latitude":43.68747,"longitude":10.43091,"canPickup":true,"canDropoff":true,"openingstijden":null}},{"type":"Feature","geometry":{"type":"Point","coordinates":[10.27478,43.6701]},"properties":{"type":"pakketpunt","locatieNaam":"InPost Point","straatNaam":"Via Pietro Moriconi","straatNr":"41","vervoerder":"InPost","puntType":"servicepunt","bezettingsgraad":50,"latitude":43.6701,"longitude":10.27478,"canPickup":true,"canDropoff":true,"openingstijden":"Lun-Ven: 8:00 - 13:00 - 15:30 - 19:30 Sab: 8:00 - 13:00"}},{"type":"Feature","geometry":{"type":"Point","coordinates":[10.42921,43.71348]},"properties":{"type":"pakketpunt","locatieNaam":"InPost Point","straatNaam":"Via Umberto Viale","straatNr":"2","vervoerder":"InPost","puntType":"servicepunt","bezettingsgraad":50,"latitude":43.71348,"longitude":10.42921,"canPickup":true,"canDropoff":true,"openingstijden":"Lun-ven: 7:30 - 12:30 - 16:00 - 19:00  Sab: 8.00 - 12:30"}},{"type":"Feature","geometry":{"type":"Point","coordinates":[10.40059,43.73514]},"properties":{"type":"pakketpunt","locatieNaam":"InPost Locker 24/7","straatNaam":"Via XXIV Maggio","straatNr":"135","vervoerder":"InPost","puntType":"automaat","bezettingsgraad":50,"latitude":43.73514,"longitude":10.40059,"canPickup":true,"canDropoff":true,"openingstijden":null}},{"type":"Feature","geometry":{"type":"Point","coordinates":[10.39162,43.72192]},"properties":{"type":"pakketpunt","locatieNaam":"InPost Locker 24/7","straatNaam":"Via Bonanno Pisano","straatNr":"107","vervoerder":"InPost","puntType":"automaat","bezettingsgraad":50,"latitude":43.72192,"longitude":10.39162,"canPickup":true,"canDropoff":true,"openingstijden":null}},{"type":"Feature","geometry":{"type":"Point","coordinates":[10.42542,43.68283]},"properties":{"type":"pakketpunt","locatieNaam":"","straatNaam":"SS 206","straatNr":"Km 43+245","vervoerder":"InPost","puntType":"automaat","bezettingsgraad":50,"latitude":43.68283,"longitude":10.42542,"canPickup":true,"canDropoff":true,"openingstijden":null}},{"type":"Feature","geometry":{"type":"Point","coordinates":[10.38265,43.73675]},"properties":{"type":"pakketpunt","locatieNaam":"InPost Locker 24/7","straatNaam":"Via Pietrasantina","straatNr":"169","vervoerder":"InPost","puntType":"automaat","bezettingsgraad":50,"latitude":43.73675,"longitude":10.38265,"canPickup":true,"canDropoff":true,"openingstijden":null}},{"type":"Feature","geometry":{"type":"Point","coordinates":[10.38859,43.71094]},"properties":{"type":"pakketpunt","locatieNaam":"InPost Locker 24/7","straatNaam":"Via Conte Fazio","straatNr":"28","vervoerder":"InPost","puntType":"automaat","bezettingsgraad":50,"latitude":43.71094,"longitude":10.38859,"canPickup":true,"canDropoff":true,"openingstijden":null}},{"type":"Feature","geometry":{"type":"Point","coordinates":[10.37875,43.71131]},"properties":{"type":"pakketpunt","locatieNaam":"InPost Locker 24/7","straatNaam":"Via della Fossa Ducaria","straatNr":"snc","vervoerder":"InPost","puntType":"automaat","bezettingsgraad":50,"latitude":43.71131,"longitude":10.37875,"canPickup":true,"canDropoff":true,"openingstijden":null}},{"type":"Feature","geometry":{"type":"Point","coordinates":[10.37414,43.71265]},"properties":{"type":"pakketpunt","locatieNaam":"InPost Locker 24/7","straatNaam":"via G. Rossini","straatNr":"snc","vervoerder":"InPost","puntType":"automaat","bezettingsgraad":50,"latitude":43.71265,"longitude":10.37414,"canPickup":true,"canDropoff":true,"openingstijden":null}},{"type":"Feature","geometry":{"type":"Point","coordinates":[10.39015,43.72501]},"properties":{"type":"pakketpunt","locatieNaam":"InPost Locker","straatNaam":"Viale Delle Cascine","straatNr":"26","vervoerder":"InPost","puntType":"automaat","bezettingsgraad":50,"latitude":43.72501,"longitude":10.39015,"canPickup":true,"canDropoff":true,"openingstijden":null}},{"type":"Feature","geometry":{"type":"Point","coordinates":[10.44747,43.69631]},"properties":{"type":"pakketpunt","locatieNaam":"InPost Locker 24/7","straatNaam":"Via Calatafimi","straatNr":"7","vervoerder":"InPost","puntType":"automaat","bezettingsgraad":50,"latitude":43.69631,"longitude":10.44747,"canPickup":true,"canDropoff":true,"openingstijden":null}},{"type":"Feature","geometry":{"type":"Point","coordinates":[10.37148,43.711]},"properties":{"type":"pakketpunt","locatieNaam":"InPost Locker","straatNaam":"Piazza Papa Giovanni XXIII","straatNr":"Snc","vervoerder":"InPost","puntType":"automaat","bezettingsgraad":50,"latitude":43.711,"longitude":10.37148,"canPickup":true,"canDropoff":true,"openingstijden":null}},{"type":"Feature","geometry":{"type":"Point","coordinates":[10.28192,43.65919]},"properties":{"type":"pakketpunt","locatieNaam":"InPost Locker 24/7","straatNaam":"Via Arnino","straatNr":"2","vervoerder":"InPost","puntType":"automaat","bezettingsgraad":50,"latitude":43.65919,"longitude":10.28192,"canPickup":true,"canDropoff":true,"openingstijden":null}},{"type":"Feature","geometry":{"type":"Point","coordinates":[10.41041,43.72114]},"properties":{"type":"pakketpunt","locatieNaam":"InPost Locker 24/7","straatNaam":"Via Vittorio Veneto","straatNr":"14","vervoerder":"InPost","puntType":"automaat","bezettingsgraad":50,"latitude":43.72114,"longitude":10.41041,"canPickup":true,"canDropoff":true,"openingstijden":null}},{"type":"Feature","geometry":{"type":"Point","coordinates":[10.44198,43.71091]},"properties":{"type":"pakketpunt","locatieNaam":"InPost Locker 24/7","straatNaam":"Via Monsignor Aristo Manghi","straatNr":"10","vervoerder":"InPost","puntType":"automaat","bezettingsgraad":50,"latitude":43.71091,"longitude":10.44198,"canPickup":true,"canDropoff":true,"openingstijden":null}},{"type":"Feature","geometry":{"type":"Point","coordinates":[10.43576,43.70542]},"properties":{"type":"pakketpunt","locatieNaam":"PISA","straatNaam":"Via San Pio da Pietrelcina","straatNr":"6","vervoerder":"InPost","puntType":"automaat","bezettingsgraad":50,"latitude":43.70542,"longitude":10.43576,"canPickup":true,"canDropoff":true,"openingstijden":"24/7"}},{"type":"Feature","geometry":{"type":"Point","coordinates":[10.29174,43.62797]},"properties":{"type":"pakketpunt","locatieNaam":"InPost Point","straatNaam":"Viale del Tirreno","straatNr":"139","vervoerder":"InPost","puntType":"servicepunt","bezettingsgraad":50,"latitude":43.62797,"longitude":10.29174,"canPickup":true,"canDropoff":true,"openingstijden":"Lun-Dom: 6:00 - 13:00 - 15:30 - 19:00"}},{"type":"Feature","geometry":{"type":"Point","coordinates":[10.39835,43.70985]},"properties":{"type":"pakketpunt","locatieNaam":"InPost Point","straatNaam":"Viale Antonio Gramsci","straatNr":"8","vervoerder":"InPost","puntType":"servicepunt","bezettingsgraad":50,"latitude":43.70985,"longitude":10.39835,"canPickup":true,"canDropoff":true,"openingstijden":"Lun-Ven: 08:00 - 20:00 - Sab: 08:30 - 20:00"}},{"type":"Feature","geometry":{"type":"Point","coordinates":[10.39123,43.71172]},"properties":{"type":"pakketpunt","locatieNaam":"InPost Point","straatNaam":"Via Porta a Mare","straatNr":"12","vervoerder":"InPost","puntType":"servicepunt","bezettingsgraad":50,"latitude":43.71172,"longitude":10.39123,"canPickup":true,"canDropoff":true,"openingstijden":"Lun-Sab: 08:30 - 13:00 - 15:30 - 20:00"}},{"type":"Feature","geometry":{"type":"Point","coordinates":[10.4124,43.71567]},"properties":{"type":"pakketpunt","locatieNaam":"InPost Point","straatNaam":"Via Garibaldi","straatNr":"87","vervoerder":"InPost","puntType":"servicepunt","bezettingsgraad":50,"latitude":43.71567,"longitude":10.4124,"canPickup":true,"canDropoff":true,"openingstijden":"Lun-Sab: 07:30 - 13:30 - 15:30 - 20:00"}},{"type":"Feature","geometry":{"type":"Point","coordinates":[10.41487,43.71426]},"properties":{"type":"pakketpunt","locatieNaam":"InPost Point","straatNaam":"Piazza Bartolo Da Sassoferrato","straatNr":"snc","vervoerder":"InPost","puntType":"servicepunt","bezettingsgraad":50,"latitude":43.71426,"longitude":10.41487,"canPickup":true,"canDropoff":true,"openingstijden":"Lun-Ven: 09:00 - 13:00 - 15:00 - 18:00"}},{"type":"Feature","geometry":{"type":"Point","coordinates":[10.34812,43.67978]},"properties":{"type":"pakketpunt","locatieNaam":"InPost Point","straatNaam":"Via Livornese","straatNr":"1179","vervoerder":"InPost","puntType":"servicepunt","bezettingsgraad":50,"latitude":43.67978,"longitude":10.34812,"canPickup":true,"canDropoff":true,"openingstijden":"Lun-Ven: 06:30 - 13:00 - 15:30 - 19:00 Sab: 06:30 - 13:00"}},{"type":"Feature","geometry":{"type":"Point","coordinates":[10.40099,43.73665]},"properties":{"type":"pakketpunt","locatieNaam":"InPost Point","straatNaam":"Via XXIV Maggio","straatNr":"88","vervoerder":"InPost","puntType":"servicepunt","bezettingsgraad":50,"latitude":43.73665,"longitude":10.40099,"canPickup":true,"canDropoff":true,"openingstijden":"Lun-Ven: 07:30 - 13:00 - 15:30 - 19:00 Sab: 08:30 - 12:30"}},{"type":"Feature","geometry":{"type":"Point","coordinates":[10.44795,43.69701]},"properties":{"type":"pakketpunt","locatieNaam":"InPost Point","straatNaam":"Via Renello Gemignani","straatNr":"13","vervoerder":"InPost","puntType":"servicepunt","bezettingsgraad":50,"latitude":43.69701,"longitude":10.44795,"canPickup":true,"canDropoff":true,"openingstijden":"Lun-Ven: 09:00 - 13:00 - 16:00 - 19:00"}},{"type":"Feature","geometry":{"type":"Point","coordinates":[10.39872,43.71251]},"properties":{"type":"pakketpunt","locatieNaam":"InPost Point","straatNaam":"Via Massimo D'Azeglio","straatNr":"1","vervoerder":"InPost","puntType":"servicepunt","bezettingsgraad":50,"latitude":43.71251,"longitude":10.39872,"canPickup":true,"canDropoff":true,"openingstijden":"Lun-ven: 08:00 - 13:30 - 17:00 - 20:00 - Sab: 08:00 - 13:30"}},{"type":"Feature","geometry":{"type":"Point","coordinates":[10.39271,43.73005]},"properties":{"type":"pakketpunt","locatieNaam":"InPost Point","straatNaam":"Via San Iacopo","straatNr":"63","vervoerder":"InPost","puntType":"servicepunt","bezettingsgraad":50,"latitude":43.73005,"longitude":10.39271,"canPickup":true,"canDropoff":true,"openingstijden":"Lun-Sab: 07:30 - 13:00 - 15:30 - 19:30"}},{"type":"Feature","geometry":{"type":"Point","coordinates":[10.43304,43.7074]},"properties":{"type":"pakketpunt","locatieNaam":"InPost Point","straatNaam":"Via Cisanello","straatNr":"170","vervoerder":"InPost","puntType":"servicepunt","bezettingsgraad":50,"latitude":43.7074,"longitude":10.43304,"canPickup":true,"canDropoff":true,"openingstijden":"Lun-Ven: 07:00 - 18:30"}},{"type":"Feature","geometry":{"type":"Point","coordinates":[10.39966,43.71786]},"properties":{"type":"pakketpunt","locatieNaam":"InPost Point","straatNaam":"Piazza San Frediano","straatNr":"4","vervoerder":"InPost","puntType":"servicepunt","bezettingsgraad":50,"latitude":43.71786,"longitude":10.39966,"canPickup":true,"canDropoff":true,"openingstijden":"Lun-Sab: 08:00 - 19:30"}},{"type":"Feature","geometry":{"type":"Point","coordinates":[10.41367,43.69875]},"properties":{"type":"pakketpunt","locatieNaam":"InPost Point","straatNaam":"Via Emilia","straatNr":"173","vervoerder":"InPost","puntType":"servicepunt","bezettingsgraad":50,"latitude":43.69875,"longitude":10.41367,"canPickup":true,"canDropoff":true,"openingstijden":"Lun-Ven: 09:00 - 12:00 - 15:30 - 18:00 Sab: 09:00 - 12:00"}},{"type":"Feature","geometry":{"type":"Point","coordinates":[10.40131,43.71484]},"properties":{"type":"pakketpunt","locatieNaam":"InPost Point","straatNaam":"Corso Italia","straatNr":"1","vervoerder":"InPost","puntType":"servicepunt","bezettingsgraad":50,"latitude":43.71484,"longitude":10.40131,"canPickup":true,"canDropoff":true,"openingstijden":"Lun-Ven: 09:00  - 20:00 Sab: 09:00 - 13:00 - 16:00 - 20:00"}},{"type":"Feature","geometry":{"type":"Point","coordinates":[10.41347,43.7084]},"properties":{"type":"pakketpunt","locatieNaam":"InPost Point","straatNaam":"Via Guglielmo Agnelli","straatNr":"4","vervoerder":"InPost","puntType":"servicepunt","bezettingsgraad":50,"latitude":43.7084,"longitude":10.41347,"canPickup":true,"canDropoff":true,"openingstijden":"Lun-Ven: 09:00 - 18:30"}},{"type":"Feature","geometry":{"type":"Point","coordinates":[10.2762034,43.6669194]},"properties":{"type":"pakketpunt","locatieNaam":"Carlo Musto Parrucchieri","straatNaam":"Via Pietro Moriconi","straatNr":"84","vervoerder":"GLS","puntType":"parcel_shop","bezettingsgraad":50,"latitude":43.6669194,"longitude":10.2762034,"canPickup":true,"canDropoff":true,"openingstijden":"za: 09:00 - 13:00, 13:00 - 18:00; di: 09:00 - 13:00, 15:00 - 19:00"}},{"type":"Feature","geometry":{"type":"Point","coordinates":[10.275029,43.668526]},"properties":{"type":"pakketpunt","locatieNaam":"Edicola cartoleria di Bartoli Michele","straatNaam":"Piazza Gorgona","straatNr":"6","vervoerder":"GLS","puntType":"parcel_shop","bezettingsgraad":50,"latitude":43.668526,"longitude":10.275029,"canPickup":true,"canDropoff":true,"openingstijden":"za: 08:00 - 13:30, 16:00 - 19:00; zo: 08:00 - 13:30"}},{"type":"Feature","geometry":{"type":"Point","coordinates":[10.4404481385,43.6760994905]},"properties":{"type":"pakketpunt","locatieNaam":"Kamelì laboratorio cosmetico","straatNaam":"Via Ragghianti Carlo Ludovico","straatNr":"14","vervoerder":"GLS","puntType":"parcel_shop","bezettingsgraad":50,"latitude":43.6760994905,"longitude":10.4404481385,"canPickup":true,"canDropoff":true,"openingstijden":"ma: 09:30 - 16:30; di: 09:30 - 16:30"}},{"type":"Feature","geometry":{"type":"Point","coordinates":[10.4399794,43.705137]},"properties":{"type":"pakketpunt","locatieNaam":"Zeus Sigarette elettroniche Pisa - Cisanello ","straatNaam":"Via Italo Bargagna","straatNr":"58","vervoerder":"GLS","puntType":"parcel_shop","bezettingsgraad":50,"latitude":43.705137,"longitude":10.4399794,"canPickup":true,"canDropoff":true,"openingstijden":"za: 09:00 - 13:00, 15:30 - 20:00; ma: 09:00 - 13:00, 15:30 - 20:00"}},{"type":"Feature","geometry":{"type":"Point","coordinates":[10.4341372567,43.7071983531]},"properties":{"type":"pakketpunt","locatieNaam":"STAZIONE ENI DI PAOLINELLI TEAM","straatNaam":"Via Cisanello","straatNr":"170","vervoerder":"GLS","puntType":"parcel_shop","bezettingsgraad":50,"latitude":43.7071983531,"longitude":10.4341372567,"canPickup":true,"canDropoff":true,"openingstijden":"ma: 07:00 - 18:30; di: 07:00 - 18:30"}},{"type":"Feature","geometry":{"type":"Point","coordinates":[10.3841053643,43.7087872418]},"properties":{"type":"pakketpunt","locatieNaam":"Zeus Sigarette Elettroniche - Pisa Porta a Mare ","straatNaam":"Via Livornese","straatNr":"22","vervoerder":"GLS","puntType":"parcel_shop","bezettingsgraad":50,"latitude":43.7087872418,"longitude":10.3841053643,"canPickup":true,"canDropoff":true,"openingstijden":"za: 09:00 - 13:00, 15:30 - 20:00; ma: 09:00 - 13:00, 15:30 - 20:00"}},{"type":"Feature","geometry":{"type":"Point","coordinates":[10.4002552792,43.710465]},"properties":{"type":"pakketpunt","locatieNaam":"LIBRERIA ATHENA","straatNaam":"Via Benedetto Croce","straatNr":"55","vervoerder":"GLS","puntType":"parcel_shop","bezettingsgraad":50,"latitude":43.710465,"longitude":10.4002552792,"canPickup":true,"canDropoff":true,"openingstijden":"za: 10:00 - 13:00; ma: 10:00 - 13:00, 16:00 - 19:00"}},{"type":"Feature","geometry":{"type":"Point","coordinates":[10.3961355,43.7122983]},"properties":{"type":"pakketpunt","locatieNaam":"Da Claudino Pane e Vino","straatNaam":"Via Massimo D'Azeglio","straatNr":"1","vervoerder":"GLS","puntType":"parcel_shop","bezettingsgraad":50,"latitude":43.7122983,"longitude":10.3961355,"canPickup":true,"canDropoff":true,"openingstijden":"za: 08:15 - 13:15, 17:00 - 20:00; ma: 08:15 - 13:15, 17:00 - 20:00"}},{"type":"Feature","geometry":{"type":"Point","coordinates":[10.4041782962,43.7136032421]},"properties":{"type":"pakketpunt","locatieNaam":"Tiare' Pisa","straatNaam":"Via San Martino","straatNr":"15","vervoerder":"GLS","puntType":"parcel_shop","bezettingsgraad":50,"latitude":43.7136032421,"longitude":10.4041782962,"canPickup":true,"canDropoff":true,"openingstijden":"za: 10:00 - 13:00, 16:00 - 19:30; ma: 16:00 - 19:30"}},{"type":"Feature","geometry":{"type":"Point","coordinates":[10.3322403,43.7139721]},"properties":{"type":"pakketpunt","locatieNaam":"Postini Pisani","straatNaam":"Via Pasquale Landi","straatNr":"8","vervoerder":"GLS","puntType":"parcel_shop","bezettingsgraad":50,"latitude":43.7139721,"longitude":10.3322403,"canPickup":true,"canDropoff":true,"openingstijden":"ma: 10:00 - 13:00, 15:00 - 18:00; di: 10:00 - 13:00, 15:00 - 18:00"}},{"type":"Feature","geometry":{"type":"Point","coordinates":[10.3973455,43.7172718]},"properties":{"type":"pakketpunt","locatieNaam":"Pisapharma Parafarmacia","straatNaam":"Via Curtatone E Montanara","straatNr":"12","vervoerder":"GLS","puntType":"parcel_shop","bezettingsgraad":50,"latitude":43.7172718,"longitude":10.3973455,"canPickup":true,"canDropoff":true,"openingstijden":"ma: 09:00 - 13:45, 14:15 - 16:00; di: 09:00 - 13:45, 14:15 - 16:00"}},{"type":"Feature","geometry":{"type":"Point","coordinates":[10.4102181374,43.7212318639]},"properties":{"type":"pakketpunt","locatieNaam":"Zeus Sigarette Elettroniche Pisa - Centro","straatNaam":"Via Vittorio Veneto","straatNr":"23","vervoerder":"GLS","puntType":"parcel_shop","bezettingsgraad":50,"latitude":43.7212318639,"longitude":10.4102181374,"canPickup":true,"canDropoff":true,"openingstijden":"za: 09:00 - 13:00, 15:30 - 20:00; ma: 09:00 - 13:00, 15:30 - 20:00"}},{"type":"Feature","geometry":{"type":"Point","coordinates":[10.4325442,43.6787359]},"properties":{"type":"pakketpunt","locatieNaam":"01 MOTORI","straatNaam":"Via Padre Eugenio Barsanti","straatNr":"2","vervoerder":"GLS","puntType":"parcel_shop","bezettingsgraad":50,"latitude":43.6787359,"longitude":10.4325442,"canPickup":true,"canDropoff":true,"openingstijden":"ma: 08:30 - 12:30, 14:30 - 19:00; di: 08:30 - 12:30, 14:30 - 19:00"}},{"type":"Feature","geometry":{"type":"Point","coordinates":[10.3481565,43.67962]},"properties":{"type":"pakketpunt","locatieNaam":"L'edicola di zanni fabio","straatNaam":"Via Livornese","straatNr":"1179","vervoerder":"GLS","puntType":"parcel_shop","bezettingsgraad":50,"latitude":43.67962,"longitude":10.3481565,"canPickup":true,"canDropoff":true,"openingstijden":"za: 06:30 - 13:00; zo: 07:00 - 12:30"}},{"type":"Feature","geometry":{"type":"Point","coordinates":[10.4479275,43.6937215]},"properties":{"type":"pakketpunt","locatieNaam":"CARTOLERIA MERCERIA LUCIA","straatNaam":"Via Caprera","straatNr":"59","vervoerder":"GLS","puntType":"parcel_shop","bezettingsgraad":50,"latitude":43.6937215,"longitude":10.4479275,"canPickup":true,"canDropoff":true,"openingstijden":"za: 08:00 - 13:00; ma: 08:00 - 13:00, 16:00 - 19:00"}},{"type":"Feature","geometry":{"type":"Point","coordinates":[10.4476357,43.6964625]},"properties":{"type":"pakketpunt","locatieNaam":"non solo tabacchi","straatNaam":"Via Fiorentina","straatNr":"414","vervoerder":"GLS","puntType":"parcel_shop","bezettingsgraad":50,"latitude":43.6964625,"longitude":10.4476357,"canPickup":true,"canDropoff":true,"openingstijden":"za: 08:00 - 13:00; ma: 08:00 - 13:00, 15:00 - 19:00"}},{"type":"Feature","geometry":{"type":"Point","coordinates":[10.4478253,43.6966732]},"properties":{"type":"pakketpunt","locatieNaam":"SPEEDY POST","straatNaam":"Via Renello Gemignani","straatNr":"13","vervoerder":"GLS","puntType":"parcel_shop","bezettingsgraad":50,"latitude":43.6966732,"longitude":10.4478253,"canPickup":true,"canDropoff":true,"openingstijden":"za: 09:00 - 13:00; ma: 09:00 - 13:00, 15:00 - 19:00"}},{"type":"Feature","geometry":{"type":"Point","coordinates":[10.4136414,43.6985748]},"properties":{"type":"pakketpunt","locatieNaam":"QUIPOSTE","straatNaam":"Via Emilia","straatNr":"173","vervoerder":"GLS","puntType":"parcel_shop","bezettingsgraad":50,"latitude":43.6985748,"longitude":10.4136414,"canPickup":true,"canDropoff":true,"openingstijden":"ma: 09:00 - 12:00, 15:30 - 18:00; di: 09:00 - 12:00, 15:30 - 18:00"}},{"type":"Feature","geometry":{"type":"Point","coordinates":[10.4070374,43.7015609]},"properties":{"type":"pakketpunt","locatieNaam":"CARTOLERIA EDICOLA IL CAPPELLAIO MATTO","straatNaam":"Via Leopoldo Pilla","straatNr":"72","vervoerder":"GLS","puntType":"parcel_shop","bezettingsgraad":50,"latitude":43.7015609,"longitude":10.4070374,"canPickup":true,"canDropoff":true,"openingstijden":"za: 08:00 - 12:30; ma: 08:00 - 12:00, 16:00 - 19:00"}},{"type":"Feature","geometry":{"type":"Point","coordinates":[10.4259174,43.7059934]},"properties":{"type":"pakketpunt","locatieNaam":"Tabaccheria Le Piagge","straatNaam":"Via Maccatella","straatNr":"6/8","vervoerder":"GLS","puntType":"parcel_shop","bezettingsgraad":50,"latitude":43.7059934,"longitude":10.4259174,"canPickup":true,"canDropoff":true,"openingstijden":"za: 08:00 - 13:00, 15:30 - 19:30; ma: 08:00 - 13:00, 15:30 - 19:30"}},{"type":"Feature","geometry":{"type":"Point","coordinates":[10.37302,43.71041]},"properties":{"type":"pakketpunt","locatieNaam":"creativa cartoleria hobby idee regalo","straatNaam":"Via Michelangelo","straatNr":"24","vervoerder":"GLS","puntType":"parcel_shop","bezettingsgraad":50,"latitude":43.71041,"longitude":10.37302,"canPickup":true,"canDropoff":true,"openingstijden":"ma: 09:00 - 13:00, 16:00 - 19:00; di: 09:00 - 13:00, 16:00 - 19:00"}},{"type":"Feature","geometry":{"type":"Point","coordinates":[10.3912239,43.7114834]},"properties":{"type":"pakketpunt","locatieNaam":"TABACCHI Fumi e Profumi","straatNaam":"Via Porta A Mare","straatNr":"12","vervoerder":"GLS","puntType":"parcel_shop","bezettingsgraad":50,"latitude":43.7114834,"longitude":10.3912239,"canPickup":true,"canDropoff":true,"openingstijden":"za: 08:30 - 13:00, 15:30 - 20:00; ma: 08:30 - 13:00, 15:30 - 20:00"}},{"type":"Feature","geometry":{"type":"Point","coordinates":[10.3722169,43.7117394]},"properties":{"type":"pakketpunt","locatieNaam":"Edicola Fontanelli","straatNaam":"Piazzale Donatello","straatNr":"snc","vervoerder":"GLS","puntType":"parcel_shop","bezettingsgraad":50,"latitude":43.7117394,"longitude":10.3722169,"canPickup":true,"canDropoff":true,"openingstijden":"za: 06:30 - 13:00; zo: 07:00 - 13:00"}},{"type":"Feature","geometry":{"type":"Point","coordinates":[10.414641,43.7140017]},"properties":{"type":"pakketpunt","locatieNaam":"Postini Pisani","straatNaam":"Via Pasquale Landi","straatNr":"8","vervoerder":"GLS","puntType":"parcel_shop","bezettingsgraad":50,"latitude":43.7140017,"longitude":10.414641,"canPickup":true,"canDropoff":true,"openingstijden":"ma: 09:00 - 13:00, 15:00 - 18:00; di: 09:00 - 13:00, 15:00 - 18:00"}},{"type":"Feature","geometry":{"type":"Point","coordinates":[10.4141553,43.7142796]},"properties":{"type":"pakketpunt","locatieNaam":"POSTINI.PISANI","straatNaam":"Via Pasquale Landi","straatNr":"8","vervoerder":"GLS","puntType":"parcel_shop","bezettingsgraad":50,"latitude":43.7142796,"longitude":10.4141553,"canPickup":true,"canDropoff":true,"openingstijden":"ma: 09:00 - 13:00, 15:00 - 18:00; di: 09:00 - 13:00, 15:00 - 18:00"}},{"type":"Feature","geometry":{"type":"Point","coordinates":[10.4123593,43.7155768]},"properties":{"type":"pakketpunt","locatieNaam":"tabacchi acerbi","straatNaam":"Via Garibaldi","straatNr":"87","vervoerder":"GLS","puntType":"parcel_shop","bezettingsgraad":50,"latitude":43.7155768,"longitude":10.4123593,"canPickup":true,"canDropoff":true,"openingstijden":"za: 07:30 - 13:30, 15:30 - 20:00; ma: 07:30 - 13:30, 15:30 - 20:00"}},{"type":"Feature","geometry":{"type":"Point","coordinates":[10.4228958,43.7161143]},"properties":{"type":"pakketpunt","locatieNaam":"Livit Casa","straatNaam":"Via Francesco Carnelutti","straatNr":"1","vervoerder":"GLS","puntType":"parcel_shop","bezettingsgraad":50,"latitude":43.7161143,"longitude":10.4228958,"canPickup":true,"canDropoff":true,"openingstijden":"za: 09:00 - 20:00; zo: 09:00 - 20:00"}},{"type":"Feature","geometry":{"type":"Point","coordinates":[10.4024798,43.7183628]},"properties":{"type":"pakketpunt","locatieNaam":"LA GALLERIA DEL DISCO","straatNaam":"Via San Francesco","straatNr":"96","vervoerder":"GLS","puntType":"parcel_shop","bezettingsgraad":50,"latitude":43.7183628,"longitude":10.4024798,"canPickup":true,"canDropoff":true,"openingstijden":"za: 09:30 - 19:30; ma: 09:30 - 19:30"}},{"type":"Feature","geometry":{"type":"Point","coordinates":[10.4037577,43.7196681]},"properties":{"type":"pakketpunt","locatieNaam":"smokin","straatNaam":"Via San Lorenzo","straatNr":"47","vervoerder":"GLS","puntType":"parcel_shop","bezettingsgraad":50,"latitude":43.7196681,"longitude":10.4037577,"canPickup":true,"canDropoff":true,"openingstijden":"za: 09:00 - 13:00, 16:00 - 20:00; ma: 09:00 - 13:00, 16:00 - 20:00"}},{"type":"Feature","geometry":{"type":"Point","coordinates":[10.3901262,43.7249966]},"properties":{"type":"pakketpunt","locatieNaam":"Centro stampa faccini","straatNaam":"Viale Delle Cascine","straatNr":"26","vervoerder":"GLS","puntType":"parcel_shop","bezettingsgraad":50,"latitude":43.7249966,"longitude":10.3901262,"canPickup":true,"canDropoff":true,"openingstijden":"ma: 09:00 - 12:30, 15:00 - 18:00; di: 09:00 - 12:30, 15:00 - 18:00"}},{"type":"Feature","geometry":{"type":"Point","coordinates":[10.4041152,43.7267886]},"properties":{"type":"pakketpunt","locatieNaam":"riusiamo mercatino dell'usato chic","straatNaam":"Largo S.Arieti","straatNr":"9/10","vervoerder":"GLS","puntType":"parcel_shop","bezettingsgraad":50,"latitude":43.7267886,"longitude":10.4041152,"canPickup":true,"canDropoff":true,"openingstijden":"za: 10:00 - 13:00; ma: 10:00 - 13:00"}},{"type":"Feature","geometry":{"type":"Point","coordinates":[10.3980022,43.7277739]},"properties":{"type":"pakketpunt","locatieNaam":"CANTINA DEI SOGNI","straatNaam":"Via Piero Gobetti","straatNr":"23","vervoerder":"GLS","puntType":"parcel_shop","bezettingsgraad":50,"latitude":43.7277739,"longitude":10.3980022,"canPickup":true,"canDropoff":true,"openingstijden":"za: 09:00 - 13:00; ma: 09:00 - 12:30, 16:00 - 19:00"}},{"type":"Feature","geometry":{"type":"Point","coordinates":[10.291683,43.626071]},"properties":{"type":"pakketpunt","locatieNaam":"Ufficio Postale TIRRENIA","straatNaam":"VIALE DEL TIRRENO 169-A","straatNr":"","vervoerder":"DHL","puntType":"postOffice","bezettingsgraad":50,"latitude":43.626071,"longitude":10.291683,"canPickup":true,"canDropoff":true,"openingstijden":{"ma":"08:20 - 13:45","di":"08:20 - 13:45","wo":"08:20 - 13:45","do":"08:20 - 13:45","vr":"08:20 - 13:45","za":"08:20 - 12:45","zo":"gesloten"}}},{"type":"Feature","geometry":{"type":"Point","coordinates":[10.291666,43.627647]},"properties":{"type":"pakketpunt","locatieNaam":"IL BIRILLO TIRRENIA","straatNaam":"Via Del Tirreno 139","straatNr":"","vervoerder":"DHL","puntType":"parcelShop","bezettingsgraad":50,"latitude":43.627647,"longitude":10.291666,"canPickup":false,"canDropoff":true,"openingstijden":{"ma":"08:00 - 19:30","di":"08:00 - 19:30","wo":"08:00 - 19:30","do":"08:00 - 19:30","vr":"08:00 - 19:30","za":"08:00 - 19:30","zo":"gesloten"}}},{"type":"Feature","geometry":{"type":"Point","coordinates":[10.27458,43.66851]},"properties":{"type":"pakketpunt","locatieNaam":"TABACCHERIA N. 60","straatNaam":"VIA DELLA REPUBBLICA PISANA 45-A","straatNr":"","vervoerder":"DHL","puntType":"parcelShop","bezettingsgraad":50,"latitude":43.66851,"longitude":10.27458,"canPickup":true,"canDropoff":true,"openingstijden":{"ma":"gesloten","di":"07:00 - 13:00, 15:30 - 19:30","wo":"gesloten","do":"07:00 - 13:00, 15:30 - 19:30","vr":"07:00 - 13:00, 15:30 - 19:30","za":"07:00 - 13:00, 15:30 - 19:30","zo":"07:00 - 13:00, 15:30 - 19:30"}}},{"type":"Feature","geometry":{"type":"Point","coordinates":[10.275885,43.667861]},"properties":{"type":"pakketpunt","locatieNaam":"IL BIRILLO","straatNaam":"Via Pietro Moriconi 41","straatNr":"","vervoerder":"DHL","puntType":"parcelShop","bezettingsgraad":50,"latitude":43.667861,"longitude":10.275885,"canPickup":false,"canDropoff":true,"openingstijden":{"ma":"gesloten","di":"09:00 - 18:30","wo":"09:00 - 18:30","do":"09:00 - 18:30","vr":"09:00 - 18:30","za":"09:00 - 18:30","zo":"gesloten"}}},{"type":"Feature","geometry":{"type":"Point","coordinates":[10.275264,43.66855]},"properties":{"type":"pakketpunt","locatieNaam":"Ufficio Postale MARINA DI PISA","straatNaam":"PIAZZA GORGONA 8","straatNr":"","vervoerder":"DHL","puntType":"postOffice","bezettingsgraad":50,"latitude":43.66855,"longitude":10.275264,"canPickup":true,"canDropoff":true,"openingstijden":{"ma":"08:20 - 13:45","di":"08:20 - 13:45","wo":"08:20 - 13:45","do":"08:20 - 13:45","vr":"08:20 - 13:45","za":"08:20 - 12:45","zo":"gesloten"}}},{"type":"Feature","geometry":{"type":"Point","coordinates":[10.273317,43.674863]},"properties":{"type":"pakketpunt","locatieNaam":"TABACCHERIA N. 73","straatNaam":"VIA MAIORCA 81-A","straatNr":"","vervoerder":"DHL","puntType":"parcelShop","bezettingsgraad":50,"latitude":43.674863,"longitude":10.273317,"canPickup":true,"canDropoff":true,"openingstijden":{"ma":"07:30 - 13:00, 17:00 - 19:30","di":"07:30 - 13:00, 17:00 - 19:30","wo":"07:30 - 13:00, 17:00 - 19:30","do":"gesloten","vr":"07:30 - 13:00, 17:00 - 19:30","za":"07:30 - 13:00, 17:00 - 19:30","zo":"07:30 - 13:00"}}},{"type":"Feature","geometry":{"type":"Point","coordinates":[10.366689,43.707468]},"properties":{"type":"pakketpunt","locatieNaam":"CENTRO SPORTIVO - PADEL HER","straatNaam":"VIA TIZIANO VECELLIO 3","straatNr":"","vervoerder":"DHL","puntType":"packStation","bezettingsgraad":50,"latitude":43.707468,"longitude":10.366689,"canPickup":true,"canDropoff":true,"openingstijden":{"ma":"09:00 - 23:45","di":"09:00 - 23:45","wo":"09:00 - 23:45","do":"09:00 - 23:45","vr":"09:00 - 23:45","za":"09:00 - 21:00","zo":"09:00 - 21:00"}}},{"type":"Feature","geometry":{"type":"Point","coordinates":[10.372172,43.711226]},"properties":{"type":"pakketpunt","locatieNaam":"TABACCHERIA N. 107","straatNaam":"VIALE MICHELANGELO 5","straatNr":"","vervoerder":"DHL","puntType":"parcelShop","bezettingsgraad":50,"latitude":43.711226,"longitude":10.372172,"canPickup":true,"canDropoff":true,"openingstijden":{"ma":"06:45 - 12:45, 15:30 - 19:30","di":"06:45 - 12:45, 15:30 - 19:30","wo":"06:45 - 12:45, 15:30 - 19:30","do":"06:45 - 12:45, 15:30 - 19:30","vr":"06:45 - 12:45, 15:30 - 19:30","za":"06:45 - 12:45, 15:30 - 19:30","zo":"gesloten"}}},{"type":"Feature","geometry":{"type":"Point","coordinates":[10.371048,43.71466]},"properties":{"type":"pakketpunt","locatieNaam":"Ufficio Postale PISA 6","straatNaam":"VIA DELLE LENZE 61","straatNr":"","vervoerder":"DHL","puntType":"postOffice","bezettingsgraad":50,"latitude":43.71466,"longitude":10.371048,"canPickup":true,"canDropoff":true,"openingstijden":{"ma":"08:20 - 13:35","di":"08:20 - 13:35","wo":"08:20 - 13:35","do":"08:20 - 13:35","vr":"08:20 - 13:35","za":"08:20 - 12:35","zo":"gesloten"}}},{"type":"Feature","geometry":{"type":"Point","coordinates":[10.377296,43.707178]},"properties":{"type":"pakketpunt","locatieNaam":"TABACCHERIA N. 38","straatNaam":"VIA LIVORNESE 102","straatNr":"","vervoerder":"DHL","puntType":"parcelShop","bezettingsgraad":50,"latitude":43.707178,"longitude":10.377296,"canPickup":true,"canDropoff":true,"openingstijden":{"ma":"07:30 - 13:00, 15:30 - 19:30","di":"07:30 - 13:00, 15:30 - 19:30","wo":"07:30 - 13:00, 15:30 - 19:30","do":"07:30 - 13:00, 15:30 - 19:30","vr":"07:30 - 13:00, 15:30 - 19:30","za":"07:30 - 13:00, 15:30 - 19:30","zo":"gesloten"}}},{"type":"Feature","geometry":{"type":"Point","coordinates":[10.375405,43.712924]},"properties":{"type":"pakketpunt","locatieNaam":"TABACCHERIA N. 32","straatNaam":"VIA DUE ARNI 15","straatNr":"","vervoerder":"DHL","puntType":"parcelShop","bezettingsgraad":50,"latitude":43.712924,"longitude":10.375405,"canPickup":true,"canDropoff":true,"openingstijden":{"ma":"08:00 - 13:00, 16:00 - 19:00","di":"08:00 - 13:00, 16:00 - 19:00","wo":"08:00 - 13:00, 16:00 - 19:00","do":"08:00 - 13:00, 16:00 - 19:00","vr":"08:00 - 13:00, 16:00 - 19:00","za":"08:00 - 13:00, 16:00 - 19:00","zo":"gesloten"}}},{"type":"Feature","geometry":{"type":"Point","coordinates":[10.368329,43.691015]},"properties":{"type":"pakketpunt","locatieNaam":"TABACCHERIA N. 57","straatNaam":"VIA LIVORNESE 621","straatNr":"","vervoerder":"DHL","puntType":"parcelShop","bezettingsgraad":50,"latitude":43.691015,"longitude":10.368329,"canPickup":true,"canDropoff":true,"openingstijden":{"ma":"07:00 - 20:00","di":"07:00 - 20:00","wo":"07:00 - 20:00","do":"07:00 - 20:00","vr":"07:00 - 20:00","za":"07:00 - 20:00","zo":"gesloten"}}},{"type":"Feature","geometry":{"type":"Point","coordinates":[10.384508,43.709961]},"properties":{"type":"pakketpunt","locatieNaam":"TABACCHERIA N. 36","straatNaam":"VIA NINO PISANO 3","straatNr":"","vervoerder":"DHL","puntType":"parcelShop","bezettingsgraad":50,"latitude":43.709961,"longitude":10.384508,"canPickup":true,"canDropoff":true,"openingstijden":{"ma":"07:00 - 13:00, 16:00 - 19:00","di":"07:00 - 13:00, 16:00 - 19:00","wo":"07:00 - 13:00, 16:00 - 19:00","do":"07:00 - 13:00, 16:00 - 19:00","vr":"07:00 - 13:00, 16:00 - 19:00","za":"07:00 - 13:00","zo":"gesloten"}}},{"type":"Feature","geometry":{"type":"Point","coordinates":[10.385266,43.709072]},"properties":{"type":"pakketpunt","locatieNaam":"TABACCHERIA GHELARDI RIV.36","straatNaam":"Via Nino Pisano, 3","straatNr":"","vervoerder":"DHL","puntType":"parcelShop","bezettingsgraad":50,"latitude":43.709072,"longitude":10.385266,"canPickup":false,"canDropoff":true,"openingstijden":{"ma":"07:00 - 19:00","di":"07:00 - 19:00","wo":"07:00 - 19:00","do":"07:00 - 19:00","vr":"07:00 - 19:00","za":"07:00 - 19:00","zo":"gesloten"}}},{"type":"Feature","geometry":{"type":"Point","coordinates":[10.387059,43.709481]},"properties":{"type":"pakketpunt","locatieNaam":"Ufficio Postale PISA 3","straatNaam":"VIA ALDO MORO 27","straatNr":"","vervoerder":"DHL","puntType":"postOffice","bezettingsgraad":50,"latitude":43.709481,"longitude":10.387059,"canPickup":true,"canDropoff":true,"openingstijden":{"ma":"08:20 - 13:45","di":"08:20 - 13:45","wo":"08:20 - 13:45","do":"08:20 - 13:45","vr":"08:20 - 13:45","za":"08:20 - 12:45","zo":"gesloten"}}},{"type":"Feature","geometry":{"type":"Point","coordinates":[10.391328,43.711607]},"properties":{"type":"pakketpunt","locatieNaam":"TABACCHERIA N. 37","straatNaam":"VIA PORTA A MARE 12","straatNr":"","vervoerder":"DHL","puntType":"parcelShop","bezettingsgraad":50,"latitude":43.711607,"longitude":10.391328,"canPickup":true,"canDropoff":true,"openingstijden":{"ma":"08:30 - 13:00, 15:30 - 20:00","di":"08:30 - 13:00, 15:30 - 20:00","wo":"08:30 - 13:00, 15:30 - 20:00","do":"08:30 - 13:00, 15:30 - 20:00","vr":"08:30 - 13:00, 15:30 - 20:00","za":"08:30 - 13:00, 15:30 - 20:00","zo":"gesloten"}}},{"type":"Feature","geometry":{"type":"Point","coordinates":[10.390217,43.719445]},"properties":{"type":"pakketpunt","locatieNaam":"TABACCHERIA N. 75","straatNaam":"VIA BONANNO PISANO 83","straatNr":"","vervoerder":"DHL","puntType":"parcelShop","bezettingsgraad":50,"latitude":43.719445,"longitude":10.390217,"canPickup":true,"canDropoff":true,"openingstijden":{"ma":"07:30 - 13:30, 14:30 - 19:00","di":"07:30 - 13:30, 14:30 - 19:00","wo":"07:30 - 13:30, 14:30 - 19:00","do":"07:30 - 13:30, 14:30 - 19:00","vr":"07:30 - 13:30, 14:30 - 19:00","za":"07:30 - 13:30, 14:30 - 19:00","zo":"gesloten"}}},{"type":"Feature","geometry":{"type":"Point","coordinates":[10.394821,43.715761]},"properties":{"type":"pakketpunt","locatieNaam":"TABACCHERIA N. 4","straatNaam":"PIAZZA SOLFERINO 11","straatNr":"","vervoerder":"DHL","puntType":"parcelShop","bezettingsgraad":50,"latitude":43.715761,"longitude":10.394821,"canPickup":true,"canDropoff":true,"openingstijden":{"ma":"08:00 - 13:00, 15:30 - 19:30","di":"08:00 - 13:00, 15:30 - 19:30","wo":"08:00 - 13:00, 15:30 - 19:30","do":"08:00 - 13:00, 15:30 - 19:30","vr":"08:00 - 13:00, 15:30 - 19:30","za":"08:00 - 13:00, 15:30 - 19:30","zo":"gesloten"}}},{"type":"Feature","geometry":{"type":"Point","coordinates":[10.396033,43.714137]},"properties":{"type":"pakketpunt","locatieNaam":"TABACCHERIA N. 22","straatNaam":"VIA FRANCESCO CRISPI 17","straatNr":"","vervoerder":"DHL","puntType":"parcelShop","bezettingsgraad":50,"latitude":43.714137,"longitude":10.396033,"canPickup":true,"canDropoff":true,"openingstijden":{"ma":"08:30 - 13:00, 16:00 - 19:30","di":"08:30 - 13:00, 16:00 - 19:30","wo":"08:30 - 13:00, 16:00 - 19:30","do":"08:30 - 13:00, 16:00 - 19:30","vr":"08:30 - 13:00, 16:00 - 19:30","za":"08:30 - 13:00, 16:00 - 19:30","zo":"gesloten"}}},{"type":"Feature","geometry":{"type":"Point","coordinates":[10.347437,43.679031]},"properties":{"type":"pakketpunt","locatieNaam":"Ufficio Postale SAN PIERO A GRADO","straatNaam":"VIA LIVORNESE 1237","straatNr":"","vervoerder":"DHL","puntType":"postOffice","bezettingsgraad":50,"latitude":43.679031,"longitude":10.347437,"canPickup":true,"canDropoff":true,"openingstijden":{"ma":"08:20 - 13:45","di":"08:20 - 13:45","wo":"08:20 - 13:45","do":"08:20 - 13:45","vr":"08:20 - 13:45","za":"08:20 - 12:45","zo":"gesloten"}}},{"type":"Feature","geometry":{"type":"Point","coordinates":[10.397787,43.70314]},"properties":{"type":"pakketpunt","locatieNaam":"TABACCHERIA N. 67","straatNaam":"VIA SANTAGOSTINO 106-A","straatNr":"","vervoerder":"DHL","puntType":"parcelShop","bezettingsgraad":50,"latitude":43.70314,"longitude":10.397787,"canPickup":true,"canDropoff":true,"openingstijden":{"ma":"07:30 - 13:00, 15:30 - 19:30","di":"07:30 - 13:00, 15:30 - 19:30","wo":"07:30 - 13:00, 16:00 - 19:30","do":"07:30 - 13:00, 15:30 - 19:30","vr":"07:30 - 13:00, 15:30 - 19:30","za":"07:30 - 13:00, 15:30 - 19:30","zo":"gesloten"}}},{"type":"Feature","geometry":{"type":"Point","coordinates":[10.398597,43.709585]},"properties":{"type":"pakketpunt","locatieNaam":"TABACCHERIA n. 34","straatNaam":"VIALE ANTONIO GRAMSCI 8","straatNr":"","vervoerder":"DHL","puntType":"parcelShop","bezettingsgraad":50,"latitude":43.709585,"longitude":10.398597,"canPickup":true,"canDropoff":true,"openingstijden":{"ma":"08:00 - 19:30","di":"08:00 - 19:30","wo":"08:00 - 19:30","do":"08:00 - 19:30","vr":"08:00 - 19:30","za":"09:00 - 19:30","zo":"08:00 - 13:00, 15:00 - 20:00"}}},{"type":"Feature","geometry":{"type":"Point","coordinates":[10.396301,43.716972]},"properties":{"type":"pakketpunt","locatieNaam":"TABACCHERIA N. 31","straatNaam":"VIA SANTA MARIA 15","straatNr":"","vervoerder":"DHL","puntType":"parcelShop","bezettingsgraad":50,"latitude":43.716972,"longitude":10.396301,"canPickup":true,"canDropoff":true,"openingstijden":{"ma":"07:30 - 21:00","di":"07:30 - 21:00","wo":"07:30 - 21:00","do":"07:30 - 21:00","vr":"07:30 - 21:00","za":"07:30 - 21:00","zo":"09:00 - 20:00"}}},{"type":"Feature","geometry":{"type":"Point","coordinates":[10.398673,43.712141]},"properties":{"type":"pakketpunt","locatieNaam":"DA CLAUDINO PANE E VINO","straatNaam":"VIA MASSIMO DAZEGLIO 1","straatNr":"","vervoerder":"DHL","puntType":"parcelShop","bezettingsgraad":50,"latitude":43.712141,"longitude":10.398673,"canPickup":true,"canDropoff":true,"openingstijden":{"ma":"08:00 - 14:00, 16:30 - 20:00","di":"08:00 - 14:00, 16:30 - 20:00","wo":"08:00 - 14:00, 16:30 - 20:00","do":"08:00 - 14:00, 16:30 - 20:00","vr":"08:00 - 14:00, 16:30 - 20:00","za":"08:00 - 14:00, 16:30 - 20:00","zo":"gesloten"}}},{"type":"Feature","geometry":{"type":"Point","coordinates":[10.399562,43.705177]},"properties":{"type":"pakketpunt","locatieNaam":"TABACCHERIA N. 46","straatNaam":"VIA SANTAGOSTINO 69","straatNr":"","vervoerder":"DHL","puntType":"parcelShop","bezettingsgraad":50,"latitude":43.705177,"longitude":10.399562,"canPickup":true,"canDropoff":true,"openingstijden":{"ma":"06:00 - 12:45, 15:30 - 19:25","di":"06:00 - 12:45, 15:30 - 19:25","wo":"06:00 - 12:45, 15:30 - 19:25","do":"06:00 - 12:45, 15:30 - 19:25","vr":"06:00 - 12:45, 15:30 - 19:25","za":"06:00 - 12:45, 15:30 - 19:25","zo":"gesloten"}}},{"type":"Feature","geometry":{"type":"Point","coordinates":[10.391892,43.723622]},"properties":{"type":"pakketpunt","locatieNaam":"Ufficio Postale PISA 7","straatNaam":"VIA VECCHIA BARBARICINA 1","straatNr":"","vervoerder":"DHL","puntType":"postOffice","bezettingsgraad":50,"latitude":43.723622,"longitude":10.391892,"canPickup":true,"canDropoff":true,"openingstijden":{"ma":"08:20 - 13:35","di":"08:20 - 13:35","wo":"08:20 - 13:35","do":"08:20 - 13:35","vr":"08:20 - 13:35","za":"08:20 - 12:35","zo":"gesloten"}}},{"type":"Feature","geometry":{"type":"Point","coordinates":[10.399566,43.710519]},"properties":{"type":"pakketpunt","locatieNaam":"Ufficio Postale PISA CENTRO","straatNaam":"PIAZZA VITTORIO EMANUELE II 8","straatNr":"","vervoerder":"DHL","puntType":"postOffice","bezettingsgraad":50,"latitude":43.710519,"longitude":10.399566,"canPickup":true,"canDropoff":true,"openingstijden":{"ma":"08:20 - 19:05","di":"08:20 - 19:05","wo":"08:20 - 19:05","do":"08:20 - 19:05","vr":"08:20 - 19:05","za":"08:20 - 12:35","zo":"gesloten"}}},{"type":"Feature","geometry":{"type":"Point","coordinates":[10.391704,43.724167]},"properties":{"type":"pakketpunt","locatieNaam":"Kipoint VIA CARLO SALOMONE CAMMEO","straatNaam":"VIA CARLO SALOMONE CAMMEO 36","straatNr":"","vervoerder":"DHL","puntType":"parcelShop","bezettingsgraad":50,"latitude":43.724167,"longitude":10.391704,"canPickup":true,"canDropoff":true,"openingstijden":{"ma":"08:30 - 13:30, 14:30 - 17:30","di":"08:30 - 13:30, 14:30 - 17:30","wo":"08:30 - 13:30, 14:30 - 17:00","do":"08:30 - 13:30, 14:30 - 17:30","vr":"08:30 - 13:30, 14:30 - 17:30","za":"gesloten","zo":"gesloten"}}},{"type":"Feature","geometry":{"type":"Point","coordinates":[10.400217,43.708641]},"properties":{"type":"pakketpunt","locatieNaam":"TABACCHERIA N. 52","straatNaam":"VIA FILIPPO CORRIDONI 122","straatNr":"","vervoerder":"DHL","puntType":"parcelShop","bezettingsgraad":50,"latitude":43.708641,"longitude":10.400217,"canPickup":true,"canDropoff":true,"openingstijden":{"ma":"07:45 - 13:15, 14:40 - 19:15","di":"07:45 - 13:15, 14:40 - 19:15","wo":"07:45 - 13:15, 14:40 - 19:15","do":"07:45 - 13:15, 14:40 - 19:15","vr":"07:45 - 13:15, 14:40 - 19:15","za":"07:45 - 13:15, 14:40 - 19:15","zo":"gesloten"}}},{"type":"Feature","geometry":{"type":"Point","coordinates":[10.400698,43.702239]},"properties":{"type":"pakketpunt","locatieNaam":"TABACCHERIA N. 43","straatNaam":"VIA DELL AEROPORTO 47","straatNr":"","vervoerder":"DHL","puntType":"parcelShop","bezettingsgraad":50,"latitude":43.702239,"longitude":10.400698,"canPickup":true,"canDropoff":true,"openingstijden":{"ma":"07:00 - 13:00, 17:00 - 19:30","di":"07:00 - 13:00, 17:00 - 19:30","wo":"07:00 - 13:00, 17:00 - 19:30","do":"07:00 - 13:00, 17:00 - 19:30","vr":"07:00 - 13:00, 17:00 - 19:30","za":"07:00 - 13:00, 17:00 - 19:30","zo":"gesloten"}}},{"type":"Feature","geometry":{"type":"Point","coordinates":[10.39752,43.719375]},"properties":{"type":"pakketpunt","locatieNaam":"TIPOGRAFIA EDITRICE PISANA","straatNaam":"Via Trento 26","straatNr":"","vervoerder":"DHL","puntType":"parcelShop","bezettingsgraad":50,"latitude":43.719375,"longitude":10.39752,"canPickup":false,"canDropoff":true,"openingstijden":{"ma":"09:00 - 18:00","di":"09:00 - 18:00","wo":"09:00 - 18:00","do":"09:00 - 18:00","vr":"09:00 - 17:00","za":"gesloten","zo":"gesloten"}}},{"type":"Feature","geometry":{"type":"Point","coordinates":[10.395936,43.722117]},"properties":{"type":"pakketpunt","locatieNaam":"TABACCHERIA N. 82","straatNaam":"VIA ROMA 78","straatNr":"","vervoerder":"DHL","puntType":"parcelShop","bezettingsgraad":50,"latitude":43.722117,"longitude":10.395936,"canPickup":true,"canDropoff":true,"openingstijden":{"ma":"08:30 - 17:30","di":"08:30 - 17:30","wo":"08:30 - 17:30","do":"08:30 - 17:30","vr":"08:30 - 17:30","za":"09:15 - 13:00","zo":"gesloten"}}},{"type":"Feature","geometry":{"type":"Point","coordinates":[10.400567,43.714114]},"properties":{"type":"pakketpunt","locatieNaam":"TABACCHERIA N. 29","straatNaam":"CORSO ITALIA 38","straatNr":"","vervoerder":"DHL","puntType":"parcelShop","bezettingsgraad":50,"latitude":43.714114,"longitude":10.400567,"canPickup":true,"canDropoff":true,"openingstijden":{"ma":"07:30 - 13:30, 14:15 - 19:30","di":"07:30 - 13:30, 14:15 - 19:30","wo":"07:30 - 13:30, 14:15 - 19:30","do":"07:30 - 13:30, 14:15 - 19:30","vr":"07:30 - 13:30, 14:15 - 19:30","za":"08:00 - 20:00","zo":"14:00 - 20:00"}}},{"type":"Feature","geometry":{"type":"Point","coordinates":[10.400903,43.71567]},"properties":{"type":"pakketpunt","locatieNaam":"Ufficio Postale PISA 1","straatNaam":"LUNGARNO GAMBACORTI 3","straatNr":"","vervoerder":"DHL","puntType":"postOffice","bezettingsgraad":50,"latitude":43.71567,"longitude":10.400903,"canPickup":true,"canDropoff":true,"openingstijden":{"ma":"08:20 - 13:35","di":"08:20 - 13:35","wo":"08:20 - 13:35","do":"08:20 - 13:35","vr":"08:20 - 13:35","za":"08:20 - 12:35","zo":"gesloten"}}},{"type":"Feature","geometry":{"type":"Point","coordinates":[10.399809,43.717983]},"properties":{"type":"pakketpunt","locatieNaam":"TABACCHERIA N. 11","straatNaam":"PIAZZA SAN FREDIANO 4","straatNr":"","vervoerder":"DHL","puntType":"parcelShop","bezettingsgraad":50,"latitude":43.717983,"longitude":10.399809,"canPickup":true,"canDropoff":true,"openingstijden":{"ma":"07:15 - 19:30","di":"07:15 - 19:30","wo":"07:15 - 19:30","do":"07:15 - 19:30","vr":"07:15 - 19:30","za":"07:15 - 19:30","zo":"gesloten"}}},{"type":"Feature","geometry":{"type":"Point","coordinates":[10.403286,43.709833]},"properties":{"type":"pakketpunt","locatieNaam":"DHL STORE PISA","straatNaam":"Viale  Francesco Bonaini 37","straatNr":"","vervoerder":"DHL","puntType":"parcelShop","bezettingsgraad":50,"latitude":43.709833,"longitude":10.403286,"canPickup":false,"canDropoff":true,"openingstijden":{"ma":"09:00 - 18:00","di":"09:00 - 17:30","wo":"09:00 - 18:00","do":"09:00 - 18:00","vr":"09:00 - 18:00","za":"gesloten","zo":"gesloten"}}},{"type":"Feature","geometry":{"type":"Point","coordinates":[10.403492,43.703437]},"properties":{"type":"pakketpunt","locatieNaam":"Ufficio Postale PISA 9","straatNaam":"VIA GIUSEPPE MONTANELLI 112","straatNr":"","vervoerder":"DHL","puntType":"postOffice","bezettingsgraad":50,"latitude":43.703437,"longitude":10.403492,"canPickup":true,"canDropoff":true,"openingstijden":{"ma":"08:20 - 13:35","di":"08:20 - 13:35","wo":"08:20 - 13:35","do":"08:20 - 13:35","vr":"08:20 - 13:35","za":"08:20 - 12:35","zo":"gesloten"}}},{"type":"Feature","geometry":{"type":"Point","coordinates":[10.386238,43.732231]},"properties":{"type":"pakketpunt","locatieNaam":"TABACCHERIA N. 84","straatNaam":"VIA PIETRASANTINA 87","straatNr":"","vervoerder":"DHL","puntType":"parcelShop","bezettingsgraad":50,"latitude":43.732231,"longitude":10.386238,"canPickup":true,"canDropoff":true,"openingstijden":{"ma":"08:00 - 12:30, 16:00 - 19:30","di":"08:00 - 12:30, 16:00 - 19:30","wo":"08:00 - 12:30, 16:00 - 19:30","do":"08:00 - 12:30, 16:00 - 19:30","vr":"08:00 - 12:30, 16:00 - 19:30","za":"08:00 - 12:30, 16:00 - 19:30","zo":"gesloten"}}},{"type":"Feature","geometry":{"type":"Point","coordinates":[10.404455,43.713458]},"properties":{"type":"pakketpunt","locatieNaam":"TABACCHERIA N. 27","straatNaam":"VIA SAN MARTINO 46","straatNr":"","vervoerder":"DHL","puntType":"parcelShop","bezettingsgraad":50,"latitude":43.713458,"longitude":10.404455,"canPickup":true,"canDropoff":true,"openingstijden":{"ma":"08:00 - 13:00, 15:30 - 20:00","di":"08:00 - 13:00, 15:30 - 20:00","wo":"08:00 - 13:00, 15:30 - 20:00","do":"08:00 - 13:00, 15:30 - 20:00","vr":"08:00 - 13:00, 15:30 - 20:00","za":"08:00 - 13:00, 15:30 - 20:00","zo":"gesloten"}}},{"type":"Feature","geometry":{"type":"Point","coordinates":[10.392759,43.730051]},"properties":{"type":"pakketpunt","locatieNaam":"TABACCHERIA N. 81","straatNaam":"VIA SAN JACOPO 63","straatNr":"","vervoerder":"DHL","puntType":"parcelShop","bezettingsgraad":50,"latitude":43.730051,"longitude":10.392759,"canPickup":true,"canDropoff":true,"openingstijden":{"ma":"07:30 - 13:00, 14:30 - 18:30","di":"07:30 - 13:00, 14:30 - 18:30","wo":"07:30 - 13:00, 14:30 - 18:30","do":"07:30 - 13:00, 14:30 - 18:30","vr":"07:30 - 13:00, 14:30 - 18:30","za":"07:30 - 13:00, 14:30 - 18:30","zo":"gesloten"}}},{"type":"Feature","geometry":{"type":"Point","coordinates":[10.4041,43.718285]},"properties":{"type":"pakketpunt","locatieNaam":"TABACCHERIA N. 19","straatNaam":"VIA SAN FRANCESCO 52","straatNr":"","vervoerder":"DHL","puntType":"parcelShop","bezettingsgraad":50,"latitude":43.718285,"longitude":10.4041,"canPickup":true,"canDropoff":true,"openingstijden":{"ma":"07:30 - 13:00, 16:00 - 19:30","di":"07:30 - 13:00, 16:00 - 19:30","wo":"07:30 - 13:00, 16:00 - 19:30","do":"07:30 - 13:00, 16:00 - 19:30","vr":"07:30 - 13:00, 16:00 - 19:30","za":"07:30 - 13:00, 16:00 - 19:30","zo":"gesloten"}}},{"type":"Feature","geometry":{"type":"Point","coordinates":[10.407072,43.701507]},"properties":{"type":"pakketpunt","locatieNaam":"IL CAPPELLAIO MATTO (EX MERCERIA C","straatNaam":"VIA LEOPOLDO PILLA 72","straatNr":"","vervoerder":"DHL","puntType":"parcelShop","bezettingsgraad":50,"latitude":43.701507,"longitude":10.407072,"canPickup":true,"canDropoff":true,"openingstijden":{"ma":"07:45 - 12:00, 17:00 - 19:00","di":"07:45 - 12:00, 17:00 - 19:00","wo":"07:45 - 12:00, 17:00 - 19:00","do":"07:45 - 12:00, 17:00 - 19:00","vr":"07:45 - 12:00, 17:00 - 19:00","za":"07:45 - 11:00","zo":"gesloten"}}},{"type":"Feature","geometry":{"type":"Point","coordinates":[10.40791,43.70688]},"properties":{"type":"pakketpunt","locatieNaam":"TABACCHERIA N. 50","straatNaam":"VIA CARLO CATTANEO 138-A","straatNr":"","vervoerder":"DHL","puntType":"parcelShop","bezettingsgraad":50,"latitude":43.70688,"longitude":10.40791,"canPickup":true,"canDropoff":true,"openingstijden":{"ma":"09:00 - 13:00, 15:00 - 20:00","di":"09:00 - 13:00, 15:00 - 20:00","wo":"09:00 - 13:00, 15:00 - 20:00","do":"09:00 - 13:00, 15:00 - 20:00","vr":"09:00 - 13:00, 15:00 - 20:00","za":"09:00 - 13:00, 15:00 - 20:00","zo":"gesloten"}}},{"type":"Feature","geometry":{"type":"Point","coordinates":[10.404119,43.720634]},"properties":{"type":"pakketpunt","locatieNaam":"Ufficio Postale PISA 5","straatNaam":"PIAZZA MARTIRI DELLA LIBERTA 9","straatNr":"","vervoerder":"DHL","puntType":"postOffice","bezettingsgraad":50,"latitude":43.720634,"longitude":10.404119,"canPickup":true,"canDropoff":true,"openingstijden":{"ma":"08:20 - 13:35","di":"08:20 - 13:35","wo":"08:20 - 13:35","do":"08:20 - 13:35","vr":"08:20 - 13:35","za":"08:20 - 12:35","zo":"gesloten"}}},{"type":"Feature","geometry":{"type":"Point","coordinates":[10.407066,43.715549]},"properties":{"type":"pakketpunt","locatieNaam":"TABACCHERIA n. 76","straatNaam":"VIA SANTA BIBBIANA 11","straatNr":"","vervoerder":"DHL","puntType":"parcelShop","bezettingsgraad":50,"latitude":43.715549,"longitude":10.407066,"canPickup":true,"canDropoff":true,"openingstijden":{"ma":"07:00 - 17:00","di":"07:00 - 17:00","wo":"07:00 - 17:00","do":"07:00 - 17:00","vr":"07:00 - 17:00","za":"gesloten","zo":"gesloten"}}},{"type":"Feature","geometry":{"type":"Point","coordinates":[10.409339,43.705621]},"properties":{"type":"pakketpunt","locatieNaam":"Ufficio Postale PISA 4","straatNaam":"VIA EMILIA 29","straatNr":"","vervoerder":"DHL","puntType":"postOffice","bezettingsgraad":50,"latitude":43.705621,"longitude":10.409339,"canPickup":true,"canDropoff":true,"openingstijden":{"ma":"08:20 - 13:35","di":"08:20 - 13:35","wo":"08:20 - 13:35","do":"08:20 - 13:35","vr":"08:20 - 13:35","za":"08:20 - 12:35","zo":"gesloten"}}},{"type":"Feature","geometry":{"type":"Point","coordinates":[10.40892,43.71424]},"properties":{"type":"pakketpunt","locatieNaam":"SAILPOST PISA","straatNaam":"Piazza San Silvestro 2","straatNr":"","vervoerder":"DHL","puntType":"parcelShop","bezettingsgraad":50,"latitude":43.71424,"longitude":10.40892,"canPickup":false,"canDropoff":true,"openingstijden":{"ma":"09:30 - 12:30","di":"09:30 - 18:00","wo":"09:30 - 12:30","do":"09:30 - 18:00","vr":"09:30 - 12:30","za":"09:30 - 12:30","zo":"gesloten"}}},{"type":"Feature","geometry":{"type":"Point","coordinates":[10.409146,43.713543]},"properties":{"type":"pakketpunt","locatieNaam":"Ufficio Postale PISA 2","straatNaam":"LUNGARNO BRUNO BUOZZI 14","straatNr":"","vervoerder":"DHL","puntType":"postOffice","bezettingsgraad":50,"latitude":43.713543,"longitude":10.409146,"canPickup":true,"canDropoff":true,"openingstijden":{"ma":"08:20 - 13:35","di":"08:20 - 13:35","wo":"08:20 - 13:35","do":"08:20 - 13:35","vr":"08:20 - 13:35","za":"08:20 - 12:35","zo":"gesloten"}}},{"type":"Feature","geometry":{"type":"Point","coordinates":[10.410029,43.712735]},"properties":{"type":"pakketpunt","locatieNaam":"TABACCHERIA N. 47","straatNaam":"VIA DEL BORGHETTO 7","straatNr":"","vervoerder":"DHL","puntType":"parcelShop","bezettingsgraad":50,"latitude":43.712735,"longitude":10.410029,"canPickup":true,"canDropoff":true,"openingstijden":{"ma":"08:00 - 13:30, 15:30 - 20:00","di":"08:00 - 13:30, 15:30 - 20:00","wo":"08:00 - 13:30, 15:30 - 20:00","do":"08:00 - 13:30, 15:30 - 20:00","vr":"08:00 - 13:30, 15:30 - 20:00","za":"08:00 - 13:30, 15:30 - 20:00","zo":"gesloten"}}},{"type":"Feature","geometry":{"type":"Point","coordinates":[10.400268,43.73017]},"properties":{"type":"pakketpunt","locatieNaam":"TABACCHERIA N. 79","straatNaam":"VIA VENTIQUATTRO MAGGIO 55","straatNr":"","vervoerder":"DHL","puntType":"parcelShop","bezettingsgraad":50,"latitude":43.73017,"longitude":10.400268,"canPickup":true,"canDropoff":true,"openingstijden":{"ma":"08:00 - 13:00, 15:30 - 20:00","di":"08:00 - 13:00, 15:30 - 20:00","wo":"08:00 - 13:00, 15:30 - 20:00","do":"08:00 - 13:00, 15:30 - 20:00","vr":"08:00 - 13:00, 15:30 - 20:00","za":"08:00 - 13:00, 15:30 - 20:00","zo":"gesloten"}}},{"type":"Feature","geometry":{"type":"Point","coordinates":[10.404838,43.725509]},"properties":{"type":"pakketpunt","locatieNaam":"Ufficio Postale PISA 8","straatNaam":"VIA LUCCHESE 43","straatNr":"","vervoerder":"DHL","puntType":"postOffice","bezettingsgraad":50,"latitude":43.725509,"longitude":10.404838,"canPickup":true,"canDropoff":true,"openingstijden":{"ma":"08:20 - 19:05","di":"08:20 - 19:05","wo":"08:20 - 19:05","do":"08:20 - 19:05","vr":"08:20 - 19:05","za":"08:20 - 12:35","zo":"gesloten"}}},{"type":"Feature","geometry":{"type":"Point","coordinates":[10.412249,43.712242]},"properties":{"type":"pakketpunt","locatieNaam":"TABACCHERIA N. 48","straatNaam":"VIA DEL BORGHETTO 81","straatNr":"","vervoerder":"DHL","puntType":"parcelShop","bezettingsgraad":50,"latitude":43.712242,"longitude":10.412249,"canPickup":true,"canDropoff":true,"openingstijden":{"ma":"08:00 - 18:00","di":"08:00 - 18:00","wo":"08:00 - 18:00","do":"08:00 - 18:00","vr":"08:00 - 18:00","za":"gesloten","zo":"gesloten"}}},{"type":"Feature","geometry":{"type":"Point","coordinates":[10.412337,43.715533]},"properties":{"type":"pakketpunt","locatieNaam":"TABACCHERIA N. 65","straatNaam":"VIA GIUSEPPE GARIBALDI 87","straatNr":"","vervoerder":"DHL","puntType":"parcelShop","bezettingsgraad":50,"latitude":43.715533,"longitude":10.412337,"canPickup":true,"canDropoff":true,"openingstijden":{"ma":"07:30 - 13:30, 15:30 - 20:00","di":"07:30 - 13:30, 15:30 - 20:00","wo":"07:30 - 13:30, 15:30 - 20:00","do":"07:30 - 13:30, 15:30 - 20:00","vr":"07:30 - 13:30, 15:30 - 20:00","za":"07:30 - 13:30, 15:30 - 20:00","zo":"gesloten"}}},{"type":"Feature","geometry":{"type":"Point","coordinates":[10.4136,43.6986]},"properties":{"type":"pakketpunt","locatieNaam":"QUIPOSTE PISA","straatNaam":"Via Emilia 173","straatNr":"","vervoerder":"DHL","puntType":"parcelShop","bezettingsgraad":50,"latitude":43.6986,"longitude":10.4136,"canPickup":false,"canDropoff":true,"openingstijden":{"ma":"09:00 - 18:00","di":"09:00 - 18:00","wo":"09:00 - 18:00","do":"09:00 - 18:00","vr":"09:00 - 18:00","za":"gesloten","zo":"gesloten"}}},{"type":"Feature","geometry":{"type":"Point","coordinates":[10.405982,43.728213]},"properties":{"type":"pakketpunt","locatieNaam":"TABACCHERIA N. 109","straatNaam":"VIA DI GELLO 94","straatNr":"","vervoerder":"DHL","puntType":"parcelShop","bezettingsgraad":50,"latitude":43.728213,"longitude":10.405982,"canPickup":true,"canDropoff":true,"openingstijden":{"ma":"08:00 - 13:00, 15:00 - 20:00","di":"08:00 - 20:00","wo":"08:00 - 20:00","do":"gesloten","vr":"08:00 - 20:00","za":"08:00 - 20:00","zo":"08:00 - 13:00"}}},{"type":"Feature","geometry":{"type":"Point","coordinates":[10.414017,43.697406]},"properties":{"type":"pakketpunt","locatieNaam":"TABACCHERIA N. 45","straatNaam":"VIA EMILIA 195","straatNr":"","vervoerder":"DHL","puntType":"parcelShop","bezettingsgraad":50,"latitude":43.697406,"longitude":10.414017,"canPickup":true,"canDropoff":true,"openingstijden":{"ma":"08:00 - 13:00, 16:00 - 19:30","di":"08:00 - 13:00, 16:00 - 19:30","wo":"08:00 - 13:00, 16:00 - 19:30","do":"08:00 - 13:00, 16:00 - 19:30","vr":"08:00 - 13:00, 16:00 - 19:30","za":"08:00 - 13:00, 16:00 - 19:30","zo":"gesloten"}}},{"type":"Feature","geometry":{"type":"Point","coordinates":[10.448418,43.696245]},"properties":{"type":"pakketpunt","locatieNaam":"TABACCHERIA N. 41","straatNaam":"VIA FIORENTINA 483","straatNr":"","vervoerder":"DHL","puntType":"parcelShop","bezettingsgraad":50,"latitude":43.696245,"longitude":10.448418,"canPickup":true,"canDropoff":true,"openingstijden":{"ma":"06:00 - 21:00","di":"06:00 - 21:00","wo":"06:00 - 21:00","do":"06:00 - 21:00","vr":"06:00 - 21:00","za":"06:00 - 21:00","zo":"gesloten"}}},{"type":"Feature","geometry":{"type":"Point","coordinates":[10.447074,43.696489]},"properties":{"type":"pakketpunt","locatieNaam":"Ufficio Postale RIGLIONE","straatNaam":"VIA FIORENTINA 419-B","straatNr":"","vervoerder":"DHL","puntType":"postOffice","bezettingsgraad":50,"latitude":43.696489,"longitude":10.447074,"canPickup":true,"canDropoff":true,"openingstijden":{"ma":"08:20 - 13:35","di":"08:20 - 13:35","wo":"08:20 - 13:35","do":"08:20 - 13:35","vr":"08:20 - 13:35","za":"08:20 - 12:35","zo":"gesloten"}}},{"type":"Feature","geometry":{"type":"Point","coordinates":[10.435653,43.708902]},"properties":{"type":"pakketpunt","locatieNaam":"TABACCHERIA N. 39","straatNaam":"VIA ITALO BARGAGNA 16","straatNr":"","vervoerder":"DHL","puntType":"parcelShop","bezettingsgraad":50,"latitude":43.708902,"longitude":10.435653,"canPickup":true,"canDropoff":true,"openingstijden":{"ma":"07:30 - 19:30","di":"07:30 - 19:30","wo":"07:30 - 19:30","do":"07:30 - 19:30","vr":"07:30 - 19:30","za":"07:30 - 12:30","zo":"gesloten"}}},{"type":"Feature","geometry":{"type":"Point","coordinates":[10.435071,43.709188]},"properties":{"type":"pakketpunt","locatieNaam":"Ufficio Postale PISA 11","straatNaam":"VIA ITALO BARGAGNA 34","straatNr":"","vervoerder":"DHL","puntType":"postOffice","bezettingsgraad":50,"latitude":43.709188,"longitude":10.435071,"canPickup":true,"canDropoff":true,"openingstijden":{"ma":"08:20 - 19:05","di":"08:20 - 19:05","wo":"08:20 - 19:05","do":"08:20 - 19:05","vr":"08:20 - 19:05","za":"08:20 - 12:35","zo":"gesloten"}}},{"type":"Feature","geometry":{"type":"Point","coordinates":[10.433067,43.707478]},"properties":{"type":"pakketpunt","locatieNaam":"STAZIONE DI SERVIZIO ENI","straatNaam":"VIA CISANELLO 170","straatNr":"","vervoerder":"DHL","puntType":"packStation","bezettingsgraad":50,"latitude":43.707478,"longitude":10.433067,"canPickup":true,"canDropoff":true,"openingstijden":{"ma":"07:00 - 18:30","di":"07:00 - 18:30","wo":"07:00 - 18:30","do":"07:00 - 18:30","vr":"07:00 - 18:30","za":"gesloten","zo":"gesloten"}}},{"type":"Feature","geometry":{"type":"Point","coordinates":[10.432999,43.707416]},"properties":{"type":"pakketpunt","locatieNaam":"DISTRIBUTORE ENI 05291","straatNaam":"Cisanello, 170","straatNr":"","vervoerder":"DHL","puntType":"parcelShop","bezettingsgraad":50,"latitude":43.707416,"longitude":10.432999,"canPickup":false,"canDropoff":true,"openingstijden":{"ma":"07:00 - 18:30","di":"07:00 - 18:30","wo":"07:00 - 18:30","do":"07:00 - 18:30","vr":"07:00 - 18:30","za":"gesloten","zo":"gesloten"}}},{"type":"Feature","geometry":{"type":"Point","coordinates":[10.401025,43.737248]},"properties":{"type":"pakketpunt","locatieNaam":"TABACCHERIA N. 106","straatNaam":"VIA VENTIQUATTRO MAGGIO 100","straatNr":"","vervoerder":"DHL","puntType":"parcelShop","bezettingsgraad":50,"latitude":43.737248,"longitude":10.401025,"canPickup":true,"canDropoff":true,"openingstijden":{"ma":"07:00 - 20:00","di":"07:00 - 20:00","wo":"07:00 - 20:00","do":"07:00 - 20:00","vr":"07:00 - 20:00","za":"07:00 - 20:00","zo":"gesloten"}}},{"type":"Feature","geometry":{"type":"Point","coordinates":[10.400963,43.736608]},"properties":{"type":"pakketpunt","locatieNaam":"CLIP COPISTERIA CARTOLERIA PERSONAL","straatNaam":"Via Xxiv Maggio 88","straatNr":"","vervoerder":"DHL","puntType":"parcelShop","bezettingsgraad":50,"latitude":43.736608,"longitude":10.400963,"canPickup":false,"canDropoff":true,"openingstijden":{"ma":"08:30 - 19:00","di":"08:30 - 19:00","wo":"08:30 - 19:00","do":"08:30 - 19:00","vr":"08:30 - 19:00","za":"08:30 - 12:30","zo":"gesloten"}}},{"type":"Feature","geometry":{"type":"Point","coordinates":[10.411444,43.72124]},"properties":{"type":"pakketpunt","locatieNaam":"Ufficio Postale PISA 10","straatNaam":"VIA DELLE MEDAGLIE DORO 34","straatNr":"","vervoerder":"DHL","puntType":"postOffice","bezettingsgraad":50,"latitude":43.72124,"longitude":10.411444,"canPickup":true,"canDropoff":true,"openingstijden":{"ma":"08:20 - 13:35","di":"08:20 - 13:35","wo":"08:20 - 13:35","do":"08:20 - 13:35","vr":"08:20 - 13:35","za":"08:20 - 12:35","zo":"gesloten"}}},{"type":"Feature","geometry":{"type":"Point","coordinates":[10.42161,43.710956]},"properties":{"type":"pakketpunt","locatieNaam":"TABACCHERIA N. 150","straatNaam":"VIA CARLO MATTEUCCI 38-G","straatNr":"","vervoerder":"DHL","puntType":"parcelShop","bezettingsgraad":50,"latitude":43.710956,"longitude":10.42161,"canPickup":true,"canDropoff":true,"openingstijden":{"ma":"08:00 - 13:30, 15:30 - 20:00","di":"08:00 - 13:30, 15:30 - 20:00","wo":"08:00 - 13:30, 15:30 - 20:00","do":"08:00 - 13:30, 15:30 - 20:00","vr":"08:00 - 13:30, 15:30 - 20:00","za":"08:00 - 13:30, 15:30 - 20:00","zo":"gesloten"}}},{"type":"Feature","geometry":{"type":"Point","coordinates":[10.429512,43.713487]},"properties":{"type":"pakketpunt","locatieNaam":"TABACCHERIA N. 135","straatNaam":"VIA UMBERTO VIALE 2","straatNr":"","vervoerder":"DHL","puntType":"parcelShop","bezettingsgraad":50,"latitude":43.713487,"longitude":10.429512,"canPickup":true,"canDropoff":true,"openingstijden":{"ma":"07:25 - 12:25, 15:55 - 18:25","di":"07:25 - 12:25, 15:55 - 18:25","wo":"07:25 - 12:25, 15:55 - 18:25","do":"07:25 - 12:25, 15:55 - 18:25","vr":"07:25 - 12:25, 15:55 - 18:25","za":"07:55 - 12:25","zo":"gesloten"}}},{"type":"Feature","geometry":{"type":"Point","coordinates":[10.430209,43.675949]},"properties":{"type":"pakketpunt","locatieNaam":"TABACCHERIA N. 123","straatNaam":"VIA EMILIA 450","straatNr":"","vervoerder":"DHL","puntType":"parcelShop","bezettingsgraad":50,"latitude":43.675949,"longitude":10.430209,"canPickup":true,"canDropoff":true,"openingstijden":{"ma":"07:30 - 12:00, 15:00 - 20:00","di":"07:30 - 12:00, 15:00 - 20:00","wo":"07:30 - 12:00, 15:00 - 20:00","do":"07:30 - 12:00, 15:00 - 20:00","vr":"07:30 - 12:00","za":"gesloten","zo":"gesloten"}}},{"type":"Feature","geometry":{"type":"Point","coordinates":[10.428511,43.68838]},"properties":{"type":"pakketpunt","locatieNaam":"TABACCHERIA N. 149","straatNaam":"VIA SCORNIGIANA 52","straatNr":"","vervoerder":"DHL","puntType":"parcelShop","bezettingsgraad":50,"latitude":43.68838,"longitude":10.428511,"canPickup":true,"canDropoff":true,"openingstijden":{"ma":"07:30 - 14:00","di":"07:30 - 14:00","wo":"07:30 - 14:00","do":"gesloten","vr":"07:30 - 14:00","za":"07:30 - 14:00","zo":"gesloten"}}},{"type":"Feature","geometry":{"type":"Point","coordinates":[10.437515,43.679318]},"properties":{"type":"pakketpunt","locatieNaam":"SDA Pisa","straatNaam":"VIA ULISSE ALDROVANDI 14","straatNr":"","vervoerder":"DHL","puntType":"parcelShop","bezettingsgraad":50,"latitude":43.679318,"longitude":10.437515,"canPickup":false,"canDropoff":true,"openingstijden":{"ma":"08:30 - 18:00","di":"08:30 - 18:00","wo":"08:30 - 18:00","do":"08:30 - 18:00","vr":"08:30 - 18:00","za":"09:00 - 12:00","zo":"gesloten"}}},{"type":"Feature","geometry":{"type":"Point","coordinates":[10.426983,43.696045]},"properties":{"type":"pakketpunt","locatieNaam":"Ufficio Postale PUTIGNANO PISANO","straatNaam":"VIA PUTIGNANO 120","straatNr":"","vervoerder":"DHL","puntType":"postOffice","bezettingsgraad":50,"latitude":43.696045,"longitude":10.426983,"canPickup":true,"canDropoff":true,"openingstijden":{"ma":"08:20 - 13:45","di":"08:20 - 13:45","wo":"08:20 - 13:45","do":"08:20 - 13:45","vr":"08:20 - 13:45","za":"08:20 - 12:45","zo":"gesloten"}}},{"type":"Feature","geometry":{"type":"Point","coordinates":[10.428284,43.696086]},"properties":{"type":"pakketpunt","locatieNaam":"TABACCHERIA N. 40","straatNaam":"VIA PUTIGNANO 93","straatNr":"","vervoerder":"DHL","puntType":"parcelShop","bezettingsgraad":50,"latitude":43.696086,"longitude":10.428284,"canPickup":true,"canDropoff":true,"openingstijden":{"ma":"08:00 - 12:30, 17:00 - 20:00","di":"08:00 - 12:30","wo":"08:00 - 12:30, 17:00 - 20:00","do":"08:00 - 12:30, 17:00 - 20:00","vr":"08:00 - 12:30, 17:00 - 20:00","za":"08:00 - 12:30, 17:00 - 20:00","zo":"08:00 - 12:30, 17:00 - 20:00"}}},{"type":"Feature","geometry":{"type":"Point","coordinates":[10.425872,43.706059]},"properties":{"type":"pakketpunt","locatieNaam":"TABACCHERIA N. 93","straatNaam":"VIA MACCATELLA 6","straatNr":"","vervoerder":"DHL","puntType":"parcelShop","bezettingsgraad":50,"latitude":43.706059,"longitude":10.425872,"canPickup":true,"canDropoff":true,"openingstijden":{"ma":"08:10 - 13:00, 15:30 - 19:40","di":"08:10 - 13:00, 15:30 - 19:40","wo":"08:10 - 13:00, 15:30 - 19:40","do":"08:10 - 13:00, 15:30 - 19:40","vr":"08:10 - 13:00, 15:30 - 19:40","za":"08:10 - 13:00, 15:30 - 19:40","zo":"gesloten"}}},{"type":"Feature","geometry":{"type":"Point","coordinates":[10.2916,43.626]},"properties":{"type":"pakketpunt","locatieNaam":"Ufficio Postale TIRRENIA","straatNaam":"VIALE DEL TIRRENO 169-A","straatNr":"","vervoerder":"Amazon","puntType":"3p","bezettingsgraad":50,"latitude":43.626,"longitude":10.2916,"canPickup":true,"canDropoff":false,"openingstijden":null}},{"type":"Feature","geometry":{"type":"Point","coordinates":[10.2948563,43.5994969]},"properties":{"type":"pakketpunt","locatieNaam":"Amazon Counter - Miss P","straatNaam":"viale del tirreno, 353","straatNr":"","vervoerder":"Amazon","puntType":"helix","bezettingsgraad":50,"latitude":43.5994969,"longitude":10.2948563,"canPickup":true,"canDropoff":false,"openingstijden":null}},{"type":"Feature","geometry":{"type":"Point","coordinates":[10.291792,43.627867]},"properties":{"type":"pakketpunt","locatieNaam":"Amazon Counter - IL BIRILLO DI RAVAGNI LUCA","straatNaam":"VIA DEL TIRRENO 139","straatNr":"","vervoerder":"Amazon","puntType":"helix","bezettingsgraad":50,"latitude":43.627867,"longitude":10.291792,"canPickup":true,"canDropoff":false,"openingstijden":null}},{"type":"Feature","geometry":{"type":"Point","coordinates":[10.279518,43.66024]},"properties":{"type":"pakketpunt","locatieNaam":"Amazon Counter - ARTEMIS","straatNaam":"VIA PADRE AGOSTINO DA MONTEFELTRO 21","straatNr":"","vervoerder":"Amazon","puntType":"helix","bezettingsgraad":50,"latitude":43.66024,"longitude":10.279518,"canPickup":true,"canDropoff":false,"openingstijden":null}},{"type":"Feature","geometry":{"type":"Point","coordinates":[10.273713,43.676176]},"properties":{"type":"pakketpunt","locatieNaam":"Amazon Locker - algernon","straatNaam":"Fermopoint/Selfshop h24","straatNr":"","vervoerder":"Amazon","puntType":"locker","bezettingsgraad":50,"latitude":43.676176,"longitude":10.273713,"canPickup":true,"canDropoff":false,"openingstijden":null}},{"type":"Feature","geometry":{"type":"Point","coordinates":[10.27485,43.669922]},"properties":{"type":"pakketpunt","locatieNaam":"Amazon Counter - IL BIRILLO DI RAVAGNI LUCA","straatNaam":"VIA PIETRO MORICONI 41","straatNr":"","vervoerder":"Amazon","puntType":"helix","bezettingsgraad":50,"latitude":43.669922,"longitude":10.27485,"canPickup":true,"canDropoff":false,"openingstijden":null}},{"type":"Feature","geometry":{"type":"Point","coordinates":[10.438642,43.651615]},"properties":{"type":"pakketpunt","locatieNaam":"Amazon Locker - ellenia","straatNaam":"Amazon Logistics DS - DTC2","straatNr":"","vervoerder":"Amazon","puntType":"locker","bezettingsgraad":50,"latitude":43.651615,"longitude":10.438642,"canPickup":true,"canDropoff":false,"openingstijden":null}},{"type":"Feature","geometry":{"type":"Point","coordinates":[10.388969,43.728813]},"properties":{"type":"pakketpunt","locatieNaam":"Amazon Locker - monalda","straatNaam":"Stazione Tamoil - PV 7367","straatNr":"","vervoerder":"Amazon","puntType":"locker","bezettingsgraad":50,"latitude":43.728813,"longitude":10.388969,"canPickup":true,"canDropoff":false,"openingstijden":null}},{"type":"Feature","geometry":{"type":"Point","coordinates":[10.391474,43.721918]},"properties":{"type":"pakketpunt","locatieNaam":"Amazon Locker - delmina","straatNaam":"Eni Station pv. 5211","straatNr":"","vervoerder":"Amazon","puntType":"locker","bezettingsgraad":50,"latitude":43.721918,"longitude":10.391474,"canPickup":true,"canDropoff":false,"openingstijden":null}},{"type":"Feature","geometry":{"type":"Point","coordinates":[10.43284,43.709827]},"properties":{"type":"pakketpunt","locatieNaam":"Amazon Locker - remigio","straatNaam":"PENNY MARKET - Pisa","straatNr":"","vervoerder":"Amazon","puntType":"locker","bezettingsgraad":50,"latitude":43.709827,"longitude":10.43284,"canPickup":true,"canDropoff":false,"openingstijden":null}},{"type":"Feature","geometry":{"type":"Point","coordinates":[10.372917,43.70949]},"properties":{"type":"pakketpunt","locatieNaam":"Amazon Locker - levantina","straatNaam":"Misericordia di Pisa","straatNr":"","vervoerder":"Amazon","puntType":"locker","bezettingsgraad":50,"latitude":43.70949,"longitude":10.372917,"canPickup":true,"canDropoff":false,"openingstijden":null}},{"type":"Feature","geometry":{"type":"Point","coordinates":[10.41946,43.721573]},"properties":{"type":"pakketpunt","locatieNaam":"Amazon Locker - cenza","straatNaam":"Eni Station pv.34200","straatNr":"","vervoerder":"Amazon","puntType":"locker","bezettingsgraad":50,"latitude":43.721573,"longitude":10.41946,"canPickup":true,"canDropoff":false,"openingstijden":null}},{"type":"Feature","geometry":{"type":"Point","coordinates":[10.4115811,43.7040503]},"properties":{"type":"pakketpunt","locatieNaam":"Amazon Locker - aronte","straatNaam":"Eni Station pv. 56394","straatNr":"","vervoerder":"Amazon","puntType":"locker","bezettingsgraad":50,"latitude":43.7040503,"longitude":10.4115811,"canPickup":true,"canDropoff":false,"openingstijden":null}},{"type":"Feature","geometry":{"type":"Point","coordinates":[10.4292277,43.7099852]},"properties":{"type":"pakketpunt","locatieNaam":"Amazon Locker - benizia","straatNaam":"Fermopoint / Pubblica Assistenza S.R. Pisa","straatNr":"","vervoerder":"Amazon","puntType":"locker","bezettingsgraad":50,"latitude":43.7099852,"longitude":10.4292277,"canPickup":true,"canDropoff":false,"openingstijden":null}},{"type":"Feature","geometry":{"type":"Point","coordinates":[10.385277,43.732848]},"properties":{"type":"pakketpunt","locatieNaam":"Amazon Counter (fermopoint)","straatNaam":"Artcom Sas","straatNr":"","vervoerder":"Amazon","puntType":"helix","bezettingsgraad":50,"latitude":43.732848,"longitude":10.385277,"canPickup":true,"canDropoff":false,"openingstijden":null}},{"type":"Feature","geometry":{"type":"Point","coordinates":[10.3820013411045,43.7179235051563]},"properties":{"type":"pakketpunt","locatieNaam":"Amazon Counter (fermopoint)","straatNaam":"Distributore Q8 - Pisa","straatNr":"","vervoerder":"Amazon","puntType":"helix","bezettingsgraad":50,"latitude":43.7179235051563,"longitude":10.3820013411045,"canPickup":true,"canDropoff":false,"openingstijden":null}},{"type":"Feature","geometry":{"type":"Point","coordinates":[10.3985116,43.7097074]},"properties":{"type":"pakketpunt","locatieNaam":"Amazon Counter (fermopoint)","straatNaam":"Tabaccheria Renda","straatNr":"","vervoerder":"Amazon","puntType":"helix","bezettingsgraad":50,"latitude":43.7097074,"longitude":10.3985116,"canPickup":true,"canDropoff":false,"openingstijden":null}},{"type":"Feature","geometry":{"type":"Point","coordinates":[10.432703,43.707434]},"properties":{"type":"pakketpunt","locatieNaam":"Amazon Locker - armistizio","straatNaam":"Eni Station pv. 5291","straatNr":"","vervoerder":"Amazon","puntType":"locker","bezettingsgraad":50,"latitude":43.707434,"longitude":10.432703,"canPickup":true,"canDropoff":false,"openingstijden":null}},{"type":"Feature","geometry":{"type":"Point","coordinates":[10.39152,43.71642]},"properties":{"type":"pakketpunt","locatieNaam":"Amazon Counter - Tabacchi Vecchi Macelli","straatNaam":"Via Nicola Pisano , 23","straatNr":"","vervoerder":"Amazon","puntType":"helix","bezettingsgraad":50,"latitude":43.71642,"longitude":10.39152,"canPickup":true,"canDropoff":false,"openingstijden":null}},{"type":"Feature","geometry":{"type":"Point","coordinates":[10.2752,43.6685]},"properties":{"type":"pakketpunt","locatieNaam":"Ufficio Postale MARINA DI PISA","straatNaam":"PIAZZA GORGONA 8","straatNr":"","vervoerder":"Amazon","puntType":"3p","bezettingsgraad":50,"latitude":43.6685,"longitude":10.2752,"canPickup":true,"canDropoff":false,"openingstijden":null}},{"type":"Feature","geometry":{"type":"Point","coordinates":[10.2763031,43.667032]},"properties":{"type":"pakketpunt","locatieNaam":"Amazon Counter","straatNaam":"Carlo Musto Parrucchieri-Solo Counter (fermopoint)","straatNr":"","vervoerder":"Amazon","puntType":"helix","bezettingsgraad":50,"latitude":43.667032,"longitude":10.2763031,"canPickup":true,"canDropoff":false,"openingstijden":null}},{"type":"Feature","geometry":{"type":"Point","coordinates":[10.2745,43.6685]},"properties":{"type":"pakketpunt","locatieNaam":"PuntoPoste TABACCHERIA N. 60","straatNaam":"VIA DELLA REPUBBLICA PISANA 45/A","straatNr":"","vervoerder":"Amazon","puntType":"3p","bezettingsgraad":50,"latitude":43.6685,"longitude":10.2745,"canPickup":true,"canDropoff":false,"openingstijden":null}},{"type":"Feature","geometry":{"type":"Point","coordinates":[10.2735711049108,43.6761560502002]},"properties":{"type":"pakketpunt","locatieNaam":"Amazon Counter (fermopoint)","straatNaam":"Civico 14 Libreria","straatNr":"","vervoerder":"Amazon","puntType":"helix","bezettingsgraad":50,"latitude":43.6761560502002,"longitude":10.2735711049108,"canPickup":true,"canDropoff":false,"openingstijden":null}},{"type":"Feature","geometry":{"type":"Point","coordinates":[10.3474,43.679]},"properties":{"type":"pakketpunt","locatieNaam":"Ufficio Postale SAN PIERO A GRADO","straatNaam":"VIA LIVORNESE 1237","straatNr":"","vervoerder":"Amazon","puntType":"3p","bezettingsgraad":50,"latitude":43.679,"longitude":10.3474,"canPickup":true,"canDropoff":false,"openingstijden":null}},{"type":"Feature","geometry":{"type":"Point","coordinates":[10.34822,43.6796428]},"properties":{"type":"pakketpunt","locatieNaam":"Amazon Counter - PRIMAEDICOLA","straatNaam":"L'EDICOLA DI ZANNI FABIO","straatNr":"","vervoerder":"Amazon","puntType":"helix","bezettingsgraad":50,"latitude":43.6796428,"longitude":10.34822,"canPickup":true,"canDropoff":false,"openingstijden":null}},{"type":"Feature","geometry":{"type":"Point","coordinates":[10.367422,43.690711]},"properties":{"type":"pakketpunt","locatieNaam":"Amazon Counter - LA BETTOLA TABACCHI BAR","straatNaam":"VIA LIVORNESE 621","straatNr":"","vervoerder":"Amazon","puntType":"helix","bezettingsgraad":50,"latitude":43.690711,"longitude":10.367422,"canPickup":true,"canDropoff":false,"openingstijden":null}},{"type":"Feature","geometry":{"type":"Point","coordinates":[10.3519688,43.6872853]},"properties":{"type":"pakketpunt","locatieNaam":"Amazon Counter - Greenservice","straatNaam":"Via Grazia Deledda, 9","straatNr":"","vervoerder":"Amazon","puntType":"helix","bezettingsgraad":50,"latitude":43.6872853,"longitude":10.3519688,"canPickup":true,"canDropoff":false,"openingstijden":null}},{"type":"Feature","geometry":{"type":"Point","coordinates":[10.432923,43.678107]},"properties":{"type":"pakketpunt","locatieNaam":"Amazon Counter","straatNaam":"01 Motori (fermopoint)","straatNr":"","vervoerder":"Amazon","puntType":"helix","bezettingsgraad":50,"latitude":43.678107,"longitude":10.432923,"canPickup":true,"canDropoff":false,"openingstijden":null}},{"type":"Feature","geometry":{"type":"Point","coordinates":[10.4302,43.6759]},"properties":{"type":"pakketpunt","locatieNaam":"PuntoPoste TABACCHERIA N. 123","straatNaam":"VIA EMILIA 450","straatNr":"","vervoerder":"Amazon","puntType":"3p","bezettingsgraad":50,"latitude":43.6759,"longitude":10.4302,"canPickup":true,"canDropoff":false,"openingstijden":null}},{"type":"Feature","geometry":{"type":"Point","coordinates":[10.447394,43.696689]},"properties":{"type":"pakketpunt","locatieNaam":"Amazon Counter - PRIMAEDICOLA","straatNaam":"LAMBARDI CRISTIANA","straatNr":"","vervoerder":"Amazon","puntType":"helix","bezettingsgraad":50,"latitude":43.696689,"longitude":10.447394,"canPickup":true,"canDropoff":false,"openingstijden":null}},{"type":"Feature","geometry":{"type":"Point","coordinates":[10.4479238,43.6937208]},"properties":{"type":"pakketpunt","locatieNaam":"Amazon Counter","straatNaam":"Cartoleria Merceria Lucia (fermopoint)","straatNr":"","vervoerder":"Amazon","puntType":"helix","bezettingsgraad":50,"latitude":43.6937208,"longitude":10.4479238,"canPickup":true,"canDropoff":false,"openingstijden":null}},{"type":"Feature","geometry":{"type":"Point","coordinates":[10.4285,43.6883]},"properties":{"type":"pakketpunt","locatieNaam":"PuntoPoste TABACCHERIA N. 149","straatNaam":"VIA SCORNIGIANA 52","straatNr":"","vervoerder":"Amazon","puntType":"3p","bezettingsgraad":50,"latitude":43.6883,"longitude":10.4285,"canPickup":true,"canDropoff":false,"openingstijden":null}},{"type":"Feature","geometry":{"type":"Polygon","coordinates":[[[10.2760085,43.7501248],[10.2765477,43.7492949],[10.2782883,43.7477741],[10.2786579,43.7476154],[10.2813414,43.747294],[10.2850411,43.7480501],[10.2866379,43.7481703],[10.2875834,43.7481385],[10.2882687,43.748259],[10.2887722,43.7484669],[10.2894227,43.7488953],[10.2898607,43.7492701],[10.2902036,43.749697],[10.2907244,43.7498621],[10.2913069,43.7499469],[10.2928593,43.7499284],[10.2961731,43.7503904],[10.2969491,43.750306],[10.2985149,43.7507749],[10.2991584,43.7506655],[10.3017499,43.74871],[10.3026028,43.7479173],[10.3041214,43.7454097],[10.3046105,43.7447705],[10.3043961,43.7438401],[10.304422,43.7436034],[10.3054899,43.7415722],[10.3062312,43.7403885],[10.307268,43.7396705],[10.3089787,43.7388135],[10.3104222,43.73761],[10.3118467,43.7354695],[10.3128621,43.7346165],[10.3143255,43.7335338],[10.3155497,43.7327496],[10.3174442,43.7317623],[10.320495,43.730622],[10.3235356,43.7298754],[10.3247975,43.7296667],[10.3277924,43.7295208],[10.3282726,43.7296956],[10.3285236,43.7299251],[10.3287576,43.7304222],[10.3288075,43.7316601],[10.3289421,43.7322051],[10.3291964,43.7326691],[10.3296151,43.7331537],[10.3367734,43.7330153],[10.3379274,43.7327981],[10.3398341,43.7321091],[10.3411733,43.7320898],[10.3546772,43.735041],[10.3773826,43.7378857],[10.3913665,43.7394244],[10.3957118,43.7395605],[10.3998515,43.7395777],[10.4023041,43.7392293],[10.4117962,43.7376167],[10.4242338,43.7372524],[10.4241595,43.7369804],[10.4227204,43.7341305],[10.4210992,43.7310564],[10.4168173,43.7258876],[10.4187616,43.7240725],[10.4186597,43.7240333],[10.418861,43.7236664],[10.4195691,43.7237004],[10.4221144,43.7215515],[10.4211091,43.7210074],[10.4217451,43.7208477],[10.4218853,43.7206957],[10.4238162,43.7196298],[10.4273038,43.7181837],[10.4285668,43.7177935],[10.4283122,43.7166109],[10.4336231,43.7146891],[10.4437169,43.7106898],[10.4453076,43.7107288],[10.4457181,43.7091629],[10.4473538,43.7049739],[10.4477566,43.7031677],[10.4495209,43.7032485],[10.4504269,43.7030463],[10.4502815,43.7027567],[10.4523859,43.7018155],[10.4525716,43.7018313],[10.4527631,43.7020981],[10.4556945,43.700982],[10.4562831,43.7008968],[10.4532445,43.6970273],[10.4532468,43.6968452],[10.455215,43.6955276],[10.4552649,43.6934768],[10.455111,43.6930253],[10.4538459,43.6913267],[10.4539039,43.6912646],[10.4529418,43.6899595],[10.4528329,43.6899749],[10.44416,43.6779941],[10.4413196,43.6733668],[10.4424764,43.6728126],[10.4425457,43.6727133],[10.4425091,43.6721117],[10.4423025,43.6713862],[10.4406697,43.6677829],[10.4384565,43.6640191],[10.437866,43.6620165],[10.4389355,43.6603312],[10.4385796,43.6600332],[10.438101,43.658254],[10.4381414,43.657714],[10.440876,43.6507153],[10.4379895,43.6485699],[10.4379131,43.6486917],[10.4157458,43.6318749],[10.4156659,43.631514],[10.4126042,43.6292324],[10.4124102,43.6291179],[10.4115664,43.6291088],[10.4103757,43.6216995],[10.4091517,43.6202901],[10.3771286,43.6091689],[10.3681119,43.6049549],[10.3664738,43.6044158],[10.3670662,43.6026068],[10.362919,43.6014151],[10.3597491,43.6006633],[10.3555344,43.6004355],[10.3528283,43.6000293],[10.3511131,43.5995624],[10.349798,43.5990443],[10.3392357,43.5954875],[10.3310749,43.5932081],[10.3260157,43.5919212],[10.3129344,43.5882479],[10.3063865,43.5863312],[10.3045459,43.5856361],[10.3030911,43.584658],[10.3011227,43.5825226],[10.3004349,43.582],[10.2982454,43.5809058],[10.2975549,43.5807231],[10.2972592,43.5813886],[10.2960312,43.5812361],[10.2922925,43.581187],[10.2922281,43.581306],[10.2923039,43.5814221],[10.2953391,43.5813972],[10.2957691,43.5828724],[10.295844,43.5836289],[10.2957939,43.5843153],[10.2955598,43.5852159],[10.294713,43.5874709],[10.2936509,43.5897475],[10.2922834,43.5935642],[10.2910867,43.5977673],[10.290702,43.5993708],[10.2903645,43.6014346],[10.2898279,43.6039105],[10.289694,43.6054328],[10.28934,43.6065662],[10.2884039,43.6127992],[10.2880241,43.6160873],[10.2875759,43.619096],[10.2876328,43.6198907],[10.2873848,43.62349],[10.2872822,43.6276565],[10.2868589,43.6331061],[10.2869363,43.6333727],[10.2866631,43.6344961],[10.2867154,43.6347689],[10.2863627,43.6365324],[10.2863211,43.6374516],[10.286012,43.639104],[10.2859788,43.6399081],[10.2856006,43.6403817],[10.2853565,43.6402992],[10.2852975,43.6403555],[10.2856864,43.6404661],[10.285716,43.6407398],[10.2851439,43.643895],[10.284736,43.6443333],[10.2844674,43.6445025],[10.2844407,43.6446457],[10.2841618,43.644706],[10.2841026,43.6449813],[10.2842277,43.6448837],[10.284345,43.6449906],[10.2844452,43.6454741],[10.2842622,43.6457077],[10.2842169,43.6459194],[10.2840198,43.6460804],[10.2837966,43.6454752],[10.2836873,43.645445],[10.2838892,43.6460801],[10.2838303,43.64659],[10.2839829,43.646733],[10.2839432,43.6465346],[10.2840197,43.6464529],[10.2842602,43.6464679],[10.2844315,43.6466413],[10.284386,43.6468108],[10.2842212,43.6469194],[10.2841689,43.6471193],[10.2842978,43.6476192],[10.2842051,43.6479137],[10.2840098,43.6480829],[10.2838505,43.6480653],[10.2838545,43.6479545],[10.283782,43.6479516],[10.2835886,43.6486309],[10.2836853,43.6486659],[10.2837538,43.6484385],[10.2838706,43.648456],[10.2840507,43.6486717],[10.2840359,43.6488466],[10.2836988,43.6489769],[10.2836329,43.6487913],[10.2834441,43.6487033],[10.2835241,43.6490653],[10.2840564,43.6491485],[10.2839727,43.6493381],[10.2835178,43.6494721],[10.283508,43.6491855],[10.2833955,43.6491736],[10.2834365,43.6493681],[10.2832973,43.6500428],[10.2833841,43.6500456],[10.2834476,43.6499342],[10.2835764,43.6500433],[10.2835564,43.6501645],[10.2832875,43.6502415],[10.2831609,43.6499611],[10.2830357,43.6499581],[10.2831388,43.650444],[10.2833815,43.6503948],[10.2834266,43.6505188],[10.2834003,43.6506247],[10.2831781,43.6505888],[10.2829326,43.6504147],[10.2830449,43.6507654],[10.2831855,43.6506208],[10.2833426,43.6506669],[10.2834036,43.6508225],[10.2833009,43.6509618],[10.2831315,43.6510258],[10.2829253,43.6507611],[10.2828418,43.6508108],[10.282994,43.6510737],[10.2828565,43.651342],[10.2829105,43.6513846],[10.2830578,43.6512407],[10.28321,43.6513828],[10.2831816,43.6516042],[10.2828516,43.651747],[10.2826405,43.6517221],[10.282692,43.6514734],[10.2825889,43.6514557],[10.2824023,43.6520081],[10.2824121,43.6521556],[10.2824861,43.6521439],[10.2825693,43.6519086],[10.2830889,43.652077],[10.2831054,43.6521844],[10.2830021,43.6524334],[10.2827263,43.6525872],[10.2824809,43.6525675],[10.2823818,43.6522238],[10.2823271,43.652256],[10.2823596,43.652526],[10.2822648,43.652772],[10.282613,43.6528179],[10.2826129,43.6529065],[10.2824546,43.6530137],[10.282255,43.6529976],[10.2822476,43.6528395],[10.282117,43.6527617],[10.2820414,43.6531272],[10.2821622,43.6532665],[10.2821421,43.6534168],[10.2819138,43.6537454],[10.2820291,43.6537951],[10.2821372,43.6536903],[10.2823287,43.6537916],[10.2823287,43.6538893],[10.2821568,43.654026],[10.2819825,43.6540189],[10.2818794,43.6539497],[10.2819997,43.6538378],[10.2817787,43.6537969],[10.2815993,43.6543375],[10.2813882,43.654463],[10.2814039,43.6545748],[10.2817557,43.6543516],[10.2819368,43.6544305],[10.2819636,43.6546381],[10.2818622,43.6547579],[10.2816283,43.6548147],[10.2815136,43.6547845],[10.2815529,43.6546051],[10.2814448,43.6546371],[10.2812411,43.6550048],[10.2813344,43.6550332],[10.2815157,43.6548361],[10.2816646,43.6549147],[10.2817423,43.6550612],[10.2817035,43.6551854],[10.2813924,43.6553548],[10.2811962,43.6553271],[10.2811551,43.6549426],[10.2810275,43.6550297],[10.2810054,43.6554116],[10.2804979,43.6553222],[10.2805019,43.6553882],[10.2811391,43.6556029],[10.28117,43.6558878],[10.2810575,43.6563174],[10.280658,43.6571004],[10.2801824,43.6570391],[10.2801589,43.6571413],[10.2805275,43.6572187],[10.2804059,43.6580878],[10.2802546,43.6582608],[10.280004,43.658249],[10.2801806,43.6583544],[10.2798269,43.6588361],[10.2795028,43.6587722],[10.2794734,43.6588272],[10.2797304,43.6589513],[10.2796272,43.6590856],[10.279501,43.6590588],[10.2794607,43.6591245],[10.279524,43.6591674],[10.2791792,43.6592473],[10.2787586,43.6592079],[10.2787217,43.6592671],[10.2789864,43.659355],[10.2789934,43.6594635],[10.2788287,43.6600941],[10.2785919,43.660588],[10.2786132,43.6612165],[10.2781036,43.6620506],[10.2775665,43.6625779],[10.2774391,43.6632275],[10.277038,43.6639268],[10.2760144,43.6635624],[10.2759429,43.6636953],[10.2763895,43.6638589],[10.2763822,43.664082],[10.275699,43.665673],[10.2755455,43.6658915],[10.2750708,43.6657701],[10.2750277,43.6658464],[10.2754064,43.6659637],[10.274546,43.6677419],[10.2743124,43.668029],[10.2738869,43.6679283],[10.2738631,43.6679783],[10.2741286,43.6680599],[10.2740773,43.6682959],[10.2732724,43.6697993],[10.2727446,43.6697005],[10.2727236,43.6697536],[10.2732057,43.6699145],[10.2730386,43.6703715],[10.2723645,43.6716132],[10.2720669,43.6717693],[10.2718999,43.6719615],[10.2717603,43.6723448],[10.2718848,43.6724785],[10.2715792,43.6730397],[10.271626,43.6731489],[10.2713692,43.673607],[10.2710048,43.6736196],[10.2710192,43.6737033],[10.2712342,43.6737402],[10.2711473,43.6739237],[10.2710655,43.6739805],[10.2707116,43.6738376],[10.2703728,43.6743777],[10.2703594,43.6745552],[10.2705351,43.6747395],[10.2705887,43.6749412],[10.2705365,43.6751526],[10.2703245,43.6751481],[10.2703996,43.6753651],[10.2703084,43.6754466],[10.2698055,43.6754961],[10.2697948,43.675564],[10.2700026,43.6756629],[10.2699745,43.6757677],[10.269658,43.6760683],[10.2693602,43.6765803],[10.2693669,43.6767565],[10.2692744,43.6768021],[10.269268,43.6769027],[10.2690042,43.6768773],[10.2690501,43.6769498],[10.2693184,43.6769825],[10.2693633,43.6769148],[10.26973,43.6770883],[10.2699729,43.6773482],[10.2700744,43.6776431],[10.270071,43.6778147],[10.2698068,43.6778041],[10.269782,43.677871],[10.2699839,43.6779922],[10.2703131,43.6780364],[10.2701515,43.6779374],[10.2707013,43.6769791],[10.2730528,43.6770178],[10.27316,43.6773612],[10.2726131,43.6776078],[10.272596,43.6779169],[10.2729826,43.6780894],[10.27335,43.6779253],[10.2733324,43.6774375],[10.2732029,43.6770244],[10.2738848,43.676898],[10.2738922,43.6771593],[10.2741537,43.6777694],[10.2740138,43.6778193],[10.2743436,43.6783259],[10.2745989,43.6791035],[10.2730637,43.6790507],[10.2718448,43.6789042],[10.2706849,43.678647],[10.2708358,43.6783502],[10.2707601,43.6783308],[10.2706593,43.67852],[10.2696498,43.6781932],[10.2694858,43.6782677],[10.2691052,43.6782373],[10.2688151,43.6780861],[10.2685493,43.6777665],[10.2684973,43.6774533],[10.2686182,43.6771736],[10.2684902,43.6771716],[10.2684553,43.6773368],[10.2685262,43.6777811],[10.2688385,43.6781452],[10.2701904,43.6787546],[10.2713264,43.6790365],[10.2726101,43.6792333],[10.2726228,43.679309],[10.2763943,43.6805453],[10.278135,43.6804715],[10.2787667,43.6814242],[10.2789129,43.68185],[10.2789679,43.6815474],[10.2791174,43.6814077],[10.27955,43.6812506],[10.279908,43.681277],[10.2802373,43.6814534],[10.2805422,43.6816886],[10.2810829,43.6823913],[10.2811432,43.6826686],[10.2808736,43.6827966],[10.2809125,43.6828567],[10.2814288,43.6826628],[10.2816796,43.6829207],[10.282039,43.683555],[10.2821396,43.6844802],[10.2817199,43.6845704],[10.2817547,43.68465],[10.2821732,43.6845559],[10.2823421,43.6847314],[10.2825379,43.6853075],[10.2827606,43.6867428],[10.2823768,43.6867809],[10.2823916,43.6868585],[10.2827364,43.6868073],[10.2829175,43.687281],[10.2828437,43.6890974],[10.2823254,43.6891187],[10.2823327,43.6892036],[10.282833,43.6891866],[10.2830757,43.6897452],[10.2827391,43.6917234],[10.2825715,43.6918854],[10.282212,43.6918728],[10.2822067,43.6919421],[10.2825513,43.6919717],[10.2825728,43.692154],[10.2819036,43.694263],[10.2816823,43.6945694],[10.2814469,43.6945753],[10.281451,43.6946305],[10.281854,43.6946819],[10.2820739,43.6949447],[10.2820283,43.6959008],[10.2818298,43.6966765],[10.2812988,43.6980689],[10.2806081,43.6981125],[10.2812505,43.6981522],[10.2813148,43.698544],[10.2811687,43.6993962],[10.2804968,43.7011579],[10.2801964,43.7016214],[10.2797129,43.7016122],[10.2807462,43.7017678],[10.280946,43.7019239],[10.2811244,43.7022942],[10.281103,43.7029322],[10.2808213,43.7046948],[10.2805075,43.7052319],[10.2802205,43.7067675],[10.2797109,43.7080278],[10.2792361,43.7087452],[10.2794856,43.7090651],[10.2794641,43.7095421],[10.2793702,43.7104979],[10.2789465,43.712111],[10.2788848,43.7128244],[10.278528,43.7133382],[10.2783376,43.7141447],[10.2779835,43.7151218],[10.277769,43.7154339],[10.2769053,43.716159],[10.2766022,43.716979],[10.2767685,43.7173279],[10.2772647,43.7176905],[10.2774525,43.7180976],[10.2772218,43.7192374],[10.2775061,43.7196465],[10.2778414,43.7198093],[10.2787089,43.7211423],[10.2788338,43.7221568],[10.2788355,43.7235182],[10.27852,43.7253357],[10.2778828,43.7273065],[10.2768785,43.7297142],[10.2754677,43.7339027],[10.275182,43.7340048],[10.27504,43.733857],[10.2749158,43.7341419],[10.2745158,43.734325],[10.2745718,43.7343856],[10.275363,43.7341419],[10.276983,43.7339767],[10.278464,43.7339531],[10.2787708,43.7337954],[10.2790028,43.7338143],[10.2791946,43.7339292],[10.2792078,43.7342991],[10.2788774,43.7344491],[10.2785906,43.7344224],[10.2784901,43.7343029],[10.2770196,43.7343303],[10.275884,43.7342441],[10.2754066,43.7342703],[10.2748769,43.7344457],[10.2749587,43.7344922],[10.2754376,43.7343707],[10.2760582,43.734412],[10.2768444,43.7345774],[10.2768732,43.7344234],[10.2780309,43.7351521],[10.2781284,43.7351215],[10.2773935,43.7346467],[10.2777046,43.7345111],[10.2782679,43.7346622],[10.2786219,43.7349743],[10.2788874,43.735482],[10.2790725,43.7367078],[10.2790672,43.7378018],[10.2785522,43.7401427],[10.2785414,43.7407667],[10.2783376,43.7414798],[10.2782437,43.7424216],[10.2781069,43.7430107],[10.277777,43.7438633],[10.2777019,43.7446442],[10.2770716,43.7461498],[10.2760085,43.7501248]]]},"properties":{"type":"boundary","gemeente":"Pisa"}}]}