{"type":"FeatureCollection","metadata":{"gemeente":"Ravenna","slug":"ravenna","generated_at":"2026-09-26T14:27:50.542824Z","total_points":391,"providers":["PosteItaliane","DPD","InPost","GLS","DHL","Amazon","FedEx"],"bounds":[12.05903604,44.261518,12.34387544,44.554026]},"features":[{"type":"Feature","geometry":{"type":"Point","coordinates":[12.19377268,44.42868411]},"properties":{"type":"pakketpunt","locatieNaam":"Kipoint Via Brunelli","straatNaam":"Via Guglielmo Brunelli","straatNr":"25","vervoerder":"PosteItaliane","puntType":"servicepunt","bezettingsgraad":50,"latitude":44.42868411,"longitude":12.19377268,"canPickup":true,"canDropoff":true,"openingstijden":{"za":"gesloten","zo":"gesloten","ma":"09:00 - 17:00","di":"09:00 - 17:00","wo":"09:00 - 17:00","do":"09:00 - 17:00","vr":"09:00 - 17:00"}}},{"type":"Feature","geometry":{"type":"Point","coordinates":[12.29400905,44.44113904]},"properties":{"type":"pakketpunt","locatieNaam":"Tabaccheria N. 130","straatNaam":"Via Dei Navigatori","straatNr":"26","vervoerder":"PosteItaliane","puntType":"servicepunt","bezettingsgraad":50,"latitude":44.44113904,"longitude":12.29400905,"canPickup":true,"canDropoff":true,"openingstijden":{"za":"07:00 - 13:00, 15:00 - 19:30","zo":"gesloten","ma":"07:00 - 13:00, 15:00 - 19:30","di":"07:00 - 13:00, 15:00 - 19:30","wo":"07:00 - 13:00, 15:00 - 19:30","do":"07:00 - 13:00, 15:00 - 19:30","vr":"07:00 - 13:00, 15:00 - 19:30"}}},{"type":"Feature","geometry":{"type":"Point","coordinates":[12.20963704,44.41665667]},"properties":{"type":"pakketpunt","locatieNaam":"Tabaccheria N. 27","straatNaam":"Via Candiano","straatNr":"13","vervoerder":"PosteItaliane","puntType":"servicepunt","bezettingsgraad":50,"latitude":44.41665667,"longitude":12.20963704,"canPickup":true,"canDropoff":true,"openingstijden":{"za":"07:30 - 20:00","zo":"gesloten","ma":"07:30 - 20:00","di":"07:30 - 20:00","wo":"07:30 - 20:00","do":"07:30 - 20:00","vr":"07:30 - 20:00"}}},{"type":"Feature","geometry":{"type":"Point","coordinates":[12.1996644,44.41906069]},"properties":{"type":"pakketpunt","locatieNaam":"Tabaccheria N. 18","straatNaam":"Via Quattro Novembre","straatNr":"55","vervoerder":"PosteItaliane","puntType":"servicepunt","bezettingsgraad":50,"latitude":44.41906069,"longitude":12.1996644,"canPickup":true,"canDropoff":true,"openingstijden":{"za":"08:00 - 13:00, 16:00 - 20:00","zo":"gesloten","ma":"08:00 - 13:00, 16:00 - 20:00","di":"08:00 - 13:00, 16:00 - 20:00","wo":"08:00 - 13:00, 16:00 - 20:00","do":"08:00 - 13:00, 16:00 - 20:00","vr":"08:00 - 13:00, 16:00 - 20:00"}}},{"type":"Feature","geometry":{"type":"Point","coordinates":[12.19647486,44.29918438]},"properties":{"type":"pakketpunt","locatieNaam":"Tabaccheria N. 54","straatNaam":"Via Petrosa","straatNr":"181","vervoerder":"PosteItaliane","puntType":"servicepunt","bezettingsgraad":50,"latitude":44.29918438,"longitude":12.19647486,"canPickup":true,"canDropoff":true,"openingstijden":{"za":"06:00 - 12:30, 15:30 - 19:30","zo":"06:00 - 12:30","ma":"06:00 - 12:30, 15:30 - 19:30","di":"06:00 - 12:30, 15:30 - 19:30","wo":"06:00 - 12:30, 15:30 - 19:30","do":"06:00 - 12:30, 15:30 - 19:30","vr":"06:00 - 12:30, 15:30 - 19:30"}}},{"type":"Feature","geometry":{"type":"Point","coordinates":[12.15516967,44.5428966]},"properties":{"type":"pakketpunt","locatieNaam":"Tabaccheria N. 42","straatNaam":"Via Olindo Guerrini","straatNr":"13","vervoerder":"PosteItaliane","puntType":"servicepunt","bezettingsgraad":50,"latitude":44.5428966,"longitude":12.15516967,"canPickup":true,"canDropoff":true,"openingstijden":{"za":"07:00 - 13:00, 15:00 - 20:00","zo":"gesloten","ma":"07:00 - 13:00, 15:00 - 20:00","di":"07:00 - 13:00, 15:00 - 20:00","wo":"07:00 - 13:00, 15:00 - 20:00","do":"07:00 - 13:00, 15:00 - 20:00","vr":"07:00 - 13:00, 15:00 - 20:00"}}},{"type":"Feature","geometry":{"type":"Point","coordinates":[12.25465353,44.4063949]},"properties":{"type":"pakketpunt","locatieNaam":"Tabaccheria N. 164","straatNaam":"Via Della Bonifica","straatNr":"48","vervoerder":"PosteItaliane","puntType":"servicepunt","bezettingsgraad":50,"latitude":44.4063949,"longitude":12.25465353,"canPickup":true,"canDropoff":true,"openingstijden":{"za":"06:30 - 13:00, 15:30 - 19:30","zo":"gesloten","ma":"06:30 - 13:00, 15:30 - 19:30","di":"06:30 - 13:00, 15:30 - 19:30","wo":"06:30 - 13:00, 15:30 - 19:30","do":"06:30 - 13:00, 15:30 - 19:30","vr":"06:30 - 13:00, 15:30 - 19:30"}}},{"type":"Feature","geometry":{"type":"Point","coordinates":[12.15957576,44.53999573]},"properties":{"type":"pakketpunt","locatieNaam":"Tabaccheria N. 63","straatNaam":"Via Olindo Guerrini","straatNr":"154","vervoerder":"PosteItaliane","puntType":"servicepunt","bezettingsgraad":50,"latitude":44.53999573,"longitude":12.15957576,"canPickup":true,"canDropoff":true,"openingstijden":{"za":"07:00 - 20:00","zo":"08:30 - 12:30","ma":"07:00 - 20:00","di":"07:00 - 20:00","wo":"07:00 - 20:00","do":"07:00 - 20:00","vr":"07:00 - 20:00"}}},{"type":"Feature","geometry":{"type":"Point","coordinates":[12.21360152,44.26730156]},"properties":{"type":"pakketpunt","locatieNaam":"Tabaccheria N. 51","straatNaam":"Via Dismano","straatNr":"621","vervoerder":"PosteItaliane","puntType":"servicepunt","bezettingsgraad":50,"latitude":44.26730156,"longitude":12.21360152,"canPickup":true,"canDropoff":true,"openingstijden":{"za":"06:30 - 21:00","zo":"06:30 - 21:00","ma":"06:30 - 21:00","di":"06:30 - 21:00","wo":"06:30 - 21:00","do":"06:30 - 21:00","vr":"06:30 - 21:00"}}},{"type":"Feature","geometry":{"type":"Point","coordinates":[12.11078543,44.50886578]},"properties":{"type":"pakketpunt","locatieNaam":"Savarna","straatNaam":"Via Savarna","straatNr":"202","vervoerder":"PosteItaliane","puntType":"postkantoor","bezettingsgraad":50,"latitude":44.50886578,"longitude":12.11078543,"canPickup":true,"canDropoff":true,"openingstijden":{"za":"gesloten","zo":"gesloten","ma":"08:20 - 13:45","di":"gesloten","wo":"gesloten","do":"08:20 - 13:45","vr":"08:20 - 13:45"}}},{"type":"Feature","geometry":{"type":"Point","coordinates":[12.15342876,44.54353821]},"properties":{"type":"pakketpunt","locatieNaam":"Sant'alberto","straatNaam":"Via Bartolo Nigrisoli Sant'alberto","straatNr":"65","vervoerder":"PosteItaliane","puntType":"postkantoor","bezettingsgraad":50,"latitude":44.54353821,"longitude":12.15342876,"canPickup":true,"canDropoff":true,"openingstijden":{"za":"08:20 - 12:45","zo":"gesloten","ma":"08:20 - 13:45","di":"08:20 - 13:45","wo":"08:20 - 13:45","do":"08:20 - 13:45","vr":"08:20 - 13:45"}}},{"type":"Feature","geometry":{"type":"Point","coordinates":[12.27983946,44.55402599]},"properties":{"type":"pakketpunt","locatieNaam":"Casalborsetti","straatNaam":"Viale Delle Viole","straatNr":"6","vervoerder":"PosteItaliane","puntType":"postkantoor","bezettingsgraad":50,"latitude":44.55402599,"longitude":12.27983946,"canPickup":true,"canDropoff":true,"openingstijden":{"za":"08:20 - 12:45","zo":"gesloten","ma":"08:20 - 13:45","di":"08:20 - 13:45","wo":"08:20 - 13:45","do":"08:20 - 13:45","vr":"08:20 - 13:45"}}},{"type":"Feature","geometry":{"type":"Point","coordinates":[12.27781806,44.49389543]},"properties":{"type":"pakketpunt","locatieNaam":"Porto Corsini","straatNaam":"Via Po","straatNr":"19","vervoerder":"PosteItaliane","puntType":"postkantoor","bezettingsgraad":50,"latitude":44.49389543,"longitude":12.27781806,"canPickup":true,"canDropoff":true,"openingstijden":{"za":"08:20 - 12:45","zo":"gesloten","ma":"08:20 - 13:45","di":"08:20 - 13:45","wo":"08:20 - 13:45","do":"08:20 - 13:45","vr":"08:20 - 13:45"}}},{"type":"Feature","geometry":{"type":"Point","coordinates":[12.25660628,44.26151849]},"properties":{"type":"pakketpunt","locatieNaam":"Castiglione Di Ravenna","straatNaam":"Via Domenico Turci","straatNr":"12","vervoerder":"PosteItaliane","puntType":"postkantoor","bezettingsgraad":50,"latitude":44.26151849,"longitude":12.25660628,"canPickup":true,"canDropoff":true,"openingstijden":{"za":"08:20 - 12:45","zo":"gesloten","ma":"08:20 - 13:45","di":"08:20 - 13:45","wo":"08:20 - 13:45","do":"08:20 - 13:45","vr":"08:20 - 13:45"}}},{"type":"Feature","geometry":{"type":"Point","coordinates":[12.20052123,44.41715341]},"properties":{"type":"pakketpunt","locatieNaam":"Ravenna Centro","straatNaam":"Piazza Giuseppe Garibaldi","straatNr":"1","vervoerder":"PosteItaliane","puntType":"postkantoor","bezettingsgraad":50,"latitude":44.41715341,"longitude":12.20052123,"canPickup":true,"canDropoff":true,"openingstijden":{"za":"08:20 - 12:35","zo":"gesloten","ma":"08:20 - 19:05","di":"08:20 - 19:05","wo":"08:20 - 19:05","do":"08:20 - 19:05","vr":"08:20 - 19:05"}}},{"type":"Feature","geometry":{"type":"Point","coordinates":[12.21805951,44.39368575]},"properties":{"type":"pakketpunt","locatieNaam":"Ravenna 6","straatNaam":"Via Romea Sud","straatNr":"53","vervoerder":"PosteItaliane","puntType":"postkantoor","bezettingsgraad":50,"latitude":44.39368575,"longitude":12.21805951,"canPickup":true,"canDropoff":true,"openingstijden":{"za":"08:20 - 12:35","zo":"gesloten","ma":"08:20 - 13:35","di":"08:20 - 13:35","wo":"08:20 - 13:35","do":"08:20 - 13:35","vr":"08:20 - 13:35"}}},{"type":"Feature","geometry":{"type":"Point","coordinates":[12.14483073,44.30140615]},"properties":{"type":"pakketpunt","locatieNaam":"San Pietro In Vincoli","straatNaam":"Via Epaminonda Farini","straatNr":"23","vervoerder":"PosteItaliane","puntType":"postkantoor","bezettingsgraad":50,"latitude":44.30140615,"longitude":12.14483073,"canPickup":true,"canDropoff":true,"openingstijden":{"za":"08:20 - 12:45","zo":"gesloten","ma":"08:20 - 13:45","di":"08:20 - 13:45","wo":"08:20 - 13:45","do":"08:20 - 13:45","vr":"08:20 - 13:45"}}},{"type":"Feature","geometry":{"type":"Point","coordinates":[12.08714905,44.42039886]},"properties":{"type":"pakketpunt","locatieNaam":"Piangipane","straatNaam":"Piazza Ventidue Giugno 1944","straatNr":"4","vervoerder":"PosteItaliane","puntType":"postkantoor","bezettingsgraad":50,"latitude":44.42039886,"longitude":12.08714905,"canPickup":true,"canDropoff":true,"openingstijden":{"za":"08:20 - 12:45","zo":"gesloten","ma":"08:20 - 13:45","di":"08:20 - 13:45","wo":"08:20 - 13:45","do":"08:20 - 13:45","vr":"08:20 - 13:45"}}},{"type":"Feature","geometry":{"type":"Point","coordinates":[12.19057548,44.41656788]},"properties":{"type":"pakketpunt","locatieNaam":"Ravenna 7","straatNaam":"Circonvallazione Fiume Montone Abbandonato","straatNr":"88/b","vervoerder":"PosteItaliane","puntType":"postkantoor","bezettingsgraad":50,"latitude":44.41656788,"longitude":12.19057548,"canPickup":true,"canDropoff":true,"openingstijden":{"za":"08:20 - 12:35","zo":"gesloten","ma":"08:20 - 13:35","di":"08:20 - 13:35","wo":"08:20 - 13:35","do":"08:20 - 13:35","vr":"08:20 - 13:35"}}},{"type":"Feature","geometry":{"type":"Point","coordinates":[12.29227295,44.30803664]},"properties":{"type":"pakketpunt","locatieNaam":"Savio","straatNaam":"Via Rovereto","straatNr":"14","vervoerder":"PosteItaliane","puntType":"postkantoor","bezettingsgraad":50,"latitude":44.30803664,"longitude":12.29227295,"canPickup":true,"canDropoff":true,"openingstijden":{"za":"08:20 - 12:45","zo":"gesloten","ma":"08:20 - 13:45","di":"08:20 - 13:45","wo":"08:20 - 13:45","do":"08:20 - 13:45","vr":"08:20 - 13:45"}}},{"type":"Feature","geometry":{"type":"Point","coordinates":[12.21849969,44.41878011]},"properties":{"type":"pakketpunt","locatieNaam":"Ravenna 4","straatNaam":"Via Pola","straatNr":"22","vervoerder":"PosteItaliane","puntType":"postkantoor","bezettingsgraad":50,"latitude":44.41878011,"longitude":12.21849969,"canPickup":true,"canDropoff":true,"openingstijden":{"za":"08:20 - 12:35","zo":"gesloten","ma":"08:20 - 13:35","di":"08:20 - 13:35","wo":"08:20 - 13:35","do":"08:20 - 13:35","vr":"08:20 - 13:35"}}},{"type":"Feature","geometry":{"type":"Point","coordinates":[12.29146092,44.44499766]},"properties":{"type":"pakketpunt","locatieNaam":"Punta Marina","straatNaam":"Via Dell' Ancora","straatNr":"110","vervoerder":"PosteItaliane","puntType":"postkantoor","bezettingsgraad":50,"latitude":44.44499766,"longitude":12.29146092,"canPickup":true,"canDropoff":true,"openingstijden":{"za":"08:20 - 12:45","zo":"gesloten","ma":"08:20 - 13:45","di":"08:20 - 13:45","wo":"08:20 - 13:45","do":"08:20 - 13:45","vr":"08:20 - 13:45"}}},{"type":"Feature","geometry":{"type":"Point","coordinates":[12.05903604,44.4356465]},"properties":{"type":"pakketpunt","locatieNaam":"Santerno","straatNaam":"Strada Santerno Ammonite","straatNr":"337","vervoerder":"PosteItaliane","puntType":"postkantoor","bezettingsgraad":50,"latitude":44.4356465,"longitude":12.05903604,"canPickup":true,"canDropoff":true,"openingstijden":{"za":"gesloten","zo":"gesloten","ma":"gesloten","di":"gesloten","wo":"08:20 - 13:45","do":"gesloten","vr":"gesloten"}}},{"type":"Feature","geometry":{"type":"Point","coordinates":[12.19637203,44.29870166]},"properties":{"type":"pakketpunt","locatieNaam":"Campiano","straatNaam":"Via Pio La Torre","straatNr":"4","vervoerder":"PosteItaliane","puntType":"postkantoor","bezettingsgraad":50,"latitude":44.29870166,"longitude":12.19637203,"canPickup":true,"canDropoff":true,"openingstijden":{"za":"08:20 - 12:45","zo":"gesloten","ma":"08:20 - 13:45","di":"08:20 - 13:45","wo":"08:20 - 13:45","do":"08:20 - 13:45","vr":"08:20 - 13:45"}}},{"type":"Feature","geometry":{"type":"Point","coordinates":[12.20689621,44.43467279]},"properties":{"type":"pakketpunt","locatieNaam":"Ravenna 5","straatNaam":"Via Lago Di Como","straatNr":"13","vervoerder":"PosteItaliane","puntType":"postkantoor","bezettingsgraad":50,"latitude":44.43467279,"longitude":12.20689621,"canPickup":true,"canDropoff":true,"openingstijden":{"za":"08:20 - 12:35","zo":"gesloten","ma":"08:20 - 13:35","di":"08:20 - 13:35","wo":"08:20 - 13:35","do":"08:20 - 13:35","vr":"08:20 - 13:35"}}},{"type":"Feature","geometry":{"type":"Point","coordinates":[12.21356129,44.26702114]},"properties":{"type":"pakketpunt","locatieNaam":"San Zaccaria","straatNaam":"Via Dismano","straatNr":"635","vervoerder":"PosteItaliane","puntType":"postkantoor","bezettingsgraad":50,"latitude":44.26702114,"longitude":12.21356129,"canPickup":true,"canDropoff":true,"openingstijden":{"za":"gesloten","zo":"gesloten","ma":"08:20 - 13:45","di":"gesloten","wo":"08:20 - 13:45","do":"gesloten","vr":"08:20 - 13:45"}}},{"type":"Feature","geometry":{"type":"Point","coordinates":[12.24794667,44.4053592]},"properties":{"type":"pakketpunt","locatieNaam":"Porto Fuori","straatNaam":"Via Della Bonifica","straatNr":"5","vervoerder":"PosteItaliane","puntType":"postkantoor","bezettingsgraad":50,"latitude":44.4053592,"longitude":12.24794667,"canPickup":true,"canDropoff":true,"openingstijden":{"za":"08:20 - 12:45","zo":"gesloten","ma":"08:20 - 13:45","di":"08:20 - 13:45","wo":"08:20 - 13:45","do":"08:20 - 13:45","vr":"08:20 - 13:45"}}},{"type":"Feature","geometry":{"type":"Point","coordinates":[12.28225554,44.48853581]},"properties":{"type":"pakketpunt","locatieNaam":"Marina Di Ravenna","straatNaam":"Viale Delle Nazioni","straatNr":"76","vervoerder":"PosteItaliane","puntType":"postkantoor","bezettingsgraad":50,"latitude":44.48853581,"longitude":12.28225554,"canPickup":true,"canDropoff":true,"openingstijden":{"za":"08:20 - 12:45","zo":"gesloten","ma":"08:20 - 13:45","di":"08:20 - 13:45","wo":"08:20 - 13:45","do":"08:20 - 13:45","vr":"08:20 - 13:45"}}},{"type":"Feature","geometry":{"type":"Point","coordinates":[12.20016842,44.40836004]},"properties":{"type":"pakketpunt","locatieNaam":"Ravenna 3","straatNaam":"Via Ravegnana","straatNr":"141","vervoerder":"PosteItaliane","puntType":"postkantoor","bezettingsgraad":50,"latitude":44.40836004,"longitude":12.20016842,"canPickup":true,"canDropoff":true,"openingstijden":{"za":"08:20 - 12:35","zo":"gesloten","ma":"08:20 - 13:35","di":"08:20 - 13:35","wo":"08:20 - 13:35","do":"08:20 - 13:35","vr":"08:20 - 13:35"}}},{"type":"Feature","geometry":{"type":"Point","coordinates":[12.10958648,44.29604495]},"properties":{"type":"pakketpunt","locatieNaam":"Coccolia","straatNaam":"Via Ravegnana","straatNr":"814","vervoerder":"PosteItaliane","puntType":"postkantoor","bezettingsgraad":50,"latitude":44.29604495,"longitude":12.10958648,"canPickup":true,"canDropoff":true,"openingstijden":{"za":"08:20 - 12:45","zo":"gesloten","ma":"gesloten","di":"08:20 - 13:45","wo":"gesloten","do":"08:20 - 13:45","vr":"gesloten"}}},{"type":"Feature","geometry":{"type":"Point","coordinates":[12.18548083,44.31568907]},"properties":{"type":"pakketpunt","locatieNaam":"Santo Stefano","straatNaam":"Via Cella","straatNr":"419","vervoerder":"PosteItaliane","puntType":"postkantoor","bezettingsgraad":50,"latitude":44.31568907,"longitude":12.18548083,"canPickup":true,"canDropoff":true,"openingstijden":{"za":"08:20 - 12:45","zo":"gesloten","ma":"08:20 - 13:45","di":"08:20 - 13:45","wo":"08:20 - 13:45","do":"08:20 - 13:45","vr":"08:20 - 13:45"}}},{"type":"Feature","geometry":{"type":"Point","coordinates":[12.20697968,44.41813458]},"properties":{"type":"pakketpunt","locatieNaam":"Ravenna 2","straatNaam":"Via Giosue' Carducci","straatNr":"38","vervoerder":"PosteItaliane","puntType":"postkantoor","bezettingsgraad":50,"latitude":44.41813458,"longitude":12.20697968,"canPickup":true,"canDropoff":true,"openingstijden":{"za":"08:20 - 12:35","zo":"gesloten","ma":"08:20 - 13:35","di":"08:20 - 13:35","wo":"08:20 - 13:35","do":"08:20 - 13:35","vr":"08:20 - 13:35"}}},{"type":"Feature","geometry":{"type":"Point","coordinates":[12.31198672,44.41090695]},"properties":{"type":"pakketpunt","locatieNaam":"Lido Adriano","straatNaam":"Viale Francesco Petrarca","straatNr":"436","vervoerder":"PosteItaliane","puntType":"postkantoor","bezettingsgraad":50,"latitude":44.41090695,"longitude":12.31198672,"canPickup":true,"canDropoff":true,"openingstijden":{"za":"08:20 - 12:45","zo":"gesloten","ma":"08:20 - 13:45","di":"08:20 - 13:45","wo":"08:20 - 13:45","do":"08:20 - 13:45","vr":"08:20 - 13:45"}}},{"type":"Feature","geometry":{"type":"Point","coordinates":[12.18783823,44.42557748]},"properties":{"type":"pakketpunt","locatieNaam":"Ravenna 1","straatNaam":"Via Giuseppe Bovini","straatNr":"37","vervoerder":"PosteItaliane","puntType":"postkantoor","bezettingsgraad":50,"latitude":44.42557748,"longitude":12.18783823,"canPickup":true,"canDropoff":true,"openingstijden":{"za":"08:20 - 12:35","zo":"gesloten","ma":"08:20 - 13:35","di":"08:20 - 13:35","wo":"08:20 - 13:35","do":"08:20 - 13:35","vr":"08:20 - 13:35"}}},{"type":"Feature","geometry":{"type":"Point","coordinates":[12.08644278,44.46635715]},"properties":{"type":"pakketpunt","locatieNaam":"Mezzano","straatNaam":"Piazza Della Repubblica","straatNr":"10","vervoerder":"PosteItaliane","puntType":"postkantoor","bezettingsgraad":50,"latitude":44.46635715,"longitude":12.08644278,"canPickup":true,"canDropoff":true,"openingstijden":{"za":"08:20 - 12:35","zo":"gesloten","ma":"08:20 - 13:35","di":"08:20 - 13:35","wo":"08:20 - 13:35","do":"08:20 - 13:35","vr":"08:20 - 13:35"}}},{"type":"Feature","geometry":{"type":"Point","coordinates":[12.07797976,44.4559404]},"properties":{"type":"pakketpunt","locatieNaam":"Tabaccheria N. 110","straatNaam":"Strada Santerno Ammonite","straatNr":"109","vervoerder":"PosteItaliane","puntType":"servicepunt","bezettingsgraad":50,"latitude":44.4559404,"longitude":12.07797976,"canPickup":true,"canDropoff":true,"openingstijden":{"za":"07:00 - 12:30, 16:00 - 19:30","zo":"07:00 - 12:30","ma":"07:00 - 12:30, 16:00 - 19:30","di":"07:00 - 12:30, 16:00 - 19:30","wo":"07:00 - 12:30, 16:00 - 19:30","do":"07:00 - 12:30, 16:00 - 19:30","vr":"07:00 - 12:30, 16:00 - 19:30"}}},{"type":"Feature","geometry":{"type":"Point","coordinates":[12.21121565,44.31774745]},"properties":{"type":"pakketpunt","locatieNaam":"Tabaccheria N. 88","straatNaam":"Via Dismano","straatNr":"259","vervoerder":"PosteItaliane","puntType":"servicepunt","bezettingsgraad":50,"latitude":44.31774745,"longitude":12.21121565,"canPickup":true,"canDropoff":true,"openingstijden":{"za":"06:00 - 22:30","zo":"06:00 - 22:30","ma":"06:00 - 20:30","di":"06:00 - 20:30","wo":"06:00 - 20:30","do":"06:00 - 22:30","vr":"06:00 - 22:30"}}},{"type":"Feature","geometry":{"type":"Point","coordinates":[12.13310102,44.44412675]},"properties":{"type":"pakketpunt","locatieNaam":"Tabaccheria N. 122","straatNaam":"Via Reale","straatNr":"40","vervoerder":"PosteItaliane","puntType":"servicepunt","bezettingsgraad":50,"latitude":44.44412675,"longitude":12.13310102,"canPickup":true,"canDropoff":true,"openingstijden":{"za":"06:00 - 20:00","zo":"06:00 - 20:00","ma":"06:00 - 20:00","di":"06:00 - 20:00","wo":"06:00 - 20:00","do":"06:00 - 20:00","vr":"06:00 - 20:00"}}},{"type":"Feature","geometry":{"type":"Point","coordinates":[12.29276192,44.30924233]},"properties":{"type":"pakketpunt","locatieNaam":"Tabaccheria N. 24","straatNaam":"Via Romea Sud","straatNr":"682","vervoerder":"PosteItaliane","puntType":"servicepunt","bezettingsgraad":50,"latitude":44.30924233,"longitude":12.29276192,"canPickup":true,"canDropoff":true,"openingstijden":{"za":"05:00 - 23:59","zo":"05:00 - 23:59","ma":"05:00 - 23:59","di":"05:00 - 23:59","wo":"05:00 - 23:59","do":"05:00 - 23:59","vr":"05:00 - 23:59"}}},{"type":"Feature","geometry":{"type":"Point","coordinates":[12.19136296,44.40357098]},"properties":{"type":"pakketpunt","locatieNaam":"Tabaccheria N. 45","straatNaam":"Viale Enrico Berlinguer","straatNr":"70","vervoerder":"PosteItaliane","puntType":"servicepunt","bezettingsgraad":50,"latitude":44.40357098,"longitude":12.19136296,"canPickup":true,"canDropoff":true,"openingstijden":{"za":"05:30 - 19:00","zo":"07:00 - 12:00","ma":"05:30 - 19:00","di":"05:30 - 19:00","wo":"05:30 - 19:00","do":"05:30 - 19:00","vr":"05:30 - 19:00"}}},{"type":"Feature","geometry":{"type":"Point","coordinates":[12.21045382,44.40732753]},"properties":{"type":"pakketpunt","locatieNaam":"Stazione Di Servizio Tamoil","straatNaam":"Via Panfilia","straatNr":"67","vervoerder":"PosteItaliane","puntType":"automaat","bezettingsgraad":50,"latitude":44.40732753,"longitude":12.21045382,"canPickup":true,"canDropoff":true,"openingstijden":{"za":"00:01 - 23:59","zo":"00:01 - 23:59","ma":"00:01 - 23:59","di":"00:01 - 23:59","wo":"00:01 - 23:59","do":"00:01 - 23:59","vr":"00:01 - 23:59"}}},{"type":"Feature","geometry":{"type":"Point","coordinates":[12.17639652,44.40991496]},"properties":{"type":"pakketpunt","locatieNaam":"Tabaccheria N. 29","straatNaam":"Via Aldo Bozzi","straatNr":"5","vervoerder":"PosteItaliane","puntType":"servicepunt","bezettingsgraad":50,"latitude":44.40991496,"longitude":12.17639652,"canPickup":true,"canDropoff":true,"openingstijden":{"za":"06:00 - 19:30","zo":"gesloten","ma":"06:00 - 19:30","di":"06:00 - 19:30","wo":"06:00 - 19:30","do":"06:00 - 19:30","vr":"06:00 - 19:30"}}},{"type":"Feature","geometry":{"type":"Point","coordinates":[12.19719494,44.40360812]},"properties":{"type":"pakketpunt","locatieNaam":"Stazione Di Servizio Esso","straatNaam":"Via Ravegnana","straatNr":"323","vervoerder":"PosteItaliane","puntType":"automaat","bezettingsgraad":50,"latitude":44.40360812,"longitude":12.19719494,"canPickup":true,"canDropoff":true,"openingstijden":{"za":"00:01 - 23:59","zo":"00:01 - 23:59","ma":"00:01 - 23:59","di":"00:01 - 23:59","wo":"00:01 - 23:59","do":"00:01 - 23:59","vr":"00:01 - 23:59"}}},{"type":"Feature","geometry":{"type":"Point","coordinates":[12.19171235,44.4203558]},"properties":{"type":"pakketpunt","locatieNaam":"Tabaccheria N. 12","straatNaam":"Via Maggiore","straatNr":"78","vervoerder":"PosteItaliane","puntType":"servicepunt","bezettingsgraad":50,"latitude":44.4203558,"longitude":12.19171235,"canPickup":true,"canDropoff":true,"openingstijden":{"za":"08:00 - 13:00, 15:30 - 19:30","zo":"09:00 - 13:00","ma":"08:00 - 13:00, 15:30 - 19:30","di":"08:00 - 13:00, 15:30 - 19:30","wo":"08:00 - 13:00, 15:30 - 19:30","do":"08:00 - 13:00, 15:30 - 19:30","vr":"08:00 - 13:00, 15:30 - 19:30"}}},{"type":"Feature","geometry":{"type":"Point","coordinates":[12.19613786,44.41571721]},"properties":{"type":"pakketpunt","locatieNaam":"Tabaccheria N. 128","straatNaam":"Piazza Del Duomo","straatNr":"10","vervoerder":"PosteItaliane","puntType":"servicepunt","bezettingsgraad":50,"latitude":44.41571721,"longitude":12.19613786,"canPickup":true,"canDropoff":true,"openingstijden":{"za":"07:30 - 19:00","zo":"09:00 - 12:00","ma":"07:30 - 19:00","di":"07:30 - 19:00","wo":"07:30 - 19:00","do":"07:30 - 19:00","vr":"07:30 - 19:00"}}},{"type":"Feature","geometry":{"type":"Point","coordinates":[12.21145302,44.39976505]},"properties":{"type":"pakketpunt","locatieNaam":"Tabaccheria N. 201","straatNaam":"Via Isaac Newton","straatNr":"34","vervoerder":"PosteItaliane","puntType":"servicepunt","bezettingsgraad":50,"latitude":44.39976505,"longitude":12.21145302,"canPickup":true,"canDropoff":true,"openingstijden":{"za":"06:30 - 19:30","zo":"gesloten","ma":"06:30 - 19:30","di":"06:30 - 19:30","wo":"06:30 - 19:30","do":"06:30 - 19:30","vr":"06:30 - 19:30"}}},{"type":"Feature","geometry":{"type":"Point","coordinates":[12.28233064,44.48721168]},"properties":{"type":"pakketpunt","locatieNaam":"Tabaccheria N. 208","straatNaam":"Viale Delle Nazioni","straatNr":"106","vervoerder":"PosteItaliane","puntType":"servicepunt","bezettingsgraad":50,"latitude":44.48721168,"longitude":12.28233064,"canPickup":true,"canDropoff":true,"openingstijden":{"za":"08:00 - 12:00, 15:30 - 19:00","zo":"gesloten","ma":"08:00 - 12:30, 15:30 - 19:00","di":"08:00 - 12:00, 15:30 - 19:00","wo":"08:00 - 12:00, 15:30 - 19:00","do":"08:00 - 12:00, 15:30 - 19:00","vr":"08:00 - 12:00, 15:30 - 19:00"}}},{"type":"Feature","geometry":{"type":"Point","coordinates":[12.08678264,44.46589891]},"properties":{"type":"pakketpunt","locatieNaam":"Tabaccheria N. 178","straatNaam":"Via Bassa","straatNr":"18","vervoerder":"PosteItaliane","puntType":"servicepunt","bezettingsgraad":50,"latitude":44.46589891,"longitude":12.08678264,"canPickup":true,"canDropoff":true,"openingstijden":{"za":"07:30 - 12:30, 15:00 - 19:30","zo":"gesloten","ma":"07:30 - 12:30, 15:00 - 19:30","di":"07:30 - 12:30, 15:00 - 19:30","wo":"07:30 - 12:30, 15:00 - 19:30","do":"07:30 - 12:30, 15:00 - 19:30","vr":"07:30 - 12:30, 15:00 - 19:30"}}},{"type":"Feature","geometry":{"type":"Point","coordinates":[12.30580653,44.41173352]},"properties":{"type":"pakketpunt","locatieNaam":"Tabaccheria N. 123","straatNaam":"Viale Virgilio Publio Marone","straatNr":"104","vervoerder":"PosteItaliane","puntType":"servicepunt","bezettingsgraad":50,"latitude":44.41173352,"longitude":12.30580653,"canPickup":true,"canDropoff":true,"openingstijden":{"za":"07:00 - 19:30","zo":"gesloten","ma":"07:30 - 19:30","di":"07:30 - 19:30","wo":"07:30 - 19:30","do":"07:30 - 19:30","vr":"07:30 - 19:30"}}},{"type":"Feature","geometry":{"type":"Point","coordinates":[12.14474232,44.30299551]},"properties":{"type":"pakketpunt","locatieNaam":"Stazione Di Servizio Tamoil","straatNaam":"Via Gambellara","straatNr":"9","vervoerder":"PosteItaliane","puntType":"automaat","bezettingsgraad":50,"latitude":44.30299551,"longitude":12.14474232,"canPickup":true,"canDropoff":true,"openingstijden":{"za":"00:01 - 23:59","zo":"00:01 - 23:59","ma":"00:01 - 23:59","di":"00:01 - 23:59","wo":"00:01 - 23:59","do":"00:01 - 23:59","vr":"00:01 - 23:59"}}},{"type":"Feature","geometry":{"type":"Point","coordinates":[12.34387544,44.31057586]},"properties":{"type":"pakketpunt","locatieNaam":"Tabaccheria N. 184","straatNaam":"Viale Romagna","straatNr":"324","vervoerder":"PosteItaliane","puntType":"servicepunt","bezettingsgraad":50,"latitude":44.31057586,"longitude":12.34387544,"canPickup":true,"canDropoff":true,"openingstijden":{"za":"09:00 - 19:30","zo":"09:00 - 19:30","ma":"09:00 - 19:30","di":"09:00 - 19:30","wo":"09:00 - 19:30","do":"09:00 - 19:30","vr":"09:00 - 19:30"}}},{"type":"Feature","geometry":{"type":"Point","coordinates":[12.1784754,44.39649406]},"properties":{"type":"pakketpunt","locatieNaam":"Centro Commerciale Esp","straatNaam":"Via Marco Bussato","straatNr":"74","vervoerder":"PosteItaliane","puntType":"automaat","bezettingsgraad":50,"latitude":44.39649406,"longitude":12.1784754,"canPickup":true,"canDropoff":true,"openingstijden":{"za":"09:00 - 21:00","zo":"10:00 - 21:00","ma":"09:00 - 21:00","di":"09:00 - 21:00","wo":"09:00 - 21:00","do":"09:00 - 21:00","vr":"09:00 - 21:00"}}},{"type":"Feature","geometry":{"type":"Point","coordinates":[12.27666773,44.48406843]},"properties":{"type":"pakketpunt","locatieNaam":"Tabaccheria N. 157","straatNaam":"Viale Quattro Novembre","straatNr":"47","vervoerder":"PosteItaliane","puntType":"servicepunt","bezettingsgraad":50,"latitude":44.48406843,"longitude":12.27666773,"canPickup":true,"canDropoff":true,"openingstijden":{"za":"08:00 - 12:30, 15:30 - 19:00","zo":"gesloten","ma":"08:00 - 12:30, 15:30 - 19:00","di":"08:00 - 12:30, 15:30 - 19:00","wo":"08:00 - 12:30, 15:30 - 19:00","do":"08:00 - 12:30, 15:30 - 19:00","vr":"08:00 - 12:30, 15:30 - 19:00"}}},{"type":"Feature","geometry":{"type":"Point","coordinates":[12.18182716,44.39652577]},"properties":{"type":"pakketpunt","locatieNaam":"Stazione Di Servizio Ip","straatNaam":"Via Marco Bussato","straatNr":"20/a","vervoerder":"PosteItaliane","puntType":"automaat","bezettingsgraad":50,"latitude":44.39652577,"longitude":12.18182716,"canPickup":true,"canDropoff":true,"openingstijden":{"za":"00:01 - 23:59","zo":"00:01 - 23:59","ma":"00:01 - 23:59","di":"00:01 - 23:59","wo":"00:01 - 23:59","do":"00:01 - 23:59","vr":"00:01 - 23:59"}}},{"type":"Feature","geometry":{"type":"Point","coordinates":[12.05943497,44.43630166]},"properties":{"type":"pakketpunt","locatieNaam":"Tabaccheria N. 41","straatNaam":"Via Canala","straatNr":"397","vervoerder":"PosteItaliane","puntType":"servicepunt","bezettingsgraad":50,"latitude":44.43630166,"longitude":12.05943497,"canPickup":true,"canDropoff":true,"openingstijden":{"za":"07:30 - 12:30, 16:00 - 18:30","zo":"gesloten","ma":"07:30 - 12:30, 16:00 - 19:30","di":"07:30 - 12:30, 16:00 - 19:30","wo":"07:30 - 12:30, 16:00 - 19:30","do":"07:30 - 12:30, 16:00 - 19:30","vr":"07:30 - 12:30, 16:00 - 19:30"}}},{"type":"Feature","geometry":{"type":"Point","coordinates":[12.30812195,44.41767166]},"properties":{"type":"pakketpunt","locatieNaam":"Lavanderia - Self Service","straatNaam":"Viale Francesco Petrarca","straatNr":"315","vervoerder":"PosteItaliane","puntType":"automaat","bezettingsgraad":50,"latitude":44.41767166,"longitude":12.30812195,"canPickup":true,"canDropoff":true,"openingstijden":{"za":"07:30 - 23:30","zo":"07:30 - 23:30","ma":"07:30 - 23:30","di":"07:30 - 23:30","wo":"07:30 - 23:30","do":"07:30 - 23:30","vr":"07:30 - 23:30"}}},{"type":"Feature","geometry":{"type":"Point","coordinates":[12.21815351,44.44941852]},"properties":{"type":"pakketpunt","locatieNaam":"Bar - Officina Del Caffe","straatNaam":"Viale Giuseppe Di Vittorio","straatNr":"60","vervoerder":"PosteItaliane","puntType":"automaat","bezettingsgraad":50,"latitude":44.44941852,"longitude":12.21815351,"canPickup":true,"canDropoff":true,"openingstijden":{"za":"09:00 - 15:00","zo":"gesloten","ma":"05:00 - 22:00","di":"05:00 - 22:00","wo":"05:00 - 22:00","do":"05:00 - 22:00","vr":"05:00 - 22:00"}}},{"type":"Feature","geometry":{"type":"Point","coordinates":[12.18118954,44.40569804]},"properties":{"type":"pakketpunt","locatieNaam":"Stazione Di Servizio Ip","straatNaam":"Viale Sandro Pertini","straatNr":"50","vervoerder":"PosteItaliane","puntType":"automaat","bezettingsgraad":50,"latitude":44.40569804,"longitude":12.18118954,"canPickup":true,"canDropoff":true,"openingstijden":{"za":"00:01 - 23:59","zo":"00:01 - 23:59","ma":"00:01 - 23:59","di":"00:01 - 23:59","wo":"00:01 - 23:59","do":"00:01 - 23:59","vr":"00:01 - 23:59"}}},{"type":"Feature","geometry":{"type":"Point","coordinates":[12.21388159,44.42593477]},"properties":{"type":"pakketpunt","locatieNaam":"Stazione Di Servizio Esso","straatNaam":"Via Delle Industrie","straatNr":"49","vervoerder":"PosteItaliane","puntType":"automaat","bezettingsgraad":50,"latitude":44.42593477,"longitude":12.21388159,"canPickup":true,"canDropoff":true,"openingstijden":{"za":"00:01 - 23:59","zo":"00:01 - 23:59","ma":"00:01 - 23:59","di":"00:01 - 23:59","wo":"00:01 - 23:59","do":"00:01 - 23:59","vr":"00:01 - 23:59"}}},{"type":"Feature","geometry":{"type":"Point","coordinates":[12.21133332,44.44618897]},"properties":{"type":"pakketpunt","locatieNaam":"Supermecato Conad","straatNaam":"Via Achille Grandi","straatNr":"2","vervoerder":"PosteItaliane","puntType":"automaat","bezettingsgraad":50,"latitude":44.44618897,"longitude":12.21133332,"canPickup":true,"canDropoff":true,"openingstijden":{"za":"08:00 - 21:00","zo":"08:00 - 21:00","ma":"08:00 - 21:00","di":"08:00 - 21:00","wo":"08:00 - 21:00","do":"08:00 - 21:00","vr":"08:00 - 21:00"}}},{"type":"Feature","geometry":{"type":"Point","coordinates":[12.19377268,44.42752335]},"properties":{"type":"pakketpunt","locatieNaam":"Supermecato Conad","straatNaam":"Vicolo Tacchini","straatNr":"33","vervoerder":"PosteItaliane","puntType":"automaat","bezettingsgraad":50,"latitude":44.42752335,"longitude":12.19377268,"canPickup":true,"canDropoff":true,"openingstijden":{"za":"08:00 - 21:00","zo":"08:00 - 21:00","ma":"08:00 - 21:00","di":"08:00 - 21:00","wo":"08:00 - 21:00","do":"08:00 - 21:00","vr":"08:00 - 21:00"}}},{"type":"Feature","geometry":{"type":"Point","coordinates":[12.14613129,44.30034457]},"properties":{"type":"pakketpunt","locatieNaam":"Tabaccheria N. 47","straatNaam":"Via Epaminonda Farini","straatNr":"67","vervoerder":"PosteItaliane","puntType":"servicepunt","bezettingsgraad":50,"latitude":44.30034457,"longitude":12.14613129,"canPickup":true,"canDropoff":true,"openingstijden":{"za":"06:30 - 13:00, 15:30 - 19:30","zo":"gesloten","ma":"06:30 - 13:00, 15:30 - 19:30","di":"06:30 - 13:00, 15:30 - 19:30","wo":"06:30 - 13:00, 15:30 - 19:30","do":"06:30 - 13:00, 15:30 - 19:30","vr":"06:30 - 13:00, 15:30 - 19:30"}}},{"type":"Feature","geometry":{"type":"Point","coordinates":[12.20539986,44.41915637]},"properties":{"type":"pakketpunt","locatieNaam":"Tabaccheria N. 94","straatNaam":"Piazza Goffredo Mameli","straatNr":"11","vervoerder":"PosteItaliane","puntType":"servicepunt","bezettingsgraad":50,"latitude":44.41915637,"longitude":12.20539986,"canPickup":true,"canDropoff":true,"openingstijden":{"za":"08:30 - 13:00, 15:30 - 19:30","zo":"gesloten","ma":"08:00 - 13:00, 15:30 - 19:30","di":"08:00 - 13:00, 15:30 - 19:30","wo":"08:00 - 13:00, 15:30 - 19:30","do":"08:00 - 13:00, 15:30 - 19:30","vr":"08:00 - 13:00, 15:30 - 19:30"}}},{"type":"Feature","geometry":{"type":"Point","coordinates":[12.18851285,44.42124758]},"properties":{"type":"pakketpunt","locatieNaam":"Tabaccheria N. 10","straatNaam":"Via Maggiore","straatNr":"197","vervoerder":"PosteItaliane","puntType":"servicepunt","bezettingsgraad":50,"latitude":44.42124758,"longitude":12.18851285,"canPickup":true,"canDropoff":true,"openingstijden":{"za":"07:00 - 12:30, 16:00 - 19:00","zo":"gesloten","ma":"07:00 - 12:30, 16:00 - 19:00","di":"07:00 - 12:30, 16:00 - 19:00","wo":"07:00 - 12:30, 16:00 - 19:00","do":"07:00 - 12:30, 16:00 - 19:00","vr":"07:00 - 12:30, 16:00 - 19:00"}}},{"type":"Feature","geometry":{"type":"Point","coordinates":[12.20143325,44.42548633]},"properties":{"type":"pakketpunt","locatieNaam":"Tabaccheria N. 141","straatNaam":"Via Narsete","straatNr":"21/a","vervoerder":"PosteItaliane","puntType":"servicepunt","bezettingsgraad":50,"latitude":44.42548633,"longitude":12.20143325,"canPickup":true,"canDropoff":true,"openingstijden":{"za":"07:00 - 13:00, 15:30 - 19:30","zo":"07:00 - 13:00, 15:30 - 19:30","ma":"07:00 - 13:00, 15:30 - 19:30","di":"07:00 - 13:00, 15:30 - 19:30","wo":"07:00 - 13:00, 15:30 - 19:30","do":"07:00 - 13:00, 15:30 - 19:30","vr":"07:00 - 13:00, 15:30 - 19:30"}}},{"type":"Feature","geometry":{"type":"Point","coordinates":[12.30908618,44.4151673]},"properties":{"type":"pakketpunt","locatieNaam":"Tabaccheria N. 195","straatNaam":"Viale Torquato Tasso","straatNr":"11","vervoerder":"PosteItaliane","puntType":"servicepunt","bezettingsgraad":50,"latitude":44.4151673,"longitude":12.30908618,"canPickup":true,"canDropoff":true,"openingstijden":{"za":"08:00 - 12:00, 16:00 - 19:00","zo":"gesloten","ma":"08:00 - 12:00, 16:00 - 19:00","di":"08:00 - 12:00, 16:00 - 19:00","wo":"08:00 - 12:00, 16:00 - 19:00","do":"08:00 - 12:00, 16:00 - 19:00","vr":"08:00 - 12:00, 16:00 - 19:00"}}},{"type":"Feature","geometry":{"type":"Point","coordinates":[12.21385691,44.35061361]},"properties":{"type":"pakketpunt","locatieNaam":"Tabaccheria N. 115","straatNaam":"Via Dismano","straatNr":"186","vervoerder":"PosteItaliane","puntType":"servicepunt","bezettingsgraad":50,"latitude":44.35061361,"longitude":12.21385691,"canPickup":true,"canDropoff":true,"openingstijden":{"za":"05:00 - 19:30","zo":"05:00 - 13:00","ma":"05:00 - 14:00","di":"05:00 - 19:30","wo":"05:00 - 19:30","do":"05:00 - 19:30","vr":"05:00 - 19:30"}}},{"type":"Feature","geometry":{"type":"Point","coordinates":[12.2148199,44.41591643]},"properties":{"type":"pakketpunt","locatieNaam":"Tabaccheria N. 136","straatNaam":"Via Tommaso Gulli","straatNr":"107","vervoerder":"PosteItaliane","puntType":"servicepunt","bezettingsgraad":50,"latitude":44.41591643,"longitude":12.2148199,"canPickup":true,"canDropoff":true,"openingstijden":{"za":"07:00 - 13:00, 15:30 - 19:30","zo":"gesloten","ma":"07:00 - 13:00, 15:30 - 19:30","di":"07:00 - 13:00, 15:30 - 19:30","wo":"07:00 - 13:00, 15:30 - 19:30","do":"07:00 - 13:00, 15:30 - 19:30","vr":"07:00 - 13:00, 15:30 - 19:30"}}},{"type":"Feature","geometry":{"type":"Point","coordinates":[12.22152877,44.41612252]},"properties":{"type":"pakketpunt","locatieNaam":"Tabaccheria N. 163","straatNaam":"Via Aurelio Nicolodi","straatNr":"27","vervoerder":"PosteItaliane","puntType":"servicepunt","bezettingsgraad":50,"latitude":44.41612252,"longitude":12.22152877,"canPickup":true,"canDropoff":true,"openingstijden":{"za":"07:30 - 13:00, 15:30 - 19:30","zo":"gesloten","ma":"07:30 - 13:00, 15:30 - 19:30","di":"07:30 - 13:00, 15:30 - 19:30","wo":"07:30 - 13:00, 15:30 - 19:30","do":"07:30 - 13:00, 15:30 - 19:30","vr":"07:30 - 13:00, 15:30 - 19:30"}}},{"type":"Feature","geometry":{"type":"Point","coordinates":[12.19536876,44.43725032]},"properties":{"type":"pakketpunt","locatieNaam":"Tabaccheria N. 154","straatNaam":"Via Sant'alberto","straatNr":"234/a","vervoerder":"PosteItaliane","puntType":"servicepunt","bezettingsgraad":50,"latitude":44.43725032,"longitude":12.19536876,"canPickup":true,"canDropoff":true,"openingstijden":{"za":"05:30 - 12:30","zo":"gesloten","ma":"05:30 - 12:30, 15:30 - 18:30","di":"05:30 - 12:30, 15:30 - 18:30","wo":"05:30 - 12:30, 15:30 - 18:30","do":"05:30 - 12:30, 15:30 - 18:30","vr":"05:30 - 12:30, 15:30 - 18:30"}}},{"type":"Feature","geometry":{"type":"Point","coordinates":[12.17591523,44.40173635]},"properties":{"type":"pakketpunt","locatieNaam":"Tabaccheria N. 66","straatNaam":"Via Fiume Montone Abbandonato","straatNr":"405","vervoerder":"PosteItaliane","puntType":"servicepunt","bezettingsgraad":50,"latitude":44.40173635,"longitude":12.17591523,"canPickup":true,"canDropoff":true,"openingstijden":{"za":"08:00 - 12:30, 16:00 - 19:30","zo":"gesloten","ma":"08:00 - 12:30, 16:00 - 19:30","di":"08:00 - 12:30, 16:00 - 19:30","wo":"08:00 - 12:30, 16:00 - 19:32","do":"08:00 - 12:30, 16:00 - 19:30","vr":"08:00 - 12:30, 16:00 - 19:30"}}},{"type":"Feature","geometry":{"type":"Point","coordinates":[12.21870048,44.41959157]},"properties":{"type":"pakketpunt","locatieNaam":"Tabaccheria N. 139","straatNaam":"Via Trieste","straatNr":"91","vervoerder":"PosteItaliane","puntType":"servicepunt","bezettingsgraad":50,"latitude":44.41959157,"longitude":12.21870048,"canPickup":true,"canDropoff":true,"openingstijden":{"za":"07:00 - 13:00, 15:30 - 19:30","zo":"gesloten","ma":"07:00 - 13:00, 15:30 - 19:30","di":"07:00 - 13:00, 15:30 - 19:30","wo":"07:00 - 13:00, 15:30 - 19:30","do":"07:00 - 13:00, 15:30 - 19:30","vr":"07:00 - 13:00, 15:30 - 19:30"}}},{"type":"Feature","geometry":{"type":"Point","coordinates":[12.2176679,44.39410643]},"properties":{"type":"pakketpunt","locatieNaam":"Tabaccheria N. 137","straatNaam":"Via Romea Sud","straatNr":"41","vervoerder":"PosteItaliane","puntType":"servicepunt","bezettingsgraad":50,"latitude":44.39410643,"longitude":12.2176679,"canPickup":true,"canDropoff":true,"openingstijden":{"za":"06:30 - 21:00","zo":"gesloten","ma":"06:30 - 21:00","di":"06:30 - 21:00","wo":"06:30 - 21:00","do":"06:30 - 21:00","vr":"06:30 - 21:00"}}},{"type":"Feature","geometry":{"type":"Point","coordinates":[12.21967738,44.417815]},"properties":{"type":"pakketpunt","locatieNaam":"Tabaccheria N. 220","straatNaam":"Via Aquileia","straatNr":"52","vervoerder":"PosteItaliane","puntType":"servicepunt","bezettingsgraad":50,"latitude":44.417815,"longitude":12.21967738,"canPickup":true,"canDropoff":true,"openingstijden":{"za":"07:00 - 13:00","zo":"gesloten","ma":"07:00 - 13:00, 15:30 - 19:30","di":"07:00 - 13:00, 15:30 - 19:30","wo":"07:00 - 13:00, 15:30 - 19:30","do":"07:00 - 13:00, 15:30 - 19:30","vr":"07:00 - 13:00, 15:30 - 19:30"}}},{"type":"Feature","geometry":{"type":"Point","coordinates":[12.14647031,44.41933419]},"properties":{"type":"pakketpunt","locatieNaam":"Tabaccheria N. 70","straatNaam":"Via Faentina","straatNr":"226/a","vervoerder":"PosteItaliane","puntType":"servicepunt","bezettingsgraad":50,"latitude":44.41933419,"longitude":12.14647031,"canPickup":true,"canDropoff":true,"openingstijden":{"za":"07:30 - 13:00, 15:30 - 19:30","zo":"gesloten","ma":"07:30 - 13:00, 15:30 - 19:30","di":"07:30 - 13:00, 15:30 - 19:30","wo":"07:30 - 13:00, 15:30 - 19:30","do":"07:30 - 13:00, 15:30 - 19:30","vr":"07:30 - 13:00, 15:30 - 19:30"}}},{"type":"Feature","geometry":{"type":"Point","coordinates":[12.15143291,44.29588551]},"properties":{"type":"pakketpunt","locatieNaam":"Tabaccheria N. 96","straatNaam":"Via Del Sale","straatNr":"18/a","vervoerder":"PosteItaliane","puntType":"servicepunt","bezettingsgraad":50,"latitude":44.29588551,"longitude":12.15143291,"canPickup":true,"canDropoff":true,"openingstijden":{"za":"07:00 - 13:00, 15:30 - 19:30","zo":"gesloten","ma":"07:00 - 13:00, 15:30 - 19:30","di":"07:00 - 13:00, 15:30 - 19:30","wo":"07:00 - 13:00, 15:30 - 19:30","do":"07:00 - 13:00, 15:30 - 19:30","vr":"07:00 - 13:00, 15:30 - 19:30"}}},{"type":"Feature","geometry":{"type":"Point","coordinates":[12.18735308,44.41777478]},"properties":{"type":"pakketpunt","locatieNaam":"Tabaccheria N. 166","straatNaam":"Via Degli Spreti","straatNr":"57","vervoerder":"PosteItaliane","puntType":"servicepunt","bezettingsgraad":50,"latitude":44.41777478,"longitude":12.18735308,"canPickup":true,"canDropoff":true,"openingstijden":{"za":"08:00 - 13:00","zo":"gesloten","ma":"08:00 - 13:00, 16:00 - 19:30","di":"08:00 - 13:00, 16:00 - 19:30","wo":"08:00 - 13:00, 16:00 - 19:30","do":"08:00 - 13:00, 16:00 - 19:30","vr":"08:00 - 13:00, 16:00 - 19:30"}}},{"type":"Feature","geometry":{"type":"Point","coordinates":[12.20691767,44.4345866]},"properties":{"type":"pakketpunt","locatieNaam":"Tabaccheria N. 221","straatNaam":"Via Lago Di Como","straatNr":"15","vervoerder":"PosteItaliane","puntType":"servicepunt","bezettingsgraad":50,"latitude":44.4345866,"longitude":12.20691767,"canPickup":true,"canDropoff":true,"openingstijden":{"za":"06:00 - 20:00","zo":"06:30 - 13:00","ma":"06:00 - 20:00","di":"06:00 - 20:00","wo":"06:00 - 20:00","do":"06:00 - 20:00","vr":"06:00 - 20:00"}}},{"type":"Feature","geometry":{"type":"Point","coordinates":[12.17821567,44.41922383]},"properties":{"type":"pakketpunt","locatieNaam":"Tabaccheria N. 179","straatNaam":"Via Giovanni Santucci","straatNr":"34","vervoerder":"PosteItaliane","puntType":"servicepunt","bezettingsgraad":50,"latitude":44.41922383,"longitude":12.17821567,"canPickup":true,"canDropoff":true,"openingstijden":{"za":"07:15 - 20:00","zo":"gesloten","ma":"07:15 - 20:00","di":"07:15 - 20:00","wo":"07:15 - 20:00","do":"07:15 - 20:00","vr":"07:15 - 20:00"}}},{"type":"Feature","geometry":{"type":"Point","coordinates":[12.20886608,44.40679342]},"properties":{"type":"pakketpunt","locatieNaam":"Tabaccheria N. 173","straatNaam":"Via Romea Centro","straatNr":"40","vervoerder":"PosteItaliane","puntType":"servicepunt","bezettingsgraad":50,"latitude":44.40679342,"longitude":12.20886608,"canPickup":true,"canDropoff":true,"openingstijden":{"za":"08:00 - 13:00, 16:00 - 19:30","zo":"gesloten","ma":"08:00 - 13:00, 16:00 - 19:30","di":"08:00 - 13:00, 16:00 - 19:30","wo":"08:30 - 13:00, 16:00 - 19:30","do":"08:00 - 13:00, 16:00 - 19:30","vr":"08:00 - 13:00, 16:00 - 19:30"}}},{"type":"Feature","geometry":{"type":"Point","coordinates":[12.20789499,44.4116763]},"properties":{"type":"pakketpunt","locatieNaam":"Newtechnology","straatNaam":"Circonvallazione Canale Molinetto","straatNr":"19/a","vervoerder":"PosteItaliane","puntType":"servicepunt","bezettingsgraad":50,"latitude":44.4116763,"longitude":12.20789499,"canPickup":true,"canDropoff":true,"openingstijden":{"za":"10:30 - 18:30","zo":"gesloten","ma":"10:30 - 12:30, 15:30 - 19:30","di":"10:30 - 12:30, 15:00 - 19:30","wo":"10:30 - 12:30, 15:30 - 19:30","do":"10:30 - 12:30, 15:30 - 19:30","vr":"10:30 - 12:30, 15:30 - 19:30"}}},{"type":"Feature","geometry":{"type":"Point","coordinates":[12.17762058,44.48060267]},"properties":{"type":"pakketpunt","locatieNaam":"Tabaccheria N. 102","straatNaam":"Via Sant'alberto","straatNr":"338","vervoerder":"PosteItaliane","puntType":"servicepunt","bezettingsgraad":50,"latitude":44.48060267,"longitude":12.17762058,"canPickup":true,"canDropoff":true,"openingstijden":{"za":"07:30 - 22:00","zo":"07:30 - 22:00","ma":"07:30 - 22:00","di":"07:30 - 22:00","wo":"07:30 - 22:00","do":"07:30 - 22:00","vr":"07:30 - 22:00"}}},{"type":"Feature","geometry":{"type":"Point","coordinates":[12.20155555,44.41188002]},"properties":{"type":"pakketpunt","locatieNaam":"Tabaccheria N. 16","straatNaam":"Largo Andreana Tavelli","straatNr":"5","vervoerder":"PosteItaliane","puntType":"servicepunt","bezettingsgraad":50,"latitude":44.41188002,"longitude":12.20155555,"canPickup":true,"canDropoff":true,"openingstijden":{"za":"08:30 - 12:30, 15:30 - 19:30","zo":"gesloten","ma":"08:30 - 12:30, 15:30 - 19:30","di":"08:30 - 12:30, 15:30 - 19:30","wo":"08:30 - 12:30, 15:30 - 19:30","do":"08:30 - 12:30, 15:30 - 19:30","vr":"08:30 - 12:30, 15:30 - 19:30"}}},{"type":"Feature","geometry":{"type":"Point","coordinates":[12.19617161,44.41921167]},"properties":{"type":"pakketpunt","locatieNaam":"Tabaccheria N. 4","straatNaam":"Via Camillo Benso Conte Di Cavour","straatNr":"79","vervoerder":"PosteItaliane","puntType":"servicepunt","bezettingsgraad":50,"latitude":44.41921167,"longitude":12.19617161,"canPickup":true,"canDropoff":true,"openingstijden":{"za":"07:00 - 21:00","zo":"07:00 - 21:00","ma":"07:00 - 21:00","di":"07:00 - 21:00","wo":"07:00 - 21:00","do":"07:00 - 21:00","vr":"07:00 - 21:00"}}},{"type":"Feature","geometry":{"type":"Point","coordinates":[12.21072563,44.41428525]},"properties":{"type":"pakketpunt","locatieNaam":"Lava Flash","straatNaam":"Circonvallazione Piazza D'armi","straatNr":"82","vervoerder":"PosteItaliane","puntType":"automaat","bezettingsgraad":50,"latitude":44.41428525,"longitude":12.21072563,"canPickup":true,"canDropoff":true,"openingstijden":{"za":"06:00 - 23:00","zo":"06:00 - 23:00","ma":"06:00 - 23:00","di":"06:00 - 23:00","wo":"06:00 - 23:00","do":"06:00 - 23:00","vr":"06:00 - 23:00"}}},{"type":"Feature","geometry":{"type":"Point","coordinates":[12.20234483,44.42117483]},"properties":{"type":"pakketpunt","locatieNaam":"Tabaccheria N. 134","straatNaam":"Via Di Roma","straatNr":"147","vervoerder":"PosteItaliane","puntType":"servicepunt","bezettingsgraad":50,"latitude":44.42117483,"longitude":12.20234483,"canPickup":true,"canDropoff":true,"openingstijden":{"za":"06:00 - 20:00","zo":"gesloten","ma":"06:00 - 20:00","di":"06:00 - 20:00","wo":"06:00 - 20:00","do":"06:00 - 20:00","vr":"06:00 - 20:00"}}},{"type":"Feature","geometry":{"type":"Point","coordinates":[12.16966198,44.44145056]},"properties":{"type":"pakketpunt","locatieNaam":"Tabaccheria N. 140","straatNaam":"Via Canala","straatNr":"33","vervoerder":"PosteItaliane","puntType":"servicepunt","bezettingsgraad":50,"latitude":44.44145056,"longitude":12.16966198,"canPickup":true,"canDropoff":true,"openingstijden":{"za":"06:00 - 13:00","zo":"gesloten","ma":"06:00 - 18:00","di":"06:00 - 18:00","wo":"06:00 - 18:00","do":"06:00 - 18:00","vr":"06:00 - 18:00"}}},{"type":"Feature","geometry":{"type":"Point","coordinates":[12.2069007,44.41085389]},"properties":{"type":"pakketpunt","locatieNaam":"Tabaccheria N. 20","straatNaam":"Via Cesarea","straatNr":"81","vervoerder":"PosteItaliane","puntType":"servicepunt","bezettingsgraad":50,"latitude":44.41085389,"longitude":12.2069007,"canPickup":true,"canDropoff":true,"openingstijden":{"za":"07:30 - 12:30, 16:00 - 19:30","zo":"gesloten","ma":"07:30 - 12:30, 16:00 - 19:30","di":"07:30 - 12:30, 16:00 - 19:30","wo":"07:30 - 12:30, 16:00 - 19:30","do":"07:30 - 12:30, 16:00 - 19:30","vr":"07:00 - 15:00"}}},{"type":"Feature","geometry":{"type":"Point","coordinates":[12.2011291,44.4055941]},"properties":{"type":"pakketpunt","locatieNaam":"De. Ca. Ra.","straatNaam":"VIA BASSANO DEL GRAPPA","straatNr":"41/a","vervoerder":"DPD","puntType":"pickup_point","bezettingsgraad":50,"latitude":44.4055941,"longitude":12.2011291,"canPickup":true,"canDropoff":true,"openingstijden":{"ma":"08:30 - 12:30, 15:30 - 19:30","di":"08:30 - 12:30, 15:30 - 19:30","wo":"08:30 - 12:30, 15:30 - 19:30","do":"08:30 - 12:30, 15:30 - 19:30","vr":"08:30 - 12:30, 15:30 - 19:30","za":"08:30 - 12:30","zo":"gesloten"}}},{"type":"Feature","geometry":{"type":"Point","coordinates":[12.20892,44.40692]},"properties":{"type":"pakketpunt","locatieNaam":"Tabacchi - Ravenna","straatNaam":"VIA ROMEA","straatNr":"40","vervoerder":"DPD","puntType":"pickup_point","bezettingsgraad":50,"latitude":44.40692,"longitude":12.20892,"canPickup":true,"canDropoff":true,"openingstijden":{"ma":"08:00 - 13:00, 16:00 - 19:30","di":"08:00 - 13:00, 16:00 - 19:30","wo":"08:00 - 13:00, 16:00 - 19:30","do":"08:00 - 13:00, 16:00 - 19:30","vr":"08:00 - 13:00, 16:00 - 19:30","za":"08:00 - 13:00","zo":"gesloten"}}},{"type":"Feature","geometry":{"type":"Point","coordinates":[12.1959559,44.4156115]},"properties":{"type":"pakketpunt","locatieNaam":"Tabaccheria Duomo","straatNaam":"PIAZZA DUOMO","straatNr":"10","vervoerder":"DPD","puntType":"pickup_point","bezettingsgraad":50,"latitude":44.4156115,"longitude":12.1959559,"canPickup":true,"canDropoff":true,"openingstijden":{"ma":"07:30 - 20:00","di":"07:30 - 20:00","wo":"07:30 - 20:00","do":"07:30 - 20:00","vr":"07:30 - 20:00","za":"07:30 - 20:00","zo":"gesloten"}}},{"type":"Feature","geometry":{"type":"Point","coordinates":[12.147528,44.2990029]},"properties":{"type":"pakketpunt","locatieNaam":"Contro.Luce","straatNaam":"VIA EPAMINONDA FARINI","straatNr":"139","vervoerder":"DPD","puntType":"pickup_point","bezettingsgraad":50,"latitude":44.2990029,"longitude":12.147528,"canPickup":true,"canDropoff":true,"openingstijden":{"ma":"09:00 - 12:30, 15:30 - 19:00","di":"09:00 - 12:30","wo":"09:00 - 12:30, 15:30 - 19:00","do":"09:00 - 12:30, 15:30 - 19:00","vr":"09:00 - 12:30, 15:30 - 19:00","za":"09:00 - 12:30, 15:30 - 19:00","zo":"gesloten"}}},{"type":"Feature","geometry":{"type":"Point","coordinates":[12.1917255,44.4203823]},"properties":{"type":"pakketpunt","locatieNaam":"Tabaccheria Quadrifoglio-Ravenna","straatNaam":"VIA MAGGIORE","straatNr":"78","vervoerder":"DPD","puntType":"pickup_point","bezettingsgraad":50,"latitude":44.4203823,"longitude":12.1917255,"canPickup":true,"canDropoff":true,"openingstijden":{"ma":"08:30 - 13:00, 15:30 - 20:00","di":"08:30 - 13:00, 15:30 - 20:00","wo":"08:30 - 13:00, 15:30 - 20:00","do":"08:30 - 13:00, 15:30 - 20:00","vr":"08:30 - 13:00, 15:30 - 20:00","za":"08:30 - 13:00, 15:30 - 20:00","zo":"09:30 - 12:30"}}},{"type":"Feature","geometry":{"type":"Point","coordinates":[12.2197195853,44.4180245831]},"properties":{"type":"pakketpunt","locatieNaam":"Tabaccheria Riv.220","straatNaam":"VIA AQUILEIA","straatNr":"52","vervoerder":"DPD","puntType":"pickup_point","bezettingsgraad":50,"latitude":44.4180245831,"longitude":12.2197195853,"canPickup":true,"canDropoff":true,"openingstijden":{"ma":"07:00 - 13:00, 15:30 - 19:30","di":"07:00 - 13:00, 15:30 - 19:30","wo":"07:00 - 13:00, 15:30 - 19:30","do":"07:00 - 13:00, 15:30 - 19:30","vr":"07:00 - 13:00, 15:30 - 19:30","za":"07:00 - 12:45","zo":"gesloten"}}},{"type":"Feature","geometry":{"type":"Point","coordinates":[12.1912736,44.4035606]},"properties":{"type":"pakketpunt","locatieNaam":"Dorhouse-Ravenna","straatNaam":"VIA BERLINGUER","straatNr":"78","vervoerder":"DPD","puntType":"pickup_point","bezettingsgraad":50,"latitude":44.4035606,"longitude":12.1912736,"canPickup":true,"canDropoff":true,"openingstijden":{"ma":"09:00 - 12:45, 15:45 - 19:00","di":"09:00 - 12:45, 15:45 - 19:00","wo":"09:00 - 12:45, 15:45 - 19:00","do":"09:00 - 12:45, 15:45 - 19:00","vr":"09:00 - 12:45, 15:45 - 19:00","za":"09:00 - 12:45, 15:45 - 19:00","zo":"gesloten"}}},{"type":"Feature","geometry":{"type":"Point","coordinates":[12.15942982,44.53972522]},"properties":{"type":"pakketpunt","locatieNaam":"Tabaccheria Il Grillo","straatNaam":"VIA GUERRINI","straatNr":"152/N","vervoerder":"DPD","puntType":"pickup_point","bezettingsgraad":50,"latitude":44.53972522,"longitude":12.15942982,"canPickup":false,"canDropoff":true,"openingstijden":{"ma":"07:00 - 20:00","di":"07:00 - 20:00","wo":"07:00 - 20:00","do":"07:00 - 20:00","vr":"07:00 - 20:00","za":"07:00 - 20:00","zo":"08:00 - 12:30"}}},{"type":"Feature","geometry":{"type":"Point","coordinates":[12.209525,44.4166208]},"properties":{"type":"pakketpunt","locatieNaam":"Centro Servizi Candiano","straatNaam":"VIA CANDIANO","straatNr":"17","vervoerder":"DPD","puntType":"pickup_point","bezettingsgraad":50,"latitude":44.4166208,"longitude":12.209525,"canPickup":true,"canDropoff":true,"openingstijden":{"ma":"09:00 - 13:30, 15:00 - 18:30","di":"09:00 - 13:30, 15:00 - 18:30","wo":"09:00 - 13:30, 15:00 - 18:30","do":"09:00 - 13:30, 15:00 - 18:30","vr":"09:00 - 13:30, 15:00 - 18:30","za":"09:00 - 13:30, 15:00 - 18:30","zo":"gesloten"}}},{"type":"Feature","geometry":{"type":"Point","coordinates":[12.20151077,44.41190654]},"properties":{"type":"pakketpunt","locatieNaam":"Tabaccheria Rivendita16","straatNaam":"L.GO ANDREANA TAVELLI","straatNr":"5","vervoerder":"DPD","puntType":"pickup_point","bezettingsgraad":50,"latitude":44.41190654,"longitude":12.20151077,"canPickup":true,"canDropoff":true,"openingstijden":{"ma":"08:30 - 12:30, 15:00 - 19:00","di":"08:30 - 12:30, 15:00 - 19:00","wo":"08:30 - 12:30, 15:00 - 19:00","do":"08:30 - 12:30, 15:00 - 19:00","vr":"08:30 - 12:30, 15:00 - 19:00","za":"08:30 - 12:30, 15:00 - 19:00","zo":"gesloten"}}},{"type":"Feature","geometry":{"type":"Point","coordinates":[12.0867799,44.46688198]},"properties":{"type":"pakketpunt","locatieNaam":"MondoEdicola","straatNaam":"P.ZZA DELLA REPUBBLICA","straatNr":"13","vervoerder":"DPD","puntType":"pickup_point","bezettingsgraad":50,"latitude":44.46688198,"longitude":12.0867799,"canPickup":true,"canDropoff":true,"openingstijden":{"ma":"06:30 - 13:00, 16:00 - 19:30","di":"06:30 - 13:00, 16:00 - 19:30","wo":"06:30 - 13:00","do":"06:30 - 13:00, 16:00 - 19:30","vr":"06:30 - 13:00, 16:00 - 19:30","za":"06:30 - 13:00, 16:00 - 19:30","zo":"06:30 - 13:00"}}},{"type":"Feature","geometry":{"type":"Point","coordinates":[12.10994746,44.5094962]},"properties":{"type":"pakketpunt","locatieNaam":"Il Punto Cartoleria Edicola","straatNaam":"VIA SAVARNA","straatNr":"257","vervoerder":"DPD","puntType":"pickup_point","bezettingsgraad":50,"latitude":44.5094962,"longitude":12.10994746,"canPickup":true,"canDropoff":true,"openingstijden":{"ma":"07:00 - 12:30, 15:30 - 19:00","di":"07:00 - 12:30, 15:30 - 19:00","wo":"07:00 - 12:30, 15:30 - 19:00","do":"07:00 - 12:30, 15:30 - 19:00","vr":"07:00 - 12:30, 15:30 - 19:00","za":"07:00 - 12:30","zo":"07:00 - 10:00"}}},{"type":"Feature","geometry":{"type":"Point","coordinates":[12.2547172,44.4064227]},"properties":{"type":"pakketpunt","locatieNaam":"Tabaccheria Ruffilli","straatNaam":"VIA BONIFICA","straatNr":"48","vervoerder":"DPD","puntType":"pickup_point","bezettingsgraad":50,"latitude":44.4064227,"longitude":12.2547172,"canPickup":true,"canDropoff":true,"openingstijden":{"ma":"06:30 - 13:00, 15:30 - 19:30","di":"06:30 - 13:00, 15:30 - 19:30","wo":"06:30 - 13:00, 15:30 - 19:30","do":"06:30 - 13:00, 15:30 - 19:30","vr":"06:30 - 13:00, 15:30 - 19:30","za":"06:30 - 13:00, 15:30 - 19:30","zo":"gesloten"}}},{"type":"Feature","geometry":{"type":"Point","coordinates":[12.1695877,44.4414245]},"properties":{"type":"pakketpunt","locatieNaam":"Bar Tabaccheria Talenti","straatNaam":"VIA CANALA","straatNr":"33","vervoerder":"DPD","puntType":"pickup_point","bezettingsgraad":50,"latitude":44.4414245,"longitude":12.1695877,"canPickup":true,"canDropoff":true,"openingstijden":{"ma":"09:00 - 12:30, 15:30 - 19:30","di":"09:00 - 12:30, 15:30 - 19:30","wo":"09:00 - 12:30, 15:30 - 19:30","do":"09:00 - 12:30, 15:30 - 19:30","vr":"09:00 - 12:30, 15:30 - 19:30","za":"09:00 - 12:30","zo":"gesloten"}}},{"type":"Feature","geometry":{"type":"Point","coordinates":[12.19054809,44.39845743]},"properties":{"type":"pakketpunt","locatieNaam":"Tabaccheria Le Corbusier","straatNaam":"VIA LE CORBUSIER","straatNr":"30","vervoerder":"DPD","puntType":"pickup_point","bezettingsgraad":50,"latitude":44.39845743,"longitude":12.19054809,"canPickup":true,"canDropoff":true,"openingstijden":{"ma":"07:30 - 13:00, 14:30 - 17:30","di":"07:30 - 13:00, 14:30 - 17:30","wo":"07:30 - 13:00, 14:30 - 17:30","do":"07:30 - 13:00, 14:30 - 17:30","vr":"07:30 - 13:00, 14:30 - 17:30","za":"07:30 - 13:00","zo":"gesloten"}}},{"type":"Feature","geometry":{"type":"Point","coordinates":[12.29030833,44.44120831]},"properties":{"type":"pakketpunt","locatieNaam":"Anyway Sport Shop di Bassi Claudia","straatNaam":"VIA DELLA SPINOLA","straatNr":"25","vervoerder":"DPD","puntType":"pickup_point","bezettingsgraad":50,"latitude":44.44120831,"longitude":12.29030833,"canPickup":true,"canDropoff":true,"openingstijden":{"ma":"09:00 - 12:30, 15:30 - 19:00","di":"09:00 - 12:30, 15:30 - 19:00","wo":"09:00 - 12:30, 15:30 - 19:00","do":"gesloten","vr":"09:00 - 12:30, 15:30 - 19:00","za":"09:00 - 12:30, 15:30 - 19:00","zo":"gesloten"}}},{"type":"Feature","geometry":{"type":"Point","coordinates":[12.29342959,44.44084304]},"properties":{"type":"pakketpunt","locatieNaam":"Navigatori 20","straatNaam":"V.LE DEI NAVIGATORI","straatNr":"42-44","vervoerder":"DPD","puntType":"pickup_point","bezettingsgraad":50,"latitude":44.44084304,"longitude":12.29342959,"canPickup":true,"canDropoff":true,"openingstijden":{"ma":"09:00 - 12:30, 15:30 - 19:30","di":"09:00 - 12:30, 15:30 - 19:30","wo":"09:00 - 12:30, 15:30 - 19:30","do":"09:00 - 12:30, 15:30 - 19:30","vr":"09:00 - 12:30, 15:30 - 19:30","za":"09:00 - 12:30, 15:30 - 19:30","zo":"gesloten"}}},{"type":"Feature","geometry":{"type":"Point","coordinates":[12.179168,44.3959998]},"properties":{"type":"pakketpunt","locatieNaam":"BRT LOCKER - Centro ESP Via Bussato","straatNaam":"VIA BUSSATO","straatNr":"74","vervoerder":"DPD","puntType":"dpd_box","bezettingsgraad":50,"latitude":44.3959998,"longitude":12.179168,"canPickup":true,"canDropoff":true,"openingstijden":{"ma":"09:00 - 21:00","di":"09:00 - 21:00","wo":"09:00 - 21:00","do":"09:00 - 21:00","vr":"09:00 - 21:00","za":"09:00 - 21:00","zo":"09:00 - 21:00"}}},{"type":"Feature","geometry":{"type":"Point","coordinates":[12.218618,44.449346]},"properties":{"type":"pakketpunt","locatieNaam":"BRT LOCKER - Officina del caffè Via","straatNaam":"VIA G. DI VITTORIO","straatNr":"60","vervoerder":"DPD","puntType":"dpd_box","bezettingsgraad":50,"latitude":44.449346,"longitude":12.218618,"canPickup":true,"canDropoff":true,"openingstijden":{"ma":"05:00 - 22:00","di":"05:00 - 22:00","wo":"05:00 - 22:00","do":"05:00 - 22:00","vr":"05:00 - 22:00","za":"06:00 - 15:00","zo":"gesloten"}}},{"type":"Feature","geometry":{"type":"Point","coordinates":[12.2107853,44.412841]},"properties":{"type":"pakketpunt","locatieNaam":"La Butega De Café","straatNaam":"CIRC. PIAZZA D'ARMI","straatNr":"20","vervoerder":"DPD","puntType":"pickup_point","bezettingsgraad":50,"latitude":44.412841,"longitude":12.2107853,"canPickup":true,"canDropoff":true,"openingstijden":{"ma":"09:30 - 13:30, 16:30 - 19:30","di":"09:30 - 13:30, 16:30 - 19:30","wo":"09:30 - 13:30, 16:30 - 19:30","do":"16:30 - 19:30","vr":"09:30 - 13:30, 16:30 - 19:30","za":"09:00 - 13:00","zo":"gesloten"}}},{"type":"Feature","geometry":{"type":"Point","coordinates":[12.2068501,44.4191725]},"properties":{"type":"pakketpunt","locatieNaam":"Ravenna Tech-WindTre","straatNaam":"VIALE L. C. FARINI","straatNr":"64","vervoerder":"DPD","puntType":"pickup_point","bezettingsgraad":50,"latitude":44.4191725,"longitude":12.2068501,"canPickup":true,"canDropoff":true,"openingstijden":{"ma":"09:00 - 13:00, 15:00 - 19:00","di":"09:00 - 13:00, 15:00 - 19:00","wo":"09:00 - 13:00, 15:00 - 19:00","do":"09:00 - 13:00, 15:00 - 19:00","vr":"09:00 - 13:00, 15:00 - 19:00","za":"09:00 - 13:00, 15:00 - 19:00","zo":"gesloten"}}},{"type":"Feature","geometry":{"type":"Point","coordinates":[12.1937509,44.4286766]},"properties":{"type":"pakketpunt","locatieNaam":"KiPoint-Ravenna","straatNaam":"VIA BRUNELLI","straatNr":"25","vervoerder":"DPD","puntType":"pickup_point","bezettingsgraad":50,"latitude":44.4286766,"longitude":12.1937509,"canPickup":true,"canDropoff":true,"openingstijden":{"ma":"09:00 - 17:00","di":"09:00 - 17:00","wo":"09:00 - 17:00","do":"09:00 - 17:00","vr":"09:00 - 17:00","za":"gesloten","zo":"gesloten"}}},{"type":"Feature","geometry":{"type":"Point","coordinates":[12.138125,44.415136]},"properties":{"type":"pakketpunt","locatieNaam":"Sailpost -  Ravenna","straatNaam":"VIA FRATELLI LUMIERE","straatNr":"46/A","vervoerder":"DPD","puntType":"pickup_point","bezettingsgraad":50,"latitude":44.415136,"longitude":12.138125,"canPickup":true,"canDropoff":true,"openingstijden":{"ma":"08:30 - 17:30","di":"08:30 - 17:30","wo":"08:30 - 17:30","do":"08:30 - 17:30","vr":"08:30 - 17:30","za":"gesloten","zo":"gesloten"}}},{"type":"Feature","geometry":{"type":"Point","coordinates":[12.2151236,44.3946382]},"properties":{"type":"pakketpunt","locatieNaam":"Tabaccheria Cucchi","straatNaam":"VIA DISMANO","straatNr":"14","vervoerder":"DPD","puntType":"pickup_point","bezettingsgraad":50,"latitude":44.3946382,"longitude":12.2151236,"canPickup":true,"canDropoff":true,"openingstijden":{"ma":"07:00 - 13:00, 15:30 - 19:30","di":"07:00 - 13:00, 15:30 - 19:30","wo":"07:00 - 13:00, 15:30 - 19:30","do":"07:00 - 13:00, 15:30 - 19:30","vr":"07:00 - 13:00, 15:30 - 19:30","za":"07:00 - 13:00, 15:30 - 19:30","zo":"gesloten"}}},{"type":"Feature","geometry":{"type":"Point","coordinates":[12.1552449,44.5428341]},"properties":{"type":"pakketpunt","locatieNaam":"Tabaccheria Tania","straatNaam":"VIA O. GUERRINI","straatNr":"13","vervoerder":"DPD","puntType":"pickup_point","bezettingsgraad":50,"latitude":44.5428341,"longitude":12.1552449,"canPickup":true,"canDropoff":true,"openingstijden":{"ma":"07:00 - 13:00, 15:00 - 20:00","di":"07:00 - 13:00, 15:00 - 20:00","wo":"07:00 - 13:00, 15:00 - 20:00","do":"07:00 - 13:00, 15:00 - 20:00","vr":"07:00 - 13:00, 15:00 - 20:00","za":"07:00 - 13:00, 15:00 - 20:00","zo":"08:00 - 12:30"}}},{"type":"Feature","geometry":{"type":"Point","coordinates":[12.201462,44.4254375]},"properties":{"type":"pakketpunt","locatieNaam":"Tabaccheria Coccinella - Ravenna","straatNaam":"VIA NARSETE","straatNr":"21 A","vervoerder":"DPD","puntType":"pickup_point","bezettingsgraad":50,"latitude":44.4254375,"longitude":12.201462,"canPickup":true,"canDropoff":true,"openingstijden":{"ma":"07:00 - 13:00, 15:30 - 19:30","di":"07:00 - 13:00, 15:30 - 19:30","wo":"07:00 - 13:00, 15:30 - 19:30","do":"07:00 - 13:00, 15:30 - 19:30","vr":"07:00 - 13:00, 15:30 - 19:30","za":"07:00 - 13:00, 15:30 - 19:30","zo":"gesloten"}}},{"type":"Feature","geometry":{"type":"Point","coordinates":[12.247381,44.404953]},"properties":{"type":"pakketpunt","locatieNaam":"BRT LOCKER - Tabaccheria Riv.103 Vi","straatNaam":"VIA STAGGI","straatNr":"39","vervoerder":"DPD","puntType":"dpd_box","bezettingsgraad":50,"latitude":44.404953,"longitude":12.247381,"canPickup":true,"canDropoff":true,"openingstijden":{"ma":"00:00 - 23:45","di":"00:00 - 23:45","wo":"00:00 - 23:45","do":"00:00 - 23:45","vr":"00:00 - 23:45","za":"00:00 - 23:45","zo":"00:00 - 23:45"}}},{"type":"Feature","geometry":{"type":"Point","coordinates":[12.21348601,44.27486195]},"properties":{"type":"pakketpunt","locatieNaam":"Caffè Le More","straatNaam":"VIA DISMANO","straatNr":"450","vervoerder":"DPD","puntType":"pickup_point","bezettingsgraad":50,"latitude":44.27486195,"longitude":12.21348601,"canPickup":true,"canDropoff":true,"openingstijden":{"ma":"05:00 - 20:00","di":"05:00 - 20:00","wo":"05:00 - 20:00","do":"05:00 - 20:00","vr":"05:00 - 20:00","za":"05:00 - 20:00","zo":"06:00 - 14:00"}}},{"type":"Feature","geometry":{"type":"Point","coordinates":[12.302765,44.422941]},"properties":{"type":"pakketpunt","locatieNaam":"BRT LOCKER - Speed Wash Viale Leona","straatNaam":"VIALE LEONARDO","straatNr":"58","vervoerder":"DPD","puntType":"dpd_box","bezettingsgraad":50,"latitude":44.422941,"longitude":12.302765,"canPickup":true,"canDropoff":true,"openingstijden":{"ma":"06:00 - 23:30","di":"06:00 - 23:30","wo":"06:00 - 23:30","do":"06:00 - 23:30","vr":"06:00 - 23:30","za":"06:00 - 23:30","zo":"06:00 - 22:30"}}},{"type":"Feature","geometry":{"type":"Point","coordinates":[12.1857380988,44.4137583381]},"properties":{"type":"pakketpunt","locatieNaam":"Caffetteria La Fenice","straatNaam":"VIA FIUME MONTONE ABBANDONATO","straatNr":"279","vervoerder":"DPD","puntType":"pickup_point","bezettingsgraad":50,"latitude":44.4137583381,"longitude":12.1857380988,"canPickup":true,"canDropoff":true,"openingstijden":{"ma":"09:30 - 12:00","di":"06:00 - 17:00","wo":"06:00 - 17:00","do":"06:00 - 17:00","vr":"06:00 - 17:00","za":"06:00 - 12:00","zo":"gesloten"}}},{"type":"Feature","geometry":{"type":"Point","coordinates":[12.1111926,44.4053218]},"properties":{"type":"pakketpunt","locatieNaam":"Il Tabacchi di Samma","straatNaam":"VIA FAENTINA","straatNr":"324","vervoerder":"DPD","puntType":"pickup_point","bezettingsgraad":50,"latitude":44.4053218,"longitude":12.1111926,"canPickup":true,"canDropoff":true,"openingstijden":{"ma":"07:00 - 12:30, 15:30 - 19:00","di":"07:00 - 12:30, 15:30 - 19:00","wo":"07:00 - 12:30, 15:30 - 19:00","do":"07:00 - 12:30, 15:30 - 19:00","vr":"07:00 - 12:30, 15:30 - 19:00","za":"07:00 - 12:30, 15:30 - 19:00","zo":"08:00 - 12:30"}}},{"type":"Feature","geometry":{"type":"Point","coordinates":[12.0594667,44.4363299]},"properties":{"type":"pakketpunt","locatieNaam":"Tabaccheria Santerno Riv. 41","straatNaam":"VIA CANALA","straatNr":"397","vervoerder":"DPD","puntType":"pickup_point","bezettingsgraad":50,"latitude":44.4363299,"longitude":12.0594667,"canPickup":true,"canDropoff":true,"openingstijden":{"ma":"07:30 - 12:30, 16:00 - 19:30","di":"07:30 - 12:30, 16:00 - 19:30","wo":"07:30 - 12:30, 16:00 - 19:30","do":"07:30 - 12:30, 16:00 - 19:30","vr":"07:30 - 12:30, 16:00 - 19:30","za":"07:30 - 12:30, 16:00 - 18:30","zo":"gesloten"}}},{"type":"Feature","geometry":{"type":"Point","coordinates":[12.200903,44.4088375]},"properties":{"type":"pakketpunt","locatieNaam":"Maipolvere di Cangio F.","straatNaam":"VIA RAVEGNANA","straatNr":"107","vervoerder":"DPD","puntType":"pickup_point","bezettingsgraad":50,"latitude":44.4088375,"longitude":12.200903,"canPickup":true,"canDropoff":true,"openingstijden":{"ma":"09:30 - 13:30","di":"09:30 - 13:30","wo":"09:30 - 13:30","do":"09:30 - 13:30","vr":"09:30 - 13:30","za":"09:30 - 13:30","zo":"gesloten"}}},{"type":"Feature","geometry":{"type":"Point","coordinates":[12.20648585,44.41156599]},"properties":{"type":"pakketpunt","locatieNaam":"BRT LOCKER - CONAD via Cesarea","straatNaam":"VIA CESAREA","straatNr":"","vervoerder":"DPD","puntType":"dpd_box","bezettingsgraad":50,"latitude":44.41156599,"longitude":12.20648585,"canPickup":true,"canDropoff":true,"openingstijden":{"ma":"09:00 - 19:00","di":"gesloten","wo":"gesloten","do":"gesloten","vr":"gesloten","za":"gesloten","zo":"gesloten"}}},{"type":"Feature","geometry":{"type":"Point","coordinates":[12.0906119532,44.4218844799]},"properties":{"type":"pakketpunt","locatieNaam":"BRT LOCKER - CONAD CITY via del Sag","straatNaam":"VIA DEL SAGITTARIO","straatNr":"12","vervoerder":"DPD","puntType":"dpd_box","bezettingsgraad":50,"latitude":44.4218844799,"longitude":12.0906119532,"canPickup":true,"canDropoff":true,"openingstijden":{"ma":"07:30 - 20:00","di":"07:30 - 20:00","wo":"07:30 - 20:00","do":"07:30 - 20:00","vr":"07:30 - 20:00","za":"07:30 - 20:00","zo":"09:00 - 13:00"}}},{"type":"Feature","geometry":{"type":"Point","coordinates":[12.2766433,44.4841011]},"properties":{"type":"pakketpunt","locatieNaam":"Punto e Virgola Ravenna","straatNaam":"V.LE IV NOVEMBRE","straatNr":"45-47","vervoerder":"DPD","puntType":"pickup_point","bezettingsgraad":50,"latitude":44.4841011,"longitude":12.2766433,"canPickup":true,"canDropoff":true,"openingstijden":{"ma":"08:00 - 13:00, 15:30 - 19:00","di":"08:00 - 13:00, 15:30 - 19:00","wo":"08:00 - 13:00, 15:30 - 19:00","do":"08:00 - 13:00, 15:30 - 19:00","vr":"08:00 - 13:00, 15:30 - 19:00","za":"08:00 - 13:00, 15:30 - 19:00","zo":"gesloten"}}},{"type":"Feature","geometry":{"type":"Point","coordinates":[12.18064,44.30628]},"properties":{"type":"pakketpunt","locatieNaam":"InPost Locker 24/7","straatNaam":"Via Cella Carraie","straatNr":"548","vervoerder":"InPost","puntType":"automaat","bezettingsgraad":50,"latitude":44.30628,"longitude":12.18064,"canPickup":true,"canDropoff":true,"openingstijden":null}},{"type":"Feature","geometry":{"type":"Point","coordinates":[12.19596,44.41562]},"properties":{"type":"pakketpunt","locatieNaam":"InPost Point","straatNaam":"Piazza Duomo","straatNr":"10","vervoerder":"InPost","puntType":"servicepunt","bezettingsgraad":50,"latitude":44.41562,"longitude":12.19596,"canPickup":true,"canDropoff":true,"openingstijden":"Lun-Sab: 07:30 - 20:00 Dom: 9:00 - 13:00"}},{"type":"Feature","geometry":{"type":"Point","coordinates":[12.21965,44.41782]},"properties":{"type":"pakketpunt","locatieNaam":"InPost Point","straatNaam":"Via Aquileia","straatNr":"52","vervoerder":"InPost","puntType":"servicepunt","bezettingsgraad":50,"latitude":44.41782,"longitude":12.21965,"canPickup":true,"canDropoff":true,"openingstijden":"Lun-Sab: 07:00 - 13:00 - 15:30 - 19:30"}},{"type":"Feature","geometry":{"type":"Point","coordinates":[12.29338,44.44099]},"properties":{"type":"pakketpunt","locatieNaam":"InPost Point","straatNaam":"Viale dei Navigatori","straatNr":"42","vervoerder":"InPost","puntType":"servicepunt","bezettingsgraad":50,"latitude":44.44099,"longitude":12.29338,"canPickup":true,"canDropoff":true,"openingstijden":"Lun-Sab: 09:00 - 12:30 - 15:30 - 19:30"}},{"type":"Feature","geometry":{"type":"Point","coordinates":[12.15993,44.54019]},"properties":{"type":"pakketpunt","locatieNaam":"InPost Point","straatNaam":"Via Olindo Guerrini","straatNr":"152/N","vervoerder":"InPost","puntType":"servicepunt","bezettingsgraad":50,"latitude":44.54019,"longitude":12.15993,"canPickup":true,"canDropoff":true,"openingstijden":"Lun-Sab: 07:30 - 20:00 Dom: 08:30 - 12:30"}},{"type":"Feature","geometry":{"type":"Point","coordinates":[12.20158,44.41208]},"properties":{"type":"pakketpunt","locatieNaam":"InPost Point","straatNaam":"Via largo Andreana Tavelli","straatNr":"5","vervoerder":"InPost","puntType":"servicepunt","bezettingsgraad":50,"latitude":44.41208,"longitude":12.20158,"canPickup":true,"canDropoff":true,"openingstijden":"Lun-Ven: 08:00 - 12:30 - 15:30 - 19:30 Sab: 09:00 - 12:00"}},{"type":"Feature","geometry":{"type":"Point","coordinates":[12.19168,44.42056]},"properties":{"type":"pakketpunt","locatieNaam":"InPost Point","straatNaam":"Via Maggiore","straatNr":"78","vervoerder":"InPost","puntType":"servicepunt","bezettingsgraad":50,"latitude":44.42056,"longitude":12.19168,"canPickup":true,"canDropoff":true,"openingstijden":"Lun-Sab: 08:00 - 12:30 - 15:30 - 19:30"}},{"type":"Feature","geometry":{"type":"Point","coordinates":[12.19067,44.39824]},"properties":{"type":"pakketpunt","locatieNaam":"InPost Point","straatNaam":"Via le Corbusier","straatNr":"30","vervoerder":"InPost","puntType":"servicepunt","bezettingsgraad":50,"latitude":44.39824,"longitude":12.19067,"canPickup":true,"canDropoff":true,"openingstijden":"Lun-ven: 08:00 - 13:00 - 15:00 - 19:00"}},{"type":"Feature","geometry":{"type":"Point","coordinates":[12.08336,44.46444]},"properties":{"type":"pakketpunt","locatieNaam":"InPost Point","straatNaam":"Via Eugenio Chiesa","straatNr":"6","vervoerder":"InPost","puntType":"servicepunt","bezettingsgraad":50,"latitude":44.46444,"longitude":12.08336,"canPickup":true,"canDropoff":true,"openingstijden":"Lun-Sab: 08:30 - 12:30 - 15:30 - 19:00"}},{"type":"Feature","geometry":{"type":"Point","coordinates":[12.25471,44.40657]},"properties":{"type":"pakketpunt","locatieNaam":"InPost Point","straatNaam":"Via Bonifica","straatNr":"48A","vervoerder":"InPost","puntType":"servicepunt","bezettingsgraad":50,"latitude":44.40657,"longitude":12.25471,"canPickup":true,"canDropoff":true,"openingstijden":"Lun-Sab: 06:30 - 13:00 - 15:30 - 19:30"}},{"type":"Feature","geometry":{"type":"Point","coordinates":[12.20953,44.41662]},"properties":{"type":"pakketpunt","locatieNaam":"InPost Point","straatNaam":"Via Candiano","straatNr":"17","vervoerder":"InPost","puntType":"servicepunt","bezettingsgraad":50,"latitude":44.41662,"longitude":12.20953,"canPickup":true,"canDropoff":true,"openingstijden":"Lun-Gio: 08:30 - 13:30 - 15:00 - 19:00 Ven-Sab: 08:30 - 13:00 - 15:00 - 19:00"}},{"type":"Feature","geometry":{"type":"Point","coordinates":[12.10994,44.50947]},"properties":{"type":"pakketpunt","locatieNaam":"InPost Point","straatNaam":"Via Savarna","straatNr":"257","vervoerder":"InPost","puntType":"servicepunt","bezettingsgraad":50,"latitude":44.50947,"longitude":12.10994,"canPickup":true,"canDropoff":true,"openingstijden":"Lun-Ven: 06:30 - 12:30 - 15:30 - 19:00 Sab-Dom: 06:30 - 12:30"}},{"type":"Feature","geometry":{"type":"Point","coordinates":[12.2082,44.41169]},"properties":{"type":"pakketpunt","locatieNaam":"InPost Point","straatNaam":"Via Circonvallazione Canale Molinetto","straatNr":"29","vervoerder":"InPost","puntType":"servicepunt","bezettingsgraad":50,"latitude":44.41169,"longitude":12.2082,"canPickup":true,"canDropoff":true,"openingstijden":"Lun-Mer: 09:00 - 12:30 - 16:00 - 19:30 Gio: 09:00 - 12:00 Ven: 09:00 - 12:30 - 16:00 - 19:30 Sab: 09:30 - 12:30 - 16:00 - 19:30 Dom: 09:00 - 12:00 - 16:00 - 19:30"}},{"type":"Feature","geometry":{"type":"Point","coordinates":[12.21448,44.40009]},"properties":{"type":"pakketpunt","locatieNaam":"InPost Point","straatNaam":"Via Romea","straatNr":"147","vervoerder":"InPost","puntType":"servicepunt","bezettingsgraad":50,"latitude":44.40009,"longitude":12.21448,"canPickup":true,"canDropoff":true,"openingstijden":"Lun-Ven: 08:15 - 12:15 - 15:45 - 19:00"}},{"type":"Feature","geometry":{"type":"Point","coordinates":[12.18745,44.41777]},"properties":{"type":"pakketpunt","locatieNaam":"InPost Point","straatNaam":"Via degli Spreti","straatNr":"55","vervoerder":"InPost","puntType":"servicepunt","bezettingsgraad":50,"latitude":44.41777,"longitude":12.18745,"canPickup":true,"canDropoff":true,"openingstijden":"Lun-Sab 08:00-13:00, 16:00-19:30"}},{"type":"Feature","geometry":{"type":"Point","coordinates":[12.20146,44.42544]},"properties":{"type":"pakketpunt","locatieNaam":"InPost Point","straatNaam":"Via Narsete, 21A, Ravenna, Province of Ravenna, Italy","straatNr":"21A","vervoerder":"InPost","puntType":"servicepunt","bezettingsgraad":50,"latitude":44.42544,"longitude":12.20146,"canPickup":true,"canDropoff":true,"openingstijden":"Lun-Sab 07:00-13:00, 15:30-19:30"}},{"type":"Feature","geometry":{"type":"Point","coordinates":[12.08653,44.46667]},"properties":{"type":"pakketpunt","locatieNaam":"InPost Locker 24/7","straatNaam":"Piazza della Repubblica","straatNr":"13","vervoerder":"InPost","puntType":"automaat","bezettingsgraad":50,"latitude":44.46667,"longitude":12.08653,"canPickup":true,"canDropoff":true,"openingstijden":null}},{"type":"Feature","geometry":{"type":"Point","coordinates":[12.18097,44.40583]},"properties":{"type":"pakketpunt","locatieNaam":"InPost Locker 24/7","straatNaam":"Viale Sandro Pertini","straatNr":"","vervoerder":"InPost","puntType":"automaat","bezettingsgraad":50,"latitude":44.40583,"longitude":12.18097,"canPickup":true,"canDropoff":true,"openingstijden":null}},{"type":"Feature","geometry":{"type":"Point","coordinates":[12.22674,44.40665]},"properties":{"type":"pakketpunt","locatieNaam":"InPost Locker 24/7","straatNaam":"Viale Europa","straatNr":"200","vervoerder":"InPost","puntType":"automaat","bezettingsgraad":50,"latitude":44.40665,"longitude":12.22674,"canPickup":true,"canDropoff":true,"openingstijden":null}},{"type":"Feature","geometry":{"type":"Point","coordinates":[12.17939,44.41704]},"properties":{"type":"pakketpunt","locatieNaam":"InPost Locker 24/7","straatNaam":"Via Cardinale Giacomo Lercaro","straatNr":"14/16","vervoerder":"InPost","puntType":"automaat","bezettingsgraad":50,"latitude":44.41704,"longitude":12.17939,"canPickup":true,"canDropoff":true,"openingstijden":null}},{"type":"Feature","geometry":{"type":"Point","coordinates":[12.20086,44.43522]},"properties":{"type":"pakketpunt","locatieNaam":"InPost Locker 24/7","straatNaam":"Via dell'Agricoltura","straatNr":"snc","vervoerder":"InPost","puntType":"automaat","bezettingsgraad":50,"latitude":44.43522,"longitude":12.20086,"canPickup":true,"canDropoff":true,"openingstijden":null}},{"type":"Feature","geometry":{"type":"Point","coordinates":[12.15236,44.43021]},"properties":{"type":"pakketpunt","locatieNaam":"InPost Locker 24/7","straatNaam":"Via SS 16 Adriatica Fraz. Camerlona","straatNr":"","vervoerder":"InPost","puntType":"automaat","bezettingsgraad":50,"latitude":44.43021,"longitude":12.15236,"canPickup":true,"canDropoff":true,"openingstijden":null}},{"type":"Feature","geometry":{"type":"Point","coordinates":[12.16612,44.42513]},"properties":{"type":"pakketpunt","locatieNaam":"InPost Locker 24/7","straatNaam":"Via Faentina","straatNr":"121G","vervoerder":"InPost","puntType":"automaat","bezettingsgraad":50,"latitude":44.42513,"longitude":12.16612,"canPickup":true,"canDropoff":true,"openingstijden":null}},{"type":"Feature","geometry":{"type":"Point","coordinates":[12.16555,44.42516]},"properties":{"type":"pakketpunt","locatieNaam":"","straatNaam":"Via Faentina","straatNr":"Snc","vervoerder":"InPost","puntType":"automaat","bezettingsgraad":50,"latitude":44.42516,"longitude":12.16555,"canPickup":true,"canDropoff":true,"openingstijden":null}},{"type":"Feature","geometry":{"type":"Point","coordinates":[12.22624,44.42414]},"properties":{"type":"pakketpunt","locatieNaam":"InPost Locker","straatNaam":"Via Medulino","straatNr":"3","vervoerder":"InPost","puntType":"automaat","bezettingsgraad":50,"latitude":44.42414,"longitude":12.22624,"canPickup":true,"canDropoff":true,"openingstijden":null}},{"type":"Feature","geometry":{"type":"Point","coordinates":[12.21856,44.4494]},"properties":{"type":"pakketpunt","locatieNaam":"InPost Locker","straatNaam":"Via Giuseppe di Vittorio","straatNr":"60","vervoerder":"InPost","puntType":"automaat","bezettingsgraad":50,"latitude":44.4494,"longitude":12.21856,"canPickup":true,"canDropoff":true,"openingstijden":null}},{"type":"Feature","geometry":{"type":"Point","coordinates":[12.20649,44.41159]},"properties":{"type":"pakketpunt","locatieNaam":"InPost Locker","straatNaam":"Via Cesarea ang. Via Serra","straatNr":"snc","vervoerder":"InPost","puntType":"automaat","bezettingsgraad":50,"latitude":44.41159,"longitude":12.20649,"canPickup":true,"canDropoff":true,"openingstijden":null}},{"type":"Feature","geometry":{"type":"Point","coordinates":[12.21459,44.40637]},"properties":{"type":"pakketpunt","locatieNaam":"InPost Locker 24/7","straatNaam":"Via dei Poggi","straatNr":"97","vervoerder":"InPost","puntType":"automaat","bezettingsgraad":50,"latitude":44.40637,"longitude":12.21459,"canPickup":true,"canDropoff":true,"openingstijden":null}},{"type":"Feature","geometry":{"type":"Point","coordinates":[12.18363,44.39793]},"properties":{"type":"pakketpunt","locatieNaam":"InPost Locker 24/7","straatNaam":"Via Andrea Sansovino","straatNr":"39","vervoerder":"InPost","puntType":"automaat","bezettingsgraad":50,"latitude":44.39793,"longitude":12.18363,"canPickup":true,"canDropoff":true,"openingstijden":null}},{"type":"Feature","geometry":{"type":"Point","coordinates":[12.14014,44.43935]},"properties":{"type":"pakketpunt","locatieNaam":"InPost Locker 24/7","straatNaam":"Via Reale (S.S.16)","straatNr":"20/26","vervoerder":"InPost","puntType":"automaat","bezettingsgraad":50,"latitude":44.43935,"longitude":12.14014,"canPickup":true,"canDropoff":true,"openingstijden":null}},{"type":"Feature","geometry":{"type":"Point","coordinates":[12.14132,44.41864]},"properties":{"type":"pakketpunt","locatieNaam":"InPost Locker 24/7","straatNaam":"Via Faentina","straatNr":"213","vervoerder":"InPost","puntType":"automaat","bezettingsgraad":50,"latitude":44.41864,"longitude":12.14132,"canPickup":true,"canDropoff":true,"openingstijden":null}},{"type":"Feature","geometry":{"type":"Point","coordinates":[12.2229,44.3889]},"properties":{"type":"pakketpunt","locatieNaam":"InPost Locker 24/7","straatNaam":"Via Romea Sud","straatNr":"149","vervoerder":"InPost","puntType":"automaat","bezettingsgraad":50,"latitude":44.3889,"longitude":12.2229,"canPickup":true,"canDropoff":true,"openingstijden":null}},{"type":"Feature","geometry":{"type":"Point","coordinates":[12.21064,44.40752]},"properties":{"type":"pakketpunt","locatieNaam":"InPost Locker 24/7","straatNaam":"Via Rubicone","straatNr":"67","vervoerder":"InPost","puntType":"automaat","bezettingsgraad":50,"latitude":44.40752,"longitude":12.21064,"canPickup":true,"canDropoff":true,"openingstijden":null}},{"type":"Feature","geometry":{"type":"Point","coordinates":[12.18191,44.39654]},"properties":{"type":"pakketpunt","locatieNaam":"InPost Locker 24/7","straatNaam":"Via Marco Bussato","straatNr":"20A","vervoerder":"InPost","puntType":"automaat","bezettingsgraad":50,"latitude":44.39654,"longitude":12.18191,"canPickup":true,"canDropoff":true,"openingstijden":null}},{"type":"Feature","geometry":{"type":"Point","coordinates":[12.21387,44.42592]},"properties":{"type":"pakketpunt","locatieNaam":"InPost Locker 24/7","straatNaam":"Via Delle Industrie","straatNr":"49","vervoerder":"InPost","puntType":"automaat","bezettingsgraad":50,"latitude":44.42592,"longitude":12.21387,"canPickup":true,"canDropoff":true,"openingstijden":null}},{"type":"Feature","geometry":{"type":"Point","coordinates":[12.19721,44.40366]},"properties":{"type":"pakketpunt","locatieNaam":"InPost Locker 24/7","straatNaam":"Via Ravegnana","straatNr":"323","vervoerder":"InPost","puntType":"automaat","bezettingsgraad":50,"latitude":44.40366,"longitude":12.19721,"canPickup":true,"canDropoff":true,"openingstijden":null}},{"type":"Feature","geometry":{"type":"Point","coordinates":[12.18421,44.42238]},"properties":{"type":"pakketpunt","locatieNaam":"InPost Locker 24/7","straatNaam":"Via Faentina","straatNr":"19","vervoerder":"InPost","puntType":"automaat","bezettingsgraad":50,"latitude":44.42238,"longitude":12.18421,"canPickup":true,"canDropoff":true,"openingstijden":null}},{"type":"Feature","geometry":{"type":"Point","coordinates":[12.21154,44.3229]},"properties":{"type":"pakketpunt","locatieNaam":"InPost Locker 24/7","straatNaam":"Via Dismano SP118 303","straatNr":"247","vervoerder":"InPost","puntType":"automaat","bezettingsgraad":50,"latitude":44.3229,"longitude":12.21154,"canPickup":true,"canDropoff":true,"openingstijden":null}},{"type":"Feature","geometry":{"type":"Point","coordinates":[12.14477,44.303]},"properties":{"type":"pakketpunt","locatieNaam":"InPost Locker 24/7","straatNaam":"Via Gambellara","straatNr":"3","vervoerder":"InPost","puntType":"automaat","bezettingsgraad":50,"latitude":44.303,"longitude":12.14477,"canPickup":true,"canDropoff":true,"openingstijden":null}},{"type":"Feature","geometry":{"type":"Point","coordinates":[12.0594667,44.4363299]},"properties":{"type":"pakketpunt","locatieNaam":"TABACCHERIA SANTERNO","straatNaam":"Via Canala","straatNr":"397","vervoerder":"GLS","puntType":"parcel_shop","bezettingsgraad":50,"latitude":44.4363299,"longitude":12.0594667,"canPickup":true,"canDropoff":true,"openingstijden":"za: 07:30 - 12:30, 16:00 - 18:30; ma: 07:30 - 12:30, 16:00 - 19:30"}},{"type":"Feature","geometry":{"type":"Point","coordinates":[12.08337,44.4642634]},"properties":{"type":"pakketpunt","locatieNaam":"Fragranza di Sapone","straatNaam":"Via Eugenio Chiesa","straatNr":"6","vervoerder":"GLS","puntType":"parcel_shop","bezettingsgraad":50,"latitude":44.4642634,"longitude":12.08337,"canPickup":true,"canDropoff":true,"openingstijden":"za: 09:00 - 12:30; ma: 08:30 - 12:30, 15:30 - 19:00"}},{"type":"Feature","geometry":{"type":"Point","coordinates":[12.0865225,44.4663845]},"properties":{"type":"pakketpunt","locatieNaam":"MONDOEDICOLA","straatNaam":"Piazza Della Repubblica","straatNr":"13","vervoerder":"GLS","puntType":"parcel_shop","bezettingsgraad":50,"latitude":44.4663845,"longitude":12.0865225,"canPickup":true,"canDropoff":true,"openingstijden":"za: 07:00 - 13:00, 16:00 - 19:30; zo: 07:00 - 13:00"}},{"type":"Feature","geometry":{"type":"Point","coordinates":[12.2015459,44.3801994]},"properties":{"type":"pakketpunt","locatieNaam":"L'ALBERO DEI COLORI","straatNaam":"V. Cella","straatNr":"88","vervoerder":"GLS","puntType":"parcel_shop","bezettingsgraad":50,"latitude":44.3801994,"longitude":12.2015459,"canPickup":true,"canDropoff":true,"openingstijden":"za: 06:00 - 13:00, 16:00 - 19:00; zo: 06:00 - 12:30"}},{"type":"Feature","geometry":{"type":"Point","coordinates":[12.1775428,44.3942383]},"properties":{"type":"pakketpunt","locatieNaam":"GLS Locker RA002A presso cc ESP (vicino ingresso Ovest)","straatNaam":"Via Marco Bussato","straatNr":"74","vervoerder":"GLS","puntType":"locker","bezettingsgraad":50,"latitude":44.3942383,"longitude":12.1775428,"canPickup":true,"canDropoff":false,"openingstijden":"za: 00:00 - 23:30; zo: 00:00 - 23:30"}},{"type":"Feature","geometry":{"type":"Point","coordinates":[12.1906646,44.4038677]},"properties":{"type":"pakketpunt","locatieNaam":"Romagna Montascale EB servoscale","straatNaam":"Via Enrico Berlinguer","straatNr":"94","vervoerder":"GLS","puntType":"parcel_shop","bezettingsgraad":50,"latitude":44.4038677,"longitude":12.1906646,"canPickup":true,"canDropoff":true,"openingstijden":"ma: 08:00 - 12:00, 13:00 - 17:00; di: 08:00 - 12:00, 13:00 - 17:00"}},{"type":"Feature","geometry":{"type":"Point","coordinates":[12.2010851,44.4055775]},"properties":{"type":"pakketpunt","locatieNaam":"CARTOLERIA DE. CA. RA.","straatNaam":"Via Bassano Del Grappa","straatNr":"41/A","vervoerder":"GLS","puntType":"parcel_shop","bezettingsgraad":50,"latitude":44.4055775,"longitude":12.2010851,"canPickup":true,"canDropoff":true,"openingstijden":"za: 08:30 - 12:30; ma: 08:30 - 12:30, 15:30 - 19:30"}},{"type":"Feature","geometry":{"type":"Point","coordinates":[12.2089515,44.4068267]},"properties":{"type":"pakketpunt","locatieNaam":"Tabacchi Riv. 173","straatNaam":"Via Romea","straatNr":"40","vervoerder":"GLS","puntType":"parcel_shop","bezettingsgraad":50,"latitude":44.4068267,"longitude":12.2089515,"canPickup":true,"canDropoff":true,"openingstijden":"za: 08:30 - 13:00, 16:00 - 19:00; ma: 08:00 - 13:00, 16:00 - 19:30"}},{"type":"Feature","geometry":{"type":"Point","coordinates":[12.2062229,44.411474]},"properties":{"type":"pakketpunt","locatieNaam":"GLS Locker RA004A presso supermercato Conad","straatNaam":"Via Cesarea","straatNr":"snc","vervoerder":"GLS","puntType":"locker","bezettingsgraad":50,"latitude":44.411474,"longitude":12.2062229,"canPickup":true,"canDropoff":false,"openingstijden":"za: 09:00 - 18:00; ma: 09:00 - 18:00"}},{"type":"Feature","geometry":{"type":"Point","coordinates":[12.2107853,44.412841]},"properties":{"type":"pakketpunt","locatieNaam":"LA BUTEGA DE CAFE'","straatNaam":"Circonvallazione Piazza D'Armi","straatNr":"20","vervoerder":"GLS","puntType":"parcel_shop","bezettingsgraad":50,"latitude":44.412841,"longitude":12.2107853,"canPickup":true,"canDropoff":true,"openingstijden":"za: 09:00 - 13:00; ma: 09:30 - 13:30, 16:30 - 19:30"}},{"type":"Feature","geometry":{"type":"Point","coordinates":[12.1983734,44.4145698]},"properties":{"type":"pakketpunt","locatieNaam":"ORDNAS Computers","straatNaam":"Via De Gasperi","straatNr":"33","vervoerder":"GLS","puntType":"parcel_shop","bezettingsgraad":50,"latitude":44.4145698,"longitude":12.1983734,"canPickup":true,"canDropoff":true,"openingstijden":"ma: 10:00 - 18:00; di: 10:00 - 18:00"}},{"type":"Feature","geometry":{"type":"Point","coordinates":[12.1959558,44.4156115]},"properties":{"type":"pakketpunt","locatieNaam":"Tabaccheria Duomo","straatNaam":"Piazza Duomo","straatNr":"10","vervoerder":"GLS","puntType":"parcel_shop","bezettingsgraad":50,"latitude":44.4156115,"longitude":12.1959558,"canPickup":true,"canDropoff":true,"openingstijden":"za: 07:30 - 19:00; zo: 09:00 - 12:00"}},{"type":"Feature","geometry":{"type":"Point","coordinates":[12.2095131,44.4165964]},"properties":{"type":"pakketpunt","locatieNaam":"Centro Servizi Candiano","straatNaam":"Via Candiano","straatNr":"17","vervoerder":"GLS","puntType":"parcel_shop","bezettingsgraad":50,"latitude":44.4165964,"longitude":12.2095131,"canPickup":true,"canDropoff":true,"openingstijden":"za: 09:00 - 13:30, 15:00 - 18:00; ma: 09:00 - 13:30, 15:00 - 19:00"}},{"type":"Feature","geometry":{"type":"Point","coordinates":[12.1874538,44.4177744]},"properties":{"type":"pakketpunt","locatieNaam":"Tabaccheria da Pam","straatNaam":"Via Degli Spreti","straatNr":"55/57","vervoerder":"GLS","puntType":"parcel_shop","bezettingsgraad":50,"latitude":44.4177744,"longitude":12.1874538,"canPickup":true,"canDropoff":true,"openingstijden":"za: 08:00 - 13:00, 16:00 - 19:30; ma: 08:00 - 13:00, 16:00 - 19:30"}},{"type":"Feature","geometry":{"type":"Point","coordinates":[12.2196928,44.4178103]},"properties":{"type":"pakketpunt","locatieNaam":"Tabaccheria","straatNaam":"Via Aquileia","straatNr":"52","vervoerder":"GLS","puntType":"parcel_shop","bezettingsgraad":50,"latitude":44.4178103,"longitude":12.2196928,"canPickup":true,"canDropoff":true,"openingstijden":"za: 15:30 - 19:30; ma: 07:00 - 13:00, 15:30 - 19:30"}},{"type":"Feature","geometry":{"type":"Point","coordinates":[12.1413591,44.4186709]},"properties":{"type":"pakketpunt","locatieNaam":"GLS Locker RA003B presso stazione di servizio IPlanet via Faentina","straatNaam":"Via Faentina","straatNr":"213b","vervoerder":"GLS","puntType":"locker","bezettingsgraad":50,"latitude":44.4186709,"longitude":12.1413591,"canPickup":true,"canDropoff":false,"openingstijden":"za: 00:00 - 23:30; zo: 00:00 - 23:30"}},{"type":"Feature","geometry":{"type":"Point","coordinates":[12.2068501,44.4191725]},"properties":{"type":"pakketpunt","locatieNaam":"ASSISTENZA E RIPARAZIONI CELLULARI","straatNaam":"Viale Luigi Carlo Farini","straatNr":"64","vervoerder":"GLS","puntType":"parcel_shop","bezettingsgraad":50,"latitude":44.4191725,"longitude":12.2068501,"canPickup":true,"canDropoff":true,"openingstijden":"za: 10:00 - 13:00, 15:00 - 18:00; ma: 09:00 - 13:00, 15:00 - 19:00"}},{"type":"Feature","geometry":{"type":"Point","coordinates":[12.1917967,44.4203652]},"properties":{"type":"pakketpunt","locatieNaam":"TABACCHERIA N. 12 QUADRIFOGLIO","straatNaam":"Via Maggiore","straatNr":"78","vervoerder":"GLS","puntType":"parcel_shop","bezettingsgraad":50,"latitude":44.4203652,"longitude":12.1917967,"canPickup":true,"canDropoff":true,"openingstijden":"za: 08:30 - 13:00, 15:30 - 19:30; zo: 09:30 - 12:30"}},{"type":"Feature","geometry":{"type":"Point","coordinates":[12.213602,44.267302]},"properties":{"type":"pakketpunt","locatieNaam":"TABACCHERIA N. 51","straatNaam":"VIA DISMANO 621","straatNr":"","vervoerder":"DHL","puntType":"parcelShop","bezettingsgraad":50,"latitude":44.267302,"longitude":12.213602,"canPickup":true,"canDropoff":true,"openingstijden":{"ma":"06:30 - 21:00","di":"06:30 - 21:00","wo":"06:30 - 21:00","do":"06:30 - 21:00","vr":"06:30 - 21:00","za":"06:30 - 21:00","zo":"06:30 - 21:00"}}},{"type":"Feature","geometry":{"type":"Point","coordinates":[12.256606,44.261518]},"properties":{"type":"pakketpunt","locatieNaam":"Ufficio Postale CASTIGLIONE DI RAVE","straatNaam":"VIA DOMENICO TURCI 12","straatNr":"","vervoerder":"DHL","puntType":"postOffice","bezettingsgraad":50,"latitude":44.261518,"longitude":12.256606,"canPickup":true,"canDropoff":true,"openingstijden":{"ma":"08:20 - 13:45","di":"08:20 - 13:45","wo":"08:20 - 13:45","do":"08:20 - 13:45","vr":"08:20 - 13:45","za":"08:20 - 12:45","zo":"gesloten"}}},{"type":"Feature","geometry":{"type":"Point","coordinates":[12.196475,44.299184]},"properties":{"type":"pakketpunt","locatieNaam":"TABACCHERIA N. 54","straatNaam":"VIA PETROSA 181","straatNr":"","vervoerder":"DHL","puntType":"parcelShop","bezettingsgraad":50,"latitude":44.299184,"longitude":12.196475,"canPickup":true,"canDropoff":true,"openingstijden":{"ma":"06:00 - 12:30, 15:30 - 19:30","di":"06:00 - 12:30, 15:30 - 19:30","wo":"06:00 - 12:30, 15:30 - 19:30","do":"06:00 - 12:30, 15:30 - 19:30","vr":"06:00 - 12:30, 15:30 - 19:30","za":"06:00 - 12:30, 15:30 - 19:30","zo":"06:00 - 12:30"}}},{"type":"Feature","geometry":{"type":"Point","coordinates":[12.151433,44.295886]},"properties":{"type":"pakketpunt","locatieNaam":"TABACCHERIA N. 96","straatNaam":"VIA DEL SALE 18-A","straatNr":"","vervoerder":"DHL","puntType":"parcelShop","bezettingsgraad":50,"latitude":44.295886,"longitude":12.151433,"canPickup":true,"canDropoff":true,"openingstijden":{"ma":"07:00 - 13:00, 15:30 - 19:30","di":"07:00 - 13:00, 15:30 - 19:30","wo":"07:00 - 13:00, 15:30 - 19:30","do":"07:00 - 13:00, 15:30 - 19:30","vr":"07:00 - 13:00, 15:30 - 19:30","za":"07:00 - 13:00, 15:30 - 19:30","zo":"gesloten"}}},{"type":"Feature","geometry":{"type":"Point","coordinates":[12.146131,44.300345]},"properties":{"type":"pakketpunt","locatieNaam":"TABACCHERIA N. 47","straatNaam":"VIA EPAMINONDA FARINI 67","straatNr":"","vervoerder":"DHL","puntType":"parcelShop","bezettingsgraad":50,"latitude":44.300345,"longitude":12.146131,"canPickup":true,"canDropoff":true,"openingstijden":{"ma":"06:30 - 13:00, 15:30 - 19:30","di":"06:30 - 13:00, 15:30 - 19:30","wo":"06:30 - 13:00, 15:30 - 19:30","do":"06:30 - 13:00, 15:30 - 19:30","vr":"06:30 - 13:00, 15:30 - 19:30","za":"06:30 - 13:00, 15:30 - 19:30","zo":"gesloten"}}},{"type":"Feature","geometry":{"type":"Point","coordinates":[12.144831,44.301406]},"properties":{"type":"pakketpunt","locatieNaam":"Ufficio Postale SAN PIETRO IN VINCO","straatNaam":"VIALE EPAMINONDA FARINI 23","straatNr":"","vervoerder":"DHL","puntType":"postOffice","bezettingsgraad":50,"latitude":44.301406,"longitude":12.144831,"canPickup":true,"canDropoff":true,"openingstijden":{"ma":"08:20 - 13:45","di":"08:20 - 13:45","wo":"08:20 - 13:45","do":"08:20 - 13:45","vr":"08:20 - 13:45","za":"08:20 - 12:45","zo":"gesloten"}}},{"type":"Feature","geometry":{"type":"Point","coordinates":[12.185481,44.315689]},"properties":{"type":"pakketpunt","locatieNaam":"Ufficio Postale SANTO STEFANO","straatNaam":"VIA CELLA 419","straatNr":"","vervoerder":"DHL","puntType":"postOffice","bezettingsgraad":50,"latitude":44.315689,"longitude":12.185481,"canPickup":true,"canDropoff":true,"openingstijden":{"ma":"08:20 - 13:45","di":"08:20 - 13:45","wo":"08:20 - 13:45","do":"08:20 - 11:15","vr":"08:20 - 13:45","za":"08:20 - 12:45","zo":"gesloten"}}},{"type":"Feature","geometry":{"type":"Point","coordinates":[12.144742,44.302996]},"properties":{"type":"pakketpunt","locatieNaam":"STAZIONE DI SERVIZIO TAMOIL","straatNaam":"VIA GAMBELLARA 9","straatNr":"","vervoerder":"DHL","puntType":"packStation","bezettingsgraad":50,"latitude":44.302996,"longitude":12.144742,"canPickup":true,"canDropoff":true,"openingstijden":{"ma":"00:01 - 23:59","di":"00:01 - 23:59","wo":"00:01 - 23:59","do":"00:01 - 23:59","vr":"00:01 - 23:59","za":"00:01 - 23:59","zo":"00:01 - 23:59"}}},{"type":"Feature","geometry":{"type":"Point","coordinates":[12.211216,44.317747]},"properties":{"type":"pakketpunt","locatieNaam":"TABACCHERIA N. 88","straatNaam":"VIA DISMANO 259","straatNr":"","vervoerder":"DHL","puntType":"parcelShop","bezettingsgraad":50,"latitude":44.317747,"longitude":12.211216,"canPickup":true,"canDropoff":true,"openingstijden":{"ma":"06:00 - 20:30","di":"06:00 - 20:30","wo":"06:00 - 20:30","do":"06:00 - 22:30","vr":"06:00 - 22:30","za":"06:00 - 22:30","zo":"06:00 - 22:30"}}},{"type":"Feature","geometry":{"type":"Point","coordinates":[12.292273,44.308037]},"properties":{"type":"pakketpunt","locatieNaam":"Ufficio Postale SAVIO","straatNaam":"VIA ROVERETO 14","straatNr":"","vervoerder":"DHL","puntType":"postOffice","bezettingsgraad":50,"latitude":44.308037,"longitude":12.292273,"canPickup":true,"canDropoff":true,"openingstijden":{"ma":"08:20 - 13:45","di":"08:20 - 13:45","wo":"08:20 - 13:45","do":"08:20 - 11:15","vr":"08:20 - 13:45","za":"08:20 - 12:45","zo":"gesloten"}}},{"type":"Feature","geometry":{"type":"Point","coordinates":[12.292762,44.309242]},"properties":{"type":"pakketpunt","locatieNaam":"TABACCHERIA N. 24","straatNaam":"VIA ROMEA SUD 682","straatNr":"","vervoerder":"DHL","puntType":"parcelShop","bezettingsgraad":50,"latitude":44.309242,"longitude":12.292762,"canPickup":true,"canDropoff":true,"openingstijden":{"ma":"05:00 - 23:59","di":"05:00 - 23:59","wo":"05:00 - 23:59","do":"05:00 - 23:59","vr":"05:00 - 23:59","za":"05:00 - 23:59","zo":"05:00 - 23:59"}}},{"type":"Feature","geometry":{"type":"Point","coordinates":[12.343875,44.310576]},"properties":{"type":"pakketpunt","locatieNaam":"TABACCHERIA N. 184","straatNaam":"VIALE ROMAGNA 324","straatNr":"","vervoerder":"DHL","puntType":"parcelShop","bezettingsgraad":50,"latitude":44.310576,"longitude":12.343875,"canPickup":true,"canDropoff":true,"openingstijden":{"ma":"09:00 - 19:30","di":"09:00 - 19:30","wo":"09:00 - 19:30","do":"09:00 - 19:30","vr":"09:00 - 19:30","za":"09:00 - 19:30","zo":"09:00 - 19:30"}}},{"type":"Feature","geometry":{"type":"Point","coordinates":[12.087149,44.420399]},"properties":{"type":"pakketpunt","locatieNaam":"Ufficio Postale PIANGIPANE","straatNaam":"PIAZZA VENTIDUE GIUGNO 1944 4","straatNr":"","vervoerder":"DHL","puntType":"postOffice","bezettingsgraad":50,"latitude":44.420399,"longitude":12.087149,"canPickup":true,"canDropoff":true,"openingstijden":{"ma":"08:20 - 13:45","di":"08:20 - 13:45","wo":"08:20 - 13:45","do":"08:20 - 13:45","vr":"08:20 - 13:45","za":"08:20 - 12:45","zo":"gesloten"}}},{"type":"Feature","geometry":{"type":"Point","coordinates":[12.059435,44.436302]},"properties":{"type":"pakketpunt","locatieNaam":"TABACCHERIA N. 41","straatNaam":"VIA CANALA 397","straatNr":"","vervoerder":"DHL","puntType":"parcelShop","bezettingsgraad":50,"latitude":44.436302,"longitude":12.059435,"canPickup":true,"canDropoff":true,"openingstijden":{"ma":"07:30 - 12:30, 16:00 - 19:30","di":"07:30 - 12:30, 16:00 - 19:30","wo":"07:30 - 12:30, 16:00 - 19:30","do":"07:30 - 12:30, 16:00 - 19:30","vr":"07:30 - 12:30, 16:00 - 19:30","za":"07:30 - 12:30, 16:00 - 18:30","zo":"gesloten"}}},{"type":"Feature","geometry":{"type":"Point","coordinates":[12.14647,44.419334]},"properties":{"type":"pakketpunt","locatieNaam":"TABACCHERIA N. 70","straatNaam":"VIA FAENTINA 226-A","straatNr":"","vervoerder":"DHL","puntType":"parcelShop","bezettingsgraad":50,"latitude":44.419334,"longitude":12.14647,"canPickup":true,"canDropoff":true,"openingstijden":{"ma":"07:30 - 13:00, 15:30 - 19:30","di":"07:30 - 13:00, 15:30 - 19:30","wo":"07:30 - 13:00, 15:30 - 19:30","do":"07:30 - 13:00, 15:30 - 19:30","vr":"07:30 - 13:00, 15:30 - 19:30","za":"07:30 - 13:00, 15:30 - 19:30","zo":"gesloten"}}},{"type":"Feature","geometry":{"type":"Point","coordinates":[12.146746,44.419355]},"properties":{"type":"pakketpunt","locatieNaam":"TABACCHERIA MANCINI","straatNaam":"Faentina, 226/A","straatNr":"","vervoerder":"DHL","puntType":"parcelShop","bezettingsgraad":50,"latitude":44.419355,"longitude":12.146746,"canPickup":false,"canDropoff":true,"openingstijden":{"ma":"07:30 - 19:00","di":"07:30 - 19:00","wo":"07:30 - 19:00","do":"07:30 - 19:00","vr":"07:30 - 19:00","za":"07:30 - 18:00","zo":"gesloten"}}},{"type":"Feature","geometry":{"type":"Point","coordinates":[12.213857,44.350614]},"properties":{"type":"pakketpunt","locatieNaam":"TABACCHERIA N. 115","straatNaam":"VIA DISMANO 186","straatNr":"","vervoerder":"DHL","puntType":"parcelShop","bezettingsgraad":50,"latitude":44.350614,"longitude":12.213857,"canPickup":true,"canDropoff":true,"openingstijden":{"ma":"05:00 - 14:00","di":"05:00 - 19:30","wo":"05:00 - 19:30","do":"05:00 - 19:30","vr":"05:00 - 19:30","za":"05:00 - 19:30","zo":"05:00 - 13:00"}}},{"type":"Feature","geometry":{"type":"Point","coordinates":[12.21806,44.393686]},"properties":{"type":"pakketpunt","locatieNaam":"Ufficio Postale RAVENNA 6","straatNaam":"VIA ROMEA SUD 53","straatNr":"","vervoerder":"DHL","puntType":"postOffice","bezettingsgraad":50,"latitude":44.393686,"longitude":12.21806,"canPickup":true,"canDropoff":true,"openingstijden":{"ma":"08:20 - 13:35","di":"08:20 - 13:35","wo":"08:20 - 13:35","do":"08:20 - 13:35","vr":"08:20 - 13:35","za":"08:20 - 12:35","zo":"gesloten"}}},{"type":"Feature","geometry":{"type":"Point","coordinates":[12.217668,44.394106]},"properties":{"type":"pakketpunt","locatieNaam":"TABACCHERIA N. 137","straatNaam":"VIA ROMEA SUD 41","straatNr":"","vervoerder":"DHL","puntType":"parcelShop","bezettingsgraad":50,"latitude":44.394106,"longitude":12.217668,"canPickup":true,"canDropoff":true,"openingstijden":{"ma":"06:30 - 21:00","di":"06:30 - 21:00","wo":"06:30 - 21:00","do":"06:30 - 21:00","vr":"06:30 - 21:00","za":"06:30 - 21:00","zo":"gesloten"}}},{"type":"Feature","geometry":{"type":"Point","coordinates":[12.211453,44.399765]},"properties":{"type":"pakketpunt","locatieNaam":"TABACCHERIA N. 201","straatNaam":"VIA ISAAC NEWTON 34","straatNr":"","vervoerder":"DHL","puntType":"parcelShop","bezettingsgraad":50,"latitude":44.399765,"longitude":12.211453,"canPickup":true,"canDropoff":true,"openingstijden":{"ma":"06:30 - 19:30","di":"06:30 - 19:30","wo":"06:30 - 19:30","do":"06:30 - 19:30","vr":"06:30 - 19:30","za":"06:30 - 19:30","zo":"gesloten"}}},{"type":"Feature","geometry":{"type":"Point","coordinates":[12.181827,44.396526]},"properties":{"type":"pakketpunt","locatieNaam":"STAZIONE DI SERVIZIO IP","straatNaam":"VIA MARCO BUSSATO 20-A","straatNr":"","vervoerder":"DHL","puntType":"packStation","bezettingsgraad":50,"latitude":44.396526,"longitude":12.181827,"canPickup":true,"canDropoff":true,"openingstijden":{"ma":"00:01 - 23:59","di":"00:01 - 23:59","wo":"00:01 - 23:59","do":"00:01 - 23:59","vr":"00:01 - 23:59","za":"00:01 - 23:59","zo":"00:01 - 23:59"}}},{"type":"Feature","geometry":{"type":"Point","coordinates":[12.186907,44.398872]},"properties":{"type":"pakketpunt","locatieNaam":"RAVENNA COMPUTER","straatNaam":"Viale Leon Battista Alberti 75","straatNr":"","vervoerder":"DHL","puntType":"parcelShop","bezettingsgraad":50,"latitude":44.398872,"longitude":12.186907,"canPickup":false,"canDropoff":true,"openingstijden":{"ma":"09:00 - 19:30","di":"09:00 - 19:30","wo":"09:00 - 19:30","do":"09:00 - 12:30","vr":"09:00 - 19:30","za":"09:00 - 12:30","zo":"gesloten"}}},{"type":"Feature","geometry":{"type":"Point","coordinates":[12.178475,44.396494]},"properties":{"type":"pakketpunt","locatieNaam":"CENTRO COMMERCIALE ESP","straatNaam":"VIA MARCO BUSSATO 74","straatNr":"","vervoerder":"DHL","puntType":"packStation","bezettingsgraad":50,"latitude":44.396494,"longitude":12.178475,"canPickup":true,"canDropoff":true,"openingstijden":{"ma":"09:00 - 21:00","di":"09:00 - 21:00","wo":"09:00 - 21:00","do":"09:00 - 21:00","vr":"09:00 - 21:00","za":"09:00 - 21:00","zo":"10:00 - 21:00"}}},{"type":"Feature","geometry":{"type":"Point","coordinates":[12.197195,44.403608]},"properties":{"type":"pakketpunt","locatieNaam":"STAZIONE DI SERVIZIO ESSO","straatNaam":"VIA RAVEGNANA 323","straatNr":"","vervoerder":"DHL","puntType":"packStation","bezettingsgraad":50,"latitude":44.403608,"longitude":12.197195,"canPickup":true,"canDropoff":true,"openingstijden":{"ma":"00:01 - 23:59","di":"00:01 - 23:59","wo":"00:01 - 23:59","do":"00:01 - 23:59","vr":"00:01 - 23:59","za":"00:01 - 23:59","zo":"00:01 - 23:59"}}},{"type":"Feature","geometry":{"type":"Point","coordinates":[12.191363,44.403571]},"properties":{"type":"pakketpunt","locatieNaam":"TABACCHERIA N. 45","straatNaam":"VIALE ENRICO BERLINGUER 70","straatNr":"","vervoerder":"DHL","puntType":"parcelShop","bezettingsgraad":50,"latitude":44.403571,"longitude":12.191363,"canPickup":true,"canDropoff":true,"openingstijden":{"ma":"05:30 - 19:00","di":"05:30 - 19:00","wo":"05:30 - 19:00","do":"05:30 - 19:00","vr":"05:30 - 19:00","za":"05:30 - 19:00","zo":"07:00 - 12:00"}}},{"type":"Feature","geometry":{"type":"Point","coordinates":[12.208866,44.406793]},"properties":{"type":"pakketpunt","locatieNaam":"TABACCHERIA N. 173","straatNaam":"VIA ROMEA CENTRO 40","straatNr":"","vervoerder":"DHL","puntType":"parcelShop","bezettingsgraad":50,"latitude":44.406793,"longitude":12.208866,"canPickup":true,"canDropoff":true,"openingstijden":{"ma":"08:00 - 13:00, 16:00 - 19:30","di":"08:00 - 13:00, 16:00 - 19:30","wo":"08:30 - 13:00, 16:00 - 19:30","do":"08:00 - 13:00, 16:00 - 19:30","vr":"08:00 - 13:00, 16:00 - 19:30","za":"08:00 - 13:00, 16:00 - 19:30","zo":"gesloten"}}},{"type":"Feature","geometry":{"type":"Point","coordinates":[12.210454,44.407328]},"properties":{"type":"pakketpunt","locatieNaam":"STAZIONE DI SERVIZIO TAMOIL","straatNaam":"VIA PANFILIA 67","straatNr":"","vervoerder":"DHL","puntType":"packStation","bezettingsgraad":50,"latitude":44.407328,"longitude":12.210454,"canPickup":true,"canDropoff":true,"openingstijden":{"ma":"00:01 - 23:59","di":"00:01 - 23:59","wo":"00:01 - 23:59","do":"00:01 - 23:59","vr":"00:01 - 23:59","za":"00:01 - 23:59","zo":"00:01 - 23:59"}}},{"type":"Feature","geometry":{"type":"Point","coordinates":[12.175915,44.401736]},"properties":{"type":"pakketpunt","locatieNaam":"TABACCHERIA N. 66","straatNaam":"VIA FIUME MONTONE ABBANDONATO 405","straatNr":"","vervoerder":"DHL","puntType":"parcelShop","bezettingsgraad":50,"latitude":44.401736,"longitude":12.175915,"canPickup":true,"canDropoff":true,"openingstijden":{"ma":"08:00 - 12:30, 16:00 - 19:30","di":"08:00 - 12:30, 16:00 - 19:30","wo":"08:00 - 12:30, 16:00 - 19:32","do":"08:00 - 12:30, 16:00 - 19:30","vr":"08:00 - 12:30, 16:00 - 19:30","za":"08:00 - 12:30, 16:00 - 19:30","zo":"gesloten"}}},{"type":"Feature","geometry":{"type":"Point","coordinates":[12.200168,44.40836]},"properties":{"type":"pakketpunt","locatieNaam":"Ufficio Postale RAVENNA 3","straatNaam":"VIA RAVEGNANA 141","straatNr":"","vervoerder":"DHL","puntType":"postOffice","bezettingsgraad":50,"latitude":44.40836,"longitude":12.200168,"canPickup":true,"canDropoff":true,"openingstijden":{"ma":"08:20 - 13:35","di":"08:20 - 13:35","wo":"08:20 - 13:35","do":"08:20 - 13:35","vr":"08:20 - 13:35","za":"08:20 - 12:35","zo":"gesloten"}}},{"type":"Feature","geometry":{"type":"Point","coordinates":[12.247947,44.405359]},"properties":{"type":"pakketpunt","locatieNaam":"Ufficio Postale PORTO FUORI","straatNaam":"VIA BONIFICA 5","straatNr":"","vervoerder":"DHL","puntType":"postOffice","bezettingsgraad":50,"latitude":44.405359,"longitude":12.247947,"canPickup":true,"canDropoff":true,"openingstijden":{"ma":"08:20 - 13:45","di":"08:20 - 13:45","wo":"08:20 - 13:45","do":"08:20 - 13:45","vr":"08:20 - 13:45","za":"08:20 - 12:45","zo":"gesloten"}}},{"type":"Feature","geometry":{"type":"Point","coordinates":[12.18119,44.405698]},"properties":{"type":"pakketpunt","locatieNaam":"STAZIONE DI SERVIZIO IP","straatNaam":"VIALE SANDRO PERTINI 50","straatNr":"","vervoerder":"DHL","puntType":"packStation","bezettingsgraad":50,"latitude":44.405698,"longitude":12.18119,"canPickup":true,"canDropoff":true,"openingstijden":{"ma":"00:01 - 23:59","di":"00:01 - 23:59","wo":"00:01 - 23:59","do":"00:01 - 23:59","vr":"00:01 - 23:59","za":"00:01 - 23:59","zo":"00:01 - 23:59"}}},{"type":"Feature","geometry":{"type":"Point","coordinates":[12.206901,44.410854]},"properties":{"type":"pakketpunt","locatieNaam":"TABACCHERIA N. 20","straatNaam":"VIA CESAREA 81","straatNr":"","vervoerder":"DHL","puntType":"parcelShop","bezettingsgraad":50,"latitude":44.410854,"longitude":12.206901,"canPickup":true,"canDropoff":true,"openingstijden":{"ma":"07:30 - 12:30, 16:00 - 19:30","di":"07:30 - 12:30, 16:00 - 19:30","wo":"07:30 - 12:30, 16:00 - 19:30","do":"07:30 - 12:30, 16:00 - 19:30","vr":"07:00 - 15:00","za":"07:30 - 12:30, 16:00 - 19:30","zo":"gesloten"}}},{"type":"Feature","geometry":{"type":"Point","coordinates":[12.2082,44.4117]},"properties":{"type":"pakketpunt","locatieNaam":"PAUSA CAFFE RAVENNA","straatNaam":"Irconvallazione Canale Molinetto 29","straatNr":"","vervoerder":"DHL","puntType":"parcelShop","bezettingsgraad":50,"latitude":44.4117,"longitude":12.2082,"canPickup":false,"canDropoff":true,"openingstijden":{"ma":"09:00 - 19:30","di":"09:00 - 19:30","wo":"09:00 - 19:30","do":"09:00 - 12:30","vr":"09:00 - 19:30","za":"09:00 - 19:30","zo":"gesloten"}}},{"type":"Feature","geometry":{"type":"Point","coordinates":[12.201556,44.41188]},"properties":{"type":"pakketpunt","locatieNaam":"TABACCHERIA N. 16","straatNaam":"LARGO ANDREANA TAVELLI 5","straatNr":"","vervoerder":"DHL","puntType":"parcelShop","bezettingsgraad":50,"latitude":44.41188,"longitude":12.201556,"canPickup":true,"canDropoff":true,"openingstijden":{"ma":"08:30 - 12:30, 15:30 - 19:30","di":"08:30 - 12:30, 15:30 - 19:30","wo":"08:30 - 12:30, 15:30 - 19:30","do":"08:30 - 12:30, 15:30 - 19:30","vr":"08:30 - 12:30, 15:30 - 19:30","za":"08:30 - 12:30, 15:30 - 19:30","zo":"gesloten"}}},{"type":"Feature","geometry":{"type":"Point","coordinates":[12.25459,44.40641]},"properties":{"type":"pakketpunt","locatieNaam":"TABACCHERIA RUFFILLI RICEVITORIA CA","straatNaam":"Via Bonifica 48  Fraz. Porto Fuori","straatNr":"","vervoerder":"DHL","puntType":"parcelShop","bezettingsgraad":50,"latitude":44.40641,"longitude":12.25459,"canPickup":false,"canDropoff":true,"openingstijden":{"ma":"06:30 - 19:30","di":"06:30 - 19:30","wo":"06:30 - 19:30","do":"06:30 - 19:30","vr":"06:30 - 19:30","za":"06:30 - 19:30","zo":"gesloten"}}},{"type":"Feature","geometry":{"type":"Point","coordinates":[12.254654,44.406395]},"properties":{"type":"pakketpunt","locatieNaam":"TABACCHERIA N. 164","straatNaam":"VIA DELLA BONIFICA 48","straatNr":"","vervoerder":"DHL","puntType":"parcelShop","bezettingsgraad":50,"latitude":44.406395,"longitude":12.254654,"canPickup":true,"canDropoff":true,"openingstijden":{"ma":"06:30 - 13:00, 15:30 - 19:30","di":"06:30 - 13:00, 15:30 - 19:30","wo":"06:30 - 13:00, 15:30 - 19:30","do":"06:30 - 13:00, 15:30 - 19:30","vr":"06:30 - 13:00, 15:30 - 19:30","za":"06:30 - 13:00, 15:30 - 19:30","zo":"gesloten"}}},{"type":"Feature","geometry":{"type":"Point","coordinates":[12.210726,44.414285]},"properties":{"type":"pakketpunt","locatieNaam":"LAVA FLASH","straatNaam":"CIRCONVALLAZIONE PIAZZA DARMI 82","straatNr":"","vervoerder":"DHL","puntType":"packStation","bezettingsgraad":50,"latitude":44.414285,"longitude":12.210726,"canPickup":true,"canDropoff":true,"openingstijden":{"ma":"06:00 - 23:00","di":"06:00 - 23:00","wo":"06:00 - 23:00","do":"06:00 - 23:00","vr":"06:00 - 23:00","za":"06:00 - 23:00","zo":"06:00 - 23:00"}}},{"type":"Feature","geometry":{"type":"Point","coordinates":[12.21482,44.415916]},"properties":{"type":"pakketpunt","locatieNaam":"TABACCHERIA N. 136","straatNaam":"VIA TOMMASO GULLI 107","straatNr":"","vervoerder":"DHL","puntType":"parcelShop","bezettingsgraad":50,"latitude":44.415916,"longitude":12.21482,"canPickup":true,"canDropoff":true,"openingstijden":{"ma":"07:00 - 13:00, 15:30 - 19:30","di":"07:00 - 13:00, 15:30 - 19:30","wo":"07:00 - 13:00, 15:30 - 19:30","do":"07:00 - 13:00, 15:30 - 19:30","vr":"07:00 - 13:00, 15:30 - 19:30","za":"07:00 - 13:00, 15:30 - 19:30","zo":"gesloten"}}},{"type":"Feature","geometry":{"type":"Point","coordinates":[12.176397,44.409915]},"properties":{"type":"pakketpunt","locatieNaam":"TABACCHERIA N. 29","straatNaam":"VIA ALDO BOZZI 5","straatNr":"","vervoerder":"DHL","puntType":"parcelShop","bezettingsgraad":50,"latitude":44.409915,"longitude":12.176397,"canPickup":true,"canDropoff":true,"openingstijden":{"ma":"06:00 - 19:30","di":"06:00 - 19:30","wo":"06:00 - 19:30","do":"06:00 - 19:30","vr":"06:00 - 19:30","za":"06:00 - 19:30","zo":"gesloten"}}},{"type":"Feature","geometry":{"type":"Point","coordinates":[12.221529,44.416123]},"properties":{"type":"pakketpunt","locatieNaam":"TABACCHERIA N. 163","straatNaam":"VIA AURELIO NICOLODI 27","straatNr":"","vervoerder":"DHL","puntType":"parcelShop","bezettingsgraad":50,"latitude":44.416123,"longitude":12.221529,"canPickup":true,"canDropoff":true,"openingstijden":{"ma":"07:30 - 13:00, 15:30 - 19:30","di":"07:30 - 13:00, 15:30 - 19:30","wo":"07:30 - 13:00, 15:30 - 19:30","do":"07:30 - 13:00, 15:30 - 19:30","vr":"07:30 - 13:00, 15:30 - 19:30","za":"07:30 - 13:00, 15:30 - 19:30","zo":"gesloten"}}},{"type":"Feature","geometry":{"type":"Point","coordinates":[12.209637,44.416657]},"properties":{"type":"pakketpunt","locatieNaam":"TABACCHERIA N. 27","straatNaam":"VIA CANDIANO 13","straatNr":"","vervoerder":"DHL","puntType":"parcelShop","bezettingsgraad":50,"latitude":44.416657,"longitude":12.209637,"canPickup":true,"canDropoff":true,"openingstijden":{"ma":"07:30 - 20:00","di":"07:30 - 20:00","wo":"07:30 - 20:00","do":"07:30 - 20:00","vr":"07:30 - 20:00","za":"07:30 - 20:00","zo":"gesloten"}}},{"type":"Feature","geometry":{"type":"Point","coordinates":[12.196138,44.415717]},"properties":{"type":"pakketpunt","locatieNaam":"TABACCHERIA N. 128","straatNaam":"PIAZZA DEL DUOMO 10","straatNr":"","vervoerder":"DHL","puntType":"parcelShop","bezettingsgraad":50,"latitude":44.415717,"longitude":12.196138,"canPickup":true,"canDropoff":true,"openingstijden":{"ma":"07:30 - 19:00","di":"07:30 - 19:00","wo":"07:30 - 19:00","do":"07:30 - 19:00","vr":"07:30 - 19:00","za":"07:30 - 19:00","zo":"09:00 - 12:00"}}},{"type":"Feature","geometry":{"type":"Point","coordinates":[12.200521,44.417153]},"properties":{"type":"pakketpunt","locatieNaam":"Ufficio Postale RAVENNA CENTRO","straatNaam":"PIAZZA GIUSEPPE GARIBALDI 1","straatNr":"","vervoerder":"DHL","puntType":"postOffice","bezettingsgraad":50,"latitude":44.417153,"longitude":12.200521,"canPickup":true,"canDropoff":true,"openingstijden":{"ma":"08:20 - 19:05","di":"08:20 - 19:05","wo":"08:20 - 19:05","do":"08:20 - 19:05","vr":"08:20 - 19:05","za":"08:20 - 12:35","zo":"gesloten"}}},{"type":"Feature","geometry":{"type":"Point","coordinates":[12.219677,44.417815]},"properties":{"type":"pakketpunt","locatieNaam":"TABACCHERIA n. 220","straatNaam":"VIA AQUILEIA 52","straatNr":"","vervoerder":"DHL","puntType":"parcelShop","bezettingsgraad":50,"latitude":44.417815,"longitude":12.219677,"canPickup":true,"canDropoff":true,"openingstijden":{"ma":"07:00 - 13:00, 15:30 - 19:30","di":"07:00 - 13:00, 15:30 - 19:30","wo":"07:00 - 13:00, 15:30 - 19:30","do":"07:00 - 13:00, 15:30 - 19:30","vr":"07:00 - 13:00, 15:30 - 19:30","za":"07:00 - 13:00","zo":"gesloten"}}},{"type":"Feature","geometry":{"type":"Point","coordinates":[12.20698,44.418135]},"properties":{"type":"pakketpunt","locatieNaam":"Ufficio Postale RAVENNA 2","straatNaam":"VIA GIOSUE CARDUCCI 38","straatNr":"","vervoerder":"DHL","puntType":"postOffice","bezettingsgraad":50,"latitude":44.418135,"longitude":12.20698,"canPickup":true,"canDropoff":true,"openingstijden":{"ma":"08:20 - 13:35","di":"08:20 - 13:35","wo":"08:20 - 13:35","do":"08:20 - 13:35","vr":"08:20 - 13:35","za":"08:20 - 12:35","zo":"gesloten"}}},{"type":"Feature","geometry":{"type":"Point","coordinates":[12.2185,44.41878]},"properties":{"type":"pakketpunt","locatieNaam":"Ufficio Postale RAVENNA 4","straatNaam":"VIA POLA 22","straatNr":"","vervoerder":"DHL","puntType":"postOffice","bezettingsgraad":50,"latitude":44.41878,"longitude":12.2185,"canPickup":true,"canDropoff":true,"openingstijden":{"ma":"08:20 - 13:35","di":"08:20 - 13:35","wo":"08:20 - 13:35","do":"08:20 - 13:35","vr":"08:20 - 13:35","za":"08:20 - 12:35","zo":"gesloten"}}},{"type":"Feature","geometry":{"type":"Point","coordinates":[12.2054,44.419156]},"properties":{"type":"pakketpunt","locatieNaam":"TABACCHERIA N. 94","straatNaam":"PIAZZA GOFFREDO MAMELI 11","straatNr":"","vervoerder":"DHL","puntType":"parcelShop","bezettingsgraad":50,"latitude":44.419156,"longitude":12.2054,"canPickup":true,"canDropoff":true,"openingstijden":{"ma":"08:00 - 13:00, 15:30 - 19:30","di":"08:00 - 13:00, 15:30 - 19:30","wo":"08:00 - 13:00, 15:30 - 19:30","do":"08:00 - 13:00, 15:30 - 19:30","vr":"08:00 - 13:00, 15:30 - 19:30","za":"08:30 - 13:00, 15:30 - 19:30","zo":"gesloten"}}},{"type":"Feature","geometry":{"type":"Point","coordinates":[12.2187,44.419592]},"properties":{"type":"pakketpunt","locatieNaam":"TABACCHERIA N. 139","straatNaam":"VIA TRIESTE 91","straatNr":"","vervoerder":"DHL","puntType":"parcelShop","bezettingsgraad":50,"latitude":44.419592,"longitude":12.2187,"canPickup":true,"canDropoff":true,"openingstijden":{"ma":"07:00 - 13:00, 15:30 - 19:30","di":"07:00 - 13:00, 15:30 - 19:30","wo":"07:00 - 13:00, 15:30 - 19:30","do":"07:00 - 13:00, 15:30 - 19:30","vr":"07:00 - 13:00, 15:30 - 19:30","za":"07:00 - 13:00, 15:30 - 19:30","zo":"gesloten"}}},{"type":"Feature","geometry":{"type":"Point","coordinates":[12.199664,44.419061]},"properties":{"type":"pakketpunt","locatieNaam":"TABACCHERIA N. 18","straatNaam":"VIA QUATTRO NOVEMBRE 55","straatNr":"","vervoerder":"DHL","puntType":"parcelShop","bezettingsgraad":50,"latitude":44.419061,"longitude":12.199664,"canPickup":true,"canDropoff":true,"openingstijden":{"ma":"08:00 - 13:00, 16:00 - 20:00","di":"08:00 - 13:00, 16:00 - 20:00","wo":"08:00 - 13:00, 16:00 - 20:00","do":"08:00 - 13:00, 16:00 - 20:00","vr":"08:00 - 13:00, 16:00 - 20:00","za":"08:00 - 13:00, 16:00 - 20:00","zo":"gesloten"}}},{"type":"Feature","geometry":{"type":"Point","coordinates":[12.187353,44.417775]},"properties":{"type":"pakketpunt","locatieNaam":"TABACCHERIA N. 166","straatNaam":"VIA DEGLI SPRETI 57","straatNr":"","vervoerder":"DHL","puntType":"parcelShop","bezettingsgraad":50,"latitude":44.417775,"longitude":12.187353,"canPickup":true,"canDropoff":true,"openingstijden":{"ma":"08:00 - 13:00, 16:00 - 19:30","di":"08:00 - 13:00, 16:00 - 19:30","wo":"08:00 - 13:00, 16:00 - 19:30","do":"08:00 - 13:00, 16:00 - 19:30","vr":"08:00 - 13:00, 16:00 - 19:30","za":"08:00 - 13:00","zo":"gesloten"}}},{"type":"Feature","geometry":{"type":"Point","coordinates":[12.202345,44.421175]},"properties":{"type":"pakketpunt","locatieNaam":"TABACCHERIA N. 134","straatNaam":"VIA DI ROMA 147","straatNr":"","vervoerder":"DHL","puntType":"parcelShop","bezettingsgraad":50,"latitude":44.421175,"longitude":12.202345,"canPickup":true,"canDropoff":true,"openingstijden":{"ma":"06:00 - 20:00","di":"06:00 - 20:00","wo":"06:00 - 20:00","do":"06:00 - 20:00","vr":"06:00 - 20:00","za":"06:00 - 20:00","zo":"gesloten"}}},{"type":"Feature","geometry":{"type":"Point","coordinates":[12.191712,44.420356]},"properties":{"type":"pakketpunt","locatieNaam":"TABACCHERIA N. 12","straatNaam":"VIA MAGGIORE 78","straatNr":"","vervoerder":"DHL","puntType":"parcelShop","bezettingsgraad":50,"latitude":44.420356,"longitude":12.191712,"canPickup":true,"canDropoff":true,"openingstijden":{"ma":"08:00 - 13:00, 15:30 - 19:30","di":"08:00 - 13:00, 15:30 - 19:30","wo":"08:00 - 13:00, 15:30 - 19:30","do":"08:00 - 13:00, 15:30 - 19:30","vr":"08:00 - 13:00, 15:30 - 19:30","za":"08:00 - 13:00, 15:30 - 19:30","zo":"09:00 - 13:00"}}},{"type":"Feature","geometry":{"type":"Point","coordinates":[12.188513,44.421248]},"properties":{"type":"pakketpunt","locatieNaam":"TABACCHERIA N. 10","straatNaam":"VIA MAGGIORE 197","straatNr":"","vervoerder":"DHL","puntType":"parcelShop","bezettingsgraad":50,"latitude":44.421248,"longitude":12.188513,"canPickup":true,"canDropoff":true,"openingstijden":{"ma":"07:00 - 12:30, 16:00 - 19:00","di":"07:00 - 12:30, 16:00 - 19:00","wo":"07:00 - 12:30, 16:00 - 19:00","do":"07:00 - 12:30, 16:00 - 19:00","vr":"07:00 - 12:30, 16:00 - 19:00","za":"07:00 - 12:30, 16:00 - 19:00","zo":"gesloten"}}},{"type":"Feature","geometry":{"type":"Point","coordinates":[12.178216,44.419224]},"properties":{"type":"pakketpunt","locatieNaam":"TABACCHERIA N. 179","straatNaam":"VIA GIOVANNI SANTUCCI 34","straatNr":"","vervoerder":"DHL","puntType":"parcelShop","bezettingsgraad":50,"latitude":44.419224,"longitude":12.178216,"canPickup":true,"canDropoff":true,"openingstijden":{"ma":"07:15 - 20:00","di":"07:15 - 20:00","wo":"07:15 - 20:00","do":"07:15 - 20:00","vr":"07:15 - 20:00","za":"07:15 - 20:00","zo":"gesloten"}}},{"type":"Feature","geometry":{"type":"Point","coordinates":[12.213882,44.425935]},"properties":{"type":"pakketpunt","locatieNaam":"STAZIONE DI SERVIZIO ESSO","straatNaam":"VIA DELLE INDUSTRIE 49","straatNr":"","vervoerder":"DHL","puntType":"packStation","bezettingsgraad":50,"latitude":44.425935,"longitude":12.213882,"canPickup":true,"canDropoff":true,"openingstijden":{"ma":"00:01 - 23:59","di":"00:01 - 23:59","wo":"00:01 - 23:59","do":"00:01 - 23:59","vr":"00:01 - 23:59","za":"00:01 - 23:59","zo":"00:01 - 23:59"}}},{"type":"Feature","geometry":{"type":"Point","coordinates":[12.201433,44.425486]},"properties":{"type":"pakketpunt","locatieNaam":"TABACCHERIA N. 141","straatNaam":"VIA NARSETE 21-A","straatNr":"","vervoerder":"DHL","puntType":"parcelShop","bezettingsgraad":50,"latitude":44.425486,"longitude":12.201433,"canPickup":true,"canDropoff":true,"openingstijden":{"ma":"07:00 - 13:00, 15:30 - 19:30","di":"07:00 - 13:00, 15:30 - 19:30","wo":"07:00 - 13:00, 15:30 - 19:30","do":"07:00 - 13:00, 15:30 - 19:30","vr":"07:00 - 13:00, 15:30 - 19:30","za":"07:00 - 13:00, 15:30 - 19:30","zo":"07:00 - 13:00, 15:30 - 19:30"}}},{"type":"Feature","geometry":{"type":"Point","coordinates":[12.178396,44.422405]},"properties":{"type":"pakketpunt","locatieNaam":"FOTO UNIVERSO DI GRASSETTO","straatNaam":"Agro Pontino, 1 A","straatNr":"","vervoerder":"DHL","puntType":"parcelShop","bezettingsgraad":50,"latitude":44.422405,"longitude":12.178396,"canPickup":false,"canDropoff":true,"openingstijden":{"ma":"08:45 - 19:30","di":"08:45 - 19:30","wo":"08:45 - 19:30","do":"08:45 - 19:30","vr":"08:45 - 19:30","za":"08:45 - 12:30","zo":"gesloten"}}},{"type":"Feature","geometry":{"type":"Point","coordinates":[12.1936,44.4265]},"properties":{"type":"pakketpunt","locatieNaam":"RADIOFORNITURE RAVENNA","straatNaam":"Via Rotta 65","straatNr":"","vervoerder":"DHL","puntType":"parcelShop","bezettingsgraad":50,"latitude":44.4265,"longitude":12.1936,"canPickup":false,"canDropoff":true,"openingstijden":{"ma":"08:30 - 19:00","di":"08:30 - 19:00","wo":"08:30 - 19:00","do":"08:30 - 19:00","vr":"08:30 - 19:00","za":"08:30 - 12:30","zo":"gesloten"}}},{"type":"Feature","geometry":{"type":"Point","coordinates":[12.305807,44.411734]},"properties":{"type":"pakketpunt","locatieNaam":"TABACCHERIA N. 123","straatNaam":"VIALE VIRGILIO PUBLIO MARONE 104","straatNr":"","vervoerder":"DHL","puntType":"parcelShop","bezettingsgraad":50,"latitude":44.411734,"longitude":12.305807,"canPickup":true,"canDropoff":true,"openingstijden":{"ma":"07:30 - 19:30","di":"07:30 - 19:30","wo":"07:30 - 19:30","do":"07:30 - 19:30","vr":"07:30 - 19:30","za":"07:00 - 19:30","zo":"gesloten"}}},{"type":"Feature","geometry":{"type":"Point","coordinates":[12.309086,44.415167]},"properties":{"type":"pakketpunt","locatieNaam":"TABACCHERIA N. 195","straatNaam":"VIALE TORQUATO TASSO 11","straatNr":"","vervoerder":"DHL","puntType":"parcelShop","bezettingsgraad":50,"latitude":44.415167,"longitude":12.309086,"canPickup":true,"canDropoff":true,"openingstijden":{"ma":"08:00 - 12:00, 16:00 - 19:00","di":"08:00 - 12:00, 16:00 - 19:00","wo":"08:00 - 12:00, 16:00 - 19:00","do":"08:00 - 12:00, 16:00 - 19:00","vr":"08:00 - 12:00, 16:00 - 19:00","za":"08:00 - 12:00, 16:00 - 19:00","zo":"gesloten"}}},{"type":"Feature","geometry":{"type":"Point","coordinates":[12.308122,44.417672]},"properties":{"type":"pakketpunt","locatieNaam":"LAVANDERIA - SELF SERVICE","straatNaam":"VIALE FRANCESCO PETRARCA 315","straatNr":"","vervoerder":"DHL","puntType":"packStation","bezettingsgraad":50,"latitude":44.417672,"longitude":12.308122,"canPickup":true,"canDropoff":true,"openingstijden":{"ma":"07:30 - 23:30","di":"07:30 - 23:30","wo":"07:30 - 23:30","do":"07:30 - 23:30","vr":"07:30 - 23:30","za":"07:30 - 23:30","zo":"07:30 - 23:30"}}},{"type":"Feature","geometry":{"type":"Point","coordinates":[12.082304,44.464417]},"properties":{"type":"pakketpunt","locatieNaam":"AL BAR SPORT","straatNaam":"Piazza Giuseppe Donati 6","straatNr":"","vervoerder":"DHL","puntType":"parcelShop","bezettingsgraad":50,"latitude":44.464417,"longitude":12.082304,"canPickup":false,"canDropoff":true,"openingstijden":{"ma":"05:00 - 23:00","di":"05:00 - 23:00","wo":"05:00 - 23:00","do":"05:00 - 23:00","vr":"05:00 - 23:00","za":"05:00 - 23:00","zo":"gesloten"}}},{"type":"Feature","geometry":{"type":"Point","coordinates":[12.07798,44.45594]},"properties":{"type":"pakketpunt","locatieNaam":"TABACCHERIA N. 110","straatNaam":"STRADA SANTERNO AMMONITE 109","straatNr":"","vervoerder":"DHL","puntType":"parcelShop","bezettingsgraad":50,"latitude":44.45594,"longitude":12.07798,"canPickup":true,"canDropoff":true,"openingstijden":{"ma":"07:00 - 12:30, 16:00 - 19:30","di":"07:00 - 12:30, 16:00 - 19:30","wo":"07:00 - 12:30, 16:00 - 19:30","do":"07:00 - 12:30, 16:00 - 19:30","vr":"07:00 - 12:30, 16:00 - 19:30","za":"07:00 - 12:30, 16:00 - 19:30","zo":"07:00 - 12:30"}}},{"type":"Feature","geometry":{"type":"Point","coordinates":[12.086443,44.466357]},"properties":{"type":"pakketpunt","locatieNaam":"Ufficio Postale MEZZANO","straatNaam":"PIAZZA DELLA REPUBBLICA 10","straatNr":"","vervoerder":"DHL","puntType":"postOffice","bezettingsgraad":50,"latitude":44.466357,"longitude":12.086443,"canPickup":true,"canDropoff":true,"openingstijden":{"ma":"08:20 - 13:35","di":"08:20 - 13:35","wo":"08:20 - 13:35","do":"08:20 - 13:35","vr":"08:20 - 13:35","za":"08:20 - 12:35","zo":"gesloten"}}},{"type":"Feature","geometry":{"type":"Point","coordinates":[12.086783,44.465899]},"properties":{"type":"pakketpunt","locatieNaam":"TABACCHERIA N. 178","straatNaam":"VIA BASSA 18","straatNr":"","vervoerder":"DHL","puntType":"parcelShop","bezettingsgraad":50,"latitude":44.465899,"longitude":12.086783,"canPickup":true,"canDropoff":true,"openingstijden":{"ma":"07:30 - 12:30, 15:00 - 19:30","di":"07:30 - 12:30, 15:00 - 19:30","wo":"07:30 - 12:30, 15:00 - 19:30","do":"07:30 - 12:30, 15:00 - 19:30","vr":"07:30 - 12:30, 15:00 - 19:30","za":"07:30 - 12:30, 15:00 - 19:30","zo":"gesloten"}}},{"type":"Feature","geometry":{"type":"Point","coordinates":[12.133101,44.444127]},"properties":{"type":"pakketpunt","locatieNaam":"TABACCHERIA N. 122","straatNaam":"VIA REALE 40","straatNr":"","vervoerder":"DHL","puntType":"parcelShop","bezettingsgraad":50,"latitude":44.444127,"longitude":12.133101,"canPickup":true,"canDropoff":true,"openingstijden":{"ma":"06:00 - 20:00","di":"06:00 - 20:00","wo":"06:00 - 20:00","do":"06:00 - 20:00","vr":"06:00 - 20:00","za":"06:00 - 20:00","zo":"06:00 - 20:00"}}},{"type":"Feature","geometry":{"type":"Point","coordinates":[12.169662,44.441451]},"properties":{"type":"pakketpunt","locatieNaam":"TABACCHERIA N. 140","straatNaam":"VIA CANALA 33","straatNr":"","vervoerder":"DHL","puntType":"parcelShop","bezettingsgraad":50,"latitude":44.441451,"longitude":12.169662,"canPickup":true,"canDropoff":true,"openingstijden":{"ma":"06:00 - 18:00","di":"06:00 - 18:00","wo":"06:00 - 18:00","do":"06:00 - 18:00","vr":"06:00 - 18:00","za":"06:00 - 13:00","zo":"gesloten"}}},{"type":"Feature","geometry":{"type":"Point","coordinates":[12.169656,44.441375]},"properties":{"type":"pakketpunt","locatieNaam":"BAR TABACCHERIA TALENTI","straatNaam":"Via Canala 33","straatNr":"","vervoerder":"DHL","puntType":"parcelShop","bezettingsgraad":50,"latitude":44.441375,"longitude":12.169656,"canPickup":false,"canDropoff":true,"openingstijden":{"ma":"06:00 - 18:00","di":"06:00 - 18:00","wo":"06:00 - 18:00","do":"06:00 - 18:00","vr":"06:00 - 18:00","za":"06:00 - 13:00","zo":"gesloten"}}},{"type":"Feature","geometry":{"type":"Point","coordinates":[12.177621,44.480603]},"properties":{"type":"pakketpunt","locatieNaam":"TABACCHERIA N. 102","straatNaam":"VIA SANTALBERTO 338","straatNr":"","vervoerder":"DHL","puntType":"parcelShop","bezettingsgraad":50,"latitude":44.480603,"longitude":12.177621,"canPickup":true,"canDropoff":true,"openingstijden":{"ma":"07:30 - 22:00","di":"07:30 - 22:00","wo":"07:30 - 22:00","do":"07:30 - 22:00","vr":"07:30 - 22:00","za":"07:30 - 22:00","zo":"07:30 - 22:00"}}},{"type":"Feature","geometry":{"type":"Point","coordinates":[12.218154,44.449419]},"properties":{"type":"pakketpunt","locatieNaam":"BAR - OFFICINA DEL CAFFE","straatNaam":"VIALE GIUSEPPE DI VITTORIO 60","straatNr":"","vervoerder":"DHL","puntType":"packStation","bezettingsgraad":50,"latitude":44.449419,"longitude":12.218154,"canPickup":true,"canDropoff":true,"openingstijden":{"ma":"05:00 - 22:00","di":"05:00 - 22:00","wo":"05:00 - 22:00","do":"05:00 - 22:00","vr":"05:00 - 22:00","za":"09:00 - 15:00","zo":"gesloten"}}},{"type":"Feature","geometry":{"type":"Point","coordinates":[12.220535,44.447483]},"properties":{"type":"pakketpunt","locatieNaam":"SDA Ravenna","straatNaam":"VIA LUCIANO ROMAGNOLI 3","straatNr":"","vervoerder":"DHL","puntType":"parcelShop","bezettingsgraad":50,"latitude":44.447483,"longitude":12.220535,"canPickup":false,"canDropoff":true,"openingstijden":{"ma":"08:30 - 18:00","di":"08:30 - 18:00","wo":"08:30 - 18:00","do":"08:30 - 18:00","vr":"08:30 - 18:00","za":"09:00 - 12:00","zo":"gesloten"}}},{"type":"Feature","geometry":{"type":"Point","coordinates":[12.211333,44.446189]},"properties":{"type":"pakketpunt","locatieNaam":"SUPERMECATO CONAD","straatNaam":"VIA ACHILLE GRANDI 2","straatNr":"","vervoerder":"DHL","puntType":"packStation","bezettingsgraad":50,"latitude":44.446189,"longitude":12.211333,"canPickup":true,"canDropoff":true,"openingstijden":{"ma":"08:00 - 21:00","di":"08:00 - 21:00","wo":"08:00 - 21:00","do":"08:00 - 21:00","vr":"08:00 - 21:00","za":"08:00 - 21:00","zo":"08:00 - 21:00"}}},{"type":"Feature","geometry":{"type":"Point","coordinates":[12.206918,44.434587]},"properties":{"type":"pakketpunt","locatieNaam":"TABACCHERIA N. 221","straatNaam":"VIA LAGO DI COMO 15","straatNr":"","vervoerder":"DHL","puntType":"parcelShop","bezettingsgraad":50,"latitude":44.434587,"longitude":12.206918,"canPickup":true,"canDropoff":true,"openingstijden":{"ma":"06:00 - 20:00","di":"06:00 - 20:00","wo":"06:00 - 20:00","do":"06:00 - 20:00","vr":"06:00 - 20:00","za":"06:00 - 20:00","zo":"06:30 - 13:00"}}},{"type":"Feature","geometry":{"type":"Point","coordinates":[12.195369,44.43725]},"properties":{"type":"pakketpunt","locatieNaam":"TABACCHERIA N. 154","straatNaam":"VIA SANTALBERTO 234-A","straatNr":"","vervoerder":"DHL","puntType":"parcelShop","bezettingsgraad":50,"latitude":44.43725,"longitude":12.195369,"canPickup":true,"canDropoff":true,"openingstijden":{"ma":"05:30 - 12:30, 15:30 - 18:30","di":"05:30 - 12:30, 15:30 - 18:30","wo":"05:30 - 12:30, 15:30 - 18:30","do":"05:30 - 12:30, 15:30 - 18:30","vr":"05:30 - 12:30, 15:30 - 18:30","za":"05:30 - 12:30","zo":"gesloten"}}},{"type":"Feature","geometry":{"type":"Point","coordinates":[12.193773,44.428684]},"properties":{"type":"pakketpunt","locatieNaam":"KIPOINT VIA BRUNELLI","straatNaam":"VIA GUGLIELMO BRUNELLI 25","straatNr":"","vervoerder":"DHL","puntType":"parcelShop","bezettingsgraad":50,"latitude":44.428684,"longitude":12.193773,"canPickup":true,"canDropoff":true,"openingstijden":{"ma":"09:00 - 17:00","di":"09:00 - 17:00","wo":"09:00 - 17:00","do":"09:00 - 17:00","vr":"09:00 - 17:00","za":"gesloten","zo":"gesloten"}}},{"type":"Feature","geometry":{"type":"Point","coordinates":[12.193773,44.427523]},"properties":{"type":"pakketpunt","locatieNaam":"SUPERMECATO CONAD","straatNaam":"VICOLO TACCHINI 33","straatNr":"","vervoerder":"DHL","puntType":"packStation","bezettingsgraad":50,"latitude":44.427523,"longitude":12.193773,"canPickup":true,"canDropoff":true,"openingstijden":{"ma":"08:00 - 21:00","di":"08:00 - 21:00","wo":"08:00 - 21:00","do":"08:00 - 21:00","vr":"08:00 - 21:00","za":"08:00 - 21:00","zo":"08:00 - 21:00"}}},{"type":"Feature","geometry":{"type":"Point","coordinates":[12.276668,44.484068]},"properties":{"type":"pakketpunt","locatieNaam":"TABACCHERIA N. 157","straatNaam":"VIALE QUATTRO NOVEMBRE 47","straatNr":"","vervoerder":"DHL","puntType":"parcelShop","bezettingsgraad":50,"latitude":44.484068,"longitude":12.276668,"canPickup":true,"canDropoff":true,"openingstijden":{"ma":"08:00 - 12:30, 15:30 - 19:00","di":"08:00 - 12:30, 15:30 - 19:00","wo":"08:00 - 12:30, 15:30 - 19:00","do":"08:00 - 12:30, 15:30 - 19:00","vr":"08:00 - 12:30, 15:30 - 19:00","za":"08:00 - 12:30, 15:30 - 19:00","zo":"gesloten"}}},{"type":"Feature","geometry":{"type":"Point","coordinates":[12.187838,44.425577]},"properties":{"type":"pakketpunt","locatieNaam":"Ufficio Postale RAVENNA 1","straatNaam":"VIA GIUSEPPE BOVINI 37","straatNr":"","vervoerder":"DHL","puntType":"postOffice","bezettingsgraad":50,"latitude":44.425577,"longitude":12.187838,"canPickup":true,"canDropoff":true,"openingstijden":{"ma":"08:20 - 13:35","di":"08:20 - 13:35","wo":"08:20 - 13:35","do":"08:20 - 13:35","vr":"08:20 - 13:35","za":"08:20 - 12:35","zo":"gesloten"}}},{"type":"Feature","geometry":{"type":"Point","coordinates":[12.282331,44.487212]},"properties":{"type":"pakketpunt","locatieNaam":"TABACCHERIA N. 208","straatNaam":"VIALE DELLE NAZIONI 106","straatNr":"","vervoerder":"DHL","puntType":"parcelShop","bezettingsgraad":50,"latitude":44.487212,"longitude":12.282331,"canPickup":true,"canDropoff":true,"openingstijden":{"ma":"08:00 - 12:30, 15:30 - 19:00","di":"08:00 - 12:00, 15:30 - 19:00","wo":"08:00 - 12:00, 15:30 - 19:00","do":"08:00 - 12:00, 15:30 - 19:00","vr":"08:00 - 12:00, 15:30 - 19:00","za":"08:00 - 12:00, 15:30 - 19:00","zo":"gesloten"}}},{"type":"Feature","geometry":{"type":"Point","coordinates":[12.291461,44.444998]},"properties":{"type":"pakketpunt","locatieNaam":"Ufficio Postale PUNTA MARINA","straatNaam":"VIA DELL ANCORA 110","straatNr":"","vervoerder":"DHL","puntType":"postOffice","bezettingsgraad":50,"latitude":44.444998,"longitude":12.291461,"canPickup":true,"canDropoff":true,"openingstijden":{"ma":"08:20 - 13:45","di":"08:20 - 13:45","wo":"08:20 - 13:45","do":"08:20 - 13:45","vr":"08:20 - 13:45","za":"08:20 - 12:45","zo":"gesloten"}}},{"type":"Feature","geometry":{"type":"Point","coordinates":[12.294009,44.441139]},"properties":{"type":"pakketpunt","locatieNaam":"TABACCHERIA N. 130","straatNaam":"VIA DEI NAVIGATORI 26","straatNr":"","vervoerder":"DHL","puntType":"parcelShop","bezettingsgraad":50,"latitude":44.441139,"longitude":12.294009,"canPickup":true,"canDropoff":true,"openingstijden":{"ma":"07:00 - 13:00, 15:00 - 19:30","di":"07:00 - 13:00, 15:00 - 19:30","wo":"07:00 - 13:00, 15:00 - 19:30","do":"07:00 - 13:00, 15:00 - 19:30","vr":"07:00 - 13:00, 15:00 - 19:30","za":"07:00 - 13:00, 15:00 - 19:30","zo":"gesloten"}}},{"type":"Feature","geometry":{"type":"Point","coordinates":[12.294395,44.441296]},"properties":{"type":"pakketpunt","locatieNaam":"NAVIGATORI 20 DI CRISTOFANI","straatNaam":"Viale Dei Navigatori 42/44","straatNr":"","vervoerder":"DHL","puntType":"parcelShop","bezettingsgraad":50,"latitude":44.441296,"longitude":12.294395,"canPickup":false,"canDropoff":true,"openingstijden":{"ma":"09:00 - 19:30","di":"09:00 - 19:30","wo":"09:00 - 19:30","do":"09:00 - 19:30","vr":"09:00 - 19:30","za":"09:00 - 19:30","zo":"gesloten"}}},{"type":"Feature","geometry":{"type":"Point","coordinates":[12.153429,44.543538]},"properties":{"type":"pakketpunt","locatieNaam":"Ufficio Postale SANT'ALBERTO","straatNaam":"VIA BARTOLO NIGRISOLI 65","straatNr":"","vervoerder":"DHL","puntType":"postOffice","bezettingsgraad":50,"latitude":44.543538,"longitude":12.153429,"canPickup":true,"canDropoff":true,"openingstijden":{"ma":"08:20 - 13:45","di":"08:20 - 13:45","wo":"10:30 - 13:45","do":"08:20 - 13:45","vr":"08:20 - 13:45","za":"08:20 - 12:45","zo":"gesloten"}}},{"type":"Feature","geometry":{"type":"Point","coordinates":[12.15517,44.542897]},"properties":{"type":"pakketpunt","locatieNaam":"TABACCHERIA N. 42","straatNaam":"VIA OLINDO GUERRINI 13","straatNr":"","vervoerder":"DHL","puntType":"parcelShop","bezettingsgraad":50,"latitude":44.542897,"longitude":12.15517,"canPickup":true,"canDropoff":true,"openingstijden":{"ma":"07:00 - 13:00, 15:00 - 20:00","di":"07:00 - 13:00, 15:00 - 20:00","wo":"07:00 - 13:00, 15:00 - 20:00","do":"07:00 - 13:00, 15:00 - 20:00","vr":"07:00 - 13:00, 15:00 - 20:00","za":"07:00 - 13:00, 15:00 - 20:00","zo":"gesloten"}}},{"type":"Feature","geometry":{"type":"Point","coordinates":[12.159576,44.539996]},"properties":{"type":"pakketpunt","locatieNaam":"TABACCHERIA N. 63","straatNaam":"VIA OLINDO GUERRINI 154","straatNr":"","vervoerder":"DHL","puntType":"parcelShop","bezettingsgraad":50,"latitude":44.539996,"longitude":12.159576,"canPickup":true,"canDropoff":true,"openingstijden":{"ma":"07:00 - 20:00","di":"07:00 - 20:00","wo":"07:00 - 20:00","do":"07:00 - 20:00","vr":"07:00 - 20:00","za":"07:00 - 20:00","zo":"08:30 - 12:30"}}},{"type":"Feature","geometry":{"type":"Point","coordinates":[12.279839,44.554026]},"properties":{"type":"pakketpunt","locatieNaam":"Ufficio Postale CASALBORSETTI","straatNaam":"VIALE DELLE VIOLE 6","straatNr":"","vervoerder":"DHL","puntType":"postOffice","bezettingsgraad":50,"latitude":44.554026,"longitude":12.279839,"canPickup":true,"canDropoff":true,"openingstijden":{"ma":"08:20 - 13:45","di":"08:20 - 13:45","wo":"08:20 - 13:45","do":"08:20 - 13:45","vr":"08:20 - 13:45","za":"08:20 - 12:45","zo":"gesloten"}}},{"type":"Feature","geometry":{"type":"Point","coordinates":[12.14542,44.300599]},"properties":{"type":"pakketpunt","locatieNaam":"Amazon Locker - emiddia","straatNaam":"Conad Ravenna-S.Pietro In Vincoli Farini","straatNr":"","vervoerder":"Amazon","puntType":"locker","bezettingsgraad":50,"latitude":44.300599,"longitude":12.14542,"canPickup":true,"canDropoff":false,"openingstijden":null}},{"type":"Feature","geometry":{"type":"Point","coordinates":[12.144782,44.302895]},"properties":{"type":"pakketpunt","locatieNaam":"Amazon Locker - canto","straatNaam":"Stazione Tamoil - PV 8298","straatNr":"","vervoerder":"Amazon","puntType":"locker","bezettingsgraad":50,"latitude":44.302895,"longitude":12.144782,"canPickup":true,"canDropoff":false,"openingstijden":null}},{"type":"Feature","geometry":{"type":"Point","coordinates":[12.1461,44.3003]},"properties":{"type":"pakketpunt","locatieNaam":"PuntoPoste TABACCHERIA N. 47","straatNaam":"VIA EPAMINONDA FARINI 67","straatNr":"","vervoerder":"Amazon","puntType":"3p","bezettingsgraad":50,"latitude":44.3003,"longitude":12.1461,"canPickup":true,"canDropoff":false,"openingstijden":null}},{"type":"Feature","geometry":{"type":"Point","coordinates":[12.147528,44.2990029]},"properties":{"type":"pakketpunt","locatieNaam":"Amazon Counter (fermopoint)","straatNaam":"Contro.Luce","straatNr":"","vervoerder":"Amazon","puntType":"helix","bezettingsgraad":50,"latitude":44.2990029,"longitude":12.147528,"canPickup":true,"canDropoff":false,"openingstijden":null}},{"type":"Feature","geometry":{"type":"Point","coordinates":[12.1514,44.2958]},"properties":{"type":"pakketpunt","locatieNaam":"PuntoPoste TABACCHERIA N. 96","straatNaam":"VIA DEL SALE 18/A","straatNr":"","vervoerder":"Amazon","puntType":"3p","bezettingsgraad":50,"latitude":44.2958,"longitude":12.1514,"canPickup":true,"canDropoff":false,"openingstijden":null}},{"type":"Feature","geometry":{"type":"Point","coordinates":[12.1448,44.3014]},"properties":{"type":"pakketpunt","locatieNaam":"Ufficio Postale SAN PIETRO IN VINCOLI","straatNaam":"VIALE EPAMINONDA FARINI 23","straatNr":"","vervoerder":"Amazon","puntType":"3p","bezettingsgraad":50,"latitude":44.3014,"longitude":12.1448,"canPickup":true,"canDropoff":false,"openingstijden":null}},{"type":"Feature","geometry":{"type":"Point","coordinates":[12.1830217,44.3612888]},"properties":{"type":"pakketpunt","locatieNaam":"Amazon Counter - Edicola Cartoleria Tabaccheria","straatNaam":"VIA Cella 196","straatNr":"","vervoerder":"Amazon","puntType":"helix","bezettingsgraad":50,"latitude":44.3612888,"longitude":12.1830217,"canPickup":true,"canDropoff":false,"openingstijden":null}},{"type":"Feature","geometry":{"type":"Point","coordinates":[12.214307,44.26892]},"properties":{"type":"pakketpunt","locatieNaam":"Amazon Locker - cipriano","straatNaam":"City Ravenna - San Zaccaria Del Sangiovese","straatNr":"","vervoerder":"Amazon","puntType":"locker","bezettingsgraad":50,"latitude":44.26892,"longitude":12.214307,"canPickup":true,"canDropoff":false,"openingstijden":null}},{"type":"Feature","geometry":{"type":"Point","coordinates":[12.201782,44.363961]},"properties":{"type":"pakketpunt","locatieNaam":"Amazon Locker - aristodema","straatNaam":"Eni Station Pv. 15647","straatNr":"","vervoerder":"Amazon","puntType":"locker","bezettingsgraad":50,"latitude":44.363961,"longitude":12.201782,"canPickup":true,"canDropoff":false,"openingstijden":null}},{"type":"Feature","geometry":{"type":"Point","coordinates":[12.211009,44.399742]},"properties":{"type":"pakketpunt","locatieNaam":"Amazon Locker - irio","straatNaam":"Conad Ravenna Galilei","straatNr":"","vervoerder":"Amazon","puntType":"locker","bezettingsgraad":50,"latitude":44.399742,"longitude":12.211009,"canPickup":true,"canDropoff":false,"openingstijden":null}},{"type":"Feature","geometry":{"type":"Point","coordinates":[12.1970403,44.4034919]},"properties":{"type":"pakketpunt","locatieNaam":"Amazon Locker - opelia","straatNaam":"Stazione ESSO - Ravenna Via Ravegnana","straatNr":"","vervoerder":"Amazon","puntType":"locker","bezettingsgraad":50,"latitude":44.4034919,"longitude":12.1970403,"canPickup":true,"canDropoff":false,"openingstijden":null}},{"type":"Feature","geometry":{"type":"Point","coordinates":[12.1777649,44.3945829]},"properties":{"type":"pakketpunt","locatieNaam":"Amazon Locker - zita","straatNaam":"CC ESP","straatNr":"","vervoerder":"Amazon","puntType":"locker","bezettingsgraad":50,"latitude":44.3945829,"longitude":12.1777649,"canPickup":true,"canDropoff":false,"openingstijden":null}},{"type":"Feature","geometry":{"type":"Point","coordinates":[12.1989583,44.40611]},"properties":{"type":"pakketpunt","locatieNaam":"Amazon Locker - CIRANO","straatNaam":"Stazione IP Franchising - Ravenna - Via Ravegnana 106","straatNr":"","vervoerder":"Amazon","puntType":"locker","bezettingsgraad":50,"latitude":44.40611,"longitude":12.1989583,"canPickup":true,"canDropoff":false,"openingstijden":null}},{"type":"Feature","geometry":{"type":"Point","coordinates":[12.2138,44.3506]},"properties":{"type":"pakketpunt","locatieNaam":"PuntoPoste TABACCHERIA N. 115","straatNaam":"VIA DISMANO 186","straatNr":"","vervoerder":"Amazon","puntType":"3p","bezettingsgraad":50,"latitude":44.3506,"longitude":12.2138,"canPickup":true,"canDropoff":false,"openingstijden":null}},{"type":"Feature","geometry":{"type":"Point","coordinates":[12.184871,44.422284]},"properties":{"type":"pakketpunt","locatieNaam":"Amazon Locker - dionella","straatNaam":"BPER Ravenna - Agenzia 2","straatNr":"","vervoerder":"Amazon","puntType":"locker","bezettingsgraad":50,"latitude":44.422284,"longitude":12.184871,"canPickup":true,"canDropoff":false,"openingstijden":null}},{"type":"Feature","geometry":{"type":"Point","coordinates":[12.220131,44.413331]},"properties":{"type":"pakketpunt","locatieNaam":"Amazon Locker - climene","straatNaam":"Eni Station Pv. 15622","straatNr":"","vervoerder":"Amazon","puntType":"locker","bezettingsgraad":50,"latitude":44.413331,"longitude":12.220131,"canPickup":true,"canDropoff":false,"openingstijden":null}},{"type":"Feature","geometry":{"type":"Point","coordinates":[12.1768955,44.4227268]},"properties":{"type":"pakketpunt","locatieNaam":"Amazon Locker - orselia","straatNaam":"Q8 Stazione di benzina pv. 3055","straatNr":"","vervoerder":"Amazon","puntType":"locker","bezettingsgraad":50,"latitude":44.4227268,"longitude":12.1768955,"canPickup":true,"canDropoff":false,"openingstijden":null}},{"type":"Feature","geometry":{"type":"Point","coordinates":[12.181251,44.421905]},"properties":{"type":"pakketpunt","locatieNaam":"Amazon Locker - clelio","straatNaam":"PENNY MARKET - Ravenna","straatNr":"","vervoerder":"Amazon","puntType":"locker","bezettingsgraad":50,"latitude":44.421905,"longitude":12.181251,"canPickup":true,"canDropoff":false,"openingstijden":null}},{"type":"Feature","geometry":{"type":"Point","coordinates":[12.17924,44.287051]},"properties":{"type":"pakketpunt","locatieNaam":"Amazon Counter - RAGAZZINI FABIO","straatNaam":"VIA DEL SALE 79/C","straatNr":"","vervoerder":"Amazon","puntType":"helix","bezettingsgraad":50,"latitude":44.287051,"longitude":12.17924,"canPickup":true,"canDropoff":false,"openingstijden":null}},{"type":"Feature","geometry":{"type":"Point","coordinates":[12.29342,44.310321]},"properties":{"type":"pakketpunt","locatieNaam":"Amazon Locker - pubblio","straatNaam":"Conad Savio","straatNr":"","vervoerder":"Amazon","puntType":"locker","bezettingsgraad":50,"latitude":44.310321,"longitude":12.29342,"canPickup":true,"canDropoff":false,"openingstijden":null}},{"type":"Feature","geometry":{"type":"Point","coordinates":[12.2901492,44.4389459]},"properties":{"type":"pakketpunt","locatieNaam":"Amazon Locker - diomiro","straatNaam":"Conad Ravenna - Punta Marina Dei Navigatori","straatNr":"","vervoerder":"Amazon","puntType":"locker","bezettingsgraad":50,"latitude":44.4389459,"longitude":12.2901492,"canPickup":true,"canDropoff":false,"openingstijden":null}},{"type":"Feature","geometry":{"type":"Point","coordinates":[12.278073,44.435235]},"properties":{"type":"pakketpunt","locatieNaam":"Amazon Locker - bernardino","straatNaam":"ENI Station pv.15609","straatNr":"","vervoerder":"Amazon","puntType":"locker","bezettingsgraad":50,"latitude":44.435235,"longitude":12.278073,"canPickup":true,"canDropoff":false,"openingstijden":null}},{"type":"Feature","geometry":{"type":"Point","coordinates":[12.2922,44.308]},"properties":{"type":"pakketpunt","locatieNaam":"Ufficio Postale SAVIO","straatNaam":"VIA ROVERETO 14","straatNr":"","vervoerder":"Amazon","puntType":"3p","bezettingsgraad":50,"latitude":44.308,"longitude":12.2922,"canPickup":true,"canDropoff":false,"openingstijden":null}},{"type":"Feature","geometry":{"type":"Point","coordinates":[12.083249,44.464305]},"properties":{"type":"pakketpunt","locatieNaam":"Amazon Locker - prudenza","straatNaam":"Fermopoint/Fragranza di Sapone Mezzano","straatNr":"","vervoerder":"Amazon","puntType":"locker","bezettingsgraad":50,"latitude":44.464305,"longitude":12.083249,"canPickup":true,"canDropoff":false,"openingstijden":null}},{"type":"Feature","geometry":{"type":"Point","coordinates":[12.08236,44.47026]},"properties":{"type":"pakketpunt","locatieNaam":"Amazon Locker - ermina","straatNaam":"BPER Mezzano","straatNr":"","vervoerder":"Amazon","puntType":"locker","bezettingsgraad":50,"latitude":44.47026,"longitude":12.08236,"canPickup":true,"canDropoff":false,"openingstijden":null}},{"type":"Feature","geometry":{"type":"Point","coordinates":[12.1776,44.4806]},"properties":{"type":"pakketpunt","locatieNaam":"PuntoPoste TABACCHERIA N. 102","straatNaam":"VIA SANT'ALBERTO 338","straatNr":"","vervoerder":"Amazon","puntType":"3p","bezettingsgraad":50,"latitude":44.4806,"longitude":12.1776,"canPickup":true,"canDropoff":false,"openingstijden":null}},{"type":"Feature","geometry":{"type":"Point","coordinates":[12.169726,44.441375]},"properties":{"type":"pakketpunt","locatieNaam":"Amazon Counter - TALENTI ROBERTA","straatNaam":"VIA CANALA 33","straatNr":"","vervoerder":"Amazon","puntType":"helix","bezettingsgraad":50,"latitude":44.441375,"longitude":12.169726,"canPickup":true,"canDropoff":false,"openingstijden":null}},{"type":"Feature","geometry":{"type":"Point","coordinates":[12.087781,44.466495]},"properties":{"type":"pakketpunt","locatieNaam":"Amazon Locker - mariarosaria","straatNaam":"ENI Station pv.53458","straatNr":"","vervoerder":"Amazon","puntType":"locker","bezettingsgraad":50,"latitude":44.466495,"longitude":12.087781,"canPickup":true,"canDropoff":false,"openingstijden":null}},{"type":"Feature","geometry":{"type":"Point","coordinates":[12.1866461,44.4214351]},"properties":{"type":"pakketpunt","locatieNaam":"Amazon Locker - azaria","straatNaam":"Economy Ravenna","straatNr":"","vervoerder":"Amazon","puntType":"locker","bezettingsgraad":50,"latitude":44.4214351,"longitude":12.1866461,"canPickup":true,"canDropoff":false,"openingstijden":null}},{"type":"Feature","geometry":{"type":"Point","coordinates":[12.211066,44.446863]},"properties":{"type":"pakketpunt","locatieNaam":"Amazon Locker - giustina","straatNaam":"Conad Ravenna","straatNr":"","vervoerder":"Amazon","puntType":"locker","bezettingsgraad":50,"latitude":44.446863,"longitude":12.211066,"canPickup":true,"canDropoff":false,"openingstijden":null}},{"type":"Feature","geometry":{"type":"Point","coordinates":[12.1696,44.4414]},"properties":{"type":"pakketpunt","locatieNaam":"PuntoPoste TABACCHERIA N. 140","straatNaam":"VIA CANALA 33","straatNr":"","vervoerder":"Amazon","puntType":"3p","bezettingsgraad":50,"latitude":44.4414,"longitude":12.1696,"canPickup":true,"canDropoff":false,"openingstijden":null}},{"type":"Feature","geometry":{"type":"Point","coordinates":[12.140146,44.439544]},"properties":{"type":"pakketpunt","locatieNaam":"Amazon Locker - prandino","straatNaam":"Stazione IP - Ravenna - Mezzano","straatNr":"","vervoerder":"Amazon","puntType":"locker","bezettingsgraad":50,"latitude":44.439544,"longitude":12.140146,"canPickup":true,"canDropoff":false,"openingstijden":null}},{"type":"Feature","geometry":{"type":"Point","coordinates":[12.167827,44.423427]},"properties":{"type":"pakketpunt","locatieNaam":"Amazon Locker - reale","straatNaam":"Burger King Franchisee RAVENNA","straatNr":"","vervoerder":"Amazon","puntType":"locker","bezettingsgraad":50,"latitude":44.423427,"longitude":12.167827,"canPickup":true,"canDropoff":false,"openingstijden":null}},{"type":"Feature","geometry":{"type":"Point","coordinates":[12.18085,44.405642]},"properties":{"type":"pakketpunt","locatieNaam":"Amazon Locker - luccichio","straatNaam":"Stazione IP Franchising - Ravenna - Via S. Pertini","straatNr":"","vervoerder":"Amazon","puntType":"locker","bezettingsgraad":50,"latitude":44.405642,"longitude":12.18085,"canPickup":true,"canDropoff":false,"openingstijden":null}},{"type":"Feature","geometry":{"type":"Point","coordinates":[12.086001,44.467169]},"properties":{"type":"pakketpunt","locatieNaam":"Amazon Counter - CAFFE' DEI LOVI","straatNaam":"VIA REALE 360","straatNr":"","vervoerder":"Amazon","puntType":"helix","bezettingsgraad":50,"latitude":44.467169,"longitude":12.086001,"canPickup":true,"canDropoff":false,"openingstijden":null}},{"type":"Feature","geometry":{"type":"Point","coordinates":[12.278914,44.494121]},"properties":{"type":"pakketpunt","locatieNaam":"Amazon Locker - vespasiano","straatNaam":"Marlin Blue Porto Corsini","straatNr":"","vervoerder":"Amazon","puntType":"locker","bezettingsgraad":50,"latitude":44.494121,"longitude":12.278914,"canPickup":true,"canDropoff":false,"openingstijden":null}},{"type":"Feature","geometry":{"type":"Point","coordinates":[12.2935433,44.4407917]},"properties":{"type":"pakketpunt","locatieNaam":"Amazon Counter (fermopoint)","straatNaam":"Navigatori 20","straatNr":"","vervoerder":"Amazon","puntType":"helix","bezettingsgraad":50,"latitude":44.4407917,"longitude":12.2935433,"canPickup":true,"canDropoff":false,"openingstijden":null}},{"type":"Feature","geometry":{"type":"Point","coordinates":[12.2823,44.4872]},"properties":{"type":"pakketpunt","locatieNaam":"PuntoPoste TABACCHERIA N. 208","straatNaam":"VIALE DELLE NAZIONI 106","straatNr":"","vervoerder":"Amazon","puntType":"3p","bezettingsgraad":50,"latitude":44.4872,"longitude":12.2823,"canPickup":true,"canDropoff":false,"openingstijden":null}},{"type":"Feature","geometry":{"type":"Point","coordinates":[12.2914,44.4449]},"properties":{"type":"pakketpunt","locatieNaam":"Ufficio Postale PUNTA MARINA","straatNaam":"VIA DELL ANCORA 110","straatNr":"","vervoerder":"Amazon","puntType":"3p","bezettingsgraad":50,"latitude":44.4449,"longitude":12.2914,"canPickup":true,"canDropoff":false,"openingstijden":null}},{"type":"Feature","geometry":{"type":"Point","coordinates":[12.2902341,44.4413009]},"properties":{"type":"pakketpunt","locatieNaam":"Amazon Counter (fermopoint)","straatNaam":"Anyway Sport Shop","straatNr":"","vervoerder":"Amazon","puntType":"helix","bezettingsgraad":50,"latitude":44.4413009,"longitude":12.2902341,"canPickup":true,"canDropoff":false,"openingstijden":null}},{"type":"Feature","geometry":{"type":"Point","coordinates":[12.294,44.4411]},"properties":{"type":"pakketpunt","locatieNaam":"PuntoPoste TABACCHERIA N. 130","straatNaam":"VIA DEI NAVIGATORI 26","straatNr":"","vervoerder":"Amazon","puntType":"3p","bezettingsgraad":50,"latitude":44.4411,"longitude":12.294,"canPickup":true,"canDropoff":false,"openingstijden":null}},{"type":"Feature","geometry":{"type":"Point","coordinates":[12.309,44.4151]},"properties":{"type":"pakketpunt","locatieNaam":"PuntoPoste TABACCHERIA N. 195","straatNaam":"VIALE TORQUATO TASSO 11","straatNr":"","vervoerder":"Amazon","puntType":"3p","bezettingsgraad":50,"latitude":44.4151,"longitude":12.309,"canPickup":true,"canDropoff":false,"openingstijden":null}},{"type":"Feature","geometry":{"type":"Point","coordinates":[12.210487,44.407293]},"properties":{"type":"pakketpunt","locatieNaam":"Amazon Locker - bracciale","straatNaam":"Stazione Tamoil - PV 2248","straatNr":"","vervoerder":"Amazon","puntType":"locker","bezettingsgraad":50,"latitude":44.407293,"longitude":12.210487,"canPickup":true,"canDropoff":false,"openingstijden":null}},{"type":"Feature","geometry":{"type":"Point","coordinates":[12.254693,44.406389]},"properties":{"type":"pakketpunt","locatieNaam":"Amazon Counter","straatNaam":"Tabaccheria Ruffilli (fermopoint)","straatNr":"","vervoerder":"Amazon","puntType":"helix","bezettingsgraad":50,"latitude":44.406389,"longitude":12.254693,"canPickup":true,"canDropoff":false,"openingstijden":null}},{"type":"Feature","geometry":{"type":"Point","coordinates":[12.216618,44.449267]},"properties":{"type":"pakketpunt","locatieNaam":"Amazon Counter - PRIMAEDICOLA","straatNaam":"FUMHOUSE","straatNr":"","vervoerder":"Amazon","puntType":"helix","bezettingsgraad":50,"latitude":44.449267,"longitude":12.216618,"canPickup":true,"canDropoff":false,"openingstijden":null}},{"type":"Feature","geometry":{"type":"Point","coordinates":[12.2066,44.41143]},"properties":{"type":"pakketpunt","locatieNaam":"Amazon Locker - doralba","straatNaam":"Conad Ravenna Cesarea","straatNr":"","vervoerder":"Amazon","puntType":"locker","bezettingsgraad":50,"latitude":44.41143,"longitude":12.2066,"canPickup":true,"canDropoff":false,"openingstijden":null}},{"type":"Feature","geometry":{"type":"Point","coordinates":[12.201462,44.4254375]},"properties":{"type":"pakketpunt","locatieNaam":"Amazon Counter","straatNaam":"Tabaccheria Coccinella - Ravenna (fermopoint)","straatNr":"","vervoerder":"Amazon","puntType":"helix","bezettingsgraad":50,"latitude":44.4254375,"longitude":12.201462,"canPickup":true,"canDropoff":false,"openingstijden":null}},{"type":"Feature","geometry":{"type":"Point","coordinates":[12.211678,44.437597]},"properties":{"type":"pakketpunt","locatieNaam":"Amazon Counter - Enilive Station (n.05635)","straatNaam":"VIA ROMEA NORD 102","straatNr":"","vervoerder":"Amazon","puntType":"helix","bezettingsgraad":50,"latitude":44.437597,"longitude":12.211678,"canPickup":true,"canDropoff":false,"openingstijden":null}},{"type":"Feature","geometry":{"type":"Point","coordinates":[12.242071,44.434495]},"properties":{"type":"pakketpunt","locatieNaam":"Amazon Locker - bronzo","straatNaam":"Eni Station pv.15621","straatNr":"","vervoerder":"Amazon","puntType":"locker","bezettingsgraad":50,"latitude":44.434495,"longitude":12.242071,"canPickup":true,"canDropoff":false,"openingstijden":null}},{"type":"Feature","geometry":{"type":"Point","coordinates":[12.209462,44.416633]},"properties":{"type":"pakketpunt","locatieNaam":"Amazon Counter","straatNaam":"Centro Servizi Candiano (fermopoint)","straatNr":"","vervoerder":"Amazon","puntType":"helix","bezettingsgraad":50,"latitude":44.416633,"longitude":12.209462,"canPickup":true,"canDropoff":false,"openingstijden":null}},{"type":"Feature","geometry":{"type":"Point","coordinates":[12.2214,44.41646]},"properties":{"type":"pakketpunt","locatieNaam":"Amazon Counter - MISSIROLI ALESSANDRO","straatNaam":"VIA A NICOLODI 27","straatNr":"","vervoerder":"Amazon","puntType":"helix","bezettingsgraad":50,"latitude":44.41646,"longitude":12.2214,"canPickup":true,"canDropoff":false,"openingstijden":null}},{"type":"Feature","geometry":{"type":"Point","coordinates":[12.1594298201683,44.5397252154164]},"properties":{"type":"pakketpunt","locatieNaam":"Amazon Counter","straatNaam":"Tabaccheria Il Grillo (fermopoint)","straatNr":"","vervoerder":"Amazon","puntType":"helix","bezettingsgraad":50,"latitude":44.5397252154164,"longitude":12.1594298201683,"canPickup":true,"canDropoff":false,"openingstijden":null}},{"type":"Feature","geometry":{"type":"Point","coordinates":[12.1552449,44.5428341]},"properties":{"type":"pakketpunt","locatieNaam":"Amazon Counter (fermopoint)","straatNaam":"Tabaccheria Tania","straatNr":"","vervoerder":"Amazon","puntType":"helix","bezettingsgraad":50,"latitude":44.5428341,"longitude":12.1552449,"canPickup":true,"canDropoff":false,"openingstijden":null}},{"type":"Feature","geometry":{"type":"Point","coordinates":[12.1594396,44.5397579]},"properties":{"type":"pakketpunt","locatieNaam":"Amazon Counter - TABACCHERIA IL GRILLO","straatNaam":"VIA OLINDO GUERRINI 152","straatNr":"","vervoerder":"Amazon","puntType":"helix","bezettingsgraad":50,"latitude":44.5397579,"longitude":12.1594396,"canPickup":true,"canDropoff":false,"openingstijden":null}},{"type":"Feature","geometry":{"type":"Point","coordinates":[12.1099171,44.5095399]},"properties":{"type":"pakketpunt","locatieNaam":"Amazon Counter - PRIMAEDICOLA","straatNaam":"IL PUNTO","straatNr":"","vervoerder":"Amazon","puntType":"helix","bezettingsgraad":50,"latitude":44.5095399,"longitude":12.1099171,"canPickup":true,"canDropoff":false,"openingstijden":null}},{"type":"Feature","geometry":{"type":"Point","coordinates":[12.1595,44.5399]},"properties":{"type":"pakketpunt","locatieNaam":"PuntoPoste TABACCHERIA N. 63","straatNaam":"VIA OLINDO GUERRINI 154","straatNr":"","vervoerder":"Amazon","puntType":"3p","bezettingsgraad":50,"latitude":44.5399,"longitude":12.1595,"canPickup":true,"canDropoff":false,"openingstijden":null}},{"type":"Feature","geometry":{"type":"Point","coordinates":[12.1534,44.5435]},"properties":{"type":"pakketpunt","locatieNaam":"Ufficio Postale SANT'ALBERTO","straatNaam":"VIA BARTOLO NIGRISOLI 65","straatNr":"","vervoerder":"Amazon","puntType":"3p","bezettingsgraad":50,"latitude":44.5435,"longitude":12.1534,"canPickup":true,"canDropoff":false,"openingstijden":null}},{"type":"Feature","geometry":{"type":"Point","coordinates":[12.2798,44.554]},"properties":{"type":"pakketpunt","locatieNaam":"Ufficio Postale CASALBORSETTI","straatNaam":"VIALE DELLE VIOLE 6","straatNr":"","vervoerder":"Amazon","puntType":"3p","bezettingsgraad":50,"latitude":44.554,"longitude":12.2798,"canPickup":true,"canDropoff":false,"openingstijden":null}},{"type":"Feature","geometry":{"type":"Point","coordinates":[12.1964,44.2991]},"properties":{"type":"pakketpunt","locatieNaam":"PuntoPoste TABACCHERIA N. 54","straatNaam":"VIA PETROSA 181","straatNr":"","vervoerder":"Amazon","puntType":"3p","bezettingsgraad":50,"latitude":44.2991,"longitude":12.1964,"canPickup":true,"canDropoff":false,"openingstijden":null}},{"type":"Feature","geometry":{"type":"Point","coordinates":[12.1854,44.3156]},"properties":{"type":"pakketpunt","locatieNaam":"Ufficio Postale SANTO STEFANO","straatNaam":"VIA CELLA 419","straatNr":"","vervoerder":"Amazon","puntType":"3p","bezettingsgraad":50,"latitude":44.3156,"longitude":12.1854,"canPickup":true,"canDropoff":false,"openingstijden":null}},{"type":"Feature","geometry":{"type":"Point","coordinates":[12.213612,44.27486]},"properties":{"type":"pakketpunt","locatieNaam":"Amazon Counter","straatNaam":"Caffè Le More (fermopoint)","straatNr":"","vervoerder":"Amazon","puntType":"helix","bezettingsgraad":50,"latitude":44.27486,"longitude":12.213612,"canPickup":true,"canDropoff":false,"openingstijden":null}},{"type":"Feature","geometry":{"type":"Point","coordinates":[12.2136,44.2673]},"properties":{"type":"pakketpunt","locatieNaam":"PuntoPoste TABACCHERIA N. 51","straatNaam":"VIA DISMANO 621","straatNr":"","vervoerder":"Amazon","puntType":"3p","bezettingsgraad":50,"latitude":44.2673,"longitude":12.2136,"canPickup":true,"canDropoff":false,"openingstijden":null}},{"type":"Feature","geometry":{"type":"Point","coordinates":[12.2112,44.3177]},"properties":{"type":"pakketpunt","locatieNaam":"PuntoPoste TABACCHERIA N. 88","straatNaam":"VIA DISMANO 259","straatNr":"","vervoerder":"Amazon","puntType":"3p","bezettingsgraad":50,"latitude":44.3177,"longitude":12.2112,"canPickup":true,"canDropoff":false,"openingstijden":null}},{"type":"Feature","geometry":{"type":"Point","coordinates":[12.1379774,44.4150982]},"properties":{"type":"pakketpunt","locatieNaam":"Amazon Counter (fermopoint)","straatNaam":"Sailpost -  Ravenna","straatNr":"","vervoerder":"Amazon","puntType":"helix","bezettingsgraad":50,"latitude":44.4150982,"longitude":12.1379774,"canPickup":true,"canDropoff":false,"openingstijden":null}},{"type":"Feature","geometry":{"type":"Point","coordinates":[12.201683,44.380517]},"properties":{"type":"pakketpunt","locatieNaam":"Amazon Counter - PRIMAEDICOLA","straatNaam":"LAZZANO GIUSEPPE","straatNr":"","vervoerder":"Amazon","puntType":"helix","bezettingsgraad":50,"latitude":44.380517,"longitude":12.201683,"canPickup":true,"canDropoff":false,"openingstijden":null}},{"type":"Feature","geometry":{"type":"Point","coordinates":[12.208703,44.390705]},"properties":{"type":"pakketpunt","locatieNaam":"Amazon Locker - mira","straatNaam":"SharkWash - Lavanderia Self - Locker","straatNr":"","vervoerder":"Amazon","puntType":"locker","bezettingsgraad":50,"latitude":44.390705,"longitude":12.208703,"canPickup":true,"canDropoff":false,"openingstijden":null}},{"type":"Feature","geometry":{"type":"Point","coordinates":[12.214879,44.394623]},"properties":{"type":"pakketpunt","locatieNaam":"Amazon Counter","straatNaam":"Tabaccheria Cucchi (fermopoint)","straatNr":"","vervoerder":"Amazon","puntType":"helix","bezettingsgraad":50,"latitude":44.394623,"longitude":12.214879,"canPickup":true,"canDropoff":false,"openingstijden":null}},{"type":"Feature","geometry":{"type":"Point","coordinates":[12.1895,44.39765]},"properties":{"type":"pakketpunt","locatieNaam":"Amazon Locker - eliseno","straatNaam":"Aquarium Center Ravenna","straatNr":"","vervoerder":"Amazon","puntType":"locker","bezettingsgraad":50,"latitude":44.39765,"longitude":12.1895,"canPickup":true,"canDropoff":false,"openingstijden":null}},{"type":"Feature","geometry":{"type":"Point","coordinates":[12.1905223,44.3983275]},"properties":{"type":"pakketpunt","locatieNaam":"Amazon Counter - TABACCHERIA RODONDI","straatNaam":"VIA LE CORBUSIER 30","straatNr":"","vervoerder":"Amazon","puntType":"helix","bezettingsgraad":50,"latitude":44.3983275,"longitude":12.1905223,"canPickup":true,"canDropoff":false,"openingstijden":null}},{"type":"Feature","geometry":{"type":"Point","coordinates":[12.201067,44.4056347]},"properties":{"type":"pakketpunt","locatieNaam":"Amazon Counter (fermopoint)","straatNaam":"De. Ca. Ra.","straatNr":"","vervoerder":"Amazon","puntType":"helix","bezettingsgraad":50,"latitude":44.4056347,"longitude":12.201067,"canPickup":true,"canDropoff":false,"openingstijden":null}},{"type":"Feature","geometry":{"type":"Point","coordinates":[12.175945,44.401722]},"properties":{"type":"pakketpunt","locatieNaam":"Amazon Counter - YOU SMOKE","straatNaam":"VIA FIUME MONTONE ABBANDONATO 405","straatNr":"","vervoerder":"Amazon","puntType":"helix","bezettingsgraad":50,"latitude":44.401722,"longitude":12.175945,"canPickup":true,"canDropoff":false,"openingstijden":null}},{"type":"Feature","geometry":{"type":"Point","coordinates":[12.05948,44.436239]},"properties":{"type":"pakketpunt","locatieNaam":"Amazon Counter","straatNaam":"Tabaccheria Santerno Riv. 41 (fermopoint)","straatNr":"","vervoerder":"Amazon","puntType":"helix","bezettingsgraad":50,"latitude":44.436239,"longitude":12.05948,"canPickup":true,"canDropoff":false,"openingstijden":null}},{"type":"Feature","geometry":{"type":"Point","coordinates":[12.1111926,44.4053218]},"properties":{"type":"pakketpunt","locatieNaam":"Amazon Counter (fermopoint)","straatNaam":"Il Tabacchi di Samma","straatNr":"","vervoerder":"Amazon","puntType":"helix","bezettingsgraad":50,"latitude":44.4053218,"longitude":12.1111926,"canPickup":true,"canDropoff":false,"openingstijden":null}},{"type":"Feature","geometry":{"type":"Point","coordinates":[12.0871,44.4203]},"properties":{"type":"pakketpunt","locatieNaam":"Ufficio Postale PIANGIPANE","straatNaam":"PIAZZA VENTIDUE GIUGNO 1944 4","straatNr":"","vervoerder":"Amazon","puntType":"3p","bezettingsgraad":50,"latitude":44.4203,"longitude":12.0871,"canPickup":true,"canDropoff":false,"openingstijden":null}},{"type":"Feature","geometry":{"type":"Point","coordinates":[12.164794,44.423902]},"properties":{"type":"pakketpunt","locatieNaam":"Amazon Counter - PIT STOP CAFE'","straatNaam":"VIA FAENTINA 163","straatNr":"","vervoerder":"Amazon","puntType":"helix","bezettingsgraad":50,"latitude":44.423902,"longitude":12.164794,"canPickup":true,"canDropoff":false,"openingstijden":null}},{"type":"Feature","geometry":{"type":"Point","coordinates":[12.1464,44.4193]},"properties":{"type":"pakketpunt","locatieNaam":"PuntoPoste TABACCHERIA N. 70","straatNaam":"VIA FAENTINA 226/A","straatNr":"","vervoerder":"Amazon","puntType":"3p","bezettingsgraad":50,"latitude":44.4193,"longitude":12.1464,"canPickup":true,"canDropoff":false,"openingstijden":null}},{"type":"Feature","geometry":{"type":"Point","coordinates":[12.2069,44.4345]},"properties":{"type":"pakketpunt","locatieNaam":"PuntoPoste TABACCHERIA N. 221","straatNaam":"VIA LAGO DI COMO 15","straatNr":"","vervoerder":"Amazon","puntType":"3p","bezettingsgraad":50,"latitude":44.4345,"longitude":12.2069,"canPickup":true,"canDropoff":false,"openingstijden":null}},{"type":"Feature","geometry":{"type":"Point","coordinates":[12.1917255,44.4203823]},"properties":{"type":"pakketpunt","locatieNaam":"Amazon Counter (fermopoint)","straatNaam":"Tabaccheria Quadrifoglio-Ravenna","straatNr":"","vervoerder":"Amazon","puntType":"helix","bezettingsgraad":50,"latitude":44.4203823,"longitude":12.1917255,"canPickup":true,"canDropoff":false,"openingstijden":null}},{"type":"Feature","geometry":{"type":"Point","coordinates":[12.1937,44.4286]},"properties":{"type":"pakketpunt","locatieNaam":"PuntoPoste KIPOINT VIA BRUNELLI","straatNaam":"VIA GUGLIELMO BRUNELLI 25","straatNr":"","vervoerder":"Amazon","puntType":"3p","bezettingsgraad":50,"latitude":44.4286,"longitude":12.1937,"canPickup":true,"canDropoff":false,"openingstijden":null}},{"type":"Feature","geometry":{"type":"Point","coordinates":[12.210981,44.41288]},"properties":{"type":"pakketpunt","locatieNaam":"Amazon Counter","straatNaam":"La Butega De Café (fermopoint)","straatNr":"","vervoerder":"Amazon","puntType":"helix","bezettingsgraad":50,"latitude":44.41288,"longitude":12.210981,"canPickup":true,"canDropoff":false,"openingstijden":null}},{"type":"Feature","geometry":{"type":"Point","coordinates":[12.086535,44.466818]},"properties":{"type":"pakketpunt","locatieNaam":"Amazon Counter - PRIMAEDICOLA","straatNaam":"MELANDRI ALESSANDRO","straatNr":"","vervoerder":"Amazon","puntType":"helix","bezettingsgraad":50,"latitude":44.466818,"longitude":12.086535,"canPickup":true,"canDropoff":false,"openingstijden":null}},{"type":"Feature","geometry":{"type":"Point","coordinates":[12.0864,44.4663]},"properties":{"type":"pakketpunt","locatieNaam":"Ufficio Postale MEZZANO","straatNaam":"PIAZZA DELLA REPUBBLICA 10","straatNr":"","vervoerder":"Amazon","puntType":"3p","bezettingsgraad":50,"latitude":44.4663,"longitude":12.0864,"canPickup":true,"canDropoff":false,"openingstijden":null}},{"type":"Feature","geometry":{"type":"Point","coordinates":[12.1885,44.4212]},"properties":{"type":"pakketpunt","locatieNaam":"PuntoPoste TABACCHERIA N. 10","straatNaam":"VIA MAGGIORE 197","straatNr":"","vervoerder":"Amazon","puntType":"3p","bezettingsgraad":50,"latitude":44.4212,"longitude":12.1885,"canPickup":true,"canDropoff":false,"openingstijden":null}},{"type":"Feature","geometry":{"type":"Point","coordinates":[12.1982998,44.4189113]},"properties":{"type":"pakketpunt","locatieNaam":"Giunti al Punto","straatNaam":"Via Camillo Benso Cavour 13","straatNr":"","vervoerder":"Amazon","puntType":"helix","bezettingsgraad":50,"latitude":44.4189113,"longitude":12.1982998,"canPickup":true,"canDropoff":false,"openingstijden":null}},{"type":"Feature","geometry":{"type":"Point","coordinates":[12.18405,44.42235]},"properties":{"type":"pakketpunt","locatieNaam":"Amazon Locker - alfiere","straatNaam":"Eni Station Pv.5632","straatNr":"","vervoerder":"Amazon","puntType":"locker","bezettingsgraad":50,"latitude":44.42235,"longitude":12.18405,"canPickup":true,"canDropoff":false,"openingstijden":null}},{"type":"Feature","geometry":{"type":"Point","coordinates":[12.1917,44.4203]},"properties":{"type":"pakketpunt","locatieNaam":"PuntoPoste TABACCHERIA N. 12","straatNaam":"VIA MAGGIORE 78","straatNr":"","vervoerder":"Amazon","puntType":"3p","bezettingsgraad":50,"latitude":44.4203,"longitude":12.1917,"canPickup":true,"canDropoff":false,"openingstijden":null}},{"type":"Feature","geometry":{"type":"Point","coordinates":[12.1878,44.4255]},"properties":{"type":"pakketpunt","locatieNaam":"Ufficio Postale RAVENNA 1","straatNaam":"VIA GIUSEPPE BOVINI 37","straatNr":"","vervoerder":"Amazon","puntType":"3p","bezettingsgraad":50,"latitude":44.4255,"longitude":12.1878,"canPickup":true,"canDropoff":false,"openingstijden":null}},{"type":"Feature","geometry":{"type":"Point","coordinates":[12.17839,44.42241]},"properties":{"type":"pakketpunt","locatieNaam":"Amazon Counter - FOTO UNIVERSO ","straatNaam":"Via Agro Pontino, 1/A","straatNr":"","vervoerder":"Amazon","puntType":"helix","bezettingsgraad":50,"latitude":44.42241,"longitude":12.17839,"canPickup":true,"canDropoff":false,"openingstijden":null}},{"type":"Feature","geometry":{"type":"Point","coordinates":[12.1961,44.4192]},"properties":{"type":"pakketpunt","locatieNaam":"PuntoPoste TABACCHERIA N. 4","straatNaam":"VIA CAMILLO BENSO CONTE DI CAVOUR 79","straatNr":"","vervoerder":"Amazon","puntType":"3p","bezettingsgraad":50,"latitude":44.4192,"longitude":12.1961,"canPickup":true,"canDropoff":false,"openingstijden":null}},{"type":"Feature","geometry":{"type":"Point","coordinates":[12.20363,44.4138]},"properties":{"type":"pakketpunt","locatieNaam":"Amazon Counter - BAR CERCHIO","straatNaam":"VIA CERCHIO 56","straatNr":"","vervoerder":"Amazon","puntType":"helix","bezettingsgraad":50,"latitude":44.4138,"longitude":12.20363,"canPickup":true,"canDropoff":false,"openingstijden":null}},{"type":"Feature","geometry":{"type":"Point","coordinates":[12.2215,44.4161]},"properties":{"type":"pakketpunt","locatieNaam":"PuntoPoste TABACCHERIA N. 163","straatNaam":"VIA AURELIO NICOLODI 27","straatNr":"","vervoerder":"Amazon","puntType":"3p","bezettingsgraad":50,"latitude":44.4161,"longitude":12.2215,"canPickup":true,"canDropoff":false,"openingstijden":null}},{"type":"Feature","geometry":{"type":"Point","coordinates":[12.2196713067459,44.417767889663]},"properties":{"type":"pakketpunt","locatieNaam":"Amazon Counter (fermopoint)","straatNaam":"Tabaccheria 220","straatNr":"","vervoerder":"Amazon","puntType":"helix","bezettingsgraad":50,"latitude":44.417767889663,"longitude":12.2196713067459,"canPickup":true,"canDropoff":false,"openingstijden":null}},{"type":"Feature","geometry":{"type":"Point","coordinates":[12.2196,44.4178]},"properties":{"type":"pakketpunt","locatieNaam":"PuntoPoste TABACCHERIA n. 220","straatNaam":"VIA AQUILEIA 52","straatNr":"","vervoerder":"Amazon","puntType":"3p","bezettingsgraad":50,"latitude":44.4178,"longitude":12.2196,"canPickup":true,"canDropoff":false,"openingstijden":null}},{"type":"Feature","geometry":{"type":"Point","coordinates":[12.2148,44.4159]},"properties":{"type":"pakketpunt","locatieNaam":"PuntoPoste TABACCHERIA N. 136","straatNaam":"VIA TOMMASO GULLI 107","straatNr":"","vervoerder":"Amazon","puntType":"3p","bezettingsgraad":50,"latitude":44.4159,"longitude":12.2148,"canPickup":true,"canDropoff":false,"openingstijden":null}},{"type":"Feature","geometry":{"type":"Point","coordinates":[12.1953,44.4372]},"properties":{"type":"pakketpunt","locatieNaam":"PuntoPoste TABACCHERIA N. 154","straatNaam":"VIA SANT'ALBERTO 234/A","straatNr":"","vervoerder":"Amazon","puntType":"3p","bezettingsgraad":50,"latitude":44.4372,"longitude":12.1953,"canPickup":true,"canDropoff":false,"openingstijden":null}},{"type":"Feature","geometry":{"type":"Point","coordinates":[12.1857380987766,44.4137583381256]},"properties":{"type":"pakketpunt","locatieNaam":"Amazon Counter (fermopoint)","straatNaam":"Caffetteria La Fenice","straatNr":"","vervoerder":"Amazon","puntType":"helix","bezettingsgraad":50,"latitude":44.4137583381256,"longitude":12.1857380987766,"canPickup":true,"canDropoff":false,"openingstijden":null}},{"type":"Feature","geometry":{"type":"Point","coordinates":[12.1782,44.4192]},"properties":{"type":"pakketpunt","locatieNaam":"PuntoPoste TABACCHERIA N. 179","straatNaam":"VIA GIOVANNI SANTUCCI 34","straatNr":"","vervoerder":"Amazon","puntType":"3p","bezettingsgraad":50,"latitude":44.4192,"longitude":12.1782,"canPickup":true,"canDropoff":false,"openingstijden":null}},{"type":"Feature","geometry":{"type":"Point","coordinates":[12.1873,44.4177]},"properties":{"type":"pakketpunt","locatieNaam":"PuntoPoste TABACCHERIA N. 166","straatNaam":"VIA DEGLI SPRETI 57","straatNr":"","vervoerder":"Amazon","puntType":"3p","bezettingsgraad":50,"latitude":44.4177,"longitude":12.1873,"canPickup":true,"canDropoff":false,"openingstijden":null}},{"type":"Feature","geometry":{"type":"Point","coordinates":[12.187013,44.405033]},"properties":{"type":"pakketpunt","locatieNaam":"Amazon Locker - alghiera","straatNaam":"Eni Station Pv. 54357","straatNr":"","vervoerder":"Amazon","puntType":"locker","bezettingsgraad":50,"latitude":44.405033,"longitude":12.187013,"canPickup":true,"canDropoff":false,"openingstijden":null}},{"type":"Feature","geometry":{"type":"Point","coordinates":[12.2069,44.4108]},"properties":{"type":"pakketpunt","locatieNaam":"PuntoPoste TABACCHERIA N. 20","straatNaam":"VIA CESAREA 81","straatNr":"","vervoerder":"Amazon","puntType":"3p","bezettingsgraad":50,"latitude":44.4108,"longitude":12.2069,"canPickup":true,"canDropoff":false,"openingstijden":null}},{"type":"Feature","geometry":{"type":"Point","coordinates":[12.2078,44.4116]},"properties":{"type":"pakketpunt","locatieNaam":"PuntoPoste NEWTECHNOLOGY","straatNaam":"CIRCONVALLAZIONE CANALE MOLINETTO 19/A","straatNr":"","vervoerder":"Amazon","puntType":"3p","bezettingsgraad":50,"latitude":44.4116,"longitude":12.2078,"canPickup":true,"canDropoff":false,"openingstijden":null}},{"type":"Feature","geometry":{"type":"Point","coordinates":[12.2015,44.4118]},"properties":{"type":"pakketpunt","locatieNaam":"PuntoPoste TABACCHERIA N. 16","straatNaam":"LARGO ANDREANA TAVELLI 5","straatNr":"","vervoerder":"Amazon","puntType":"3p","bezettingsgraad":50,"latitude":44.4118,"longitude":12.2015,"canPickup":true,"canDropoff":false,"openingstijden":null}},{"type":"Feature","geometry":{"type":"Point","coordinates":[12.201642,44.411879]},"properties":{"type":"pakketpunt","locatieNaam":"Amazon Counter - Tabaccheria Rivendita 16","straatNaam":"Via Castel San Pietro, 5","straatNr":"","vervoerder":"Amazon","puntType":"helix","bezettingsgraad":50,"latitude":44.411879,"longitude":12.201642,"canPickup":true,"canDropoff":false,"openingstijden":null}},{"type":"Feature","geometry":{"type":"Point","coordinates":[12.2053,44.4191]},"properties":{"type":"pakketpunt","locatieNaam":"PuntoPoste TABACCHERIA N. 94","straatNaam":"PIAZZA GOFFREDO MAMELI 11","straatNr":"","vervoerder":"Amazon","puntType":"3p","bezettingsgraad":50,"latitude":44.4191,"longitude":12.2053,"canPickup":true,"canDropoff":false,"openingstijden":null}},{"type":"Feature","geometry":{"type":"Point","coordinates":[12.206975,44.419077]},"properties":{"type":"pakketpunt","locatieNaam":"Amazon Counter","straatNaam":"Ravenna Tech-WindTre (fermopoint)","straatNr":"","vervoerder":"Amazon","puntType":"helix","bezettingsgraad":50,"latitude":44.419077,"longitude":12.206975,"canPickup":true,"canDropoff":false,"openingstijden":null}},{"type":"Feature","geometry":{"type":"Point","coordinates":[12.2090691,44.406824]},"properties":{"type":"pakketpunt","locatieNaam":"Amazon Counter (fermopoint)","straatNaam":"Tabacchi - Ravenna","straatNr":"","vervoerder":"Amazon","puntType":"helix","bezettingsgraad":50,"latitude":44.406824,"longitude":12.2090691,"canPickup":true,"canDropoff":false,"openingstijden":null}},{"type":"Feature","geometry":{"type":"Point","coordinates":[12.2014,44.4254]},"properties":{"type":"pakketpunt","locatieNaam":"PuntoPoste TABACCHERIA N. 141","straatNaam":"VIA NARSETE 21/A","straatNr":"","vervoerder":"Amazon","puntType":"3p","bezettingsgraad":50,"latitude":44.4254,"longitude":12.2014,"canPickup":true,"canDropoff":false,"openingstijden":null}},{"type":"Feature","geometry":{"type":"Point","coordinates":[12.059467,44.43633]},"properties":{"type":"pakketpunt","locatieNaam":"FedEx OnSite","straatNaam":"Via Canala, 397","straatNr":"","vervoerder":"FedEx","puntType":"servicepunt","bezettingsgraad":50,"latitude":44.43633,"longitude":12.059467,"canPickup":true,"canDropoff":true,"openingstijden":{"ma":"07:30 - 12:30, 16:00 - 19:30","di":"07:30 - 12:30, 16:00 - 19:30","wo":"07:30 - 12:30, 16:00 - 19:30","do":"07:30 - 12:30, 16:00 - 19:30","vr":"07:30 - 12:30, 16:00 - 19:30","za":"07:30 - 12:30, 16:00 - 18:30","zo":"gesloten"}}},{"type":"Feature","geometry":{"type":"Point","coordinates":[12.086462027353138,44.466793436469295]},"properties":{"type":"pakketpunt","locatieNaam":"FedEx OnSite","straatNaam":"PIAZZA DELLA REPUBBLICA 13","straatNr":"","vervoerder":"FedEx","puntType":"servicepunt","bezettingsgraad":50,"latitude":44.466793436469295,"longitude":12.086462027353138,"canPickup":true,"canDropoff":true,"openingstijden":{"ma":"06:45 - 13:00, 16:00 - 19:30","di":"06:45 - 13:00, 16:00 - 19:30","wo":"06:45 - 13:00, 16:00 - 19:30","do":"06:45 - 13:00, 16:00 - 19:30","vr":"06:45 - 13:00, 16:00 - 19:30","za":"06:45 - 13:00, 16:00 - 19:30","zo":"06:45 - 13:00"}}},{"type":"Feature","geometry":{"type":"Point","coordinates":[12.201546,44.380199]},"properties":{"type":"pakketpunt","locatieNaam":"FedEx OnSite","straatNaam":"V. CELLA, 88","straatNr":"","vervoerder":"FedEx","puntType":"servicepunt","bezettingsgraad":50,"latitude":44.380199,"longitude":12.201546,"canPickup":true,"canDropoff":true,"openingstijden":{"ma":"06:00 - 13:00, 16:00 - 19:00","di":"06:00 - 13:00, 16:00 - 19:00","wo":"06:00 - 13:00, 16:00 - 19:00","do":"06:00 - 13:00","vr":"06:00 - 13:00, 16:00 - 19:00","za":"06:00 - 13:00, 16:00 - 19:00","zo":"06:00 - 12:30"}}},{"type":"Feature","geometry":{"type":"Point","coordinates":[12.190665,44.403868]},"properties":{"type":"pakketpunt","locatieNaam":"FedEx OnSite","straatNaam":"via Enrico Berlinguer, 94","straatNr":"","vervoerder":"FedEx","puntType":"servicepunt","bezettingsgraad":50,"latitude":44.403868,"longitude":12.190665,"canPickup":true,"canDropoff":true,"openingstijden":{"ma":"08:00 - 12:00, 13:00 - 17:00","di":"08:00 - 12:00, 13:00 - 17:00","wo":"08:00 - 12:00, 13:00 - 17:00","do":"08:00 - 12:00, 13:00 - 17:00","vr":"08:00 - 12:00, 13:00 - 17:00","za":"gesloten","zo":"gesloten"}}},{"type":"Feature","geometry":{"type":"Point","coordinates":[12.201076762309384,44.40559736926752]},"properties":{"type":"pakketpunt","locatieNaam":"FedEx OnSite","straatNaam":"VIA BASSANO DEL GRAPPA , 41/A","straatNr":"","vervoerder":"FedEx","puntType":"servicepunt","bezettingsgraad":50,"latitude":44.40559736926752,"longitude":12.201076762309384,"canPickup":true,"canDropoff":true,"openingstijden":{"ma":"08:30 - 12:30, 15:30 - 19:30","di":"08:30 - 12:30, 15:30 - 19:30","wo":"08:30 - 12:30, 15:30 - 19:30","do":"08:30 - 12:30, 15:30 - 19:30","vr":"08:30 - 12:30, 15:30 - 19:30","za":"08:30 - 12:30","zo":"gesloten"}}},{"type":"Feature","geometry":{"type":"Point","coordinates":[12.187454,44.417774]},"properties":{"type":"pakketpunt","locatieNaam":"FedEx OnSite","straatNaam":"Via degli Spreti, 55/57","straatNr":"","vervoerder":"FedEx","puntType":"servicepunt","bezettingsgraad":50,"latitude":44.417774,"longitude":12.187454,"canPickup":true,"canDropoff":true,"openingstijden":{"ma":"08:00 - 13:00, 16:00 - 19:30","di":"08:00 - 13:00, 16:00 - 19:30","wo":"08:00 - 13:00, 16:00 - 19:30","do":"08:00 - 13:00, 16:00 - 19:30","vr":"08:00 - 13:00, 16:00 - 19:30","za":"08:00 - 13:00, 16:00 - 19:30","zo":"gesloten"}}},{"type":"Feature","geometry":{"type":"Point","coordinates":[12.184847311055162,44.42166102786188]},"properties":{"type":"pakketpunt","locatieNaam":"FedEx OnSite","straatNaam":"VIA FAENTINA 28","straatNr":"","vervoerder":"FedEx","puntType":"servicepunt","bezettingsgraad":50,"latitude":44.42166102786188,"longitude":12.184847311055162,"canPickup":true,"canDropoff":true,"openingstijden":{"ma":"08:30 - 13:00, 15:00 - 19:00","di":"08:30 - 13:00, 15:00 - 19:00","wo":"08:30 - 13:00, 15:00 - 19:00","do":"08:30 - 13:00, 15:00 - 19:00","vr":"08:30 - 13:00, 15:00 - 19:00","za":"09:00 - 12:00","zo":"gesloten"}}},{"type":"Feature","geometry":{"type":"Point","coordinates":[12.19586975090885,44.4156501884024]},"properties":{"type":"pakketpunt","locatieNaam":"FedEx OnSite","straatNaam":"piazza duomo , 10","straatNr":"","vervoerder":"FedEx","puntType":"servicepunt","bezettingsgraad":50,"latitude":44.4156501884024,"longitude":12.19586975090885,"canPickup":true,"canDropoff":true,"openingstijden":{"ma":"07:30 - 19:30","di":"07:30 - 19:30","wo":"07:30 - 19:30","do":"07:30 - 19:30","vr":"07:30 - 19:30","za":"07:30 - 19:00","zo":"09:00 - 12:00"}}},{"type":"Feature","geometry":{"type":"Point","coordinates":[12.198326801890044,44.41457929342408]},"properties":{"type":"pakketpunt","locatieNaam":"FedEx OnSite","straatNaam":"Via De Gasperi, 33","straatNr":"","vervoerder":"FedEx","puntType":"servicepunt","bezettingsgraad":50,"latitude":44.41457929342408,"longitude":12.198326801890044,"canPickup":true,"canDropoff":true,"openingstijden":{"ma":"10:00 - 18:00","di":"10:00 - 18:00","wo":"10:00 - 18:00","do":"10:00 - 14:00","vr":"10:00 - 18:00","za":"gesloten","zo":"gesloten"}}},{"type":"Feature","geometry":{"type":"Point","coordinates":[12.19170242700537,44.42034875889153]},"properties":{"type":"pakketpunt","locatieNaam":"FedEx OnSite","straatNaam":"Via Maggiore, 78","straatNr":"","vervoerder":"FedEx","puntType":"servicepunt","bezettingsgraad":50,"latitude":44.42034875889153,"longitude":12.19170242700537,"canPickup":true,"canDropoff":true,"openingstijden":{"ma":"08:30 - 13:00, 15:30 - 19:30","di":"08:30 - 13:00, 15:30 - 19:30","wo":"08:30 - 13:00, 15:30 - 19:30","do":"08:30 - 13:00, 15:30 - 19:30","vr":"08:30 - 13:00, 15:30 - 19:30","za":"08:30 - 13:00, 15:30 - 19:30","zo":"09:30 - 12:30"}}},{"type":"Feature","geometry":{"type":"Point","coordinates":[12.208952,44.406827]},"properties":{"type":"pakketpunt","locatieNaam":"FedEx OnSite","straatNaam":"Via Romea, 40","straatNr":"","vervoerder":"FedEx","puntType":"servicepunt","bezettingsgraad":50,"latitude":44.406827,"longitude":12.208952,"canPickup":true,"canDropoff":true,"openingstijden":{"ma":"08:00 - 13:00, 16:00 - 19:30","di":"08:00 - 13:00, 16:00 - 19:30","wo":"08:30 - 13:00, 16:00 - 19:30","do":"08:00 - 13:00, 16:00 - 19:30","vr":"08:00 - 13:00, 16:00 - 19:30","za":"08:30 - 13:00, 16:00 - 19:00","zo":"gesloten"}}},{"type":"Feature","geometry":{"type":"Point","coordinates":[12.169588562316468,44.44140987201945]},"properties":{"type":"pakketpunt","locatieNaam":"FedEx OnSite","straatNaam":"VIA CANALA 33","straatNr":"","vervoerder":"FedEx","puntType":"servicepunt","bezettingsgraad":50,"latitude":44.44140987201945,"longitude":12.169588562316468,"canPickup":true,"canDropoff":true,"openingstijden":{"ma":"06:00 - 18:00","di":"06:00 - 18:00","wo":"06:00 - 18:00","do":"06:00 - 18:00","vr":"06:00 - 18:00","za":"06:00 - 13:00","zo":"gesloten"}}},{"type":"Feature","geometry":{"type":"Point","coordinates":[12.210808241168166,44.412895300443346]},"properties":{"type":"pakketpunt","locatieNaam":"FedEx OnSite","straatNaam":"CIRCONVALLAZIONE PIAZZA D'ARMI, 20","straatNr":"","vervoerder":"FedEx","puntType":"servicepunt","bezettingsgraad":50,"latitude":44.412895300443346,"longitude":12.210808241168166,"canPickup":true,"canDropoff":true,"openingstijden":{"ma":"09:30 - 13:30, 16:30 - 19:30","di":"09:30 - 13:30, 16:30 - 19:30","wo":"09:30 - 13:30, 16:30 - 19:30","do":"16:30 - 19:30","vr":"09:30 - 13:30, 16:30 - 19:30","za":"09:00 - 13:00","zo":"gesloten"}}},{"type":"Feature","geometry":{"type":"Point","coordinates":[12.210114985016602,44.41625525644966]},"properties":{"type":"pakketpunt","locatieNaam":"FedEx OnSite","straatNaam":"VIA GRADENIGO 2","straatNr":"","vervoerder":"FedEx","puntType":"servicepunt","bezettingsgraad":50,"latitude":44.41625525644966,"longitude":12.210114985016602,"canPickup":true,"canDropoff":true,"openingstijden":{"ma":"08:30 - 12:30, 15:00 - 18:30","di":"08:30 - 12:30, 15:00 - 18:30","wo":"08:30 - 12:30, 15:00 - 18:30","do":"08:30 - 12:30, 15:00 - 18:30","vr":"08:30 - 12:30, 15:00 - 18:30","za":"09:00 - 12:00","zo":"gesloten"}}},{"type":"Feature","geometry":{"type":"Point","coordinates":[12.209698197867768,44.41661606875964]},"properties":{"type":"pakketpunt","locatieNaam":"FedEx OnSite","straatNaam":"via Candiano, 17","straatNr":"","vervoerder":"FedEx","puntType":"servicepunt","bezettingsgraad":50,"latitude":44.41661606875964,"longitude":12.209698197867768,"canPickup":true,"canDropoff":true,"openingstijden":{"ma":"09:00 - 13:30, 15:00 - 19:00","di":"09:00 - 13:30, 15:00 - 19:00","wo":"09:00 - 13:30, 15:00 - 19:00","do":"09:00 - 13:30, 15:00 - 19:00","vr":"09:00 - 13:30, 15:00 - 19:00","za":"09:00 - 13:30, 15:00 - 18:00","zo":"gesloten"}}},{"type":"Feature","geometry":{"type":"Point","coordinates":[12.206811169130253,44.41915619859364]},"properties":{"type":"pakketpunt","locatieNaam":"FedEx OnSite","straatNaam":"VIALE LUIGI CARLO FARINI, 64","straatNr":"","vervoerder":"FedEx","puntType":"servicepunt","bezettingsgraad":50,"latitude":44.41915619859364,"longitude":12.206811169130253,"canPickup":true,"canDropoff":true,"openingstijden":{"ma":"09:00 - 13:00, 15:00 - 19:00","di":"09:00 - 13:00, 15:00 - 19:00","wo":"09:00 - 13:00, 15:00 - 19:00","do":"09:00 - 13:00, 15:00 - 19:00","vr":"09:00 - 13:00, 15:00 - 19:00","za":"10:00 - 13:00, 15:00 - 18:00","zo":"gesloten"}}},{"type":"Feature","geometry":{"type":"Point","coordinates":[12.25469399907379,44.406441760886885]},"properties":{"type":"pakketpunt","locatieNaam":"FedEx OnSite","straatNaam":"VIA BONIFICA 48","straatNr":"","vervoerder":"FedEx","puntType":"servicepunt","bezettingsgraad":50,"latitude":44.406441760886885,"longitude":12.25469399907379,"canPickup":true,"canDropoff":true,"openingstijden":{"ma":"06:30 - 13:00, 15:30 - 19:30","di":"06:30 - 13:00, 15:30 - 19:30","wo":"06:30 - 13:00, 15:30 - 19:30","do":"06:30 - 13:00, 15:30 - 19:30","vr":"06:30 - 13:00, 15:30 - 19:30","za":"06:30 - 13:00, 15:30 - 19:30","zo":"gesloten"}}},{"type":"Feature","geometry":{"type":"Polygon","coordinates":[[[12.0290531,44.4126524],[12.0424569,44.4073303],[12.064615,44.4011424],[12.0751594,44.4031903],[12.0780217,44.4039684],[12.0817957,44.4029483],[12.102401,44.3928835],[12.1068208,44.3905352],[12.0987107,44.3774323],[12.0883282,44.3740498],[12.0859433,44.3751046],[12.0824311,44.3763563],[12.0796187,44.3767428],[12.0791321,44.3767244],[12.0788097,44.3765306],[12.0780263,44.375683],[12.0753278,44.3718037],[12.0760078,44.3713983],[12.0876087,44.3668719],[12.0889936,44.3664203],[12.0924412,44.3601873],[12.080826,44.350968],[12.0790813,44.350475],[12.0706351,44.34874],[12.062625,44.347902],[12.0614472,44.3476905],[12.0602138,44.3473725],[12.0589403,44.3467675],[12.0582283,44.3463455],[12.0575465,44.3457786],[12.0534926,44.341638],[12.0515318,44.3381795],[12.0420523,44.3346066],[12.0350701,44.3306793],[12.0386426,44.3287745],[12.0397396,44.3287476],[12.0441228,44.327671],[12.0440631,44.3274929],[12.0469467,44.3267905],[12.0491763,44.3256877],[12.0494824,44.3253014],[12.0498255,44.3241316],[12.0480035,44.3193637],[12.0489373,44.3191993],[12.0484961,44.3189676],[12.0482322,44.3185543],[12.0481644,44.3182169],[12.0477996,44.3177102],[12.0476636,44.317186],[12.0469628,44.3159619],[12.048293,44.3150762],[12.0487545,44.3115536],[12.0502994,44.3110392],[12.0528851,44.3097111],[12.0564222,44.3082974],[12.0558949,44.3072211],[12.0545924,44.3055105],[12.0637051,44.3019258],[12.0666556,44.3016878],[12.0678021,44.3000821],[12.0737858,44.2983699],[12.0738656,44.298564],[12.0770144,44.2978023],[12.0762816,44.2991751],[12.0820916,44.3000482],[12.0852009,44.3001016],[12.0869795,44.3000044],[12.0971859,44.295952],[12.0975405,44.29491],[12.0966775,44.294174],[12.0967955,44.2936979],[12.0982332,44.2928148],[12.0989306,44.2920852],[12.1042628,44.2904341],[12.105037,44.2900857],[12.1068837,44.288826],[12.1080683,44.28835],[12.1069276,44.2835166],[12.1066373,44.2816122],[12.1062655,44.280354],[12.1038544,44.2749342],[12.1028855,44.2718213],[12.1031911,44.2718033],[12.1113432,44.268439],[12.131911,44.2602476],[12.1321357,44.2603648],[12.1367625,44.2588146],[12.1367383,44.2586474],[12.142375,44.2557102],[12.1464912,44.2537526],[12.1494936,44.2529437],[12.1506576,44.2527214],[12.1521516,44.2525019],[12.1551128,44.2522483],[12.1593614,44.251426],[12.1621509,44.2506191],[12.1649619,44.249182],[12.1641895,44.2484886],[12.166083,44.2472145],[12.1651818,44.2466688],[12.1649029,44.2461155],[12.1670486,44.2454084],[12.1713938,44.2443017],[12.1709351,44.2432545],[12.1756532,44.2424879],[12.1763798,44.2445521],[12.1769198,44.2455535],[12.177762,44.2486123],[12.1804067,44.2474518],[12.1878149,44.2539363],[12.1898955,44.2552072],[12.2031817,44.2568999],[12.2053961,44.2570808],[12.2060474,44.2570805],[12.2097885,44.2565432],[12.2104912,44.254957],[12.2118671,44.2491747],[12.2106903,44.2462575],[12.2109474,44.2389558],[12.2101788,44.2377171],[12.2089395,44.2365726],[12.2050148,44.2334781],[12.2006824,44.2303056],[12.2009123,44.2301829],[12.2008797,44.2290381],[12.201038,44.2287706],[12.2010954,44.2280391],[12.2010464,44.2272918],[12.2008915,44.226532],[12.2013793,44.2259942],[12.2017864,44.2257248],[12.2035971,44.2258641],[12.2052859,44.2257088],[12.2068544,44.2257523],[12.2067728,44.2242696],[12.2063647,44.2243104],[12.2062423,44.2226645],[12.2079299,44.2223018],[12.2069611,44.2201477],[12.2084936,44.2197664],[12.2088572,44.219854],[12.2097493,44.2195454],[12.2114211,44.21954],[12.212037,44.2207433],[12.21248,44.2209151],[12.2157344,44.2206276],[12.2161291,44.2132758],[12.2199445,44.2133985],[12.2237906,44.2131439],[12.2239301,44.2132097],[12.2266546,44.2131909],[12.2269142,44.2133066],[12.226645,44.2134109],[12.2263121,44.2136966],[12.226099,44.2147047],[12.226109,44.2149629],[12.2265189,44.2156764],[12.2267958,44.215797],[12.2269262,44.2161236],[12.2272957,44.2164407],[12.228042,44.2168835],[12.2292657,44.2172497],[12.2299332,44.2173435],[12.2301108,44.2166932],[12.2323899,44.218473],[12.2327897,44.2186868],[12.2329479,44.2190839],[12.2328744,44.2195486],[12.2319826,44.223607],[12.2302053,44.2275013],[12.2452455,44.2489686],[12.2484196,44.2508858],[12.2513496,44.2520087],[12.2521714,44.2521473],[12.2551107,44.2518474],[12.256159,44.2522316],[12.2597026,44.2544801],[12.2604833,44.2552999],[12.2621964,44.2601614],[12.262385,44.2613189],[12.2620848,44.2619921],[12.2693193,44.2797178],[12.2722713,44.2852597],[12.2706921,44.2897702],[12.2706776,44.2906272],[12.2717206,44.2949711],[12.2750586,44.3006728],[12.2755857,44.3013599],[12.3003625,44.3079649],[12.3055725,44.3092094],[12.3058069,44.3087745],[12.3115153,44.2944689],[12.3122324,44.2937442],[12.3165085,44.2944163],[12.3197567,44.2950768],[12.3310974,44.2977214],[12.3472422,44.3010943],[12.3480332,44.301501],[12.3480816,44.3020267],[12.3477799,44.3025084],[12.3473854,44.3034289],[12.3473207,44.3040152],[12.3467017,44.3058763],[12.3466959,44.3064058],[12.3464073,44.3069193],[12.3462086,44.3076747],[12.3459399,44.308096],[12.3458594,44.3083762],[12.3458514,44.3086775],[12.3452908,44.3110287],[12.3452747,44.3117618],[12.3447919,44.3135141],[12.344317,44.3145606],[12.3442313,44.3150763],[12.3437668,44.3158929],[12.3434461,44.3171041],[12.3435614,44.3178793],[12.3434483,44.3181306],[12.3433436,44.3188435],[12.344588,44.319304],[12.344875,44.3194768],[12.3448692,44.319541],[12.344647,44.319613],[12.3442744,44.3193832],[12.3425871,44.3186909],[12.3420332,44.3189625],[12.341185,44.3190385],[12.3406238,44.3199092],[12.3409418,44.3205608],[12.3431267,44.3213579],[12.3431387,44.3214452],[12.3430393,44.321482],[12.3422869,44.3211947],[12.3420523,44.3217204],[12.3414885,44.3221953],[12.3414977,44.3225776],[12.3417739,44.322886],[12.3414041,44.3231249],[12.3412031,44.3234374],[12.3412823,44.3236832],[12.3416064,44.3239627],[12.3411327,44.3241025],[12.3407444,44.3244909],[12.3408491,44.3249885],[12.3404572,44.3252734],[12.340326,44.3256556],[12.3404767,44.3261521],[12.3400707,44.326416],[12.3398611,44.3267859],[12.3400298,44.3272368],[12.3395092,44.3276841],[12.3394882,44.3282401],[12.3391734,44.3284487],[12.3389887,44.3286802],[12.3388494,44.3290271],[12.3388695,44.3293998],[12.3385531,44.3298979],[12.3384726,44.3304409],[12.3383011,44.3307974],[12.3380113,44.3310836],[12.3376036,44.3313254],[12.3374179,44.3315595],[12.3376915,44.3316608],[12.3377015,44.3317552],[12.3376033,44.3318124],[12.3369413,44.3316428],[12.3363607,44.3322289],[12.3358023,44.3330635],[12.3357958,44.3331864],[12.3360318,44.3332468],[12.3360586,44.3333236],[12.3354403,44.3332623],[12.3343963,44.3361046],[12.3344292,44.3361898],[12.3347403,44.3363375],[12.3340843,44.3362582],[12.3324922,44.3398188],[12.327055,44.3549399],[12.3259312,44.3589629],[12.325775,44.360203],[12.3253989,44.3606839],[12.3252444,44.3612667],[12.3246415,44.3619262],[12.3246854,44.3622116],[12.3248971,44.3624295],[12.3248006,44.3632503],[12.3244454,44.3647826],[12.3235544,44.3674875],[12.3232986,44.3685885],[12.3233844,44.3689183],[12.3233093,44.3693248],[12.3229107,44.3704173],[12.322739,44.371629],[12.3220738,44.3742671],[12.3217091,44.3752948],[12.3213917,44.3772963],[12.321318,44.3775781],[12.321058,44.3779673],[12.3209215,44.3791201],[12.3203984,44.3811947],[12.3203548,44.382617],[12.3205043,44.3831443],[12.3200108,44.3876681],[12.3203294,44.3882324],[12.3195246,44.3884713],[12.3184046,44.3895875],[12.317675,44.3907681],[12.31716,44.3925928],[12.3174546,44.3930809],[12.3178082,44.3932504],[12.3177881,44.3933096],[12.3170539,44.3931481],[12.316895,44.3929849],[12.3165189,44.3928458],[12.3159381,44.3930129],[12.316128,44.3938905],[12.3164098,44.3943684],[12.3164142,44.3952572],[12.3168171,44.3957754],[12.3168753,44.3975411],[12.317332,44.3983471],[12.3174511,44.3988378],[12.3171922,44.3995467],[12.3168059,44.4002059],[12.3156472,44.4042263],[12.3155399,44.4049046],[12.3148372,44.4070507],[12.3131313,44.4111473],[12.3126539,44.4124042],[12.3121871,44.4139905],[12.3109533,44.4161555],[12.3104637,44.4176942],[12.3093494,44.4190138],[12.3086091,44.4200598],[12.3078205,44.4204928],[12.3071768,44.4210943],[12.3068174,44.4218338],[12.3064419,44.4219142],[12.3053851,44.4233126],[12.3052671,44.4243662],[12.3053084,44.424763],[12.3051061,44.424914],[12.3041323,44.4269803],[12.304084,44.4275549],[12.3042961,44.4279712],[12.303966,44.427984],[12.3036578,44.4283849],[12.302963,44.4309726],[12.3010023,44.4353819],[12.3011287,44.4355406],[12.3011492,44.435838],[12.3005806,44.4366864],[12.3007881,44.4367331],[12.3007642,44.4368234],[12.3005444,44.4368008],[12.299812,44.4385921],[12.2995377,44.4400041],[12.2991095,44.440506],[12.2986901,44.4411838],[12.2982073,44.4423098],[12.2979681,44.442691],[12.2979576,44.4430185],[12.2973677,44.4434377],[12.2971848,44.4436852],[12.2967842,44.4445552],[12.2963771,44.4459223],[12.29647,44.4459926],[12.2964092,44.4460769],[12.2961542,44.4460478],[12.2956017,44.4466835],[12.295135,44.4476754],[12.2949987,44.4490151],[12.29513,44.4490793],[12.2950794,44.4491492],[12.2945691,44.4490287],[12.2942982,44.4491681],[12.2939904,44.4496797],[12.2938127,44.4507524],[12.2937107,44.4521233],[12.292552,44.4531227],[12.2912377,44.4572429],[12.2910542,44.4594977],[12.2909589,44.4597464],[12.29139,44.4598309],[12.2913568,44.4598868],[12.2907328,44.4597481],[12.2902839,44.4601992],[12.2900596,44.4606678],[12.289571,44.4627405],[12.2892905,44.4631851],[12.2876758,44.4718754],[12.2873915,44.4754525],[12.2867518,44.4814705],[12.2862582,44.4851045],[12.2859495,44.4864053],[12.3143338,44.4948704],[12.3143626,44.4949572],[12.3142775,44.4951352],[12.3140918,44.4951338],[12.3139317,44.4950484],[12.3139864,44.4949114],[12.3068906,44.4927841],[12.3066477,44.492808],[12.306348,44.4927184],[12.3063968,44.4926361],[12.2996155,44.4906031],[12.299416,44.4906394],[12.2991125,44.490551],[12.2991352,44.4904946],[12.2949844,44.4892553],[12.2948221,44.489421],[12.2947284,44.4893932],[12.2941113,44.4892015],[12.2939712,44.4889584],[12.2917399,44.4882816],[12.2916378,44.4913469],[12.2913937,44.4913856],[12.2913673,44.4909043],[12.2911052,44.4909047],[12.291108,44.4907716],[12.2914344,44.4907727],[12.2915021,44.4882927],[12.2911749,44.4882873],[12.2911757,44.488138],[12.2874206,44.4869517],[12.2873612,44.4870831],[12.2863555,44.4868192],[12.2863173,44.4868738],[12.2865387,44.4869456],[12.2865071,44.4869864],[12.2862414,44.4869026],[12.286214,44.4869596],[12.2868928,44.4872241],[12.2872845,44.4872435],[12.2872668,44.4872997],[12.2863743,44.4872134],[12.2857252,44.4882208],[12.2853031,44.488206],[12.284935,44.4901292],[12.2854104,44.4901802],[12.2852947,44.4907822],[12.2851108,44.4907625],[12.2850478,44.4910038],[12.2852427,44.4910318],[12.285193,44.4912323],[12.2850779,44.491261],[12.2851869,44.491272],[12.2849541,44.4922509],[12.2888863,44.4927413],[12.2888698,44.492826],[12.2892327,44.4928677],[12.2895725,44.4909469],[12.2901902,44.4905522],[12.2902427,44.4906251],[12.2897306,44.4910308],[12.2893673,44.4928848],[12.2918939,44.493202],[12.2918576,44.4933456],[12.2853917,44.4925299],[12.2851793,44.4937707],[12.2898648,44.494409],[12.2890079,44.4943417],[12.2889833,44.4944682],[12.2886433,44.4944805],[12.2853382,44.494057],[12.2850923,44.4951224],[12.2889878,44.4955293],[12.2889201,44.4958891],[12.2850385,44.4954906],[12.284849,44.4963579],[12.2849795,44.4963707],[12.2849488,44.4965327],[12.2848008,44.4965189],[12.2846976,44.4970012],[12.2847847,44.4971415],[12.2844422,44.4971384],[12.2844378,44.4972508],[12.284783,44.4972563],[12.284683,44.4972645],[12.2848124,44.4974746],[12.2974951,44.4974832],[12.2978477,44.4974884],[12.2980565,44.4975765],[12.305473,44.4976564],[12.3054694,44.4975658],[12.3058292,44.4975673],[12.3060107,44.4976557],[12.3136105,44.4977276],[12.3136108,44.4976078],[12.3138568,44.4975623],[12.3139632,44.4976007],[12.3140055,44.4977448],[12.3139302,44.4978402],[12.3137041,44.4978592],[12.2856248,44.4975543],[12.2855111,44.497881],[12.2855122,44.4982212],[12.2849945,44.4991804],[12.2839445,44.5017967],[12.2835493,44.5024929],[12.2830085,44.5038151],[12.2822167,44.5061879],[12.2810666,44.5110296],[12.2805859,44.5133921],[12.2798229,44.5181999],[12.2798306,44.519041],[12.2797342,44.5195061],[12.2796761,44.5238449],[12.2798478,44.5252952],[12.2801422,44.5263721],[12.2816878,44.5265152],[12.2817117,44.5265807],[12.2816459,44.5266428],[12.2792327,44.5264616],[12.2784185,44.5265108],[12.2759246,44.5263153],[12.2759013,44.5269138],[12.2781745,44.5272843],[12.2790345,44.5275406],[12.2801865,44.5275764],[12.2805271,44.5274221],[12.2806753,44.5275087],[12.2804475,44.5275859],[12.2815957,44.5276705],[12.2815563,44.5277276],[12.2802565,44.5277061],[12.2798697,44.5289856],[12.2798826,44.5304361],[12.27998,44.5307267],[12.280705,44.530761],[12.2806875,44.5308375],[12.2798921,44.5308261],[12.2801342,44.5334818],[12.2803915,44.5338731],[12.2802689,44.5345539],[12.2802796,44.537047],[12.2806226,44.537091],[12.2806171,44.5371895],[12.2803111,44.5372191],[12.2803465,44.5393592],[12.2806457,44.5402892],[12.280348,44.5412449],[12.2805105,44.5433019],[12.2809168,44.5433581],[12.2809254,44.5434627],[12.2805566,44.5435057],[12.2810397,44.5464941],[12.2816926,44.5465586],[12.2816961,44.5466311],[12.2815593,44.5466736],[12.2813068,44.5466685],[12.2813126,44.54686],[12.2819061,44.547523],[12.2822369,44.5482867],[12.2828225,44.5490149],[12.2828904,44.5492416],[12.2828844,44.5498674],[12.2840358,44.552495],[12.2840211,44.5532118],[12.2845134,44.5536696],[12.285469,44.5537192],[12.2855203,44.5534766],[12.2854178,44.5532966],[12.2854837,44.553247],[12.2856008,44.5535679],[12.2855763,44.553733],[12.2858662,44.5538547],[12.2857326,44.5539175],[12.2829874,44.553602],[12.2800899,44.553241],[12.2789979,44.5530319],[12.2778236,44.5529971],[12.2733749,44.5539138],[12.273525,44.5542952],[12.2744492,44.5543432],[12.2744881,44.5544539],[12.2741892,44.5545163],[12.2739878,44.5544523],[12.2725526,44.5547419],[12.2726112,44.5551802],[12.272721,44.5551828],[12.2727595,44.5550028],[12.2729731,44.555065],[12.2732684,44.5553302],[12.2733178,44.5556407],[12.2729974,44.5558951],[12.2724611,44.555839],[12.2723952,44.5557933],[12.2729242,44.5553563],[12.2726183,44.5552376],[12.2722666,44.5554179],[12.2721373,44.5556647],[12.272293,44.5560129],[12.2727726,44.5562354],[12.2727643,44.5563012],[12.2732977,44.5562877],[12.2736748,44.5561664],[12.2744491,44.555689],[12.2751622,44.5554169],[12.2759984,44.5551919],[12.2769512,44.5550627],[12.2768165,44.554026],[12.2750607,44.5541419],[12.2747305,44.5544085],[12.2746445,44.5544141],[12.2745929,44.5543109],[12.2750267,44.5539814],[12.2778993,44.5534407],[12.2799159,44.553421],[12.2854046,44.5540097],[12.2854747,44.5541001],[12.2853375,44.5541425],[12.2842527,44.5539556],[12.28408,44.5545435],[12.2841446,44.5556723],[12.2840725,44.556496],[12.2836717,44.5579398],[12.2832489,44.5588206],[12.2828035,44.5605502],[12.282766,44.5609592],[12.2832954,44.5609568],[12.283267,44.5611038],[12.2827561,44.5610984],[12.2825771,44.5615677],[12.2825579,44.5621336],[12.2823776,44.5625304],[12.2824492,44.5634246],[12.2823848,44.5639406],[12.2824849,44.5640721],[12.2830292,44.5641085],[12.2829976,44.5642377],[12.2824274,44.5643041],[12.2828083,44.5785001],[12.2826268,44.5867085],[12.2824572,44.5870811],[12.2823038,44.5882731],[12.2821825,44.5905368],[12.279603,44.5907821],[12.2788016,44.5916814],[12.2782767,44.5928877],[12.2785315,44.5944196],[12.2791695,44.5959265],[12.2792012,44.5965209],[12.2789932,44.5967797],[12.2780785,44.5999466],[12.2777036,44.602159],[12.2776863,44.6040984],[12.2763558,44.6094784],[12.2755064,44.6133734],[12.2759427,44.6158281],[12.2755827,44.617202],[12.2750093,44.6215196],[12.2743025,44.6225518],[12.2742985,44.6230803],[12.2680097,44.6283408],[12.2667917,44.6272833],[12.2632255,44.6250704],[12.2610635,44.6236197],[12.2609122,44.6234452],[12.258626,44.6234859],[12.2566213,44.6228955],[12.2546078,44.6227708],[12.2518308,44.6220351],[12.2499991,44.6216376],[12.2486768,44.6215286],[12.2460465,44.6216689],[12.2455322,44.6216284],[12.2366761,44.6200783],[12.2314327,44.6159139],[12.1901209,44.5790596],[12.1576023,44.5510629],[12.1564561,44.549556],[12.1484942,44.5485163],[12.1316977,44.5466423],[12.1269667,44.5466821],[12.1179931,44.5476568],[12.115112,44.5481586],[12.1107038,44.5471716],[12.1079949,44.5464172],[12.1061313,44.5452257],[12.1040832,44.5441705],[12.1028493,44.5425932],[12.1016731,44.5407569],[12.0997406,44.5381571],[12.0982603,44.5353371],[12.0943045,44.5271196],[12.0891135,44.5211218],[12.0846737,44.516731],[12.0750206,44.5086612],[12.0716808,44.5011003],[12.0652976,44.4929847],[12.0716082,44.4905544],[12.0699789,44.4885086],[12.0690751,44.4871366],[12.0692473,44.4835461],[12.069681,44.4795075],[12.0698506,44.4789389],[12.0706026,44.4781802],[12.0719034,44.4772806],[12.0727031,44.4769812],[12.0744032,44.4765662],[12.0748304,44.4763758],[12.0769573,44.4748895],[12.0786925,44.4732089],[12.0800656,44.471226],[12.0811274,44.4694632],[12.0817972,44.4690294],[12.0800539,44.4680716],[12.0793461,44.4674456],[12.0775929,44.4654361],[12.07692,44.4644412],[12.0765141,44.4629849],[12.0762098,44.4612873],[12.0752901,44.4596029],[12.0745786,44.4588296],[12.0739488,44.4583026],[12.0729542,44.4576331],[12.0691374,44.4561207],[12.0659375,44.4557912],[12.0643836,44.4550166],[12.0641449,44.4545628],[12.0637517,44.4534403],[12.0633914,44.4529076],[12.0629693,44.4524747],[12.0583246,44.4492451],[12.0527926,44.4458404],[12.0523048,44.4454017],[12.0518846,44.4449116],[12.0512244,44.4438814],[12.0497004,44.4408952],[12.0493508,44.440407],[12.048971,44.4400809],[12.0482044,44.439579],[12.0471881,44.4391041],[12.0444236,44.438116],[12.0433552,44.437527],[12.042826,44.4369425],[12.040546,44.4334459],[12.0404524,44.4331516],[12.0405275,44.4318726],[12.0404731,44.4308209],[12.0381187,44.4283143],[12.0376785,44.4276816],[12.0375971,44.4271927],[12.0376427,44.4263137],[12.0375815,44.4252634],[12.0373546,44.4245886],[12.0369346,44.4237422],[12.0316911,44.415781],[12.0290531,44.4126524]]]},"properties":{"type":"boundary","gemeente":"Ravenna"}}]}