{"type":"FeatureCollection","metadata":{"gemeente":"Torino","slug":"torino","generated_at":"2026-09-26T13:10:48.552639Z","total_points":1471,"providers":["PosteItaliane","DPD","InPost","GLS","DHL","Amazon"],"bounds":[7.60147,45.01095,7.751969,45.13218249]},"features":[{"type":"Feature","geometry":{"type":"Point","coordinates":[7.68767113,45.10365653]},"properties":{"type":"pakketpunt","locatieNaam":"Tabaccheria N. 495","straatNaam":"Corso Grosseto","straatNr":"59","vervoerder":"PosteItaliane","puntType":"servicepunt","bezettingsgraad":50,"latitude":45.10365653,"longitude":7.68767113,"canPickup":true,"canDropoff":true,"openingstijden":{"za":"06:30 - 20:00","zo":"gesloten","ma":"06:30 - 20:00","di":"06:30 - 20:00","wo":"06:30 - 20:00","do":"06:30 - 20:00","vr":"06:30 - 20:00"}}},{"type":"Feature","geometry":{"type":"Point","coordinates":[7.69466844,45.09396005]},"properties":{"type":"pakketpunt","locatieNaam":"Tabaccheria N. 338","straatNaam":"Corso Giulio Cesare","straatNr":"131","vervoerder":"PosteItaliane","puntType":"servicepunt","bezettingsgraad":50,"latitude":45.09396005,"longitude":7.69466844,"canPickup":true,"canDropoff":true,"openingstijden":{"za":"08:00 - 20:00","zo":"gesloten","ma":"08:00 - 20:00","di":"08:00 - 20:00","wo":"08:00 - 20:00","do":"08:00 - 20:00","vr":"08:00 - 20:00"}}},{"type":"Feature","geometry":{"type":"Point","coordinates":[7.65831727,45.03618001]},"properties":{"type":"pakketpunt","locatieNaam":"Tabaccheria N. 549","straatNaam":"Via Giordano Bruno","straatNr":"142","vervoerder":"PosteItaliane","puntType":"servicepunt","bezettingsgraad":50,"latitude":45.03618001,"longitude":7.65831727,"canPickup":true,"canDropoff":true,"openingstijden":{"za":"08:30 - 20:30","zo":"09:00 - 20:00","ma":"08:30 - 20:30","di":"08:30 - 20:30","wo":"08:30 - 20:30","do":"08:30 - 20:30","vr":"08:30 - 20:30"}}},{"type":"Feature","geometry":{"type":"Point","coordinates":[7.63291457,45.04019381]},"properties":{"type":"pakketpunt","locatieNaam":"Tabaccheria N. 488","straatNaam":"Piazza Pitagora","straatNr":"18","vervoerder":"PosteItaliane","puntType":"servicepunt","bezettingsgraad":50,"latitude":45.04019381,"longitude":7.63291457,"canPickup":true,"canDropoff":true,"openingstijden":{"za":"07:00 - 13:00, 15:00 - 19:30","zo":"gesloten","ma":"07:00 - 13:00, 15:00 - 19:30","di":"07:00 - 13:00, 15:00 - 19:30","wo":"07:00 - 13:00, 15:00 - 19:30","do":"07:00 - 13:00, 15:00 - 19:30","vr":"07:00 - 13:00, 15:00 - 19:30"}}},{"type":"Feature","geometry":{"type":"Point","coordinates":[7.6762408,45.09918823]},"properties":{"type":"pakketpunt","locatieNaam":"Tabaccheria N. 430","straatNaam":"Via Breglio","straatNr":"91/c","vervoerder":"PosteItaliane","puntType":"servicepunt","bezettingsgraad":50,"latitude":45.09918823,"longitude":7.6762408,"canPickup":true,"canDropoff":true,"openingstijden":{"za":"08:30 - 19:00","zo":"gesloten","ma":"08:30 - 19:00","di":"08:30 - 19:00","wo":"08:30 - 19:00","do":"08:30 - 19:00","vr":"08:30 - 19:00"}}},{"type":"Feature","geometry":{"type":"Point","coordinates":[7.64174244,45.02831546]},"properties":{"type":"pakketpunt","locatieNaam":"Tabaccheria N. 193","straatNaam":"Corso Unione Sovietica","straatNr":"349","vervoerder":"PosteItaliane","puntType":"servicepunt","bezettingsgraad":50,"latitude":45.02831546,"longitude":7.64174244,"canPickup":true,"canDropoff":true,"openingstijden":{"za":"07:30 - 19:30","zo":"gesloten","ma":"07:30 - 19:30","di":"07:30 - 19:30","wo":"07:30 - 19:30","do":"07:30 - 19:30","vr":"07:30 - 19:30"}}},{"type":"Feature","geometry":{"type":"Point","coordinates":[7.68131779,45.05909123]},"properties":{"type":"pakketpunt","locatieNaam":"Tabaccheria N. 66","straatNaam":"Via Claudio Luigi Berthollet","straatNr":"17/f","vervoerder":"PosteItaliane","puntType":"servicepunt","bezettingsgraad":50,"latitude":45.05909123,"longitude":7.68131779,"canPickup":true,"canDropoff":true,"openingstijden":{"za":"07:00 - 19:30","zo":"gesloten","ma":"07:00 - 19:30","di":"07:00 - 19:30","wo":"07:00 - 19:30","do":"07:00 - 19:30","vr":"07:00 - 19:30"}}},{"type":"Feature","geometry":{"type":"Point","coordinates":[7.68485367,45.07845483]},"properties":{"type":"pakketpunt","locatieNaam":"Torino 22","straatNaam":"Corso Giulio Cesare","straatNr":"7","vervoerder":"PosteItaliane","puntType":"postkantoor","bezettingsgraad":50,"latitude":45.07845483,"longitude":7.68485367,"canPickup":true,"canDropoff":true,"openingstijden":{"za":"08:20 - 12:35","zo":"gesloten","ma":"08:20 - 13:35","di":"08:20 - 13:35","wo":"08:20 - 13:35","do":"08:20 - 13:35","vr":"08:20 - 13:35"}}},{"type":"Feature","geometry":{"type":"Point","coordinates":[7.68062012,45.0908183]},"properties":{"type":"pakketpunt","locatieNaam":"Torino 64","straatNaam":"Via Parella","straatNr":"5","vervoerder":"PosteItaliane","puntType":"postkantoor","bezettingsgraad":50,"latitude":45.0908183,"longitude":7.68062012,"canPickup":true,"canDropoff":true,"openingstijden":{"za":"08:20 - 12:35","zo":"gesloten","ma":"08:20 - 13:35","di":"08:20 - 13:35","wo":"08:20 - 13:35","do":"08:20 - 13:35","vr":"08:20 - 13:35"}}},{"type":"Feature","geometry":{"type":"Point","coordinates":[7.66840449,45.07954336]},"properties":{"type":"pakketpunt","locatieNaam":"Torino 9","straatNaam":"Via Vincenzo Maria Miglietti","straatNr":"9","vervoerder":"PosteItaliane","puntType":"postkantoor","bezettingsgraad":50,"latitude":45.07954336,"longitude":7.66840449,"canPickup":true,"canDropoff":true,"openingstijden":{"za":"08:20 - 12:35","zo":"gesloten","ma":"08:20 - 13:35","di":"08:20 - 13:35","wo":"08:20 - 13:35","do":"08:20 - 13:35","vr":"08:20 - 13:35"}}},{"type":"Feature","geometry":{"type":"Point","coordinates":[7.69349739,45.09383225]},"properties":{"type":"pakketpunt","locatieNaam":"Torino 78","straatNaam":"Via Verres","straatNr":"1/a","vervoerder":"PosteItaliane","puntType":"postkantoor","bezettingsgraad":50,"latitude":45.09383225,"longitude":7.69349739,"canPickup":true,"canDropoff":true,"openingstijden":{"ma":"gesloten","di":"gesloten","wo":"gesloten","do":"gesloten","vr":"gesloten","za":"gesloten","zo":"gesloten"}}},{"type":"Feature","geometry":{"type":"Point","coordinates":[7.65952939,45.06995093]},"properties":{"type":"pakketpunt","locatieNaam":"Torino 21","straatNaam":"Corso Vittorio Emanuele Ii","straatNr":"130","vervoerder":"PosteItaliane","puntType":"postkantoor","bezettingsgraad":50,"latitude":45.06995093,"longitude":7.65952939,"canPickup":true,"canDropoff":true,"openingstijden":{"za":"08:20 - 12:35","zo":"gesloten","ma":"08:20 - 13:35","di":"08:20 - 13:35","wo":"08:20 - 13:35","do":"08:20 - 13:35","vr":"08:20 - 13:35"}}},{"type":"Feature","geometry":{"type":"Point","coordinates":[7.63242567,45.0799415]},"properties":{"type":"pakketpunt","locatieNaam":"Torino 46","straatNaam":"Via Valentino Carrera","straatNr":"47","vervoerder":"PosteItaliane","puntType":"postkantoor","bezettingsgraad":50,"latitude":45.0799415,"longitude":7.63242567,"canPickup":true,"canDropoff":true,"openingstijden":{"za":"08:20 - 12:35","zo":"gesloten","ma":"08:20 - 13:35","di":"08:20 - 13:35","wo":"08:20 - 13:35","do":"08:20 - 13:35","vr":"08:20 - 13:35"}}},{"type":"Feature","geometry":{"type":"Point","coordinates":[7.66128351,45.04446998]},"properties":{"type":"pakketpunt","locatieNaam":"Torino 69","straatNaam":"Via Pasquale Galluppi","straatNr":"7","vervoerder":"PosteItaliane","puntType":"postkantoor","bezettingsgraad":50,"latitude":45.04446998,"longitude":7.66128351,"canPickup":true,"canDropoff":true,"openingstijden":{"za":"08:20 - 12:35","zo":"gesloten","ma":"08:20 - 13:35","di":"08:20 - 13:35","wo":"08:20 - 13:35","do":"08:20 - 13:35","vr":"08:20 - 13:35"}}},{"type":"Feature","geometry":{"type":"Point","coordinates":[7.69133184,45.07719869]},"properties":{"type":"pakketpunt","locatieNaam":"Torino 70","straatNaam":"Lungodora Firenze","straatNr":"71/a","vervoerder":"PosteItaliane","puntType":"postkantoor","bezettingsgraad":50,"latitude":45.07719869,"longitude":7.69133184,"canPickup":true,"canDropoff":true,"openingstijden":{"za":"08:20 - 12:35","zo":"gesloten","ma":"08:20 - 13:35","di":"08:20 - 13:35","wo":"08:20 - 13:35","do":"08:20 - 13:35","vr":"08:20 - 13:35"}}},{"type":"Feature","geometry":{"type":"Point","coordinates":[7.66797353,45.02833967]},"properties":{"type":"pakketpunt","locatieNaam":"Torino 34","straatNaam":"Via Genova","straatNr":"113","vervoerder":"PosteItaliane","puntType":"postkantoor","bezettingsgraad":50,"latitude":45.02833967,"longitude":7.66797353,"canPickup":true,"canDropoff":true,"openingstijden":{"za":"08:20 - 12:35","zo":"gesloten","ma":"08:20 - 19:05","di":"08:20 - 19:05","wo":"08:20 - 19:05","do":"08:20 - 19:05","vr":"08:20 - 19:05"}}},{"type":"Feature","geometry":{"type":"Point","coordinates":[7.64005751,45.06464978]},"properties":{"type":"pakketpunt","locatieNaam":"Torino 67","straatNaam":"Via Issiglio","straatNr":"32/d","vervoerder":"PosteItaliane","puntType":"postkantoor","bezettingsgraad":50,"latitude":45.06464978,"longitude":7.64005751,"canPickup":true,"canDropoff":true,"openingstijden":{"za":"08:20 - 12:35","zo":"gesloten","ma":"08:20 - 13:35","di":"08:20 - 13:35","wo":"08:20 - 13:35","do":"08:20 - 13:35","vr":"08:20 - 13:35"}}},{"type":"Feature","geometry":{"type":"Point","coordinates":[7.66720793,45.0866375]},"properties":{"type":"pakketpunt","locatieNaam":"Torino 50","straatNaam":"Via Aquila","straatNr":"40","vervoerder":"PosteItaliane","puntType":"postkantoor","bezettingsgraad":50,"latitude":45.0866375,"longitude":7.66720793,"canPickup":true,"canDropoff":true,"openingstijden":{"za":"08:20 - 12:35","zo":"gesloten","ma":"08:20 - 13:35","di":"08:20 - 13:35","wo":"08:20 - 13:35","do":"08:20 - 13:35","vr":"08:20 - 13:35"}}},{"type":"Feature","geometry":{"type":"Point","coordinates":[7.69839658,45.10186618]},"properties":{"type":"pakketpunt","locatieNaam":"Torino 33","straatNaam":"Corso Taranto","straatNr":"28/e","vervoerder":"PosteItaliane","puntType":"postkantoor","bezettingsgraad":50,"latitude":45.10186618,"longitude":7.69839658,"canPickup":true,"canDropoff":true,"openingstijden":{"za":"08:20 - 12:35","zo":"gesloten","ma":"08:20 - 19:05","di":"08:20 - 19:05","wo":"08:20 - 19:05","do":"08:20 - 19:05","vr":"08:20 - 19:05"}}},{"type":"Feature","geometry":{"type":"Point","coordinates":[7.67546439,45.05002804]},"properties":{"type":"pakketpunt","locatieNaam":"Torino 38","straatNaam":"Via Saluzzo","straatNr":"94/a","vervoerder":"PosteItaliane","puntType":"postkantoor","bezettingsgraad":50,"latitude":45.05002804,"longitude":7.67546439,"canPickup":true,"canDropoff":true,"openingstijden":{"za":"08:20 - 12:35","zo":"gesloten","ma":"08:20 - 13:35","di":"08:20 - 13:35","wo":"08:20 - 13:35","do":"08:20 - 13:35","vr":"08:20 - 13:35"}}},{"type":"Feature","geometry":{"type":"Point","coordinates":[7.62703036,45.03981382]},"properties":{"type":"pakketpunt","locatieNaam":"Torino 63","straatNaam":"Via Paolo Gaidano","straatNr":"12","vervoerder":"PosteItaliane","puntType":"postkantoor","bezettingsgraad":50,"latitude":45.03981382,"longitude":7.62703036,"canPickup":true,"canDropoff":true,"openingstijden":{"za":"08:20 - 12:35","zo":"gesloten","ma":"08:20 - 19:05","di":"08:20 - 19:05","wo":"08:20 - 19:05","do":"08:20 - 19:05","vr":"08:20 - 19:05"}}},{"type":"Feature","geometry":{"type":"Point","coordinates":[7.64472222,45.03904266]},"properties":{"type":"pakketpunt","locatieNaam":"Torino 24","straatNaam":"Via Felice Briccarello","straatNr":"2","vervoerder":"PosteItaliane","puntType":"postkantoor","bezettingsgraad":50,"latitude":45.03904266,"longitude":7.64472222,"canPickup":true,"canDropoff":true,"openingstijden":{"za":"08:20 - 12:35","zo":"gesloten","ma":"08:20 - 13:35","di":"08:20 - 13:35","wo":"08:20 - 13:35","do":"08:20 - 13:35","vr":"08:20 - 13:35"}}},{"type":"Feature","geometry":{"type":"Point","coordinates":[7.73217473,45.10071161]},"properties":{"type":"pakketpunt","locatieNaam":"Torino 56","straatNaam":"Via Damiano Chiesa","straatNr":"67/c","vervoerder":"PosteItaliane","puntType":"postkantoor","bezettingsgraad":50,"latitude":45.10071161,"longitude":7.73217473,"canPickup":true,"canDropoff":true,"openingstijden":{"za":"08:20 - 12:35","zo":"gesloten","ma":"08:20 - 13:35","di":"08:20 - 13:35","wo":"08:20 - 13:35","do":"08:20 - 13:35","vr":"08:20 - 13:35"}}},{"type":"Feature","geometry":{"type":"Point","coordinates":[7.72456105,45.06992993]},"properties":{"type":"pakketpunt","locatieNaam":"Torino 53","straatNaam":"Corso Casale","straatNr":"196","vervoerder":"PosteItaliane","puntType":"postkantoor","bezettingsgraad":50,"latitude":45.06992993,"longitude":7.72456105,"canPickup":true,"canDropoff":true,"openingstijden":{"ma":"gesloten","di":"gesloten","wo":"gesloten","do":"gesloten","vr":"gesloten","za":"gesloten","zo":"gesloten"}}},{"type":"Feature","geometry":{"type":"Point","coordinates":[7.69286529,45.08339514]},"properties":{"type":"pakketpunt","locatieNaam":"Torino 4","straatNaam":"Corso Palermo","straatNr":"55","vervoerder":"PosteItaliane","puntType":"postkantoor","bezettingsgraad":50,"latitude":45.08339514,"longitude":7.69286529,"canPickup":true,"canDropoff":true,"openingstijden":{"za":"08:20 - 12:35","zo":"gesloten","ma":"08:20 - 13:35","di":"08:20 - 13:35","wo":"08:20 - 13:35","do":"08:20 - 13:35","vr":"08:20 - 13:35"}}},{"type":"Feature","geometry":{"type":"Point","coordinates":[7.64947647,45.09822262]},"properties":{"type":"pakketpunt","locatieNaam":"Torino 30","straatNaam":"Via Foglizzo","straatNr":"28","vervoerder":"PosteItaliane","puntType":"postkantoor","bezettingsgraad":50,"latitude":45.09822262,"longitude":7.64947647,"canPickup":true,"canDropoff":true,"openingstijden":{"za":"08:20 - 12:35","zo":"gesloten","ma":"08:20 - 19:05","di":"08:20 - 19:05","wo":"08:20 - 19:05","do":"08:20 - 19:05","vr":"08:20 - 19:05"}}},{"type":"Feature","geometry":{"type":"Point","coordinates":[7.68115459,45.09871785]},"properties":{"type":"pakketpunt","locatieNaam":"Torino 7","straatNaam":"Via Breglio","straatNr":"37/a","vervoerder":"PosteItaliane","puntType":"postkantoor","bezettingsgraad":50,"latitude":45.09871785,"longitude":7.68115459,"canPickup":true,"canDropoff":true,"openingstijden":{"za":"08:20 - 12:35","zo":"gesloten","ma":"08:20 - 19:05","di":"08:20 - 19:05","wo":"08:20 - 19:05","do":"08:20 - 19:05","vr":"08:20 - 19:05"}}},{"type":"Feature","geometry":{"type":"Point","coordinates":[7.6680649,45.09828944]},"properties":{"type":"pakketpunt","locatieNaam":"Torino 49","straatNaam":"Piazza Luigi Mattirolo","straatNr":"10","vervoerder":"PosteItaliane","puntType":"postkantoor","bezettingsgraad":50,"latitude":45.09828944,"longitude":7.6680649,"canPickup":true,"canDropoff":true,"openingstijden":{"za":"08:20 - 12:35","zo":"gesloten","ma":"08:20 - 13:35","di":"08:20 - 13:35","wo":"08:20 - 13:35","do":"08:20 - 13:35","vr":"08:20 - 13:35"}}},{"type":"Feature","geometry":{"type":"Point","coordinates":[7.64027147,45.0813836]},"properties":{"type":"pakketpunt","locatieNaam":"Torino 60","straatNaam":"Via Nicola Fabrizi","straatNr":"132/f","vervoerder":"PosteItaliane","puntType":"postkantoor","bezettingsgraad":50,"latitude":45.0813836,"longitude":7.64027147,"canPickup":true,"canDropoff":true,"openingstijden":{"za":"08:20 - 12:35","zo":"gesloten","ma":"08:20 - 13:35","di":"08:20 - 13:35","wo":"08:20 - 13:35","do":"08:20 - 13:35","vr":"08:20 - 13:35"}}},{"type":"Feature","geometry":{"type":"Point","coordinates":[7.6115148,45.02090636]},"properties":{"type":"pakketpunt","locatieNaam":"Torino 75","straatNaam":"Via Celeste Negarville","straatNr":"8/26","vervoerder":"PosteItaliane","puntType":"postkantoor","bezettingsgraad":50,"latitude":45.02090636,"longitude":7.6115148,"canPickup":true,"canDropoff":true,"openingstijden":{"za":"08:20 - 12:35","zo":"gesloten","ma":"08:20 - 13:35","di":"08:20 - 13:35","wo":"08:20 - 13:35","do":"08:20 - 13:35","vr":"08:20 - 13:35"}}},{"type":"Feature","geometry":{"type":"Point","coordinates":[7.67746033,45.06302027]},"properties":{"type":"pakketpunt","locatieNaam":"Torino Porta Nuova","straatNaam":"Via Paolo Sacchi","straatNr":"2","vervoerder":"PosteItaliane","puntType":"postkantoor","bezettingsgraad":50,"latitude":45.06302027,"longitude":7.67746033,"canPickup":true,"canDropoff":true,"openingstijden":{"za":"08:20 - 12:35","zo":"gesloten","ma":"08:20 - 19:05","di":"08:20 - 19:05","wo":"08:20 - 19:05","do":"08:20 - 19:05","vr":"08:20 - 19:05"}}},{"type":"Feature","geometry":{"type":"Point","coordinates":[7.63354051,45.0370506]},"properties":{"type":"pakketpunt","locatieNaam":"Torino 45","straatNaam":"Corso Siracusa","straatNr":"182","vervoerder":"PosteItaliane","puntType":"postkantoor","bezettingsgraad":50,"latitude":45.0370506,"longitude":7.63354051,"canPickup":true,"canDropoff":true,"openingstijden":{"za":"08:20 - 12:35","zo":"gesloten","ma":"08:20 - 13:35","di":"08:20 - 13:35","wo":"08:20 - 13:35","do":"08:20 - 13:35","vr":"08:20 - 13:35"}}},{"type":"Feature","geometry":{"type":"Point","coordinates":[7.65514129,45.07569129]},"properties":{"type":"pakketpunt","locatieNaam":"Torino 19","straatNaam":"Via Bruino","straatNr":"1","vervoerder":"PosteItaliane","puntType":"postkantoor","bezettingsgraad":50,"latitude":45.07569129,"longitude":7.65514129,"canPickup":true,"canDropoff":true,"openingstijden":{"za":"08:20 - 12:35","zo":"gesloten","ma":"08:20 - 19:05","di":"08:20 - 19:05","wo":"08:20 - 19:05","do":"08:20 - 19:05","vr":"08:20 - 19:05"}}},{"type":"Feature","geometry":{"type":"Point","coordinates":[7.62330908,45.06331963]},"properties":{"type":"pakketpunt","locatieNaam":"Torino 52","straatNaam":"Via Villa Giusti","straatNr":"7/b","vervoerder":"PosteItaliane","puntType":"postkantoor","bezettingsgraad":50,"latitude":45.06331963,"longitude":7.62330908,"canPickup":true,"canDropoff":true,"openingstijden":{"za":"08:20 - 12:35","zo":"gesloten","ma":"08:20 - 13:35","di":"08:20 - 13:35","wo":"08:20 - 13:35","do":"08:20 - 13:35","vr":"08:20 - 13:35"}}},{"type":"Feature","geometry":{"type":"Point","coordinates":[7.68321382,45.05994321]},"properties":{"type":"pakketpunt","locatieNaam":"Torino 18","straatNaam":"Via Principe Tommaso","straatNr":"3","vervoerder":"PosteItaliane","puntType":"postkantoor","bezettingsgraad":50,"latitude":45.05994321,"longitude":7.68321382,"canPickup":true,"canDropoff":true,"openingstijden":{"za":"08:20 - 12:35","zo":"gesloten","ma":"08:20 - 19:05","di":"08:20 - 19:05","wo":"08:20 - 19:05","do":"08:20 - 19:05","vr":"08:20 - 19:05"}}},{"type":"Feature","geometry":{"type":"Point","coordinates":[7.69433398,45.0712632]},"properties":{"type":"pakketpunt","locatieNaam":"Torino 23","straatNaam":"Via Montebello","straatNr":"25","vervoerder":"PosteItaliane","puntType":"postkantoor","bezettingsgraad":50,"latitude":45.0712632,"longitude":7.69433398,"canPickup":true,"canDropoff":true,"openingstijden":{"za":"08:20 - 12:35","zo":"gesloten","ma":"08:20 - 13:35","di":"08:20 - 13:35","wo":"08:20 - 13:35","do":"08:20 - 13:35","vr":"08:20 - 13:35"}}},{"type":"Feature","geometry":{"type":"Point","coordinates":[7.66128307,45.06190903]},"properties":{"type":"pakketpunt","locatieNaam":"Torino 27","straatNaam":"Via Enrico D'ovidio","straatNr":"8","vervoerder":"PosteItaliane","puntType":"postkantoor","bezettingsgraad":50,"latitude":45.06190903,"longitude":7.66128307,"canPickup":true,"canDropoff":true,"openingstijden":{"za":"08:20 - 12:35","zo":"gesloten","ma":"08:20 - 13:35","di":"08:20 - 13:35","wo":"08:20 - 13:35","do":"08:20 - 13:35","vr":"08:20 - 13:35"}}},{"type":"Feature","geometry":{"type":"Point","coordinates":[7.65530951,45.0311434]},"properties":{"type":"pakketpunt","locatieNaam":"Torino 41","straatNaam":"Via Giordano Bruno","straatNr":"202/a","vervoerder":"PosteItaliane","puntType":"postkantoor","bezettingsgraad":50,"latitude":45.0311434,"longitude":7.65530951,"canPickup":true,"canDropoff":true,"openingstijden":{"za":"08:20 - 12:35","zo":"gesloten","ma":"08:20 - 13:35","di":"08:20 - 13:35","wo":"08:20 - 13:35","do":"08:20 - 13:35","vr":"08:20 - 13:35"}}},{"type":"Feature","geometry":{"type":"Point","coordinates":[7.66293143,45.07256116]},"properties":{"type":"pakketpunt","locatieNaam":"Torino 3","straatNaam":"Via Susa","straatNr":"7/bis","vervoerder":"PosteItaliane","puntType":"postkantoor","bezettingsgraad":50,"latitude":45.07256116,"longitude":7.66293143,"canPickup":true,"canDropoff":true,"openingstijden":{"za":"08:20 - 12:35","zo":"gesloten","ma":"08:20 - 13:35","di":"08:20 - 13:35","wo":"08:20 - 13:35","do":"08:20 - 13:35","vr":"08:20 - 13:35"}}},{"type":"Feature","geometry":{"type":"Point","coordinates":[7.67202593,45.05739452]},"properties":{"type":"pakketpunt","locatieNaam":"Torino 25","straatNaam":"Via San Secondo","straatNr":"41/e","vervoerder":"PosteItaliane","puntType":"postkantoor","bezettingsgraad":50,"latitude":45.05739452,"longitude":7.67202593,"canPickup":true,"canDropoff":true,"openingstijden":{"za":"08:20 - 12:35","zo":"gesloten","ma":"08:20 - 13:35","di":"08:20 - 13:35","wo":"08:20 - 13:35","do":"08:20 - 13:35","vr":"08:20 - 13:35"}}},{"type":"Feature","geometry":{"type":"Point","coordinates":[7.63833143,45.04929531]},"properties":{"type":"pakketpunt","locatieNaam":"Torino 77","straatNaam":"Via Barletta","straatNr":"105","vervoerder":"PosteItaliane","puntType":"postkantoor","bezettingsgraad":50,"latitude":45.04929531,"longitude":7.63833143,"canPickup":true,"canDropoff":true,"openingstijden":{"za":"08:20 - 12:35","zo":"gesloten","ma":"08:20 - 13:35","di":"08:20 - 13:35","wo":"08:20 - 13:35","do":"08:20 - 13:35","vr":"08:20 - 13:35"}}},{"type":"Feature","geometry":{"type":"Point","coordinates":[7.66763007,45.03399132]},"properties":{"type":"pakketpunt","locatieNaam":"Torino 59","straatNaam":"Via Nizza","straatNr":"230/h","vervoerder":"PosteItaliane","puntType":"postkantoor","bezettingsgraad":50,"latitude":45.03399132,"longitude":7.66763007,"canPickup":true,"canDropoff":true,"openingstijden":{"za":"08:20 - 12:35","zo":"gesloten","ma":"08:20 - 13:35","di":"08:20 - 13:35","wo":"08:20 - 13:35","do":"08:20 - 13:35","vr":"08:20 - 13:35"}}},{"type":"Feature","geometry":{"type":"Point","coordinates":[7.66427848,45.02177577]},"properties":{"type":"pakketpunt","locatieNaam":"Torino 66","straatNaam":"Via Vinovo","straatNr":"8","vervoerder":"PosteItaliane","puntType":"postkantoor","bezettingsgraad":50,"latitude":45.02177577,"longitude":7.66427848,"canPickup":true,"canDropoff":true,"openingstijden":{"za":"08:20 - 12:35","zo":"gesloten","ma":"08:20 - 13:35","di":"08:20 - 13:35","wo":"08:20 - 13:35","do":"08:20 - 13:35","vr":"08:20 - 13:35"}}},{"type":"Feature","geometry":{"type":"Point","coordinates":[7.62764648,45.07105207]},"properties":{"type":"pakketpunt","locatieNaam":"Torino 35","straatNaam":"Via Luigi Ferdinando Marsigli","straatNr":"22","vervoerder":"PosteItaliane","puntType":"postkantoor","bezettingsgraad":50,"latitude":45.07105207,"longitude":7.62764648,"canPickup":true,"canDropoff":true,"openingstijden":{"za":"08:20 - 12:35","zo":"gesloten","ma":"08:20 - 19:05","di":"08:20 - 19:05","wo":"08:20 - 19:05","do":"08:20 - 19:05","vr":"08:20 - 19:05"}}},{"type":"Feature","geometry":{"type":"Point","coordinates":[7.6468446,45.070196]},"properties":{"type":"pakketpunt","locatieNaam":"Torino 6","straatNaam":"Corso Racconigi","straatNr":"43","vervoerder":"PosteItaliane","puntType":"postkantoor","bezettingsgraad":50,"latitude":45.070196,"longitude":7.6468446,"canPickup":true,"canDropoff":true,"openingstijden":{"za":"08:20 - 12:35","zo":"gesloten","ma":"08:20 - 19:05","di":"08:20 - 19:05","wo":"08:20 - 19:05","do":"08:20 - 19:05","vr":"08:20 - 19:05"}}},{"type":"Feature","geometry":{"type":"Point","coordinates":[7.6507065,45.055907]},"properties":{"type":"pakketpunt","locatieNaam":"Torino 73","straatNaam":"Via Bagnasco","straatNr":"7/c","vervoerder":"PosteItaliane","puntType":"postkantoor","bezettingsgraad":50,"latitude":45.055907,"longitude":7.6507065,"canPickup":true,"canDropoff":true,"openingstijden":{"za":"08:20 - 12:35","zo":"gesloten","ma":"08:20 - 13:35","di":"08:20 - 13:35","wo":"08:20 - 13:35","do":"08:20 - 13:35","vr":"08:20 - 13:35"}}},{"type":"Feature","geometry":{"type":"Point","coordinates":[7.65101104,45.08156053]},"properties":{"type":"pakketpunt","locatieNaam":"Torino 40","straatNaam":"Corso Svizzera","straatNr":"60","vervoerder":"PosteItaliane","puntType":"postkantoor","bezettingsgraad":50,"latitude":45.08156053,"longitude":7.65101104,"canPickup":true,"canDropoff":true,"openingstijden":{"za":"08:20 - 12:35","zo":"gesloten","ma":"08:20 - 13:35","di":"08:20 - 13:35","wo":"08:20 - 13:35","do":"08:20 - 13:35","vr":"08:20 - 13:35"}}},{"type":"Feature","geometry":{"type":"Point","coordinates":[7.64938259,45.06315002]},"properties":{"type":"pakketpunt","locatieNaam":"Torino 39","straatNaam":"Via Villarbasse","straatNr":"39","vervoerder":"PosteItaliane","puntType":"postkantoor","bezettingsgraad":50,"latitude":45.06315002,"longitude":7.64938259,"canPickup":true,"canDropoff":true,"openingstijden":{"za":"08:20 - 12:35","zo":"gesloten","ma":"08:20 - 13:35","di":"08:20 - 13:35","wo":"08:20 - 13:35","do":"08:20 - 13:35","vr":"08:20 - 13:35"}}},{"type":"Feature","geometry":{"type":"Point","coordinates":[7.70875601,45.12760824]},"properties":{"type":"pakketpunt","locatieNaam":"Torino 51","straatNaam":"Viale Falchera","straatNr":"80","vervoerder":"PosteItaliane","puntType":"postkantoor","bezettingsgraad":50,"latitude":45.12760824,"longitude":7.70875601,"canPickup":true,"canDropoff":true,"openingstijden":{"za":"08:20 - 12:35","zo":"gesloten","ma":"08:20 - 13:35","di":"08:20 - 13:35","wo":"08:20 - 13:35","do":"08:20 - 13:35","vr":"08:20 - 13:35"}}},{"type":"Feature","geometry":{"type":"Point","coordinates":[7.6449761,45.1059804]},"properties":{"type":"pakketpunt","locatieNaam":"Torino 74","straatNaam":"Corso Grosseto","straatNr":"425","vervoerder":"PosteItaliane","puntType":"postkantoor","bezettingsgraad":50,"latitude":45.1059804,"longitude":7.6449761,"canPickup":true,"canDropoff":true,"openingstijden":{"za":"08:20 - 12:35","zo":"gesloten","ma":"08:20 - 19:05","di":"08:20 - 19:05","wo":"08:20 - 19:05","do":"08:20 - 19:05","vr":"08:20 - 19:05"}}},{"type":"Feature","geometry":{"type":"Point","coordinates":[7.6767236,45.10274995]},"properties":{"type":"pakketpunt","locatieNaam":"Torino 11","straatNaam":"Via Conte Di Roccavione","straatNr":"93/e","vervoerder":"PosteItaliane","puntType":"postkantoor","bezettingsgraad":50,"latitude":45.10274995,"longitude":7.6767236,"canPickup":true,"canDropoff":true,"openingstijden":{"za":"08:20 - 12:35","zo":"gesloten","ma":"08:20 - 13:35","di":"08:20 - 13:35","wo":"08:20 - 13:35","do":"08:20 - 13:35","vr":"08:20 - 13:35"}}},{"type":"Feature","geometry":{"type":"Point","coordinates":[7.67821738,45.05989246]},"properties":{"type":"pakketpunt","locatieNaam":"Torino 55","straatNaam":"Via Nizza","straatNr":"8","vervoerder":"PosteItaliane","puntType":"postkantoor","bezettingsgraad":50,"latitude":45.05989246,"longitude":7.67821738,"canPickup":true,"canDropoff":true,"openingstijden":{"ma":"gesloten","di":"gesloten","wo":"gesloten","do":"gesloten","vr":"gesloten","za":"gesloten","zo":"gesloten"}}},{"type":"Feature","geometry":{"type":"Point","coordinates":[7.67038639,45.04310906]},"properties":{"type":"pakketpunt","locatieNaam":"Torino 5","straatNaam":"Corso Bramante","straatNr":"57/a","vervoerder":"PosteItaliane","puntType":"postkantoor","bezettingsgraad":50,"latitude":45.04310906,"longitude":7.67038639,"canPickup":true,"canDropoff":true,"openingstijden":{"za":"08:20 - 12:35","zo":"gesloten","ma":"08:20 - 13:35","di":"08:20 - 13:35","wo":"08:20 - 13:35","do":"08:20 - 13:35","vr":"08:20 - 13:35"}}},{"type":"Feature","geometry":{"type":"Point","coordinates":[7.73345515,45.07964933]},"properties":{"type":"pakketpunt","locatieNaam":"Torino 37","straatNaam":"Strada Mongreno","straatNr":"15","vervoerder":"PosteItaliane","puntType":"postkantoor","bezettingsgraad":50,"latitude":45.07964933,"longitude":7.73345515,"canPickup":true,"canDropoff":true,"openingstijden":{"za":"08:20 - 12:35","zo":"gesloten","ma":"08:20 - 13:35","di":"08:20 - 13:35","wo":"08:20 - 13:35","do":"08:20 - 13:35","vr":"08:20 - 13:35"}}},{"type":"Feature","geometry":{"type":"Point","coordinates":[7.64916361,45.04476807]},"properties":{"type":"pakketpunt","locatieNaam":"Torino 14","straatNaam":"Via Giuseppe Vernazza","straatNr":"5","vervoerder":"PosteItaliane","puntType":"postkantoor","bezettingsgraad":50,"latitude":45.04476807,"longitude":7.64916361,"canPickup":true,"canDropoff":true,"openingstijden":{"za":"08:20 - 12:35","zo":"gesloten","ma":"08:20 - 13:35","di":"08:20 - 13:35","wo":"08:20 - 13:35","do":"08:20 - 13:35","vr":"08:20 - 13:35"}}},{"type":"Feature","geometry":{"type":"Point","coordinates":[7.69756784,45.09378329]},"properties":{"type":"pakketpunt","locatieNaam":"Torino 43","straatNaam":"Via Gaspare Spontini","straatNr":"23","vervoerder":"PosteItaliane","puntType":"postkantoor","bezettingsgraad":50,"latitude":45.09378329,"longitude":7.69756784,"canPickup":true,"canDropoff":true,"openingstijden":{"za":"08:20 - 12:35","zo":"gesloten","ma":"08:20 - 13:35","di":"08:20 - 13:35","wo":"08:20 - 13:35","do":"08:20 - 13:35","vr":"08:20 - 13:35"}}},{"type":"Feature","geometry":{"type":"Point","coordinates":[7.65055651,45.01722464]},"properties":{"type":"pakketpunt","locatieNaam":"Torino 48","straatNaam":"Via Camillo Guidi Snc","straatNr":"","vervoerder":"PosteItaliane","puntType":"postkantoor","bezettingsgraad":50,"latitude":45.01722464,"longitude":7.65055651,"canPickup":true,"canDropoff":true,"openingstijden":{"za":"08:20 - 12:35","zo":"gesloten","ma":"08:20 - 13:35","di":"08:20 - 13:35","wo":"08:20 - 13:35","do":"08:20 - 13:35","vr":"08:20 - 13:35"}}},{"type":"Feature","geometry":{"type":"Point","coordinates":[7.68119138,45.03726471]},"properties":{"type":"pakketpunt","locatieNaam":"Torino 36","straatNaam":"Corso Moncalieri","straatNr":"254","vervoerder":"PosteItaliane","puntType":"postkantoor","bezettingsgraad":50,"latitude":45.03726471,"longitude":7.68119138,"canPickup":true,"canDropoff":true,"openingstijden":{"za":"08:20 - 12:35","zo":"gesloten","ma":"08:20 - 13:35","di":"08:20 - 13:35","wo":"08:20 - 13:35","do":"08:20 - 13:35","vr":"08:20 - 13:35"}}},{"type":"Feature","geometry":{"type":"Point","coordinates":[7.69863501,45.08406671]},"properties":{"type":"pakketpunt","locatieNaam":"Torino 58","straatNaam":"Via Ternengo","straatNr":"0/e","vervoerder":"PosteItaliane","puntType":"postkantoor","bezettingsgraad":50,"latitude":45.08406671,"longitude":7.69863501,"canPickup":true,"canDropoff":true,"openingstijden":{"za":"08:20 - 12:35","zo":"gesloten","ma":"08:20 - 13:35","di":"08:20 - 13:35","wo":"08:20 - 13:35","do":"08:20 - 13:35","vr":"08:20 - 13:35"}}},{"type":"Feature","geometry":{"type":"Point","coordinates":[7.63026743,45.05401535]},"properties":{"type":"pakketpunt","locatieNaam":"Torino 65","straatNaam":"Via Monfalcone","straatNr":"180","vervoerder":"PosteItaliane","puntType":"postkantoor","bezettingsgraad":50,"latitude":45.05401535,"longitude":7.63026743,"canPickup":true,"canDropoff":true,"openingstijden":{"za":"08:20 - 12:35","zo":"gesloten","ma":"08:20 - 13:35","di":"08:20 - 13:35","wo":"08:20 - 13:35","do":"08:20 - 13:35","vr":"08:20 - 13:35"}}},{"type":"Feature","geometry":{"type":"Point","coordinates":[7.63088824,45.10344572]},"properties":{"type":"pakketpunt","locatieNaam":"Torino 17","straatNaam":"Piazza Eugenio Montale","straatNr":"8","vervoerder":"PosteItaliane","puntType":"postkantoor","bezettingsgraad":50,"latitude":45.10344572,"longitude":7.63088824,"canPickup":true,"canDropoff":true,"openingstijden":{"za":"08:20 - 12:35","zo":"gesloten","ma":"08:20 - 13:35","di":"08:20 - 13:35","wo":"08:20 - 13:35","do":"08:20 - 13:35","vr":"08:20 - 13:35"}}},{"type":"Feature","geometry":{"type":"Point","coordinates":[7.60984334,45.07049715]},"properties":{"type":"pakketpunt","locatieNaam":"Torino 44","straatNaam":"Via Adamello","straatNr":"85","vervoerder":"PosteItaliane","puntType":"postkantoor","bezettingsgraad":50,"latitude":45.07049715,"longitude":7.60984334,"canPickup":true,"canDropoff":true,"openingstijden":{"za":"08:20 - 12:35","zo":"gesloten","ma":"08:20 - 13:35","di":"08:20 - 13:35","wo":"08:20 - 13:35","do":"08:20 - 13:35","vr":"08:20 - 13:35"}}},{"type":"Feature","geometry":{"type":"Point","coordinates":[7.69912922,45.09801422]},"properties":{"type":"pakketpunt","locatieNaam":"Torino 71","straatNaam":"Via Nicola Porpora","straatNr":"51","vervoerder":"PosteItaliane","puntType":"postkantoor","bezettingsgraad":50,"latitude":45.09801422,"longitude":7.69912922,"canPickup":true,"canDropoff":true,"openingstijden":{"za":"08:20 - 12:35","zo":"gesloten","ma":"08:20 - 13:35","di":"08:20 - 13:35","wo":"08:20 - 13:35","do":"08:20 - 13:35","vr":"08:20 - 13:35"}}},{"type":"Feature","geometry":{"type":"Point","coordinates":[7.68758261,45.02901651]},"properties":{"type":"pakketpunt","locatieNaam":"Torino 54","straatNaam":"Via Alla Parrocchia","straatNr":"3/a","vervoerder":"PosteItaliane","puntType":"postkantoor","bezettingsgraad":50,"latitude":45.02901651,"longitude":7.68758261,"canPickup":true,"canDropoff":true,"openingstijden":{"ma":"gesloten","di":"gesloten","wo":"gesloten","do":"gesloten","vr":"gesloten","za":"gesloten","zo":"gesloten"}}},{"type":"Feature","geometry":{"type":"Point","coordinates":[7.71234702,45.09148584]},"properties":{"type":"pakketpunt","locatieNaam":"Torino 32","straatNaam":"Via Gottardo","straatNr":"275","vervoerder":"PosteItaliane","puntType":"postkantoor","bezettingsgraad":50,"latitude":45.09148584,"longitude":7.71234702,"canPickup":true,"canDropoff":true,"openingstijden":{"za":"08:20 - 12:35","zo":"gesloten","ma":"08:20 - 13:35","di":"08:20 - 13:35","wo":"08:20 - 13:35","do":"08:20 - 13:35","vr":"08:20 - 13:35"}}},{"type":"Feature","geometry":{"type":"Point","coordinates":[7.68007779,45.06791074]},"properties":{"type":"pakketpunt","locatieNaam":"Torino Centro","straatNaam":"Via Vittorio Alfieri","straatNr":"10","vervoerder":"PosteItaliane","puntType":"postkantoor","bezettingsgraad":50,"latitude":45.06791074,"longitude":7.68007779,"canPickup":true,"canDropoff":true,"openingstijden":{"za":"08:20 - 12:35","zo":"gesloten","ma":"08:20 - 19:05","di":"08:20 - 19:05","wo":"08:20 - 19:05","do":"08:20 - 19:05","vr":"08:20 - 19:05"}}},{"type":"Feature","geometry":{"type":"Point","coordinates":[7.66773561,45.07150991]},"properties":{"type":"pakketpunt","locatieNaam":"Torino 13","straatNaam":"Via Francesco Giuseppe Guicciardini","straatNr":"28","vervoerder":"PosteItaliane","puntType":"postkantoor","bezettingsgraad":50,"latitude":45.07150991,"longitude":7.66773561,"canPickup":true,"canDropoff":true,"openingstijden":{"ma":"gesloten","di":"gesloten","wo":"gesloten","do":"gesloten","vr":"gesloten","za":"gesloten","zo":"gesloten"}}},{"type":"Feature","geometry":{"type":"Point","coordinates":[7.6768575,45.07570846]},"properties":{"type":"pakketpunt","locatieNaam":"Torino 28","straatNaam":"Via Bligny","straatNr":"8","vervoerder":"PosteItaliane","puntType":"postkantoor","bezettingsgraad":50,"latitude":45.07570846,"longitude":7.6768575,"canPickup":true,"canDropoff":true,"openingstijden":{"za":"08:20 - 12:35","zo":"gesloten","ma":"08:20 - 19:05","di":"08:20 - 19:05","wo":"08:20 - 19:05","do":"08:20 - 19:05","vr":"08:20 - 19:05"}}},{"type":"Feature","geometry":{"type":"Point","coordinates":[7.70038418,45.07017489]},"properties":{"type":"pakketpunt","locatieNaam":"Torino 10","straatNaam":"Piazza Santa Giulia","straatNr":"12","vervoerder":"PosteItaliane","puntType":"postkantoor","bezettingsgraad":50,"latitude":45.07017489,"longitude":7.70038418,"canPickup":true,"canDropoff":true,"openingstijden":{"za":"08:20 - 12:35","zo":"gesloten","ma":"08:20 - 13:35","di":"08:20 - 13:35","wo":"08:20 - 13:35","do":"08:20 - 13:35","vr":"08:20 - 13:35"}}},{"type":"Feature","geometry":{"type":"Point","coordinates":[7.65949688,45.08494614]},"properties":{"type":"pakketpunt","locatieNaam":"Torino 29","straatNaam":"Corso Regina Margherita","straatNr":"264/e","vervoerder":"PosteItaliane","puntType":"postkantoor","bezettingsgraad":50,"latitude":45.08494614,"longitude":7.65949688,"canPickup":true,"canDropoff":true,"openingstijden":{"za":"08:20 - 12:35","zo":"gesloten","ma":"08:20 - 13:35","di":"08:20 - 13:35","wo":"08:20 - 13:35","do":"08:20 - 13:35","vr":"08:20 - 13:35"}}},{"type":"Feature","geometry":{"type":"Point","coordinates":[7.69411571,45.05850453]},"properties":{"type":"pakketpunt","locatieNaam":"Torino 8","straatNaam":"Corso Moncalieri","straatNr":"19","vervoerder":"PosteItaliane","puntType":"postkantoor","bezettingsgraad":50,"latitude":45.05850453,"longitude":7.69411571,"canPickup":true,"canDropoff":true,"openingstijden":{"za":"08:20 - 12:35","zo":"gesloten","ma":"08:20 - 13:35","di":"08:20 - 13:35","wo":"08:20 - 13:35","do":"08:20 - 13:35","vr":"08:20 - 13:35"}}},{"type":"Feature","geometry":{"type":"Point","coordinates":[7.62341595,45.02147967]},"properties":{"type":"pakketpunt","locatieNaam":"Torino 68","straatNaam":"Via Pomaretto","straatNr":"4/b","vervoerder":"PosteItaliane","puntType":"postkantoor","bezettingsgraad":50,"latitude":45.02147967,"longitude":7.62341595,"canPickup":true,"canDropoff":true,"openingstijden":{"za":"08:20 - 12:35","zo":"gesloten","ma":"08:20 - 13:35","di":"08:20 - 13:35","wo":"08:20 - 13:35","do":"08:20 - 13:35","vr":"08:20 - 13:35"}}},{"type":"Feature","geometry":{"type":"Point","coordinates":[7.66672235,45.10183552]},"properties":{"type":"pakketpunt","locatieNaam":"Torino 31","straatNaam":"Via Stradella","straatNr":"197","vervoerder":"PosteItaliane","puntType":"postkantoor","bezettingsgraad":50,"latitude":45.10183552,"longitude":7.66672235,"canPickup":true,"canDropoff":true,"openingstijden":{"za":"08:20 - 12:35","zo":"gesloten","ma":"08:20 - 13:35","di":"08:20 - 13:35","wo":"08:20 - 13:35","do":"08:20 - 13:35","vr":"08:20 - 13:35"}}},{"type":"Feature","geometry":{"type":"Point","coordinates":[7.62675222,45.0146552]},"properties":{"type":"pakketpunt","locatieNaam":"Torino 47","straatNaam":"Corso Unione Sovietica","straatNr":"581","vervoerder":"PosteItaliane","puntType":"postkantoor","bezettingsgraad":50,"latitude":45.0146552,"longitude":7.62675222,"canPickup":true,"canDropoff":true,"openingstijden":{"za":"08:20 - 12:35","zo":"gesloten","ma":"08:20 - 13:35","di":"08:20 - 13:35","wo":"08:20 - 13:35","do":"08:20 - 13:35","vr":"08:20 - 13:35"}}},{"type":"Feature","geometry":{"type":"Point","coordinates":[7.64295886,45.02308879]},"properties":{"type":"pakketpunt","locatieNaam":"Torino 62","straatNaam":"Via Pietro Francesco Guala","straatNr":"115/c","vervoerder":"PosteItaliane","puntType":"postkantoor","bezettingsgraad":50,"latitude":45.02308879,"longitude":7.64295886,"canPickup":true,"canDropoff":true,"openingstijden":{"za":"08:20 - 12:35","zo":"gesloten","ma":"08:20 - 13:35","di":"08:20 - 13:35","wo":"08:20 - 13:35","do":"08:20 - 13:35","vr":"08:20 - 13:35"}}},{"type":"Feature","geometry":{"type":"Point","coordinates":[7.67000799,45.0671606]},"properties":{"type":"pakketpunt","locatieNaam":"Torino 15","straatNaam":"Via San Quintino","straatNr":"35/f","vervoerder":"PosteItaliane","puntType":"postkantoor","bezettingsgraad":50,"latitude":45.0671606,"longitude":7.67000799,"canPickup":true,"canDropoff":true,"openingstijden":{"za":"08:20 - 12:35","zo":"gesloten","ma":"08:20 - 13:35","di":"08:20 - 13:35","wo":"08:20 - 13:35","do":"08:20 - 13:35","vr":"08:20 - 13:35"}}},{"type":"Feature","geometry":{"type":"Point","coordinates":[7.65939212,45.10976922]},"properties":{"type":"pakketpunt","locatieNaam":"Torino 57","straatNaam":"Via Venaria","straatNr":"69","vervoerder":"PosteItaliane","puntType":"postkantoor","bezettingsgraad":50,"latitude":45.10976922,"longitude":7.65939212,"canPickup":true,"canDropoff":true,"openingstijden":{"za":"08:20 - 12:35","zo":"gesloten","ma":"08:20 - 13:35","di":"08:20 - 13:35","wo":"08:20 - 13:35","do":"08:20 - 13:35","vr":"08:20 - 13:35"}}},{"type":"Feature","geometry":{"type":"Point","coordinates":[7.71189293,45.0711353]},"properties":{"type":"pakketpunt","locatieNaam":"Torino 16","straatNaam":"Via Lessolo","straatNr":"19","vervoerder":"PosteItaliane","puntType":"postkantoor","bezettingsgraad":50,"latitude":45.0711353,"longitude":7.71189293,"canPickup":true,"canDropoff":true,"openingstijden":{"za":"08:20 - 12:35","zo":"gesloten","ma":"08:20 - 19:05","di":"08:20 - 19:05","wo":"08:20 - 19:05","do":"08:20 - 19:05","vr":"08:20 - 19:05"}}},{"type":"Feature","geometry":{"type":"Point","coordinates":[7.67576603,45.09529125]},"properties":{"type":"pakketpunt","locatieNaam":"Tabaccheria N. 237","straatNaam":"Via Michele Antonio Vibo'","straatNr":"45/d","vervoerder":"PosteItaliane","puntType":"servicepunt","bezettingsgraad":50,"latitude":45.09529125,"longitude":7.67576603,"canPickup":true,"canDropoff":true,"openingstijden":{"za":"08:00 - 19:00","zo":"gesloten","ma":"08:00 - 13:00, 14:30 - 19:00","di":"08:00 - 13:00, 14:30 - 19:00","wo":"08:00 - 13:00, 14:30 - 19:00","do":"08:00 - 13:00, 14:30 - 19:00","vr":"08:00 - 13:00, 14:30 - 19:00"}}},{"type":"Feature","geometry":{"type":"Point","coordinates":[7.66922507,45.08728266]},"properties":{"type":"pakketpunt","locatieNaam":"Tabaccheria N. 539","straatNaam":"Via Livorno","straatNr":"49","vervoerder":"PosteItaliane","puntType":"servicepunt","bezettingsgraad":50,"latitude":45.08728266,"longitude":7.66922507,"canPickup":true,"canDropoff":true,"openingstijden":{"za":"09:00 - 21:00","zo":"09:00 - 21:00","ma":"09:00 - 20:00","di":"09:00 - 21:00","wo":"09:00 - 21:00","do":"09:00 - 21:00","vr":"09:00 - 21:00"}}},{"type":"Feature","geometry":{"type":"Point","coordinates":[7.681068,45.03693681]},"properties":{"type":"pakketpunt","locatieNaam":"Tabaccheria N. 105","straatNaam":"Corso Moncalieri","straatNr":"256","vervoerder":"PosteItaliane","puntType":"servicepunt","bezettingsgraad":50,"latitude":45.03693681,"longitude":7.681068,"canPickup":true,"canDropoff":true,"openingstijden":{"za":"06:00 - 20:30","zo":"08:00 - 20:00","ma":"06:00 - 20:30","di":"06:00 - 20:30","wo":"06:00 - 20:30","do":"06:00 - 20:30","vr":"06:00 - 20:30"}}},{"type":"Feature","geometry":{"type":"Point","coordinates":[7.6471418,45.06209904]},"properties":{"type":"pakketpunt","locatieNaam":"Tabaccheria N. 136","straatNaam":"Via Dante Di Nanni","straatNr":"122","vervoerder":"PosteItaliane","puntType":"servicepunt","bezettingsgraad":50,"latitude":45.06209904,"longitude":7.6471418,"canPickup":true,"canDropoff":true,"openingstijden":{"za":"07:00 - 13:00, 15:00 - 19:30","zo":"gesloten","ma":"07:00 - 13:00, 15:00 - 19:30","di":"07:00 - 13:00, 15:00 - 19:30","wo":"07:00 - 13:00, 15:00 - 19:30","do":"07:00 - 13:00, 15:00 - 19:30","vr":"07:00 - 13:00, 15:00 - 19:30"}}},{"type":"Feature","geometry":{"type":"Point","coordinates":[7.65482,45.0173]},"properties":{"type":"pakketpunt","locatieNaam":"Tabaccheria N. 346","straatNaam":"Via Onorato Vigliani","straatNr":"184/c","vervoerder":"PosteItaliane","puntType":"servicepunt","bezettingsgraad":50,"latitude":45.0173,"longitude":7.65482,"canPickup":true,"canDropoff":true,"openingstijden":{"za":"07:30 - 19:30","zo":"gesloten","ma":"07:30 - 19:30","di":"07:30 - 19:30","wo":"07:30 - 19:30","do":"07:30 - 19:30","vr":"07:30 - 19:30"}}},{"type":"Feature","geometry":{"type":"Point","coordinates":[7.67857464,45.05176893]},"properties":{"type":"pakketpunt","locatieNaam":"Carrefour V. Madama Cristina","straatNaam":"Via Madama Cristina","straatNr":"66","vervoerder":"PosteItaliane","puntType":"servicepunt","bezettingsgraad":50,"latitude":45.05176893,"longitude":7.67857464,"canPickup":true,"canDropoff":true,"openingstijden":{"za":"08:00 - 19:00","zo":"08:00 - 19:00","ma":"08:00 - 19:00","di":"08:00 - 19:00","wo":"08:00 - 19:00","do":"08:00 - 19:00","vr":"08:00 - 19:00"}}},{"type":"Feature","geometry":{"type":"Point","coordinates":[7.65920236,45.10066568]},"properties":{"type":"pakketpunt","locatieNaam":"Tabaccheria N. 225","straatNaam":"Via Foligno","straatNr":"99/c","vervoerder":"PosteItaliane","puntType":"servicepunt","bezettingsgraad":50,"latitude":45.10066568,"longitude":7.65920236,"canPickup":true,"canDropoff":true,"openingstijden":{"za":"09:30 - 19:00","zo":"09:30 - 12:00","ma":"08:30 - 19:00","di":"08:30 - 19:00","wo":"08:30 - 19:00","do":"08:30 - 19:00","vr":"08:30 - 19:00"}}},{"type":"Feature","geometry":{"type":"Point","coordinates":[7.69335819,45.09183333]},"properties":{"type":"pakketpunt","locatieNaam":"Tabaccheria N. 175","straatNaam":"Largo Giulio Cesare","straatNr":"107/f","vervoerder":"PosteItaliane","puntType":"servicepunt","bezettingsgraad":50,"latitude":45.09183333,"longitude":7.69335819,"canPickup":true,"canDropoff":true,"openingstijden":{"za":"07:30 - 13:00, 14:30 - 19:30","zo":"gesloten","ma":"07:30 - 13:00, 14:30 - 19:30","di":"07:30 - 13:00, 14:30 - 19:30","wo":"07:30 - 13:00, 14:30 - 19:30","do":"07:30 - 13:00, 14:30 - 19:30","vr":"07:30 - 13:00, 14:30 - 19:30"}}},{"type":"Feature","geometry":{"type":"Point","coordinates":[7.62764648,45.07105207]},"properties":{"type":"pakketpunt","locatieNaam":"Ufficio Postale 35","straatNaam":"Via Luigi Ferdinando Marsigli","straatNr":"22","vervoerder":"PosteItaliane","puntType":"automaat","bezettingsgraad":50,"latitude":45.07105207,"longitude":7.62764648,"canPickup":true,"canDropoff":true,"openingstijden":{"za":"08:20 - 12:35","zo":"gesloten","ma":"08:20 - 19:05","di":"08:20 - 19:05","wo":"08:20 - 19:05","do":"08:20 - 19:05","vr":"08:20 - 19:05"}}},{"type":"Feature","geometry":{"type":"Point","coordinates":[7.68007779,45.06791074]},"properties":{"type":"pakketpunt","locatieNaam":"Torino Centro","straatNaam":"Via Vittorio Alfieri","straatNr":"10","vervoerder":"PosteItaliane","puntType":"automaat","bezettingsgraad":50,"latitude":45.06791074,"longitude":7.68007779,"canPickup":true,"canDropoff":true,"openingstijden":{"za":"08:20 - 12:35","zo":"gesloten","ma":"08:20 - 19:05","di":"08:20 - 19:05","wo":"08:20 - 19:05","do":"08:20 - 19:05","vr":"08:20 - 19:05"}}},{"type":"Feature","geometry":{"type":"Point","coordinates":[7.65304775,45.0539174]},"properties":{"type":"pakketpunt","locatieNaam":"Carrefour Rosselli","straatNaam":"Corso Carlo E Nello Rosselli","straatNr":"110","vervoerder":"PosteItaliane","puntType":"servicepunt","bezettingsgraad":50,"latitude":45.0539174,"longitude":7.65304775,"canPickup":true,"canDropoff":true,"openingstijden":{"za":"08:00 - 20:00","zo":"gesloten","ma":"08:00 - 20:00","di":"08:00 - 20:00","wo":"08:00 - 20:00","do":"08:00 - 20:00","vr":"08:00 - 20:00"}}},{"type":"Feature","geometry":{"type":"Point","coordinates":[7.66674838,45.0913309]},"properties":{"type":"pakketpunt","locatieNaam":"Centro Commerciale Officine S","straatNaam":"Corso Mortara","straatNr":"24","vervoerder":"PosteItaliane","puntType":"automaat","bezettingsgraad":50,"latitude":45.0913309,"longitude":7.66674838,"canPickup":true,"canDropoff":true,"openingstijden":{"za":"10:00 - 20:00","zo":"10:00 - 20:00","ma":"10:00 - 20:00","di":"10:00 - 20:00","wo":"10:00 - 20:00","do":"10:00 - 20:00","vr":"10:00 - 20:00"}}},{"type":"Feature","geometry":{"type":"Point","coordinates":[7.70161153,45.10369376]},"properties":{"type":"pakketpunt","locatieNaam":"Stazione Di Servizio Esso","straatNaam":"Corso Giulio Cesare","straatNr":"264/a","vervoerder":"PosteItaliane","puntType":"automaat","bezettingsgraad":50,"latitude":45.10369376,"longitude":7.70161153,"canPickup":true,"canDropoff":true,"openingstijden":{"za":"00:01 - 23:59","zo":"00:01 - 23:59","ma":"00:01 - 23:59","di":"00:01 - 23:59","wo":"00:01 - 23:59","do":"00:01 - 23:59","vr":"00:01 - 23:59"}}},{"type":"Feature","geometry":{"type":"Point","coordinates":[7.700059,45.0874524]},"properties":{"type":"pakketpunt","locatieNaam":"Tabaccheria Ponchielli","straatNaam":"Via Amilcare Ponchielli","straatNr":"16/z","vervoerder":"PosteItaliane","puntType":"automaat","bezettingsgraad":50,"latitude":45.0874524,"longitude":7.700059,"canPickup":true,"canDropoff":true,"openingstijden":{"za":"00:01 - 23:59","zo":"00:01 - 23:59","ma":"00:01 - 23:59","di":"00:01 - 23:59","wo":"00:01 - 23:59","do":"00:01 - 23:59","vr":"00:01 - 23:59"}}},{"type":"Feature","geometry":{"type":"Point","coordinates":[7.62077583,45.05066226]},"properties":{"type":"pakketpunt","locatieNaam":"Stazione Di Servizio Esso","straatNaam":"Corso Canonico Giuseppe Allamano","straatNr":"95/a","vervoerder":"PosteItaliane","puntType":"automaat","bezettingsgraad":50,"latitude":45.05066226,"longitude":7.62077583,"canPickup":true,"canDropoff":true,"openingstijden":{"za":"00:01 - 23:59","zo":"00:01 - 23:59","ma":"00:01 - 23:59","di":"00:01 - 23:59","wo":"00:01 - 23:59","do":"00:01 - 23:59","vr":"00:01 - 23:59"}}},{"type":"Feature","geometry":{"type":"Point","coordinates":[7.71355814,45.11806987]},"properties":{"type":"pakketpunt","locatieNaam":"Centro Commerciale Porte Di Torino","straatNaam":"Corso Romania","straatNr":"460","vervoerder":"PosteItaliane","puntType":"automaat","bezettingsgraad":50,"latitude":45.11806987,"longitude":7.71355814,"canPickup":true,"canDropoff":true,"openingstijden":{"za":"00:01 - 23:59","zo":"00:01 - 23:59","ma":"00:01 - 23:59","di":"00:01 - 23:59","wo":"00:01 - 23:59","do":"00:01 - 23:59","vr":"00:01 - 23:59"}}},{"type":"Feature","geometry":{"type":"Point","coordinates":[7.63698942,45.09931766]},"properties":{"type":"pakketpunt","locatieNaam":"Stazione Di Servizio Tamoil","straatNaam":"Via Andrea Sansovino","straatNr":"44/a","vervoerder":"PosteItaliane","puntType":"automaat","bezettingsgraad":50,"latitude":45.09931766,"longitude":7.63698942,"canPickup":true,"canDropoff":true,"openingstijden":{"za":"00:01 - 23:59","zo":"00:01 - 23:59","ma":"00:01 - 23:59","di":"00:01 - 23:59","wo":"00:01 - 23:59","do":"00:01 - 23:59","vr":"00:01 - 23:59"}}},{"type":"Feature","geometry":{"type":"Point","coordinates":[7.64409864,45.06454152]},"properties":{"type":"pakketpunt","locatieNaam":"Multiservizi Luvijoy","straatNaam":"Via Monginevro","straatNr":"68/bis","vervoerder":"PosteItaliane","puntType":"automaat","bezettingsgraad":50,"latitude":45.06454152,"longitude":7.64409864,"canPickup":true,"canDropoff":true,"openingstijden":{"za":"09:00 - 13:00","zo":"gesloten","ma":"09:00 - 13:00","di":"09:00 - 13:00","wo":"09:00 - 13:00","do":"09:00 - 13:00","vr":"09:00 - 13:00"}}},{"type":"Feature","geometry":{"type":"Point","coordinates":[7.6557573,45.11083745]},"properties":{"type":"pakketpunt","locatieNaam":"Tabaccheria - Via Sansovino","straatNaam":"Via Andrea Sansovino","straatNr":"270","vervoerder":"PosteItaliane","puntType":"servicepunt","bezettingsgraad":50,"latitude":45.11083745,"longitude":7.6557573,"canPickup":true,"canDropoff":true,"openingstijden":{"za":"06:30 - 19:30","zo":"08:30 - 12:30","ma":"06:30 - 19:30","di":"06:30 - 19:30","wo":"06:30 - 19:30","do":"06:30 - 19:30","vr":"06:30 - 19:30"}}},{"type":"Feature","geometry":{"type":"Point","coordinates":[7.62418838,45.06766826]},"properties":{"type":"pakketpunt","locatieNaam":"Tlab Torino Bar Tabaccheria","straatNaam":"Corso Filippo Brunelleschi","straatNr":"84/a","vervoerder":"PosteItaliane","puntType":"automaat","bezettingsgraad":50,"latitude":45.06766826,"longitude":7.62418838,"canPickup":true,"canDropoff":true,"openingstijden":{"za":"06:30 - 20:00","zo":"gesloten","ma":"06:30 - 20:00","di":"06:30 - 20:00","wo":"06:30 - 20:00","do":"06:30 - 20:00","vr":"06:30 - 20:00"}}},{"type":"Feature","geometry":{"type":"Point","coordinates":[7.64479496,45.0236274]},"properties":{"type":"pakketpunt","locatieNaam":"Stazione Di Servizio C.p.p.","straatNaam":"Corso Traiano","straatNr":"62","vervoerder":"PosteItaliane","puntType":"automaat","bezettingsgraad":50,"latitude":45.0236274,"longitude":7.64479496,"canPickup":true,"canDropoff":true,"openingstijden":{"za":"00:01 - 23:59","zo":"00:01 - 23:59","ma":"00:01 - 23:59","di":"00:01 - 23:59","wo":"00:01 - 23:59","do":"00:01 - 23:59","vr":"00:01 - 23:59"}}},{"type":"Feature","geometry":{"type":"Point","coordinates":[7.68928673,45.09569505]},"properties":{"type":"pakketpunt","locatieNaam":"Mercatino Dell'usato","straatNaam":"Via Ceresole","straatNr":"27","vervoerder":"PosteItaliane","puntType":"automaat","bezettingsgraad":50,"latitude":45.09569505,"longitude":7.68928673,"canPickup":true,"canDropoff":true,"openingstijden":{"za":"10:00 - 19:00","zo":"gesloten","ma":"10:00 - 12:30","di":"10:00 - 12:30","wo":"10:00 - 12:30","do":"10:00 - 12:30","vr":"10:00 - 12:30"}}},{"type":"Feature","geometry":{"type":"Point","coordinates":[7.63860114,45.06450224]},"properties":{"type":"pakketpunt","locatieNaam":"Tabaccheria N. 261","straatNaam":"Via Monginevro","straatNr":"115","vervoerder":"PosteItaliane","puntType":"servicepunt","bezettingsgraad":50,"latitude":45.06450224,"longitude":7.63860114,"canPickup":true,"canDropoff":true,"openingstijden":{"za":"07:00 - 20:00","zo":"07:00 - 20:00","ma":"07:00 - 20:00","di":"07:00 - 20:00","wo":"07:00 - 20:00","do":"07:00 - 20:00","vr":"07:00 - 20:00"}}},{"type":"Feature","geometry":{"type":"Point","coordinates":[7.65301699,45.09270133]},"properties":{"type":"pakketpunt","locatieNaam":"Tabaccheria N. 164","straatNaam":"Via Pianezza","straatNr":"64","vervoerder":"PosteItaliane","puntType":"servicepunt","bezettingsgraad":50,"latitude":45.09270133,"longitude":7.65301699,"canPickup":true,"canDropoff":true,"openingstijden":{"za":"08:00 - 19:30","zo":"gesloten","ma":"08:00 - 19:30","di":"08:00 - 19:30","wo":"08:00 - 19:30","do":"08:00 - 19:30","vr":"08:00 - 19:30"}}},{"type":"Feature","geometry":{"type":"Point","coordinates":[7.65677924,45.02661418]},"properties":{"type":"pakketpunt","locatieNaam":"Tabaccheria N. 390","straatNaam":"Via Mario Pannunzio","straatNr":"1","vervoerder":"PosteItaliane","puntType":"servicepunt","bezettingsgraad":50,"latitude":45.02661418,"longitude":7.65677924,"canPickup":true,"canDropoff":true,"openingstijden":{"za":"05:00 - 19:30","zo":"05:30 - 18:30","ma":"05:00 - 19:30","di":"05:00 - 19:30","wo":"05:00 - 19:30","do":"05:00 - 19:30","vr":"05:00 - 19:30"}}},{"type":"Feature","geometry":{"type":"Point","coordinates":[7.60835819,45.02073813]},"properties":{"type":"pakketpunt","locatieNaam":"Tabaccheria N. 467","straatNaam":"Via Giovanni Roveda","straatNr":"17/e","vervoerder":"PosteItaliane","puntType":"servicepunt","bezettingsgraad":50,"latitude":45.02073813,"longitude":7.60835819,"canPickup":true,"canDropoff":true,"openingstijden":{"za":"07:30 - 13:00, 15:00 - 19:00","zo":"gesloten","ma":"07:30 - 13:00, 15:00 - 19:00","di":"07:30 - 13:00, 15:00 - 19:00","wo":"07:30 - 13:00, 15:00 - 19:00","do":"07:30 - 13:00, 15:00 - 19:00","vr":"07:30 - 13:00, 15:00 - 19:00"}}},{"type":"Feature","geometry":{"type":"Point","coordinates":[7.64743931,45.0586072]},"properties":{"type":"pakketpunt","locatieNaam":"Autolavaggio M.c. Wash","straatNaam":"Via Malta","straatNr":"39","vervoerder":"PosteItaliane","puntType":"automaat","bezettingsgraad":50,"latitude":45.0586072,"longitude":7.64743931,"canPickup":true,"canDropoff":true,"openingstijden":{"za":"07:00 - 22:00","zo":"07:00 - 22:00","ma":"07:00 - 22:00","di":"07:00 - 22:00","wo":"07:00 - 22:00","do":"07:00 - 22:00","vr":"07:00 - 22:00"}}},{"type":"Feature","geometry":{"type":"Point","coordinates":[7.75196866,45.10267732]},"properties":{"type":"pakketpunt","locatieNaam":"Autolavaggio Mc Wash","straatNaam":"Strada San Mauro","straatNr":"240","vervoerder":"PosteItaliane","puntType":"automaat","bezettingsgraad":50,"latitude":45.10267732,"longitude":7.75196866,"canPickup":true,"canDropoff":true,"openingstijden":{"za":"00:01 - 23:59","zo":"00:01 - 23:59","ma":"00:01 - 23:59","di":"00:01 - 23:59","wo":"00:01 - 23:59","do":"00:01 - 23:59","vr":"00:01 - 23:59"}}},{"type":"Feature","geometry":{"type":"Point","coordinates":[7.72428285,45.07378176]},"properties":{"type":"pakketpunt","locatieNaam":"Tabaccheria N. 416","straatNaam":"Corso Cadore","straatNr":"38","vervoerder":"PosteItaliane","puntType":"servicepunt","bezettingsgraad":50,"latitude":45.07378176,"longitude":7.72428285,"canPickup":true,"canDropoff":true,"openingstijden":{"za":"07:30 - 13:00, 15:00 - 19:20","zo":"gesloten","ma":"07:30 - 13:00, 15:00 - 19:20","di":"07:30 - 13:00, 15:00 - 19:20","wo":"07:30 - 13:00, 15:00 - 19:20","do":"07:30 - 13:00, 15:00 - 19:20","vr":"07:30 - 13:00, 15:00 - 19:20"}}},{"type":"Feature","geometry":{"type":"Point","coordinates":[7.70644647,45.10022917]},"properties":{"type":"pakketpunt","locatieNaam":"Stazione Di Servizio Eni","straatNaam":"Via Sandro Botticelli","straatNr":"62/a","vervoerder":"PosteItaliane","puntType":"automaat","bezettingsgraad":50,"latitude":45.10022917,"longitude":7.70644647,"canPickup":true,"canDropoff":true,"openingstijden":{"za":"00:01 - 23:59","zo":"00:01 - 23:59","ma":"00:01 - 23:59","di":"00:01 - 23:59","wo":"00:01 - 23:59","do":"00:01 - 23:59","vr":"00:01 - 23:59"}}},{"type":"Feature","geometry":{"type":"Point","coordinates":[7.64760659,45.03349106]},"properties":{"type":"pakketpunt","locatieNaam":"Stefano Ravarino","straatNaam":"Corso Unione Sovietica","straatNr":"243/a","vervoerder":"PosteItaliane","puntType":"automaat","bezettingsgraad":50,"latitude":45.03349106,"longitude":7.64760659,"canPickup":true,"canDropoff":true,"openingstijden":{"za":"00:01 - 23:59","zo":"00:01 - 23:59","ma":"00:01 - 23:59","di":"00:01 - 23:59","wo":"00:01 - 23:59","do":"00:01 - 23:59","vr":"00:01 - 23:59"}}},{"type":"Feature","geometry":{"type":"Point","coordinates":[7.63490161,45.0523562]},"properties":{"type":"pakketpunt","locatieNaam":"Concessionario Car 4 World","straatNaam":"Corso Siracusa","straatNr":"33/d","vervoerder":"PosteItaliane","puntType":"automaat","bezettingsgraad":50,"latitude":45.0523562,"longitude":7.63490161,"canPickup":true,"canDropoff":true,"openingstijden":{"za":"09:00 - 12:30","zo":"gesloten","ma":"09:00 - 12:30","di":"09:00 - 12:30","wo":"09:00 - 12:30","do":"09:00 - 12:30","vr":"09:00 - 12:30"}}},{"type":"Feature","geometry":{"type":"Point","coordinates":[7.64539773,45.11065415]},"properties":{"type":"pakketpunt","locatieNaam":"Stazione Di Servizio Eni","straatNaam":"Strada Di Altessano","straatNr":"158","vervoerder":"PosteItaliane","puntType":"automaat","bezettingsgraad":50,"latitude":45.11065415,"longitude":7.64539773,"canPickup":true,"canDropoff":true,"openingstijden":{"za":"00:01 - 23:59","zo":"00:01 - 23:59","ma":"00:01 - 23:59","di":"00:01 - 23:59","wo":"00:01 - 23:59","do":"00:01 - 23:59","vr":"00:01 - 23:59"}}},{"type":"Feature","geometry":{"type":"Point","coordinates":[7.6459653,45.08327458]},"properties":{"type":"pakketpunt","locatieNaam":"Stazione Di Servizio Eni","straatNaam":"Via Michele Lessona","straatNr":"36/a","vervoerder":"PosteItaliane","puntType":"automaat","bezettingsgraad":50,"latitude":45.08327458,"longitude":7.6459653,"canPickup":true,"canDropoff":true,"openingstijden":{"za":"00:01 - 23:59","zo":"00:01 - 23:59","ma":"00:01 - 23:59","di":"00:01 - 23:59","wo":"00:01 - 23:59","do":"00:01 - 23:59","vr":"00:01 - 23:59"}}},{"type":"Feature","geometry":{"type":"Point","coordinates":[7.63269315,45.03911681]},"properties":{"type":"pakketpunt","locatieNaam":"Stazione Di Servizio Eni","straatNaam":"Corso Orbassano","straatNr":"269","vervoerder":"PosteItaliane","puntType":"automaat","bezettingsgraad":50,"latitude":45.03911681,"longitude":7.63269315,"canPickup":true,"canDropoff":true,"openingstijden":{"za":"00:01 - 23:59","zo":"00:01 - 23:59","ma":"00:01 - 23:59","di":"00:01 - 23:59","wo":"00:01 - 23:59","do":"00:01 - 23:59","vr":"00:01 - 23:59"}}},{"type":"Feature","geometry":{"type":"Point","coordinates":[7.6721335,45.04780398]},"properties":{"type":"pakketpunt","locatieNaam":"Svapodante","straatNaam":"Corso Dante","straatNr":"47","vervoerder":"PosteItaliane","puntType":"automaat","bezettingsgraad":50,"latitude":45.04780398,"longitude":7.6721335,"canPickup":true,"canDropoff":true,"openingstijden":{"za":"09:00 - 13:00","zo":"gesloten","ma":"09:00 - 19:30","di":"09:00 - 19:30","wo":"09:00 - 19:30","do":"09:00 - 19:30","vr":"09:00 - 19:30"}}},{"type":"Feature","geometry":{"type":"Point","coordinates":[7.69712,45.06539]},"properties":{"type":"pakketpunt","locatieNaam":"Tabaccheria N. 53","straatNaam":"Via Eusebio Bava","straatNr":"4/c","vervoerder":"PosteItaliane","puntType":"servicepunt","bezettingsgraad":50,"latitude":45.06539,"longitude":7.69712,"canPickup":true,"canDropoff":true,"openingstijden":{"za":"09:30 - 14:00","zo":"gesloten","ma":"09:00 - 13:15, 16:30 - 19:00","di":"09:00 - 13:15, 16:30 - 19:00","wo":"09:00 - 13:15, 16:30 - 19:00","do":"09:00 - 13:15, 16:30 - 19:00","vr":"09:00 - 13:15, 16:30 - 19:00"}}},{"type":"Feature","geometry":{"type":"Point","coordinates":[7.63622744,45.08357189]},"properties":{"type":"pakketpunt","locatieNaam":"Stazione Di Servizio Eni","straatNaam":"Via Giovanni Servais","straatNr":"32","vervoerder":"PosteItaliane","puntType":"automaat","bezettingsgraad":50,"latitude":45.08357189,"longitude":7.63622744,"canPickup":true,"canDropoff":true,"openingstijden":{"za":"00:01 - 23:59","zo":"00:01 - 23:59","ma":"00:01 - 23:59","di":"00:01 - 23:59","wo":"00:01 - 23:59","do":"00:01 - 23:59","vr":"00:01 - 23:59"}}},{"type":"Feature","geometry":{"type":"Point","coordinates":[7.7206807,45.10350518]},"properties":{"type":"pakketpunt","locatieNaam":"Stazione Di Servizio Ip","straatNaam":"Lungostura Lazio","straatNr":"101/d","vervoerder":"PosteItaliane","puntType":"automaat","bezettingsgraad":50,"latitude":45.10350518,"longitude":7.7206807,"canPickup":true,"canDropoff":true,"openingstijden":{"za":"00:01 - 23:59","zo":"00:01 - 23:59","ma":"00:01 - 23:59","di":"00:01 - 23:59","wo":"00:01 - 23:59","do":"00:01 - 23:59","vr":"00:01 - 23:59"}}},{"type":"Feature","geometry":{"type":"Point","coordinates":[7.72962002,45.11134268]},"properties":{"type":"pakketpunt","locatieNaam":"Stazione Di Servizio Ip","straatNaam":"Strada Di Settimo","straatNr":"210","vervoerder":"PosteItaliane","puntType":"automaat","bezettingsgraad":50,"latitude":45.11134268,"longitude":7.72962002,"canPickup":true,"canDropoff":true,"openingstijden":{"za":"00:01 - 23:59","zo":"00:01 - 23:59","ma":"00:01 - 23:59","di":"00:01 - 23:59","wo":"00:01 - 23:59","do":"00:01 - 23:59","vr":"00:01 - 23:59"}}},{"type":"Feature","geometry":{"type":"Point","coordinates":[7.65220093,45.0395117]},"properties":{"type":"pakketpunt","locatieNaam":"Autolavaggio","straatNaam":"Via Filadelfia","straatNr":"71","vervoerder":"PosteItaliane","puntType":"automaat","bezettingsgraad":50,"latitude":45.0395117,"longitude":7.65220093,"canPickup":true,"canDropoff":true,"openingstijden":{"za":"00:01 - 23:59","zo":"00:01 - 23:59","ma":"00:01 - 23:59","di":"00:01 - 23:59","wo":"00:01 - 23:59","do":"00:01 - 23:59","vr":"00:01 - 23:59"}}},{"type":"Feature","geometry":{"type":"Point","coordinates":[7.64311588,45.07239092]},"properties":{"type":"pakketpunt","locatieNaam":"Solid Base - Palestra Torino","straatNaam":"Via Ferrere","straatNr":"7","vervoerder":"PosteItaliane","puntType":"automaat","bezettingsgraad":50,"latitude":45.07239092,"longitude":7.64311588,"canPickup":true,"canDropoff":true,"openingstijden":{"za":"00:01 - 23:59","zo":"00:01 - 23:59","ma":"00:01 - 23:59","di":"00:01 - 23:59","wo":"00:01 - 23:59","do":"00:01 - 23:59","vr":"00:01 - 23:59"}}},{"type":"Feature","geometry":{"type":"Point","coordinates":[7.66362636,45.02455136]},"properties":{"type":"pakketpunt","locatieNaam":"Regione Piemonte","straatNaam":"Piazza Piemonte","straatNr":"1","vervoerder":"PosteItaliane","puntType":"automaat","bezettingsgraad":50,"latitude":45.02455136,"longitude":7.66362636,"canPickup":true,"canDropoff":true,"openingstijden":{"za":"00:01 - 23:59","zo":"00:01 - 23:59","ma":"00:01 - 23:59","di":"00:01 - 23:59","wo":"00:01 - 23:59","do":"00:01 - 23:59","vr":"00:01 - 23:59"}}},{"type":"Feature","geometry":{"type":"Point","coordinates":[7.69262076,45.08477575]},"properties":{"type":"pakketpunt","locatieNaam":"Stazione Di Servizio Eni","straatNaam":"Largo Palermo","straatNr":"69","vervoerder":"PosteItaliane","puntType":"automaat","bezettingsgraad":50,"latitude":45.08477575,"longitude":7.69262076,"canPickup":true,"canDropoff":true,"openingstijden":{"za":"00:01 - 23:59","zo":"00:01 - 23:59","ma":"00:01 - 23:59","di":"00:01 - 23:59","wo":"00:01 - 23:59","do":"00:01 - 23:59","vr":"00:01 - 23:59"}}},{"type":"Feature","geometry":{"type":"Point","coordinates":[7.69292758,45.08171091]},"properties":{"type":"pakketpunt","locatieNaam":"Lavanderia Automatica - Washeria","straatNaam":"Corso Palermo","straatNr":"36","vervoerder":"PosteItaliane","puntType":"automaat","bezettingsgraad":50,"latitude":45.08171091,"longitude":7.69292758,"canPickup":true,"canDropoff":true,"openingstijden":{"za":"07:30 - 22:00","zo":"07:30 - 22:00","ma":"07:30 - 22:00","di":"07:30 - 22:00","wo":"07:30 - 22:00","do":"07:30 - 22:00","vr":"07:30 - 22:00"}}},{"type":"Feature","geometry":{"type":"Point","coordinates":[7.66409574,45.02380047]},"properties":{"type":"pakketpunt","locatieNaam":"Tabaccheria N. 183","straatNaam":"Via Nizza","straatNr":"341/b","vervoerder":"PosteItaliane","puntType":"servicepunt","bezettingsgraad":50,"latitude":45.02380047,"longitude":7.66409574,"canPickup":true,"canDropoff":true,"openingstijden":{"za":"06:30 - 19:30","zo":"08:00 - 12:00","ma":"06:30 - 19:30","di":"06:30 - 19:30","wo":"06:30 - 19:30","do":"06:30 - 19:30","vr":"06:30 - 19:30"}}},{"type":"Feature","geometry":{"type":"Point","coordinates":[7.66535,45.02233]},"properties":{"type":"pakketpunt","locatieNaam":"Carrefour V. Genova","straatNaam":"Via Genova","straatNr":"197","vervoerder":"PosteItaliane","puntType":"servicepunt","bezettingsgraad":50,"latitude":45.02233,"longitude":7.66535,"canPickup":true,"canDropoff":true,"openingstijden":{"za":"08:00 - 21:00","zo":"08:00 - 21:00","ma":"08:00 - 21:00","di":"08:00 - 21:00","wo":"08:00 - 21:00","do":"08:00 - 21:00","vr":"08:00 - 21:00"}}},{"type":"Feature","geometry":{"type":"Point","coordinates":[7.69899816,45.0680136]},"properties":{"type":"pakketpunt","locatieNaam":"Caf Cgn - Via Artisti","straatNaam":"Via Artisti","straatNr":"27/e","vervoerder":"PosteItaliane","puntType":"servicepunt","bezettingsgraad":50,"latitude":45.0680136,"longitude":7.69899816,"canPickup":true,"canDropoff":true,"openingstijden":{"za":"15:00 - 15:01","zo":"gesloten","ma":"09:00 - 18:00","di":"09:00 - 18:00","wo":"09:00 - 18:00","do":"09:00 - 18:00","vr":"09:00 - 18:00"}}},{"type":"Feature","geometry":{"type":"Point","coordinates":[7.63180145,45.07926637]},"properties":{"type":"pakketpunt","locatieNaam":"Tabaccheria N. 123","straatNaam":"Via Vittorio Asinari Di Bernezzo","straatNr":"62/h","vervoerder":"PosteItaliane","puntType":"servicepunt","bezettingsgraad":50,"latitude":45.07926637,"longitude":7.63180145,"canPickup":true,"canDropoff":true,"openingstijden":{"za":"07:30 - 13:00, 15:00 - 19:30","zo":"gesloten","ma":"07:30 - 13:00, 15:00 - 19:30","di":"07:30 - 13:00, 15:00 - 19:30","wo":"07:30 - 13:00, 15:00 - 19:30","do":"07:30 - 13:00, 15:00 - 19:30","vr":"07:30 - 13:00, 15:00 - 19:30"}}},{"type":"Feature","geometry":{"type":"Point","coordinates":[7.61474307,45.0779157]},"properties":{"type":"pakketpunt","locatieNaam":"Supermercato Il Gigante","straatNaam":"Corso Marche","straatNr":"42","vervoerder":"PosteItaliane","puntType":"automaat","bezettingsgraad":50,"latitude":45.0779157,"longitude":7.61474307,"canPickup":true,"canDropoff":true,"openingstijden":{"za":"08:00 - 21:00","zo":"08:30 - 20:00","ma":"08:00 - 21:00","di":"08:00 - 21:00","wo":"08:00 - 21:00","do":"08:00 - 21:00","vr":"08:00 - 21:00"}}},{"type":"Feature","geometry":{"type":"Point","coordinates":[7.64292282,45.04465496]},"properties":{"type":"pakketpunt","locatieNaam":"Stazione Di Servizio Eni","straatNaam":"Corso Orbassano","straatNr":"150/a","vervoerder":"PosteItaliane","puntType":"automaat","bezettingsgraad":50,"latitude":45.04465496,"longitude":7.64292282,"canPickup":true,"canDropoff":true,"openingstijden":{"za":"00:01 - 23:59","zo":"00:01 - 23:59","ma":"00:01 - 23:59","di":"00:01 - 23:59","wo":"00:01 - 23:59","do":"00:01 - 23:59","vr":"00:01 - 23:59"}}},{"type":"Feature","geometry":{"type":"Point","coordinates":[7.62931897,45.04353229]},"properties":{"type":"pakketpunt","locatieNaam":"Stazione Di Servizio Eni","straatNaam":"Via Guido Reni","straatNr":"167","vervoerder":"PosteItaliane","puntType":"automaat","bezettingsgraad":50,"latitude":45.04353229,"longitude":7.62931897,"canPickup":true,"canDropoff":true,"openingstijden":{"za":"00:01 - 23:59","zo":"00:01 - 23:59","ma":"00:01 - 23:59","di":"00:01 - 23:59","wo":"00:01 - 23:59","do":"00:01 - 23:59","vr":"00:01 - 23:59"}}},{"type":"Feature","geometry":{"type":"Point","coordinates":[7.64878536,45.03421533]},"properties":{"type":"pakketpunt","locatieNaam":"Tabaccheria N. 268","straatNaam":"Corso Unione Sovietica","straatNr":"233/a","vervoerder":"PosteItaliane","puntType":"servicepunt","bezettingsgraad":50,"latitude":45.03421533,"longitude":7.64878536,"canPickup":true,"canDropoff":true,"openingstijden":{"za":"07:30 - 23:00","zo":"07:30 - 23:00","ma":"07:30 - 23:00","di":"07:30 - 23:00","wo":"07:30 - 23:00","do":"07:30 - 23:00","vr":"07:30 - 23:00"}}},{"type":"Feature","geometry":{"type":"Point","coordinates":[7.66600958,45.07799018]},"properties":{"type":"pakketpunt","locatieNaam":"Luce Gas Telefonia","straatNaam":"Via Luigi Cibrario","straatNr":"16","vervoerder":"PosteItaliane","puntType":"automaat","bezettingsgraad":50,"latitude":45.07799018,"longitude":7.66600958,"canPickup":true,"canDropoff":true,"openingstijden":{"za":"gesloten","zo":"gesloten","ma":"15:00 - 19:00","di":"10:00 - 13:00","wo":"10:00 - 13:00","do":"10:00 - 13:00","vr":"10:00 - 13:00"}}},{"type":"Feature","geometry":{"type":"Point","coordinates":[7.65533194,45.08361311]},"properties":{"type":"pakketpunt","locatieNaam":"Tabaccheria N. 109","straatNaam":"Corso Appio Claudio","straatNr":"1","vervoerder":"PosteItaliane","puntType":"servicepunt","bezettingsgraad":50,"latitude":45.08361311,"longitude":7.65533194,"canPickup":true,"canDropoff":true,"openingstijden":{"za":"07:00 - 19:00","zo":"gesloten","ma":"07:00 - 19:00","di":"07:00 - 19:00","wo":"07:00 - 19:00","do":"07:00 - 19:00","vr":"07:00 - 19:00"}}},{"type":"Feature","geometry":{"type":"Point","coordinates":[7.67776576,45.09271489]},"properties":{"type":"pakketpunt","locatieNaam":"Tabaccheria N. 296","straatNaam":"Via Chiesa Della Salute","straatNr":"6/c","vervoerder":"PosteItaliane","puntType":"servicepunt","bezettingsgraad":50,"latitude":45.09271489,"longitude":7.67776576,"canPickup":true,"canDropoff":true,"openingstijden":{"za":"07:30 - 19:00","zo":"gesloten","ma":"07:30 - 19:00","di":"07:30 - 19:00","wo":"07:30 - 19:00","do":"07:30 - 19:00","vr":"07:30 - 19:00"}}},{"type":"Feature","geometry":{"type":"Point","coordinates":[7.70566279,45.10186704]},"properties":{"type":"pakketpunt","locatieNaam":"Supermercato Ipercoop","straatNaam":"Via Sandro Botticelli","straatNr":"85","vervoerder":"PosteItaliane","puntType":"automaat","bezettingsgraad":50,"latitude":45.10186704,"longitude":7.70566279,"canPickup":true,"canDropoff":true,"openingstijden":{"za":"09:00 - 13:00","zo":"gesloten","ma":"09:00 - 13:00","di":"09:00 - 13:00","wo":"09:00 - 13:00","do":"09:00 - 13:00","vr":"09:00 - 13:00"}}},{"type":"Feature","geometry":{"type":"Point","coordinates":[7.72797352,45.11723526]},"properties":{"type":"pakketpunt","locatieNaam":"Stazione Di Servizio Vulcan","straatNaam":"Corso Giulio Cesare","straatNr":"424/118","vervoerder":"PosteItaliane","puntType":"automaat","bezettingsgraad":50,"latitude":45.11723526,"longitude":7.72797352,"canPickup":true,"canDropoff":true,"openingstijden":{"za":"00:01 - 23:59","zo":"00:01 - 23:59","ma":"00:01 - 23:59","di":"00:01 - 23:59","wo":"00:01 - 23:59","do":"00:01 - 23:59","vr":"00:01 - 23:59"}}},{"type":"Feature","geometry":{"type":"Point","coordinates":[7.61237245,45.07028463]},"properties":{"type":"pakketpunt","locatieNaam":"Lavanderia - Wash'ngo","straatNaam":"Via Don Michele Rua","straatNr":"28","vervoerder":"PosteItaliane","puntType":"automaat","bezettingsgraad":50,"latitude":45.07028463,"longitude":7.61237245,"canPickup":true,"canDropoff":true,"openingstijden":{"za":"06:30 - 22:30","zo":"06:30 - 22:30","ma":"06:30 - 22:30","di":"06:30 - 22:30","wo":"06:30 - 22:30","do":"06:30 - 22:30","vr":"06:30 - 22:30"}}},{"type":"Feature","geometry":{"type":"Point","coordinates":[7.62195524,45.06440945]},"properties":{"type":"pakketpunt","locatieNaam":"Stazione Di Servizio Eni","straatNaam":"Via Monginevro","straatNr":"243","vervoerder":"PosteItaliane","puntType":"automaat","bezettingsgraad":50,"latitude":45.06440945,"longitude":7.62195524,"canPickup":true,"canDropoff":true,"openingstijden":{"za":"00:01 - 23:59","zo":"00:01 - 23:59","ma":"00:01 - 23:59","di":"00:01 - 23:59","wo":"00:01 - 23:59","do":"00:01 - 23:59","vr":"00:01 - 23:59"}}},{"type":"Feature","geometry":{"type":"Point","coordinates":[7.65831727,45.03618001]},"properties":{"type":"pakketpunt","locatieNaam":"Centro Commerciale Bennet","straatNaam":"Via Giordano Bruno","straatNr":"142","vervoerder":"PosteItaliane","puntType":"automaat","bezettingsgraad":50,"latitude":45.03618001,"longitude":7.65831727,"canPickup":true,"canDropoff":true,"openingstijden":{"za":"09:00 - 13:00","zo":"gesloten","ma":"09:00 - 13:00","di":"09:00 - 13:00","wo":"09:00 - 13:00","do":"09:00 - 13:00","vr":"09:00 - 13:00"}}},{"type":"Feature","geometry":{"type":"Point","coordinates":[7.67307104,45.11095952]},"properties":{"type":"pakketpunt","locatieNaam":"Stazione Di Servizio Ip","straatNaam":"Via Guglielmo Reiss Romoli","straatNr":"236/a","vervoerder":"PosteItaliane","puntType":"automaat","bezettingsgraad":50,"latitude":45.11095952,"longitude":7.67307104,"canPickup":true,"canDropoff":true,"openingstijden":{"za":"00:01 - 23:59","zo":"00:01 - 23:59","ma":"00:01 - 23:59","di":"00:01 - 23:59","wo":"00:01 - 23:59","do":"00:01 - 23:59","vr":"00:01 - 23:59"}}},{"type":"Feature","geometry":{"type":"Point","coordinates":[7.7034804,45.12166947]},"properties":{"type":"pakketpunt","locatieNaam":"Stazione Di Servizio Ip","straatNaam":"Strada Cuorgne'","straatNr":"59","vervoerder":"PosteItaliane","puntType":"automaat","bezettingsgraad":50,"latitude":45.12166947,"longitude":7.7034804,"canPickup":true,"canDropoff":true,"openingstijden":{"za":"00:01 - 23:59","zo":"00:01 - 23:59","ma":"00:01 - 23:59","di":"00:01 - 23:59","wo":"00:01 - 23:59","do":"00:01 - 23:59","vr":"00:01 - 23:59"}}},{"type":"Feature","geometry":{"type":"Point","coordinates":[7.65677852,45.13218249]},"properties":{"type":"pakketpunt","locatieNaam":"Stazione Di Servizio Ip","straatNaam":"Strada Dell' Aeroporto","straatNr":"325/a","vervoerder":"PosteItaliane","puntType":"automaat","bezettingsgraad":50,"latitude":45.13218249,"longitude":7.65677852,"canPickup":true,"canDropoff":true,"openingstijden":{"za":"00:01 - 23:59","zo":"00:01 - 23:59","ma":"00:01 - 23:59","di":"00:01 - 23:59","wo":"00:01 - 23:59","do":"00:01 - 23:59","vr":"00:01 - 23:59"}}},{"type":"Feature","geometry":{"type":"Point","coordinates":[7.67885469,45.10270517]},"properties":{"type":"pakketpunt","locatieNaam":"Stock Stock Mystery Box","straatNaam":"Via Bibiana","straatNr":"110","vervoerder":"PosteItaliane","puntType":"automaat","bezettingsgraad":50,"latitude":45.10270517,"longitude":7.67885469,"canPickup":true,"canDropoff":true,"openingstijden":{"za":"09:00 - 19:00","zo":"gesloten","ma":"09:00 - 19:00","di":"09:00 - 19:00","wo":"09:00 - 19:00","do":"09:00 - 19:00","vr":"09:00 - 19:00"}}},{"type":"Feature","geometry":{"type":"Point","coordinates":[7.67777148,45.05165417]},"properties":{"type":"pakketpunt","locatieNaam":"Tabaccheria N. 122","straatNaam":"Corso Raffaello","straatNr":"14","vervoerder":"PosteItaliane","puntType":"servicepunt","bezettingsgraad":50,"latitude":45.05165417,"longitude":7.67777148,"canPickup":true,"canDropoff":true,"openingstijden":{"za":"07:30 - 19:30","zo":"gesloten","ma":"07:30 - 19:30","di":"07:30 - 19:30","wo":"07:30 - 19:30","do":"07:30 - 19:30","vr":"07:30 - 19:30"}}},{"type":"Feature","geometry":{"type":"Point","coordinates":[7.69692501,45.05495794]},"properties":{"type":"pakketpunt","locatieNaam":"Tabaccheria Farinelli","straatNaam":"Viale Enrico Thovez","straatNr":"6/a","vervoerder":"PosteItaliane","puntType":"automaat","bezettingsgraad":50,"latitude":45.05495794,"longitude":7.69692501,"canPickup":true,"canDropoff":true,"openingstijden":{"za":"gesloten","zo":"gesloten","ma":"07:30 - 18:00","di":"07:30 - 18:00","wo":"07:30 - 18:00","do":"07:30 - 18:00","vr":"07:30 - 18:00"}}},{"type":"Feature","geometry":{"type":"Point","coordinates":[7.6667843,45.0828191]},"properties":{"type":"pakketpunt","locatieNaam":"Tabaccheria N. 241","straatNaam":"Via Livorno","straatNr":"3/a","vervoerder":"PosteItaliane","puntType":"servicepunt","bezettingsgraad":50,"latitude":45.0828191,"longitude":7.6667843,"canPickup":true,"canDropoff":true,"openingstijden":{"za":"07:30 - 13:00, 15:00 - 19:30","zo":"gesloten","ma":"07:30 - 13:00, 15:00 - 19:30","di":"07:30 - 13:00, 15:00 - 19:30","wo":"07:30 - 13:00, 15:00 - 19:30","do":"07:30 - 13:00, 15:00 - 19:30","vr":"07:30 - 13:00, 15:00 - 19:30"}}},{"type":"Feature","geometry":{"type":"Point","coordinates":[7.66466569,45.08324592]},"properties":{"type":"pakketpunt","locatieNaam":"Tabaccheria N. 170","straatNaam":"Corso Regina Margherita","straatNr":"234","vervoerder":"PosteItaliane","puntType":"servicepunt","bezettingsgraad":50,"latitude":45.08324592,"longitude":7.66466569,"canPickup":true,"canDropoff":true,"openingstijden":{"za":"07:30 - 12:30, 15:00 - 19:00","zo":"gesloten","ma":"07:30 - 12:30, 15:00 - 19:00","di":"07:30 - 12:30, 15:00 - 19:00","wo":"07:30 - 12:30, 15:00 - 19:00","do":"07:30 - 12:30, 15:00 - 19:00","vr":"07:30 - 12:30, 15:00 - 19:00"}}},{"type":"Feature","geometry":{"type":"Point","coordinates":[7.68374939,45.09025835]},"properties":{"type":"pakketpunt","locatieNaam":"Supermercato Il Gigante","straatNaam":"Via Francesco Cigna","straatNr":"97","vervoerder":"PosteItaliane","puntType":"automaat","bezettingsgraad":50,"latitude":45.09025835,"longitude":7.68374939,"canPickup":true,"canDropoff":true,"openingstijden":{"za":"08:00 - 21:00","zo":"08:30 - 20:00","ma":"08:00 - 21:00","di":"08:00 - 21:00","wo":"08:00 - 21:00","do":"08:00 - 21:00","vr":"08:00 - 21:00"}}},{"type":"Feature","geometry":{"type":"Point","coordinates":[7.6221208,45.0681428]},"properties":{"type":"pakketpunt","locatieNaam":"Bar Dell' Amicizia","straatNaam":"Via Postumia","straatNr":"19","vervoerder":"PosteItaliane","puntType":"automaat","bezettingsgraad":50,"latitude":45.0681428,"longitude":7.6221208,"canPickup":true,"canDropoff":true,"openingstijden":{"za":"06:00 - 23:00","zo":"06:00 - 23:00","ma":"06:00 - 23:00","di":"06:00 - 23:00","wo":"06:00 - 23:00","do":"06:00 - 23:00","vr":"06:00 - 23:00"}}},{"type":"Feature","geometry":{"type":"Point","coordinates":[7.65083952,45.02189777]},"properties":{"type":"pakketpunt","locatieNaam":"Stazione Di Servizio Eni","straatNaam":"Corso Traiano","straatNr":"119/a","vervoerder":"PosteItaliane","puntType":"automaat","bezettingsgraad":50,"latitude":45.02189777,"longitude":7.65083952,"canPickup":true,"canDropoff":true,"openingstijden":{"za":"00:01 - 23:59","zo":"00:01 - 23:59","ma":"00:01 - 23:59","di":"00:01 - 23:59","wo":"00:01 - 23:59","do":"00:01 - 23:59","vr":"00:01 - 23:59"}}},{"type":"Feature","geometry":{"type":"Point","coordinates":[7.69807025,45.11051151]},"properties":{"type":"pakketpunt","locatieNaam":"Stazione Di Servizio Eni","straatNaam":"Corso Vercelli","straatNr":"272/a","vervoerder":"PosteItaliane","puntType":"automaat","bezettingsgraad":50,"latitude":45.11051151,"longitude":7.69807025,"canPickup":true,"canDropoff":true,"openingstijden":{"za":"00:01 - 23:59","zo":"00:01 - 23:59","ma":"00:01 - 23:59","di":"00:01 - 23:59","wo":"00:01 - 23:59","do":"00:01 - 23:59","vr":"00:01 - 23:59"}}},{"type":"Feature","geometry":{"type":"Point","coordinates":[7.63981031,45.10207806]},"properties":{"type":"pakketpunt","locatieNaam":"Tabaccheria N. 484","straatNaam":"Corso Toscana","straatNr":"192","vervoerder":"PosteItaliane","puntType":"servicepunt","bezettingsgraad":50,"latitude":45.10207806,"longitude":7.63981031,"canPickup":true,"canDropoff":true,"openingstijden":{"za":"07:30 - 12:30, 15:00 - 19:30","zo":"gesloten","ma":"07:30 - 12:30, 15:00 - 19:30","di":"07:30 - 12:30, 15:00 - 19:30","wo":"07:30 - 12:30, 15:00 - 19:30","do":"07:30 - 12:30, 15:00 - 19:30","vr":"07:30 - 12:30, 15:00 - 19:30"}}},{"type":"Feature","geometry":{"type":"Point","coordinates":[7.67436866,45.09307537]},"properties":{"type":"pakketpunt","locatieNaam":"Di Elite Promoter E Hostess","straatNaam":"Via Errico Giachino","straatNr":"53/e","vervoerder":"PosteItaliane","puntType":"servicepunt","bezettingsgraad":50,"latitude":45.09307537,"longitude":7.67436866,"canPickup":true,"canDropoff":true,"openingstijden":{"za":"09:00 - 20:00","zo":"16:00 - 20:30","ma":"09:00 - 20:00","di":"09:00 - 20:00","wo":"09:00 - 20:00","do":"09:00 - 20:00","vr":"09:00 - 20:00"}}},{"type":"Feature","geometry":{"type":"Point","coordinates":[7.68857619,45.08560502]},"properties":{"type":"pakketpunt","locatieNaam":"Western Union - Via Bra","straatNaam":"Via Bra","straatNr":"4/a","vervoerder":"PosteItaliane","puntType":"servicepunt","bezettingsgraad":50,"latitude":45.08560502,"longitude":7.68857619,"canPickup":true,"canDropoff":true,"openingstijden":{"za":"09:30 - 20:00","zo":"11:00 - 20:00","ma":"09:30 - 20:00","di":"09:30 - 20:00","wo":"09:30 - 20:00","do":"09:30 - 20:00","vr":"09:30 - 20:00"}}},{"type":"Feature","geometry":{"type":"Point","coordinates":[7.64337868,45.0363918]},"properties":{"type":"pakketpunt","locatieNaam":"Caf - Ewa","straatNaam":"Via Buenos Aires","straatNr":"43/a","vervoerder":"PosteItaliane","puntType":"automaat","bezettingsgraad":50,"latitude":45.0363918,"longitude":7.64337868,"canPickup":true,"canDropoff":true,"openingstijden":{"za":"09:00 - 16:00","zo":"gesloten","ma":"09:00 - 13:00","di":"09:00 - 13:00","wo":"09:00 - 13:00","do":"09:00 - 13:00","vr":"09:00 - 13:00"}}},{"type":"Feature","geometry":{"type":"Point","coordinates":[7.61832581,45.06464307]},"properties":{"type":"pakketpunt","locatieNaam":"Mercatino - Monopoli","straatNaam":"Via Monginevro","straatNr":"271","vervoerder":"PosteItaliane","puntType":"automaat","bezettingsgraad":50,"latitude":45.06464307,"longitude":7.61832581,"canPickup":true,"canDropoff":true,"openingstijden":{"za":"10:00 - 19:00","zo":"15:30 - 19:30","ma":"gesloten","di":"10:00 - 19:00","wo":"10:00 - 19:00","do":"10:00 - 19:00","vr":"10:00 - 19:00"}}},{"type":"Feature","geometry":{"type":"Point","coordinates":[7.66964433,45.0322418]},"properties":{"type":"pakketpunt","locatieNaam":"Tabaccheria N. 360","straatNaam":"Via Genova","straatNr":"73/e","vervoerder":"PosteItaliane","puntType":"servicepunt","bezettingsgraad":50,"latitude":45.0322418,"longitude":7.66964433,"canPickup":true,"canDropoff":true,"openingstijden":{"za":"07:00 - 19:00","zo":"gesloten","ma":"07:00 - 19:00","di":"07:00 - 19:00","wo":"07:00 - 19:00","do":"07:00 - 19:00","vr":"07:00 - 19:00"}}},{"type":"Feature","geometry":{"type":"Point","coordinates":[7.64068648,45.07985541]},"properties":{"type":"pakketpunt","locatieNaam":"Tabaccheria N. 276","straatNaam":"Via Giacomo Medici","straatNr":"100/c","vervoerder":"PosteItaliane","puntType":"servicepunt","bezettingsgraad":50,"latitude":45.07985541,"longitude":7.64068648,"canPickup":true,"canDropoff":true,"openingstijden":{"za":"07:15 - 13:00, 14:30 - 19:30","zo":"gesloten","ma":"07:15 - 13:00, 14:30 - 19:30","di":"07:15 - 13:00, 14:30 - 19:30","wo":"07:15 - 13:00, 14:30 - 19:30","do":"07:15 - 13:00, 14:30 - 19:30","vr":"07:15 - 13:00, 14:30 - 19:30"}}},{"type":"Feature","geometry":{"type":"Point","coordinates":[7.64388893,45.03452671]},"properties":{"type":"pakketpunt","locatieNaam":"Tabaccheria N. 411","straatNaam":"Corso Cosenza","straatNr":"28/a","vervoerder":"PosteItaliane","puntType":"servicepunt","bezettingsgraad":50,"latitude":45.03452671,"longitude":7.64388893,"canPickup":true,"canDropoff":true,"openingstijden":{"za":"07:00 - 13:00, 15:00 - 19:30","zo":"gesloten","ma":"07:00 - 13:00, 15:00 - 19:30","di":"07:00 - 13:00, 15:00 - 19:30","wo":"07:00 - 13:00, 15:00 - 19:30","do":"07:00 - 13:00, 15:00 - 19:30","vr":"07:00 - 13:00, 15:00 - 19:30"}}},{"type":"Feature","geometry":{"type":"Point","coordinates":[7.66322134,45.02228948]},"properties":{"type":"pakketpunt","locatieNaam":"Tabaccheria N. 84","straatNaam":"Via Nizza","straatNr":"350","vervoerder":"PosteItaliane","puntType":"servicepunt","bezettingsgraad":50,"latitude":45.02228948,"longitude":7.66322134,"canPickup":true,"canDropoff":true,"openingstijden":{"za":"07:00 - 19:30","zo":"08:00 - 12:00","ma":"07:00 - 19:30","di":"07:00 - 19:30","wo":"07:00 - 19:30","do":"07:00 - 19:30","vr":"07:00 - 07:05, 19:25 - 19:30"}}},{"type":"Feature","geometry":{"type":"Point","coordinates":[7.64,45.02549]},"properties":{"type":"pakketpunt","locatieNaam":"Tabaccheria N. 465","straatNaam":"Corso Traiano","straatNr":"8/h","vervoerder":"PosteItaliane","puntType":"servicepunt","bezettingsgraad":50,"latitude":45.02549,"longitude":7.64,"canPickup":true,"canDropoff":true,"openingstijden":{"za":"07:30 - 19:30","zo":"07:30 - 19:30","ma":"07:30 - 19:30","di":"07:30 - 19:30","wo":"07:30 - 19:30","do":"07:30 - 19:30","vr":"07:30 - 19:30"}}},{"type":"Feature","geometry":{"type":"Point","coordinates":[7.66214,45.01682]},"properties":{"type":"pakketpunt","locatieNaam":"Tabaccheria N. 543","straatNaam":"Piazza Bengasi","straatNr":"13/d","vervoerder":"PosteItaliane","puntType":"servicepunt","bezettingsgraad":50,"latitude":45.01682,"longitude":7.66214,"canPickup":true,"canDropoff":true,"openingstijden":{"za":"06:00 - 22:00","zo":"07:00 - 22:00","ma":"06:00 - 22:00","di":"06:00 - 22:00","wo":"06:00 - 22:00","do":"06:00 - 22:00","vr":"06:00 - 22:00"}}},{"type":"Feature","geometry":{"type":"Point","coordinates":[7.68813268,45.02924632]},"properties":{"type":"pakketpunt","locatieNaam":"Tabaccheria N. 120","straatNaam":"Strada Dei Ronchi","straatNr":"4","vervoerder":"PosteItaliane","puntType":"servicepunt","bezettingsgraad":50,"latitude":45.02924632,"longitude":7.68813268,"canPickup":true,"canDropoff":true,"openingstijden":{"za":"09:00 - 20:00","zo":"09:00 - 20:00","ma":"09:00 - 20:00","di":"09:00 - 20:00","wo":"09:00 - 20:00","do":"09:00 - 20:00","vr":"09:00 - 20:00"}}},{"type":"Feature","geometry":{"type":"Point","coordinates":[7.64675,45.04451]},"properties":{"type":"pakketpunt","locatieNaam":"Tabaccheria N. 498","straatNaam":"Corso Sebastopoli","straatNr":"159/d","vervoerder":"PosteItaliane","puntType":"servicepunt","bezettingsgraad":50,"latitude":45.04451,"longitude":7.64675,"canPickup":true,"canDropoff":true,"openingstijden":{"za":"07:30 - 19:30","zo":"gesloten","ma":"07:30 - 13:30, 15:00 - 19:30","di":"07:30 - 13:30, 15:00 - 19:30","wo":"07:30 - 13:30, 15:00 - 19:30","do":"07:30 - 13:30, 15:00 - 19:30","vr":"07:30 - 13:30, 15:00 - 19:30"}}},{"type":"Feature","geometry":{"type":"Point","coordinates":[7.65377713,45.02450946]},"properties":{"type":"pakketpunt","locatieNaam":"Carto66","straatNaam":"Via Passo Buole","straatNr":"66","vervoerder":"PosteItaliane","puntType":"servicepunt","bezettingsgraad":50,"latitude":45.02450946,"longitude":7.65377713,"canPickup":true,"canDropoff":true,"openingstijden":{"za":"07:30 - 12:30, 15:00 - 19:00","zo":"gesloten","ma":"07:30 - 12:30, 15:00 - 19:00","di":"07:30 - 12:30, 15:00 - 19:00","wo":"07:30 - 12:30, 15:00 - 19:00","do":"07:30 - 12:30, 15:00 - 19:00","vr":"07:30 - 12:30, 15:00 - 19:00"}}},{"type":"Feature","geometry":{"type":"Point","coordinates":[7.70468731,45.0915794]},"properties":{"type":"pakketpunt","locatieNaam":"Cartoleria 10 & Lode","straatNaam":"Via Domenico Cimarosa","straatNr":"66/a","vervoerder":"PosteItaliane","puntType":"servicepunt","bezettingsgraad":50,"latitude":45.0915794,"longitude":7.70468731,"canPickup":true,"canDropoff":true,"openingstijden":{"za":"07:30 - 12:30, 15:00 - 19:00","zo":"gesloten","ma":"07:30 - 12:30, 15:00 - 19:00","di":"07:30 - 12:30, 15:00 - 19:00","wo":"07:30 - 12:30, 15:00 - 19:00","do":"07:30 - 12:30, 15:00 - 19:00","vr":"07:30 - 12:30, 15:00 - 19:00"}}},{"type":"Feature","geometry":{"type":"Point","coordinates":[7.68333816,45.0795154]},"properties":{"type":"pakketpunt","locatieNaam":"Tabaccheria N. 37","straatNaam":"Via Borgo Dora","straatNr":"29","vervoerder":"PosteItaliane","puntType":"servicepunt","bezettingsgraad":50,"latitude":45.0795154,"longitude":7.68333816,"canPickup":true,"canDropoff":true,"openingstijden":{"za":"07:15 - 19:30","zo":"gesloten","ma":"07:15 - 19:30","di":"07:15 - 19:30","wo":"07:15 - 19:30","do":"07:15 - 19:30","vr":"07:15 - 19:30"}}},{"type":"Feature","geometry":{"type":"Point","coordinates":[7.6946836,45.0927093]},"properties":{"type":"pakketpunt","locatieNaam":"Tabaccheria N. 184","straatNaam":"Via Luigi Salvatore Cherubini","straatNr":"3/c","vervoerder":"PosteItaliane","puntType":"servicepunt","bezettingsgraad":50,"latitude":45.0927093,"longitude":7.6946836,"canPickup":true,"canDropoff":true,"openingstijden":{"za":"07:00 - 19:30","zo":"gesloten","ma":"07:00 - 19:30","di":"07:00 - 19:30","wo":"07:00 - 19:30","do":"07:00 - 19:30","vr":"07:00 - 19:30"}}},{"type":"Feature","geometry":{"type":"Point","coordinates":[7.64016189,45.05710857]},"properties":{"type":"pakketpunt","locatieNaam":"Quboticket","straatNaam":"Corso Carlo E Nello Rosselli","straatNr":"206/a","vervoerder":"PosteItaliane","puntType":"servicepunt","bezettingsgraad":50,"latitude":45.05710857,"longitude":7.64016189,"canPickup":true,"canDropoff":true,"openingstijden":{"za":"09:30 - 12:30","zo":"gesloten","ma":"08:30 - 13:00, 15:00 - 19:00","di":"08:30 - 13:00, 15:00 - 19:00","wo":"08:30 - 13:00, 15:00 - 19:00","do":"08:30 - 13:00, 15:00 - 19:00","vr":"08:30 - 13:00, 15:00 - 19:00"}}},{"type":"Feature","geometry":{"type":"Point","coordinates":[7.69606779,45.105313]},"properties":{"type":"pakketpunt","locatieNaam":"Tabaccheria N. 284","straatNaam":"Corso Vercelli","straatNr":"237/b","vervoerder":"PosteItaliane","puntType":"servicepunt","bezettingsgraad":50,"latitude":45.105313,"longitude":7.69606779,"canPickup":true,"canDropoff":true,"openingstijden":{"za":"05:00 - 12:00","zo":"gesloten","ma":"05:00 - 19:00","di":"05:00 - 19:00","wo":"05:00 - 19:00","do":"05:00 - 19:00","vr":"05:00 - 19:00"}}},{"type":"Feature","geometry":{"type":"Point","coordinates":[7.68532145,45.08364723]},"properties":{"type":"pakketpunt","locatieNaam":"Tabaccheria N. 189","straatNaam":"Corso Emilia","straatNr":"13/e","vervoerder":"PosteItaliane","puntType":"servicepunt","bezettingsgraad":50,"latitude":45.08364723,"longitude":7.68532145,"canPickup":true,"canDropoff":true,"openingstijden":{"za":"06:30 - 19:00","zo":"07:00 - 12:30","ma":"06:30 - 19:00","di":"06:30 - 19:00","wo":"06:30 - 19:00","do":"06:30 - 19:00","vr":"06:30 - 19:00"}}},{"type":"Feature","geometry":{"type":"Point","coordinates":[7.64864799,45.06371217]},"properties":{"type":"pakketpunt","locatieNaam":"Distributore Automatico - H24","straatNaam":"Via Dante Di Nanni","straatNr":"99/f","vervoerder":"PosteItaliane","puntType":"automaat","bezettingsgraad":50,"latitude":45.06371217,"longitude":7.64864799,"canPickup":true,"canDropoff":true,"openingstijden":{"za":"00:01 - 23:59","zo":"00:01 - 23:59","ma":"00:01 - 23:59","di":"00:01 - 23:59","wo":"00:01 - 23:59","do":"00:01 - 23:59","vr":"00:01 - 23:59"}}},{"type":"Feature","geometry":{"type":"Point","coordinates":[7.67415085,45.08119375]},"properties":{"type":"pakketpunt","locatieNaam":"Lavanderia - Lavasmile","straatNaam":"Via Maria Ausiliatrice","straatNr":"46/b","vervoerder":"PosteItaliane","puntType":"automaat","bezettingsgraad":50,"latitude":45.08119375,"longitude":7.67415085,"canPickup":true,"canDropoff":true,"openingstijden":{"za":"07:00 - 22:00","zo":"07:00 - 22:00","ma":"07:00 - 22:00","di":"07:00 - 22:00","wo":"07:00 - 22:00","do":"07:00 - 22:00","vr":"07:00 - 22:00"}}},{"type":"Feature","geometry":{"type":"Point","coordinates":[7.6350596,45.10301613]},"properties":{"type":"pakketpunt","locatieNaam":"Tabaccheria N. 466","straatNaam":"Viale Dei Mughetti","straatNr":"5/bis","vervoerder":"PosteItaliane","puntType":"servicepunt","bezettingsgraad":50,"latitude":45.10301613,"longitude":7.6350596,"canPickup":true,"canDropoff":true,"openingstijden":{"za":"07:30 - 13:00, 15:00 - 19:30","zo":"gesloten","ma":"07:30 - 13:00, 15:00 - 19:30","di":"07:30 - 13:00, 15:00 - 19:30","wo":"07:30 - 13:00, 15:00 - 19:30","do":"07:30 - 13:00, 15:00 - 19:30","vr":"07:30 - 13:00, 15:00 - 19:30"}}},{"type":"Feature","geometry":{"type":"Point","coordinates":[7.64537141,45.10776121]},"properties":{"type":"pakketpunt","locatieNaam":"Stazione Di Servizio Iplanet","straatNaam":"Strada Di Altessano","straatNr":"110","vervoerder":"PosteItaliane","puntType":"automaat","bezettingsgraad":50,"latitude":45.10776121,"longitude":7.64537141,"canPickup":true,"canDropoff":true,"openingstijden":{"za":"00:01 - 23:59","zo":"00:01 - 23:59","ma":"00:01 - 23:59","di":"00:01 - 23:59","wo":"00:01 - 23:59","do":"00:01 - 23:59","vr":"00:01 - 23:59"}}},{"type":"Feature","geometry":{"type":"Point","coordinates":[7.68202954,45.07645151]},"properties":{"type":"pakketpunt","locatieNaam":"Lavanderia - Lav@sciuga","straatNaam":"Piazza Della Repubblica","straatNr":"5","vervoerder":"PosteItaliane","puntType":"automaat","bezettingsgraad":50,"latitude":45.07645151,"longitude":7.68202954,"canPickup":true,"canDropoff":true,"openingstijden":{"za":"08:00 - 22:00","zo":"08:00 - 22:00","ma":"08:00 - 22:00","di":"08:00 - 22:00","wo":"08:00 - 22:00","do":"08:00 - 22:00","vr":"08:00 - 22:00"}}},{"type":"Feature","geometry":{"type":"Point","coordinates":[7.65358738,45.03451545]},"properties":{"type":"pakketpunt","locatieNaam":"Smartwash","straatNaam":"Via Rosario Di Santa Fe'","straatNr":"35/b","vervoerder":"PosteItaliane","puntType":"automaat","bezettingsgraad":50,"latitude":45.03451545,"longitude":7.65358738,"canPickup":true,"canDropoff":true,"openingstijden":{"za":"07:30 - 21:00","zo":"07:30 - 21:00","ma":"07:30 - 21:00","di":"07:30 - 21:00","wo":"07:30 - 21:00","do":"07:30 - 21:00","vr":"07:30 - 21:00"}}},{"type":"Feature","geometry":{"type":"Point","coordinates":[7.65144191,45.07778398]},"properties":{"type":"pakketpunt","locatieNaam":"Lavanderia - Lav@sciuga","straatNaam":"Via Giacomo Medici","straatNr":"29","vervoerder":"PosteItaliane","puntType":"automaat","bezettingsgraad":50,"latitude":45.07778398,"longitude":7.65144191,"canPickup":true,"canDropoff":true,"openingstijden":{"za":"08:00 - 22:00","zo":"08:00 - 22:00","ma":"08:00 - 22:00","di":"08:00 - 22:00","wo":"08:00 - 22:00","do":"08:00 - 22:00","vr":"08:00 - 22:00"}}},{"type":"Feature","geometry":{"type":"Point","coordinates":[7.69727328,45.10940669]},"properties":{"type":"pakketpunt","locatieNaam":"Stazione Di Servizio Esso","straatNaam":"Corso Vercelli","straatNr":"293","vervoerder":"PosteItaliane","puntType":"automaat","bezettingsgraad":50,"latitude":45.10940669,"longitude":7.69727328,"canPickup":true,"canDropoff":true,"openingstijden":{"za":"00:01 - 23:59","zo":"00:01 - 23:59","ma":"00:01 - 23:59","di":"00:01 - 23:59","wo":"00:01 - 23:59","do":"00:01 - 23:59","vr":"00:01 - 23:59"}}},{"type":"Feature","geometry":{"type":"Point","coordinates":[7.68203017,45.07141016]},"properties":{"type":"pakketpunt","locatieNaam":"Lav@sciuga","straatNaam":"Via Giuseppe Barbaroux","straatNr":"12/e","vervoerder":"PosteItaliane","puntType":"automaat","bezettingsgraad":50,"latitude":45.07141016,"longitude":7.68203017,"canPickup":true,"canDropoff":true,"openingstijden":{"za":"08:00 - 22:00","zo":"08:00 - 22:00","ma":"08:00 - 22:00","di":"08:00 - 22:00","wo":"08:00 - 22:00","do":"08:00 - 22:00","vr":"08:00 - 22:00"}}},{"type":"Feature","geometry":{"type":"Point","coordinates":[7.62400751,45.07531538]},"properties":{"type":"pakketpunt","locatieNaam":"Supermercato Conad","straatNaam":"Corso Bernardino Telesio","straatNr":"3","vervoerder":"PosteItaliane","puntType":"automaat","bezettingsgraad":50,"latitude":45.07531538,"longitude":7.62400751,"canPickup":true,"canDropoff":true,"openingstijden":{"za":"08:00 - 20:30","zo":"08:00 - 20:00","ma":"08:00 - 20:30","di":"08:00 - 20:30","wo":"08:00 - 20:30","do":"08:00 - 20:30","vr":"08:00 - 20:30"}}},{"type":"Feature","geometry":{"type":"Point","coordinates":[7.62828137,45.08209938]},"properties":{"type":"pakketpunt","locatieNaam":"Tabaccheria N. 519","straatNaam":"Corso Bernardino Telesio","straatNr":"91","vervoerder":"PosteItaliane","puntType":"servicepunt","bezettingsgraad":50,"latitude":45.08209938,"longitude":7.62828137,"canPickup":true,"canDropoff":true,"openingstijden":{"za":"08:00 - 12:30, 15:00 - 19:30","zo":"gesloten","ma":"08:00 - 12:30, 15:00 - 19:30","di":"08:00 - 12:30, 15:00 - 19:30","wo":"08:00 - 12:30, 15:00 - 19:30","do":"08:00 - 13:00, 15:00 - 19:30","vr":"08:00 - 12:30, 15:00 - 19:30"}}},{"type":"Feature","geometry":{"type":"Point","coordinates":[7.70522264,45.09634916]},"properties":{"type":"pakketpunt","locatieNaam":"Alimentari Pergolesi","straatNaam":"Via Giambattista Pergolesi","straatNr":"74","vervoerder":"PosteItaliane","puntType":"servicepunt","bezettingsgraad":50,"latitude":45.09634916,"longitude":7.70522264,"canPickup":true,"canDropoff":true,"openingstijden":{"za":"07:30 - 12:30","zo":"gesloten","ma":"07:30 - 12:30, 15:30 - 19:00","di":"07:30 - 12:30, 15:30 - 19:00","wo":"07:30 - 12:30, 15:30 - 19:00","do":"07:30 - 12:30, 15:30 - 19:00","vr":"07:30 - 12:30, 15:30 - 19:00"}}},{"type":"Feature","geometry":{"type":"Point","coordinates":[7.64051521,45.0694783]},"properties":{"type":"pakketpunt","locatieNaam":"Fixit Informatica","straatNaam":"Via Vicoforte","straatNr":"8","vervoerder":"PosteItaliane","puntType":"servicepunt","bezettingsgraad":50,"latitude":45.0694783,"longitude":7.64051521,"canPickup":true,"canDropoff":true,"openingstijden":{"za":"gesloten","zo":"gesloten","ma":"10:00 - 18:00","di":"09:30 - 12:30, 15:30 - 18:30","wo":"10:00 - 18:00","do":"09:30 - 12:30, 14:30 - 18:30","vr":"09:30 - 12:30, 14:30 - 18:30"}}},{"type":"Feature","geometry":{"type":"Point","coordinates":[7.63640371,45.06774656]},"properties":{"type":"pakketpunt","locatieNaam":"Tabaccheria N. 520","straatNaam":"Via Candido Viberti","straatNr":"13/a","vervoerder":"PosteItaliane","puntType":"servicepunt","bezettingsgraad":50,"latitude":45.06774656,"longitude":7.63640371,"canPickup":true,"canDropoff":true,"openingstijden":{"za":"08:00 - 13:00, 15:00 - 19:30","zo":"gesloten","ma":"07:30 - 13:00, 15:00 - 19:30","di":"07:30 - 13:00, 15:00 - 19:30","wo":"07:30 - 13:00, 15:00 - 19:30","do":"07:30 - 13:00, 15:00 - 19:30","vr":"07:30 - 13:00, 15:00 - 19:30"}}},{"type":"Feature","geometry":{"type":"Point","coordinates":[7.68282271,45.08820605]},"properties":{"type":"pakketpunt","locatieNaam":"Tabaccheria N. 351","straatNaam":"Via Francesco Cigna","straatNr":"84","vervoerder":"PosteItaliane","puntType":"servicepunt","bezettingsgraad":50,"latitude":45.08820605,"longitude":7.68282271,"canPickup":true,"canDropoff":true,"openingstijden":{"za":"07:30 - 13:00, 15:00 - 19:30","zo":"gesloten","ma":"07:30 - 13:00, 15:00 - 19:30","di":"07:30 - 13:00, 15:00 - 19:30","wo":"07:30 - 13:00, 15:00 - 19:30","do":"07:30 - 13:00, 15:00 - 19:30","vr":"07:30 - 13:00, 15:00 - 19:30"}}},{"type":"Feature","geometry":{"type":"Point","coordinates":[7.6946016,45.0646959]},"properties":{"type":"pakketpunt","locatieNaam":"Tabaccheria N. 51","straatNaam":"Piazza Vittorio Veneto","straatNr":"14","vervoerder":"PosteItaliane","puntType":"servicepunt","bezettingsgraad":50,"latitude":45.0646959,"longitude":7.6946016,"canPickup":true,"canDropoff":true,"openingstijden":{"za":"08:00 - 19:00","zo":"gesloten","ma":"08:00 - 19:00","di":"08:00 - 19:00","wo":"gesloten","do":"gesloten","vr":"gesloten"}}},{"type":"Feature","geometry":{"type":"Point","coordinates":[7.66753546,45.08181608]},"properties":{"type":"pakketpunt","locatieNaam":"Tabaccheria N. 265","straatNaam":"Corso Regina Margherita","straatNr":"181","vervoerder":"PosteItaliane","puntType":"servicepunt","bezettingsgraad":50,"latitude":45.08181608,"longitude":7.66753546,"canPickup":true,"canDropoff":true,"openingstijden":{"za":"07:00 - 13:00, 15:00 - 19:30","zo":"08:00 - 13:00","ma":"07:00 - 13:00, 15:00 - 19:30","di":"07:00 - 13:00, 15:00 - 19:30","wo":"07:00 - 13:00, 15:00 - 19:30","do":"07:00 - 13:00, 15:00 - 19:30","vr":"07:00 - 13:00, 15:00 - 19:30"}}},{"type":"Feature","geometry":{"type":"Point","coordinates":[7.64393344,45.02439554]},"properties":{"type":"pakketpunt","locatieNaam":"Tabaccheria N. 558","straatNaam":"Corso Traiano","straatNr":"49/a","vervoerder":"PosteItaliane","puntType":"servicepunt","bezettingsgraad":50,"latitude":45.02439554,"longitude":7.64393344,"canPickup":true,"canDropoff":true,"openingstijden":{"za":"05:30 - 21:00","zo":"05:30 - 14:00","ma":"05:30 - 21:00","di":"05:30 - 21:00","wo":"05:30 - 21:00","do":"05:30 - 21:00","vr":"05:30 - 21:00"}}},{"type":"Feature","geometry":{"type":"Point","coordinates":[7.69967231,45.09905068]},"properties":{"type":"pakketpunt","locatieNaam":"Sival Impianti","straatNaam":"Via Riccardo Zandonai","straatNr":"1","vervoerder":"PosteItaliane","puntType":"servicepunt","bezettingsgraad":50,"latitude":45.09905068,"longitude":7.69967231,"canPickup":true,"canDropoff":true,"openingstijden":{"za":"gesloten","zo":"gesloten","ma":"09:00 - 18:00","di":"09:00 - 18:00","wo":"09:00 - 18:00","do":"09:00 - 18:00","vr":"09:00 - 18:00"}}},{"type":"Feature","geometry":{"type":"Point","coordinates":[7.68272114,45.05761512]},"properties":{"type":"pakketpunt","locatieNaam":"Leo Trasporti","straatNaam":"Via Madama Cristina","straatNr":"20/d","vervoerder":"PosteItaliane","puntType":"servicepunt","bezettingsgraad":50,"latitude":45.05761512,"longitude":7.68272114,"canPickup":true,"canDropoff":true,"openingstijden":{"za":"09:00 - 12:00","zo":"gesloten","ma":"09:00 - 13:00, 14:00 - 18:00","di":"09:00 - 13:00, 14:00 - 18:00","wo":"09:00 - 13:00, 14:00 - 18:00","do":"09:00 - 13:00, 14:00 - 18:00","vr":"09:00 - 13:00, 14:00 - 18:00"}}},{"type":"Feature","geometry":{"type":"Point","coordinates":[7.63389678,45.04443511]},"properties":{"type":"pakketpunt","locatieNaam":"Derby Football Center","straatNaam":"Corso Siracusa","straatNr":"112/b","vervoerder":"PosteItaliane","puntType":"servicepunt","bezettingsgraad":50,"latitude":45.04443511,"longitude":7.63389678,"canPickup":true,"canDropoff":true,"openingstijden":{"za":"10:00 - 12:30","zo":"gesloten","ma":"16:00 - 19:30","di":"10:00 - 12:30, 15:00 - 19:30","wo":"10:00 - 12:30, 15:00 - 19:30","do":"10:00 - 12:30, 15:00 - 19:30","vr":"10:00 - 12:30, 15:00 - 19:30"}}},{"type":"Feature","geometry":{"type":"Point","coordinates":[7.64290339,45.06262557]},"properties":{"type":"pakketpunt","locatieNaam":"Tabaccheria N. 522","straatNaam":"Via Pollenzo","straatNr":"58/b","vervoerder":"PosteItaliane","puntType":"servicepunt","bezettingsgraad":50,"latitude":45.06262557,"longitude":7.64290339,"canPickup":true,"canDropoff":true,"openingstijden":{"za":"07:30 - 12:30, 15:30 - 19:30","zo":"gesloten","ma":"07:30 - 12:30, 15:30 - 19:30","di":"07:30 - 12:30, 15:30 - 19:30","wo":"07:30 - 12:30, 15:30 - 19:30","do":"07:30 - 12:30, 15:30 - 19:30","vr":"07:30 - 12:30, 15:30 - 19:30"}}},{"type":"Feature","geometry":{"type":"Point","coordinates":[7.6754759,45.09365568]},"properties":{"type":"pakketpunt","locatieNaam":"Tabaccheria N. 113","straatNaam":"Via Stradella","straatNr":"56/d","vervoerder":"PosteItaliane","puntType":"servicepunt","bezettingsgraad":50,"latitude":45.09365568,"longitude":7.6754759,"canPickup":true,"canDropoff":true,"openingstijden":{"za":"07:30 - 13:00, 14:30 - 19:30","zo":"gesloten","ma":"07:30 - 13:00, 14:30 - 19:30","di":"07:30 - 13:00, 14:30 - 19:30","wo":"07:30 - 13:00, 14:30 - 19:30","do":"07:30 - 13:00, 14:30 - 19:30","vr":"07:30 - 13:00, 14:30 - 19:30"}}},{"type":"Feature","geometry":{"type":"Point","coordinates":[7.65879864,45.11412413]},"properties":{"type":"pakketpunt","locatieNaam":"Tabaccheria N. 451","straatNaam":"Strada Lanzo","straatNr":"117/a","vervoerder":"PosteItaliane","puntType":"servicepunt","bezettingsgraad":50,"latitude":45.11412413,"longitude":7.65879864,"canPickup":true,"canDropoff":true,"openingstijden":{"za":"08:30 - 13:00, 15:30 - 19:30","zo":"gesloten","ma":"08:30 - 13:00, 15:30 - 19:30","di":"08:30 - 13:00, 15:30 - 19:30","wo":"08:30 - 13:00, 15:30 - 19:30","do":"08:30 - 13:00, 15:30 - 19:30","vr":"08:30 - 13:00, 15:30 - 19:30"}}},{"type":"Feature","geometry":{"type":"Point","coordinates":[7.62049587,45.06228439]},"properties":{"type":"pakketpunt","locatieNaam":"La Penna Alata","straatNaam":"Via Bionaz","straatNr":"31/a","vervoerder":"PosteItaliane","puntType":"servicepunt","bezettingsgraad":50,"latitude":45.06228439,"longitude":7.62049587,"canPickup":true,"canDropoff":true,"openingstijden":{"za":"08:30 - 12:30","zo":"gesloten","ma":"08:30 - 12:30, 16:00 - 18:30","di":"08:30 - 12:30, 16:00 - 18:30","wo":"08:30 - 12:30, 16:00 - 18:30","do":"08:30 - 12:30, 16:00 - 18:30","vr":"08:30 - 12:30, 16:00 - 18:30"}}},{"type":"Feature","geometry":{"type":"Point","coordinates":[7.68501321,45.1057207]},"properties":{"type":"pakketpunt","locatieNaam":"Admiral Mondo Caffe","straatNaam":"Via Ala Di Stura","straatNr":"50/e","vervoerder":"PosteItaliane","puntType":"servicepunt","bezettingsgraad":50,"latitude":45.1057207,"longitude":7.68501321,"canPickup":true,"canDropoff":true,"openingstijden":{"za":"14:00 - 17:30","zo":"gesloten","ma":"14:00 - 17:30","di":"14:00 - 17:30","wo":"14:00 - 17:30","do":"14:00 - 17:30","vr":"14:00 - 17:30"}}},{"type":"Feature","geometry":{"type":"Point","coordinates":[7.68278707,45.057419]},"properties":{"type":"pakketpunt","locatieNaam":"Tabaccheria N. 99","straatNaam":"Via Madama Cristina","straatNr":"21","vervoerder":"PosteItaliane","puntType":"servicepunt","bezettingsgraad":50,"latitude":45.057419,"longitude":7.68278707,"canPickup":true,"canDropoff":true,"openingstijden":{"za":"07:30 - 19:30","zo":"gesloten","ma":"07:30 - 19:30","di":"07:30 - 19:30","wo":"07:30 - 19:30","do":"07:30 - 19:30","vr":"07:30 - 19:30"}}},{"type":"Feature","geometry":{"type":"Point","coordinates":[7.66874255,45.03588067]},"properties":{"type":"pakketpunt","locatieNaam":"L'edicola Souvenir Cancelleria","straatNaam":"Via Nizza","straatNr":"231/d","vervoerder":"PosteItaliane","puntType":"servicepunt","bezettingsgraad":50,"latitude":45.03588067,"longitude":7.66874255,"canPickup":true,"canDropoff":true,"openingstijden":{"za":"07:00 - 13:00","zo":"08:00 - 12:30","ma":"07:30 - 13:00, 16:00 - 19:00","di":"07:00 - 13:00, 16:00 - 19:00","wo":"07:00 - 13:00, 16:00 - 19:00","do":"07:00 - 13:00, 16:00 - 19:00","vr":"07:00 - 13:00, 16:00 - 19:00"}}},{"type":"Feature","geometry":{"type":"Point","coordinates":[7.63910931,45.0730101]},"properties":{"type":"pakketpunt","locatieNaam":"J And J Multiservizi","straatNaam":"Via Rubiana","straatNr":"26/c","vervoerder":"PosteItaliane","puntType":"servicepunt","bezettingsgraad":50,"latitude":45.0730101,"longitude":7.63910931,"canPickup":true,"canDropoff":true,"openingstijden":{"za":"gesloten","zo":"gesloten","ma":"10:00 - 12:30, 14:30 - 18:00","di":"10:00 - 12:30, 14:30 - 18:00","wo":"10:00 - 12:30, 14:30 - 18:00","do":"10:00 - 12:30, 14:30 - 18:00","vr":"10:00 - 12:30, 14:30 - 18:00"}}},{"type":"Feature","geometry":{"type":"Point","coordinates":[7.67148476,45.04373446]},"properties":{"type":"pakketpunt","locatieNaam":"Tabaccheria N. 267","straatNaam":"Via Nizza","straatNr":"108/a","vervoerder":"PosteItaliane","puntType":"servicepunt","bezettingsgraad":50,"latitude":45.04373446,"longitude":7.67148476,"canPickup":true,"canDropoff":true,"openingstijden":{"za":"08:30 - 13:00, 15:30 - 19:30","zo":"gesloten","ma":"08:30 - 13:00, 15:30 - 19:30","di":"08:30 - 13:00, 15:30 - 19:30","wo":"08:30 - 13:00, 15:30 - 19:30","do":"08:30 - 13:00, 15:30 - 19:30","vr":"08:30 - 13:00, 15:30 - 19:30"}}},{"type":"Feature","geometry":{"type":"Point","coordinates":[7.68977404,45.07997856]},"properties":{"type":"pakketpunt","locatieNaam":"Puff Store Vapers Cafe","straatNaam":"Via Bologna","straatNr":"3/d","vervoerder":"PosteItaliane","puntType":"servicepunt","bezettingsgraad":50,"latitude":45.07997856,"longitude":7.68977404,"canPickup":true,"canDropoff":true,"openingstijden":{"za":"11:00 - 13:30, 16:00 - 19:00","zo":"gesloten","ma":"10:00 - 13:30, 16:00 - 19:00","di":"10:00 - 13:30, 16:00 - 19:00","wo":"10:00 - 13:30, 16:00 - 19:00","do":"10:00 - 13:30, 16:00 - 19:00","vr":"10:00 - 13:30, 16:00 - 19:00"}}},{"type":"Feature","geometry":{"type":"Point","coordinates":[7.68053,45.06117]},"properties":{"type":"pakketpunt","locatieNaam":"Tabaccheria N. 71","straatNaam":"Via San Pio V","straatNr":"2/h","vervoerder":"PosteItaliane","puntType":"servicepunt","bezettingsgraad":50,"latitude":45.06117,"longitude":7.68053,"canPickup":true,"canDropoff":true,"openingstijden":{"za":"08:00 - 13:00, 15:00 - 19:00","zo":"gesloten","ma":"08:00 - 13:00, 15:00 - 19:00","di":"08:00 - 13:00, 15:00 - 19:00","wo":"08:00 - 13:00, 15:00 - 19:00","do":"08:00 - 13:00, 15:00 - 19:00","vr":"08:00 - 13:00, 15:00 - 19:00"}}},{"type":"Feature","geometry":{"type":"Point","coordinates":[7.69465729,45.06898765]},"properties":{"type":"pakketpunt","locatieNaam":"Libropoli - Torino","straatNaam":"Via Sant'ottavio","straatNr":"25","vervoerder":"PosteItaliane","puntType":"servicepunt","bezettingsgraad":50,"latitude":45.06898765,"longitude":7.69465729,"canPickup":true,"canDropoff":true,"openingstijden":{"za":"09:30 - 13:00","zo":"gesloten","ma":"09:00 - 19:00","di":"09:00 - 19:00","wo":"09:00 - 19:00","do":"09:00 - 19:00","vr":"09:00 - 19:00"}}},{"type":"Feature","geometry":{"type":"Point","coordinates":[7.64019432,45.02266305]},"properties":{"type":"pakketpunt","locatieNaam":"Cose Preziose Mercatino","straatNaam":"Via Nichelino","straatNr":"16/b","vervoerder":"PosteItaliane","puntType":"servicepunt","bezettingsgraad":50,"latitude":45.02266305,"longitude":7.64019432,"canPickup":true,"canDropoff":true,"openingstijden":{"za":"09:00 - 12:00, 15:00 - 19:00","zo":"08:20 - 10:30","ma":"09:00 - 12:00, 15:00 - 19:00","di":"09:00 - 12:00, 15:00 - 19:00","wo":"09:00 - 12:00, 15:00 - 19:00","do":"09:00 - 12:00, 15:00 - 19:00","vr":"09:00 - 12:00, 15:00 - 19:00"}}},{"type":"Feature","geometry":{"type":"Point","coordinates":[7.65972317,45.06046157]},"properties":{"type":"pakketpunt","locatieNaam":"Tabaccheria N. 400","straatNaam":"Corso Luigi Einaudi","straatNr":"53","vervoerder":"PosteItaliane","puntType":"servicepunt","bezettingsgraad":50,"latitude":45.06046157,"longitude":7.65972317,"canPickup":true,"canDropoff":true,"openingstijden":{"za":"08:00 - 13:00","zo":"gesloten","ma":"08:00 - 19:00","di":"08:00 - 19:00","wo":"08:00 - 19:00","do":"08:00 - 19:00","vr":"08:00 - 19:00"}}},{"type":"Feature","geometry":{"type":"Point","coordinates":[7.64893387,45.05539506]},"properties":{"type":"pakketpunt","locatieNaam":"Tabaccheria N. 353","straatNaam":"Corso Racconigi","straatNr":"225/a","vervoerder":"PosteItaliane","puntType":"servicepunt","bezettingsgraad":50,"latitude":45.05539506,"longitude":7.64893387,"canPickup":true,"canDropoff":true,"openingstijden":{"za":"07:00 - 12:30, 14:30 - 19:30","zo":"gesloten","ma":"07:00 - 12:30, 14:30 - 19:30","di":"07:00 - 12:30, 14:30 - 19:30","wo":"07:00 - 12:30, 14:30 - 19:30","do":"07:00 - 12:30, 14:30 - 19:30","vr":"07:00 - 12:30, 14:30 - 19:30"}}},{"type":"Feature","geometry":{"type":"Point","coordinates":[7.68002279,45.0748547]},"properties":{"type":"pakketpunt","locatieNaam":"Tabaccheria N. 36","straatNaam":"Via Sant'agostino","straatNr":"13/a","vervoerder":"PosteItaliane","puntType":"servicepunt","bezettingsgraad":50,"latitude":45.0748547,"longitude":7.68002279,"canPickup":true,"canDropoff":true,"openingstijden":{"za":"11:00 - 23:30","zo":"gesloten","ma":"09:30 - 20:00","di":"08:00 - 20:00","wo":"08:00 - 20:00","do":"08:00 - 20:00","vr":"09:30 - 23:30"}}},{"type":"Feature","geometry":{"type":"Point","coordinates":[7.69261645,45.0798397]},"properties":{"type":"pakketpunt","locatieNaam":"Delivery Experiences","straatNaam":"Corso Palermo","straatNr":"25/c","vervoerder":"PosteItaliane","puntType":"servicepunt","bezettingsgraad":50,"latitude":45.0798397,"longitude":7.69261645,"canPickup":true,"canDropoff":true,"openingstijden":{"za":"09:00 - 12:30","zo":"gesloten","ma":"09:00 - 12:30, 14:00 - 18:00","di":"09:00 - 12:30, 14:00 - 18:00","wo":"09:00 - 12:30, 14:00 - 18:00","do":"09:00 - 12:30, 14:00 - 18:00","vr":"09:00 - 12:30, 14:00 - 18:00"}}},{"type":"Feature","geometry":{"type":"Point","coordinates":[7.63907,45.0617]},"properties":{"type":"pakketpunt","locatieNaam":"Tabaccheria N. 463","straatNaam":"Largo Vincenzo Lancia","straatNr":"52/d","vervoerder":"PosteItaliane","puntType":"servicepunt","bezettingsgraad":50,"latitude":45.0617,"longitude":7.63907,"canPickup":true,"canDropoff":true,"openingstijden":{"za":"08:30 - 18:00","zo":"gesloten","ma":"08:30 - 18:00","di":"08:30 - 18:00","wo":"08:30 - 18:00","do":"08:30 - 18:00","vr":"08:30 - 18:00"}}},{"type":"Feature","geometry":{"type":"Point","coordinates":[7.65809654,45.056333]},"properties":{"type":"pakketpunt","locatieNaam":"Tabaccheria N. 321","straatNaam":"Corso Duca Degli Abruzzi","straatNr":"70","vervoerder":"PosteItaliane","puntType":"servicepunt","bezettingsgraad":50,"latitude":45.056333,"longitude":7.65809654,"canPickup":true,"canDropoff":true,"openingstijden":{"za":"08:30 - 13:00, 15:30 - 19:30","zo":"gesloten","ma":"08:00 - 13:00, 15:30 - 19:30","di":"08:00 - 13:00, 15:30 - 19:30","wo":"08:00 - 13:00, 15:30 - 19:30","do":"08:00 - 13:00, 15:30 - 19:30","vr":"08:00 - 13:00, 15:30 - 19:30"}}},{"type":"Feature","geometry":{"type":"Point","coordinates":[7.63640598,45.04799867]},"properties":{"type":"pakketpunt","locatieNaam":"Tabaccheria N. 394","straatNaam":"Corso Sebastopoli","straatNr":"247","vervoerder":"PosteItaliane","puntType":"servicepunt","bezettingsgraad":50,"latitude":45.04799867,"longitude":7.63640598,"canPickup":true,"canDropoff":true,"openingstijden":{"za":"07:00 - 12:30, 14:30 - 19:30","zo":"gesloten","ma":"07:00 - 12:30, 14:30 - 19:30","di":"07:00 - 12:30, 14:30 - 19:30","wo":"07:00 - 12:30, 14:30 - 19:30","do":"07:00 - 12:30, 14:30 - 19:30","vr":"07:00 - 12:30, 14:30 - 19:30"}}},{"type":"Feature","geometry":{"type":"Point","coordinates":[7.67991001,45.05811443]},"properties":{"type":"pakketpunt","locatieNaam":"Tabaccheria N. 313","straatNaam":"Via Belfiore","straatNr":"16/g","vervoerder":"PosteItaliane","puntType":"servicepunt","bezettingsgraad":50,"latitude":45.05811443,"longitude":7.67991001,"canPickup":true,"canDropoff":true,"openingstijden":{"za":"08:00 - 13:00, 15:00 - 19:30","zo":"gesloten","ma":"gesloten","di":"gesloten","wo":"gesloten","do":"gesloten","vr":"gesloten"}}},{"type":"Feature","geometry":{"type":"Point","coordinates":[7.64337868,45.0363918]},"properties":{"type":"pakketpunt","locatieNaam":"European Webmasters Agency","straatNaam":"Via Buenos Aires","straatNr":"43/a","vervoerder":"PosteItaliane","puntType":"servicepunt","bezettingsgraad":50,"latitude":45.0363918,"longitude":7.64337868,"canPickup":true,"canDropoff":true,"openingstijden":{"za":"09:00 - 12:30","zo":"gesloten","ma":"09:00 - 12:30, 15:00 - 18:00","di":"09:00 - 12:30, 15:00 - 18:00","wo":"09:00 - 12:30, 15:00 - 18:00","do":"09:00 - 12:30, 15:00 - 18:00","vr":"09:00 - 12:30, 15:00 - 18:00"}}},{"type":"Feature","geometry":{"type":"Point","coordinates":[7.66262466,45.07920226]},"properties":{"type":"pakketpunt","locatieNaam":"Kipoint Via Cibrario","straatNaam":"Via Luigi Cibrario","straatNr":"32/bis","vervoerder":"PosteItaliane","puntType":"servicepunt","bezettingsgraad":50,"latitude":45.07920226,"longitude":7.66262466,"canPickup":true,"canDropoff":true,"openingstijden":{"za":"09:00 - 12:30","zo":"gesloten","ma":"09:00 - 18:30","di":"09:00 - 18:30","wo":"09:00 - 18:30","do":"09:00 - 18:30","vr":"09:00 - 18:30"}}},{"type":"Feature","geometry":{"type":"Point","coordinates":[7.65078061,45.05414524]},"properties":{"type":"pakketpunt","locatieNaam":"Panetteria Pasticceria Riga","straatNaam":"Corso Carlo E Nello Rosselli","straatNr":"125/e","vervoerder":"PosteItaliane","puntType":"servicepunt","bezettingsgraad":50,"latitude":45.05414524,"longitude":7.65078061,"canPickup":true,"canDropoff":true,"openingstijden":{"za":"07:00 - 13:30, 16:00 - 19:30","zo":"gesloten","ma":"07:00 - 13:30, 16:00 - 19:30","di":"07:00 - 13:30, 16:00 - 19:30","wo":"07:00 - 13:30, 16:00 - 19:30","do":"07:00 - 13:30, 16:00 - 19:30","vr":"07:00 - 13:30, 16:00 - 19:30"}}},{"type":"Feature","geometry":{"type":"Point","coordinates":[7.62622299,45.07982191]},"properties":{"type":"pakketpunt","locatieNaam":"Cartolibreria Via Asinari","straatNaam":"Via Vittorio Asinari Di Bernezzo","straatNr":"115/b","vervoerder":"PosteItaliane","puntType":"servicepunt","bezettingsgraad":50,"latitude":45.07982191,"longitude":7.62622299,"canPickup":true,"canDropoff":true,"openingstijden":{"za":"09:00 - 12:30","zo":"gesloten","ma":"08:30 - 12:30, 15:30 - 19:30","di":"08:30 - 12:30, 15:30 - 19:30","wo":"08:30 - 12:30, 15:30 - 19:00","do":"08:30 - 12:30, 15:30 - 19:30","vr":"08:30 - 12:30, 15:30 - 19:30"}}},{"type":"Feature","geometry":{"type":"Point","coordinates":[7.67497664,45.11079064]},"properties":{"type":"pakketpunt","locatieNaam":"Lavaggio Ip Superchemical","straatNaam":"Via Guglielmo Reiss Romoli","straatNr":"236","vervoerder":"PosteItaliane","puntType":"servicepunt","bezettingsgraad":50,"latitude":45.11079064,"longitude":7.67497664,"canPickup":true,"canDropoff":true,"openingstijden":{"za":"08:30 - 18:00","zo":"gesloten","ma":"08:30 - 18:00","di":"08:30 - 18:00","wo":"08:30 - 18:00","do":"08:30 - 18:00","vr":"08:30 - 18:00"}}},{"type":"Feature","geometry":{"type":"Point","coordinates":[7.68489796,45.05808855]},"properties":{"type":"pakketpunt","locatieNaam":"Tabaccheria N. 148","straatNaam":"Via Ormea","straatNr":"15","vervoerder":"PosteItaliane","puntType":"servicepunt","bezettingsgraad":50,"latitude":45.05808855,"longitude":7.68489796,"canPickup":true,"canDropoff":true,"openingstijden":{"za":"07:30 - 19:30","zo":"gesloten","ma":"07:30 - 19:30","di":"07:30 - 19:30","wo":"07:30 - 19:30","do":"07:30 - 19:30","vr":"07:30 - 19:30"}}},{"type":"Feature","geometry":{"type":"Point","coordinates":[7.63996917,45.05974936]},"properties":{"type":"pakketpunt","locatieNaam":"Tabaccheria N. 537","straatNaam":"Via Issiglio","straatNr":"111/6","vervoerder":"PosteItaliane","puntType":"servicepunt","bezettingsgraad":50,"latitude":45.05974936,"longitude":7.63996917,"canPickup":true,"canDropoff":true,"openingstijden":{"za":"07:30 - 19:30","zo":"gesloten","ma":"07:30 - 19:30","di":"07:30 - 19:30","wo":"07:30 - 19:30","do":"07:30 - 19:30","vr":"07:30 - 19:30"}}},{"type":"Feature","geometry":{"type":"Point","coordinates":[7.6642,45.01957]},"properties":{"type":"pakketpunt","locatieNaam":"Tabaccheria N. 408","straatNaam":"Via Genova","straatNr":"232/b","vervoerder":"PosteItaliane","puntType":"servicepunt","bezettingsgraad":50,"latitude":45.01957,"longitude":7.6642,"canPickup":true,"canDropoff":true,"openingstijden":{"za":"06:00 - 20:00","zo":"gesloten","ma":"06:00 - 20:00","di":"06:00 - 20:00","wo":"06:00 - 20:00","do":"06:00 - 20:00","vr":"06:00 - 20:00"}}},{"type":"Feature","geometry":{"type":"Point","coordinates":[7.63016039,45.05422308]},"properties":{"type":"pakketpunt","locatieNaam":"Tabaccheria N. 472","straatNaam":"Via Arbe","straatNr":"28","vervoerder":"PosteItaliane","puntType":"servicepunt","bezettingsgraad":50,"latitude":45.05422308,"longitude":7.63016039,"canPickup":true,"canDropoff":true,"openingstijden":{"za":"07:00 - 19:00","zo":"08:00 - 13:02","ma":"06:10 - 19:00","di":"06:10 - 19:00","wo":"06:00 - 19:00","do":"06:00 - 19:00","vr":"06:00 - 19:00"}}},{"type":"Feature","geometry":{"type":"Point","coordinates":[7.70685631,45.05252224]},"properties":{"type":"pakketpunt","locatieNaam":"Tabaccheria N. 158","straatNaam":"Piazzale Adua","straatNr":"6","vervoerder":"PosteItaliane","puntType":"servicepunt","bezettingsgraad":50,"latitude":45.05252224,"longitude":7.70685631,"canPickup":true,"canDropoff":true,"openingstijden":{"za":"07:00 - 13:00, 15:00 - 19:30","zo":"gesloten","ma":"07:00 - 19:30","di":"07:00 - 19:30","wo":"07:00 - 19:30","do":"07:00 - 19:30","vr":"07:00 - 19:30"}}},{"type":"Feature","geometry":{"type":"Point","coordinates":[7.65060906,45.05186819]},"properties":{"type":"pakketpunt","locatieNaam":"Trilli Express","straatNaam":"Largo Tirreno","straatNr":"121/c","vervoerder":"PosteItaliane","puntType":"servicepunt","bezettingsgraad":50,"latitude":45.05186819,"longitude":7.65060906,"canPickup":true,"canDropoff":true,"openingstijden":{"za":"08:30 - 12:30","zo":"gesloten","ma":"08:30 - 12:30, 15:00 - 19:00","di":"08:30 - 12:30, 15:00 - 19:00","wo":"08:30 - 12:30, 15:00 - 19:00","do":"08:30 - 12:30, 15:00 - 19:00","vr":"08:30 - 12:30, 15:00 - 19:00"}}},{"type":"Feature","geometry":{"type":"Point","coordinates":[7.71630553,45.07166422]},"properties":{"type":"pakketpunt","locatieNaam":"Bar Il Cicchetto","straatNaam":"Piazza Enrico Toti","straatNr":"14/c","vervoerder":"PosteItaliane","puntType":"servicepunt","bezettingsgraad":50,"latitude":45.07166422,"longitude":7.71630553,"canPickup":true,"canDropoff":true,"openingstijden":{"za":"08:00 - 19:30","zo":"gesloten","ma":"08:00 - 19:30","di":"08:00 - 19:30","wo":"08:00 - 19:30","do":"08:00 - 19:30","vr":"08:00 - 19:30"}}},{"type":"Feature","geometry":{"type":"Point","coordinates":[7.69421993,45.10266043]},"properties":{"type":"pakketpunt","locatieNaam":"Telefonia - Piazza Rebaudengo","straatNaam":"Piazza Conti Di Rebaudengo","straatNr":"7","vervoerder":"PosteItaliane","puntType":"servicepunt","bezettingsgraad":50,"latitude":45.10266043,"longitude":7.69421993,"canPickup":true,"canDropoff":true,"openingstijden":{"za":"gesloten","zo":"gesloten","ma":"09:00 - 13:00, 14:00 - 19:00","di":"09:00 - 13:00, 14:00 - 19:00","wo":"09:00 - 13:00, 14:00 - 19:00","do":"09:00 - 13:00, 14:00 - 19:00","vr":"09:00 - 13:00, 14:00 - 19:00"}}},{"type":"Feature","geometry":{"type":"Point","coordinates":[7.71482727,45.09309589]},"properties":{"type":"pakketpunt","locatieNaam":"Tabaccheria N. 380","straatNaam":"Via Bologna","straatNr":"262/d","vervoerder":"PosteItaliane","puntType":"servicepunt","bezettingsgraad":50,"latitude":45.09309589,"longitude":7.71482727,"canPickup":true,"canDropoff":true,"openingstijden":{"za":"06:00 - 20:00","zo":"07:00 - 14:00","ma":"06:00 - 20:00","di":"06:00 - 20:00","wo":"06:00 - 20:00","do":"06:00 - 20:00","vr":"06:00 - 20:00"}}},{"type":"Feature","geometry":{"type":"Point","coordinates":[7.67596705,45.04504407]},"properties":{"type":"pakketpunt","locatieNaam":"Eurolibri","straatNaam":"Via Ormea","straatNr":"142","vervoerder":"PosteItaliane","puntType":"servicepunt","bezettingsgraad":50,"latitude":45.04504407,"longitude":7.67596705,"canPickup":true,"canDropoff":true,"openingstijden":{"za":"09:30 - 13:00, 15:00 - 19:30","zo":"gesloten","ma":"09:30 - 13:00, 15:00 - 19:30","di":"09:30 - 13:00, 15:00 - 19:30","wo":"09:30 - 13:00, 15:00 - 19:30","do":"09:30 - 13:00, 15:00 - 19:30","vr":"09:30 - 13:00, 15:00 - 19:30"}}},{"type":"Feature","geometry":{"type":"Point","coordinates":[7.7034038,45.06920543]},"properties":{"type":"pakketpunt","locatieNaam":"Pancaffe' Bakery","straatNaam":"Via Giovanni Francesco Napione","straatNr":"36/b","vervoerder":"PosteItaliane","puntType":"servicepunt","bezettingsgraad":50,"latitude":45.06920543,"longitude":7.7034038,"canPickup":true,"canDropoff":true,"openingstijden":{"za":"07:30 - 12:00","zo":"gesloten","ma":"07:30 - 18:00","di":"07:30 - 18:00","wo":"07:30 - 18:00","do":"07:30 - 18:00","vr":"07:30 - 18:00"}}},{"type":"Feature","geometry":{"type":"Point","coordinates":[7.63061349,45.10444889]},"properties":{"type":"pakketpunt","locatieNaam":"Angolo Delle Spedizioni","straatNaam":"Via Delle Verbene","straatNr":"11","vervoerder":"PosteItaliane","puntType":"servicepunt","bezettingsgraad":50,"latitude":45.10444889,"longitude":7.63061349,"canPickup":true,"canDropoff":true,"openingstijden":{"za":"gesloten","zo":"gesloten","ma":"09:00 - 19:00","di":"09:00 - 19:00","wo":"09:00 - 19:00","do":"09:00 - 19:00","vr":"09:00 - 19:00"}}},{"type":"Feature","geometry":{"type":"Point","coordinates":[7.63855542,45.03827137]},"properties":{"type":"pakketpunt","locatieNaam":"Pts Telefonia","straatNaam":"Via Buenos Aires","straatNr":"86/c","vervoerder":"PosteItaliane","puntType":"servicepunt","bezettingsgraad":50,"latitude":45.03827137,"longitude":7.63855542,"canPickup":true,"canDropoff":true,"openingstijden":{"za":"gesloten","zo":"gesloten","ma":"09:00 - 12:30, 15:00 - 18:30","di":"09:00 - 12:30, 15:00 - 18:30","wo":"09:00 - 12:30, 15:00 - 18:30","do":"09:00 - 12:30, 15:00 - 18:30","vr":"09:00 - 12:30, 15:00 - 18:30"}}},{"type":"Feature","geometry":{"type":"Point","coordinates":[7.65672614,45.05327634]},"properties":{"type":"pakketpunt","locatieNaam":"Eco Store Crocetta","straatNaam":"Corso Alcide De Gasperi","straatNr":"73","vervoerder":"PosteItaliane","puntType":"automaat","bezettingsgraad":50,"latitude":45.05327634,"longitude":7.65672614,"canPickup":true,"canDropoff":true,"openingstijden":{"za":"07:00 - 19:00","zo":"gesloten","ma":"07:00 - 19:00","di":"07:00 - 19:00","wo":"07:00 - 19:00","do":"07:00 - 19:00","vr":"07:00 - 19:00"}}},{"type":"Feature","geometry":{"type":"Point","coordinates":[7.63915,45.07375]},"properties":{"type":"pakketpunt","locatieNaam":"Tabaccheria N. 272","straatNaam":"Via Rubiana","straatNr":"16/a","vervoerder":"PosteItaliane","puntType":"servicepunt","bezettingsgraad":50,"latitude":45.07375,"longitude":7.63915,"canPickup":true,"canDropoff":true,"openingstijden":{"za":"08:30 - 12:30, 15:30 - 19:30","zo":"gesloten","ma":"07:00 - 19:30","di":"07:00 - 19:30","wo":"07:00 - 19:30","do":"07:00 - 19:30","vr":"07:00 - 19:30"}}},{"type":"Feature","geometry":{"type":"Point","coordinates":[7.67113248,45.03134145]},"properties":{"type":"pakketpunt","locatieNaam":"Tabaccheria N. 347","straatNaam":"Via Ventimiglia","straatNr":"56","vervoerder":"PosteItaliane","puntType":"servicepunt","bezettingsgraad":50,"latitude":45.03134145,"longitude":7.67113248,"canPickup":true,"canDropoff":true,"openingstijden":{"za":"07:30 - 13:00, 14:30 - 19:00","zo":"gesloten","ma":"07:00 - 19:31","di":"07:00 - 19:31","wo":"07:00 - 19:31","do":"07:00 - 19:31","vr":"07:00 - 19:31"}}},{"type":"Feature","geometry":{"type":"Point","coordinates":[7.69386586,45.09620539]},"properties":{"type":"pakketpunt","locatieNaam":"Tabaccheria N. 253","straatNaam":"Via Renato Martorelli","straatNr":"57/a","vervoerder":"PosteItaliane","puntType":"servicepunt","bezettingsgraad":50,"latitude":45.09620539,"longitude":7.69386586,"canPickup":true,"canDropoff":true,"openingstijden":{"za":"08:00 - 12:30, 15:30 - 19:30","zo":"gesloten","ma":"08:00 - 12:30, 15:30 - 19:30","di":"08:00 - 12:30, 15:30 - 19:30","wo":"08:00 - 12:30, 15:30 - 19:30","do":"08:00 - 12:30, 15:30 - 19:30","vr":"08:00 - 12:30, 15:30 - 19:30"}}},{"type":"Feature","geometry":{"type":"Point","coordinates":[7.63717061,45.03677659]},"properties":{"type":"pakketpunt","locatieNaam":"Tabaccheria N. 215","straatNaam":"Via Don Giovanni Grioli","straatNr":"11","vervoerder":"PosteItaliane","puntType":"servicepunt","bezettingsgraad":50,"latitude":45.03677659,"longitude":7.63717061,"canPickup":true,"canDropoff":true,"openingstijden":{"za":"07:30 - 13:00, 15:30 - 19:30","zo":"gesloten","ma":"07:30 - 13:00, 15:30 - 19:30","di":"07:30 - 13:00, 15:30 - 19:30","wo":"07:30 - 13:00, 15:30 - 19:30","do":"07:30 - 13:00, 15:30 - 19:30","vr":"07:30 - 13:00, 15:30 - 19:30"}}},{"type":"Feature","geometry":{"type":"Point","coordinates":[7.64601546,45.05989788]},"properties":{"type":"pakketpunt","locatieNaam":"Tabaccheria N. 282","straatNaam":"Corso Racconigi","straatNr":"157/d","vervoerder":"PosteItaliane","puntType":"servicepunt","bezettingsgraad":50,"latitude":45.05989788,"longitude":7.64601546,"canPickup":true,"canDropoff":true,"openingstijden":{"za":"08:30 - 20:00","zo":"gesloten","ma":"08:30 - 20:00","di":"08:30 - 20:00","wo":"08:30 - 20:00","do":"08:30 - 20:00","vr":"08:30 - 20:00"}}},{"type":"Feature","geometry":{"type":"Point","coordinates":[7.65241848,45.06654354]},"properties":{"type":"pakketpunt","locatieNaam":"Parafarmacia Olistica Melograno","straatNaam":"Via Vigone","straatNr":"24/e","vervoerder":"PosteItaliane","puntType":"servicepunt","bezettingsgraad":50,"latitude":45.06654354,"longitude":7.65241848,"canPickup":true,"canDropoff":true,"openingstijden":{"za":"08:30 - 12:45, 15:30 - 19:15","zo":"gesloten","ma":"08:30 - 12:45, 15:30 - 19:15","di":"08:30 - 12:45, 15:30 - 19:15","wo":"08:30 - 12:45, 15:30 - 19:15","do":"08:30 - 12:45, 15:30 - 19:15","vr":"08:30 - 12:45, 15:30 - 19:15"}}},{"type":"Feature","geometry":{"type":"Point","coordinates":[7.64766711,45.04211069]},"properties":{"type":"pakketpunt","locatieNaam":"Kipoint Corso Agnelli","straatNaam":"Corso Giovanni Agnelli","straatNr":"22","vervoerder":"PosteItaliane","puntType":"servicepunt","bezettingsgraad":50,"latitude":45.04211069,"longitude":7.64766711,"canPickup":true,"canDropoff":true,"openingstijden":{"za":"01:00 - 02:00","zo":"gesloten","ma":"10:00 - 19:00","di":"10:00 - 19:00","wo":"10:00 - 19:00","do":"09:00 - 19:00","vr":"10:00 - 19:00"}}},{"type":"Feature","geometry":{"type":"Point","coordinates":[7.65081148,45.09618053]},"properties":{"type":"pakketpunt","locatieNaam":"La Bottega Di Fabrizio","straatNaam":"Via Val Della Torre","straatNr":"121/a","vervoerder":"PosteItaliane","puntType":"servicepunt","bezettingsgraad":50,"latitude":45.09618053,"longitude":7.65081148,"canPickup":true,"canDropoff":true,"openingstijden":{"za":"09:00 - 12:30, 16:00 - 19:00","zo":"10:00 - 12:00","ma":"09:30 - 12:30, 16:00 - 19:30","di":"gesloten","wo":"09:30 - 12:30, 16:00 - 19:30","do":"09:30 - 12:30, 16:00 - 19:30","vr":"09:30 - 12:30, 16:00 - 19:30"}}},{"type":"Feature","geometry":{"type":"Point","coordinates":[7.65007332,45.06728188]},"properties":{"type":"pakketpunt","locatieNaam":"Tabaccheria N. 248","straatNaam":"Via Cesana","straatNr":"51/a","vervoerder":"PosteItaliane","puntType":"servicepunt","bezettingsgraad":50,"latitude":45.06728188,"longitude":7.65007332,"canPickup":true,"canDropoff":true,"openingstijden":{"za":"07:30 - 13:00, 15:30 - 19:00","zo":"gesloten","ma":"07:30 - 13:00, 15:30 - 19:00","di":"07:30 - 13:00, 15:30 - 19:00","wo":"07:30 - 13:00, 15:30 - 19:00","do":"07:30 - 13:00, 15:30 - 19:00","vr":"07:30 - 13:00, 15:30 - 19:00"}}},{"type":"Feature","geometry":{"type":"Point","coordinates":[7.62099841,45.07185864]},"properties":{"type":"pakketpunt","locatieNaam":"Tabaccheria N. 445","straatNaam":"Via Vandalino","straatNr":"20/a","vervoerder":"PosteItaliane","puntType":"servicepunt","bezettingsgraad":50,"latitude":45.07185864,"longitude":7.62099841,"canPickup":true,"canDropoff":true,"openingstijden":{"za":"07:00 - 13:00","zo":"gesloten","ma":"07:00 - 13:00, 14:30 - 19:30","di":"07:00 - 13:00, 14:30 - 19:30","wo":"07:00 - 13:00, 14:30 - 19:30","do":"07:00 - 13:00, 14:30 - 19:30","vr":"07:00 - 13:00, 14:30 - 19:30"}}},{"type":"Feature","geometry":{"type":"Point","coordinates":[7.66200279,45.01908158]},"properties":{"type":"pakketpunt","locatieNaam":"Tabaccheria N. 198","straatNaam":"Via Nizza","straatNr":"380","vervoerder":"PosteItaliane","puntType":"servicepunt","bezettingsgraad":50,"latitude":45.01908158,"longitude":7.66200279,"canPickup":true,"canDropoff":true,"openingstijden":{"za":"06:45 - 18:45","zo":"gesloten","ma":"06:45 - 18:45","di":"06:45 - 18:45","wo":"06:45 - 18:45","do":"06:45 - 18:45","vr":"06:45 - 18:45"}}},{"type":"Feature","geometry":{"type":"Point","coordinates":[7.64463961,45.04341483]},"properties":{"type":"pakketpunt","locatieNaam":"Tabaccheria N. 431","straatNaam":"Via Tripoli","straatNr":"104/a","vervoerder":"PosteItaliane","puntType":"servicepunt","bezettingsgraad":50,"latitude":45.04341483,"longitude":7.64463961,"canPickup":true,"canDropoff":true,"openingstijden":{"za":"07:30 - 13:00, 15:00 - 19:30","zo":"gesloten","ma":"07:30 - 13:00, 15:00 - 19:30","di":"07:30 - 13:00, 15:00 - 19:30","wo":"07:30 - 13:00, 15:00 - 19:30","do":"07:30 - 13:00, 15:00 - 19:30","vr":"07:30 - 13:00, 15:00 - 19:30"}}},{"type":"Feature","geometry":{"type":"Point","coordinates":[7.63462565,45.07229083]},"properties":{"type":"pakketpunt","locatieNaam":"Tabaccheria N. 178","straatNaam":"Via Bardonecchia","straatNr":"116/a","vervoerder":"PosteItaliane","puntType":"servicepunt","bezettingsgraad":50,"latitude":45.07229083,"longitude":7.63462565,"canPickup":true,"canDropoff":true,"openingstijden":{"za":"09:00 - 12:20","zo":"gesloten","ma":"08:30 - 12:20, 16:00 - 18:30","di":"08:30 - 12:20, 16:00 - 18:30","wo":"08:30 - 12:20, 16:00 - 18:30","do":"08:30 - 12:20, 16:00 - 18:30","vr":"08:30 - 12:20, 16:00 - 18:30"}}},{"type":"Feature","geometry":{"type":"Point","coordinates":[7.65679068,45.05277638]},"properties":{"type":"pakketpunt","locatieNaam":"Tabaccheria N. 328","straatNaam":"Corso Carlo E Nello Rosselli","straatNr":"87","vervoerder":"PosteItaliane","puntType":"servicepunt","bezettingsgraad":50,"latitude":45.05277638,"longitude":7.65679068,"canPickup":true,"canDropoff":true,"openingstijden":{"za":"07:30 - 19:30","zo":"gesloten","ma":"07:30 - 19:30","di":"07:30 - 19:30","wo":"07:30 - 19:30","do":"07:30 - 19:30","vr":"07:30 - 19:30"}}},{"type":"Feature","geometry":{"type":"Point","coordinates":[7.69333201,45.08722287]},"properties":{"type":"pakketpunt","locatieNaam":"Tabaccheria N. 111","straatNaam":"Corso Palermo","straatNr":"90/h","vervoerder":"PosteItaliane","puntType":"servicepunt","bezettingsgraad":50,"latitude":45.08722287,"longitude":7.69333201,"canPickup":true,"canDropoff":true,"openingstijden":{"za":"08:30 - 13:00, 15:30 - 19:30","zo":"gesloten","ma":"08:30 - 13:00, 15:30 - 19:30","di":"08:30 - 13:00, 15:30 - 19:30","wo":"08:30 - 13:00, 15:30 - 19:30","do":"08:30 - 13:00, 15:30 - 19:30","vr":"08:30 - 13:00, 15:30 - 19:30"}}},{"type":"Feature","geometry":{"type":"Point","coordinates":[7.6721048,45.0724279]},"properties":{"type":"pakketpunt","locatieNaam":"Luckytel","straatNaam":"Via Cernaia","straatNr":"30/d","vervoerder":"PosteItaliane","puntType":"servicepunt","bezettingsgraad":50,"latitude":45.0724279,"longitude":7.6721048,"canPickup":true,"canDropoff":true,"openingstijden":{"za":"10:00 - 13:00, 15:00 - 17:00","zo":"gesloten","ma":"16:00 - 18:00","di":"10:00 - 13:00, 15:00 - 18:00","wo":"10:00 - 13:00, 15:00 - 18:00","do":"10:00 - 13:00, 15:00 - 18:00","vr":"10:00 - 13:00, 15:00 - 18:00"}}},{"type":"Feature","geometry":{"type":"Point","coordinates":[7.67285006,45.07462718]},"properties":{"type":"pakketpunt","locatieNaam":"Tabaccheria N. 322","straatNaam":"Corso Palestro","straatNr":"6","vervoerder":"PosteItaliane","puntType":"servicepunt","bezettingsgraad":50,"latitude":45.07462718,"longitude":7.67285006,"canPickup":true,"canDropoff":true,"openingstijden":{"za":"07:30 - 19:30","zo":"gesloten","ma":"07:30 - 19:30","di":"07:30 - 19:30","wo":"07:30 - 19:30","do":"07:30 - 19:30","vr":"07:30 - 19:30"}}},{"type":"Feature","geometry":{"type":"Point","coordinates":[7.65189,45.03633]},"properties":{"type":"pakketpunt","locatieNaam":"Tabaccheria N. 129","straatNaam":"Via Arnaldo Da Brescia","straatNr":"37/b","vervoerder":"PosteItaliane","puntType":"servicepunt","bezettingsgraad":50,"latitude":45.03633,"longitude":7.65189,"canPickup":true,"canDropoff":true,"openingstijden":{"za":"08:30 - 12:30, 15:00 - 19:30","zo":"gesloten","ma":"07:30 - 13:00, 15:00 - 19:30","di":"07:30 - 13:00, 15:00 - 19:30","wo":"07:30 - 13:00, 15:00 - 19:30","do":"07:30 - 13:00, 15:00 - 19:30","vr":"07:30 - 13:00, 15:00 - 19:30"}}},{"type":"Feature","geometry":{"type":"Point","coordinates":[7.65104797,45.08002631]},"properties":{"type":"pakketpunt","locatieNaam":"Telefonia Vainetwork All In One Store","straatNaam":"Via Nicola Fabrizi","straatNr":"29/a","vervoerder":"PosteItaliane","puntType":"servicepunt","bezettingsgraad":50,"latitude":45.08002631,"longitude":7.65104797,"canPickup":true,"canDropoff":true,"openingstijden":{"za":"09:30 - 13:00","zo":"gesloten","ma":"09:30 - 13:00, 15:30 - 19:00","di":"09:30 - 13:00, 15:30 - 19:00","wo":"09:30 - 13:00, 15:30 - 19:00","do":"09:30 - 13:00, 15:30 - 19:00","vr":"09:30 - 13:00, 15:30 - 19:00"}}},{"type":"Feature","geometry":{"type":"Point","coordinates":[7.67104279,45.05607747]},"properties":{"type":"pakketpunt","locatieNaam":"Incartuccia","straatNaam":"Via San Secondo","straatNr":"55/a","vervoerder":"PosteItaliane","puntType":"servicepunt","bezettingsgraad":50,"latitude":45.05607747,"longitude":7.67104279,"canPickup":true,"canDropoff":true,"openingstijden":{"za":"09:30 - 12:30","zo":"gesloten","ma":"15:30 - 19:30","di":"10:00 - 19:30","wo":"10:00 - 19:30","do":"10:00 - 19:30","vr":"10:00 - 14:00, 16:00 - 19:30"}}},{"type":"Feature","geometry":{"type":"Point","coordinates":[7.6783569,45.05066173]},"properties":{"type":"pakketpunt","locatieNaam":"Copisteria Via Buonarroti","straatNaam":"Via Michelangelo Buonarroti","straatNr":"22","vervoerder":"PosteItaliane","puntType":"servicepunt","bezettingsgraad":50,"latitude":45.05066173,"longitude":7.6783569,"canPickup":true,"canDropoff":true,"openingstijden":{"za":"gesloten","zo":"gesloten","ma":"09:00 - 18:30","di":"09:00 - 18:30","wo":"09:00 - 18:30","do":"09:00 - 18:30","vr":"09:00 - 18:30"}}},{"type":"Feature","geometry":{"type":"Point","coordinates":[7.65986252,45.07806986]},"properties":{"type":"pakketpunt","locatieNaam":"Tabaccheria N. 203","straatNaam":"Via Giacinto Collegno","straatNr":"17","vervoerder":"PosteItaliane","puntType":"servicepunt","bezettingsgraad":50,"latitude":45.07806986,"longitude":7.65986252,"canPickup":true,"canDropoff":true,"openingstijden":{"za":"08:30 - 13:00, 15:30 - 19:00","zo":"gesloten","ma":"08:00 - 13:00, 15:30 - 19:30","di":"08:00 - 13:00, 15:30 - 19:30","wo":"08:00 - 13:00, 15:30 - 19:30","do":"08:00 - 13:00, 15:30 - 19:30","vr":"08:00 - 13:00, 15:30 - 19:30"}}},{"type":"Feature","geometry":{"type":"Point","coordinates":[7.64228547,45.06447711]},"properties":{"type":"pakketpunt","locatieNaam":"Tabaccheria N. 263","straatNaam":"Via Monginevro","straatNr":"93","vervoerder":"PosteItaliane","puntType":"servicepunt","bezettingsgraad":50,"latitude":45.06447711,"longitude":7.64228547,"canPickup":true,"canDropoff":true,"openingstijden":{"za":"08:00 - 12:00, 14:30 - 19:00","zo":"gesloten","ma":"07:30 - 19:00","di":"07:30 - 19:00","wo":"07:30 - 19:00","do":"07:30 - 19:00","vr":"07:30 - 19:00"}}},{"type":"Feature","geometry":{"type":"Point","coordinates":[7.64165209,45.0373501]},"properties":{"type":"pakketpunt","locatieNaam":"Tabaccheria N. 397","straatNaam":"Via Tripoli","straatNr":"167/b","vervoerder":"PosteItaliane","puntType":"servicepunt","bezettingsgraad":50,"latitude":45.0373501,"longitude":7.64165209,"canPickup":true,"canDropoff":true,"openingstijden":{"za":"09:00 - 12:30, 16:00 - 19:30","zo":"gesloten","ma":"09:00 - 12:30, 16:00 - 19:30","di":"09:00 - 12:30, 16:00 - 19:30","wo":"09:00 - 12:30, 16:00 - 19:30","do":"09:00 - 12:30, 16:00 - 19:30","vr":"09:00 - 12:30, 16:00 - 19:30"}}},{"type":"Feature","geometry":{"type":"Point","coordinates":[7.70578406,45.0749359]},"properties":{"type":"pakketpunt","locatieNaam":"Riparazioni Revisioni Ravagnani","straatNaam":"Lungodora Voghera","straatNr":"6","vervoerder":"PosteItaliane","puntType":"automaat","bezettingsgraad":50,"latitude":45.0749359,"longitude":7.70578406,"canPickup":true,"canDropoff":true,"openingstijden":{"za":"gesloten","zo":"gesloten","ma":"08:00 - 12:00","di":"08:00 - 12:00","wo":"08:00 - 12:00","do":"08:00 - 12:00","vr":"08:00 - 12:00"}}},{"type":"Feature","geometry":{"type":"Point","coordinates":[7.65512333,45.07057367]},"properties":{"type":"pakketpunt","locatieNaam":"Tabaccheria N. 173","straatNaam":"Corso Francesco Ferrucci","straatNr":"34/e","vervoerder":"PosteItaliane","puntType":"servicepunt","bezettingsgraad":50,"latitude":45.07057367,"longitude":7.65512333,"canPickup":true,"canDropoff":true,"openingstijden":{"za":"08:00 - 12:00","zo":"gesloten","ma":"08:00 - 13:00, 15:00 - 19:00","di":"08:00 - 13:00, 15:00 - 19:00","wo":"08:00 - 13:00, 15:00 - 19:00","do":"08:00 - 13:00, 15:00 - 19:00","vr":"08:00 - 13:00, 15:00 - 19:00"}}},{"type":"Feature","geometry":{"type":"Point","coordinates":[7.63222987,45.0819055]},"properties":{"type":"pakketpunt","locatieNaam":"Tabaccheria N. 355","straatNaam":"Piazza Tommaso Campanella","straatNr":"7","vervoerder":"PosteItaliane","puntType":"servicepunt","bezettingsgraad":50,"latitude":45.0819055,"longitude":7.63222987,"canPickup":true,"canDropoff":true,"openingstijden":{"za":"07:00 - 13:00, 14:00 - 19:30","zo":"gesloten","ma":"07:00 - 13:00, 14:00 - 19:30","di":"07:00 - 13:00, 14:00 - 19:30","wo":"07:00 - 13:00, 14:00 - 19:30","do":"07:00 - 13:00, 14:00 - 19:30","vr":"07:00 - 13:00, 14:00 - 19:30"}}},{"type":"Feature","geometry":{"type":"Point","coordinates":[7.63644653,45.06504709]},"properties":{"type":"pakketpunt","locatieNaam":"Tabaccheria N. 363","straatNaam":"Corso Trapani","straatNr":"146","vervoerder":"PosteItaliane","puntType":"servicepunt","bezettingsgraad":50,"latitude":45.06504709,"longitude":7.63644653,"canPickup":true,"canDropoff":true,"openingstijden":{"za":"07:00 - 13:00, 15:00 - 19:30","zo":"gesloten","ma":"07:00 - 13:00, 15:00 - 19:30","di":"07:00 - 13:00, 15:00 - 19:30","wo":"07:00 - 13:00, 15:00 - 19:30","do":"07:00 - 13:00, 15:00 - 19:30","vr":"07:00 - 13:00, 15:00 - 19:30"}}},{"type":"Feature","geometry":{"type":"Point","coordinates":[7.66604113,45.07353532]},"properties":{"type":"pakketpunt","locatieNaam":"Tabaccheria N. 7","straatNaam":"Corso Inghilterra","straatNr":"31/c","vervoerder":"PosteItaliane","puntType":"servicepunt","bezettingsgraad":50,"latitude":45.07353532,"longitude":7.66604113,"canPickup":true,"canDropoff":true,"openingstijden":{"za":"07:00 - 13:00, 15:00 - 19:00","zo":"gesloten","ma":"07:00 - 13:00, 15:00 - 19:00","di":"07:00 - 13:00, 15:00 - 19:00","wo":"07:00 - 13:00, 15:00 - 19:00","do":"07:00 - 13:00, 15:00 - 19:00","vr":"07:00 - 13:00, 15:00 - 19:00"}}},{"type":"Feature","geometry":{"type":"Point","coordinates":[7.63072,45.0183]},"properties":{"type":"pakketpunt","locatieNaam":"Tabaccheria N. 233","straatNaam":"Corso Unione Sovietica","straatNr":"505/c","vervoerder":"PosteItaliane","puntType":"servicepunt","bezettingsgraad":50,"latitude":45.0183,"longitude":7.63072,"canPickup":true,"canDropoff":true,"openingstijden":{"za":"07:30 - 13:00, 15:30 - 19:30","zo":"gesloten","ma":"07:30 - 13:00, 15:30 - 19:30","di":"07:30 - 13:00, 15:30 - 19:30","wo":"07:30 - 13:00, 15:30 - 19:30","do":"07:30 - 13:00, 15:30 - 19:30","vr":"07:30 - 13:00, 15:30 - 19:30"}}},{"type":"Feature","geometry":{"type":"Point","coordinates":[7.68118056,45.08683603]},"properties":{"type":"pakketpunt","locatieNaam":"Tabaccheria N. 177","straatNaam":"Via Antonio Cecchi","straatNr":"31","vervoerder":"PosteItaliane","puntType":"servicepunt","bezettingsgraad":50,"latitude":45.08683603,"longitude":7.68118056,"canPickup":true,"canDropoff":true,"openingstijden":{"za":"07:30 - 13:00, 15:00 - 19:00","zo":"gesloten","ma":"07:30 - 13:00, 15:00 - 19:30","di":"07:30 - 13:00, 15:00 - 19:30","wo":"07:30 - 13:00, 15:00 - 19:30","do":"07:30 - 13:00, 15:00 - 19:30","vr":"07:30 - 13:00, 15:00 - 19:30"}}},{"type":"Feature","geometry":{"type":"Point","coordinates":[7.66197808,45.04159526]},"properties":{"type":"pakketpunt","locatieNaam":"Tabaccheria N. 369","straatNaam":"Via Giordano Bruno","straatNr":"82","vervoerder":"PosteItaliane","puntType":"servicepunt","bezettingsgraad":50,"latitude":45.04159526,"longitude":7.66197808,"canPickup":true,"canDropoff":true,"openingstijden":{"za":"07:30 - 19:00","zo":"gesloten","ma":"07:30 - 20:00","di":"07:30 - 20:00","wo":"07:30 - 20:00","do":"07:30 - 20:00","vr":"07:30 - 20:00"}}},{"type":"Feature","geometry":{"type":"Point","coordinates":[7.72448,45.10069]},"properties":{"type":"pakketpunt","locatieNaam":"Tabaccheria N. 118","straatNaam":"Strada Di Settimo","straatNr":"70/d","vervoerder":"PosteItaliane","puntType":"servicepunt","bezettingsgraad":50,"latitude":45.10069,"longitude":7.72448,"canPickup":true,"canDropoff":true,"openingstijden":{"za":"07:00 - 12:30, 15:00 - 19:00","zo":"gesloten","ma":"07:00 - 12:30, 15:00 - 19:00","di":"07:00 - 12:30, 15:00 - 19:00","wo":"07:00 - 12:30, 15:00 - 19:00","do":"07:00 - 12:30, 15:00 - 19:00","vr":"07:00 - 12:30, 15:00 - 19:00"}}},{"type":"Feature","geometry":{"type":"Point","coordinates":[7.6135678,45.03214391]},"properties":{"type":"pakketpunt","locatieNaam":"Tabaccheria N. 553","straatNaam":"Strada Del Portone","straatNr":"25","vervoerder":"PosteItaliane","puntType":"servicepunt","bezettingsgraad":50,"latitude":45.03214391,"longitude":7.6135678,"canPickup":true,"canDropoff":true,"openingstijden":{"za":"07:00 - 19:00","zo":"gesloten","ma":"07:00 - 19:00","di":"07:00 - 19:00","wo":"07:00 - 19:00","do":"07:00 - 19:00","vr":"07:00 - 19:00"}}},{"type":"Feature","geometry":{"type":"Point","coordinates":[7.62798167,45.07944204]},"properties":{"type":"pakketpunt","locatieNaam":"Tabaccheria N. 410","straatNaam":"Via Vittorio Asinari Di Bernezzo","straatNr":"103","vervoerder":"PosteItaliane","puntType":"servicepunt","bezettingsgraad":50,"latitude":45.07944204,"longitude":7.62798167,"canPickup":true,"canDropoff":true,"openingstijden":{"za":"07:00 - 13:00, 15:00 - 19:30","zo":"gesloten","ma":"07:00 - 13:00, 15:00 - 19:30","di":"07:00 - 13:00, 15:00 - 19:30","wo":"07:00 - 13:00, 15:00 - 19:30","do":"07:00 - 13:00, 15:00 - 19:30","vr":"07:00 - 13:00, 15:00 - 19:30"}}},{"type":"Feature","geometry":{"type":"Point","coordinates":[7.6573446,45.08095178]},"properties":{"type":"pakketpunt","locatieNaam":"Tabaccheria N. 221","straatNaam":"Via Luigi Cibrario","straatNr":"65","vervoerder":"PosteItaliane","puntType":"servicepunt","bezettingsgraad":50,"latitude":45.08095178,"longitude":7.6573446,"canPickup":true,"canDropoff":true,"openingstijden":{"za":"08:30 - 12:45, 15:00 - 19:00","zo":"gesloten","ma":"08:30 - 12:45, 15:15 - 19:00","di":"08:30 - 12:45, 15:15 - 19:00","wo":"08:30 - 12:45, 15:15 - 19:00","do":"08:30 - 12:45, 15:15 - 19:00","vr":"08:30 - 12:45, 15:15 - 19:00"}}},{"type":"Feature","geometry":{"type":"Point","coordinates":[7.65489297,45.01476485]},"properties":{"type":"pakketpunt","locatieNaam":"Tabaccheria N. 406","straatNaam":"Via Candiolo","straatNr":"36","vervoerder":"PosteItaliane","puntType":"servicepunt","bezettingsgraad":50,"latitude":45.01476485,"longitude":7.65489297,"canPickup":true,"canDropoff":true,"openingstijden":{"za":"07:30 - 12:30, 14:30 - 19:30","zo":"gesloten","ma":"07:30 - 12:30, 14:30 - 19:30","di":"07:30 - 12:30, 14:30 - 19:30","wo":"07:30 - 12:30, 14:30 - 19:30","do":"07:30 - 12:30, 14:30 - 19:30","vr":"07:30 - 12:30, 14:30 - 19:30"}}},{"type":"Feature","geometry":{"type":"Point","coordinates":[7.69145751,45.08856342]},"properties":{"type":"pakketpunt","locatieNaam":"Eco Store","straatNaam":"Corso Giulio Cesare","straatNr":"66/d","vervoerder":"PosteItaliane","puntType":"servicepunt","bezettingsgraad":50,"latitude":45.08856342,"longitude":7.69145751,"canPickup":true,"canDropoff":true,"openingstijden":{"za":"09:30 - 12:30","zo":"gesloten","ma":"09:30 - 13:00, 15:00 - 19:00","di":"09:30 - 13:00, 15:00 - 19:00","wo":"09:30 - 13:00, 15:00 - 19:00","do":"09:30 - 13:00, 15:00 - 19:00","vr":"09:30 - 13:00, 15:00 - 19:00"}}},{"type":"Feature","geometry":{"type":"Point","coordinates":[7.65332505,45.05222686]},"properties":{"type":"pakketpunt","locatieNaam":"Reggia Dei Servizi - Torino","straatNaam":"Corso Adriatico","straatNr":"8/c","vervoerder":"PosteItaliane","puntType":"servicepunt","bezettingsgraad":50,"latitude":45.05222686,"longitude":7.65332505,"canPickup":true,"canDropoff":true,"openingstijden":{"za":"09:00 - 13:00","zo":"gesloten","ma":"08:30 - 12:30, 15:30 - 18:30","di":"08:30 - 12:30, 15:30 - 18:30","wo":"08:30 - 12:30, 15:30 - 18:30","do":"08:30 - 12:30, 15:30 - 18:30","vr":"08:30 - 12:30, 15:30 - 18:30"}}},{"type":"Feature","geometry":{"type":"Point","coordinates":[7.67141157,45.09870049]},"properties":{"type":"pakketpunt","locatieNaam":"Tabaccheria N. 147","straatNaam":"Via Cardinale Guglielmo Massaia","straatNr":"45/c","vervoerder":"PosteItaliane","puntType":"servicepunt","bezettingsgraad":50,"latitude":45.09870049,"longitude":7.67141157,"canPickup":true,"canDropoff":true,"openingstijden":{"za":"07:00 - 13:00, 15:00 - 19:00","zo":"gesloten","ma":"07:00 - 13:00, 15:00 - 19:00","di":"07:00 - 13:00, 15:00 - 19:00","wo":"07:00 - 13:00, 15:00 - 19:00","do":"07:00 - 13:00, 15:00 - 19:00","vr":"07:00 - 13:00, 15:00 - 19:00"}}},{"type":"Feature","geometry":{"type":"Point","coordinates":[7.63184917,45.06452258]},"properties":{"type":"pakketpunt","locatieNaam":"Tabaccheria N. 510","straatNaam":"Via Monginevro","straatNr":"156/b","vervoerder":"PosteItaliane","puntType":"servicepunt","bezettingsgraad":50,"latitude":45.06452258,"longitude":7.63184917,"canPickup":true,"canDropoff":true,"openingstijden":{"za":"07:15 - 19:30","zo":"gesloten","ma":"07:15 - 19:30","di":"07:15 - 19:30","wo":"07:15 - 19:30","do":"07:15 - 19:30","vr":"07:15 - 19:30"}}},{"type":"Feature","geometry":{"type":"Point","coordinates":[7.69282303,45.09813861]},"properties":{"type":"pakketpunt","locatieNaam":"Tabaccheria N. 245","straatNaam":"Corso Vercelli","straatNr":"144","vervoerder":"PosteItaliane","puntType":"servicepunt","bezettingsgraad":50,"latitude":45.09813861,"longitude":7.69282303,"canPickup":true,"canDropoff":true,"openingstijden":{"za":"06:45 - 13:05, 15:00 - 19:30","zo":"gesloten","ma":"06:45 - 13:05, 15:00 - 19:30","di":"06:45 - 13:05, 15:00 - 19:30","wo":"06:45 - 13:05, 15:00 - 19:30","do":"06:45 - 13:05, 15:00 - 19:30","vr":"06:45 - 13:05, 15:00 - 19:30"}}},{"type":"Feature","geometry":{"type":"Point","coordinates":[7.63948962,45.04007023]},"properties":{"type":"pakketpunt","locatieNaam":"Tabaccheria N. 349","straatNaam":"Via Gorizia","straatNr":"174","vervoerder":"PosteItaliane","puntType":"servicepunt","bezettingsgraad":50,"latitude":45.04007023,"longitude":7.63948962,"canPickup":true,"canDropoff":true,"openingstijden":{"za":"07:30 - 19:00","zo":"gesloten","ma":"07:30 - 19:00","di":"07:30 - 19:00","wo":"07:30 - 19:00","do":"07:30 - 19:00","vr":"07:30 - 19:00"}}},{"type":"Feature","geometry":{"type":"Point","coordinates":[7.64470726,45.09999992]},"properties":{"type":"pakketpunt","locatieNaam":"Tabaccheria N. 417","straatNaam":"Corso Lucio Quinzio Cincinnato","straatNr":"168/d","vervoerder":"PosteItaliane","puntType":"servicepunt","bezettingsgraad":50,"latitude":45.09999992,"longitude":7.64470726,"canPickup":true,"canDropoff":true,"openingstijden":{"za":"08:30 - 12:30, 15:30 - 19:15","zo":"gesloten","ma":"08:30 - 12:30, 15:30 - 19:15","di":"08:30 - 12:30, 15:30 - 19:15","wo":"08:30 - 12:30, 15:30 - 19:15","do":"08:30 - 12:30, 15:30 - 19:15","vr":"08:30 - 12:30, 15:30 - 19:15"}}},{"type":"Feature","geometry":{"type":"Point","coordinates":[7.62653,45.07333]},"properties":{"type":"pakketpunt","locatieNaam":"Tabaccheria N. 413","straatNaam":"Corso Peschiera","straatNr":"335/c","vervoerder":"PosteItaliane","puntType":"servicepunt","bezettingsgraad":50,"latitude":45.07333,"longitude":7.62653,"canPickup":true,"canDropoff":true,"openingstijden":{"za":"05:45 - 19:45","zo":"gesloten","ma":"05:45 - 19:45","di":"05:45 - 19:45","wo":"05:45 - 19:45","do":"05:45 - 19:45","vr":"05:45 - 19:45"}}},{"type":"Feature","geometry":{"type":"Point","coordinates":[7.64881562,45.07533793]},"properties":{"type":"pakketpunt","locatieNaam":"Tabaccheria N. 277","straatNaam":"Largo Francia","straatNr":"111/l","vervoerder":"PosteItaliane","puntType":"servicepunt","bezettingsgraad":50,"latitude":45.07533793,"longitude":7.64881562,"canPickup":true,"canDropoff":true,"openingstijden":{"za":"08:00 - 14:00, 16:00 - 18:00","zo":"gesloten","ma":"08:00 - 14:00, 16:00 - 18:00","di":"08:00 - 14:00, 16:00 - 18:00","wo":"08:00 - 14:00, 16:00 - 18:00","do":"08:00 - 14:00, 16:00 - 18:00","vr":"08:00 - 14:00, 16:00 - 18:00"}}},{"type":"Feature","geometry":{"type":"Point","coordinates":[7.62276922,45.06451784]},"properties":{"type":"pakketpunt","locatieNaam":"Tabaccheria N. 337","straatNaam":"Via Monginevro","straatNr":"220/b","vervoerder":"PosteItaliane","puntType":"servicepunt","bezettingsgraad":50,"latitude":45.06451784,"longitude":7.62276922,"canPickup":true,"canDropoff":true,"openingstijden":{"za":"08:00 - 12:30, 15:45 - 19:15","zo":"gesloten","ma":"08:00 - 12:30, 15:45 - 19:15","di":"08:00 - 12:30, 15:45 - 19:15","wo":"08:00 - 12:30, 15:45 - 19:15","do":"08:00 - 12:30, 15:45 - 19:15","vr":"08:00 - 12:30, 15:45 - 19:15"}}},{"type":"Feature","geometry":{"type":"Point","coordinates":[7.67938864,45.08891745]},"properties":{"type":"pakketpunt","locatieNaam":"Tabaccheria N. 190","straatNaam":"Via Antonio Cecchi","straatNr":"68","vervoerder":"PosteItaliane","puntType":"servicepunt","bezettingsgraad":50,"latitude":45.08891745,"longitude":7.67938864,"canPickup":true,"canDropoff":true,"openingstijden":{"za":"07:00 - 19:30","zo":"gesloten","ma":"07:00 - 19:30","di":"07:00 - 19:30","wo":"07:00 - 19:30","do":"07:00 - 19:30","vr":"07:00 - 19:30"}}},{"type":"Feature","geometry":{"type":"Point","coordinates":[7.63571255,45.04508987]},"properties":{"type":"pakketpunt","locatieNaam":"Bad Pet Shop","straatNaam":"Via Filadelfia","straatNr":"219/2","vervoerder":"PosteItaliane","puntType":"servicepunt","bezettingsgraad":50,"latitude":45.04508987,"longitude":7.63571255,"canPickup":true,"canDropoff":true,"openingstijden":{"za":"10:00 - 13:00","zo":"gesloten","ma":"16:00 - 19:30","di":"09:30 - 13:00, 15:30 - 19:30","wo":"09:30 - 13:00, 15:30 - 19:30","do":"09:30 - 13:00, 15:30 - 19:30","vr":"09:30 - 13:00, 15:30 - 19:30"}}},{"type":"Feature","geometry":{"type":"Point","coordinates":[7.63468181,45.04660622]},"properties":{"type":"pakketpunt","locatieNaam":"Tabaccheria N. 108","straatNaam":"Corso Siracusa","straatNr":"89","vervoerder":"PosteItaliane","puntType":"servicepunt","bezettingsgraad":50,"latitude":45.04660622,"longitude":7.63468181,"canPickup":true,"canDropoff":true,"openingstijden":{"za":"07:00 - 13:00","zo":"gesloten","ma":"07:00 - 19:00","di":"07:00 - 19:00","wo":"07:00 - 19:00","do":"07:00 - 19:00","vr":"07:00 - 19:00"}}},{"type":"Feature","geometry":{"type":"Point","coordinates":[7.7063754,45.08974508]},"properties":{"type":"pakketpunt","locatieNaam":"Tra Spighe E Chicchi","straatNaam":"Via Domenico Cimarosa","straatNr":"40/h","vervoerder":"PosteItaliane","puntType":"servicepunt","bezettingsgraad":50,"latitude":45.08974508,"longitude":7.7063754,"canPickup":true,"canDropoff":true,"openingstijden":{"za":"08:30 - 12:30","zo":"gesloten","ma":"08:30 - 18:30","di":"08:30 - 18:30","wo":"08:30 - 18:30","do":"08:30 - 18:30","vr":"08:30 - 18:30"}}},{"type":"Feature","geometry":{"type":"Point","coordinates":[7.69374953,45.0676524]},"properties":{"type":"pakketpunt","locatieNaam":"Angolo Della Tesi - Torino","straatNaam":"Via Sant'ottavio","straatNr":"18","vervoerder":"PosteItaliane","puntType":"servicepunt","bezettingsgraad":50,"latitude":45.0676524,"longitude":7.69374953,"canPickup":true,"canDropoff":true,"openingstijden":{"za":"gesloten","zo":"gesloten","ma":"09:30 - 13:00, 15:00 - 18:00","di":"09:30 - 13:00, 15:00 - 18:00","wo":"09:30 - 13:00, 15:00 - 18:00","do":"09:30 - 13:00, 15:00 - 18:00","vr":"09:30 - 13:00, 15:00 - 18:00"}}},{"type":"Feature","geometry":{"type":"Point","coordinates":[7.67540504,45.07574648]},"properties":{"type":"pakketpunt","locatieNaam":"Tabaccheria N. 40","straatNaam":"Via Del Carmine","straatNr":"6","vervoerder":"PosteItaliane","puntType":"servicepunt","bezettingsgraad":50,"latitude":45.07574648,"longitude":7.67540504,"canPickup":true,"canDropoff":true,"openingstijden":{"za":"08:30 - 13:00, 15:30 - 19:30","zo":"gesloten","ma":"08:00 - 13:00, 14:30 - 19:30","di":"08:00 - 13:00, 14:30 - 19:30","wo":"08:00 - 13:00, 14:30 - 19:30","do":"08:00 - 13:00, 14:30 - 19:30","vr":"08:00 - 13:00, 14:30 - 19:30"}}},{"type":"Feature","geometry":{"type":"Point","coordinates":[7.66451211,45.08111364]},"properties":{"type":"pakketpunt","locatieNaam":"Tabaccheria N. 391","straatNaam":"Via Antonio Vagnone","straatNr":"25/a","vervoerder":"PosteItaliane","puntType":"servicepunt","bezettingsgraad":50,"latitude":45.08111364,"longitude":7.66451211,"canPickup":true,"canDropoff":true,"openingstijden":{"za":"07:00 - 12:30, 14:30 - 19:00","zo":"gesloten","ma":"07:00 - 12:30, 14:30 - 19:00","di":"07:00 - 12:30, 14:30 - 19:00","wo":"07:00 - 12:30, 14:30 - 19:00","do":"07:00 - 12:30, 14:30 - 19:00","vr":"07:00 - 12:30, 14:30 - 19:00"}}},{"type":"Feature","geometry":{"type":"Point","coordinates":[7.65479845,45.02401598]},"properties":{"type":"pakketpunt","locatieNaam":"Tabaccheria N. 117","straatNaam":"Via Passo Buole","straatNr":"59/a","vervoerder":"PosteItaliane","puntType":"servicepunt","bezettingsgraad":50,"latitude":45.02401598,"longitude":7.65479845,"canPickup":true,"canDropoff":true,"openingstijden":{"za":"07:00 - 19:00","zo":"gesloten","ma":"07:00 - 19:00","di":"07:00 - 19:00","wo":"07:00 - 19:00","do":"07:00 - 19:00","vr":"07:00 - 19:00"}}},{"type":"Feature","geometry":{"type":"Point","coordinates":[7.67758519,45.05820207]},"properties":{"type":"pakketpunt","locatieNaam":"Tabaccheria N. 38","straatNaam":"Via Nizza","straatNr":"29/h","vervoerder":"PosteItaliane","puntType":"servicepunt","bezettingsgraad":50,"latitude":45.05820207,"longitude":7.67758519,"canPickup":true,"canDropoff":true,"openingstijden":{"za":"08:00 - 12:30, 15:00 - 19:00","zo":"gesloten","ma":"07:30 - 12:30, 15:00 - 19:00","di":"07:30 - 12:30, 15:00 - 19:00","wo":"07:30 - 12:30, 15:00 - 19:00","do":"07:30 - 12:30, 15:00 - 19:00","vr":"07:30 - 12:30, 15:00 - 19:00"}}},{"type":"Feature","geometry":{"type":"Point","coordinates":[7.66774449,45.05620194]},"properties":{"type":"pakketpunt","locatieNaam":"Tabaccheria N. 270","straatNaam":"Corso Re Umberto","straatNr":"72","vervoerder":"PosteItaliane","puntType":"servicepunt","bezettingsgraad":50,"latitude":45.05620194,"longitude":7.66774449,"canPickup":true,"canDropoff":true,"openingstijden":{"za":"08:00 - 13:00, 16:00 - 19:00","zo":"gesloten","ma":"08:00 - 13:00, 14:30 - 19:15","di":"08:00 - 13:00, 14:30 - 19:15","wo":"08:00 - 13:00, 14:30 - 19:15","do":"08:00 - 13:00, 14:30 - 19:15","vr":"08:00 - 13:00, 14:30 - 19:15"}}},{"type":"Feature","geometry":{"type":"Point","coordinates":[7.70894645,45.12649551]},"properties":{"type":"pakketpunt","locatieNaam":"Tabaccheria N. 395","straatNaam":"Viale Falchera","straatNr":"66","vervoerder":"PosteItaliane","puntType":"servicepunt","bezettingsgraad":50,"latitude":45.12649551,"longitude":7.70894645,"canPickup":true,"canDropoff":true,"openingstijden":{"za":"07:00 - 13:00, 15:00 - 19:30","zo":"gesloten","ma":"07:00 - 13:00, 15:00 - 19:30","di":"07:00 - 13:00, 15:00 - 19:30","wo":"07:00 - 13:00, 15:00 - 19:30","do":"07:00 - 13:00, 15:00 - 19:30","vr":"07:00 - 13:00, 15:00 - 19:30"}}},{"type":"Feature","geometry":{"type":"Point","coordinates":[7.67885058,45.05554077]},"properties":{"type":"pakketpunt","locatieNaam":"Tabaccheria N. 141","straatNaam":"Via Belfiore","straatNr":"34","vervoerder":"PosteItaliane","puntType":"servicepunt","bezettingsgraad":50,"latitude":45.05554077,"longitude":7.67885058,"canPickup":true,"canDropoff":true,"openingstijden":{"za":"gesloten","zo":"gesloten","ma":"07:30 - 17:00","di":"07:30 - 17:00","wo":"07:30 - 17:00","do":"07:30 - 17:00","vr":"07:30 - 17:00"}}},{"type":"Feature","geometry":{"type":"Point","coordinates":[7.65846886,45.04075193]},"properties":{"type":"pakketpunt","locatieNaam":"Tabaccheria N. 348","straatNaam":"Corso Sebastopoli","straatNr":"52","vervoerder":"PosteItaliane","puntType":"servicepunt","bezettingsgraad":50,"latitude":45.04075193,"longitude":7.65846886,"canPickup":true,"canDropoff":true,"openingstijden":{"za":"07:30 - 12:45, 15:15 - 19:30","zo":"gesloten","ma":"07:30 - 12:45, 15:15 - 19:30","di":"07:30 - 12:45, 15:15 - 19:30","wo":"07:30 - 12:45, 15:15 - 19:30","do":"07:30 - 12:45, 15:15 - 19:30","vr":"07:30 - 12:45, 15:15 - 19:30"}}},{"type":"Feature","geometry":{"type":"Point","coordinates":[7.65435351,45.03586857]},"properties":{"type":"pakketpunt","locatieNaam":"Internet And Service - Montevideo","straatNaam":"Via Montevideo","straatNr":"20/b","vervoerder":"PosteItaliane","puntType":"servicepunt","bezettingsgraad":50,"latitude":45.03586857,"longitude":7.65435351,"canPickup":true,"canDropoff":true,"openingstijden":{"za":"gesloten","zo":"gesloten","ma":"09:00 - 13:00, 15:00 - 19:30","di":"09:00 - 13:00, 15:00 - 19:30","wo":"09:00 - 13:00, 15:00 - 19:30","do":"09:00 - 13:00, 15:00 - 19:30","vr":"09:00 - 13:00, 15:00 - 19:30"}}},{"type":"Feature","geometry":{"type":"Point","coordinates":[7.65919446,45.08240047]},"properties":{"type":"pakketpunt","locatieNaam":"Fiora Servizi Aziendali","straatNaam":"Via San Donato","straatNr":"75","vervoerder":"PosteItaliane","puntType":"servicepunt","bezettingsgraad":50,"latitude":45.08240047,"longitude":7.65919446,"canPickup":true,"canDropoff":true,"openingstijden":{"za":"gesloten","zo":"gesloten","ma":"10:00 - 12:30, 15:00 - 18:30","di":"10:00 - 12:30, 15:00 - 18:30","wo":"10:00 - 12:30","do":"10:00 - 12:30, 15:00 - 18:30","vr":"10:00 - 12:30, 15:00 - 18:30"}}},{"type":"Feature","geometry":{"type":"Point","coordinates":[7.61788299,45.07166584]},"properties":{"type":"pakketpunt","locatieNaam":"Prima Pagina Cartolibreria - Edicola","straatNaam":"Via Vandalino","straatNr":"48/f","vervoerder":"PosteItaliane","puntType":"servicepunt","bezettingsgraad":50,"latitude":45.07166584,"longitude":7.61788299,"canPickup":true,"canDropoff":true,"openingstijden":{"za":"08:30 - 12:30","zo":"08:30 - 12:30","ma":"07:30 - 13:00, 16:30 - 19:00","di":"07:30 - 13:00, 16:30 - 19:00","wo":"07:30 - 13:00, 16:30 - 19:00","do":"07:30 - 13:00, 16:30 - 19:00","vr":"07:30 - 13:00, 16:30 - 19:00"}}},{"type":"Feature","geometry":{"type":"Point","coordinates":[7.63821382,45.07511811]},"properties":{"type":"pakketpunt","locatieNaam":"Apollo Multiservizi","straatNaam":"Corso Francia","straatNr":"185/d","vervoerder":"PosteItaliane","puntType":"servicepunt","bezettingsgraad":50,"latitude":45.07511811,"longitude":7.63821382,"canPickup":true,"canDropoff":true,"openingstijden":{"za":"10:00 - 17:00","zo":"gesloten","ma":"10:00 - 13:00, 16:00 - 20:00","di":"10:00 - 13:00, 16:00 - 20:00","wo":"10:00 - 13:00, 16:00 - 20:00","do":"10:00 - 13:00, 16:00 - 20:00","vr":"10:00 - 13:00, 16:00 - 20:00"}}},{"type":"Feature","geometry":{"type":"Point","coordinates":[7.72359913,45.07559578]},"properties":{"type":"pakketpunt","locatieNaam":"Partydea","straatNaam":"Corso Cadore","straatNr":"17/4a","vervoerder":"PosteItaliane","puntType":"servicepunt","bezettingsgraad":50,"latitude":45.07559578,"longitude":7.72359913,"canPickup":true,"canDropoff":true,"openingstijden":{"za":"09:30 - 12:30, 15:30 - 19:00","zo":"gesloten","ma":"gesloten","di":"09:30 - 12:30, 15:30 - 19:00","wo":"09:30 - 12:30, 15:30 - 19:00","do":"09:30 - 12:30, 15:30 - 19:00","vr":"09:30 - 12:30, 15:30 - 19:00"}}},{"type":"Feature","geometry":{"type":"Point","coordinates":[7.62009615,45.06476774]},"properties":{"type":"pakketpunt","locatieNaam":"Fm Store - Telefonia E Servizi","straatNaam":"Via Monginevro","straatNr":"246/c","vervoerder":"PosteItaliane","puntType":"servicepunt","bezettingsgraad":50,"latitude":45.06476774,"longitude":7.62009615,"canPickup":true,"canDropoff":true,"openingstijden":{"za":"09:30 - 12:30, 15:00 - 19:30","zo":"gesloten","ma":"09:30 - 13:00, 15:00 - 19:00","di":"09:30 - 13:00, 15:00 - 19:00","wo":"09:30 - 13:00, 15:00 - 19:00","do":"09:30 - 13:00, 15:00 - 19:00","vr":"09:30 - 13:00, 15:00 - 19:00"}}},{"type":"Feature","geometry":{"type":"Point","coordinates":[7.66460436,45.05789518]},"properties":{"type":"pakketpunt","locatieNaam":"Alafin Consulenza","straatNaam":"Via Marco Polo","straatNr":"3","vervoerder":"PosteItaliane","puntType":"servicepunt","bezettingsgraad":50,"latitude":45.05789518,"longitude":7.66460436,"canPickup":true,"canDropoff":true,"openingstijden":{"za":"gesloten","zo":"gesloten","ma":"09:00 - 18:00","di":"09:00 - 18:00","wo":"09:00 - 18:00","do":"09:00 - 18:00","vr":"09:00 - 17:00"}}},{"type":"Feature","geometry":{"type":"Point","coordinates":[7.64713223,45.08168816]},"properties":{"type":"pakketpunt","locatieNaam":"Centro Servizi Jolly","straatNaam":"Via Orta","straatNr":"4","vervoerder":"PosteItaliane","puntType":"servicepunt","bezettingsgraad":50,"latitude":45.08168816,"longitude":7.64713223,"canPickup":true,"canDropoff":true,"openingstijden":{"za":"gesloten","zo":"gesloten","ma":"09:00 - 13:00, 14:00 - 17:00","di":"09:00 - 13:00, 14:00 - 17:00","wo":"09:00 - 13:00, 14:00 - 17:00","do":"09:00 - 13:00, 14:00 - 17:00","vr":"09:00 - 13:00, 14:00 - 17:00"}}},{"type":"Feature","geometry":{"type":"Point","coordinates":[7.62382,45.03781]},"properties":{"type":"pakketpunt","locatieNaam":"Tabaccheria N. 476","straatNaam":"Via Francesco Gonin","straatNr":"39/f","vervoerder":"PosteItaliane","puntType":"servicepunt","bezettingsgraad":50,"latitude":45.03781,"longitude":7.62382,"canPickup":true,"canDropoff":true,"openingstijden":{"za":"06:30 - 12:00, 13:30 - 17:00","zo":"gesloten","ma":"06:30 - 12:00, 13:30 - 18:00","di":"06:30 - 12:00, 13:30 - 18:00","wo":"06:30 - 12:00, 13:30 - 18:00","do":"06:30 - 12:00, 13:30 - 18:00","vr":"06:30 - 12:00, 13:30 - 18:00"}}},{"type":"Feature","geometry":{"type":"Point","coordinates":[7.66997368,45.05611251]},"properties":{"type":"pakketpunt","locatieNaam":"Tabaccheria N. 125","straatNaam":"Corso Germano Sommeiller","straatNr":"29/c","vervoerder":"PosteItaliane","puntType":"servicepunt","bezettingsgraad":50,"latitude":45.05611251,"longitude":7.66997368,"canPickup":true,"canDropoff":true,"openingstijden":{"za":"07:30 - 13:00, 16:00 - 19:00","zo":"gesloten","ma":"07:30 - 13:15, 15:30 - 19:20","di":"07:30 - 13:15, 15:30 - 19:20","wo":"07:30 - 13:15, 15:30 - 19:20","do":"07:30 - 13:15, 15:30 - 19:20","vr":"07:30 - 13:15, 15:30 - 19:20"}}},{"type":"Feature","geometry":{"type":"Point","coordinates":[7.69724572,45.09948438]},"properties":{"type":"pakketpunt","locatieNaam":"Bar/enoteca Angolo Di Vino","straatNaam":"Via Nicola Porpora","straatNr":"26/e","vervoerder":"PosteItaliane","puntType":"servicepunt","bezettingsgraad":50,"latitude":45.09948438,"longitude":7.69724572,"canPickup":true,"canDropoff":true,"openingstijden":{"za":"06:00 - 16:00","zo":"gesloten","ma":"06:00 - 18:00","di":"06:00 - 18:00","wo":"06:00 - 18:00","do":"06:00 - 18:00","vr":"06:00 - 18:00"}}},{"type":"Feature","geometry":{"type":"Point","coordinates":[7.63228429,45.07354062]},"properties":{"type":"pakketpunt","locatieNaam":"Global Shopping Center","straatNaam":"Via Sant'ambrogio","straatNr":"16/g","vervoerder":"PosteItaliane","puntType":"automaat","bezettingsgraad":50,"latitude":45.07354062,"longitude":7.63228429,"canPickup":true,"canDropoff":true,"openingstijden":{"za":"09:00 - 20:00","zo":"gesloten","ma":"09:00 - 20:00","di":"09:00 - 20:00","wo":"09:00 - 20:00","do":"09:00 - 20:00","vr":"09:00 - 20:00"}}},{"type":"Feature","geometry":{"type":"Point","coordinates":[7.61791239,45.04010038]},"properties":{"type":"pakketpunt","locatieNaam":"Tabaccheria N. 491","straatNaam":"Via Cimabue","straatNr":"7/f","vervoerder":"PosteItaliane","puntType":"servicepunt","bezettingsgraad":50,"latitude":45.04010038,"longitude":7.61791239,"canPickup":true,"canDropoff":true,"openingstijden":{"za":"07:30 - 13:00","zo":"gesloten","ma":"07:30 - 13:00, 15:00 - 19:00","di":"07:30 - 13:00, 15:00 - 19:00","wo":"07:30 - 13:00, 15:00 - 19:00","do":"07:30 - 13:00, 15:00 - 19:00","vr":"07:30 - 13:00, 15:00 - 19:00"}}},{"type":"Feature","geometry":{"type":"Point","coordinates":[7.69162,45.10763]},"properties":{"type":"pakketpunt","locatieNaam":"Tabaccheria N. 450","straatNaam":"Via Guglielmo Reiss Romoli","straatNr":"50","vervoerder":"PosteItaliane","puntType":"servicepunt","bezettingsgraad":50,"latitude":45.10763,"longitude":7.69162,"canPickup":true,"canDropoff":true,"openingstijden":{"za":"07:30 - 13:00, 16:00 - 19:00","zo":"gesloten","ma":"07:30 - 14:00, 15:30 - 19:00","di":"07:30 - 14:00, 15:30 - 19:00","wo":"07:30 - 14:00, 15:30 - 19:00","do":"07:30 - 14:00, 15:30 - 19:00","vr":"07:30 - 14:00, 15:30 - 19:00"}}},{"type":"Feature","geometry":{"type":"Point","coordinates":[7.69621845,45.07878475]},"properties":{"type":"pakketpunt","locatieNaam":"Tabaccheria N. 162","straatNaam":"Corso Verona","straatNr":"20","vervoerder":"PosteItaliane","puntType":"servicepunt","bezettingsgraad":50,"latitude":45.07878475,"longitude":7.69621845,"canPickup":true,"canDropoff":true,"openingstijden":{"za":"09:00 - 13:00, 16:00 - 19:30","zo":"gesloten","ma":"08:00 - 19:30","di":"08:00 - 19:30","wo":"08:00 - 19:30","do":"08:00 - 19:30","vr":"08:00 - 19:30"}}},{"type":"Feature","geometry":{"type":"Point","coordinates":[7.65999913,45.08429432]},"properties":{"type":"pakketpunt","locatieNaam":"Tabaccheria N. 230","straatNaam":"Corso Regina Margherita","straatNr":"231","vervoerder":"PosteItaliane","puntType":"servicepunt","bezettingsgraad":50,"latitude":45.08429432,"longitude":7.65999913,"canPickup":true,"canDropoff":true,"openingstijden":{"za":"07:30 - 12:30, 15:00 - 19:30","zo":"gesloten","ma":"07:30 - 12:30, 15:00 - 19:30","di":"07:30 - 12:30, 15:00 - 19:30","wo":"07:30 - 12:30, 15:00 - 19:30","do":"07:30 - 12:30, 15:00 - 19:30","vr":"07:30 - 12:30, 15:00 - 19:30"}}},{"type":"Feature","geometry":{"type":"Point","coordinates":[7.68148937,45.07085425]},"properties":{"type":"pakketpunt","locatieNaam":"Emporio Cover","straatNaam":"Via Monte Di Pieta'","straatNr":"16/d","vervoerder":"PosteItaliane","puntType":"servicepunt","bezettingsgraad":50,"latitude":45.07085425,"longitude":7.68148937,"canPickup":true,"canDropoff":true,"openingstijden":{"za":"11:00 - 19:30","zo":"gesloten","ma":"11:00 - 19:30","di":"11:00 - 19:30","wo":"11:00 - 19:30","do":"11:00 - 19:30","vr":"11:00 - 19:30"}}},{"type":"Feature","geometry":{"type":"Point","coordinates":[7.63952253,45.01999766]},"properties":{"type":"pakketpunt","locatieNaam":"Presto Che E' Tardi","straatNaam":"Strada Delle Cacce","straatNr":"16","vervoerder":"PosteItaliane","puntType":"servicepunt","bezettingsgraad":50,"latitude":45.01999766,"longitude":7.63952253,"canPickup":true,"canDropoff":true,"openingstijden":{"za":"gesloten","zo":"gesloten","ma":"07:00 - 15:00","di":"07:00 - 15:00","wo":"07:00 - 15:00","do":"07:00 - 15:00","vr":"07:00 - 15:00"}}},{"type":"Feature","geometry":{"type":"Point","coordinates":[7.70195,45.11632]},"properties":{"type":"pakketpunt","locatieNaam":"Tabaccheria N. 383","straatNaam":"Corso Vercelli","straatNr":"356/b","vervoerder":"PosteItaliane","puntType":"servicepunt","bezettingsgraad":50,"latitude":45.11632,"longitude":7.70195,"canPickup":true,"canDropoff":true,"openingstijden":{"za":"05:00 - 19:00","zo":"08:00 - 12:30","ma":"05:00 - 19:00","di":"05:00 - 19:00","wo":"05:00 - 19:00","do":"05:00 - 19:00","vr":"05:00 - 19:00"}}},{"type":"Feature","geometry":{"type":"Point","coordinates":[7.65519993,45.06770064]},"properties":{"type":"pakketpunt","locatieNaam":"Tabaccheria N. 545","straatNaam":"Corso Francesco Ferrucci","straatNr":"81/d","vervoerder":"PosteItaliane","puntType":"servicepunt","bezettingsgraad":50,"latitude":45.06770064,"longitude":7.65519993,"canPickup":true,"canDropoff":true,"openingstijden":{"za":"08:00 - 13:00, 16:00 - 19:00","zo":"gesloten","ma":"08:00 - 13:00, 16:00 - 19:00","di":"08:00 - 13:00, 16:00 - 19:00","wo":"08:00 - 13:00, 16:00 - 19:00","do":"08:00 - 13:00, 16:00 - 19:00","vr":"08:00 - 13:00, 16:00 - 19:00"}}},{"type":"Feature","geometry":{"type":"Point","coordinates":[7.63678625,45.04997558]},"properties":{"type":"pakketpunt","locatieNaam":"Tabaccheria N. 489","straatNaam":"Via Barletta","straatNr":"123/a","vervoerder":"PosteItaliane","puntType":"servicepunt","bezettingsgraad":50,"latitude":45.04997558,"longitude":7.63678625,"canPickup":true,"canDropoff":true,"openingstijden":{"za":"07:30 - 13:00, 15:00 - 19:30","zo":"gesloten","ma":"07:30 - 13:00, 15:00 - 19:30","di":"07:30 - 13:00, 15:00 - 19:30","wo":"07:30 - 13:00, 15:00 - 19:30","do":"07:30 - 13:00, 15:00 - 19:30","vr":"07:30 - 13:00, 15:00 - 19:30"}}},{"type":"Feature","geometry":{"type":"Point","coordinates":[7.69411525,45.07338249]},"properties":{"type":"pakketpunt","locatieNaam":"Tabaccheria N. 196","straatNaam":"Corso Regina Margherita","straatNr":"82/b","vervoerder":"PosteItaliane","puntType":"servicepunt","bezettingsgraad":50,"latitude":45.07338249,"longitude":7.69411525,"canPickup":true,"canDropoff":true,"openingstijden":{"za":"09:00 - 19:30","zo":"gesloten","ma":"09:00 - 19:30","di":"09:00 - 19:30","wo":"09:00 - 19:30","do":"09:00 - 19:30","vr":"09:00 - 19:30"}}},{"type":"Feature","geometry":{"type":"Point","coordinates":[7.69154163,45.06539599]},"properties":{"type":"pakketpunt","locatieNaam":"Tabaccheria N. 27","straatNaam":"Via Maria Vittoria","straatNr":"37/g","vervoerder":"PosteItaliane","puntType":"servicepunt","bezettingsgraad":50,"latitude":45.06539599,"longitude":7.69154163,"canPickup":true,"canDropoff":true,"openingstijden":{"za":"07:30 - 11:30, 15:00 - 19:00","zo":"gesloten","ma":"07:30 - 11:30, 15:00 - 19:00","di":"07:30 - 11:30, 15:00 - 19:00","wo":"07:30 - 11:30, 15:00 - 19:00","do":"07:30 - 11:30, 15:00 - 19:00","vr":"07:30 - 11:30, 15:00 - 19:00"}}},{"type":"Feature","geometry":{"type":"Point","coordinates":[7.62281152,45.01772786]},"properties":{"type":"pakketpunt","locatieNaam":"Loggiacar","straatNaam":"Via Plava","straatNr":"42/a","vervoerder":"PosteItaliane","puntType":"servicepunt","bezettingsgraad":50,"latitude":45.01772786,"longitude":7.62281152,"canPickup":true,"canDropoff":true,"openingstijden":{"za":"gesloten","zo":"gesloten","ma":"09:00 - 12:00, 14:30 - 17:30","di":"09:00 - 12:00, 14:30 - 17:30","wo":"09:00 - 12:00, 14:30 - 17:30","do":"09:00 - 12:00, 14:30 - 17:30","vr":"09:00 - 12:00, 14:30 - 17:30"}}},{"type":"Feature","geometry":{"type":"Point","coordinates":[7.65049831,45.06611105]},"properties":{"type":"pakketpunt","locatieNaam":"Tabaccheria N. 364","straatNaam":"Via Dante Di Nanni","straatNr":"76","vervoerder":"PosteItaliane","puntType":"servicepunt","bezettingsgraad":50,"latitude":45.06611105,"longitude":7.65049831,"canPickup":true,"canDropoff":true,"openingstijden":{"za":"08:00 - 13:00, 15:45 - 19:30","zo":"gesloten","ma":"08:00 - 13:00, 15:45 - 19:30","di":"08:00 - 13:00, 15:45 - 19:30","wo":"08:00 - 13:00, 15:45 - 19:30","do":"08:00 - 13:00, 15:45 - 19:30","vr":"08:00 - 13:00, 15:45 - 19:30"}}},{"type":"Feature","geometry":{"type":"Point","coordinates":[7.70314446,45.08679791]},"properties":{"type":"pakketpunt","locatieNaam":"Bar Il Veliero","straatNaam":"Via Amilcare Ponchielli","straatNr":"32","vervoerder":"PosteItaliane","puntType":"automaat","bezettingsgraad":50,"latitude":45.08679791,"longitude":7.70314446,"canPickup":true,"canDropoff":true,"openingstijden":{"za":"07:00 - 20:00","zo":"07:00 - 20:00","ma":"07:00 - 20:00","di":"07:00 - 20:00","wo":"07:00 - 20:00","do":"07:00 - 20:00","vr":"07:00 - 20:00"}}},{"type":"Feature","geometry":{"type":"Point","coordinates":[7.64388675,45.07986195]},"properties":{"type":"pakketpunt","locatieNaam":"Bar - Corner","straatNaam":"Via Zumaglia","straatNr":"46","vervoerder":"PosteItaliane","puntType":"automaat","bezettingsgraad":50,"latitude":45.07986195,"longitude":7.64388675,"canPickup":true,"canDropoff":true,"openingstijden":{"za":"06:30 - 23:00","zo":"06:30 - 23:00","ma":"06:30 - 23:00","di":"06:30 - 23:00","wo":"06:30 - 23:00","do":"06:30 - 23:00","vr":"06:30 - 23:00"}}},{"type":"Feature","geometry":{"type":"Point","coordinates":[7.66694392,45.0346972]},"properties":{"type":"pakketpunt","locatieNaam":"Centro Commerciale Lingotto","straatNaam":"Via Ermanno Fenoglietti","straatNr":"15","vervoerder":"PosteItaliane","puntType":"automaat","bezettingsgraad":50,"latitude":45.0346972,"longitude":7.66694392,"canPickup":true,"canDropoff":true,"openingstijden":{"za":"10:00 - 20:30","zo":"10:00 - 20:30","ma":"10:00 - 20:30","di":"10:00 - 20:30","wo":"10:00 - 20:30","do":"10:00 - 20:30","vr":"10:00 - 20:30"}}},{"type":"Feature","geometry":{"type":"Point","coordinates":[7.68125902,45.06658214]},"properties":{"type":"pakketpunt","locatieNaam":"Tabaccheria N. 2","straatNaam":"Piazza Cln","straatNr":"252","vervoerder":"PosteItaliane","puntType":"servicepunt","bezettingsgraad":50,"latitude":45.06658214,"longitude":7.68125902,"canPickup":true,"canDropoff":true,"openingstijden":{"za":"10:30 - 19:30","zo":"gesloten","ma":"08:00 - 19:30","di":"08:00 - 19:30","wo":"08:00 - 19:30","do":"08:00 - 19:30","vr":"08:00 - 19:30"}}},{"type":"Feature","geometry":{"type":"Point","coordinates":[7.65279156,45.02081757]},"properties":{"type":"pakketpunt","locatieNaam":"Stazione Di Servizio Eni","straatNaam":"Corso Traiano","straatNr":"140","vervoerder":"PosteItaliane","puntType":"automaat","bezettingsgraad":50,"latitude":45.02081757,"longitude":7.65279156,"canPickup":true,"canDropoff":true,"openingstijden":{"za":"00:01 - 23:59","zo":"00:01 - 23:59","ma":"00:01 - 23:59","di":"00:01 - 23:59","wo":"00:01 - 23:59","do":"00:01 - 23:59","vr":"00:01 - 23:59"}}},{"type":"Feature","geometry":{"type":"Point","coordinates":[7.62359452,45.08141715]},"properties":{"type":"pakketpunt","locatieNaam":"Stazione Di Servizio Ip","straatNaam":"Via Pietro Cossa","straatNr":"107","vervoerder":"PosteItaliane","puntType":"automaat","bezettingsgraad":50,"latitude":45.08141715,"longitude":7.62359452,"canPickup":true,"canDropoff":true,"openingstijden":{"za":"00:01 - 23:59","zo":"00:01 - 23:59","ma":"00:01 - 23:59","di":"00:01 - 23:59","wo":"00:01 - 23:59","do":"00:01 - 23:59","vr":"00:01 - 23:59"}}},{"type":"Feature","geometry":{"type":"Point","coordinates":[7.67620861,45.09918823]},"properties":{"type":"pakketpunt","locatieNaam":"Lavanderia - Speed Queen","straatNaam":"Via Breglio","straatNr":"91/e","vervoerder":"PosteItaliane","puntType":"automaat","bezettingsgraad":50,"latitude":45.09918823,"longitude":7.67620861,"canPickup":true,"canDropoff":true,"openingstijden":{"za":"07:00 - 22:00","zo":"07:00 - 22:00","ma":"07:00 - 22:00","di":"07:00 - 22:00","wo":"07:00 - 22:00","do":"07:00 - 22:00","vr":"07:00 - 22:00"}}},{"type":"Feature","geometry":{"type":"Point","coordinates":[7.68453246,45.05886861]},"properties":{"type":"pakketpunt","locatieNaam":"Speed Queen Lavanderia","straatNaam":"Via Bernardino Galliari","straatNr":"24","vervoerder":"PosteItaliane","puntType":"automaat","bezettingsgraad":50,"latitude":45.05886861,"longitude":7.68453246,"canPickup":true,"canDropoff":true,"openingstijden":{"za":"07:00 - 22:00","zo":"07:00 - 22:00","ma":"07:00 - 22:00","di":"07:00 - 22:00","wo":"07:00 - 22:00","do":"07:00 - 22:00","vr":"07:00 - 22:00"}}},{"type":"Feature","geometry":{"type":"Point","coordinates":[7.63065692,45.07483758]},"properties":{"type":"pakketpunt","locatieNaam":"Tabaccheria N. 240","straatNaam":"Corso Francia","straatNr":"249/bis","vervoerder":"PosteItaliane","puntType":"servicepunt","bezettingsgraad":50,"latitude":45.07483758,"longitude":7.63065692,"canPickup":true,"canDropoff":true,"openingstijden":{"za":"07:00 - 13:00, 14:30 - 19:30","zo":"gesloten","ma":"07:00 - 13:00, 14:30 - 19:30","di":"07:00 - 13:00, 14:30 - 19:30","wo":"07:00 - 13:00, 14:30 - 19:30","do":"07:00 - 13:00, 14:30 - 19:30","vr":"07:00 - 13:00, 14:30 - 19:30"}}},{"type":"Feature","geometry":{"type":"Point","coordinates":[7.69348695,45.07626244]},"properties":{"type":"pakketpunt","locatieNaam":"Tabaccheria N. 200","straatNaam":"Corso Regio Parco","straatNr":"22","vervoerder":"PosteItaliane","puntType":"servicepunt","bezettingsgraad":50,"latitude":45.07626244,"longitude":7.69348695,"canPickup":true,"canDropoff":true,"openingstijden":{"za":"08:00 - 13:00, 14:30 - 19:00","zo":"gesloten","ma":"07:30 - 13:00, 14:30 - 19:00","di":"07:30 - 13:00, 14:30 - 19:00","wo":"07:30 - 13:00, 14:30 - 19:00","do":"07:30 - 13:00, 14:30 - 19:00","vr":"07:30 - 13:00, 14:30 - 19:00"}}},{"type":"Feature","geometry":{"type":"Point","coordinates":[7.64157157,45.04361796]},"properties":{"type":"pakketpunt","locatieNaam":"Tabaccheria N. 365","straatNaam":"Corso Orbassano","straatNr":"199/d","vervoerder":"PosteItaliane","puntType":"servicepunt","bezettingsgraad":50,"latitude":45.04361796,"longitude":7.64157157,"canPickup":true,"canDropoff":true,"openingstijden":{"za":"08:00 - 19:30","zo":"gesloten","ma":"08:00 - 19:30","di":"08:00 - 19:30","wo":"08:00 - 19:30","do":"08:00 - 19:30","vr":"08:00 - 19:30"}}},{"type":"Feature","geometry":{"type":"Point","coordinates":[7.64586,45.07861]},"properties":{"type":"pakketpunt","locatieNaam":"Tabaccheria N. 318","straatNaam":"Corso Lecce","straatNr":"28/g","vervoerder":"PosteItaliane","puntType":"servicepunt","bezettingsgraad":50,"latitude":45.07861,"longitude":7.64586,"canPickup":true,"canDropoff":true,"openingstijden":{"za":"07:30 - 13:00, 15:00 - 19:30","zo":"gesloten","ma":"07:30 - 13:00, 15:00 - 19:30","di":"07:30 - 13:00, 15:00 - 19:30","wo":"07:30 - 13:00, 15:00 - 19:30","do":"07:30 - 13:00, 15:00 - 19:30","vr":"07:30 - 13:00, 15:00 - 19:30"}}},{"type":"Feature","geometry":{"type":"Point","coordinates":[7.66733104,45.08535859]},"properties":{"type":"pakketpunt","locatieNaam":"Tabaccheria N. 206","straatNaam":"Corso Umbria","straatNr":"33","vervoerder":"PosteItaliane","puntType":"servicepunt","bezettingsgraad":50,"latitude":45.08535859,"longitude":7.66733104,"canPickup":true,"canDropoff":true,"openingstijden":{"za":"08:00 - 13:00, 15:00 - 19:30","zo":"gesloten","ma":"08:00 - 13:00, 15:00 - 19:30","di":"08:00 - 13:00, 15:00 - 19:30","wo":"08:00 - 13:00, 15:00 - 19:30","do":"08:00 - 13:00, 15:00 - 19:30","vr":"08:00 - 13:00, 15:00 - 19:30"}}},{"type":"Feature","geometry":{"type":"Point","coordinates":[7.67629542,45.1010666]},"properties":{"type":"pakketpunt","locatieNaam":"London Pally's Caffe'","straatNaam":"Via Michele Coppino","straatNr":"109/a","vervoerder":"PosteItaliane","puntType":"servicepunt","bezettingsgraad":50,"latitude":45.1010666,"longitude":7.67629542,"canPickup":true,"canDropoff":true,"openingstijden":{"za":"07:00 - 20:00","zo":"08:00 - 13:00","ma":"07:00 - 20:00","di":"07:00 - 20:00","wo":"07:00 - 20:00","do":"07:00 - 20:00","vr":"07:00 - 20:00"}}},{"type":"Feature","geometry":{"type":"Point","coordinates":[7.73515009,45.08687985]},"properties":{"type":"pakketpunt","locatieNaam":"Tabaccheria N. 182","straatNaam":"Corso Casale","straatNr":"428","vervoerder":"PosteItaliane","puntType":"servicepunt","bezettingsgraad":50,"latitude":45.08687985,"longitude":7.73515009,"canPickup":true,"canDropoff":true,"openingstijden":{"za":"06:00 - 20:00","zo":"07:00 - 12:00","ma":"06:00 - 20:00","di":"06:00 - 20:00","wo":"06:00 - 20:00","do":"06:00 - 20:00","vr":"06:00 - 20:00"}}},{"type":"Feature","geometry":{"type":"Point","coordinates":[7.66335958,45.10712958]},"properties":{"type":"pakketpunt","locatieNaam":"Amici Store","straatNaam":"Via Ettore Stampini","straatNr":"14","vervoerder":"PosteItaliane","puntType":"servicepunt","bezettingsgraad":50,"latitude":45.10712958,"longitude":7.66335958,"canPickup":true,"canDropoff":true,"openingstijden":{"za":"gesloten","zo":"gesloten","ma":"gesloten","di":"10:00 - 18:00","wo":"gesloten","do":"10:00 - 18:00","vr":"gesloten"}}},{"type":"Feature","geometry":{"type":"Point","coordinates":[7.69247,45.06315]},"properties":{"type":"pakketpunt","locatieNaam":"Tabaccheria N. 10","straatNaam":"Via Della Rocca","straatNr":"19/c","vervoerder":"PosteItaliane","puntType":"servicepunt","bezettingsgraad":50,"latitude":45.06315,"longitude":7.69247,"canPickup":true,"canDropoff":true,"openingstijden":{"za":"08:30 - 12:30, 15:30 - 18:00","zo":"gesloten","ma":"08:30 - 12:30, 15:30 - 18:00","di":"08:30 - 12:30, 15:30 - 18:00","wo":"08:30 - 12:30, 15:30 - 18:00","do":"08:30 - 12:30, 15:30 - 18:00","vr":"08:30 - 12:30, 15:30 - 18:00"}}},{"type":"Feature","geometry":{"type":"Point","coordinates":[7.64737908,45.06733926]},"properties":{"type":"pakketpunt","locatieNaam":"La Cartoleria Williams","straatNaam":"Via Emanuele Luserna Di Rora'","straatNr":"15/b","vervoerder":"PosteItaliane","puntType":"servicepunt","bezettingsgraad":50,"latitude":45.06733926,"longitude":7.64737908,"canPickup":true,"canDropoff":true,"openingstijden":{"za":"10:00 - 13:00, 16:00 - 19:00","zo":"gesloten","ma":"10:00 - 13:00, 16:00 - 19:00","di":"10:00 - 13:00, 16:00 - 19:00","wo":"10:00 - 13:00, 16:00 - 19:00","do":"10:00 - 13:00, 16:00 - 19:00","vr":"10:00 - 13:00, 16:00 - 19:00"}}},{"type":"Feature","geometry":{"type":"Point","coordinates":[7.67505283,45.05220089]},"properties":{"type":"pakketpunt","locatieNaam":"Tabaccheria N. 94","straatNaam":"Via Nizza","straatNr":"71/h","vervoerder":"PosteItaliane","puntType":"servicepunt","bezettingsgraad":50,"latitude":45.05220089,"longitude":7.67505283,"canPickup":true,"canDropoff":true,"openingstijden":{"za":"07:30 - 13:00, 15:00 - 19:30","zo":"gesloten","ma":"07:30 - 13:00, 15:00 - 19:30","di":"07:30 - 13:00, 15:00 - 19:30","wo":"07:30 - 13:00, 15:00 - 19:30","do":"07:30 - 13:00, 15:00 - 19:30","vr":"07:30 - 13:00, 15:00 - 19:30"}}},{"type":"Feature","geometry":{"type":"Point","coordinates":[7.65850778,45.07595378]},"properties":{"type":"pakketpunt","locatieNaam":"Tabaccheria N. 273","straatNaam":"Corso Francia","straatNr":"39/bis","vervoerder":"PosteItaliane","puntType":"servicepunt","bezettingsgraad":50,"latitude":45.07595378,"longitude":7.65850778,"canPickup":true,"canDropoff":true,"openingstijden":{"za":"08:30 - 12:30, 14:30 - 16:00","zo":"gesloten","ma":"07:30 - 12:30, 14:30 - 19:00","di":"07:30 - 12:30, 14:30 - 19:00","wo":"07:30 - 12:30, 14:30 - 16:20","do":"07:30 - 12:30, 14:30 - 19:00","vr":"07:30 - 12:30, 14:30 - 19:00"}}},{"type":"Feature","geometry":{"type":"Point","coordinates":[7.73384519,45.08611337]},"properties":{"type":"pakketpunt","locatieNaam":"Stazione Di Servizio Ip","straatNaam":"Corso Casale","straatNr":"412/a","vervoerder":"PosteItaliane","puntType":"automaat","bezettingsgraad":50,"latitude":45.08611337,"longitude":7.73384519,"canPickup":true,"canDropoff":true,"openingstijden":{"za":"00:01 - 23:59","zo":"00:01 - 23:59","ma":"00:01 - 23:59","di":"00:01 - 23:59","wo":"00:01 - 23:59","do":"00:01 - 23:59","vr":"00:01 - 23:59"}}},{"type":"Feature","geometry":{"type":"Point","coordinates":[7.703547,45.10643503]},"properties":{"type":"pakketpunt","locatieNaam":"Stazione Di Servizio Eni","straatNaam":"Corso Giulio Cesare","straatNr":"318","vervoerder":"PosteItaliane","puntType":"automaat","bezettingsgraad":50,"latitude":45.10643503,"longitude":7.703547,"canPickup":true,"canDropoff":true,"openingstijden":{"za":"00:01 - 23:59","zo":"00:01 - 23:59","ma":"00:01 - 23:59","di":"00:01 - 23:59","wo":"00:01 - 23:59","do":"00:01 - 23:59","vr":"00:01 - 23:59"}}},{"type":"Feature","geometry":{"type":"Point","coordinates":[7.65561014,45.08776378]},"properties":{"type":"pakketpunt","locatieNaam":"Autolavaggio","straatNaam":"Strada Delle Ghiacciaie","straatNr":"9","vervoerder":"PosteItaliane","puntType":"automaat","bezettingsgraad":50,"latitude":45.08776378,"longitude":7.65561014,"canPickup":true,"canDropoff":true,"openingstijden":{"za":"00:01 - 23:59","zo":"00:01 - 23:59","ma":"00:01 - 23:59","di":"00:01 - 23:59","wo":"00:01 - 23:59","do":"00:01 - 23:59","vr":"00:01 - 23:59"}}},{"type":"Feature","geometry":{"type":"Point","coordinates":[7.69938577,45.10069033]},"properties":{"type":"pakketpunt","locatieNaam":"Stazione Di Servizio Eni","straatNaam":"Corso Giulio Cesare","straatNr":"216/a","vervoerder":"PosteItaliane","puntType":"automaat","bezettingsgraad":50,"latitude":45.10069033,"longitude":7.69938577,"canPickup":true,"canDropoff":true,"openingstijden":{"za":"00:01 - 23:59","zo":"00:01 - 23:59","ma":"00:01 - 23:59","di":"00:01 - 23:59","wo":"00:01 - 23:59","do":"00:01 - 23:59","vr":"00:01 - 23:59"}}},{"type":"Feature","geometry":{"type":"Point","coordinates":[7.6473304,45.0673008]},"properties":{"type":"pakketpunt","locatieNaam":"Cartoleria di Di Leo","straatNaam":"VIA E.LUSERNA DI RORA","straatNr":"15/B","vervoerder":"DPD","puntType":"pickup_point","bezettingsgraad":50,"latitude":45.0673008,"longitude":7.6473304,"canPickup":true,"canDropoff":true,"openingstijden":{"ma":"10:00 - 13:00, 16:30 - 19:00","di":"10:00 - 13:00, 16:30 - 19:00","wo":"10:00 - 13:00, 16:30 - 19:00","do":"10:00 - 13:00, 16:30 - 19:00","vr":"10:00 - 13:00, 16:30 - 19:00","za":"10:00 - 13:00, 16:30 - 19:00","zo":"gesloten"}}},{"type":"Feature","geometry":{"type":"Point","coordinates":[7.6680221712,45.0296964263]},"properties":{"type":"pakketpunt","locatieNaam":"Cartolibreria Aemme 95","straatNaam":"VIA CORTEMILIA","straatNr":"16/A","vervoerder":"DPD","puntType":"pickup_point","bezettingsgraad":50,"latitude":45.0296964263,"longitude":7.6680221712,"canPickup":true,"canDropoff":true,"openingstijden":{"ma":"15:30 - 19:00","di":"09:00 - 12:30, 15:30 - 19:00","wo":"09:00 - 12:30, 15:30 - 19:00","do":"09:00 - 12:30, 15:30 - 19:00","vr":"09:00 - 12:30, 15:30 - 19:00","za":"09:00 - 12:30","zo":"07:30 - 12:00"}}},{"type":"Feature","geometry":{"type":"Point","coordinates":[7.675978773,45.0452403804]},"properties":{"type":"pakketpunt","locatieNaam":"Eurolibri","straatNaam":"VIA ORMEA","straatNr":"142","vervoerder":"DPD","puntType":"pickup_point","bezettingsgraad":50,"latitude":45.0452403804,"longitude":7.675978773,"canPickup":true,"canDropoff":true,"openingstijden":{"ma":"09:30 - 13:00, 15:00 - 19:30","di":"09:30 - 13:00, 15:00 - 19:30","wo":"09:30 - 13:00, 15:00 - 19:30","do":"09:30 - 13:00, 15:00 - 19:30","vr":"09:30 - 13:00, 15:00 - 19:30","za":"09:30 - 13:00, 15:00 - 19:30","zo":"gesloten"}}},{"type":"Feature","geometry":{"type":"Point","coordinates":[7.6483879939,45.0340776644]},"properties":{"type":"pakketpunt","locatieNaam":"Piccola Edicola","straatNaam":"CORSO UNIONE SOVIETICA","straatNr":"237","vervoerder":"DPD","puntType":"pickup_point","bezettingsgraad":50,"latitude":45.0340776644,"longitude":7.6483879939,"canPickup":true,"canDropoff":true,"openingstijden":{"ma":"07:30 - 12:30, 15:30 - 18:45","di":"07:30 - 12:30, 15:30 - 18:45","wo":"07:30 - 12:30, 15:30 - 18:45","do":"07:30 - 12:30, 15:30 - 18:45","vr":"07:30 - 12:30, 15:30 - 18:45","za":"07:30 - 12:00, 08:00 - 12:30","zo":"gesloten"}}},{"type":"Feature","geometry":{"type":"Point","coordinates":[7.63337,45.07068]},"properties":{"type":"pakketpunt","locatieNaam":"Servizi Postali & c","straatNaam":"CORSO PESCHIERA","straatNr":"271/B","vervoerder":"DPD","puntType":"pickup_point","bezettingsgraad":50,"latitude":45.07068,"longitude":7.63337,"canPickup":true,"canDropoff":true,"openingstijden":{"ma":"08:30 - 13:30, 15:00 - 18:00","di":"08:30 - 13:30, 15:00 - 18:00","wo":"08:30 - 13:30","do":"08:30 - 13:30, 15:00 - 18:00","vr":"08:30 - 13:30","za":"09:30 - 12:30","zo":"gesloten"}}},{"type":"Feature","geometry":{"type":"Point","coordinates":[7.6668163338,45.0792856387]},"properties":{"type":"pakketpunt","locatieNaam":"Tabaccheria Monti","straatNaam":"VIA SAN DONATO","straatNr":"18","vervoerder":"DPD","puntType":"pickup_point","bezettingsgraad":50,"latitude":45.0792856387,"longitude":7.6668163338,"canPickup":true,"canDropoff":true,"openingstijden":{"ma":"08:30 - 13:00, 15:00 - 19:00","di":"08:30 - 13:00, 15:00 - 19:00","wo":"08:30 - 13:00, 15:00 - 19:00","do":"08:30 - 13:00, 15:00 - 19:00","vr":"08:30 - 13:00, 15:00 - 19:00","za":"08:30 - 13:00, 15:30 - 19:30","zo":"gesloten"}}},{"type":"Feature","geometry":{"type":"Point","coordinates":[7.6876336589,45.1036712406]},"properties":{"type":"pakketpunt","locatieNaam":"Bar Tabacchi - Torino","straatNaam":"CORSO GROSSETO","straatNr":"59/B","vervoerder":"DPD","puntType":"pickup_point","bezettingsgraad":50,"latitude":45.1036712406,"longitude":7.6876336589,"canPickup":true,"canDropoff":true,"openingstijden":{"ma":"06:30 - 20:00","di":"06:30 - 20:00","wo":"06:30 - 20:00","do":"06:30 - 20:00","vr":"06:30 - 20:00","za":"06:30 - 20:00","zo":"gesloten"}}},{"type":"Feature","geometry":{"type":"Point","coordinates":[7.6261784466,45.0798333672]},"properties":{"type":"pakketpunt","locatieNaam":"Cartoleria-Giocattoli-Bigiotteria","straatNaam":"VIA ASINARI DI BERNEZZO","straatNr":"115/B","vervoerder":"DPD","puntType":"pickup_point","bezettingsgraad":50,"latitude":45.0798333672,"longitude":7.6261784466,"canPickup":true,"canDropoff":true,"openingstijden":{"ma":"09:00 - 12:30, 15:30 - 19:30","di":"09:00 - 12:30, 15:30 - 19:30","wo":"09:00 - 12:30, 15:30 - 19:30","do":"09:00 - 12:30, 15:30 - 19:30","vr":"09:00 - 12:30, 15:30 - 19:30","za":"09:00 - 12:30, 15:30 - 19:30","zo":"gesloten"}}},{"type":"Feature","geometry":{"type":"Point","coordinates":[7.6930668644,45.0886018102]},"properties":{"type":"pakketpunt","locatieNaam":"Elettronica Giordano","straatNaam":"CORSO PALERMO","straatNr":"101","vervoerder":"DPD","puntType":"pickup_point","bezettingsgraad":50,"latitude":45.0886018102,"longitude":7.6930668644,"canPickup":true,"canDropoff":true,"openingstijden":{"ma":"08:30 - 12:30, 14:00 - 18:00","di":"08:30 - 12:30, 14:00 - 18:00","wo":"08:30 - 12:30, 14:00 - 18:00","do":"08:30 - 12:30, 14:00 - 18:00","vr":"08:30 - 12:30, 14:00 - 18:00","za":"gesloten","zo":"gesloten"}}},{"type":"Feature","geometry":{"type":"Point","coordinates":[7.6712018,45.0317249112]},"properties":{"type":"pakketpunt","locatieNaam":"Copisteria Flash","straatNaam":"VIA VENTIMIGLIA","straatNr":"50/C","vervoerder":"DPD","puntType":"pickup_point","bezettingsgraad":50,"latitude":45.0317249112,"longitude":7.6712018,"canPickup":true,"canDropoff":true,"openingstijden":{"ma":"09:00 - 13:00, 15:00 - 18:00","di":"09:00 - 13:00, 15:00 - 18:00","wo":"09:00 - 13:00, 15:00 - 18:00","do":"09:00 - 13:00, 15:00 - 18:00","vr":"09:00 - 13:00, 15:00 - 18:00","za":"09:00 - 13:00, 15:00 - 18:00","zo":"gesloten"}}},{"type":"Feature","geometry":{"type":"Point","coordinates":[7.6586358509,45.0407882763]},"properties":{"type":"pakketpunt","locatieNaam":"Tabaccheria Cavallero","straatNaam":"CORSO SEBASTOPOLI","straatNr":"52","vervoerder":"DPD","puntType":"pickup_point","bezettingsgraad":50,"latitude":45.0407882763,"longitude":7.6586358509,"canPickup":true,"canDropoff":true,"openingstijden":{"ma":"07:30 - 12:45, 15:15 - 19:30","di":"07:30 - 12:45, 15:15 - 19:30","wo":"07:30 - 12:45, 15:15 - 19:30","do":"07:30 - 12:45, 15:15 - 19:30","vr":"07:30 - 12:45, 15:15 - 19:30","za":"07:30 - 12:45, 15:15 - 19:30","zo":"gesloten"}}},{"type":"Feature","geometry":{"type":"Point","coordinates":[7.6767244,45.0642207]},"properties":{"type":"pakketpunt","locatieNaam":"Non solo Essenze Bioprofumeria","straatNaam":"VIA ARSENALE","straatNr":"42/A","vervoerder":"DPD","puntType":"pickup_point","bezettingsgraad":50,"latitude":45.0642207,"longitude":7.6767244,"canPickup":true,"canDropoff":true,"openingstijden":{"ma":"11:00 - 18:45","di":"10:30 - 18:45","wo":"10:30 - 18:45","do":"10:30 - 18:45","vr":"10:30 - 18:45","za":"10:30 - 12:45, 15:30 - 18:45","zo":"gesloten"}}},{"type":"Feature","geometry":{"type":"Point","coordinates":[7.6503489,45.0646502]},"properties":{"type":"pakketpunt","locatieNaam":"Stampa e Pacifico Viaggi","straatNaam":"CORSO PESCHIERA","straatNr":"168/D","vervoerder":"DPD","puntType":"pickup_point","bezettingsgraad":50,"latitude":45.0646502,"longitude":7.6503489,"canPickup":true,"canDropoff":true,"openingstijden":{"ma":"06:00 - 20:00","di":"06:00 - 20:00","wo":"06:00 - 20:00","do":"06:00 - 20:00","vr":"06:00 - 20:00","za":"07:00 - 20:00, 15:00 - 19:00","zo":"07:30 - 13:00"}}},{"type":"Feature","geometry":{"type":"Point","coordinates":[7.655189446,45.0691516664]},"properties":{"type":"pakketpunt","locatieNaam":"Bois De Roses - Torino","straatNaam":"CORSO F.FERRUCCI","straatNr":"34/E","vervoerder":"DPD","puntType":"pickup_point","bezettingsgraad":50,"latitude":45.0691516664,"longitude":7.655189446,"canPickup":true,"canDropoff":true,"openingstijden":{"ma":"08:00 - 13:00, 15:00 - 19:00","di":"08:00 - 13:00, 15:00 - 19:00","wo":"08:00 - 13:00, 15:00 - 19:00","do":"08:00 - 13:00, 15:00 - 19:00","vr":"08:00 - 13:00, 15:00 - 19:00","za":"09:00 - 12:00","zo":"gesloten"}}},{"type":"Feature","geometry":{"type":"Point","coordinates":[7.6933849,45.0873836]},"properties":{"type":"pakketpunt","locatieNaam":"Triumph Money Transfer","straatNaam":"CORSO PALERMO","straatNr":"94/A","vervoerder":"DPD","puntType":"pickup_point","bezettingsgraad":50,"latitude":45.0873836,"longitude":7.6933849,"canPickup":true,"canDropoff":true,"openingstijden":{"ma":"08:30 - 20:30","di":"08:30 - 20:30","wo":"08:30 - 20:30","do":"08:30 - 20:30","vr":"08:30 - 20:30","za":"08:30 - 20:30","zo":"gesloten"}}},{"type":"Feature","geometry":{"type":"Point","coordinates":[7.6915656,45.0884992]},"properties":{"type":"pakketpunt","locatieNaam":"Eco Store-Torino","straatNaam":"CORSO GIULIO CESARE","straatNr":"66/D","vervoerder":"DPD","puntType":"pickup_point","bezettingsgraad":50,"latitude":45.0884992,"longitude":7.6915656,"canPickup":true,"canDropoff":true,"openingstijden":{"ma":"09:30 - 13:00, 15:00 - 19:00","di":"09:30 - 13:00, 15:00 - 19:00","wo":"09:30 - 13:00, 15:00 - 19:00","do":"09:30 - 13:00, 15:00 - 19:00","vr":"09:30 - 13:00, 15:00 - 19:00","za":"09:30 - 12:00","zo":"gesloten"}}},{"type":"Feature","geometry":{"type":"Point","coordinates":[7.6202970252,45.0818435381]},"properties":{"type":"pakketpunt","locatieNaam":"Cafè 188","straatNaam":"STRADA ANTICA DI COLLEGNO","straatNr":"188","vervoerder":"DPD","puntType":"pickup_point","bezettingsgraad":50,"latitude":45.0818435381,"longitude":7.6202970252,"canPickup":true,"canDropoff":true,"openingstijden":{"ma":"06:30 - 19:00","di":"06:30 - 19:00","wo":"06:30 - 19:00","do":"06:30 - 19:00","vr":"06:30 - 19:00","za":"08:00 - 12:00","zo":"gesloten"}}},{"type":"Feature","geometry":{"type":"Point","coordinates":[7.6978715,45.0693296]},"properties":{"type":"pakketpunt","locatieNaam":"Player One PC","straatNaam":"VIA MICHELE BUNIVA","straatNr":"8","vervoerder":"DPD","puntType":"pickup_point","bezettingsgraad":50,"latitude":45.0693296,"longitude":7.6978715,"canPickup":true,"canDropoff":true,"openingstijden":{"ma":"10:00 - 12:30, 16:00 - 19:30","di":"10:00 - 12:30, 16:00 - 19:30","wo":"10:00 - 12:30, 16:00 - 19:30","do":"10:00 - 12:30, 16:00 - 19:30","vr":"10:00 - 12:30, 16:00 - 19:30","za":"gesloten","zo":"gesloten"}}},{"type":"Feature","geometry":{"type":"Point","coordinates":[7.689074027,45.0904138022]},"properties":{"type":"pakketpunt","locatieNaam":"Edicola - Torino","straatNaam":"CORSO VERCELLI","straatNr":"68/B","vervoerder":"DPD","puntType":"pickup_point","bezettingsgraad":50,"latitude":45.0904138022,"longitude":7.689074027,"canPickup":true,"canDropoff":true,"openingstijden":{"ma":"06:30 - 13:00, 16:00 - 18:00","di":"06:30 - 13:00, 16:00 - 18:00","wo":"06:30 - 13:00, 16:00 - 18:00","do":"06:30 - 13:00, 16:00 - 18:00","vr":"06:30 - 13:00, 16:00 - 18:00","za":"06:30 - 13:00, 16:00 - 18:00","zo":"gesloten"}}},{"type":"Feature","geometry":{"type":"Point","coordinates":[7.652311954,45.0666004104]},"properties":{"type":"pakketpunt","locatieNaam":"Parafarmacia Olistica Melograno","straatNaam":"VIA VIGONE","straatNr":"24/E","vervoerder":"DPD","puntType":"pickup_point","bezettingsgraad":50,"latitude":45.0666004104,"longitude":7.652311954,"canPickup":true,"canDropoff":true,"openingstijden":{"ma":"08:30 - 12:45, 15:30 - 19:15","di":"08:30 - 12:45, 15:30 - 19:15","wo":"08:30 - 12:45, 15:30 - 19:15","do":"08:30 - 12:45, 15:30 - 19:15","vr":"08:30 - 12:45, 15:30 - 19:15","za":"08:30 - 12:45, 15:30 - 19:15","zo":"gesloten"}}},{"type":"Feature","geometry":{"type":"Point","coordinates":[7.6429557,45.0235995]},"properties":{"type":"pakketpunt","locatieNaam":"CSC Italia","straatNaam":"VIA FRANCESCO GUALA","straatNr":"114","vervoerder":"DPD","puntType":"pickup_point","bezettingsgraad":50,"latitude":45.0235995,"longitude":7.6429557,"canPickup":true,"canDropoff":true,"openingstijden":{"ma":"09:00 - 17:00","di":"09:00 - 17:00","wo":"09:00 - 17:00","do":"09:00 - 17:00","vr":"09:00 - 17:00","za":"gesloten","zo":"gesloten"}}},{"type":"Feature","geometry":{"type":"Point","coordinates":[7.6961513,45.0954576]},"properties":{"type":"pakketpunt","locatieNaam":"S.T.A.C. D&E","straatNaam":"CORSO GIULIO CESARE","straatNr":"150","vervoerder":"DPD","puntType":"pickup_point","bezettingsgraad":50,"latitude":45.0954576,"longitude":7.6961513,"canPickup":true,"canDropoff":true,"openingstijden":{"ma":"09:00 - 12:30, 15:00 - 18:30","di":"09:00 - 12:30, 15:00 - 18:30","wo":"09:00 - 12:30, 15:00 - 18:30","do":"09:00 - 12:30, 15:00 - 18:30","vr":"09:00 - 12:30, 15:00 - 18:30","za":"09:00 - 12:30","zo":"gesloten"}}},{"type":"Feature","geometry":{"type":"Point","coordinates":[7.6570714111,45.0539923912]},"properties":{"type":"pakketpunt","locatieNaam":"Ottica Duca","straatNaam":"CORSO DUCA DEGLI ABRUZZI","straatNr":"91","vervoerder":"DPD","puntType":"pickup_point","bezettingsgraad":50,"latitude":45.0539923912,"longitude":7.6570714111,"canPickup":true,"canDropoff":true,"openingstijden":{"ma":"gesloten","di":"09:45 - 12:00, 15:30 - 19:00","wo":"09:45 - 12:00, 15:30 - 19:00","do":"09:45 - 12:00, 15:30 - 19:00","vr":"09:45 - 12:00, 15:30 - 19:00","za":"15:30 - 18:30","zo":"gesloten"}}},{"type":"Feature","geometry":{"type":"Point","coordinates":[7.6657385356,45.0801626544]},"properties":{"type":"pakketpunt","locatieNaam":"Cambiamenti Charity Shop","straatNaam":"VIA PACINOTTI","straatNr":"2/A","vervoerder":"DPD","puntType":"pickup_point","bezettingsgraad":50,"latitude":45.0801626544,"longitude":7.6657385356,"canPickup":true,"canDropoff":true,"openingstijden":{"ma":"15:30 - 19:00","di":"09:30 - 12:30, 15:30 - 19:00","wo":"09:30 - 12:30, 15:30 - 19:00","do":"09:30 - 12:30, 15:30 - 19:00","vr":"09:30 - 12:30, 15:30 - 19:00","za":"09:30 - 12:30","zo":"gesloten"}}},{"type":"Feature","geometry":{"type":"Point","coordinates":[7.6324603,45.0767313]},"properties":{"type":"pakketpunt","locatieNaam":"Prosolution Multiutility","straatNaam":"VIA VALGIOIE","straatNr":"27C","vervoerder":"DPD","puntType":"pickup_point","bezettingsgraad":50,"latitude":45.0767313,"longitude":7.6324603,"canPickup":true,"canDropoff":true,"openingstijden":{"ma":"09:30 - 12:30, 15:30 - 19:00","di":"09:30 - 12:30, 15:30 - 19:00","wo":"09:30 - 12:30, 15:30 - 19:00","do":"09:30 - 12:30, 15:30 - 19:00","vr":"09:30 - 12:30, 15:30 - 19:00","za":"gesloten","zo":"gesloten"}}},{"type":"Feature","geometry":{"type":"Point","coordinates":[7.62896824,45.03960899]},"properties":{"type":"pakketpunt","locatieNaam":"Coffee Garden","straatNaam":"VIA GUIDO RENI","straatNr":"217D","vervoerder":"DPD","puntType":"pickup_point","bezettingsgraad":50,"latitude":45.03960899,"longitude":7.62896824,"canPickup":true,"canDropoff":true,"openingstijden":{"ma":"08:00 - 19:00","di":"08:00 - 19:00","wo":"08:00 - 19:00","do":"08:00 - 19:00","vr":"08:00 - 19:00","za":"08:00 - 19:00","zo":"gesloten"}}},{"type":"Feature","geometry":{"type":"Point","coordinates":[7.6829446221,45.0927882711]},"properties":{"type":"pakketpunt","locatieNaam":"Colorificio - Torino","straatNaam":"VIA GRESSONEY","straatNr":"41/C","vervoerder":"DPD","puntType":"pickup_point","bezettingsgraad":50,"latitude":45.0927882711,"longitude":7.6829446221,"canPickup":true,"canDropoff":true,"openingstijden":{"ma":"08:00 - 12:00, 14:00 - 17:00","di":"08:00 - 12:00, 14:00 - 17:00","wo":"08:00 - 12:00, 14:00 - 17:00","do":"08:00 - 12:00, 14:00 - 17:00","vr":"08:00 - 12:00, 14:00 - 17:00","za":"gesloten","zo":"gesloten"}}},{"type":"Feature","geometry":{"type":"Point","coordinates":[7.66903,45.1047]},"properties":{"type":"pakketpunt","locatieNaam":"Bar Tabacchi - Torino","straatNaam":"CORSO GROSSETO","straatNr":"229","vervoerder":"DPD","puntType":"pickup_point","bezettingsgraad":50,"latitude":45.1047,"longitude":7.66903,"canPickup":true,"canDropoff":true,"openingstijden":{"ma":"06:30 - 12:30, 15:00 - 19:00","di":"06:30 - 12:30, 15:00 - 19:00","wo":"06:30 - 12:30, 15:00 - 19:00","do":"06:30 - 12:30, 15:00 - 19:00","vr":"06:30 - 12:30, 15:00 - 19:00","za":"06:30 - 12:30","zo":"gesloten"}}},{"type":"Feature","geometry":{"type":"Point","coordinates":[7.6472240159,45.0651968167]},"properties":{"type":"pakketpunt","locatieNaam":"Multiservizi Luvijoy Caf Patronato","straatNaam":"VIA MONGINEVRO","straatNr":"68bis","vervoerder":"DPD","puntType":"pickup_point","bezettingsgraad":50,"latitude":45.0651968167,"longitude":7.6472240159,"canPickup":true,"canDropoff":true,"openingstijden":{"ma":"09:00 - 13:00, 15:00 - 19:00","di":"09:00 - 13:00, 15:00 - 19:00","wo":"09:00 - 13:00, 15:00 - 19:00","do":"09:00 - 13:00, 15:00 - 19:00","vr":"09:00 - 13:00, 15:00 - 19:00","za":"09:00 - 13:00","zo":"gesloten"}}},{"type":"Feature","geometry":{"type":"Point","coordinates":[7.6583647117,45.0602903108]},"properties":{"type":"pakketpunt","locatieNaam":"Fulwer Design","straatNaam":"VIA MARCO POLO","straatNr":"41/E","vervoerder":"DPD","puntType":"pickup_point","bezettingsgraad":50,"latitude":45.0602903108,"longitude":7.6583647117,"canPickup":true,"canDropoff":true,"openingstijden":{"ma":"08:00 - 19:00","di":"08:00 - 19:00","wo":"08:00 - 19:00","do":"08:00 - 19:00","vr":"08:00 - 19:00","za":"08:00 - 12:00","zo":"gesloten"}}},{"type":"Feature","geometry":{"type":"Point","coordinates":[7.6679375,45.0785885]},"properties":{"type":"pakketpunt","locatieNaam":"Brillo Detergenza","straatNaam":"VIA G. BALBIS","straatNr":"9g","vervoerder":"DPD","puntType":"pickup_point","bezettingsgraad":50,"latitude":45.0785885,"longitude":7.6679375,"canPickup":true,"canDropoff":true,"openingstijden":{"ma":"08:30 - 13:00, 15:00 - 19:00","di":"08:30 - 13:00, 15:00 - 19:00","wo":"08:30 - 13:00, 15:00 - 19:00","do":"08:30 - 13:00, 15:00 - 19:00","vr":"08:30 - 13:00, 15:00 - 19:00","za":"09:00 - 13:00","zo":"gesloten"}}},{"type":"Feature","geometry":{"type":"Point","coordinates":[7.6931876423,45.0997499402]},"properties":{"type":"pakketpunt","locatieNaam":"Posta Privata Naz. -Torino1","straatNaam":"CORSO VERCELLI","straatNr":"161A","vervoerder":"DPD","puntType":"pickup_point","bezettingsgraad":50,"latitude":45.0997499402,"longitude":7.6931876423,"canPickup":true,"canDropoff":true,"openingstijden":{"ma":"09:30 - 14:00, 15:00 - 18:00","di":"09:30 - 14:00, 15:00 - 18:00","wo":"09:30 - 14:00, 15:00 - 18:00","do":"09:00 - 14:00, 15:00 - 18:00","vr":"09:30 - 14:00, 15:00 - 18:00","za":"10:00 - 14:00","zo":"gesloten"}}},{"type":"Feature","geometry":{"type":"Point","coordinates":[7.6386619386,45.0253295677]},"properties":{"type":"pakketpunt","locatieNaam":"Puff Store","straatNaam":"C.SO UNIONE SOVIETICA","straatNr":"381","vervoerder":"DPD","puntType":"pickup_point","bezettingsgraad":50,"latitude":45.0253295677,"longitude":7.6386619386,"canPickup":true,"canDropoff":true,"openingstijden":{"ma":"09:00 - 13:00, 15:00 - 19:00","di":"09:00 - 13:00, 15:00 - 19:00","wo":"09:00 - 13:00, 15:00 - 19:00","do":"09:00 - 13:00, 15:00 - 19:00","vr":"09:00 - 13:00, 15:00 - 19:00","za":"09:00 - 19:00","zo":"gesloten"}}},{"type":"Feature","geometry":{"type":"Point","coordinates":[7.6802,45.088071701]},"properties":{"type":"pakketpunt","locatieNaam":"Bar Cecchi","straatNaam":"VIA ANTONIO CECCHI","straatNr":"54","vervoerder":"DPD","puntType":"pickup_point","bezettingsgraad":50,"latitude":45.088071701,"longitude":7.6802,"canPickup":true,"canDropoff":true,"openingstijden":{"ma":"gesloten","di":"06:00 - 22:00","wo":"06:00 - 22:00","do":"06:00 - 22:00","vr":"06:00 - 22:00","za":"06:00 - 22:00","zo":"07:00 - 22:00"}}},{"type":"Feature","geometry":{"type":"Point","coordinates":[7.6200168172,45.0802951591]},"properties":{"type":"pakketpunt","locatieNaam":"La Posta Privata Nazionale-Torino","straatNaam":"VIA VALENTINO CARRERA","straatNr":"149B","vervoerder":"DPD","puntType":"pickup_point","bezettingsgraad":50,"latitude":45.0802951591,"longitude":7.6200168172,"canPickup":true,"canDropoff":true,"openingstijden":{"ma":"09:00 - 12:00, 15:00 - 19:00","di":"09:00 - 12:00, 15:00 - 19:00","wo":"09:00 - 12:00, 15:00 - 19:00","do":"09:00 - 12:00, 15:00 - 19:00","vr":"09:00 - 12:00, 15:00 - 19:00","za":"10:00 - 13:00","zo":"gesloten"}}},{"type":"Feature","geometry":{"type":"Point","coordinates":[7.6994203,45.0990718]},"properties":{"type":"pakketpunt","locatieNaam":"Linkem - Torino","straatNaam":"VIA RICCARDO ZANDONAI","straatNr":"1/3","vervoerder":"DPD","puntType":"pickup_point","bezettingsgraad":50,"latitude":45.0990718,"longitude":7.6994203,"canPickup":true,"canDropoff":true,"openingstijden":{"ma":"09:00 - 18:00","di":"09:00 - 18:00","wo":"09:00 - 18:00","do":"09:00 - 18:00","vr":"09:00 - 18:00","za":"gesloten","zo":"gesloten"}}},{"type":"Feature","geometry":{"type":"Point","coordinates":[7.694613,45.0692112]},"properties":{"type":"pakketpunt","locatieNaam":"L'Angolodellacopia","straatNaam":"CORSO SAN MAURIZIO","straatNr":"22","vervoerder":"DPD","puntType":"pickup_point","bezettingsgraad":50,"latitude":45.0692112,"longitude":7.694613,"canPickup":true,"canDropoff":true,"openingstijden":{"ma":"09:30 - 13:00, 15:00 - 18:30","di":"09:30 - 13:00, 15:00 - 18:30","wo":"09:30 - 13:00, 15:00 - 18:30","do":"09:30 - 13:00, 15:00 - 18:30","vr":"09:30 - 13:00, 15:00 - 18:30","za":"09:30 - 13:00, 15:00 - 17:45","zo":"gesloten"}}},{"type":"Feature","geometry":{"type":"Point","coordinates":[7.69329,45.06827]},"properties":{"type":"pakketpunt","locatieNaam":"L'angolodellatesi - Via Sant'Ottavi","straatNaam":"VIA SANT'OTTAVIO","straatNr":"18","vervoerder":"DPD","puntType":"pickup_point","bezettingsgraad":50,"latitude":45.06827,"longitude":7.69329,"canPickup":true,"canDropoff":true,"openingstijden":{"ma":"09:30 - 13:00, 15:00 - 18:00","di":"09:30 - 13:00, 15:00 - 18:00","wo":"09:30 - 13:00, 15:00 - 18:00","do":"09:30 - 13:00, 15:00 - 18:00","vr":"09:30 - 13:00, 15:00 - 18:00","za":"gesloten","zo":"gesloten"}}},{"type":"Feature","geometry":{"type":"Point","coordinates":[7.633855677,45.0445648121]},"properties":{"type":"pakketpunt","locatieNaam":"Derby Football Center","straatNaam":"CORSO SIRACUSA","straatNr":"112/B","vervoerder":"DPD","puntType":"pickup_point","bezettingsgraad":50,"latitude":45.0445648121,"longitude":7.633855677,"canPickup":true,"canDropoff":true,"openingstijden":{"ma":"16:00 - 19:30","di":"10:00 - 12:30, 15:00 - 19:30","wo":"10:00 - 12:30, 15:00 - 19:30","do":"10:00 - 12:30, 15:00 - 19:30","vr":"10:00 - 12:30, 15:00 - 19:30","za":"10:00 - 12:30","zo":"gesloten"}}},{"type":"Feature","geometry":{"type":"Point","coordinates":[7.67889017,45.05274905]},"properties":{"type":"pakketpunt","locatieNaam":"La Stampa","straatNaam":"VIA MADAMA CRISTINA","straatNr":"58E","vervoerder":"DPD","puntType":"pickup_point","bezettingsgraad":50,"latitude":45.05274905,"longitude":7.67889017,"canPickup":true,"canDropoff":true,"openingstijden":{"ma":"07:00 - 14:00","di":"07:00 - 14:00","wo":"07:00 - 14:00","do":"07:00 - 14:00","vr":"07:00 - 14:00","za":"07:00 - 13:30","zo":"07:00 - 14:00"}}},{"type":"Feature","geometry":{"type":"Point","coordinates":[7.64184,45.06499]},"properties":{"type":"pakketpunt","locatieNaam":"Delizia Detersivo Alla Spina","straatNaam":"VIA MONGINEVRO","straatNr":"86/D","vervoerder":"DPD","puntType":"pickup_point","bezettingsgraad":50,"latitude":45.06499,"longitude":7.64184,"canPickup":true,"canDropoff":true,"openingstijden":{"ma":"15:30 - 19:30","di":"09:00 - 13:00, 15:30 - 19:30","wo":"09:00 - 13:00, 15:30 - 19:30","do":"15:30 - 19:30","vr":"09:00 - 13:00, 15:30 - 19:30","za":"10:00 - 13:00","zo":"gesloten"}}},{"type":"Feature","geometry":{"type":"Point","coordinates":[7.7342617,45.0795153]},"properties":{"type":"pakketpunt","locatieNaam":"279 Tabacchi Giochi e Servizi","straatNaam":"STRADA MONGRENO","straatNr":"20","vervoerder":"DPD","puntType":"pickup_point","bezettingsgraad":50,"latitude":45.0795153,"longitude":7.7342617,"canPickup":true,"canDropoff":true,"openingstijden":{"ma":"07:00 - 19:30","di":"07:00 - 19:30","wo":"07:00 - 19:30","do":"07:00 - 19:30","vr":"07:00 - 19:30","za":"07:00 - 19:30","zo":"gesloten"}}},{"type":"Feature","geometry":{"type":"Point","coordinates":[7.67105775,45.0562527]},"properties":{"type":"pakketpunt","locatieNaam":"Incartuccia","straatNaam":"VIA SAN SECONDO 55 A","straatNr":"","vervoerder":"DPD","puntType":"pickup_point","bezettingsgraad":50,"latitude":45.0562527,"longitude":7.67105775,"canPickup":true,"canDropoff":true,"openingstijden":{"ma":"15:30 - 19:30","di":"10:00 - 19:30","wo":"10:00 - 19:30","do":"10:00 - 19:30","vr":"10:00 - 14:00, 16:00 - 19:30","za":"09:30 - 12:30","zo":"gesloten"}}},{"type":"Feature","geometry":{"type":"Point","coordinates":[7.6486916598,45.0806523724]},"properties":{"type":"pakketpunt","locatieNaam":"Centro Post@ - Torino","straatNaam":"VIA N.FABRIZI","straatNr":"58 B","vervoerder":"DPD","puntType":"pickup_point","bezettingsgraad":50,"latitude":45.0806523724,"longitude":7.6486916598,"canPickup":true,"canDropoff":true,"openingstijden":{"ma":"08:30 - 13:00, 15:30 - 18:00","di":"08:30 - 13:00, 15:30 - 18:00","wo":"08:30 - 13:00","do":"08:30 - 13:00, 15:30 - 18:00","vr":"08:30 - 13:00, 15:30 - 18:00","za":"08:30 - 12:00","zo":"gesloten"}}},{"type":"Feature","geometry":{"type":"Point","coordinates":[7.64047357,45.05678487]},"properties":{"type":"pakketpunt","locatieNaam":"Quboticket-Torino","straatNaam":"C.SO C.E N.ROSSELLI","straatNr":"206A","vervoerder":"DPD","puntType":"pickup_point","bezettingsgraad":50,"latitude":45.05678487,"longitude":7.64047357,"canPickup":true,"canDropoff":true,"openingstijden":{"ma":"08:30 - 13:00, 15:00 - 19:00","di":"08:30 - 13:00, 15:00 - 19:00","wo":"08:30 - 13:00, 15:00 - 19:00","do":"08:30 - 13:00, 15:00 - 19:00","vr":"08:30 - 13:00, 15:00 - 19:00","za":"09:00 - 13:00","zo":"gesloten"}}},{"type":"Feature","geometry":{"type":"Point","coordinates":[7.6471469,45.0623738]},"properties":{"type":"pakketpunt","locatieNaam":"Tabaccheria Sola Carolina","straatNaam":"VIA D.DI NANNI","straatNr":"122","vervoerder":"DPD","puntType":"pickup_point","bezettingsgraad":50,"latitude":45.0623738,"longitude":7.6471469,"canPickup":true,"canDropoff":true,"openingstijden":{"ma":"07:00 - 13:00, 15:00 - 19:30","di":"07:00 - 13:00, 15:00 - 19:30","wo":"07:00 - 13:00, 15:00 - 19:30","do":"07:00 - 13:00, 15:00 - 19:30","vr":"07:00 - 13:00, 15:00 - 19:30","za":"07:00 - 13:00, 15:00 - 19:30","zo":"gesloten"}}},{"type":"Feature","geometry":{"type":"Point","coordinates":[7.6688579,45.0361684]},"properties":{"type":"pakketpunt","locatieNaam":"Ricevitoria Lotto 4-Torino","straatNaam":"VIA NIZZA","straatNr":"231C","vervoerder":"DPD","puntType":"pickup_point","bezettingsgraad":50,"latitude":45.0361684,"longitude":7.6688579,"canPickup":true,"canDropoff":true,"openingstijden":{"ma":"09:00 - 13:00, 14:30 - 19:30","di":"08:00 - 19:30","wo":"08:30 - 13:00, 14:30 - 19:30","do":"08:00 - 19:30","vr":"08:30 - 13:00, 14:30 - 19:30","za":"08:00 - 19:30","zo":"gesloten"}}},{"type":"Feature","geometry":{"type":"Point","coordinates":[7.6775508,45.05165557]},"properties":{"type":"pakketpunt","locatieNaam":"Tabaccheria Raffaello","straatNaam":"CORSO RAFFAELLO","straatNr":"14","vervoerder":"DPD","puntType":"pickup_point","bezettingsgraad":50,"latitude":45.05165557,"longitude":7.6775508,"canPickup":true,"canDropoff":true,"openingstijden":{"ma":"07:30 - 19:30","di":"07:30 - 19:30","wo":"07:30 - 19:30","do":"07:30 - 19:30","vr":"07:30 - 19:30","za":"07:30 - 19:30","zo":"gesloten"}}},{"type":"Feature","geometry":{"type":"Point","coordinates":[7.64017784,45.07486959]},"properties":{"type":"pakketpunt","locatieNaam":"Almondo Batterie","straatNaam":"VIA CRISTALLIERA","straatNr":"3","vervoerder":"DPD","puntType":"pickup_point","bezettingsgraad":50,"latitude":45.07486959,"longitude":7.64017784,"canPickup":true,"canDropoff":true,"openingstijden":{"ma":"08:30 - 12:30, 14:30 - 18:30","di":"08:30 - 12:30, 14:30 - 18:30","wo":"08:30 - 12:30, 14:30 - 18:30","do":"08:30 - 12:30, 14:30 - 18:30","vr":"08:30 - 12:30, 14:30 - 18:30","za":"08:30 - 12:00","zo":"gesloten"}}},{"type":"Feature","geometry":{"type":"Point","coordinates":[7.6472038,45.0227328]},"properties":{"type":"pakketpunt","locatieNaam":"Er Ciavatta","straatNaam":"CORSO TRAIANO","straatNr":"84","vervoerder":"DPD","puntType":"pickup_point","bezettingsgraad":50,"latitude":45.0227328,"longitude":7.6472038,"canPickup":true,"canDropoff":true,"openingstijden":{"ma":"09:00 - 12:30, 15:00 - 19:00","di":"09:00 - 12:30, 15:00 - 19:00","wo":"09:00 - 12:30, 15:00 - 19:00","do":"09:00 - 12:30, 15:00 - 19:00","vr":"09:00 - 12:30, 15:00 - 19:00","za":"09:00 - 12:30","zo":"gesloten"}}},{"type":"Feature","geometry":{"type":"Point","coordinates":[7.6813941,45.059112]},"properties":{"type":"pakketpunt","locatieNaam":"Tabaccheria Berthollet","straatNaam":"VIA BERTHOLLET","straatNr":"17F","vervoerder":"DPD","puntType":"pickup_point","bezettingsgraad":50,"latitude":45.059112,"longitude":7.6813941,"canPickup":true,"canDropoff":true,"openingstijden":{"ma":"07:30 - 19:30","di":"07:30 - 19:30","wo":"07:30 - 19:30","do":"07:30 - 19:30","vr":"07:30 - 19:30","za":"07:30 - 19:30","zo":"gesloten"}}},{"type":"Feature","geometry":{"type":"Point","coordinates":[7.63471953,45.07239123]},"properties":{"type":"pakketpunt","locatieNaam":"Tabaccheria Riv.178 - Torino","straatNaam":"VIA BARDONECCHIA 116 A","straatNr":"","vervoerder":"DPD","puntType":"pickup_point","bezettingsgraad":50,"latitude":45.07239123,"longitude":7.63471953,"canPickup":true,"canDropoff":true,"openingstijden":{"ma":"08:00 - 12:30, 16:00 - 19:00","di":"08:00 - 12:30, 16:00 - 19:00","wo":"08:00 - 12:30, 16:00 - 19:00","do":"08:00 - 12:30, 16:00 - 19:00","vr":"08:00 - 12:30, 16:00 - 19:00","za":"gesloten","zo":"gesloten"}}},{"type":"Feature","geometry":{"type":"Point","coordinates":[7.65278554,45.10024165]},"properties":{"type":"pakketpunt","locatieNaam":"Turin Bag","straatNaam":"CORSO LOMBARDIA","straatNr":"154A","vervoerder":"DPD","puntType":"pickup_point","bezettingsgraad":50,"latitude":45.10024165,"longitude":7.65278554,"canPickup":true,"canDropoff":true,"openingstijden":{"ma":"09:30 - 13:00, 15:30 - 19:00","di":"gesloten","wo":"09:30 - 13:00, 15:30 - 19:00","do":"09:30 - 13:00, 15:30 - 19:00","vr":"09:30 - 13:00, 15:30 - 19:00","za":"10:00 - 13:00, 15:30 - 19:00","zo":"gesloten"}}},{"type":"Feature","geometry":{"type":"Point","coordinates":[7.68196136,45.0625278]},"properties":{"type":"pakketpunt","locatieNaam":"Bibi Gramaglia Selezione","straatNaam":"VIA CARLO ALBERTO","straatNr":"42A","vervoerder":"DPD","puntType":"pickup_point","bezettingsgraad":50,"latitude":45.0625278,"longitude":7.68196136,"canPickup":true,"canDropoff":true,"openingstijden":{"ma":"gesloten","di":"10:30 - 13:00, 15:30 - 19:00","wo":"10:30 - 13:00, 15:30 - 19:00","do":"10:30 - 13:00, 15:30 - 19:00","vr":"10:30 - 13:00, 15:30 - 19:00","za":"10:30 - 13:00, 15:30 - 19:00","zo":"gesloten"}}},{"type":"Feature","geometry":{"type":"Point","coordinates":[7.7237349,45.0755507]},"properties":{"type":"pakketpunt","locatieNaam":"Partydea","straatNaam":"CORSO CADORE","straatNr":"17-4A","vervoerder":"DPD","puntType":"pickup_point","bezettingsgraad":50,"latitude":45.0755507,"longitude":7.7237349,"canPickup":true,"canDropoff":true,"openingstijden":{"ma":"gesloten","di":"09:00 - 12:30, 15:30 - 19:00","wo":"09:30 - 12:00, 15:30 - 19:00","do":"09:00 - 12:30, 15:30 - 19:00","vr":"09:00 - 12:30, 15:30 - 19:00","za":"09:00 - 12:30, 15:30 - 19:00","zo":"09:00 - 12:30"}}},{"type":"Feature","geometry":{"type":"Point","coordinates":[7.635668,45.09925]},"properties":{"type":"pakketpunt","locatieNaam":"Tabaccheria Coppo","straatNaam":"VIA SANSOVINO 5 D","straatNr":"","vervoerder":"DPD","puntType":"pickup_point","bezettingsgraad":50,"latitude":45.09925,"longitude":7.635668,"canPickup":true,"canDropoff":true,"openingstijden":{"ma":"07:00 - 19:30","di":"07:00 - 19:30","wo":"07:00 - 19:30","do":"07:00 - 19:30","vr":"07:00 - 19:30","za":"07:00 - 19:30","zo":"gesloten"}}},{"type":"Feature","geometry":{"type":"Point","coordinates":[7.6745872,45.0934671]},"properties":{"type":"pakketpunt","locatieNaam":"Business Point","straatNaam":"VIA GRAMEGNA 2 A","straatNr":"","vervoerder":"DPD","puntType":"pickup_point","bezettingsgraad":50,"latitude":45.0934671,"longitude":7.6745872,"canPickup":true,"canDropoff":true,"openingstijden":{"ma":"10:00 - 13:00, 15:00 - 19:00","di":"10:00 - 13:00, 15:00 - 19:00","wo":"10:00 - 13:00, 15:00 - 19:00","do":"10:00 - 13:00, 15:00 - 19:00","vr":"10:00 - 13:00, 15:00 - 19:00","za":"10:00 - 13:00, 15:00 - 18:00","zo":"gesloten"}}},{"type":"Feature","geometry":{"type":"Point","coordinates":[7.6937235,45.0966447]},"properties":{"type":"pakketpunt","locatieNaam":"Tabaccheria Martorelli","straatNaam":"VIA R. MARTORELLI","straatNr":"57A","vervoerder":"DPD","puntType":"pickup_point","bezettingsgraad":50,"latitude":45.0966447,"longitude":7.6937235,"canPickup":false,"canDropoff":true,"openingstijden":{"ma":"08:00 - 12:30, 15:00 - 19:30","di":"08:00 - 12:30, 15:00 - 19:30","wo":"08:00 - 12:30, 15:00 - 19:30","do":"08:00 - 12:30, 15:00 - 19:30","vr":"08:00 - 12:30, 15:00 - 19:30","za":"08:00 - 12:30, 15:00 - 19:30","zo":"gesloten"}}},{"type":"Feature","geometry":{"type":"Point","coordinates":[7.6218479,45.01773963]},"properties":{"type":"pakketpunt","locatieNaam":"Tabaccheria 516","straatNaam":"VIA PLAVA 63 A","straatNr":"","vervoerder":"DPD","puntType":"pickup_point","bezettingsgraad":50,"latitude":45.01773963,"longitude":7.6218479,"canPickup":true,"canDropoff":true,"openingstijden":{"ma":"07:00 - 19:30","di":"07:00 - 19:30","wo":"07:00 - 19:30","do":"07:00 - 19:30","vr":"07:00 - 19:30","za":"08:00 - 19:30","zo":"gesloten"}}},{"type":"Feature","geometry":{"type":"Point","coordinates":[7.65234344,45.09297379]},"properties":{"type":"pakketpunt","locatieNaam":"Tekne di Genovese","straatNaam":"VIA PIANEZZA 79 D","straatNr":"","vervoerder":"DPD","puntType":"pickup_point","bezettingsgraad":50,"latitude":45.09297379,"longitude":7.65234344,"canPickup":true,"canDropoff":true,"openingstijden":{"ma":"10:00 - 13:00, 18:00 - 19:30","di":"10:00 - 13:00, 18:00 - 19:30","wo":"10:00 - 13:00, 18:00 - 19:30","do":"10:00 - 13:00, 18:00 - 19:30","vr":"10:00 - 13:00, 18:00 - 19:30","za":"gesloten","zo":"gesloten"}}},{"type":"Feature","geometry":{"type":"Point","coordinates":[7.6922721,45.0952006]},"properties":{"type":"pakketpunt","locatieNaam":"Bet Bar Srls","straatNaam":"VIA LEINI","straatNr":"99 B","vervoerder":"DPD","puntType":"pickup_point","bezettingsgraad":50,"latitude":45.0952006,"longitude":7.6922721,"canPickup":true,"canDropoff":true,"openingstijden":{"ma":"08:00 - 19:30","di":"08:00 - 19:30","wo":"08:00 - 19:30","do":"08:00 - 19:30","vr":"08:00 - 19:30","za":"08:00 - 19:30","zo":"08:00 - 13:00"}}},{"type":"Feature","geometry":{"type":"Point","coordinates":[7.6322259,45.072847]},"properties":{"type":"pakketpunt","locatieNaam":"Demas","straatNaam":"VIA SANT'AMBROGIO","straatNr":"26Q","vervoerder":"DPD","puntType":"pickup_point","bezettingsgraad":50,"latitude":45.072847,"longitude":7.6322259,"canPickup":true,"canDropoff":true,"openingstijden":{"ma":"08:30 - 12:30, 14:30 - 19:30","di":"08:30 - 12:30, 14:30 - 19:30","wo":"08:30 - 12:30, 14:30 - 19:30","do":"08:30 - 12:30, 14:30 - 19:30","vr":"08:30 - 12:30, 14:30 - 19:30","za":"08:30 - 12:30","zo":"gesloten"}}},{"type":"Feature","geometry":{"type":"Point","coordinates":[7.7033355,45.0690805]},"properties":{"type":"pakketpunt","locatieNaam":"Pancaffe' Bakery","straatNaam":"VIA NAPIONE","straatNr":"36B","vervoerder":"DPD","puntType":"pickup_point","bezettingsgraad":50,"latitude":45.0690805,"longitude":7.7033355,"canPickup":true,"canDropoff":true,"openingstijden":{"ma":"07:30 - 18:00","di":"07:30 - 18:00","wo":"07:30 - 18:00","do":"07:30 - 18:00","vr":"07:30 - 18:00","za":"gesloten","zo":"gesloten"}}},{"type":"Feature","geometry":{"type":"Point","coordinates":[7.67724,45.046039]},"properties":{"type":"pakketpunt","locatieNaam":"BRT LOCKER - Caffetteria Alfieri To","straatNaam":"CORSO DANTE","straatNr":"78/A","vervoerder":"DPD","puntType":"dpd_box","bezettingsgraad":50,"latitude":45.046039,"longitude":7.67724,"canPickup":true,"canDropoff":false,"openingstijden":{"ma":"07:00 - 16:00","di":"07:00 - 16:00","wo":"07:00 - 16:00","do":"07:00 - 16:00","vr":"07:00 - 16:00","za":"07:30 - 12:30","zo":"gesloten"}}},{"type":"Feature","geometry":{"type":"Point","coordinates":[7.66459654,45.05784626]},"properties":{"type":"pakketpunt","locatieNaam":"Alafin","straatNaam":"VIA MARCO POLO","straatNr":"3","vervoerder":"DPD","puntType":"pickup_point","bezettingsgraad":50,"latitude":45.05784626,"longitude":7.66459654,"canPickup":true,"canDropoff":true,"openingstijden":{"ma":"09:15 - 18:00","di":"09:15 - 18:00","wo":"09:15 - 18:00","do":"09:15 - 18:00","vr":"09:15 - 17:00","za":"gesloten","zo":"gesloten"}}},{"type":"Feature","geometry":{"type":"Point","coordinates":[7.6510873,45.0563689]},"properties":{"type":"pakketpunt","locatieNaam":"Cialde e Capsule Madi","straatNaam":"VIA RIVALTA","straatNr":"29","vervoerder":"DPD","puntType":"pickup_point","bezettingsgraad":50,"latitude":45.0563689,"longitude":7.6510873,"canPickup":true,"canDropoff":true,"openingstijden":{"ma":"09:30 - 13:00, 15:30 - 19:00","di":"09:30 - 13:00, 15:30 - 19:00","wo":"09:30 - 13:00, 15:30 - 19:00","do":"09:30 - 13:00, 15:30 - 19:00","vr":"09:30 - 13:00, 15:30 - 19:00","za":"gesloten","zo":"gesloten"}}},{"type":"Feature","geometry":{"type":"Point","coordinates":[7.6456189,45.0508249]},"properties":{"type":"pakketpunt","locatieNaam":"BigManoo Comics & Games","straatNaam":"VIA CAPRERA","straatNr":"54","vervoerder":"DPD","puntType":"pickup_point","bezettingsgraad":50,"latitude":45.0508249,"longitude":7.6456189,"canPickup":true,"canDropoff":true,"openingstijden":{"ma":"gesloten","di":"10:00 - 13:00, 15:00 - 19:30","wo":"15:00 - 23:59","do":"10:00 - 13:00, 15:00 - 19:30","vr":"15:00 - 23:59","za":"10:00 - 13:00, 15:00 - 19:30","zo":"15:00 - 19:30"}}},{"type":"Feature","geometry":{"type":"Point","coordinates":[7.66319,45.0211]},"properties":{"type":"pakketpunt","locatieNaam":"BRT LOCKER - Lavanderia Speed Queen","straatNaam":"VIA NIZZA","straatNr":"369","vervoerder":"DPD","puntType":"dpd_box","bezettingsgraad":50,"latitude":45.0211,"longitude":7.66319,"canPickup":true,"canDropoff":false,"openingstijden":{"ma":"07:00 - 23:00","di":"07:00 - 23:00","wo":"07:00 - 23:00","do":"07:00 - 23:00","vr":"07:00 - 23:00","za":"07:00 - 23:00","zo":"07:00 - 23:00"}}},{"type":"Feature","geometry":{"type":"Point","coordinates":[7.65655013,45.11825906]},"properties":{"type":"pakketpunt","locatieNaam":"Enoteca Caffetteria Bertino","straatNaam":"VIA LANZO","straatNr":"181 A","vervoerder":"DPD","puntType":"pickup_point","bezettingsgraad":50,"latitude":45.11825906,"longitude":7.65655013,"canPickup":true,"canDropoff":true,"openingstijden":{"ma":"07:00 - 20:00","di":"07:00 - 20:00","wo":"07:00 - 20:00","do":"07:00 - 20:00","vr":"07:00 - 20:00","za":"07:00 - 20:00","zo":"gesloten"}}},{"type":"Feature","geometry":{"type":"Point","coordinates":[7.694377,45.071334]},"properties":{"type":"pakketpunt","locatieNaam":"Utopia Pratica Libreria","straatNaam":"VIA MONTEBELLO","straatNr":"25","vervoerder":"DPD","puntType":"pickup_point","bezettingsgraad":50,"latitude":45.071334,"longitude":7.694377,"canPickup":true,"canDropoff":true,"openingstijden":{"ma":"gesloten","di":"10:30 - 17:30","wo":"10:30 - 17:30","do":"10:30 - 17:30","vr":"10:30 - 17:30","za":"10:30 - 17:30","zo":"gesloten"}}},{"type":"Feature","geometry":{"type":"Point","coordinates":[7.6442512,45.0358759]},"properties":{"type":"pakketpunt","locatieNaam":"ToHouse Servizi Immobiliari","straatNaam":"C.SO G. AGNELLI","straatNr":"103 A","vervoerder":"DPD","puntType":"pickup_point","bezettingsgraad":50,"latitude":45.0358759,"longitude":7.6442512,"canPickup":true,"canDropoff":true,"openingstijden":{"ma":"10:00 - 13:00, 15:00 - 18:00","di":"10:00 - 13:00, 15:00 - 18:00","wo":"10:00 - 13:00, 15:00 - 18:00","do":"10:00 - 13:00, 15:00 - 18:00","vr":"10:00 - 13:00, 15:00 - 18:00","za":"10:00 - 13:00, 15:00 - 18:00","zo":"gesloten"}}},{"type":"Feature","geometry":{"type":"Point","coordinates":[7.6791264,45.0892177]},"properties":{"type":"pakketpunt","locatieNaam":"Tabaccheria Pagan","straatNaam":"VIA ANTONIO CECCHI","straatNr":"68","vervoerder":"DPD","puntType":"pickup_point","bezettingsgraad":50,"latitude":45.0892177,"longitude":7.6791264,"canPickup":true,"canDropoff":true,"openingstijden":{"ma":"07:00 - 19:30","di":"07:00 - 19:30","wo":"07:00 - 19:30","do":"07:00 - 19:30","vr":"07:00 - 19:30","za":"07:00 - 19:30","zo":"gesloten"}}},{"type":"Feature","geometry":{"type":"Point","coordinates":[7.70509695,45.09629157]},"properties":{"type":"pakketpunt","locatieNaam":"Alimentari Pergolesi","straatNaam":"VIA G. PERGOLESI","straatNr":"74","vervoerder":"DPD","puntType":"pickup_point","bezettingsgraad":50,"latitude":45.09629157,"longitude":7.70509695,"canPickup":true,"canDropoff":true,"openingstijden":{"ma":"07:30 - 12:30, 15:30 - 19:00","di":"07:30 - 12:30, 15:30 - 19:00","wo":"07:30 - 12:30, 15:30 - 19:00","do":"07:30 - 12:30, 15:30 - 19:00","vr":"07:30 - 12:30, 15:30 - 19:00","za":"gesloten","zo":"gesloten"}}},{"type":"Feature","geometry":{"type":"Point","coordinates":[7.683896,45.070948]},"properties":{"type":"pakketpunt","locatieNaam":"BRT LOCKER - Parafarm. ParaMarket","straatNaam":"VIA XX SETTEMBRE","straatNr":"57","vervoerder":"DPD","puntType":"dpd_box","bezettingsgraad":50,"latitude":45.070948,"longitude":7.683896,"canPickup":true,"canDropoff":false,"openingstijden":{"ma":"08:30 - 23:00","di":"08:30 - 23:00","wo":"08:30 - 23:00","do":"08:30 - 23:00","vr":"08:30 - 23:00","za":"08:30 - 23:00","zo":"10:30 - 13:30, 16:30 - 22:00"}}},{"type":"Feature","geometry":{"type":"Point","coordinates":[7.644599,45.039587]},"properties":{"type":"pakketpunt","locatieNaam":"BRT LOCKER - Speed Queen Via Boston","straatNaam":"VIA BOSTON","straatNr":"14","vervoerder":"DPD","puntType":"dpd_box","bezettingsgraad":50,"latitude":45.039587,"longitude":7.644599,"canPickup":true,"canDropoff":false,"openingstijden":{"ma":"06:00 - 23:00","di":"06:00 - 23:00","wo":"06:00 - 23:00","do":"06:00 - 23:00","vr":"06:00 - 23:00","za":"06:00 - 23:00","zo":"06:00 - 23:00"}}},{"type":"Feature","geometry":{"type":"Point","coordinates":[7.6850701,45.1056464]},"properties":{"type":"pakketpunt","locatieNaam":"Mondo Caffè","straatNaam":"VIA ALA DI STURA","straatNr":"50/E","vervoerder":"DPD","puntType":"pickup_point","bezettingsgraad":50,"latitude":45.1056464,"longitude":7.6850701,"canPickup":true,"canDropoff":true,"openingstijden":{"ma":"14:00 - 20:00","di":"10:00 - 20:00","wo":"10:00 - 20:00","do":"10:00 - 20:00","vr":"10:00 - 17:30","za":"10:00 - 20:00","zo":"10:00 - 15:00"}}},{"type":"Feature","geometry":{"type":"Point","coordinates":[7.629423,45.0443050284]},"properties":{"type":"pakketpunt","locatieNaam":"Povero Riccardo Antonio","straatNaam":"VIA GUIDO RENI","straatNr":"151/B","vervoerder":"DPD","puntType":"pickup_point","bezettingsgraad":50,"latitude":45.0443050284,"longitude":7.629423,"canPickup":true,"canDropoff":true,"openingstijden":{"ma":"06:00 - 19:00","di":"06:00 - 19:00","wo":"06:00 - 19:00","do":"06:00 - 19:00","vr":"06:00 - 19:00","za":"06:00 - 13:00, 16:00 - 18:00","zo":"07:00 - 13:00"}}},{"type":"Feature","geometry":{"type":"Point","coordinates":[7.7011893,45.1050211]},"properties":{"type":"pakketpunt","locatieNaam":"Magic Phone","straatNaam":"VIA NINO OXILIA","straatNr":"4/D","vervoerder":"DPD","puntType":"pickup_point","bezettingsgraad":50,"latitude":45.1050211,"longitude":7.7011893,"canPickup":true,"canDropoff":true,"openingstijden":{"ma":"09:00 - 13:00, 15:00 - 19:00","di":"09:00 - 13:00, 15:00 - 19:00","wo":"09:00 - 13:00, 15:00 - 19:00","do":"09:00 - 13:00, 15:00 - 19:00","vr":"09:00 - 13:00, 15:00 - 19:00","za":"09:00 - 13:00, 15:00 - 18:00","zo":"gesloten"}}},{"type":"Feature","geometry":{"type":"Point","coordinates":[7.64281141,45.02268561]},"properties":{"type":"pakketpunt","locatieNaam":"Mondo di Carta-Torino","straatNaam":"VIA P. F. GUALA","straatNr":"121 B","vervoerder":"DPD","puntType":"pickup_point","bezettingsgraad":50,"latitude":45.02268561,"longitude":7.64281141,"canPickup":true,"canDropoff":true,"openingstijden":{"ma":"09:00 - 12:30, 16:00 - 19:00","di":"09:00 - 12:30, 16:00 - 19:00","wo":"09:00 - 12:30, 16:00 - 19:00","do":"09:00 - 12:30, 16:00 - 19:00","vr":"09:00 - 12:30, 16:00 - 19:00","za":"09:00 - 12:30","zo":"gesloten"}}},{"type":"Feature","geometry":{"type":"Point","coordinates":[7.69598972,45.10527517]},"properties":{"type":"pakketpunt","locatieNaam":"Bar Tabacchi La Joya 10","straatNaam":"C.SO VERCELLI","straatNr":"237","vervoerder":"DPD","puntType":"pickup_point","bezettingsgraad":50,"latitude":45.10527517,"longitude":7.69598972,"canPickup":true,"canDropoff":true,"openingstijden":{"ma":"06:00 - 19:30","di":"06:00 - 19:30","wo":"06:00 - 19:30","do":"06:00 - 19:30","vr":"06:00 - 19:30","za":"06:00 - 19:30","zo":"gesloten"}}},{"type":"Feature","geometry":{"type":"Point","coordinates":[7.6648122,45.0835725]},"properties":{"type":"pakketpunt","locatieNaam":"Che Posta-Torino","straatNaam":"VIA AQUILA","straatNr":"3 A","vervoerder":"DPD","puntType":"pickup_point","bezettingsgraad":50,"latitude":45.0835725,"longitude":7.6648122,"canPickup":true,"canDropoff":true,"openingstijden":{"ma":"09:00 - 13:00, 15:00 - 18:00","di":"09:00 - 13:00, 15:00 - 18:00","wo":"09:00 - 13:00, 15:00 - 18:00","do":"09:00 - 13:00, 15:00 - 18:00","vr":"09:00 - 13:00, 15:00 - 18:00","za":"gesloten","zo":"gesloten"}}},{"type":"Feature","geometry":{"type":"Point","coordinates":[7.6482875,45.0517918]},"properties":{"type":"pakketpunt","locatieNaam":"Centro Posta - Torino","straatNaam":"VIA TRIPOLI","straatNr":"10-18","vervoerder":"DPD","puntType":"pickup_point","bezettingsgraad":50,"latitude":45.0517918,"longitude":7.6482875,"canPickup":true,"canDropoff":true,"openingstijden":{"ma":"09:00 - 13:00","di":"09:00 - 13:00, 15:30 - 19:00","wo":"09:00 - 13:00","do":"09:00 - 13:00, 15:30 - 19:00","vr":"09:00 - 13:00","za":"09:00 - 13:00","zo":"gesloten"}}},{"type":"Feature","geometry":{"type":"Point","coordinates":[7.61370628,45.03229987]},"properties":{"type":"pakketpunt","locatieNaam":"Tabaccheria Vizi e Servizi","straatNaam":"STRADA DEL PORTONE","straatNr":"25","vervoerder":"DPD","puntType":"pickup_point","bezettingsgraad":50,"latitude":45.03229987,"longitude":7.61370628,"canPickup":true,"canDropoff":true,"openingstijden":{"ma":"07:00 - 19:00","di":"07:00 - 19:00","wo":"07:00 - 19:00","do":"07:00 - 19:00","vr":"07:00 - 19:00","za":"07:00 - 19:00","zo":"gesloten"}}},{"type":"Feature","geometry":{"type":"Point","coordinates":[7.6567,45.05316]},"properties":{"type":"pakketpunt","locatieNaam":"BRT LOCKER - Eco Store Crocetta Cor","straatNaam":"CORSO DE GASPERI","straatNr":"73B","vervoerder":"DPD","puntType":"dpd_box","bezettingsgraad":50,"latitude":45.05316,"longitude":7.6567,"canPickup":true,"canDropoff":true,"openingstijden":{"ma":"09:00 - 13:00, 15:00 - 19:00","di":"09:00 - 13:00, 15:00 - 19:00","wo":"09:00 - 13:00, 15:00 - 19:00","do":"09:00 - 13:00, 15:00 - 19:00","vr":"09:00 - 13:00, 15:00 - 19:00","za":"09:00 - 13:00","zo":"gesloten"}}},{"type":"Feature","geometry":{"type":"Point","coordinates":[7.73637655,45.08754194]},"properties":{"type":"pakketpunt","locatieNaam":"Noir Cafè","straatNaam":"CORSO CASALE","straatNr":"446","vervoerder":"DPD","puntType":"pickup_point","bezettingsgraad":50,"latitude":45.08754194,"longitude":7.73637655,"canPickup":true,"canDropoff":true,"openingstijden":{"ma":"06:30 - 19:00","di":"06:30 - 19:00","wo":"06:30 - 19:00","do":"06:30 - 19:00","vr":"06:30 - 19:00","za":"06:30 - 13:00","zo":"gesloten"}}},{"type":"Feature","geometry":{"type":"Point","coordinates":[7.6433506761,45.0749002943]},"properties":{"type":"pakketpunt","locatieNaam":"Bar Meeting","straatNaam":"PIAZZA RIVOLI","straatNr":"7","vervoerder":"DPD","puntType":"pickup_point","bezettingsgraad":50,"latitude":45.0749002943,"longitude":7.6433506761,"canPickup":false,"canDropoff":true,"openingstijden":{"ma":"07:00 - 18:30","di":"07:00 - 18:30","wo":"07:00 - 18:30","do":"07:00 - 18:30","vr":"07:00 - 18:30","za":"07:00 - 12:30","zo":"gesloten"}}},{"type":"Feature","geometry":{"type":"Point","coordinates":[7.6843445,45.0663487]},"properties":{"type":"pakketpunt","locatieNaam":"Mars Store & Lab","straatNaam":"VIA GIOVANNI GIOLITTI","straatNr":"7E","vervoerder":"DPD","puntType":"pickup_point","bezettingsgraad":50,"latitude":45.0663487,"longitude":7.6843445,"canPickup":true,"canDropoff":true,"openingstijden":{"ma":"15:30 - 19:00","di":"10:00 - 13:00, 14:00 - 19:00","wo":"10:00 - 13:00, 14:00 - 19:00","do":"10:00 - 13:00, 14:00 - 19:00","vr":"10:00 - 13:00, 14:00 - 19:00","za":"gesloten","zo":"gesloten"}}},{"type":"Feature","geometry":{"type":"Point","coordinates":[7.66988377,45.07487398]},"properties":{"type":"pakketpunt","locatieNaam":"Multi Servizi Bonifacio","straatNaam":"VIA JUVARRA","straatNr":"22","vervoerder":"DPD","puntType":"pickup_point","bezettingsgraad":50,"latitude":45.07487398,"longitude":7.66988377,"canPickup":true,"canDropoff":true,"openingstijden":{"ma":"09:00 - 13:00, 14:00 - 19:00","di":"09:00 - 13:00, 14:00 - 19:00","wo":"09:00 - 13:00, 14:00 - 19:00","do":"09:00 - 13:00, 14:00 - 19:00","vr":"09:00 - 13:00, 14:00 - 19:00","za":"10:00 - 14:00","zo":"gesloten"}}},{"type":"Feature","geometry":{"type":"Point","coordinates":[7.7246129,45.1006589]},"properties":{"type":"pakketpunt","locatieNaam":"Riv.118 Fabiano Federico","straatNaam":"STRADA DI SETTIMO","straatNr":"70b","vervoerder":"DPD","puntType":"pickup_point","bezettingsgraad":50,"latitude":45.1006589,"longitude":7.7246129,"canPickup":true,"canDropoff":true,"openingstijden":{"ma":"07:00 - 12:30, 15:00 - 19:00","di":"07:00 - 12:30, 15:00 - 19:00","wo":"07:00 - 12:30, 15:00 - 19:00","do":"07:00 - 12:30, 15:00 - 19:00","vr":"07:00 - 12:30, 15:00 - 19:00","za":"07:00 - 12:30, 15:00 - 19:00","zo":"gesloten"}}},{"type":"Feature","geometry":{"type":"Point","coordinates":[7.642979338,45.0626896094]},"properties":{"type":"pakketpunt","locatieNaam":"Tabaccheria 522","straatNaam":"VIA POLLENZO","straatNr":"58/D","vervoerder":"DPD","puntType":"pickup_point","bezettingsgraad":50,"latitude":45.0626896094,"longitude":7.642979338,"canPickup":true,"canDropoff":true,"openingstijden":{"ma":"07:30 - 12:30, 15:30 - 19:30","di":"07:30 - 12:30, 15:30 - 19:30","wo":"07:30 - 12:30, 15:30 - 19:30","do":"07:30 - 12:30, 15:30 - 19:30","vr":"07:30 - 12:30, 15:30 - 19:30","za":"07:30 - 12:30, 15:30 - 19:30","zo":"gesloten"}}},{"type":"Feature","geometry":{"type":"Point","coordinates":[7.6832765,45.0412393]},"properties":{"type":"pakketpunt","locatieNaam":"Mamo Café","straatNaam":"C.SO MONCALIERI","straatNr":"212","vervoerder":"DPD","puntType":"pickup_point","bezettingsgraad":50,"latitude":45.0412393,"longitude":7.6832765,"canPickup":true,"canDropoff":true,"openingstijden":{"ma":"07:00 - 19:00","di":"07:00 - 19:00","wo":"07:00 - 19:00","do":"07:00 - 19:00","vr":"07:00 - 19:00","za":"07:00 - 12:00","zo":"gesloten"}}},{"type":"Feature","geometry":{"type":"Point","coordinates":[7.6587569,45.1140765]},"properties":{"type":"pakketpunt","locatieNaam":"Tabacchi 451","straatNaam":"VIA LANZO","straatNr":"117 a","vervoerder":"DPD","puntType":"pickup_point","bezettingsgraad":50,"latitude":45.1140765,"longitude":7.6587569,"canPickup":true,"canDropoff":true,"openingstijden":{"ma":"07:00 - 13:00, 15:00 - 19:30","di":"07:00 - 13:00, 15:00 - 19:30","wo":"07:00 - 13:00, 15:00 - 19:30","do":"07:00 - 13:00, 15:00 - 19:30","vr":"07:00 - 13:00, 15:00 - 19:30","za":"07:00 - 13:00, 15:00 - 19:30","zo":"gesloten"}}},{"type":"Feature","geometry":{"type":"Point","coordinates":[7.7021606,45.1162561]},"properties":{"type":"pakketpunt","locatieNaam":"Tabaccheria Poli","straatNaam":"CORSO VERCELLI","straatNr":"356B","vervoerder":"DPD","puntType":"pickup_point","bezettingsgraad":50,"latitude":45.1162561,"longitude":7.7021606,"canPickup":true,"canDropoff":true,"openingstijden":{"ma":"05:00 - 19:00","di":"05:00 - 19:00","wo":"05:00 - 19:00","do":"05:00 - 19:00","vr":"05:00 - 19:00","za":"05:00 - 19:00","zo":"08:00 - 12:30"}}},{"type":"Feature","geometry":{"type":"Point","coordinates":[7.66758456,45.08173472]},"properties":{"type":"pakketpunt","locatieNaam":"Bar Tabacchi di Del Medico","straatNaam":"C.SO R. MARGHERITA","straatNr":"181","vervoerder":"DPD","puntType":"pickup_point","bezettingsgraad":50,"latitude":45.08173472,"longitude":7.66758456,"canPickup":true,"canDropoff":true,"openingstijden":{"ma":"07:00 - 13:00, 15:00 - 19:00","di":"07:00 - 13:00, 15:00 - 19:00","wo":"07:00 - 13:00, 15:00 - 19:00","do":"07:00 - 13:00, 15:00 - 19:00","vr":"07:00 - 13:00, 15:00 - 19:00","za":"07:00 - 13:00, 15:00 - 19:00","zo":"gesloten"}}},{"type":"Feature","geometry":{"type":"Point","coordinates":[7.63539,45.04531]},"properties":{"type":"pakketpunt","locatieNaam":"BRT LOCKER - Lavanderia Speed Queen","straatNaam":"VIA FILADELFIA","straatNr":"223","vervoerder":"DPD","puntType":"dpd_box","bezettingsgraad":50,"latitude":45.04531,"longitude":7.63539,"canPickup":true,"canDropoff":true,"openingstijden":{"ma":"07:00 - 23:00","di":"07:00 - 23:00","wo":"07:00 - 23:00","do":"07:00 - 23:00","vr":"07:00 - 23:00","za":"07:00 - 23:00","zo":"07:00 - 23:00"}}},{"type":"Feature","geometry":{"type":"Point","coordinates":[7.6801637,45.0978139]},"properties":{"type":"pakketpunt","locatieNaam":"Qui Risparmi-Torino","straatNaam":"VIA CHIESA DELLA SALUTE","straatNr":"68 D","vervoerder":"DPD","puntType":"pickup_point","bezettingsgraad":50,"latitude":45.0978139,"longitude":7.6801637,"canPickup":true,"canDropoff":true,"openingstijden":{"ma":"09:30 - 13:00","di":"09:30 - 13:00, 15:00 - 18:00","wo":"09:30 - 13:00, 15:00 - 18:00","do":"09:30 - 13:00, 15:00 - 18:00","vr":"09:30 - 13:00","za":"gesloten","zo":"gesloten"}}},{"type":"Feature","geometry":{"type":"Point","coordinates":[7.6516568,45.0660944]},"properties":{"type":"pakketpunt","locatieNaam":"Studio Monginevro","straatNaam":"VIA VENASCA","straatNr":"13 b","vervoerder":"DPD","puntType":"pickup_point","bezettingsgraad":50,"latitude":45.0660944,"longitude":7.6516568,"canPickup":true,"canDropoff":true,"openingstijden":{"ma":"14:30 - 19:00","di":"14:30 - 19:00","wo":"14:30 - 19:00","do":"14:30 - 19:00","vr":"14:30 - 19:00","za":"gesloten","zo":"gesloten"}}},{"type":"Feature","geometry":{"type":"Point","coordinates":[7.64937163,45.01715059]},"properties":{"type":"pakketpunt","locatieNaam":"Dolci Piaceri","straatNaam":"VIA O. VIGLIANI","straatNr":"140","vervoerder":"DPD","puntType":"pickup_point","bezettingsgraad":50,"latitude":45.01715059,"longitude":7.64937163,"canPickup":true,"canDropoff":true,"openingstijden":{"ma":"08:30 - 13:00, 15:30 - 19:30","di":"08:30 - 13:00, 15:30 - 19:30","wo":"08:30 - 13:00, 15:30 - 19:30","do":"08:30 - 13:00, 15:30 - 19:30","vr":"08:30 - 13:00, 15:30 - 19:30","za":"08:30 - 19:30","zo":"gesloten"}}},{"type":"Feature","geometry":{"type":"Point","coordinates":[7.6660688,45.07805136]},"properties":{"type":"pakketpunt","locatieNaam":"Luce & Gas Telefonia","straatNaam":"VIA L.CIBRARIO","straatNr":"16 D","vervoerder":"DPD","puntType":"pickup_point","bezettingsgraad":50,"latitude":45.07805136,"longitude":7.6660688,"canPickup":true,"canDropoff":true,"openingstijden":{"ma":"15:00 - 18:00","di":"10:00 - 13:00, 15:00 - 18:00","wo":"10:00 - 13:00, 15:00 - 18:00","do":"10:00 - 13:00, 15:00 - 18:00","vr":"10:00 - 13:00, 15:00 - 18:00","za":"gesloten","zo":"gesloten"}}},{"type":"Feature","geometry":{"type":"Point","coordinates":[7.6487624,45.0629545]},"properties":{"type":"pakketpunt","locatieNaam":"Turin Grafic Award","straatNaam":"VIA VOLVERA","straatNr":"8 a","vervoerder":"DPD","puntType":"pickup_point","bezettingsgraad":50,"latitude":45.0629545,"longitude":7.6487624,"canPickup":true,"canDropoff":true,"openingstijden":{"ma":"09:30 - 12:30, 15:00 - 19:30","di":"09:30 - 12:30, 15:00 - 19:30","wo":"09:30 - 12:30, 15:00 - 19:30","do":"09:30 - 12:30, 15:00 - 19:30","vr":"09:30 - 12:30, 15:00 - 19:30","za":"gesloten","zo":"gesloten"}}},{"type":"Feature","geometry":{"type":"Point","coordinates":[7.7184289,45.0735252]},"properties":{"type":"pakketpunt","locatieNaam":"WindTre Mds Store","straatNaam":"CORSO BELGIO","straatNr":"98","vervoerder":"DPD","puntType":"pickup_point","bezettingsgraad":50,"latitude":45.0735252,"longitude":7.7184289,"canPickup":true,"canDropoff":true,"openingstijden":{"ma":"09:30 - 12:30, 15:00 - 19:30","di":"09:30 - 12:30, 15:00 - 19:30","wo":"09:30 - 12:30, 15:00 - 19:30","do":"09:30 - 12:30, 15:00 - 19:30","vr":"09:30 - 12:30, 15:00 - 19:30","za":"09:30 - 13:00","zo":"gesloten"}}},{"type":"Feature","geometry":{"type":"Point","coordinates":[7.6360567,45.0480625]},"properties":{"type":"pakketpunt","locatieNaam":"Tabaccheria Rubino Marcello","straatNaam":"CORSO SEBASTOPOLI","straatNr":"247","vervoerder":"DPD","puntType":"pickup_point","bezettingsgraad":50,"latitude":45.0480625,"longitude":7.6360567,"canPickup":true,"canDropoff":true,"openingstijden":{"ma":"07:00 - 12:30, 14:30 - 19:30","di":"07:00 - 12:30, 14:30 - 19:30","wo":"07:00 - 12:30, 14:30 - 19:30","do":"07:00 - 12:30, 14:30 - 19:30","vr":"07:00 - 12:30, 14:30 - 19:30","za":"07:00 - 12:30, 14:30 - 19:30","zo":"08:00 - 12:30"}}},{"type":"Feature","geometry":{"type":"Point","coordinates":[7.70086525,45.10813626]},"properties":{"type":"pakketpunt","locatieNaam":"Agenzia Selena","straatNaam":"VIA VISTRORIO","straatNr":"46C","vervoerder":"DPD","puntType":"pickup_point","bezettingsgraad":50,"latitude":45.10813626,"longitude":7.70086525,"canPickup":true,"canDropoff":true,"openingstijden":{"ma":"09:00 - 12:00, 13:00 - 17:00","di":"09:00 - 12:00, 13:00 - 17:00","wo":"09:00 - 12:00, 13:00 - 17:00","do":"09:00 - 12:00, 13:00 - 17:00","vr":"09:00 - 12:00, 13:00 - 17:00","za":"09:00 - 12:00","zo":"gesloten"}}},{"type":"Feature","geometry":{"type":"Point","coordinates":[7.674154,45.0929915]},"properties":{"type":"pakketpunt","locatieNaam":"Di Elite Promoter & Hostess","straatNaam":"VIA ERRICO GIACHINO","straatNr":"53","vervoerder":"DPD","puntType":"pickup_point","bezettingsgraad":50,"latitude":45.0929915,"longitude":7.674154,"canPickup":true,"canDropoff":true,"openingstijden":{"ma":"09:00 - 20:00","di":"09:00 - 20:00","wo":"09:00 - 20:00","do":"09:00 - 20:00","vr":"09:00 - 20:00","za":"09:00 - 20:00","zo":"16:00 - 20:00"}}},{"type":"Feature","geometry":{"type":"Point","coordinates":[7.66658,45.07779]},"properties":{"type":"pakketpunt","locatieNaam":"BRT LOCKER - Il Centro Servizi FMPI","straatNaam":"VIA LUIGI CIBRARIO","straatNr":"13A","vervoerder":"DPD","puntType":"dpd_box","bezettingsgraad":50,"latitude":45.07779,"longitude":7.66658,"canPickup":true,"canDropoff":true,"openingstijden":{"ma":"09:00 - 13:00, 14:00 - 18:00","di":"09:00 - 13:00, 14:00 - 18:00","wo":"09:00 - 13:00, 14:00 - 18:00","do":"09:00 - 13:00, 14:00 - 18:00","vr":"09:00 - 13:00, 14:00 - 18:00","za":"gesloten","zo":"gesloten"}}},{"type":"Feature","geometry":{"type":"Point","coordinates":[7.65965,45.05492]},"properties":{"type":"pakketpunt","locatieNaam":"BRT LOCKER - Il Centro Servizi FMPI","straatNaam":"VIA TORRICELLI","straatNr":"38","vervoerder":"DPD","puntType":"dpd_box","bezettingsgraad":50,"latitude":45.05492,"longitude":7.65965,"canPickup":true,"canDropoff":true,"openingstijden":{"ma":"09:00 - 13:00, 14:00 - 18:00","di":"09:00 - 13:00, 14:00 - 18:00","wo":"09:00 - 13:00, 14:00 - 18:00","do":"09:00 - 13:00, 14:00 - 18:00","vr":"09:00 - 13:00, 14:00 - 18:00","za":"gesloten","zo":"gesloten"}}},{"type":"Feature","geometry":{"type":"Point","coordinates":[7.65428,45.06656]},"properties":{"type":"pakketpunt","locatieNaam":"BRT LOCKER - Centro Servizi Confint","straatNaam":"VIA MONGINEVRO","straatNr":"4","vervoerder":"DPD","puntType":"dpd_box","bezettingsgraad":50,"latitude":45.06656,"longitude":7.65428,"canPickup":true,"canDropoff":true,"openingstijden":{"ma":"09:30 - 13:00, 14:00 - 18:00","di":"09:30 - 13:00, 14:00 - 18:00","wo":"09:30 - 13:00, 14:00 - 18:00","do":"09:30 - 13:00, 14:00 - 18:00","vr":"09:30 - 13:00, 14:00 - 18:00","za":"gesloten","zo":"gesloten"}}},{"type":"Feature","geometry":{"type":"Point","coordinates":[7.64132668,45.04858462]},"properties":{"type":"pakketpunt","locatieNaam":"La Stampa Tuttosport","straatNaam":"VIA BARLETTA","straatNr":"92B","vervoerder":"DPD","puntType":"pickup_point","bezettingsgraad":50,"latitude":45.04858462,"longitude":7.64132668,"canPickup":true,"canDropoff":true,"openingstijden":{"ma":"06:00 - 19:30","di":"06:00 - 19:30","wo":"06:00 - 19:30","do":"06:00 - 19:30","vr":"06:00 - 19:30","za":"06:00 - 19:30","zo":"06:00 - 13:00"}}},{"type":"Feature","geometry":{"type":"Point","coordinates":[7.6958763,45.0917146]},"properties":{"type":"pakketpunt","locatieNaam":"Cipensoio Srl","straatNaam":"VIA MONTE ROSA","straatNr":"71","vervoerder":"DPD","puntType":"pickup_point","bezettingsgraad":50,"latitude":45.0917146,"longitude":7.6958763,"canPickup":true,"canDropoff":true,"openingstijden":{"ma":"09:30 - 16:00","di":"09:30 - 14:30, 09:00 - 14:30","wo":"09:30 - 16:00","do":"09:30 - 14:30","vr":"09:30 - 14:30","za":"gesloten","zo":"gesloten"}}},{"type":"Feature","geometry":{"type":"Point","coordinates":[7.6383069,45.0751278]},"properties":{"type":"pakketpunt","locatieNaam":"Apollo","straatNaam":"CORSO FRANCIA","straatNr":"185","vervoerder":"DPD","puntType":"pickup_point","bezettingsgraad":50,"latitude":45.0751278,"longitude":7.6383069,"canPickup":true,"canDropoff":true,"openingstijden":{"ma":"10:00 - 13:00, 15:30 - 20:00","di":"10:00 - 13:00, 15:30 - 20:00","wo":"10:00 - 13:00, 15:30 - 20:00","do":"10:00 - 13:00, 15:30 - 20:00","vr":"10:00 - 13:00, 15:30 - 20:00","za":"10:00 - 17:00","zo":"gesloten"}}},{"type":"Feature","geometry":{"type":"Point","coordinates":[7.6387372,45.0383237]},"properties":{"type":"pakketpunt","locatieNaam":"PTS","straatNaam":"VIA BUENOS AIRES","straatNr":"86C","vervoerder":"DPD","puntType":"pickup_point","bezettingsgraad":50,"latitude":45.0383237,"longitude":7.6387372,"canPickup":true,"canDropoff":true,"openingstijden":{"ma":"09:00 - 12:30, 14:30 - 18:30","di":"09:00 - 12:30, 14:30 - 18:30","wo":"09:00 - 12:30, 14:30 - 18:30","do":"09:00 - 12:30, 14:30 - 18:30","vr":"09:00 - 12:30, 14:30 - 18:30","za":"gesloten","zo":"gesloten"}}},{"type":"Feature","geometry":{"type":"Point","coordinates":[7.6507345,45.0517594]},"properties":{"type":"pakketpunt","locatieNaam":"Trilli Express","straatNaam":"LARGO TIRRENO","straatNr":"121 c","vervoerder":"DPD","puntType":"pickup_point","bezettingsgraad":50,"latitude":45.0517594,"longitude":7.6507345,"canPickup":true,"canDropoff":true,"openingstijden":{"ma":"08:30 - 12:30, 15:00 - 19:00","di":"08:30 - 12:30, 15:00 - 19:00","wo":"08:30 - 12:30, 15:00 - 19:00","do":"08:30 - 12:30, 15:00 - 19:00","vr":"08:30 - 12:30, 15:00 - 19:00","za":"08:30 - 12:30","zo":"gesloten"}}},{"type":"Feature","geometry":{"type":"Point","coordinates":[7.7152406,45.0682007]},"properties":{"type":"pakketpunt","locatieNaam":"Posta Centrale di Gai Cristina","straatNaam":"CORSO CASALE","straatNr":"122A","vervoerder":"DPD","puntType":"pickup_point","bezettingsgraad":50,"latitude":45.0682007,"longitude":7.7152406,"canPickup":true,"canDropoff":true,"openingstijden":{"ma":"08:30 - 15:00","di":"08:30 - 12:30, 15:00 - 18:00","wo":"08:30 - 15:00","do":"08:30 - 12:30, 15:00 - 18:00","vr":"08:30 - 15:00","za":"gesloten","zo":"gesloten"}}},{"type":"Feature","geometry":{"type":"Point","coordinates":[7.69805896,45.07060865]},"properties":{"type":"pakketpunt","locatieNaam":"Mondo Rosa Caffè","straatNaam":"VIA GUASTALLA","straatNr":"22A","vervoerder":"DPD","puntType":"pickup_point","bezettingsgraad":50,"latitude":45.07060865,"longitude":7.69805896,"canPickup":true,"canDropoff":true,"openingstijden":{"ma":"15:00 - 19:00","di":"10:00 - 12:00, 15:00 - 19:00","wo":"10:00 - 12:00, 15:00 - 19:00","do":"10:00 - 12:00, 15:00 - 19:00","vr":"10:00 - 12:00, 15:00 - 19:00","za":"09:00 - 12:30","zo":"gesloten"}}},{"type":"Feature","geometry":{"type":"Point","coordinates":[7.6404147,45.0695987]},"properties":{"type":"pakketpunt","locatieNaam":"Fixit Informatica","straatNaam":"VIA VICOFORTE","straatNr":"8","vervoerder":"DPD","puntType":"pickup_point","bezettingsgraad":50,"latitude":45.0695987,"longitude":7.6404147,"canPickup":true,"canDropoff":true,"openingstijden":{"ma":"10:00 - 18:00","di":"09:30 - 12:30, 15:30 - 18:30","wo":"10:00 - 18:00","do":"09:30 - 12:30, 14:30 - 18:30","vr":"09:30 - 12:30, 14:30 - 18:30","za":"gesloten","zo":"gesloten"}}},{"type":"Feature","geometry":{"type":"Point","coordinates":[7.6759892,45.0994394]},"properties":{"type":"pakketpunt","locatieNaam":"La Posta Priv.Naz. Torino","straatNaam":"VIA BREGLIO","straatNr":"98 b","vervoerder":"DPD","puntType":"pickup_point","bezettingsgraad":50,"latitude":45.0994394,"longitude":7.6759892,"canPickup":true,"canDropoff":true,"openingstijden":{"ma":"08:30 - 13:30, 14:30 - 19:00","di":"08:30 - 13:30, 14:30 - 19:00","wo":"08:30 - 13:30, 14:30 - 19:00","do":"08:30 - 13:30, 14:30 - 19:00","vr":"08:30 - 13:30, 14:30 - 19:00","za":"08:30 - 14:00","zo":"gesloten"}}},{"type":"Feature","geometry":{"type":"Point","coordinates":[7.675657,45.095315]},"properties":{"type":"pakketpunt","locatieNaam":"BRT LOCKER - Bar Tabacchi Lucky Via","straatNaam":"VIA VIBO","straatNr":"45/d","vervoerder":"DPD","puntType":"dpd_box","bezettingsgraad":50,"latitude":45.095315,"longitude":7.675657,"canPickup":true,"canDropoff":true,"openingstijden":{"ma":"08:00 - 13:00, 14:30 - 19:00","di":"08:00 - 13:00, 14:30 - 19:00","wo":"08:00 - 13:00, 14:30 - 19:00","do":"08:00 - 13:00, 14:30 - 19:00","vr":"08:00 - 13:00, 14:30 - 19:00","za":"08:00 - 19:00","zo":"gesloten"}}},{"type":"Feature","geometry":{"type":"Point","coordinates":[7.6599606,45.0798941]},"properties":{"type":"pakketpunt","locatieNaam":"Eco Store-Via Cibrario","straatNaam":"VIA L. CIBRARIO","straatNr":"47 d","vervoerder":"DPD","puntType":"pickup_point","bezettingsgraad":50,"latitude":45.0798941,"longitude":7.6599606,"canPickup":true,"canDropoff":true,"openingstijden":{"ma":"09:30 - 13:00, 15:00 - 19:00","di":"09:30 - 13:00, 15:00 - 19:00","wo":"09:30 - 13:00, 15:00 - 19:00","do":"09:30 - 13:00, 15:00 - 19:00","vr":"09:30 - 13:00, 15:00 - 19:00","za":"09:30 - 13:00","zo":"gesloten"}}},{"type":"Feature","geometry":{"type":"Point","coordinates":[7.6537863,45.0244982]},"properties":{"type":"pakketpunt","locatieNaam":"Carto66","straatNaam":"VIA PASSO BUOLE","straatNr":"66","vervoerder":"DPD","puntType":"pickup_point","bezettingsgraad":50,"latitude":45.0244982,"longitude":7.6537863,"canPickup":true,"canDropoff":true,"openingstijden":{"ma":"08:30 - 12:30, 15:00 - 19:00","di":"08:30 - 12:30, 15:00 - 19:00","wo":"08:30 - 12:30, 15:00 - 19:00","do":"08:30 - 12:30, 15:00 - 19:00","vr":"08:30 - 12:30, 15:00 - 19:00","za":"08:30 - 12:30, 15:00 - 19:00","zo":"gesloten"}}},{"type":"Feature","geometry":{"type":"Point","coordinates":[7.6925753,45.0797606]},"properties":{"type":"pakketpunt","locatieNaam":"Delivery Experiences","straatNaam":"CORSO PALERMO","straatNr":"25C","vervoerder":"DPD","puntType":"pickup_point","bezettingsgraad":50,"latitude":45.0797606,"longitude":7.6925753,"canPickup":true,"canDropoff":true,"openingstijden":{"ma":"09:00 - 12:30, 14:00 - 18:00","di":"09:00 - 12:30, 14:00 - 18:00","wo":"09:00 - 12:30, 14:00 - 18:00","do":"09:00 - 12:30, 14:00 - 18:00","vr":"09:00 - 12:30, 14:00 - 18:00","za":"09:00 - 12:30","zo":"gesloten"}}},{"type":"Feature","geometry":{"type":"Point","coordinates":[7.666579,45.034835]},"properties":{"type":"pakketpunt","locatieNaam":"BRT LOCKER - CC Ligotto Via Fenogli","straatNaam":"VIA FENOGLIETTI","straatNr":"15","vervoerder":"DPD","puntType":"dpd_box","bezettingsgraad":50,"latitude":45.034835,"longitude":7.666579,"canPickup":true,"canDropoff":true,"openingstijden":{"ma":"07:00 - 23:00","di":"07:00 - 23:00","wo":"07:00 - 23:00","do":"07:00 - 23:00","vr":"07:00 - 23:45","za":"07:00 - 23:45","zo":"07:00 - 23:30"}}},{"type":"Feature","geometry":{"type":"Point","coordinates":[7.6226031,45.0149169]},"properties":{"type":"pakketpunt","locatieNaam":"Tabaccheria La Svolta","straatNaam":"VIA CABRINI","straatNr":"7","vervoerder":"DPD","puntType":"pickup_point","bezettingsgraad":50,"latitude":45.0149169,"longitude":7.6226031,"canPickup":true,"canDropoff":true,"openingstijden":{"ma":"07:00 - 19:30","di":"07:00 - 19:30","wo":"07:00 - 19:30","do":"07:00 - 19:30","vr":"07:00 - 19:30","za":"07:00 - 19:30","zo":"gesloten"}}},{"type":"Feature","geometry":{"type":"Point","coordinates":[7.6647834,45.0812642]},"properties":{"type":"pakketpunt","locatieNaam":"Cambiamenti Uomo","straatNaam":"VIA ANTONIO VAGNONE","straatNr":"24A","vervoerder":"DPD","puntType":"pickup_point","bezettingsgraad":50,"latitude":45.0812642,"longitude":7.6647834,"canPickup":true,"canDropoff":true,"openingstijden":{"ma":"16:00 - 19:00","di":"09:30 - 12:30, 16:00 - 19:00","wo":"09:30 - 12:30, 16:00 - 19:00","do":"09:30 - 12:30, 16:00 - 19:00","vr":"09:30 - 12:30, 16:00 - 19:00","za":"09:30 - 12:30","zo":"gesloten"}}},{"type":"Feature","geometry":{"type":"Point","coordinates":[7.648997,45.065905]},"properties":{"type":"pakketpunt","locatieNaam":"BRT LOCKER - Conad Via Cesana","straatNaam":"VIA CESANA","straatNr":"78","vervoerder":"DPD","puntType":"dpd_box","bezettingsgraad":50,"latitude":45.065905,"longitude":7.648997,"canPickup":true,"canDropoff":true,"openingstijden":{"ma":"08:00 - 21:00","di":"08:00 - 21:00","wo":"08:00 - 21:00","do":"08:00 - 21:00","vr":"08:00 - 21:00","za":"08:00 - 21:00","zo":"08:00 - 21:00"}}},{"type":"Feature","geometry":{"type":"Point","coordinates":[7.6832338,45.0794717]},"properties":{"type":"pakketpunt","locatieNaam":"Tabaccheria Ceka","straatNaam":"VIA BORGO DORA","straatNr":"29","vervoerder":"DPD","puntType":"pickup_point","bezettingsgraad":50,"latitude":45.0794717,"longitude":7.6832338,"canPickup":true,"canDropoff":true,"openingstijden":{"ma":"07:00 - 19:30","di":"07:00 - 19:30","wo":"07:00 - 19:30","do":"07:00 - 19:30","vr":"07:00 - 19:30","za":"07:00 - 19:30","zo":"gesloten"}}},{"type":"Feature","geometry":{"type":"Point","coordinates":[7.68177,45.059983]},"properties":{"type":"pakketpunt","locatieNaam":"BRT LOCKER - Lavasciuga Via Sant'An","straatNaam":"VIA SANT'ANSELMO","straatNr":"9","vervoerder":"DPD","puntType":"dpd_box","bezettingsgraad":50,"latitude":45.059983,"longitude":7.68177,"canPickup":true,"canDropoff":true,"openingstijden":{"ma":"08:00 - 22:00","di":"08:00 - 22:00","wo":"08:00 - 22:00","do":"08:00 - 22:00","vr":"08:00 - 22:00","za":"08:00 - 22:00","zo":"08:00 - 22:00"}}},{"type":"Feature","geometry":{"type":"Point","coordinates":[7.6738815,45.0489387]},"properties":{"type":"pakketpunt","locatieNaam":"Ladyballoon","straatNaam":"VIA NIZZA","straatNr":"105d","vervoerder":"DPD","puntType":"pickup_point","bezettingsgraad":50,"latitude":45.0489387,"longitude":7.6738815,"canPickup":true,"canDropoff":true,"openingstijden":{"ma":"10:30 - 19:00","di":"10:30 - 19:00","wo":"10:30 - 19:00","do":"10:30 - 19:00","vr":"10:30 - 19:00","za":"10:30 - 13:00","zo":"gesloten"}}},{"type":"Feature","geometry":{"type":"Point","coordinates":[7.6721632,45.0478703]},"properties":{"type":"pakketpunt","locatieNaam":"Svapodante di Aurelio Scerbo","straatNaam":"CORSO DANTE","straatNr":"47","vervoerder":"DPD","puntType":"pickup_point","bezettingsgraad":50,"latitude":45.0478703,"longitude":7.6721632,"canPickup":true,"canDropoff":true,"openingstijden":{"ma":"09:00 - 19:30","di":"09:00 - 19:30","wo":"09:00 - 19:30","do":"09:00 - 19:30","vr":"09:00 - 19:30","za":"09:00 - 15:00","zo":"gesloten"}}},{"type":"Feature","geometry":{"type":"Point","coordinates":[7.696251,45.071335]},"properties":{"type":"pakketpunt","locatieNaam":"BRT LOCKER - Supermercato Conad Via","straatNaam":"VIA CONTE LUIGI TARINO 10 H","straatNr":"","vervoerder":"DPD","puntType":"dpd_box","bezettingsgraad":50,"latitude":45.071335,"longitude":7.696251,"canPickup":true,"canDropoff":true,"openingstijden":{"ma":"08:30 - 20:30","di":"08:30 - 20:30","wo":"08:30 - 20:30","do":"08:30 - 20:30","vr":"08:30 - 20:30","za":"08:30 - 20:30","zo":"09:00 - 13:30, 16:00 - 20:00"}}},{"type":"Feature","geometry":{"type":"Point","coordinates":[7.6663538,45.0207943]},"properties":{"type":"pakketpunt","locatieNaam":"Il Cerino","straatNaam":"VIA VENTIMIGLIA","straatNr":"194","vervoerder":"DPD","puntType":"pickup_point","bezettingsgraad":50,"latitude":45.0207943,"longitude":7.6663538,"canPickup":true,"canDropoff":true,"openingstijden":{"ma":"07:00 - 12:30, 15:30 - 19:00","di":"07:00 - 12:30, 15:30 - 19:00","wo":"07:00 - 12:30, 15:30 - 19:00","do":"07:00 - 12:30, 15:30 - 19:00","vr":"07:00 - 12:30, 15:30 - 19:00","za":"07:00 - 12:30, 15:30 - 19:00","zo":"gesloten"}}},{"type":"Feature","geometry":{"type":"Point","coordinates":[7.6948124,45.0944461]},"properties":{"type":"pakketpunt","locatieNaam":"TIM - Torino","straatNaam":"CORSO G. CESARE","straatNr":"135 E","vervoerder":"DPD","puntType":"pickup_point","bezettingsgraad":50,"latitude":45.0944461,"longitude":7.6948124,"canPickup":true,"canDropoff":true,"openingstijden":{"ma":"10:00 - 12:45, 15:45 - 18:45","di":"10:00 - 12:45, 15:45 - 18:45","wo":"10:00 - 12:45, 15:45 - 18:45","do":"10:00 - 12:45, 15:45 - 18:45","vr":"10:00 - 12:45, 15:45 - 18:45","za":"10:00 - 12:45","zo":"gesloten"}}},{"type":"Feature","geometry":{"type":"Point","coordinates":[7.7038345,45.0933396]},"properties":{"type":"pakketpunt","locatieNaam":"Punto Servizi Respighi","straatNaam":"VIA PAISIELLO","straatNr":"70 c","vervoerder":"DPD","puntType":"pickup_point","bezettingsgraad":50,"latitude":45.0933396,"longitude":7.7038345,"canPickup":true,"canDropoff":true,"openingstijden":{"ma":"15:00 - 18:00","di":"09:30 - 13:00, 15:00 - 18:00","wo":"09:30 - 13:00, 15:00 - 18:00","do":"09:30 - 13:00, 15:00 - 18:00","vr":"09:30 - 13:00","za":"gesloten","zo":"gesloten"}}},{"type":"Feature","geometry":{"type":"Point","coordinates":[7.6390538,45.0730497]},"properties":{"type":"pakketpunt","locatieNaam":"J&J Multiservizi","straatNaam":"VIA RUBIANA","straatNr":"26C","vervoerder":"DPD","puntType":"pickup_point","bezettingsgraad":50,"latitude":45.0730497,"longitude":7.6390538,"canPickup":true,"canDropoff":true,"openingstijden":{"ma":"10:00 - 18:00","di":"10:00 - 18:00","wo":"10:00 - 18:00","do":"10:00 - 18:00","vr":"10:00 - 18:00","za":"gesloten","zo":"gesloten"}}},{"type":"Feature","geometry":{"type":"Point","coordinates":[7.6533208,45.0522593]},"properties":{"type":"pakketpunt","locatieNaam":"Reggia dei Servizi Torino","straatNaam":"CORSO ADRIATICO","straatNr":"8 C","vervoerder":"DPD","puntType":"pickup_point","bezettingsgraad":50,"latitude":45.0522593,"longitude":7.6533208,"canPickup":true,"canDropoff":true,"openingstijden":{"ma":"08:30 - 12:30, 15:30 - 18:30","di":"08:30 - 12:30, 15:30 - 18:30","wo":"08:30 - 12:30, 15:30 - 18:30","do":"08:30 - 12:30, 15:30 - 18:30","vr":"08:30 - 12:30, 15:30 - 18:30","za":"09:00 - 13:00","zo":"gesloten"}}},{"type":"Feature","geometry":{"type":"Point","coordinates":[7.6482342,45.0488353]},"properties":{"type":"pakketpunt","locatieNaam":"Stampa Merlino","straatNaam":"VIA TRIPOLI","straatNr":"39 B","vervoerder":"DPD","puntType":"pickup_point","bezettingsgraad":50,"latitude":45.0488353,"longitude":7.6482342,"canPickup":true,"canDropoff":true,"openingstijden":{"ma":"08:30 - 12:30, 15:00 - 18:30","di":"08:30 - 12:30, 15:00 - 18:30","wo":"08:30 - 12:30, 15:00 - 18:30","do":"08:30 - 12:30, 15:00 - 18:30","vr":"08:30 - 12:30, 15:00 - 18:30","za":"08:30 - 12:30, 15:00 - 18:30","zo":"09:00 - 12:00"}}},{"type":"Feature","geometry":{"type":"Point","coordinates":[7.6778035,45.0926143]},"properties":{"type":"pakketpunt","locatieNaam":"Isola dei Fumosi","straatNaam":"VIA C. DELLA SALUTE","straatNr":"6C","vervoerder":"DPD","puntType":"pickup_point","bezettingsgraad":50,"latitude":45.0926143,"longitude":7.6778035,"canPickup":true,"canDropoff":true,"openingstijden":{"ma":"07:30 - 19:00","di":"07:30 - 19:00","wo":"07:30 - 19:00","do":"07:30 - 19:00","vr":"07:30 - 19:00","za":"07:30 - 19:00","zo":"gesloten"}}},{"type":"Feature","geometry":{"type":"Point","coordinates":[7.6265156,45.0733204]},"properties":{"type":"pakketpunt","locatieNaam":"Tabaccheria Edicola Larizza","straatNaam":"CORSO PESCHIERA","straatNr":"335 c","vervoerder":"DPD","puntType":"pickup_point","bezettingsgraad":50,"latitude":45.0733204,"longitude":7.6265156,"canPickup":true,"canDropoff":true,"openingstijden":{"ma":"06:15 - 19:45","di":"06:15 - 19:45","wo":"06:15 - 19:45","do":"06:15 - 19:45","vr":"06:15 - 19:45","za":"07:00 - 13:00, 15:00 - 19:30","zo":"gesloten"}}},{"type":"Feature","geometry":{"type":"Point","coordinates":[7.6466866,45.0577216]},"properties":{"type":"pakketpunt","locatieNaam":"La Casa della Capsula","straatNaam":"C.SO RACCONIGI","straatNr":"188c","vervoerder":"DPD","puntType":"pickup_point","bezettingsgraad":50,"latitude":45.0577216,"longitude":7.6466866,"canPickup":true,"canDropoff":true,"openingstijden":{"ma":"15:00 - 19:30","di":"09:00 - 13:00, 15:00 - 19:30","wo":"09:00 - 13:00, 15:00 - 19:30","do":"09:00 - 13:00, 15:00 - 19:30","vr":"09:00 - 13:00, 15:00 - 19:30","za":"09:00 - 13:00, 15:00 - 19:30","zo":"gesloten"}}},{"type":"Feature","geometry":{"type":"Point","coordinates":[7.6157946,45.0717784]},"properties":{"type":"pakketpunt","locatieNaam":"Monkey Smoke","straatNaam":"VIA VANDALINO","straatNr":"74 E","vervoerder":"DPD","puntType":"pickup_point","bezettingsgraad":50,"latitude":45.0717784,"longitude":7.6157946,"canPickup":true,"canDropoff":true,"openingstijden":{"ma":"07:30 - 12:30, 15:00 - 19:00","di":"07:30 - 12:30, 15:00 - 19:00","wo":"07:30 - 12:30, 15:00 - 19:00","do":"07:30 - 12:30, 15:00 - 19:00","vr":"07:30 - 12:30, 15:00 - 19:00","za":"07:30 - 12:30, 15:00 - 19:00","zo":"gesloten"}}},{"type":"Feature","geometry":{"type":"Point","coordinates":[7.6221233,45.0681365]},"properties":{"type":"pakketpunt","locatieNaam":"Bar Dell'Amicizia","straatNaam":"VIA POSTUMIA","straatNr":"19","vervoerder":"DPD","puntType":"pickup_point","bezettingsgraad":50,"latitude":45.0681365,"longitude":7.6221233,"canPickup":true,"canDropoff":true,"openingstijden":null}},{"type":"Feature","geometry":{"type":"Point","coordinates":[7.6306033,45.1043109]},"properties":{"type":"pakketpunt","locatieNaam":"L' Angolo Delle Spedizioni","straatNaam":"VIA DELLE VERBENE","straatNr":"11","vervoerder":"DPD","puntType":"pickup_point","bezettingsgraad":50,"latitude":45.1043109,"longitude":7.6306033,"canPickup":true,"canDropoff":true,"openingstijden":{"ma":"09:00 - 19:00","di":"09:00 - 19:00","wo":"09:00 - 19:00","do":"09:00 - 19:00","vr":"09:00 - 19:00","za":"gesloten","zo":"gesloten"}}},{"type":"Feature","geometry":{"type":"Point","coordinates":[7.6512475,45.0651898]},"properties":{"type":"pakketpunt","locatieNaam":"Romain Travel","straatNaam":"VIA MONGINEVRO","straatNr":"30 A","vervoerder":"DPD","puntType":"pickup_point","bezettingsgraad":50,"latitude":45.0651898,"longitude":7.6512475,"canPickup":true,"canDropoff":true,"openingstijden":{"ma":"11:00 - 13:00, 15:00 - 18:30","di":"11:00 - 19:00, 15:00 - 18:30","wo":"11:00 - 19:00, 15:00 - 18:30","do":"11:00 - 19:00, 15:00 - 18:30","vr":"11:00 - 19:00, 15:00 - 18:30","za":"11:00 - 15:00","zo":"gesloten"}}},{"type":"Feature","geometry":{"type":"Point","coordinates":[7.6137469,45.0699374]},"properties":{"type":"pakketpunt","locatieNaam":"Aw Car Consulting Sas","straatNaam":"VIA ASIAGO","straatNr":"35 Bis","vervoerder":"DPD","puntType":"pickup_point","bezettingsgraad":50,"latitude":45.0699374,"longitude":7.6137469,"canPickup":true,"canDropoff":true,"openingstijden":{"ma":"09:00 - 12:30, 15:00 - 18:30","di":"09:00 - 12:30, 15:00 - 18:30","wo":"09:00 - 12:30, 15:00 - 18:30","do":"09:00 - 12:30, 15:00 - 18:30","vr":"09:00 - 12:30, 15:00 - 18:30","za":"gesloten","zo":"gesloten"}}},{"type":"Feature","geometry":{"type":"Point","coordinates":[7.6432307,45.0281608]},"properties":{"type":"pakketpunt","locatieNaam":"Infissi e Porte Decor","straatNaam":"VIA PASSO BUOLE","straatNr":"168","vervoerder":"DPD","puntType":"pickup_point","bezettingsgraad":50,"latitude":45.0281608,"longitude":7.6432307,"canPickup":true,"canDropoff":true,"openingstijden":{"ma":"08:30 - 18:00","di":"08:30 - 18:00","wo":"08:30 - 18:00","do":"08:30 - 18:00","vr":"08:30 - 18:00","za":"gesloten","zo":"gesloten"}}},{"type":"Feature","geometry":{"type":"Point","coordinates":[7.6641014,45.0237964]},"properties":{"type":"pakketpunt","locatieNaam":"Bar Piemonte","straatNaam":"VIA NIZZA","straatNr":"341b","vervoerder":"DPD","puntType":"pickup_point","bezettingsgraad":50,"latitude":45.0237964,"longitude":7.6641014,"canPickup":true,"canDropoff":true,"openingstijden":{"ma":"09:30 - 20:00","di":"09:30 - 20:00","wo":"09:30 - 20:00","do":"09:30 - 20:00","vr":"09:30 - 20:00","za":"09:30 - 20:00","zo":"09:30 - 13:00"}}},{"type":"Feature","geometry":{"type":"Point","coordinates":[7.63767008,45.08064889]},"properties":{"type":"pakketpunt","locatieNaam":"Bolletta Expert - Torino","straatNaam":"C.SO M. GRAPPA","straatNr":"57","vervoerder":"DPD","puntType":"pickup_point","bezettingsgraad":50,"latitude":45.08064889,"longitude":7.63767008,"canPickup":true,"canDropoff":true,"openingstijden":{"ma":"09:30 - 13:00, 16:00 - 19:00","di":"09:30 - 13:00, 16:00 - 19:00","wo":"09:30 - 13:00, 16:00 - 19:00","do":"09:30 - 13:00, 16:00 - 19:00","vr":"09:30 - 13:00, 16:00 - 19:00","za":"gesloten","zo":"gesloten"}}},{"type":"Feature","geometry":{"type":"Point","coordinates":[7.6281819,45.081995]},"properties":{"type":"pakketpunt","locatieNaam":"Tabaccheria Telesio","straatNaam":"CORSO TELESIO","straatNr":"91","vervoerder":"DPD","puntType":"pickup_point","bezettingsgraad":50,"latitude":45.081995,"longitude":7.6281819,"canPickup":true,"canDropoff":true,"openingstijden":{"ma":"08:00 - 12:30, 15:00 - 19:30","di":"08:00 - 12:30, 15:00 - 19:30","wo":"08:00 - 12:30, 15:00 - 19:30","do":"08:00 - 12:30, 15:00 - 19:30","vr":"08:00 - 12:30, 15:00 - 19:30","za":"08:00 - 12:30, 15:00 - 19:30","zo":"gesloten"}}},{"type":"Feature","geometry":{"type":"Point","coordinates":[7.63976508,45.08332028]},"properties":{"type":"pakketpunt","locatieNaam":"Tabaccheria Lessona","straatNaam":"VIA M. LESSONA","straatNr":"101","vervoerder":"DPD","puntType":"pickup_point","bezettingsgraad":50,"latitude":45.08332028,"longitude":7.63976508,"canPickup":true,"canDropoff":true,"openingstijden":{"ma":"06:30 - 20:30","di":"06:30 - 20:30","wo":"06:30 - 20:30","do":"06:30 - 20:30","vr":"06:30 - 20:30","za":"06:30 - 20:30","zo":"gesloten"}}},{"type":"Feature","geometry":{"type":"Point","coordinates":[7.65768,45.08067]},"properties":{"type":"pakketpunt","locatieNaam":"Poste Private Nazionali - Torino","straatNaam":"VIA CIBRARIO","straatNr":"63C","vervoerder":"DPD","puntType":"pickup_point","bezettingsgraad":50,"latitude":45.08067,"longitude":7.65768,"canPickup":true,"canDropoff":true,"openingstijden":{"ma":"07:30 - 18:45","di":"07:30 - 18:45","wo":"07:30 - 18:45","do":"07:30 - 18:45","vr":"07:30 - 18:45","za":"08:00 - 12:30","zo":"gesloten"}}},{"type":"Feature","geometry":{"type":"Point","coordinates":[7.67200228,45.07250134]},"properties":{"type":"pakketpunt","locatieNaam":"Wind 3 - Torino","straatNaam":"VIA CERNAIA","straatNr":"30D","vervoerder":"DPD","puntType":"pickup_point","bezettingsgraad":50,"latitude":45.07250134,"longitude":7.67200228,"canPickup":true,"canDropoff":true,"openingstijden":{"ma":"15:30 - 19:00","di":"10:00 - 13:00, 15:30 - 18:30","wo":"10:00 - 13:00, 15:30 - 18:30","do":"10:00 - 13:00, 15:30 - 18:30","vr":"10:00 - 13:00, 15:30 - 18:30","za":"10:00 - 13:00, 15:30 - 17:30","zo":"gesloten"}}},{"type":"Feature","geometry":{"type":"Point","coordinates":[7.641683,45.037412]},"properties":{"type":"pakketpunt","locatieNaam":"Tabaccheria Artesi Caterina","straatNaam":"VIA TRIPOLI","straatNr":"167","vervoerder":"DPD","puntType":"pickup_point","bezettingsgraad":50,"latitude":45.037412,"longitude":7.641683,"canPickup":true,"canDropoff":true,"openingstijden":{"ma":"07:30 - 12:30, 15:30 - 19:30","di":"07:30 - 12:30, 15:30 - 19:30","wo":"07:30 - 12:30, 15:30 - 19:30","do":"07:30 - 12:30, 15:30 - 19:30","vr":"07:30 - 12:30, 15:30 - 19:30","za":"07:30 - 12:30, 15:30 - 19:30","zo":"gesloten"}}},{"type":"Feature","geometry":{"type":"Point","coordinates":[7.6583981,45.0538893]},"properties":{"type":"pakketpunt","locatieNaam":"OK Affare Fatto","straatNaam":"VIA F.LLI CARLE","straatNr":"43 C","vervoerder":"DPD","puntType":"pickup_point","bezettingsgraad":50,"latitude":45.0538893,"longitude":7.6583981,"canPickup":true,"canDropoff":true,"openingstijden":{"ma":"09:00 - 13:00, 15:30 - 19:30","di":"09:00 - 13:00, 15:30 - 19:30","wo":"09:00 - 13:00, 15:30 - 19:30","do":"09:00 - 13:00, 15:30 - 19:30","vr":"09:00 - 13:00, 15:30 - 19:30","za":"09:00 - 13:00","zo":"gesloten"}}},{"type":"Feature","geometry":{"type":"Point","coordinates":[7.66320505,45.02226379]},"properties":{"type":"pakketpunt","locatieNaam":"Punto Spazio Enel Via Nizza","straatNaam":"VIA NIZZA","straatNr":"350","vervoerder":"DPD","puntType":"pickup_point","bezettingsgraad":50,"latitude":45.02226379,"longitude":7.66320505,"canPickup":true,"canDropoff":true,"openingstijden":{"ma":"08:30 - 12:30, 14:00 - 18:00","di":"08:30 - 12:30, 14:00 - 18:00","wo":"08:30 - 12:30, 14:00 - 18:00","do":"08:30 - 12:30, 14:00 - 18:00","vr":"08:30 - 12:30, 14:00 - 18:00","za":"gesloten","zo":"gesloten"}}},{"type":"Feature","geometry":{"type":"Point","coordinates":[7.6565426847,45.0862379313]},"properties":{"type":"pakketpunt","locatieNaam":"Punto Spazio Enel C.so Tassoni","straatNaam":"C.SO A. TASSONI","straatNr":"86","vervoerder":"DPD","puntType":"pickup_point","bezettingsgraad":50,"latitude":45.0862379313,"longitude":7.6565426847,"canPickup":true,"canDropoff":true,"openingstijden":{"ma":"08:30 - 12:30, 14:00 - 18:00","di":"08:30 - 12:30, 14:00 - 18:00","wo":"08:30 - 12:30, 14:00 - 18:00","do":"08:30 - 12:30, 14:00 - 18:00","vr":"08:30 - 12:30, 14:00 - 18:00","za":"gesloten","zo":"gesloten"}}},{"type":"Feature","geometry":{"type":"Point","coordinates":[7.69930069,45.08431463]},"properties":{"type":"pakketpunt","locatieNaam":"Tabacchi Nava Jessica","straatNaam":"VIA BOLOGNA","straatNr":"89D","vervoerder":"DPD","puntType":"pickup_point","bezettingsgraad":50,"latitude":45.08431463,"longitude":7.69930069,"canPickup":true,"canDropoff":true,"openingstijden":{"ma":"08:00 - 19:00","di":"08:00 - 19:00","wo":"08:00 - 19:00","do":"08:00 - 19:00","vr":"08:00 - 19:00","za":"08:00 - 13:00","zo":"gesloten"}}},{"type":"Feature","geometry":{"type":"Point","coordinates":[7.69716733,45.06555039]},"properties":{"type":"pakketpunt","locatieNaam":"Fixpoint Riparazione e Telefonia","straatNaam":"VIA E. BAVA","straatNr":"3","vervoerder":"DPD","puntType":"pickup_point","bezettingsgraad":50,"latitude":45.06555039,"longitude":7.69716733,"canPickup":true,"canDropoff":true,"openingstijden":{"ma":"09:30 - 19:00","di":"09:30 - 19:00","wo":"09:30 - 19:00","do":"09:30 - 19:00","vr":"09:30 - 19:00","za":"09:30 - 19:00","zo":"gesloten"}}},{"type":"Feature","geometry":{"type":"Point","coordinates":[7.7243174,45.0736827]},"properties":{"type":"pakketpunt","locatieNaam":"Tabacchi Cadore","straatNaam":"CORSO CADORE","straatNr":"38","vervoerder":"DPD","puntType":"pickup_point","bezettingsgraad":50,"latitude":45.0736827,"longitude":7.7243174,"canPickup":true,"canDropoff":true,"openingstijden":{"ma":"07:30 - 13:00, 15:00 - 19:30","di":"07:30 - 13:00, 15:00 - 19:30","wo":"07:30 - 13:00, 15:00 - 19:30","do":"07:30 - 13:00, 15:00 - 19:30","vr":"07:30 - 13:00, 15:00 - 19:30","za":"07:30 - 13:00, 15:00 - 19:30","zo":"gesloten"}}},{"type":"Feature","geometry":{"type":"Point","coordinates":[7.649069,45.0620063]},"properties":{"type":"pakketpunt","locatieNaam":"Centro Post@ S. Paolo","straatNaam":"VIA SAN PAOLO","straatNr":"65C","vervoerder":"DPD","puntType":"pickup_point","bezettingsgraad":50,"latitude":45.0620063,"longitude":7.649069,"canPickup":true,"canDropoff":true,"openingstijden":{"ma":"07:30 - 19:30","di":"07:30 - 19:30","wo":"07:30 - 19:30","do":"07:30 - 19:30","vr":"07:30 - 19:30","za":"08:00 - 17:00","zo":"gesloten"}}},{"type":"Feature","geometry":{"type":"Point","coordinates":[7.6190687,45.0435348]},"properties":{"type":"pakketpunt","locatieNaam":"Cartoleria La Mina","straatNaam":"VIA GAIDANO","straatNr":"168","vervoerder":"DPD","puntType":"pickup_point","bezettingsgraad":50,"latitude":45.0435348,"longitude":7.6190687,"canPickup":true,"canDropoff":true,"openingstijden":{"ma":"09:00 - 12:30, 15:30 - 19:00","di":"09:00 - 12:30, 15:30 - 19:00","wo":"09:00 - 12:30, 15:30 - 19:00","do":"09:00 - 12:30, 15:30 - 19:00","vr":"09:00 - 12:30, 15:30 - 19:00","za":"09:00 - 12:30, 15:30 - 19:00","zo":"gesloten"}}},{"type":"Feature","geometry":{"type":"Point","coordinates":[7.631774,45.07937]},"properties":{"type":"pakketpunt","locatieNaam":"Tabaccheria Riv. 123","straatNaam":"VIA DI BERNEZZO","straatNr":"62H","vervoerder":"DPD","puntType":"pickup_point","bezettingsgraad":50,"latitude":45.07937,"longitude":7.631774,"canPickup":true,"canDropoff":true,"openingstijden":{"ma":"07:30 - 13:00, 15:00 - 19:30","di":"07:30 - 13:00, 15:00 - 19:30","wo":"07:30 - 13:00, 15:00 - 19:30","do":"07:30 - 13:00, 15:00 - 19:30","vr":"07:30 - 13:00, 15:00 - 19:30","za":"07:30 - 13:00, 15:00 - 19:30","zo":"gesloten"}}},{"type":"Feature","geometry":{"type":"Point","coordinates":[7.6390832,45.0738022]},"properties":{"type":"pakketpunt","locatieNaam":"Tabaccheria Aimone","straatNaam":"VIA RUBIANA","straatNr":"16A","vervoerder":"DPD","puntType":"pickup_point","bezettingsgraad":50,"latitude":45.0738022,"longitude":7.6390832,"canPickup":true,"canDropoff":true,"openingstijden":{"ma":"07:30 - 19:30","di":"07:30 - 19:30","wo":"07:30 - 19:30","do":"07:30 - 19:30","vr":"07:30 - 19:30","za":"08:30 - 12:30, 15:30 - 19:30","zo":"gesloten"}}},{"type":"Feature","geometry":{"type":"Point","coordinates":[7.69726167,45.0899632]},"properties":{"type":"pakketpunt","locatieNaam":"In.Carta","straatNaam":"VIA CRESCENTINO","straatNr":"12C","vervoerder":"DPD","puntType":"pickup_point","bezettingsgraad":50,"latitude":45.0899632,"longitude":7.69726167,"canPickup":true,"canDropoff":true,"openingstijden":{"ma":"08:30 - 18:00","di":"08:30 - 18:00","wo":"08:30 - 18:00","do":"08:30 - 18:00","vr":"08:30 - 18:00","za":"08:30 - 13:00","zo":"gesloten"}}},{"type":"Feature","geometry":{"type":"Point","coordinates":[7.7029412,45.0646485]},"properties":{"type":"pakketpunt","locatieNaam":"Croma Aroma","straatNaam":"CORSO CASALE","straatNr":"40","vervoerder":"DPD","puntType":"pickup_point","bezettingsgraad":50,"latitude":45.0646485,"longitude":7.7029412,"canPickup":true,"canDropoff":true,"openingstijden":{"ma":"07:00 - 20:00","di":"07:00 - 20:00","wo":"07:00 - 20:00","do":"07:00 - 20:00","vr":"07:00 - 20:00","za":"07:00 - 20:00","zo":"gesloten"}}},{"type":"Feature","geometry":{"type":"Point","coordinates":[7.6789424,45.1025612]},"properties":{"type":"pakketpunt","locatieNaam":"Stock Stock Mystery Box","straatNaam":"VIA BIBIANA","straatNr":"110","vervoerder":"DPD","puntType":"pickup_point","bezettingsgraad":50,"latitude":45.1025612,"longitude":7.6789424,"canPickup":true,"canDropoff":true,"openingstijden":{"ma":"09:00 - 19:00","di":"09:00 - 19:00","wo":"09:00 - 19:00","do":"09:00 - 19:00","vr":"09:00 - 19:00","za":"09:00 - 19:00","zo":"gesloten"}}},{"type":"Feature","geometry":{"type":"Point","coordinates":[7.6548828,45.017172]},"properties":{"type":"pakketpunt","locatieNaam":"Tabaccheria 346","straatNaam":"VIA O. VIGLIANI","straatNr":"184C","vervoerder":"DPD","puntType":"pickup_point","bezettingsgraad":50,"latitude":45.017172,"longitude":7.6548828,"canPickup":true,"canDropoff":true,"openingstijden":{"ma":"06:30 - 13:30","di":"06:30 - 13:30","wo":"06:30 - 13:30","do":"06:30 - 13:30","vr":"06:30 - 13:30","za":"06:30 - 13:30","zo":"gesloten"}}},{"type":"Feature","geometry":{"type":"Point","coordinates":[7.67312363,45.09897833]},"properties":{"type":"pakketpunt","locatieNaam":"Caf e Patronato Uribe Rojas","straatNaam":"VIA SAORGIO","straatNr":"100 B","vervoerder":"DPD","puntType":"pickup_point","bezettingsgraad":50,"latitude":45.09897833,"longitude":7.67312363,"canPickup":true,"canDropoff":true,"openingstijden":{"ma":"09:00 - 13:30, 15:00 - 18:30","di":"09:00 - 13:30, 15:00 - 18:30","wo":"09:00 - 13:30, 15:00 - 18:30","do":"09:00 - 13:30, 15:00 - 18:30","vr":"09:00 - 13:30, 15:00 - 18:30","za":"09:00 - 13:30","zo":"gesloten"}}},{"type":"Feature","geometry":{"type":"Point","coordinates":[7.6990445,45.0680378]},"properties":{"type":"pakketpunt","locatieNaam":"Caf Iacob Liliana Mihaela","straatNaam":"VIA ARTISTI","straatNr":"27E","vervoerder":"DPD","puntType":"pickup_point","bezettingsgraad":50,"latitude":45.0680378,"longitude":7.6990445,"canPickup":true,"canDropoff":true,"openingstijden":{"ma":"09:00 - 18:30","di":"09:00 - 18:30","wo":"09:00 - 18:30","do":"09:00 - 18:30","vr":"09:00 - 18:30","za":"gesloten","zo":"gesloten"}}},{"type":"Feature","geometry":{"type":"Point","coordinates":[7.6268839,45.0596317]},"properties":{"type":"pakketpunt","locatieNaam":"Bar Tilt","straatNaam":"VIA S. M. MAZZARELLO","straatNr":"76A","vervoerder":"DPD","puntType":"pickup_point","bezettingsgraad":50,"latitude":45.0596317,"longitude":7.6268839,"canPickup":true,"canDropoff":true,"openingstijden":{"ma":"06:00 - 20:00","di":"06:00 - 20:00","wo":"06:00 - 20:00","do":"06:00 - 20:00","vr":"06:00 - 20:00","za":"06:00 - 20:00","zo":"gesloten"}}},{"type":"Feature","geometry":{"type":"Point","coordinates":[7.6738567,45.059905]},"properties":{"type":"pakketpunt","locatieNaam":"Tabaccheria Rivendita 103","straatNaam":"VIA SAN SECONDO","straatNr":"23F","vervoerder":"DPD","puntType":"pickup_point","bezettingsgraad":50,"latitude":45.059905,"longitude":7.6738567,"canPickup":true,"canDropoff":true,"openingstijden":{"ma":"07:30 - 19:00","di":"07:30 - 19:00","wo":"07:30 - 19:00","do":"07:30 - 19:00","vr":"07:30 - 19:00","za":"07:30 - 19:00","zo":"gesloten"}}},{"type":"Feature","geometry":{"type":"Point","coordinates":[7.7194078,45.0666658]},"properties":{"type":"pakketpunt","locatieNaam":"Tabaccheria CL","straatNaam":"CORSO QUINTINO SELLA","straatNr":"141 A","vervoerder":"DPD","puntType":"pickup_point","bezettingsgraad":50,"latitude":45.0666658,"longitude":7.7194078,"canPickup":true,"canDropoff":true,"openingstijden":{"ma":"07:30 - 13:00, 15:00 - 19:30","di":"07:30 - 13:00, 15:00 - 19:30","wo":"07:30 - 13:00, 15:00 - 19:30","do":"07:30 - 13:00, 15:00 - 19:30","vr":"07:30 - 13:00, 15:00 - 19:30","za":"07:30 - 13:00, 15:00 - 19:30","zo":"gesloten"}}},{"type":"Feature","geometry":{"type":"Point","coordinates":[7.69716,45.09391]},"properties":{"type":"pakketpunt","locatieNaam":"InPost Locker","straatNaam":"Via Gaspare Spontini","straatNr":"21","vervoerder":"InPost","puntType":"automaat","bezettingsgraad":50,"latitude":45.09391,"longitude":7.69716,"canPickup":true,"canDropoff":true,"openingstijden":null}},{"type":"Feature","geometry":{"type":"Point","coordinates":[7.65619,45.02625]},"properties":{"type":"pakketpunt","locatieNaam":"InPost Locker 24/7","straatNaam":"Via Mario Pannunzio","straatNr":"1","vervoerder":"InPost","puntType":"automaat","bezettingsgraad":50,"latitude":45.02625,"longitude":7.65619,"canPickup":true,"canDropoff":true,"openingstijden":null}},{"type":"Feature","geometry":{"type":"Point","coordinates":[7.68076,45.07148]},"properties":{"type":"pakketpunt","locatieNaam":"InPost Locker","straatNaam":"Via Monte di Pietà","straatNr":"24","vervoerder":"InPost","puntType":"automaat","bezettingsgraad":50,"latitude":45.07148,"longitude":7.68076,"canPickup":true,"canDropoff":true,"openingstijden":null}},{"type":"Feature","geometry":{"type":"Point","coordinates":[7.69213,45.09727]},"properties":{"type":"pakketpunt","locatieNaam":"InPost Locker","straatNaam":"Corso Vercelli","straatNr":"137","vervoerder":"InPost","puntType":"automaat","bezettingsgraad":50,"latitude":45.09727,"longitude":7.69213,"canPickup":true,"canDropoff":true,"openingstijden":null}},{"type":"Feature","geometry":{"type":"Point","coordinates":[7.65212,45.03654]},"properties":{"type":"pakketpunt","locatieNaam":"InPost Locker 24/7","straatNaam":"Via Arnaldo da Brescia","straatNr":"33","vervoerder":"InPost","puntType":"automaat","bezettingsgraad":50,"latitude":45.03654,"longitude":7.65212,"canPickup":true,"canDropoff":true,"openingstijden":null}},{"type":"Feature","geometry":{"type":"Point","coordinates":[7.63588,45.07047]},"properties":{"type":"pakketpunt","locatieNaam":"InPost Locker","straatNaam":"Corso Peschiera","straatNr":"274","vervoerder":"InPost","puntType":"automaat","bezettingsgraad":50,"latitude":45.07047,"longitude":7.63588,"canPickup":true,"canDropoff":true,"openingstijden":null}},{"type":"Feature","geometry":{"type":"Point","coordinates":[7.65231,45.06665]},"properties":{"type":"pakketpunt","locatieNaam":"InPost Locker","straatNaam":"Via Vigone","straatNr":"24E","vervoerder":"InPost","puntType":"automaat","bezettingsgraad":50,"latitude":45.06665,"longitude":7.65231,"canPickup":true,"canDropoff":true,"openingstijden":null}},{"type":"Feature","geometry":{"type":"Point","coordinates":[7.64869,45.09855]},"properties":{"type":"pakketpunt","locatieNaam":"InPost Locker","straatNaam":"Corso Lombardia","straatNr":"125","vervoerder":"InPost","puntType":"automaat","bezettingsgraad":50,"latitude":45.09855,"longitude":7.64869,"canPickup":true,"canDropoff":true,"openingstijden":null}},{"type":"Feature","geometry":{"type":"Point","coordinates":[7.7237,45.0757]},"properties":{"type":"pakketpunt","locatieNaam":"InPost Point","straatNaam":"C.so Cadore","straatNr":"17/4","vervoerder":"InPost","puntType":"servicepunt","bezettingsgraad":50,"latitude":45.0757,"longitude":7.7237,"canPickup":true,"canDropoff":true,"openingstijden":"Mar - sab: 09:00-12:30-15:30-19:00"}},{"type":"Feature","geometry":{"type":"Point","coordinates":[7.63931,45.02031]},"properties":{"type":"pakketpunt","locatieNaam":"InPost Point","straatNaam":"Str. delle Cacce","straatNr":"16","vervoerder":"InPost","puntType":"servicepunt","bezettingsgraad":50,"latitude":45.02031,"longitude":7.63931,"canPickup":true,"canDropoff":true,"openingstijden":"Lun-Ven: 06:30 - 18:00"}},{"type":"Feature","geometry":{"type":"Point","coordinates":[7.68163,45.06657]},"properties":{"type":"pakketpunt","locatieNaam":"InPost Point","straatNaam":"Piazza C.L.N","straatNr":"252","vervoerder":"InPost","puntType":"servicepunt","bezettingsgraad":50,"latitude":45.06657,"longitude":7.68163,"canPickup":true,"canDropoff":true,"openingstijden":"Lun-Ven: 08:30 - 19:00 Sab: 11:00 - 19:00"}},{"type":"Feature","geometry":{"type":"Point","coordinates":[7.67821,45.09429]},"properties":{"type":"pakketpunt","locatieNaam":"InPost Point","straatNaam":"Via Chiesa Della Salute","straatNr":"17e","vervoerder":"InPost","puntType":"servicepunt","bezettingsgraad":50,"latitude":45.09429,"longitude":7.67821,"canPickup":true,"canDropoff":true,"openingstijden":"Lun-Ven: 09:00 - 13:00 - 15:30 - 18:30 Sab: 09:00 - 13:00"}},{"type":"Feature","geometry":{"type":"Point","coordinates":[7.68322,45.07967]},"properties":{"type":"pakketpunt","locatieNaam":"InPost Point","straatNaam":"Via Borgo Dora","straatNr":"29","vervoerder":"InPost","puntType":"servicepunt","bezettingsgraad":50,"latitude":45.07967,"longitude":7.68322,"canPickup":true,"canDropoff":true,"openingstijden":"Lun-Ven: 07:00 - 13:00 - 14:00 - 19:30 Sab: 07:00 - 19:30 Dom: 07:00 - 19:00"}},{"type":"Feature","geometry":{"type":"Point","coordinates":[7.63836,45.07418]},"properties":{"type":"pakketpunt","locatieNaam":"InPost Point","straatNaam":"Via Lera","straatNr":"34C","vervoerder":"InPost","puntType":"servicepunt","bezettingsgraad":50,"latitude":45.07418,"longitude":7.63836,"canPickup":true,"canDropoff":true,"openingstijden":"Lun: 08:30 - 13:00 Mar: 08:30 - 13:00 - 15:00 - 18:00 Mer: 08:30 - 13:00 Gio: 08:30 - 13:00 - 15:00 - 18:00 Ven: 08:30 - 13:00 Sab: 09:00 - 12:00"}},{"type":"Feature","geometry":{"type":"Point","coordinates":[7.67109,45.05642]},"properties":{"type":"pakketpunt","locatieNaam":"InPost Point","straatNaam":"Via San Secondo","straatNr":"55A","vervoerder":"InPost","puntType":"servicepunt","bezettingsgraad":50,"latitude":45.05642,"longitude":7.67109,"canPickup":true,"canDropoff":true,"openingstijden":"Lun: 15:30 - 19:30 Mar-Gio: 10:00 - 19:30 Ven: 10:00 - 14:00 - 16:00 - 19:30 Sab: 09:30 - 12:30"}},{"type":"Feature","geometry":{"type":"Point","coordinates":[7.6404,45.06982]},"properties":{"type":"pakketpunt","locatieNaam":"InPost Point","straatNaam":"Via Vicoforte","straatNr":"8","vervoerder":"InPost","puntType":"servicepunt","bezettingsgraad":50,"latitude":45.06982,"longitude":7.6404,"canPickup":true,"canDropoff":true,"openingstijden":"Lun: 10:00 - 18:00 Mar:  09:30 - 12:30 - 14:30 - 18:30 Mer: 10:00 - 18:00 Gio-Ven: 09:30 - 12:30 - 14:30 - 18:30"}},{"type":"Feature","geometry":{"type":"Point","coordinates":[7.69151,45.08863]},"properties":{"type":"pakketpunt","locatieNaam":"InPost Point","straatNaam":"Corso Giulio Cesare","straatNr":"66d","vervoerder":"InPost","puntType":"servicepunt","bezettingsgraad":50,"latitude":45.08863,"longitude":7.69151,"canPickup":true,"canDropoff":true,"openingstijden":"Lun-Ven: 09:30 - 13:00 - 15:00 - 19:00 Sab: 09:30 - 12:30"}},{"type":"Feature","geometry":{"type":"Point","coordinates":[7.61833,45.0719]},"properties":{"type":"pakketpunt","locatieNaam":"InPost Point","straatNaam":"Via Vandalino","straatNr":"20","vervoerder":"InPost","puntType":"servicepunt","bezettingsgraad":50,"latitude":45.0719,"longitude":7.61833,"canPickup":true,"canDropoff":true,"openingstijden":"Lun-Ven: 07:00 - 13:00 - 15:00 - 19:00 Sab: 07:00 - 19:00"}},{"type":"Feature","geometry":{"type":"Point","coordinates":[7.65993,45.07808]},"properties":{"type":"pakketpunt","locatieNaam":"InPost Point","straatNaam":"Via Giacinto Collegno","straatNr":"17d","vervoerder":"InPost","puntType":"servicepunt","bezettingsgraad":50,"latitude":45.07808,"longitude":7.65993,"canPickup":true,"canDropoff":true,"openingstijden":"Lun-Ven: 08:00 - 12:30 - 15:30 - 19:30 Sab: 09:00 - 12:00"}},{"type":"Feature","geometry":{"type":"Point","coordinates":[7.62293,45.02399]},"properties":{"type":"pakketpunt","locatieNaam":"InPost Point","straatNaam":"Via Plava","straatNr":"63 A","vervoerder":"InPost","puntType":"servicepunt","bezettingsgraad":50,"latitude":45.02399,"longitude":7.62293,"canPickup":true,"canDropoff":true,"openingstijden":"Lun-Ven: 07:00 - 19:30 Sab: 08:00 - 19:30"}},{"type":"Feature","geometry":{"type":"Point","coordinates":[7.6483,45.05197]},"properties":{"type":"pakketpunt","locatieNaam":"InPost Point","straatNaam":"Via Tripoli","straatNr":"10/18","vervoerder":"InPost","puntType":"servicepunt","bezettingsgraad":50,"latitude":45.05197,"longitude":7.6483,"canPickup":true,"canDropoff":true,"openingstijden":"Lun: 09:00 - 13:00 Mar: 09:00 - 13:00 - 15:30 - 19:00 Mer: 09:00 - 13:00 Gio: 09:00 - 13:00 - 15:30 - 19:00 Ven-Sab: 09:00 - 13:00"}},{"type":"Feature","geometry":{"type":"Point","coordinates":[7.66757,45.02853]},"properties":{"type":"pakketpunt","locatieNaam":"InPost Point","straatNaam":"Via Genova","straatNr":"114","vervoerder":"InPost","puntType":"servicepunt","bezettingsgraad":50,"latitude":45.02853,"longitude":7.66757,"canPickup":true,"canDropoff":true,"openingstijden":"Lun-Ven: 07:00 - 18:00 Sab: 07:00 - 17:00"}},{"type":"Feature","geometry":{"type":"Point","coordinates":[7.66793,45.07872]},"properties":{"type":"pakketpunt","locatieNaam":"InPost Point","straatNaam":"Via Giambattista Balbis","straatNr":"9/G","vervoerder":"InPost","puntType":"servicepunt","bezettingsgraad":50,"latitude":45.07872,"longitude":7.66793,"canPickup":true,"canDropoff":true,"openingstijden":"Lun-Ven: 08:30 - 13:00 - 15:00 - 19:00 Sab: 09:00 - 13:00"}},{"type":"Feature","geometry":{"type":"Point","coordinates":[7.63305,45.07098]},"properties":{"type":"pakketpunt","locatieNaam":"InPost Point","straatNaam":"Corso Peschiera","straatNr":"271B","vervoerder":"InPost","puntType":"servicepunt","bezettingsgraad":50,"latitude":45.07098,"longitude":7.63305,"canPickup":true,"canDropoff":true,"openingstijden":"Lun-Mar: 08:30 - 13:30 - 15:00 - 17:30 Mer-Gio: 08:30 - 13:30 - 15:00 - 17:00 Ven: 08:30 - 13:30 - 15:00 - 17:30"}},{"type":"Feature","geometry":{"type":"Point","coordinates":[7.67765,45.05186]},"properties":{"type":"pakketpunt","locatieNaam":"InPost Point","straatNaam":"Corso Raffaello","straatNr":"14","vervoerder":"InPost","puntType":"servicepunt","bezettingsgraad":50,"latitude":45.05186,"longitude":7.67765,"canPickup":true,"canDropoff":true,"openingstijden":"Lun-Sab: 07:30 - 19:30"}},{"type":"Feature","geometry":{"type":"Point","coordinates":[7.68084,45.06935]},"properties":{"type":"pakketpunt","locatieNaam":"InPost Point","straatNaam":"Via Santa Teresa","straatNr":"14","vervoerder":"InPost","puntType":"servicepunt","bezettingsgraad":50,"latitude":45.06935,"longitude":7.68084,"canPickup":true,"canDropoff":true,"openingstijden":"Lun-Ven: 09:00 - 13:00 - 14:30 - 18:30 Sab: 09:00 - 13:00"}},{"type":"Feature","geometry":{"type":"Point","coordinates":[7.65479,45.07438]},"properties":{"type":"pakketpunt","locatieNaam":"InPost Point","straatNaam":"Via Bruino","straatNr":"22","vervoerder":"InPost","puntType":"servicepunt","bezettingsgraad":50,"latitude":45.07438,"longitude":7.65479,"canPickup":true,"canDropoff":true,"openingstijden":"Lun: 14:00 - 19:00 Mar-Sab: 10:00 - 13:00 - 15:00 - 19:00"}},{"type":"Feature","geometry":{"type":"Point","coordinates":[7.66459,45.05787]},"properties":{"type":"pakketpunt","locatieNaam":"InPost Point","straatNaam":"Via Marco Polo","straatNr":"3","vervoerder":"InPost","puntType":"servicepunt","bezettingsgraad":50,"latitude":45.05787,"longitude":7.66459,"canPickup":true,"canDropoff":true,"openingstijden":"Lun-Gio: 09:15 - 18:00 Ven: 09:15 - 17:00"}},{"type":"Feature","geometry":{"type":"Point","coordinates":[7.68197,45.06272]},"properties":{"type":"pakketpunt","locatieNaam":"InPost Point","straatNaam":"Via Carlo Alberto","straatNr":"42a","vervoerder":"InPost","puntType":"servicepunt","bezettingsgraad":50,"latitude":45.06272,"longitude":7.68197,"canPickup":true,"canDropoff":true,"openingstijden":"Mar-Sab: 10:30 - 13:00 - 15:30 - 19:00"}},{"type":"Feature","geometry":{"type":"Point","coordinates":[7.66478,45.08372]},"properties":{"type":"pakketpunt","locatieNaam":"InPost Point","straatNaam":"Via Aquila","straatNr":"3/A","vervoerder":"InPost","puntType":"servicepunt","bezettingsgraad":50,"latitude":45.08372,"longitude":7.66478,"canPickup":true,"canDropoff":true,"openingstijden":"Lun-Ven: 09:00 - 13:00 - 15:00 - 18:00"}},{"type":"Feature","geometry":{"type":"Point","coordinates":[7.67905,45.0894]},"properties":{"type":"pakketpunt","locatieNaam":"InPost Point","straatNaam":"Via Antonio Cecchi","straatNr":"68","vervoerder":"InPost","puntType":"servicepunt","bezettingsgraad":50,"latitude":45.0894,"longitude":7.67905,"canPickup":true,"canDropoff":true,"openingstijden":"Lun-Sab: 07:00 - 19:30"}},{"type":"Feature","geometry":{"type":"Point","coordinates":[7.64423,45.02458]},"properties":{"type":"pakketpunt","locatieNaam":"InPost Point","straatNaam":"Corso Traiano","straatNr":"51c","vervoerder":"InPost","puntType":"servicepunt","bezettingsgraad":50,"latitude":45.02458,"longitude":7.64423,"canPickup":true,"canDropoff":true,"openingstijden":"Lun-Ven: 09:00 - 13:00 - 15:00 - 19:00 Sab: 09:00 - 13:00"}},{"type":"Feature","geometry":{"type":"Point","coordinates":[7.65117,45.03656]},"properties":{"type":"pakketpunt","locatieNaam":"InPost Point","straatNaam":"Corso Unione Sovietica","straatNr":"213c","vervoerder":"InPost","puntType":"servicepunt","bezettingsgraad":50,"latitude":45.03656,"longitude":7.65117,"canPickup":true,"canDropoff":true,"openingstijden":"Lun-Ven: 06:00 - 18:30 Sab: 06:00 - 13:00 Dom: 07:00 - 13:00"}},{"type":"Feature","geometry":{"type":"Point","coordinates":[7.65662,45.05333]},"properties":{"type":"pakketpunt","locatieNaam":"InPost Point","straatNaam":"Corso Alcide De Gasperi","straatNr":"73/C","vervoerder":"InPost","puntType":"servicepunt","bezettingsgraad":50,"latitude":45.05333,"longitude":7.65662,"canPickup":true,"canDropoff":true,"openingstijden":"Lun-Ven: 09:00 - 13:00 - 15:00 - 19:00 Sab: 09:00 - 13:00"}},{"type":"Feature","geometry":{"type":"Point","coordinates":[7.6979,45.06944]},"properties":{"type":"pakketpunt","locatieNaam":"InPost Point","straatNaam":"Via Michele Buniva","straatNr":"8","vervoerder":"InPost","puntType":"servicepunt","bezettingsgraad":50,"latitude":45.06944,"longitude":7.6979,"canPickup":true,"canDropoff":true,"openingstijden":"Lun-Ven: 09:30 - 12:30 - 16:00 - 19:30"}},{"type":"Feature","geometry":{"type":"Point","coordinates":[7.70334,45.06908]},"properties":{"type":"pakketpunt","locatieNaam":"InPost Point","straatNaam":"Via Giovanni Francesco Napione","straatNr":"36b","vervoerder":"InPost","puntType":"servicepunt","bezettingsgraad":50,"latitude":45.06908,"longitude":7.70334,"canPickup":true,"canDropoff":true,"openingstijden":"Lun-Ven: 07:30 - 18:00"}},{"type":"Feature","geometry":{"type":"Point","coordinates":[7.66022,45.08082]},"properties":{"type":"pakketpunt","locatieNaam":"InPost Point","straatNaam":"Via Luigi Cibrario","straatNr":"47/d","vervoerder":"InPost","puntType":"servicepunt","bezettingsgraad":50,"latitude":45.08082,"longitude":7.66022,"canPickup":true,"canDropoff":true,"openingstijden":"Lun-Ven: 09:30 - 13:00 - 15:00 - 19:00"}},{"type":"Feature","geometry":{"type":"Point","coordinates":[7.61949,45.06492]},"properties":{"type":"pakketpunt","locatieNaam":"InPost Point","straatNaam":"Via Monginevro","straatNr":"250","vervoerder":"InPost","puntType":"servicepunt","bezettingsgraad":50,"latitude":45.06492,"longitude":7.61949,"canPickup":true,"canDropoff":true,"openingstijden":"Lun-Mar: 09:00 - 19:00 Mer: 09:00 - 12:30 - 15:00 - 19:00 Gio-Ven: 09:00 - 19:00 Sab: 09:00 - 13:00"}},{"type":"Feature","geometry":{"type":"Point","coordinates":[7.70905,45.12651]},"properties":{"type":"pakketpunt","locatieNaam":"InPost Point","straatNaam":"Viale Falchera","straatNr":"66","vervoerder":"InPost","puntType":"servicepunt","bezettingsgraad":50,"latitude":45.12651,"longitude":7.70905,"canPickup":true,"canDropoff":true,"openingstijden":"Lun-Sab: 07:00 - 13:00 - 15:00 - 19:30"}},{"type":"Feature","geometry":{"type":"Point","coordinates":[7.65934,45.06062]},"properties":{"type":"pakketpunt","locatieNaam":"InPost Point","straatNaam":"Corso Luigi Einaudi","straatNr":"55D","vervoerder":"InPost","puntType":"servicepunt","bezettingsgraad":50,"latitude":45.06062,"longitude":7.65934,"canPickup":true,"canDropoff":true,"openingstijden":"Lun-Ven: 09:30 - 13:00 - 15:30 - 19:30 Sab: 09:30 - 13:00"}},{"type":"Feature","geometry":{"type":"Point","coordinates":[7.69453,45.0675]},"properties":{"type":"pakketpunt","locatieNaam":"InPost Point","straatNaam":"Via Sant'Ottavio","straatNr":"18","vervoerder":"InPost","puntType":"servicepunt","bezettingsgraad":50,"latitude":45.0675,"longitude":7.69453,"canPickup":true,"canDropoff":true,"openingstijden":"Lun-Ven: 09:30 - 13:00 - 15:00 - 18:00"}},{"type":"Feature","geometry":{"type":"Point","coordinates":[7.67423,45.0738]},"properties":{"type":"pakketpunt","locatieNaam":"InPost Point","straatNaam":"Via Ottavio Assarotti","straatNr":"8/B","vervoerder":"InPost","puntType":"servicepunt","bezettingsgraad":50,"latitude":45.0738,"longitude":7.67423,"canPickup":true,"canDropoff":true,"openingstijden":"Lun-Ven: 07:00 - 19:00"}},{"type":"Feature","geometry":{"type":"Point","coordinates":[7.68276,45.09851]},"properties":{"type":"pakketpunt","locatieNaam":"InPost Point","straatNaam":"Via Breglio","straatNr":"21","vervoerder":"InPost","puntType":"servicepunt","bezettingsgraad":50,"latitude":45.09851,"longitude":7.68276,"canPickup":true,"canDropoff":true,"openingstijden":"Lun-Ven: 07:30 - 13:00 - 15:30 - 19:30 Sab-Dom: 08:30 - 13:00 - 15:30 - 19:30"}},{"type":"Feature","geometry":{"type":"Point","coordinates":[7.63647,45.06516]},"properties":{"type":"pakketpunt","locatieNaam":"InPost Point","straatNaam":"Corso Trapani","straatNr":"146","vervoerder":"InPost","puntType":"servicepunt","bezettingsgraad":50,"latitude":45.06516,"longitude":7.63647,"canPickup":true,"canDropoff":true,"openingstijden":"Lun-Sab: 07:00 - 13:00 - 15:00 - 19:30"}},{"type":"Feature","geometry":{"type":"Point","coordinates":[7.70219,45.11628]},"properties":{"type":"pakketpunt","locatieNaam":"InPost Point","straatNaam":"Corso Vercelli","straatNr":"356b","vervoerder":"InPost","puntType":"servicepunt","bezettingsgraad":50,"latitude":45.11628,"longitude":7.70219,"canPickup":true,"canDropoff":true,"openingstijden":"Lun-Sab: 05:00 - 19:00 Dom: 08:00 - 12:30"}},{"type":"Feature","geometry":{"type":"Point","coordinates":[7.67828,45.05062]},"properties":{"type":"pakketpunt","locatieNaam":"InPost Point","straatNaam":"Via Michelangelo Buonarroti","straatNr":"22","vervoerder":"InPost","puntType":"servicepunt","bezettingsgraad":50,"latitude":45.05062,"longitude":7.67828,"canPickup":true,"canDropoff":true,"openingstijden":"Lun-Ven: 09:00 - 18:30"}},{"type":"Feature","geometry":{"type":"Point","coordinates":[7.70458,45.09159]},"properties":{"type":"pakketpunt","locatieNaam":"InPost Point","straatNaam":"Via Cimarosa","straatNr":"66/A","vervoerder":"InPost","puntType":"servicepunt","bezettingsgraad":50,"latitude":45.09159,"longitude":7.70458,"canPickup":true,"canDropoff":true,"openingstijden":"Lun-Sab: 7:30 - 12:30 -  15:00 - 19:00"}},{"type":"Feature","geometry":{"type":"Point","coordinates":[7.7222,45.07374]},"properties":{"type":"pakketpunt","locatieNaam":"InPost Point","straatNaam":"Via Pallanza","straatNr":"24A","vervoerder":"InPost","puntType":"servicepunt","bezettingsgraad":50,"latitude":45.07374,"longitude":7.7222,"canPickup":true,"canDropoff":true,"openingstijden":"Lun-Ven: 08:00 - 13:00 - 15:30 - 19:30 Sab: 09:00 - 12:30"}},{"type":"Feature","geometry":{"type":"Point","coordinates":[7.67776,45.07148]},"properties":{"type":"pakketpunt","locatieNaam":"InPost Point","straatNaam":"Via Antonio Bertola","straatNr":"29/E","vervoerder":"InPost","puntType":"servicepunt","bezettingsgraad":50,"latitude":45.07148,"longitude":7.67776,"canPickup":true,"canDropoff":true,"openingstijden":"Lun-Dom: 07:00 - 19:30"}},{"type":"Feature","geometry":{"type":"Point","coordinates":[7.73418,45.07978]},"properties":{"type":"pakketpunt","locatieNaam":"InPost Point","straatNaam":"Strada Comunale di Mongreno","straatNr":"20","vervoerder":"InPost","puntType":"servicepunt","bezettingsgraad":50,"latitude":45.07978,"longitude":7.73418,"canPickup":true,"canDropoff":true,"openingstijden":"Lun-Ven: 07:00 - 19:30 Sab: 08:00 - 19:30"}},{"type":"Feature","geometry":{"type":"Point","coordinates":[7.65102,45.05658]},"properties":{"type":"pakketpunt","locatieNaam":"InPost Point","straatNaam":"Via Rivalta","straatNr":"29","vervoerder":"InPost","puntType":"servicepunt","bezettingsgraad":50,"latitude":45.05658,"longitude":7.65102,"canPickup":true,"canDropoff":true,"openingstijden":"Lun-Ven: 09:30 - 13:00 - 15:30 - 19:00"}},{"type":"Feature","geometry":{"type":"Point","coordinates":[7.62652,45.07332]},"properties":{"type":"pakketpunt","locatieNaam":"InPost Point","straatNaam":"Corso Peschiera","straatNr":"335","vervoerder":"InPost","puntType":"servicepunt","bezettingsgraad":50,"latitude":45.07332,"longitude":7.62652,"canPickup":true,"canDropoff":true,"openingstijden":"Lun-Sab: 06:30 - 19:30"}},{"type":"Feature","geometry":{"type":"Point","coordinates":[7.70642,45.08973]},"properties":{"type":"pakketpunt","locatieNaam":"InPost Point","straatNaam":"Via Domenico Cimarosa","straatNr":"40h","vervoerder":"InPost","puntType":"servicepunt","bezettingsgraad":50,"latitude":45.08973,"longitude":7.70642,"canPickup":true,"canDropoff":true,"openingstijden":"Lun-Ven: 08:30 - 18:30 Sab: 09:00 - 12:30"}},{"type":"Feature","geometry":{"type":"Point","coordinates":[7.69259,45.07991]},"properties":{"type":"pakketpunt","locatieNaam":"InPost Point","straatNaam":"Corso Palermo","straatNr":"25c","vervoerder":"InPost","puntType":"servicepunt","bezettingsgraad":50,"latitude":45.07991,"longitude":7.69259,"canPickup":true,"canDropoff":true,"openingstijden":"Lun-Gio e Sab: 09:00 - 12:30 - 14:00 - 18:00 Ven: 09:00 - 12:30"}},{"type":"Feature","geometry":{"type":"Point","coordinates":[7.66416,45.10554]},"properties":{"type":"pakketpunt","locatieNaam":"InPost Point","straatNaam":"Corso Grosseto","straatNr":"250","vervoerder":"InPost","puntType":"servicepunt","bezettingsgraad":50,"latitude":45.10554,"longitude":7.66416,"canPickup":true,"canDropoff":true,"openingstijden":"Lun-ven: 09:00 - 13:00 - 15:00 - 19:30 Sab: 08:30 - 13:00"}},{"type":"Feature","geometry":{"type":"Point","coordinates":[7.66986,45.0749]},"properties":{"type":"pakketpunt","locatieNaam":"InPost Point","straatNaam":"Via Filippo Juvarra","straatNr":"22","vervoerder":"InPost","puntType":"servicepunt","bezettingsgraad":50,"latitude":45.0749,"longitude":7.66986,"canPickup":true,"canDropoff":true,"openingstijden":"Lun-Ven: 09:00 - 13:00 - 14:00 - 19:00; Sab: 10:00 - 14:00"}},{"type":"Feature","geometry":{"type":"Point","coordinates":[7.65341,45.05225]},"properties":{"type":"pakketpunt","locatieNaam":"InPost Point","straatNaam":"Corso Adriatico","straatNr":"8/A","vervoerder":"InPost","puntType":"servicepunt","bezettingsgraad":50,"latitude":45.05225,"longitude":7.65341,"canPickup":true,"canDropoff":true,"openingstijden":"Lun-Ven: 08:30 - 13:00 - 15:00 - 18:30"}},{"type":"Feature","geometry":{"type":"Point","coordinates":[7.63603,45.04848]},"properties":{"type":"pakketpunt","locatieNaam":"InPost Point","straatNaam":"Corso Sebastopoli","straatNr":"247","vervoerder":"InPost","puntType":"servicepunt","bezettingsgraad":50,"latitude":45.04848,"longitude":7.63603,"canPickup":true,"canDropoff":true,"openingstijden":"Lun-Dom: 07:00 - 12:30 - 14:30 - 19:30"}},{"type":"Feature","geometry":{"type":"Point","coordinates":[7.67538,45.0792]},"properties":{"type":"pakketpunt","locatieNaam":"InPost Point","straatNaam":"Corso Principe Eugenio","straatNr":"2","vervoerder":"InPost","puntType":"servicepunt","bezettingsgraad":50,"latitude":45.0792,"longitude":7.67538,"canPickup":true,"canDropoff":true,"openingstijden":"Lun-Dom: 07:30 - 19:30"}},{"type":"Feature","geometry":{"type":"Point","coordinates":[7.63357,45.01133]},"properties":{"type":"pakketpunt","locatieNaam":"InPost Point","straatNaam":"Strada Castello di Mirafiori","straatNr":"105","vervoerder":"InPost","puntType":"servicepunt","bezettingsgraad":50,"latitude":45.01133,"longitude":7.63357,"canPickup":true,"canDropoff":true,"openingstijden":"Lun-Sab: 06:00 - 20:00; Dom: 07:00 - 13:00"}},{"type":"Feature","geometry":{"type":"Point","coordinates":[7.66764,45.08174]},"properties":{"type":"pakketpunt","locatieNaam":"InPost Point","straatNaam":"Corso Regina Margherita","straatNr":"181","vervoerder":"InPost","puntType":"servicepunt","bezettingsgraad":50,"latitude":45.08174,"longitude":7.66764,"canPickup":true,"canDropoff":true,"openingstijden":"Lun-Dom: 07:00 - 13:00 - 15:00 - 19:00; Mar: 07:00 - 13:30 - 15:00 - 19:00"}},{"type":"Feature","geometry":{"type":"Point","coordinates":[7.66194,45.04154]},"properties":{"type":"pakketpunt","locatieNaam":"InPost Point","straatNaam":"Via Giordano Bruno","straatNr":"82","vervoerder":"InPost","puntType":"servicepunt","bezettingsgraad":50,"latitude":45.04154,"longitude":7.66194,"canPickup":true,"canDropoff":true,"openingstijden":"Lun-Ven: 06:00 - 20:00 Sab: 07:00 - 18:30"}},{"type":"Feature","geometry":{"type":"Point","coordinates":[7.67105,45.0313]},"properties":{"type":"pakketpunt","locatieNaam":"InPost Point","straatNaam":"Via Ventimiglia","straatNr":"56D","vervoerder":"InPost","puntType":"servicepunt","bezettingsgraad":50,"latitude":45.0313,"longitude":7.67105,"canPickup":true,"canDropoff":true,"openingstijden":"Lun-Ven: 07:00 - 19:30 Sab: 08:00 - 13:00 - 15:00 - 19:00"}},{"type":"Feature","geometry":{"type":"Point","coordinates":[7.66758,45.05601]},"properties":{"type":"pakketpunt","locatieNaam":"InPost Point","straatNaam":"Corso Re Umberto, 72- Torino - TO","straatNr":"72","vervoerder":"InPost","puntType":"servicepunt","bezettingsgraad":50,"latitude":45.05601,"longitude":7.66758,"canPickup":true,"canDropoff":true,"openingstijden":"Lun-Ven 08:00-13:00, 14:30-19:00; Sab 08:00-13:00"}},{"type":"Feature","geometry":{"type":"Point","coordinates":[7.64823,45.04884]},"properties":{"type":"pakketpunt","locatieNaam":"InPost Point","straatNaam":"Via Tripoli, 39/B-Torino - TO","straatNr":"39/B","vervoerder":"InPost","puntType":"servicepunt","bezettingsgraad":50,"latitude":45.04884,"longitude":7.64823,"canPickup":true,"canDropoff":true,"openingstijden":"Lun-Ven 08:30-12:30, 15:00-18:30; Sab 08:00-12:30, 15:00-18:30; Dom 08:00-12:00"}},{"type":"Feature","geometry":{"type":"Point","coordinates":[7.66635,45.02079]},"properties":{"type":"pakketpunt","locatieNaam":"InPost Point","straatNaam":"Via Ventimiglia, 194, Torino, TO, Italy","straatNr":"194","vervoerder":"InPost","puntType":"servicepunt","bezettingsgraad":50,"latitude":45.02079,"longitude":7.66635,"canPickup":true,"canDropoff":true,"openingstijden":"Lun-Dom 07:00-19:00"}},{"type":"Feature","geometry":{"type":"Point","coordinates":[7.6306,45.10431]},"properties":{"type":"pakketpunt","locatieNaam":"InPost Point","straatNaam":"Via delle Verbene, 11, Torino, TO, Italia","straatNr":"11","vervoerder":"InPost","puntType":"servicepunt","bezettingsgraad":50,"latitude":45.10431,"longitude":7.6306,"canPickup":true,"canDropoff":true,"openingstijden":"Lun-Ven 09:00-13:00, 14:30-19:00; Sab 09:00-13:00"}},{"type":"Feature","geometry":{"type":"Point","coordinates":[7.68001,45.07487]},"properties":{"type":"pakketpunt","locatieNaam":"InPost Point","straatNaam":"Via Sant'Agostino, 13/A, Torino, Metropolitan City of Turin, Italy","straatNr":"13/A","vervoerder":"InPost","puntType":"servicepunt","bezettingsgraad":50,"latitude":45.07487,"longitude":7.68001,"canPickup":true,"canDropoff":true,"openingstijden":"Lun-Ven 07:30-13:30, 15:30-20:30; Sab 10:00-23:59"}},{"type":"Feature","geometry":{"type":"Point","coordinates":[7.71524,45.0682]},"properties":{"type":"pakketpunt","locatieNaam":"InPost Point","straatNaam":"Corso Casale, 122a, Torino, TO, Italia","straatNr":"122a","vervoerder":"InPost","puntType":"servicepunt","bezettingsgraad":50,"latitude":45.0682,"longitude":7.71524,"canPickup":true,"canDropoff":true,"openingstijden":"Lun-Ven 08:30-12:30, 15:00-18:00"}},{"type":"Feature","geometry":{"type":"Point","coordinates":[7.67865,45.05985]},"properties":{"type":"pakketpunt","locatieNaam":"InPost Point","straatNaam":"Via Claudio Luigi Berthollet, 2, 10125, Torino, TO","straatNr":"2","vervoerder":"InPost","puntType":"servicepunt","bezettingsgraad":50,"latitude":45.05985,"longitude":7.67865,"canPickup":true,"canDropoff":true,"openingstijden":"Lun–Dom 09:00-20:00"}},{"type":"Feature","geometry":{"type":"Point","coordinates":[7.68284,45.08502]},"properties":{"type":"pakketpunt","locatieNaam":"InPost Point","straatNaam":"Via Antonio Cecchi, 5/a, 10152, Torino, TO","straatNr":"5","vervoerder":"InPost","puntType":"servicepunt","bezettingsgraad":50,"latitude":45.08502,"longitude":7.68284,"canPickup":true,"canDropoff":true,"openingstijden":"Lun–Ven 09:30-13:00, 14:00-19:00; Mer–Sab 09:30-13:00, 14:00-19:30"}},{"type":"Feature","geometry":{"type":"Point","coordinates":[7.65768,45.08067]},"properties":{"type":"pakketpunt","locatieNaam":"InPost Point","straatNaam":"Via Luigi Cibrario, 63c/0143, Turin, Metropolitan City of Turin, Italy","straatNr":"63c","vervoerder":"InPost","puntType":"servicepunt","bezettingsgraad":50,"latitude":45.08067,"longitude":7.65768,"canPickup":true,"canDropoff":true,"openingstijden":"Lun–Ven 07:30-18:30; Sab 08:00-12:30"}},{"type":"Feature","geometry":{"type":"Point","coordinates":[7.65103,45.07563]},"properties":{"type":"pakketpunt","locatieNaam":"InPost Point","straatNaam":"Corso Francia, 101/A, 10138, Torino, TO","straatNr":"101/A","vervoerder":"InPost","puntType":"servicepunt","bezettingsgraad":50,"latitude":45.07563,"longitude":7.65103,"canPickup":true,"canDropoff":true,"openingstijden":"Lun–Ven 09:00-13:00, 14:00-18:00"}},{"type":"Feature","geometry":{"type":"Point","coordinates":[7.67592,45.04514]},"properties":{"type":"pakketpunt","locatieNaam":"InPost Point","straatNaam":"Via Ormea, 142, Torino, TO, Italia","straatNr":"142","vervoerder":"InPost","puntType":"servicepunt","bezettingsgraad":50,"latitude":45.04514,"longitude":7.67592,"canPickup":true,"canDropoff":true,"openingstijden":"Lun–Sab 09:30-13:00, 15:00-19:30"}},{"type":"Feature","geometry":{"type":"Point","coordinates":[7.69319,45.09981]},"properties":{"type":"pakketpunt","locatieNaam":"InPost Point","straatNaam":"Corso Vercelli, 159D, Torino, TO, Italia","straatNr":"159D","vervoerder":"InPost","puntType":"servicepunt","bezettingsgraad":50,"latitude":45.09981,"longitude":7.69319,"canPickup":true,"canDropoff":true,"openingstijden":"Lun–Ven 09:30-17:30; Sab 10:00-14:00"}},{"type":"Feature","geometry":{"type":"Point","coordinates":[7.6523,45.08292]},"properties":{"type":"pakketpunt","locatieNaam":"InPost Point","straatNaam":"Via Luigi Cibrario, 104/E, 10143 Torino, TO, Italia","straatNr":"104/E","vervoerder":"InPost","puntType":"servicepunt","bezettingsgraad":50,"latitude":45.08292,"longitude":7.6523,"canPickup":true,"canDropoff":true,"openingstijden":"Lun–Ven 10:00-19:00"}},{"type":"Feature","geometry":{"type":"Point","coordinates":[7.72346,45.06961]},"properties":{"type":"pakketpunt","locatieNaam":"InPost Point","straatNaam":"Via Monteu da Po, 2/D, Turin, Metropolitan City of Turin, Italy","straatNr":"2/D","vervoerder":"InPost","puntType":"servicepunt","bezettingsgraad":50,"latitude":45.06961,"longitude":7.72346,"canPickup":true,"canDropoff":true,"openingstijden":"Lun, Mar 08:30-12:30, 14:30-19:00; Gio, Ven 08:30-12:30, 14:30-19:00; Sab 08:30-17:00"}},{"type":"Feature","geometry":{"type":"Point","coordinates":[7.69546,45.06338]},"properties":{"type":"pakketpunt","locatieNaam":"InPost Point","straatNaam":"Via Maria Vittoria, 51, Turin, Metropolitan City of Turin, Italy","straatNr":"51","vervoerder":"InPost","puntType":"servicepunt","bezettingsgraad":50,"latitude":45.06338,"longitude":7.69546,"canPickup":true,"canDropoff":true,"openingstijden":"Lun–Ven 10:00-19:30"}},{"type":"Feature","geometry":{"type":"Point","coordinates":[7.63907,45.07374]},"properties":{"type":"pakketpunt","locatieNaam":"InPost Point","straatNaam":"Via Rubiana, 16, Torino, TO, Italia","straatNr":"16","vervoerder":"InPost","puntType":"servicepunt","bezettingsgraad":50,"latitude":45.07374,"longitude":7.63907,"canPickup":true,"canDropoff":true,"openingstijden":"Lun–Ven 07:30-19:30; Sab 08:30-12:30, 15:30-19:30"}},{"type":"Feature","geometry":{"type":"Point","coordinates":[7.639,45.07306]},"properties":{"type":"pakketpunt","locatieNaam":"InPost Point","straatNaam":"Via Rubiana","straatNr":"26","vervoerder":"InPost","puntType":"servicepunt","bezettingsgraad":50,"latitude":45.07306,"longitude":7.639,"canPickup":true,"canDropoff":true,"openingstijden":"Lun–Gio 10:00-12:00, 13:00-18:00; Ven 10:00-13:00, 14:00-18:00; Sab 10:00-12:00, 13:00-15:00"}},{"type":"Feature","geometry":{"type":"Point","coordinates":[7.67894,45.10256]},"properties":{"type":"pakketpunt","locatieNaam":"InPost Point","straatNaam":"Via Bibiana, 110, Torino, TO, Italia","straatNr":"110","vervoerder":"InPost","puntType":"servicepunt","bezettingsgraad":50,"latitude":45.10256,"longitude":7.67894,"canPickup":true,"canDropoff":true,"openingstijden":"Lun–Dom 09:00-20:00"}},{"type":"Feature","geometry":{"type":"Point","coordinates":[7.68498,45.05807]},"properties":{"type":"pakketpunt","locatieNaam":"InPost Point","straatNaam":"Via Ormea, 15/C, Torino, TO, Italia","straatNr":"15/C","vervoerder":"InPost","puntType":"servicepunt","bezettingsgraad":50,"latitude":45.05807,"longitude":7.68498,"canPickup":true,"canDropoff":true,"openingstijden":"Lun–Sab 07:30-19:30"}},{"type":"Feature","geometry":{"type":"Point","coordinates":[7.72432,45.07368]},"properties":{"type":"pakketpunt","locatieNaam":"InPost Point","straatNaam":"Corso Cadore, 38, 10153 Torino, Metropolitan City of Turin, Piemonte, Italy","straatNr":"38","vervoerder":"InPost","puntType":"servicepunt","bezettingsgraad":50,"latitude":45.07368,"longitude":7.72432,"canPickup":true,"canDropoff":true,"openingstijden":"Lun-Sab 07:30-13:00, 15:00-19:30"}},{"type":"Feature","geometry":{"type":"Point","coordinates":[7.67592,45.09909]},"properties":{"type":"pakketpunt","locatieNaam":"InPost Point","straatNaam":"Via Breglio, 91/c, 10147 Turin, TO, Italy","straatNr":"91/c","vervoerder":"InPost","puntType":"servicepunt","bezettingsgraad":50,"latitude":45.09909,"longitude":7.67592,"canPickup":true,"canDropoff":true,"openingstijden":"Lun-Sab 08:30-19:00"}},{"type":"Feature","geometry":{"type":"Point","coordinates":[7.65076,45.05176]},"properties":{"type":"pakketpunt","locatieNaam":"InPost Point","straatNaam":"Largo Tirreno, 121, 10136, Torino, TO","straatNr":"121","vervoerder":"InPost","puntType":"servicepunt","bezettingsgraad":50,"latitude":45.05176,"longitude":7.65076,"canPickup":true,"canDropoff":true,"openingstijden":"Lun-Ven 08:30-12:30, 15:00-19:00; Sab 08:30-12:30"}},{"type":"Feature","geometry":{"type":"Point","coordinates":[7.64284,45.02284]},"properties":{"type":"pakketpunt","locatieNaam":"InPost Point","straatNaam":"Mondo Di Carta, Via Pietro Francesco Guala, 121/b  Torino, TO, Italia","straatNr":"121","vervoerder":"InPost","puntType":"servicepunt","bezettingsgraad":50,"latitude":45.02284,"longitude":7.64284,"canPickup":true,"canDropoff":true,"openingstijden":"Lun-Sab 08:30-12:30, 15:30-19:30"}},{"type":"Feature","geometry":{"type":"Point","coordinates":[7.7437,45.12131]},"properties":{"type":"pakketpunt","locatieNaam":"InPost Locker 24/7","straatNaam":"Strada Di Settimo","straatNr":"368","vervoerder":"InPost","puntType":"automaat","bezettingsgraad":50,"latitude":45.12131,"longitude":7.7437,"canPickup":true,"canDropoff":true,"openingstijden":null}},{"type":"Feature","geometry":{"type":"Point","coordinates":[7.67677,45.06437]},"properties":{"type":"pakketpunt","locatieNaam":"InPost Point","straatNaam":"Via dell'Arsenale","straatNr":"42a","vervoerder":"InPost","puntType":"servicepunt","bezettingsgraad":50,"latitude":45.06437,"longitude":7.67677,"canPickup":true,"canDropoff":true,"openingstijden":"Lun-Ven: 10:30 - 18:30 Sab: 10:30 - 13:00 - 15:00 - 18:00"}},{"type":"Feature","geometry":{"type":"Point","coordinates":[7.68141,45.05908]},"properties":{"type":"pakketpunt","locatieNaam":"InPost Point","straatNaam":"Via Claudio Luigi Berthollet","straatNr":"17f","vervoerder":"InPost","puntType":"servicepunt","bezettingsgraad":50,"latitude":45.05908,"longitude":7.68141,"canPickup":true,"canDropoff":true,"openingstijden":"Lun-Sab: 7:30 - 19:30"}},{"type":"Feature","geometry":{"type":"Point","coordinates":[7.64732,45.06746]},"properties":{"type":"pakketpunt","locatieNaam":"InPost Point","straatNaam":"Via Emanuele Luserna Di Rorà","straatNr":"15","vervoerder":"InPost","puntType":"servicepunt","bezettingsgraad":50,"latitude":45.06746,"longitude":7.64732,"canPickup":true,"canDropoff":true,"openingstijden":"Lun-Sab: 10:00 - 13:00 - 16:00 - 19:30"}},{"type":"Feature","geometry":{"type":"Point","coordinates":[7.64871,45.08071]},"properties":{"type":"pakketpunt","locatieNaam":"InPost Point","straatNaam":"Via Nicola Fabrizi","straatNr":"58b","vervoerder":"InPost","puntType":"servicepunt","bezettingsgraad":50,"latitude":45.08071,"longitude":7.64871,"canPickup":true,"canDropoff":true,"openingstijden":"Lun-Mar-Gio-Ven: 8:30 - 13:00 - 15:30 - 18:00 Mer: 8:30 - 13:00 Sab: 8:30 - 12:00"}},{"type":"Feature","geometry":{"type":"Point","coordinates":[7.67943,45.05309]},"properties":{"type":"pakketpunt","locatieNaam":"InPost Point","straatNaam":"Via Madama Cristina","straatNr":"58/E","vervoerder":"InPost","puntType":"servicepunt","bezettingsgraad":50,"latitude":45.05309,"longitude":7.67943,"canPickup":true,"canDropoff":true,"openingstijden":"Lun: 7:00 - 14:00 Mar-Ven: 7:00 - 14:00 - 16:30 - 19:00 Sab: 7:00 - 13:30"}},{"type":"Feature","geometry":{"type":"Point","coordinates":[7.64144,45.102]},"properties":{"type":"pakketpunt","locatieNaam":"InPost Locker 24/7","straatNaam":"Via Sansovino","straatNr":"88A","vervoerder":"InPost","puntType":"automaat","bezettingsgraad":50,"latitude":45.102,"longitude":7.64144,"canPickup":true,"canDropoff":true,"openingstijden":null}},{"type":"Feature","geometry":{"type":"Point","coordinates":[7.62052,45.05058]},"properties":{"type":"pakketpunt","locatieNaam":"InPost Locker 24/7","straatNaam":"Corso C. G. Allamano","straatNr":"95A","vervoerder":"InPost","puntType":"automaat","bezettingsgraad":50,"latitude":45.05058,"longitude":7.62052,"canPickup":true,"canDropoff":true,"openingstijden":null}},{"type":"Feature","geometry":{"type":"Point","coordinates":[7.66728,45.10156]},"properties":{"type":"pakketpunt","locatieNaam":"InPost Locker 24/7","straatNaam":"Via Stradella","straatNr":"192","vervoerder":"InPost","puntType":"automaat","bezettingsgraad":50,"latitude":45.10156,"longitude":7.66728,"canPickup":true,"canDropoff":true,"openingstijden":null}},{"type":"Feature","geometry":{"type":"Point","coordinates":[7.66741,45.08794]},"properties":{"type":"pakketpunt","locatieNaam":"additional location description 1","straatNaam":"Via Livorno","straatNr":"51","vervoerder":"InPost","puntType":"automaat","bezettingsgraad":50,"latitude":45.08794,"longitude":7.66741,"canPickup":true,"canDropoff":true,"openingstijden":"24/7"}},{"type":"Feature","geometry":{"type":"Point","coordinates":[7.64565,45.10959]},"properties":{"type":"pakketpunt","locatieNaam":"InPost Locker 24/7","straatNaam":"Strada Altessano","straatNr":"138","vervoerder":"InPost","puntType":"automaat","bezettingsgraad":50,"latitude":45.10959,"longitude":7.64565,"canPickup":true,"canDropoff":true,"openingstijden":null}},{"type":"Feature","geometry":{"type":"Point","coordinates":[7.62363,45.08162]},"properties":{"type":"pakketpunt","locatieNaam":"InPost Locker 24/7","straatNaam":"Via Pietro Cossa","straatNr":"107","vervoerder":"InPost","puntType":"automaat","bezettingsgraad":50,"latitude":45.08162,"longitude":7.62363,"canPickup":true,"canDropoff":true,"openingstijden":null}},{"type":"Feature","geometry":{"type":"Point","coordinates":[7.63617,45.08372]},"properties":{"type":"pakketpunt","locatieNaam":"InPost Locker 24/7","straatNaam":"Via Giovanni Servais","straatNr":"32","vervoerder":"InPost","puntType":"automaat","bezettingsgraad":50,"latitude":45.08372,"longitude":7.63617,"canPickup":true,"canDropoff":true,"openingstijden":null}},{"type":"Feature","geometry":{"type":"Point","coordinates":[7.6295,45.04355]},"properties":{"type":"pakketpunt","locatieNaam":"ENI","straatNaam":"Via Guido Reni","straatNr":"167","vervoerder":"InPost","puntType":"automaat","bezettingsgraad":50,"latitude":45.04355,"longitude":7.6295,"canPickup":true,"canDropoff":true,"openingstijden":null}},{"type":"Feature","geometry":{"type":"Point","coordinates":[7.63997,45.05161]},"properties":{"type":"pakketpunt","locatieNaam":"InPost Locker 24/7","straatNaam":"Via Monfalcone","straatNr":"92","vervoerder":"InPost","puntType":"automaat","bezettingsgraad":50,"latitude":45.05161,"longitude":7.63997,"canPickup":true,"canDropoff":true,"openingstijden":null}},{"type":"Feature","geometry":{"type":"Point","coordinates":[7.63556,45.09755]},"properties":{"type":"pakketpunt","locatieNaam":"InPost Locker 24/7","straatNaam":"Strada Pianezza","straatNr":"224","vervoerder":"InPost","puntType":"automaat","bezettingsgraad":50,"latitude":45.09755,"longitude":7.63556,"canPickup":true,"canDropoff":true,"openingstijden":null}},{"type":"Feature","geometry":{"type":"Point","coordinates":[7.69099,45.08372]},"properties":{"type":"pakketpunt","locatieNaam":"InPost Locker 24/7","straatNaam":"Via Aosta","straatNr":"20","vervoerder":"InPost","puntType":"automaat","bezettingsgraad":50,"latitude":45.08372,"longitude":7.69099,"canPickup":true,"canDropoff":true,"openingstijden":null}},{"type":"Feature","geometry":{"type":"Point","coordinates":[7.65515,45.09095]},"properties":{"type":"pakketpunt","locatieNaam":"InPost Locker 24/7","straatNaam":"Corso Potenza","straatNr":"38/A","vervoerder":"InPost","puntType":"automaat","bezettingsgraad":50,"latitude":45.09095,"longitude":7.65515,"canPickup":true,"canDropoff":true,"openingstijden":null}},{"type":"Feature","geometry":{"type":"Point","coordinates":[7.65056,45.02125]},"properties":{"type":"pakketpunt","locatieNaam":"interno parcheggio coperto","straatNaam":"Corso Traiano","straatNr":"124 - 124C","vervoerder":"InPost","puntType":"automaat","bezettingsgraad":50,"latitude":45.02125,"longitude":7.65056,"canPickup":true,"canDropoff":true,"openingstijden":null}},{"type":"Feature","geometry":{"type":"Point","coordinates":[7.64497,45.10368]},"properties":{"type":"pakketpunt","locatieNaam":"InPost Locker 24/7","straatNaam":"Strada Altessano","straatNr":"45A","vervoerder":"InPost","puntType":"automaat","bezettingsgraad":50,"latitude":45.10368,"longitude":7.64497,"canPickup":true,"canDropoff":true,"openingstijden":null}},{"type":"Feature","geometry":{"type":"Point","coordinates":[7.65706,45.04167]},"properties":{"type":"pakketpunt","locatieNaam":"InPost Locker 24/7","straatNaam":"Corso Sebastopoli","straatNr":"70","vervoerder":"InPost","puntType":"automaat","bezettingsgraad":50,"latitude":45.04167,"longitude":7.65706,"canPickup":true,"canDropoff":true,"openingstijden":null}},{"type":"Feature","geometry":{"type":"Point","coordinates":[7.67506,45.10486]},"properties":{"type":"pakketpunt","locatieNaam":"InPost Locker 24/7","straatNaam":"Corso Grosseto","straatNr":"130-132","vervoerder":"InPost","puntType":"automaat","bezettingsgraad":50,"latitude":45.10486,"longitude":7.67506,"canPickup":true,"canDropoff":true,"openingstijden":null}},{"type":"Feature","geometry":{"type":"Point","coordinates":[7.64137,45.05955]},"properties":{"type":"pakketpunt","locatieNaam":"InPost Locker","straatNaam":"Via Rodolfo Renier","straatNr":"58","vervoerder":"InPost","puntType":"automaat","bezettingsgraad":50,"latitude":45.05955,"longitude":7.64137,"canPickup":true,"canDropoff":true,"openingstijden":null}},{"type":"Feature","geometry":{"type":"Point","coordinates":[7.68338,45.09078]},"properties":{"type":"pakketpunt","locatieNaam":"InPost Locker","straatNaam":"Via Francesco Cigna","straatNr":"103","vervoerder":"InPost","puntType":"automaat","bezettingsgraad":50,"latitude":45.09078,"longitude":7.68338,"canPickup":true,"canDropoff":true,"openingstijden":null}},{"type":"Feature","geometry":{"type":"Point","coordinates":[7.69691,45.055]},"properties":{"type":"pakketpunt","locatieNaam":"InPost Locker","straatNaam":"Viale Thovez","straatNr":"6A","vervoerder":"InPost","puntType":"automaat","bezettingsgraad":50,"latitude":45.055,"longitude":7.69691,"canPickup":true,"canDropoff":true,"openingstijden":null}},{"type":"Feature","geometry":{"type":"Point","coordinates":[7.67574,45.09528]},"properties":{"type":"pakketpunt","locatieNaam":"InPost Locker","straatNaam":"Via Michele Antonio Vibò","straatNr":"45D","vervoerder":"InPost","puntType":"automaat","bezettingsgraad":50,"latitude":45.09528,"longitude":7.67574,"canPickup":true,"canDropoff":true,"openingstijden":null}},{"type":"Feature","geometry":{"type":"Point","coordinates":[7.64083,45.07005]},"properties":{"type":"pakketpunt","locatieNaam":"InPost Locker","straatNaam":"Via Frejus","straatNr":"111","vervoerder":"InPost","puntType":"automaat","bezettingsgraad":50,"latitude":45.07005,"longitude":7.64083,"canPickup":true,"canDropoff":true,"openingstijden":null}},{"type":"Feature","geometry":{"type":"Point","coordinates":[7.69723,45.0981]},"properties":{"type":"pakketpunt","locatieNaam":"InPost Locker","straatNaam":"Corso Giulio Cesare","straatNr":"177","vervoerder":"InPost","puntType":"automaat","bezettingsgraad":50,"latitude":45.0981,"longitude":7.69723,"canPickup":true,"canDropoff":true,"openingstijden":null}},{"type":"Feature","geometry":{"type":"Point","coordinates":[7.68507,45.10577]},"properties":{"type":"pakketpunt","locatieNaam":"InPost Locker","straatNaam":"Via Ala di Stura","straatNr":"50/E","vervoerder":"InPost","puntType":"automaat","bezettingsgraad":50,"latitude":45.10577,"longitude":7.68507,"canPickup":true,"canDropoff":true,"openingstijden":"Lun: 14-20, mart-sab: 10-20, dom: 10-15"}},{"type":"Feature","geometry":{"type":"Point","coordinates":[7.63764,45.06127]},"properties":{"type":"pakketpunt","locatieNaam":"InPost Locker 24/7","straatNaam":"Via Isonzo","straatNr":"104D","vervoerder":"InPost","puntType":"automaat","bezettingsgraad":50,"latitude":45.06127,"longitude":7.63764,"canPickup":true,"canDropoff":true,"openingstijden":null}},{"type":"Feature","geometry":{"type":"Point","coordinates":[7.71529,45.09308]},"properties":{"type":"pakketpunt","locatieNaam":"InPost Locker","straatNaam":"Via Renato Wuillermin","straatNr":"1","vervoerder":"InPost","puntType":"automaat","bezettingsgraad":50,"latitude":45.09308,"longitude":7.71529,"canPickup":true,"canDropoff":true,"openingstijden":null}},{"type":"Feature","geometry":{"type":"Point","coordinates":[7.64991,45.0996]},"properties":{"type":"pakketpunt","locatieNaam":"InPost Locker 24/7","straatNaam":"Corso Lombardia","straatNr":"139","vervoerder":"InPost","puntType":"automaat","bezettingsgraad":50,"latitude":45.0996,"longitude":7.64991,"canPickup":true,"canDropoff":true,"openingstijden":null}},{"type":"Feature","geometry":{"type":"Point","coordinates":[7.66342,45.07345]},"properties":{"type":"pakketpunt","locatieNaam":"InPost Locker","straatNaam":"Via Duchessa Jolanda","straatNr":"11","vervoerder":"InPost","puntType":"automaat","bezettingsgraad":50,"latitude":45.07345,"longitude":7.66342,"canPickup":true,"canDropoff":true,"openingstijden":null}},{"type":"Feature","geometry":{"type":"Point","coordinates":[7.7339,45.086]},"properties":{"type":"pakketpunt","locatieNaam":"InPost Locker 24/7","straatNaam":"Corso Casale","straatNr":"412A","vervoerder":"InPost","puntType":"automaat","bezettingsgraad":50,"latitude":45.086,"longitude":7.7339,"canPickup":true,"canDropoff":true,"openingstijden":null}},{"type":"Feature","geometry":{"type":"Point","coordinates":[7.64245,45.0238]},"properties":{"type":"pakketpunt","locatieNaam":"InPost Locker","straatNaam":"Corso Traiano","straatNr":"34","vervoerder":"InPost","puntType":"automaat","bezettingsgraad":50,"latitude":45.0238,"longitude":7.64245,"canPickup":true,"canDropoff":true,"openingstijden":null}},{"type":"Feature","geometry":{"type":"Point","coordinates":[7.69951,45.09975]},"properties":{"type":"pakketpunt","locatieNaam":"InPost Locker 24/7","straatNaam":"Corso Giulio Cesare","straatNr":"202/210","vervoerder":"InPost","puntType":"automaat","bezettingsgraad":50,"latitude":45.09975,"longitude":7.69951,"canPickup":true,"canDropoff":true,"openingstijden":null}},{"type":"Feature","geometry":{"type":"Point","coordinates":[7.66581,45.08294]},"properties":{"type":"pakketpunt","locatieNaam":"InPost Locker","straatNaam":"Corso Regina Margherita","straatNr":"224","vervoerder":"InPost","puntType":"automaat","bezettingsgraad":50,"latitude":45.08294,"longitude":7.66581,"canPickup":true,"canDropoff":true,"openingstijden":null}},{"type":"Feature","geometry":{"type":"Point","coordinates":[7.63226,45.07374]},"properties":{"type":"pakketpunt","locatieNaam":"InPost Locker","straatNaam":"Via Sant'Ambrogio","straatNr":"16G","vervoerder":"InPost","puntType":"automaat","bezettingsgraad":50,"latitude":45.07374,"longitude":7.63226,"canPickup":true,"canDropoff":true,"openingstijden":null}},{"type":"Feature","geometry":{"type":"Point","coordinates":[7.66353,45.04681]},"properties":{"type":"pakketpunt","locatieNaam":"InPost Locker 24/7","straatNaam":"C.so Filippo Turati","straatNr":"75","vervoerder":"InPost","puntType":"automaat","bezettingsgraad":50,"latitude":45.04681,"longitude":7.66353,"canPickup":true,"canDropoff":true,"openingstijden":"24/7"}},{"type":"Feature","geometry":{"type":"Point","coordinates":[7.64167,45.03763]},"properties":{"type":"pakketpunt","locatieNaam":"InPost Locker","straatNaam":"Via Tripoli","straatNr":"167B","vervoerder":"InPost","puntType":"automaat","bezettingsgraad":50,"latitude":45.03763,"longitude":7.64167,"canPickup":true,"canDropoff":true,"openingstijden":null}},{"type":"Feature","geometry":{"type":"Point","coordinates":[7.64062,45.04775]},"properties":{"type":"pakketpunt","locatieNaam":"InPost Locker 24/7","straatNaam":"Via Gorizia","straatNr":"82","vervoerder":"InPost","puntType":"automaat","bezettingsgraad":50,"latitude":45.04775,"longitude":7.64062,"canPickup":true,"canDropoff":true,"openingstijden":"24/7"}},{"type":"Feature","geometry":{"type":"Point","coordinates":[7.65667,45.05279]},"properties":{"type":"pakketpunt","locatieNaam":"InPost Locker","straatNaam":"Corso Carlo e Nello Rosselli","straatNr":"87","vervoerder":"InPost","puntType":"automaat","bezettingsgraad":50,"latitude":45.05279,"longitude":7.65667,"canPickup":true,"canDropoff":true,"openingstijden":null}},{"type":"Feature","geometry":{"type":"Point","coordinates":[7.64454,45.06028]},"properties":{"type":"pakketpunt","locatieNaam":"InPost Locker","straatNaam":"Piazza di Robilant Carlo Generale","straatNr":"16","vervoerder":"InPost","puntType":"automaat","bezettingsgraad":50,"latitude":45.06028,"longitude":7.64454,"canPickup":true,"canDropoff":true,"openingstijden":null}},{"type":"Feature","geometry":{"type":"Point","coordinates":[7.63996,45.08201]},"properties":{"type":"pakketpunt","locatieNaam":"InPost Locker","straatNaam":"Via Borgosesia","straatNr":"93","vervoerder":"InPost","puntType":"automaat","bezettingsgraad":50,"latitude":45.08201,"longitude":7.63996,"canPickup":true,"canDropoff":true,"openingstijden":null}},{"type":"Feature","geometry":{"type":"Point","coordinates":[7.63238,45.01844]},"properties":{"type":"pakketpunt","locatieNaam":"Parcheggio Sotterraneo","straatNaam":"Corso Unione Sovietica","straatNr":"493/14","vervoerder":"InPost","puntType":"automaat","bezettingsgraad":50,"latitude":45.01844,"longitude":7.63238,"canPickup":true,"canDropoff":true,"openingstijden":null}},{"type":"Feature","geometry":{"type":"Point","coordinates":[7.63626,45.04624]},"properties":{"type":"pakketpunt","locatieNaam":"Parcheggio sotterraneo","straatNaam":"Via Filadelfia","straatNr":"232 int.12","vervoerder":"InPost","puntType":"automaat","bezettingsgraad":50,"latitude":45.04624,"longitude":7.63626,"canPickup":true,"canDropoff":true,"openingstijden":null}},{"type":"Feature","geometry":{"type":"Point","coordinates":[7.60754,45.07581]},"properties":{"type":"pakketpunt","locatieNaam":"Parcheggio Sotterraneo","straatNaam":"Via Virginia Angela Borrino","straatNr":"2","vervoerder":"InPost","puntType":"automaat","bezettingsgraad":50,"latitude":45.07581,"longitude":7.60754,"canPickup":true,"canDropoff":true,"openingstijden":null}},{"type":"Feature","geometry":{"type":"Point","coordinates":[7.69734,45.06545]},"properties":{"type":"pakketpunt","locatieNaam":"InPost Locker","straatNaam":"Via Eusebio Bava","straatNr":"6","vervoerder":"InPost","puntType":"automaat","bezettingsgraad":50,"latitude":45.06545,"longitude":7.69734,"canPickup":true,"canDropoff":true,"openingstijden":null}},{"type":"Feature","geometry":{"type":"Point","coordinates":[7.62968,45.07715]},"properties":{"type":"pakketpunt","locatieNaam":"InPost Locker 24/7","straatNaam":"Strada del Lionetto","straatNr":"15F","vervoerder":"InPost","puntType":"automaat","bezettingsgraad":50,"latitude":45.07715,"longitude":7.62968,"canPickup":true,"canDropoff":true,"openingstijden":null}},{"type":"Feature","geometry":{"type":"Point","coordinates":[7.67939,45.06455]},"properties":{"type":"pakketpunt","locatieNaam":"InPost Locker","straatNaam":"Piazza Carlo Felice","straatNr":"22","vervoerder":"InPost","puntType":"automaat","bezettingsgraad":50,"latitude":45.06455,"longitude":7.67939,"canPickup":true,"canDropoff":true,"openingstijden":null}},{"type":"Feature","geometry":{"type":"Point","coordinates":[7.67216,45.04787]},"properties":{"type":"pakketpunt","locatieNaam":"InPost Locker","straatNaam":"Corso Dante Alighieri","straatNr":"47","vervoerder":"InPost","puntType":"automaat","bezettingsgraad":50,"latitude":45.04787,"longitude":7.67216,"canPickup":true,"canDropoff":true,"openingstijden":null}},{"type":"Feature","geometry":{"type":"Point","coordinates":[7.63177,45.07937]},"properties":{"type":"pakketpunt","locatieNaam":"InPost Locker","straatNaam":"Via Vittorio Asinari di Bernezzo","straatNr":"62H","vervoerder":"InPost","puntType":"automaat","bezettingsgraad":50,"latitude":45.07937,"longitude":7.63177,"canPickup":true,"canDropoff":true,"openingstijden":null}},{"type":"Feature","geometry":{"type":"Point","coordinates":[7.70383,45.09334]},"properties":{"type":"pakketpunt","locatieNaam":"InPost Locker","straatNaam":"Via Giovanni Paisiello","straatNr":"70C","vervoerder":"InPost","puntType":"automaat","bezettingsgraad":50,"latitude":45.09334,"longitude":7.70383,"canPickup":true,"canDropoff":true,"openingstijden":null}},{"type":"Feature","geometry":{"type":"Point","coordinates":[7.70056,45.10158]},"properties":{"type":"pakketpunt","locatieNaam":"InPost Locker","straatNaam":"Piazza Derna","straatNr":"236","vervoerder":"InPost","puntType":"automaat","bezettingsgraad":50,"latitude":45.10158,"longitude":7.70056,"canPickup":true,"canDropoff":true,"openingstijden":null}},{"type":"Feature","geometry":{"type":"Point","coordinates":[7.68111,45.1019]},"properties":{"type":"pakketpunt","locatieNaam":"InPost Locker","straatNaam":"Via Chiesa della Salute","straatNr":"116 bis/C","vervoerder":"InPost","puntType":"automaat","bezettingsgraad":50,"latitude":45.1019,"longitude":7.68111,"canPickup":true,"canDropoff":true,"openingstijden":null}},{"type":"Feature","geometry":{"type":"Point","coordinates":[7.67461,45.09298]},"properties":{"type":"pakketpunt","locatieNaam":"InPost Locker ","straatNaam":"Via Giachino","straatNr":"50","vervoerder":"InPost","puntType":"automaat","bezettingsgraad":50,"latitude":45.09298,"longitude":7.67461,"canPickup":true,"canDropoff":true,"openingstijden":null}},{"type":"Feature","geometry":{"type":"Point","coordinates":[7.64605,45.04511]},"properties":{"type":"pakketpunt","locatieNaam":"InPost Locker 24/7","straatNaam":"Corso Sebastopoli","straatNr":"178","vervoerder":"InPost","puntType":"automaat","bezettingsgraad":50,"latitude":45.04511,"longitude":7.64605,"canPickup":true,"canDropoff":true,"openingstijden":null}},{"type":"Feature","geometry":{"type":"Point","coordinates":[7.64166,45.04663]},"properties":{"type":"pakketpunt","locatieNaam":"","straatNaam":"Corso Sebastopoli","straatNr":"210","vervoerder":"InPost","puntType":"automaat","bezettingsgraad":50,"latitude":45.04663,"longitude":7.64166,"canPickup":true,"canDropoff":true,"openingstijden":null}},{"type":"Feature","geometry":{"type":"Point","coordinates":[7.64854,45.06541]},"properties":{"type":"pakketpunt","locatieNaam":"InPost Locker","straatNaam":"Via Perosa","straatNr":"74-1","vervoerder":"InPost","puntType":"automaat","bezettingsgraad":50,"latitude":45.06541,"longitude":7.64854,"canPickup":true,"canDropoff":true,"openingstijden":null}},{"type":"Feature","geometry":{"type":"Point","coordinates":[7.63812,45.06981]},"properties":{"type":"pakketpunt","locatieNaam":"InPost Locker","straatNaam":"Via Frejus","straatNr":"129","vervoerder":"InPost","puntType":"automaat","bezettingsgraad":50,"latitude":45.06981,"longitude":7.63812,"canPickup":true,"canDropoff":true,"openingstijden":null}},{"type":"Feature","geometry":{"type":"Point","coordinates":[7.64536,45.06662]},"properties":{"type":"pakketpunt","locatieNaam":"InPost Locker","straatNaam":"Largo Racconigi","straatNr":"191","vervoerder":"InPost","puntType":"automaat","bezettingsgraad":50,"latitude":45.06662,"longitude":7.64536,"canPickup":true,"canDropoff":true,"openingstijden":null}},{"type":"Feature","geometry":{"type":"Point","coordinates":[7.63383,45.05192]},"properties":{"type":"pakketpunt","locatieNaam":"InPost Locker","straatNaam":"Corso Siracusa","straatNr":"40","vervoerder":"InPost","puntType":"automaat","bezettingsgraad":50,"latitude":45.05192,"longitude":7.63383,"canPickup":true,"canDropoff":true,"openingstijden":null}},{"type":"Feature","geometry":{"type":"Point","coordinates":[7.66125,45.10772]},"properties":{"type":"pakketpunt","locatieNaam":"InPost Locker","straatNaam":"Via Venarìa","straatNr":"37","vervoerder":"InPost","puntType":"automaat","bezettingsgraad":50,"latitude":45.10772,"longitude":7.66125,"canPickup":true,"canDropoff":true,"openingstijden":null}},{"type":"Feature","geometry":{"type":"Point","coordinates":[7.62972,45.08464]},"properties":{"type":"pakketpunt","locatieNaam":"InPost Locker","straatNaam":"Corso Bernardino Telesio","straatNr":"123a","vervoerder":"InPost","puntType":"automaat","bezettingsgraad":50,"latitude":45.08464,"longitude":7.62972,"canPickup":true,"canDropoff":true,"openingstijden":null}},{"type":"Feature","geometry":{"type":"Point","coordinates":[7.60849,45.02091]},"properties":{"type":"pakketpunt","locatieNaam":"InPost Locker","straatNaam":"Via Giovanni Roveda","straatNr":"18/E","vervoerder":"InPost","puntType":"automaat","bezettingsgraad":50,"latitude":45.02091,"longitude":7.60849,"canPickup":true,"canDropoff":true,"openingstijden":null}},{"type":"Feature","geometry":{"type":"Point","coordinates":[7.66578,45.07812]},"properties":{"type":"pakketpunt","locatieNaam":"InPost Locker","straatNaam":"Via Cibrario","straatNr":"16D","vervoerder":"InPost","puntType":"automaat","bezettingsgraad":50,"latitude":45.07812,"longitude":7.66578,"canPickup":true,"canDropoff":true,"openingstijden":null}},{"type":"Feature","geometry":{"type":"Point","coordinates":[7.64907,45.06201]},"properties":{"type":"pakketpunt","locatieNaam":"InPost Locker","straatNaam":"Via San Paolo","straatNr":"65C","vervoerder":"InPost","puntType":"automaat","bezettingsgraad":50,"latitude":45.06201,"longitude":7.64907,"canPickup":true,"canDropoff":true,"openingstijden":null}},{"type":"Feature","geometry":{"type":"Point","coordinates":[7.6422,45.0501]},"properties":{"type":"pakketpunt","locatieNaam":"InPost Locker","straatNaam":"Via Monfalcone","straatNr":"71","vervoerder":"InPost","puntType":"automaat","bezettingsgraad":50,"latitude":45.0501,"longitude":7.6422,"canPickup":true,"canDropoff":true,"openingstijden":null}},{"type":"Feature","geometry":{"type":"Point","coordinates":[7.66008,45.05166]},"properties":{"type":"pakketpunt","locatieNaam":"InPost Locker","straatNaam":"Via Gian Domenico Cassini","straatNr":"89BIS","vervoerder":"InPost","puntType":"automaat","bezettingsgraad":50,"latitude":45.05166,"longitude":7.66008,"canPickup":true,"canDropoff":true,"openingstijden":null}},{"type":"Feature","geometry":{"type":"Point","coordinates":[7.7419,45.10152]},"properties":{"type":"pakketpunt","locatieNaam":"InPost Locker 24/7","straatNaam":"Strada San Mauro","straatNr":"156","vervoerder":"InPost","puntType":"automaat","bezettingsgraad":50,"latitude":45.10152,"longitude":7.7419,"canPickup":true,"canDropoff":true,"openingstijden":"24/7"}},{"type":"Feature","geometry":{"type":"Point","coordinates":[7.6784,45.08139]},"properties":{"type":"pakketpunt","locatieNaam":"InPost Locker 24/7","straatNaam":"Via Francesco Cigna","straatNr":"18","vervoerder":"InPost","puntType":"automaat","bezettingsgraad":50,"latitude":45.08139,"longitude":7.6784,"canPickup":true,"canDropoff":true,"openingstijden":"24/7"}},{"type":"Feature","geometry":{"type":"Point","coordinates":[7.64704,45.11118]},"properties":{"type":"pakketpunt","locatieNaam":"InPost Locker 24/7","straatNaam":"Strada Altessano","straatNr":"106","vervoerder":"InPost","puntType":"automaat","bezettingsgraad":50,"latitude":45.11118,"longitude":7.64704,"canPickup":true,"canDropoff":true,"openingstijden":"24/7"}},{"type":"Feature","geometry":{"type":"Point","coordinates":[7.63815,45.09824]},"properties":{"type":"pakketpunt","locatieNaam":"InPost Locker 24/7","straatNaam":"C.so Molise","straatNr":"7","vervoerder":"InPost","puntType":"automaat","bezettingsgraad":50,"latitude":45.09824,"longitude":7.63815,"canPickup":true,"canDropoff":true,"openingstijden":"24/7"}},{"type":"Feature","geometry":{"type":"Point","coordinates":[7.61884,45.07126]},"properties":{"type":"pakketpunt","locatieNaam":"interno parcheggio alla sinistra dell'ingresso del punto vendita","straatNaam":"Via De Sanctis","straatNr":"47 / 49","vervoerder":"InPost","puntType":"automaat","bezettingsgraad":50,"latitude":45.07126,"longitude":7.61884,"canPickup":true,"canDropoff":true,"openingstijden":"Orari: Lun-Sab 8.30- 20.30 Dom: 08:30-13:00,15:00-20:00"}},{"type":"Feature","geometry":{"type":"Point","coordinates":[7.65174,45.06411]},"properties":{"type":"pakketpunt","locatieNaam":"InPost Locker 24/7","straatNaam":"C.so Peschiera","straatNr":"151","vervoerder":"InPost","puntType":"automaat","bezettingsgraad":50,"latitude":45.06411,"longitude":7.65174,"canPickup":true,"canDropoff":true,"openingstijden":"24/7"}},{"type":"Feature","geometry":{"type":"Point","coordinates":[7.6632,45.06953]},"properties":{"type":"pakketpunt","locatieNaam":"InPost Locker 24/7","straatNaam":"Via Cavalli angolo C.so Inghilterra","straatNr":"5/A","vervoerder":"InPost","puntType":"automaat","bezettingsgraad":50,"latitude":45.06953,"longitude":7.6632,"canPickup":true,"canDropoff":true,"openingstijden":"24/7"}},{"type":"Feature","geometry":{"type":"Point","coordinates":[7.62474,45.04047]},"properties":{"type":"pakketpunt","locatieNaam":"InPost Locker 24/7","straatNaam":"Via Gaidano","straatNr":"76","vervoerder":"InPost","puntType":"automaat","bezettingsgraad":50,"latitude":45.04047,"longitude":7.62474,"canPickup":true,"canDropoff":true,"openingstijden":"24/7"}},{"type":"Feature","geometry":{"type":"Point","coordinates":[7.65128,45.10721]},"properties":{"type":"pakketpunt","locatieNaam":"InPost Locker","straatNaam":"C.so Grosseto","straatNr":"330","vervoerder":"InPost","puntType":"automaat","bezettingsgraad":50,"latitude":45.10721,"longitude":7.65128,"canPickup":true,"canDropoff":true,"openingstijden":null}},{"type":"Feature","geometry":{"type":"Point","coordinates":[7.63025,45.06626]},"properties":{"type":"pakketpunt","locatieNaam":"InPost Locker 24/7","straatNaam":"Cso. Monte Cucco","straatNr":"108","vervoerder":"InPost","puntType":"automaat","bezettingsgraad":50,"latitude":45.06626,"longitude":7.63025,"canPickup":true,"canDropoff":true,"openingstijden":"24/7"}},{"type":"Feature","geometry":{"type":"Point","coordinates":[7.63452,45.03749]},"properties":{"type":"pakketpunt","locatieNaam":"InPost Locker 24/7","straatNaam":"via Agricola ang. Don Grazioli","straatNr":"","vervoerder":"InPost","puntType":"automaat","bezettingsgraad":50,"latitude":45.03749,"longitude":7.63452,"canPickup":true,"canDropoff":true,"openingstijden":null}},{"type":"Feature","geometry":{"type":"Point","coordinates":[7.66367,45.02236]},"properties":{"type":"pakketpunt","locatieNaam":"InPost Locker 24/7","straatNaam":"via Genova","straatNr":"197","vervoerder":"InPost","puntType":"automaat","bezettingsgraad":50,"latitude":45.02236,"longitude":7.66367,"canPickup":true,"canDropoff":true,"openingstijden":null}},{"type":"Feature","geometry":{"type":"Point","coordinates":[7.70511,45.10113]},"properties":{"type":"pakketpunt","locatieNaam":"tra il parcheggio meno 1 e meno 2 tra le scale mobili","straatNaam":"Via Botticelli","straatNr":"85","vervoerder":"InPost","puntType":"automaat","bezettingsgraad":50,"latitude":45.10113,"longitude":7.70511,"canPickup":true,"canDropoff":true,"openingstijden":null}},{"type":"Feature","geometry":{"type":"Point","coordinates":[7.62239,45.08566]},"properties":{"type":"pakketpunt","locatieNaam":"InPost Locker 24/7","straatNaam":"via Cossa","straatNr":"150","vervoerder":"InPost","puntType":"automaat","bezettingsgraad":50,"latitude":45.08566,"longitude":7.62239,"canPickup":true,"canDropoff":true,"openingstijden":"24/7"}},{"type":"Feature","geometry":{"type":"Point","coordinates":[7.6465,45.01622]},"properties":{"type":"pakketpunt","locatieNaam":"InPost Locker 24/7","straatNaam":"via Onorato Vigliani","straatNr":"74","vervoerder":"InPost","puntType":"automaat","bezettingsgraad":50,"latitude":45.01622,"longitude":7.6465,"canPickup":true,"canDropoff":true,"openingstijden":null}},{"type":"Feature","geometry":{"type":"Point","coordinates":[7.70329,45.12195]},"properties":{"type":"pakketpunt","locatieNaam":"InPost Locker 24/7","straatNaam":"Strada Courgne Falchera","straatNr":"","vervoerder":"InPost","puntType":"automaat","bezettingsgraad":50,"latitude":45.12195,"longitude":7.70329,"canPickup":true,"canDropoff":true,"openingstijden":null}},{"type":"Feature","geometry":{"type":"Point","coordinates":[7.70029,45.08751]},"properties":{"type":"pakketpunt","locatieNaam":"InPost Locker 24/7","straatNaam":"via Ponchielli","straatNr":"16","vervoerder":"InPost","puntType":"automaat","bezettingsgraad":50,"latitude":45.08751,"longitude":7.70029,"canPickup":true,"canDropoff":true,"openingstijden":null}},{"type":"Feature","geometry":{"type":"Point","coordinates":[7.65528,45.09544]},"properties":{"type":"pakketpunt","locatieNaam":"InPost Locker 24/7","straatNaam":"C.so Potenza","straatNr":"96","vervoerder":"InPost","puntType":"automaat","bezettingsgraad":50,"latitude":45.09544,"longitude":7.65528,"canPickup":true,"canDropoff":true,"openingstijden":null}},{"type":"Feature","geometry":{"type":"Point","coordinates":[7.61811,45.03268]},"properties":{"type":"pakketpunt","locatieNaam":"InPost Locker 24/7","straatNaam":"C.so Orbassano","straatNr":"414","vervoerder":"InPost","puntType":"automaat","bezettingsgraad":50,"latitude":45.03268,"longitude":7.61811,"canPickup":true,"canDropoff":true,"openingstijden":null}},{"type":"Feature","geometry":{"type":"Point","coordinates":[7.68891,45.09579]},"properties":{"type":"pakketpunt","locatieNaam":"all'interno del fabbricato","straatNaam":"Via Ceresole","straatNr":"27","vervoerder":"InPost","puntType":"automaat","bezettingsgraad":50,"latitude":45.09579,"longitude":7.68891,"canPickup":true,"canDropoff":true,"openingstijden":null}},{"type":"Feature","geometry":{"type":"Point","coordinates":[7.72862,45.10908]},"properties":{"type":"pakketpunt","locatieNaam":"InPost Locker 24/7","straatNaam":"Strada Settimo","straatNr":"210","vervoerder":"InPost","puntType":"automaat","bezettingsgraad":50,"latitude":45.10908,"longitude":7.72862,"canPickup":true,"canDropoff":true,"openingstijden":null}},{"type":"Feature","geometry":{"type":"Point","coordinates":[7.6593,45.10583]},"properties":{"type":"pakketpunt","locatieNaam":"InPost Locker 24/7","straatNaam":"C.so Grosseto ang Via Refrancore","straatNr":"","vervoerder":"InPost","puntType":"automaat","bezettingsgraad":50,"latitude":45.10583,"longitude":7.6593,"canPickup":true,"canDropoff":true,"openingstijden":null}},{"type":"Feature","geometry":{"type":"Point","coordinates":[7.68653,45.07645]},"properties":{"type":"pakketpunt","locatieNaam":"davanti all'ingresso del parcheggio fronte strada","straatNaam":"C.so XI Febbraio","straatNr":"3","vervoerder":"InPost","puntType":"automaat","bezettingsgraad":50,"latitude":45.07645,"longitude":7.68653,"canPickup":true,"canDropoff":true,"openingstijden":null}},{"type":"Feature","geometry":{"type":"Point","coordinates":[7.66564,45.02735]},"properties":{"type":"pakketpunt","locatieNaam":"InPost Locker 24/7","straatNaam":"Piazza Fabio Filzi","straatNr":"","vervoerder":"InPost","puntType":"automaat","bezettingsgraad":50,"latitude":45.02735,"longitude":7.66564,"canPickup":true,"canDropoff":true,"openingstijden":null}},{"type":"Feature","geometry":{"type":"Point","coordinates":[7.65998,45.01925]},"properties":{"type":"pakketpunt","locatieNaam":"InPost Locker 24/7","straatNaam":"Corso Piero Maroncelli","straatNr":"50","vervoerder":"InPost","puntType":"automaat","bezettingsgraad":50,"latitude":45.01925,"longitude":7.65998,"canPickup":true,"canDropoff":true,"openingstijden":null}},{"type":"Feature","geometry":{"type":"Point","coordinates":[7.70263,45.08536]},"properties":{"type":"pakketpunt","locatieNaam":"InPost Locker 24/7","straatNaam":"Via Bologna","straatNr":"134","vervoerder":"InPost","puntType":"automaat","bezettingsgraad":50,"latitude":45.08536,"longitude":7.70263,"canPickup":true,"canDropoff":true,"openingstijden":null}},{"type":"Feature","geometry":{"type":"Point","coordinates":[7.62925,45.03739]},"properties":{"type":"pakketpunt","locatieNaam":"InPost Locker 24/7","straatNaam":"Piazza Omero","straatNr":"1","vervoerder":"InPost","puntType":"automaat","bezettingsgraad":50,"latitude":45.03739,"longitude":7.62925,"canPickup":true,"canDropoff":true,"openingstijden":null}},{"type":"Feature","geometry":{"type":"Point","coordinates":[7.61411,45.08703]},"properties":{"type":"pakketpunt","locatieNaam":"InPost Locker 24/7","straatNaam":"via Servais","straatNr":"210","vervoerder":"InPost","puntType":"automaat","bezettingsgraad":50,"latitude":45.08703,"longitude":7.61411,"canPickup":true,"canDropoff":true,"openingstijden":null}},{"type":"Feature","geometry":{"type":"Point","coordinates":[7.60598,45.07431]},"properties":{"type":"pakketpunt","locatieNaam":"InPost Locker 24/7","straatNaam":"Corso Francia","straatNr":"462","vervoerder":"InPost","puntType":"automaat","bezettingsgraad":50,"latitude":45.07431,"longitude":7.60598,"canPickup":true,"canDropoff":true,"openingstijden":null}},{"type":"Feature","geometry":{"type":"Point","coordinates":[7.62392,45.08088]},"properties":{"type":"pakketpunt","locatieNaam":"InPost Locker 24/7","straatNaam":"Via Pietro Cossa","straatNr":"80","vervoerder":"InPost","puntType":"automaat","bezettingsgraad":50,"latitude":45.08088,"longitude":7.62392,"canPickup":true,"canDropoff":true,"openingstijden":null}},{"type":"Feature","geometry":{"type":"Point","coordinates":[7.71186,45.11639]},"properties":{"type":"pakketpunt","locatieNaam":"InPost Locker 24/7","straatNaam":"Corso Giulio Cesare","straatNr":"424","vervoerder":"InPost","puntType":"automaat","bezettingsgraad":50,"latitude":45.11639,"longitude":7.71186,"canPickup":true,"canDropoff":true,"openingstijden":null}},{"type":"Feature","geometry":{"type":"Point","coordinates":[7.65666,45.13216]},"properties":{"type":"pakketpunt","locatieNaam":"InPost Locker 24/7","straatNaam":"Strada Aeroporto","straatNr":"","vervoerder":"InPost","puntType":"automaat","bezettingsgraad":50,"latitude":45.13216,"longitude":7.65666,"canPickup":true,"canDropoff":true,"openingstijden":null}},{"type":"Feature","geometry":{"type":"Point","coordinates":[7.70878,45.09779]},"properties":{"type":"pakketpunt","locatieNaam":"InPost Locker 24/7","straatNaam":"C.so Taranto","straatNr":"101","vervoerder":"InPost","puntType":"automaat","bezettingsgraad":50,"latitude":45.09779,"longitude":7.70878,"canPickup":true,"canDropoff":true,"openingstijden":null}},{"type":"Feature","geometry":{"type":"Point","coordinates":[7.68682,45.09456]},"properties":{"type":"pakketpunt","locatieNaam":"InPost Locker 24/7","straatNaam":"Via Francesco Cigna","straatNr":"147","vervoerder":"InPost","puntType":"automaat","bezettingsgraad":50,"latitude":45.09456,"longitude":7.68682,"canPickup":true,"canDropoff":true,"openingstijden":null}},{"type":"Feature","geometry":{"type":"Point","coordinates":[7.73553,45.10074]},"properties":{"type":"pakketpunt","locatieNaam":"InPost Locker 24/7","straatNaam":"Strada di San Mauro","straatNr":"104","vervoerder":"InPost","puntType":"automaat","bezettingsgraad":50,"latitude":45.10074,"longitude":7.73553,"canPickup":true,"canDropoff":true,"openingstijden":null}},{"type":"Feature","geometry":{"type":"Point","coordinates":[7.64481,45.02371]},"properties":{"type":"pakketpunt","locatieNaam":"InPost Locker 24/7","straatNaam":"Corso Traiano","straatNr":"62","vervoerder":"InPost","puntType":"automaat","bezettingsgraad":50,"latitude":45.02371,"longitude":7.64481,"canPickup":true,"canDropoff":true,"openingstijden":null}},{"type":"Feature","geometry":{"type":"Point","coordinates":[7.72492,45.07348]},"properties":{"type":"pakketpunt","locatieNaam":"interno al supermercato vicino all'area carrelli","straatNaam":"Corso Cadore, 41 C","straatNr":"","vervoerder":"InPost","puntType":"automaat","bezettingsgraad":50,"latitude":45.07348,"longitude":7.72492,"canPickup":true,"canDropoff":true,"openingstijden":null}},{"type":"Feature","geometry":{"type":"Point","coordinates":[7.6667,45.03428]},"properties":{"type":"pakketpunt","locatieNaam":"scala mobile di accesso  al centro","straatNaam":"Via Ermanno Fenoglietti","straatNr":"15","vervoerder":"InPost","puntType":"automaat","bezettingsgraad":50,"latitude":45.03428,"longitude":7.6667,"canPickup":true,"canDropoff":true,"openingstijden":null}},{"type":"Feature","geometry":{"type":"Point","coordinates":[7.66363,45.10884]},"properties":{"type":"pakketpunt","locatieNaam":"InPost Locker 24/7","straatNaam":"Via Ettore Stampini","straatNr":"34 A","vervoerder":"InPost","puntType":"automaat","bezettingsgraad":50,"latitude":45.10884,"longitude":7.66363,"canPickup":true,"canDropoff":true,"openingstijden":null}},{"type":"Feature","geometry":{"type":"Point","coordinates":[7.62348,45.06901]},"properties":{"type":"pakketpunt","locatieNaam":"InPost Locker 24/7","straatNaam":"Corso Brunelleschi","straatNr":"70A","vervoerder":"InPost","puntType":"automaat","bezettingsgraad":50,"latitude":45.06901,"longitude":7.62348,"canPickup":true,"canDropoff":true,"openingstijden":null}},{"type":"Feature","geometry":{"type":"Point","coordinates":[7.70178,45.1036]},"properties":{"type":"pakketpunt","locatieNaam":"InPost Locker 24/7","straatNaam":"Corso Giulio Cesare","straatNr":"264 A","vervoerder":"InPost","puntType":"automaat","bezettingsgraad":50,"latitude":45.1036,"longitude":7.70178,"canPickup":true,"canDropoff":true,"openingstijden":null}},{"type":"Feature","geometry":{"type":"Point","coordinates":[7.64404,45.10917]},"properties":{"type":"pakketpunt","locatieNaam":"vicino negozio Euronics","straatNaam":"Strada Altessano","straatNr":"141","vervoerder":"InPost","puntType":"automaat","bezettingsgraad":50,"latitude":45.10917,"longitude":7.64404,"canPickup":true,"canDropoff":true,"openingstijden":null}},{"type":"Feature","geometry":{"type":"Point","coordinates":[7.70389,45.07034]},"properties":{"type":"pakketpunt","locatieNaam":"InPost Locker 24/7","straatNaam":"Corso Regina Margherita","straatNr":"18","vervoerder":"InPost","puntType":"automaat","bezettingsgraad":50,"latitude":45.07034,"longitude":7.70389,"canPickup":true,"canDropoff":true,"openingstijden":null}},{"type":"Feature","geometry":{"type":"Point","coordinates":[7.74518,45.10214]},"properties":{"type":"pakketpunt","locatieNaam":"InPost Locker 24/7","straatNaam":"Strada San Mauro","straatNr":"185","vervoerder":"InPost","puntType":"automaat","bezettingsgraad":50,"latitude":45.10214,"longitude":7.74518,"canPickup":true,"canDropoff":true,"openingstijden":null}},{"type":"Feature","geometry":{"type":"Point","coordinates":[7.67088,45.10456]},"properties":{"type":"pakketpunt","locatieNaam":"InPost Locker 24/7","straatNaam":"Corso Grosseto","straatNr":"215","vervoerder":"InPost","puntType":"automaat","bezettingsgraad":50,"latitude":45.10456,"longitude":7.67088,"canPickup":true,"canDropoff":true,"openingstijden":null}},{"type":"Feature","geometry":{"type":"Point","coordinates":[7.6742,45.11095]},"properties":{"type":"pakketpunt","locatieNaam":"InPost Locker 24/7","straatNaam":"Via Reiss Romoli","straatNr":"236 A","vervoerder":"InPost","puntType":"automaat","bezettingsgraad":50,"latitude":45.11095,"longitude":7.6742,"canPickup":true,"canDropoff":true,"openingstijden":null}},{"type":"Feature","geometry":{"type":"Point","coordinates":[7.67983,45.0335]},"properties":{"type":"pakketpunt","locatieNaam":"InPost Locker 24/7","straatNaam":"Corso Moncalieri","straatNr":"285","vervoerder":"InPost","puntType":"automaat","bezettingsgraad":50,"latitude":45.0335,"longitude":7.67983,"canPickup":true,"canDropoff":true,"openingstijden":null}},{"type":"Feature","geometry":{"type":"Point","coordinates":[7.64341,45.03658]},"properties":{"type":"pakketpunt","locatieNaam":"InPost Locker","straatNaam":"Via Buenos Aires","straatNr":"43a","vervoerder":"InPost","puntType":"automaat","bezettingsgraad":50,"latitude":45.03658,"longitude":7.64341,"canPickup":true,"canDropoff":true,"openingstijden":null}},{"type":"Feature","geometry":{"type":"Point","coordinates":[7.64278,45.04476]},"properties":{"type":"pakketpunt","locatieNaam":"InPost Locker 24/7","straatNaam":"Corso Orbassano","straatNr":"150/A","vervoerder":"InPost","puntType":"automaat","bezettingsgraad":50,"latitude":45.04476,"longitude":7.64278,"canPickup":true,"canDropoff":true,"openingstijden":null}},{"type":"Feature","geometry":{"type":"Point","coordinates":[7.65337,45.09516]},"properties":{"type":"pakketpunt","locatieNaam":"InPost Locker 24/7","straatNaam":"Via Verolengo","straatNr":"Snc","vervoerder":"InPost","puntType":"automaat","bezettingsgraad":50,"latitude":45.09516,"longitude":7.65337,"canPickup":true,"canDropoff":true,"openingstijden":null}},{"type":"Feature","geometry":{"type":"Point","coordinates":[7.65088,45.09393]},"properties":{"type":"pakketpunt","locatieNaam":"InPost Locker 24/7","straatNaam":"Via Pianezza","straatNr":"97D","vervoerder":"InPost","puntType":"automaat","bezettingsgraad":50,"latitude":45.09393,"longitude":7.65088,"canPickup":true,"canDropoff":true,"openingstijden":null}},{"type":"Feature","geometry":{"type":"Point","coordinates":[7.64106,45.04384]},"properties":{"type":"pakketpunt","locatieNaam":"InPost Locker 24/7","straatNaam":"Corso Orbassano","straatNr":"168","vervoerder":"InPost","puntType":"automaat","bezettingsgraad":50,"latitude":45.04384,"longitude":7.64106,"canPickup":true,"canDropoff":true,"openingstijden":null}},{"type":"Feature","geometry":{"type":"Point","coordinates":[7.64931,45.05124]},"properties":{"type":"pakketpunt","locatieNaam":"InPost Locker","straatNaam":"Via Tripoli","straatNr":"12","vervoerder":"InPost","puntType":"automaat","bezettingsgraad":50,"latitude":45.05124,"longitude":7.64931,"canPickup":true,"canDropoff":true,"openingstijden":null}},{"type":"Feature","geometry":{"type":"Point","coordinates":[7.60147,45.03768]},"properties":{"type":"pakketpunt","locatieNaam":"InPost Locker 24/7","straatNaam":"Strada Del Portone","straatNr":"123","vervoerder":"InPost","puntType":"automaat","bezettingsgraad":50,"latitude":45.03768,"longitude":7.60147,"canPickup":true,"canDropoff":true,"openingstijden":null}},{"type":"Feature","geometry":{"type":"Point","coordinates":[7.70392,45.12666]},"properties":{"type":"pakketpunt","locatieNaam":"InPost Locker 24/7","straatNaam":"Strada Cuorgnè","straatNr":"102/A","vervoerder":"InPost","puntType":"automaat","bezettingsgraad":50,"latitude":45.12666,"longitude":7.70392,"canPickup":true,"canDropoff":true,"openingstijden":null}},{"type":"Feature","geometry":{"type":"Point","coordinates":[7.67598,45.04754]},"properties":{"type":"pakketpunt","locatieNaam":"InPost Locker","straatNaam":"Via Madama Cristina","straatNr":"121","vervoerder":"InPost","puntType":"automaat","bezettingsgraad":50,"latitude":45.04754,"longitude":7.67598,"canPickup":true,"canDropoff":true,"openingstijden":null}},{"type":"Feature","geometry":{"type":"Point","coordinates":[7.62851,45.07938]},"properties":{"type":"pakketpunt","locatieNaam":"InPost Locker","straatNaam":"Via Vittorio Asinari di Bernezzo","straatNr":"95","vervoerder":"InPost","puntType":"automaat","bezettingsgraad":50,"latitude":45.07938,"longitude":7.62851,"canPickup":true,"canDropoff":true,"openingstijden":null}},{"type":"Feature","geometry":{"type":"Point","coordinates":[7.65551,45.03125]},"properties":{"type":"pakketpunt","locatieNaam":"InPost Locker","straatNaam":"Via Giordano Bruno","straatNr":"200","vervoerder":"InPost","puntType":"automaat","bezettingsgraad":50,"latitude":45.03125,"longitude":7.65551,"canPickup":true,"canDropoff":true,"openingstijden":null}},{"type":"Feature","geometry":{"type":"Point","coordinates":[7.6758,45.09916]},"properties":{"type":"pakketpunt","locatieNaam":"Speed Queen","straatNaam":"Via Breglio","straatNr":"91 E","vervoerder":"InPost","puntType":"automaat","bezettingsgraad":50,"latitude":45.09916,"longitude":7.6758,"canPickup":true,"canDropoff":true,"openingstijden":null}},{"type":"Feature","geometry":{"type":"Point","coordinates":[7.65854,45.0368]},"properties":{"type":"pakketpunt","locatieNaam":"entrata da parcheggio superiore, a destra delle scale mobili","straatNaam":"via Giordano Bruno","straatNr":"142","vervoerder":"InPost","puntType":"automaat","bezettingsgraad":50,"latitude":45.0368,"longitude":7.65854,"canPickup":true,"canDropoff":true,"openingstijden":null}},{"type":"Feature","geometry":{"type":"Point","coordinates":[7.69825,45.1105]},"properties":{"type":"pakketpunt","locatieNaam":"InPost Locker 24/7","straatNaam":"Corso Vercelli","straatNr":"272A","vervoerder":"InPost","puntType":"automaat","bezettingsgraad":50,"latitude":45.1105,"longitude":7.69825,"canPickup":true,"canDropoff":true,"openingstijden":null}},{"type":"Feature","geometry":{"type":"Point","coordinates":[7.62271,45.01228]},"properties":{"type":"pakketpunt","locatieNaam":"InPost Locker 24/7","straatNaam":"Corso Unione Sovietica","straatNr":"614A","vervoerder":"InPost","puntType":"automaat","bezettingsgraad":50,"latitude":45.01228,"longitude":7.62271,"canPickup":true,"canDropoff":true,"openingstijden":null}},{"type":"Feature","geometry":{"type":"Point","coordinates":[7.6565288,45.0144668]},"properties":{"type":"pakketpunt","locatieNaam":"GOLDBET","straatNaam":"Via Candiolo","straatNr":"20/b","vervoerder":"GLS","puntType":"parcel_shop","bezettingsgraad":50,"latitude":45.0144668,"longitude":7.6565288,"canPickup":true,"canDropoff":true,"openingstijden":"za: 14:00 - 19:00; zo: 14:00 - 19:00"}},{"type":"Feature","geometry":{"type":"Point","coordinates":[7.61773634,45.03262329]},"properties":{"type":"pakketpunt","locatieNaam":"GLS Locker TO037B presso IPlanet Corso Orbassano","straatNaam":"Corso Orbassano","straatNr":"414","vervoerder":"GLS","puntType":"locker","bezettingsgraad":50,"latitude":45.03262329,"longitude":7.61773634,"canPickup":true,"canDropoff":false,"openingstijden":"za: 00:00 - 23:30; zo: 00:00 - 23:30"}},{"type":"Feature","geometry":{"type":"Point","coordinates":[7.6190687,45.0435348]},"properties":{"type":"pakketpunt","locatieNaam":"Cartoleria La Mina","straatNaam":"Via Paolo Gaidano","straatNr":"168","vervoerder":"GLS","puntType":"parcel_shop","bezettingsgraad":50,"latitude":45.0435348,"longitude":7.6190687,"canPickup":true,"canDropoff":true,"openingstijden":"za: 09:00 - 12:30; ma: 09:00 - 12:30, 15:30 - 19:30"}},{"type":"Feature","geometry":{"type":"Point","coordinates":[7.6195828,45.0647344]},"properties":{"type":"pakketpunt","locatieNaam":"Eco Store","straatNaam":"Via Monginevro","straatNr":"250","vervoerder":"GLS","puntType":"parcel_shop","bezettingsgraad":50,"latitude":45.0647344,"longitude":7.6195828,"canPickup":true,"canDropoff":true,"openingstijden":"za: 09:00 - 13:00; ma: 09:00 - 19:00"}},{"type":"Feature","geometry":{"type":"Point","coordinates":[7.6175804,45.0718351]},"properties":{"type":"pakketpunt","locatieNaam":"PRIMA PAGINA Vandalino","straatNaam":"Via Vandalino","straatNr":"48/F","vervoerder":"GLS","puntType":"parcel_shop","bezettingsgraad":50,"latitude":45.0718351,"longitude":7.6175804,"canPickup":true,"canDropoff":true,"openingstijden":"za: 08:30 - 13:00; zo: 08:30 - 12:30"}},{"type":"Feature","geometry":{"type":"Point","coordinates":[7.6208929,45.0718991]},"properties":{"type":"pakketpunt","locatieNaam":"tabaccheria PANETTA","straatNaam":"Via Vandalino","straatNr":"20","vervoerder":"GLS","puntType":"parcel_shop","bezettingsgraad":50,"latitude":45.0718991,"longitude":7.6208929,"canPickup":true,"canDropoff":true,"openingstijden":"za: 07:30 - 13:30, 15:00 - 19:00; ma: 07:30 - 13:00, 15:00 - 19:30"}},{"type":"Feature","geometry":{"type":"Point","coordinates":[7.6119946,45.0734438]},"properties":{"type":"pakketpunt","locatieNaam":"mercatino K nuovo e usato","straatNaam":"Via Pietro Abate Chanoux","straatNr":"12 interno 20","vervoerder":"GLS","puntType":"parcel_shop","bezettingsgraad":50,"latitude":45.0734438,"longitude":7.6119946,"canPickup":true,"canDropoff":true,"openingstijden":"za: 09:30 - 12:30, 15:30 - 19:30; ma: 15:30 - 19:30"}},{"type":"Feature","geometry":{"type":"Point","coordinates":[7.62274,45.014949]},"properties":{"type":"pakketpunt","locatieNaam":"tabaccheria la svolta","straatNaam":"Via Cabrini","straatNr":"7","vervoerder":"GLS","puntType":"parcel_shop","bezettingsgraad":50,"latitude":45.014949,"longitude":7.62274,"canPickup":true,"canDropoff":true,"openingstijden":"za: 07:00 - 19:30; ma: 07:00 - 19:30"}},{"type":"Feature","geometry":{"type":"Point","coordinates":[7.632689,45.0165383]},"properties":{"type":"pakketpunt","locatieNaam":"Tabaccheria Gualdi di Gualdi Piereugenio","straatNaam":"Via Palmiro Togliatti","straatNr":"22/A","vervoerder":"GLS","puntType":"parcel_shop","bezettingsgraad":50,"latitude":45.0165383,"longitude":7.632689,"canPickup":true,"canDropoff":true,"openingstijden":"za: 08:00 - 19:30; ma: 08:00 - 19:30"}},{"type":"Feature","geometry":{"type":"Point","coordinates":[7.6217567,45.01766]},"properties":{"type":"pakketpunt","locatieNaam":"Tabaccheria 516","straatNaam":"Via Plava","straatNr":"63/a","vervoerder":"GLS","puntType":"parcel_shop","bezettingsgraad":50,"latitude":45.01766,"longitude":7.6217567,"canPickup":true,"canDropoff":true,"openingstijden":"za: 08:00 - 19:30; ma: 07:30 - 19:30"}},{"type":"Feature","geometry":{"type":"Point","coordinates":[7.642808,45.022714]},"properties":{"type":"pakketpunt","locatieNaam":"MONDO DI CARTA","straatNaam":"Via Pietro Francesco Guala","straatNr":"121/b","vervoerder":"GLS","puntType":"parcel_shop","bezettingsgraad":50,"latitude":45.022714,"longitude":7.642808,"canPickup":true,"canDropoff":true,"openingstijden":"za: 09:00 - 12:30, 16:00 - 19:00; ma: 08:30 - 12:30, 15:30 - 19:30"}},{"type":"Feature","geometry":{"type":"Point","coordinates":[7.6491696,45.0227395]},"properties":{"type":"pakketpunt","locatieNaam":"CARTOLIBRERIA K2","straatNaam":"Corso Traiano","straatNr":"101/A","vervoerder":"GLS","puntType":"parcel_shop","bezettingsgraad":50,"latitude":45.0227395,"longitude":7.6491696,"canPickup":true,"canDropoff":true,"openingstijden":"za: 09:00 - 13:00, 15:30 - 19:30; ma: 15:30 - 19:30"}},{"type":"Feature","geometry":{"type":"Point","coordinates":[7.6641014,45.0237964]},"properties":{"type":"pakketpunt","locatieNaam":"bar piemonte","straatNaam":"Via Nizza","straatNr":"341","vervoerder":"GLS","puntType":"parcel_shop","bezettingsgraad":50,"latitude":45.0237964,"longitude":7.6641014,"canPickup":true,"canDropoff":true,"openingstijden":"za: 06:00 - 20:30; zo: 07:30 - 13:30"}},{"type":"Feature","geometry":{"type":"Point","coordinates":[7.6537863,45.0244982]},"properties":{"type":"pakketpunt","locatieNaam":"CARTO 66","straatNaam":"Via Passo Buole","straatNr":"66","vervoerder":"GLS","puntType":"parcel_shop","bezettingsgraad":50,"latitude":45.0244982,"longitude":7.6537863,"canPickup":true,"canDropoff":true,"openingstijden":"za: 07:30 - 12:30, 15:00 - 19:00; ma: 07:30 - 12:30, 15:00 - 19:00"}},{"type":"Feature","geometry":{"type":"Point","coordinates":[7.6415718,45.0253924]},"properties":{"type":"pakketpunt","locatieNaam":"HIgh-definition","straatNaam":"Corso Traiano","straatNr":"23","vervoerder":"GLS","puntType":"parcel_shop","bezettingsgraad":50,"latitude":45.0253924,"longitude":7.6415718,"canPickup":true,"canDropoff":true,"openingstijden":"za: 09:00 - 12:30, 16:00 - 19:00; di: 09:00 - 12:30, 16:00 - 19:00"}},{"type":"Feature","geometry":{"type":"Point","coordinates":[7.6432307,45.0281608]},"properties":{"type":"pakketpunt","locatieNaam":"VETRI E PORTE DECOR","straatNaam":"Via Passo Buole","straatNr":"168","vervoerder":"GLS","puntType":"parcel_shop","bezettingsgraad":50,"latitude":45.0281608,"longitude":7.6432307,"canPickup":true,"canDropoff":true,"openingstijden":"ma: 08:30 - 18:00; di: 08:30 - 18:00"}},{"type":"Feature","geometry":{"type":"Point","coordinates":[7.6710443,45.031298]},"properties":{"type":"pakketpunt","locatieNaam":"TABACCHERIA 347 - RICEVITORIA - EDICOLA","straatNaam":"Via Ventimiglia","straatNr":"56/D","vervoerder":"GLS","puntType":"parcel_shop","bezettingsgraad":50,"latitude":45.031298,"longitude":7.6710443,"canPickup":true,"canDropoff":true,"openingstijden":"za: 07:30 - 13:00, 14:30 - 19:00; ma: 07:00 - 13:00, 13:00 - 19:30"}},{"type":"Feature","geometry":{"type":"Point","coordinates":[7.6712022,45.0316756]},"properties":{"type":"pakketpunt","locatieNaam":"Copisteria Flash","straatNaam":"Via Ventimiglia","straatNr":"50/c","vervoerder":"GLS","puntType":"parcel_shop","bezettingsgraad":50,"latitude":45.0316756,"longitude":7.6712022,"canPickup":true,"canDropoff":true,"openingstijden":"za: 09:00 - 13:00; ma: 09:00 - 13:00, 15:00 - 18:30"}},{"type":"Feature","geometry":{"type":"Point","coordinates":[7.6485148,45.0340795]},"properties":{"type":"pakketpunt","locatieNaam":"La Stampa - Tuttosport","straatNaam":"Corso Unione Sovietica","straatNr":"237/F ","vervoerder":"GLS","puntType":"parcel_shop","bezettingsgraad":50,"latitude":45.0340795,"longitude":7.6485148,"canPickup":true,"canDropoff":true,"openingstijden":"za: 07:30 - 12:30; ma: 07:30 - 12:30, 15:30 - 18:30"}},{"type":"Feature","geometry":{"type":"Point","coordinates":[7.6669445,45.03465652]},"properties":{"type":"pakketpunt","locatieNaam":"GLS Locker TO028B presso CC Lingotto - area locker","straatNaam":"Via Ermano Fenoglietti","straatNr":"15","vervoerder":"GLS","puntType":"locker","bezettingsgraad":50,"latitude":45.03465652,"longitude":7.6669445,"canPickup":true,"canDropoff":false,"openingstijden":"za: 10:00 - 20:30; zo: 10:00 - 20:30"}},{"type":"Feature","geometry":{"type":"Point","coordinates":[7.6706423,45.0352963]},"properties":{"type":"pakketpunt","locatieNaam":"parrucchierra","straatNaam":"Via Genova","straatNr":"52/D","vervoerder":"GLS","puntType":"parcel_shop","bezettingsgraad":50,"latitude":45.0352963,"longitude":7.6706423,"canPickup":true,"canDropoff":true,"openingstijden":"za: 09:00 - 18:00; di: 09:00 - 18:00"}},{"type":"Feature","geometry":{"type":"Point","coordinates":[7.6544747,45.03582]},"properties":{"type":"pakketpunt","locatieNaam":"GLS Locker TO013B presso Internet e Service","straatNaam":"Via Montevideo","straatNr":"20/B","vervoerder":"GLS","puntType":"locker","bezettingsgraad":50,"latitude":45.03582,"longitude":7.6544747,"canPickup":true,"canDropoff":false,"openingstijden":"ma: 09:00 - 13:00, 15:00 - 19:30; di: 09:00 - 13:00, 15:00 - 19:30"}},{"type":"Feature","geometry":{"type":"Point","coordinates":[7.6688327,45.0358875]},"properties":{"type":"pakketpunt","locatieNaam":"L'Edicola Cartoleria","straatNaam":"Via Nizza","straatNr":"231/D","vervoerder":"GLS","puntType":"parcel_shop","bezettingsgraad":50,"latitude":45.0358875,"longitude":7.6688327,"canPickup":true,"canDropoff":true,"openingstijden":"za: 07:30 - 13:00, 16:00 - 19:00; zo: 08:00 - 12:30"}},{"type":"Feature","geometry":{"type":"Point","coordinates":[7.6433448,45.0363725]},"properties":{"type":"pakketpunt","locatieNaam":"EWA - European Webmasters Agency","straatNaam":"Via Buenos Aires","straatNr":"43/a","vervoerder":"GLS","puntType":"parcel_shop","bezettingsgraad":50,"latitude":45.0363725,"longitude":7.6433448,"canPickup":true,"canDropoff":true,"openingstijden":"za: 09:00 - 12:30; ma: 09:00 - 12:30, 15:00 - 18:00"}},{"type":"Feature","geometry":{"type":"Point","coordinates":[7.6511763,45.0365187]},"properties":{"type":"pakketpunt","locatieNaam":"la stampa","straatNaam":"C. So Unione Sovietica","straatNr":"213c","vervoerder":"GLS","puntType":"parcel_shop","bezettingsgraad":50,"latitude":45.0365187,"longitude":7.6511763,"canPickup":true,"canDropoff":true,"openingstijden":"za: 06:00 - 14:00; zo: 06:00 - 14:00"}},{"type":"Feature","geometry":{"type":"Point","coordinates":[7.655354,45.03904]},"properties":{"type":"pakketpunt","locatieNaam":"Cialdeweb","straatNaam":"Via Filadelfia","straatNr":"51","vervoerder":"GLS","puntType":"parcel_shop","bezettingsgraad":50,"latitude":45.03904,"longitude":7.655354,"canPickup":true,"canDropoff":true,"openingstijden":"za: 09:00 - 13:00, 15:30 - 19:30; ma: 09:00 - 13:00, 15:30 - 19:30"}},{"type":"Feature","geometry":{"type":"Point","coordinates":[7.635913,45.041045]},"properties":{"type":"pakketpunt","locatieNaam":"Frutta e verdura Campo Barbara","straatNaam":"Via San Marino","straatNr":"108","vervoerder":"GLS","puntType":"parcel_shop","bezettingsgraad":50,"latitude":45.041045,"longitude":7.635913,"canPickup":true,"canDropoff":true,"openingstijden":"za: 08:00 - 13:00, 16:30 - 19:00; ma: 08:00 - 13:00, 16:30 - 19:00"}},{"type":"Feature","geometry":{"type":"Point","coordinates":[7.6441319,45.0426202]},"properties":{"type":"pakketpunt","locatieNaam":"Cartoleria L'Abecedario","straatNaam":"Via Tripoli","straatNr":"118 A","vervoerder":"GLS","puntType":"parcel_shop","bezettingsgraad":50,"latitude":45.0426202,"longitude":7.6441319,"canPickup":true,"canDropoff":true,"openingstijden":"ma: 09:30 - 12:30, 16:00 - 19:00; di: 09:30 - 12:30, 16:00 - 19:00"}},{"type":"Feature","geometry":{"type":"Point","coordinates":[7.6294235,45.0443941]},"properties":{"type":"pakketpunt","locatieNaam":"LA STAMPA - TUTTOSPORT","straatNaam":"Via Guido Reni","straatNr":"151/B","vervoerder":"GLS","puntType":"parcel_shop","bezettingsgraad":50,"latitude":45.0443941,"longitude":7.6294235,"canPickup":true,"canDropoff":true,"openingstijden":"za: 06:00 - 13:00, 16:00 - 18:00; zo: 07:00 - 13:00"}},{"type":"Feature","geometry":{"type":"Point","coordinates":[7.6338453,45.044431]},"properties":{"type":"pakketpunt","locatieNaam":"Derby Football Center","straatNaam":"Corso Siracusa","straatNr":"112/B","vervoerder":"GLS","puntType":"parcel_shop","bezettingsgraad":50,"latitude":45.044431,"longitude":7.6338453,"canPickup":true,"canDropoff":true,"openingstijden":"za: 10:00 - 12:30; ma: 16:00 - 19:30"}},{"type":"Feature","geometry":{"type":"Point","coordinates":[7.6758943,45.0451725]},"properties":{"type":"pakketpunt","locatieNaam":"Eurolibri","straatNaam":"Via Ormea","straatNr":"142","vervoerder":"GLS","puntType":"parcel_shop","bezettingsgraad":50,"latitude":45.0451725,"longitude":7.6758943,"canPickup":true,"canDropoff":true,"openingstijden":"ma: 09:30 - 13:00, 15:00 - 19:30; di: 09:30 - 13:00, 15:00 - 19:30"}},{"type":"Feature","geometry":{"type":"Point","coordinates":[7.6757141,45.0480475]},"properties":{"type":"pakketpunt","locatieNaam":"Capsule e caffe'","straatNaam":"Via Madama Cristina","straatNr":"98/e","vervoerder":"GLS","puntType":"parcel_shop","bezettingsgraad":50,"latitude":45.0480475,"longitude":7.6757141,"canPickup":true,"canDropoff":true,"openingstijden":"za: 09:00 - 13:00, 15:00 - 19:00; ma: 09:00 - 13:00, 15:00 - 19:00"}},{"type":"Feature","geometry":{"type":"Point","coordinates":[7.6413012,45.0486282]},"properties":{"type":"pakketpunt","locatieNaam":"LA STAMPA / TUTTO SPORT","straatNaam":"Via Barletta","straatNr":"92/B","vervoerder":"GLS","puntType":"parcel_shop","bezettingsgraad":50,"latitude":45.0486282,"longitude":7.6413012,"canPickup":true,"canDropoff":true,"openingstijden":"za: 06:00 - 19:30; zo: 06:00 - 12:30"}},{"type":"Feature","geometry":{"type":"Point","coordinates":[7.650754,45.0517616]},"properties":{"type":"pakketpunt","locatieNaam":"GLS Locker TO027B presso Trilly Express","straatNaam":"Largo Tirreno","straatNr":"121C","vervoerder":"GLS","puntType":"locker","bezettingsgraad":50,"latitude":45.0517616,"longitude":7.650754,"canPickup":true,"canDropoff":false,"openingstijden":"za: 08:30 - 12:30; ma: 08:30 - 12:30, 15:00 - 19:00"}},{"type":"Feature","geometry":{"type":"Point","coordinates":[7.6533208,45.0522593]},"properties":{"type":"pakketpunt","locatieNaam":"REGGIA DEI SERVIZI TORINO","straatNaam":"Corso Adriatico","straatNr":"8 C","vervoerder":"GLS","puntType":"parcel_shop","bezettingsgraad":50,"latitude":45.0522593,"longitude":7.6533208,"canPickup":true,"canDropoff":true,"openingstijden":"za: 09:00 - 13:00; ma: 08:30 - 12:30, 15:30 - 18:30"}},{"type":"Feature","geometry":{"type":"Point","coordinates":[7.6570985,45.0538983]},"properties":{"type":"pakketpunt","locatieNaam":"OTTICA DUCA","straatNaam":"Corso Duca Degli Abruzzi","straatNr":"91/A","vervoerder":"GLS","puntType":"parcel_shop","bezettingsgraad":50,"latitude":45.0538983,"longitude":7.6570985,"canPickup":true,"canDropoff":true,"openingstijden":"za: 15:30 - 19:00; di: 10:00 - 12:00, 16:00 - 18:00"}},{"type":"Feature","geometry":{"type":"Point","coordinates":[7.6507894,45.0541507]},"properties":{"type":"pakketpunt","locatieNaam":"panetteria pasticceria","straatNaam":"Corso Rosselli","straatNr":"125","vervoerder":"GLS","puntType":"parcel_shop","bezettingsgraad":50,"latitude":45.0541507,"longitude":7.6507894,"canPickup":true,"canDropoff":true,"openingstijden":"za: 07:00 - 13:30, 16:00 - 19:30; ma: 07:00 - 13:30, 16:00 - 19:30"}},{"type":"Feature","geometry":{"type":"Point","coordinates":[7.670146,45.0560989]},"properties":{"type":"pakketpunt","locatieNaam":"GLS Locker TO016B presso iPhone Repair","straatNaam":"Via Vincenzo Gioberti","straatNr":"73/c","vervoerder":"GLS","puntType":"locker","bezettingsgraad":50,"latitude":45.0560989,"longitude":7.670146,"canPickup":true,"canDropoff":false,"openingstijden":"ma: 09:00 - 12:30, 15:00 - 18:30; di: 09:00 - 12:30, 15:00 - 18:30"}},{"type":"Feature","geometry":{"type":"Point","coordinates":[7.6713367,45.0561807]},"properties":{"type":"pakketpunt","locatieNaam":"INCARTUCCIA","straatNaam":"Via San Secondo","straatNr":"55A","vervoerder":"GLS","puntType":"parcel_shop","bezettingsgraad":50,"latitude":45.0561807,"longitude":7.6713367,"canPickup":true,"canDropoff":true,"openingstijden":"za: 09:30 - 12:30; ma: 15:30 - 19:30"}},{"type":"Feature","geometry":{"type":"Point","coordinates":[7.6404308,45.0572259]},"properties":{"type":"pakketpunt","locatieNaam":"Quboticket","straatNaam":"Corso Carlo E Nello Rosselli","straatNr":"206/a","vervoerder":"GLS","puntType":"parcel_shop","bezettingsgraad":50,"latitude":45.0572259,"longitude":7.6404308,"canPickup":true,"canDropoff":true,"openingstijden":"za: 09:30 - 12:30; ma: 08:30 - 13:00, 15:00 - 19:00"}},{"type":"Feature","geometry":{"type":"Point","coordinates":[7.647295,45.0587769]},"properties":{"type":"pakketpunt","locatieNaam":"GLS Locker TO015B presso Autolavaggio M.C. Wash","straatNaam":"Via Malta","straatNr":"39","vervoerder":"GLS","puntType":"locker","bezettingsgraad":50,"latitude":45.0587769,"longitude":7.647295,"canPickup":true,"canDropoff":false,"openingstijden":"za: 07:30 - 21:30; zo: 07:30 - 21:30"}},{"type":"Feature","geometry":{"type":"Point","coordinates":[7.6813941,45.059112]},"properties":{"type":"pakketpunt","locatieNaam":"TABACCHERIA","straatNaam":"Via Berthollet","straatNr":"17/f","vervoerder":"GLS","puntType":"parcel_shop","bezettingsgraad":50,"latitude":45.059112,"longitude":7.6813941,"canPickup":true,"canDropoff":true,"openingstijden":"za: 07:30 - 19:30; ma: 07:30 - 19:30"}},{"type":"Feature","geometry":{"type":"Point","coordinates":[7.6609132,45.0594027]},"properties":{"type":"pakketpunt","locatieNaam":"ALAFIN Consulenza e Servizi","straatNaam":"Via Marco Polo","straatNr":"3","vervoerder":"GLS","puntType":"parcel_shop","bezettingsgraad":50,"latitude":45.0594027,"longitude":7.6609132,"canPickup":true,"canDropoff":true,"openingstijden":"ma: 09:00 - 18:00; di: 09:00 - 18:00"}},{"type":"Feature","geometry":{"type":"Point","coordinates":[7.6477469,45.0602181]},"properties":{"type":"pakketpunt","locatieNaam":"BigManoo","straatNaam":"Via Malta","straatNr":"8c","vervoerder":"GLS","puntType":"parcel_shop","bezettingsgraad":50,"latitude":45.0602181,"longitude":7.6477469,"canPickup":true,"canDropoff":true,"openingstijden":"za: 10:00 - 13:00, 15:00 - 19:30; ma: 15:00 - 19:30"}},{"type":"Feature","geometry":{"type":"Point","coordinates":[7.6596708,45.0605292]},"properties":{"type":"pakketpunt","locatieNaam":"Tabaccheria 400","straatNaam":"Corso Einaudi","straatNr":"53","vervoerder":"GLS","puntType":"parcel_shop","bezettingsgraad":50,"latitude":45.0605292,"longitude":7.6596708,"canPickup":true,"canDropoff":true,"openingstijden":"za: 08:00 - 13:00; ma: 07:30 - 19:00"}},{"type":"Feature","geometry":{"type":"Point","coordinates":[7.6593403,45.0606201]},"properties":{"type":"pakketpunt","locatieNaam":"PC Market","straatNaam":"Corso Luigi Einaudi","straatNr":"55d","vervoerder":"GLS","puntType":"parcel_shop","bezettingsgraad":50,"latitude":45.0606201,"longitude":7.6593403,"canPickup":true,"canDropoff":true,"openingstijden":"za: 09:30 - 13:00; ma: 09:30 - 13:00, 15:30 - 19:30"}},{"type":"Feature","geometry":{"type":"Point","coordinates":[7.6819627,45.0625278]},"properties":{"type":"pakketpunt","locatieNaam":"BIBI GRAMAGLIA","straatNaam":"Via Carlo Alberto","straatNr":"42/A","vervoerder":"GLS","puntType":"parcel_shop","bezettingsgraad":50,"latitude":45.0625278,"longitude":7.6819627,"canPickup":true,"canDropoff":true,"openingstijden":"za: 10:30 - 13:00, 15:30 - 19:00; di: 10:30 - 13:00, 15:30 - 19:00"}},{"type":"Feature","geometry":{"type":"Point","coordinates":[7.6476634,45.0629994]},"properties":{"type":"pakketpunt","locatieNaam":"BAR Codice a bar","straatNaam":"Via Dante Di Nanni","straatNr":"114","vervoerder":"GLS","puntType":"parcel_shop","bezettingsgraad":50,"latitude":45.0629994,"longitude":7.6476634,"canPickup":true,"canDropoff":true,"openingstijden":"za: 07:00 - 19:00; ma: 07:00 - 13:00, 15:30 - 19:00"}},{"type":"Feature","geometry":{"type":"Point","coordinates":[7.6516858,45.0639345]},"properties":{"type":"pakketpunt","locatieNaam":"GLS Locker TO008A presso Lav@sciuga in Corso Peschiera","straatNaam":"Corso Peschiera","straatNr":"156/A","vervoerder":"GLS","puntType":"locker","bezettingsgraad":50,"latitude":45.0639345,"longitude":7.6516858,"canPickup":true,"canDropoff":false,"openingstijden":"za: 08:00 - 22:00; zo: 08:00 - 22:00"}},{"type":"Feature","geometry":{"type":"Point","coordinates":[7.6767244,45.0642207]},"properties":{"type":"pakketpunt","locatieNaam":"Non Solo Essenze","straatNaam":"Via Arsenale","straatNr":"42/A","vervoerder":"GLS","puntType":"parcel_shop","bezettingsgraad":50,"latitude":45.0642207,"longitude":7.6767244,"canPickup":true,"canDropoff":true,"openingstijden":"za: 10:30 - 13:00, 15:00 - 18:30; ma: 10:30 - 18:30"}},{"type":"Feature","geometry":{"type":"Point","coordinates":[7.6422602,45.0643708]},"properties":{"type":"pakketpunt","locatieNaam":"TABACCHERIA","straatNaam":"Via Monginevro","straatNr":"93/D","vervoerder":"GLS","puntType":"parcel_shop","bezettingsgraad":50,"latitude":45.0643708,"longitude":7.6422602,"canPickup":true,"canDropoff":true,"openingstijden":"za: 08:30 - 12:00, 14:30 - 19:00; ma: 07:30 - 19:00"}},{"type":"Feature","geometry":{"type":"Point","coordinates":[7.6333469,45.0648843]},"properties":{"type":"pakketpunt","locatieNaam":"IDEA FOTO","straatNaam":"Via Stelvio","straatNr":"4/B","vervoerder":"GLS","puntType":"parcel_shop","bezettingsgraad":50,"latitude":45.0648843,"longitude":7.6333469,"canPickup":true,"canDropoff":true,"openingstijden":"za: 10:00 - 13:30; ma: 10:00 - 13:00, 16:00 - 19:30"}},{"type":"Feature","geometry":{"type":"Point","coordinates":[7.6364391,45.0651189]},"properties":{"type":"pakketpunt","locatieNaam":"Tabaccheria 363","straatNaam":"Corso Trapani","straatNr":"146","vervoerder":"GLS","puntType":"parcel_shop","bezettingsgraad":50,"latitude":45.0651189,"longitude":7.6364391,"canPickup":true,"canDropoff":true,"openingstijden":"za: 07:00 - 13:00, 15:00 - 19:00; ma: 07:00 - 13:00, 15:00 - 19:00"}},{"type":"Feature","geometry":{"type":"Point","coordinates":[7.656775,45.0653535]},"properties":{"type":"pakketpunt","locatieNaam":"Bar La Quercia","straatNaam":"Via Paolo Borsellino","straatNr":"01","vervoerder":"GLS","puntType":"parcel_shop","bezettingsgraad":50,"latitude":45.0653535,"longitude":7.656775,"canPickup":true,"canDropoff":true,"openingstijden":"za: 07:00 - 13:00, 16:00 - 22:00; zo: 07:00 - 13:00"}},{"type":"Feature","geometry":{"type":"Point","coordinates":[7.652312,45.0666004]},"properties":{"type":"pakketpunt","locatieNaam":"PARAFARMACIA OLISTICA MELOGRANO","straatNaam":"Via Vigone","straatNr":"24/E","vervoerder":"GLS","puntType":"parcel_shop","bezettingsgraad":50,"latitude":45.0666004,"longitude":7.652312,"canPickup":true,"canDropoff":true,"openingstijden":"za: 08:30 - 12:30, 15:30 - 19:30; ma: 08:30 - 12:30, 15:30 - 19:30"}},{"type":"Feature","geometry":{"type":"Point","coordinates":[7.6509722,45.0666816]},"properties":{"type":"pakketpunt","locatieNaam":"REALIZZA","straatNaam":"Via Dante Di Nanni","straatNr":"68","vervoerder":"GLS","puntType":"parcel_shop","bezettingsgraad":50,"latitude":45.0666816,"longitude":7.6509722,"canPickup":true,"canDropoff":true,"openingstijden":"za: 09:30 - 12:30; ma: 15:30 - 19:00"}},{"type":"Feature","geometry":{"type":"Point","coordinates":[7.6912692,45.0670942]},"properties":{"type":"pakketpunt","locatieNaam":"GLS Locker TO007A presso Lav@sciuga in Via San Massimo","straatNaam":"Via San Massimo","straatNr":"4 D","vervoerder":"GLS","puntType":"locker","bezettingsgraad":50,"latitude":45.0670942,"longitude":7.6912692,"canPickup":true,"canDropoff":false,"openingstijden":"za: 08:00 - 22:00; zo: 08:00 - 22:00"}},{"type":"Feature","geometry":{"type":"Point","coordinates":[7.6473241,45.0672909]},"properties":{"type":"pakketpunt","locatieNaam":"La Cartoleria","straatNaam":"Via Emanuele Luserna Di Rora","straatNr":"15B","vervoerder":"GLS","puntType":"parcel_shop","bezettingsgraad":50,"latitude":45.0672909,"longitude":7.6473241,"canPickup":true,"canDropoff":true,"openingstijden":"za: 10:00 - 13:30, 16:00 - 19:00; ma: 08:30 - 13:00, 16:30 - 19:00"}},{"type":"Feature","geometry":{"type":"Point","coordinates":[7.7152406,45.0682007]},"properties":{"type":"pakketpunt","locatieNaam":"POSTA CENTRALE","straatNaam":"Corso Casale","straatNr":"122A","vervoerder":"GLS","puntType":"parcel_shop","bezettingsgraad":50,"latitude":45.0682007,"longitude":7.7152406,"canPickup":true,"canDropoff":true,"openingstijden":"ma: 08:30 - 15:00; di: 08:30 - 12:30, 15:00 - 18:00"}},{"type":"Feature","geometry":{"type":"Point","coordinates":[7.66453266,45.06904221]},"properties":{"type":"pakketpunt","locatieNaam":"GLS Locker TO003A presso TIME Lounge Bar","straatNaam":"Via Sant'Antonio Da Padova","straatNr":"14","vervoerder":"GLS","puntType":"locker","bezettingsgraad":50,"latitude":45.06904221,"longitude":7.66453266,"canPickup":true,"canDropoff":false,"openingstijden":"za: 07:00 - 13:00; ma: 07:00 - 19:00"}},{"type":"Feature","geometry":{"type":"Point","coordinates":[7.6947002,45.0690432]},"properties":{"type":"pakketpunt","locatieNaam":"LIBROPOLI","straatNaam":"Via Sant'Ottavio","straatNr":"25","vervoerder":"GLS","puntType":"parcel_shop","bezettingsgraad":50,"latitude":45.0690432,"longitude":7.6947002,"canPickup":true,"canDropoff":true,"openingstijden":"za: 09:30 - 13:00; ma: 09:00 - 18:30"}},{"type":"Feature","geometry":{"type":"Point","coordinates":[7.7033355,45.0690805]},"properties":{"type":"pakketpunt","locatieNaam":"Pancaffe' bakery","straatNaam":"Via Giovanni Francesco Napione","straatNr":"36 b","vervoerder":"GLS","puntType":"parcel_shop","bezettingsgraad":50,"latitude":45.0690805,"longitude":7.7033355,"canPickup":true,"canDropoff":true,"openingstijden":"za: 07:30 - 11:30; ma: 07:30 - 17:30"}},{"type":"Feature","geometry":{"type":"Point","coordinates":[7.6404147,45.0695987]},"properties":{"type":"pakketpunt","locatieNaam":"Fixit Informatica","straatNaam":"Via Vicoforte","straatNr":"8","vervoerder":"GLS","puntType":"parcel_shop","bezettingsgraad":50,"latitude":45.0695987,"longitude":7.6404147,"canPickup":true,"canDropoff":true,"openingstijden":"ma: 10:00 - 18:00; di: 09:30 - 12:30, 15:30 - 18:30"}},{"type":"Feature","geometry":{"type":"Point","coordinates":[7.6535485,45.0696964]},"properties":{"type":"pakketpunt","locatieNaam":"DHL - TraMa Express New","straatNaam":"Via Dante Di Nanni","straatNr":"10d","vervoerder":"GLS","puntType":"parcel_shop","bezettingsgraad":50,"latitude":45.0696964,"longitude":7.6535485,"canPickup":true,"canDropoff":true,"openingstijden":"ma: 08:00 - 19:00; di: 08:00 - 19:00"}},{"type":"Feature","geometry":{"type":"Point","coordinates":[7.6825779,45.0703445]},"properties":{"type":"pakketpunt","locatieNaam":"PARA-MARKET PARAFARMACIA DOTT.GUALDI","straatNaam":"Via Xx Settembre","straatNr":"57","vervoerder":"GLS","puntType":"parcel_shop","bezettingsgraad":50,"latitude":45.0703445,"longitude":7.6825779,"canPickup":true,"canDropoff":true,"openingstijden":"za: 09:30 - 23:00; zo: 09:30 - 13:00, 15:00 - 23:00"}},{"type":"Feature","geometry":{"type":"Point","coordinates":[7.63337,45.07068]},"properties":{"type":"pakketpunt","locatieNaam":"Servizi Postali & c.","straatNaam":"Corso Peschiera","straatNr":"271/B","vervoerder":"GLS","puntType":"parcel_shop","bezettingsgraad":50,"latitude":45.07068,"longitude":7.63337,"canPickup":true,"canDropoff":true,"openingstijden":"za: 09:30 - 12:30; ma: 08:30 - 13:30, 15:00 - 18:00"}},{"type":"Feature","geometry":{"type":"Point","coordinates":[7.6812835,45.0708504]},"properties":{"type":"pakketpunt","locatieNaam":"GLS Locker TO009B presso Emporio cover","straatNaam":"Via Monte Di Pieta'","straatNr":"16D","vervoerder":"GLS","puntType":"locker","bezettingsgraad":50,"latitude":45.0708504,"longitude":7.6812835,"canPickup":true,"canDropoff":false,"openingstijden":"za: 11:00 - 20:00; ma: 11:00 - 20:00"}},{"type":"Feature","geometry":{"type":"Point","coordinates":[7.694377,45.071334]},"properties":{"type":"pakketpunt","locatieNaam":"Utopia Pratica - Libreria","straatNaam":"Via Montebello","straatNr":"25","vervoerder":"GLS","puntType":"parcel_shop","bezettingsgraad":50,"latitude":45.071334,"longitude":7.694377,"canPickup":true,"canDropoff":true,"openingstijden":"za: 10:30 - 17:30; di: 10:30 - 17:30"}},{"type":"Feature","geometry":{"type":"Point","coordinates":[7.6347792,45.0722247]},"properties":{"type":"pakketpunt","locatieNaam":"TABACCHERIA","straatNaam":"Via Bardonecchia","straatNr":"116/A","vervoerder":"GLS","puntType":"parcel_shop","bezettingsgraad":50,"latitude":45.0722247,"longitude":7.6347792,"canPickup":true,"canDropoff":true,"openingstijden":"za: 08:30 - 12:00; ma: 08:30 - 12:00, 16:00 - 18:00"}},{"type":"Feature","geometry":{"type":"Point","coordinates":[7.6322259,45.072847]},"properties":{"type":"pakketpunt","locatieNaam":"DEMAS","straatNaam":"Via Sant'Ambrogio","straatNr":"26Q","vervoerder":"GLS","puntType":"parcel_shop","bezettingsgraad":50,"latitude":45.072847,"longitude":7.6322259,"canPickup":true,"canDropoff":true,"openingstijden":"za: 08:30 - 12:30; ma: 08:30 - 12:30, 14:30 - 19:30"}},{"type":"Feature","geometry":{"type":"Point","coordinates":[7.6698442,45.0748482]},"properties":{"type":"pakketpunt","locatieNaam":"GLS Locker TO010B presso Multiservizi Bonifacio","straatNaam":"Via Filippo Juvarra","straatNr":"22 B","vervoerder":"GLS","puntType":"locker","bezettingsgraad":50,"latitude":45.0748482,"longitude":7.6698442,"canPickup":true,"canDropoff":false,"openingstijden":"ma: 09:00 - 13:00, 14:00 - 19:00; di: 09:00 - 13:00, 14:00 - 19:00"}},{"type":"Feature","geometry":{"type":"Point","coordinates":[7.6434526,45.0748662]},"properties":{"type":"pakketpunt","locatieNaam":"BAR","straatNaam":"Piazza Rivoli","straatNr":"7","vervoerder":"GLS","puntType":"parcel_shop","bezettingsgraad":50,"latitude":45.0748662,"longitude":7.6434526,"canPickup":true,"canDropoff":true,"openingstijden":"za: 07:00 - 12:30; ma: 07:00 - 18:00"}},{"type":"Feature","geometry":{"type":"Point","coordinates":[7.63813448,45.07503891]},"properties":{"type":"pakketpunt","locatieNaam":"GLS Locker TO002A presso APOLLO Ag. multi servizi","straatNaam":"Corso Francia","straatNr":"185d","vervoerder":"GLS","puntType":"locker","bezettingsgraad":50,"latitude":45.07503891,"longitude":7.63813448,"canPickup":true,"canDropoff":false,"openingstijden":"za: 10:00 - 17:00; ma: 10:00 - 13:00, 15:30 - 19:00"}},{"type":"Feature","geometry":{"type":"Point","coordinates":[7.689297,45.0750942]},"properties":{"type":"pakketpunt","locatieNaam":"Tessuti Arcobaleno","straatNaam":"Corso Regina Margherita","straatNr":"102","vervoerder":"GLS","puntType":"parcel_shop","bezettingsgraad":50,"latitude":45.0750942,"longitude":7.689297,"canPickup":true,"canDropoff":true,"openingstijden":"za: 09:30 - 12:00, 15:30 - 18:00; ma: 15:30 - 18:00"}},{"type":"Feature","geometry":{"type":"Point","coordinates":[7.6640137,45.0754784]},"properties":{"type":"pakketpunt","locatieNaam":"CENTRO POST@","straatNaam":"Via Principi D'Acaja","straatNr":"27/B","vervoerder":"GLS","puntType":"parcel_shop","bezettingsgraad":50,"latitude":45.0754784,"longitude":7.6640137,"canPickup":true,"canDropoff":true,"openingstijden":"ma: 08:00 - 15:00; di: 08:00 - 15:00"}},{"type":"Feature","geometry":{"type":"Point","coordinates":[7.68207788,45.07649612]},"properties":{"type":"pakketpunt","locatieNaam":"GLS Locker TO006A presso Lav@sciuga in Piazza della Repubblica","straatNaam":"Piazza Della Repubblica","straatNr":"5 G","vervoerder":"GLS","puntType":"locker","bezettingsgraad":50,"latitude":45.07649612,"longitude":7.68207788,"canPickup":true,"canDropoff":false,"openingstijden":"za: 08:00 - 22:00; zo: 08:00 - 22:00"}},{"type":"Feature","geometry":{"type":"Point","coordinates":[7.6322708,45.0767401]},"properties":{"type":"pakketpunt","locatieNaam":"P.RO. SOLUTION SHOP","straatNaam":"Via Valgioie","straatNr":"27/c","vervoerder":"GLS","puntType":"parcel_shop","bezettingsgraad":50,"latitude":45.0767401,"longitude":7.6322708,"canPickup":true,"canDropoff":true,"openingstijden":"ma: 09:30 - 12:30, 15:30 - 19:00; di: 09:30 - 12:30, 15:30 - 19:00"}},{"type":"Feature","geometry":{"type":"Point","coordinates":[7.6515956,45.0777855]},"properties":{"type":"pakketpunt","locatieNaam":"GLS Locker TO020B presso Lav@sciuga Medici","straatNaam":"Via Giacomo Medici","straatNr":"29i","vervoerder":"GLS","puntType":"locker","bezettingsgraad":50,"latitude":45.0777855,"longitude":7.6515956,"canPickup":true,"canDropoff":false,"openingstijden":"za: 08:00 - 22:00; zo: 08:00 - 22:00"}},{"type":"Feature","geometry":{"type":"Point","coordinates":[7.6600004,45.0780214]},"properties":{"type":"pakketpunt","locatieNaam":"Tabaccheria 203","straatNaam":"Via Giacinto Collegno","straatNr":"17D","vervoerder":"GLS","puntType":"parcel_shop","bezettingsgraad":50,"latitude":45.0780214,"longitude":7.6600004,"canPickup":true,"canDropoff":true,"openingstijden":"za: 09:00 - 12:30, 16:00 - 19:00; ma: 09:00 - 12:30, 15:30 - 19:00"}},{"type":"Feature","geometry":{"type":"Point","coordinates":[7.73289061,45.07830811]},"properties":{"type":"pakketpunt","locatieNaam":"GLS Locker TO044B presso stazione di servizio IPlanet corso Casale","straatNaam":"Corso Casale","straatNr":"306","vervoerder":"GLS","puntType":"locker","bezettingsgraad":50,"latitude":45.07830811,"longitude":7.73289061,"canPickup":true,"canDropoff":false,"openingstijden":"za: 00:00 - 23:30; zo: 00:00 - 23:30"}},{"type":"Feature","geometry":{"type":"Point","coordinates":[7.6925735,45.0797691]},"properties":{"type":"pakketpunt","locatieNaam":"Spedizioni","straatNaam":"Corso Palermo","straatNr":"25/C","vervoerder":"GLS","puntType":"parcel_shop","bezettingsgraad":50,"latitude":45.0797691,"longitude":7.6925735,"canPickup":true,"canDropoff":true,"openingstijden":"za: 09:00 - 12:30; ma: 09:00 - 18:00"}},{"type":"Feature","geometry":{"type":"Point","coordinates":[7.6261704,45.0797917]},"properties":{"type":"pakketpunt","locatieNaam":"cartoleria bigiotteria giocattoli","straatNaam":"Via Vittorio Asinari Di Bernezzo","straatNr":"115/B","vervoerder":"GLS","puntType":"parcel_shop","bezettingsgraad":50,"latitude":45.0797917,"longitude":7.6261704,"canPickup":true,"canDropoff":true,"openingstijden":"za: 09:00 - 12:30, 15:30 - 19:30; ma: 09:00 - 12:30, 15:30 - 19:30"}},{"type":"Feature","geometry":{"type":"Point","coordinates":[7.6657851,45.0801285]},"properties":{"type":"pakketpunt","locatieNaam":"Cambiamenti Charity Shop","straatNaam":"Via Pacinotti","straatNr":"2/A","vervoerder":"GLS","puntType":"parcel_shop","bezettingsgraad":50,"latitude":45.0801285,"longitude":7.6657851,"canPickup":true,"canDropoff":true,"openingstijden":"za: 09:30 - 12:30; ma: 15:30 - 19:00"}},{"type":"Feature","geometry":{"type":"Point","coordinates":[7.6576848,45.0806709]},"properties":{"type":"pakketpunt","locatieNaam":"Posta private nazionale","straatNaam":"Via Luigi Cibrario","straatNr":"63","vervoerder":"GLS","puntType":"parcel_shop","bezettingsgraad":50,"latitude":45.0806709,"longitude":7.6576848,"canPickup":true,"canDropoff":true,"openingstijden":"za: 08:00 - 12:30; ma: 07:30 - 18:30"}},{"type":"Feature","geometry":{"type":"Point","coordinates":[7.6487101,45.0806867]},"properties":{"type":"pakketpunt","locatieNaam":"Centro Post@ Fabrizi","straatNaam":"Via Nicola Fabrizi","straatNr":"58B","vervoerder":"GLS","puntType":"parcel_shop","bezettingsgraad":50,"latitude":45.0806867,"longitude":7.6487101,"canPickup":true,"canDropoff":true,"openingstijden":"za: 08:30 - 12:00; ma: 08:30 - 13:00, 15:30 - 18:00"}},{"type":"Feature","geometry":{"type":"Point","coordinates":[7.6574901,45.0807574]},"properties":{"type":"pakketpunt","locatieNaam":"Tabaccheria","straatNaam":"Via Cibrario","straatNr":"65","vervoerder":"GLS","puntType":"parcel_shop","bezettingsgraad":50,"latitude":45.0807574,"longitude":7.6574901,"canPickup":true,"canDropoff":true,"openingstijden":"za: 08:00 - 12:30, 15:00 - 19:00; ma: 08:00 - 12:30, 15:00 - 19:00"}},{"type":"Feature","geometry":{"type":"Point","coordinates":[7.6935019,45.0816231]},"properties":{"type":"pakketpunt","locatieNaam":"GLS Locker TO017B presso Tabaccheria Carofalo","straatNaam":"Via Bologna","straatNr":"29C","vervoerder":"GLS","puntType":"locker","bezettingsgraad":50,"latitude":45.0816231,"longitude":7.6935019,"canPickup":true,"canDropoff":false,"openingstijden":"za: 08:00 - 13:00, 15:30 - 19:30; ma: 07:30 - 13:00, 15:30 - 19:30"}},{"type":"Feature","geometry":{"type":"Point","coordinates":[7.6676382,45.0817423]},"properties":{"type":"pakketpunt","locatieNaam":"Bar Tabacchi Evolution","straatNaam":"Corso Regina Margherita","straatNr":"181","vervoerder":"GLS","puntType":"parcel_shop","bezettingsgraad":50,"latitude":45.0817423,"longitude":7.6676382,"canPickup":true,"canDropoff":true,"openingstijden":"za: 07:00 - 13:00, 15:00 - 19:00; ma: 07:00 - 13:00, 15:00 - 19:00"}},{"type":"Feature","geometry":{"type":"Point","coordinates":[7.6676974,45.0818291]},"properties":{"type":"pakketpunt","locatieNaam":"GLS Locker TO023B presso Bar Evolution","straatNaam":"Corso Regina Margherita","straatNr":"181E","vervoerder":"GLS","puntType":"locker","bezettingsgraad":50,"latitude":45.0818291,"longitude":7.6676974,"canPickup":true,"canDropoff":false,"openingstijden":"za: 07:00 - 13:00, 15:00 - 19:00; ma: 07:00 - 13:00, 15:00 - 19:00"}},{"type":"Feature","geometry":{"type":"Point","coordinates":[7.6499387,45.0829792]},"properties":{"type":"pakketpunt","locatieNaam":"BAR","straatNaam":"Via Michele Lessona","straatNr":"9C","vervoerder":"GLS","puntType":"parcel_shop","bezettingsgraad":50,"latitude":45.0829792,"longitude":7.6499387,"canPickup":true,"canDropoff":true,"openingstijden":"za: 06:30 - 18:30; zo: 08:00 - 12:00"}},{"type":"Feature","geometry":{"type":"Point","coordinates":[7.640112,45.08332]},"properties":{"type":"pakketpunt","locatieNaam":"CENTRO POST@","straatNaam":"Via Michele Lessona","straatNr":"97/A","vervoerder":"GLS","puntType":"parcel_shop","bezettingsgraad":50,"latitude":45.08332,"longitude":7.640112,"canPickup":true,"canDropoff":true,"openingstijden":"za: 09:00 - 12:30; ma: 09:00 - 12:30, 14:30 - 18:30"}},{"type":"Feature","geometry":{"type":"Point","coordinates":[7.6828355,45.0850157]},"properties":{"type":"pakketpunt","locatieNaam":"Cecchi services","straatNaam":"Via Antonio Cecchi","straatNr":"5/A","vervoerder":"GLS","puntType":"parcel_shop","bezettingsgraad":50,"latitude":45.0850157,"longitude":7.6828355,"canPickup":true,"canDropoff":true,"openingstijden":"za: 10:00 - 14:00; ma: 10:00 - 12:30, 15:00 - 18:00"}},{"type":"Feature","geometry":{"type":"Point","coordinates":[7.62586641,45.08572006]},"properties":{"type":"pakketpunt","locatieNaam":"GLS Locker TO038B presso IPlanet Via Cossa","straatNaam":"Via Pietro Cossa","straatNr":"150","vervoerder":"GLS","puntType":"locker","bezettingsgraad":50,"latitude":45.08572006,"longitude":7.62586641,"canPickup":true,"canDropoff":false,"openingstijden":"za: 09:00 - 18:00; ma: 09:00 - 18:00"}},{"type":"Feature","geometry":{"type":"Point","coordinates":[7.6566348,45.085865]},"properties":{"type":"pakketpunt","locatieNaam":"GLS Locker TO019B presso Lav@sciuga Regina Margherita","straatNaam":"Corso Regina Margherita","straatNr":"232/A","vervoerder":"GLS","puntType":"locker","bezettingsgraad":50,"latitude":45.085865,"longitude":7.6566348,"canPickup":true,"canDropoff":false,"openingstijden":"za: 08:00 - 22:00; zo: 08:00 - 22:00"}},{"type":"Feature","geometry":{"type":"Point","coordinates":[7.6813815,45.0864459]},"properties":{"type":"pakketpunt","locatieNaam":"WindTre","straatNaam":"Via Francesco Cigna","straatNr":"61/b","vervoerder":"GLS","puntType":"parcel_shop","bezettingsgraad":50,"latitude":45.0864459,"longitude":7.6813815,"canPickup":true,"canDropoff":true,"openingstijden":"za: 09:00 - 13:00, 15:30 - 18:00; ma: 09:00 - 13:00, 15:30 - 19:00"}},{"type":"Feature","geometry":{"type":"Point","coordinates":[7.7030162,45.0867524]},"properties":{"type":"pakketpunt","locatieNaam":"BAR IL VELIERO","straatNaam":"Via Amilcare Ponchielli","straatNr":"32","vervoerder":"GLS","puntType":"parcel_shop","bezettingsgraad":50,"latitude":45.0867524,"longitude":7.7030162,"canPickup":true,"canDropoff":true,"openingstijden":"za: 09:00 - 20:00; ma: 06:00 - 20:00"}},{"type":"Feature","geometry":{"type":"Point","coordinates":[7.6933849,45.0873836]},"properties":{"type":"pakketpunt","locatieNaam":"TRIUMPH MONEY TRANSFER","straatNaam":"Corso Palermo","straatNr":"94/A","vervoerder":"GLS","puntType":"parcel_shop","bezettingsgraad":50,"latitude":45.0873836,"longitude":7.6933849,"canPickup":true,"canDropoff":true,"openingstijden":"za: 09:00 - 21:00; zo: 15:00 - 21:00"}},{"type":"Feature","geometry":{"type":"Point","coordinates":[7.7365871,45.0874321]},"properties":{"type":"pakketpunt","locatieNaam":"NOIR CAFE","straatNaam":"Corso Casale","straatNr":"446","vervoerder":"GLS","puntType":"parcel_shop","bezettingsgraad":50,"latitude":45.0874321,"longitude":7.7365871,"canPickup":true,"canDropoff":true,"openingstijden":"za: 06:30 - 13:30; ma: 06:30 - 19:30"}},{"type":"Feature","geometry":{"type":"Point","coordinates":[7.7001081,45.0874443]},"properties":{"type":"pakketpunt","locatieNaam":"GLS Locker TO025B presso Tabaccheria Ponchielli","straatNaam":"Via Amilcare Ponchielli","straatNr":"16/z","vervoerder":"GLS","puntType":"locker","bezettingsgraad":50,"latitude":45.0874443,"longitude":7.7001081,"canPickup":true,"canDropoff":false,"openingstijden":"za: 00:00 - 23:30; zo: 00:00 - 23:30"}},{"type":"Feature","geometry":{"type":"Point","coordinates":[7.6915656,45.0884992]},"properties":{"type":"pakketpunt","locatieNaam":"ECO STORE","straatNaam":"Corso Giulio Cesare","straatNr":"66/D","vervoerder":"GLS","puntType":"parcel_shop","bezettingsgraad":50,"latitude":45.0884992,"longitude":7.6915656,"canPickup":true,"canDropoff":true,"openingstijden":"za: 09:30 - 12:30; ma: 09:30 - 13:00, 15:00 - 19:00"}},{"type":"Feature","geometry":{"type":"Point","coordinates":[7.6930615,45.088545]},"properties":{"type":"pakketpunt","locatieNaam":"Farret - Elettronica Giordano","straatNaam":"Corso Palermo","straatNr":"101","vervoerder":"GLS","puntType":"parcel_shop","bezettingsgraad":50,"latitude":45.088545,"longitude":7.6930615,"canPickup":true,"canDropoff":true,"openingstijden":"ma: 08:30 - 12:30, 14:00 - 18:30; di: 08:30 - 12:30, 14:00 - 18:30"}},{"type":"Feature","geometry":{"type":"Point","coordinates":[7.6577538,45.0886646]},"properties":{"type":"pakketpunt","locatieNaam":"Bar Sorrisi e Sapori","straatNaam":"Via Balangero","straatNr":"2/C","vervoerder":"GLS","puntType":"parcel_shop","bezettingsgraad":50,"latitude":45.0886646,"longitude":7.6577538,"canPickup":true,"canDropoff":true,"openingstijden":"za: 09:00 - 13:00; ma: 08:00 - 19:00"}},{"type":"Feature","geometry":{"type":"Point","coordinates":[7.6791468,45.0888925]},"properties":{"type":"pakketpunt","locatieNaam":"multi service keur khadim","straatNaam":"Via Antonio Cecchi","straatNr":"57","vervoerder":"GLS","puntType":"parcel_shop","bezettingsgraad":50,"latitude":45.0888925,"longitude":7.6791468,"canPickup":true,"canDropoff":true,"openingstijden":"za: 15:00 - 18:00; ma: 10:00 - 13:00, 15:00 - 19:00"}},{"type":"Feature","geometry":{"type":"Point","coordinates":[7.69702,45.089]},"properties":{"type":"pakketpunt","locatieNaam":"Cialdeweb","straatNaam":"Piazza Bottesini","straatNr":"3","vervoerder":"GLS","puntType":"parcel_shop","bezettingsgraad":50,"latitude":45.089,"longitude":7.69702,"canPickup":true,"canDropoff":true,"openingstijden":"za: 09:00 - 13:00, 15:00 - 19:00; ma: 09:00 - 13:00, 15:00 - 19:00"}},{"type":"Feature","geometry":{"type":"Point","coordinates":[7.7065773,45.0897075]},"properties":{"type":"pakketpunt","locatieNaam":"tra spighe e chicchi","straatNaam":"Via Cimarosa","straatNr":"40-h","vervoerder":"GLS","puntType":"parcel_shop","bezettingsgraad":50,"latitude":45.0897075,"longitude":7.7065773,"canPickup":true,"canDropoff":true,"openingstijden":"za: 08:00 - 17:00; ma: 08:00 - 18:00"}},{"type":"Feature","geometry":{"type":"Point","coordinates":[7.67269993,45.09041595]},"properties":{"type":"pakketpunt","locatieNaam":"GLS Locker TO021A presso CC Pale Blue (ingresso 2 Centro Commerciale Officine S)","straatNaam":"Corso Mortara","straatNr":"24","vervoerder":"GLS","puntType":"locker","bezettingsgraad":50,"latitude":45.09041595,"longitude":7.67269993,"canPickup":true,"canDropoff":false,"openingstijden":"za: 08:00 - 23:00; zo: 08:30 - 23:00"}},{"type":"Feature","geometry":{"type":"Point","coordinates":[7.7046897,45.0916525]},"properties":{"type":"pakketpunt","locatieNaam":"CARTOLERIA 10 E LODE","straatNaam":"Via Domenico Cimarosa","straatNr":"66/A","vervoerder":"GLS","puntType":"parcel_shop","bezettingsgraad":50,"latitude":45.0916525,"longitude":7.7046897,"canPickup":true,"canDropoff":true,"openingstijden":"za: 08:30 - 12:30, 15:00 - 18:00; ma: 07:30 - 12:30, 15:00 - 19:00"}},{"type":"Feature","geometry":{"type":"Point","coordinates":[7.6900371,45.0923658]},"properties":{"type":"pakketpunt","locatieNaam":"findidi elettronic di awa","straatNaam":"Corso Vercelli","straatNr":"90/g","vervoerder":"GLS","puntType":"parcel_shop","bezettingsgraad":50,"latitude":45.0923658,"longitude":7.6900371,"canPickup":true,"canDropoff":true,"openingstijden":"za: 10:30 - 20:30; ma: 10:30 - 20:30"}},{"type":"Feature","geometry":{"type":"Point","coordinates":[7.7024935,45.0927036]},"properties":{"type":"pakketpunt","locatieNaam":"Centro Post@","straatNaam":"Via Luigi Salvatore Cherubini","straatNr":"68/D","vervoerder":"GLS","puntType":"parcel_shop","bezettingsgraad":50,"latitude":45.0927036,"longitude":7.7024935,"canPickup":true,"canDropoff":true,"openingstijden":"za: 09:00 - 13:00; ma: 09:00 - 13:00, 14:30 - 18:30"}},{"type":"Feature","geometry":{"type":"Point","coordinates":[7.6829389,45.0927918]},"properties":{"type":"pakketpunt","locatieNaam":"COLORIFICIO","straatNaam":"Via Gressoney","straatNr":"41","vervoerder":"GLS","puntType":"parcel_shop","bezettingsgraad":50,"latitude":45.0927918,"longitude":7.6829389,"canPickup":true,"canDropoff":true,"openingstijden":"ma: 08:00 - 12:00, 14:00 - 18:00; di: 08:00 - 12:00, 14:00 - 18:00"}},{"type":"Feature","geometry":{"type":"Point","coordinates":[7.6742331,45.0930602]},"properties":{"type":"pakketpunt","locatieNaam":"DI ELITE PROMOTER & HOSTESS","straatNaam":"Via Enrico Giachino","straatNr":"53/e","vervoerder":"GLS","puntType":"parcel_shop","bezettingsgraad":50,"latitude":45.0930602,"longitude":7.6742331,"canPickup":true,"canDropoff":true,"openingstijden":"za: 09:00 - 20:00; zo: 16:00 - 20:00"}},{"type":"Feature","geometry":{"type":"Point","coordinates":[7.7153401,45.0931315]},"properties":{"type":"pakketpunt","locatieNaam":"CAFFE' SPORT CENTONI","straatNaam":"Corso Regio Parco","straatNr":"166","vervoerder":"GLS","puntType":"parcel_shop","bezettingsgraad":50,"latitude":45.0931315,"longitude":7.7153401,"canPickup":true,"canDropoff":true,"openingstijden":"za: 07:30 - 19:30; zo: 07:30 - 13:00"}},{"type":"Feature","geometry":{"type":"Point","coordinates":[7.6783199,45.0942726]},"properties":{"type":"pakketpunt","locatieNaam":"POSTE CENTRALI","straatNaam":"Via Chiesa Della Salute","straatNr":"17/e","vervoerder":"GLS","puntType":"parcel_shop","bezettingsgraad":50,"latitude":45.0942726,"longitude":7.6783199,"canPickup":true,"canDropoff":true,"openingstijden":"ma: 09:00 - 13:00, 15:30 - 18:30; di: 09:00 - 13:00, 15:30 - 18:30"}},{"type":"Feature","geometry":{"type":"Point","coordinates":[7.694904,45.0943225]},"properties":{"type":"pakketpunt","locatieNaam":"Negozio telefonia - spedizione e ritiro pacchi","straatNaam":"Corso Giulio Cesare","straatNr":"135","vervoerder":"GLS","puntType":"parcel_shop","bezettingsgraad":50,"latitude":45.0943225,"longitude":7.694904,"canPickup":true,"canDropoff":true,"openingstijden":"za: 10:00 - 12:30; ma: 10:00 - 12:30, 16:00 - 18:30"}},{"type":"Feature","geometry":{"type":"Point","coordinates":[7.6920717,45.0952192]},"properties":{"type":"pakketpunt","locatieNaam":"Caffe' 99","straatNaam":"Via Lauro Rossi","straatNr":"27 A","vervoerder":"GLS","puntType":"parcel_shop","bezettingsgraad":50,"latitude":45.0952192,"longitude":7.6920717,"canPickup":true,"canDropoff":true,"openingstijden":"za: 07:30 - 19:30; zo: 07:30 - 14:00"}},{"type":"Feature","geometry":{"type":"Point","coordinates":[7.6939278,45.0953691]},"properties":{"type":"pakketpunt","locatieNaam":"Cellular Doctor POINT","straatNaam":"Via Renato Martorelli","straatNr":"38","vervoerder":"GLS","puntType":"parcel_shop","bezettingsgraad":50,"latitude":45.0953691,"longitude":7.6939278,"canPickup":true,"canDropoff":true,"openingstijden":"za: 10:00 - 19:00; ma: 09:00 - 19:00"}},{"type":"Feature","geometry":{"type":"Point","coordinates":[7.7050661,45.0963247]},"properties":{"type":"pakketpunt","locatieNaam":"ALIMENTARI PERGOLESI","straatNaam":"Via Pergolesi","straatNr":"74","vervoerder":"GLS","puntType":"parcel_shop","bezettingsgraad":50,"latitude":45.0963247,"longitude":7.7050661,"canPickup":true,"canDropoff":true,"openingstijden":"za: 08:00 - 12:30, 15:30 - 18:00; ma: 08:00 - 12:30, 15:30 - 19:00"}},{"type":"Feature","geometry":{"type":"Point","coordinates":[7.6918278,45.0964954]},"properties":{"type":"pakketpunt","locatieNaam":"Bar di BOSCOLO DORIANA","straatNaam":"Corso Vercelli","straatNr":"125","vervoerder":"GLS","puntType":"parcel_shop","bezettingsgraad":50,"latitude":45.0964954,"longitude":7.6918278,"canPickup":true,"canDropoff":true,"openingstijden":"za: 07:00 - 20:00; zo: 07:00 - 13:00"}},{"type":"Feature","geometry":{"type":"Point","coordinates":[7.6611032,45.0968658]},"properties":{"type":"pakketpunt","locatieNaam":"Multiservice Adriana","straatNaam":"Via Viterbo","straatNr":"102/C","vervoerder":"GLS","puntType":"parcel_shop","bezettingsgraad":50,"latitude":45.0968658,"longitude":7.6611032,"canPickup":true,"canDropoff":true,"openingstijden":"ma: 15:00 - 18:00; di: 10:00 - 13:00"}},{"type":"Feature","geometry":{"type":"Point","coordinates":[7.6941446,45.0977224]},"properties":{"type":"pakketpunt","locatieNaam":"Ferraiuolo Serramenti","straatNaam":"Via Renato Martorelli","straatNr":"74","vervoerder":"GLS","puntType":"parcel_shop","bezettingsgraad":50,"latitude":45.0977224,"longitude":7.6941446,"canPickup":true,"canDropoff":true,"openingstijden":"za: 09:00 - 12:30; ma: 09:30 - 13:00, 14:30 - 19:30"}},{"type":"Feature","geometry":{"type":"Point","coordinates":[7.6801637,45.0978139]},"properties":{"type":"pakketpunt","locatieNaam":"QUIRISPARMI","straatNaam":"Via Chiesa Della Salute","straatNr":"68/D","vervoerder":"GLS","puntType":"parcel_shop","bezettingsgraad":50,"latitude":45.0978139,"longitude":7.6801637,"canPickup":true,"canDropoff":true,"openingstijden":"ma: 15:00 - 18:00; di: 09:30 - 13:00, 15:00 - 18:00"}},{"type":"Feature","geometry":{"type":"Point","coordinates":[7.6351966,45.0991192]},"properties":{"type":"pakketpunt","locatieNaam":"tabaccheria","straatNaam":"Via Sansovino","straatNr":"5","vervoerder":"GLS","puntType":"parcel_shop","bezettingsgraad":50,"latitude":45.0991192,"longitude":7.6351966,"canPickup":true,"canDropoff":true,"openingstijden":"za: 07:00 - 13:00, 15:00 - 20:00; ma: 07:00 - 13:00, 15:00 - 20:00"}},{"type":"Feature","geometry":{"type":"Point","coordinates":[7.6760821,45.0992432]},"properties":{"type":"pakketpunt","locatieNaam":"GLS Locker TO014B presso Posta Privata Nazionale","straatNaam":"Via Breglio","straatNr":"98/B","vervoerder":"GLS","puntType":"locker","bezettingsgraad":50,"latitude":45.0992432,"longitude":7.6760821,"canPickup":true,"canDropoff":false,"openingstijden":"za: 08:30 - 13:30, 14:30 - 19:00; ma: 08:30 - 13:30, 14:30 - 19:00"}},{"type":"Feature","geometry":{"type":"Point","coordinates":[7.63793612,45.09954453]},"properties":{"type":"pakketpunt","locatieNaam":"GLS Locker TO042B presso stazione di servizio Tamoil Via Sansovino","straatNaam":"Via Sansovino","straatNr":"44A","vervoerder":"GLS","puntType":"locker","bezettingsgraad":50,"latitude":45.09954453,"longitude":7.63793612,"canPickup":true,"canDropoff":false,"openingstijden":"za: 00:00 - 23:30; zo: 00:00 - 23:30"}},{"type":"Feature","geometry":{"type":"Point","coordinates":[7.6931257,45.0998891]},"properties":{"type":"pakketpunt","locatieNaam":"GLS Locker TO004A presso Posta Privata Nazionale","straatNaam":"Corso Vercelli","straatNr":"159D","vervoerder":"GLS","puntType":"locker","bezettingsgraad":50,"latitude":45.0998891,"longitude":7.6931257,"canPickup":true,"canDropoff":false,"openingstijden":"za: 08:00 - 19:00; ma: 08:00 - 19:00"}},{"type":"Feature","geometry":{"type":"Point","coordinates":[7.6454662,45.1000187]},"properties":{"type":"pakketpunt","locatieNaam":"MF","straatNaam":"Corso Toscana","straatNr":"139/2","vervoerder":"GLS","puntType":"parcel_shop","bezettingsgraad":50,"latitude":45.1000187,"longitude":7.6454662,"canPickup":true,"canDropoff":true,"openingstijden":"za: 09:30 - 12:30; ma: 16:00 - 19:00"}},{"type":"Feature","geometry":{"type":"Point","coordinates":[7.6806375,45.1001813]},"properties":{"type":"pakketpunt","locatieNaam":"DIECIELODE CARTOLERIA","straatNaam":"Via Chiesa Della Salute","straatNr":"83","vervoerder":"GLS","puntType":"parcel_shop","bezettingsgraad":50,"latitude":45.1001813,"longitude":7.6806375,"canPickup":true,"canDropoff":true,"openingstijden":"za: 09:30 - 12:30, 16:00 - 19:00; ma: 08:30 - 12:30, 16:00 - 19:00"}},{"type":"Feature","geometry":{"type":"Point","coordinates":[7.7246129,45.1006589]},"properties":{"type":"pakketpunt","locatieNaam":"Tabaccheria","straatNaam":"Strada Di Settimo","straatNr":"70 b","vervoerder":"GLS","puntType":"parcel_shop","bezettingsgraad":50,"latitude":45.1006589,"longitude":7.7246129,"canPickup":true,"canDropoff":true,"openingstijden":"za: 07:00 - 12:30, 15:00 - 19:00; ma: 07:00 - 12:30, 15:00 - 19:00"}},{"type":"Feature","geometry":{"type":"Point","coordinates":[7.6761019,45.1010215]},"properties":{"type":"pakketpunt","locatieNaam":"London Pally's Caffe","straatNaam":"Via Michele Coppino","straatNr":"109/A","vervoerder":"GLS","puntType":"parcel_shop","bezettingsgraad":50,"latitude":45.1010215,"longitude":7.6761019,"canPickup":true,"canDropoff":true,"openingstijden":"za: 07:00 - 13:00, 16:30 - 18:30; ma: 07:00 - 18:30"}},{"type":"Feature","geometry":{"type":"Point","coordinates":[7.6956888,45.1018936]},"properties":{"type":"pakketpunt","locatieNaam":"Cialdaweb","straatNaam":"Via Nicola Porpora","straatNr":"3","vervoerder":"GLS","puntType":"parcel_shop","bezettingsgraad":50,"latitude":45.1018936,"longitude":7.6956888,"canPickup":true,"canDropoff":true,"openingstijden":"za: 09:00 - 13:00, 15:00 - 19:00; ma: 09:00 - 13:00, 15:00 - 19:00"}},{"type":"Feature","geometry":{"type":"Point","coordinates":[7.6396871,45.1021371]},"properties":{"type":"pakketpunt","locatieNaam":"RAFIKI VIAGGI","straatNaam":"Corso Toscana","straatNr":"194B","vervoerder":"GLS","puntType":"parcel_shop","bezettingsgraad":50,"latitude":45.1021371,"longitude":7.6396871,"canPickup":true,"canDropoff":true,"openingstijden":"za: 10:00 - 13:00, 16:30 - 19:30; ma: 10:00 - 13:00, 17:00 - 19:30"}},{"type":"Feature","geometry":{"type":"Point","coordinates":[7.75160217,45.10240173]},"properties":{"type":"pakketpunt","locatieNaam":"GLS Locker TO022B presso Autolavaggio M.C. Wash","straatNaam":"Strada San Mauro","straatNr":"240","vervoerder":"GLS","puntType":"locker","bezettingsgraad":50,"latitude":45.10240173,"longitude":7.75160217,"canPickup":true,"canDropoff":false,"openingstijden":"za: 00:00 - 23:30; zo: 00:00 - 23:30"}},{"type":"Feature","geometry":{"type":"Point","coordinates":[7.6789424,45.1025612]},"properties":{"type":"pakketpunt","locatieNaam":"STOCK MYSTERY BOX","straatNaam":"Via Bibiana","straatNr":"110","vervoerder":"GLS","puntType":"parcel_shop","bezettingsgraad":50,"latitude":45.1025612,"longitude":7.6789424,"canPickup":true,"canDropoff":true,"openingstijden":"za: 09:00 - 19:00; ma: 09:00 - 19:00"}},{"type":"Feature","geometry":{"type":"Point","coordinates":[7.67585,45.10444]},"properties":{"type":"pakketpunt","locatieNaam":"Cialdeweb","straatNaam":"Corso Grosseto","straatNr":"159/b","vervoerder":"GLS","puntType":"parcel_shop","bezettingsgraad":50,"latitude":45.10444,"longitude":7.67585,"canPickup":true,"canDropoff":true,"openingstijden":"za: 09:00 - 13:00, 15:30 - 19:30; ma: 09:00 - 13:00, 15:30 - 19:30"}},{"type":"Feature","geometry":{"type":"Point","coordinates":[7.6538721,45.1047216]},"properties":{"type":"pakketpunt","locatieNaam":"GOMME","straatNaam":"Corso Cincinnato","straatNr":"234","vervoerder":"GLS","puntType":"parcel_shop","bezettingsgraad":50,"latitude":45.1047216,"longitude":7.6538721,"canPickup":true,"canDropoff":true,"openingstijden":"za: 08:30 - 12:00; ma: 08:30 - 12:00, 15:00 - 18:30"}},{"type":"Feature","geometry":{"type":"Point","coordinates":[7.7011893,45.1050211]},"properties":{"type":"pakketpunt","locatieNaam":"Magic Phone","straatNaam":"Via Nino Oxilia","straatNr":"4/d","vervoerder":"GLS","puntType":"parcel_shop","bezettingsgraad":50,"latitude":45.1050211,"longitude":7.7011893,"canPickup":true,"canDropoff":true,"openingstijden":"za: 09:30 - 13:00, 15:00 - 18:00; ma: 09:30 - 13:00, 15:00 - 19:00"}},{"type":"Feature","geometry":{"type":"Point","coordinates":[7.6850701,45.1056464]},"properties":{"type":"pakketpunt","locatieNaam":"Mondo Caffe'","straatNaam":"Via Ala Di Stura","straatNr":"50E","vervoerder":"GLS","puntType":"parcel_shop","bezettingsgraad":50,"latitude":45.1056464,"longitude":7.6850701,"canPickup":true,"canDropoff":true,"openingstijden":"za: 10:30 - 19:00; zo: 10:30 - 14:00"}},{"type":"Feature","geometry":{"type":"Point","coordinates":[7.6584353,45.1106775]},"properties":{"type":"pakketpunt","locatieNaam":"poste servizi","straatNaam":"Via Venaria","straatNr":"89","vervoerder":"GLS","puntType":"parcel_shop","bezettingsgraad":50,"latitude":45.1106775,"longitude":7.6584353,"canPickup":true,"canDropoff":true,"openingstijden":"ma: 09:30 - 13:00, 14:00 - 18:00; di: 09:30 - 13:00, 14:00 - 18:00"}},{"type":"Feature","geometry":{"type":"Point","coordinates":[7.69752312,45.11109161]},"properties":{"type":"pakketpunt","locatieNaam":"GLS Locker TO034B presso IPlanet Torino - Corso Vercelli","straatNaam":"Corso Vercelli","straatNr":"301A","vervoerder":"GLS","puntType":"locker","bezettingsgraad":50,"latitude":45.11109161,"longitude":7.69752312,"canPickup":true,"canDropoff":false,"openingstijden":"za: 00:00 - 23:30; zo: 00:00 - 23:30"}},{"type":"Feature","geometry":{"type":"Point","coordinates":[7.7056575,45.1158492]},"properties":{"type":"pakketpunt","locatieNaam":"tabaccheria mejdoub","straatNaam":"Via Ivrea","straatNr":"39/a","vervoerder":"GLS","puntType":"parcel_shop","bezettingsgraad":50,"latitude":45.1158492,"longitude":7.7056575,"canPickup":true,"canDropoff":true,"openingstijden":"za: 06:30 - 13:00, 15:00 - 19:30; zo: 09:00 - 12:30"}},{"type":"Feature","geometry":{"type":"Point","coordinates":[7.6996641,45.115869]},"properties":{"type":"pakketpunt","locatieNaam":"Gargano Palchetti","straatNaam":"Corso Vercelli","straatNr":"377","vervoerder":"GLS","puntType":"parcel_shop","bezettingsgraad":50,"latitude":45.115869,"longitude":7.6996641,"canPickup":true,"canDropoff":true,"openingstijden":"za: 09:00 - 12:00, 14:30 - 19:00; ma: 09:00 - 12:00, 14:30 - 19:00"}},{"type":"Feature","geometry":{"type":"Point","coordinates":[7.7279992,45.117115]},"properties":{"type":"pakketpunt","locatieNaam":"GLS Locker TO032B presso stazione di servizio Vulcan-Iveco (interno 118)","straatNaam":"Corso Giulio Cesare","straatNr":"424","vervoerder":"GLS","puntType":"locker","bezettingsgraad":50,"latitude":45.117115,"longitude":7.7279992,"canPickup":true,"canDropoff":false,"openingstijden":"za: 00:00 - 23:30; zo: 00:00 - 23:30"}},{"type":"Feature","geometry":{"type":"Point","coordinates":[7.71320534,45.11807632]},"properties":{"type":"pakketpunt","locatieNaam":"GLS Locker TO050A presso CC Le Porte di Torino (vicino ingresso porta della Sfinge)","straatNaam":"Corso Romania","straatNr":"460","vervoerder":"GLS","puntType":"locker","bezettingsgraad":50,"latitude":45.11807632,"longitude":7.71320534,"canPickup":true,"canDropoff":false,"openingstijden":"za: 09:00 - 20:30; zo: 09:00 - 20:00"}},{"type":"Feature","geometry":{"type":"Point","coordinates":[7.70405388,45.12584305]},"properties":{"type":"pakketpunt","locatieNaam":"GLS Locker TO043B presso stazione di servizio Tamoil Strada di Cuorgne'","straatNaam":"Strada Di Cuorgne'","straatNr":"102A","vervoerder":"GLS","puntType":"locker","bezettingsgraad":50,"latitude":45.12584305,"longitude":7.70405388,"canPickup":true,"canDropoff":false,"openingstijden":"za: 00:00 - 23:30; zo: 00:00 - 23:30"}},{"type":"Feature","geometry":{"type":"Point","coordinates":[7.608358,45.020738]},"properties":{"type":"pakketpunt","locatieNaam":"TABACCHERIA N. 467","straatNaam":"VIA GIOVANNI ROVEDA 17-E","straatNr":"","vervoerder":"DHL","puntType":"parcelShop","bezettingsgraad":50,"latitude":45.020738,"longitude":7.608358,"canPickup":true,"canDropoff":true,"openingstijden":{"ma":"07:30 - 13:00, 15:00 - 19:00","di":"07:30 - 13:00, 15:00 - 19:00","wo":"07:30 - 13:00, 15:00 - 19:00","do":"07:30 - 13:00, 15:00 - 19:00","vr":"07:30 - 13:00, 15:00 - 19:00","za":"07:30 - 13:00, 15:00 - 19:00","zo":"gesloten"}}},{"type":"Feature","geometry":{"type":"Point","coordinates":[7.611515,45.020906]},"properties":{"type":"pakketpunt","locatieNaam":"Ufficio Postale TORINO 75","straatNaam":"VIA CELESTE NEGARVILLE 8-26","straatNr":"","vervoerder":"DHL","puntType":"postOffice","bezettingsgraad":50,"latitude":45.020906,"longitude":7.611515,"canPickup":true,"canDropoff":true,"openingstijden":{"ma":"08:20 - 13:35","di":"08:20 - 13:35","wo":"08:20 - 13:35","do":"08:20 - 13:35","vr":"08:20 - 13:35","za":"08:20 - 12:35","zo":"gesloten"}}},{"type":"Feature","geometry":{"type":"Point","coordinates":[7.66214,45.01682]},"properties":{"type":"pakketpunt","locatieNaam":"TABACCHERIA N. 543","straatNaam":"PIAZZA BENGASI 13-D","straatNr":"","vervoerder":"DHL","puntType":"parcelShop","bezettingsgraad":50,"latitude":45.01682,"longitude":7.66214,"canPickup":true,"canDropoff":true,"openingstijden":{"ma":"06:00 - 22:00","di":"06:00 - 22:00","wo":"06:00 - 22:00","do":"06:00 - 22:00","vr":"06:00 - 22:00","za":"06:00 - 22:00","zo":"07:00 - 22:00"}}},{"type":"Feature","geometry":{"type":"Point","coordinates":[7.6642,45.01957]},"properties":{"type":"pakketpunt","locatieNaam":"TABACCHERIA N. 408","straatNaam":"VIA GENOVA 232-B","straatNr":"","vervoerder":"DHL","puntType":"parcelShop","bezettingsgraad":50,"latitude":45.01957,"longitude":7.6642,"canPickup":true,"canDropoff":true,"openingstijden":{"ma":"06:00 - 20:00","di":"06:00 - 20:00","wo":"06:00 - 20:00","do":"06:00 - 20:00","vr":"06:00 - 20:00","za":"06:00 - 20:00","zo":"gesloten"}}},{"type":"Feature","geometry":{"type":"Point","coordinates":[7.662003,45.019082]},"properties":{"type":"pakketpunt","locatieNaam":"TABACCHERIA N. 198","straatNaam":"VIA NIZZA 380","straatNr":"","vervoerder":"DHL","puntType":"parcelShop","bezettingsgraad":50,"latitude":45.019082,"longitude":7.662003,"canPickup":true,"canDropoff":true,"openingstijden":{"ma":"06:45 - 18:45","di":"06:45 - 18:45","wo":"06:45 - 18:45","do":"06:45 - 18:45","vr":"06:45 - 18:45","za":"06:45 - 18:45","zo":"gesloten"}}},{"type":"Feature","geometry":{"type":"Point","coordinates":[7.688133,45.029246]},"properties":{"type":"pakketpunt","locatieNaam":"TABACCHERIA N. 120","straatNaam":"STRADA DEI RONCHI 4","straatNr":"","vervoerder":"DHL","puntType":"parcelShop","bezettingsgraad":50,"latitude":45.029246,"longitude":7.688133,"canPickup":true,"canDropoff":true,"openingstijden":{"ma":"09:00 - 20:00","di":"09:00 - 20:00","wo":"09:00 - 20:00","do":"09:00 - 20:00","vr":"09:00 - 20:00","za":"09:00 - 20:00","zo":"09:00 - 20:00"}}},{"type":"Feature","geometry":{"type":"Point","coordinates":[7.66535,45.02233]},"properties":{"type":"pakketpunt","locatieNaam":"CARREFOUR V. GENOVA","straatNaam":"VIA GENOVA 197","straatNr":"","vervoerder":"DHL","puntType":"parcelShop","bezettingsgraad":50,"latitude":45.02233,"longitude":7.66535,"canPickup":true,"canDropoff":true,"openingstijden":{"ma":"08:00 - 21:00","di":"08:00 - 21:00","wo":"08:00 - 21:00","do":"08:00 - 21:00","vr":"08:00 - 21:00","za":"08:00 - 21:00","zo":"08:00 - 21:00"}}},{"type":"Feature","geometry":{"type":"Point","coordinates":[7.664278,45.021776]},"properties":{"type":"pakketpunt","locatieNaam":"Ufficio Postale TORINO 66","straatNaam":"VIA VINOVO 8","straatNr":"","vervoerder":"DHL","puntType":"postOffice","bezettingsgraad":50,"latitude":45.021776,"longitude":7.664278,"canPickup":true,"canDropoff":true,"openingstijden":{"ma":"08:20 - 13:35","di":"08:20 - 13:35","wo":"08:20 - 13:35","do":"08:20 - 13:35","vr":"08:20 - 13:35","za":"08:20 - 12:35","zo":"gesloten"}}},{"type":"Feature","geometry":{"type":"Point","coordinates":[7.663221,45.021476]},"properties":{"type":"pakketpunt","locatieNaam":"CARMENPHONIA","straatNaam":"Via Nizza 365/a","straatNr":"","vervoerder":"DHL","puntType":"parcelShop","bezettingsgraad":50,"latitude":45.021476,"longitude":7.663221,"canPickup":false,"canDropoff":true,"openingstijden":{"ma":"15:00 - 19:30","di":"10:00 - 19:30","wo":"10:00 - 19:30","do":"10:00 - 19:30","vr":"10:00 - 19:30","za":"10:00 - 19:30","zo":"gesloten"}}},{"type":"Feature","geometry":{"type":"Point","coordinates":[7.663221,45.022289]},"properties":{"type":"pakketpunt","locatieNaam":"TABACCHERIA N. 84","straatNaam":"VIA NIZZA 350","straatNr":"","vervoerder":"DHL","puntType":"parcelShop","bezettingsgraad":50,"latitude":45.022289,"longitude":7.663221,"canPickup":true,"canDropoff":true,"openingstijden":{"ma":"07:00 - 19:30","di":"07:00 - 19:30","wo":"07:00 - 19:30","do":"07:00 - 19:30","vr":"07:00 - 07:05, 19:25 - 19:30","za":"07:00 - 19:30","zo":"08:00 - 12:00"}}},{"type":"Feature","geometry":{"type":"Point","coordinates":[7.654893,45.014765]},"properties":{"type":"pakketpunt","locatieNaam":"TABACCHERIA N. 406","straatNaam":"VIA CANDIOLO 36","straatNr":"","vervoerder":"DHL","puntType":"parcelShop","bezettingsgraad":50,"latitude":45.014765,"longitude":7.654893,"canPickup":true,"canDropoff":true,"openingstijden":{"ma":"07:30 - 12:30, 14:30 - 19:30","di":"07:30 - 12:30, 14:30 - 19:30","wo":"07:30 - 12:30, 14:30 - 19:30","do":"07:30 - 12:30, 14:30 - 19:30","vr":"07:30 - 12:30, 14:30 - 19:30","za":"07:30 - 12:30, 14:30 - 19:30","zo":"gesloten"}}},{"type":"Feature","geometry":{"type":"Point","coordinates":[7.664096,45.0238]},"properties":{"type":"pakketpunt","locatieNaam":"TABACCHERIA N. 183","straatNaam":"VIA NIZZA 341-B","straatNr":"","vervoerder":"DHL","puntType":"parcelShop","bezettingsgraad":50,"latitude":45.0238,"longitude":7.664096,"canPickup":true,"canDropoff":true,"openingstijden":{"ma":"06:30 - 19:30","di":"06:30 - 19:30","wo":"06:30 - 19:30","do":"06:30 - 19:30","vr":"06:30 - 19:30","za":"06:30 - 19:30","zo":"08:00 - 12:00"}}},{"type":"Feature","geometry":{"type":"Point","coordinates":[7.663626,45.024551]},"properties":{"type":"pakketpunt","locatieNaam":"REGIONE PIEMONTE","straatNaam":"PIAZZA PIEMONTE 1","straatNr":"","vervoerder":"DHL","puntType":"packStation","bezettingsgraad":50,"latitude":45.024551,"longitude":7.663626,"canPickup":true,"canDropoff":true,"openingstijden":{"ma":"00:01 - 23:59","di":"00:01 - 23:59","wo":"00:01 - 23:59","do":"00:01 - 23:59","vr":"00:01 - 23:59","za":"00:01 - 23:59","zo":"00:01 - 23:59"}}},{"type":"Feature","geometry":{"type":"Point","coordinates":[7.65482,45.0173]},"properties":{"type":"pakketpunt","locatieNaam":"TABACCHERIA n. 346","straatNaam":"VIA ONORATO VIGLIANI 184-C","straatNr":"","vervoerder":"DHL","puntType":"parcelShop","bezettingsgraad":50,"latitude":45.0173,"longitude":7.65482,"canPickup":true,"canDropoff":true,"openingstijden":{"ma":"07:30 - 19:30","di":"07:30 - 19:30","wo":"07:30 - 19:30","do":"07:30 - 19:30","vr":"07:30 - 19:30","za":"07:30 - 19:30","zo":"gesloten"}}},{"type":"Feature","geometry":{"type":"Point","coordinates":[7.69162,45.10763]},"properties":{"type":"pakketpunt","locatieNaam":"TABACCHERIA N. 450","straatNaam":"VIA GUGLIELMO REISS ROMOLI 50","straatNr":"","vervoerder":"DHL","puntType":"parcelShop","bezettingsgraad":50,"latitude":45.10763,"longitude":7.69162,"canPickup":true,"canDropoff":true,"openingstijden":{"ma":"07:30 - 14:00, 15:30 - 19:00","di":"07:30 - 14:00, 15:30 - 19:00","wo":"07:30 - 14:00, 15:30 - 19:00","do":"07:30 - 14:00, 15:30 - 19:00","vr":"07:30 - 14:00, 15:30 - 19:00","za":"07:30 - 13:00, 16:00 - 19:00","zo":"gesloten"}}},{"type":"Feature","geometry":{"type":"Point","coordinates":[7.697273,45.109407]},"properties":{"type":"pakketpunt","locatieNaam":"STAZIONE DI SERVIZIO ESSO","straatNaam":"CORSO VERCELLI 293","straatNr":"","vervoerder":"DHL","puntType":"packStation","bezettingsgraad":50,"latitude":45.109407,"longitude":7.697273,"canPickup":true,"canDropoff":true,"openingstijden":{"ma":"00:01 - 23:59","di":"00:01 - 23:59","wo":"00:01 - 23:59","do":"00:01 - 23:59","vr":"00:01 - 23:59","za":"00:01 - 23:59","zo":"00:01 - 23:59"}}},{"type":"Feature","geometry":{"type":"Point","coordinates":[7.69807,45.110512]},"properties":{"type":"pakketpunt","locatieNaam":"STAZIONE DI SERVIZIO ENI","straatNaam":"CORSO VERCELLI 272-A","straatNr":"","vervoerder":"DHL","puntType":"packStation","bezettingsgraad":50,"latitude":45.110512,"longitude":7.69807,"canPickup":true,"canDropoff":true,"openingstijden":{"ma":"00:01 - 23:59","di":"00:01 - 23:59","wo":"00:01 - 23:59","do":"00:01 - 23:59","vr":"00:01 - 23:59","za":"00:01 - 23:59","zo":"00:01 - 23:59"}}},{"type":"Feature","geometry":{"type":"Point","coordinates":[7.696068,45.105313]},"properties":{"type":"pakketpunt","locatieNaam":"TABACCHERIA N. 284","straatNaam":"CORSO VERCELLI 237-B","straatNr":"","vervoerder":"DHL","puntType":"parcelShop","bezettingsgraad":50,"latitude":45.105313,"longitude":7.696068,"canPickup":true,"canDropoff":true,"openingstijden":{"ma":"05:00 - 19:00","di":"05:00 - 19:00","wo":"05:00 - 19:00","do":"05:00 - 19:00","vr":"05:00 - 19:00","za":"05:00 - 12:00","zo":"gesloten"}}},{"type":"Feature","geometry":{"type":"Point","coordinates":[7.685013,45.105721]},"properties":{"type":"pakketpunt","locatieNaam":"ADMIRAL MONDO CAFFE","straatNaam":"VIA ALA DI STURA 50-E","straatNr":"","vervoerder":"DHL","puntType":"parcelShop","bezettingsgraad":50,"latitude":45.105721,"longitude":7.685013,"canPickup":true,"canDropoff":true,"openingstijden":{"ma":"14:00 - 17:30","di":"14:00 - 17:30","wo":"14:00 - 17:30","do":"14:00 - 17:30","vr":"14:00 - 17:30","za":"14:00 - 17:30","zo":"gesloten"}}},{"type":"Feature","geometry":{"type":"Point","coordinates":[7.70195,45.11632]},"properties":{"type":"pakketpunt","locatieNaam":"TABACCHERIA N. 383","straatNaam":"CORSO VERCELLI 356-B","straatNr":"","vervoerder":"DHL","puntType":"parcelShop","bezettingsgraad":50,"latitude":45.11632,"longitude":7.70195,"canPickup":true,"canDropoff":true,"openingstijden":{"ma":"05:00 - 19:00","di":"05:00 - 19:00","wo":"05:00 - 19:00","do":"05:00 - 19:00","vr":"05:00 - 19:00","za":"05:00 - 19:00","zo":"08:00 - 12:30"}}},{"type":"Feature","geometry":{"type":"Point","coordinates":[7.687625,45.103674]},"properties":{"type":"pakketpunt","locatieNaam":"BAR TABACCHI DI GIARDIELLO","straatNaam":"Corso Grosseto, 59","straatNr":"","vervoerder":"DHL","puntType":"parcelShop","bezettingsgraad":50,"latitude":45.103674,"longitude":7.687625,"canPickup":false,"canDropoff":true,"openingstijden":{"ma":"06:30 - 20:00","di":"06:30 - 20:00","wo":"06:30 - 20:00","do":"06:30 - 20:00","vr":"06:30 - 20:00","za":"06:30 - 20:00","zo":"gesloten"}}},{"type":"Feature","geometry":{"type":"Point","coordinates":[7.687671,45.103657]},"properties":{"type":"pakketpunt","locatieNaam":"TABACCHERIA N. 495","straatNaam":"CORSO GROSSETO 59","straatNr":"","vervoerder":"DHL","puntType":"parcelShop","bezettingsgraad":50,"latitude":45.103657,"longitude":7.687671,"canPickup":true,"canDropoff":true,"openingstijden":{"ma":"06:30 - 20:00","di":"06:30 - 20:00","wo":"06:30 - 20:00","do":"06:30 - 20:00","vr":"06:30 - 20:00","za":"06:30 - 20:00","zo":"gesloten"}}},{"type":"Feature","geometry":{"type":"Point","coordinates":[7.69422,45.10266]},"properties":{"type":"pakketpunt","locatieNaam":"TELEFONIA - PIAZZA REBAUDENGO","straatNaam":"PIAZZA CONTI DI REBAUDENGO 7","straatNr":"","vervoerder":"DHL","puntType":"parcelShop","bezettingsgraad":50,"latitude":45.10266,"longitude":7.69422,"canPickup":true,"canDropoff":true,"openingstijden":{"ma":"09:00 - 13:00, 14:00 - 19:00","di":"09:00 - 13:00, 14:00 - 19:00","wo":"09:00 - 13:00, 14:00 - 19:00","do":"09:00 - 13:00, 14:00 - 19:00","vr":"09:00 - 13:00, 14:00 - 19:00","za":"gesloten","zo":"gesloten"}}},{"type":"Feature","geometry":{"type":"Point","coordinates":[7.703547,45.106435]},"properties":{"type":"pakketpunt","locatieNaam":"STAZIONE DI SERVIZIO ENI","straatNaam":"CORSO GIULIO CESARE 318","straatNr":"","vervoerder":"DHL","puntType":"packStation","bezettingsgraad":50,"latitude":45.106435,"longitude":7.703547,"canPickup":true,"canDropoff":true,"openingstijden":{"ma":"00:01 - 23:59","di":"00:01 - 23:59","wo":"00:01 - 23:59","do":"00:01 - 23:59","vr":"00:01 - 23:59","za":"00:01 - 23:59","zo":"00:01 - 23:59"}}},{"type":"Feature","geometry":{"type":"Point","coordinates":[7.699318,45.102724]},"properties":{"type":"pakketpunt","locatieNaam":"EPICI COMPUTER","straatNaam":"Via Sandro Botticelli, 35","straatNr":"","vervoerder":"DHL","puntType":"parcelShop","bezettingsgraad":50,"latitude":45.102724,"longitude":7.699318,"canPickup":false,"canDropoff":true,"openingstijden":{"ma":"15:00 - 19:30","di":"09:00 - 19:30","wo":"09:00 - 19:30","do":"09:00 - 19:30","vr":"09:00 - 19:30","za":"gesloten","zo":"gesloten"}}},{"type":"Feature","geometry":{"type":"Point","coordinates":[7.701612,45.103694]},"properties":{"type":"pakketpunt","locatieNaam":"STAZIONE DI SERVIZIO ESSO","straatNaam":"CORSO GIULIO CESARE 264-A","straatNr":"","vervoerder":"DHL","puntType":"packStation","bezettingsgraad":50,"latitude":45.103694,"longitude":7.701612,"canPickup":true,"canDropoff":true,"openingstijden":{"ma":"00:01 - 23:59","di":"00:01 - 23:59","wo":"00:01 - 23:59","do":"00:01 - 23:59","vr":"00:01 - 23:59","za":"00:01 - 23:59","zo":"00:01 - 23:59"}}},{"type":"Feature","geometry":{"type":"Point","coordinates":[7.698397,45.101866]},"properties":{"type":"pakketpunt","locatieNaam":"Ufficio Postale TORINO 33","straatNaam":"CORSO TARANTO 28-E","straatNr":"","vervoerder":"DHL","puntType":"postOffice","bezettingsgraad":50,"latitude":45.101866,"longitude":7.698397,"canPickup":true,"canDropoff":true,"openingstijden":{"ma":"08:20 - 19:05","di":"08:20 - 19:05","wo":"08:20 - 19:05","do":"08:20 - 19:05","vr":"08:20 - 19:05","za":"08:20 - 12:35","zo":"gesloten"}}},{"type":"Feature","geometry":{"type":"Point","coordinates":[7.699386,45.10069]},"properties":{"type":"pakketpunt","locatieNaam":"STAZIONE DI SERVIZIO ENI","straatNaam":"CORSO GIULIO CESARE 216-A","straatNr":"","vervoerder":"DHL","puntType":"packStation","bezettingsgraad":50,"latitude":45.10069,"longitude":7.699386,"canPickup":true,"canDropoff":true,"openingstijden":{"ma":"00:01 - 23:59","di":"00:01 - 23:59","wo":"00:01 - 23:59","do":"00:01 - 23:59","vr":"00:01 - 23:59","za":"00:01 - 23:59","zo":"00:01 - 23:59"}}},{"type":"Feature","geometry":{"type":"Point","coordinates":[7.674977,45.110791]},"properties":{"type":"pakketpunt","locatieNaam":"LAVAGGIO IP SUPERCHEMICAL","straatNaam":"VIA GUGLIELMO REISS ROMOLI 236","straatNr":"","vervoerder":"DHL","puntType":"parcelShop","bezettingsgraad":50,"latitude":45.110791,"longitude":7.674977,"canPickup":true,"canDropoff":true,"openingstijden":{"ma":"08:30 - 18:00","di":"08:30 - 18:00","wo":"08:30 - 18:00","do":"08:30 - 18:00","vr":"08:30 - 18:00","za":"08:30 - 18:00","zo":"gesloten"}}},{"type":"Feature","geometry":{"type":"Point","coordinates":[7.697246,45.099484]},"properties":{"type":"pakketpunt","locatieNaam":"Bar/Enoteca Angolo di Vino","straatNaam":"VIA NICOLA PORPORA 26-E","straatNr":"","vervoerder":"DHL","puntType":"parcelShop","bezettingsgraad":50,"latitude":45.099484,"longitude":7.697246,"canPickup":true,"canDropoff":true,"openingstijden":{"ma":"06:00 - 18:00","di":"06:00 - 18:00","wo":"06:00 - 18:00","do":"06:00 - 18:00","vr":"06:00 - 18:00","za":"06:00 - 16:00","zo":"gesloten"}}},{"type":"Feature","geometry":{"type":"Point","coordinates":[7.70348,45.121669]},"properties":{"type":"pakketpunt","locatieNaam":"STAZIONE DI SERVIZIO IP","straatNaam":"STRADA CUORGNE 59","straatNr":"","vervoerder":"DHL","puntType":"packStation","bezettingsgraad":50,"latitude":45.121669,"longitude":7.70348,"canPickup":true,"canDropoff":true,"openingstijden":{"ma":"00:01 - 23:59","di":"00:01 - 23:59","wo":"00:01 - 23:59","do":"00:01 - 23:59","vr":"00:01 - 23:59","za":"00:01 - 23:59","zo":"00:01 - 23:59"}}},{"type":"Feature","geometry":{"type":"Point","coordinates":[7.678855,45.102705]},"properties":{"type":"pakketpunt","locatieNaam":"STOCK STOCK MYSTERY BOX","straatNaam":"VIA BIBIANA 110","straatNr":"","vervoerder":"DHL","puntType":"packStation","bezettingsgraad":50,"latitude":45.102705,"longitude":7.678855,"canPickup":true,"canDropoff":true,"openingstijden":{"ma":"09:00 - 19:00","di":"09:00 - 19:00","wo":"09:00 - 19:00","do":"09:00 - 19:00","vr":"09:00 - 19:00","za":"09:00 - 19:00","zo":"gesloten"}}},{"type":"Feature","geometry":{"type":"Point","coordinates":[7.692823,45.098139]},"properties":{"type":"pakketpunt","locatieNaam":"TABACCHERIA N. 245","straatNaam":"CORSO VERCELLI 144","straatNr":"","vervoerder":"DHL","puntType":"parcelShop","bezettingsgraad":50,"latitude":45.098139,"longitude":7.692823,"canPickup":true,"canDropoff":true,"openingstijden":{"ma":"06:45 - 13:05, 15:00 - 19:30","di":"06:45 - 13:05, 15:00 - 19:30","wo":"06:45 - 13:05, 15:00 - 19:30","do":"06:45 - 13:05, 15:00 - 19:30","vr":"06:45 - 13:05, 15:00 - 19:30","za":"06:45 - 13:05, 15:00 - 19:30","zo":"gesloten"}}},{"type":"Feature","geometry":{"type":"Point","coordinates":[7.705663,45.101867]},"properties":{"type":"pakketpunt","locatieNaam":"SUPERMERCATO IPERCOOP","straatNaam":"VIA SANDRO BOTTICELLI 85","straatNr":"","vervoerder":"DHL","puntType":"packStation","bezettingsgraad":50,"latitude":45.101867,"longitude":7.705663,"canPickup":true,"canDropoff":true,"openingstijden":{"ma":"09:00 - 13:00, 15:00 - 18:00","di":"09:00 - 13:00, 15:00 - 18:00","wo":"09:00 - 13:00, 15:00 - 18:00","do":"09:00 - 13:00, 15:00 - 18:00","vr":"09:00 - 13:00, 15:00 - 18:00","za":"09:00 - 13:00","zo":"gesloten"}}},{"type":"Feature","geometry":{"type":"Point","coordinates":[7.673071,45.11096]},"properties":{"type":"pakketpunt","locatieNaam":"STAZIONE DI SERVIZIO IP","straatNaam":"VIA GUGLIELMO REISS ROMOLI 236-A","straatNr":"","vervoerder":"DHL","puntType":"packStation","bezettingsgraad":50,"latitude":45.11096,"longitude":7.673071,"canPickup":true,"canDropoff":true,"openingstijden":{"ma":"00:01 - 23:59","di":"00:01 - 23:59","wo":"00:01 - 23:59","do":"00:01 - 23:59","vr":"00:01 - 23:59","za":"00:01 - 23:59","zo":"00:01 - 23:59"}}},{"type":"Feature","geometry":{"type":"Point","coordinates":[7.699672,45.099051]},"properties":{"type":"pakketpunt","locatieNaam":"SIVAL IMPIANTI","straatNaam":"VIA RICCARDO ZANDONAI 1","straatNr":"","vervoerder":"DHL","puntType":"parcelShop","bezettingsgraad":50,"latitude":45.099051,"longitude":7.699672,"canPickup":true,"canDropoff":true,"openingstijden":{"ma":"09:00 - 18:00","di":"09:00 - 18:00","wo":"09:00 - 18:00","do":"09:00 - 18:00","vr":"09:00 - 18:00","za":"gesloten","zo":"gesloten"}}},{"type":"Feature","geometry":{"type":"Point","coordinates":[7.676724,45.10275]},"properties":{"type":"pakketpunt","locatieNaam":"Ufficio Postale TORINO 11","straatNaam":"VIA CONTE DI ROCCAVIONE 93-E","straatNr":"","vervoerder":"DHL","puntType":"postOffice","bezettingsgraad":50,"latitude":45.10275,"longitude":7.676724,"canPickup":true,"canDropoff":true,"openingstijden":{"ma":"08:20 - 13:35","di":"08:20 - 13:35","wo":"08:20 - 13:35","do":"08:20 - 13:35","vr":"08:20 - 13:35","za":"08:20 - 12:35","zo":"gesloten"}}},{"type":"Feature","geometry":{"type":"Point","coordinates":[7.699129,45.098014]},"properties":{"type":"pakketpunt","locatieNaam":"Ufficio Postale TORINO 71","straatNaam":"VIA NICOLA PORPORA 51","straatNr":"","vervoerder":"DHL","puntType":"postOffice","bezettingsgraad":50,"latitude":45.098014,"longitude":7.699129,"canPickup":true,"canDropoff":true,"openingstijden":{"ma":"08:20 - 13:35","di":"08:20 - 13:35","wo":"08:20 - 13:35","do":"08:20 - 13:35","vr":"08:20 - 13:35","za":"08:20 - 12:35","zo":"gesloten"}}},{"type":"Feature","geometry":{"type":"Point","coordinates":[7.681155,45.098718]},"properties":{"type":"pakketpunt","locatieNaam":"Ufficio Postale TORINO 7","straatNaam":"VIA BREGLIO 37-A","straatNr":"","vervoerder":"DHL","puntType":"postOffice","bezettingsgraad":50,"latitude":45.098718,"longitude":7.681155,"canPickup":true,"canDropoff":true,"openingstijden":{"ma":"08:20 - 19:05","di":"08:20 - 19:05","wo":"08:20 - 19:05","do":"08:20 - 19:05","vr":"08:20 - 19:05","za":"08:20 - 12:35","zo":"gesloten"}}},{"type":"Feature","geometry":{"type":"Point","coordinates":[7.706446,45.100229]},"properties":{"type":"pakketpunt","locatieNaam":"STAZIONE DI SERVIZIO ENI","straatNaam":"VIA SANDRO BOTTICELLI 62-A","straatNr":"","vervoerder":"DHL","puntType":"packStation","bezettingsgraad":50,"latitude":45.100229,"longitude":7.706446,"canPickup":true,"canDropoff":true,"openingstijden":{"ma":"00:01 - 23:59","di":"00:01 - 23:59","wo":"00:01 - 23:59","do":"00:01 - 23:59","vr":"00:01 - 23:59","za":"00:01 - 23:59","zo":"00:01 - 23:59"}}},{"type":"Feature","geometry":{"type":"Point","coordinates":[7.693866,45.096205]},"properties":{"type":"pakketpunt","locatieNaam":"TABACCHERIA N. 253","straatNaam":"VIA RENATO MARTORELLI 57-A","straatNr":"","vervoerder":"DHL","puntType":"parcelShop","bezettingsgraad":50,"latitude":45.096205,"longitude":7.693866,"canPickup":true,"canDropoff":true,"openingstijden":{"ma":"08:00 - 12:30, 15:30 - 19:30","di":"08:00 - 12:30, 15:30 - 19:30","wo":"08:00 - 12:30, 15:30 - 19:30","do":"08:00 - 12:30, 15:30 - 19:30","vr":"08:00 - 12:30, 15:30 - 19:30","za":"08:00 - 12:30, 15:30 - 19:30","zo":"gesloten"}}},{"type":"Feature","geometry":{"type":"Point","coordinates":[7.676295,45.101067]},"properties":{"type":"pakketpunt","locatieNaam":"LONDON PALLY'S CAFFE'","straatNaam":"VIA MICHELE COPPINO 109-A","straatNr":"","vervoerder":"DHL","puntType":"parcelShop","bezettingsgraad":50,"latitude":45.101067,"longitude":7.676295,"canPickup":true,"canDropoff":true,"openingstijden":{"ma":"07:00 - 20:00","di":"07:00 - 20:00","wo":"07:00 - 20:00","do":"07:00 - 20:00","vr":"07:00 - 20:00","za":"07:00 - 20:00","zo":"08:00 - 13:00"}}},{"type":"Feature","geometry":{"type":"Point","coordinates":[7.689287,45.095695]},"properties":{"type":"pakketpunt","locatieNaam":"MERCATINO DELL'USATO","straatNaam":"VIA CERESOLE 27","straatNr":"","vervoerder":"DHL","puntType":"packStation","bezettingsgraad":50,"latitude":45.095695,"longitude":7.689287,"canPickup":true,"canDropoff":true,"openingstijden":{"ma":"10:00 - 12:30, 15:00 - 19:00","di":"10:00 - 12:30, 15:00 - 19:00","wo":"10:00 - 12:30, 15:00 - 19:00","do":"10:00 - 12:30, 15:00 - 19:00","vr":"10:00 - 12:30, 15:00 - 19:00","za":"10:00 - 19:00","zo":"gesloten"}}},{"type":"Feature","geometry":{"type":"Point","coordinates":[7.713558,45.11807]},"properties":{"type":"pakketpunt","locatieNaam":"CENTRO COMMERCIALE PORTE DI","straatNaam":"CORSO ROMANIA 460","straatNr":"","vervoerder":"DHL","puntType":"packStation","bezettingsgraad":50,"latitude":45.11807,"longitude":7.713558,"canPickup":true,"canDropoff":true,"openingstijden":{"ma":"00:01 - 23:59","di":"00:01 - 23:59","wo":"00:01 - 23:59","do":"00:01 - 23:59","vr":"00:01 - 23:59","za":"00:01 - 23:59","zo":"00:01 - 23:59"}}},{"type":"Feature","geometry":{"type":"Point","coordinates":[7.692043,45.095168]},"properties":{"type":"pakketpunt","locatieNaam":"BAR CAFFE' 99 S.R.L.S.","straatNaam":"Via Lauro Rossi 27/a","straatNr":"","vervoerder":"DHL","puntType":"parcelShop","bezettingsgraad":50,"latitude":45.095168,"longitude":7.692043,"canPickup":false,"canDropoff":true,"openingstijden":{"ma":"07:30 - 19:30","di":"07:30 - 19:30","wo":"07:30 - 19:30","do":"07:30 - 19:30","vr":"07:30 - 19:30","za":"07:30 - 19:30","zo":"gesloten"}}},{"type":"Feature","geometry":{"type":"Point","coordinates":[7.676241,45.099188]},"properties":{"type":"pakketpunt","locatieNaam":"TABACCHERIA N. 430","straatNaam":"VIA BREGLIO 91-C","straatNr":"","vervoerder":"DHL","puntType":"parcelShop","bezettingsgraad":50,"latitude":45.099188,"longitude":7.676241,"canPickup":true,"canDropoff":true,"openingstijden":{"ma":"08:30 - 19:00","di":"08:30 - 19:00","wo":"08:30 - 19:00","do":"08:30 - 19:00","vr":"08:30 - 19:00","za":"08:30 - 19:00","zo":"gesloten"}}},{"type":"Feature","geometry":{"type":"Point","coordinates":[7.676209,45.099188]},"properties":{"type":"pakketpunt","locatieNaam":"LAVANDERIA - SPEED QUEEN","straatNaam":"VIA BREGLIO 91-E","straatNr":"","vervoerder":"DHL","puntType":"packStation","bezettingsgraad":50,"latitude":45.099188,"longitude":7.676209,"canPickup":true,"canDropoff":true,"openingstijden":{"ma":"07:00 - 22:00","di":"07:00 - 22:00","wo":"07:00 - 22:00","do":"07:00 - 22:00","vr":"07:00 - 22:00","za":"07:00 - 22:00","zo":"07:00 - 22:00"}}},{"type":"Feature","geometry":{"type":"Point","coordinates":[7.694668,45.09396]},"properties":{"type":"pakketpunt","locatieNaam":"TABACCHERIA N. 338","straatNaam":"CORSO GIULIO CESARE 131","straatNr":"","vervoerder":"DHL","puntType":"parcelShop","bezettingsgraad":50,"latitude":45.09396,"longitude":7.694668,"canPickup":true,"canDropoff":true,"openingstijden":{"ma":"08:00 - 20:00","di":"08:00 - 20:00","wo":"08:00 - 20:00","do":"08:00 - 20:00","vr":"08:00 - 20:00","za":"08:00 - 20:00","zo":"gesloten"}}},{"type":"Feature","geometry":{"type":"Point","coordinates":[7.705223,45.096349]},"properties":{"type":"pakketpunt","locatieNaam":"ALIMENTARI PERGOLESI","straatNaam":"VIA GIAMBATTISTA PERGOLESI 74","straatNr":"","vervoerder":"DHL","puntType":"parcelShop","bezettingsgraad":50,"latitude":45.096349,"longitude":7.705223,"canPickup":true,"canDropoff":true,"openingstijden":{"ma":"07:30 - 12:30, 15:30 - 19:00","di":"07:30 - 12:30, 15:30 - 19:00","wo":"07:30 - 12:30, 15:30 - 19:00","do":"07:30 - 12:30, 15:30 - 19:00","vr":"07:30 - 12:30, 15:30 - 19:00","za":"07:30 - 12:30","zo":"gesloten"}}},{"type":"Feature","geometry":{"type":"Point","coordinates":[7.697568,45.093783]},"properties":{"type":"pakketpunt","locatieNaam":"Ufficio Postale TORINO 43","straatNaam":"VIA GASPARE SPONTINI 23","straatNr":"","vervoerder":"DHL","puntType":"postOffice","bezettingsgraad":50,"latitude":45.093783,"longitude":7.697568,"canPickup":true,"canDropoff":true,"openingstijden":{"ma":"08:20 - 13:35","di":"08:20 - 13:35","wo":"08:20 - 13:35","do":"08:20 - 13:35","vr":"08:20 - 13:35","za":"08:20 - 12:35","zo":"gesloten"}}},{"type":"Feature","geometry":{"type":"Point","coordinates":[7.690021,45.092827]},"properties":{"type":"pakketpunt","locatieNaam":"LA VITA","straatNaam":"Corso Vercelli, 93 C","straatNr":"","vervoerder":"DHL","puntType":"parcelShop","bezettingsgraad":50,"latitude":45.092827,"longitude":7.690021,"canPickup":false,"canDropoff":true,"openingstijden":{"ma":"09:00 - 21:00","di":"09:00 - 21:00","wo":"09:00 - 21:00","do":"09:00 - 21:00","vr":"09:00 - 21:00","za":"09:00 - 21:00","zo":"gesloten"}}},{"type":"Feature","geometry":{"type":"Point","coordinates":[7.708946,45.126496]},"properties":{"type":"pakketpunt","locatieNaam":"TABACCHERIA n. 395","straatNaam":"VIALE FALCHERA 66","straatNr":"","vervoerder":"DHL","puntType":"parcelShop","bezettingsgraad":50,"latitude":45.126496,"longitude":7.708946,"canPickup":true,"canDropoff":true,"openingstijden":{"ma":"07:00 - 13:00, 15:00 - 19:30","di":"07:00 - 13:00, 15:00 - 19:30","wo":"07:00 - 13:00, 15:00 - 19:30","do":"07:00 - 13:00, 15:00 - 19:30","vr":"07:00 - 13:00, 15:00 - 19:30","za":"07:00 - 13:00, 15:00 - 19:30","zo":"gesloten"}}},{"type":"Feature","geometry":{"type":"Point","coordinates":[7.694684,45.092709]},"properties":{"type":"pakketpunt","locatieNaam":"TABACCHERIA N. 184","straatNaam":"VIA LUIGI SALVATORE CHERUBINI 3-C","straatNr":"","vervoerder":"DHL","puntType":"parcelShop","bezettingsgraad":50,"latitude":45.092709,"longitude":7.694684,"canPickup":true,"canDropoff":true,"openingstijden":{"ma":"07:00 - 19:30","di":"07:00 - 19:30","wo":"07:00 - 19:30","do":"07:00 - 19:30","vr":"07:00 - 19:30","za":"07:00 - 19:30","zo":"gesloten"}}},{"type":"Feature","geometry":{"type":"Point","coordinates":[7.6963,45.0926]},"properties":{"type":"pakketpunt","locatieNaam":"BLUES CAFE 96","straatNaam":"Via Monterosa 81","straatNr":"","vervoerder":"DHL","puntType":"parcelShop","bezettingsgraad":50,"latitude":45.0926,"longitude":7.6963,"canPickup":false,"canDropoff":true,"openingstijden":{"ma":"07:30 - 19:30","di":"07:30 - 19:30","wo":"07:30 - 19:30","do":"07:30 - 19:30","vr":"07:30 - 19:30","za":"07:30 - 19:30","zo":"gesloten"}}},{"type":"Feature","geometry":{"type":"Point","coordinates":[7.708756,45.127608]},"properties":{"type":"pakketpunt","locatieNaam":"Ufficio Postale TORINO 51","straatNaam":"VIALE FALCHERA 80","straatNr":"","vervoerder":"DHL","puntType":"postOffice","bezettingsgraad":50,"latitude":45.127608,"longitude":7.708756,"canPickup":true,"canDropoff":true,"openingstijden":{"ma":"08:20 - 13:35","di":"08:20 - 13:35","wo":"08:20 - 13:35","do":"08:20 - 13:35","vr":"08:20 - 13:35","za":"08:20 - 12:35","zo":"gesloten"}}},{"type":"Feature","geometry":{"type":"Point","coordinates":[7.693358,45.091833]},"properties":{"type":"pakketpunt","locatieNaam":"TABACCHERIA N. 175","straatNaam":"LARGO GIULIO CESARE 107-F","straatNr":"","vervoerder":"DHL","puntType":"parcelShop","bezettingsgraad":50,"latitude":45.091833,"longitude":7.693358,"canPickup":true,"canDropoff":true,"openingstijden":{"ma":"07:30 - 13:00, 14:30 - 19:30","di":"07:30 - 13:00, 14:30 - 19:30","wo":"07:30 - 13:00, 14:30 - 19:30","do":"07:30 - 13:00, 14:30 - 19:30","vr":"07:30 - 13:00, 14:30 - 19:30","za":"07:30 - 13:00, 14:30 - 19:30","zo":"gesloten"}}},{"type":"Feature","geometry":{"type":"Point","coordinates":[7.675766,45.095291]},"properties":{"type":"pakketpunt","locatieNaam":"TABACCHERIA N. 237","straatNaam":"VIA MICHELE ANTONIO VIBO 45-D","straatNr":"","vervoerder":"DHL","puntType":"parcelShop","bezettingsgraad":50,"latitude":45.095291,"longitude":7.675766,"canPickup":true,"canDropoff":true,"openingstijden":{"ma":"08:00 - 13:00, 14:30 - 19:00","di":"08:00 - 13:00, 14:30 - 19:00","wo":"08:00 - 13:00, 14:30 - 19:00","do":"08:00 - 13:00, 14:30 - 19:00","vr":"08:00 - 13:00, 14:30 - 19:00","za":"08:00 - 19:00","zo":"gesloten"}}},{"type":"Feature","geometry":{"type":"Point","coordinates":[7.666722,45.101836]},"properties":{"type":"pakketpunt","locatieNaam":"Ufficio Postale TORINO 31","straatNaam":"VIA STRADELLA 197","straatNr":"","vervoerder":"DHL","puntType":"postOffice","bezettingsgraad":50,"latitude":45.101836,"longitude":7.666722,"canPickup":true,"canDropoff":true,"openingstijden":{"ma":"08:20 - 13:35","di":"08:20 - 13:35","wo":"08:20 - 13:35","do":"08:20 - 13:35","vr":"08:20 - 13:35","za":"08:20 - 12:35","zo":"gesloten"}}},{"type":"Feature","geometry":{"type":"Point","coordinates":[7.663535,45.106633]},"properties":{"type":"pakketpunt","locatieNaam":"CARTUCCIA EXPRESS","straatNaam":"Via Stampini 10/b","straatNr":"","vervoerder":"DHL","puntType":"parcelShop","bezettingsgraad":50,"latitude":45.106633,"longitude":7.663535,"canPickup":false,"canDropoff":true,"openingstijden":{"ma":"09:15 - 19:00","di":"09:15 - 19:00","wo":"09:15 - 19:00","do":"09:15 - 19:00","vr":"09:15 - 19:00","za":"09:15 - 12:30","zo":"gesloten"}}},{"type":"Feature","geometry":{"type":"Point","coordinates":[7.66336,45.10713]},"properties":{"type":"pakketpunt","locatieNaam":"AMICI STORE","straatNaam":"VIA ETTORE STAMPINI 14","straatNr":"","vervoerder":"DHL","puntType":"parcelShop","bezettingsgraad":50,"latitude":45.10713,"longitude":7.66336,"canPickup":true,"canDropoff":true,"openingstijden":{"ma":"gesloten","di":"10:00 - 18:00","wo":"gesloten","do":"10:00 - 18:00","vr":"gesloten","za":"gesloten","zo":"gesloten"}}},{"type":"Feature","geometry":{"type":"Point","coordinates":[7.689138,45.090444]},"properties":{"type":"pakketpunt","locatieNaam":"EDICOLA CASALNUOVO FRANCESCO","straatNaam":"Corso Vercelli 68","straatNr":"","vervoerder":"DHL","puntType":"parcelShop","bezettingsgraad":50,"latitude":45.090444,"longitude":7.689138,"canPickup":false,"canDropoff":true,"openingstijden":{"ma":"07:00 - 19:00","di":"07:00 - 19:00","wo":"07:00 - 19:00","do":"07:00 - 19:00","vr":"07:00 - 19:00","za":"gesloten","zo":"gesloten"}}},{"type":"Feature","geometry":{"type":"Point","coordinates":[7.677766,45.092715]},"properties":{"type":"pakketpunt","locatieNaam":"TABACCHERIA N. 296","straatNaam":"VIA CHIESA DELLA SALUTE 6-C","straatNr":"","vervoerder":"DHL","puntType":"parcelShop","bezettingsgraad":50,"latitude":45.092715,"longitude":7.677766,"canPickup":true,"canDropoff":true,"openingstijden":{"ma":"07:30 - 19:00","di":"07:30 - 19:00","wo":"07:30 - 19:00","do":"07:30 - 19:00","vr":"07:30 - 19:00","za":"07:30 - 19:00","zo":"gesloten"}}},{"type":"Feature","geometry":{"type":"Point","coordinates":[7.675476,45.093656]},"properties":{"type":"pakketpunt","locatieNaam":"TABACCHERIA N. 113","straatNaam":"VIA STRADELLA 56-D","straatNr":"","vervoerder":"DHL","puntType":"parcelShop","bezettingsgraad":50,"latitude":45.093656,"longitude":7.675476,"canPickup":true,"canDropoff":true,"openingstijden":{"ma":"07:30 - 13:00, 14:30 - 19:30","di":"07:30 - 13:00, 14:30 - 19:30","wo":"07:30 - 13:00, 14:30 - 19:30","do":"07:30 - 13:00, 14:30 - 19:30","vr":"07:30 - 13:00, 14:30 - 19:30","za":"07:30 - 13:00, 14:30 - 19:30","zo":"gesloten"}}},{"type":"Feature","geometry":{"type":"Point","coordinates":[7.720681,45.103505]},"properties":{"type":"pakketpunt","locatieNaam":"STAZIONE DI SERVIZIO IP","straatNaam":"LUNGOSTURA LAZIO 101-D","straatNr":"","vervoerder":"DHL","puntType":"packStation","bezettingsgraad":50,"latitude":45.103505,"longitude":7.720681,"canPickup":true,"canDropoff":true,"openingstijden":{"ma":"00:01 - 23:59","di":"00:01 - 23:59","wo":"00:01 - 23:59","do":"00:01 - 23:59","vr":"00:01 - 23:59","za":"00:01 - 23:59","zo":"00:01 - 23:59"}}},{"type":"Feature","geometry":{"type":"Point","coordinates":[7.751969,45.102677]},"properties":{"type":"pakketpunt","locatieNaam":"AUTOLAVAGGIO MC WASH","straatNaam":"STRADA SAN MAURO 240","straatNr":"","vervoerder":"DHL","puntType":"packStation","bezettingsgraad":50,"latitude":45.102677,"longitude":7.751969,"canPickup":true,"canDropoff":true,"openingstijden":{"ma":"00:01 - 23:59","di":"00:01 - 23:59","wo":"00:01 - 23:59","do":"00:01 - 23:59","vr":"00:01 - 23:59","za":"00:01 - 23:59","zo":"00:01 - 23:59"}}},{"type":"Feature","geometry":{"type":"Point","coordinates":[7.732175,45.100712]},"properties":{"type":"pakketpunt","locatieNaam":"Ufficio Postale TORINO 56","straatNaam":"VIA DAMIANO CHIESA 67-C","straatNr":"","vervoerder":"DHL","puntType":"postOffice","bezettingsgraad":50,"latitude":45.100712,"longitude":7.732175,"canPickup":true,"canDropoff":true,"openingstijden":{"ma":"08:20 - 13:35","di":"08:20 - 13:35","wo":"08:20 - 13:35","do":"08:20 - 13:35","vr":"08:20 - 13:35","za":"08:20 - 12:35","zo":"gesloten"}}},{"type":"Feature","geometry":{"type":"Point","coordinates":[7.73515,45.08688]},"properties":{"type":"pakketpunt","locatieNaam":"TABACCHERIA N. 182","straatNaam":"CORSO CASALE 428","straatNr":"","vervoerder":"DHL","puntType":"parcelShop","bezettingsgraad":50,"latitude":45.08688,"longitude":7.73515,"canPickup":true,"canDropoff":true,"openingstijden":{"ma":"06:00 - 20:00","di":"06:00 - 20:00","wo":"06:00 - 20:00","do":"06:00 - 20:00","vr":"06:00 - 20:00","za":"06:00 - 20:00","zo":"07:00 - 12:00"}}},{"type":"Feature","geometry":{"type":"Point","coordinates":[7.72962,45.111343]},"properties":{"type":"pakketpunt","locatieNaam":"STAZIONE DI SERVIZIO IP","straatNaam":"STRADA DI SETTIMO 210","straatNr":"","vervoerder":"DHL","puntType":"packStation","bezettingsgraad":50,"latitude":45.111343,"longitude":7.72962,"canPickup":true,"canDropoff":true,"openingstijden":{"ma":"00:01 - 23:59","di":"00:01 - 23:59","wo":"00:01 - 23:59","do":"00:01 - 23:59","vr":"00:01 - 23:59","za":"00:01 - 23:59","zo":"00:01 - 23:59"}}},{"type":"Feature","geometry":{"type":"Point","coordinates":[7.613568,45.032144]},"properties":{"type":"pakketpunt","locatieNaam":"TABACCHERIA N. 553","straatNaam":"STRADA DEL PORTONE 25","straatNr":"","vervoerder":"DHL","puntType":"parcelShop","bezettingsgraad":50,"latitude":45.032144,"longitude":7.613568,"canPickup":true,"canDropoff":true,"openingstijden":{"ma":"07:00 - 19:00","di":"07:00 - 19:00","wo":"07:00 - 19:00","do":"07:00 - 19:00","vr":"07:00 - 19:00","za":"07:00 - 19:00","zo":"gesloten"}}},{"type":"Feature","geometry":{"type":"Point","coordinates":[7.617912,45.0401]},"properties":{"type":"pakketpunt","locatieNaam":"TABACCHERIA N. 491","straatNaam":"VIA CIMABUE 7-F","straatNr":"","vervoerder":"DHL","puntType":"parcelShop","bezettingsgraad":50,"latitude":45.0401,"longitude":7.617912,"canPickup":true,"canDropoff":true,"openingstijden":{"ma":"07:30 - 13:00, 15:00 - 19:00","di":"07:30 - 13:00, 15:00 - 19:00","wo":"07:30 - 13:00, 15:00 - 19:00","do":"07:30 - 13:00, 15:00 - 19:00","vr":"07:30 - 13:00, 15:00 - 19:00","za":"07:30 - 13:00","zo":"gesloten"}}},{"type":"Feature","geometry":{"type":"Point","coordinates":[7.62382,45.03781]},"properties":{"type":"pakketpunt","locatieNaam":"TABACCHERIA N. 476","straatNaam":"VIA FRANCESCO GONIN 39-F","straatNr":"","vervoerder":"DHL","puntType":"parcelShop","bezettingsgraad":50,"latitude":45.03781,"longitude":7.62382,"canPickup":true,"canDropoff":true,"openingstijden":{"ma":"06:30 - 12:00, 13:30 - 18:00","di":"06:30 - 12:00, 13:30 - 18:00","wo":"06:30 - 12:00, 13:30 - 18:00","do":"06:30 - 12:00, 13:30 - 18:00","vr":"06:30 - 12:00, 13:30 - 18:00","za":"06:30 - 12:00, 13:30 - 17:00","zo":"gesloten"}}},{"type":"Feature","geometry":{"type":"Point","coordinates":[7.62703,45.039814]},"properties":{"type":"pakketpunt","locatieNaam":"Ufficio Postale TORINO 63","straatNaam":"VIA PAOLO GAIDANO 12","straatNr":"","vervoerder":"DHL","puntType":"postOffice","bezettingsgraad":50,"latitude":45.039814,"longitude":7.62703,"canPickup":true,"canDropoff":true,"openingstijden":{"ma":"08:20 - 19:05","di":"08:20 - 19:05","wo":"08:20 - 19:05","do":"08:20 - 19:05","vr":"08:20 - 19:05","za":"08:20 - 12:35","zo":"gesloten"}}},{"type":"Feature","geometry":{"type":"Point","coordinates":[7.623416,45.02148]},"properties":{"type":"pakketpunt","locatieNaam":"Ufficio Postale TORINO 68","straatNaam":"VIA POMARETTO 4-B","straatNr":"","vervoerder":"DHL","puntType":"postOffice","bezettingsgraad":50,"latitude":45.02148,"longitude":7.623416,"canPickup":true,"canDropoff":true,"openingstijden":{"ma":"08:20 - 13:35","di":"08:20 - 13:35","wo":"08:20 - 13:35","do":"08:20 - 13:35","vr":"08:20 - 13:35","za":"08:20 - 12:35","zo":"gesloten"}}},{"type":"Feature","geometry":{"type":"Point","coordinates":[7.622812,45.017728]},"properties":{"type":"pakketpunt","locatieNaam":"LOGGIACAR","straatNaam":"VIA PLAVA 42-A","straatNr":"","vervoerder":"DHL","puntType":"parcelShop","bezettingsgraad":50,"latitude":45.017728,"longitude":7.622812,"canPickup":true,"canDropoff":true,"openingstijden":{"ma":"09:00 - 12:00, 14:30 - 17:30","di":"09:00 - 12:00, 14:30 - 17:30","wo":"09:00 - 12:00, 14:30 - 17:30","do":"09:00 - 12:00, 14:30 - 17:30","vr":"09:00 - 12:00, 14:30 - 17:30","za":"gesloten","zo":"gesloten"}}},{"type":"Feature","geometry":{"type":"Point","coordinates":[7.629319,45.043532]},"properties":{"type":"pakketpunt","locatieNaam":"STAZIONE DI SERVIZIO ENI","straatNaam":"VIA GUIDO RENI 167","straatNr":"","vervoerder":"DHL","puntType":"packStation","bezettingsgraad":50,"latitude":45.043532,"longitude":7.629319,"canPickup":true,"canDropoff":true,"openingstijden":{"ma":"00:01 - 23:59","di":"00:01 - 23:59","wo":"00:01 - 23:59","do":"00:01 - 23:59","vr":"00:01 - 23:59","za":"00:01 - 23:59","zo":"00:01 - 23:59"}}},{"type":"Feature","geometry":{"type":"Point","coordinates":[7.632693,45.039117]},"properties":{"type":"pakketpunt","locatieNaam":"STAZIONE DI SERVIZIO ENI","straatNaam":"CORSO ORBASSANO 269","straatNr":"","vervoerder":"DHL","puntType":"packStation","bezettingsgraad":50,"latitude":45.039117,"longitude":7.632693,"canPickup":true,"canDropoff":true,"openingstijden":{"ma":"00:01 - 23:59","di":"00:01 - 23:59","wo":"00:01 - 23:59","do":"00:01 - 23:59","vr":"00:01 - 23:59","za":"00:01 - 23:59","zo":"00:01 - 23:59"}}},{"type":"Feature","geometry":{"type":"Point","coordinates":[7.632915,45.040194]},"properties":{"type":"pakketpunt","locatieNaam":"TABACCHERIA N. 488","straatNaam":"PIAZZA PITAGORA 18","straatNr":"","vervoerder":"DHL","puntType":"parcelShop","bezettingsgraad":50,"latitude":45.040194,"longitude":7.632915,"canPickup":true,"canDropoff":true,"openingstijden":{"ma":"07:00 - 13:00, 15:00 - 19:30","di":"07:00 - 13:00, 15:00 - 19:30","wo":"07:00 - 13:00, 15:00 - 19:30","do":"07:00 - 13:00, 15:00 - 19:30","vr":"07:00 - 13:00, 15:00 - 19:30","za":"07:00 - 13:00, 15:00 - 19:30","zo":"gesloten"}}},{"type":"Feature","geometry":{"type":"Point","coordinates":[7.633541,45.037051]},"properties":{"type":"pakketpunt","locatieNaam":"Ufficio Postale TORINO 45","straatNaam":"CORSO SIRACUSA 182","straatNr":"","vervoerder":"DHL","puntType":"postOffice","bezettingsgraad":50,"latitude":45.037051,"longitude":7.633541,"canPickup":true,"canDropoff":true,"openingstijden":{"ma":"08:20 - 13:35","di":"08:20 - 13:35","wo":"08:20 - 13:35","do":"08:20 - 13:35","vr":"08:20 - 13:35","za":"08:20 - 12:35","zo":"gesloten"}}},{"type":"Feature","geometry":{"type":"Point","coordinates":[7.626752,45.014655]},"properties":{"type":"pakketpunt","locatieNaam":"Ufficio Postale TORINO 47","straatNaam":"CORSO UNIONE SOVIETICA 581","straatNr":"","vervoerder":"DHL","puntType":"postOffice","bezettingsgraad":50,"latitude":45.014655,"longitude":7.626752,"canPickup":true,"canDropoff":true,"openingstijden":{"ma":"08:20 - 13:35","di":"08:20 - 13:35","wo":"08:20 - 13:35","do":"08:20 - 13:35","vr":"08:20 - 13:35","za":"08:20 - 12:35","zo":"gesloten"}}},{"type":"Feature","geometry":{"type":"Point","coordinates":[7.633897,45.044435]},"properties":{"type":"pakketpunt","locatieNaam":"DERBY FOOTBALL CENTER","straatNaam":"CORSO SIRACUSA 112-B","straatNr":"","vervoerder":"DHL","puntType":"parcelShop","bezettingsgraad":50,"latitude":45.044435,"longitude":7.633897,"canPickup":true,"canDropoff":true,"openingstijden":{"ma":"16:00 - 19:30","di":"10:00 - 12:30, 15:00 - 19:30","wo":"10:00 - 12:30, 15:00 - 19:30","do":"10:00 - 12:30, 15:00 - 19:30","vr":"10:00 - 12:30, 15:00 - 19:30","za":"10:00 - 12:30","zo":"gesloten"}}},{"type":"Feature","geometry":{"type":"Point","coordinates":[7.707,45.0526]},"properties":{"type":"pakketpunt","locatieNaam":"TABACCHERIA EDICOLA CASALONE","straatNaam":"Piazzale Adua 6","straatNr":"","vervoerder":"DHL","puntType":"parcelShop","bezettingsgraad":50,"latitude":45.0526,"longitude":7.707,"canPickup":false,"canDropoff":true,"openingstijden":{"ma":"07:00 - 19:30","di":"07:00 - 19:30","wo":"07:00 - 19:30","do":"07:00 - 19:30","vr":"07:00 - 19:30","za":"07:00 - 19:30","zo":"gesloten"}}},{"type":"Feature","geometry":{"type":"Point","coordinates":[7.706856,45.052522]},"properties":{"type":"pakketpunt","locatieNaam":"TABACCHERIA N. 158","straatNaam":"PIAZZALE ADUA 6","straatNr":"","vervoerder":"DHL","puntType":"parcelShop","bezettingsgraad":50,"latitude":45.052522,"longitude":7.706856,"canPickup":true,"canDropoff":true,"openingstijden":{"ma":"07:00 - 19:30","di":"07:00 - 19:30","wo":"07:00 - 19:30","do":"07:00 - 19:30","vr":"07:00 - 19:30","za":"07:00 - 13:00, 15:00 - 19:30","zo":"gesloten"}}},{"type":"Feature","geometry":{"type":"Point","coordinates":[7.696925,45.054958]},"properties":{"type":"pakketpunt","locatieNaam":"TABACCHERIA FARINELLI","straatNaam":"VIALE ENRICO THOVEZ 6-A","straatNr":"","vervoerder":"DHL","puntType":"packStation","bezettingsgraad":50,"latitude":45.054958,"longitude":7.696925,"canPickup":true,"canDropoff":true,"openingstijden":{"ma":"07:30 - 18:00","di":"07:30 - 18:00","wo":"07:30 - 18:00","do":"07:30 - 18:00","vr":"07:30 - 18:00","za":"gesloten","zo":"gesloten"}}},{"type":"Feature","geometry":{"type":"Point","coordinates":[7.715046,45.068233]},"properties":{"type":"pakketpunt","locatieNaam":"POSTA CENTRALE DI GAI CRISTINA","straatNaam":"Corso Casale 122a","straatNr":"","vervoerder":"DHL","puntType":"parcelShop","bezettingsgraad":50,"latitude":45.068233,"longitude":7.715046,"canPickup":false,"canDropoff":true,"openingstijden":{"ma":"08:30 - 15:00","di":"08:30 - 18:00","wo":"08:30 - 15:00","do":"08:30 - 18:00","vr":"08:30 - 15:00","za":"gesloten","zo":"gesloten"}}},{"type":"Feature","geometry":{"type":"Point","coordinates":[7.694116,45.058505]},"properties":{"type":"pakketpunt","locatieNaam":"Ufficio Postale TORINO 8","straatNaam":"CORSO MONCALIERI 19","straatNr":"","vervoerder":"DHL","puntType":"postOffice","bezettingsgraad":50,"latitude":45.058505,"longitude":7.694116,"canPickup":true,"canDropoff":true,"openingstijden":{"ma":"08:20 - 13:35","di":"08:20 - 13:35","wo":"08:20 - 13:35","do":"08:20 - 13:35","vr":"08:20 - 13:35","za":"08:20 - 12:35","zo":"gesloten"}}},{"type":"Feature","geometry":{"type":"Point","coordinates":[7.681191,45.037265]},"properties":{"type":"pakketpunt","locatieNaam":"Ufficio Postale TORINO 36","straatNaam":"CORSO MONCALIERI 254","straatNr":"","vervoerder":"DHL","puntType":"postOffice","bezettingsgraad":50,"latitude":45.037265,"longitude":7.681191,"canPickup":true,"canDropoff":true,"openingstijden":{"ma":"08:20 - 13:35","di":"08:20 - 13:35","wo":"08:20 - 13:35","do":"08:20 - 13:35","vr":"08:20 - 13:35","za":"08:20 - 12:35","zo":"gesloten"}}},{"type":"Feature","geometry":{"type":"Point","coordinates":[7.681068,45.036937]},"properties":{"type":"pakketpunt","locatieNaam":"TABACCHERIA N. 105","straatNaam":"CORSO MONCALIERI 256","straatNr":"","vervoerder":"DHL","puntType":"parcelShop","bezettingsgraad":50,"latitude":45.036937,"longitude":7.681068,"canPickup":true,"canDropoff":true,"openingstijden":{"ma":"06:00 - 20:30","di":"06:00 - 20:30","wo":"06:00 - 20:30","do":"06:00 - 20:30","vr":"06:00 - 20:30","za":"06:00 - 20:30","zo":"08:00 - 20:00"}}},{"type":"Feature","geometry":{"type":"Point","coordinates":[7.716306,45.071651]},"properties":{"type":"pakketpunt","locatieNaam":"IL CICCHETTO BAR","straatNaam":"Piazza Enrico Toti 14/c","straatNr":"","vervoerder":"DHL","puntType":"parcelShop","bezettingsgraad":50,"latitude":45.071651,"longitude":7.716306,"canPickup":false,"canDropoff":true,"openingstijden":{"ma":"08:00 - 19:30","di":"08:00 - 19:30","wo":"08:00 - 19:30","do":"08:00 - 19:30","vr":"08:00 - 19:30","za":"08:00 - 19:30","zo":"gesloten"}}},{"type":"Feature","geometry":{"type":"Point","coordinates":[7.716306,45.071664]},"properties":{"type":"pakketpunt","locatieNaam":"BAR IL CICCHETTO","straatNaam":"PIAZZA ENRICO TOTI 14-C","straatNr":"","vervoerder":"DHL","puntType":"parcelShop","bezettingsgraad":50,"latitude":45.071664,"longitude":7.716306,"canPickup":true,"canDropoff":true,"openingstijden":{"ma":"08:00 - 19:30","di":"08:00 - 19:30","wo":"08:00 - 19:30","do":"08:00 - 19:30","vr":"08:00 - 19:30","za":"08:00 - 19:30","zo":"gesloten"}}},{"type":"Feature","geometry":{"type":"Point","coordinates":[7.724283,45.073782]},"properties":{"type":"pakketpunt","locatieNaam":"TABACCHERIA N. 416","straatNaam":"CORSO CADORE 38","straatNr":"","vervoerder":"DHL","puntType":"parcelShop","bezettingsgraad":50,"latitude":45.073782,"longitude":7.724283,"canPickup":true,"canDropoff":true,"openingstijden":{"ma":"07:30 - 13:00, 15:00 - 19:20","di":"07:30 - 13:00, 15:00 - 19:20","wo":"07:30 - 13:00, 15:00 - 19:20","do":"07:30 - 13:00, 15:00 - 19:20","vr":"07:30 - 13:00, 15:00 - 19:20","za":"07:30 - 13:00, 15:00 - 19:20","zo":"gesloten"}}},{"type":"Feature","geometry":{"type":"Point","coordinates":[7.711893,45.071135]},"properties":{"type":"pakketpunt","locatieNaam":"Ufficio Postale TORINO 16","straatNaam":"VIA LESSOLO 19","straatNr":"","vervoerder":"DHL","puntType":"postOffice","bezettingsgraad":50,"latitude":45.071135,"longitude":7.711893,"canPickup":true,"canDropoff":true,"openingstijden":{"ma":"08:20 - 19:05","di":"08:20 - 19:05","wo":"08:20 - 19:05","do":"08:20 - 19:05","vr":"08:20 - 19:05","za":"08:20 - 12:35","zo":"gesloten"}}},{"type":"Feature","geometry":{"type":"Point","coordinates":[7.69712,45.06539]},"properties":{"type":"pakketpunt","locatieNaam":"TABACCHERIA N. 53","straatNaam":"VIA EUSEBIO BAVA 4-C","straatNr":"","vervoerder":"DHL","puntType":"parcelShop","bezettingsgraad":50,"latitude":45.06539,"longitude":7.69712,"canPickup":true,"canDropoff":true,"openingstijden":{"ma":"09:00 - 13:15, 16:30 - 19:00","di":"09:00 - 13:15, 16:30 - 19:00","wo":"09:00 - 13:15, 16:30 - 19:00","do":"09:00 - 13:15, 16:30 - 19:00","vr":"09:00 - 13:15, 16:30 - 19:00","za":"09:30 - 14:00","zo":"gesloten"}}},{"type":"Feature","geometry":{"type":"Point","coordinates":[7.703404,45.069205]},"properties":{"type":"pakketpunt","locatieNaam":"PANCAFFE' BAKERY","straatNaam":"VIA GIOVANNI FRANCESCO NAPIONE 36-B","straatNr":"","vervoerder":"DHL","puntType":"parcelShop","bezettingsgraad":50,"latitude":45.069205,"longitude":7.703404,"canPickup":true,"canDropoff":true,"openingstijden":{"ma":"07:30 - 18:00","di":"07:30 - 18:00","wo":"07:30 - 18:00","do":"07:30 - 18:00","vr":"07:30 - 18:00","za":"07:30 - 12:00","zo":"gesloten"}}},{"type":"Feature","geometry":{"type":"Point","coordinates":[7.69247,45.06315]},"properties":{"type":"pakketpunt","locatieNaam":"TABACCHERIA n. 10","straatNaam":"VIA DELLA ROCCA 19-C","straatNr":"","vervoerder":"DHL","puntType":"parcelShop","bezettingsgraad":50,"latitude":45.06315,"longitude":7.69247,"canPickup":true,"canDropoff":true,"openingstijden":{"ma":"08:30 - 12:30, 15:30 - 18:00","di":"08:30 - 12:30, 15:30 - 18:00","wo":"08:30 - 12:30, 15:30 - 18:00","do":"08:30 - 12:30, 15:30 - 18:00","vr":"08:30 - 12:30, 15:30 - 18:00","za":"08:30 - 12:30, 15:30 - 18:00","zo":"gesloten"}}},{"type":"Feature","geometry":{"type":"Point","coordinates":[7.723599,45.075596]},"properties":{"type":"pakketpunt","locatieNaam":"PARTYDEA","straatNaam":"CORSO CADORE 17-4A","straatNr":"","vervoerder":"DHL","puntType":"parcelShop","bezettingsgraad":50,"latitude":45.075596,"longitude":7.723599,"canPickup":true,"canDropoff":true,"openingstijden":{"ma":"gesloten","di":"09:30 - 12:30, 15:30 - 19:00","wo":"09:30 - 12:30, 15:30 - 19:00","do":"09:30 - 12:30, 15:30 - 19:00","vr":"09:30 - 12:30, 15:30 - 19:00","za":"09:30 - 12:30, 15:30 - 19:00","zo":"gesloten"}}},{"type":"Feature","geometry":{"type":"Point","coordinates":[7.698998,45.068014]},"properties":{"type":"pakketpunt","locatieNaam":"CAF CGN - VIA ARTISTI","straatNaam":"VIA ARTISTI 27-E","straatNr":"","vervoerder":"DHL","puntType":"parcelShop","bezettingsgraad":50,"latitude":45.068014,"longitude":7.698998,"canPickup":true,"canDropoff":true,"openingstijden":{"ma":"09:00 - 18:00","di":"09:00 - 18:00","wo":"09:00 - 18:00","do":"09:00 - 18:00","vr":"09:00 - 18:00","za":"15:00 - 15:01","zo":"gesloten"}}},{"type":"Feature","geometry":{"type":"Point","coordinates":[7.684898,45.058089]},"properties":{"type":"pakketpunt","locatieNaam":"TABACCHERIA N. 148","straatNaam":"VIA ORMEA 15","straatNr":"","vervoerder":"DHL","puntType":"parcelShop","bezettingsgraad":50,"latitude":45.058089,"longitude":7.684898,"canPickup":true,"canDropoff":true,"openingstijden":{"ma":"07:30 - 19:30","di":"07:30 - 19:30","wo":"07:30 - 19:30","do":"07:30 - 19:30","vr":"07:30 - 19:30","za":"07:30 - 19:30","zo":"gesloten"}}},{"type":"Feature","geometry":{"type":"Point","coordinates":[7.700384,45.070175]},"properties":{"type":"pakketpunt","locatieNaam":"Ufficio Postale TORINO 10","straatNaam":"PIAZZA SANTA GIULIA 12","straatNr":"","vervoerder":"DHL","puntType":"postOffice","bezettingsgraad":50,"latitude":45.070175,"longitude":7.700384,"canPickup":true,"canDropoff":true,"openingstijden":{"ma":"08:20 - 13:35","di":"08:20 - 13:35","wo":"08:20 - 13:35","do":"08:20 - 13:35","vr":"08:20 - 13:35","za":"08:20 - 12:35","zo":"gesloten"}}},{"type":"Feature","geometry":{"type":"Point","coordinates":[7.675967,45.045044]},"properties":{"type":"pakketpunt","locatieNaam":"EUROLIBRI","straatNaam":"VIA ORMEA 142","straatNr":"","vervoerder":"DHL","puntType":"parcelShop","bezettingsgraad":50,"latitude":45.045044,"longitude":7.675967,"canPickup":true,"canDropoff":true,"openingstijden":{"ma":"09:30 - 13:00, 15:00 - 19:30","di":"09:30 - 13:00, 15:00 - 19:30","wo":"09:30 - 13:00, 15:00 - 19:30","do":"09:30 - 13:00, 15:00 - 19:30","vr":"09:30 - 13:00, 15:00 - 19:30","za":"09:30 - 13:00, 15:00 - 19:30","zo":"gesloten"}}},{"type":"Feature","geometry":{"type":"Point","coordinates":[7.684532,45.058869]},"properties":{"type":"pakketpunt","locatieNaam":"SPEED QUEEN LAVANDERIA","straatNaam":"VIA BERNARDINO GALLIARI 24","straatNr":"","vervoerder":"DHL","puntType":"packStation","bezettingsgraad":50,"latitude":45.058869,"longitude":7.684532,"canPickup":true,"canDropoff":true,"openingstijden":{"ma":"07:00 - 22:00","di":"07:00 - 22:00","wo":"07:00 - 22:00","do":"07:00 - 22:00","vr":"07:00 - 22:00","za":"07:00 - 22:00","zo":"07:00 - 22:00"}}},{"type":"Feature","geometry":{"type":"Point","coordinates":[7.6783,45.0504]},"properties":{"type":"pakketpunt","locatieNaam":"ELIOGRAFIA DELLO STUDENTE","straatNaam":"Via Michelangelo Buonarroti 22","straatNr":"","vervoerder":"DHL","puntType":"parcelShop","bezettingsgraad":50,"latitude":45.0504,"longitude":7.6783,"canPickup":false,"canDropoff":true,"openingstijden":{"ma":"09:00 - 18:30","di":"09:00 - 18:30","wo":"09:00 - 18:30","do":"09:00 - 18:30","vr":"09:00 - 18:30","za":"gesloten","zo":"gesloten"}}},{"type":"Feature","geometry":{"type":"Point","coordinates":[7.678357,45.050662]},"properties":{"type":"pakketpunt","locatieNaam":"COPISTERIA VIA BUONARROTI","straatNaam":"VIA MICHELANGELO BUONARROTI 22","straatNr":"","vervoerder":"DHL","puntType":"parcelShop","bezettingsgraad":50,"latitude":45.050662,"longitude":7.678357,"canPickup":true,"canDropoff":true,"openingstijden":{"ma":"09:00 - 18:30","di":"09:00 - 18:30","wo":"09:00 - 18:30","do":"09:00 - 18:30","vr":"09:00 - 18:30","za":"gesloten","zo":"gesloten"}}},{"type":"Feature","geometry":{"type":"Point","coordinates":[7.682787,45.057419]},"properties":{"type":"pakketpunt","locatieNaam":"TABACCHERIA N. 99","straatNaam":"VIA MADAMA CRISTINA 21","straatNr":"","vervoerder":"DHL","puntType":"parcelShop","bezettingsgraad":50,"latitude":45.057419,"longitude":7.682787,"canPickup":true,"canDropoff":true,"openingstijden":{"ma":"07:30 - 19:30","di":"07:30 - 19:30","wo":"07:30 - 19:30","do":"07:30 - 19:30","vr":"07:30 - 19:30","za":"07:30 - 19:30","zo":"gesloten"}}},{"type":"Feature","geometry":{"type":"Point","coordinates":[7.691542,45.065396]},"properties":{"type":"pakketpunt","locatieNaam":"TABACCHERIA N. 27","straatNaam":"VIA MARIA VITTORIA 37-G","straatNr":"","vervoerder":"DHL","puntType":"parcelShop","bezettingsgraad":50,"latitude":45.065396,"longitude":7.691542,"canPickup":true,"canDropoff":true,"openingstijden":{"ma":"07:30 - 11:30, 15:00 - 19:00","di":"07:30 - 11:30, 15:00 - 19:00","wo":"07:30 - 11:30, 15:00 - 19:00","do":"07:30 - 11:30, 15:00 - 19:00","vr":"07:30 - 11:30, 15:00 - 19:00","za":"07:30 - 11:30, 15:00 - 19:00","zo":"gesloten"}}},{"type":"Feature","geometry":{"type":"Point","coordinates":[7.678575,45.051769]},"properties":{"type":"pakketpunt","locatieNaam":"CARREFOUR V. MADAMA CRISTINA","straatNaam":"VIA MADAMA CRISTINA 66","straatNr":"","vervoerder":"DHL","puntType":"parcelShop","bezettingsgraad":50,"latitude":45.051769,"longitude":7.678575,"canPickup":true,"canDropoff":true,"openingstijden":{"ma":"08:00 - 19:00","di":"08:00 - 19:00","wo":"08:00 - 19:00","do":"08:00 - 19:00","vr":"08:00 - 19:00","za":"08:00 - 19:00","zo":"08:00 - 19:00"}}},{"type":"Feature","geometry":{"type":"Point","coordinates":[7.677771,45.051654]},"properties":{"type":"pakketpunt","locatieNaam":"TABACCHERIA N. 122","straatNaam":"CORSO RAFFAELLO 14","straatNr":"","vervoerder":"DHL","puntType":"parcelShop","bezettingsgraad":50,"latitude":45.051654,"longitude":7.677771,"canPickup":true,"canDropoff":true,"openingstijden":{"ma":"07:30 - 19:30","di":"07:30 - 19:30","wo":"07:30 - 19:30","do":"07:30 - 19:30","vr":"07:30 - 19:30","za":"07:30 - 19:30","zo":"gesloten"}}},{"type":"Feature","geometry":{"type":"Point","coordinates":[7.69375,45.067652]},"properties":{"type":"pakketpunt","locatieNaam":"ANGOLO DELLA TESI - TORINO","straatNaam":"VIA SANTOTTAVIO 18","straatNr":"","vervoerder":"DHL","puntType":"parcelShop","bezettingsgraad":50,"latitude":45.067652,"longitude":7.69375,"canPickup":true,"canDropoff":true,"openingstijden":{"ma":"09:30 - 13:00, 15:00 - 18:00","di":"09:30 - 13:00, 15:00 - 18:00","wo":"09:30 - 13:00, 15:00 - 18:00","do":"09:30 - 13:00, 15:00 - 18:00","vr":"09:30 - 13:00, 15:00 - 18:00","za":"gesloten","zo":"gesloten"}}},{"type":"Feature","geometry":{"type":"Point","coordinates":[7.683214,45.059943]},"properties":{"type":"pakketpunt","locatieNaam":"Ufficio Postale TORINO 18","straatNaam":"VIA PRINCIPE TOMMASO 3","straatNr":"","vervoerder":"DHL","puntType":"postOffice","bezettingsgraad":50,"latitude":45.059943,"longitude":7.683214,"canPickup":true,"canDropoff":true,"openingstijden":{"ma":"08:20 - 19:05","di":"08:20 - 19:05","wo":"08:20 - 19:05","do":"08:20 - 19:05","vr":"08:20 - 19:05","za":"08:20 - 12:35","zo":"gesloten"}}},{"type":"Feature","geometry":{"type":"Point","coordinates":[7.694663,45.068978]},"properties":{"type":"pakketpunt","locatieNaam":"LIBROPOLI TORINO","straatNaam":"Via Sant'Ottavio, 25","straatNr":"","vervoerder":"DHL","puntType":"parcelShop","bezettingsgraad":50,"latitude":45.068978,"longitude":7.694663,"canPickup":false,"canDropoff":true,"openingstijden":{"ma":"09:00 - 19:00","di":"09:00 - 19:00","wo":"09:00 - 19:00","do":"09:00 - 19:00","vr":"09:00 - 19:00","za":"09:00 - 13:00","zo":"gesloten"}}},{"type":"Feature","geometry":{"type":"Point","coordinates":[7.694657,45.068988]},"properties":{"type":"pakketpunt","locatieNaam":"LIBROPOLI - TORINO","straatNaam":"VIA SANTOTTAVIO 25","straatNr":"","vervoerder":"DHL","puntType":"parcelShop","bezettingsgraad":50,"latitude":45.068988,"longitude":7.694657,"canPickup":true,"canDropoff":true,"openingstijden":{"ma":"09:00 - 19:00","di":"09:00 - 19:00","wo":"09:00 - 19:00","do":"09:00 - 19:00","vr":"09:00 - 19:00","za":"09:30 - 13:00","zo":"gesloten"}}},{"type":"Feature","geometry":{"type":"Point","coordinates":[7.675464,45.050028]},"properties":{"type":"pakketpunt","locatieNaam":"Ufficio Postale TORINO 38","straatNaam":"VIA SALUZZO 94-A","straatNr":"","vervoerder":"DHL","puntType":"postOffice","bezettingsgraad":50,"latitude":45.050028,"longitude":7.675464,"canPickup":true,"canDropoff":true,"openingstijden":{"ma":"08:20 - 13:35","di":"08:20 - 13:35","wo":"08:20 - 13:35","do":"08:20 - 13:35","vr":"08:20 - 13:35","za":"08:20 - 12:35","zo":"gesloten"}}},{"type":"Feature","geometry":{"type":"Point","coordinates":[7.678851,45.055541]},"properties":{"type":"pakketpunt","locatieNaam":"TABACCHERIA n. 141","straatNaam":"VIA BELFIORE 34","straatNr":"","vervoerder":"DHL","puntType":"parcelShop","bezettingsgraad":50,"latitude":45.055541,"longitude":7.678851,"canPickup":true,"canDropoff":true,"openingstijden":{"ma":"07:30 - 17:00","di":"07:30 - 17:00","wo":"07:30 - 17:00","do":"07:30 - 17:00","vr":"07:30 - 17:00","za":"gesloten","zo":"gesloten"}}},{"type":"Feature","geometry":{"type":"Point","coordinates":[7.733455,45.079649]},"properties":{"type":"pakketpunt","locatieNaam":"Ufficio Postale TORINO 37","straatNaam":"STRADA MONGRENO 15","straatNr":"","vervoerder":"DHL","puntType":"postOffice","bezettingsgraad":50,"latitude":45.079649,"longitude":7.733455,"canPickup":true,"canDropoff":true,"openingstijden":{"ma":"08:20 - 13:35","di":"08:20 - 13:35","wo":"08:20 - 13:35","do":"08:20 - 13:35","vr":"08:20 - 13:35","za":"08:20 - 12:35","zo":"gesloten"}}},{"type":"Feature","geometry":{"type":"Point","coordinates":[7.681394,45.059112]},"properties":{"type":"pakketpunt","locatieNaam":"TABACCHERIA BERTHOLLET","straatNaam":"Via Berthollet 17/f","straatNr":"","vervoerder":"DHL","puntType":"parcelShop","bezettingsgraad":50,"latitude":45.059112,"longitude":7.681394,"canPickup":false,"canDropoff":true,"openingstijden":{"ma":"07:30 - 19:30","di":"07:30 - 19:30","wo":"07:30 - 19:30","do":"07:30 - 19:30","vr":"07:30 - 19:30","za":"07:30 - 19:30","zo":"gesloten"}}},{"type":"Feature","geometry":{"type":"Point","coordinates":[7.681318,45.059091]},"properties":{"type":"pakketpunt","locatieNaam":"TABACCHERIA N. 66","straatNaam":"VIA CLAUDIO LUIGI BERTHOLLET 17-F","straatNr":"","vervoerder":"DHL","puntType":"parcelShop","bezettingsgraad":50,"latitude":45.059091,"longitude":7.681318,"canPickup":true,"canDropoff":true,"openingstijden":{"ma":"07:00 - 19:30","di":"07:00 - 19:30","wo":"07:00 - 19:30","do":"07:00 - 19:30","vr":"07:00 - 19:30","za":"07:00 - 19:30","zo":"gesloten"}}},{"type":"Feature","geometry":{"type":"Point","coordinates":[7.705784,45.074936]},"properties":{"type":"pakketpunt","locatieNaam":"RIPARAZIONI REVISIONI RAVAG","straatNaam":"LUNGODORA VOGHERA 6","straatNr":"","vervoerder":"DHL","puntType":"packStation","bezettingsgraad":50,"latitude":45.074936,"longitude":7.705784,"canPickup":true,"canDropoff":true,"openingstijden":{"ma":"08:00 - 12:00, 14:00 - 18:00","di":"08:00 - 12:00, 14:00 - 18:00","wo":"08:00 - 12:00, 14:00 - 18:00","do":"08:00 - 12:00, 14:00 - 18:00","vr":"08:00 - 12:00, 14:00 - 18:00","za":"gesloten","zo":"gesloten"}}},{"type":"Feature","geometry":{"type":"Point","coordinates":[7.643889,45.034527]},"properties":{"type":"pakketpunt","locatieNaam":"TABACCHERIA N. 411","straatNaam":"CORSO COSENZA 28-A","straatNr":"","vervoerder":"DHL","puntType":"parcelShop","bezettingsgraad":50,"latitude":45.034527,"longitude":7.643889,"canPickup":true,"canDropoff":true,"openingstijden":{"ma":"07:00 - 13:00, 15:00 - 19:30","di":"07:00 - 13:00, 15:00 - 19:30","wo":"07:00 - 13:00, 15:00 - 19:30","do":"07:00 - 13:00, 15:00 - 19:30","vr":"07:00 - 13:00, 15:00 - 19:30","za":"07:00 - 13:00, 15:00 - 19:30","zo":"gesloten"}}},{"type":"Feature","geometry":{"type":"Point","coordinates":[7.647607,45.033491]},"properties":{"type":"pakketpunt","locatieNaam":"STEFANO RAVARINO","straatNaam":"CORSO UNIONE SOVIETICA 243-A","straatNr":"","vervoerder":"DHL","puntType":"packStation","bezettingsgraad":50,"latitude":45.033491,"longitude":7.647607,"canPickup":true,"canDropoff":true,"openingstijden":{"ma":"00:01 - 23:59","di":"00:01 - 23:59","wo":"00:01 - 23:59","do":"00:01 - 23:59","vr":"00:01 - 23:59","za":"00:01 - 23:59","zo":"00:01 - 23:59"}}},{"type":"Feature","geometry":{"type":"Point","coordinates":[7.643379,45.036392]},"properties":{"type":"pakketpunt","locatieNaam":"CAF - EWA","straatNaam":"VIA BUENOS AIRES 43-A","straatNr":"","vervoerder":"DHL","puntType":"packStation","bezettingsgraad":50,"latitude":45.036392,"longitude":7.643379,"canPickup":true,"canDropoff":true,"openingstijden":{"ma":"09:00 - 13:00, 14:00 - 19:00","di":"09:00 - 13:00, 14:00 - 19:00","wo":"09:00 - 13:00, 14:00 - 19:00","do":"09:00 - 13:00, 14:00 - 19:00","vr":"09:00 - 13:00, 14:00 - 19:00","za":"09:00 - 16:00","zo":"gesloten"}}},{"type":"Feature","geometry":{"type":"Point","coordinates":[7.643345,45.036373]},"properties":{"type":"pakketpunt","locatieNaam":"EUROPEAN WEBMASTERS AGENCY","straatNaam":"Via Buenos Aires 43 A","straatNr":"","vervoerder":"DHL","puntType":"parcelShop","bezettingsgraad":50,"latitude":45.036373,"longitude":7.643345,"canPickup":false,"canDropoff":true,"openingstijden":{"ma":"09:00 - 18:00","di":"09:00 - 18:00","wo":"09:00 - 18:00","do":"09:00 - 18:00","vr":"09:00 - 18:00","za":"09:00 - 12:30","zo":"gesloten"}}},{"type":"Feature","geometry":{"type":"Point","coordinates":[7.648785,45.034215]},"properties":{"type":"pakketpunt","locatieNaam":"TABACCHERIA N. 268","straatNaam":"CORSO UNIONE SOVIETICA 233-A","straatNr":"","vervoerder":"DHL","puntType":"parcelShop","bezettingsgraad":50,"latitude":45.034215,"longitude":7.648785,"canPickup":true,"canDropoff":true,"openingstijden":{"ma":"07:30 - 23:00","di":"07:30 - 23:00","wo":"07:30 - 23:00","do":"07:30 - 23:00","vr":"07:30 - 23:00","za":"07:30 - 23:00","zo":"07:30 - 23:00"}}},{"type":"Feature","geometry":{"type":"Point","coordinates":[7.641652,45.03735]},"properties":{"type":"pakketpunt","locatieNaam":"TABACCHERIA n. 397","straatNaam":"VIA TRIPOLI 167-B","straatNr":"","vervoerder":"DHL","puntType":"parcelShop","bezettingsgraad":50,"latitude":45.03735,"longitude":7.641652,"canPickup":true,"canDropoff":true,"openingstijden":{"ma":"09:00 - 12:30, 16:00 - 19:30","di":"09:00 - 12:30, 16:00 - 19:30","wo":"09:00 - 12:30, 16:00 - 19:30","do":"09:00 - 12:30, 16:00 - 19:30","vr":"09:00 - 12:30, 16:00 - 19:30","za":"09:00 - 12:30, 16:00 - 19:30","zo":"gesloten"}}},{"type":"Feature","geometry":{"type":"Point","coordinates":[7.644722,45.039043]},"properties":{"type":"pakketpunt","locatieNaam":"Ufficio Postale TORINO 24","straatNaam":"VIA FELICE BRICCARELLO 2","straatNr":"","vervoerder":"DHL","puntType":"postOffice","bezettingsgraad":50,"latitude":45.039043,"longitude":7.644722,"canPickup":true,"canDropoff":true,"openingstijden":{"ma":"08:20 - 13:35","di":"08:20 - 13:35","wo":"08:20 - 13:35","do":"08:20 - 13:35","vr":"08:20 - 13:35","za":"08:20 - 12:35","zo":"gesloten"}}},{"type":"Feature","geometry":{"type":"Point","coordinates":[7.65189,45.03633]},"properties":{"type":"pakketpunt","locatieNaam":"TABACCHERIA N. 129","straatNaam":"VIA ARNALDO DA BRESCIA 37-B","straatNr":"","vervoerder":"DHL","puntType":"parcelShop","bezettingsgraad":50,"latitude":45.03633,"longitude":7.65189,"canPickup":true,"canDropoff":true,"openingstijden":{"ma":"07:30 - 13:00, 15:00 - 19:30","di":"07:30 - 13:00, 15:00 - 19:30","wo":"07:30 - 13:00, 15:00 - 19:30","do":"07:30 - 13:00, 15:00 - 19:30","vr":"07:30 - 13:00, 15:00 - 19:30","za":"08:30 - 12:30, 15:00 - 19:30","zo":"gesloten"}}},{"type":"Feature","geometry":{"type":"Point","coordinates":[7.653587,45.034515]},"properties":{"type":"pakketpunt","locatieNaam":"SMARTWASH","straatNaam":"VIA ROSARIO DI SANTA FE 35-B","straatNr":"","vervoerder":"DHL","puntType":"packStation","bezettingsgraad":50,"latitude":45.034515,"longitude":7.653587,"canPickup":true,"canDropoff":true,"openingstijden":{"ma":"07:30 - 21:00","di":"07:30 - 21:00","wo":"07:30 - 21:00","do":"07:30 - 21:00","vr":"07:30 - 21:00","za":"07:30 - 21:00","zo":"07:30 - 21:00"}}},{"type":"Feature","geometry":{"type":"Point","coordinates":[7.638555,45.038271]},"properties":{"type":"pakketpunt","locatieNaam":"PTS TELEFONIA","straatNaam":"VIA BUENOS AIRES 86-C","straatNr":"","vervoerder":"DHL","puntType":"parcelShop","bezettingsgraad":50,"latitude":45.038271,"longitude":7.638555,"canPickup":true,"canDropoff":true,"openingstijden":{"ma":"09:00 - 12:30, 15:00 - 18:30","di":"09:00 - 12:30, 15:00 - 18:30","wo":"09:00 - 12:30, 15:00 - 18:30","do":"09:00 - 12:30, 15:00 - 18:30","vr":"09:00 - 12:30, 15:00 - 18:30","za":"gesloten","zo":"gesloten"}}},{"type":"Feature","geometry":{"type":"Point","coordinates":[7.654354,45.035869]},"properties":{"type":"pakketpunt","locatieNaam":"INTERNET AND SERVICE - MONTEVIDEO","straatNaam":"VIA MONTEVIDEO 20-B","straatNr":"","vervoerder":"DHL","puntType":"parcelShop","bezettingsgraad":50,"latitude":45.035869,"longitude":7.654354,"canPickup":true,"canDropoff":true,"openingstijden":{"ma":"09:00 - 13:00, 15:00 - 19:30","di":"09:00 - 13:00, 15:00 - 19:30","wo":"09:00 - 13:00, 15:00 - 19:30","do":"09:00 - 13:00, 15:00 - 19:30","vr":"09:00 - 13:00, 15:00 - 19:30","za":"gesloten","zo":"gesloten"}}},{"type":"Feature","geometry":{"type":"Point","coordinates":[7.637171,45.036777]},"properties":{"type":"pakketpunt","locatieNaam":"TABACCHERIA N. 215","straatNaam":"VIA DON GIOVANNI GRIOLI 11","straatNr":"","vervoerder":"DHL","puntType":"parcelShop","bezettingsgraad":50,"latitude":45.036777,"longitude":7.637171,"canPickup":true,"canDropoff":true,"openingstijden":{"ma":"07:30 - 13:00, 15:30 - 19:30","di":"07:30 - 13:00, 15:30 - 19:30","wo":"07:30 - 13:00, 15:30 - 19:30","do":"07:30 - 13:00, 15:30 - 19:30","vr":"07:30 - 13:00, 15:30 - 19:30","za":"07:30 - 13:00, 15:30 - 19:30","zo":"gesloten"}}},{"type":"Feature","geometry":{"type":"Point","coordinates":[7.6546,45.0358]},"properties":{"type":"pakketpunt","locatieNaam":"INTERNET & SERVICE","straatNaam":"Via Montevideo 20/b","straatNr":"","vervoerder":"DHL","puntType":"parcelShop","bezettingsgraad":50,"latitude":45.0358,"longitude":7.6546,"canPickup":false,"canDropoff":true,"openingstijden":{"ma":"09:00 - 19:30","di":"09:00 - 19:30","wo":"09:00 - 19:30","do":"09:00 - 19:30","vr":"09:00 - 19:30","za":"gesloten","zo":"gesloten"}}},{"type":"Feature","geometry":{"type":"Point","coordinates":[7.652201,45.039512]},"properties":{"type":"pakketpunt","locatieNaam":"AUTOLAVAGGIO","straatNaam":"VIA FILADELFIA 71","straatNr":"","vervoerder":"DHL","puntType":"packStation","bezettingsgraad":50,"latitude":45.039512,"longitude":7.652201,"canPickup":true,"canDropoff":true,"openingstijden":{"ma":"00:01 - 23:59","di":"00:01 - 23:59","wo":"00:01 - 23:59","do":"00:01 - 23:59","vr":"00:01 - 23:59","za":"00:01 - 23:59","zo":"00:01 - 23:59"}}},{"type":"Feature","geometry":{"type":"Point","coordinates":[7.63949,45.04007]},"properties":{"type":"pakketpunt","locatieNaam":"TABACCHERIA N. 349","straatNaam":"VIA GORIZIA 174","straatNr":"","vervoerder":"DHL","puntType":"parcelShop","bezettingsgraad":50,"latitude":45.04007,"longitude":7.63949,"canPickup":true,"canDropoff":true,"openingstijden":{"ma":"07:30 - 19:00","di":"07:30 - 19:00","wo":"07:30 - 19:00","do":"07:30 - 19:00","vr":"07:30 - 19:00","za":"07:30 - 19:00","zo":"gesloten"}}},{"type":"Feature","geometry":{"type":"Point","coordinates":[7.647667,45.042111]},"properties":{"type":"pakketpunt","locatieNaam":"KIPOINT CORSO AGNELLI","straatNaam":"CORSO GIOVANNI AGNELLI 22","straatNr":"","vervoerder":"DHL","puntType":"parcelShop","bezettingsgraad":50,"latitude":45.042111,"longitude":7.647667,"canPickup":true,"canDropoff":true,"openingstijden":{"ma":"10:00 - 19:00","di":"10:00 - 19:00","wo":"10:00 - 19:00","do":"09:00 - 19:00","vr":"10:00 - 19:00","za":"01:00 - 02:00","zo":"gesloten"}}},{"type":"Feature","geometry":{"type":"Point","coordinates":[7.641742,45.028315]},"properties":{"type":"pakketpunt","locatieNaam":"TABACCHERIA N. 193","straatNaam":"CORSO UNIONE SOVIETICA 349","straatNr":"","vervoerder":"DHL","puntType":"parcelShop","bezettingsgraad":50,"latitude":45.028315,"longitude":7.641742,"canPickup":true,"canDropoff":true,"openingstijden":{"ma":"07:30 - 19:30","di":"07:30 - 19:30","wo":"07:30 - 19:30","do":"07:30 - 19:30","vr":"07:30 - 19:30","za":"07:30 - 19:30","zo":"gesloten"}}},{"type":"Feature","geometry":{"type":"Point","coordinates":[7.65531,45.031143]},"properties":{"type":"pakketpunt","locatieNaam":"Ufficio Postale TORINO 41","straatNaam":"VIA GIORDANO BRUNO 202-A","straatNr":"","vervoerder":"DHL","puntType":"postOffice","bezettingsgraad":50,"latitude":45.031143,"longitude":7.65531,"canPickup":true,"canDropoff":true,"openingstijden":{"ma":"08:20 - 13:35","di":"08:20 - 13:35","wo":"08:20 - 13:35","do":"08:20 - 13:35","vr":"08:20 - 13:35","za":"08:20 - 12:35","zo":"gesloten"}}},{"type":"Feature","geometry":{"type":"Point","coordinates":[7.64464,45.043415]},"properties":{"type":"pakketpunt","locatieNaam":"TABACCHERIA n. 431","straatNaam":"VIA TRIPOLI 104-A","straatNr":"","vervoerder":"DHL","puntType":"parcelShop","bezettingsgraad":50,"latitude":45.043415,"longitude":7.64464,"canPickup":true,"canDropoff":true,"openingstijden":{"ma":"07:30 - 13:00, 15:00 - 19:30","di":"07:30 - 13:00, 15:00 - 19:30","wo":"07:30 - 13:00, 15:00 - 19:30","do":"07:30 - 13:00, 15:00 - 19:30","vr":"07:30 - 13:00, 15:00 - 19:30","za":"07:30 - 13:00, 15:00 - 19:30","zo":"gesloten"}}},{"type":"Feature","geometry":{"type":"Point","coordinates":[7.658317,45.03618]},"properties":{"type":"pakketpunt","locatieNaam":"TABACCHERIA N. 549","straatNaam":"VIA GIORDANO BRUNO 142","straatNr":"","vervoerder":"DHL","puntType":"parcelShop","bezettingsgraad":50,"latitude":45.03618,"longitude":7.658317,"canPickup":true,"canDropoff":true,"openingstijden":{"ma":"08:30 - 20:30","di":"08:30 - 20:30","wo":"08:30 - 20:30","do":"08:30 - 20:30","vr":"08:30 - 20:30","za":"08:30 - 20:30","zo":"09:00 - 20:00"}}},{"type":"Feature","geometry":{"type":"Point","coordinates":[7.658317,45.03618]},"properties":{"type":"pakketpunt","locatieNaam":"CENTRO COMMERCIALE BENNET","straatNaam":"VIA GIORDANO BRUNO 142","straatNr":"","vervoerder":"DHL","puntType":"packStation","bezettingsgraad":50,"latitude":45.03618,"longitude":7.658317,"canPickup":true,"canDropoff":true,"openingstijden":{"ma":"09:00 - 13:00, 15:00 - 18:00","di":"09:00 - 13:00, 15:00 - 18:00","wo":"09:00 - 13:00, 15:00 - 18:00","do":"09:00 - 13:00, 15:00 - 18:00","vr":"09:00 - 13:00, 15:00 - 18:00","za":"09:00 - 13:00","zo":"gesloten"}}},{"type":"Feature","geometry":{"type":"Point","coordinates":[7.6366,45.0414]},"properties":{"type":"pakketpunt","locatieNaam":"CS RIPRODUZIONE & STAMPA","straatNaam":"Corso Orbassano 226","straatNr":"","vervoerder":"DHL","puntType":"parcelShop","bezettingsgraad":50,"latitude":45.0414,"longitude":7.6366,"canPickup":false,"canDropoff":true,"openingstijden":{"ma":"09:00 - 18:30","di":"09:00 - 18:30","wo":"09:00 - 18:30","do":"09:00 - 18:30","vr":"09:00 - 18:30","za":"gesloten","zo":"gesloten"}}},{"type":"Feature","geometry":{"type":"Point","coordinates":[7.641572,45.043618]},"properties":{"type":"pakketpunt","locatieNaam":"TABACCHERIA N. 365","straatNaam":"CORSO ORBASSANO 199-D","straatNr":"","vervoerder":"DHL","puntType":"parcelShop","bezettingsgraad":50,"latitude":45.043618,"longitude":7.641572,"canPickup":true,"canDropoff":true,"openingstijden":{"ma":"08:00 - 19:30","di":"08:00 - 19:30","wo":"08:00 - 19:30","do":"08:00 - 19:30","vr":"08:00 - 19:30","za":"08:00 - 19:30","zo":"gesloten"}}},{"type":"Feature","geometry":{"type":"Point","coordinates":[7.64675,45.04451]},"properties":{"type":"pakketpunt","locatieNaam":"TABACCHERIA N. 498","straatNaam":"CORSO SEBASTOPOLI 159-D","straatNr":"","vervoerder":"DHL","puntType":"parcelShop","bezettingsgraad":50,"latitude":45.04451,"longitude":7.64675,"canPickup":true,"canDropoff":true,"openingstijden":{"ma":"07:30 - 13:30, 15:00 - 19:30","di":"07:30 - 13:30, 15:00 - 19:30","wo":"07:30 - 13:30, 15:00 - 19:30","do":"07:30 - 13:30, 15:00 - 19:30","vr":"07:30 - 13:30, 15:00 - 19:30","za":"07:30 - 19:30","zo":"gesloten"}}},{"type":"Feature","geometry":{"type":"Point","coordinates":[7.642923,45.044655]},"properties":{"type":"pakketpunt","locatieNaam":"STAZIONE DI SERVIZIO ENI","straatNaam":"CORSO ORBASSANO 150-A","straatNr":"","vervoerder":"DHL","puntType":"packStation","bezettingsgraad":50,"latitude":45.044655,"longitude":7.642923,"canPickup":true,"canDropoff":true,"openingstijden":{"ma":"00:01 - 23:59","di":"00:01 - 23:59","wo":"00:01 - 23:59","do":"00:01 - 23:59","vr":"00:01 - 23:59","za":"00:01 - 23:59","zo":"00:01 - 23:59"}}},{"type":"Feature","geometry":{"type":"Point","coordinates":[7.649164,45.044768]},"properties":{"type":"pakketpunt","locatieNaam":"Ufficio Postale TORINO 14","straatNaam":"VIA GIUSEPPE VERNAZZA 5","straatNr":"","vervoerder":"DHL","puntType":"postOffice","bezettingsgraad":50,"latitude":45.044768,"longitude":7.649164,"canPickup":true,"canDropoff":true,"openingstijden":{"ma":"08:20 - 13:35","di":"08:20 - 13:35","wo":"08:20 - 13:35","do":"08:20 - 13:35","vr":"08:20 - 13:35","za":"08:20 - 12:35","zo":"gesloten"}}},{"type":"Feature","geometry":{"type":"Point","coordinates":[7.64,45.02549]},"properties":{"type":"pakketpunt","locatieNaam":"TABACCHERIA N. 465","straatNaam":"CORSO TRAIANO 8-H","straatNr":"","vervoerder":"DHL","puntType":"parcelShop","bezettingsgraad":50,"latitude":45.02549,"longitude":7.64,"canPickup":true,"canDropoff":true,"openingstijden":{"ma":"07:30 - 19:30","di":"07:30 - 19:30","wo":"07:30 - 19:30","do":"07:30 - 19:30","vr":"07:30 - 19:30","za":"07:30 - 19:30","zo":"07:30 - 19:30"}}},{"type":"Feature","geometry":{"type":"Point","coordinates":[7.658469,45.040752]},"properties":{"type":"pakketpunt","locatieNaam":"TABACCHERIA N. 348","straatNaam":"CORSO SEBASTOPOLI 52","straatNr":"","vervoerder":"DHL","puntType":"parcelShop","bezettingsgraad":50,"latitude":45.040752,"longitude":7.658469,"canPickup":true,"canDropoff":true,"openingstijden":{"ma":"07:30 - 12:45, 15:15 - 19:30","di":"07:30 - 12:45, 15:15 - 19:30","wo":"07:30 - 12:45, 15:15 - 19:30","do":"07:30 - 12:45, 15:15 - 19:30","vr":"07:30 - 12:45, 15:15 - 19:30","za":"07:30 - 12:45, 15:15 - 19:30","zo":"gesloten"}}},{"type":"Feature","geometry":{"type":"Point","coordinates":[7.643933,45.024396]},"properties":{"type":"pakketpunt","locatieNaam":"TABACCHERIA N. 558","straatNaam":"CORSO TRAIANO 49-A","straatNr":"","vervoerder":"DHL","puntType":"parcelShop","bezettingsgraad":50,"latitude":45.024396,"longitude":7.643933,"canPickup":true,"canDropoff":true,"openingstijden":{"ma":"05:30 - 21:00","di":"05:30 - 21:00","wo":"05:30 - 21:00","do":"05:30 - 21:00","vr":"05:30 - 21:00","za":"05:30 - 21:00","zo":"05:30 - 14:00"}}},{"type":"Feature","geometry":{"type":"Point","coordinates":[7.644795,45.023627]},"properties":{"type":"pakketpunt","locatieNaam":"STAZIONE DI SERVIZIO C.P.P.","straatNaam":"CORSO TRAIANO 62","straatNr":"","vervoerder":"DHL","puntType":"packStation","bezettingsgraad":50,"latitude":45.023627,"longitude":7.644795,"canPickup":true,"canDropoff":true,"openingstijden":{"ma":"00:01 - 23:59","di":"00:01 - 23:59","wo":"00:01 - 23:59","do":"00:01 - 23:59","vr":"00:01 - 23:59","za":"00:01 - 23:59","zo":"00:01 - 23:59"}}},{"type":"Feature","geometry":{"type":"Point","coordinates":[7.642272,45.023813]},"properties":{"type":"pakketpunt","locatieNaam":"TELERITZ SERVICE","straatNaam":"Corso Traiano 34","straatNr":"","vervoerder":"DHL","puntType":"parcelShop","bezettingsgraad":50,"latitude":45.023813,"longitude":7.642272,"canPickup":false,"canDropoff":true,"openingstijden":{"ma":"08:30 - 18:30","di":"08:30 - 18:30","wo":"08:30 - 18:30","do":"08:30 - 18:30","vr":"08:30 - 18:30","za":"gesloten","zo":"gesloten"}}},{"type":"Feature","geometry":{"type":"Point","coordinates":[7.656779,45.026614]},"properties":{"type":"pakketpunt","locatieNaam":"TABACCHERIA N. 390","straatNaam":"VIA MARIO PANNUNZIO 1","straatNr":"","vervoerder":"DHL","puntType":"parcelShop","bezettingsgraad":50,"latitude":45.026614,"longitude":7.656779,"canPickup":true,"canDropoff":true,"openingstijden":{"ma":"05:00 - 19:30","di":"05:00 - 19:30","wo":"05:00 - 19:30","do":"05:00 - 19:30","vr":"05:00 - 19:30","za":"05:00 - 19:30","zo":"05:30 - 18:30"}}},{"type":"Feature","geometry":{"type":"Point","coordinates":[7.653777,45.024509]},"properties":{"type":"pakketpunt","locatieNaam":"CARTO66","straatNaam":"VIA PASSO BUOLE 66","straatNr":"","vervoerder":"DHL","puntType":"parcelShop","bezettingsgraad":50,"latitude":45.024509,"longitude":7.653777,"canPickup":true,"canDropoff":true,"openingstijden":{"ma":"07:30 - 12:30, 15:00 - 19:00","di":"07:30 - 12:30, 15:00 - 19:00","wo":"07:30 - 12:30, 15:00 - 19:00","do":"07:30 - 12:30, 15:00 - 19:00","vr":"07:30 - 12:30, 15:00 - 19:00","za":"07:30 - 12:30, 15:00 - 19:00","zo":"gesloten"}}},{"type":"Feature","geometry":{"type":"Point","coordinates":[7.642959,45.023089]},"properties":{"type":"pakketpunt","locatieNaam":"Ufficio Postale TORINO 62","straatNaam":"VIA PIETRO FRANCESCO GUALA 115-C","straatNr":"","vervoerder":"DHL","puntType":"postOffice","bezettingsgraad":50,"latitude":45.023089,"longitude":7.642959,"canPickup":true,"canDropoff":true,"openingstijden":{"ma":"08:20 - 13:35","di":"08:20 - 13:35","wo":"08:20 - 13:35","do":"08:20 - 13:35","vr":"08:20 - 13:35","za":"08:20 - 12:35","zo":"gesloten"}}},{"type":"Feature","geometry":{"type":"Point","coordinates":[7.635713,45.04509]},"properties":{"type":"pakketpunt","locatieNaam":"BAD PET SHOP","straatNaam":"VIA FILADELFIA 219-2","straatNr":"","vervoerder":"DHL","puntType":"parcelShop","bezettingsgraad":50,"latitude":45.04509,"longitude":7.635713,"canPickup":true,"canDropoff":true,"openingstijden":{"ma":"16:00 - 19:30","di":"09:30 - 13:00, 15:30 - 19:30","wo":"09:30 - 13:00, 15:30 - 19:30","do":"09:30 - 13:00, 15:30 - 19:30","vr":"09:30 - 13:00, 15:30 - 19:30","za":"10:00 - 13:00","zo":"gesloten"}}},{"type":"Feature","geometry":{"type":"Point","coordinates":[7.654798,45.024016]},"properties":{"type":"pakketpunt","locatieNaam":"TABACCHERIA N. 117","straatNaam":"VIA PASSO BUOLE 59-A","straatNr":"","vervoerder":"DHL","puntType":"parcelShop","bezettingsgraad":50,"latitude":45.024016,"longitude":7.654798,"canPickup":true,"canDropoff":true,"openingstijden":{"ma":"07:00 - 19:00","di":"07:00 - 19:00","wo":"07:00 - 19:00","do":"07:00 - 19:00","vr":"07:00 - 19:00","za":"07:00 - 19:00","zo":"gesloten"}}},{"type":"Feature","geometry":{"type":"Point","coordinates":[7.640194,45.022663]},"properties":{"type":"pakketpunt","locatieNaam":"COSE PREZIOSE MERCATINO","straatNaam":"VIA NICHELINO 16-B","straatNr":"","vervoerder":"DHL","puntType":"parcelShop","bezettingsgraad":50,"latitude":45.022663,"longitude":7.640194,"canPickup":true,"canDropoff":true,"openingstijden":{"ma":"09:00 - 12:00, 15:00 - 19:00","di":"09:00 - 12:00, 15:00 - 19:00","wo":"09:00 - 12:00, 15:00 - 19:00","do":"09:00 - 12:00, 15:00 - 19:00","vr":"09:00 - 12:00, 15:00 - 19:00","za":"09:00 - 12:00, 15:00 - 19:00","zo":"08:20 - 10:30"}}},{"type":"Feature","geometry":{"type":"Point","coordinates":[7.661978,45.041595]},"properties":{"type":"pakketpunt","locatieNaam":"TABACCHERIA n. 369","straatNaam":"VIA GIORDANO BRUNO 82","straatNr":"","vervoerder":"DHL","puntType":"parcelShop","bezettingsgraad":50,"latitude":45.041595,"longitude":7.661978,"canPickup":true,"canDropoff":true,"openingstijden":{"ma":"07:30 - 20:00","di":"07:30 - 20:00","wo":"07:30 - 20:00","do":"07:30 - 20:00","vr":"07:30 - 20:00","za":"07:30 - 19:00","zo":"gesloten"}}},{"type":"Feature","geometry":{"type":"Point","coordinates":[7.65084,45.021898]},"properties":{"type":"pakketpunt","locatieNaam":"STAZIONE DI SERVIZIO ENI","straatNaam":"CORSO TRAIANO 119-A","straatNr":"","vervoerder":"DHL","puntType":"packStation","bezettingsgraad":50,"latitude":45.021898,"longitude":7.65084,"canPickup":true,"canDropoff":true,"openingstijden":{"ma":"00:01 - 23:59","di":"00:01 - 23:59","wo":"00:01 - 23:59","do":"00:01 - 23:59","vr":"00:01 - 23:59","za":"00:01 - 23:59","zo":"00:01 - 23:59"}}},{"type":"Feature","geometry":{"type":"Point","coordinates":[7.641337,45.048573]},"properties":{"type":"pakketpunt","locatieNaam":"LA STAMPA TUTTO SPORT","straatNaam":"Via Barletta 92/b","straatNr":"","vervoerder":"DHL","puntType":"parcelShop","bezettingsgraad":50,"latitude":45.048573,"longitude":7.641337,"canPickup":false,"canDropoff":true,"openingstijden":{"ma":"06:00 - 19:30","di":"06:00 - 19:30","wo":"06:00 - 19:30","do":"06:00 - 19:30","vr":"06:00 - 19:30","za":"06:00 - 19:30","zo":"gesloten"}}},{"type":"Feature","geometry":{"type":"Point","coordinates":[7.634682,45.046606]},"properties":{"type":"pakketpunt","locatieNaam":"TABACCHERIA N. 108","straatNaam":"CORSO SIRACUSA 89","straatNr":"","vervoerder":"DHL","puntType":"parcelShop","bezettingsgraad":50,"latitude":45.046606,"longitude":7.634682,"canPickup":true,"canDropoff":true,"openingstijden":{"ma":"07:00 - 19:00","di":"07:00 - 19:00","wo":"07:00 - 19:00","do":"07:00 - 19:00","vr":"07:00 - 19:00","za":"07:00 - 13:00","zo":"gesloten"}}},{"type":"Feature","geometry":{"type":"Point","coordinates":[7.661284,45.04447]},"properties":{"type":"pakketpunt","locatieNaam":"Ufficio Postale TORINO 69","straatNaam":"VIA GALLUPPI PASQUALE 7","straatNr":"","vervoerder":"DHL","puntType":"postOffice","bezettingsgraad":50,"latitude":45.04447,"longitude":7.661284,"canPickup":true,"canDropoff":true,"openingstijden":{"ma":"08:20 - 13:35","di":"08:20 - 13:35","wo":"08:20 - 13:35","do":"08:20 - 13:35","vr":"08:20 - 13:35","za":"08:20 - 12:35","zo":"gesloten"}}},{"type":"Feature","geometry":{"type":"Point","coordinates":[7.636406,45.047999]},"properties":{"type":"pakketpunt","locatieNaam":"TABACCHERIA N. 394","straatNaam":"CORSO SEBASTOPOLI 247","straatNr":"","vervoerder":"DHL","puntType":"parcelShop","bezettingsgraad":50,"latitude":45.047999,"longitude":7.636406,"canPickup":true,"canDropoff":true,"openingstijden":{"ma":"07:00 - 12:30, 14:30 - 19:30","di":"07:00 - 12:30, 14:30 - 19:30","wo":"07:00 - 12:30, 14:30 - 19:30","do":"07:00 - 12:30, 14:30 - 19:30","vr":"07:00 - 12:30, 14:30 - 19:30","za":"07:00 - 12:30, 14:30 - 19:30","zo":"gesloten"}}},{"type":"Feature","geometry":{"type":"Point","coordinates":[7.666944,45.034697]},"properties":{"type":"pakketpunt","locatieNaam":"CENTRO COMMERCIALE LINGOTTO","straatNaam":"VIA ERMANNO FENOGLIETTI 15","straatNr":"","vervoerder":"DHL","puntType":"packStation","bezettingsgraad":50,"latitude":45.034697,"longitude":7.666944,"canPickup":true,"canDropoff":true,"openingstijden":{"ma":"10:00 - 20:30","di":"10:00 - 20:30","wo":"10:00 - 20:30","do":"10:00 - 20:30","vr":"10:00 - 20:30","za":"10:00 - 20:30","zo":"10:00 - 20:30"}}},{"type":"Feature","geometry":{"type":"Point","coordinates":[7.609843,45.070497]},"properties":{"type":"pakketpunt","locatieNaam":"Ufficio Postale TORINO 44","straatNaam":"VIA ADAMELLO 85","straatNr":"","vervoerder":"DHL","puntType":"postOffice","bezettingsgraad":50,"latitude":45.070497,"longitude":7.609843,"canPickup":true,"canDropoff":true,"openingstijden":{"ma":"08:20 - 13:35","di":"08:20 - 13:35","wo":"08:20 - 13:35","do":"08:20 - 13:35","vr":"08:20 - 13:35","za":"08:20 - 12:35","zo":"gesloten"}}},{"type":"Feature","geometry":{"type":"Point","coordinates":[7.614743,45.077916]},"properties":{"type":"pakketpunt","locatieNaam":"SUPERMERCATO IL GIGANTE","straatNaam":"CORSO MARCHE 42","straatNr":"","vervoerder":"DHL","puntType":"packStation","bezettingsgraad":50,"latitude":45.077916,"longitude":7.614743,"canPickup":true,"canDropoff":true,"openingstijden":{"ma":"08:00 - 21:00","di":"08:00 - 21:00","wo":"08:00 - 21:00","do":"08:00 - 21:00","vr":"08:00 - 21:00","za":"08:00 - 21:00","zo":"08:30 - 20:00"}}},{"type":"Feature","geometry":{"type":"Point","coordinates":[7.612372,45.070285]},"properties":{"type":"pakketpunt","locatieNaam":"LAVANDERIA - WASH'NGO","straatNaam":"VIA DON MICHELE RUA 28","straatNr":"","vervoerder":"DHL","puntType":"packStation","bezettingsgraad":50,"latitude":45.070285,"longitude":7.612372,"canPickup":true,"canDropoff":true,"openingstijden":{"ma":"06:30 - 22:30","di":"06:30 - 22:30","wo":"06:30 - 22:30","do":"06:30 - 22:30","vr":"06:30 - 22:30","za":"06:30 - 22:30","zo":"06:30 - 22:30"}}},{"type":"Feature","geometry":{"type":"Point","coordinates":[7.614014,45.069916]},"properties":{"type":"pakketpunt","locatieNaam":"AW CAR CONSULTING","straatNaam":"Via Asiago, 35 Bis","straatNr":"","vervoerder":"DHL","puntType":"parcelShop","bezettingsgraad":50,"latitude":45.069916,"longitude":7.614014,"canPickup":false,"canDropoff":true,"openingstijden":{"ma":"09:00 - 18:30","di":"09:00 - 18:30","wo":"09:00 - 18:30","do":"09:00 - 18:30","vr":"09:00 - 18:30","za":"gesloten","zo":"gesloten"}}},{"type":"Feature","geometry":{"type":"Point","coordinates":[7.617883,45.071666]},"properties":{"type":"pakketpunt","locatieNaam":"PRIMA PAGINA CARTOLIBRERIA - EDICO","straatNaam":"VIA VANDALINO 48-F","straatNr":"","vervoerder":"DHL","puntType":"parcelShop","bezettingsgraad":50,"latitude":45.071666,"longitude":7.617883,"canPickup":true,"canDropoff":true,"openingstijden":{"ma":"07:30 - 13:00, 16:30 - 19:00","di":"07:30 - 13:00, 16:30 - 19:00","wo":"07:30 - 13:00, 16:30 - 19:00","do":"07:30 - 13:00, 16:30 - 19:00","vr":"07:30 - 13:00, 16:30 - 19:00","za":"08:30 - 12:30","zo":"08:30 - 12:30"}}},{"type":"Feature","geometry":{"type":"Point","coordinates":[7.620998,45.071859]},"properties":{"type":"pakketpunt","locatieNaam":"TABACCHERIA N. 445","straatNaam":"VIA VANDALINO 20-A","straatNr":"","vervoerder":"DHL","puntType":"parcelShop","bezettingsgraad":50,"latitude":45.071859,"longitude":7.620998,"canPickup":true,"canDropoff":true,"openingstijden":{"ma":"07:00 - 13:00, 14:30 - 19:30","di":"07:00 - 13:00, 14:30 - 19:30","wo":"07:00 - 13:00, 14:30 - 19:30","do":"07:00 - 13:00, 14:30 - 19:30","vr":"07:00 - 13:00, 14:30 - 19:30","za":"07:00 - 13:00","zo":"gesloten"}}},{"type":"Feature","geometry":{"type":"Point","coordinates":[7.623595,45.081417]},"properties":{"type":"pakketpunt","locatieNaam":"STAZIONE DI SERVIZIO IP","straatNaam":"VIA PIETRO COSSA 107","straatNr":"","vervoerder":"DHL","puntType":"packStation","bezettingsgraad":50,"latitude":45.081417,"longitude":7.623595,"canPickup":true,"canDropoff":true,"openingstijden":{"ma":"00:01 - 23:59","di":"00:01 - 23:59","wo":"00:01 - 23:59","do":"00:01 - 23:59","vr":"00:01 - 23:59","za":"00:01 - 23:59","zo":"00:01 - 23:59"}}},{"type":"Feature","geometry":{"type":"Point","coordinates":[7.624008,45.075315]},"properties":{"type":"pakketpunt","locatieNaam":"SUPERMERCATO CONAD","straatNaam":"CORSO BERNARDINO TELESIO 3","straatNr":"","vervoerder":"DHL","puntType":"packStation","bezettingsgraad":50,"latitude":45.075315,"longitude":7.624008,"canPickup":true,"canDropoff":true,"openingstijden":{"ma":"08:00 - 20:30","di":"08:00 - 20:30","wo":"08:00 - 20:30","do":"08:00 - 20:30","vr":"08:00 - 20:30","za":"08:00 - 20:30","zo":"08:00 - 20:00"}}},{"type":"Feature","geometry":{"type":"Point","coordinates":[7.618326,45.064643]},"properties":{"type":"pakketpunt","locatieNaam":"MERCATINO - MONOPOLI","straatNaam":"VIA MONGINEVRO 271","straatNr":"","vervoerder":"DHL","puntType":"packStation","bezettingsgraad":50,"latitude":45.064643,"longitude":7.618326,"canPickup":true,"canDropoff":true,"openingstijden":{"ma":"gesloten","di":"10:00 - 19:00","wo":"10:00 - 19:00","do":"10:00 - 19:00","vr":"10:00 - 19:00","za":"10:00 - 19:00","zo":"15:30 - 19:30"}}},{"type":"Feature","geometry":{"type":"Point","coordinates":[7.622121,45.068143]},"properties":{"type":"pakketpunt","locatieNaam":"BAR DELL' AMICIZIA","straatNaam":"VIA POSTUMIA 19","straatNr":"","vervoerder":"DHL","puntType":"packStation","bezettingsgraad":50,"latitude":45.068143,"longitude":7.622121,"canPickup":true,"canDropoff":true,"openingstijden":{"ma":"06:00 - 23:00","di":"06:00 - 23:00","wo":"06:00 - 23:00","do":"06:00 - 23:00","vr":"06:00 - 23:00","za":"06:00 - 23:00","zo":"06:00 - 23:00"}}},{"type":"Feature","geometry":{"type":"Point","coordinates":[7.620096,45.064768]},"properties":{"type":"pakketpunt","locatieNaam":"FM STORE - TELEFONIA E SERVIZI","straatNaam":"VIA MONGINEVRO 246-C","straatNr":"","vervoerder":"DHL","puntType":"parcelShop","bezettingsgraad":50,"latitude":45.064768,"longitude":7.620096,"canPickup":true,"canDropoff":true,"openingstijden":{"ma":"09:30 - 13:00, 15:00 - 19:00","di":"09:30 - 13:00, 15:00 - 19:00","wo":"09:30 - 13:00, 15:00 - 19:00","do":"09:30 - 13:00, 15:00 - 19:00","vr":"09:30 - 13:00, 15:00 - 19:00","za":"09:30 - 12:30, 15:00 - 19:30","zo":"gesloten"}}},{"type":"Feature","geometry":{"type":"Point","coordinates":[7.62627,45.079767]},"properties":{"type":"pakketpunt","locatieNaam":"CARTOLIBRERIA GIOCATTOLI BIGIOTTERI","straatNaam":"Via Asinari Di Bernezzo 115/b","straatNr":"","vervoerder":"DHL","puntType":"parcelShop","bezettingsgraad":50,"latitude":45.079767,"longitude":7.62627,"canPickup":false,"canDropoff":true,"openingstijden":{"ma":"09:00 - 19:30","di":"09:00 - 19:30","wo":"09:00 - 19:30","do":"09:00 - 19:30","vr":"09:00 - 19:30","za":"09:00 - 12:30","zo":"gesloten"}}},{"type":"Feature","geometry":{"type":"Point","coordinates":[7.62653,45.07333]},"properties":{"type":"pakketpunt","locatieNaam":"TABACCHERIA N. 413","straatNaam":"CORSO PESCHIERA 335-C","straatNr":"","vervoerder":"DHL","puntType":"parcelShop","bezettingsgraad":50,"latitude":45.07333,"longitude":7.62653,"canPickup":true,"canDropoff":true,"openingstijden":{"ma":"05:45 - 19:45","di":"05:45 - 19:45","wo":"05:45 - 19:45","do":"05:45 - 19:45","vr":"05:45 - 19:45","za":"05:45 - 19:45","zo":"gesloten"}}},{"type":"Feature","geometry":{"type":"Point","coordinates":[7.624188,45.067668]},"properties":{"type":"pakketpunt","locatieNaam":"TLAB TORINO BAR TABACCHERIA","straatNaam":"CORSO FILIPPO BRUNELLESCHI 84-A","straatNr":"","vervoerder":"DHL","puntType":"packStation","bezettingsgraad":50,"latitude":45.067668,"longitude":7.624188,"canPickup":true,"canDropoff":true,"openingstijden":{"ma":"06:30 - 20:00","di":"06:30 - 20:00","wo":"06:30 - 20:00","do":"06:30 - 20:00","vr":"06:30 - 20:00","za":"06:30 - 20:00","zo":"gesloten"}}},{"type":"Feature","geometry":{"type":"Point","coordinates":[7.621955,45.064409]},"properties":{"type":"pakketpunt","locatieNaam":"STAZIONE DI SERVIZIO ENI","straatNaam":"VIA MONGINEVRO 243","straatNr":"","vervoerder":"DHL","puntType":"packStation","bezettingsgraad":50,"latitude":45.064409,"longitude":7.621955,"canPickup":true,"canDropoff":true,"openingstijden":{"ma":"00:01 - 23:59","di":"00:01 - 23:59","wo":"00:01 - 23:59","do":"00:01 - 23:59","vr":"00:01 - 23:59","za":"00:01 - 23:59","zo":"00:01 - 23:59"}}},{"type":"Feature","geometry":{"type":"Point","coordinates":[7.727974,45.117235]},"properties":{"type":"pakketpunt","locatieNaam":"STAZIONE DI SERVIZIO VULCAN","straatNaam":"CORSO GIULIO CESARE 424-118","straatNr":"","vervoerder":"DHL","puntType":"packStation","bezettingsgraad":50,"latitude":45.117235,"longitude":7.727974,"canPickup":true,"canDropoff":true,"openingstijden":{"ma":"00:01 - 23:59","di":"00:01 - 23:59","wo":"00:01 - 23:59","do":"00:01 - 23:59","vr":"00:01 - 23:59","za":"00:01 - 23:59","zo":"00:01 - 23:59"}}},{"type":"Feature","geometry":{"type":"Point","coordinates":[7.656779,45.132182]},"properties":{"type":"pakketpunt","locatieNaam":"STAZIONE DI SERVIZIO IP","straatNaam":"STRADA DELL AEROPORTO 325-A","straatNr":"","vervoerder":"DHL","puntType":"packStation","bezettingsgraad":50,"latitude":45.132182,"longitude":7.656779,"canPickup":true,"canDropoff":true,"openingstijden":{"ma":"00:01 - 23:59","di":"00:01 - 23:59","wo":"00:01 - 23:59","do":"00:01 - 23:59","vr":"00:01 - 23:59","za":"00:01 - 23:59","zo":"00:01 - 23:59"}}},{"type":"Feature","geometry":{"type":"Point","coordinates":[7.658799,45.114124]},"properties":{"type":"pakketpunt","locatieNaam":"TABACCHERIA N. 451","straatNaam":"STRADA LANZO 117-A","straatNr":"","vervoerder":"DHL","puntType":"parcelShop","bezettingsgraad":50,"latitude":45.114124,"longitude":7.658799,"canPickup":true,"canDropoff":true,"openingstijden":{"ma":"08:30 - 13:00, 15:30 - 19:30","di":"08:30 - 13:00, 15:30 - 19:30","wo":"08:30 - 13:00, 15:30 - 19:30","do":"08:30 - 13:00, 15:30 - 19:30","vr":"08:30 - 13:00, 15:30 - 19:30","za":"08:30 - 13:00, 15:30 - 19:30","zo":"gesloten"}}},{"type":"Feature","geometry":{"type":"Point","coordinates":[7.645398,45.110654]},"properties":{"type":"pakketpunt","locatieNaam":"STAZIONE DI SERVIZIO ENI","straatNaam":"STRADA DI ALTESSANO 158","straatNr":"","vervoerder":"DHL","puntType":"packStation","bezettingsgraad":50,"latitude":45.110654,"longitude":7.645398,"canPickup":true,"canDropoff":true,"openingstijden":{"ma":"00:01 - 23:59","di":"00:01 - 23:59","wo":"00:01 - 23:59","do":"00:01 - 23:59","vr":"00:01 - 23:59","za":"00:01 - 23:59","zo":"00:01 - 23:59"}}},{"type":"Feature","geometry":{"type":"Point","coordinates":[7.655757,45.110837]},"properties":{"type":"pakketpunt","locatieNaam":"TABACCHERIA - VIA SANSOVINO","straatNaam":"VIA ANDREA SANSOVINO 270","straatNr":"","vervoerder":"DHL","puntType":"parcelShop","bezettingsgraad":50,"latitude":45.110837,"longitude":7.655757,"canPickup":true,"canDropoff":true,"openingstijden":{"ma":"06:30 - 19:30","di":"06:30 - 19:30","wo":"06:30 - 19:30","do":"06:30 - 19:30","vr":"06:30 - 19:30","za":"06:30 - 19:30","zo":"08:30 - 12:30"}}},{"type":"Feature","geometry":{"type":"Point","coordinates":[7.659392,45.109769]},"properties":{"type":"pakketpunt","locatieNaam":"Ufficio Postale TORINO 57","straatNaam":"VIA VENARIA 69","straatNr":"","vervoerder":"DHL","puntType":"postOffice","bezettingsgraad":50,"latitude":45.109769,"longitude":7.659392,"canPickup":true,"canDropoff":true,"openingstijden":{"ma":"08:20 - 13:35","di":"08:20 - 13:35","wo":"08:20 - 13:35","do":"08:20 - 13:35","vr":"08:20 - 13:35","za":"08:20 - 12:35","zo":"gesloten"}}},{"type":"Feature","geometry":{"type":"Point","coordinates":[7.645371,45.107761]},"properties":{"type":"pakketpunt","locatieNaam":"STAZIONE DI SERVIZIO IPLANE","straatNaam":"STRADA DI ALTESSANO 110","straatNr":"","vervoerder":"DHL","puntType":"packStation","bezettingsgraad":50,"latitude":45.107761,"longitude":7.645371,"canPickup":true,"canDropoff":true,"openingstijden":{"ma":"00:01 - 23:59","di":"00:01 - 23:59","wo":"00:01 - 23:59","do":"00:01 - 23:59","vr":"00:01 - 23:59","za":"00:01 - 23:59","zo":"00:01 - 23:59"}}},{"type":"Feature","geometry":{"type":"Point","coordinates":[7.644976,45.10598]},"properties":{"type":"pakketpunt","locatieNaam":"Ufficio Postale TORINO 74","straatNaam":"CORSO GROSSETO 425","straatNr":"","vervoerder":"DHL","puntType":"postOffice","bezettingsgraad":50,"latitude":45.10598,"longitude":7.644976,"canPickup":true,"canDropoff":true,"openingstijden":{"ma":"08:20 - 19:05","di":"08:20 - 19:05","wo":"08:20 - 19:05","do":"08:20 - 19:05","vr":"08:20 - 19:05","za":"08:20 - 12:35","zo":"gesloten"}}},{"type":"Feature","geometry":{"type":"Point","coordinates":[7.630613,45.104449]},"properties":{"type":"pakketpunt","locatieNaam":"ANGOLO DELLE SPEDIZIONI","straatNaam":"VIA DELLE VERBENE 11","straatNr":"","vervoerder":"DHL","puntType":"parcelShop","bezettingsgraad":50,"latitude":45.104449,"longitude":7.630613,"canPickup":true,"canDropoff":true,"openingstijden":{"ma":"09:00 - 19:00","di":"09:00 - 19:00","wo":"09:00 - 19:00","do":"09:00 - 19:00","vr":"09:00 - 19:00","za":"gesloten","zo":"gesloten"}}},{"type":"Feature","geometry":{"type":"Point","coordinates":[7.63506,45.103016]},"properties":{"type":"pakketpunt","locatieNaam":"TABACCHERIA N. 466","straatNaam":"VIALE DEI MUGHETTI 5-BIS","straatNr":"","vervoerder":"DHL","puntType":"parcelShop","bezettingsgraad":50,"latitude":45.103016,"longitude":7.63506,"canPickup":true,"canDropoff":true,"openingstijden":{"ma":"07:30 - 13:00, 15:00 - 19:30","di":"07:30 - 13:00, 15:00 - 19:30","wo":"07:30 - 13:00, 15:00 - 19:30","do":"07:30 - 13:00, 15:00 - 19:30","vr":"07:30 - 13:00, 15:00 - 19:30","za":"07:30 - 13:00, 15:00 - 19:30","zo":"gesloten"}}},{"type":"Feature","geometry":{"type":"Point","coordinates":[7.630888,45.103446]},"properties":{"type":"pakketpunt","locatieNaam":"Ufficio Postale TORINO 17","straatNaam":"PIAZZA EUGENIO MONTALE 8","straatNr":"","vervoerder":"DHL","puntType":"postOffice","bezettingsgraad":50,"latitude":45.103446,"longitude":7.630888,"canPickup":true,"canDropoff":true,"openingstijden":{"ma":"08:20 - 13:35","di":"08:20 - 13:35","wo":"08:20 - 13:35","do":"08:20 - 13:35","vr":"08:20 - 13:35","za":"08:20 - 12:35","zo":"gesloten"}}},{"type":"Feature","geometry":{"type":"Point","coordinates":[7.63981,45.102078]},"properties":{"type":"pakketpunt","locatieNaam":"TABACCHERIA N. 484","straatNaam":"CORSO TOSCANA 192","straatNr":"","vervoerder":"DHL","puntType":"parcelShop","bezettingsgraad":50,"latitude":45.102078,"longitude":7.63981,"canPickup":true,"canDropoff":true,"openingstijden":{"ma":"07:30 - 12:30, 15:00 - 19:30","di":"07:30 - 12:30, 15:00 - 19:30","wo":"07:30 - 12:30, 15:00 - 19:30","do":"07:30 - 12:30, 15:00 - 19:30","vr":"07:30 - 12:30, 15:00 - 19:30","za":"07:30 - 12:30, 15:00 - 19:30","zo":"gesloten"}}},{"type":"Feature","geometry":{"type":"Point","coordinates":[7.659202,45.100666]},"properties":{"type":"pakketpunt","locatieNaam":"TABACCHERIA N. 225","straatNaam":"VIA FOLIGNO 99-C","straatNr":"","vervoerder":"DHL","puntType":"parcelShop","bezettingsgraad":50,"latitude":45.100666,"longitude":7.659202,"canPickup":true,"canDropoff":true,"openingstijden":{"ma":"08:30 - 19:00","di":"08:30 - 19:00","wo":"08:30 - 19:00","do":"08:30 - 19:00","vr":"08:30 - 19:00","za":"09:30 - 19:00","zo":"09:30 - 12:00"}}},{"type":"Feature","geometry":{"type":"Point","coordinates":[7.636989,45.099318]},"properties":{"type":"pakketpunt","locatieNaam":"STAZIONE DI SERVIZIO TAMOIL","straatNaam":"VIA ANDREA SANSOVINO 44-A","straatNr":"","vervoerder":"DHL","puntType":"packStation","bezettingsgraad":50,"latitude":45.099318,"longitude":7.636989,"canPickup":true,"canDropoff":true,"openingstijden":{"ma":"00:01 - 23:59","di":"00:01 - 23:59","wo":"00:01 - 23:59","do":"00:01 - 23:59","vr":"00:01 - 23:59","za":"00:01 - 23:59","zo":"00:01 - 23:59"}}},{"type":"Feature","geometry":{"type":"Point","coordinates":[7.649476,45.098223]},"properties":{"type":"pakketpunt","locatieNaam":"Ufficio Postale TORINO 30","straatNaam":"VIA FOGLIZZO 28","straatNr":"","vervoerder":"DHL","puntType":"postOffice","bezettingsgraad":50,"latitude":45.098223,"longitude":7.649476,"canPickup":true,"canDropoff":true,"openingstijden":{"ma":"08:20 - 19:05","di":"08:20 - 19:05","wo":"08:20 - 19:05","do":"08:20 - 19:05","vr":"08:20 - 19:05","za":"08:20 - 12:35","zo":"gesloten"}}},{"type":"Feature","geometry":{"type":"Point","coordinates":[7.733845,45.086113]},"properties":{"type":"pakketpunt","locatieNaam":"STAZIONE DI SERVIZIO IP","straatNaam":"CORSO CASALE 412-A","straatNr":"","vervoerder":"DHL","puntType":"packStation","bezettingsgraad":50,"latitude":45.086113,"longitude":7.733845,"canPickup":true,"canDropoff":true,"openingstijden":{"ma":"00:01 - 23:59","di":"00:01 - 23:59","wo":"00:01 - 23:59","do":"00:01 - 23:59","vr":"00:01 - 23:59","za":"00:01 - 23:59","zo":"00:01 - 23:59"}}},{"type":"Feature","geometry":{"type":"Point","coordinates":[7.714827,45.093096]},"properties":{"type":"pakketpunt","locatieNaam":"TABACCHERIA N. 380","straatNaam":"VIA BOLOGNA 262-D","straatNr":"","vervoerder":"DHL","puntType":"parcelShop","bezettingsgraad":50,"latitude":45.093096,"longitude":7.714827,"canPickup":true,"canDropoff":true,"openingstijden":{"ma":"06:00 - 20:00","di":"06:00 - 20:00","wo":"06:00 - 20:00","do":"06:00 - 20:00","vr":"06:00 - 20:00","za":"06:00 - 20:00","zo":"07:00 - 14:00"}}},{"type":"Feature","geometry":{"type":"Point","coordinates":[7.712347,45.091486]},"properties":{"type":"pakketpunt","locatieNaam":"Ufficio Postale TORINO 32","straatNaam":"VIA GOTTARDO 275","straatNr":"","vervoerder":"DHL","puntType":"postOffice","bezettingsgraad":50,"latitude":45.091486,"longitude":7.712347,"canPickup":true,"canDropoff":true,"openingstijden":{"ma":"08:20 - 13:35","di":"08:20 - 13:35","wo":"08:20 - 13:35","do":"08:20 - 13:35","vr":"08:20 - 13:35","za":"08:20 - 12:35","zo":"gesloten"}}},{"type":"Feature","geometry":{"type":"Point","coordinates":[7.72448,45.10069]},"properties":{"type":"pakketpunt","locatieNaam":"TABACCHERIA N. 118","straatNaam":"STRADA DI SETTIMO 70-D","straatNr":"","vervoerder":"DHL","puntType":"parcelShop","bezettingsgraad":50,"latitude":45.10069,"longitude":7.72448,"canPickup":true,"canDropoff":true,"openingstijden":{"ma":"07:00 - 12:30, 15:00 - 19:00","di":"07:00 - 12:30, 15:00 - 19:00","wo":"07:00 - 12:30, 15:00 - 19:00","do":"07:00 - 12:30, 15:00 - 19:00","vr":"07:00 - 12:30, 15:00 - 19:00","za":"07:00 - 12:30, 15:00 - 19:00","zo":"gesloten"}}},{"type":"Feature","geometry":{"type":"Point","coordinates":[7.706375,45.089745]},"properties":{"type":"pakketpunt","locatieNaam":"TRA SPIGHE E CHICCHI","straatNaam":"VIA DOMENICO CIMAROSA 40-H","straatNr":"","vervoerder":"DHL","puntType":"parcelShop","bezettingsgraad":50,"latitude":45.089745,"longitude":7.706375,"canPickup":true,"canDropoff":true,"openingstijden":{"ma":"08:30 - 18:30","di":"08:30 - 18:30","wo":"08:30 - 18:30","do":"08:30 - 18:30","vr":"08:30 - 18:30","za":"08:30 - 12:30","zo":"gesloten"}}},{"type":"Feature","geometry":{"type":"Point","coordinates":[7.703144,45.086798]},"properties":{"type":"pakketpunt","locatieNaam":"BAR IL VELIERO","straatNaam":"VIA AMILCARE PONCHIELLI 32","straatNr":"","vervoerder":"DHL","puntType":"packStation","bezettingsgraad":50,"latitude":45.086798,"longitude":7.703144,"canPickup":true,"canDropoff":true,"openingstijden":{"ma":"07:00 - 20:00","di":"07:00 - 20:00","wo":"07:00 - 20:00","do":"07:00 - 20:00","vr":"07:00 - 20:00","za":"07:00 - 20:00","zo":"07:00 - 20:00"}}},{"type":"Feature","geometry":{"type":"Point","coordinates":[7.704687,45.091579]},"properties":{"type":"pakketpunt","locatieNaam":"CARTOLERIA 10 & LODE","straatNaam":"VIA DOMENICO CIMAROSA 66-A","straatNr":"","vervoerder":"DHL","puntType":"parcelShop","bezettingsgraad":50,"latitude":45.091579,"longitude":7.704687,"canPickup":true,"canDropoff":true,"openingstijden":{"ma":"07:30 - 12:30, 15:00 - 19:00","di":"07:30 - 12:30, 15:00 - 19:00","wo":"07:30 - 12:30, 15:00 - 19:00","do":"07:30 - 12:30, 15:00 - 19:00","vr":"07:30 - 12:30, 15:00 - 19:00","za":"07:30 - 12:30, 15:00 - 19:00","zo":"gesloten"}}},{"type":"Feature","geometry":{"type":"Point","coordinates":[7.700059,45.087452]},"properties":{"type":"pakketpunt","locatieNaam":"TABACCHERIA PONCHIELLI","straatNaam":"VIA AMILCARE PONCHIELLI 16-Z","straatNr":"","vervoerder":"DHL","puntType":"packStation","bezettingsgraad":50,"latitude":45.087452,"longitude":7.700059,"canPickup":true,"canDropoff":true,"openingstijden":{"ma":"00:01 - 23:59","di":"00:01 - 23:59","wo":"00:01 - 23:59","do":"00:01 - 23:59","vr":"00:01 - 23:59","za":"00:01 - 23:59","zo":"00:01 - 23:59"}}},{"type":"Feature","geometry":{"type":"Point","coordinates":[7.698635,45.084067]},"properties":{"type":"pakketpunt","locatieNaam":"Ufficio Postale TORINO 58","straatNaam":"VIA TERNENGO 0-E","straatNr":"","vervoerder":"DHL","puntType":"postOffice","bezettingsgraad":50,"latitude":45.084067,"longitude":7.698635,"canPickup":true,"canDropoff":true,"openingstijden":{"ma":"08:20 - 13:35","di":"08:20 - 13:35","wo":"08:20 - 13:35","do":"08:20 - 13:35","vr":"08:20 - 13:35","za":"08:20 - 12:35","zo":"gesloten"}}},{"type":"Feature","geometry":{"type":"Point","coordinates":[7.696218,45.078785]},"properties":{"type":"pakketpunt","locatieNaam":"TABACCHERIA N. 162","straatNaam":"CORSO VERONA 20","straatNr":"","vervoerder":"DHL","puntType":"parcelShop","bezettingsgraad":50,"latitude":45.078785,"longitude":7.696218,"canPickup":true,"canDropoff":true,"openingstijden":{"ma":"08:00 - 19:30","di":"08:00 - 19:30","wo":"08:00 - 19:30","do":"08:00 - 19:30","vr":"08:00 - 19:30","za":"09:00 - 13:00, 16:00 - 19:30","zo":"gesloten"}}},{"type":"Feature","geometry":{"type":"Point","coordinates":[7.6958,45.0714]},"properties":{"type":"pakketpunt","locatieNaam":"TABACCHERIA DONA MAURIZIO","straatNaam":"Via Tarino 11/b","straatNr":"","vervoerder":"DHL","puntType":"parcelShop","bezettingsgraad":50,"latitude":45.0714,"longitude":7.6958,"canPickup":false,"canDropoff":true,"openingstijden":{"ma":"08:15 - 19:30","di":"08:15 - 19:30","wo":"08:15 - 19:30","do":"08:15 - 19:30","vr":"08:15 - 19:30","za":"08:15 - 19:30","zo":"gesloten"}}},{"type":"Feature","geometry":{"type":"Point","coordinates":[7.693487,45.076262]},"properties":{"type":"pakketpunt","locatieNaam":"TABACCHERIA N. 200","straatNaam":"CORSO REGIO PARCO 22","straatNr":"","vervoerder":"DHL","puntType":"parcelShop","bezettingsgraad":50,"latitude":45.076262,"longitude":7.693487,"canPickup":true,"canDropoff":true,"openingstijden":{"ma":"07:30 - 13:00, 14:30 - 19:00","di":"07:30 - 13:00, 14:30 - 19:00","wo":"07:30 - 13:00, 14:30 - 19:00","do":"07:30 - 13:00, 14:30 - 19:00","vr":"07:30 - 13:00, 14:30 - 19:00","za":"08:00 - 13:00, 14:30 - 19:00","zo":"gesloten"}}},{"type":"Feature","geometry":{"type":"Point","coordinates":[7.694115,45.073382]},"properties":{"type":"pakketpunt","locatieNaam":"TABACCHERIA N. 196","straatNaam":"CORSO REGINA MARGHERITA 82-B","straatNr":"","vervoerder":"DHL","puntType":"parcelShop","bezettingsgraad":50,"latitude":45.073382,"longitude":7.694115,"canPickup":true,"canDropoff":true,"openingstijden":{"ma":"09:00 - 19:30","di":"09:00 - 19:30","wo":"09:00 - 19:30","do":"09:00 - 19:30","vr":"09:00 - 19:30","za":"09:00 - 19:30","zo":"gesloten"}}},{"type":"Feature","geometry":{"type":"Point","coordinates":[7.692928,45.081711]},"properties":{"type":"pakketpunt","locatieNaam":"LAVANDERIA AUTOMATICA - WAS","straatNaam":"CORSO PALERMO 36","straatNr":"","vervoerder":"DHL","puntType":"packStation","bezettingsgraad":50,"latitude":45.081711,"longitude":7.692928,"canPickup":true,"canDropoff":true,"openingstijden":{"ma":"07:30 - 22:00","di":"07:30 - 22:00","wo":"07:30 - 22:00","do":"07:30 - 22:00","vr":"07:30 - 22:00","za":"07:30 - 22:00","zo":"07:30 - 22:00"}}},{"type":"Feature","geometry":{"type":"Point","coordinates":[7.692865,45.083395]},"properties":{"type":"pakketpunt","locatieNaam":"Ufficio Postale TORINO 4","straatNaam":"CORSO PALERMO 55","straatNr":"","vervoerder":"DHL","puntType":"postOffice","bezettingsgraad":50,"latitude":45.083395,"longitude":7.692865,"canPickup":true,"canDropoff":true,"openingstijden":{"ma":"08:20 - 13:35","di":"08:20 - 13:35","wo":"08:20 - 13:35","do":"08:20 - 13:35","vr":"08:20 - 13:35","za":"08:20 - 12:35","zo":"gesloten"}}},{"type":"Feature","geometry":{"type":"Point","coordinates":[7.692616,45.07984]},"properties":{"type":"pakketpunt","locatieNaam":"DELIVERY EXPERIENCES","straatNaam":"CORSO PALERMO 25-C","straatNr":"","vervoerder":"DHL","puntType":"parcelShop","bezettingsgraad":50,"latitude":45.07984,"longitude":7.692616,"canPickup":true,"canDropoff":true,"openingstijden":{"ma":"09:00 - 12:30, 14:00 - 18:00","di":"09:00 - 12:30, 14:00 - 18:00","wo":"09:00 - 12:30, 14:00 - 18:00","do":"09:00 - 12:30, 14:00 - 18:00","vr":"09:00 - 12:30, 14:00 - 18:00","za":"09:00 - 12:30","zo":"gesloten"}}},{"type":"Feature","geometry":{"type":"Point","coordinates":[7.693332,45.087223]},"properties":{"type":"pakketpunt","locatieNaam":"TABACCHERIA N. 111","straatNaam":"CORSO PALERMO 90-H","straatNr":"","vervoerder":"DHL","puntType":"parcelShop","bezettingsgraad":50,"latitude":45.087223,"longitude":7.693332,"canPickup":true,"canDropoff":true,"openingstijden":{"ma":"08:30 - 13:00, 15:30 - 19:30","di":"08:30 - 13:00, 15:30 - 19:30","wo":"08:30 - 13:00, 15:30 - 19:30","do":"08:30 - 13:00, 15:30 - 19:30","vr":"08:30 - 13:00, 15:30 - 19:30","za":"08:30 - 13:00, 15:30 - 19:30","zo":"gesloten"}}},{"type":"Feature","geometry":{"type":"Point","coordinates":[7.692621,45.084776]},"properties":{"type":"pakketpunt","locatieNaam":"STAZIONE DI SERVIZIO ENI","straatNaam":"LARGO PALERMO 69","straatNr":"","vervoerder":"DHL","puntType":"packStation","bezettingsgraad":50,"latitude":45.084776,"longitude":7.692621,"canPickup":true,"canDropoff":true,"openingstijden":{"ma":"00:01 - 23:59","di":"00:01 - 23:59","wo":"00:01 - 23:59","do":"00:01 - 23:59","vr":"00:01 - 23:59","za":"00:01 - 23:59","zo":"00:01 - 23:59"}}},{"type":"Feature","geometry":{"type":"Point","coordinates":[7.648886,45.080587]},"properties":{"type":"pakketpunt","locatieNaam":"PALOMINO MULTISERVIZI","straatNaam":"Via Nicola Fabrizi 56/a","straatNr":"","vervoerder":"DHL","puntType":"parcelShop","bezettingsgraad":50,"latitude":45.080587,"longitude":7.648886,"canPickup":false,"canDropoff":true,"openingstijden":{"ma":"09:00 - 19:00","di":"09:00 - 19:00","wo":"09:00 - 19:00","do":"09:00 - 19:00","vr":"09:00 - 19:00","za":"09:00 - 19:00","zo":"gesloten"}}},{"type":"Feature","geometry":{"type":"Point","coordinates":[7.647132,45.081688]},"properties":{"type":"pakketpunt","locatieNaam":"CENTRO SERVIZI JOLLY","straatNaam":"VIA ORTA 4","straatNr":"","vervoerder":"DHL","puntType":"parcelShop","bezettingsgraad":50,"latitude":45.081688,"longitude":7.647132,"canPickup":true,"canDropoff":true,"openingstijden":{"ma":"09:00 - 13:00, 14:00 - 17:00","di":"09:00 - 13:00, 14:00 - 17:00","wo":"09:00 - 13:00, 14:00 - 17:00","do":"09:00 - 13:00, 14:00 - 17:00","vr":"09:00 - 13:00, 14:00 - 17:00","za":"gesloten","zo":"gesloten"}}},{"type":"Feature","geometry":{"type":"Point","coordinates":[7.64586,45.07861]},"properties":{"type":"pakketpunt","locatieNaam":"TABACCHERIA N. 318","straatNaam":"CORSO LECCE 28-G","straatNr":"","vervoerder":"DHL","puntType":"parcelShop","bezettingsgraad":50,"latitude":45.07861,"longitude":7.64586,"canPickup":true,"canDropoff":true,"openingstijden":{"ma":"07:30 - 13:00, 15:00 - 19:30","di":"07:30 - 13:00, 15:00 - 19:30","wo":"07:30 - 13:00, 15:00 - 19:30","do":"07:30 - 13:00, 15:00 - 19:30","vr":"07:30 - 13:00, 15:00 - 19:30","za":"07:30 - 13:00, 15:00 - 19:30","zo":"gesloten"}}},{"type":"Feature","geometry":{"type":"Point","coordinates":[7.651048,45.080026]},"properties":{"type":"pakketpunt","locatieNaam":"TELEFONIA VAINETWORK ALL IN ONE ST","straatNaam":"VIA NICOLA FABRIZI 29-A","straatNr":"","vervoerder":"DHL","puntType":"parcelShop","bezettingsgraad":50,"latitude":45.080026,"longitude":7.651048,"canPickup":true,"canDropoff":true,"openingstijden":{"ma":"09:30 - 13:00, 15:30 - 19:00","di":"09:30 - 13:00, 15:30 - 19:00","wo":"09:30 - 13:00, 15:30 - 19:00","do":"09:30 - 13:00, 15:30 - 19:00","vr":"09:30 - 13:00, 15:30 - 19:00","za":"09:30 - 13:00","zo":"gesloten"}}},{"type":"Feature","geometry":{"type":"Point","coordinates":[7.643887,45.079862]},"properties":{"type":"pakketpunt","locatieNaam":"BAR - CORNER","straatNaam":"VIA ZUMAGLIA 46","straatNr":"","vervoerder":"DHL","puntType":"packStation","bezettingsgraad":50,"latitude":45.079862,"longitude":7.643887,"canPickup":true,"canDropoff":true,"openingstijden":{"ma":"06:30 - 23:00","di":"06:30 - 23:00","wo":"06:30 - 23:00","do":"06:30 - 23:00","vr":"06:30 - 23:00","za":"06:30 - 23:00","zo":"06:30 - 23:00"}}},{"type":"Feature","geometry":{"type":"Point","coordinates":[7.651011,45.081561]},"properties":{"type":"pakketpunt","locatieNaam":"Ufficio Postale TORINO 40","straatNaam":"CORSO SVIZZERA 60","straatNr":"","vervoerder":"DHL","puntType":"postOffice","bezettingsgraad":50,"latitude":45.081561,"longitude":7.651011,"canPickup":true,"canDropoff":true,"openingstijden":{"ma":"08:20 - 13:35","di":"08:20 - 13:35","wo":"08:20 - 13:35","do":"08:20 - 13:35","vr":"08:20 - 13:35","za":"08:20 - 12:35","zo":"gesloten"}}},{"type":"Feature","geometry":{"type":"Point","coordinates":[7.645965,45.083275]},"properties":{"type":"pakketpunt","locatieNaam":"STAZIONE DI SERVIZIO ENI","straatNaam":"VIA MICHELE LESSONA 36-A","straatNr":"","vervoerder":"DHL","puntType":"packStation","bezettingsgraad":50,"latitude":45.083275,"longitude":7.645965,"canPickup":true,"canDropoff":true,"openingstijden":{"ma":"00:01 - 23:59","di":"00:01 - 23:59","wo":"00:01 - 23:59","do":"00:01 - 23:59","vr":"00:01 - 23:59","za":"00:01 - 23:59","zo":"00:01 - 23:59"}}},{"type":"Feature","geometry":{"type":"Point","coordinates":[7.651442,45.077784]},"properties":{"type":"pakketpunt","locatieNaam":"LAVANDERIA - LAV@SCIUGA","straatNaam":"VIA GIACOMO MEDICI 29","straatNr":"","vervoerder":"DHL","puntType":"packStation","bezettingsgraad":50,"latitude":45.077784,"longitude":7.651442,"canPickup":true,"canDropoff":true,"openingstijden":{"ma":"08:00 - 22:00","di":"08:00 - 22:00","wo":"08:00 - 22:00","do":"08:00 - 22:00","vr":"08:00 - 22:00","za":"08:00 - 22:00","zo":"08:00 - 22:00"}}},{"type":"Feature","geometry":{"type":"Point","coordinates":[7.648816,45.075338]},"properties":{"type":"pakketpunt","locatieNaam":"TABACCHERIA N. 277","straatNaam":"LARGO FRANCIA 111-L","straatNr":"","vervoerder":"DHL","puntType":"parcelShop","bezettingsgraad":50,"latitude":45.075338,"longitude":7.648816,"canPickup":true,"canDropoff":true,"openingstijden":{"ma":"08:00 - 14:00, 16:00 - 18:00","di":"08:00 - 14:00, 16:00 - 18:00","wo":"08:00 - 14:00, 16:00 - 18:00","do":"08:00 - 14:00, 16:00 - 18:00","vr":"08:00 - 14:00, 16:00 - 18:00","za":"08:00 - 14:00, 16:00 - 18:00","zo":"gesloten"}}},{"type":"Feature","geometry":{"type":"Point","coordinates":[7.640686,45.079855]},"properties":{"type":"pakketpunt","locatieNaam":"TABACCHERIA N. 276","straatNaam":"VIA GIACOMO MEDICI 100-C","straatNr":"","vervoerder":"DHL","puntType":"parcelShop","bezettingsgraad":50,"latitude":45.079855,"longitude":7.640686,"canPickup":true,"canDropoff":true,"openingstijden":{"ma":"07:15 - 13:00, 14:30 - 19:30","di":"07:15 - 13:00, 14:30 - 19:30","wo":"07:15 - 13:00, 14:30 - 19:30","do":"07:15 - 13:00, 14:30 - 19:30","vr":"07:15 - 13:00, 14:30 - 19:30","za":"07:15 - 13:00, 14:30 - 19:30","zo":"gesloten"}}},{"type":"Feature","geometry":{"type":"Point","coordinates":[7.640271,45.081384]},"properties":{"type":"pakketpunt","locatieNaam":"Ufficio Postale TORINO 60","straatNaam":"VIA NICOLA FABRIZI 132-F","straatNr":"","vervoerder":"DHL","puntType":"postOffice","bezettingsgraad":50,"latitude":45.081384,"longitude":7.640271,"canPickup":true,"canDropoff":true,"openingstijden":{"ma":"08:20 - 13:35","di":"08:20 - 13:35","wo":"08:20 - 13:35","do":"08:20 - 13:35","vr":"08:20 - 13:35","za":"08:20 - 12:35","zo":"gesloten"}}},{"type":"Feature","geometry":{"type":"Point","coordinates":[7.655332,45.083613]},"properties":{"type":"pakketpunt","locatieNaam":"TABACCHERIA N. 109","straatNaam":"CORSO APPIO CLAUDIO 1","straatNr":"","vervoerder":"DHL","puntType":"parcelShop","bezettingsgraad":50,"latitude":45.083613,"longitude":7.655332,"canPickup":true,"canDropoff":true,"openingstijden":{"ma":"07:00 - 19:00","di":"07:00 - 19:00","wo":"07:00 - 19:00","do":"07:00 - 19:00","vr":"07:00 - 19:00","za":"07:00 - 19:00","zo":"gesloten"}}},{"type":"Feature","geometry":{"type":"Point","coordinates":[7.655141,45.075691]},"properties":{"type":"pakketpunt","locatieNaam":"Ufficio Postale TORINO 19","straatNaam":"VIA BRUINO 1","straatNr":"","vervoerder":"DHL","puntType":"postOffice","bezettingsgraad":50,"latitude":45.075691,"longitude":7.655141,"canPickup":true,"canDropoff":true,"openingstijden":{"ma":"08:20 - 19:05","di":"08:20 - 19:05","wo":"08:20 - 19:05","do":"08:20 - 19:05","vr":"08:20 - 19:05","za":"08:20 - 12:35","zo":"gesloten"}}},{"type":"Feature","geometry":{"type":"Point","coordinates":[7.657345,45.080952]},"properties":{"type":"pakketpunt","locatieNaam":"TABACCHERIA N. 221","straatNaam":"VIA LUIGI CIBRARIO 65","straatNr":"","vervoerder":"DHL","puntType":"parcelShop","bezettingsgraad":50,"latitude":45.080952,"longitude":7.657345,"canPickup":true,"canDropoff":true,"openingstijden":{"ma":"08:30 - 12:45, 15:15 - 19:00","di":"08:30 - 12:45, 15:15 - 19:00","wo":"08:30 - 12:45, 15:15 - 19:00","do":"08:30 - 12:45, 15:15 - 19:00","vr":"08:30 - 12:45, 15:15 - 19:00","za":"08:30 - 12:45, 15:00 - 19:00","zo":"gesloten"}}},{"type":"Feature","geometry":{"type":"Point","coordinates":[7.637746,45.080636]},"properties":{"type":"pakketpunt","locatieNaam":"BOLLETTA EXPERT  - TORINO","straatNaam":"Corso Monte Grappa 57","straatNr":"","vervoerder":"DHL","puntType":"parcelShop","bezettingsgraad":50,"latitude":45.080636,"longitude":7.637746,"canPickup":false,"canDropoff":true,"openingstijden":{"ma":"09:00 - 19:00","di":"09:00 - 19:00","wo":"09:00 - 19:00","do":"09:00 - 19:00","vr":"09:00 - 19:00","za":"gesloten","zo":"gesloten"}}},{"type":"Feature","geometry":{"type":"Point","coordinates":[7.657761,45.080734]},"properties":{"type":"pakketpunt","locatieNaam":"POSTE PRIVATE NAZIONALE","straatNaam":"Via Cibrario 63/c","straatNr":"","vervoerder":"DHL","puntType":"parcelShop","bezettingsgraad":50,"latitude":45.080734,"longitude":7.657761,"canPickup":false,"canDropoff":true,"openingstijden":{"ma":"07:30 - 18:45","di":"07:30 - 18:45","wo":"07:30 - 18:45","do":"07:30 - 18:45","vr":"07:30 - 18:45","za":"08:00 - 12:30","zo":"gesloten"}}},{"type":"Feature","geometry":{"type":"Point","coordinates":[7.638214,45.075118]},"properties":{"type":"pakketpunt","locatieNaam":"APOLLO MULTISERVIZI","straatNaam":"CORSO FRANCIA 185-D","straatNr":"","vervoerder":"DHL","puntType":"parcelShop","bezettingsgraad":50,"latitude":45.075118,"longitude":7.638214,"canPickup":true,"canDropoff":true,"openingstijden":{"ma":"10:00 - 13:00, 16:00 - 20:00","di":"10:00 - 13:00, 16:00 - 20:00","wo":"10:00 - 13:00, 16:00 - 20:00","do":"10:00 - 13:00, 16:00 - 20:00","vr":"10:00 - 13:00, 16:00 - 20:00","za":"10:00 - 17:00","zo":"gesloten"}}},{"type":"Feature","geometry":{"type":"Point","coordinates":[7.643116,45.072391]},"properties":{"type":"pakketpunt","locatieNaam":"SOLID BASE - PALESTRA TORIN","straatNaam":"VIA FERRERE 7","straatNr":"","vervoerder":"DHL","puntType":"packStation","bezettingsgraad":50,"latitude":45.072391,"longitude":7.643116,"canPickup":true,"canDropoff":true,"openingstijden":{"ma":"00:01 - 23:59","di":"00:01 - 23:59","wo":"00:01 - 23:59","do":"00:01 - 23:59","vr":"00:01 - 23:59","za":"00:01 - 23:59","zo":"00:01 - 23:59"}}},{"type":"Feature","geometry":{"type":"Point","coordinates":[7.659194,45.0824]},"properties":{"type":"pakketpunt","locatieNaam":"FIORA SERVIZI AZIENDALI","straatNaam":"VIA SAN DONATO 75","straatNr":"","vervoerder":"DHL","puntType":"parcelShop","bezettingsgraad":50,"latitude":45.0824,"longitude":7.659194,"canPickup":true,"canDropoff":true,"openingstijden":{"ma":"10:00 - 12:30, 15:00 - 18:30","di":"10:00 - 12:30, 15:00 - 18:30","wo":"10:00 - 12:30","do":"10:00 - 12:30, 15:00 - 18:30","vr":"10:00 - 12:30, 15:00 - 18:30","za":"gesloten","zo":"gesloten"}}},{"type":"Feature","geometry":{"type":"Point","coordinates":[7.63915,45.07375]},"properties":{"type":"pakketpunt","locatieNaam":"TABACCHERIA N. 272","straatNaam":"VIA RUBIANA 16-A","straatNr":"","vervoerder":"DHL","puntType":"parcelShop","bezettingsgraad":50,"latitude":45.07375,"longitude":7.63915,"canPickup":true,"canDropoff":true,"openingstijden":{"ma":"07:00 - 19:30","di":"07:00 - 19:30","wo":"07:00 - 19:30","do":"07:00 - 19:30","vr":"07:00 - 19:30","za":"08:30 - 12:30, 15:30 - 19:30","zo":"gesloten"}}},{"type":"Feature","geometry":{"type":"Point","coordinates":[7.658508,45.075954]},"properties":{"type":"pakketpunt","locatieNaam":"TABACCHERIA N. 273","straatNaam":"CORSO FRANCIA 39-BIS","straatNr":"","vervoerder":"DHL","puntType":"parcelShop","bezettingsgraad":50,"latitude":45.075954,"longitude":7.658508,"canPickup":true,"canDropoff":true,"openingstijden":{"ma":"07:30 - 12:30, 14:30 - 19:00","di":"gesloten","wo":"07:30 - 12:30, 14:30 - 16:20","do":"07:30 - 12:30, 14:30 - 19:00","vr":"07:30 - 12:30, 14:30 - 19:00","za":"08:30 - 12:30, 14:30 - 16:00","zo":"gesloten"}}},{"type":"Feature","geometry":{"type":"Point","coordinates":[7.636227,45.083572]},"properties":{"type":"pakketpunt","locatieNaam":"STAZIONE DI SERVIZIO ENI","straatNaam":"VIA GIOVANNI SERVAIS 32","straatNr":"","vervoerder":"DHL","puntType":"packStation","bezettingsgraad":50,"latitude":45.083572,"longitude":7.636227,"canPickup":true,"canDropoff":true,"openingstijden":{"ma":"00:01 - 23:59","di":"00:01 - 23:59","wo":"00:01 - 23:59","do":"00:01 - 23:59","vr":"00:01 - 23:59","za":"00:01 - 23:59","zo":"00:01 - 23:59"}}},{"type":"Feature","geometry":{"type":"Point","coordinates":[7.659863,45.07807]},"properties":{"type":"pakketpunt","locatieNaam":"TABACCHERIA N. 203","straatNaam":"VIA GIACINTO COLLEGNO 17","straatNr":"","vervoerder":"DHL","puntType":"parcelShop","bezettingsgraad":50,"latitude":45.07807,"longitude":7.659863,"canPickup":true,"canDropoff":true,"openingstijden":{"ma":"08:00 - 13:00, 15:30 - 19:30","di":"08:00 - 13:00, 15:30 - 19:30","wo":"08:00 - 13:00, 15:30 - 19:30","do":"08:00 - 13:00, 15:30 - 19:30","vr":"08:00 - 13:00, 15:30 - 19:30","za":"08:30 - 13:00, 15:30 - 19:00","zo":"gesloten"}}},{"type":"Feature","geometry":{"type":"Point","coordinates":[7.639109,45.07301]},"properties":{"type":"pakketpunt","locatieNaam":"J AND J MULTISERVIZI","straatNaam":"VIA RUBIANA 26-C","straatNr":"","vervoerder":"DHL","puntType":"parcelShop","bezettingsgraad":50,"latitude":45.07301,"longitude":7.639109,"canPickup":true,"canDropoff":true,"openingstijden":{"ma":"10:00 - 12:30, 14:30 - 18:00","di":"10:00 - 12:30, 14:30 - 18:00","wo":"10:00 - 12:30, 14:30 - 18:00","do":"10:00 - 12:30, 14:30 - 18:00","vr":"10:00 - 12:30, 14:30 - 18:00","za":"gesloten","zo":"gesloten"}}},{"type":"Feature","geometry":{"type":"Point","coordinates":[7.65561,45.087764]},"properties":{"type":"pakketpunt","locatieNaam":"AUTOLAVAGGIO","straatNaam":"STRADA DELLE GHIACCIAIE 9","straatNr":"","vervoerder":"DHL","puntType":"packStation","bezettingsgraad":50,"latitude":45.087764,"longitude":7.65561,"canPickup":true,"canDropoff":true,"openingstijden":{"ma":"00:01 - 23:59","di":"00:01 - 23:59","wo":"00:01 - 23:59","do":"00:01 - 23:59","vr":"00:01 - 23:59","za":"00:01 - 23:59","zo":"00:01 - 23:59"}}},{"type":"Feature","geometry":{"type":"Point","coordinates":[7.659497,45.084946]},"properties":{"type":"pakketpunt","locatieNaam":"Ufficio Postale TORINO 29","straatNaam":"CORSO REGINA MARGHERITA 264-E","straatNr":"","vervoerder":"DHL","puntType":"postOffice","bezettingsgraad":50,"latitude":45.084946,"longitude":7.659497,"canPickup":true,"canDropoff":true,"openingstijden":{"ma":"08:20 - 13:35","di":"08:20 - 13:35","wo":"08:20 - 13:35","do":"08:20 - 13:35","vr":"08:20 - 13:35","za":"08:20 - 12:35","zo":"gesloten"}}},{"type":"Feature","geometry":{"type":"Point","coordinates":[7.659999,45.084294]},"properties":{"type":"pakketpunt","locatieNaam":"TABACCHERIA N. 230","straatNaam":"CORSO REGINA MARGHERITA 231","straatNr":"","vervoerder":"DHL","puntType":"parcelShop","bezettingsgraad":50,"latitude":45.084294,"longitude":7.659999,"canPickup":true,"canDropoff":true,"openingstijden":{"ma":"07:30 - 12:30, 15:00 - 19:30","di":"07:30 - 12:30, 15:00 - 19:30","wo":"07:30 - 12:30, 15:00 - 19:30","do":"07:30 - 12:30, 15:00 - 19:30","vr":"07:30 - 12:30, 15:00 - 19:30","za":"07:30 - 12:30, 15:00 - 19:30","zo":"gesloten"}}},{"type":"Feature","geometry":{"type":"Point","coordinates":[7.646845,45.070196]},"properties":{"type":"pakketpunt","locatieNaam":"Ufficio Postale TORINO 6","straatNaam":"CORSO RACCONIGI 43","straatNr":"","vervoerder":"DHL","puntType":"postOffice","bezettingsgraad":50,"latitude":45.070196,"longitude":7.646845,"canPickup":true,"canDropoff":true,"openingstijden":{"ma":"08:20 - 19:05","di":"08:20 - 19:05","wo":"08:20 - 19:05","do":"08:20 - 19:05","vr":"08:20 - 19:05","za":"08:20 - 12:35","zo":"gesloten"}}},{"type":"Feature","geometry":{"type":"Point","coordinates":[7.662625,45.079202]},"properties":{"type":"pakketpunt","locatieNaam":"Kipoint VIA CIBRARIO","straatNaam":"VIA LUIGI CIBRARIO 32-BIS","straatNr":"","vervoerder":"DHL","puntType":"parcelShop","bezettingsgraad":50,"latitude":45.079202,"longitude":7.662625,"canPickup":true,"canDropoff":true,"openingstijden":{"ma":"09:00 - 18:30","di":"09:00 - 18:30","wo":"09:00 - 18:30","do":"09:00 - 18:30","vr":"09:00 - 18:30","za":"09:00 - 12:30","zo":"gesloten"}}},{"type":"Feature","geometry":{"type":"Point","coordinates":[7.632426,45.079942]},"properties":{"type":"pakketpunt","locatieNaam":"Ufficio Postale TORINO 46","straatNaam":"VIA VALENTINO CARRERA 47","straatNr":"","vervoerder":"DHL","puntType":"postOffice","bezettingsgraad":50,"latitude":45.079942,"longitude":7.632426,"canPickup":true,"canDropoff":true,"openingstijden":{"ma":"08:20 - 13:35","di":"08:20 - 13:35","wo":"08:20 - 13:35","do":"08:20 - 13:35","vr":"08:20 - 13:35","za":"08:20 - 12:35","zo":"gesloten"}}},{"type":"Feature","geometry":{"type":"Point","coordinates":[7.655123,45.070574]},"properties":{"type":"pakketpunt","locatieNaam":"TABACCHERIA N. 173","straatNaam":"CORSO FRANCESCO FERRUCCI 34-E","straatNr":"","vervoerder":"DHL","puntType":"parcelShop","bezettingsgraad":50,"latitude":45.070574,"longitude":7.655123,"canPickup":true,"canDropoff":true,"openingstijden":{"ma":"08:00 - 13:00, 15:00 - 19:00","di":"08:00 - 13:00, 15:00 - 19:00","wo":"08:00 - 13:00, 15:00 - 19:00","do":"08:00 - 13:00, 15:00 - 19:00","vr":"08:00 - 13:00, 15:00 - 19:00","za":"08:00 - 12:00","zo":"gesloten"}}},{"type":"Feature","geometry":{"type":"Point","coordinates":[7.63223,45.081906]},"properties":{"type":"pakketpunt","locatieNaam":"TABACCHERIA N. 355","straatNaam":"PIAZZA TOMMASO CAMPANELLA 7","straatNr":"","vervoerder":"DHL","puntType":"parcelShop","bezettingsgraad":50,"latitude":45.081906,"longitude":7.63223,"canPickup":true,"canDropoff":true,"openingstijden":{"ma":"07:00 - 13:00, 14:00 - 19:30","di":"07:00 - 13:00, 14:00 - 19:30","wo":"07:00 - 13:00, 14:00 - 19:30","do":"07:00 - 13:00, 14:00 - 19:30","vr":"07:00 - 13:00, 14:00 - 19:30","za":"07:00 - 13:00, 14:00 - 19:30","zo":"gesloten"}}},{"type":"Feature","geometry":{"type":"Point","coordinates":[7.6362,45.0724]},"properties":{"type":"pakketpunt","locatieNaam":"GIST SERVICE","straatNaam":"Via Bardonecchia 104","straatNr":"","vervoerder":"DHL","puntType":"parcelShop","bezettingsgraad":50,"latitude":45.0724,"longitude":7.6362,"canPickup":false,"canDropoff":true,"openingstijden":{"ma":"09:00 - 19:00","di":"09:00 - 19:00","wo":"09:00 - 19:00","do":"09:00 - 19:00","vr":"09:00 - 19:00","za":"09:00 - 12:30","zo":"gesloten"}}},{"type":"Feature","geometry":{"type":"Point","coordinates":[7.6536,45.0697]},"properties":{"type":"pakketpunt","locatieNaam":"TRASPORTI TRA.MA EXPRESS NEW","straatNaam":"Via Dante Di Nanni 10/d","straatNr":"","vervoerder":"DHL","puntType":"parcelShop","bezettingsgraad":50,"latitude":45.0697,"longitude":7.6536,"canPickup":false,"canDropoff":true,"openingstijden":{"ma":"08:00 - 19:00","di":"08:00 - 19:00","wo":"08:00 - 19:00","do":"08:00 - 19:00","vr":"08:00 - 19:00","za":"gesloten","zo":"gesloten"}}},{"type":"Feature","geometry":{"type":"Point","coordinates":[7.640515,45.069478]},"properties":{"type":"pakketpunt","locatieNaam":"FIXIT INFORMATICA","straatNaam":"VIA VICOFORTE 8","straatNr":"","vervoerder":"DHL","puntType":"parcelShop","bezettingsgraad":50,"latitude":45.069478,"longitude":7.640515,"canPickup":true,"canDropoff":true,"openingstijden":{"ma":"10:00 - 18:00","di":"09:30 - 12:30, 15:30 - 18:30","wo":"10:00 - 18:00","do":"09:30 - 12:30, 14:30 - 18:30","vr":"09:30 - 12:30, 14:30 - 18:30","za":"gesloten","zo":"gesloten"}}},{"type":"Feature","geometry":{"type":"Point","coordinates":[7.664512,45.081114]},"properties":{"type":"pakketpunt","locatieNaam":"TABACCHERIA N. 391","straatNaam":"VIA ANTONIO VAGNONE 25-A","straatNr":"","vervoerder":"DHL","puntType":"parcelShop","bezettingsgraad":50,"latitude":45.081114,"longitude":7.664512,"canPickup":true,"canDropoff":true,"openingstijden":{"ma":"07:00 - 12:30, 14:30 - 19:00","di":"07:00 - 12:30, 14:30 - 19:00","wo":"07:00 - 12:30, 14:30 - 19:00","do":"07:00 - 12:30, 14:30 - 19:00","vr":"07:00 - 12:30, 14:30 - 19:00","za":"07:00 - 12:30, 14:30 - 19:00","zo":"gesloten"}}},{"type":"Feature","geometry":{"type":"Point","coordinates":[7.634626,45.072291]},"properties":{"type":"pakketpunt","locatieNaam":"TABACCHERIA N. 178","straatNaam":"VIA BARDONECCHIA 116-A","straatNr":"","vervoerder":"DHL","puntType":"parcelShop","bezettingsgraad":50,"latitude":45.072291,"longitude":7.634626,"canPickup":true,"canDropoff":true,"openingstijden":{"ma":"08:30 - 12:20, 16:00 - 18:30","di":"08:30 - 12:20, 16:00 - 18:30","wo":"08:30 - 12:20, 16:00 - 18:30","do":"08:30 - 12:20, 16:00 - 18:30","vr":"08:30 - 12:20, 16:00 - 18:30","za":"09:00 - 12:20","zo":"gesloten"}}},{"type":"Feature","geometry":{"type":"Point","coordinates":[7.664666,45.083246]},"properties":{"type":"pakketpunt","locatieNaam":"TABACCHERIA N. 170","straatNaam":"CORSO REGINA MARGHERITA 234","straatNr":"","vervoerder":"DHL","puntType":"parcelShop","bezettingsgraad":50,"latitude":45.083246,"longitude":7.664666,"canPickup":true,"canDropoff":true,"openingstijden":{"ma":"07:30 - 12:30, 15:00 - 19:00","di":"07:30 - 12:30, 15:00 - 19:00","wo":"07:30 - 12:30, 15:00 - 19:00","do":"07:30 - 12:30, 15:00 - 19:00","vr":"07:30 - 12:30, 15:00 - 19:00","za":"07:30 - 12:30, 15:00 - 19:00","zo":"gesloten"}}},{"type":"Feature","geometry":{"type":"Point","coordinates":[7.632284,45.073541]},"properties":{"type":"pakketpunt","locatieNaam":"GLOBAL SHOPPING CENTER","straatNaam":"VIA SANTAMBROGIO 16-G","straatNr":"","vervoerder":"DHL","puntType":"packStation","bezettingsgraad":50,"latitude":45.073541,"longitude":7.632284,"canPickup":true,"canDropoff":true,"openingstijden":{"ma":"09:00 - 20:00","di":"09:00 - 20:00","wo":"09:00 - 20:00","do":"09:00 - 20:00","vr":"09:00 - 20:00","za":"09:00 - 20:00","zo":"gesloten"}}},{"type":"Feature","geometry":{"type":"Point","coordinates":[7.647379,45.067339]},"properties":{"type":"pakketpunt","locatieNaam":"LA CARTOLERIA WILLIAMS","straatNaam":"VIA EMANUELE LUSERNA DI RORA 15-B","straatNr":"","vervoerder":"DHL","puntType":"parcelShop","bezettingsgraad":50,"latitude":45.067339,"longitude":7.647379,"canPickup":true,"canDropoff":true,"openingstijden":{"ma":"10:00 - 13:00, 16:00 - 19:00","di":"10:00 - 13:00, 16:00 - 19:00","wo":"10:00 - 13:00, 16:00 - 19:00","do":"10:00 - 13:00, 16:00 - 19:00","vr":"10:00 - 13:00, 16:00 - 19:00","za":"10:00 - 13:00, 16:00 - 19:00","zo":"gesloten"}}},{"type":"Feature","geometry":{"type":"Point","coordinates":[7.650073,45.067282]},"properties":{"type":"pakketpunt","locatieNaam":"TABACCHERIA N. 248","straatNaam":"VIA CESANA 51-A","straatNr":"","vervoerder":"DHL","puntType":"parcelShop","bezettingsgraad":50,"latitude":45.067282,"longitude":7.650073,"canPickup":true,"canDropoff":true,"openingstijden":{"ma":"07:30 - 13:00, 15:30 - 19:00","di":"07:30 - 13:00, 15:30 - 19:00","wo":"07:30 - 13:00, 15:30 - 19:00","do":"07:30 - 13:00, 15:30 - 19:00","vr":"07:30 - 13:00, 15:30 - 19:00","za":"07:30 - 13:00, 15:30 - 19:00","zo":"gesloten"}}},{"type":"Feature","geometry":{"type":"Point","coordinates":[7.630657,45.074838]},"properties":{"type":"pakketpunt","locatieNaam":"TABACCHERIA N. 240","straatNaam":"CORSO FRANCIA 249-BIS","straatNr":"","vervoerder":"DHL","puntType":"parcelShop","bezettingsgraad":50,"latitude":45.074838,"longitude":7.630657,"canPickup":true,"canDropoff":true,"openingstijden":{"ma":"07:00 - 13:00, 14:30 - 19:30","di":"07:00 - 13:00, 14:30 - 19:30","wo":"07:00 - 13:00, 14:30 - 19:30","do":"07:00 - 13:00, 14:30 - 19:30","vr":"07:00 - 13:00, 14:30 - 19:30","za":"07:00 - 13:00, 14:30 - 19:30","zo":"gesloten"}}},{"type":"Feature","geometry":{"type":"Point","coordinates":[7.66601,45.07799]},"properties":{"type":"pakketpunt","locatieNaam":"LUCE GAS TELEFONIA","straatNaam":"VIA LUIGI CIBRARIO 16","straatNr":"","vervoerder":"DHL","puntType":"packStation","bezettingsgraad":50,"latitude":45.07799,"longitude":7.66601,"canPickup":true,"canDropoff":true,"openingstijden":{"ma":"15:00 - 19:00","di":"10:00 - 13:00, 15:00 - 18:00","wo":"10:00 - 13:00, 15:00 - 18:00","do":"10:00 - 13:00, 15:00 - 18:00","vr":"10:00 - 13:00, 15:00 - 18:00","za":"gesloten","zo":"gesloten"}}},{"type":"Feature","geometry":{"type":"Point","coordinates":[7.662931,45.072561]},"properties":{"type":"pakketpunt","locatieNaam":"Ufficio Postale TORINO 3","straatNaam":"VIA SUSA 7-BIS","straatNr":"","vervoerder":"DHL","puntType":"postOffice","bezettingsgraad":50,"latitude":45.072561,"longitude":7.662931,"canPickup":true,"canDropoff":true,"openingstijden":{"ma":"08:20 - 13:35","di":"08:20 - 13:35","wo":"08:20 - 13:35","do":"08:20 - 13:35","vr":"08:20 - 13:35","za":"08:20 - 12:35","zo":"gesloten"}}},{"type":"Feature","geometry":{"type":"Point","coordinates":[7.653017,45.092701]},"properties":{"type":"pakketpunt","locatieNaam":"TABACCHERIA N. 164","straatNaam":"VIA PIANEZZA 64","straatNr":"","vervoerder":"DHL","puntType":"parcelShop","bezettingsgraad":50,"latitude":45.092701,"longitude":7.653017,"canPickup":true,"canDropoff":true,"openingstijden":{"ma":"08:00 - 19:30","di":"08:00 - 19:30","wo":"08:00 - 19:30","do":"08:00 - 19:30","vr":"08:00 - 19:30","za":"08:00 - 19:30","zo":"gesloten"}}},{"type":"Feature","geometry":{"type":"Point","coordinates":[7.6552,45.067701]},"properties":{"type":"pakketpunt","locatieNaam":"TABACCHERIA N. 545","straatNaam":"CORSO FRANCESCO FERRUCCI 81-D","straatNr":"","vervoerder":"DHL","puntType":"parcelShop","bezettingsgraad":50,"latitude":45.067701,"longitude":7.6552,"canPickup":true,"canDropoff":true,"openingstijden":{"ma":"08:00 - 13:00, 16:00 - 19:00","di":"08:00 - 13:00, 16:00 - 19:00","wo":"08:00 - 13:00, 16:00 - 19:00","do":"08:00 - 13:00, 16:00 - 19:00","vr":"08:00 - 13:00, 16:00 - 19:00","za":"08:00 - 13:00, 16:00 - 19:00","zo":"gesloten"}}},{"type":"Feature","geometry":{"type":"Point","coordinates":[7.62981,45.074759]},"properties":{"type":"pakketpunt","locatieNaam":"AUTOTEAM - TORINO","straatNaam":"Corso Francia, 255","straatNr":"","vervoerder":"DHL","puntType":"parcelShop","bezettingsgraad":50,"latitude":45.074759,"longitude":7.62981,"canPickup":false,"canDropoff":true,"openingstijden":{"ma":"08:30 - 18:30","di":"08:30 - 18:30","wo":"08:30 - 18:30","do":"08:30 - 18:30","vr":"08:30 - 18:30","za":"08:30 - 12:30","zo":"gesloten"}}},{"type":"Feature","geometry":{"type":"Point","coordinates":[7.666784,45.082819]},"properties":{"type":"pakketpunt","locatieNaam":"TABACCHERIA N. 241","straatNaam":"VIA LIVORNO 3-A","straatNr":"","vervoerder":"DHL","puntType":"parcelShop","bezettingsgraad":50,"latitude":45.082819,"longitude":7.666784,"canPickup":true,"canDropoff":true,"openingstijden":{"ma":"07:30 - 13:00, 15:00 - 19:30","di":"07:30 - 13:00, 15:00 - 19:30","wo":"07:30 - 13:00, 15:00 - 19:30","do":"07:30 - 13:00, 15:00 - 19:30","vr":"07:30 - 13:00, 15:00 - 19:30","za":"07:30 - 13:00, 15:00 - 19:30","zo":"gesloten"}}},{"type":"Feature","geometry":{"type":"Point","coordinates":[7.628281,45.082099]},"properties":{"type":"pakketpunt","locatieNaam":"TABACCHERIA N. 519","straatNaam":"CORSO BERNARDINO TELESIO 91","straatNr":"","vervoerder":"DHL","puntType":"parcelShop","bezettingsgraad":50,"latitude":45.082099,"longitude":7.628281,"canPickup":true,"canDropoff":true,"openingstijden":{"ma":"08:00 - 12:30, 15:00 - 19:30","di":"08:00 - 12:30, 15:00 - 19:30","wo":"08:00 - 12:30, 15:00 - 19:30","do":"08:00 - 13:00, 15:00 - 19:30","vr":"08:00 - 12:30, 15:00 - 19:30","za":"08:00 - 12:30, 15:00 - 19:30","zo":"gesloten"}}},{"type":"Feature","geometry":{"type":"Point","coordinates":[7.652418,45.066544]},"properties":{"type":"pakketpunt","locatieNaam":"PARAFARMACIA OLISTICA MELOGRANO","straatNaam":"VIA VIGONE 24-E","straatNr":"","vervoerder":"DHL","puntType":"parcelShop","bezettingsgraad":50,"latitude":45.066544,"longitude":7.652418,"canPickup":true,"canDropoff":true,"openingstijden":{"ma":"08:30 - 12:45, 15:30 - 19:15","di":"08:30 - 12:45, 15:30 - 19:15","wo":"08:30 - 12:45, 15:30 - 19:15","do":"08:30 - 12:45, 15:30 - 19:15","vr":"08:30 - 12:45, 15:30 - 19:15","za":"08:30 - 12:45, 15:30 - 19:15","zo":"gesloten"}}},{"type":"Feature","geometry":{"type":"Point","coordinates":[7.620496,45.062284]},"properties":{"type":"pakketpunt","locatieNaam":"LA PENNA ALATA","straatNaam":"VIA BIONAZ 31-A","straatNr":"","vervoerder":"DHL","puntType":"parcelShop","bezettingsgraad":50,"latitude":45.062284,"longitude":7.620496,"canPickup":true,"canDropoff":true,"openingstijden":{"ma":"08:30 - 12:30, 16:00 - 18:30","di":"08:30 - 12:30, 16:00 - 18:30","wo":"08:30 - 12:30, 16:00 - 18:30","do":"08:30 - 12:30, 16:00 - 18:30","vr":"08:30 - 12:30, 16:00 - 18:30","za":"08:30 - 12:30","zo":"gesloten"}}},{"type":"Feature","geometry":{"type":"Point","coordinates":[7.623309,45.06332]},"properties":{"type":"pakketpunt","locatieNaam":"Ufficio Postale TORINO 52","straatNaam":"VIA VILLA GIUSTI 7-B","straatNr":"","vervoerder":"DHL","puntType":"postOffice","bezettingsgraad":50,"latitude":45.06332,"longitude":7.623309,"canPickup":true,"canDropoff":true,"openingstijden":{"ma":"08:20 - 13:35","di":"08:20 - 13:35","wo":"08:20 - 13:35","do":"08:20 - 13:35","vr":"08:20 - 13:35","za":"08:20 - 12:35","zo":"gesloten"}}},{"type":"Feature","geometry":{"type":"Point","coordinates":[7.63016,45.054223]},"properties":{"type":"pakketpunt","locatieNaam":"TABACCHERIA N. 472","straatNaam":"VIA ARBE 28","straatNr":"","vervoerder":"DHL","puntType":"parcelShop","bezettingsgraad":50,"latitude":45.054223,"longitude":7.63016,"canPickup":true,"canDropoff":true,"openingstijden":{"ma":"06:10 - 19:00","di":"06:10 - 19:00","wo":"06:00 - 19:00","do":"06:00 - 19:00","vr":"06:00 - 19:00","za":"07:00 - 19:00","zo":"08:00 - 13:02"}}},{"type":"Feature","geometry":{"type":"Point","coordinates":[7.630267,45.054015]},"properties":{"type":"pakketpunt","locatieNaam":"Ufficio Postale TORINO 65","straatNaam":"VIA MONFALCONE 180","straatNr":"","vervoerder":"DHL","puntType":"postOffice","bezettingsgraad":50,"latitude":45.054015,"longitude":7.630267,"canPickup":true,"canDropoff":true,"openingstijden":{"ma":"08:20 - 13:35","di":"08:20 - 13:35","wo":"08:20 - 13:35","do":"08:20 - 13:35","vr":"08:20 - 13:35","za":"08:20 - 12:35","zo":"gesloten"}}},{"type":"Feature","geometry":{"type":"Point","coordinates":[7.622769,45.064518]},"properties":{"type":"pakketpunt","locatieNaam":"TABACCHERIA N. 337","straatNaam":"VIA MONGINEVRO 220-B","straatNr":"","vervoerder":"DHL","puntType":"parcelShop","bezettingsgraad":50,"latitude":45.064518,"longitude":7.622769,"canPickup":true,"canDropoff":true,"openingstijden":{"ma":"08:00 - 12:30, 15:45 - 19:15","di":"08:00 - 12:30, 15:45 - 19:15","wo":"08:00 - 12:30, 15:45 - 19:15","do":"08:00 - 12:30, 15:45 - 19:15","vr":"08:00 - 12:30, 15:45 - 19:15","za":"08:00 - 12:30, 15:45 - 19:15","zo":"gesloten"}}},{"type":"Feature","geometry":{"type":"Point","coordinates":[7.634902,45.052356]},"properties":{"type":"pakketpunt","locatieNaam":"CONCESSIONARIO CAR 4 WORLD","straatNaam":"CORSO SIRACUSA 33-D","straatNr":"","vervoerder":"DHL","puntType":"packStation","bezettingsgraad":50,"latitude":45.052356,"longitude":7.634902,"canPickup":true,"canDropoff":true,"openingstijden":{"ma":"09:00 - 12:30, 14:30 - 19:00","di":"09:00 - 12:30, 14:30 - 19:00","wo":"09:00 - 12:30, 14:30 - 19:00","do":"09:00 - 12:30, 14:30 - 19:00","vr":"09:00 - 12:30, 14:30 - 19:00","za":"09:00 - 12:30, 14:30 - 19:00","zo":"gesloten"}}},{"type":"Feature","geometry":{"type":"Point","coordinates":[7.63072,45.0183]},"properties":{"type":"pakketpunt","locatieNaam":"TABACCHERIA N. 233","straatNaam":"CORSO UNIONE SOVIETICA 505-C","straatNr":"","vervoerder":"DHL","puntType":"parcelShop","bezettingsgraad":50,"latitude":45.0183,"longitude":7.63072,"canPickup":true,"canDropoff":true,"openingstijden":{"ma":"07:30 - 13:00, 15:30 - 19:30","di":"07:30 - 13:00, 15:30 - 19:30","wo":"07:30 - 13:00, 15:30 - 19:30","do":"07:30 - 13:00, 15:30 - 19:30","vr":"07:30 - 13:00, 15:30 - 19:30","za":"07:30 - 13:00, 15:30 - 19:30","zo":"gesloten"}}},{"type":"Feature","geometry":{"type":"Point","coordinates":[7.672134,45.047804]},"properties":{"type":"pakketpunt","locatieNaam":"SVAPODANTE","straatNaam":"CORSO DANTE 47","straatNr":"","vervoerder":"DHL","puntType":"packStation","bezettingsgraad":50,"latitude":45.047804,"longitude":7.672134,"canPickup":true,"canDropoff":true,"openingstijden":{"ma":"09:00 - 19:30","di":"09:00 - 19:30","wo":"09:00 - 19:30","do":"09:00 - 19:30","vr":"09:00 - 19:30","za":"09:00 - 13:00, 14:00 - 19:30","zo":"gesloten"}}},{"type":"Feature","geometry":{"type":"Point","coordinates":[7.672181,45.047832]},"properties":{"type":"pakketpunt","locatieNaam":"SVAPODANTE","straatNaam":"Corso Dante 47/50","straatNr":"","vervoerder":"DHL","puntType":"parcelShop","bezettingsgraad":50,"latitude":45.047832,"longitude":7.672181,"canPickup":false,"canDropoff":true,"openingstijden":{"ma":"09:00 - 19:30","di":"09:00 - 19:30","wo":"09:00 - 19:30","do":"09:00 - 19:30","vr":"09:00 - 19:30","za":"09:00 - 19:30","zo":"gesloten"}}},{"type":"Feature","geometry":{"type":"Point","coordinates":[7.675053,45.052201]},"properties":{"type":"pakketpunt","locatieNaam":"TABACCHERIA N. 94","straatNaam":"VIA NIZZA 71-H","straatNr":"","vervoerder":"DHL","puntType":"parcelShop","bezettingsgraad":50,"latitude":45.052201,"longitude":7.675053,"canPickup":true,"canDropoff":true,"openingstijden":{"ma":"07:30 - 13:00, 15:00 - 19:30","di":"gesloten","wo":"07:30 - 13:00, 15:00 - 19:30","do":"07:30 - 13:00, 15:00 - 19:30","vr":"07:30 - 13:00, 15:00 - 19:30","za":"07:30 - 13:00, 15:00 - 19:30","zo":"gesloten"}}},{"type":"Feature","geometry":{"type":"Point","coordinates":[7.667744,45.056202]},"properties":{"type":"pakketpunt","locatieNaam":"TABACCHERIA N. 270","straatNaam":"CORSO RE UMBERTO 72","straatNr":"","vervoerder":"DHL","puntType":"parcelShop","bezettingsgraad":50,"latitude":45.056202,"longitude":7.667744,"canPickup":true,"canDropoff":true,"openingstijden":{"ma":"08:00 - 13:00, 14:30 - 19:15","di":"08:00 - 13:00, 14:30 - 19:15","wo":"08:00 - 13:00, 14:30 - 19:15","do":"08:00 - 13:00, 14:30 - 19:15","vr":"08:00 - 13:00, 14:30 - 19:15","za":"08:00 - 13:00, 16:00 - 19:00","zo":"gesloten"}}},{"type":"Feature","geometry":{"type":"Point","coordinates":[7.669974,45.056113]},"properties":{"type":"pakketpunt","locatieNaam":"TABACCHERIA n. 125","straatNaam":"CORSO GERMANO SOMMEILLER 29-C","straatNr":"","vervoerder":"DHL","puntType":"parcelShop","bezettingsgraad":50,"latitude":45.056113,"longitude":7.669974,"canPickup":true,"canDropoff":true,"openingstijden":{"ma":"07:30 - 13:15, 15:30 - 19:20","di":"07:30 - 13:15, 15:30 - 19:20","wo":"07:30 - 13:15, 15:30 - 19:20","do":"07:30 - 13:15, 15:30 - 19:20","vr":"07:30 - 13:15, 15:30 - 19:20","za":"07:30 - 13:00, 16:00 - 19:00","zo":"gesloten"}}},{"type":"Feature","geometry":{"type":"Point","coordinates":[7.671055,45.056029]},"properties":{"type":"pakketpunt","locatieNaam":"INCARTUCCIA","straatNaam":"Via San Secondo, 55a","straatNr":"","vervoerder":"DHL","puntType":"parcelShop","bezettingsgraad":50,"latitude":45.056029,"longitude":7.671055,"canPickup":false,"canDropoff":true,"openingstijden":{"ma":"15:30 - 19:30","di":"10:00 - 19:30","wo":"10:00 - 19:30","do":"10:00 - 19:30","vr":"10:00 - 19:30","za":"09:30 - 12:30","zo":"gesloten"}}},{"type":"Feature","geometry":{"type":"Point","coordinates":[7.671043,45.056077]},"properties":{"type":"pakketpunt","locatieNaam":"INCARTUCCIA","straatNaam":"VIA SAN SECONDO 55-A","straatNr":"","vervoerder":"DHL","puntType":"parcelShop","bezettingsgraad":50,"latitude":45.056077,"longitude":7.671043,"canPickup":true,"canDropoff":true,"openingstijden":{"ma":"15:30 - 19:30","di":"10:00 - 19:30","wo":"10:00 - 19:30","do":"10:00 - 19:30","vr":"10:00 - 14:00, 16:00 - 19:30","za":"09:30 - 12:30","zo":"gesloten"}}},{"type":"Feature","geometry":{"type":"Point","coordinates":[7.672026,45.057395]},"properties":{"type":"pakketpunt","locatieNaam":"Ufficio Postale TORINO 25","straatNaam":"VIA SAN SECONDO 41-E","straatNr":"","vervoerder":"DHL","puntType":"postOffice","bezettingsgraad":50,"latitude":45.057395,"longitude":7.672026,"canPickup":true,"canDropoff":true,"openingstijden":{"ma":"08:20 - 13:35","di":"08:20 - 13:35","wo":"08:20 - 13:35","do":"08:20 - 13:35","vr":"08:20 - 13:35","za":"08:20 - 12:35","zo":"gesloten"}}},{"type":"Feature","geometry":{"type":"Point","coordinates":[7.664604,45.057895]},"properties":{"type":"pakketpunt","locatieNaam":"ALAFIN CONSULENZA","straatNaam":"VIA MARCO POLO 3","straatNr":"","vervoerder":"DHL","puntType":"parcelShop","bezettingsgraad":50,"latitude":45.057895,"longitude":7.664604,"canPickup":true,"canDropoff":true,"openingstijden":{"ma":"09:00 - 18:00","di":"09:00 - 18:00","wo":"09:00 - 18:00","do":"09:00 - 18:00","vr":"09:00 - 17:00","za":"gesloten","zo":"gesloten"}}},{"type":"Feature","geometry":{"type":"Point","coordinates":[7.671485,45.043734]},"properties":{"type":"pakketpunt","locatieNaam":"TABACCHERIA N. 267","straatNaam":"VIA NIZZA 108-A","straatNr":"","vervoerder":"DHL","puntType":"parcelShop","bezettingsgraad":50,"latitude":45.043734,"longitude":7.671485,"canPickup":true,"canDropoff":true,"openingstijden":{"ma":"08:30 - 13:00, 15:30 - 19:30","di":"08:30 - 13:00, 15:30 - 19:30","wo":"08:30 - 13:00, 15:30 - 19:30","do":"08:30 - 13:00, 15:30 - 19:30","vr":"08:30 - 13:00, 15:30 - 19:30","za":"08:30 - 13:00, 15:30 - 19:30","zo":"gesloten"}}},{"type":"Feature","geometry":{"type":"Point","coordinates":[7.670386,45.043109]},"properties":{"type":"pakketpunt","locatieNaam":"Ufficio Postale TORINO 5","straatNaam":"CORSO BRAMANTE 57-A","straatNr":"","vervoerder":"DHL","puntType":"postOffice","bezettingsgraad":50,"latitude":45.043109,"longitude":7.670386,"canPickup":true,"canDropoff":true,"openingstijden":{"ma":"08:20 - 13:35","di":"08:20 - 13:35","wo":"08:20 - 13:35","do":"08:20 - 13:35","vr":"08:20 - 13:35","za":"08:20 - 12:35","zo":"gesloten"}}},{"type":"Feature","geometry":{"type":"Point","coordinates":[7.656791,45.052776]},"properties":{"type":"pakketpunt","locatieNaam":"TABACCHERIA N. 328","straatNaam":"CORSO CARLO E NELLO ROSSELLI 87","straatNr":"","vervoerder":"DHL","puntType":"parcelShop","bezettingsgraad":50,"latitude":45.052776,"longitude":7.656791,"canPickup":true,"canDropoff":true,"openingstijden":{"ma":"07:30 - 19:30","di":"07:30 - 19:30","wo":"07:30 - 19:30","do":"07:30 - 19:30","vr":"07:30 - 19:30","za":"07:30 - 19:30","zo":"gesloten"}}},{"type":"Feature","geometry":{"type":"Point","coordinates":[7.656726,45.053276]},"properties":{"type":"pakketpunt","locatieNaam":"ECO STORE CROCETTA","straatNaam":"CORSO ALCIDE DE GASPERI 73","straatNr":"","vervoerder":"DHL","puntType":"packStation","bezettingsgraad":50,"latitude":45.053276,"longitude":7.656726,"canPickup":true,"canDropoff":true,"openingstijden":{"ma":"07:00 - 19:00","di":"07:00 - 19:00","wo":"07:00 - 19:00","do":"07:00 - 19:00","vr":"07:00 - 19:00","za":"07:00 - 19:00","zo":"gesloten"}}},{"type":"Feature","geometry":{"type":"Point","coordinates":[7.658097,45.056333]},"properties":{"type":"pakketpunt","locatieNaam":"TABACCHERIA N. 321","straatNaam":"CORSO DUCA DEGLI ABRUZZI 70","straatNr":"","vervoerder":"DHL","puntType":"parcelShop","bezettingsgraad":50,"latitude":45.056333,"longitude":7.658097,"canPickup":true,"canDropoff":true,"openingstijden":{"ma":"08:00 - 13:00, 15:30 - 19:30","di":"08:00 - 13:00, 15:30 - 19:30","wo":"08:00 - 13:00, 15:30 - 19:30","do":"08:00 - 13:00, 15:30 - 19:30","vr":"08:00 - 13:00, 15:30 - 19:30","za":"08:30 - 13:00, 15:30 - 19:30","zo":"gesloten"}}},{"type":"Feature","geometry":{"type":"Point","coordinates":[7.677585,45.058202]},"properties":{"type":"pakketpunt","locatieNaam":"TABACCHERIA N. 38","straatNaam":"VIA NIZZA 29-H","straatNr":"","vervoerder":"DHL","puntType":"parcelShop","bezettingsgraad":50,"latitude":45.058202,"longitude":7.677585,"canPickup":true,"canDropoff":true,"openingstijden":{"ma":"07:30 - 12:30, 15:00 - 19:00","di":"07:30 - 12:30, 15:00 - 19:00","wo":"07:30 - 12:30, 15:00 - 19:00","do":"07:30 - 12:30, 15:00 - 19:00","vr":"07:30 - 12:30, 15:00 - 19:00","za":"08:00 - 12:30, 15:00 - 19:00","zo":"gesloten"}}},{"type":"Feature","geometry":{"type":"Point","coordinates":[7.653325,45.052227]},"properties":{"type":"pakketpunt","locatieNaam":"REGGIA DEI SERVIZI - TORINO","straatNaam":"CORSO ADRIATICO 8-C","straatNr":"","vervoerder":"DHL","puntType":"parcelShop","bezettingsgraad":50,"latitude":45.052227,"longitude":7.653325,"canPickup":true,"canDropoff":true,"openingstijden":{"ma":"08:30 - 12:30, 15:30 - 18:30","di":"08:30 - 12:30, 15:30 - 18:30","wo":"08:30 - 12:30, 15:30 - 18:30","do":"08:30 - 12:30, 15:30 - 18:30","vr":"08:30 - 12:30, 15:30 - 18:30","za":"09:00 - 13:00","zo":"gesloten"}}},{"type":"Feature","geometry":{"type":"Point","coordinates":[7.652787,45.052345]},"properties":{"type":"pakketpunt","locatieNaam":"LA CROCETTA","straatNaam":"Corso Adriatico, 14 A","straatNr":"","vervoerder":"DHL","puntType":"parcelShop","bezettingsgraad":50,"latitude":45.052345,"longitude":7.652787,"canPickup":false,"canDropoff":true,"openingstijden":{"ma":"09:00 - 19:00","di":"09:00 - 19:00","wo":"09:00 - 19:00","do":"09:00 - 19:00","vr":"09:00 - 19:00","za":"gesloten","zo":"gesloten"}}},{"type":"Feature","geometry":{"type":"Point","coordinates":[7.653048,45.053917]},"properties":{"type":"pakketpunt","locatieNaam":"CARREFOUR ROSSELLI","straatNaam":"CORSO CARLO E NELLO ROSSELLI 110","straatNr":"","vervoerder":"DHL","puntType":"parcelShop","bezettingsgraad":50,"latitude":45.053917,"longitude":7.653048,"canPickup":true,"canDropoff":true,"openingstijden":{"ma":"08:00 - 20:00","di":"08:00 - 20:00","wo":"08:00 - 20:00","do":"08:00 - 20:00","vr":"08:00 - 20:00","za":"08:00 - 20:00","zo":"gesloten"}}},{"type":"Feature","geometry":{"type":"Point","coordinates":[7.659723,45.060462]},"properties":{"type":"pakketpunt","locatieNaam":"TABACCHERIA N. 400","straatNaam":"CORSO LUIGI EINAUDI 53","straatNr":"","vervoerder":"DHL","puntType":"parcelShop","bezettingsgraad":50,"latitude":45.060462,"longitude":7.659723,"canPickup":true,"canDropoff":true,"openingstijden":{"ma":"08:00 - 19:00","di":"08:00 - 19:00","wo":"08:00 - 19:00","do":"08:00 - 19:00","vr":"08:00 - 19:00","za":"08:00 - 13:00","zo":"gesloten"}}},{"type":"Feature","geometry":{"type":"Point","coordinates":[7.6595,45.06058]},"properties":{"type":"pakketpunt","locatieNaam":"PC MARKET","straatNaam":"Corso Einaudi 55d","straatNr":"","vervoerder":"DHL","puntType":"parcelShop","bezettingsgraad":50,"latitude":45.06058,"longitude":7.6595,"canPickup":false,"canDropoff":true,"openingstijden":{"ma":"09:30 - 19:30","di":"09:30 - 19:30","wo":"09:30 - 19:30","do":"09:30 - 19:30","vr":"09:30 - 19:30","za":"09:30 - 13:00","zo":"gesloten"}}},{"type":"Feature","geometry":{"type":"Point","coordinates":[7.661283,45.061909]},"properties":{"type":"pakketpunt","locatieNaam":"Ufficio Postale TORINO 27","straatNaam":"VIA ENRICO DOVIDIO 8","straatNr":"","vervoerder":"DHL","puntType":"postOffice","bezettingsgraad":50,"latitude":45.061909,"longitude":7.661283,"canPickup":true,"canDropoff":true,"openingstijden":{"ma":"08:20 - 13:35","di":"08:20 - 13:35","wo":"08:20 - 13:35","do":"08:20 - 13:35","vr":"08:20 - 13:35","za":"08:20 - 12:35","zo":"gesloten"}}},{"type":"Feature","geometry":{"type":"Point","coordinates":[7.650609,45.051868]},"properties":{"type":"pakketpunt","locatieNaam":"TRILLI EXPRESS","straatNaam":"LARGO TIRRENO 121-C","straatNr":"","vervoerder":"DHL","puntType":"parcelShop","bezettingsgraad":50,"latitude":45.051868,"longitude":7.650609,"canPickup":true,"canDropoff":true,"openingstijden":{"ma":"08:30 - 12:30, 15:00 - 19:00","di":"08:30 - 12:30, 15:00 - 19:00","wo":"08:30 - 12:30, 15:00 - 19:00","do":"08:30 - 12:30, 15:00 - 19:00","vr":"08:30 - 12:30, 15:00 - 19:00","za":"08:30 - 12:30","zo":"gesloten"}}},{"type":"Feature","geometry":{"type":"Point","coordinates":[7.650781,45.054145]},"properties":{"type":"pakketpunt","locatieNaam":"PANETTERIA PASTICCERIA RIGA","straatNaam":"CORSO CARLO E NELLO ROSSELLI 125-E","straatNr":"","vervoerder":"DHL","puntType":"parcelShop","bezettingsgraad":50,"latitude":45.054145,"longitude":7.650781,"canPickup":true,"canDropoff":true,"openingstijden":{"ma":"07:00 - 13:30, 16:00 - 19:30","di":"07:00 - 13:30, 16:00 - 19:30","wo":"07:00 - 13:30, 16:00 - 19:30","do":"07:00 - 13:30, 16:00 - 19:30","vr":"07:00 - 13:30, 16:00 - 19:30","za":"07:00 - 13:30, 16:00 - 19:30","zo":"gesloten"}}},{"type":"Feature","geometry":{"type":"Point","coordinates":[7.676011,45.062698]},"properties":{"type":"pakketpunt","locatieNaam":"E-PINOY SERVICES","straatNaam":"Magenta, 5 B","straatNr":"","vervoerder":"DHL","puntType":"parcelShop","bezettingsgraad":50,"latitude":45.062698,"longitude":7.676011,"canPickup":false,"canDropoff":true,"openingstijden":{"ma":"10:00 - 19:00","di":"10:00 - 19:00","wo":"10:00 - 19:00","do":"10:00 - 19:00","vr":"10:00 - 19:00","za":"10:00 - 19:00","zo":"gesloten"}}},{"type":"Feature","geometry":{"type":"Point","coordinates":[7.650707,45.055907]},"properties":{"type":"pakketpunt","locatieNaam":"Ufficio Postale TORINO 73","straatNaam":"VIA BAGNASCO 7-C","straatNr":"","vervoerder":"DHL","puntType":"postOffice","bezettingsgraad":50,"latitude":45.055907,"longitude":7.650707,"canPickup":true,"canDropoff":true,"openingstijden":{"ma":"08:20 - 13:35","di":"08:20 - 13:35","wo":"08:20 - 13:35","do":"08:20 - 13:35","vr":"08:20 - 13:35","za":"08:20 - 12:35","zo":"gesloten"}}},{"type":"Feature","geometry":{"type":"Point","coordinates":[7.68053,45.06117]},"properties":{"type":"pakketpunt","locatieNaam":"TABACCHERIA N. 71","straatNaam":"VIA SAN PIO V 2-H","straatNr":"","vervoerder":"DHL","puntType":"parcelShop","bezettingsgraad":50,"latitude":45.06117,"longitude":7.68053,"canPickup":true,"canDropoff":true,"openingstijden":{"ma":"08:00 - 13:00, 15:00 - 19:00","di":"08:00 - 13:00, 15:00 - 19:00","wo":"08:00 - 13:00, 15:00 - 19:00","do":"08:00 - 13:00, 15:00 - 19:00","vr":"08:00 - 13:00, 15:00 - 19:00","za":"08:00 - 13:00, 15:00 - 19:00","zo":"gesloten"}}},{"type":"Feature","geometry":{"type":"Point","coordinates":[7.67746,45.06302]},"properties":{"type":"pakketpunt","locatieNaam":"Ufficio Postale TORINO PORTA NUOVA","straatNaam":"VIA PAOLO SACCHI 2","straatNr":"","vervoerder":"DHL","puntType":"postOffice","bezettingsgraad":50,"latitude":45.06302,"longitude":7.67746,"canPickup":true,"canDropoff":true,"openingstijden":{"ma":"08:20 - 19:05","di":"08:20 - 19:05","wo":"08:20 - 19:05","do":"08:20 - 19:05","vr":"08:20 - 19:05","za":"08:20 - 12:35","zo":"gesloten"}}},{"type":"Feature","geometry":{"type":"Point","coordinates":[7.648934,45.055395]},"properties":{"type":"pakketpunt","locatieNaam":"TABACCHERIA N. 353","straatNaam":"CORSO RACCONIGI 225-A","straatNr":"","vervoerder":"DHL","puntType":"parcelShop","bezettingsgraad":50,"latitude":45.055395,"longitude":7.648934,"canPickup":true,"canDropoff":true,"openingstijden":{"ma":"07:00 - 12:30, 14:30 - 19:30","di":"07:00 - 12:30, 14:30 - 19:30","wo":"07:00 - 12:30, 14:30 - 19:30","do":"07:00 - 12:30, 14:30 - 19:30","vr":"07:00 - 12:30, 14:30 - 19:30","za":"07:00 - 12:30, 14:30 - 19:30","zo":"gesloten"}}},{"type":"Feature","geometry":{"type":"Point","coordinates":[7.66875,45.0362]},"properties":{"type":"pakketpunt","locatieNaam":"EDICOLA CARTOLERIA RONCO","straatNaam":"Via Nizza 231/d","straatNr":"","vervoerder":"DHL","puntType":"parcelShop","bezettingsgraad":50,"latitude":45.0362,"longitude":7.66875,"canPickup":false,"canDropoff":true,"openingstijden":{"ma":"07:30 - 19:00","di":"07:30 - 19:00","wo":"07:30 - 19:00","do":"07:30 - 19:00","vr":"07:30 - 19:00","za":"07:30 - 19:00","zo":"gesloten"}}},{"type":"Feature","geometry":{"type":"Point","coordinates":[7.668743,45.035881]},"properties":{"type":"pakketpunt","locatieNaam":"L'EDICOLA SOUVENIR CANCELLERIA","straatNaam":"VIA NIZZA 231-D","straatNr":"","vervoerder":"DHL","puntType":"parcelShop","bezettingsgraad":50,"latitude":45.035881,"longitude":7.668743,"canPickup":true,"canDropoff":true,"openingstijden":{"ma":"07:30 - 13:00, 16:00 - 19:00","di":"07:00 - 13:00, 16:00 - 19:00","wo":"07:00 - 13:00, 16:00 - 19:00","do":"07:00 - 13:00, 16:00 - 19:00","vr":"07:00 - 13:00, 16:00 - 19:00","za":"07:00 - 13:00","zo":"08:00 - 12:30"}}},{"type":"Feature","geometry":{"type":"Point","coordinates":[7.636786,45.049976]},"properties":{"type":"pakketpunt","locatieNaam":"TABACCHERIA N. 489","straatNaam":"VIA BARLETTA 123-A","straatNr":"","vervoerder":"DHL","puntType":"parcelShop","bezettingsgraad":50,"latitude":45.049976,"longitude":7.636786,"canPickup":true,"canDropoff":true,"openingstijden":{"ma":"07:30 - 13:00, 15:00 - 19:30","di":"07:30 - 13:00, 15:00 - 19:30","wo":"07:30 - 13:00, 15:00 - 19:30","do":"07:30 - 13:00, 15:00 - 19:30","vr":"07:30 - 13:00, 15:00 - 19:30","za":"07:30 - 13:00, 15:00 - 19:30","zo":"gesloten"}}},{"type":"Feature","geometry":{"type":"Point","coordinates":[7.638331,45.049295]},"properties":{"type":"pakketpunt","locatieNaam":"Ufficio Postale TORINO 77","straatNaam":"VIA BARLETTA 105","straatNr":"","vervoerder":"DHL","puntType":"postOffice","bezettingsgraad":50,"latitude":45.049295,"longitude":7.638331,"canPickup":true,"canDropoff":true,"openingstijden":{"ma":"08:20 - 13:35","di":"08:20 - 13:35","wo":"08:20 - 13:35","do":"08:20 - 13:35","vr":"08:20 - 13:35","za":"08:20 - 12:35","zo":"gesloten"}}},{"type":"Feature","geometry":{"type":"Point","coordinates":[7.640162,45.057109]},"properties":{"type":"pakketpunt","locatieNaam":"QUBOTICKET","straatNaam":"CORSO CARLO E NELLO ROSSELLI 206-A","straatNr":"","vervoerder":"DHL","puntType":"parcelShop","bezettingsgraad":50,"latitude":45.057109,"longitude":7.640162,"canPickup":true,"canDropoff":true,"openingstijden":{"ma":"08:30 - 13:00, 15:00 - 19:00","di":"08:30 - 13:00, 15:00 - 19:00","wo":"08:30 - 13:00, 15:00 - 19:00","do":"08:30 - 13:00, 15:00 - 19:00","vr":"08:30 - 13:00, 15:00 - 19:00","za":"09:30 - 12:30","zo":"gesloten"}}},{"type":"Feature","geometry":{"type":"Point","coordinates":[7.64054,45.05685]},"properties":{"type":"pakketpunt","locatieNaam":"QUBOTICKET SNC","straatNaam":"Corso Carlo E Nello Rosselli 206/a","straatNr":"","vervoerder":"DHL","puntType":"parcelShop","bezettingsgraad":50,"latitude":45.05685,"longitude":7.64054,"canPickup":false,"canDropoff":true,"openingstijden":{"ma":"08:30 - 19:00","di":"08:30 - 19:00","wo":"08:30 - 19:00","do":"08:30 - 19:00","vr":"08:30 - 19:00","za":"09:30 - 12:30","zo":"gesloten"}}},{"type":"Feature","geometry":{"type":"Point","coordinates":[7.639969,45.059749]},"properties":{"type":"pakketpunt","locatieNaam":"TABACCHERIA N. 537","straatNaam":"VIA ISSIGLIO 111-6","straatNr":"","vervoerder":"DHL","puntType":"parcelShop","bezettingsgraad":50,"latitude":45.059749,"longitude":7.639969,"canPickup":true,"canDropoff":true,"openingstijden":{"ma":"07:30 - 19:30","di":"07:30 - 19:30","wo":"07:30 - 19:30","do":"07:30 - 19:30","vr":"07:30 - 19:30","za":"07:30 - 19:30","zo":"gesloten"}}},{"type":"Feature","geometry":{"type":"Point","coordinates":[7.631849,45.064523]},"properties":{"type":"pakketpunt","locatieNaam":"TABACCHERIA N. 510","straatNaam":"VIA MONGINEVRO 156-B","straatNr":"","vervoerder":"DHL","puntType":"parcelShop","bezettingsgraad":50,"latitude":45.064523,"longitude":7.631849,"canPickup":true,"canDropoff":true,"openingstijden":{"ma":"07:15 - 19:30","di":"07:15 - 19:30","wo":"07:15 - 19:30","do":"07:15 - 19:30","vr":"07:15 - 19:30","za":"07:15 - 19:30","zo":"gesloten"}}},{"type":"Feature","geometry":{"type":"Point","coordinates":[7.632008,45.064521]},"properties":{"type":"pakketpunt","locatieNaam":"TABACCHI LOTTO LEXANE","straatNaam":"Via Monginevro, 156/b","straatNr":"","vervoerder":"DHL","puntType":"parcelShop","bezettingsgraad":50,"latitude":45.064521,"longitude":7.632008,"canPickup":false,"canDropoff":true,"openingstijden":{"ma":"07:30 - 19:30","di":"07:30 - 19:30","wo":"07:30 - 19:30","do":"07:30 - 19:30","vr":"07:30 - 19:30","za":"07:30 - 19:30","zo":"gesloten"}}},{"type":"Feature","geometry":{"type":"Point","coordinates":[7.63907,45.0617]},"properties":{"type":"pakketpunt","locatieNaam":"TABACCHERIA N. 463","straatNaam":"LARGO VINCENZO LANCIA 52-D","straatNr":"","vervoerder":"DHL","puntType":"parcelShop","bezettingsgraad":50,"latitude":45.0617,"longitude":7.63907,"canPickup":true,"canDropoff":true,"openingstijden":{"ma":"08:30 - 18:00","di":"08:30 - 18:00","wo":"08:30 - 18:00","do":"08:30 - 18:00","vr":"08:30 - 18:00","za":"08:30 - 18:00","zo":"gesloten"}}},{"type":"Feature","geometry":{"type":"Point","coordinates":[7.636447,45.065047]},"properties":{"type":"pakketpunt","locatieNaam":"TABACCHERIA N. 363","straatNaam":"CORSO TRAPANI 146","straatNr":"","vervoerder":"DHL","puntType":"parcelShop","bezettingsgraad":50,"latitude":45.065047,"longitude":7.636447,"canPickup":true,"canDropoff":true,"openingstijden":{"ma":"07:00 - 13:00, 15:00 - 19:30","di":"07:00 - 13:00, 15:00 - 19:30","wo":"07:00 - 13:00, 15:00 - 19:30","do":"07:00 - 13:00, 15:00 - 19:30","vr":"07:00 - 13:00, 15:00 - 19:30","za":"07:00 - 13:00, 15:00 - 19:30","zo":"gesloten"}}},{"type":"Feature","geometry":{"type":"Point","coordinates":[7.638601,45.064502]},"properties":{"type":"pakketpunt","locatieNaam":"TABACCHERIA N. 261","straatNaam":"VIA MONGINEVRO 115","straatNr":"","vervoerder":"DHL","puntType":"parcelShop","bezettingsgraad":50,"latitude":45.064502,"longitude":7.638601,"canPickup":true,"canDropoff":true,"openingstijden":{"ma":"07:00 - 20:00","di":"07:00 - 20:00","wo":"07:00 - 20:00","do":"07:00 - 20:00","vr":"07:00 - 20:00","za":"07:00 - 20:00","zo":"07:00 - 20:00"}}},{"type":"Feature","geometry":{"type":"Point","coordinates":[7.642903,45.062626]},"properties":{"type":"pakketpunt","locatieNaam":"TABACCHERIA N. 522","straatNaam":"VIA POLLENZO 58-B","straatNr":"","vervoerder":"DHL","puntType":"parcelShop","bezettingsgraad":50,"latitude":45.062626,"longitude":7.642903,"canPickup":true,"canDropoff":true,"openingstijden":{"ma":"07:30 - 12:30, 15:30 - 19:30","di":"07:30 - 12:30, 15:30 - 19:30","wo":"07:30 - 12:30, 15:30 - 19:30","do":"07:30 - 12:30, 15:30 - 19:30","vr":"07:30 - 12:30, 15:30 - 19:30","za":"07:30 - 12:30, 15:30 - 19:30","zo":"gesloten"}}},{"type":"Feature","geometry":{"type":"Point","coordinates":[7.640058,45.06465]},"properties":{"type":"pakketpunt","locatieNaam":"Ufficio Postale TORINO 67","straatNaam":"VIA ISSIGLIO 32-D","straatNr":"","vervoerder":"DHL","puntType":"postOffice","bezettingsgraad":50,"latitude":45.06465,"longitude":7.640058,"canPickup":true,"canDropoff":true,"openingstijden":{"ma":"08:20 - 13:35","di":"08:20 - 13:35","wo":"08:20 - 13:35","do":"08:20 - 13:35","vr":"08:20 - 13:35","za":"08:20 - 12:35","zo":"gesloten"}}},{"type":"Feature","geometry":{"type":"Point","coordinates":[7.646015,45.059898]},"properties":{"type":"pakketpunt","locatieNaam":"TABACCHERIA N. 282","straatNaam":"CORSO RACCONIGI 157-D","straatNr":"","vervoerder":"DHL","puntType":"parcelShop","bezettingsgraad":50,"latitude":45.059898,"longitude":7.646015,"canPickup":true,"canDropoff":true,"openingstijden":{"ma":"08:30 - 20:00","di":"08:30 - 20:00","wo":"08:30 - 20:00","do":"08:30 - 20:00","vr":"08:30 - 20:00","za":"08:30 - 20:00","zo":"gesloten"}}},{"type":"Feature","geometry":{"type":"Point","coordinates":[7.647439,45.058607]},"properties":{"type":"pakketpunt","locatieNaam":"AUTOLAVAGGIO M.C. WASH","straatNaam":"VIA MALTA 39","straatNr":"","vervoerder":"DHL","puntType":"packStation","bezettingsgraad":50,"latitude":45.058607,"longitude":7.647439,"canPickup":true,"canDropoff":true,"openingstijden":{"ma":"07:00 - 22:00","di":"07:00 - 22:00","wo":"07:00 - 22:00","do":"07:00 - 22:00","vr":"07:00 - 22:00","za":"07:00 - 22:00","zo":"07:00 - 22:00"}}},{"type":"Feature","geometry":{"type":"Point","coordinates":[7.642285,45.064477]},"properties":{"type":"pakketpunt","locatieNaam":"TABACCHERIA N. 263","straatNaam":"VIA MONGINEVRO 93","straatNr":"","vervoerder":"DHL","puntType":"parcelShop","bezettingsgraad":50,"latitude":45.064477,"longitude":7.642285,"canPickup":true,"canDropoff":true,"openingstijden":{"ma":"07:30 - 19:00","di":"07:30 - 19:00","wo":"07:30 - 19:00","do":"07:30 - 19:00","vr":"07:30 - 19:00","za":"08:00 - 12:00, 14:30 - 19:00","zo":"gesloten"}}},{"type":"Feature","geometry":{"type":"Point","coordinates":[7.667974,45.02834]},"properties":{"type":"pakketpunt","locatieNaam":"Ufficio Postale TORINO 34","straatNaam":"VIA GENOVA 113","straatNr":"","vervoerder":"DHL","puntType":"postOffice","bezettingsgraad":50,"latitude":45.02834,"longitude":7.667974,"canPickup":true,"canDropoff":true,"openingstijden":{"ma":"08:20 - 19:05","di":"08:20 - 19:05","wo":"08:20 - 19:05","do":"08:20 - 19:05","vr":"08:20 - 19:05","za":"08:20 - 12:35","zo":"gesloten"}}},{"type":"Feature","geometry":{"type":"Point","coordinates":[7.652792,45.020818]},"properties":{"type":"pakketpunt","locatieNaam":"STAZIONE DI SERVIZIO ENI","straatNaam":"CORSO TRAIANO 140","straatNr":"","vervoerder":"DHL","puntType":"packStation","bezettingsgraad":50,"latitude":45.020818,"longitude":7.652792,"canPickup":true,"canDropoff":true,"openingstijden":{"ma":"00:01 - 23:59","di":"00:01 - 23:59","wo":"00:01 - 23:59","do":"00:01 - 23:59","vr":"00:01 - 23:59","za":"00:01 - 23:59","zo":"00:01 - 23:59"}}},{"type":"Feature","geometry":{"type":"Point","coordinates":[7.671046,45.031261]},"properties":{"type":"pakketpunt","locatieNaam":"TABACCHERIA EDICOLA MONGANO","straatNaam":"Via Ventimiglia 56d","straatNr":"","vervoerder":"DHL","puntType":"parcelShop","bezettingsgraad":50,"latitude":45.031261,"longitude":7.671046,"canPickup":false,"canDropoff":true,"openingstijden":{"ma":"07:00 - 19:30","di":"07:00 - 19:30","wo":"07:00 - 19:30","do":"07:00 - 19:30","vr":"07:00 - 19:30","za":"07:30 - 19:00","zo":"gesloten"}}},{"type":"Feature","geometry":{"type":"Point","coordinates":[7.671132,45.031341]},"properties":{"type":"pakketpunt","locatieNaam":"TABACCHERIA N. 347","straatNaam":"VIA VENTIMIGLIA 56","straatNr":"","vervoerder":"DHL","puntType":"parcelShop","bezettingsgraad":50,"latitude":45.031341,"longitude":7.671132,"canPickup":true,"canDropoff":true,"openingstijden":{"ma":"07:00 - 19:30","di":"07:00 - 19:30","wo":"07:00 - 19:30","do":"07:00 - 19:30","vr":"07:00 - 19:30","za":"07:30 - 13:00, 14:30 - 19:00","zo":"gesloten"}}},{"type":"Feature","geometry":{"type":"Point","coordinates":[7.650557,45.017225]},"properties":{"type":"pakketpunt","locatieNaam":"Ufficio Postale TORINO 48","straatNaam":"VIA CAMILLO GUIDI SNC","straatNr":"","vervoerder":"DHL","puntType":"postOffice","bezettingsgraad":50,"latitude":45.017225,"longitude":7.650557,"canPickup":true,"canDropoff":true,"openingstijden":{"ma":"08:20 - 13:35","di":"08:20 - 13:35","wo":"08:20 - 13:35","do":"08:20 - 13:35","vr":"08:20 - 13:35","za":"08:20 - 12:35","zo":"gesloten"}}},{"type":"Feature","geometry":{"type":"Point","coordinates":[7.669644,45.032242]},"properties":{"type":"pakketpunt","locatieNaam":"TABACCHERIA N. 360","straatNaam":"VIA GENOVA 73-E","straatNr":"","vervoerder":"DHL","puntType":"parcelShop","bezettingsgraad":50,"latitude":45.032242,"longitude":7.669644,"canPickup":true,"canDropoff":true,"openingstijden":{"ma":"07:00 - 19:00","di":"07:00 - 19:00","wo":"07:00 - 19:00","do":"07:00 - 19:00","vr":"07:00 - 19:00","za":"07:00 - 19:00","zo":"gesloten"}}},{"type":"Feature","geometry":{"type":"Point","coordinates":[7.66763,45.033991]},"properties":{"type":"pakketpunt","locatieNaam":"Ufficio Postale TORINO 59","straatNaam":"VIA NIZZA 230-H","straatNr":"","vervoerder":"DHL","puntType":"postOffice","bezettingsgraad":50,"latitude":45.033991,"longitude":7.66763,"canPickup":true,"canDropoff":true,"openingstijden":{"ma":"08:20 - 13:35","di":"08:20 - 13:35","wo":"08:20 - 13:35","do":"08:20 - 13:35","vr":"08:20 - 13:35","za":"08:20 - 12:35","zo":"gesloten"}}},{"type":"Feature","geometry":{"type":"Point","coordinates":[7.639523,45.019998]},"properties":{"type":"pakketpunt","locatieNaam":"PRESTO CHE E' TARDI","straatNaam":"STRADA DELLE CACCE 16","straatNr":"","vervoerder":"DHL","puntType":"parcelShop","bezettingsgraad":50,"latitude":45.019998,"longitude":7.639523,"canPickup":true,"canDropoff":true,"openingstijden":{"ma":"07:00 - 15:00","di":"07:00 - 15:00","wo":"07:00 - 15:00","do":"07:00 - 15:00","vr":"07:00 - 15:00","za":"gesloten","zo":"gesloten"}}},{"type":"Feature","geometry":{"type":"Point","coordinates":[7.627646,45.071052]},"properties":{"type":"pakketpunt","locatieNaam":"UFFICIO POSTALE 35","straatNaam":"VIA LUIGI FERDINANDO MARSIGLI 22","straatNr":"","vervoerder":"DHL","puntType":"packStation","bezettingsgraad":50,"latitude":45.071052,"longitude":7.627646,"canPickup":true,"canDropoff":true,"openingstijden":{"ma":"08:20 - 19:05","di":"08:20 - 19:05","wo":"08:20 - 19:05","do":"08:20 - 19:05","vr":"08:20 - 19:05","za":"08:20 - 12:35","zo":"gesloten"}}},{"type":"Feature","geometry":{"type":"Point","coordinates":[7.627646,45.071052]},"properties":{"type":"pakketpunt","locatieNaam":"Ufficio Postale TORINO 35","straatNaam":"VIA LUIGI FERDINANDO MARSIGLI 22","straatNr":"","vervoerder":"DHL","puntType":"postOffice","bezettingsgraad":50,"latitude":45.071052,"longitude":7.627646,"canPickup":true,"canDropoff":true,"openingstijden":{"ma":"08:20 - 19:05","di":"08:20 - 19:05","wo":"08:20 - 19:05","do":"08:20 - 19:05","vr":"08:20 - 19:05","za":"08:20 - 12:35","zo":"gesloten"}}},{"type":"Feature","geometry":{"type":"Point","coordinates":[7.636404,45.067747]},"properties":{"type":"pakketpunt","locatieNaam":"TABACCHERIA N. 520","straatNaam":"VIA CANDIDO VIBERTI 13-A","straatNr":"","vervoerder":"DHL","puntType":"parcelShop","bezettingsgraad":50,"latitude":45.067747,"longitude":7.636404,"canPickup":true,"canDropoff":true,"openingstijden":{"ma":"07:30 - 13:00, 15:00 - 19:30","di":"07:30 - 13:00, 15:00 - 19:30","wo":"07:30 - 13:00, 15:00 - 19:30","do":"07:30 - 13:00, 15:00 - 19:30","vr":"07:30 - 13:00, 15:00 - 19:30","za":"08:00 - 13:00, 15:00 - 19:30","zo":"gesloten"}}},{"type":"Feature","geometry":{"type":"Point","coordinates":[7.691458,45.088563]},"properties":{"type":"pakketpunt","locatieNaam":"ECO STORE","straatNaam":"CORSO GIULIO CESARE 66-D","straatNr":"","vervoerder":"DHL","puntType":"parcelShop","bezettingsgraad":50,"latitude":45.088563,"longitude":7.691458,"canPickup":true,"canDropoff":true,"openingstijden":{"ma":"09:30 - 13:00, 15:00 - 19:00","di":"09:30 - 13:00, 15:00 - 19:00","wo":"09:30 - 13:00, 15:00 - 19:00","do":"09:30 - 13:00, 15:00 - 19:00","vr":"09:30 - 13:00, 15:00 - 19:00","za":"09:30 - 12:30","zo":"gesloten"}}},{"type":"Feature","geometry":{"type":"Point","coordinates":[7.688576,45.085605]},"properties":{"type":"pakketpunt","locatieNaam":"WESTERN UNION - VIA BRA","straatNaam":"VIA BRA 4-A","straatNr":"","vervoerder":"DHL","puntType":"parcelShop","bezettingsgraad":50,"latitude":45.085605,"longitude":7.688576,"canPickup":true,"canDropoff":true,"openingstijden":{"ma":"09:30 - 20:00","di":"09:30 - 20:00","wo":"09:30 - 20:00","do":"09:30 - 20:00","vr":"09:30 - 20:00","za":"09:30 - 20:00","zo":"11:00 - 20:00"}}},{"type":"Feature","geometry":{"type":"Point","coordinates":[7.691332,45.077199]},"properties":{"type":"pakketpunt","locatieNaam":"Ufficio Postale TORINO 70","straatNaam":"LUNGODORA FIRENZE 71-A","straatNr":"","vervoerder":"DHL","puntType":"postOffice","bezettingsgraad":50,"latitude":45.077199,"longitude":7.691332,"canPickup":true,"canDropoff":true,"openingstijden":{"ma":"08:20 - 13:35","di":"08:20 - 13:35","wo":"08:20 - 13:35","do":"08:20 - 13:35","vr":"08:20 - 13:35","za":"08:20 - 12:35","zo":"gesloten"}}},{"type":"Feature","geometry":{"type":"Point","coordinates":[7.683693,45.063745]},"properties":{"type":"pakketpunt","locatieNaam":"DHL STORE TORINO BODONI","straatNaam":"Piazza Bodoni, 1","straatNr":"","vervoerder":"DHL","puntType":"parcelShop","bezettingsgraad":50,"latitude":45.063745,"longitude":7.683693,"canPickup":false,"canDropoff":true,"openingstijden":{"ma":"09:30 - 18:30","di":"09:30 - 18:30","wo":"09:30 - 18:30","do":"09:30 - 18:30","vr":"09:30 - 18:30","za":"09:30 - 13:30","zo":"gesloten"}}},{"type":"Feature","geometry":{"type":"Point","coordinates":[7.668065,45.098289]},"properties":{"type":"pakketpunt","locatieNaam":"Ufficio Postale TORINO 49","straatNaam":"PIAZZA LUIGI MATTIROLO 10","straatNr":"","vervoerder":"DHL","puntType":"postOffice","bezettingsgraad":50,"latitude":45.098289,"longitude":7.668065,"canPickup":true,"canDropoff":true,"openingstijden":{"ma":"08:20 - 13:35","di":"08:20 - 13:35","wo":"08:20 - 13:35","do":"08:20 - 13:35","vr":"08:20 - 13:35","za":"08:20 - 12:35","zo":"gesloten"}}},{"type":"Feature","geometry":{"type":"Point","coordinates":[7.674587,45.093467]},"properties":{"type":"pakketpunt","locatieNaam":"SYED BUSINESS POINT DI H.S.","straatNaam":"Via Luigi Gramegna 2/a","straatNr":"","vervoerder":"DHL","puntType":"parcelShop","bezettingsgraad":50,"latitude":45.093467,"longitude":7.674587,"canPickup":false,"canDropoff":true,"openingstijden":{"ma":"10:00 - 19:00","di":"10:00 - 19:00","wo":"10:00 - 19:00","do":"10:00 - 19:00","vr":"10:00 - 19:00","za":"10:00 - 19:00","zo":"gesloten"}}},{"type":"Feature","geometry":{"type":"Point","coordinates":[7.674369,45.093075]},"properties":{"type":"pakketpunt","locatieNaam":"DI ELITE PROMOTER E HOSTESS","straatNaam":"VIA ERRICO GIACHINO 53-E","straatNr":"","vervoerder":"DHL","puntType":"parcelShop","bezettingsgraad":50,"latitude":45.093075,"longitude":7.674369,"canPickup":true,"canDropoff":true,"openingstijden":{"ma":"09:00 - 20:00","di":"09:00 - 20:00","wo":"09:00 - 20:00","do":"09:00 - 20:00","vr":"09:00 - 20:00","za":"09:00 - 20:00","zo":"16:00 - 20:30"}}},{"type":"Feature","geometry":{"type":"Point","coordinates":[7.666748,45.091331]},"properties":{"type":"pakketpunt","locatieNaam":"CENTRO COMMERCIALE OFFICINE","straatNaam":"CORSO MORTARA 24","straatNr":"","vervoerder":"DHL","puntType":"packStation","bezettingsgraad":50,"latitude":45.091331,"longitude":7.666748,"canPickup":true,"canDropoff":true,"openingstijden":{"ma":"10:00 - 20:00","di":"10:00 - 20:00","wo":"10:00 - 20:00","do":"10:00 - 20:00","vr":"10:00 - 20:00","za":"10:00 - 20:00","zo":"10:00 - 20:00"}}},{"type":"Feature","geometry":{"type":"Point","coordinates":[7.658913,45.093262]},"properties":{"type":"pakketpunt","locatieNaam":"PROXEL SRL","straatNaam":"Via Val Della Torre 39","straatNr":"","vervoerder":"DHL","puntType":"parcelShop","bezettingsgraad":50,"latitude":45.093262,"longitude":7.658913,"canPickup":false,"canDropoff":true,"openingstijden":{"ma":"08:00 - 18:00","di":"08:00 - 18:00","wo":"08:00 - 18:00","do":"08:00 - 18:00","vr":"08:00 - 18:00","za":"gesloten","zo":"gesloten"}}},{"type":"Feature","geometry":{"type":"Point","coordinates":[7.669225,45.087283]},"properties":{"type":"pakketpunt","locatieNaam":"TABACCHERIA N. 539","straatNaam":"VIA LIVORNO 49","straatNr":"","vervoerder":"DHL","puntType":"parcelShop","bezettingsgraad":50,"latitude":45.087283,"longitude":7.669225,"canPickup":true,"canDropoff":true,"openingstijden":{"ma":"09:00 - 20:00","di":"09:00 - 21:00","wo":"09:00 - 21:00","do":"09:00 - 21:00","vr":"09:00 - 21:00","za":"09:00 - 21:00","zo":"09:00 - 21:00"}}},{"type":"Feature","geometry":{"type":"Point","coordinates":[7.68062,45.090818]},"properties":{"type":"pakketpunt","locatieNaam":"Ufficio Postale TORINO 64","straatNaam":"VIA PARELLA 5","straatNr":"","vervoerder":"DHL","puntType":"postOffice","bezettingsgraad":50,"latitude":45.090818,"longitude":7.68062,"canPickup":true,"canDropoff":true,"openingstijden":{"ma":"08:20 - 13:35","di":"08:20 - 13:35","wo":"08:20 - 13:35","do":"08:20 - 13:35","vr":"08:20 - 13:35","za":"08:20 - 12:35","zo":"gesloten"}}},{"type":"Feature","geometry":{"type":"Point","coordinates":[7.667208,45.086638]},"properties":{"type":"pakketpunt","locatieNaam":"Ufficio Postale TORINO 50","straatNaam":"VIA AQUILA 40","straatNr":"","vervoerder":"DHL","puntType":"postOffice","bezettingsgraad":50,"latitude":45.086638,"longitude":7.667208,"canPickup":true,"canDropoff":true,"openingstijden":{"ma":"08:20 - 13:35","di":"08:20 - 13:35","wo":"08:20 - 13:35","do":"08:20 - 13:35","vr":"08:20 - 13:35","za":"08:20 - 12:35","zo":"gesloten"}}},{"type":"Feature","geometry":{"type":"Point","coordinates":[7.679389,45.088917]},"properties":{"type":"pakketpunt","locatieNaam":"TABACCHERIA N. 190","straatNaam":"VIA ANTONIO CECCHI 68","straatNr":"","vervoerder":"DHL","puntType":"parcelShop","bezettingsgraad":50,"latitude":45.088917,"longitude":7.679389,"canPickup":true,"canDropoff":true,"openingstijden":{"ma":"07:00 - 19:30","di":"07:00 - 19:30","wo":"07:00 - 19:30","do":"07:00 - 19:30","vr":"07:00 - 19:30","za":"07:00 - 19:30","zo":"gesloten"}}},{"type":"Feature","geometry":{"type":"Point","coordinates":[7.667331,45.085359]},"properties":{"type":"pakketpunt","locatieNaam":"TABACCHERIA n. 206","straatNaam":"CORSO UMBRIA 33","straatNr":"","vervoerder":"DHL","puntType":"parcelShop","bezettingsgraad":50,"latitude":45.085359,"longitude":7.667331,"canPickup":true,"canDropoff":true,"openingstijden":{"ma":"08:00 - 13:00, 15:00 - 19:30","di":"08:00 - 13:00, 15:00 - 19:30","wo":"08:00 - 13:00, 15:00 - 19:30","do":"08:00 - 13:00, 15:00 - 19:30","vr":"08:00 - 13:00, 15:00 - 19:30","za":"08:00 - 13:00, 15:00 - 19:30","zo":"gesloten"}}},{"type":"Feature","geometry":{"type":"Point","coordinates":[7.683749,45.090258]},"properties":{"type":"pakketpunt","locatieNaam":"SUPERMERCATO IL GIGANTE","straatNaam":"VIA FRANCESCO CIGNA 97","straatNr":"","vervoerder":"DHL","puntType":"packStation","bezettingsgraad":50,"latitude":45.090258,"longitude":7.683749,"canPickup":true,"canDropoff":true,"openingstijden":{"ma":"08:00 - 21:00","di":"08:00 - 21:00","wo":"08:00 - 21:00","do":"08:00 - 21:00","vr":"08:00 - 21:00","za":"08:00 - 21:00","zo":"08:30 - 20:00"}}},{"type":"Feature","geometry":{"type":"Point","coordinates":[7.682823,45.088206]},"properties":{"type":"pakketpunt","locatieNaam":"TABACCHERIA N. 351","straatNaam":"VIA FRANCESCO CIGNA 84","straatNr":"","vervoerder":"DHL","puntType":"parcelShop","bezettingsgraad":50,"latitude":45.088206,"longitude":7.682823,"canPickup":true,"canDropoff":true,"openingstijden":{"ma":"07:30 - 13:00, 15:00 - 19:30","di":"07:30 - 13:00, 15:00 - 19:30","wo":"07:30 - 13:00, 15:00 - 19:30","do":"07:30 - 13:00, 15:00 - 19:30","vr":"07:30 - 13:00, 15:00 - 19:30","za":"07:30 - 13:00, 15:00 - 19:30","zo":"gesloten"}}},{"type":"Feature","geometry":{"type":"Point","coordinates":[7.681181,45.086836]},"properties":{"type":"pakketpunt","locatieNaam":"TABACCHERIA N. 177","straatNaam":"VIA ANTONIO CECCHI 31","straatNr":"","vervoerder":"DHL","puntType":"parcelShop","bezettingsgraad":50,"latitude":45.086836,"longitude":7.681181,"canPickup":true,"canDropoff":true,"openingstijden":{"ma":"07:30 - 13:00, 15:00 - 19:30","di":"07:30 - 13:00, 15:00 - 19:30","wo":"07:30 - 13:00, 15:00 - 19:30","do":"07:30 - 13:00, 15:00 - 19:30","vr":"07:30 - 13:00, 15:00 - 19:30","za":"07:30 - 13:00, 15:00 - 19:00","zo":"gesloten"}}},{"type":"Feature","geometry":{"type":"Point","coordinates":[7.650811,45.096181]},"properties":{"type":"pakketpunt","locatieNaam":"LA BOTTEGA DI FABRIZIO","straatNaam":"VIA VAL DELLA TORRE 121-A","straatNr":"","vervoerder":"DHL","puntType":"parcelShop","bezettingsgraad":50,"latitude":45.096181,"longitude":7.650811,"canPickup":true,"canDropoff":true,"openingstijden":{"ma":"09:00 - 12:30, 16:00 - 19:30","di":"gesloten","wo":"09:00 - 12:30, 16:00 - 19:30","do":"09:00 - 12:30, 16:00 - 19:30","vr":"09:00 - 12:30, 16:00 - 19:30","za":"09:00 - 12:30, 16:00 - 19:00","zo":"10:00 - 12:00"}}},{"type":"Feature","geometry":{"type":"Point","coordinates":[7.650537,45.096236]},"properties":{"type":"pakketpunt","locatieNaam":"LA BOTTEGA DI FABRIZIO","straatNaam":"Via Val Della Torre 121","straatNr":"","vervoerder":"DHL","puntType":"parcelShop","bezettingsgraad":50,"latitude":45.096236,"longitude":7.650537,"canPickup":false,"canDropoff":true,"openingstijden":{"ma":"09:00 - 19:00","di":"gesloten","wo":"09:00 - 19:00","do":"09:00 - 19:00","vr":"09:00 - 19:00","za":"09:00 - 18:00","zo":"gesloten"}}},{"type":"Feature","geometry":{"type":"Point","coordinates":[7.667535,45.081816]},"properties":{"type":"pakketpunt","locatieNaam":"TABACCHERIA n. 265","straatNaam":"CORSO REGINA MARGHERITA 181","straatNr":"","vervoerder":"DHL","puntType":"parcelShop","bezettingsgraad":50,"latitude":45.081816,"longitude":7.667535,"canPickup":true,"canDropoff":true,"openingstijden":{"ma":"07:00 - 13:00, 15:00 - 19:30","di":"07:00 - 13:00, 15:00 - 19:30","wo":"07:00 - 13:00, 15:00 - 19:30","do":"07:00 - 13:00, 15:00 - 19:30","vr":"07:00 - 13:00, 15:00 - 19:30","za":"07:00 - 13:00, 15:00 - 19:30","zo":"08:00 - 13:00"}}},{"type":"Feature","geometry":{"type":"Point","coordinates":[7.674151,45.081194]},"properties":{"type":"pakketpunt","locatieNaam":"LAVANDERIA - LAVASMILE","straatNaam":"VIA MARIA AUSILIATRICE 46-B","straatNr":"","vervoerder":"DHL","puntType":"packStation","bezettingsgraad":50,"latitude":45.081194,"longitude":7.674151,"canPickup":true,"canDropoff":true,"openingstijden":{"ma":"07:00 - 22:00","di":"07:00 - 22:00","wo":"07:00 - 22:00","do":"07:00 - 22:00","vr":"07:00 - 22:00","za":"07:00 - 22:00","zo":"07:00 - 22:00"}}},{"type":"Feature","geometry":{"type":"Point","coordinates":[7.670008,45.067161]},"properties":{"type":"pakketpunt","locatieNaam":"Ufficio Postale TORINO 15","straatNaam":"VIA SAN QUINTINO 35-F","straatNr":"","vervoerder":"DHL","puntType":"postOffice","bezettingsgraad":50,"latitude":45.067161,"longitude":7.670008,"canPickup":true,"canDropoff":true,"openingstijden":{"ma":"08:20 - 13:35","di":"08:20 - 13:35","wo":"08:20 - 13:35","do":"08:20 - 13:35","vr":"08:20 - 13:35","za":"08:20 - 12:35","zo":"gesloten"}}},{"type":"Feature","geometry":{"type":"Point","coordinates":[7.666259,45.067848]},"properties":{"type":"pakketpunt","locatieNaam":"BOTTEGA VINZAGLIO","straatNaam":"Corso Vinzaglio 26/a","straatNr":"","vervoerder":"DHL","puntType":"parcelShop","bezettingsgraad":50,"latitude":45.067848,"longitude":7.666259,"canPickup":false,"canDropoff":true,"openingstijden":{"ma":"09:00 - 19:30","di":"09:00 - 19:30","wo":"gesloten","do":"09:00 - 19:30","vr":"09:00 - 19:30","za":"08:30 - 13:30","zo":"gesloten"}}},{"type":"Feature","geometry":{"type":"Point","coordinates":[7.680078,45.067911]},"properties":{"type":"pakketpunt","locatieNaam":"Ufficio Postale TORINO CENTRO","straatNaam":"VIA VITTORIO ALFIERI 10","straatNr":"","vervoerder":"DHL","puntType":"postOffice","bezettingsgraad":50,"latitude":45.067911,"longitude":7.680078,"canPickup":true,"canDropoff":true,"openingstijden":{"ma":"08:20 - 19:05","di":"08:20 - 19:05","wo":"08:20 - 19:05","do":"08:20 - 19:05","vr":"08:20 - 19:05","za":"08:20 - 12:35","zo":"gesloten"}}},{"type":"Feature","geometry":{"type":"Point","coordinates":[7.680078,45.067911]},"properties":{"type":"pakketpunt","locatieNaam":"TORINO CENTRO","straatNaam":"VIA VITTORIO ALFIERI 10","straatNr":"","vervoerder":"DHL","puntType":"packStation","bezettingsgraad":50,"latitude":45.067911,"longitude":7.680078,"canPickup":true,"canDropoff":true,"openingstijden":{"ma":"08:20 - 19:05","di":"08:20 - 19:05","wo":"08:20 - 19:05","do":"08:20 - 19:05","vr":"08:20 - 19:05","za":"08:20 - 12:35","zo":"gesloten"}}},{"type":"Feature","geometry":{"type":"Point","coordinates":[7.678663,45.069752]},"properties":{"type":"pakketpunt","locatieNaam":"DHL STORE SAN FRANCESCO","straatNaam":"Via Francesco D'assisi 24","straatNr":"","vervoerder":"DHL","puntType":"parcelShop","bezettingsgraad":50,"latitude":45.069752,"longitude":7.678663,"canPickup":false,"canDropoff":true,"openingstijden":{"ma":"09:30 - 18:30","di":"09:30 - 18:30","wo":"09:30 - 18:30","do":"09:30 - 18:30","vr":"09:30 - 18:30","za":"09:30 - 13:30","zo":"gesloten"}}},{"type":"Feature","geometry":{"type":"Point","coordinates":[7.672105,45.072428]},"properties":{"type":"pakketpunt","locatieNaam":"LUCKYTEL","straatNaam":"VIA CERNAIA 30-D","straatNr":"","vervoerder":"DHL","puntType":"parcelShop","bezettingsgraad":50,"latitude":45.072428,"longitude":7.672105,"canPickup":true,"canDropoff":true,"openingstijden":{"ma":"16:00 - 18:00","di":"10:00 - 13:00, 15:00 - 18:00","wo":"10:00 - 13:00, 15:00 - 18:00","do":"10:00 - 13:00, 15:00 - 18:00","vr":"10:00 - 13:00, 15:00 - 18:00","za":"10:00 - 13:00, 15:00 - 17:00","zo":"gesloten"}}},{"type":"Feature","geometry":{"type":"Point","coordinates":[7.681259,45.066582]},"properties":{"type":"pakketpunt","locatieNaam":"TABACCHERIA N. 2","straatNaam":"PIAZZA CLN 252","straatNr":"","vervoerder":"DHL","puntType":"parcelShop","bezettingsgraad":50,"latitude":45.066582,"longitude":7.681259,"canPickup":true,"canDropoff":true,"openingstijden":{"ma":"08:00 - 19:30","di":"08:00 - 19:30","wo":"08:00 - 19:30","do":"08:00 - 19:30","vr":"08:00 - 19:30","za":"10:30 - 19:30","zo":"gesloten"}}},{"type":"Feature","geometry":{"type":"Point","coordinates":[7.666041,45.073535]},"properties":{"type":"pakketpunt","locatieNaam":"TABACCHERIA N. 7","straatNaam":"CORSO INGHILTERRA 31-C","straatNr":"","vervoerder":"DHL","puntType":"parcelShop","bezettingsgraad":50,"latitude":45.073535,"longitude":7.666041,"canPickup":true,"canDropoff":true,"openingstijden":{"ma":"07:00 - 13:00, 15:00 - 19:00","di":"07:00 - 13:00, 15:00 - 19:00","wo":"07:00 - 13:00, 15:00 - 19:00","do":"07:00 - 13:00, 15:00 - 19:00","vr":"07:00 - 13:00, 15:00 - 19:00","za":"07:00 - 13:00, 15:00 - 19:00","zo":"gesloten"}}},{"type":"Feature","geometry":{"type":"Point","coordinates":[7.681489,45.070854]},"properties":{"type":"pakketpunt","locatieNaam":"EMPORIO COVER","straatNaam":"VIA MONTE DI PIETA 16-D","straatNr":"","vervoerder":"DHL","puntType":"parcelShop","bezettingsgraad":50,"latitude":45.070854,"longitude":7.681489,"canPickup":true,"canDropoff":true,"openingstijden":{"ma":"11:00 - 19:30","di":"11:00 - 19:30","wo":"11:00 - 19:30","do":"11:00 - 19:30","vr":"11:00 - 19:30","za":"11:00 - 19:30","zo":"gesloten"}}},{"type":"Feature","geometry":{"type":"Point","coordinates":[7.67285,45.074627]},"properties":{"type":"pakketpunt","locatieNaam":"TABACCHERIA N. 322","straatNaam":"CORSO PALESTRO 6","straatNr":"","vervoerder":"DHL","puntType":"parcelShop","bezettingsgraad":50,"latitude":45.074627,"longitude":7.67285,"canPickup":true,"canDropoff":true,"openingstijden":{"ma":"07:30 - 19:30","di":"07:30 - 19:30","wo":"07:30 - 19:30","do":"07:30 - 19:30","vr":"07:30 - 19:30","za":"07:30 - 19:30","zo":"gesloten"}}},{"type":"Feature","geometry":{"type":"Point","coordinates":[7.669871,45.074888]},"properties":{"type":"pakketpunt","locatieNaam":"MULTISERVIZI BONIFACIO","straatNaam":"Via Juvarra 22","straatNr":"","vervoerder":"DHL","puntType":"parcelShop","bezettingsgraad":50,"latitude":45.074888,"longitude":7.669871,"canPickup":false,"canDropoff":true,"openingstijden":{"ma":"09:00 - 19:00","di":"09:00 - 19:00","wo":"09:00 - 19:00","do":"09:00 - 19:00","vr":"09:00 - 19:00","za":"10:00 - 14:00","zo":"gesloten"}}},{"type":"Feature","geometry":{"type":"Point","coordinates":[7.68203,45.07141]},"properties":{"type":"pakketpunt","locatieNaam":"LAV@SCIUGA","straatNaam":"VIA GIUSEPPE BARBAROUX 12-E","straatNr":"","vervoerder":"DHL","puntType":"packStation","bezettingsgraad":50,"latitude":45.07141,"longitude":7.68203,"canPickup":true,"canDropoff":true,"openingstijden":{"ma":"08:00 - 22:00","di":"08:00 - 22:00","wo":"08:00 - 22:00","do":"08:00 - 22:00","vr":"08:00 - 22:00","za":"08:00 - 22:00","zo":"08:00 - 22:00"}}},{"type":"Feature","geometry":{"type":"Point","coordinates":[7.675405,45.075746]},"properties":{"type":"pakketpunt","locatieNaam":"TABACCHERIA N. 40","straatNaam":"VIA DEL CARMINE 6","straatNr":"","vervoerder":"DHL","puntType":"parcelShop","bezettingsgraad":50,"latitude":45.075746,"longitude":7.675405,"canPickup":true,"canDropoff":true,"openingstijden":{"ma":"08:00 - 13:00, 14:30 - 19:30","di":"08:00 - 13:00, 14:30 - 19:30","wo":"08:00 - 13:00, 14:30 - 19:30","do":"08:00 - 13:00, 14:30 - 19:30","vr":"08:00 - 13:00, 14:30 - 19:30","za":"08:30 - 13:00, 15:30 - 19:30","zo":"gesloten"}}},{"type":"Feature","geometry":{"type":"Point","coordinates":[7.682206,45.073097]},"properties":{"type":"pakketpunt","locatieNaam":"LA COPISTERIA","straatNaam":"Conte Verde, 8","straatNr":"","vervoerder":"DHL","puntType":"parcelShop","bezettingsgraad":50,"latitude":45.073097,"longitude":7.682206,"canPickup":false,"canDropoff":true,"openingstijden":{"ma":"09:00 - 18:00","di":"09:00 - 18:00","wo":"09:00 - 18:00","do":"09:00 - 18:00","vr":"09:00 - 18:00","za":"gesloten","zo":"gesloten"}}},{"type":"Feature","geometry":{"type":"Point","coordinates":[7.676858,45.075708]},"properties":{"type":"pakketpunt","locatieNaam":"Ufficio Postale TORINO 28","straatNaam":"VIA BLIGNY 8","straatNr":"","vervoerder":"DHL","puntType":"postOffice","bezettingsgraad":50,"latitude":45.075708,"longitude":7.676858,"canPickup":true,"canDropoff":true,"openingstijden":{"ma":"08:20 - 19:05","di":"08:20 - 19:05","wo":"08:20 - 19:05","do":"08:20 - 19:05","vr":"08:20 - 19:05","za":"08:20 - 12:35","zo":"gesloten"}}},{"type":"Feature","geometry":{"type":"Point","coordinates":[7.680023,45.074855]},"properties":{"type":"pakketpunt","locatieNaam":"TABACCHERIA N. 36","straatNaam":"VIA SANTAGOSTINO 13-A","straatNr":"","vervoerder":"DHL","puntType":"parcelShop","bezettingsgraad":50,"latitude":45.074855,"longitude":7.680023,"canPickup":true,"canDropoff":true,"openingstijden":{"ma":"09:30 - 20:00","di":"08:00 - 20:00","wo":"08:00 - 20:00","do":"08:00 - 20:00","vr":"09:30 - 23:30","za":"11:00 - 23:30","zo":"gesloten"}}},{"type":"Feature","geometry":{"type":"Point","coordinates":[7.650498,45.066111]},"properties":{"type":"pakketpunt","locatieNaam":"TABACCHERIA N. 364","straatNaam":"VIA DANTE DI NANNI 76","straatNr":"","vervoerder":"DHL","puntType":"parcelShop","bezettingsgraad":50,"latitude":45.066111,"longitude":7.650498,"canPickup":true,"canDropoff":true,"openingstijden":{"ma":"08:00 - 13:00, 15:45 - 19:30","di":"08:00 - 13:00, 15:45 - 19:30","wo":"08:00 - 13:00, 15:45 - 19:30","do":"08:00 - 13:00, 15:45 - 19:30","vr":"08:00 - 13:00, 15:45 - 19:30","za":"08:00 - 13:00, 15:45 - 19:30","zo":"gesloten"}}},{"type":"Feature","geometry":{"type":"Point","coordinates":[7.644099,45.064542]},"properties":{"type":"pakketpunt","locatieNaam":"MULTISERVIZI LUVIJOY","straatNaam":"VIA MONGINEVRO 68-BIS","straatNr":"","vervoerder":"DHL","puntType":"packStation","bezettingsgraad":50,"latitude":45.064542,"longitude":7.644099,"canPickup":true,"canDropoff":true,"openingstijden":{"ma":"09:00 - 13:00, 15:00 - 19:00","di":"09:00 - 13:00, 15:00 - 19:00","wo":"09:00 - 13:00, 15:00 - 19:00","do":"09:00 - 13:00, 15:00 - 19:00","vr":"09:00 - 13:00, 15:00 - 19:00","za":"09:00 - 13:00","zo":"gesloten"}}},{"type":"Feature","geometry":{"type":"Point","coordinates":[7.647142,45.062099]},"properties":{"type":"pakketpunt","locatieNaam":"TABACCHERIA N. 136","straatNaam":"VIA DANTE DI NANNI 122","straatNr":"","vervoerder":"DHL","puntType":"parcelShop","bezettingsgraad":50,"latitude":45.062099,"longitude":7.647142,"canPickup":true,"canDropoff":true,"openingstijden":{"ma":"07:00 - 13:00, 15:00 - 19:30","di":"07:00 - 13:00, 15:00 - 19:30","wo":"07:00 - 13:00, 15:00 - 19:30","do":"07:00 - 13:00, 15:00 - 19:30","vr":"07:00 - 13:00, 15:00 - 19:30","za":"07:00 - 13:00, 15:00 - 19:30","zo":"gesloten"}}},{"type":"Feature","geometry":{"type":"Point","coordinates":[7.649383,45.06315]},"properties":{"type":"pakketpunt","locatieNaam":"Ufficio Postale TORINO 39","straatNaam":"VIA VILLARBASSE 39","straatNr":"","vervoerder":"DHL","puntType":"postOffice","bezettingsgraad":50,"latitude":45.06315,"longitude":7.649383,"canPickup":true,"canDropoff":true,"openingstijden":{"ma":"08:20 - 13:35","di":"08:20 - 13:35","wo":"08:20 - 13:35","do":"08:20 - 13:35","vr":"08:20 - 13:35","za":"08:20 - 12:35","zo":"gesloten"}}},{"type":"Feature","geometry":{"type":"Point","coordinates":[7.685321,45.083647]},"properties":{"type":"pakketpunt","locatieNaam":"TABACCHERIA N. 189","straatNaam":"CORSO EMILIA 13-E","straatNr":"","vervoerder":"DHL","puntType":"parcelShop","bezettingsgraad":50,"latitude":45.083647,"longitude":7.685321,"canPickup":true,"canDropoff":true,"openingstijden":{"ma":"06:30 - 19:00","di":"06:30 - 19:00","wo":"06:30 - 19:00","do":"06:30 - 19:00","vr":"06:30 - 19:00","za":"06:30 - 19:00","zo":"07:00 - 12:30"}}},{"type":"Feature","geometry":{"type":"Point","coordinates":[7.6853,45.0836]},"properties":{"type":"pakketpunt","locatieNaam":"TABACCHI TROSSERO MASSIMO","straatNaam":"Corso Emilia 13e","straatNr":"","vervoerder":"DHL","puntType":"parcelShop","bezettingsgraad":50,"latitude":45.0836,"longitude":7.6853,"canPickup":false,"canDropoff":true,"openingstijden":{"ma":"08:00 - 19:00","di":"08:00 - 19:00","wo":"08:00 - 19:00","do":"08:00 - 19:00","vr":"08:00 - 19:00","za":"gesloten","zo":"gesloten"}}},{"type":"Feature","geometry":{"type":"Point","coordinates":[7.683338,45.079515]},"properties":{"type":"pakketpunt","locatieNaam":"TABACCHERIA N. 37","straatNaam":"VIA BORGO DORA 29","straatNr":"","vervoerder":"DHL","puntType":"parcelShop","bezettingsgraad":50,"latitude":45.079515,"longitude":7.683338,"canPickup":true,"canDropoff":true,"openingstijden":{"ma":"07:15 - 19:30","di":"07:15 - 19:30","wo":"07:15 - 19:30","do":"07:15 - 19:30","vr":"07:15 - 19:30","za":"07:15 - 19:30","zo":"gesloten"}}},{"type":"Feature","geometry":{"type":"Point","coordinates":[7.684854,45.078455]},"properties":{"type":"pakketpunt","locatieNaam":"Ufficio Postale TORINO 22","straatNaam":"CORSO GIULIO CESARE 7","straatNr":"","vervoerder":"DHL","puntType":"postOffice","bezettingsgraad":50,"latitude":45.078455,"longitude":7.684854,"canPickup":true,"canDropoff":true,"openingstijden":{"ma":"08:20 - 13:35","di":"08:20 - 13:35","wo":"08:20 - 13:35","do":"08:20 - 13:35","vr":"08:20 - 13:35","za":"08:20 - 12:35","zo":"gesloten"}}},{"type":"Feature","geometry":{"type":"Point","coordinates":[7.689774,45.079979]},"properties":{"type":"pakketpunt","locatieNaam":"PUFF STORE VAPERS CAFE","straatNaam":"VIA BOLOGNA 3-D","straatNr":"","vervoerder":"DHL","puntType":"parcelShop","bezettingsgraad":50,"latitude":45.079979,"longitude":7.689774,"canPickup":true,"canDropoff":true,"openingstijden":{"ma":"10:00 - 13:30, 16:00 - 19:00","di":"10:00 - 13:30, 16:00 - 19:00","wo":"10:00 - 13:30, 16:00 - 19:00","do":"10:00 - 13:30, 16:00 - 19:00","vr":"10:00 - 13:30, 16:00 - 19:00","za":"11:00 - 13:30, 16:00 - 19:00","zo":"gesloten"}}},{"type":"Feature","geometry":{"type":"Point","coordinates":[7.684592,45.077956]},"properties":{"type":"pakketpunt","locatieNaam":"AGENZIA VIAGGI LA STELLA","straatNaam":"Piazza Della Repubblica, 24 C","straatNr":"","vervoerder":"DHL","puntType":"parcelShop","bezettingsgraad":50,"latitude":45.077956,"longitude":7.684592,"canPickup":false,"canDropoff":true,"openingstijden":{"ma":"09:00 - 18:30","di":"09:00 - 18:30","wo":"09:00 - 18:30","do":"09:00 - 18:30","vr":"09:00 - 18:30","za":"09:00 - 17:00","zo":"gesloten"}}},{"type":"Feature","geometry":{"type":"Point","coordinates":[7.668404,45.079543]},"properties":{"type":"pakketpunt","locatieNaam":"Ufficio Postale TORINO 9","straatNaam":"VIA VINCENZO MARIA MIGLIETTI 9","straatNr":"","vervoerder":"DHL","puntType":"postOffice","bezettingsgraad":50,"latitude":45.079543,"longitude":7.668404,"canPickup":true,"canDropoff":true,"openingstijden":{"ma":"08:20 - 13:35","di":"08:20 - 13:35","wo":"08:20 - 13:35","do":"08:20 - 13:35","vr":"08:20 - 13:35","za":"08:20 - 12:35","zo":"gesloten"}}},{"type":"Feature","geometry":{"type":"Point","coordinates":[7.68203,45.076452]},"properties":{"type":"pakketpunt","locatieNaam":"LAVANDERIA - LAV@SCIUGA","straatNaam":"PIAZZA DELLA REPUBBLICA 5","straatNr":"","vervoerder":"DHL","puntType":"packStation","bezettingsgraad":50,"latitude":45.076452,"longitude":7.68203,"canPickup":true,"canDropoff":true,"openingstijden":{"ma":"08:00 - 22:00","di":"08:00 - 22:00","wo":"08:00 - 22:00","do":"08:00 - 22:00","vr":"08:00 - 22:00","za":"08:00 - 22:00","zo":"08:00 - 22:00"}}},{"type":"Feature","geometry":{"type":"Point","coordinates":[7.669735,45.079035]},"properties":{"type":"pakketpunt","locatieNaam":"ALEX.IT","straatNaam":"Corso Principe Oddone 9","straatNr":"","vervoerder":"DHL","puntType":"parcelShop","bezettingsgraad":50,"latitude":45.079035,"longitude":7.669735,"canPickup":false,"canDropoff":true,"openingstijden":{"ma":"09:00 - 19:00","di":"09:00 - 19:00","wo":"09:00 - 19:00","do":"09:00 - 19:00","vr":"09:00 - 19:00","za":"gesloten","zo":"gesloten"}}},{"type":"Feature","geometry":{"type":"Point","coordinates":[7.7319878,45.0768124]},"properties":{"type":"pakketpunt","locatieNaam":"Amazon Locker - artemide","straatNaam":"Eni Station pv.51318","straatNr":"","vervoerder":"Amazon","puntType":"locker","bezettingsgraad":50,"latitude":45.0768124,"longitude":7.7319878,"canPickup":true,"canDropoff":false,"openingstijden":null}},{"type":"Feature","geometry":{"type":"Point","coordinates":[7.7297194,45.0786116]},"properties":{"type":"pakketpunt","locatieNaam":"Amazon Locker - feruglio","straatNaam":"Distributore IP Torino - Agudio","straatNr":"","vervoerder":"Amazon","puntType":"locker","bezettingsgraad":50,"latitude":45.0786116,"longitude":7.7297194,"canPickup":true,"canDropoff":false,"openingstijden":null}},{"type":"Feature","geometry":{"type":"Point","coordinates":[7.723422,45.069689]},"properties":{"type":"pakketpunt","locatieNaam":"Amazon Counter - BAR TABACCHI CASALE 188 di","straatNaam":"CORSO Casale 188","straatNr":"","vervoerder":"Amazon","puntType":"helix","bezettingsgraad":50,"latitude":45.069689,"longitude":7.723422,"canPickup":true,"canDropoff":false,"openingstijden":null}},{"type":"Feature","geometry":{"type":"Point","coordinates":[7.7147513,45.0681946]},"properties":{"type":"pakketpunt","locatieNaam":"Amazon Locker - casale","straatNaam":"Speed Queen - Corso Casale 118, Torino","straatNr":"","vervoerder":"Amazon","puntType":"locker","bezettingsgraad":50,"latitude":45.0681946,"longitude":7.7147513,"canPickup":true,"canDropoff":false,"openingstijden":null}},{"type":"Feature","geometry":{"type":"Point","coordinates":[7.696077,45.071254]},"properties":{"type":"pakketpunt","locatieNaam":"Amazon Locker - pomponio","straatNaam":"CONAD - TORINO","straatNr":"","vervoerder":"Amazon","puntType":"locker","bezettingsgraad":50,"latitude":45.071254,"longitude":7.696077,"canPickup":true,"canDropoff":false,"openingstijden":null}},{"type":"Feature","geometry":{"type":"Point","coordinates":[7.719408,45.066666]},"properties":{"type":"pakketpunt","locatieNaam":"Amazon Counter - TABACCHERIACL","straatNaam":"CORSO QUINTINO SELLA 141/A","straatNr":"","vervoerder":"Amazon","puntType":"helix","bezettingsgraad":50,"latitude":45.066666,"longitude":7.719408,"canPickup":true,"canDropoff":false,"openingstijden":null}},{"type":"Feature","geometry":{"type":"Point","coordinates":[7.707188,45.069196]},"properties":{"type":"pakketpunt","locatieNaam":"Amazon Locker - giosaffatte","straatNaam":"LOCKER PRIVATO - CX Turin Regina Student & Explorer Place","straatNr":"","vervoerder":"Amazon","puntType":"locker","bezettingsgraad":50,"latitude":45.069196,"longitude":7.707188,"canPickup":true,"canDropoff":false,"openingstijden":null}},{"type":"Feature","geometry":{"type":"Point","coordinates":[7.724087,45.074405]},"properties":{"type":"pakketpunt","locatieNaam":"Amazon Counter - PRIMAEDICOLA","straatNaam":"GHY MARIO PAOLO","straatNr":"","vervoerder":"Amazon","puntType":"helix","bezettingsgraad":50,"latitude":45.074405,"longitude":7.724087,"canPickup":true,"canDropoff":false,"openingstijden":null}},{"type":"Feature","geometry":{"type":"Point","coordinates":[7.6969817,45.0896417]},"properties":{"type":"pakketpunt","locatieNaam":"Amazon Locker - speed","straatNaam":"Speed Queen - via crescentino 6 Torino","straatNr":"","vervoerder":"Amazon","puntType":"locker","bezettingsgraad":50,"latitude":45.0896417,"longitude":7.6969817,"canPickup":true,"canDropoff":false,"openingstijden":null}},{"type":"Feature","geometry":{"type":"Point","coordinates":[7.6980468,45.0818912]},"properties":{"type":"pakketpunt","locatieNaam":"Amazon Locker - dalio","straatNaam":"COOP Torino Novara","straatNr":"","vervoerder":"Amazon","puntType":"locker","bezettingsgraad":50,"latitude":45.0818912,"longitude":7.6980468,"canPickup":true,"canDropoff":false,"openingstijden":null}},{"type":"Feature","geometry":{"type":"Point","coordinates":[7.6719995,45.0718902]},"properties":{"type":"pakketpunt","locatieNaam":"Amazon Locker - onega","straatNaam":"MAPI","straatNr":"","vervoerder":"Amazon","puntType":"locker","bezettingsgraad":50,"latitude":45.0718902,"longitude":7.6719995,"canPickup":true,"canDropoff":false,"openingstijden":null}},{"type":"Feature","geometry":{"type":"Point","coordinates":[7.68546,45.07994]},"properties":{"type":"pakketpunt","locatieNaam":"Amazon Locker - piercarlo","straatNaam":"Sede GTT Torino-Metro/Ferro","straatNr":"","vervoerder":"Amazon","puntType":"locker","bezettingsgraad":50,"latitude":45.07994,"longitude":7.68546,"canPickup":true,"canDropoff":false,"openingstijden":null}},{"type":"Feature","geometry":{"type":"Point","coordinates":[7.6923926,45.0846377]},"properties":{"type":"pakketpunt","locatieNaam":"Amazon Locker - milone","straatNaam":"Eni Station pv.51326_MOVE","straatNr":"","vervoerder":"Amazon","puntType":"locker","bezettingsgraad":50,"latitude":45.0846377,"longitude":7.6923926,"canPickup":true,"canDropoff":false,"openingstijden":null}},{"type":"Feature","geometry":{"type":"Point","coordinates":[7.722065,45.074615]},"properties":{"type":"pakketpunt","locatieNaam":"Amazon Counter - L' EDICOLA","straatNaam":"CORSO BELGIO 137/A","straatNr":"","vervoerder":"Amazon","puntType":"helix","bezettingsgraad":50,"latitude":45.074615,"longitude":7.722065,"canPickup":true,"canDropoff":false,"openingstijden":null}},{"type":"Feature","geometry":{"type":"Point","coordinates":[7.698401,45.0818711]},"properties":{"type":"pakketpunt","locatieNaam":"Amazon Locker - bolgia","straatNaam":"Camplus Torino Regio Parco","straatNr":"","vervoerder":"Amazon","puntType":"locker","bezettingsgraad":50,"latitude":45.0818711,"longitude":7.698401,"canPickup":true,"canDropoff":false,"openingstijden":null}},{"type":"Feature","geometry":{"type":"Point","coordinates":[7.705531,45.101853]},"properties":{"type":"pakketpunt","locatieNaam":"Amazon Locker - denise","straatNaam":"Torino Novacoop","straatNr":"","vervoerder":"Amazon","puntType":"locker","bezettingsgraad":50,"latitude":45.101853,"longitude":7.705531,"canPickup":true,"canDropoff":false,"openingstijden":null}},{"type":"Feature","geometry":{"type":"Point","coordinates":[7.65698,45.08902]},"properties":{"type":"pakketpunt","locatieNaam":"Amazon Locker - sabatino","straatNaam":"PENNY MARKET - Torino 4","straatNr":"","vervoerder":"Amazon","puntType":"locker","bezettingsgraad":50,"latitude":45.08902,"longitude":7.65698,"canPickup":true,"canDropoff":false,"openingstijden":null}},{"type":"Feature","geometry":{"type":"Point","coordinates":[7.643023,45.110859]},"properties":{"type":"pakketpunt","locatieNaam":"Amazon Locker - mefisto","straatNaam":"CC Area12","straatNr":"","vervoerder":"Amazon","puntType":"locker","bezettingsgraad":50,"latitude":45.110859,"longitude":7.643023,"canPickup":true,"canDropoff":false,"openingstijden":null}},{"type":"Feature","geometry":{"type":"Point","coordinates":[7.656648,45.132005]},"properties":{"type":"pakketpunt","locatieNaam":"Amazon Locker - siviliano","straatNaam":"Stazione IP - Torino - Aeroporto","straatNr":"","vervoerder":"Amazon","puntType":"locker","bezettingsgraad":50,"latitude":45.132005,"longitude":7.656648,"canPickup":true,"canDropoff":false,"openingstijden":null}},{"type":"Feature","geometry":{"type":"Point","coordinates":[7.6473148,45.018423]},"properties":{"type":"pakketpunt","locatieNaam":"Amazon Locker - giordano","straatNaam":"PENNY MARKET - Torino - Vigliani","straatNr":"","vervoerder":"Amazon","puntType":"locker","bezettingsgraad":50,"latitude":45.018423,"longitude":7.6473148,"canPickup":true,"canDropoff":false,"openingstijden":null}},{"type":"Feature","geometry":{"type":"Point","coordinates":[7.621313,45.01095]},"properties":{"type":"pakketpunt","locatieNaam":"Amazon Locker - ORAZIO","straatNaam":"Stazione Tamoil - PV 6223","straatNr":"","vervoerder":"Amazon","puntType":"locker","bezettingsgraad":50,"latitude":45.01095,"longitude":7.621313,"canPickup":true,"canDropoff":false,"openingstijden":null}},{"type":"Feature","geometry":{"type":"Point","coordinates":[7.63643,45.04622]},"properties":{"type":"pakketpunt","locatieNaam":"Amazon Locker - jalapeno","straatNaam":"MERCATO'- Torino Filadelfia","straatNr":"","vervoerder":"Amazon","puntType":"locker","bezettingsgraad":50,"latitude":45.04622,"longitude":7.63643,"canPickup":true,"canDropoff":false,"openingstijden":null}},{"type":"Feature","geometry":{"type":"Point","coordinates":[7.617418,45.033891]},"properties":{"type":"pakketpunt","locatieNaam":"Amazon Locker - bellino","straatNaam":"Innovation Square Center (ISC) - Torino","straatNr":"","vervoerder":"Amazon","puntType":"locker","bezettingsgraad":50,"latitude":45.033891,"longitude":7.617418,"canPickup":true,"canDropoff":false,"openingstijden":null}},{"type":"Feature","geometry":{"type":"Point","coordinates":[7.6076826,45.0714785]},"properties":{"type":"pakketpunt","locatieNaam":"Amazon Locker - accursio","straatNaam":"Sigma Torino - Canavese","straatNr":"","vervoerder":"Amazon","puntType":"locker","bezettingsgraad":50,"latitude":45.0714785,"longitude":7.6076826,"canPickup":true,"canDropoff":false,"openingstijden":null}},{"type":"Feature","geometry":{"type":"Point","coordinates":[7.60641,45.073749]},"properties":{"type":"pakketpunt","locatieNaam":"Amazon Locker - pinuccia","straatNaam":"Eni Station Pv.884","straatNr":"","vervoerder":"Amazon","puntType":"locker","bezettingsgraad":50,"latitude":45.073749,"longitude":7.60641,"canPickup":true,"canDropoff":false,"openingstijden":null}},{"type":"Feature","geometry":{"type":"Point","coordinates":[7.633113,45.072875]},"properties":{"type":"pakketpunt","locatieNaam":"Amazon Locker - fermino","straatNaam":"MERCATO'- Torino S Ambrogio","straatNr":"","vervoerder":"Amazon","puntType":"locker","bezettingsgraad":50,"latitude":45.072875,"longitude":7.633113,"canPickup":true,"canDropoff":false,"openingstijden":null}},{"type":"Feature","geometry":{"type":"Point","coordinates":[7.6240793,45.0753932]},"properties":{"type":"pakketpunt","locatieNaam":"Amazon Locker - leopardi","straatNaam":"Conad Torino - C.so Bernardino Telesio","straatNr":"","vervoerder":"Amazon","puntType":"locker","bezettingsgraad":50,"latitude":45.0753932,"longitude":7.6240793,"canPickup":true,"canDropoff":false,"openingstijden":null}},{"type":"Feature","geometry":{"type":"Point","coordinates":[7.6322664,45.0734924]},"properties":{"type":"pakketpunt","locatieNaam":"Amazon Locker - eucherio","straatNaam":"Global Shopping Center Torino","straatNr":"","vervoerder":"Amazon","puntType":"locker","bezettingsgraad":50,"latitude":45.0734924,"longitude":7.6322664,"canPickup":true,"canDropoff":false,"openingstijden":null}},{"type":"Feature","geometry":{"type":"Point","coordinates":[7.654826,45.0201103]},"properties":{"type":"pakketpunt","locatieNaam":"Amazon Counter - TABACCHERIA","straatNaam":"CORSO TRAIANO 158","straatNr":"","vervoerder":"Amazon","puntType":"helix","bezettingsgraad":50,"latitude":45.0201103,"longitude":7.654826,"canPickup":true,"canDropoff":false,"openingstijden":null}},{"type":"Feature","geometry":{"type":"Point","coordinates":[7.662454,45.017375]},"properties":{"type":"pakketpunt","locatieNaam":"Amazon Locker - anrico","straatNaam":"ENI Station pv. 51373","straatNr":"","vervoerder":"Amazon","puntType":"locker","bezettingsgraad":50,"latitude":45.017375,"longitude":7.662454,"canPickup":true,"canDropoff":false,"openingstijden":null}},{"type":"Feature","geometry":{"type":"Point","coordinates":[7.69335003128276,45.0873798125731]},"properties":{"type":"pakketpunt","locatieNaam":"Amazon Counter (fermopoint)","straatNaam":"Triumph Money Transfer","straatNr":"","vervoerder":"Amazon","puntType":"helix","bezettingsgraad":50,"latitude":45.0873798125731,"longitude":7.69335003128276,"canPickup":true,"canDropoff":false,"openingstijden":null}},{"type":"Feature","geometry":{"type":"Point","coordinates":[7.69704,45.08892]},"properties":{"type":"pakketpunt","locatieNaam":"Amazon Counter - Cialdeweb Bottesini","straatNaam":"Piazza Giovanni Bottesini 3","straatNr":"","vervoerder":"Amazon","puntType":"helix","bezettingsgraad":50,"latitude":45.08892,"longitude":7.69704,"canPickup":true,"canDropoff":false,"openingstijden":null}},{"type":"Feature","geometry":{"type":"Point","coordinates":[7.696844,45.084349]},"properties":{"type":"pakketpunt","locatieNaam":"Amazon Locker - gelso","straatNaam":"Relife","straatNr":"","vervoerder":"Amazon","puntType":"locker","bezettingsgraad":50,"latitude":45.084349,"longitude":7.696844,"canPickup":true,"canDropoff":false,"openingstijden":null}},{"type":"Feature","geometry":{"type":"Point","coordinates":[7.69298,45.08188]},"properties":{"type":"pakketpunt","locatieNaam":"Amazon Locker - betsabea","straatNaam":"Lavanderia Self Service - PV.1987","straatNr":"","vervoerder":"Amazon","puntType":"locker","bezettingsgraad":50,"latitude":45.08188,"longitude":7.69298,"canPickup":true,"canDropoff":false,"openingstijden":null}},{"type":"Feature","geometry":{"type":"Point","coordinates":[7.69863,45.084]},"properties":{"type":"pakketpunt","locatieNaam":"Ufficio Postale TORINO 58","straatNaam":"VIA TERNENGO 0-E","straatNr":"","vervoerder":"Amazon","puntType":"3p","bezettingsgraad":50,"latitude":45.084,"longitude":7.69863,"canPickup":true,"canDropoff":false,"openingstijden":null}},{"type":"Feature","geometry":{"type":"Point","coordinates":[7.699239,45.084209]},"properties":{"type":"pakketpunt","locatieNaam":"Amazon Counter - TABACCHERIA NAVA JESSICA","straatNaam":"VIA BOLOGNA 89/D","straatNr":"","vervoerder":"Amazon","puntType":"helix","bezettingsgraad":50,"latitude":45.084209,"longitude":7.699239,"canPickup":true,"canDropoff":false,"openingstijden":null}},{"type":"Feature","geometry":{"type":"Point","coordinates":[7.6989594,45.0976042]},"properties":{"type":"pakketpunt","locatieNaam":"Amazon Locker - minervino","straatNaam":"Croce verde Villastellone Torino","straatNr":"","vervoerder":"Amazon","puntType":"locker","bezettingsgraad":50,"latitude":45.0976042,"longitude":7.6989594,"canPickup":true,"canDropoff":false,"openingstijden":null}},{"type":"Feature","geometry":{"type":"Point","coordinates":[7.6996025,45.1007608]},"properties":{"type":"pakketpunt","locatieNaam":"Amazon Locker - alceo","straatNaam":"Eni Station Pv.51307","straatNr":"","vervoerder":"Amazon","puntType":"locker","bezettingsgraad":50,"latitude":45.1007608,"longitude":7.6996025,"canPickup":true,"canDropoff":false,"openingstijden":null}},{"type":"Feature","geometry":{"type":"Point","coordinates":[7.693194,45.088434]},"properties":{"type":"pakketpunt","locatieNaam":"Amazon Counter (fermopoint)","straatNaam":"Elettronica Giordano","straatNr":"","vervoerder":"Amazon","puntType":"helix","bezettingsgraad":50,"latitude":45.088434,"longitude":7.693194,"canPickup":true,"canDropoff":false,"openingstijden":null}},{"type":"Feature","geometry":{"type":"Point","coordinates":[7.6958046,45.1018326]},"properties":{"type":"pakketpunt","locatieNaam":"Amazon Locker - oleana","straatNaam":"H24 Food e Drink - Torino","straatNr":"","vervoerder":"Amazon","puntType":"locker","bezettingsgraad":50,"latitude":45.1018326,"longitude":7.6958046,"canPickup":true,"canDropoff":false,"openingstijden":null}},{"type":"Feature","geometry":{"type":"Point","coordinates":[7.693106,45.09098]},"properties":{"type":"pakketpunt","locatieNaam":"Amazon Counter - Ali Multiservice","straatNaam":"C.so Giulio Cesare, 94","straatNr":"","vervoerder":"Amazon","puntType":"helix","bezettingsgraad":50,"latitude":45.09098,"longitude":7.693106,"canPickup":true,"canDropoff":false,"openingstijden":null}},{"type":"Feature","geometry":{"type":"Point","coordinates":[7.68826,45.08839]},"properties":{"type":"pakketpunt","locatieNaam":"Amazon Counter - TABACCHI","straatNaam":"CORSO NOVARA 2","straatNr":"","vervoerder":"Amazon","puntType":"helix","bezettingsgraad":50,"latitude":45.08839,"longitude":7.68826,"canPickup":true,"canDropoff":false,"openingstijden":null}},{"type":"Feature","geometry":{"type":"Point","coordinates":[7.6973,45.098]},"properties":{"type":"pakketpunt","locatieNaam":"Amazon Locker - centralino","straatNaam":"Fermopoint/Poste Centrali Torino","straatNr":"","vervoerder":"Amazon","puntType":"locker","bezettingsgraad":50,"latitude":45.098,"longitude":7.6973,"canPickup":true,"canDropoff":false,"openingstijden":null}},{"type":"Feature","geometry":{"type":"Point","coordinates":[7.7019014,45.1037735]},"properties":{"type":"pakketpunt","locatieNaam":"Amazon Locker - osanna","straatNaam":"Stazione ESSO - Torino C.so Cesare","straatNr":"","vervoerder":"Amazon","puntType":"locker","bezettingsgraad":50,"latitude":45.1037735,"longitude":7.7019014,"canPickup":true,"canDropoff":false,"openingstijden":null}},{"type":"Feature","geometry":{"type":"Point","coordinates":[7.74529,45.10215]},"properties":{"type":"pakketpunt","locatieNaam":"Amazon Locker - Aragosta","straatNaam":"Stazione Ip - Torino - San Mauro 185","straatNr":"","vervoerder":"Amazon","puntType":"locker","bezettingsgraad":50,"latitude":45.10215,"longitude":7.74529,"canPickup":true,"canDropoff":false,"openingstijden":null}},{"type":"Feature","geometry":{"type":"Point","coordinates":[7.7351246,45.0973959]},"properties":{"type":"pakketpunt","locatieNaam":"Amazon Locker - lesbino","straatNaam":"Il Porto Torino","straatNr":"","vervoerder":"Amazon","puntType":"locker","bezettingsgraad":50,"latitude":45.0973959,"longitude":7.7351246,"canPickup":true,"canDropoff":false,"openingstijden":null}},{"type":"Feature","geometry":{"type":"Point","coordinates":[7.7293764,45.1075573]},"properties":{"type":"pakketpunt","locatieNaam":"Amazon Locker - lilliano","straatNaam":"Mario Soldati Torino","straatNr":"","vervoerder":"Amazon","puntType":"locker","bezettingsgraad":50,"latitude":45.1075573,"longitude":7.7293764,"canPickup":true,"canDropoff":false,"openingstijden":null}},{"type":"Feature","geometry":{"type":"Point","coordinates":[7.70401,45.125841]},"properties":{"type":"pakketpunt","locatieNaam":"Amazon Locker - branca","straatNaam":"Stazione Tamoil - PV 6225","straatNr":"","vervoerder":"Amazon","puntType":"locker","bezettingsgraad":50,"latitude":45.125841,"longitude":7.70401,"canPickup":true,"canDropoff":false,"openingstijden":null}},{"type":"Feature","geometry":{"type":"Point","coordinates":[7.703159,45.121927]},"properties":{"type":"pakketpunt","locatieNaam":"Amazon Locker - progresso","straatNaam":"Stazione IP - Torino - St. Cuorgne' Falchera","straatNr":"","vervoerder":"Amazon","puntType":"locker","bezettingsgraad":50,"latitude":45.121927,"longitude":7.703159,"canPickup":true,"canDropoff":false,"openingstijden":null}},{"type":"Feature","geometry":{"type":"Point","coordinates":[7.64125,45.019789]},"properties":{"type":"pakketpunt","locatieNaam":"Amazon Locker - properzio","straatNaam":"Stazione IP - Torino","straatNr":"","vervoerder":"Amazon","puntType":"locker","bezettingsgraad":50,"latitude":45.019789,"longitude":7.64125,"canPickup":true,"canDropoff":false,"openingstijden":null}},{"type":"Feature","geometry":{"type":"Point","coordinates":[7.63128,45.01864]},"properties":{"type":"pakketpunt","locatieNaam":"Amazon Locker - allegrino","straatNaam":"Speed Queen - Corso Unione Sovietica 497, Torino","straatNr":"","vervoerder":"Amazon","puntType":"locker","bezettingsgraad":50,"latitude":45.01864,"longitude":7.63128,"canPickup":true,"canDropoff":false,"openingstijden":null}},{"type":"Feature","geometry":{"type":"Point","coordinates":[7.653404,45.020403]},"properties":{"type":"pakketpunt","locatieNaam":"Amazon Locker - alboino","straatNaam":"Eni Station Pv.665","straatNr":"","vervoerder":"Amazon","puntType":"locker","bezettingsgraad":50,"latitude":45.020403,"longitude":7.653404,"canPickup":true,"canDropoff":false,"openingstijden":null}},{"type":"Feature","geometry":{"type":"Point","coordinates":[7.601637,45.037519]},"properties":{"type":"pakketpunt","locatieNaam":"Amazon Locker - alciso","straatNaam":"Eni Station Pv.997","straatNr":"","vervoerder":"Amazon","puntType":"locker","bezettingsgraad":50,"latitude":45.037519,"longitude":7.601637,"canPickup":true,"canDropoff":false,"openingstijden":null}},{"type":"Feature","geometry":{"type":"Point","coordinates":[7.6209199,45.0342401]},"properties":{"type":"pakketpunt","locatieNaam":"Amazon Locker - arete","straatNaam":"Q8 Easy pv.0583","straatNr":"","vervoerder":"Amazon","puntType":"locker","bezettingsgraad":50,"latitude":45.0342401,"longitude":7.6209199,"canPickup":true,"canDropoff":false,"openingstijden":null}},{"type":"Feature","geometry":{"type":"Point","coordinates":[7.62944,45.0419408]},"properties":{"type":"pakketpunt","locatieNaam":"Amazon Locker - fiora","straatNaam":"Q8 Stazione di benzina pv. 307","straatNr":"","vervoerder":"Amazon","puntType":"locker","bezettingsgraad":50,"latitude":45.0419408,"longitude":7.62944,"canPickup":true,"canDropoff":false,"openingstijden":null}},{"type":"Feature","geometry":{"type":"Point","coordinates":[7.62719,45.03847]},"properties":{"type":"pakketpunt","locatieNaam":"Amazon Locker - dondolo","straatNaam":"IN'S Gaidano","straatNr":"","vervoerder":"Amazon","puntType":"locker","bezettingsgraad":50,"latitude":45.03847,"longitude":7.62719,"canPickup":true,"canDropoff":false,"openingstijden":null}},{"type":"Feature","geometry":{"type":"Point","coordinates":[7.629411,45.04354]},"properties":{"type":"pakketpunt","locatieNaam":"Amazon Locker - orida","straatNaam":"Eni Station pv.56750_MOVE","straatNr":"","vervoerder":"Amazon","puntType":"locker","bezettingsgraad":50,"latitude":45.04354,"longitude":7.629411,"canPickup":true,"canDropoff":false,"openingstijden":null}},{"type":"Feature","geometry":{"type":"Point","coordinates":[7.61356,45.0321]},"properties":{"type":"pakketpunt","locatieNaam":"PuntoPoste TABACCHERIA N. 553","straatNaam":"STRADA DEL PORTONE 25","straatNr":"","vervoerder":"Amazon","puntType":"3p","bezettingsgraad":50,"latitude":45.0321,"longitude":7.61356,"canPickup":true,"canDropoff":false,"openingstijden":null}},{"type":"Feature","geometry":{"type":"Point","coordinates":[7.633061,45.037997]},"properties":{"type":"pakketpunt","locatieNaam":"Amazon Locker - falma","straatNaam":"Fermopoint / Speed Queen Torino Grazioli","straatNr":"","vervoerder":"Amazon","puntType":"locker","bezettingsgraad":50,"latitude":45.037997,"longitude":7.633061,"canPickup":true,"canDropoff":false,"openingstijden":null}},{"type":"Feature","geometry":{"type":"Point","coordinates":[7.6426663,45.0447707]},"properties":{"type":"pakketpunt","locatieNaam":"Amazon Locker - cataldina","straatNaam":"Eni Station pv.51362","straatNr":"","vervoerder":"Amazon","puntType":"locker","bezettingsgraad":50,"latitude":45.0447707,"longitude":7.6426663,"canPickup":true,"canDropoff":false,"openingstijden":null}},{"type":"Feature","geometry":{"type":"Point","coordinates":[7.6249027,45.0339867]},"properties":{"type":"pakketpunt","locatieNaam":"Amazon Locker - erinna","straatNaam":"Stellantis &You Torino","straatNr":"","vervoerder":"Amazon","puntType":"locker","bezettingsgraad":50,"latitude":45.0339867,"longitude":7.6249027,"canPickup":true,"canDropoff":false,"openingstijden":null}},{"type":"Feature","geometry":{"type":"Point","coordinates":[7.620866,45.0506465]},"properties":{"type":"pakketpunt","locatieNaam":"Amazon Locker - oronzio","straatNaam":"Stazione ESSO - Torino Allamano","straatNr":"","vervoerder":"Amazon","puntType":"locker","bezettingsgraad":50,"latitude":45.0506465,"longitude":7.620866,"canPickup":true,"canDropoff":false,"openingstijden":null}},{"type":"Feature","geometry":{"type":"Point","coordinates":[7.6434224,45.0389627]},"properties":{"type":"pakketpunt","locatieNaam":"Amazon Locker - diodoro","straatNaam":"Basko Torino","straatNr":"","vervoerder":"Amazon","puntType":"locker","bezettingsgraad":50,"latitude":45.0389627,"longitude":7.6434224,"canPickup":true,"canDropoff":false,"openingstijden":null}},{"type":"Feature","geometry":{"type":"Point","coordinates":[7.62395,45.03781]},"properties":{"type":"pakketpunt","locatieNaam":"Amazon Counter - ROXI BAR TABACCHI","straatNaam":"VIA GONIN 39","straatNr":"","vervoerder":"Amazon","puntType":"helix","bezettingsgraad":50,"latitude":45.03781,"longitude":7.62395,"canPickup":true,"canDropoff":false,"openingstijden":null}},{"type":"Feature","geometry":{"type":"Point","coordinates":[7.637749,45.042188]},"properties":{"type":"pakketpunt","locatieNaam":"Amazon Locker - chiara","straatNaam":"PAM TO-Orbassano","straatNr":"","vervoerder":"Amazon","puntType":"locker","bezettingsgraad":50,"latitude":45.042188,"longitude":7.637749,"canPickup":true,"canDropoff":false,"openingstijden":null}},{"type":"Feature","geometry":{"type":"Point","coordinates":[7.630428,45.038054]},"properties":{"type":"pakketpunt","locatieNaam":"Amazon Counter - BARBACCHI DI TOTARO VINCENZO","straatNaam":"CORSO ORBASSANO 297/B","straatNr":"","vervoerder":"Amazon","puntType":"helix","bezettingsgraad":50,"latitude":45.038054,"longitude":7.630428,"canPickup":true,"canDropoff":false,"openingstijden":null}},{"type":"Feature","geometry":{"type":"Point","coordinates":[7.6327428,45.0389596]},"properties":{"type":"pakketpunt","locatieNaam":"Amazon Locker - platone","straatNaam":"Eni Station Pv.757","straatNr":"","vervoerder":"Amazon","puntType":"locker","bezettingsgraad":50,"latitude":45.0389596,"longitude":7.6327428,"canPickup":true,"canDropoff":false,"openingstijden":null}},{"type":"Feature","geometry":{"type":"Point","coordinates":[7.621546,45.064394]},"properties":{"type":"pakketpunt","locatieNaam":"Amazon Locker - nayade","straatNaam":"Eni Station Pv.764","straatNr":"","vervoerder":"Amazon","puntType":"locker","bezettingsgraad":50,"latitude":45.064394,"longitude":7.621546,"canPickup":true,"canDropoff":false,"openingstijden":null}},{"type":"Feature","geometry":{"type":"Point","coordinates":[7.6222908,45.0681575]},"properties":{"type":"pakketpunt","locatieNaam":"Amazon Counter (fermopoint)","straatNaam":"Bar Dell'Amicizia","straatNr":"","vervoerder":"Amazon","puntType":"helix","bezettingsgraad":50,"latitude":45.0681575,"longitude":7.6222908,"canPickup":true,"canDropoff":false,"openingstijden":null}},{"type":"Feature","geometry":{"type":"Point","coordinates":[7.61882,45.07104]},"properties":{"type":"pakketpunt","locatieNaam":"Amazon Counter - BAR TABACCHI LA SVOLTA","straatNaam":"VIA DE SANCTIS FRANCESCO 47","straatNr":"","vervoerder":"Amazon","puntType":"helix","bezettingsgraad":50,"latitude":45.07104,"longitude":7.61882,"canPickup":true,"canDropoff":false,"openingstijden":null}},{"type":"Feature","geometry":{"type":"Point","coordinates":[7.6177511,45.0718442]},"properties":{"type":"pakketpunt","locatieNaam":"Amazon Counter - PRIMAEDICOLA","straatNaam":"PRIMA PAGINA DI IVAN DI F","straatNr":"","vervoerder":"Amazon","puntType":"helix","bezettingsgraad":50,"latitude":45.0718442,"longitude":7.6177511,"canPickup":true,"canDropoff":false,"openingstijden":null}},{"type":"Feature","geometry":{"type":"Point","coordinates":[7.630465,45.069778]},"properties":{"type":"pakketpunt","locatieNaam":"Amazon Locker - eskimo","straatNaam":"IN'S Sagra San Michele","straatNr":"","vervoerder":"Amazon","puntType":"locker","bezettingsgraad":50,"latitude":45.069778,"longitude":7.630465,"canPickup":true,"canDropoff":false,"openingstijden":null}},{"type":"Feature","geometry":{"type":"Point","coordinates":[7.620856,45.071845]},"properties":{"type":"pakketpunt","locatieNaam":"Amazon Counter - TABACCHERIA PANETTA DARIO","straatNaam":"VIA VANDALINO 20/A","straatNr":"","vervoerder":"Amazon","puntType":"helix","bezettingsgraad":50,"latitude":45.071845,"longitude":7.620856,"canPickup":true,"canDropoff":false,"openingstijden":null}},{"type":"Feature","geometry":{"type":"Point","coordinates":[7.62422,45.06899]},"properties":{"type":"pakketpunt","locatieNaam":"Amazon Counter - Prodotti da Forno","straatNaam":"Corso Filippo Brunelleschi, 67/F","straatNr":"","vervoerder":"Amazon","puntType":"helix","bezettingsgraad":50,"latitude":45.06899,"longitude":7.62422,"canPickup":true,"canDropoff":false,"openingstijden":null}},{"type":"Feature","geometry":{"type":"Point","coordinates":[7.62408,45.06781]},"properties":{"type":"pakketpunt","locatieNaam":"Amazon Counter - Tlab Torino C","straatNaam":"corso filippo brunelleschi, 84","straatNr":"","vervoerder":"Amazon","puntType":"helix","bezettingsgraad":50,"latitude":45.06781,"longitude":7.62408,"canPickup":true,"canDropoff":false,"openingstijden":null}},{"type":"Feature","geometry":{"type":"Point","coordinates":[7.6279378,45.0796355]},"properties":{"type":"pakketpunt","locatieNaam":"Amazon Locker - zoa","straatNaam":"U2 Asinari","straatNr":"","vervoerder":"Amazon","puntType":"locker","bezettingsgraad":50,"latitude":45.0796355,"longitude":7.6279378,"canPickup":true,"canDropoff":false,"openingstijden":null}},{"type":"Feature","geometry":{"type":"Point","coordinates":[7.6310595,45.0779849]},"properties":{"type":"pakketpunt","locatieNaam":"Amazon Locker - magma","straatNaam":"UNES Torino Pacchiotti","straatNr":"","vervoerder":"Amazon","puntType":"locker","bezettingsgraad":50,"latitude":45.0779849,"longitude":7.6310595,"canPickup":true,"canDropoff":false,"openingstijden":null}},{"type":"Feature","geometry":{"type":"Point","coordinates":[7.623608,45.081547]},"properties":{"type":"pakketpunt","locatieNaam":"Amazon Locker - onore","straatNaam":"Stazione IP - Torino - Pietro Cossa 107 (40860)","straatNr":"","vervoerder":"Amazon","puntType":"locker","bezettingsgraad":50,"latitude":45.081547,"longitude":7.623608,"canPickup":true,"canDropoff":false,"openingstijden":null}},{"type":"Feature","geometry":{"type":"Point","coordinates":[7.615868,45.071679]},"properties":{"type":"pakketpunt","locatieNaam":"Amazon Counter","straatNaam":"Monkey Smoke (fermopoint)","straatNr":"","vervoerder":"Amazon","puntType":"helix","bezettingsgraad":50,"latitude":45.071679,"longitude":7.615868,"canPickup":true,"canDropoff":false,"openingstijden":null}},{"type":"Feature","geometry":{"type":"Point","coordinates":[7.623381,45.07149]},"properties":{"type":"pakketpunt","locatieNaam":"Amazon Locker - marciana","straatNaam":"MERCATO'- Torino Brunelleschi","straatNr":"","vervoerder":"Amazon","puntType":"locker","bezettingsgraad":50,"latitude":45.07149,"longitude":7.623381,"canPickup":true,"canDropoff":false,"openingstijden":null}},{"type":"Feature","geometry":{"type":"Point","coordinates":[7.612656,45.070026]},"properties":{"type":"pakketpunt","locatieNaam":"Amazon Counter - TABACCHI ARTICOLO DA REGALO","straatNaam":"VIA ASIAGO 50","straatNr":"","vervoerder":"Amazon","puntType":"helix","bezettingsgraad":50,"latitude":45.070026,"longitude":7.612656,"canPickup":true,"canDropoff":false,"openingstijden":null}},{"type":"Feature","geometry":{"type":"Point","coordinates":[7.6137469,45.0699374]},"properties":{"type":"pakketpunt","locatieNaam":"Amazon Counter","straatNaam":"Aw Car Consulting Sas (fermopoint)","straatNr":"","vervoerder":"Amazon","puntType":"helix","bezettingsgraad":50,"latitude":45.0699374,"longitude":7.6137469,"canPickup":true,"canDropoff":false,"openingstijden":null}},{"type":"Feature","geometry":{"type":"Point","coordinates":[7.637872,45.099618]},"properties":{"type":"pakketpunt","locatieNaam":"Amazon Locker - Sardina","straatNaam":"Stazione Tamoil - PV 2440","straatNr":"","vervoerder":"Amazon","puntType":"locker","bezettingsgraad":50,"latitude":45.099618,"longitude":7.637872,"canPickup":true,"canDropoff":false,"openingstijden":null}},{"type":"Feature","geometry":{"type":"Point","coordinates":[7.637614,45.098277]},"properties":{"type":"pakketpunt","locatieNaam":"Amazon Locker - jamila","straatNaam":"Supermercato Coop Torino Molise","straatNr":"","vervoerder":"Amazon","puntType":"locker","bezettingsgraad":50,"latitude":45.098277,"longitude":7.637614,"canPickup":true,"canDropoff":false,"openingstijden":null}},{"type":"Feature","geometry":{"type":"Point","coordinates":[7.645881,45.110875]},"properties":{"type":"pakketpunt","locatieNaam":"Amazon Locker - odino","straatNaam":"Eni Station pv.55827","straatNr":"","vervoerder":"Amazon","puntType":"locker","bezettingsgraad":50,"latitude":45.110875,"longitude":7.645881,"canPickup":true,"canDropoff":false,"openingstijden":null}},{"type":"Feature","geometry":{"type":"Point","coordinates":[7.6261443,45.0875347]},"properties":{"type":"pakketpunt","locatieNaam":"Amazon Locker - marussia","straatNaam":"Q8 Stazione di benzina pv. 290","straatNr":"","vervoerder":"Amazon","puntType":"locker","bezettingsgraad":50,"latitude":45.0875347,"longitude":7.6261443,"canPickup":true,"canDropoff":false,"openingstijden":null}},{"type":"Feature","geometry":{"type":"Point","coordinates":[7.6306033,45.1043109]},"properties":{"type":"pakketpunt","locatieNaam":"Amazon Counter (fermopoint)","straatNaam":"L' Angolo Delle Spedizioni","straatNr":"","vervoerder":"Amazon","puntType":"helix","bezettingsgraad":50,"latitude":45.1043109,"longitude":7.6306033,"canPickup":true,"canDropoff":false,"openingstijden":null}},{"type":"Feature","geometry":{"type":"Point","coordinates":[7.63061,45.1044]},"properties":{"type":"pakketpunt","locatieNaam":"PuntoPoste ANGOLO DELLE SPEDIZIONI","straatNaam":"VIA DELLE VERBENE 11","straatNr":"","vervoerder":"Amazon","puntType":"3p","bezettingsgraad":50,"latitude":45.1044,"longitude":7.63061,"canPickup":true,"canDropoff":false,"openingstijden":null}},{"type":"Feature","geometry":{"type":"Point","coordinates":[7.628783,45.097623]},"properties":{"type":"pakketpunt","locatieNaam":"Amazon Locker - william","straatNaam":"Palazzo Leonardo","straatNr":"","vervoerder":"Amazon","puntType":"locker","bezettingsgraad":50,"latitude":45.097623,"longitude":7.628783,"canPickup":true,"canDropoff":false,"openingstijden":null}},{"type":"Feature","geometry":{"type":"Point","coordinates":[7.656508,45.096924]},"properties":{"type":"pakketpunt","locatieNaam":"Amazon Locker - minervina","straatNaam":"Q8 Stazione di benzina pv. 330","straatNr":"","vervoerder":"Amazon","puntType":"locker","bezettingsgraad":50,"latitude":45.096924,"longitude":7.656508,"canPickup":true,"canDropoff":false,"openingstijden":null}},{"type":"Feature","geometry":{"type":"Point","coordinates":[7.630084,45.098043]},"properties":{"type":"pakketpunt","locatieNaam":"Amazon Locker - florangela","straatNaam":"LocAutoDue Peugeot Torino Pianezza","straatNr":"","vervoerder":"Amazon","puntType":"locker","bezettingsgraad":50,"latitude":45.098043,"longitude":7.630084,"canPickup":true,"canDropoff":false,"openingstijden":null}},{"type":"Feature","geometry":{"type":"Point","coordinates":[7.663538,45.102835]},"properties":{"type":"pakketpunt","locatieNaam":"Amazon Locker - rafano","straatNaam":"IN'S To-Borgaro","straatNr":"","vervoerder":"Amazon","puntType":"locker","bezettingsgraad":50,"latitude":45.102835,"longitude":7.663538,"canPickup":true,"canDropoff":false,"openingstijden":null}},{"type":"Feature","geometry":{"type":"Point","coordinates":[7.6548602,45.1005166]},"properties":{"type":"pakketpunt","locatieNaam":"Amazon Locker - viridiana","straatNaam":"Carrefour DF Torino","straatNr":"","vervoerder":"Amazon","puntType":"locker","bezettingsgraad":50,"latitude":45.1005166,"longitude":7.6548602,"canPickup":true,"canDropoff":false,"openingstijden":null}},{"type":"Feature","geometry":{"type":"Point","coordinates":[7.63038,45.101448]},"properties":{"type":"pakketpunt","locatieNaam":"Amazon Locker - loffredo","straatNaam":"Villa Primule Torino","straatNr":"","vervoerder":"Amazon","puntType":"locker","bezettingsgraad":50,"latitude":45.101448,"longitude":7.63038,"canPickup":true,"canDropoff":false,"openingstijden":null}},{"type":"Feature","geometry":{"type":"Point","coordinates":[7.656162,45.092953]},"properties":{"type":"pakketpunt","locatieNaam":"Amazon Locker - gabri","straatNaam":"PAM Potenza","straatNr":"","vervoerder":"Amazon","puntType":"locker","bezettingsgraad":50,"latitude":45.092953,"longitude":7.656162,"canPickup":true,"canDropoff":false,"openingstijden":null}},{"type":"Feature","geometry":{"type":"Point","coordinates":[7.666796,45.0346165]},"properties":{"type":"pakketpunt","locatieNaam":"Amazon Locker - mentana","straatNaam":"Lingotto","straatNr":"","vervoerder":"Amazon","puntType":"locker","bezettingsgraad":50,"latitude":45.0346165,"longitude":7.666796,"canPickup":true,"canDropoff":false,"openingstijden":null}},{"type":"Feature","geometry":{"type":"Point","coordinates":[7.6654779,45.035021]},"properties":{"type":"pakketpunt","locatieNaam":"Amazon Locker - gino","straatNaam":"PAM Lingotto","straatNr":"","vervoerder":"Amazon","puntType":"locker","bezettingsgraad":50,"latitude":45.035021,"longitude":7.6654779,"canPickup":true,"canDropoff":false,"openingstijden":null}},{"type":"Feature","geometry":{"type":"Point","coordinates":[7.668595,45.037346]},"properties":{"type":"pakketpunt","locatieNaam":"Amazon Locker - abdelkrim","straatNaam":"Carrefour Torino Spezia","straatNr":"","vervoerder":"Amazon","puntType":"locker","bezettingsgraad":50,"latitude":45.037346,"longitude":7.668595,"canPickup":true,"canDropoff":false,"openingstijden":null}},{"type":"Feature","geometry":{"type":"Point","coordinates":[7.668785,45.035865]},"properties":{"type":"pakketpunt","locatieNaam":"Amazon Counter - PRIMAEDICOLA","straatNaam":"RONCO PAOLA","straatNr":"","vervoerder":"Amazon","puntType":"helix","bezettingsgraad":50,"latitude":45.035865,"longitude":7.668785,"canPickup":true,"canDropoff":false,"openingstijden":null}},{"type":"Feature","geometry":{"type":"Point","coordinates":[7.6669161,45.0319562]},"properties":{"type":"pakketpunt","locatieNaam":"Amazon Locker - fortino","straatNaam":"Reply Services  - Torino Nizza","straatNr":"","vervoerder":"Amazon","puntType":"locker","bezettingsgraad":50,"latitude":45.0319562,"longitude":7.6669161,"canPickup":true,"canDropoff":false,"openingstijden":null}},{"type":"Feature","geometry":{"type":"Point","coordinates":[7.671476,45.031581]},"properties":{"type":"pakketpunt","locatieNaam":"Amazon Counter","straatNaam":"Copisteria Flash (fermopoint)","straatNr":"","vervoerder":"Amazon","puntType":"helix","bezettingsgraad":50,"latitude":45.031581,"longitude":7.671476,"canPickup":true,"canDropoff":false,"openingstijden":null}},{"type":"Feature","geometry":{"type":"Point","coordinates":[7.67194,45.03803]},"properties":{"type":"pakketpunt","locatieNaam":"Amazon Counter - Tabaccheria","straatNaam":"via genova, 39","straatNr":"","vervoerder":"Amazon","puntType":"helix","bezettingsgraad":50,"latitude":45.03803,"longitude":7.67194,"canPickup":true,"canDropoff":false,"openingstijden":null}},{"type":"Feature","geometry":{"type":"Point","coordinates":[7.6688174,45.0359705]},"properties":{"type":"pakketpunt","locatieNaam":"Amazon Counter","straatNaam":"Ricevitoria Lotto-Torino (fermopoint)","straatNr":"","vervoerder":"Amazon","puntType":"helix","bezettingsgraad":50,"latitude":45.0359705,"longitude":7.6688174,"canPickup":true,"canDropoff":false,"openingstijden":null}},{"type":"Feature","geometry":{"type":"Point","coordinates":[7.66964,45.0322]},"properties":{"type":"pakketpunt","locatieNaam":"PuntoPoste TABACCHERIA N. 360","straatNaam":"VIA GENOVA 73/E","straatNr":"","vervoerder":"Amazon","puntType":"3p","bezettingsgraad":50,"latitude":45.0322,"longitude":7.66964,"canPickup":true,"canDropoff":false,"openingstijden":null}},{"type":"Feature","geometry":{"type":"Point","coordinates":[7.661151,45.044649]},"properties":{"type":"pakketpunt","locatieNaam":"Amazon Locker - brillante","straatNaam":"KOKO Unione","straatNr":"","vervoerder":"Amazon","puntType":"locker","bezettingsgraad":50,"latitude":45.044649,"longitude":7.661151,"canPickup":true,"canDropoff":false,"openingstijden":null}},{"type":"Feature","geometry":{"type":"Point","coordinates":[7.6680221711639,45.0296964262516]},"properties":{"type":"pakketpunt","locatieNaam":"Amazon Counter (fermopoint)","straatNaam":"Cartolibreria \"Aemme 95\"","straatNr":"","vervoerder":"Amazon","puntType":"helix","bezettingsgraad":50,"latitude":45.0296964262516,"longitude":7.6680221711639,"canPickup":true,"canDropoff":false,"openingstijden":null}},{"type":"Feature","geometry":{"type":"Point","coordinates":[7.669593,45.038172]},"properties":{"type":"pakketpunt","locatieNaam":"Amazon Counter - PRIMAEDICOLA","straatNaam":"INFOPOINT","straatNr":"","vervoerder":"Amazon","puntType":"helix","bezettingsgraad":50,"latitude":45.038172,"longitude":7.669593,"canPickup":true,"canDropoff":false,"openingstijden":null}},{"type":"Feature","geometry":{"type":"Point","coordinates":[7.67619,45.04207]},"properties":{"type":"pakketpunt","locatieNaam":"Amazon Locker - menelao","straatNaam":"PAM Torino Bramante","straatNr":"","vervoerder":"Amazon","puntType":"locker","bezettingsgraad":50,"latitude":45.04207,"longitude":7.67619,"canPickup":true,"canDropoff":false,"openingstijden":null}},{"type":"Feature","geometry":{"type":"Point","coordinates":[7.6797395,45.0530117]},"properties":{"type":"pakketpunt","locatieNaam":"Amazon Locker - walterina","straatNaam":"M.V.S. - PV.2192","straatNr":"","vervoerder":"Amazon","puntType":"locker","bezettingsgraad":50,"latitude":45.0530117,"longitude":7.6797395,"canPickup":true,"canDropoff":false,"openingstijden":null}},{"type":"Feature","geometry":{"type":"Point","coordinates":[7.67315,45.04681]},"properties":{"type":"pakketpunt","locatieNaam":"Amazon Locker - vanino","straatNaam":"Despar De Amicis - CDA SAS DI LEO CARMINE & C","straatNr":"","vervoerder":"Amazon","puntType":"locker","bezettingsgraad":50,"latitude":45.04681,"longitude":7.67315,"canPickup":true,"canDropoff":false,"openingstijden":null}},{"type":"Feature","geometry":{"type":"Point","coordinates":[7.6759775,45.047622]},"properties":{"type":"pakketpunt","locatieNaam":"Amazon Locker - fela","straatNaam":"Speed Queen Laundry Torino","straatNr":"","vervoerder":"Amazon","puntType":"locker","bezettingsgraad":50,"latitude":45.047622,"longitude":7.6759775,"canPickup":true,"canDropoff":false,"openingstijden":null}},{"type":"Feature","geometry":{"type":"Point","coordinates":[7.663242,45.021167]},"properties":{"type":"pakketpunt","locatieNaam":"Amazon Locker - fermilde","straatNaam":"FermoPoint / Speed Queen Torino Nizza","straatNr":"","vervoerder":"Amazon","puntType":"locker","bezettingsgraad":50,"latitude":45.021167,"longitude":7.663242,"canPickup":true,"canDropoff":false,"openingstijden":null}},{"type":"Feature","geometry":{"type":"Point","coordinates":[7.649518,45.051812]},"properties":{"type":"pakketpunt","locatieNaam":"Amazon Locker - inverno","straatNaam":"KOKO","straatNr":"","vervoerder":"Amazon","puntType":"locker","bezettingsgraad":50,"latitude":45.051812,"longitude":7.649518,"canPickup":true,"canDropoff":false,"openingstijden":null}},{"type":"Feature","geometry":{"type":"Point","coordinates":[7.68813,45.0292]},"properties":{"type":"pakketpunt","locatieNaam":"PuntoPoste TABACCHERIA N. 120","straatNaam":"STRADA DEI RONCHI 4","straatNr":"","vervoerder":"Amazon","puntType":"3p","bezettingsgraad":50,"latitude":45.0292,"longitude":7.68813,"canPickup":true,"canDropoff":false,"openingstijden":null}},{"type":"Feature","geometry":{"type":"Point","coordinates":[7.663366,45.073465]},"properties":{"type":"pakketpunt","locatieNaam":"Amazon Locker - marianella","straatNaam":"Lavanderia SPEED QUEEN Via Duchessa Jolanda 11","straatNr":"","vervoerder":"Amazon","puntType":"locker","bezettingsgraad":50,"latitude":45.073465,"longitude":7.663366,"canPickup":true,"canDropoff":false,"openingstijden":null}},{"type":"Feature","geometry":{"type":"Point","coordinates":[7.665411,45.06889]},"properties":{"type":"pakketpunt","locatieNaam":"Amazon Counter - EMPANADAS DON SALO","straatNaam":"Via Sant'Antonio Da Padova, 12","straatNr":"","vervoerder":"Amazon","puntType":"helix","bezettingsgraad":50,"latitude":45.06889,"longitude":7.665411,"canPickup":true,"canDropoff":false,"openingstijden":null}},{"type":"Feature","geometry":{"type":"Point","coordinates":[7.671198,45.072689]},"properties":{"type":"pakketpunt","locatieNaam":"Amazon Counter - PRIMAEDICOLA","straatNaam":"SERAFINO ANTONIO","straatNr":"","vervoerder":"Amazon","puntType":"helix","bezettingsgraad":50,"latitude":45.072689,"longitude":7.671198,"canPickup":true,"canDropoff":false,"openingstijden":null}},{"type":"Feature","geometry":{"type":"Point","coordinates":[7.6638423,45.0674864]},"properties":{"type":"pakketpunt","locatieNaam":"Amazon Counter - PRIMAEDICOLA","straatNaam":"TUTTIFRUTTI DI LORE' MACC","straatNr":"","vervoerder":"Amazon","puntType":"helix","bezettingsgraad":50,"latitude":45.0674864,"longitude":7.6638423,"canPickup":true,"canDropoff":false,"openingstijden":null}},{"type":"Feature","geometry":{"type":"Point","coordinates":[7.649395,45.065659]},"properties":{"type":"pakketpunt","locatieNaam":"Amazon Locker - evaldo","straatNaam":"Conad - Torino, Via Cesana","straatNr":"","vervoerder":"Amazon","puntType":"locker","bezettingsgraad":50,"latitude":45.065659,"longitude":7.649395,"canPickup":true,"canDropoff":false,"openingstijden":null}},{"type":"Feature","geometry":{"type":"Point","coordinates":[7.650591,45.080522]},"properties":{"type":"pakketpunt","locatieNaam":"Amazon Locker - teodoro","straatNaam":"PAM Svizzera","straatNr":"","vervoerder":"Amazon","puntType":"locker","bezettingsgraad":50,"latitude":45.080522,"longitude":7.650591,"canPickup":true,"canDropoff":false,"openingstijden":null}},{"type":"Feature","geometry":{"type":"Point","coordinates":[7.6459471,45.0795013]},"properties":{"type":"pakketpunt","locatieNaam":"Amazon Locker - alcino","straatNaam":"Eni Station Pv.904","straatNr":"","vervoerder":"Amazon","puntType":"locker","bezettingsgraad":50,"latitude":45.0795013,"longitude":7.6459471,"canPickup":true,"canDropoff":false,"openingstijden":null}},{"type":"Feature","geometry":{"type":"Point","coordinates":[7.693782,45.067109]},"properties":{"type":"pakketpunt","locatieNaam":"Amazon Locker - eraclio","straatNaam":"PAM Franchising - Borello Torino Aldo Moro","straatNr":"","vervoerder":"Amazon","puntType":"locker","bezettingsgraad":50,"latitude":45.067109,"longitude":7.693782,"canPickup":true,"canDropoff":false,"openingstijden":null}},{"type":"Feature","geometry":{"type":"Point","coordinates":[7.6728336,45.0651517]},"properties":{"type":"pakketpunt","locatieNaam":"Amazon Locker - briciola","straatNaam":"Sigma Torino - Corso Vittorio Emanuele II","straatNr":"","vervoerder":"Amazon","puntType":"locker","bezettingsgraad":50,"latitude":45.0651517,"longitude":7.6728336,"canPickup":true,"canDropoff":false,"openingstijden":null}},{"type":"Feature","geometry":{"type":"Point","coordinates":[7.67285,45.0746]},"properties":{"type":"pakketpunt","locatieNaam":"PuntoPoste TABACCHERIA N. 322","straatNaam":"CORSO PALESTRO 6","straatNr":"","vervoerder":"Amazon","puntType":"3p","bezettingsgraad":50,"latitude":45.0746,"longitude":7.67285,"canPickup":true,"canDropoff":false,"openingstijden":null}},{"type":"Feature","geometry":{"type":"Point","coordinates":[7.6413815,45.0597018]},"properties":{"type":"pakketpunt","locatieNaam":"Amazon Locker - aliberto","straatNaam":"Centro Commerciale San Paolo","straatNr":"","vervoerder":"Amazon","puntType":"locker","bezettingsgraad":50,"latitude":45.0597018,"longitude":7.6413815,"canPickup":true,"canDropoff":false,"openingstijden":null}},{"type":"Feature","geometry":{"type":"Point","coordinates":[7.676863,45.064165]},"properties":{"type":"pakketpunt","locatieNaam":"Amazon Counter","straatNaam":"Non solo Essenze Bioprofumeria (fermopoint)","straatNr":"","vervoerder":"Amazon","puntType":"helix","bezettingsgraad":50,"latitude":45.064165,"longitude":7.676863,"canPickup":true,"canDropoff":false,"openingstijden":null}},{"type":"Feature","geometry":{"type":"Point","coordinates":[7.6781034,45.0736443]},"properties":{"type":"pakketpunt","locatieNaam":"Giunti al Punto","straatNaam":"Via Garibaldi 33","straatNr":"","vervoerder":"Amazon","puntType":"helix","bezettingsgraad":50,"latitude":45.0736443,"longitude":7.6781034,"canPickup":true,"canDropoff":false,"openingstijden":null}},{"type":"Feature","geometry":{"type":"Point","coordinates":[7.715257,45.068254]},"properties":{"type":"pakketpunt","locatieNaam":"Amazon Counter - VELODROMO 2.0 DI COMO TIZIANO","straatNaam":"CORSO CASALE 122/F","straatNr":"","vervoerder":"Amazon","puntType":"helix","bezettingsgraad":50,"latitude":45.068254,"longitude":7.715257,"canPickup":true,"canDropoff":false,"openingstijden":null}},{"type":"Feature","geometry":{"type":"Point","coordinates":[7.715053,45.068276]},"properties":{"type":"pakketpunt","locatieNaam":"Amazon Counter (fermopoint)","straatNaam":"Posta Centrale di Gai Cristina","straatNr":"","vervoerder":"Amazon","puntType":"helix","bezettingsgraad":50,"latitude":45.068276,"longitude":7.715053,"canPickup":true,"canDropoff":false,"openingstijden":null}},{"type":"Feature","geometry":{"type":"Point","coordinates":[7.702691,45.071062]},"properties":{"type":"pakketpunt","locatieNaam":"Amazon Locker - intarsio","straatNaam":"Speed Queen - Torino Largo Berardi","straatNr":"","vervoerder":"Amazon","puntType":"locker","bezettingsgraad":50,"latitude":45.071062,"longitude":7.702691,"canPickup":true,"canDropoff":false,"openingstijden":null}},{"type":"Feature","geometry":{"type":"Point","coordinates":[7.699465,45.068754]},"properties":{"type":"pakketpunt","locatieNaam":"Amazon Counter - PRIMAEDICOLA","straatNaam":"D'AIUTO ACHILLE","straatNr":"","vervoerder":"Amazon","puntType":"helix","bezettingsgraad":50,"latitude":45.068754,"longitude":7.699465,"canPickup":true,"canDropoff":false,"openingstijden":null}},{"type":"Feature","geometry":{"type":"Point","coordinates":[7.6743098,45.1111436]},"properties":{"type":"pakketpunt","locatieNaam":"Amazon Locker - Camaleonte","straatNaam":"API Torino","straatNr":"","vervoerder":"Amazon","puntType":"locker","bezettingsgraad":50,"latitude":45.1111436,"longitude":7.6743098,"canPickup":true,"canDropoff":false,"openingstijden":null}},{"type":"Feature","geometry":{"type":"Point","coordinates":[7.6842205,45.1022822]},"properties":{"type":"pakketpunt","locatieNaam":"Amazon Locker - raffaella","straatNaam":"UNES Cascina Fossata","straatNr":"","vervoerder":"Amazon","puntType":"locker","bezettingsgraad":50,"latitude":45.1022822,"longitude":7.6842205,"canPickup":true,"canDropoff":false,"openingstijden":null}},{"type":"Feature","geometry":{"type":"Point","coordinates":[7.66335,45.1071]},"properties":{"type":"pakketpunt","locatieNaam":"PuntoPoste AMICI STORE","straatNaam":"VIA ETTORE STAMPINI 14","straatNr":"","vervoerder":"Amazon","puntType":"3p","bezettingsgraad":50,"latitude":45.1071,"longitude":7.66335,"canPickup":true,"canDropoff":false,"openingstijden":null}},{"type":"Feature","geometry":{"type":"Point","coordinates":[7.678756,45.102456]},"properties":{"type":"pakketpunt","locatieNaam":"Amazon Counter (fermopoint)","straatNaam":"Stock Stock Mystery Box","straatNr":"","vervoerder":"Amazon","puntType":"helix","bezettingsgraad":50,"latitude":45.102456,"longitude":7.678756,"canPickup":true,"canDropoff":false,"openingstijden":null}},{"type":"Feature","geometry":{"type":"Point","coordinates":[7.675957,45.099342]},"properties":{"type":"pakketpunt","locatieNaam":"Amazon Counter (fermopoint)","straatNaam":"La Posta Priv.Naz. Torino","straatNr":"","vervoerder":"Amazon","puntType":"helix","bezettingsgraad":50,"latitude":45.099342,"longitude":7.675957,"canPickup":true,"canDropoff":false,"openingstijden":null}},{"type":"Feature","geometry":{"type":"Point","coordinates":[7.6596755,45.0961424]},"properties":{"type":"pakketpunt","locatieNaam":"Amazon Locker - ameglio","straatNaam":"Fermopoint / Speed Queen - Lavanderia Self Service","straatNr":"","vervoerder":"Amazon","puntType":"locker","bezettingsgraad":50,"latitude":45.0961424,"longitude":7.6596755,"canPickup":true,"canDropoff":false,"openingstijden":null}},{"type":"Feature","geometry":{"type":"Point","coordinates":[7.6851105,45.1057783]},"properties":{"type":"pakketpunt","locatieNaam":"Amazon Counter (fermopoint)","straatNaam":"Mondo Caffè","straatNr":"","vervoerder":"Amazon","puntType":"helix","bezettingsgraad":50,"latitude":45.1057783,"longitude":7.6851105,"canPickup":true,"canDropoff":false,"openingstijden":null}},{"type":"Feature","geometry":{"type":"Point","coordinates":[7.6981779,45.1107345]},"properties":{"type":"pakketpunt","locatieNaam":"Amazon Locker - feruccio","straatNaam":"Eni Station pv.628","straatNr":"","vervoerder":"Amazon","puntType":"locker","bezettingsgraad":50,"latitude":45.1107345,"longitude":7.6981779,"canPickup":true,"canDropoff":false,"openingstijden":null}},{"type":"Feature","geometry":{"type":"Point","coordinates":[7.7246129,45.1006589]},"properties":{"type":"pakketpunt","locatieNaam":"Amazon Counter (fermopoint)","straatNaam":"Riv.118 Fabiano Federico","straatNr":"","vervoerder":"Amazon","puntType":"helix","bezettingsgraad":50,"latitude":45.1006589,"longitude":7.7246129,"canPickup":true,"canDropoff":false,"openingstijden":null}},{"type":"Feature","geometry":{"type":"Point","coordinates":[7.714,45.118361]},"properties":{"type":"pakketpunt","locatieNaam":"Amazon Locker - contaldo","straatNaam":"CC CEETRUS - TORINO","straatNr":"","vervoerder":"Amazon","puntType":"locker","bezettingsgraad":50,"latitude":45.118361,"longitude":7.714,"canPickup":true,"canDropoff":false,"openingstijden":null}},{"type":"Feature","geometry":{"type":"Point","coordinates":[7.703901,45.106528]},"properties":{"type":"pakketpunt","locatieNaam":"Amazon Locker - fortunata","straatNaam":"Eni Station Pv.587","straatNr":"","vervoerder":"Amazon","puntType":"locker","bezettingsgraad":50,"latitude":45.106528,"longitude":7.703901,"canPickup":true,"canDropoff":false,"openingstijden":null}},{"type":"Feature","geometry":{"type":"Point","coordinates":[7.7436746,45.1211844]},"properties":{"type":"pakketpunt","locatieNaam":"Amazon Locker - norberto","straatNaam":"Eni Station pv.747","straatNr":"","vervoerder":"Amazon","puntType":"locker","bezettingsgraad":50,"latitude":45.1211844,"longitude":7.7436746,"canPickup":true,"canDropoff":false,"openingstijden":null}},{"type":"Feature","geometry":{"type":"Point","coordinates":[7.60835,45.0207]},"properties":{"type":"pakketpunt","locatieNaam":"PuntoPoste TABACCHERIA N. 467","straatNaam":"VIA GIOVANNI ROVEDA 17/E","straatNr":"","vervoerder":"Amazon","puntType":"3p","bezettingsgraad":50,"latitude":45.0207,"longitude":7.60835,"canPickup":true,"canDropoff":false,"openingstijden":null}},{"type":"Feature","geometry":{"type":"Point","coordinates":[7.61151,45.0209]},"properties":{"type":"pakketpunt","locatieNaam":"Ufficio Postale TORINO 75","straatNaam":"VIA CELESTE NEGARVILLE 8-26","straatNr":"","vervoerder":"Amazon","puntType":"3p","bezettingsgraad":50,"latitude":45.0209,"longitude":7.61151,"canPickup":true,"canDropoff":false,"openingstijden":null}},{"type":"Feature","geometry":{"type":"Point","coordinates":[7.637051,45.021904]},"properties":{"type":"pakketpunt","locatieNaam":"Amazon Counter - TABACCHERIA BOROTTO","straatNaam":"VIA ONORATO VIGLIANI 14/B","straatNr":"","vervoerder":"Amazon","puntType":"helix","bezettingsgraad":50,"latitude":45.021904,"longitude":7.637051,"canPickup":true,"canDropoff":false,"openingstijden":null}},{"type":"Feature","geometry":{"type":"Point","coordinates":[7.63954,45.01999]},"properties":{"type":"pakketpunt","locatieNaam":"Amazon Hub Counter - Presto che è tardi","straatNaam":"Strada delle Cacce 16","straatNr":"","vervoerder":"Amazon","puntType":"helix","bezettingsgraad":50,"latitude":45.01999,"longitude":7.63954,"canPickup":true,"canDropoff":false,"openingstijden":null}},{"type":"Feature","geometry":{"type":"Point","coordinates":[7.63952,45.0199]},"properties":{"type":"pakketpunt","locatieNaam":"PuntoPoste PRESTO CHE E' TARDI","straatNaam":"STRADA DELLE CACCE 16","straatNr":"","vervoerder":"Amazon","puntType":"3p","bezettingsgraad":50,"latitude":45.0199,"longitude":7.63952,"canPickup":true,"canDropoff":false,"openingstijden":null}},{"type":"Feature","geometry":{"type":"Point","coordinates":[7.64197,45.02185]},"properties":{"type":"pakketpunt","locatieNaam":"Amazon Counter - PRIMAEDICOLA","straatNaam":"POMERO SERGIO","straatNr":"","vervoerder":"Amazon","puntType":"helix","bezettingsgraad":50,"latitude":45.02185,"longitude":7.64197,"canPickup":true,"canDropoff":false,"openingstijden":null}},{"type":"Feature","geometry":{"type":"Point","coordinates":[7.63072,45.0183]},"properties":{"type":"pakketpunt","locatieNaam":"PuntoPoste TABACCHERIA N. 233","straatNaam":"CORSO UNIONE SOVIETICA 505/C","straatNr":"","vervoerder":"Amazon","puntType":"3p","bezettingsgraad":50,"latitude":45.0183,"longitude":7.63072,"canPickup":true,"canDropoff":false,"openingstijden":null}},{"type":"Feature","geometry":{"type":"Point","coordinates":[7.628512,45.016266]},"properties":{"type":"pakketpunt","locatieNaam":"Amazon Counter - TABACCHI PROFUMERIA","straatNaam":"CORSO UNIONE SOVIETICA 545","straatNr":"","vervoerder":"Amazon","puntType":"helix","bezettingsgraad":50,"latitude":45.016266,"longitude":7.628512,"canPickup":true,"canDropoff":false,"openingstijden":null}},{"type":"Feature","geometry":{"type":"Point","coordinates":[7.643995,45.023325]},"properties":{"type":"pakketpunt","locatieNaam":"Amazon Locker - adamo","straatNaam":"PAM Traiano","straatNr":"","vervoerder":"Amazon","puntType":"locker","bezettingsgraad":50,"latitude":45.023325,"longitude":7.643995,"canPickup":true,"canDropoff":false,"openingstijden":null}},{"type":"Feature","geometry":{"type":"Point","coordinates":[7.63519,45.050528]},"properties":{"type":"pakketpunt","locatieNaam":"Amazon Locker - martire","straatNaam":"Q8 Stazione di benzina pv. 265","straatNr":"","vervoerder":"Amazon","puntType":"locker","bezettingsgraad":50,"latitude":45.050528,"longitude":7.63519,"canPickup":true,"canDropoff":false,"openingstijden":null}},{"type":"Feature","geometry":{"type":"Point","coordinates":[7.621399,45.041111]},"properties":{"type":"pakketpunt","locatieNaam":"Amazon Counter - Sally frutta e verdura","straatNaam":"Via Paolo Gaidano 109","straatNr":"","vervoerder":"Amazon","puntType":"helix","bezettingsgraad":50,"latitude":45.041111,"longitude":7.621399,"canPickup":true,"canDropoff":false,"openingstijden":null}},{"type":"Feature","geometry":{"type":"Point","coordinates":[7.634872,45.042854]},"properties":{"type":"pakketpunt","locatieNaam":"Amazon Locker - doblone","straatNaam":"IN'S Boston","straatNr":"","vervoerder":"Amazon","puntType":"locker","bezettingsgraad":50,"latitude":45.042854,"longitude":7.634872,"canPickup":true,"canDropoff":false,"openingstijden":null}},{"type":"Feature","geometry":{"type":"Point","coordinates":[7.630095,45.044337]},"properties":{"type":"pakketpunt","locatieNaam":"Amazon Counter - Pret a Cafe","straatNaam":"Via Boston 135","straatNr":"","vervoerder":"Amazon","puntType":"helix","bezettingsgraad":50,"latitude":45.044337,"longitude":7.630095,"canPickup":true,"canDropoff":false,"openingstijden":null}},{"type":"Feature","geometry":{"type":"Point","coordinates":[7.62942350000001,45.044305028441]},"properties":{"type":"pakketpunt","locatieNaam":"Amazon Counter (fermopoint)","straatNaam":"Povero Riccardo Antonio","straatNr":"","vervoerder":"Amazon","puntType":"helix","bezettingsgraad":50,"latitude":45.044305028441,"longitude":7.62942350000001,"canPickup":true,"canDropoff":false,"openingstijden":null}},{"type":"Feature","geometry":{"type":"Point","coordinates":[7.63291,45.0401]},"properties":{"type":"pakketpunt","locatieNaam":"PuntoPoste TABACCHERIA N. 488","straatNaam":"PIAZZA PITAGORA 18","straatNr":"","vervoerder":"Amazon","puntType":"3p","bezettingsgraad":50,"latitude":45.0401,"longitude":7.63291,"canPickup":true,"canDropoff":false,"openingstijden":null}},{"type":"Feature","geometry":{"type":"Point","coordinates":[7.635466,45.045314]},"properties":{"type":"pakketpunt","locatieNaam":"Amazon Locker - nico","straatNaam":"Fermopoint/Speed Queen","straatNr":"","vervoerder":"Amazon","puntType":"locker","bezettingsgraad":50,"latitude":45.045314,"longitude":7.635466,"canPickup":true,"canDropoff":false,"openingstijden":null}},{"type":"Feature","geometry":{"type":"Point","coordinates":[7.629418,45.044262]},"properties":{"type":"pakketpunt","locatieNaam":"Amazon Counter - TABACCHERIA GUALTIERI","straatNaam":"VIA GUIDO RENI 153/B","straatNr":"","vervoerder":"Amazon","puntType":"helix","bezettingsgraad":50,"latitude":45.044262,"longitude":7.629418,"canPickup":true,"canDropoff":false,"openingstijden":null}},{"type":"Feature","geometry":{"type":"Point","coordinates":[7.632359,45.039477]},"properties":{"type":"pakketpunt","locatieNaam":"Amazon Counter - PRIMAEDICOLA","straatNaam":"FONTANA ANTONIETTA","straatNr":"","vervoerder":"Amazon","puntType":"helix","bezettingsgraad":50,"latitude":45.039477,"longitude":7.632359,"canPickup":true,"canDropoff":false,"openingstijden":null}},{"type":"Feature","geometry":{"type":"Point","coordinates":[7.633229,45.061679]},"properties":{"type":"pakketpunt","locatieNaam":"Amazon Counter - DA  GINA","straatNaam":"VIA GUIDO BOGGIANI , 6","straatNr":"","vervoerder":"Amazon","puntType":"helix","bezettingsgraad":50,"latitude":45.061679,"longitude":7.633229,"canPickup":true,"canDropoff":false,"openingstijden":null}},{"type":"Feature","geometry":{"type":"Point","coordinates":[7.6321976,45.0645748]},"properties":{"type":"pakketpunt","locatieNaam":"Amazon Counter - Tabacchi Lotto ","straatNaam":"Via Monginevro , 156/b","straatNr":"","vervoerder":"Amazon","puntType":"helix","bezettingsgraad":50,"latitude":45.0645748,"longitude":7.6321976,"canPickup":true,"canDropoff":false,"openingstijden":null}},{"type":"Feature","geometry":{"type":"Point","coordinates":[7.650022,45.053083]},"properties":{"type":"pakketpunt","locatieNaam":"Amazon Locker - nunzia","straatNaam":"PAM Racconigi","straatNr":"","vervoerder":"Amazon","puntType":"locker","bezettingsgraad":50,"latitude":45.053083,"longitude":7.650022,"canPickup":true,"canDropoff":false,"openingstijden":null}},{"type":"Feature","geometry":{"type":"Point","coordinates":[7.642356,45.05914]},"properties":{"type":"pakketpunt","locatieNaam":"Amazon Locker - lella","straatNaam":"Campus Sanpaolo","straatNr":"","vervoerder":"Amazon","puntType":"locker","bezettingsgraad":50,"latitude":45.05914,"longitude":7.642356,"canPickup":true,"canDropoff":false,"openingstijden":null}},{"type":"Feature","geometry":{"type":"Point","coordinates":[7.63334,45.06478]},"properties":{"type":"pakketpunt","locatieNaam":"Amazon Counter - IDEA FOTO","straatNaam":"via Stelvio , 4/B","straatNr":"","vervoerder":"Amazon","puntType":"helix","bezettingsgraad":50,"latitude":45.06478,"longitude":7.63334,"canPickup":true,"canDropoff":false,"openingstijden":null}},{"type":"Feature","geometry":{"type":"Point","coordinates":[7.636415,45.065095]},"properties":{"type":"pakketpunt","locatieNaam":"Amazon Counter - TABACCHERIA N 363","straatNaam":"CORSO TRAPANI 146","straatNr":"","vervoerder":"Amazon","puntType":"helix","bezettingsgraad":50,"latitude":45.065095,"longitude":7.636415,"canPickup":true,"canDropoff":false,"openingstijden":null}},{"type":"Feature","geometry":{"type":"Point","coordinates":[7.63862,45.061678]},"properties":{"type":"pakketpunt","locatieNaam":"Amazon Counter - Bar Tulipano","straatNaam":"Largo Vincenzo Lancia , 58","straatNr":"","vervoerder":"Amazon","puntType":"helix","bezettingsgraad":50,"latitude":45.061678,"longitude":7.63862,"canPickup":true,"canDropoff":false,"openingstijden":null}},{"type":"Feature","geometry":{"type":"Point","coordinates":[7.648277,45.0588441]},"properties":{"type":"pakketpunt","locatieNaam":"Amazon Locker - orfelina","straatNaam":"Mercatino Torino - San Paolo","straatNr":"","vervoerder":"Amazon","puntType":"locker","bezettingsgraad":50,"latitude":45.0588441,"longitude":7.648277,"canPickup":true,"canDropoff":false,"openingstijden":null}},{"type":"Feature","geometry":{"type":"Point","coordinates":[7.6297699,45.07733]},"properties":{"type":"pakketpunt","locatieNaam":"Amazon Locker - Suppli","straatNaam":"Speed Queen - Strada del Lionetto, TO","straatNr":"","vervoerder":"Amazon","puntType":"locker","bezettingsgraad":50,"latitude":45.07733,"longitude":7.6297699,"canPickup":true,"canDropoff":false,"openingstijden":null}},{"type":"Feature","geometry":{"type":"Point","coordinates":[7.636331,45.083705]},"properties":{"type":"pakketpunt","locatieNaam":"Amazon Locker - aquila","straatNaam":"Eni Station Pv.52935","straatNr":"","vervoerder":"Amazon","puntType":"locker","bezettingsgraad":50,"latitude":45.083705,"longitude":7.636331,"canPickup":true,"canDropoff":false,"openingstijden":null}},{"type":"Feature","geometry":{"type":"Point","coordinates":[7.636258,45.081279]},"properties":{"type":"pakketpunt","locatieNaam":"Amazon Locker - adelasia","straatNaam":"PAM Torino Salbertrand","straatNr":"","vervoerder":"Amazon","puntType":"locker","bezettingsgraad":50,"latitude":45.081279,"longitude":7.636258,"canPickup":true,"canDropoff":false,"openingstijden":null}},{"type":"Feature","geometry":{"type":"Point","coordinates":[7.644881,45.080573]},"properties":{"type":"pakketpunt","locatieNaam":"Amazon Locker - albarosa","straatNaam":"Sigma Torino - Belli","straatNr":"","vervoerder":"Amazon","puntType":"locker","bezettingsgraad":50,"latitude":45.080573,"longitude":7.644881,"canPickup":true,"canDropoff":false,"openingstijden":null}},{"type":"Feature","geometry":{"type":"Point","coordinates":[7.631762,45.079335]},"properties":{"type":"pakketpunt","locatieNaam":"Amazon Counter - TABACCHERIA MANAGO'","straatNaam":"VIA ASINARI DI BERNEZZO 62","straatNr":"","vervoerder":"Amazon","puntType":"helix","bezettingsgraad":50,"latitude":45.079335,"longitude":7.631762,"canPickup":true,"canDropoff":false,"openingstijden":null}},{"type":"Feature","geometry":{"type":"Point","coordinates":[7.628915,45.076012]},"properties":{"type":"pakketpunt","locatieNaam":"Amazon Counter - TABACCHERIA GUELI THOMAS","straatNaam":"VIA GIANFRANCESCO RE 11","straatNr":"","vervoerder":"Amazon","puntType":"helix","bezettingsgraad":50,"latitude":45.076012,"longitude":7.628915,"canPickup":true,"canDropoff":false,"openingstijden":null}},{"type":"Feature","geometry":{"type":"Point","coordinates":[7.6458537,45.083357]},"properties":{"type":"pakketpunt","locatieNaam":"Amazon Locker - angelantonio","straatNaam":"Eni Station Pv. 51329","straatNr":"","vervoerder":"Amazon","puntType":"locker","bezettingsgraad":50,"latitude":45.083357,"longitude":7.6458537,"canPickup":true,"canDropoff":false,"openingstijden":null}},{"type":"Feature","geometry":{"type":"Point","coordinates":[7.63222,45.0819]},"properties":{"type":"pakketpunt","locatieNaam":"PuntoPoste TABACCHERIA N. 355","straatNaam":"PIAZZA TOMMASO CAMPANELLA 7","straatNr":"","vervoerder":"Amazon","puntType":"3p","bezettingsgraad":50,"latitude":45.0819,"longitude":7.63222,"canPickup":true,"canDropoff":false,"openingstijden":null}},{"type":"Feature","geometry":{"type":"Point","coordinates":[7.6220342,45.0816272]},"properties":{"type":"pakketpunt","locatieNaam":"Amazon Locker - vincenzina","straatNaam":"Itaca Torino","straatNr":"","vervoerder":"Amazon","puntType":"locker","bezettingsgraad":50,"latitude":45.0816272,"longitude":7.6220342,"canPickup":true,"canDropoff":false,"openingstijden":null}},{"type":"Feature","geometry":{"type":"Point","coordinates":[7.62552,45.07721]},"properties":{"type":"pakketpunt","locatieNaam":"Amazon Counter - PRIMAEDICOLA","straatNaam":"157 DI STROCCHIA","straatNr":"","vervoerder":"Amazon","puntType":"helix","bezettingsgraad":50,"latitude":45.07721,"longitude":7.62552,"canPickup":true,"canDropoff":false,"openingstijden":null}},{"type":"Feature","geometry":{"type":"Point","coordinates":[7.65677,45.0266]},"properties":{"type":"pakketpunt","locatieNaam":"PuntoPoste TABACCHERIA N. 390","straatNaam":"VIA MARIO PANNUNZIO 1","straatNr":"","vervoerder":"Amazon","puntType":"3p","bezettingsgraad":50,"latitude":45.0266,"longitude":7.65677,"canPickup":true,"canDropoff":false,"openingstijden":null}},{"type":"Feature","geometry":{"type":"Point","coordinates":[7.6547652,45.0239519]},"properties":{"type":"pakketpunt","locatieNaam":"Amazon Counter - TABACCHERIA MORRA","straatNaam":"VIA PASSO BUOLE 59","straatNr":"","vervoerder":"Amazon","puntType":"helix","bezettingsgraad":50,"latitude":45.0239519,"longitude":7.6547652,"canPickup":true,"canDropoff":false,"openingstijden":null}},{"type":"Feature","geometry":{"type":"Point","coordinates":[7.6537863,45.0244982]},"properties":{"type":"pakketpunt","locatieNaam":"Amazon Counter (fermopoint)","straatNaam":"Carto66","straatNr":"","vervoerder":"Amazon","puntType":"helix","bezettingsgraad":50,"latitude":45.0244982,"longitude":7.6537863,"canPickup":true,"canDropoff":false,"openingstijden":null}},{"type":"Feature","geometry":{"type":"Point","coordinates":[7.65479,45.024]},"properties":{"type":"pakketpunt","locatieNaam":"PuntoPoste TABACCHERIA N. 117","straatNaam":"VIA PASSO BUOLE 59/A","straatNr":"","vervoerder":"Amazon","puntType":"3p","bezettingsgraad":50,"latitude":45.024,"longitude":7.65479,"canPickup":true,"canDropoff":false,"openingstijden":null}},{"type":"Feature","geometry":{"type":"Point","coordinates":[7.6533222,45.0170065]},"properties":{"type":"pakketpunt","locatieNaam":"Amazon Locker - arazzo","straatNaam":"Eni Station Pv.626","straatNr":"","vervoerder":"Amazon","puntType":"locker","bezettingsgraad":50,"latitude":45.0170065,"longitude":7.6533222,"canPickup":true,"canDropoff":false,"openingstijden":null}},{"type":"Feature","geometry":{"type":"Point","coordinates":[7.6555379,45.0312774]},"properties":{"type":"pakketpunt","locatieNaam":"Amazon Locker - giordanobruno","straatNaam":"Speed Queen - Torino Via Giordano Bruno","straatNr":"","vervoerder":"Amazon","puntType":"locker","bezettingsgraad":50,"latitude":45.0312774,"longitude":7.6555379,"canPickup":true,"canDropoff":false,"openingstijden":null}},{"type":"Feature","geometry":{"type":"Point","coordinates":[7.6834671,45.041253]},"properties":{"type":"pakketpunt","locatieNaam":"Amazon Counter","straatNaam":"Mamo Café (fermopoint)","straatNr":"","vervoerder":"Amazon","puntType":"helix","bezettingsgraad":50,"latitude":45.041253,"longitude":7.6834671,"canPickup":true,"canDropoff":false,"openingstijden":null}},{"type":"Feature","geometry":{"type":"Point","coordinates":[7.6531713,45.0391867]},"properties":{"type":"pakketpunt","locatieNaam":"Amazon Locker - jelena","straatNaam":"Eni Station Pv.724","straatNr":"","vervoerder":"Amazon","puntType":"locker","bezettingsgraad":50,"latitude":45.0391867,"longitude":7.6531713,"canPickup":true,"canDropoff":false,"openingstijden":null}},{"type":"Feature","geometry":{"type":"Point","coordinates":[7.6554164,45.038276]},"properties":{"type":"pakketpunt","locatieNaam":"Amazon Counter - Cialdeweb Filadelfia","straatNaam":"Via Filadelfia 51","straatNr":"","vervoerder":"Amazon","puntType":"helix","bezettingsgraad":50,"latitude":45.038276,"longitude":7.6554164,"canPickup":true,"canDropoff":false,"openingstijden":null}},{"type":"Feature","geometry":{"type":"Point","coordinates":[7.6444941,45.0395423]},"properties":{"type":"pakketpunt","locatieNaam":"Amazon Locker - adalberto","straatNaam":"Fermopoint / Speed Queen Torino Boston","straatNr":"","vervoerder":"Amazon","puntType":"locker","bezettingsgraad":50,"latitude":45.0395423,"longitude":7.6444941,"canPickup":true,"canDropoff":false,"openingstijden":null}},{"type":"Feature","geometry":{"type":"Point","coordinates":[7.65879,45.04069]},"properties":{"type":"pakketpunt","locatieNaam":"Amazon Counter - TABACCHERIA CAVALLERO","straatNaam":"CORSO SEBASTOPOLI 50/52","straatNr":"","vervoerder":"Amazon","puntType":"helix","bezettingsgraad":50,"latitude":45.04069,"longitude":7.65879,"canPickup":true,"canDropoff":false,"openingstijden":null}},{"type":"Feature","geometry":{"type":"Point","coordinates":[7.65189,45.0363]},"properties":{"type":"pakketpunt","locatieNaam":"PuntoPoste TABACCHERIA N. 129","straatNaam":"VIA ARNALDO DA BRESCIA 37/B","straatNr":"","vervoerder":"Amazon","puntType":"3p","bezettingsgraad":50,"latitude":45.0363,"longitude":7.65189,"canPickup":true,"canDropoff":false,"openingstijden":null}},{"type":"Feature","geometry":{"type":"Point","coordinates":[7.6511538,45.0364802]},"properties":{"type":"pakketpunt","locatieNaam":"Amazon Counter - PRIMAEDICOLA","straatNaam":"NAGLIERI ROSA","straatNr":"","vervoerder":"Amazon","puntType":"helix","bezettingsgraad":50,"latitude":45.0364802,"longitude":7.6511538,"canPickup":true,"canDropoff":false,"openingstijden":null}},{"type":"Feature","geometry":{"type":"Point","coordinates":[7.646176,45.039583]},"properties":{"type":"pakketpunt","locatieNaam":"Amazon Counter - TABACCHERIA 399","straatNaam":"CORSO AGNELLI 60","straatNr":"","vervoerder":"Amazon","puntType":"helix","bezettingsgraad":50,"latitude":45.039583,"longitude":7.646176,"canPickup":true,"canDropoff":false,"openingstijden":null}},{"type":"Feature","geometry":{"type":"Point","coordinates":[7.66827,45.05353]},"properties":{"type":"pakketpunt","locatieNaam":"Amazon Locker - valteria","straatNaam":"Fermopoint / Speed Queen Vespucci","straatNr":"","vervoerder":"Amazon","puntType":"locker","bezettingsgraad":50,"latitude":45.05353,"longitude":7.66827,"canPickup":true,"canDropoff":false,"openingstijden":null}},{"type":"Feature","geometry":{"type":"Point","coordinates":[7.6422945,45.0356378]},"properties":{"type":"pakketpunt","locatieNaam":"Amazon Locker - roberta","straatNaam":"PAM Cosenza","straatNr":"","vervoerder":"Amazon","puntType":"locker","bezettingsgraad":50,"latitude":45.0356378,"longitude":7.6422945,"canPickup":true,"canDropoff":false,"openingstijden":null}},{"type":"Feature","geometry":{"type":"Point","coordinates":[7.68119,45.0372]},"properties":{"type":"pakketpunt","locatieNaam":"Ufficio Postale TORINO 36","straatNaam":"CORSO MONCALIERI 254","straatNr":"","vervoerder":"Amazon","puntType":"3p","bezettingsgraad":50,"latitude":45.0372,"longitude":7.68119,"canPickup":true,"canDropoff":false,"openingstijden":null}},{"type":"Feature","geometry":{"type":"Point","coordinates":[7.68106,45.0369]},"properties":{"type":"pakketpunt","locatieNaam":"PuntoPoste TABACCHERIA N. 105","straatNaam":"CORSO MONCALIERI 256","straatNr":"","vervoerder":"Amazon","puntType":"3p","bezettingsgraad":50,"latitude":45.0369,"longitude":7.68106,"canPickup":true,"canDropoff":false,"openingstijden":null}},{"type":"Feature","geometry":{"type":"Point","coordinates":[7.6790326,45.0552157]},"properties":{"type":"pakketpunt","locatieNaam":"Amazon Locker - gaudenzo","straatNaam":"Locker privato - CX Turin Belfiore Student & Explorer Place","straatNr":"","vervoerder":"Amazon","puntType":"locker","bezettingsgraad":50,"latitude":45.0552157,"longitude":7.6790326,"canPickup":true,"canDropoff":false,"openingstijden":null}},{"type":"Feature","geometry":{"type":"Point","coordinates":[7.682109,45.045001]},"properties":{"type":"pakketpunt","locatieNaam":"Amazon Counter - Caffetteria Vergnano","straatNaam":"Via Gian Battista Tiepolo 14","straatNr":"","vervoerder":"Amazon","puntType":"helix","bezettingsgraad":50,"latitude":45.045001,"longitude":7.682109,"canPickup":true,"canDropoff":false,"openingstijden":null}},{"type":"Feature","geometry":{"type":"Point","coordinates":[7.67596,45.045]},"properties":{"type":"pakketpunt","locatieNaam":"PuntoPoste EUROLIBRI","straatNaam":"VIA ORMEA 142","straatNr":"","vervoerder":"Amazon","puntType":"3p","bezettingsgraad":50,"latitude":45.045,"longitude":7.67596,"canPickup":true,"canDropoff":false,"openingstijden":null}},{"type":"Feature","geometry":{"type":"Point","coordinates":[7.67597877301637,45.0452403804407]},"properties":{"type":"pakketpunt","locatieNaam":"Amazon Counter (fermopoint)","straatNaam":"Eurolibri","straatNr":"","vervoerder":"Amazon","puntType":"helix","bezettingsgraad":50,"latitude":45.0452403804407,"longitude":7.67597877301637,"canPickup":true,"canDropoff":false,"openingstijden":null}},{"type":"Feature","geometry":{"type":"Point","coordinates":[7.67327,45.04817]},"properties":{"type":"pakketpunt","locatieNaam":"Amazon Counter - TABACCHERIA","straatNaam":"VIA NIZZA 62","straatNr":"","vervoerder":"Amazon","puntType":"helix","bezettingsgraad":50,"latitude":45.04817,"longitude":7.67327,"canPickup":true,"canDropoff":false,"openingstijden":null}},{"type":"Feature","geometry":{"type":"Point","coordinates":[7.670799,45.04137]},"properties":{"type":"pakketpunt","locatieNaam":"Amazon Locker - amaranta","straatNaam":"Tabaccheria Franchello riv. n?92","straatNr":"","vervoerder":"Amazon","puntType":"locker","bezettingsgraad":50,"latitude":45.04137,"longitude":7.670799,"canPickup":true,"canDropoff":false,"openingstijden":null}},{"type":"Feature","geometry":{"type":"Point","coordinates":[7.671554,45.047305]},"properties":{"type":"pakketpunt","locatieNaam":"Amazon Locker - orelma","straatNaam":"Mercatino Torino - Tommaso Grossi","straatNr":"","vervoerder":"Amazon","puntType":"locker","bezettingsgraad":50,"latitude":45.047305,"longitude":7.671554,"canPickup":true,"canDropoff":false,"openingstijden":null}},{"type":"Feature","geometry":{"type":"Point","coordinates":[7.657009,45.095036]},"properties":{"type":"pakketpunt","locatieNaam":"Amazon Counter - Ottica Vogliotti","straatNaam":"Corso Potenza, 92/a","straatNr":"","vervoerder":"Amazon","puntType":"helix","bezettingsgraad":50,"latitude":45.095036,"longitude":7.657009,"canPickup":true,"canDropoff":false,"openingstijden":null}},{"type":"Feature","geometry":{"type":"Point","coordinates":[7.6611717,45.0902083]},"properties":{"type":"pakketpunt","locatieNaam":"Amazon Locker - imelde","straatNaam":"Stazione Tamoil - PV 2578","straatNr":"","vervoerder":"Amazon","puntType":"locker","bezettingsgraad":50,"latitude":45.0902083,"longitude":7.6611717,"canPickup":true,"canDropoff":false,"openingstijden":null}},{"type":"Feature","geometry":{"type":"Point","coordinates":[7.65195,45.09328]},"properties":{"type":"pakketpunt","locatieNaam":"Amazon Counter - Bar pianezza","straatNaam":"via pianezza , 83","straatNr":"","vervoerder":"Amazon","puntType":"helix","bezettingsgraad":50,"latitude":45.09328,"longitude":7.65195,"canPickup":true,"canDropoff":false,"openingstijden":null}},{"type":"Feature","geometry":{"type":"Point","coordinates":[7.65081,45.0961]},"properties":{"type":"pakketpunt","locatieNaam":"PuntoPoste LA BOTTEGA DI FABRIZIO","straatNaam":"VIA VAL DELLA TORRE 121/A","straatNr":"","vervoerder":"Amazon","puntType":"3p","bezettingsgraad":50,"latitude":45.0961,"longitude":7.65081,"canPickup":true,"canDropoff":false,"openingstijden":null}},{"type":"Feature","geometry":{"type":"Point","coordinates":[7.657751,45.085109]},"properties":{"type":"pakketpunt","locatieNaam":"Amazon Locker - benigno","straatNaam":"Fermopoint / La Metafora Snc","straatNr":"","vervoerder":"Amazon","puntType":"locker","bezettingsgraad":50,"latitude":45.085109,"longitude":7.657751,"canPickup":true,"canDropoff":false,"openingstijden":null}},{"type":"Feature","geometry":{"type":"Point","coordinates":[7.652831,45.098305]},"properties":{"type":"pakketpunt","locatieNaam":"Amazon Counter - Michael Il Barbiere","straatNaam":"Corso Toscana, 96","straatNr":"","vervoerder":"Amazon","puntType":"helix","bezettingsgraad":50,"latitude":45.098305,"longitude":7.652831,"canPickup":true,"canDropoff":false,"openingstijden":null}},{"type":"Feature","geometry":{"type":"Point","coordinates":[7.6493998,45.0980209]},"properties":{"type":"pakketpunt","locatieNaam":"Amazon Counter - CAFFETTERIA DELLA POSTA","straatNaam":"VIA FOGLIZZO 28","straatNr":"","vervoerder":"Amazon","puntType":"helix","bezettingsgraad":50,"latitude":45.0980209,"longitude":7.6493998,"canPickup":true,"canDropoff":false,"openingstijden":null}},{"type":"Feature","geometry":{"type":"Point","coordinates":[7.675102,45.090295]},"properties":{"type":"pakketpunt","locatieNaam":"Amazon Locker - folicardo","straatNaam":"Fermopoint / Officine S Centro Commerciale","straatNr":"","vervoerder":"Amazon","puntType":"locker","bezettingsgraad":50,"latitude":45.090295,"longitude":7.675102,"canPickup":true,"canDropoff":false,"openingstijden":null}},{"type":"Feature","geometry":{"type":"Point","coordinates":[7.69386,45.097835]},"properties":{"type":"pakketpunt","locatieNaam":"Amazon Locker - martorelli","straatNaam":"Speed Queen - via martorelli 75 Torino","straatNr":"","vervoerder":"Amazon","puntType":"locker","bezettingsgraad":50,"latitude":45.097835,"longitude":7.69386,"canPickup":true,"canDropoff":false,"openingstijden":null}},{"type":"Feature","geometry":{"type":"Point","coordinates":[7.680098,45.098289]},"properties":{"type":"pakketpunt","locatieNaam":"Amazon Counter - ENOTECA AMERIO","straatNaam":"VIA CHIESA DELLA SALUTE 59","straatNr":"","vervoerder":"Amazon","puntType":"helix","bezettingsgraad":50,"latitude":45.098289,"longitude":7.680098,"canPickup":true,"canDropoff":false,"openingstijden":null}},{"type":"Feature","geometry":{"type":"Point","coordinates":[7.6757121,45.0952899]},"properties":{"type":"pakketpunt","locatieNaam":"Amazon Counter - BAR TABACCHI LUCKY","straatNaam":"VIA VIBO' 45","straatNr":"","vervoerder":"Amazon","puntType":"helix","bezettingsgraad":50,"latitude":45.0952899,"longitude":7.6757121,"canPickup":true,"canDropoff":false,"openingstijden":null}},{"type":"Feature","geometry":{"type":"Point","coordinates":[7.674201,45.093149]},"properties":{"type":"pakketpunt","locatieNaam":"Amazon Counter","straatNaam":"Di Elite Promoter & Hostess (fermopoint)","straatNr":"","vervoerder":"Amazon","puntType":"helix","bezettingsgraad":50,"latitude":45.093149,"longitude":7.674201,"canPickup":true,"canDropoff":false,"openingstijden":null}},{"type":"Feature","geometry":{"type":"Point","coordinates":[7.6919474,45.0964448]},"properties":{"type":"pakketpunt","locatieNaam":"Amazon Counter - PRIMAEDICOLA","straatNaam":"BOSCOLO DORIANA","straatNr":"","vervoerder":"Amazon","puntType":"helix","bezettingsgraad":50,"latitude":45.0964448,"longitude":7.6919474,"canPickup":true,"canDropoff":false,"openingstijden":null}},{"type":"Feature","geometry":{"type":"Point","coordinates":[7.6984709,45.098043]},"properties":{"type":"pakketpunt","locatieNaam":"Amazon Locker - guenda","straatNaam":"PAM TO-Porpora","straatNr":"","vervoerder":"Amazon","puntType":"locker","bezettingsgraad":50,"latitude":45.098043,"longitude":7.6984709,"canPickup":true,"canDropoff":false,"openingstijden":null}},{"type":"Feature","geometry":{"type":"Point","coordinates":[7.6588912,45.1140196]},"properties":{"type":"pakketpunt","locatieNaam":"Amazon Counter","straatNaam":"Tabacchi 451 (fermopoint)","straatNr":"","vervoerder":"Amazon","puntType":"helix","bezettingsgraad":50,"latitude":45.1140196,"longitude":7.6588912,"canPickup":true,"canDropoff":false,"openingstijden":null}},{"type":"Feature","geometry":{"type":"Point","coordinates":[7.655863,45.110911]},"properties":{"type":"pakketpunt","locatieNaam":"Amazon Counter - TABACCHERIA","straatNaam":"VIA SANSOVINO 270","straatNr":"","vervoerder":"Amazon","puntType":"helix","bezettingsgraad":50,"latitude":45.110911,"longitude":7.655863,"canPickup":true,"canDropoff":false,"openingstijden":null}},{"type":"Feature","geometry":{"type":"Point","coordinates":[7.65939,45.1097]},"properties":{"type":"pakketpunt","locatieNaam":"Ufficio Postale TORINO 57","straatNaam":"VIA VENARIA 69","straatNr":"","vervoerder":"Amazon","puntType":"3p","bezettingsgraad":50,"latitude":45.1097,"longitude":7.65939,"canPickup":true,"canDropoff":false,"openingstijden":null}},{"type":"Feature","geometry":{"type":"Point","coordinates":[7.66149,45.10747]},"properties":{"type":"pakketpunt","locatieNaam":"Amazon Counter - Coccole e Delizie","straatNaam":"Via venaria , 33/G","straatNr":"","vervoerder":"Amazon","puntType":"helix","bezettingsgraad":50,"latitude":45.10747,"longitude":7.66149,"canPickup":true,"canDropoff":false,"openingstijden":null}},{"type":"Feature","geometry":{"type":"Point","coordinates":[7.65635,45.11861]},"properties":{"type":"pakketpunt","locatieNaam":"Amazon Counter - Dolce Vita Gelateria","straatNaam":"Via Lanzo 187","straatNr":"","vervoerder":"Amazon","puntType":"helix","bezettingsgraad":50,"latitude":45.11861,"longitude":7.65635,"canPickup":true,"canDropoff":false,"openingstijden":null}},{"type":"Feature","geometry":{"type":"Point","coordinates":[7.6554718,45.1185607]},"properties":{"type":"pakketpunt","locatieNaam":"Amazon Counter - RelaxCafè","straatNaam":"Via Michele Berrino 6 E","straatNr":"","vervoerder":"Amazon","puntType":"helix","bezettingsgraad":50,"latitude":45.1185607,"longitude":7.6554718,"canPickup":true,"canDropoff":false,"openingstijden":null}},{"type":"Feature","geometry":{"type":"Point","coordinates":[7.662103,45.106953]},"properties":{"type":"pakketpunt","locatieNaam":"Amazon Counter - TABACCHI RIV N 218","straatNaam":"VIA VENARIA 12","straatNr":"","vervoerder":"Amazon","puntType":"helix","bezettingsgraad":50,"latitude":45.106953,"longitude":7.662103,"canPickup":true,"canDropoff":false,"openingstijden":null}},{"type":"Feature","geometry":{"type":"Point","coordinates":[7.65655013313524,45.1182590608456]},"properties":{"type":"pakketpunt","locatieNaam":"Amazon Counter","straatNaam":"Enoteca Caffetteria Bertino (fermopoint)","straatNr":"","vervoerder":"Amazon","puntType":"helix","bezettingsgraad":50,"latitude":45.1182590608456,"longitude":7.65655013313524,"canPickup":true,"canDropoff":false,"openingstijden":null}},{"type":"Feature","geometry":{"type":"Point","coordinates":[7.662698,45.1060967]},"properties":{"type":"pakketpunt","locatieNaam":"Amazon Counter - EDICOLA","straatNaam":"VIA VENARIA 7","straatNr":"","vervoerder":"Amazon","puntType":"helix","bezettingsgraad":50,"latitude":45.1060967,"longitude":7.662698,"canPickup":true,"canDropoff":false,"openingstijden":null}},{"type":"Feature","geometry":{"type":"Point","coordinates":[7.680613,45.099418]},"properties":{"type":"pakketpunt","locatieNaam":"Amazon Counter - Wood Stock","straatNaam":"Via Chiesa della Salute, 88","straatNr":"","vervoerder":"Amazon","puntType":"helix","bezettingsgraad":50,"latitude":45.099418,"longitude":7.680613,"canPickup":true,"canDropoff":false,"openingstijden":null}},{"type":"Feature","geometry":{"type":"MultiPolygon","coordinates":[[[[7.5778348,45.0418278],[7.5803066,45.0442955],[7.5811834,45.0439268],[7.5812282,45.0439964],[7.5813703,45.0439721],[7.5821496,45.0437129],[7.5822373,45.0435772],[7.5821717,45.0430613],[7.5839222,45.0420773],[7.5867072,45.044852],[7.592565,45.0421194],[7.5926184,45.041687],[7.5927092,45.0415845],[7.5943776,45.0408271],[7.5967255,45.039847],[7.5981672,45.0395662],[7.6000269,45.0387938],[7.6065394,45.0356224],[7.6091227,45.0347954],[7.6116114,45.0337465],[7.6145851,45.0398646],[7.6154967,45.0394737],[7.6156031,45.0393079],[7.6164445,45.0390076],[7.617437,45.0409768],[7.6176133,45.0416628],[7.6183895,45.0437568],[7.618155,45.0439157],[7.6185852,45.0444722],[7.6189205,45.0447196],[7.6193509,45.0448688],[7.6203457,45.0446135],[7.6211999,45.0459162],[7.6204061,45.0461288],[7.6194284,45.0461918],[7.6178871,45.046767],[7.6187195,45.0483271],[7.6173751,45.0489344],[7.6193278,45.0502254],[7.6201767,45.0510319],[7.6206617,45.0513874],[7.6215788,45.0518599],[7.6227602,45.0522308],[7.6239678,45.0547491],[7.6250865,45.0574263],[7.6253047,45.05766],[7.625076,45.0596583],[7.6231333,45.059457],[7.6202236,45.0593723],[7.618602,45.0589839],[7.6156826,45.0592514],[7.6127448,45.0601063],[7.6104109,45.0605138],[7.6101161,45.060453],[7.6097813,45.0601096],[7.6076063,45.0605595],[7.6093437,45.0650291],[7.6102532,45.0651983],[7.6112719,45.0655338],[7.613542,45.0659875],[7.6141008,45.0662032],[7.6131893,45.0667647],[7.6116372,45.0672326],[7.6094674,45.0680568],[7.608413,45.070362],[7.6047214,45.0710262],[7.6034971,45.0711427],[7.605711,45.0741487],[7.6113398,45.0825873],[7.6114072,45.0825219],[7.6113822,45.0840424],[7.6112259,45.0846753],[7.6111326,45.0856012],[7.6112068,45.0862898],[7.6125884,45.0876563],[7.6133326,45.0887638],[7.6137746,45.0888469],[7.6149191,45.0888113],[7.6153993,45.0889566],[7.6157842,45.0893221],[7.617304,45.0902984],[7.6179721,45.0908436],[7.6182872,45.0913262],[7.6183671,45.0920214],[7.6189824,45.0933943],[7.6196182,45.0951173],[7.6186427,45.0967251],[7.6144175,45.0997276],[7.6142285,45.1000112],[7.6117834,45.1071377],[7.6140353,45.107975],[7.6141237,45.1081055],[7.6142837,45.1081505],[7.6157884,45.1082205],[7.6160975,45.1081522],[7.618751,45.1081708],[7.6201713,45.107954],[7.6226273,45.1084112],[7.6225792,45.1133975],[7.6228767,45.1138248],[7.6461189,45.1120408],[7.6476666,45.1121761],[7.64991,45.1121442],[7.6544713,45.1127966],[7.6545078,45.1147999],[7.6546271,45.1148908],[7.6530273,45.1163623],[7.6526056,45.1232309],[7.6537243,45.1239782],[7.6570955,45.1277475],[7.6570914,45.1281663],[7.6566529,45.1289297],[7.6557326,45.1296302],[7.6553112,45.1291266],[7.6546002,45.1295472],[7.6548913,45.1299488],[7.6548464,45.1300031],[7.6552976,45.1304679],[7.654334,45.1314748],[7.6557152,45.1332562],[7.6550562,45.1335089],[7.6538419,45.1344165],[7.6530157,45.1348657],[7.6528657,45.1350186],[7.6558652,45.1349076],[7.6573183,45.1347672],[7.658514,45.1349613],[7.6607845,45.1350825],[7.6616142,45.1348852],[7.6634023,45.1340234],[7.6637159,45.1352724],[7.6619393,45.1355956],[7.6611013,45.1361707],[7.661311,45.1369114],[7.6624415,45.1391793],[7.6629872,45.1395146],[7.6632601,45.1395808],[7.6632802,45.1399861],[7.6637007,45.139937],[7.6640195,45.1401883],[7.6645808,45.1401858],[7.6648357,45.1400943],[7.6652212,45.1398314],[7.6659188,45.1391372],[7.6664648,45.1390422],[7.6665269,45.1388925],[7.6661314,45.1386599],[7.6663747,45.138474],[7.6679881,45.1384883],[7.6683515,45.1383801],[7.6688234,45.1380165],[7.6697272,45.137946],[7.6702742,45.1376688],[7.6711407,45.1377689],[7.671706,45.1381716],[7.6723365,45.1377577],[7.672468,45.1379578],[7.6739351,45.1373738],[7.6751458,45.1370953],[7.6763786,45.1372742],[7.6767924,45.1379716],[7.6775792,45.1381857],[7.6780247,45.138551],[7.6784991,45.1382102],[7.6787252,45.1379066],[7.6791899,45.1377896],[7.6805603,45.1388323],[7.6816459,45.137742],[7.682026,45.1378906],[7.6834033,45.1371929],[7.6831735,45.1365349],[7.6836134,45.1357956],[7.6840051,45.1354965],[7.6858264,45.1351574],[7.6860383,45.1349305],[7.6861093,45.134598],[7.6866888,45.1343032],[7.6866077,45.1339863],[7.68738,45.1339555],[7.6901507,45.1330122],[7.6904818,45.1335196],[7.6906131,45.1345823],[7.6936715,45.1343967],[7.6938779,45.1344602],[7.6942234,45.1328339],[7.696599,45.132337],[7.6967457,45.1309003],[7.6970911,45.1310377],[7.7012046,45.1314941],[7.7037532,45.1316321],[7.7094824,45.1325672],[7.7098614,45.1334211],[7.7111503,45.133144],[7.712027,45.1369458],[7.7123771,45.1371837],[7.7124711,45.1372095],[7.7126311,45.1370943],[7.7128524,45.1371947],[7.71302,45.1373008],[7.7131667,45.1375311],[7.7138169,45.13756],[7.7139676,45.1374296],[7.7139143,45.1372772],[7.7143453,45.1370645],[7.7142986,45.1371535],[7.7145823,45.13727],[7.7144855,45.1373223],[7.7145905,45.1373752],[7.7148823,45.137324],[7.7149017,45.137226],[7.7150353,45.1374117],[7.7154439,45.1373308],[7.7154062,45.1374649],[7.7154748,45.1375201],[7.7162737,45.1377301],[7.7164946,45.1380138],[7.716669,45.1380736],[7.717545,45.1380205],[7.7175538,45.1379124],[7.717688,45.1378983],[7.7179981,45.137931],[7.718151,45.1380588],[7.7190847,45.1377542],[7.7194613,45.1378913],[7.7195948,45.1380539],[7.7197522,45.1380475],[7.7203024,45.1378804],[7.7202987,45.1377183],[7.7207638,45.1376695],[7.7213569,45.1373656],[7.7215958,45.1373357],[7.72162,45.137388],[7.7218405,45.1372967],[7.7221407,45.137163],[7.7222398,45.1369839],[7.7225083,45.1370094],[7.7229803,45.1368752],[7.723458,45.1369632],[7.7236256,45.1371659],[7.7237618,45.1371855],[7.7247499,45.1367865],[7.724633,45.1357864],[7.7245336,45.1354923],[7.7241679,45.1354169],[7.723453,45.1327125],[7.7229015,45.1328056],[7.7228347,45.1324267],[7.7228492,45.1316212],[7.7212318,45.1313482],[7.7209913,45.1309238],[7.7209436,45.1305238],[7.7201516,45.1305693],[7.7181091,45.1304969],[7.7182025,45.1304141],[7.7181295,45.130029],[7.7173605,45.1273107],[7.7192055,45.126751],[7.7195258,45.1265701],[7.7212463,45.1251176],[7.7213892,45.1250978],[7.7224217,45.1262453],[7.7244649,45.1268999],[7.7249089,45.1269499],[7.7262768,45.1265176],[7.7296178,45.1252165],[7.7295157,45.1248855],[7.7288653,45.1242938],[7.7297918,45.1239977],[7.7304336,45.1236673],[7.7315848,45.1238106],[7.7324152,45.1236538],[7.7339319,45.1238277],[7.7344473,45.1236669],[7.7353398,45.1237713],[7.7365563,45.1235165],[7.7366514,45.1233907],[7.7362409,45.1222141],[7.7359095,45.1220227],[7.7351074,45.1195735],[7.7384981,45.1191979],[7.7385625,45.1188916],[7.738473,45.1182272],[7.7369529,45.1172713],[7.7365784,45.1128682],[7.7372721,45.1126598],[7.7390667,45.113105],[7.7394822,45.1130736],[7.7397627,45.1129641],[7.7398949,45.1128756],[7.7399188,45.111107],[7.7401237,45.1100647],[7.7398513,45.1099076],[7.7400885,45.1097356],[7.739971,45.1095436],[7.7414684,45.1094392],[7.7438393,45.1081932],[7.74429,45.1076006],[7.7443347,45.107379],[7.7439395,45.1067297],[7.7460648,45.1057917],[7.7473807,45.1048339],[7.7479885,45.104503],[7.7523612,45.1026439],[7.7513676,45.100466],[7.7513177,45.0986344],[7.7509334,45.0973133],[7.7478405,45.0954322],[7.7457995,45.0943971],[7.7416236,45.0926101],[7.743847,45.0908447],[7.7439774,45.0906508],[7.7440086,45.090272],[7.7441234,45.0900075],[7.7443979,45.0896141],[7.7443675,45.0893927],[7.7445326,45.0892616],[7.7445837,45.0890855],[7.7447707,45.0889969],[7.7451231,45.0886196],[7.7455688,45.088611],[7.7461537,45.0880503],[7.7465566,45.0879707],[7.7467366,45.0876063],[7.7466538,45.0870786],[7.7469531,45.0868755],[7.7469278,45.0866901],[7.7470446,45.0865317],[7.7474026,45.0862141],[7.747882,45.0861159],[7.7481653,45.0857634],[7.7485052,45.0856725],[7.748565,45.0853082],[7.7488883,45.0849633],[7.7491283,45.0849233],[7.7492506,45.0847499],[7.7495247,45.0846135],[7.7495838,45.0844307],[7.7506337,45.083774],[7.7507949,45.0835989],[7.7509249,45.0835477],[7.7512853,45.0836101],[7.7523416,45.0832436],[7.7531423,45.0831578],[7.7533156,45.0830765],[7.7539994,45.0830367],[7.7542716,45.0831567],[7.7546086,45.0831783],[7.7549517,45.082795],[7.7551826,45.082676],[7.7556639,45.0826002],[7.7562641,45.0821882],[7.7569213,45.0821098],[7.757336,45.0822858],[7.7604829,45.0823691],[7.7623255,45.0826153],[7.7633267,45.0824765],[7.7635656,45.0823755],[7.7644585,45.0825787],[7.7650641,45.0824142],[7.766722,45.0810369],[7.7668951,45.0809667],[7.7689579,45.0816716],[7.7690587,45.0815347],[7.7691726,45.0808739],[7.7690286,45.0806683],[7.7676899,45.0803434],[7.767377,45.0801818],[7.7674843,45.0797341],[7.7679941,45.0791197],[7.7685663,45.0788019],[7.7695103,45.078569],[7.7699574,45.0782902],[7.7706824,45.0781405],[7.7711387,45.0781544],[7.7715472,45.0784157],[7.7722937,45.0784324],[7.7731528,45.0781792],[7.7733388,45.0778731],[7.7557914,45.0577537],[7.7481658,45.0511427],[7.740255,45.0447194],[7.7360385,45.0410592],[7.7326239,45.0377587],[7.7225913,45.0312048],[7.7147252,45.0288669],[7.7103494,45.027695],[7.7081104,45.0269469],[7.7076461,45.0239186],[7.7072841,45.0240643],[7.705919,45.02391],[7.7053594,45.0241023],[7.7045132,45.024169],[7.7041181,45.024277],[7.7035375,45.0239961],[7.7023942,45.0239909],[7.701878,45.0238825],[7.7014918,45.0236948],[7.701045,45.0237765],[7.7008774,45.0239392],[7.7003449,45.0240302],[7.7001117,45.0234918],[7.6996262,45.0233134],[7.6986048,45.0232188],[7.6979029,45.0230165],[7.6973606,45.0231684],[7.6963165,45.0231745],[7.6960178,45.0231421],[7.6956621,45.0229351],[7.6939053,45.0237107],[7.6933549,45.0238608],[7.6919526,45.0240305],[7.6899339,45.0246363],[7.6881043,45.0245072],[7.6870395,45.0245625],[7.6851162,45.0239965],[7.683935,45.0233242],[7.6828257,45.0220631],[7.6824437,45.0219392],[7.6823407,45.0215375],[7.6825179,45.0213477],[7.6823781,45.020898],[7.6820189,45.0203573],[7.6816213,45.0201994],[7.6814304,45.0200127],[7.6813423,45.0198686],[7.6812826,45.0194124],[7.6809547,45.0190394],[7.6808674,45.0186379],[7.6804389,45.0182362],[7.6795913,45.0177043],[7.6793116,45.0176112],[7.6777934,45.016207],[7.6705617,45.0170939],[7.6648412,45.0167788],[7.6588902,45.0162637],[7.6551163,45.0073118],[7.6540346,45.007941],[7.6532966,45.0079263],[7.6525529,45.0080642],[7.6523982,45.0087088],[7.6520883,45.0089152],[7.6512632,45.0087098],[7.6505738,45.0082591],[7.6498078,45.0079185],[7.6490467,45.0080015],[7.647534,45.0077726],[7.6469093,45.0075545],[7.6464928,45.0071978],[7.6462117,45.0070615],[7.645937,45.0071723],[7.6454726,45.0069769],[7.6445702,45.0070423],[7.6443915,45.0067924],[7.6438449,45.0069047],[7.6423854,45.0069831],[7.6411646,45.0073255],[7.6404273,45.0082849],[7.6390374,45.0088439],[7.6382143,45.0089531],[7.6379923,45.0088799],[7.637146,45.0081803],[7.6366239,45.0081035],[7.6363653,45.0081977],[7.6344923,45.0095828],[7.6335273,45.0101154],[7.6315211,45.0103899],[7.629015,45.0103643],[7.6285918,45.0096277],[7.6279916,45.0091192],[7.6279049,45.0088202],[7.6275668,45.008333],[7.6265125,45.0080979],[7.6241516,45.0081274],[7.6229794,45.0083129],[7.6213461,45.0088125],[7.6181373,45.0102475],[7.6162549,45.0106788],[7.6154656,45.0107788],[7.6143648,45.0111822],[7.6139373,45.011092],[7.6134134,45.0108311],[7.6105665,45.0098456],[7.6100458,45.0097902],[7.6090791,45.0101113],[7.6080252,45.0110871],[7.6073831,45.0110621],[7.606563,45.011228],[7.6059049,45.0117875],[7.6033738,45.0128168],[7.6026024,45.0132764],[7.6010893,45.0135093],[7.5994496,45.0129807],[7.598242,45.0120971],[7.5966591,45.0121965],[7.5964017,45.0122751],[7.5961597,45.0125567],[7.5968758,45.014105],[7.5966328,45.0145508],[7.5954708,45.0149887],[7.5949261,45.0149279],[7.5946724,45.0144506],[7.5941357,45.0140759],[7.5931153,45.0140286],[7.5923925,45.0145476],[7.5909144,45.0160416],[7.5897639,45.0163778],[7.5923843,45.0172631],[7.5918846,45.018901],[7.5918363,45.0193636],[7.5919899,45.0198221],[7.5926881,45.0199144],[7.5933828,45.019887],[7.6005142,45.0187809],[7.6073523,45.0297827],[7.60155,45.028296],[7.5988016,45.0300397],[7.5984558,45.0299157],[7.5977396,45.0299455],[7.593912,45.0321031],[7.5896781,45.0340536],[7.5890307,45.0343327],[7.5873363,45.0348519],[7.5841364,45.0361603],[7.5835216,45.0365457],[7.5828721,45.0372964],[7.5810578,45.0382859],[7.5801061,45.0396277],[7.5778348,45.0418278]]],[[[7.74286,45.1222543],[7.7434358,45.1225312],[7.7445001,45.1237815],[7.7453676,45.1243894],[7.745994,45.1246944],[7.7470399,45.1238959],[7.7483478,45.124636],[7.7491746,45.1238903],[7.7492783,45.1237064],[7.7496506,45.1222747],[7.7489392,45.1214605],[7.7487511,45.1209617],[7.7482045,45.1204423],[7.7462197,45.11904],[7.7433787,45.1172913],[7.7405894,45.1192722],[7.7404362,45.1194717],[7.7417966,45.1203373],[7.7431033,45.1212901],[7.74286,45.1222543]]]]},"properties":{"type":"boundary","gemeente":"Torino"}}]}