{"type":"FeatureCollection","metadata":{"gemeente":"Trapani","slug":"trapani","generated_at":"2026-09-26T13:10:50.069233Z","total_points":186,"providers":["PosteItaliane","DPD","InPost","GLS","DHL","Amazon"],"bounds":[12.4989333,37.9475847,12.6923843,38.0331446]},"features":[{"type":"Feature","geometry":{"type":"Point","coordinates":[12.53578501,38.0165446]},"properties":{"type":"pakketpunt","locatieNaam":"Trapani 3","straatNaam":"Via Castelvetrano","straatNr":"17","vervoerder":"PosteItaliane","puntType":"postkantoor","bezettingsgraad":50,"latitude":38.0165446,"longitude":12.53578501,"canPickup":true,"canDropoff":true,"openingstijden":{"za":"08:20 - 12:35","zo":"gesloten","ma":"08:20 - 13:35","di":"08:20 - 13:35","wo":"08:20 - 13:35","do":"08:20 - 13:35","vr":"08:20 - 13:35"}}},{"type":"Feature","geometry":{"type":"Point","coordinates":[12.53491523,38.01289747]},"properties":{"type":"pakketpunt","locatieNaam":"Trapani 6","straatNaam":"Via Libica","straatNr":"27","vervoerder":"PosteItaliane","puntType":"postkantoor","bezettingsgraad":50,"latitude":38.01289747,"longitude":12.53491523,"canPickup":true,"canDropoff":true,"openingstijden":{"za":"08:20 - 12:45","zo":"gesloten","ma":"08:20 - 13:45","di":"08:20 - 13:45","wo":"08:20 - 13:45","do":"08:20 - 13:45","vr":"08:20 - 13:45"}}},{"type":"Feature","geometry":{"type":"Point","coordinates":[12.54194288,38.02139401]},"properties":{"type":"pakketpunt","locatieNaam":"Trapani 5","straatNaam":"Corso Piersanti Mattarella","straatNr":"194","vervoerder":"PosteItaliane","puntType":"postkantoor","bezettingsgraad":50,"latitude":38.02139401,"longitude":12.54194288,"canPickup":true,"canDropoff":true,"openingstijden":{"za":"08:20 - 12:35","zo":"gesloten","ma":"08:20 - 19:05","di":"08:20 - 19:05","wo":"08:20 - 19:05","do":"08:20 - 19:05","vr":"08:20 - 19:05"}}},{"type":"Feature","geometry":{"type":"Point","coordinates":[12.52496919,38.01970739]},"properties":{"type":"pakketpunt","locatieNaam":"Trapani 2","straatNaam":"Via Giovanni Battista Fardella","straatNr":"209","vervoerder":"PosteItaliane","puntType":"postkantoor","bezettingsgraad":50,"latitude":38.01970739,"longitude":12.52496919,"canPickup":true,"canDropoff":true,"openingstijden":{"za":"08:20 - 12:35","zo":"gesloten","ma":"08:20 - 19:05","di":"08:20 - 19:05","wo":"08:20 - 19:05","do":"08:20 - 19:05","vr":"08:20 - 19:05"}}},{"type":"Feature","geometry":{"type":"Point","coordinates":[12.55717799,38.01401084]},"properties":{"type":"pakketpunt","locatieNaam":"Fontanelle Casa Santa","straatNaam":"Via Francesco De Stefano","straatNr":"35","vervoerder":"PosteItaliane","puntType":"postkantoor","bezettingsgraad":50,"latitude":38.01401084,"longitude":12.55717799,"canPickup":true,"canDropoff":true,"openingstijden":{"za":"08:20 - 12:35","zo":"gesloten","ma":"08:20 - 13:35","di":"08:20 - 13:35","wo":"08:20 - 13:35","do":"08:20 - 13:35","vr":"08:20 - 13:35"}}},{"type":"Feature","geometry":{"type":"Point","coordinates":[12.5488984,37.99684787]},"properties":{"type":"pakketpunt","locatieNaam":"Xitta","straatNaam":"Via Marsala Xitta","straatNr":"487","vervoerder":"PosteItaliane","puntType":"postkantoor","bezettingsgraad":50,"latitude":37.99684787,"longitude":12.5488984,"canPickup":true,"canDropoff":true,"openingstijden":{"za":"08:20 - 12:35","zo":"gesloten","ma":"08:20 - 13:35","di":"08:20 - 13:35","wo":"08:20 - 13:35","do":"08:20 - 13:35","vr":"08:20 - 13:35"}}},{"type":"Feature","geometry":{"type":"Point","coordinates":[12.51401366,38.01824187]},"properties":{"type":"pakketpunt","locatieNaam":"Trapani Centro","straatNaam":"Piazza Vittorio Veneto","straatNr":"11","vervoerder":"PosteItaliane","puntType":"postkantoor","bezettingsgraad":50,"latitude":38.01824187,"longitude":12.51401366,"canPickup":true,"canDropoff":true,"openingstijden":{"za":"08:20 - 12:35","zo":"gesloten","ma":"08:20 - 19:05","di":"08:20 - 19:05","wo":"08:20 - 19:05","do":"08:20 - 19:05","vr":"08:20 - 19:05"}}},{"type":"Feature","geometry":{"type":"Point","coordinates":[12.5064238,38.01592941]},"properties":{"type":"pakketpunt","locatieNaam":"Trapani 1","straatNaam":"Corso Vittorio Emanuele","straatNr":"87","vervoerder":"PosteItaliane","puntType":"postkantoor","bezettingsgraad":50,"latitude":38.01592941,"longitude":12.5064238,"canPickup":true,"canDropoff":true,"openingstijden":{"za":"08:20 - 12:35","zo":"gesloten","ma":"08:20 - 13:35","di":"08:20 - 13:35","wo":"08:20 - 13:35","do":"08:20 - 13:35","vr":"08:20 - 13:35"}}},{"type":"Feature","geometry":{"type":"Point","coordinates":[12.69122467,37.94850089]},"properties":{"type":"pakketpunt","locatieNaam":"Fulgatore","straatNaam":"Via Capitano Antonino Rizzo","straatNr":"184","vervoerder":"PosteItaliane","puntType":"postkantoor","bezettingsgraad":50,"latitude":37.94850089,"longitude":12.69122467,"canPickup":true,"canDropoff":true,"openingstijden":{"za":"08:20 - 12:45","zo":"gesloten","ma":"08:20 - 13:45","di":"08:20 - 13:45","wo":"08:20 - 13:45","do":"08:20 - 13:45","vr":"08:20 - 13:45"}}},{"type":"Feature","geometry":{"type":"Point","coordinates":[12.52428188,38.01629623]},"properties":{"type":"pakketpunt","locatieNaam":"Trapani 4","straatNaam":"Via Virgilio","straatNr":"54","vervoerder":"PosteItaliane","puntType":"postkantoor","bezettingsgraad":50,"latitude":38.01629623,"longitude":12.52428188,"canPickup":true,"canDropoff":true,"openingstijden":{"za":"08:20 - 12:35","zo":"gesloten","ma":"08:20 - 13:35","di":"08:20 - 13:35","wo":"08:20 - 13:35","do":"08:20 - 13:35","vr":"08:20 - 13:35"}}},{"type":"Feature","geometry":{"type":"Point","coordinates":[12.55336148,38.01366911]},"properties":{"type":"pakketpunt","locatieNaam":"Tabaccheria N. 88","straatNaam":"Via Villa Rosina","straatNr":"64","vervoerder":"PosteItaliane","puntType":"servicepunt","bezettingsgraad":50,"latitude":38.01366911,"longitude":12.55336148,"canPickup":true,"canDropoff":true,"openingstijden":{"za":"07:00 - 13:30, 16:30 - 20:00","zo":"gesloten","ma":"07:00 - 13:30, 16:30 - 20:00","di":"07:00 - 13:30, 16:30 - 20:00","wo":"07:00 - 13:30, 16:30 - 20:00","do":"07:00 - 13:30, 16:30 - 20:00","vr":"07:00 - 13:30, 16:30 - 20:00"}}},{"type":"Feature","geometry":{"type":"Point","coordinates":[12.52589298,38.01956654]},"properties":{"type":"pakketpunt","locatieNaam":"Tabaccheria N. 31","straatNaam":"Via Giovanni Battista Fardella","straatNr":"202","vervoerder":"PosteItaliane","puntType":"servicepunt","bezettingsgraad":50,"latitude":38.01956654,"longitude":12.52589298,"canPickup":true,"canDropoff":true,"openingstijden":{"za":"08:30 - 13:30, 16:00 - 20:30","zo":"09:00 - 13:00","ma":"08:30 - 13:30, 16:00 - 20:30","di":"08:30 - 13:30, 16:00 - 20:30","wo":"08:30 - 13:30, 16:00 - 20:30","do":"08:30 - 13:30, 16:00 - 20:30","vr":"08:30 - 13:30, 16:00 - 20:30"}}},{"type":"Feature","geometry":{"type":"Point","coordinates":[12.53782627,38.01741064]},"properties":{"type":"pakketpunt","locatieNaam":"Trapani Hd Spedizioni E Servizi","straatNaam":"Viale Regione Siciliana","straatNr":"37","vervoerder":"PosteItaliane","puntType":"automaat","bezettingsgraad":50,"latitude":38.01741064,"longitude":12.53782627,"canPickup":true,"canDropoff":true,"openingstijden":{"za":"09:00 - 13:00","zo":"gesloten","ma":"09:00 - 13:00","di":"09:00 - 13:00","wo":"09:00 - 13:00","do":"09:00 - 13:00","vr":"09:00 - 13:00"}}},{"type":"Feature","geometry":{"type":"Point","coordinates":[12.52384,38.01641]},"properties":{"type":"pakketpunt","locatieNaam":"Mpiu's Servizi","straatNaam":"Via Virgilio","straatNr":"101","vervoerder":"PosteItaliane","puntType":"automaat","bezettingsgraad":50,"latitude":38.01641,"longitude":12.52384,"canPickup":true,"canDropoff":true,"openingstijden":{"za":"09:00 - 12:30","zo":"gesloten","ma":"08:30 - 13:00","di":"08:30 - 13:00","wo":"08:30 - 13:00","do":"08:30 - 13:00","vr":"08:30 - 13:00"}}},{"type":"Feature","geometry":{"type":"Point","coordinates":[12.532143,38.02026629]},"properties":{"type":"pakketpunt","locatieNaam":"Tabaccheria N. 73","straatNaam":"Via Giovanni Battista Fardella","straatNr":"386","vervoerder":"PosteItaliane","puntType":"servicepunt","bezettingsgraad":50,"latitude":38.02026629,"longitude":12.532143,"canPickup":true,"canDropoff":true,"openingstijden":{"za":"08:00 - 13:00, 15:30 - 20:00","zo":"gesloten","ma":"08:00 - 13:00, 15:30 - 20:00","di":"08:00 - 13:00, 15:30 - 20:00","wo":"08:00 - 13:00, 15:30 - 20:00","do":"08:00 - 13:00, 15:30 - 20:00","vr":"08:00 - 13:00, 15:30 - 20:00"}}},{"type":"Feature","geometry":{"type":"Point","coordinates":[12.521485,38.02141788]},"properties":{"type":"pakketpunt","locatieNaam":"Tabaccheria N. 61","straatNaam":"Via Nausicaa","straatNr":"19","vervoerder":"PosteItaliane","puntType":"servicepunt","bezettingsgraad":50,"latitude":38.02141788,"longitude":12.521485,"canPickup":true,"canDropoff":true,"openingstijden":{"za":"07:00 - 13:00","zo":"gesloten","ma":"07:00 - 17:00","di":"07:00 - 17:00","wo":"07:00 - 17:00","do":"07:00 - 17:00","vr":"07:00 - 17:00"}}},{"type":"Feature","geometry":{"type":"Point","coordinates":[12.53887304,38.01278179]},"properties":{"type":"pakketpunt","locatieNaam":"Tabaccheria N. 25","straatNaam":"Via Salemi","straatNr":"68","vervoerder":"PosteItaliane","puntType":"servicepunt","bezettingsgraad":50,"latitude":38.01278179,"longitude":12.53887304,"canPickup":true,"canDropoff":true,"openingstijden":{"za":"07:30 - 13:30, 16:00 - 20:00","zo":"gesloten","ma":"07:30 - 13:30, 16:00 - 20:00","di":"07:30 - 13:30, 16:00 - 20:00","wo":"07:30 - 13:30, 16:00 - 20:00","do":"07:30 - 13:30, 16:00 - 20:00","vr":"07:30 - 13:30, 16:00 - 20:00"}}},{"type":"Feature","geometry":{"type":"Point","coordinates":[12.53680172,38.02031128]},"properties":{"type":"pakketpunt","locatieNaam":"Posta Boxes Etc","straatNaam":"Via Formica","straatNr":"6","vervoerder":"PosteItaliane","puntType":"servicepunt","bezettingsgraad":50,"latitude":38.02031128,"longitude":12.53680172,"canPickup":true,"canDropoff":true,"openingstijden":{"za":"09:15 - 12:45","zo":"gesloten","ma":"08:45 - 13:15, 15:55 - 18:30","di":"08:30 - 13:15, 15:55 - 18:30","wo":"08:45 - 13:15, 15:55 - 18:30","do":"08:30 - 13:15, 15:55 - 18:30","vr":"08:45 - 13:15, 15:55 - 18:30"}}},{"type":"Feature","geometry":{"type":"Point","coordinates":[12.53818225,38.01884333]},"properties":{"type":"pakketpunt","locatieNaam":"Tabaccheria N. 57","straatNaam":"Via Palma","straatNr":"34","vervoerder":"PosteItaliane","puntType":"servicepunt","bezettingsgraad":50,"latitude":38.01884333,"longitude":12.53818225,"canPickup":true,"canDropoff":true,"openingstijden":{"za":"06:00 - 13:00, 16:00 - 20:00","zo":"06:00 - 13:00, 16:00 - 20:00","ma":"06:00 - 20:30","di":"06:00 - 20:30","wo":"06:00 - 20:30","do":"06:00 - 20:30","vr":"06:00 - 20:30"}}},{"type":"Feature","geometry":{"type":"Point","coordinates":[12.55922677,38.01533188]},"properties":{"type":"pakketpunt","locatieNaam":"Stazione Di Servizio","straatNaam":"Via Giovan Battista Talotti","straatNr":"2","vervoerder":"PosteItaliane","puntType":"automaat","bezettingsgraad":50,"latitude":38.01533188,"longitude":12.55922677,"canPickup":true,"canDropoff":true,"openingstijden":{"za":"00:01 - 23:59","zo":"00:01 - 23:59","ma":"00:01 - 23:59","di":"00:01 - 23:59","wo":"00:01 - 23:59","do":"00:01 - 23:59","vr":"00:01 - 23:59"}}},{"type":"Feature","geometry":{"type":"Point","coordinates":[12.53063609,38.01940645]},"properties":{"type":"pakketpunt","locatieNaam":"Stazione Di Servizio Esso","straatNaam":"Via Marsala Snc","straatNr":"2","vervoerder":"PosteItaliane","puntType":"automaat","bezettingsgraad":50,"latitude":38.01940645,"longitude":12.53063609,"canPickup":true,"canDropoff":true,"openingstijden":{"za":"00:01 - 23:59","zo":"00:01 - 23:59","ma":"00:01 - 23:59","di":"00:01 - 23:59","wo":"00:01 - 23:59","do":"00:01 - 23:59","vr":"00:01 - 23:59"}}},{"type":"Feature","geometry":{"type":"Point","coordinates":[12.51858213,38.01751515]},"properties":{"type":"pakketpunt","locatieNaam":"Fotodiscont - Trapani","straatNaam":"Piazza Umberto I","straatNr":"7","vervoerder":"PosteItaliane","puntType":"servicepunt","bezettingsgraad":50,"latitude":38.01751515,"longitude":12.51858213,"canPickup":true,"canDropoff":true,"openingstijden":{"za":"09:00 - 13:00, 16:00 - 20:00","zo":"gesloten","ma":"09:00 - 13:00, 16:00 - 20:00","di":"09:00 - 13:00, 16:00 - 20:00","wo":"09:00 - 13:00, 16:00 - 20:00","do":"09:00 - 13:00, 16:00 - 20:00","vr":"09:00 - 13:00, 16:00 - 20:00"}}},{"type":"Feature","geometry":{"type":"Point","coordinates":[12.5378545,38.02619111]},"properties":{"type":"pakketpunt","locatieNaam":"Tabaccheria N. 7","straatNaam":"Via Cofano","straatNr":"84","vervoerder":"PosteItaliane","puntType":"servicepunt","bezettingsgraad":50,"latitude":38.02619111,"longitude":12.5378545,"canPickup":true,"canDropoff":true,"openingstijden":{"za":"07:45 - 14:00, 16:00 - 20:00","zo":"gesloten","ma":"07:45 - 14:00, 16:00 - 20:00","di":"07:45 - 14:00, 16:00 - 20:00","wo":"07:45 - 14:00, 16:00 - 20:00","do":"07:45 - 14:00, 16:00 - 20:00","vr":"07:45 - 14:00, 16:00 - 20:00"}}},{"type":"Feature","geometry":{"type":"Point","coordinates":[12.51277259,38.01499645]},"properties":{"type":"pakketpunt","locatieNaam":"Tabaccheria N. 3","straatNaam":"Corso Italia","straatNr":"60","vervoerder":"PosteItaliane","puntType":"servicepunt","bezettingsgraad":50,"latitude":38.01499645,"longitude":12.51277259,"canPickup":true,"canDropoff":true,"openingstijden":{"za":"07:00 - 13:00, 16:00 - 20:00","zo":"08:00 - 13:00","ma":"07:00 - 13:00, 16:00 - 20:00","di":"07:00 - 13:00, 16:00 - 20:00","wo":"07:00 - 13:00, 16:00 - 20:00","do":"07:00 - 13:00, 16:00 - 20:00","vr":"07:00 - 13:00, 16:00 - 20:00"}}},{"type":"Feature","geometry":{"type":"Point","coordinates":[12.54891982,37.99663015]},"properties":{"type":"pakketpunt","locatieNaam":"Tabaccheria N. 2","straatNaam":"Via Marsala","straatNr":"154/a","vervoerder":"PosteItaliane","puntType":"servicepunt","bezettingsgraad":50,"latitude":37.99663015,"longitude":12.54891982,"canPickup":true,"canDropoff":true,"openingstijden":{"za":"07:00 - 13:30, 16:00 - 20:30","zo":"gesloten","ma":"07:00 - 13:30, 16:00 - 20:30","di":"07:00 - 13:30, 16:00 - 20:30","wo":"07:00 - 13:30, 16:00 - 20:30","do":"07:00 - 13:30, 16:00 - 20:30","vr":"07:00 - 13:30, 16:00 - 20:30"}}},{"type":"Feature","geometry":{"type":"Point","coordinates":[12.54554,38.01853]},"properties":{"type":"pakketpunt","locatieNaam":"Tabaccheria N. 15","straatNaam":"Via Palermo","straatNr":"94","vervoerder":"PosteItaliane","puntType":"servicepunt","bezettingsgraad":50,"latitude":38.01853,"longitude":12.54554,"canPickup":true,"canDropoff":true,"openingstijden":{"za":"08:00 - 13:00, 16:00 - 20:30","zo":"gesloten","ma":"08:00 - 13:00, 16:00 - 20:30","di":"08:00 - 13:00, 16:00 - 20:30","wo":"08:00 - 13:00, 16:00 - 20:30","do":"08:00 - 13:00, 16:00 - 20:30","vr":"08:00 - 13:00, 16:00 - 20:30"}}},{"type":"Feature","geometry":{"type":"Point","coordinates":[12.53434903,38.02567002]},"properties":{"type":"pakketpunt","locatieNaam":"Tabaccheria N. 47","straatNaam":"Piazza Cimitero","straatNr":"21","vervoerder":"PosteItaliane","puntType":"servicepunt","bezettingsgraad":50,"latitude":38.02567002,"longitude":12.53434903,"canPickup":true,"canDropoff":true,"openingstijden":{"za":"06:00 - 20:00","zo":"08:00 - 13:00","ma":"06:00 - 20:00","di":"06:00 - 20:00","wo":"06:00 - 20:00","do":"06:00 - 20:00","vr":"06:00 - 20:00"}}},{"type":"Feature","geometry":{"type":"Point","coordinates":[12.49918318,38.01688243]},"properties":{"type":"pakketpunt","locatieNaam":"Tabaccheria N. 38","straatNaam":"Piazza Vittime Della Motonave Maria Stella","straatNr":"5","vervoerder":"PosteItaliane","puntType":"servicepunt","bezettingsgraad":50,"latitude":38.01688243,"longitude":12.49918318,"canPickup":true,"canDropoff":true,"openingstijden":{"za":"07:00 - 13:30, 17:00 - 20:00","zo":"07:00 - 13:30, 17:00 - 20:00","ma":"07:00 - 13:30, 17:00 - 20:00","di":"07:00 - 13:30, 17:00 - 20:00","wo":"07:00 - 13:30, 17:00 - 20:00","do":"07:00 - 13:30, 17:00 - 20:00","vr":"07:00 - 13:30, 17:00 - 20:00"}}},{"type":"Feature","geometry":{"type":"Point","coordinates":[12.53355908,38.02251023]},"properties":{"type":"pakketpunt","locatieNaam":"Tabaccheria N. 6","straatNaam":"Via Degli Orti","straatNr":"69","vervoerder":"PosteItaliane","puntType":"servicepunt","bezettingsgraad":50,"latitude":38.02251023,"longitude":12.53355908,"canPickup":true,"canDropoff":true,"openingstijden":{"za":"08:30 - 13:00, 15:30 - 19:33","zo":"gesloten","ma":"08:30 - 13:00, 15:30 - 19:33","di":"08:30 - 13:00, 15:30 - 19:33","wo":"08:30 - 13:00, 15:30 - 19:33","do":"08:30 - 13:00, 15:30 - 19:33","vr":"08:30 - 13:00, 15:30 - 19:33"}}},{"type":"Feature","geometry":{"type":"Point","coordinates":[12.52644587,38.02207085]},"properties":{"type":"pakketpunt","locatieNaam":"Mangazone Shop H24","straatNaam":"Via Archi","straatNr":"6","vervoerder":"PosteItaliane","puntType":"automaat","bezettingsgraad":50,"latitude":38.02207085,"longitude":12.52644587,"canPickup":true,"canDropoff":true,"openingstijden":{"za":"00:01 - 23:59","zo":"00:01 - 23:59","ma":"00:01 - 23:59","di":"00:01 - 23:59","wo":"00:01 - 23:59","do":"00:01 - 23:59","vr":"00:01 - 23:59"}}},{"type":"Feature","geometry":{"type":"Point","coordinates":[12.52404982,38.01879633]},"properties":{"type":"pakketpunt","locatieNaam":"Come Nuovo - Trapani","straatNaam":"Via Generale Giovanni Matera","straatNr":"7","vervoerder":"PosteItaliane","puntType":"servicepunt","bezettingsgraad":50,"latitude":38.01879633,"longitude":12.52404982,"canPickup":true,"canDropoff":true,"openingstijden":{"za":"gesloten","zo":"gesloten","ma":"09:30 - 13:00, 16:30 - 19:30","di":"09:30 - 13:00, 16:30 - 19:30","wo":"09:30 - 13:00, 16:30 - 19:30","do":"09:30 - 13:00, 16:30 - 19:30","vr":"09:30 - 13:00, 16:30 - 19:30"}}},{"type":"Feature","geometry":{"type":"Point","coordinates":[12.5199,38.01579]},"properties":{"type":"pakketpunt","locatieNaam":"Tabaccheria N. 12","straatNaam":"Via Virgilio","straatNr":"6","vervoerder":"PosteItaliane","puntType":"servicepunt","bezettingsgraad":50,"latitude":38.01579,"longitude":12.5199,"canPickup":true,"canDropoff":true,"openingstijden":{"za":"07:30 - 14:00, 16:00 - 20:00","zo":"gesloten","ma":"07:30 - 14:00, 16:00 - 20:00","di":"07:30 - 14:00, 16:00 - 20:00","wo":"07:30 - 14:00, 16:00 - 20:00","do":"07:30 - 14:00, 16:00 - 20:00","vr":"07:30 - 14:00, 16:00 - 20:00"}}},{"type":"Feature","geometry":{"type":"Point","coordinates":[12.5347367,38.01618661]},"properties":{"type":"pakketpunt","locatieNaam":"Tabaccheria N. 44","straatNaam":"Via Marsala","straatNr":"185","vervoerder":"PosteItaliane","puntType":"servicepunt","bezettingsgraad":50,"latitude":38.01618661,"longitude":12.5347367,"canPickup":true,"canDropoff":true,"openingstijden":{"za":"06:30 - 13:00, 15:30 - 20:00","zo":"09:00 - 13:00","ma":"06:30 - 13:00, 15:30 - 20:00","di":"06:30 - 13:00, 15:30 - 20:00","wo":"06:30 - 13:00, 15:30 - 20:00","do":"06:30 - 13:00, 15:30 - 20:00","vr":"06:30 - 13:00, 15:30 - 20:00"}}},{"type":"Feature","geometry":{"type":"Point","coordinates":[12.54528486,38.01998003]},"properties":{"type":"pakketpunt","locatieNaam":"Tabaccheria N. 56","straatNaam":"Via Convento San Francesco Di Paola","straatNr":"25","vervoerder":"PosteItaliane","puntType":"servicepunt","bezettingsgraad":50,"latitude":38.01998003,"longitude":12.54528486,"canPickup":true,"canDropoff":true,"openingstijden":{"za":"07:00 - 13:00, 16:00 - 20:00","zo":"gesloten","ma":"06:30 - 20:00","di":"06:30 - 20:00","wo":"06:30 - 20:00","do":"06:30 - 20:00","vr":"06:30 - 20:00"}}},{"type":"Feature","geometry":{"type":"Point","coordinates":[12.54383271,38.01151191]},"properties":{"type":"pakketpunt","locatieNaam":"Tabaccheria N. 37","straatNaam":"Via Tenente Salvatore Alberti","straatNr":"63","vervoerder":"PosteItaliane","puntType":"servicepunt","bezettingsgraad":50,"latitude":38.01151191,"longitude":12.54383271,"canPickup":true,"canDropoff":true,"openingstijden":{"za":"07:00 - 13:30, 15:30 - 20:30","zo":"gesloten","ma":"07:00 - 13:30, 15:30 - 20:30","di":"07:00 - 13:30, 15:30 - 20:30","wo":"07:00 - 13:30, 15:30 - 20:30","do":"07:00 - 13:30, 15:30 - 20:30","vr":"07:00 - 13:30, 15:30 - 20:30"}}},{"type":"Feature","geometry":{"type":"Point","coordinates":[12.53797848,38.02094036]},"properties":{"type":"pakketpunt","locatieNaam":"Tabaccheria N. 69","straatNaam":"Corso Piersanti Mattarella","straatNr":"90","vervoerder":"PosteItaliane","puntType":"servicepunt","bezettingsgraad":50,"latitude":38.02094036,"longitude":12.53797848,"canPickup":true,"canDropoff":true,"openingstijden":{"za":"08:00 - 13:00, 16:00 - 20:00","zo":"gesloten","ma":"08:00 - 13:00, 16:00 - 20:00","di":"08:00 - 13:00, 16:00 - 20:00","wo":"08:00 - 13:00, 16:00 - 20:00","do":"08:00 - 13:00, 16:00 - 20:00","vr":"08:00 - 13:00, 16:00 - 20:00"}}},{"type":"Feature","geometry":{"type":"Point","coordinates":[12.53595516,38.01437045]},"properties":{"type":"pakketpunt","locatieNaam":"Tabaccheria N. 78","straatNaam":"Via Marsala","straatNr":"255","vervoerder":"PosteItaliane","puntType":"servicepunt","bezettingsgraad":50,"latitude":38.01437045,"longitude":12.53595516,"canPickup":true,"canDropoff":true,"openingstijden":{"za":"07:30 - 20:30","zo":"08:00 - 20:30","ma":"07:00 - 20:30","di":"07:00 - 20:30","wo":"07:00 - 20:30","do":"07:00 - 20:30","vr":"07:00 - 20:30"}}},{"type":"Feature","geometry":{"type":"Point","coordinates":[12.53476789,38.01834602]},"properties":{"type":"pakketpunt","locatieNaam":"Tabaccheria N. 98","straatNaam":"Via Generale Ameglio","straatNr":"62","vervoerder":"PosteItaliane","puntType":"servicepunt","bezettingsgraad":50,"latitude":38.01834602,"longitude":12.53476789,"canPickup":true,"canDropoff":true,"openingstijden":{"za":"07:45 - 14:00, 16:00 - 20:30","zo":"gesloten","ma":"07:45 - 14:00, 16:00 - 20:30","di":"07:45 - 14:00, 16:00 - 20:30","wo":"07:45 - 14:00, 16:00 - 20:30","do":"07:45 - 14:00, 16:00 - 20:30","vr":"07:45 - 14:00, 16:00 - 20:30"}}},{"type":"Feature","geometry":{"type":"Point","coordinates":[12.51701559,38.01594197]},"properties":{"type":"pakketpunt","locatieNaam":"Tabaccheria N. 71","straatNaam":"Via Spalti","straatNr":"34","vervoerder":"PosteItaliane","puntType":"servicepunt","bezettingsgraad":50,"latitude":38.01594197,"longitude":12.51701559,"canPickup":true,"canDropoff":true,"openingstijden":{"za":"07:00 - 20:30","zo":"gesloten","ma":"07:00 - 20:30","di":"07:00 - 20:30","wo":"07:00 - 20:30","do":"07:00 - 20:30","vr":"07:00 - 20:30"}}},{"type":"Feature","geometry":{"type":"Point","coordinates":[12.52264304,38.01945925]},"properties":{"type":"pakketpunt","locatieNaam":"Tabaccheria N. 46","straatNaam":"Via Giovanni Battista Fardella","straatNr":"147","vervoerder":"PosteItaliane","puntType":"servicepunt","bezettingsgraad":50,"latitude":38.01945925,"longitude":12.52264304,"canPickup":true,"canDropoff":true,"openingstijden":{"za":"09:00 - 13:30, 16:00 - 20:30","zo":"gesloten","ma":"09:00 - 13:30, 16:00 - 20:30","di":"09:00 - 13:30, 16:00 - 20:30","wo":"09:00 - 13:30, 16:00 - 20:30","do":"09:00 - 13:30, 16:00 - 20:30","vr":"09:00 - 13:30, 16:00 - 20:30"}}},{"type":"Feature","geometry":{"type":"Point","coordinates":[12.52817073,38.02283384]},"properties":{"type":"pakketpunt","locatieNaam":"Tabaccheria N. 17","straatNaam":"Via Archi","straatNr":"44","vervoerder":"PosteItaliane","puntType":"servicepunt","bezettingsgraad":50,"latitude":38.02283384,"longitude":12.52817073,"canPickup":true,"canDropoff":true,"openingstijden":{"za":"08:00 - 14:00, 16:30 - 20:30","zo":"gesloten","ma":"08:00 - 14:00, 16:30 - 20:30","di":"08:00 - 14:00, 16:30 - 20:30","wo":"08:00 - 14:00, 16:30 - 20:30","do":"08:00 - 14:00, 16:30 - 20:30","vr":"08:00 - 14:00, 16:30 - 20:30"}}},{"type":"Feature","geometry":{"type":"Point","coordinates":[12.51986203,38.01886924]},"properties":{"type":"pakketpunt","locatieNaam":"Tabaccheria N. 34","straatNaam":"Via Giovanni Battista Fardella","straatNr":"30","vervoerder":"PosteItaliane","puntType":"servicepunt","bezettingsgraad":50,"latitude":38.01886924,"longitude":12.51986203,"canPickup":true,"canDropoff":true,"openingstijden":{"za":"08:30 - 13:30, 16:30 - 20:30","zo":"gesloten","ma":"08:30 - 13:30, 16:30 - 20:30","di":"08:30 - 13:30, 16:30 - 20:30","wo":"08:30 - 13:30, 16:30 - 20:30","do":"08:30 - 13:30, 16:30 - 20:30","vr":"08:30 - 13:30, 16:30 - 20:30"}}},{"type":"Feature","geometry":{"type":"Point","coordinates":[12.52457222,38.02056739]},"properties":{"type":"pakketpunt","locatieNaam":"Tabaccheria N. 58","straatNaam":"Via Livio Bassi","straatNr":"125","vervoerder":"PosteItaliane","puntType":"servicepunt","bezettingsgraad":50,"latitude":38.02056739,"longitude":12.52457222,"canPickup":true,"canDropoff":true,"openingstijden":{"za":"08:00 - 13:00, 16:00 - 20:00","zo":"09:00 - 13:00","ma":"08:00 - 13:00, 16:00 - 20:00","di":"08:00 - 13:00, 16:00 - 20:00","wo":"08:00 - 13:00, 16:00 - 20:00","do":"08:00 - 13:00, 16:00 - 20:00","vr":"08:00 - 13:00, 16:00 - 20:00"}}},{"type":"Feature","geometry":{"type":"Point","coordinates":[12.5238285,38.0164261]},"properties":{"type":"pakketpunt","locatieNaam":"Mail Boxes etc - Trapani","straatNaam":"VIA VIRGILIO","straatNr":"101","vervoerder":"DPD","puntType":"pickup_point","bezettingsgraad":50,"latitude":38.0164261,"longitude":12.5238285,"canPickup":true,"canDropoff":true,"openingstijden":{"ma":"08:30 - 13:00, 15:30 - 19:00","di":"08:30 - 13:00, 15:30 - 19:00","wo":"08:30 - 13:00, 15:30 - 19:00","do":"08:30 - 13:00, 15:30 - 19:00","vr":"08:30 - 13:00, 15:30 - 19:00","za":"09:00 - 12:30","zo":"gesloten"}}},{"type":"Feature","geometry":{"type":"Point","coordinates":[12.5328240988,38.0179624995]},"properties":{"type":"pakketpunt","locatieNaam":"Mail Boxes etc.3077","straatNaam":"VIA MARSALA","straatNr":"119/121","vervoerder":"DPD","puntType":"pickup_point","bezettingsgraad":50,"latitude":38.0179624995,"longitude":12.5328240988,"canPickup":true,"canDropoff":true,"openingstijden":{"ma":"09:00 - 13:00, 16:00 - 19:00","di":"09:00 - 13:00, 16:00 - 19:00","wo":"09:00 - 13:00, 16:00 - 19:00","do":"09:00 - 13:00, 16:00 - 19:00","vr":"09:00 - 13:00, 16:00 - 19:00","za":"09:00 - 12:00","zo":"gesloten"}}},{"type":"Feature","geometry":{"type":"Point","coordinates":[12.5444131,38.0189428]},"properties":{"type":"pakketpunt","locatieNaam":"Posta Privata Naz.-Trapani","straatNaam":"VIA PALERMO","straatNr":"41","vervoerder":"DPD","puntType":"pickup_point","bezettingsgraad":50,"latitude":38.0189428,"longitude":12.5444131,"canPickup":true,"canDropoff":true,"openingstijden":{"ma":"08:00 - 13:00, 16:00 - 19:00","di":"08:00 - 13:00, 16:00 - 19:00","wo":"08:00 - 13:00, 16:00 - 19:00","do":"08:00 - 13:00, 16:00 - 19:00","vr":"08:00 - 13:00, 16:00 - 19:00","za":"08:00 - 13:00","zo":"gesloten"}}},{"type":"Feature","geometry":{"type":"Point","coordinates":[12.53587297,38.02467696]},"properties":{"type":"pakketpunt","locatieNaam":"Tabacchi Grimaudo Dal 1973","straatNaam":"VIA DEL LEGNO","straatNr":"65","vervoerder":"DPD","puntType":"pickup_point","bezettingsgraad":50,"latitude":38.02467696,"longitude":12.53587297,"canPickup":true,"canDropoff":true,"openingstijden":{"ma":"08:00 - 14:00, 16:00 - 20:00","di":"08:00 - 14:00, 16:00 - 20:00","wo":"08:00 - 14:00, 16:00 - 20:00","do":"08:00 - 14:00, 16:00 - 20:00","vr":"08:00 - 14:00, 16:00 - 20:00","za":"08:00 - 14:00, 16:00 - 20:00","zo":"gesloten"}}},{"type":"Feature","geometry":{"type":"Point","coordinates":[12.5377354,38.0174749]},"properties":{"type":"pakketpunt","locatieNaam":"Trapani Hd","straatNaam":"VIALE REGIONE SICILIANA","straatNr":"37","vervoerder":"DPD","puntType":"pickup_point","bezettingsgraad":50,"latitude":38.0174749,"longitude":12.5377354,"canPickup":true,"canDropoff":true,"openingstijden":{"ma":"09:00 - 13:00, 15:00 - 19:00","di":"09:00 - 13:00, 15:00 - 19:00","wo":"09:00 - 13:00, 15:00 - 19:00","do":"09:00 - 13:00, 15:00 - 19:00","vr":"09:00 - 13:00, 15:00 - 19:00","za":"09:00 - 13:00","zo":"gesloten"}}},{"type":"Feature","geometry":{"type":"Point","coordinates":[12.53353629,38.02504428]},"properties":{"type":"pakketpunt","locatieNaam":"Capsulando","straatNaam":"VIA ARCHI","straatNr":"176","vervoerder":"DPD","puntType":"pickup_point","bezettingsgraad":50,"latitude":38.02504428,"longitude":12.53353629,"canPickup":true,"canDropoff":true,"openingstijden":{"ma":"09:00 - 13:00, 16:00 - 20:00","di":"09:00 - 13:00, 16:00 - 20:00","wo":"09:00 - 13:00, 16:00 - 20:00","do":"09:00 - 13:00, 16:00 - 20:00","vr":"09:00 - 13:00, 16:00 - 20:00","za":"09:00 - 13:00, 16:00 - 20:00","zo":"gesloten"}}},{"type":"Feature","geometry":{"type":"Point","coordinates":[12.54852755,38.01579549]},"properties":{"type":"pakketpunt","locatieNaam":"Agenzia Scommesse Dazn Bet","straatNaam":"VIA LEONCAVALLO","straatNr":"20","vervoerder":"DPD","puntType":"pickup_point","bezettingsgraad":50,"latitude":38.01579549,"longitude":12.54852755,"canPickup":true,"canDropoff":true,"openingstijden":{"ma":"15:00 - 20:30","di":"09:00 - 13:30, 15:00 - 20:30","wo":"09:00 - 13:30, 15:30 - 20:30","do":"09:00 - 13:30, 15:00 - 20:30","vr":"09:00 - 13:30, 15:00 - 20:30","za":"09:00 - 20:30","zo":"09:00 - 20:30"}}},{"type":"Feature","geometry":{"type":"Point","coordinates":[12.5533039,38.0136827]},"properties":{"type":"pakketpunt","locatieNaam":"Tabaccheria Torre Adelaide In Urso","straatNaam":"VIA V. ROSINA","straatNr":"64","vervoerder":"DPD","puntType":"pickup_point","bezettingsgraad":50,"latitude":38.0136827,"longitude":12.5533039,"canPickup":true,"canDropoff":true,"openingstijden":{"ma":"08:00 - 13:30, 16:30 - 20:15","di":"08:00 - 13:30, 16:30 - 20:15","wo":"08:00 - 13:30, 16:30 - 20:15","do":"08:00 - 13:30, 16:30 - 20:15","vr":"08:00 - 13:30, 16:30 - 20:15","za":"08:00 - 13:30, 16:30 - 20:15","zo":"gesloten"}}},{"type":"Feature","geometry":{"type":"Point","coordinates":[12.5210532,38.01930481]},"properties":{"type":"pakketpunt","locatieNaam":"O Barriceddo","straatNaam":"VIA G. B. FARDELLA","straatNr":"99","vervoerder":"DPD","puntType":"pickup_point","bezettingsgraad":50,"latitude":38.01930481,"longitude":12.5210532,"canPickup":true,"canDropoff":true,"openingstijden":{"ma":"07:00 - 19:00","di":"07:00 - 19:00","wo":"07:00 - 19:00","do":"07:00 - 19:00","vr":"07:00 - 19:00","za":"07:00 - 13:00","zo":"gesloten"}}},{"type":"Feature","geometry":{"type":"Point","coordinates":[12.507,38.01355]},"properties":{"type":"pakketpunt","locatieNaam":"BRT LOCKER - Edicola Fiorino Int. S","straatNaam":"VIALE REGINA ELENA SN","straatNr":"","vervoerder":"DPD","puntType":"dpd_box","bezettingsgraad":50,"latitude":38.01355,"longitude":12.507,"canPickup":true,"canDropoff":true,"openingstijden":{"ma":"08:00 - 12:00, 14:30 - 17:30","di":"08:00 - 12:00, 14:30 - 17:30","wo":"08:00 - 12:00, 14:30 - 17:30","do":"08:00 - 12:00, 14:30 - 17:30","vr":"08:00 - 12:00, 14:30 - 17:30","za":"08:00 - 12:00, 14:30 - 17:30","zo":"05:30 - 11:00"}}},{"type":"Feature","geometry":{"type":"Point","coordinates":[12.5266264,38.0204921]},"properties":{"type":"pakketpunt","locatieNaam":"Logicart","straatNaam":"VIA DEI MILLE","straatNr":"24","vervoerder":"DPD","puntType":"pickup_point","bezettingsgraad":50,"latitude":38.0204921,"longitude":12.5266264,"canPickup":true,"canDropoff":true,"openingstijden":{"ma":"08:30 - 13:00","di":"08:30 - 13:00","wo":"08:30 - 13:00","do":"08:30 - 13:00","vr":"08:30 - 13:00","za":"gesloten","zo":"gesloten"}}},{"type":"Feature","geometry":{"type":"Point","coordinates":[12.51977,38.018766]},"properties":{"type":"pakketpunt","locatieNaam":"BRT LOCKER - Lavanderia La Casa del","straatNaam":"VIA CARRERA","straatNr":"5","vervoerder":"DPD","puntType":"dpd_box","bezettingsgraad":50,"latitude":38.018766,"longitude":12.51977,"canPickup":true,"canDropoff":true,"openingstijden":{"ma":"08:00 - 23:45","di":"08:00 - 23:45","wo":"08:00 - 23:45","do":"08:00 - 23:45","vr":"08:00 - 23:45","za":"08:00 - 23:45","zo":"08:00 - 23:45"}}},{"type":"Feature","geometry":{"type":"Point","coordinates":[12.5368,38.02037]},"properties":{"type":"pakketpunt","locatieNaam":"InPost Point","straatNaam":"Via Formica","straatNr":"6","vervoerder":"InPost","puntType":"servicepunt","bezettingsgraad":50,"latitude":38.02037,"longitude":12.5368,"canPickup":true,"canDropoff":true,"openingstijden":"Lun-Ven: 08:30 -13:00 -16:00 - 19:00 - Sab: 09:00 - 13:00"}},{"type":"Feature","geometry":{"type":"Point","coordinates":[12.53777,38.01764]},"properties":{"type":"pakketpunt","locatieNaam":"InPost Point","straatNaam":"Viale Regione Siciliana","straatNr":"37","vervoerder":"InPost","puntType":"servicepunt","bezettingsgraad":50,"latitude":38.01764,"longitude":12.53777,"canPickup":true,"canDropoff":true,"openingstijden":"Lun-Ven: 08:30 - 19:00 - Sab: 08:30 -13:00"}},{"type":"Feature","geometry":{"type":"Point","coordinates":[12.53432,38.02558]},"properties":{"type":"pakketpunt","locatieNaam":"InPost Point","straatNaam":"Piazza Cimitero","straatNr":"21","vervoerder":"InPost","puntType":"servicepunt","bezettingsgraad":50,"latitude":38.02558,"longitude":12.53432,"canPickup":true,"canDropoff":true,"openingstijden":"Lun-Ven: 05:00 - 20:00 Sab: 06:00 - 13:00 - 16:30 - 20:30"}},{"type":"Feature","geometry":{"type":"Point","coordinates":[12.5242,38.01794]},"properties":{"type":"pakketpunt","locatieNaam":"InPost Point","straatNaam":"Via Virgilio","straatNr":"101","vervoerder":"InPost","puntType":"servicepunt","bezettingsgraad":50,"latitude":38.01794,"longitude":12.5242,"canPickup":true,"canDropoff":true,"openingstijden":"Lun-Ven: 08:30 - 13:00 - 15:30 - 19:00 Sab: 09:00 - 12:30"}},{"type":"Feature","geometry":{"type":"Point","coordinates":[12.53066,38.01942]},"properties":{"type":"pakketpunt","locatieNaam":"InPost Locker 24/7","straatNaam":"Via Marsala","straatNr":"43","vervoerder":"InPost","puntType":"automaat","bezettingsgraad":50,"latitude":38.01942,"longitude":12.53066,"canPickup":true,"canDropoff":true,"openingstijden":null}},{"type":"Feature","geometry":{"type":"Point","coordinates":[12.53749,38.01147]},"properties":{"type":"pakketpunt","locatieNaam":"InPost Locker 24/7","straatNaam":"Via Marsala","straatNr":"355","vervoerder":"InPost","puntType":"automaat","bezettingsgraad":50,"latitude":38.01147,"longitude":12.53749,"canPickup":true,"canDropoff":true,"openingstijden":null}},{"type":"Feature","geometry":{"type":"Point","coordinates":[12.54559,38.01453]},"properties":{"type":"pakketpunt","locatieNaam":"InPost Locker 24/7","straatNaam":"Via Tenente Alberti Ang. Via Emilia Romagna","straatNr":"snc","vervoerder":"InPost","puntType":"automaat","bezettingsgraad":50,"latitude":38.01453,"longitude":12.54559,"canPickup":true,"canDropoff":true,"openingstijden":null}},{"type":"Feature","geometry":{"type":"Point","coordinates":[12.56626,38.01065]},"properties":{"type":"pakketpunt","locatieNaam":"InPost Locker 24/7","straatNaam":"Via Niccolò Rodolico","straatNr":"3","vervoerder":"InPost","puntType":"automaat","bezettingsgraad":50,"latitude":38.01065,"longitude":12.56626,"canPickup":true,"canDropoff":true,"openingstijden":null}},{"type":"Feature","geometry":{"type":"Point","coordinates":[12.54439,38.01905]},"properties":{"type":"pakketpunt","locatieNaam":"InPost Locker","straatNaam":"Via Palermo","straatNr":"41","vervoerder":"InPost","puntType":"automaat","bezettingsgraad":50,"latitude":38.01905,"longitude":12.54439,"canPickup":true,"canDropoff":true,"openingstijden":null}},{"type":"Feature","geometry":{"type":"Point","coordinates":[12.52403,38.01876]},"properties":{"type":"pakketpunt","locatieNaam":"InPost Locker","straatNaam":"Via Giovanni Matera","straatNr":"7","vervoerder":"InPost","puntType":"automaat","bezettingsgraad":50,"latitude":38.01876,"longitude":12.52403,"canPickup":true,"canDropoff":true,"openingstijden":null}},{"type":"Feature","geometry":{"type":"Point","coordinates":[12.5395,38.0173]},"properties":{"type":"pakketpunt","locatieNaam":"InPost Locker","straatNaam":"Viale Regione Siciliana","straatNr":"101","vervoerder":"InPost","puntType":"automaat","bezettingsgraad":50,"latitude":38.0173,"longitude":12.5395,"canPickup":true,"canDropoff":true,"openingstijden":null}},{"type":"Feature","geometry":{"type":"Point","coordinates":[12.53788,38.02619]},"properties":{"type":"pakketpunt","locatieNaam":"InPost Locker","straatNaam":"Via Cofano","straatNr":"84","vervoerder":"InPost","puntType":"automaat","bezettingsgraad":50,"latitude":38.02619,"longitude":12.53788,"canPickup":true,"canDropoff":true,"openingstijden":null}},{"type":"Feature","geometry":{"type":"Point","coordinates":[12.53353,38.02257]},"properties":{"type":"pakketpunt","locatieNaam":"Fabrizio Nocitra","straatNaam":"Via Orti","straatNr":"69","vervoerder":"InPost","puntType":"automaat","bezettingsgraad":50,"latitude":38.02257,"longitude":12.53353,"canPickup":true,"canDropoff":true,"openingstijden":null}},{"type":"Feature","geometry":{"type":"Point","coordinates":[12.5404249,38.002736]},"properties":{"type":"pakketpunt","locatieNaam":"d.v.trasporti s.r.l.","straatNaam":"Via Francesco Culcasi","straatNr":"4","vervoerder":"GLS","puntType":"parcel_shop","bezettingsgraad":50,"latitude":38.002736,"longitude":12.5404249,"canPickup":true,"canDropoff":true,"openingstijden":"ma: 09:00 - 13:00; di: 09:00 - 13:00"}},{"type":"Feature","geometry":{"type":"Point","coordinates":[12.5555478,38.0097981]},"properties":{"type":"pakketpunt","locatieNaam":"Trenergia","straatNaam":"Via Delle Oreadi","straatNr":"31","vervoerder":"GLS","puntType":"parcel_shop","bezettingsgraad":50,"latitude":38.0097981,"longitude":12.5555478,"canPickup":true,"canDropoff":true,"openingstijden":"za: 09:00 - 13:00; ma: 09:00 - 13:00, 16:00 - 19:00"}},{"type":"Feature","geometry":{"type":"Point","coordinates":[12.5438783,38.0113824]},"properties":{"type":"pakketpunt","locatieNaam":"RIV 37 Tabaccheria ALEO","straatNaam":"Via Tenente Salvatore Alberti","straatNr":"63","vervoerder":"GLS","puntType":"parcel_shop","bezettingsgraad":50,"latitude":38.0113824,"longitude":12.5438783,"canPickup":true,"canDropoff":true,"openingstijden":"za: 07:00 - 13:30, 17:30 - 20:30; ma: 07:00 - 13:30, 15:30 - 20:30"}},{"type":"Feature","geometry":{"type":"Point","coordinates":[12.5441521,38.0131053]},"properties":{"type":"pakketpunt","locatieNaam":"PANIFICIO MALTESE ROBERTO","straatNaam":"Via Tenente Salvatore Alberti","straatNr":"106","vervoerder":"GLS","puntType":"parcel_shop","bezettingsgraad":50,"latitude":38.0131053,"longitude":12.5441521,"canPickup":true,"canDropoff":true,"openingstijden":"za: 07:00 - 13:30; ma: 07:00 - 13:30, 17:00 - 19:30"}},{"type":"Feature","geometry":{"type":"Point","coordinates":[12.5534763,38.0137424]},"properties":{"type":"pakketpunt","locatieNaam":"TABACCHI TORRE","straatNaam":"Via Villarosina","straatNr":"64","vervoerder":"GLS","puntType":"parcel_shop","bezettingsgraad":50,"latitude":38.0137424,"longitude":12.5534763,"canPickup":true,"canDropoff":true,"openingstijden":"za: 08:30 - 14:00, 16:30 - 20:00; ma: 08:30 - 14:00, 16:30 - 20:00"}},{"type":"Feature","geometry":{"type":"Point","coordinates":[12.5051463,38.0144696]},"properties":{"type":"pakketpunt","locatieNaam":"Fiorino Alberto","straatNaam":"Viale Regina Elena","straatNr":"interno Stazione Marittim","vervoerder":"GLS","puntType":"parcel_shop","bezettingsgraad":50,"latitude":38.0144696,"longitude":12.5051463,"canPickup":true,"canDropoff":true,"openingstijden":"za: 06:00 - 13:00, 14:30 - 18:30; zo: 07:00 - 10:30"}},{"type":"Feature","geometry":{"type":"Point","coordinates":[12.5479381,38.0157176]},"properties":{"type":"pakketpunt","locatieNaam":"SCOMMETTENDO CORNER INTERNET POINT","straatNaam":"Via Leoncavallo","straatNr":"20","vervoerder":"GLS","puntType":"parcel_shop","bezettingsgraad":50,"latitude":38.0157176,"longitude":12.5479381,"canPickup":true,"canDropoff":true,"openingstijden":"za: 09:00 - 13:00; zo: 09:00 - 13:00"}},{"type":"Feature","geometry":{"type":"Point","coordinates":[12.556072,38.0160018]},"properties":{"type":"pakketpunt","locatieNaam":"Tabaccheria N29","straatNaam":"Via G Marconi","straatNr":"100","vervoerder":"GLS","puntType":"parcel_shop","bezettingsgraad":50,"latitude":38.0160018,"longitude":12.556072,"canPickup":true,"canDropoff":true,"openingstijden":"za: 08:00 - 20:00; ma: 08:00 - 20:00"}},{"type":"Feature","geometry":{"type":"Point","coordinates":[12.5179324,38.0161767]},"properties":{"type":"pakketpunt","locatieNaam":"Centro Multiservizi galuppo","straatNaam":"Via Giuseppe Mazzini","straatNr":"10","vervoerder":"GLS","puntType":"parcel_shop","bezettingsgraad":50,"latitude":38.0161767,"longitude":12.5179324,"canPickup":true,"canDropoff":true,"openingstijden":"za: 08:30 - 12:30, 16:30 - 19:00; zo: 10:00 - 12:30"}},{"type":"Feature","geometry":{"type":"Point","coordinates":[12.5238233,38.0164294]},"properties":{"type":"pakketpunt","locatieNaam":"MAIL BOXES ETC.","straatNaam":"Via Virgilio","straatNr":"101","vervoerder":"GLS","puntType":"parcel_shop","bezettingsgraad":50,"latitude":38.0164294,"longitude":12.5238233,"canPickup":true,"canDropoff":true,"openingstijden":"za: 09:00 - 12:30; ma: 08:30 - 13:00, 15:30 - 19:00"}},{"type":"Feature","geometry":{"type":"Point","coordinates":[12.4994059,38.0167864]},"properties":{"type":"pakketpunt","locatieNaam":"LE BARRACCHE","straatNaam":"Piazza Scalo D'Alaggio","straatNr":"7","vervoerder":"GLS","puntType":"parcel_shop","bezettingsgraad":50,"latitude":38.0167864,"longitude":12.4994059,"canPickup":true,"canDropoff":true,"openingstijden":"za: 07:30 - 14:00, 17:00 - 20:00; zo: 07:30 - 14:00, 17:00 - 20:00"}},{"type":"Feature","geometry":{"type":"Point","coordinates":[12.5427464,38.017324]},"properties":{"type":"pakketpunt","locatieNaam":"Cartoleria Di Piu' di Mariano Di Giovanni","straatNaam":"Via Zuccala' Pompeo","straatNr":"3/a","vervoerder":"GLS","puntType":"parcel_shop","bezettingsgraad":50,"latitude":38.017324,"longitude":12.5427464,"canPickup":true,"canDropoff":true,"openingstijden":"za: 09:00 - 12:00; ma: 08:30 - 13:00, 16:30 - 19:00"}},{"type":"Feature","geometry":{"type":"Point","coordinates":[12.5185906,38.017532]},"properties":{"type":"pakketpunt","locatieNaam":"fotodiscount","straatNaam":"Piazza Umberto I","straatNr":"7","vervoerder":"GLS","puntType":"parcel_shop","bezettingsgraad":50,"latitude":38.017532,"longitude":12.5185906,"canPickup":true,"canDropoff":true,"openingstijden":"za: 09:00 - 13:00, 16:00 - 20:00; ma: 09:00 - 13:00, 16:00 - 20:00"}},{"type":"Feature","geometry":{"type":"Point","coordinates":[12.5328252,38.017977]},"properties":{"type":"pakketpunt","locatieNaam":"MAIL BOXES ETC 3077","straatNaam":"Via Marsala","straatNr":"121","vervoerder":"GLS","puntType":"parcel_shop","bezettingsgraad":50,"latitude":38.017977,"longitude":12.5328252,"canPickup":true,"canDropoff":true,"openingstijden":"za: 09:00 - 12:00; ma: 09:00 - 13:00, 16:00 - 19:00"}},{"type":"Feature","geometry":{"type":"Point","coordinates":[12.5444131,38.0189428]},"properties":{"type":"pakketpunt","locatieNaam":"LA POSTA PRIVATA NAZIONALE TRAPANI","straatNaam":"Via Palermo","straatNr":"41","vervoerder":"GLS","puntType":"parcel_shop","bezettingsgraad":50,"latitude":38.0189428,"longitude":12.5444131,"canPickup":true,"canDropoff":true,"openingstijden":"za: 08:00 - 13:00; ma: 08:00 - 13:00"}},{"type":"Feature","geometry":{"type":"Point","coordinates":[12.5269571,38.0195941]},"properties":{"type":"pakketpunt","locatieNaam":"PISANOSTORE","straatNaam":"Via Giovanni Battista Fardella","straatNr":"234","vervoerder":"GLS","puntType":"parcel_shop","bezettingsgraad":50,"latitude":38.0195941,"longitude":12.5269571,"canPickup":true,"canDropoff":true,"openingstijden":"za: 08:30 - 13:00, 16:00 - 20:00; ma: 08:30 - 13:00, 16:00 - 20:00"}},{"type":"Feature","geometry":{"type":"Point","coordinates":[12.5368046,38.0203561]},"properties":{"type":"pakketpunt","locatieNaam":"POSTA BOXES ETC. TRAPANI","straatNaam":"Via Formica","straatNr":"6","vervoerder":"GLS","puntType":"parcel_shop","bezettingsgraad":50,"latitude":38.0203561,"longitude":12.5368046,"canPickup":true,"canDropoff":true,"openingstijden":"za: 09:00 - 13:00; ma: 09:00 - 13:00, 16:00 - 18:30"}},{"type":"Feature","geometry":{"type":"Point","coordinates":[12.5248299,38.0204672]},"properties":{"type":"pakketpunt","locatieNaam":"MELACOMPUTER","straatNaam":"Via Nino Bixio","straatNr":"22","vervoerder":"GLS","puntType":"parcel_shop","bezettingsgraad":50,"latitude":38.0204672,"longitude":12.5248299,"canPickup":true,"canDropoff":true,"openingstijden":"za: 09:00 - 12:30, 15:30 - 19:30; zo: 09:00 - 12:30"}},{"type":"Feature","geometry":{"type":"Point","coordinates":[12.5384083,38.0212489]},"properties":{"type":"pakketpunt","locatieNaam":"Volari Sigarette Elettroniche","straatNaam":"Corso Piersanti Mattarella","straatNr":"69","vervoerder":"GLS","puntType":"parcel_shop","bezettingsgraad":50,"latitude":38.0212489,"longitude":12.5384083,"canPickup":true,"canDropoff":true,"openingstijden":"za: 09:00 - 13:00, 16:30 - 20:00; ma: 09:00 - 13:00, 16:30 - 20:00"}},{"type":"Feature","geometry":{"type":"Point","coordinates":[12.5417019,38.021301]},"properties":{"type":"pakketpunt","locatieNaam":"ESA Gas & Luce - Filiale Trapani-Erice","straatNaam":"Corso Piersanti Mattarella","straatNr":"184","vervoerder":"GLS","puntType":"parcel_shop","bezettingsgraad":50,"latitude":38.021301,"longitude":12.5417019,"canPickup":true,"canDropoff":true,"openingstijden":"ma: 09:00 - 13:00, 16:00 - 19:00; di: 09:00 - 13:00, 16:00 - 19:00"}},{"type":"Feature","geometry":{"type":"Point","coordinates":[12.5332714,38.0220761]},"properties":{"type":"pakketpunt","locatieNaam":"GMC ELETTRONICA","straatNaam":"Via Orti","straatNr":"53","vervoerder":"GLS","puntType":"parcel_shop","bezettingsgraad":50,"latitude":38.0220761,"longitude":12.5332714,"canPickup":true,"canDropoff":true,"openingstijden":"ma: 09:00 - 13:00, 16:00 - 20:00; di: 09:00 - 13:00, 16:00 - 20:00"}},{"type":"Feature","geometry":{"type":"Point","coordinates":[12.5357858,38.0247076]},"properties":{"type":"pakketpunt","locatieNaam":"RIV. Tabacchi Grimaudo dal 1973","straatNaam":"Via Del Legno","straatNr":"65","vervoerder":"GLS","puntType":"parcel_shop","bezettingsgraad":50,"latitude":38.0247076,"longitude":12.5357858,"canPickup":true,"canDropoff":true,"openingstijden":"za: 08:00 - 13:30, 16:00 - 20:00; ma: 08:00 - 13:30, 16:00 - 20:00"}},{"type":"Feature","geometry":{"type":"Point","coordinates":[12.6922077,37.9477295]},"properties":{"type":"pakketpunt","locatieNaam":"Coloriamo le emozioni","straatNaam":"Via Capitano A. Rizzo","straatNr":"222","vervoerder":"GLS","puntType":"parcel_shop","bezettingsgraad":50,"latitude":37.9477295,"longitude":12.6922077,"canPickup":true,"canDropoff":true,"openingstijden":"za: 16:30 - 20:00; ma: 09:00 - 20:00"}},{"type":"Feature","geometry":{"type":"Point","coordinates":[12.5457763,38.0243522]},"properties":{"type":"pakketpunt","locatieNaam":"Due esse express","straatNaam":"Via Degli Elimi","straatNr":"11","vervoerder":"GLS","puntType":"parcel_shop","bezettingsgraad":50,"latitude":38.0243522,"longitude":12.5457763,"canPickup":true,"canDropoff":true,"openingstijden":"ma: 08:30 - 13:00, 15:00 - 18:00; di: 08:30 - 13:00, 15:00 - 18:00"}},{"type":"Feature","geometry":{"type":"Point","coordinates":[12.537878,38.0261921]},"properties":{"type":"pakketpunt","locatieNaam":"TABACCHI GIUGNO RIV.7","straatNaam":"Via Cofano","straatNr":"84","vervoerder":"GLS","puntType":"parcel_shop","bezettingsgraad":50,"latitude":38.0261921,"longitude":12.537878,"canPickup":true,"canDropoff":true,"openingstijden":"za: 08:00 - 14:00, 16:00 - 20:00; ma: 08:00 - 14:00, 16:00 - 20:00"}},{"type":"Feature","geometry":{"type":"Point","coordinates":[12.5439553,38.0262298]},"properties":{"type":"pakketpunt","locatieNaam":"InCaffe ogni giorno con te","straatNaam":"Via Convento San Francesco Di Paola","straatNr":"113/A","vervoerder":"GLS","puntType":"parcel_shop","bezettingsgraad":50,"latitude":38.0262298,"longitude":12.5439553,"canPickup":true,"canDropoff":true,"openingstijden":"za: 09:00 - 13:30, 16:00 - 20:30; ma: 09:00 - 13:30, 16:00 - 20:30"}},{"type":"Feature","geometry":{"type":"Point","coordinates":[12.691225,37.948501]},"properties":{"type":"pakketpunt","locatieNaam":"Ufficio Postale FULGATORE","straatNaam":"VIA CAPITANO ANTONIO RIZZO 184","straatNr":"","vervoerder":"DHL","puntType":"postOffice","bezettingsgraad":50,"latitude":37.948501,"longitude":12.691225,"canPickup":true,"canDropoff":true,"openingstijden":{"ma":"08:20 - 13:45","di":"08:20 - 13:45","wo":"08:20 - 13:45","do":"08:20 - 13:45","vr":"08:20 - 13:45","za":"08:20 - 12:45","zo":"gesloten"}}},{"type":"Feature","geometry":{"type":"Point","coordinates":[12.54892,37.99663]},"properties":{"type":"pakketpunt","locatieNaam":"TABACCHERIA N. 2","straatNaam":"VIA MARSALA 154-A","straatNr":"","vervoerder":"DHL","puntType":"parcelShop","bezettingsgraad":50,"latitude":37.99663,"longitude":12.54892,"canPickup":true,"canDropoff":true,"openingstijden":{"ma":"07:00 - 13:30, 16:00 - 20:30","di":"07:00 - 13:30, 16:00 - 20:30","wo":"07:00 - 13:30, 16:00 - 20:30","do":"07:00 - 13:30, 16:00 - 20:30","vr":"07:00 - 13:30, 16:00 - 20:30","za":"07:00 - 13:30, 16:00 - 20:30","zo":"gesloten"}}},{"type":"Feature","geometry":{"type":"Point","coordinates":[12.548898,37.996848]},"properties":{"type":"pakketpunt","locatieNaam":"Ufficio Postale XITTA","straatNaam":"VIA MARSALA 487","straatNr":"","vervoerder":"DHL","puntType":"postOffice","bezettingsgraad":50,"latitude":37.996848,"longitude":12.548898,"canPickup":true,"canDropoff":true,"openingstijden":{"ma":"08:20 - 13:35","di":"08:20 - 13:35","wo":"08:20 - 13:35","do":"08:20 - 13:35","vr":"08:20 - 13:35","za":"08:20 - 12:35","zo":"gesloten"}}},{"type":"Feature","geometry":{"type":"Point","coordinates":[12.529283,38.011116]},"properties":{"type":"pakketpunt","locatieNaam":"SDA Trapani","straatNaam":"VIA I DORSALE ZIR 3","straatNr":"","vervoerder":"DHL","puntType":"parcelShop","bezettingsgraad":50,"latitude":38.011116,"longitude":12.529283,"canPickup":false,"canDropoff":true,"openingstijden":{"ma":"09:00 - 18:00","di":"09:00 - 18:00","wo":"09:00 - 18:00","do":"09:00 - 18:00","vr":"09:00 - 18:00","za":"09:00 - 12:00","zo":"gesloten"}}},{"type":"Feature","geometry":{"type":"Point","coordinates":[12.512773,38.014996]},"properties":{"type":"pakketpunt","locatieNaam":"TABACCHERIA N. 3","straatNaam":"CORSO ITALIA 60","straatNr":"","vervoerder":"DHL","puntType":"parcelShop","bezettingsgraad":50,"latitude":38.014996,"longitude":12.512773,"canPickup":true,"canDropoff":true,"openingstijden":{"ma":"07:00 - 13:00, 16:00 - 20:00","di":"07:00 - 13:00, 16:00 - 20:00","wo":"07:00 - 13:00, 16:00 - 20:00","do":"07:00 - 13:00, 16:00 - 20:00","vr":"07:00 - 13:00, 16:00 - 20:00","za":"07:00 - 13:00, 16:00 - 20:00","zo":"08:00 - 13:00"}}},{"type":"Feature","geometry":{"type":"Point","coordinates":[12.534915,38.012897]},"properties":{"type":"pakketpunt","locatieNaam":"Ufficio Postale TRAPANI 6","straatNaam":"VIA LIBICA 27","straatNr":"","vervoerder":"DHL","puntType":"postOffice","bezettingsgraad":50,"latitude":38.012897,"longitude":12.534915,"canPickup":true,"canDropoff":true,"openingstijden":{"ma":"08:20 - 13:45","di":"08:20 - 13:45","wo":"08:20 - 13:45","do":"08:20 - 13:45","vr":"08:20 - 13:45","za":"08:20 - 12:45","zo":"gesloten"}}},{"type":"Feature","geometry":{"type":"Point","coordinates":[12.5199,38.01579]},"properties":{"type":"pakketpunt","locatieNaam":"TABACCHERIA N. 12","straatNaam":"VIA VIRGILIO 6","straatNr":"","vervoerder":"DHL","puntType":"parcelShop","bezettingsgraad":50,"latitude":38.01579,"longitude":12.5199,"canPickup":true,"canDropoff":true,"openingstijden":{"ma":"07:30 - 14:00, 16:00 - 20:00","di":"07:30 - 14:00, 16:00 - 20:00","wo":"07:30 - 14:00, 16:00 - 20:00","do":"07:30 - 14:00, 16:00 - 20:00","vr":"07:30 - 14:00, 16:00 - 20:00","za":"07:30 - 14:00, 16:00 - 20:00","zo":"gesloten"}}},{"type":"Feature","geometry":{"type":"Point","coordinates":[12.517016,38.015942]},"properties":{"type":"pakketpunt","locatieNaam":"TABACCHERIA N. 71","straatNaam":"VIA SPALTI 34","straatNr":"","vervoerder":"DHL","puntType":"parcelShop","bezettingsgraad":50,"latitude":38.015942,"longitude":12.517016,"canPickup":true,"canDropoff":true,"openingstijden":{"ma":"07:00 - 20:30","di":"07:00 - 20:30","wo":"07:00 - 20:30","do":"07:00 - 20:30","vr":"07:00 - 20:30","za":"07:00 - 20:30","zo":"gesloten"}}},{"type":"Feature","geometry":{"type":"Point","coordinates":[12.538873,38.012782]},"properties":{"type":"pakketpunt","locatieNaam":"TABACCHERIA N. 25","straatNaam":"VIA SALEMI 68","straatNr":"","vervoerder":"DHL","puntType":"parcelShop","bezettingsgraad":50,"latitude":38.012782,"longitude":12.538873,"canPickup":true,"canDropoff":true,"openingstijden":{"ma":"07:30 - 13:30, 16:00 - 20:00","di":"07:30 - 13:30, 16:00 - 20:00","wo":"07:30 - 13:30, 16:00 - 20:00","do":"07:30 - 13:30, 16:00 - 20:00","vr":"07:30 - 13:30, 16:00 - 20:00","za":"07:30 - 13:30, 16:00 - 20:00","zo":"gesloten"}}},{"type":"Feature","geometry":{"type":"Point","coordinates":[12.52384,38.01641]},"properties":{"type":"pakketpunt","locatieNaam":"MPIU'S SERVIZI","straatNaam":"VIA VIRGILIO 101","straatNr":"","vervoerder":"DHL","puntType":"packStation","bezettingsgraad":50,"latitude":38.01641,"longitude":12.52384,"canPickup":true,"canDropoff":true,"openingstijden":{"ma":"08:30 - 13:00, 15:30 - 19:00","di":"08:30 - 13:00, 15:30 - 19:00","wo":"08:30 - 13:00, 15:30 - 19:00","do":"08:30 - 13:00, 15:30 - 19:00","vr":"08:30 - 13:00, 15:30 - 19:00","za":"09:00 - 12:30","zo":"gesloten"}}},{"type":"Feature","geometry":{"type":"Point","coordinates":[12.535955,38.01437]},"properties":{"type":"pakketpunt","locatieNaam":"TABACCHERIA N. 78","straatNaam":"VIA MARSALA 255","straatNr":"","vervoerder":"DHL","puntType":"parcelShop","bezettingsgraad":50,"latitude":38.01437,"longitude":12.535955,"canPickup":true,"canDropoff":true,"openingstijden":{"ma":"07:00 - 20:30","di":"07:00 - 20:30","wo":"07:00 - 20:30","do":"07:00 - 20:30","vr":"07:00 - 20:30","za":"07:30 - 20:30","zo":"08:00 - 20:30"}}},{"type":"Feature","geometry":{"type":"Point","coordinates":[12.543833,38.011512]},"properties":{"type":"pakketpunt","locatieNaam":"TABACCHERIA N. 37","straatNaam":"VIA TENENTE SALVATORE ALBERTI 63","straatNr":"","vervoerder":"DHL","puntType":"parcelShop","bezettingsgraad":50,"latitude":38.011512,"longitude":12.543833,"canPickup":true,"canDropoff":true,"openingstijden":{"ma":"07:00 - 13:30, 15:30 - 20:30","di":"07:00 - 13:30, 15:30 - 20:30","wo":"07:00 - 13:30, 15:30 - 20:30","do":"07:00 - 13:30, 15:30 - 20:30","vr":"07:00 - 13:30, 15:30 - 20:30","za":"07:00 - 13:30, 15:30 - 20:30","zo":"gesloten"}}},{"type":"Feature","geometry":{"type":"Point","coordinates":[12.51497,38.017324]},"properties":{"type":"pakketpunt","locatieNaam":"TABACCHERIA AGOSTA M.ROSA","straatNaam":"XXX Gennaio, 7","straatNr":"","vervoerder":"DHL","puntType":"parcelShop","bezettingsgraad":50,"latitude":38.017324,"longitude":12.51497,"canPickup":false,"canDropoff":true,"openingstijden":{"ma":"08:30 - 20:00","di":"08:30 - 20:00","wo":"08:30 - 20:00","do":"08:30 - 20:00","vr":"08:30 - 20:00","za":"08:30 - 20:00","zo":"gesloten"}}},{"type":"Feature","geometry":{"type":"Point","coordinates":[12.518582,38.017515]},"properties":{"type":"pakketpunt","locatieNaam":"FOTODISCONT - TRAPANI","straatNaam":"PIAZZA UMBERTO I 7","straatNr":"","vervoerder":"DHL","puntType":"parcelShop","bezettingsgraad":50,"latitude":38.017515,"longitude":12.518582,"canPickup":true,"canDropoff":true,"openingstijden":{"ma":"09:00 - 13:00, 16:00 - 20:00","di":"09:00 - 13:00, 16:00 - 20:00","wo":"09:00 - 13:00, 16:00 - 20:00","do":"09:00 - 13:00, 16:00 - 20:00","vr":"09:00 - 13:00, 16:00 - 20:00","za":"09:00 - 13:00, 16:00 - 20:00","zo":"gesloten"}}},{"type":"Feature","geometry":{"type":"Point","coordinates":[12.534737,38.016187]},"properties":{"type":"pakketpunt","locatieNaam":"TABACCHERIA N. 44","straatNaam":"VIA MARSALA 185","straatNr":"","vervoerder":"DHL","puntType":"parcelShop","bezettingsgraad":50,"latitude":38.016187,"longitude":12.534737,"canPickup":true,"canDropoff":true,"openingstijden":{"ma":"06:30 - 13:00, 15:30 - 20:00","di":"06:30 - 13:00, 15:30 - 20:00","wo":"06:30 - 13:00, 15:30 - 20:00","do":"06:30 - 13:00, 15:30 - 20:00","vr":"06:30 - 13:00, 15:30 - 20:00","za":"06:30 - 13:00, 15:30 - 20:00","zo":"09:00 - 13:00"}}},{"type":"Feature","geometry":{"type":"Point","coordinates":[12.519862,38.018869]},"properties":{"type":"pakketpunt","locatieNaam":"TABACCHERIA N. 34","straatNaam":"VIA GIOVANNI BATTISTA FARDELLA 30","straatNr":"","vervoerder":"DHL","puntType":"parcelShop","bezettingsgraad":50,"latitude":38.018869,"longitude":12.519862,"canPickup":true,"canDropoff":true,"openingstijden":{"ma":"08:30 - 13:30, 16:30 - 20:30","di":"08:30 - 13:30, 16:30 - 20:30","wo":"08:30 - 13:30, 16:30 - 20:30","do":"08:30 - 13:30, 16:30 - 20:30","vr":"08:30 - 13:30, 16:30 - 20:30","za":"08:30 - 13:30, 16:30 - 20:30","zo":"gesloten"}}},{"type":"Feature","geometry":{"type":"Point","coordinates":[12.535785,38.016545]},"properties":{"type":"pakketpunt","locatieNaam":"Ufficio Postale TRAPANI 3","straatNaam":"VIA CASTELVETRANO 17","straatNr":"","vervoerder":"DHL","puntType":"postOffice","bezettingsgraad":50,"latitude":38.016545,"longitude":12.535785,"canPickup":true,"canDropoff":true,"openingstijden":{"ma":"08:20 - 13:35","di":"08:20 - 13:35","wo":"10:30 - 13:35","do":"08:20 - 13:35","vr":"08:20 - 13:35","za":"08:20 - 12:35","zo":"gesloten"}}},{"type":"Feature","geometry":{"type":"Point","coordinates":[12.524052,38.018784]},"properties":{"type":"pakketpunt","locatieNaam":"COME NUOVO","straatNaam":"Via G.Matera 7","straatNr":"","vervoerder":"DHL","puntType":"parcelShop","bezettingsgraad":50,"latitude":38.018784,"longitude":12.524052,"canPickup":false,"canDropoff":true,"openingstijden":{"ma":"08:30 - 20:00","di":"08:30 - 20:00","wo":"08:30 - 20:00","do":"08:30 - 20:00","vr":"08:30 - 20:00","za":"08:30 - 13:00","zo":"gesloten"}}},{"type":"Feature","geometry":{"type":"Point","coordinates":[12.52405,38.018796]},"properties":{"type":"pakketpunt","locatieNaam":"COME NUOVO - TRAPANI","straatNaam":"VIA GENERALE GIOVANNI MATERA 7","straatNr":"","vervoerder":"DHL","puntType":"parcelShop","bezettingsgraad":50,"latitude":38.018796,"longitude":12.52405,"canPickup":true,"canDropoff":true,"openingstijden":{"ma":"09:30 - 13:00, 16:30 - 19:30","di":"09:30 - 13:00, 16:30 - 19:30","wo":"09:30 - 13:00, 16:30 - 19:30","do":"09:30 - 13:00, 16:30 - 19:30","vr":"09:30 - 13:00, 16:30 - 19:30","za":"gesloten","zo":"gesloten"}}},{"type":"Feature","geometry":{"type":"Point","coordinates":[12.522643,38.019459]},"properties":{"type":"pakketpunt","locatieNaam":"TABACCHERIA N. 46","straatNaam":"VIA GIOVANNI BATTISTA FARDELLA 147","straatNr":"","vervoerder":"DHL","puntType":"parcelShop","bezettingsgraad":50,"latitude":38.019459,"longitude":12.522643,"canPickup":true,"canDropoff":true,"openingstijden":{"ma":"09:00 - 13:30, 16:00 - 20:30","di":"09:00 - 13:30, 16:00 - 20:30","wo":"09:00 - 13:30, 16:00 - 20:30","do":"09:00 - 13:30, 16:00 - 20:30","vr":"09:00 - 13:30, 16:00 - 20:30","za":"09:00 - 13:30, 16:00 - 20:30","zo":"gesloten"}}},{"type":"Feature","geometry":{"type":"Point","coordinates":[12.525893,38.019567]},"properties":{"type":"pakketpunt","locatieNaam":"TABACCHERIA N. 31","straatNaam":"VIA GIOVANNI BATTISTA FARDELLA 202","straatNr":"","vervoerder":"DHL","puntType":"parcelShop","bezettingsgraad":50,"latitude":38.019567,"longitude":12.525893,"canPickup":true,"canDropoff":true,"openingstijden":{"ma":"08:30 - 13:30, 16:00 - 20:30","di":"08:30 - 13:30, 16:00 - 20:30","wo":"08:30 - 13:30, 16:00 - 20:30","do":"08:30 - 13:30, 16:00 - 20:30","vr":"08:30 - 13:30, 16:00 - 20:30","za":"08:30 - 13:30, 16:00 - 20:30","zo":"09:00 - 13:00"}}},{"type":"Feature","geometry":{"type":"Point","coordinates":[12.524969,38.019707]},"properties":{"type":"pakketpunt","locatieNaam":"Ufficio Postale TRAPANI 2","straatNaam":"VIA GIOVANNI BATTISTA FARDELLA 209","straatNr":"","vervoerder":"DHL","puntType":"postOffice","bezettingsgraad":50,"latitude":38.019707,"longitude":12.524969,"canPickup":true,"canDropoff":true,"openingstijden":{"ma":"08:20 - 19:05","di":"08:20 - 19:05","wo":"14:00 - 19:05","do":"10:30 - 19:05","vr":"08:20 - 19:05","za":"08:20 - 12:35","zo":"gesloten"}}},{"type":"Feature","geometry":{"type":"Point","coordinates":[12.537826,38.017411]},"properties":{"type":"pakketpunt","locatieNaam":"TRAPANI HD SPEDIZIONI E SER","straatNaam":"VIALE REGIONE SICILIANA 37","straatNr":"","vervoerder":"DHL","puntType":"packStation","bezettingsgraad":50,"latitude":38.017411,"longitude":12.537826,"canPickup":true,"canDropoff":true,"openingstijden":{"ma":"09:00 - 13:00, 16:00 - 19:00","di":"09:00 - 13:00, 16:00 - 19:00","wo":"09:00 - 13:00, 16:00 - 19:00","do":"09:00 - 13:00, 16:00 - 19:00","vr":"09:00 - 13:00, 16:00 - 19:00","za":"09:00 - 13:00","zo":"gesloten"}}},{"type":"Feature","geometry":{"type":"Point","coordinates":[12.534768,38.018346]},"properties":{"type":"pakketpunt","locatieNaam":"TABACCHERIA n. 98","straatNaam":"VIA GENERALE AMEGLIO 62","straatNr":"","vervoerder":"DHL","puntType":"parcelShop","bezettingsgraad":50,"latitude":38.018346,"longitude":12.534768,"canPickup":true,"canDropoff":true,"openingstijden":{"ma":"07:45 - 14:00, 16:00 - 20:30","di":"07:45 - 14:00, 16:00 - 20:30","wo":"07:45 - 14:00, 16:00 - 20:30","do":"07:45 - 14:00, 16:00 - 20:30","vr":"07:45 - 14:00, 16:00 - 20:30","za":"07:45 - 14:00, 16:00 - 20:30","zo":"gesloten"}}},{"type":"Feature","geometry":{"type":"Point","coordinates":[12.530636,38.019406]},"properties":{"type":"pakketpunt","locatieNaam":"STAZIONE DI SERVIZIO ESSO","straatNaam":"VIA MARSALA SNC 2","straatNr":"","vervoerder":"DHL","puntType":"packStation","bezettingsgraad":50,"latitude":38.019406,"longitude":12.530636,"canPickup":true,"canDropoff":true,"openingstijden":{"ma":"00:01 - 23:59","di":"00:01 - 23:59","wo":"00:01 - 23:59","do":"00:01 - 23:59","vr":"00:01 - 23:59","za":"00:01 - 23:59","zo":"00:01 - 23:59"}}},{"type":"Feature","geometry":{"type":"Point","coordinates":[12.524572,38.020567]},"properties":{"type":"pakketpunt","locatieNaam":"TABACCHERIA N. 58","straatNaam":"VIA LIVIO BASSI 125","straatNr":"","vervoerder":"DHL","puntType":"parcelShop","bezettingsgraad":50,"latitude":38.020567,"longitude":12.524572,"canPickup":true,"canDropoff":true,"openingstijden":{"ma":"08:00 - 13:00, 16:00 - 20:00","di":"08:00 - 13:00, 16:00 - 20:00","wo":"08:00 - 13:00, 16:00 - 20:00","do":"08:00 - 13:00, 16:00 - 20:00","vr":"08:00 - 13:00, 16:00 - 20:00","za":"08:00 - 13:00, 16:00 - 20:00","zo":"09:00 - 13:00"}}},{"type":"Feature","geometry":{"type":"Point","coordinates":[12.521485,38.021418]},"properties":{"type":"pakketpunt","locatieNaam":"TABACCHERIA N. 61","straatNaam":"VIA NAUSICAA 19","straatNr":"","vervoerder":"DHL","puntType":"parcelShop","bezettingsgraad":50,"latitude":38.021418,"longitude":12.521485,"canPickup":true,"canDropoff":true,"openingstijden":{"ma":"07:00 - 17:00","di":"07:00 - 17:00","wo":"07:00 - 17:00","do":"07:00 - 17:00","vr":"07:00 - 17:00","za":"07:00 - 13:00","zo":"gesloten"}}},{"type":"Feature","geometry":{"type":"Point","coordinates":[12.532143,38.020266]},"properties":{"type":"pakketpunt","locatieNaam":"TABACCHERIA N. 73","straatNaam":"VIA GIOVANNI BATTISTA FARDELLA 386","straatNr":"","vervoerder":"DHL","puntType":"parcelShop","bezettingsgraad":50,"latitude":38.020266,"longitude":12.532143,"canPickup":true,"canDropoff":true,"openingstijden":{"ma":"08:00 - 13:00, 15:30 - 20:00","di":"08:00 - 13:00, 15:30 - 20:00","wo":"08:00 - 13:00, 15:30 - 20:00","do":"08:00 - 13:00, 15:30 - 20:00","vr":"08:00 - 13:00, 15:30 - 20:00","za":"08:00 - 13:00, 15:30 - 20:00","zo":"gesloten"}}},{"type":"Feature","geometry":{"type":"Point","coordinates":[12.538182,38.018843]},"properties":{"type":"pakketpunt","locatieNaam":"TABACCHERIA N. 57","straatNaam":"VIA PALMA 34","straatNr":"","vervoerder":"DHL","puntType":"parcelShop","bezettingsgraad":50,"latitude":38.018843,"longitude":12.538182,"canPickup":true,"canDropoff":true,"openingstijden":{"ma":"06:00 - 20:30","di":"06:00 - 20:30","wo":"06:00 - 20:30","do":"06:00 - 20:30","vr":"06:00 - 20:30","za":"06:00 - 13:00, 16:00 - 20:00","zo":"06:00 - 13:00, 16:00 - 20:00"}}},{"type":"Feature","geometry":{"type":"Point","coordinates":[12.544922,38.016577]},"properties":{"type":"pakketpunt","locatieNaam":"S.I.L  SRLS","straatNaam":"Via Giardinetto, 118","straatNr":"","vervoerder":"DHL","puntType":"parcelShop","bezettingsgraad":50,"latitude":38.016577,"longitude":12.544922,"canPickup":false,"canDropoff":true,"openingstijden":{"ma":"09:00 - 17:00","di":"09:00 - 17:00","wo":"09:00 - 17:00","do":"09:00 - 17:00","vr":"09:00 - 17:00","za":"gesloten","zo":"gesloten"}}},{"type":"Feature","geometry":{"type":"Point","coordinates":[12.526446,38.022071]},"properties":{"type":"pakketpunt","locatieNaam":"MANGAZONE SHOP H24","straatNaam":"VIA ARCHI 6","straatNr":"","vervoerder":"DHL","puntType":"packStation","bezettingsgraad":50,"latitude":38.022071,"longitude":12.526446,"canPickup":true,"canDropoff":true,"openingstijden":{"ma":"00:01 - 23:59","di":"00:01 - 23:59","wo":"00:01 - 23:59","do":"00:01 - 23:59","vr":"00:01 - 23:59","za":"00:01 - 23:59","zo":"00:01 - 23:59"}}},{"type":"Feature","geometry":{"type":"Point","coordinates":[12.536802,38.020311]},"properties":{"type":"pakketpunt","locatieNaam":"POSTA BOXES ETC","straatNaam":"VIA FORMICA 6","straatNr":"","vervoerder":"DHL","puntType":"parcelShop","bezettingsgraad":50,"latitude":38.020311,"longitude":12.536802,"canPickup":true,"canDropoff":true,"openingstijden":{"ma":"08:45 - 13:15, 15:55 - 18:30","di":"08:30 - 13:15, 15:55 - 18:30","wo":"08:45 - 13:15, 15:55 - 18:30","do":"08:30 - 13:15, 15:55 - 18:30","vr":"08:45 - 13:15, 15:55 - 18:30","za":"09:15 - 12:45","zo":"gesloten"}}},{"type":"Feature","geometry":{"type":"Point","coordinates":[12.553361,38.013669]},"properties":{"type":"pakketpunt","locatieNaam":"TABACCHERIA N. 88","straatNaam":"VIA VILLA ROSINA 64","straatNr":"","vervoerder":"DHL","puntType":"parcelShop","bezettingsgraad":50,"latitude":38.013669,"longitude":12.553361,"canPickup":true,"canDropoff":true,"openingstijden":{"ma":"07:00 - 13:30, 16:30 - 20:00","di":"07:00 - 13:30, 16:30 - 20:00","wo":"07:00 - 13:30, 16:30 - 20:00","do":"07:00 - 13:30, 16:30 - 20:00","vr":"07:00 - 13:30, 16:30 - 20:00","za":"07:00 - 13:30, 16:30 - 20:00","zo":"gesloten"}}},{"type":"Feature","geometry":{"type":"Point","coordinates":[12.528171,38.022834]},"properties":{"type":"pakketpunt","locatieNaam":"TABACCHERIA n. 17","straatNaam":"VIA ARCHI 44","straatNr":"","vervoerder":"DHL","puntType":"parcelShop","bezettingsgraad":50,"latitude":38.022834,"longitude":12.528171,"canPickup":true,"canDropoff":true,"openingstijden":{"ma":"08:00 - 14:00, 16:30 - 20:30","di":"08:00 - 14:00, 16:30 - 20:30","wo":"08:00 - 14:00, 16:30 - 20:30","do":"08:00 - 14:00, 16:30 - 20:30","vr":"08:00 - 14:00, 16:30 - 20:30","za":"08:00 - 14:00, 16:30 - 20:30","zo":"gesloten"}}},{"type":"Feature","geometry":{"type":"Point","coordinates":[12.537978,38.02094]},"properties":{"type":"pakketpunt","locatieNaam":"TABACCHERIA N. 69","straatNaam":"CORSO PIERSANTI MATTARELLA 90","straatNr":"","vervoerder":"DHL","puntType":"parcelShop","bezettingsgraad":50,"latitude":38.02094,"longitude":12.537978,"canPickup":true,"canDropoff":true,"openingstijden":{"ma":"08:00 - 13:00, 16:00 - 20:00","di":"08:00 - 13:00, 16:00 - 20:00","wo":"08:00 - 13:00, 16:00 - 20:00","do":"08:00 - 13:00, 16:00 - 20:00","vr":"08:00 - 13:00, 16:00 - 20:00","za":"08:00 - 13:00, 16:00 - 20:00","zo":"gesloten"}}},{"type":"Feature","geometry":{"type":"Point","coordinates":[12.54554,38.01853]},"properties":{"type":"pakketpunt","locatieNaam":"TABACCHERIA n. 15","straatNaam":"VIA PALERMO 94","straatNr":"","vervoerder":"DHL","puntType":"parcelShop","bezettingsgraad":50,"latitude":38.01853,"longitude":12.54554,"canPickup":true,"canDropoff":true,"openingstijden":{"ma":"08:00 - 13:00, 16:00 - 20:30","di":"08:00 - 13:00, 16:00 - 20:30","wo":"08:00 - 13:00, 16:00 - 20:30","do":"08:00 - 13:00, 16:00 - 20:30","vr":"08:00 - 13:00, 16:00 - 20:30","za":"08:00 - 13:00, 16:00 - 20:30","zo":"gesloten"}}},{"type":"Feature","geometry":{"type":"Point","coordinates":[12.533559,38.02251]},"properties":{"type":"pakketpunt","locatieNaam":"TABACCHERIA N. 6","straatNaam":"VIA DEGLI ORTI 69","straatNr":"","vervoerder":"DHL","puntType":"parcelShop","bezettingsgraad":50,"latitude":38.02251,"longitude":12.533559,"canPickup":true,"canDropoff":true,"openingstijden":{"ma":"08:30 - 13:00, 15:30 - 19:33","di":"08:30 - 13:00, 15:30 - 19:33","wo":"08:30 - 13:00, 15:30 - 19:33","do":"08:30 - 13:00, 15:30 - 19:33","vr":"08:30 - 13:00, 15:30 - 19:33","za":"08:30 - 13:00, 15:30 - 19:33","zo":"gesloten"}}},{"type":"Feature","geometry":{"type":"Point","coordinates":[12.541943,38.021394]},"properties":{"type":"pakketpunt","locatieNaam":"Ufficio Postale TRAPANI 5","straatNaam":"CORSO PIERSANTI MATTARELLA 194","straatNr":"","vervoerder":"DHL","puntType":"postOffice","bezettingsgraad":50,"latitude":38.021394,"longitude":12.541943,"canPickup":true,"canDropoff":true,"openingstijden":{"ma":"08:20 - 19:05","di":"08:20 - 19:05","wo":"08:20 - 19:05","do":"08:20 - 19:05","vr":"08:20 - 19:05","za":"08:20 - 12:35","zo":"gesloten"}}},{"type":"Feature","geometry":{"type":"Point","coordinates":[12.557178,38.014011]},"properties":{"type":"pakketpunt","locatieNaam":"Ufficio Postale FONTANELLE CASA SAN","straatNaam":"VIA FRANCESCO DE STEFANO 35","straatNr":"","vervoerder":"DHL","puntType":"postOffice","bezettingsgraad":50,"latitude":38.014011,"longitude":12.557178,"canPickup":true,"canDropoff":true,"openingstijden":{"ma":"08:20 - 13:35","di":"08:20 - 13:35","wo":"08:20 - 11:30","do":"08:20 - 13:35","vr":"08:20 - 13:35","za":"08:20 - 12:35","zo":"gesloten"}}},{"type":"Feature","geometry":{"type":"Point","coordinates":[12.559227,38.015332]},"properties":{"type":"pakketpunt","locatieNaam":"STAZIONE DI SERVIZIO","straatNaam":"VIA GIOVAN BATTISTA TALOTTI 2","straatNr":"","vervoerder":"DHL","puntType":"packStation","bezettingsgraad":50,"latitude":38.015332,"longitude":12.559227,"canPickup":true,"canDropoff":true,"openingstijden":{"ma":"00:01 - 23:59","di":"00:01 - 23:59","wo":"00:01 - 23:59","do":"00:01 - 23:59","vr":"00:01 - 23:59","za":"00:01 - 23:59","zo":"00:01 - 23:59"}}},{"type":"Feature","geometry":{"type":"Point","coordinates":[12.537855,38.026191]},"properties":{"type":"pakketpunt","locatieNaam":"TABACCHERIA N. 7","straatNaam":"VIA COFANO 84","straatNr":"","vervoerder":"DHL","puntType":"parcelShop","bezettingsgraad":50,"latitude":38.026191,"longitude":12.537855,"canPickup":true,"canDropoff":true,"openingstijden":{"ma":"07:45 - 14:00, 16:00 - 20:00","di":"07:45 - 14:00, 16:00 - 20:00","wo":"07:45 - 14:00, 16:00 - 20:00","do":"07:45 - 14:00, 16:00 - 20:00","vr":"07:45 - 14:00, 16:00 - 20:00","za":"07:45 - 14:00, 16:00 - 20:00","zo":"gesloten"}}},{"type":"Feature","geometry":{"type":"Point","coordinates":[12.534349,38.02567]},"properties":{"type":"pakketpunt","locatieNaam":"TABACCHERIA N. 47","straatNaam":"PIAZZA CIMITERO 21","straatNr":"","vervoerder":"DHL","puntType":"parcelShop","bezettingsgraad":50,"latitude":38.02567,"longitude":12.534349,"canPickup":true,"canDropoff":true,"openingstijden":{"ma":"06:00 - 20:00","di":"06:00 - 20:00","wo":"06:00 - 20:00","do":"06:00 - 20:00","vr":"06:00 - 20:00","za":"06:00 - 20:00","zo":"08:00 - 13:00"}}},{"type":"Feature","geometry":{"type":"Point","coordinates":[12.53589,38.0247]},"properties":{"type":"pakketpunt","locatieNaam":"RIV TABACCHI GRIMAUDO DAL 1973","straatNaam":"Via Del Legno 65","straatNr":"","vervoerder":"DHL","puntType":"parcelShop","bezettingsgraad":50,"latitude":38.0247,"longitude":12.53589,"canPickup":false,"canDropoff":true,"openingstijden":{"ma":"08:30 - 20:00","di":"08:30 - 20:00","wo":"08:30 - 20:00","do":"08:30 - 20:00","vr":"08:30 - 20:00","za":"08:30 - 20:00","zo":"gesloten"}}},{"type":"Feature","geometry":{"type":"Point","coordinates":[12.6912,37.9485]},"properties":{"type":"pakketpunt","locatieNaam":"Ufficio Postale FULGATORE","straatNaam":"VIA CAPITANO ANTONIO RIZZO 184","straatNr":"","vervoerder":"Amazon","puntType":"3p","bezettingsgraad":50,"latitude":37.9485,"longitude":12.6912,"canPickup":true,"canDropoff":false,"openingstijden":null}},{"type":"Feature","geometry":{"type":"Point","coordinates":[12.6923843,37.9475847]},"properties":{"type":"pakketpunt","locatieNaam":"Amazon Counter - Coloriamo le Emozioni","straatNaam":"Via Capitano Antonio Rizzo, 222","straatNr":"","vervoerder":"Amazon","puntType":"helix","bezettingsgraad":50,"latitude":37.9475847,"longitude":12.6923843,"canPickup":true,"canDropoff":false,"openingstijden":null}},{"type":"Feature","geometry":{"type":"Point","coordinates":[12.537627,38.011493]},"properties":{"type":"pakketpunt","locatieNaam":"Amazon Locker - Carpa","straatNaam":"ENI Station pv.9951","straatNr":"","vervoerder":"Amazon","puntType":"locker","bezettingsgraad":50,"latitude":38.011493,"longitude":12.537627,"canPickup":true,"canDropoff":false,"openingstijden":null}},{"type":"Feature","geometry":{"type":"Point","coordinates":[12.531049,38.0331446]},"properties":{"type":"pakketpunt","locatieNaam":"Amazon Locker - vica","straatNaam":"Conad Trapani","straatNr":"","vervoerder":"Amazon","puntType":"locker","bezettingsgraad":50,"latitude":38.0331446,"longitude":12.531049,"canPickup":true,"canDropoff":false,"openingstijden":null}},{"type":"Feature","geometry":{"type":"Point","coordinates":[12.5304878,38.0194586]},"properties":{"type":"pakketpunt","locatieNaam":"Amazon Locker - adelo","straatNaam":"Stazione ESSO - Trapani (108170)","straatNr":"","vervoerder":"Amazon","puntType":"locker","bezettingsgraad":50,"latitude":38.0194586,"longitude":12.5304878,"canPickup":true,"canDropoff":false,"openingstijden":null}},{"type":"Feature","geometry":{"type":"Point","coordinates":[12.5268,38.025002]},"properties":{"type":"pakketpunt","locatieNaam":"Amazon Locker - onidia","straatNaam":"Il Centesimo Trapani Tunisi","straatNr":"","vervoerder":"Amazon","puntType":"locker","bezettingsgraad":50,"latitude":38.025002,"longitude":12.5268,"canPickup":true,"canDropoff":false,"openingstijden":null}},{"type":"Feature","geometry":{"type":"Point","coordinates":[12.4989333,38.0169467]},"properties":{"type":"pakketpunt","locatieNaam":"Amazon Counter - Le Barracche Tabacchi 0038 ","straatNaam":"Piazza Vittime della Motonave Maria Stella, 5/7/9","straatNr":"","vervoerder":"Amazon","puntType":"helix","bezettingsgraad":50,"latitude":38.0169467,"longitude":12.4989333,"canPickup":true,"canDropoff":false,"openingstijden":null}},{"type":"Feature","geometry":{"type":"Point","coordinates":[12.5094506,38.015707]},"properties":{"type":"pakketpunt","locatieNaam":"Giunti al Punto","straatNaam":"Via Malato 1 Ang. via Torrearsa","straatNr":"","vervoerder":"Amazon","puntType":"helix","bezettingsgraad":50,"latitude":38.015707,"longitude":12.5094506,"canPickup":true,"canDropoff":false,"openingstijden":null}},{"type":"Feature","geometry":{"type":"Point","coordinates":[12.521052,38.01929]},"properties":{"type":"pakketpunt","locatieNaam":"Amazon Counter - O Barriceddo","straatNaam":"Via Giovanni Battista Fardella, 99","straatNr":"","vervoerder":"Amazon","puntType":"helix","bezettingsgraad":50,"latitude":38.01929,"longitude":12.521052,"canPickup":true,"canDropoff":false,"openingstijden":null}},{"type":"Feature","geometry":{"type":"Point","coordinates":[12.522423,38.021908]},"properties":{"type":"pakketpunt","locatieNaam":"Amazon Counter - Antica coltelleria Calió ","straatNaam":"Via Nicolò Riccio, 92","straatNr":"","vervoerder":"Amazon","puntType":"helix","bezettingsgraad":50,"latitude":38.021908,"longitude":12.522423,"canPickup":true,"canDropoff":false,"openingstijden":null}},{"type":"Feature","geometry":{"type":"Point","coordinates":[12.5199,38.01599]},"properties":{"type":"pakketpunt","locatieNaam":"Amazon Counter - Y Espresso","straatNaam":"Via Virgilio , 9","straatNr":"","vervoerder":"Amazon","puntType":"helix","bezettingsgraad":50,"latitude":38.01599,"longitude":12.5199,"canPickup":true,"canDropoff":false,"openingstijden":null}},{"type":"Feature","geometry":{"type":"Point","coordinates":[12.523826,38.016386]},"properties":{"type":"pakketpunt","locatieNaam":"Amazon Counter","straatNaam":"Mail Boxes etc - Trapani (fermopoint)","straatNr":"","vervoerder":"Amazon","puntType":"helix","bezettingsgraad":50,"latitude":38.016386,"longitude":12.523826,"canPickup":true,"canDropoff":false,"openingstijden":null}},{"type":"Feature","geometry":{"type":"Point","coordinates":[12.502959,38.016197]},"properties":{"type":"pakketpunt","locatieNaam":"Amazon Counter - CORALLAI BAR TABACCHI","straatNaam":"VIA CORALLAI 30","straatNr":"","vervoerder":"Amazon","puntType":"helix","bezettingsgraad":50,"latitude":38.016197,"longitude":12.502959,"canPickup":true,"canDropoff":false,"openingstijden":null}},{"type":"Feature","geometry":{"type":"Point","coordinates":[12.5346289,38.0208195]},"properties":{"type":"pakketpunt","locatieNaam":"Amazon Counter - PRIMAEDICOLA","straatNaam":"GILIBERTO DAVIDE","straatNr":"","vervoerder":"Amazon","puntType":"helix","bezettingsgraad":50,"latitude":38.0208195,"longitude":12.5346289,"canPickup":true,"canDropoff":false,"openingstijden":null}},{"type":"Feature","geometry":{"type":"Point","coordinates":[12.5335727,38.0225188]},"properties":{"type":"pakketpunt","locatieNaam":"Amazon Counter - tabaccheria nocitra","straatNaam":"orti, 69","straatNr":"","vervoerder":"Amazon","puntType":"helix","bezettingsgraad":50,"latitude":38.0225188,"longitude":12.5335727,"canPickup":true,"canDropoff":false,"openingstijden":null}},{"type":"Feature","geometry":{"type":"Point","coordinates":[12.5419,38.0213]},"properties":{"type":"pakketpunt","locatieNaam":"Ufficio Postale TRAPANI 5","straatNaam":"CORSO PIERSANTI MATTARELLA 194","straatNr":"","vervoerder":"Amazon","puntType":"3p","bezettingsgraad":50,"latitude":38.0213,"longitude":12.5419,"canPickup":true,"canDropoff":false,"openingstijden":null}},{"type":"Feature","geometry":{"type":"Point","coordinates":[12.5178712,38.0166986]},"properties":{"type":"pakketpunt","locatieNaam":"Amazon Counter - Edicola Ticche&Tacche","straatNaam":"Piazza Umberto I, 36","straatNr":"","vervoerder":"Amazon","puntType":"helix","bezettingsgraad":50,"latitude":38.0166986,"longitude":12.5178712,"canPickup":true,"canDropoff":false,"openingstijden":null}},{"type":"Feature","geometry":{"type":"Point","coordinates":[12.5069824,38.0142559]},"properties":{"type":"pakketpunt","locatieNaam":"Amazon Counter - PRIMAEDICOLA","straatNaam":"FIORINO ALBERTO","straatNr":"","vervoerder":"Amazon","puntType":"helix","bezettingsgraad":50,"latitude":38.0142559,"longitude":12.5069824,"canPickup":true,"canDropoff":false,"openingstijden":null}},{"type":"Feature","geometry":{"type":"Point","coordinates":[12.559838,38.005705]},"properties":{"type":"pakketpunt","locatieNaam":"Amazon Counter (fermopoint)","straatNaam":"Tabacchi Riv.87","straatNr":"","vervoerder":"Amazon","puntType":"helix","bezettingsgraad":50,"latitude":38.005705,"longitude":12.559838,"canPickup":true,"canDropoff":false,"openingstijden":null}},{"type":"Feature","geometry":{"type":"Point","coordinates":[12.553423,38.013608]},"properties":{"type":"pakketpunt","locatieNaam":"Amazon Counter - PRIMAEDICOLA","straatNaam":"TORRE ADELAIDE IN URSO","straatNr":"","vervoerder":"Amazon","puntType":"helix","bezettingsgraad":50,"latitude":38.013608,"longitude":12.553423,"canPickup":true,"canDropoff":false,"openingstijden":null}},{"type":"Feature","geometry":{"type":"Point","coordinates":[12.5533,38.0136]},"properties":{"type":"pakketpunt","locatieNaam":"PuntoPoste TABACCHERIA N. 88","straatNaam":"VIA VILLA ROSINA 64","straatNr":"","vervoerder":"Amazon","puntType":"3p","bezettingsgraad":50,"latitude":38.0136,"longitude":12.5533,"canPickup":true,"canDropoff":false,"openingstijden":null}},{"type":"Feature","geometry":{"type":"Point","coordinates":[12.555082,38.015578]},"properties":{"type":"pakketpunt","locatieNaam":"Amazon Counter - Bertolino Service","straatNaam":"Via della Terra, 38","straatNr":"","vervoerder":"Amazon","puntType":"helix","bezettingsgraad":50,"latitude":38.015578,"longitude":12.555082,"canPickup":true,"canDropoff":false,"openingstijden":null}},{"type":"Feature","geometry":{"type":"Point","coordinates":[12.548191,38.0156901]},"properties":{"type":"pakketpunt","locatieNaam":"Amazon Counter (fermopoint)","straatNaam":"Agenzia Scommettendo","straatNr":"","vervoerder":"Amazon","puntType":"helix","bezettingsgraad":50,"latitude":38.0156901,"longitude":12.548191,"canPickup":true,"canDropoff":false,"openingstijden":null}},{"type":"Feature","geometry":{"type":"Point","coordinates":[12.547848,38.015642]},"properties":{"type":"pakketpunt","locatieNaam":"Amazon Counter - Saponi&piùwashouse","straatNaam":"Via Ruggero Leoncavallo 20N","straatNr":"","vervoerder":"Amazon","puntType":"helix","bezettingsgraad":50,"latitude":38.015642,"longitude":12.547848,"canPickup":true,"canDropoff":false,"openingstijden":null}},{"type":"Feature","geometry":{"type":"Point","coordinates":[12.549075,37.996649]},"properties":{"type":"pakketpunt","locatieNaam":"Amazon Counter - Parisi tabacchi","straatNaam":"Via Marsala 154","straatNr":"","vervoerder":"Amazon","puntType":"helix","bezettingsgraad":50,"latitude":37.996649,"longitude":12.549075,"canPickup":true,"canDropoff":false,"openingstijden":null}},{"type":"Feature","geometry":{"type":"Point","coordinates":[12.5444131,38.0189428]},"properties":{"type":"pakketpunt","locatieNaam":"Amazon Counter","straatNaam":"Posta Privata Naz.-Trapani (fermopoint)","straatNr":"","vervoerder":"Amazon","puntType":"helix","bezettingsgraad":50,"latitude":38.0189428,"longitude":12.5444131,"canPickup":true,"canDropoff":false,"openingstijden":null}},{"type":"Feature","geometry":{"type":"Point","coordinates":[12.5452,38.0199]},"properties":{"type":"pakketpunt","locatieNaam":"PuntoPoste TABACCHERIA N. 56","straatNaam":"VIA CONVENTO SAN FRANCESCO DI PAOLA 25","straatNr":"","vervoerder":"Amazon","puntType":"3p","bezettingsgraad":50,"latitude":38.0199,"longitude":12.5452,"canPickup":true,"canDropoff":false,"openingstijden":null}},{"type":"Feature","geometry":{"type":"Point","coordinates":[12.535786,38.024708]},"properties":{"type":"pakketpunt","locatieNaam":"Amazon Counter - GRIMAUDO AGOSTINO","straatNaam":"VIA DEL LEGNO 65","straatNr":"","vervoerder":"Amazon","puntType":"helix","bezettingsgraad":50,"latitude":38.024708,"longitude":12.535786,"canPickup":true,"canDropoff":false,"openingstijden":null}},{"type":"Feature","geometry":{"type":"Point","coordinates":[12.5488,37.9968]},"properties":{"type":"pakketpunt","locatieNaam":"Ufficio Postale XITTA","straatNaam":"VIA MARSALA 487","straatNr":"","vervoerder":"Amazon","puntType":"3p","bezettingsgraad":50,"latitude":37.9968,"longitude":12.5488,"canPickup":true,"canDropoff":false,"openingstijden":null}},{"type":"Feature","geometry":{"type":"Point","coordinates":[12.5349,38.0128]},"properties":{"type":"pakketpunt","locatieNaam":"Ufficio Postale TRAPANI 6","straatNaam":"VIA LIBICA 27","straatNr":"","vervoerder":"Amazon","puntType":"3p","bezettingsgraad":50,"latitude":38.0128,"longitude":12.5349,"canPickup":true,"canDropoff":false,"openingstijden":null}},{"type":"Feature","geometry":{"type":"Point","coordinates":[12.526655,38.025412]},"properties":{"type":"pakketpunt","locatieNaam":"Amazon Counter - Rosario mistretta tabacchi","straatNaam":"Via Tunisi, 74","straatNr":"","vervoerder":"Amazon","puntType":"helix","bezettingsgraad":50,"latitude":38.025412,"longitude":12.526655,"canPickup":true,"canDropoff":false,"openingstijden":null}},{"type":"Feature","geometry":{"type":"Point","coordinates":[12.5281,38.0228]},"properties":{"type":"pakketpunt","locatieNaam":"PuntoPoste TABACCHERIA n. 17","straatNaam":"VIA ARCHI 44","straatNr":"","vervoerder":"Amazon","puntType":"3p","bezettingsgraad":50,"latitude":38.0228,"longitude":12.5281,"canPickup":true,"canDropoff":false,"openingstijden":null}},{"type":"Feature","geometry":{"type":"Point","coordinates":[12.5247442,38.0205319]},"properties":{"type":"pakketpunt","locatieNaam":"Amazon Counter - Melacomputer","straatNaam":"VIA NINO BIXIO, 22","straatNr":"","vervoerder":"Amazon","puntType":"helix","bezettingsgraad":50,"latitude":38.0205319,"longitude":12.5247442,"canPickup":true,"canDropoff":false,"openingstijden":null}},{"type":"Feature","geometry":{"type":"Point","coordinates":[12.525217,38.018995]},"properties":{"type":"pakketpunt","locatieNaam":"Amazon Counter - PRIMAEDICOLA","straatNaam":"BARBARA MARIA","straatNr":"","vervoerder":"Amazon","puntType":"helix","bezettingsgraad":50,"latitude":38.018995,"longitude":12.525217,"canPickup":true,"canDropoff":false,"openingstijden":null}},{"type":"Feature","geometry":{"type":"Point","coordinates":[12.512687,38.013767]},"properties":{"type":"pakketpunt","locatieNaam":"Amazon Counter - Trapani experience","straatNaam":"Via ammiraglio staiti, 73","straatNr":"","vervoerder":"Amazon","puntType":"helix","bezettingsgraad":50,"latitude":38.013767,"longitude":12.512687,"canPickup":true,"canDropoff":false,"openingstijden":null}},{"type":"Feature","geometry":{"type":"Point","coordinates":[12.534443,38.025571]},"properties":{"type":"pakketpunt","locatieNaam":"Amazon Counter - TABACCHERIA VIRGILIO","straatNaam":"PIAZZA CIMITERO 21","straatNr":"","vervoerder":"Amazon","puntType":"helix","bezettingsgraad":50,"latitude":38.025571,"longitude":12.534443,"canPickup":true,"canDropoff":false,"openingstijden":null}},{"type":"Feature","geometry":{"type":"Point","coordinates":[12.5379,38.0209]},"properties":{"type":"pakketpunt","locatieNaam":"PuntoPoste TABACCHERIA N. 69","straatNaam":"CORSO PIERSANTI MATTARELLA 90","straatNr":"","vervoerder":"Amazon","puntType":"3p","bezettingsgraad":50,"latitude":38.0209,"longitude":12.5379,"canPickup":true,"canDropoff":false,"openingstijden":null}},{"type":"Feature","geometry":{"type":"Point","coordinates":[12.5368,38.0203]},"properties":{"type":"pakketpunt","locatieNaam":"PuntoPoste POSTA BOXES ETC","straatNaam":"VIA FORMICA 6","straatNr":"","vervoerder":"Amazon","puntType":"3p","bezettingsgraad":50,"latitude":38.0203,"longitude":12.5368,"canPickup":true,"canDropoff":false,"openingstijden":null}},{"type":"Feature","geometry":{"type":"Point","coordinates":[12.526418,38.019895]},"properties":{"type":"pakketpunt","locatieNaam":"Amazon Counter - Cafè Mirò","straatNaam":"Via Giovanni Battista Fardella 235","straatNr":"","vervoerder":"Amazon","puntType":"helix","bezettingsgraad":50,"latitude":38.019895,"longitude":12.526418,"canPickup":true,"canDropoff":false,"openingstijden":null}},{"type":"Feature","geometry":{"type":"Point","coordinates":[12.5199,38.0157]},"properties":{"type":"pakketpunt","locatieNaam":"PuntoPoste TABACCHERIA N. 12","straatNaam":"VIA VIRGILIO 6","straatNr":"","vervoerder":"Amazon","puntType":"3p","bezettingsgraad":50,"latitude":38.0157,"longitude":12.5199,"canPickup":true,"canDropoff":false,"openingstijden":null}},{"type":"Feature","geometry":{"type":"Point","coordinates":[12.5214,38.0214]},"properties":{"type":"pakketpunt","locatieNaam":"PuntoPoste TABACCHERIA N. 61","straatNaam":"VIA NAUSICAA 19","straatNr":"","vervoerder":"Amazon","puntType":"3p","bezettingsgraad":50,"latitude":38.0214,"longitude":12.5214,"canPickup":true,"canDropoff":false,"openingstijden":null}},{"type":"Feature","geometry":{"type":"Point","coordinates":[12.5258,38.0195]},"properties":{"type":"pakketpunt","locatieNaam":"PuntoPoste TABACCHERIA N. 31","straatNaam":"VIA GIOVANNI BATTISTA FARDELLA 202","straatNr":"","vervoerder":"Amazon","puntType":"3p","bezettingsgraad":50,"latitude":38.0195,"longitude":12.5258,"canPickup":true,"canDropoff":false,"openingstijden":null}},{"type":"Feature","geometry":{"type":"Point","coordinates":[12.524,38.0187]},"properties":{"type":"pakketpunt","locatieNaam":"PuntoPoste COME NUOVO - TRAPANI","straatNaam":"VIA GENERALE GIOVANNI MATERA 7","straatNr":"","vervoerder":"Amazon","puntType":"3p","bezettingsgraad":50,"latitude":38.0187,"longitude":12.524,"canPickup":true,"canDropoff":false,"openingstijden":null}},{"type":"Feature","geometry":{"type":"Point","coordinates":[12.525042,38.016463]},"properties":{"type":"pakketpunt","locatieNaam":"Amazon Counter - SCICARTA PIU","straatNaam":"VIA VIRGILIO 68","straatNr":"","vervoerder":"Amazon","puntType":"helix","bezettingsgraad":50,"latitude":38.016463,"longitude":12.525042,"canPickup":true,"canDropoff":false,"openingstijden":null}},{"type":"Feature","geometry":{"type":"Point","coordinates":[12.5455,38.0185]},"properties":{"type":"pakketpunt","locatieNaam":"PuntoPoste TABACCHERIA n. 15","straatNaam":"VIA PALERMO 94","straatNr":"","vervoerder":"Amazon","puntType":"3p","bezettingsgraad":50,"latitude":38.0185,"longitude":12.5455,"canPickup":true,"canDropoff":false,"openingstijden":null}},{"type":"Feature","geometry":{"type":"Point","coordinates":[12.5377354,38.0174749]},"properties":{"type":"pakketpunt","locatieNaam":"Amazon Counter (fermopoint)","straatNaam":"Trapani Hd","straatNr":"","vervoerder":"Amazon","puntType":"helix","bezettingsgraad":50,"latitude":38.0174749,"longitude":12.5377354,"canPickup":true,"canDropoff":false,"openingstijden":null}},{"type":"Feature","geometry":{"type":"Point","coordinates":[12.5381,38.0188]},"properties":{"type":"pakketpunt","locatieNaam":"PuntoPoste TABACCHERIA N. 57","straatNaam":"VIA PALMA 34","straatNr":"","vervoerder":"Amazon","puntType":"3p","bezettingsgraad":50,"latitude":38.0188,"longitude":12.5381,"canPickup":true,"canDropoff":false,"openingstijden":null}},{"type":"Feature","geometry":{"type":"Point","coordinates":[12.5347,38.0183]},"properties":{"type":"pakketpunt","locatieNaam":"PuntoPoste TABACCHERIA n. 98","straatNaam":"VIA GENERALE AMEGLIO 62","straatNr":"","vervoerder":"Amazon","puntType":"3p","bezettingsgraad":50,"latitude":38.0183,"longitude":12.5347,"canPickup":true,"canDropoff":false,"openingstijden":null}},{"type":"Feature","geometry":{"type":"Point","coordinates":[12.5347,38.0161]},"properties":{"type":"pakketpunt","locatieNaam":"PuntoPoste TABACCHERIA N. 44","straatNaam":"VIA MARSALA 185","straatNr":"","vervoerder":"Amazon","puntType":"3p","bezettingsgraad":50,"latitude":38.0161,"longitude":12.5347,"canPickup":true,"canDropoff":false,"openingstijden":null}},{"type":"Feature","geometry":{"type":"MultiPolygon","coordinates":[[[[12.4387299,38.0434786],[12.4388109,38.0432845],[12.4386395,38.0432382],[12.4385189,38.0432981],[12.4385473,38.0434841],[12.4387299,38.0434786]]],[[[12.4872379,38.0133967],[12.4875161,38.0132248],[12.4874797,38.0131589],[12.4872524,38.0133136],[12.4872379,38.0133967]]],[[[12.4881243,38.0128814],[12.4889607,38.0127596],[12.489063,38.0126898],[12.489063,38.0125214],[12.4888789,38.0123764],[12.4883789,38.0122958],[12.487922,38.0124999],[12.487897,38.0127148],[12.4881243,38.0128814]]],[[[12.4974452,38.0050517],[12.4973234,38.0049783],[12.4971393,38.0050052],[12.4970256,38.0052434],[12.4971803,38.0084169],[12.4971074,38.0086444],[12.4971384,38.0092078],[12.4969578,38.0095829],[12.4970006,38.0097297],[12.4967466,38.0102511],[12.4965151,38.0107157],[12.4963228,38.010851],[12.4961266,38.0112801],[12.4953831,38.0111695],[12.4952095,38.0113666],[12.4951186,38.0113394],[12.4951273,38.0111753],[12.4949913,38.0111069],[12.4942487,38.0110011],[12.4939523,38.0110499],[12.4937345,38.0109804],[12.4932729,38.0110878],[12.4919353,38.0110621],[12.4909506,38.0112668],[12.4904575,38.0116872],[12.4902449,38.0116994],[12.490176,38.011535],[12.4891065,38.0117688],[12.4890001,38.011819],[12.4890588,38.0120123],[12.4892057,38.0121606],[12.489825,38.0121202],[12.491059,38.0118424],[12.4919716,38.0117117],[12.4920972,38.0117539],[12.4919371,38.0143079],[12.492049,38.0142985],[12.4921934,38.0118099],[12.4937137,38.0115033],[12.4940974,38.0114911],[12.4948959,38.0116953],[12.4952433,38.0118628],[12.4955078,38.012112],[12.4957994,38.0120242],[12.4961473,38.0120583],[12.4961982,38.0119253],[12.4965902,38.0118455],[12.4966147,38.0117506],[12.496521,38.0116817],[12.4965591,38.0115088],[12.4963905,38.0112673],[12.4972989,38.009435],[12.4974636,38.0092802],[12.4973961,38.0055658],[12.4974452,38.0050517]]],[[[12.4976267,38.0128227],[12.4995709,38.0133032],[12.4996212,38.0132768],[12.4976959,38.0127538],[12.4976267,38.0128227]]],[[[12.5063498,37.9937515],[12.5066004,37.9943557],[12.507088,37.9950591],[12.5073565,37.9961852],[12.5079494,37.9962544],[12.5079494,37.996439],[12.5076359,37.9968456],[12.507481,37.9972349],[12.508011,37.9983834],[12.5084426,37.9998332],[12.5087822,38.0020747],[12.5088184,38.0027762],[12.509143,38.0039449],[12.509129,38.0044497],[12.5090376,38.0047787],[12.5085884,38.0052089],[12.5082004,38.0053799],[12.5075986,38.0054557],[12.5077137,38.0056099],[12.5076415,38.0062508],[12.5073723,38.0071549],[12.5074896,38.0074455],[12.5074971,38.0078169],[12.5073482,38.0083205],[12.5073482,38.0092381],[12.5069087,38.0102716],[12.505496,38.0110921],[12.5052844,38.0110995],[12.5052324,38.0112701],[12.505454,38.0113246],[12.5067802,38.0104682],[12.5074005,38.0109191],[12.509216,38.0097991],[12.5094973,38.0100537],[12.5100161,38.0097224],[12.5104085,38.0099697],[12.5094721,38.0109104],[12.5098473,38.0111322],[12.5113645,38.0096473],[12.5115796,38.0097956],[12.5134015,38.0097067],[12.5134069,38.0097907],[12.5137197,38.0097779],[12.5137128,38.0096816],[12.5154803,38.0095403],[12.5155092,38.0098082],[12.5156426,38.0098772],[12.5161675,38.0097539],[12.5165342,38.010037],[12.5167112,38.0100834],[12.5173665,38.0096936],[12.5177349,38.0098008],[12.5178153,38.0095918],[12.5177777,38.0093466],[12.5178923,38.0091844],[12.5179111,38.0093854],[12.5198871,38.009285],[12.5199936,38.010909],[12.5196208,38.0109636],[12.5199588,38.0109579],[12.5199617,38.0110641],[12.519556,38.0110947],[12.519585,38.0116281],[12.5182034,38.0117442],[12.5182946,38.0123584],[12.5203393,38.012981],[12.5219122,38.0131306],[12.5218645,38.0133115],[12.5220443,38.0133495],[12.5220186,38.0134488],[12.5218075,38.0134389],[12.521698,38.0137549],[12.5219803,38.0138147],[12.5219539,38.0139059],[12.5216632,38.0138466],[12.5215563,38.0141764],[12.5211803,38.0141388],[12.52116,38.0142711],[12.5210999,38.0142664],[12.521119,38.0141327],[12.5202871,38.0140495],[12.5203134,38.0139199],[12.5200783,38.0138837],[12.5200524,38.0139729],[12.5199851,38.0139654],[12.5200016,38.0138695],[12.5196371,38.0138269],[12.519613,38.0139893],[12.5195425,38.0139829],[12.519566,38.0138186],[12.5194477,38.0137601],[12.5191377,38.0136797],[12.5191397,38.0138131],[12.5190557,38.0138129],[12.5190503,38.013657],[12.5186631,38.0135939],[12.5182304,38.0136787],[12.5178448,38.0136311],[12.5178313,38.0137554],[12.517767,38.0137513],[12.5177811,38.0136249],[12.5173756,38.013604],[12.5173552,38.0137088],[12.5172617,38.0135875],[12.5167288,38.0136393],[12.513888,38.0132487],[12.5123807,38.0133295],[12.5124043,38.0131319],[12.5122882,38.0131261],[12.5122521,38.0134148],[12.5118946,38.0134333],[12.5119169,38.0131639],[12.5118058,38.0131575],[12.5117831,38.0134407],[12.5114081,38.0134646],[12.511441,38.013187],[12.5113371,38.0131857],[12.5112974,38.0134713],[12.5109347,38.0134889],[12.5109603,38.0132199],[12.5108556,38.0132207],[12.5108314,38.0134266],[12.5091729,38.0134556],[12.5076474,38.0139308],[12.5072178,38.0130468],[12.5066425,38.0131903],[12.5066786,38.0139919],[12.5061207,38.0140174],[12.5061355,38.0142438],[12.5034519,38.0143407],[12.5034264,38.0133502],[12.5046006,38.0132846],[12.5046504,38.0131313],[12.5044864,38.0130835],[12.5014778,38.0133989],[12.5013934,38.0134692],[12.5015358,38.0135757],[12.5016243,38.0135058],[12.5032247,38.0133809],[12.5033526,38.0143414],[12.501237,38.0144257],[12.5008227,38.0144758],[12.5007019,38.0146239],[12.5004417,38.0146382],[12.4993821,38.014649],[12.4993544,38.0144906],[12.4992048,38.0144937],[12.4992863,38.0163678],[12.4975288,38.016481],[12.4959236,38.0155822],[12.4963656,38.0150807],[12.4970904,38.014866],[12.4970142,38.0147349],[12.4972777,38.0144584],[12.4975621,38.0145011],[12.4975558,38.0144253],[12.497364,38.0143833],[12.4975209,38.014331],[12.4975035,38.0142623],[12.4973745,38.0142528],[12.4973974,38.0140809],[12.4971617,38.0139239],[12.4969877,38.0139229],[12.4964875,38.0139647],[12.4955333,38.0146952],[12.4950299,38.0147087],[12.4946328,38.0148424],[12.4944643,38.0148113],[12.4943584,38.0149004],[12.4942527,38.014839],[12.4939342,38.0151656],[12.4938992,38.0153485],[12.4935526,38.0157902],[12.492835,38.015874],[12.492062,38.0161816],[12.4916621,38.0168764],[12.4915307,38.0169316],[12.4918109,38.0169696],[12.4921517,38.0168526],[12.4922839,38.0168932],[12.4923288,38.0168208],[12.4924399,38.0168674],[12.4922682,38.0165436],[12.492535,38.016261],[12.4931828,38.0161425],[12.4942416,38.0157101],[12.4947124,38.0152762],[12.497762,38.017021],[12.4981879,38.0173798],[12.4982856,38.017372],[12.4983818,38.0177257],[12.4982723,38.017912],[12.4976331,38.018488],[12.4977732,38.0186397],[12.4967724,38.0196041],[12.4960707,38.0204558],[12.4960516,38.0205218],[12.4961195,38.0205304],[12.4965908,38.0199643],[12.4976775,38.0193219],[12.4977068,38.0191628],[12.497832,38.0190591],[12.4979594,38.0190518],[12.4983671,38.0187517],[12.4986777,38.0188122],[12.4986357,38.0186087],[12.4994584,38.0179823],[12.5019373,38.017437],[12.5037864,38.0176365],[12.5047197,38.017993],[12.5043008,38.0173751],[12.5043701,38.0171136],[12.504667,38.0168787],[12.5052147,38.0167529],[12.5055715,38.016848],[12.5055303,38.016668],[12.5058169,38.0165811],[12.5072957,38.01668],[12.5094066,38.0171495],[12.5094301,38.0173218],[12.5095799,38.0173781],[12.5100037,38.0173524],[12.51256,38.0185362],[12.5135722,38.0193315],[12.515527,38.0200891],[12.5156637,38.0202049],[12.5154468,38.0205117],[12.517087,38.0212861],[12.5171811,38.0211132],[12.5174212,38.0209898],[12.5177349,38.0209314],[12.5181028,38.0210195],[12.5186522,38.021406],[12.5187563,38.0217172],[12.5185817,38.0219525],[12.5195938,38.0225935],[12.5199481,38.0223938],[12.5203428,38.0224383],[12.5207633,38.0228147],[12.5213486,38.0235231],[12.521974,38.0240366],[12.5226706,38.0245405],[12.5243609,38.0254592],[12.5247923,38.0257808],[12.5251036,38.0262243],[12.5256652,38.0266837],[12.5261182,38.0273254],[12.5261062,38.0275701],[12.5261831,38.0275823],[12.5262428,38.0273781],[12.5262914,38.0274691],[12.5267838,38.0276032],[12.52639,38.0280866],[12.5265923,38.0278786],[12.5267261,38.0279049],[12.5277383,38.0290805],[12.5277191,38.0297756],[12.5280087,38.0300748],[12.5281727,38.030468],[12.528195,38.0312504],[12.5279053,38.0319684],[12.5277201,38.0320271],[12.5277564,38.0321142],[12.5276497,38.0323425],[12.5274726,38.0325438],[12.5271303,38.0327778],[12.5268976,38.0326936],[12.526282,38.0328705],[12.5261744,38.0329685],[12.5261509,38.0331063],[12.5262797,38.033203],[12.5262504,38.0334861],[12.5264091,38.0334268],[12.5266009,38.0335977],[12.5269783,38.033402],[12.5270474,38.033407],[12.5270349,38.0335036],[12.5275757,38.0334986],[12.5277423,38.0333699],[12.5287108,38.0335927],[12.5289466,38.0335209],[12.5290881,38.0335804],[12.5295755,38.0335556],[12.5300031,38.0336547],[12.5300534,38.0337636],[12.5302012,38.0337537],[12.5304622,38.0339469],[12.5313709,38.0340311],[12.5319788,38.0340215],[12.5323771,38.0339172],[12.5329444,38.0341754],[12.5357478,38.0300033],[12.5344453,38.0287125],[12.5358583,38.026655],[12.536789,38.0271881],[12.5387387,38.0279401],[12.5398172,38.0281486],[12.5414041,38.0282321],[12.5422119,38.0284068],[12.5425284,38.0264298],[12.5439617,38.0265933],[12.5441211,38.0257216],[12.5455281,38.0256455],[12.5459521,38.0254658],[12.5462851,38.0250577],[12.5464228,38.0245712],[12.5459808,38.0240052],[12.5457634,38.0239206],[12.5450546,38.0238919],[12.5445841,38.0239825],[12.5440966,38.0229515],[12.5440341,38.0224568],[12.544184,38.0217743],[12.5446422,38.0208189],[12.5450874,38.0202622],[12.5457269,38.0196931],[12.5459616,38.0194966],[12.54625,38.0194393],[12.5464211,38.017908],[12.5463388,38.0172831],[12.546962,38.0172261],[12.5498267,38.0166084],[12.5531469,38.0163446],[12.5531525,38.0166396],[12.5541008,38.0164283],[12.5598503,38.0155927],[12.564659,38.0145489],[12.5675143,38.0145792],[12.5715508,38.0139782],[12.5744463,38.0132927],[12.5799198,38.0127633],[12.5804537,38.0126458],[12.5836968,38.0109899],[12.5857254,38.0089972],[12.587124,38.0077547],[12.5882463,38.0069658],[12.59013,38.0059147],[12.5949402,38.0040139],[12.596357,38.0029987],[12.5985435,38.0018753],[12.6009891,38.0012749],[12.6040034,38.0011184],[12.6077335,37.9999991],[12.6170793,37.9977673],[12.6190162,37.9968171],[12.6215198,37.9958359],[12.6222426,37.9956113],[12.6235928,37.9953436],[12.6242512,37.9946281],[12.6255709,37.9938418],[12.6264855,37.9930005],[12.6286275,37.9914286],[12.6305705,37.9902081],[12.6371565,37.9857685],[12.6375923,37.985636],[12.638142,37.9846568],[12.6381493,37.9828879],[12.637812,37.9829829],[12.635892,37.9813017],[12.6359618,37.9809592],[12.6347387,37.9789465],[12.633993,37.9795766],[12.6350391,37.9808831],[12.6351947,37.9814138],[12.6339984,37.9816611],[12.6336765,37.9818641],[12.6329845,37.9825998],[12.6322442,37.9826759],[12.6316702,37.9824645],[12.6318312,37.98227],[12.6291838,37.9815026],[12.6287466,37.9816823],[12.6286018,37.9818725],[12.6286501,37.981974],[12.6284677,37.9820121],[12.6283067,37.9816696],[12.6270539,37.9821194],[12.6266706,37.9812848],[12.6266706,37.9811199],[12.6271963,37.9810269],[12.6272446,37.9797838],[12.6281351,37.9797415],[12.6280975,37.9787647],[12.6278937,37.9780501],[12.6281083,37.9778894],[12.6279956,37.977716],[12.6276898,37.9774116],[12.6268191,37.9769],[12.6263347,37.9771351],[12.6258981,37.9766927],[12.6257425,37.9763333],[12.6257157,37.9756314],[12.6254904,37.9752762],[12.6257533,37.9749167],[12.6252651,37.9744347],[12.624793,37.9744262],[12.6246428,37.9743078],[12.6240313,37.974959],[12.6235958,37.9750322],[12.6233822,37.9749336],[12.6232427,37.9747518],[12.6232213,37.9738765],[12.6228243,37.9731407],[12.6225078,37.9729631],[12.6226526,37.9721554],[12.6223415,37.9716056],[12.6219338,37.971483],[12.6217514,37.9716056],[12.6216227,37.9719101],[12.6212418,37.9720073],[12.6211613,37.9722019],[12.621038,37.972185],[12.6210111,37.9722484],[12.6203942,37.9720835],[12.6191068,37.9714872],[12.6185864,37.9714491],[12.6183557,37.9716479],[12.6182967,37.9718001],[12.6171863,37.9724937],[12.6169181,37.9725867],[12.6163012,37.9725825],[12.6138125,37.9704692],[12.6150737,37.9691738],[12.6155823,37.9678545],[12.615647,37.9669665],[12.6160973,37.9661079],[12.6157111,37.9659049],[12.6146892,37.9650315],[12.6141527,37.9647397],[12.6132041,37.9640527],[12.6064564,37.9654751],[12.6060588,37.9656],[12.6052994,37.966034],[12.600408,37.9707941],[12.59884,37.971927],[12.596941,37.9728573],[12.5950634,37.9742782],[12.5907451,37.9768746],[12.5903267,37.9773059],[12.5900317,37.9778834],[12.5891223,37.9789556],[12.5878534,37.9797962],[12.5833999,37.9836928],[12.5816837,37.9845951],[12.5796025,37.9864472],[12.5762606,37.9899317],[12.5757999,37.990641],[12.5740027,37.9895528],[12.573477,37.9889545],[12.5729406,37.988073],[12.5725383,37.9877961],[12.5725451,37.9877008],[12.5729329,37.987261],[12.5725034,37.9870351],[12.5725597,37.986923],[12.5724658,37.986866],[12.5725275,37.9867941],[12.5705355,37.9853107],[12.5695697,37.9855827],[12.5673416,37.9859315],[12.5655823,37.9865541],[12.5644489,37.9867477],[12.5631173,37.98732],[12.5626825,37.9879331],[12.5626485,37.9881183],[12.5631371,37.9890885],[12.5631798,37.9894323],[12.5631258,37.9896128],[12.5631972,37.9896905],[12.5634106,37.9917209],[12.5636022,37.9926305],[12.5624057,37.9926641],[12.5610624,37.9932118],[12.5599503,37.9940162],[12.5574329,37.9962147],[12.5546319,37.9940611],[12.553862,37.9936262],[12.553869,37.9932492],[12.553605,37.9932201],[12.5522973,37.9925282],[12.5509786,37.9919933],[12.5469983,37.9883457],[12.5466429,37.9879446],[12.5466323,37.9877535],[12.5449542,37.9871265],[12.5422836,37.9854366],[12.5416441,37.9851639],[12.5405984,37.9849682],[12.539801,37.9850157],[12.5388757,37.9852528],[12.5346103,37.9867823],[12.5336811,37.9869642],[12.5166533,37.9930009],[12.5156337,37.9946654],[12.5120172,37.9941355],[12.5117936,37.9942256],[12.5113115,37.9941394],[12.5093336,37.9941081],[12.5080766,37.9938855],[12.5063498,37.9937515]]],[[[12.6036268,37.8700969],[12.6038104,37.8707801],[12.6036006,37.871629],[12.6035481,37.8722916],[12.6040202,37.8735959],[12.6043612,37.8742792],[12.6048071,37.8746518],[12.6089512,37.8765565],[12.6099276,37.8771121],[12.6105578,37.8778887],[12.6109199,37.8779184],[12.6111042,37.8777937],[12.6112885,37.8770163],[12.6115203,37.8768958],[12.6119258,37.8770371],[12.6127473,37.8776357],[12.6132265,37.8782592],[12.6133108,37.8786624],[12.6132002,37.8794771],[12.6125771,37.8801073],[12.612402,37.8805668],[12.6116045,37.8812811],[12.6116309,37.8815388],[12.6120258,37.8816968],[12.6122733,37.8818921],[12.6122207,37.8826694],[12.6116309,37.8831848],[12.6112148,37.8833885],[12.6109673,37.8839538],[12.6112253,37.8842904],[12.6113781,37.8843154],[12.6118099,37.883933],[12.6121524,37.8840586],[12.6121472,37.8844552],[12.6124799,37.8859133],[12.6131159,37.8867385],[12.6139375,37.8865099],[12.6142324,37.8861276],[12.6144852,37.8862689],[12.6146853,37.8872747],[12.6148854,37.8875573],[12.614443,37.8879314],[12.6141504,37.8880194],[12.615198,37.8893042],[12.6154316,37.8897232],[12.6155094,37.890131],[12.6158913,37.8902921],[12.6165338,37.8901798],[12.6169814,37.8910235],[12.6165969,37.8915846],[12.6161756,37.8916719],[12.6150487,37.8914433],[12.6147308,37.8920135],[12.614476,37.8930022],[12.6134582,37.8935545],[12.6133003,37.8938122],[12.612578,37.8939963],[12.61239,37.8944349],[12.6127553,37.8952605],[12.6123583,37.8953875],[12.6122564,37.8954933],[12.6123047,37.8955737],[12.6125944,37.8956245],[12.6128358,37.8957727],[12.6143002,37.8950954],[12.6149011,37.8951589],[12.6151371,37.8947271],[12.6158935,37.8945281],[12.6163173,37.8946509],[12.6165694,37.8946001],[12.6166016,37.8944223],[12.6164782,37.8938847],[12.6165372,37.8937661],[12.6169395,37.8937026],[12.6174062,37.8938169],[12.6183128,37.8942318],[12.6186293,37.8942974],[12.6190558,37.8942212],[12.6193616,37.8943228],[12.6195708,37.8945175],[12.6195949,37.8946424],[12.6195091,37.8948541],[12.619198,37.8951801],[12.6191738,37.8952965],[12.6193321,37.8954679],[12.620244,37.8962172],[12.6215449,37.8965749],[12.6218587,37.8971591],[12.6224649,37.8974914],[12.6227921,37.8979761],[12.6233259,37.8984713],[12.6229584,37.8986618],[12.6222584,37.8988354],[12.6220009,37.8991232],[12.6222342,37.8993391],[12.6224461,37.8994026],[12.6227626,37.8993433],[12.6231274,37.8991444],[12.6235324,37.8992269],[12.6237148,37.8993941],[12.6237443,37.8996841],[12.6231435,37.900118],[12.6224086,37.9007974],[12.6224756,37.9010027],[12.6226661,37.9011677],[12.6227438,37.9014048],[12.6227106,37.9017119],[12.6234266,37.9019313],[12.6237041,37.9016926],[12.6237792,37.9014831],[12.6239213,37.9013603],[12.6248655,37.9014492],[12.6254636,37.9010873],[12.6255494,37.9009773],[12.6255709,37.900645],[12.625764,37.9006281],[12.6266625,37.9009053],[12.627266,37.9006513],[12.6274404,37.9007127],[12.6273894,37.9009244],[12.6275665,37.9012228],[12.6274028,37.9014683],[12.6269093,37.901826],[12.6263353,37.9016799],[12.6261744,37.9018831],[12.6261766,37.9022465],[12.6265965,37.9024255],[12.6260893,37.9036147],[12.6263112,37.9036926],[12.6267672,37.9035953],[12.6269442,37.9033752],[12.6272071,37.9026858],[12.6296087,37.9037096],[12.6298342,37.9034809],[12.6298986,37.9032438],[12.6298717,37.9026216],[12.6296411,37.9020967],[12.6296806,37.9019272],[12.6297698,37.9018978],[12.6301882,37.9019655],[12.6307247,37.9025073],[12.6310369,37.9025614],[12.6322432,37.9024928],[12.6322452,37.9026533],[12.6323773,37.9027997],[12.6331634,37.9032021],[12.6334677,37.9031574],[12.6336942,37.9029954],[12.63385,37.9030792],[12.6342934,37.9024313],[12.6345509,37.9024101],[12.6347366,37.902532],[12.6350874,37.9025921],[12.6354272,37.9024027],[12.6355648,37.9021265],[12.6358759,37.9020715],[12.6360369,37.9023297],[12.635855,37.9026553],[12.6355665,37.9029497],[12.6353011,37.9029998],[12.6350179,37.9032579],[12.6348763,37.9035595],[12.6345649,37.9037327],[12.634487,37.9038779],[12.6344941,37.9041907],[12.634579,37.9043638],[12.6352444,37.9047324],[12.6352586,37.9049279],[12.6350958,37.9052518],[12.6345563,37.9058429],[12.6354468,37.9065582],[12.636348,37.9062323],[12.6364231,37.9060206],[12.636745,37.906173],[12.6367825,37.9074978],[12.6368952,37.9077221],[12.6370937,37.9078576],[12.6370853,37.908014],[12.6369066,37.9082959],[12.6369004,37.9092148],[12.636999,37.9100024],[12.6366909,37.9111693],[12.6368131,37.9115739],[12.6378832,37.9126818],[12.6379541,37.9128465],[12.6391555,37.9134053],[12.6386884,37.9155944],[12.6379345,37.9164236],[12.6378976,37.9166575],[12.6376784,37.9168744],[12.6361683,37.9175981],[12.634964,37.918309],[12.6334298,37.9189163],[12.6329416,37.9191872],[12.6313376,37.9208439],[12.628642,37.9227122],[12.6266277,37.9233681],[12.6239991,37.9247603],[12.6219365,37.9254903],[12.619729,37.9264614],[12.619485,37.9266074],[12.619147,37.9272209],[12.6180956,37.9279297],[12.6175001,37.9281709],[12.6157969,37.9291568],[12.6144639,37.9292752],[12.6140749,37.9294699],[12.6113015,37.9331172],[12.6179427,37.9354061],[12.619831,37.9358842],[12.6201582,37.9365231],[12.6226151,37.9376316],[12.6222825,37.9392477],[12.6240152,37.9401404],[12.6265043,37.9408977],[12.6280269,37.941663],[12.6276655,37.9425241],[12.629503,37.9434276],[12.6332819,37.9455311],[12.6358223,37.9467696],[12.6384133,37.9482999],[12.6363011,37.9496123],[12.6368201,37.9501368],[12.6372063,37.9507121],[12.6375282,37.9514312],[12.6378608,37.9524972],[12.6377561,37.952697],[12.6379315,37.9529882],[12.6383436,37.9531232],[12.6390517,37.9530978],[12.6395881,37.9534066],[12.6403348,37.9536103],[12.6409292,37.9539818],[12.6412881,37.9544542],[12.6414442,37.9545444],[12.6425761,37.9546417],[12.6430106,37.9548574],[12.6432521,37.9551063],[12.6452422,37.9561137],[12.6470159,37.9564628],[12.6473397,37.9569046],[12.6473397,37.9575433],[12.6482087,37.958017],[12.6487903,37.9581912],[12.6495713,37.9590575],[12.6500326,37.9602502],[12.6500487,37.9605886],[12.6503599,37.9610496],[12.650993,37.9611695],[12.6516278,37.9610259],[12.6522267,37.9605082],[12.6523071,37.9602502],[12.652452,37.9601022],[12.6533532,37.9597216],[12.6536322,37.9595143],[12.6544368,37.9585415],[12.6546299,37.9583808],[12.6551878,37.9581904],[12.6553005,37.9578436],[12.6556277,37.9574376],[12.6564056,37.9572261],[12.6570225,37.9572642],[12.6596564,37.9584865],[12.6601875,37.9588926],[12.6612219,37.9591297],[12.6624942,37.9600599],[12.6675528,37.9594297],[12.6679383,37.9600608],[12.6680477,37.9610338],[12.6684433,37.961333],[12.6684207,37.962384],[12.6682126,37.9625278],[12.6676494,37.9636465],[12.667762,37.9641201],[12.6680352,37.9644065],[12.6707675,37.962557],[12.6708548,37.9623743],[12.6791953,37.9594576],[12.6814616,37.9595026],[12.6823932,37.9596512],[12.683427,37.9592507],[12.684733,37.9591462],[12.6861111,37.9592516],[12.6900639,37.9598444],[12.6926792,37.959926],[12.6935532,37.9596869],[12.6943891,37.959207],[12.6951845,37.9589075],[12.6966844,37.9586484],[12.6980871,37.9586163],[12.701372,37.958731],[12.7044415,37.9586837],[12.7082855,37.9584529],[12.7104038,37.957979],[12.7120857,37.9577116],[12.7165124,37.9578607],[12.7206096,37.9569469],[12.7223129,37.9566635],[12.7228868,37.956469],[12.7249628,37.9553819],[12.7257246,37.955107],[12.7276919,37.9546371],[12.7284497,37.9541574],[12.7301261,37.9533452],[12.7322316,37.9519092],[12.7334547,37.9511816],[12.7374646,37.9507861],[12.7386743,37.9509363],[12.7393126,37.9509363],[12.7398866,37.9508474],[12.7403855,37.9505175],[12.7423704,37.950048],[12.7437902,37.9495507],[12.7464025,37.9489065],[12.7480886,37.948727],[12.7495887,37.9488761],[12.7548489,37.9475794],[12.7634459,37.9449],[12.7652922,37.9447407],[12.766693,37.9442807],[12.7684015,37.9435375],[12.7698247,37.9432063],[12.7729222,37.942974],[12.774051,37.9429767],[12.7761018,37.9436518],[12.7776146,37.9438887],[12.7798676,37.943711],[12.7813459,37.9434354],[12.7823812,37.9430785],[12.782863,37.9430921],[12.7833277,37.9432118],[12.7842815,37.9436228],[12.784304,37.9425094],[12.7848359,37.941461],[12.785214,37.9411197],[12.7855325,37.9410162],[12.785959,37.9409795],[12.7866614,37.9410919],[12.7880219,37.9409663],[12.7887851,37.9405595],[12.788993,37.940403],[12.789834,37.9393864],[12.7903115,37.9384429],[12.7904241,37.9379225],[12.790339,37.9375385],[12.7893573,37.9350169],[12.7893573,37.9347376],[12.7894592,37.9344711],[12.7899259,37.9340268],[12.7902156,37.933608],[12.7903873,37.9319451],[12.7902532,37.9299776],[12.7903497,37.9282894],[12.7909881,37.9272569],[12.7910042,37.927003],[12.7907199,37.9257771],[12.7904087,37.9255516],[12.7903746,37.9253845],[12.7908432,37.9236305],[12.7912508,37.9227517],[12.7913099,37.9223356],[12.7910471,37.9216289],[12.7906478,37.9212483],[12.79028,37.9203975],[12.789647,37.9194199],[12.7882898,37.9167834],[12.7877303,37.915064],[12.7887405,37.9148605],[12.7910346,37.9140085],[12.7909881,37.9128729],[12.7908647,37.9122254],[12.7906823,37.9114678],[12.7901207,37.9104051],[12.7901727,37.9102277],[12.7919483,37.9085432],[12.7942876,37.9092123],[12.7964866,37.9076967],[12.7971142,37.9063804],[12.7970625,37.9058335],[12.7973235,37.905191],[12.7980477,37.9043275],[12.7999252,37.9032355],[12.800851,37.9007636],[12.7961179,37.8965143],[12.7926189,37.8954891],[12.7895558,37.8942572],[12.7875604,37.8940497],[12.7862011,37.8935281],[12.78367,37.8940893],[12.7816403,37.8959147],[12.7796736,37.8946265],[12.7767373,37.8956867],[12.7762516,37.8957603],[12.7742149,37.8954248],[12.7731943,37.8955441],[12.762444,37.8945916],[12.757558,37.8921692],[12.757954,37.891363],[12.7589394,37.8902771],[12.7543276,37.8901211],[12.7494422,37.8897502],[12.7426851,37.8860072],[12.7408448,37.8853237],[12.7402592,37.8848685],[12.738947,37.8851204],[12.7384222,37.8851042],[12.7373278,37.884846],[12.7365714,37.8841135],[12.7351662,37.8824077],[12.7346923,37.8814408],[12.734431,37.8810777],[12.73425,37.8803568],[12.7341789,37.8796085],[12.7318776,37.8763016],[12.7298498,37.8748407],[12.7263849,37.8713109],[12.7255135,37.8712472],[12.7249885,37.8716166],[12.7247697,37.8715081],[12.7245068,37.8710847],[12.7250272,37.8703097],[12.7250272,37.8701742],[12.7247214,37.8700133],[12.7240562,37.8699328],[12.7236915,37.8703013],[12.7235274,37.8703699],[12.7226787,37.8704547],[12.7205086,37.8710314],[12.7202185,37.8711841],[12.7194754,37.8712639],[12.7192278,37.871712],[12.7190404,37.8718936],[12.7178928,37.8722211],[12.7179517,37.8723459],[12.7189294,37.873177],[12.7181881,37.873372],[12.7178504,37.873555],[12.7177296,37.8739578],[12.7176758,37.8748058],[12.7175281,37.875092],[12.717179,37.8753358],[12.7165881,37.8754206],[12.7155675,37.8753888],[12.7142587,37.8756398],[12.7135205,37.8752091],[12.7131933,37.8751752],[12.7128047,37.8753073],[12.7123239,37.8767125],[12.7117923,37.8770597],[12.710932,37.8772419],[12.7104074,37.8776725],[12.7102815,37.8779872],[12.7102605,37.8790802],[12.7100717,37.8794943],[12.709694,37.8796102],[12.7093373,37.8795937],[12.7068823,37.8788815],[12.7046162,37.8783453],[12.7042294,37.877845],[12.7040253,37.8766324],[12.7035686,37.8761493],[12.7042552,37.8757948],[12.7006406,37.8719782],[12.6953566,37.8660072],[12.6932591,37.8638007],[12.6954961,37.8621533],[12.6971,37.8611072],[12.6979798,37.8604084],[12.6990795,37.8592987],[12.6992399,37.8589949],[12.6990458,37.8585175],[12.6991174,37.858274],[12.6983499,37.8554403],[12.6982856,37.855076],[12.6983607,37.8544915],[12.6981997,37.853458],[12.697953,37.8529751],[12.6976901,37.8520814],[12.6976848,37.8517129],[12.6981246,37.8501456],[12.6984465,37.8497559],[12.6992726,37.8491333],[12.6993585,37.8489638],[12.6993746,37.8483284],[12.6989937,37.8475194],[12.6993585,37.8457868],[12.6935756,37.8459139],[12.6932967,37.8454395],[12.6920468,37.8449099],[12.6918054,37.844965],[12.6908612,37.845575],[12.6905715,37.845647],[12.6898152,37.8456174],[12.6894021,37.8456979],[12.6888817,37.8456597],[12.6879162,37.8454437],[12.6866233,37.8454522],[12.6863122,37.8454056],[12.6848155,37.844677],[12.6838338,37.8445753],[12.68363,37.8444651],[12.6836161,37.8443343],[12.6834744,37.8441813],[12.6828897,37.8439483],[12.6825678,37.8439102],[12.6815057,37.8443931],[12.6807602,37.8444467],[12.6793653,37.8443338],[12.6780564,37.8450328],[12.6773458,37.8451426],[12.67627,37.8450709],[12.6752844,37.8454356],[12.6749021,37.8454691],[12.6742637,37.8453124],[12.6733571,37.8449438],[12.6725846,37.8450116],[12.6717639,37.8448252],[12.670573,37.8450031],[12.6700258,37.8453081],[12.66972,37.8453081],[12.6693499,37.8451302],[12.6689241,37.844663],[12.6677889,37.8441559],[12.6670164,37.8436306],[12.6659044,37.8423423],[12.6655444,37.8421799],[12.66526,37.8422051],[12.6648223,37.842813],[12.6646024,37.8429147],[12.6642291,37.8429241],[12.6637977,37.8427918],[12.6635661,37.8426028],[12.6636636,37.8421437],[12.6634861,37.8419807],[12.6631272,37.8420335],[12.6627918,37.8422248],[12.6611531,37.8416269],[12.660225,37.8419954],[12.6597443,37.8418933],[12.6595062,37.8415506],[12.6593506,37.8414532],[12.6591682,37.8415464],[12.6589483,37.8419997],[12.6588035,37.8421013],[12.6584587,37.8421102],[12.6582295,37.8419319],[12.6583153,37.8415379],[12.6580739,37.8412837],[12.6576394,37.8410126],[12.6572692,37.8410931],[12.6572156,37.8410295],[12.6573336,37.8405254],[12.6571566,37.8401399],[12.6573658,37.8398561],[12.6572639,37.8396358],[12.6569313,37.839318],[12.6570611,37.8389726],[12.6570225,37.8386783],[12.6562892,37.8377905],[12.6555914,37.8374141],[12.6552576,37.8370854],[12.6551503,37.8368608],[12.6550001,37.8368058],[12.6548445,37.8368905],[12.654115,37.837903],[12.6533639,37.8387292],[12.6521784,37.8396824],[12.6491797,37.8417794],[12.6488267,37.841957],[12.6478869,37.8411439],[12.6465028,37.8405424],[12.6454246,37.8401823],[12.6428121,37.8396146],[12.6427907,37.8400848],[12.6426941,37.8402331],[12.6408273,37.8397967],[12.6402962,37.8397459],[12.6397705,37.8397417],[12.6382095,37.8400848],[12.6376998,37.8402839],[12.6374316,37.8405847],[12.6370668,37.8412371],[12.6363158,37.8411354],[12.6332956,37.8409829],[12.631917,37.8406483],[12.6314449,37.8406398],[12.6294279,37.8402162],[12.6292133,37.8408304],[12.6292133,37.8429698],[12.629007,37.8443467],[12.6287198,37.8449989],[12.6282585,37.8452531],[12.6280814,37.8457614],[12.6283657,37.8462104],[12.6288164,37.8465366],[12.6290846,37.8468374],[12.6292026,37.8473923],[12.6290899,37.8476803],[12.6283282,37.8480827],[12.6277274,37.8481505],[12.6272152,37.8480147],[12.6269707,37.8478505],[12.6266813,37.8473499],[12.6264507,37.8471169],[12.6257265,37.846562],[12.6241493,37.8458165],[12.623688,37.8456979],[12.6203567,37.8453081],[12.619788,37.845126],[12.6183709,37.8443387],[12.6180961,37.8444869],[12.6175015,37.8453007],[12.6163107,37.8461208],[12.615074,37.8474606],[12.6140433,37.8487445],[12.6130289,37.8505099],[12.6115537,37.8522805],[12.6105782,37.8542619],[12.6102515,37.8551972],[12.6104701,37.8554402],[12.6104432,37.8558765],[12.6109046,37.8563382],[12.6116449,37.8568422],[12.6134205,37.8571853],[12.6182806,37.857846],[12.6184201,37.8581891],[12.6183236,37.8590404],[12.6184416,37.8592098],[12.6199222,37.8596037],[12.6213008,37.8603787],[12.6227009,37.8614163],[12.6242834,37.862238],[12.6278508,37.863301],[12.6277435,37.8636017],[12.6238435,37.8662994],[12.6206303,37.8683999],[12.6190531,37.8681288],[12.617256,37.8681077],[12.6151961,37.868277],[12.6144397,37.8681458],[12.6133589,37.8685619],[12.6119345,37.8686243],[12.6112607,37.8694447],[12.6096278,37.8705426],[12.6081312,37.8712117],[12.6079279,37.8713879],[12.6067891,37.8716974],[12.6047764,37.8713554],[12.6044297,37.8711736],[12.6036268,37.8700969]]]]},"properties":{"type":"boundary","gemeente":"Trapani"}}]}