{"type":"FeatureCollection","metadata":{"gemeente":"Treviso","slug":"treviso","generated_at":"2026-09-26T14:28:09.602974Z","total_points":188,"providers":["PosteItaliane","DPD","InPost","GLS","DHL","Amazon","FedEx"],"bounds":[12.176425,45.6391,12.283596,45.703131]},"features":[{"type":"Feature","geometry":{"type":"Point","coordinates":[12.25328923,45.66878885]},"properties":{"type":"pakketpunt","locatieNaam":"Tabaccheria N. 13","straatNaam":"Borgo Cavalli","straatNr":"33","vervoerder":"PosteItaliane","puntType":"servicepunt","bezettingsgraad":50,"latitude":45.66878885,"longitude":12.25328923,"canPickup":true,"canDropoff":true,"openingstijden":{"za":"07:30 - 13:00","zo":"gesloten","ma":"07:30 - 13:00","di":"07:30 - 13:00","wo":"07:30 - 13:00","do":"07:30 - 13:00","vr":"07:30 - 13:00"}}},{"type":"Feature","geometry":{"type":"Point","coordinates":[12.18638532,45.63910263]},"properties":{"type":"pakketpunt","locatieNaam":"Treviso 8","straatNaam":"Strada Di Canizzano","straatNr":"119/f","vervoerder":"PosteItaliane","puntType":"postkantoor","bezettingsgraad":50,"latitude":45.63910263,"longitude":12.18638532,"canPickup":true,"canDropoff":true,"openingstijden":{"za":"08:20 - 12:45","zo":"gesloten","ma":"08:20 - 13:45","di":"08:20 - 13:45","wo":"08:20 - 13:45","do":"08:20 - 13:45","vr":"08:20 - 13:45"}}},{"type":"Feature","geometry":{"type":"Point","coordinates":[12.255119,45.660453]},"properties":{"type":"pakketpunt","locatieNaam":"Treviso 1","straatNaam":"Via Monsignore Angelo Marchesan","straatNr":"2/a","vervoerder":"PosteItaliane","puntType":"postkantoor","bezettingsgraad":50,"latitude":45.660453,"longitude":12.255119,"canPickup":true,"canDropoff":true,"openingstijden":{"za":"08:20 - 12:35","zo":"gesloten","ma":"08:20 - 13:35","di":"08:20 - 13:35","wo":"08:20 - 13:35","do":"08:20 - 13:35","vr":"08:20 - 13:35"}}},{"type":"Feature","geometry":{"type":"Point","coordinates":[12.2370197,45.667196]},"properties":{"type":"pakketpunt","locatieNaam":"Treviso 2","straatNaam":"Borgo Camillo Benso Di Cavour","straatNr":"63","vervoerder":"PosteItaliane","puntType":"postkantoor","bezettingsgraad":50,"latitude":45.667196,"longitude":12.2370197,"canPickup":true,"canDropoff":true,"openingstijden":{"za":"08:20 - 12:35","zo":"gesloten","ma":"08:20 - 13:35","di":"08:20 - 13:35","wo":"08:20 - 13:35","do":"08:20 - 13:35","vr":"08:20 - 13:35"}}},{"type":"Feature","geometry":{"type":"Point","coordinates":[12.22842831,45.65659566]},"properties":{"type":"pakketpunt","locatieNaam":"Treviso 9","straatNaam":"Via Santa Maria Del Sile","straatNr":"11","vervoerder":"PosteItaliane","puntType":"postkantoor","bezettingsgraad":50,"latitude":45.65659566,"longitude":12.22842831,"canPickup":true,"canDropoff":true,"openingstijden":{"za":"08:20 - 12:35","zo":"gesloten","ma":"gesloten","di":"08:20 - 13:35","wo":"gesloten","do":"08:20 - 13:35","vr":"gesloten"}}},{"type":"Feature","geometry":{"type":"Point","coordinates":[12.242548,45.662866]},"properties":{"type":"pakketpunt","locatieNaam":"Treviso Centro","straatNaam":"Piazza Della Vittoria","straatNr":"1","vervoerder":"PosteItaliane","puntType":"postkantoor","bezettingsgraad":50,"latitude":45.662866,"longitude":12.242548,"canPickup":true,"canDropoff":true,"openingstijden":{"za":"08:20 - 12:35","zo":"gesloten","ma":"08:20 - 19:05","di":"08:20 - 19:05","wo":"08:20 - 19:05","do":"08:20 - 19:05","vr":"08:20 - 19:05"}}},{"type":"Feature","geometry":{"type":"Point","coordinates":[12.26240193,45.66671686]},"properties":{"type":"pakketpunt","locatieNaam":"Treviso 4","straatNaam":"Vicolo Paolo Veronese","straatNr":"2","vervoerder":"PosteItaliane","puntType":"postkantoor","bezettingsgraad":50,"latitude":45.66671686,"longitude":12.26240193,"canPickup":true,"canDropoff":true,"openingstijden":{"za":"08:20 - 12:35","zo":"gesloten","ma":"08:20 - 13:35","di":"08:20 - 13:35","wo":"08:20 - 13:35","do":"08:20 - 13:35","vr":"08:20 - 13:35"}}},{"type":"Feature","geometry":{"type":"Point","coordinates":[12.25262401,45.67868031]},"properties":{"type":"pakketpunt","locatieNaam":"Treviso 6","straatNaam":"Piazza Martiri Di Belfiore","straatNr":"14","vervoerder":"PosteItaliane","puntType":"postkantoor","bezettingsgraad":50,"latitude":45.67868031,"longitude":12.25262401,"canPickup":true,"canDropoff":true,"openingstijden":{"za":"08:20 - 12:35","zo":"gesloten","ma":"08:20 - 13:35","di":"08:20 - 13:35","wo":"08:20 - 13:35","do":"08:20 - 13:35","vr":"08:20 - 13:35"}}},{"type":"Feature","geometry":{"type":"Point","coordinates":[12.21803454,45.67853786]},"properties":{"type":"pakketpunt","locatieNaam":"Treviso 5","straatNaam":"Via Tre Venezie","straatNr":"19/a","vervoerder":"PosteItaliane","puntType":"postkantoor","bezettingsgraad":50,"latitude":45.67853786,"longitude":12.21803454,"canPickup":true,"canDropoff":true,"openingstijden":{"ma":"gesloten","di":"gesloten","wo":"gesloten","do":"gesloten","vr":"gesloten","za":"gesloten","zo":"gesloten"}}},{"type":"Feature","geometry":{"type":"Point","coordinates":[12.21861174,45.66116935]},"properties":{"type":"pakketpunt","locatieNaam":"Treviso 7","straatNaam":"Via Albertino Da Corona","straatNr":"1/o","vervoerder":"PosteItaliane","puntType":"postkantoor","bezettingsgraad":50,"latitude":45.66116935,"longitude":12.21861174,"canPickup":true,"canDropoff":true,"openingstijden":{"za":"08:20 - 12:35","zo":"gesloten","ma":"08:20 - 13:35","di":"08:20 - 13:35","wo":"08:20 - 13:35","do":"08:20 - 13:35","vr":"08:20 - 13:35"}}},{"type":"Feature","geometry":{"type":"Point","coordinates":[12.247217,45.66711592]},"properties":{"type":"pakketpunt","locatieNaam":"Treviso 3","straatNaam":"Via Teatro Dolfin","straatNr":"12","vervoerder":"PosteItaliane","puntType":"postkantoor","bezettingsgraad":50,"latitude":45.66711592,"longitude":12.247217,"canPickup":true,"canDropoff":true,"openingstijden":{"za":"08:20 - 12:35","zo":"gesloten","ma":"08:20 - 13:35","di":"08:20 - 13:35","wo":"08:20 - 13:35","do":"08:20 - 13:35","vr":"08:20 - 13:35"}}},{"type":"Feature","geometry":{"type":"Point","coordinates":[12.22036389,45.68414705]},"properties":{"type":"pakketpunt","locatieNaam":"Treviso 10","straatNaam":"Strada Di Santa Bona Nuova","straatNr":"106","vervoerder":"PosteItaliane","puntType":"postkantoor","bezettingsgraad":50,"latitude":45.68414705,"longitude":12.22036389,"canPickup":true,"canDropoff":true,"openingstijden":{"za":"08:20 - 12:35","zo":"gesloten","ma":"08:20 - 13:35","di":"08:20 - 13:35","wo":"08:20 - 13:35","do":"08:20 - 13:35","vr":"08:20 - 13:35"}}},{"type":"Feature","geometry":{"type":"Point","coordinates":[12.19593637,45.64199147]},"properties":{"type":"pakketpunt","locatieNaam":"Tabaccheria N. 30","straatNaam":"Strada Di Canizzano","straatNr":"55","vervoerder":"PosteItaliane","puntType":"servicepunt","bezettingsgraad":50,"latitude":45.64199147,"longitude":12.19593637,"canPickup":true,"canDropoff":true,"openingstijden":{"za":"06:30 - 13:00, 15:00 - 19:30","zo":"06:30 - 13:00","ma":"06:30 - 13:00, 15:00 - 19:30","di":"06:30 - 13:00, 15:00 - 19:30","wo":"06:30 - 13:00, 15:00 - 19:30","do":"06:30 - 13:00, 15:00 - 19:30","vr":"06:30 - 13:00, 15:00 - 19:30"}}},{"type":"Feature","geometry":{"type":"Point","coordinates":[12.21329627,45.68986143]},"properties":{"type":"pakketpunt","locatieNaam":"Tabaccheria N. 27","straatNaam":"Strada Di Santa Bona Nuova","straatNr":"91/c","vervoerder":"PosteItaliane","puntType":"servicepunt","bezettingsgraad":50,"latitude":45.68986143,"longitude":12.21329627,"canPickup":true,"canDropoff":true,"openingstijden":{"za":"07:00 - 20:00","zo":"08:00 - 19:00","ma":"00:07 - 13:00","di":"gesloten","wo":"07:00 - 20:00","do":"07:00 - 20:00","vr":"07:00 - 20:00"}}},{"type":"Feature","geometry":{"type":"Point","coordinates":[12.24690416,45.66514453]},"properties":{"type":"pakketpunt","locatieNaam":"Tabaccheria N. 5","straatNaam":"Via Martiri Della Liberta'","straatNr":"40","vervoerder":"PosteItaliane","puntType":"servicepunt","bezettingsgraad":50,"latitude":45.66514453,"longitude":12.24690416,"canPickup":true,"canDropoff":true,"openingstijden":{"za":"08:30 - 12:45, 15:30 - 19:30","zo":"gesloten","ma":"07:45 - 12:30, 15:30 - 19:30","di":"07:45 - 12:30, 15:30 - 19:30","wo":"07:45 - 12:30","do":"07:45 - 12:30, 15:30 - 19:30","vr":"07:45 - 12:30, 15:30 - 19:30"}}},{"type":"Feature","geometry":{"type":"Point","coordinates":[12.2439193,45.6646093]},"properties":{"type":"pakketpunt","locatieNaam":"Tabaccheria N. 11","straatNaam":"Via Daniele Manin","straatNr":"47/b","vervoerder":"PosteItaliane","puntType":"servicepunt","bezettingsgraad":50,"latitude":45.6646093,"longitude":12.2439193,"canPickup":true,"canDropoff":true,"openingstijden":{"za":"08:30 - 19:30","zo":"gesloten","ma":"08:30 - 19:30","di":"08:30 - 19:30","wo":"08:30 - 19:30","do":"08:30 - 19:30","vr":"08:30 - 19:30"}}},{"type":"Feature","geometry":{"type":"Point","coordinates":[12.24272505,45.66716645]},"properties":{"type":"pakketpunt","locatieNaam":"Tabaccheria N. 37","straatNaam":"Via Antonio Canova","straatNr":"8","vervoerder":"PosteItaliane","puntType":"servicepunt","bezettingsgraad":50,"latitude":45.66716645,"longitude":12.24272505,"canPickup":true,"canDropoff":true,"openingstijden":{"za":"08:00 - 12:30, 15:30 - 19:30","zo":"gesloten","ma":"08:00 - 12:30, 15:30 - 19:30","di":"08:00 - 12:30, 15:30 - 19:30","wo":"08:00 - 12:30, 15:30 - 19:30","do":"08:00 - 12:30, 15:30 - 19:30","vr":"08:00 - 12:30, 15:30 - 19:30"}}},{"type":"Feature","geometry":{"type":"Point","coordinates":[12.24879161,45.6713377]},"properties":{"type":"pakketpunt","locatieNaam":"Tabaccheria N. 95","straatNaam":"Via Montello","straatNr":"6/d","vervoerder":"PosteItaliane","puntType":"servicepunt","bezettingsgraad":50,"latitude":45.6713377,"longitude":12.24879161,"canPickup":true,"canDropoff":true,"openingstijden":{"za":"07:30 - 13:00, 15:30 - 19:30","zo":"gesloten","ma":"07:30 - 13:00, 15:30 - 19:30","di":"07:30 - 13:00, 15:30 - 19:30","wo":"07:30 - 13:00, 15:30 - 19:30","do":"07:30 - 13:00, 15:30 - 19:30","vr":"07:30 - 13:00, 15:30 - 19:30"}}},{"type":"Feature","geometry":{"type":"Point","coordinates":[12.24657074,45.67402907]},"properties":{"type":"pakketpunt","locatieNaam":"Tabaccheria N. 48","straatNaam":"Via Montello","straatNr":"58/a","vervoerder":"PosteItaliane","puntType":"servicepunt","bezettingsgraad":50,"latitude":45.67402907,"longitude":12.24657074,"canPickup":true,"canDropoff":true,"openingstijden":{"za":"07:00 - 13:00, 15:00 - 20:00","zo":"08:00 - 15:00","ma":"07:00 - 13:00, 15:00 - 20:00","di":"07:00 - 13:00, 15:00 - 20:00","wo":"07:00 - 13:00, 15:00 - 20:00","do":"07:00 - 13:00, 15:00 - 20:00","vr":"07:00 - 13:00, 15:00 - 20:00"}}},{"type":"Feature","geometry":{"type":"Point","coordinates":[12.24935648,45.65936518]},"properties":{"type":"pakketpunt","locatieNaam":"Tabaccheria N. 20","straatNaam":"Via Sant'antonino","straatNr":"18","vervoerder":"PosteItaliane","puntType":"servicepunt","bezettingsgraad":50,"latitude":45.65936518,"longitude":12.24935648,"canPickup":true,"canDropoff":true,"openingstijden":{"za":"07:30 - 13:00, 15:30 - 19:30","zo":"gesloten","ma":"07:30 - 13:00, 15:30 - 19:30","di":"07:30 - 13:00, 15:30 - 19:30","wo":"07:30 - 13:00, 15:30 - 19:30","do":"07:30 - 13:00, 15:30 - 19:30","vr":"07:30 - 13:00, 15:30 - 19:30"}}},{"type":"Feature","geometry":{"type":"Point","coordinates":[12.24611022,45.65875429]},"properties":{"type":"pakketpunt","locatieNaam":"Todos","straatNaam":"Via Terraglio","straatNr":"6/g","vervoerder":"PosteItaliane","puntType":"servicepunt","bezettingsgraad":50,"latitude":45.65875429,"longitude":12.24611022,"canPickup":true,"canDropoff":true,"openingstijden":{"za":"09:00 - 13:00","zo":"gesloten","ma":"09:00 - 13:00, 15:00 - 19:30","di":"09:00 - 13:00, 15:00 - 19:30","wo":"09:00 - 13:00, 15:00 - 19:30","do":"09:00 - 13:00, 15:00 - 19:30","vr":"09:00 - 13:00, 15:00 - 19:30"}}},{"type":"Feature","geometry":{"type":"Point","coordinates":[12.25554639,45.6542097]},"properties":{"type":"pakketpunt","locatieNaam":"Tabaccheria N. 8","straatNaam":"Via Sant'antonino","straatNr":"205","vervoerder":"PosteItaliane","puntType":"servicepunt","bezettingsgraad":50,"latitude":45.6542097,"longitude":12.25554639,"canPickup":true,"canDropoff":true,"openingstijden":{"za":"07:30 - 13:00","zo":"gesloten","ma":"07:30 - 19:20","di":"07:30 - 19:20","wo":"07:30 - 19:20","do":"07:30 - 19:20","vr":"07:30 - 19:20"}}},{"type":"Feature","geometry":{"type":"Point","coordinates":[12.2162822,45.67868103]},"properties":{"type":"pakketpunt","locatieNaam":"Tabaccheria N. 87","straatNaam":"Via Antonio Mantiero","straatNr":"24","vervoerder":"PosteItaliane","puntType":"servicepunt","bezettingsgraad":50,"latitude":45.67868103,"longitude":12.2162822,"canPickup":true,"canDropoff":true,"openingstijden":{"za":"07:00 - 13:00","zo":"gesloten","ma":"07:00 - 13:00, 15:30 - 19:30","di":"07:00 - 13:00, 15:30 - 19:30","wo":"07:00 - 13:00, 15:30 - 19:30","do":"07:00 - 13:00, 15:30 - 19:30","vr":"07:00 - 13:00, 15:30 - 19:30"}}},{"type":"Feature","geometry":{"type":"Point","coordinates":[12.23424606,45.66328719]},"properties":{"type":"pakketpunt","locatieNaam":"Tabaccheria N. 66","straatNaam":"Viale Giuseppe Verdi","straatNr":"1/c","vervoerder":"PosteItaliane","puntType":"servicepunt","bezettingsgraad":50,"latitude":45.66328719,"longitude":12.23424606,"canPickup":true,"canDropoff":true,"openingstijden":{"za":"07:30 - 13:30, 15:30 - 19:30","zo":"gesloten","ma":"07:30 - 13:30, 15:30 - 19:30","di":"07:30 - 13:30, 15:30 - 19:30","wo":"07:30 - 13:30, 15:30 - 19:30","do":"07:30 - 13:30, 15:30 - 19:30","vr":"07:30 - 13:30, 15:30 - 19:30"}}},{"type":"Feature","geometry":{"type":"Point","coordinates":[12.23636383,45.67948535]},"properties":{"type":"pakketpunt","locatieNaam":"Caf Della Marca","straatNaam":"Via Pisa","straatNr":"13/b","vervoerder":"PosteItaliane","puntType":"servicepunt","bezettingsgraad":50,"latitude":45.67948535,"longitude":12.23636383,"canPickup":true,"canDropoff":true,"openingstijden":{"za":"09:30 - 12:30, 15:30 - 20:00","zo":"gesloten","ma":"09:30 - 12:30, 15:30 - 20:00","di":"09:30 - 12:30, 15:30 - 20:00","wo":"09:30 - 12:30, 15:30 - 20:00","do":"09:30 - 12:30, 15:30 - 20:00","vr":"15:30 - 20:00"}}},{"type":"Feature","geometry":{"type":"Point","coordinates":[12.24363055,45.68340416]},"properties":{"type":"pakketpunt","locatieNaam":"Tabaccheria N. 65","straatNaam":"Viale Della Repubblica","straatNr":"188","vervoerder":"PosteItaliane","puntType":"servicepunt","bezettingsgraad":50,"latitude":45.68340416,"longitude":12.24363055,"canPickup":true,"canDropoff":true,"openingstijden":{"za":"07:00 - 21:00","zo":"07:00 - 20:00","ma":"07:00 - 21:00","di":"07:00 - 21:00","wo":"07:00 - 21:00","do":"07:00 - 21:00","vr":"07:00 - 21:00"}}},{"type":"Feature","geometry":{"type":"Point","coordinates":[12.245646,45.66436457]},"properties":{"type":"pakketpunt","locatieNaam":"Tabaccheria N. 4","straatNaam":"Corso Del Popolo","straatNr":"75","vervoerder":"PosteItaliane","puntType":"servicepunt","bezettingsgraad":50,"latitude":45.66436457,"longitude":12.245646,"canPickup":true,"canDropoff":true,"openingstijden":{"za":"08:40 - 12:45, 15:30 - 19:30","zo":"gesloten","ma":"15:30 - 19:30","di":"08:40 - 12:45, 15:30 - 19:30","wo":"08:40 - 12:45, 15:30 - 19:30","do":"08:40 - 12:45, 15:30 - 19:30","vr":"08:40 - 12:45, 15:30 - 19:30"}}},{"type":"Feature","geometry":{"type":"Point","coordinates":[12.24564636,45.6856069]},"properties":{"type":"pakketpunt","locatieNaam":"La Telefonica","straatNaam":"Viale Della Repubblica","straatNr":"220","vervoerder":"PosteItaliane","puntType":"automaat","bezettingsgraad":50,"latitude":45.6856069,"longitude":12.24564636,"canPickup":true,"canDropoff":true,"openingstijden":{"za":"09:00 - 12:30","zo":"gesloten","ma":"09:00 - 13:00","di":"09:00 - 13:00","wo":"09:00 - 13:00","do":"09:00 - 13:00","vr":"09:00 - 13:00"}}},{"type":"Feature","geometry":{"type":"Point","coordinates":[12.25313123,45.6657426]},"properties":{"type":"pakketpunt","locatieNaam":"Tabaccheria N. 16","straatNaam":"Via Carlo Alberto","straatNr":"63","vervoerder":"PosteItaliane","puntType":"servicepunt","bezettingsgraad":50,"latitude":45.6657426,"longitude":12.25313123,"canPickup":true,"canDropoff":true,"openingstijden":{"za":"08:00 - 12:30, 15:30 - 19:30","zo":"08:00 - 12:30","ma":"08:00 - 12:30, 15:30 - 19:30","di":"08:00 - 12:30, 15:30 - 19:30","wo":"08:00 - 12:30, 15:30 - 19:30","do":"08:00 - 12:30, 15:30 - 19:30","vr":"08:00 - 12:30, 15:30 - 19:30"}}},{"type":"Feature","geometry":{"type":"Point","coordinates":[12.25608688,45.67433669]},"properties":{"type":"pakketpunt","locatieNaam":"Tabaccheria N. 96","straatNaam":"Via Eugenio Rota","straatNr":"11/f","vervoerder":"PosteItaliane","puntType":"servicepunt","bezettingsgraad":50,"latitude":45.67433669,"longitude":12.25608688,"canPickup":true,"canDropoff":true,"openingstijden":{"za":"08:00 - 12:45","zo":"gesloten","ma":"08:00 - 12:45, 16:00 - 19:30","di":"08:00 - 12:45, 16:00 - 19:30","wo":"08:00 - 12:45, 16:00 - 19:30","do":"08:00 - 12:45, 16:00 - 19:30","vr":"gesloten"}}},{"type":"Feature","geometry":{"type":"Point","coordinates":[12.23351753,45.67726207]},"properties":{"type":"pakketpunt","locatieNaam":"Tabaccheria N. 104","straatNaam":"Strada Di Santa Bona Vecchia","straatNr":"35/a","vervoerder":"PosteItaliane","puntType":"servicepunt","bezettingsgraad":50,"latitude":45.67726207,"longitude":12.23351753,"canPickup":true,"canDropoff":true,"openingstijden":{"za":"07:00 - 12:30, 15:00 - 19:00","zo":"gesloten","ma":"07:00 - 12:30, 15:00 - 19:00","di":"07:00 - 12:30, 15:00 - 19:00","wo":"07:00 - 12:30, 15:00 - 19:00","do":"07:00 - 12:30, 15:00 - 19:00","vr":"07:00 - 12:30, 15:00 - 19:00"}}},{"type":"Feature","geometry":{"type":"Point","coordinates":[12.24897846,45.66885004]},"properties":{"type":"pakketpunt","locatieNaam":"Tabaccheria N. 12","straatNaam":"Via Alessandro Manzoni","straatNr":"33","vervoerder":"PosteItaliane","puntType":"servicepunt","bezettingsgraad":50,"latitude":45.66885004,"longitude":12.24897846,"canPickup":true,"canDropoff":true,"openingstijden":{"za":"07:30 - 19:30","zo":"gesloten","ma":"07:30 - 19:30","di":"07:30 - 19:30","wo":"07:30 - 19:30","do":"07:30 - 19:30","vr":"07:30 - 19:30"}}},{"type":"Feature","geometry":{"type":"Point","coordinates":[12.24567189,45.66189771]},"properties":{"type":"pakketpunt","locatieNaam":"Tabaccheria N. 17","straatNaam":"Via Roma","straatNr":"28","vervoerder":"PosteItaliane","puntType":"servicepunt","bezettingsgraad":50,"latitude":45.66189771,"longitude":12.24567189,"canPickup":true,"canDropoff":true,"openingstijden":{"za":"08:30 - 12:30, 16:00 - 19:30","zo":"gesloten","ma":"08:30 - 12:30, 15:30 - 19:30","di":"08:30 - 12:30, 15:30 - 19:30","wo":"08:30 - 12:30, 15:30 - 19:30","do":"08:30 - 12:30, 15:30 - 19:30","vr":"08:30 - 12:30, 15:30 - 19:30"}}},{"type":"Feature","geometry":{"type":"Point","coordinates":[12.24508871,45.66833034]},"properties":{"type":"pakketpunt","locatieNaam":"Tabaccheria N. 70","straatNaam":"Piazza Silvio Trentin","straatNr":"16","vervoerder":"PosteItaliane","puntType":"servicepunt","bezettingsgraad":50,"latitude":45.66833034,"longitude":12.24508871,"canPickup":true,"canDropoff":true,"openingstijden":{"za":"08:00 - 12:45, 16:00 - 19:30","zo":"gesloten","ma":"08:00 - 12:45, 16:00 - 19:30","di":"08:00 - 12:45, 16:00 - 19:30","wo":"08:00 - 12:45, 16:00 - 19:30","do":"08:00 - 12:45, 16:00 - 19:30","vr":"08:00 - 12:45, 16:00 - 19:30"}}},{"type":"Feature","geometry":{"type":"Point","coordinates":[12.26249612,45.66399311]},"properties":{"type":"pakketpunt","locatieNaam":"Immagine Fotostudio","straatNaam":"Viale Quattro Novembre","straatNr":"78/e","vervoerder":"PosteItaliane","puntType":"servicepunt","bezettingsgraad":50,"latitude":45.66399311,"longitude":12.26249612,"canPickup":true,"canDropoff":true,"openingstijden":{"za":"08:45 - 11:45","zo":"gesloten","ma":"16:00 - 19:00","di":"08:45 - 12:00, 16:00 - 19:00","wo":"08:45 - 12:00, 16:00 - 19:00","do":"08:45 - 12:00, 16:00 - 19:00","vr":"08:45 - 12:00, 16:00 - 19:00"}}},{"type":"Feature","geometry":{"type":"Point","coordinates":[12.19214535,45.66776067]},"properties":{"type":"pakketpunt","locatieNaam":"Tabaccheria N. 72","straatNaam":"Via Castellana","straatNr":"106","vervoerder":"PosteItaliane","puntType":"servicepunt","bezettingsgraad":50,"latitude":45.66776067,"longitude":12.19214535,"canPickup":true,"canDropoff":true,"openingstijden":{"za":"07:45 - 13:00, 16:00 - 19:30","zo":"gesloten","ma":"07:45 - 13:00, 16:00 - 19:30","di":"07:45 - 13:00, 16:00 - 19:30","wo":"07:45 - 13:00","do":"07:45 - 13:00, 16:00 - 19:30","vr":"07:45 - 13:00, 16:00 - 19:30"}}},{"type":"Feature","geometry":{"type":"Point","coordinates":[12.223509,45.66906462]},"properties":{"type":"pakketpunt","locatieNaam":"Tabaccheria N. 71","straatNaam":"Via Castellana","straatNr":"1/a","vervoerder":"PosteItaliane","puntType":"servicepunt","bezettingsgraad":50,"latitude":45.66906462,"longitude":12.223509,"canPickup":true,"canDropoff":true,"openingstijden":{"za":"08:00 - 12:30, 15:00 - 19:30","zo":"gesloten","ma":"08:00 - 12:30, 15:00 - 19:30","di":"08:00 - 12:30, 15:00 - 19:30","wo":"08:00 - 12:30, 15:00 - 19:30","do":"08:00 - 12:30, 15:00 - 19:30","vr":"08:00 - 12:30, 15:00 - 19:30"}}},{"type":"Feature","geometry":{"type":"Point","coordinates":[12.2792743,45.65991885]},"properties":{"type":"pakketpunt","locatieNaam":"Tabaccheria N. 25","straatNaam":"Via Callalta","straatNr":"100","vervoerder":"PosteItaliane","puntType":"servicepunt","bezettingsgraad":50,"latitude":45.65991885,"longitude":12.2792743,"canPickup":true,"canDropoff":true,"openingstijden":{"za":"07:00 - 13:00","zo":"gesloten","ma":"08:00 - 13:00, 15:00 - 19:00","di":"08:00 - 13:00, 15:00 - 19:00","wo":"08:00 - 13:00, 15:00 - 19:00","do":"08:00 - 13:00, 15:00 - 19:00","vr":"08:00 - 13:00, 15:00 - 19:00"}}},{"type":"Feature","geometry":{"type":"Point","coordinates":[12.25367557,45.67606838]},"properties":{"type":"pakketpunt","locatieNaam":"Tabaccheria N. 58","straatNaam":"Via Guglielmo Ciardi","straatNr":"8","vervoerder":"PosteItaliane","puntType":"servicepunt","bezettingsgraad":50,"latitude":45.67606838,"longitude":12.25367557,"canPickup":true,"canDropoff":true,"openingstijden":{"za":"08:00 - 12:30, 15:00 - 19:30","zo":"gesloten","ma":"08:00 - 12:30, 15:00 - 19:30","di":"08:00 - 12:30, 15:00 - 19:30","wo":"08:00 - 12:30, 15:00 - 19:30","do":"08:00 - 12:30, 15:00 - 19:30","vr":"08:00 - 12:30, 15:00 - 19:30"}}},{"type":"Feature","geometry":{"type":"Point","coordinates":[12.24099522,45.66578018]},"properties":{"type":"pakketpunt","locatieNaam":"Tabaccheria N. 56","straatNaam":"Viale Cesare Battisti","straatNr":"22","vervoerder":"PosteItaliane","puntType":"servicepunt","bezettingsgraad":50,"latitude":45.66578018,"longitude":12.24099522,"canPickup":true,"canDropoff":true,"openingstijden":{"za":"07:30 - 12:45, 15:30 - 19:30","zo":"gesloten","ma":"07:30 - 12:45, 15:30 - 19:30","di":"07:30 - 12:45, 15:30 - 19:30","wo":"07:30 - 12:45, 15:30 - 19:30","do":"07:30 - 12:45, 15:30 - 19:30","vr":"07:30 - 12:45, 15:30 - 19:30"}}},{"type":"Feature","geometry":{"type":"Point","coordinates":[12.23832717,45.65705689]},"properties":{"type":"pakketpunt","locatieNaam":"Tabaccheria N. 86","straatNaam":"Strada San Zeno","straatNr":"37","vervoerder":"PosteItaliane","puntType":"servicepunt","bezettingsgraad":50,"latitude":45.65705689,"longitude":12.23832717,"canPickup":true,"canDropoff":true,"openingstijden":{"za":"06:00 - 12:30, 15:30 - 19:00","zo":"gesloten","ma":"06:00 - 12:30, 15:30 - 19:00","di":"06:00 - 12:30, 15:30 - 19:00","wo":"06:00 - 12:00","do":"06:00 - 12:30, 15:30 - 19:00","vr":"06:00 - 12:30, 15:30 - 19:00"}}},{"type":"Feature","geometry":{"type":"Point","coordinates":[12.2311083,45.6572162]},"properties":{"type":"pakketpunt","locatieNaam":"Lavanderia Automatica - Wash House","straatNaam":"Via Sant'angelo","straatNr":"40","vervoerder":"PosteItaliane","puntType":"automaat","bezettingsgraad":50,"latitude":45.6572162,"longitude":12.2311083,"canPickup":true,"canDropoff":true,"openingstijden":{"za":"07:00 - 22:00","zo":"07:00 - 22:00","ma":"07:00 - 22:00","di":"07:00 - 22:00","wo":"07:00 - 22:00","do":"07:00 - 22:00","vr":"07:00 - 22:00"}}},{"type":"Feature","geometry":{"type":"Point","coordinates":[12.22224412,45.68270368]},"properties":{"type":"pakketpunt","locatieNaam":"Tabaccheria N. 52","straatNaam":"Strada Di Santa Bona Nuova","straatNr":"78/b","vervoerder":"PosteItaliane","puntType":"servicepunt","bezettingsgraad":50,"latitude":45.68270368,"longitude":12.22224412,"canPickup":true,"canDropoff":true,"openingstijden":{"za":"08:30 - 12:30, 16:30 - 19:30","zo":"gesloten","ma":"08:30 - 12:30, 16:30 - 19:30","di":"08:30 - 12:30, 16:30 - 19:30","wo":"08:30 - 12:30, 16:30 - 19:30","do":"08:30 - 12:30, 16:30 - 19:30","vr":"08:30 - 12:30, 16:30 - 19:30"}}},{"type":"Feature","geometry":{"type":"Point","coordinates":[12.2418521,45.66995331]},"properties":{"type":"pakketpunt","locatieNaam":"Ecostore - Treviso","straatNaam":"Viale Fratelli Cairoli","straatNr":"127","vervoerder":"PosteItaliane","puntType":"servicepunt","bezettingsgraad":50,"latitude":45.66995331,"longitude":12.2418521,"canPickup":true,"canDropoff":true,"openingstijden":{"za":"09:00 - 12:00","zo":"gesloten","ma":"09:00 - 12:00, 15:30 - 18:30","di":"09:00 - 12:00, 15:30 - 18:30","wo":"09:00 - 12:00, 15:30 - 18:30","do":"09:00 - 12:00, 15:30 - 18:30","vr":"09:00 - 12:00, 15:30 - 18:30"}}},{"type":"Feature","geometry":{"type":"Point","coordinates":[12.25931491,45.70093198]},"properties":{"type":"pakketpunt","locatieNaam":"Stazione Di Servizio Eni","straatNaam":"Viale Gian Giacomo Felissent","straatNr":"118","vervoerder":"PosteItaliane","puntType":"automaat","bezettingsgraad":50,"latitude":45.70093198,"longitude":12.25931491,"canPickup":true,"canDropoff":true,"openingstijden":{"za":"00:01 - 23:59","zo":"00:01 - 23:59","ma":"00:01 - 23:59","di":"00:01 - 23:59","wo":"00:01 - 23:59","do":"00:01 - 23:59","vr":"00:01 - 23:59"}}},{"type":"Feature","geometry":{"type":"Point","coordinates":[12.2423056432,45.6524333536]},"properties":{"type":"pakketpunt","locatieNaam":"Tabaccheria di Basso Matteo","straatNaam":"VIA TERRAGLIO","straatNr":"82","vervoerder":"DPD","puntType":"pickup_point","bezettingsgraad":50,"latitude":45.6524333536,"longitude":12.2423056432,"canPickup":true,"canDropoff":true,"openingstijden":{"ma":"07:00 - 12:30, 15:30 - 19:00","di":"07:00 - 12:30, 15:30 - 19:00","wo":"07:00 - 12:30, 15:30 - 19:00","do":"07:00 - 12:30, 15:30 - 19:00","vr":"07:00 - 12:30, 15:30 - 19:00","za":"07:30 - 12:30, 15:30 - 19:00","zo":"gesloten"}}},{"type":"Feature","geometry":{"type":"Point","coordinates":[12.2617877,45.6641744]},"properties":{"type":"pakketpunt","locatieNaam":"Immagine Fotostudio","straatNaam":"VIALE IV NOVEMBRE","straatNr":"78/E","vervoerder":"DPD","puntType":"pickup_point","bezettingsgraad":50,"latitude":45.6641744,"longitude":12.2617877,"canPickup":true,"canDropoff":true,"openingstijden":{"ma":"16:00 - 19:00","di":"09:00 - 12:00, 16:00 - 19:00","wo":"09:00 - 12:00, 16:00 - 19:00","do":"09:00 - 12:00, 16:00 - 19:00","vr":"09:00 - 12:00, 16:00 - 19:00","za":"09:00 - 12:00","zo":"gesloten"}}},{"type":"Feature","geometry":{"type":"Point","coordinates":[12.2263522577,45.6964924885]},"properties":{"type":"pakketpunt","locatieNaam":"Cartoleria Edicola San Pelaio","straatNaam":"VIA SAN PELAIO","straatNr":"135/A","vervoerder":"DPD","puntType":"pickup_point","bezettingsgraad":50,"latitude":45.6964924885,"longitude":12.2263522577,"canPickup":true,"canDropoff":true,"openingstijden":{"ma":"06:30 - 13:00, 15:30 - 19:00","di":"06:30 - 13:00, 15:30 - 19:00","wo":"06:30 - 13:00, 15:30 - 19:00","do":"06:30 - 13:00, 15:30 - 19:00","vr":"06:30 - 13:00, 15:30 - 19:00","za":"06:30 - 13:00, 15:30 - 19:00","zo":"07:00 - 12:30"}}},{"type":"Feature","geometry":{"type":"Point","coordinates":[12.22847186,45.66787413]},"properties":{"type":"pakketpunt","locatieNaam":"Smart Service Delivery","straatNaam":"P.ZZA DELLE ISTITUZIONI","straatNr":"35","vervoerder":"DPD","puntType":"pickup_point","bezettingsgraad":50,"latitude":45.66787413,"longitude":12.22847186,"canPickup":true,"canDropoff":true,"openingstijden":{"ma":"08:30 - 13:00, 14:00 - 17:00","di":"08:30 - 13:00, 14:00 - 17:00","wo":"08:30 - 13:00, 14:00 - 17:00","do":"08:30 - 13:00, 14:00 - 17:00","vr":"08:30 - 14:30","za":"gesloten","zo":"gesloten"}}},{"type":"Feature","geometry":{"type":"Point","coordinates":[12.25358367,45.67491387]},"properties":{"type":"pakketpunt","locatieNaam":"Elettronica Treviso di Merotto","straatNaam":"VIA G. MARCONI","straatNr":"31","vervoerder":"DPD","puntType":"pickup_point","bezettingsgraad":50,"latitude":45.67491387,"longitude":12.25358367,"canPickup":true,"canDropoff":true,"openingstijden":{"ma":"09:00 - 12:30, 15:00 - 19:00","di":"09:00 - 12:30, 15:00 - 19:00","wo":"09:00 - 12:30, 15:00 - 19:00","do":"09:00 - 12:30, 15:00 - 19:00","vr":"09:00 - 12:30, 15:00 - 19:00","za":"09:00 - 12:30","zo":"gesloten"}}},{"type":"Feature","geometry":{"type":"Point","coordinates":[12.24194729,45.66997472]},"properties":{"type":"pakketpunt","locatieNaam":"Eco Store Treviso","straatNaam":"VIALE CAIROLI","straatNr":"127","vervoerder":"DPD","puntType":"pickup_point","bezettingsgraad":50,"latitude":45.66997472,"longitude":12.24194729,"canPickup":true,"canDropoff":true,"openingstijden":{"ma":"09:00 - 12:00, 15:30 - 18:30","di":"09:00 - 12:30, 15:30 - 18:30","wo":"09:00 - 12:30, 15:30 - 18:30","do":"09:00 - 12:30, 15:30 - 18:30","vr":"09:00 - 12:30, 15:30 - 18:30","za":"09:00 - 12:00","zo":"gesloten"}}},{"type":"Feature","geometry":{"type":"Point","coordinates":[12.24601571,45.68577182]},"properties":{"type":"pakketpunt","locatieNaam":"La Telefonica Samsung","straatNaam":"V.LE DELLA REPUBBLICA","straatNr":"220 F","vervoerder":"DPD","puntType":"pickup_point","bezettingsgraad":50,"latitude":45.68577182,"longitude":12.24601571,"canPickup":true,"canDropoff":true,"openingstijden":{"ma":"09:30 - 13:00, 14:30 - 19:00","di":"09:30 - 13:00, 14:30 - 19:00","wo":"09:30 - 13:00, 14:30 - 19:00","do":"09:30 - 13:00, 14:30 - 19:00","vr":"09:30 - 13:00, 14:30 - 19:00","za":"09:30 - 12:30","zo":"gesloten"}}},{"type":"Feature","geometry":{"type":"Point","coordinates":[12.1768949,45.6400068]},"properties":{"type":"pakketpunt","locatieNaam":"Brugnaro Angelo Sas","straatNaam":"STRADA CANIZZANO","straatNr":"174-B","vervoerder":"DPD","puntType":"pickup_point","bezettingsgraad":50,"latitude":45.6400068,"longitude":12.1768949,"canPickup":true,"canDropoff":true,"openingstijden":{"ma":"08:15 - 12:00, 14:15 - 19:00","di":"08:15 - 12:00, 14:15 - 19:00","wo":"08:15 - 12:00, 14:15 - 19:00","do":"08:15 - 12:00, 14:15 - 19:00","vr":"08:15 - 12:00, 14:15 - 19:00","za":"08:15 - 12:00","zo":"gesloten"}}},{"type":"Feature","geometry":{"type":"Point","coordinates":[12.19146032,45.65332403]},"properties":{"type":"pakketpunt","locatieNaam":"Astra c/o Unionliberi","straatNaam":"VIA E. REGINATO","straatNr":"87","vervoerder":"DPD","puntType":"pickup_point","bezettingsgraad":50,"latitude":45.65332403,"longitude":12.19146032,"canPickup":true,"canDropoff":true,"openingstijden":{"ma":"09:00 - 13:00, 14:00 - 18:00","di":"09:00 - 13:00, 14:00 - 18:00","wo":"09:00 - 13:00, 14:00 - 18:00","do":"09:00 - 13:00, 14:00 - 18:00","vr":"09:00 - 13:00, 14:00 - 18:00","za":"gesloten","zo":"gesloten"}}},{"type":"Feature","geometry":{"type":"Point","coordinates":[12.24597186,45.66664342]},"properties":{"type":"pakketpunt","locatieNaam":"Tabaccheria Novello Giorgio","straatNaam":"PIAZZA SAN VITO","straatNr":"17","vervoerder":"DPD","puntType":"pickup_point","bezettingsgraad":50,"latitude":45.66664342,"longitude":12.24597186,"canPickup":true,"canDropoff":true,"openingstijden":{"ma":"08:00 - 13:00, 15:00 - 19:30","di":"08:00 - 13:00, 15:00 - 19:30","wo":"08:00 - 13:00, 15:00 - 19:30","do":"08:00 - 13:00, 15:00 - 19:30","vr":"08:00 - 13:00, 15:00 - 19:30","za":"08:00 - 13:00, 15:00 - 19:30","zo":"gesloten"}}},{"type":"Feature","geometry":{"type":"Point","coordinates":[12.262,45.648]},"properties":{"type":"pakketpunt","locatieNaam":"BRT LOCKER - Lavanderia Self Bloome","straatNaam":"VIA SANT'ANTONINO","straatNr":"285E","vervoerder":"DPD","puntType":"dpd_box","bezettingsgraad":50,"latitude":45.648,"longitude":12.262,"canPickup":true,"canDropoff":true,"openingstijden":{"ma":"07:00 - 22:30","di":"07:00 - 22:30","wo":"07:00 - 22:30","do":"07:00 - 22:30","vr":"07:00 - 22:30","za":"07:00 - 22:30","zo":"07:00 - 22:30"}}},{"type":"Feature","geometry":{"type":"Point","coordinates":[12.236339,45.679531]},"properties":{"type":"pakketpunt","locatieNaam":"BRT LOCKER - Caf della Marca Via Pi","straatNaam":"VIA PISA","straatNr":"13B","vervoerder":"DPD","puntType":"dpd_box","bezettingsgraad":50,"latitude":45.679531,"longitude":12.236339,"canPickup":true,"canDropoff":true,"openingstijden":{"ma":"09:00 - 19:00","di":"gesloten","wo":"gesloten","do":"gesloten","vr":"gesloten","za":"gesloten","zo":"gesloten"}}},{"type":"Feature","geometry":{"type":"Point","coordinates":[12.2196041,45.6850092]},"properties":{"type":"pakketpunt","locatieNaam":"Cartolibreria da Kikka","straatNaam":"VIA SANTA BONA NUOVA","straatNr":"110 B","vervoerder":"DPD","puntType":"pickup_point","bezettingsgraad":50,"latitude":45.6850092,"longitude":12.2196041,"canPickup":true,"canDropoff":true,"openingstijden":{"ma":"08:30 - 12:30, 16:00 - 19:00","di":"08:30 - 12:30, 16:00 - 19:00","wo":"08:30 - 12:30, 16:00 - 19:00","do":"08:30 - 12:30, 16:00 - 19:00","vr":"08:30 - 12:30, 16:00 - 19:00","za":"gesloten","zo":"gesloten"}}},{"type":"Feature","geometry":{"type":"Point","coordinates":[12.249235,45.6687804]},"properties":{"type":"pakketpunt","locatieNaam":"Sementi Rossi","straatNaam":"VIA A. MANZONI","straatNr":"42","vervoerder":"DPD","puntType":"pickup_point","bezettingsgraad":50,"latitude":45.6687804,"longitude":12.249235,"canPickup":true,"canDropoff":true,"openingstijden":{"ma":"08:30 - 12:30, 15:30 - 19:30","di":"08:30 - 12:30, 15:30 - 19:30","wo":"08:30 - 12:30, 15:30 - 19:30","do":"08:30 - 12:30, 15:30 - 19:30","vr":"08:30 - 12:30, 15:30 - 19:30","za":"08:30 - 12:30, 15:30 - 19:30","zo":"gesloten"}}},{"type":"Feature","geometry":{"type":"Point","coordinates":[12.24484392,45.66444826]},"properties":{"type":"pakketpunt","locatieNaam":"Comix League Treviso","straatNaam":"VIA D. MANIN","straatNr":"22","vervoerder":"DPD","puntType":"pickup_point","bezettingsgraad":50,"latitude":45.66444826,"longitude":12.24484392,"canPickup":true,"canDropoff":true,"openingstijden":{"ma":"gesloten","di":"10:00 - 13:00, 15:00 - 19:00","wo":"10:00 - 13:00, 15:00 - 19:00","do":"10:00 - 13:00, 15:00 - 19:00","vr":"10:00 - 13:00, 15:00 - 19:00","za":"10:00 - 13:00, 15:00 - 19:00","zo":"gesloten"}}},{"type":"Feature","geometry":{"type":"Point","coordinates":[12.23829,45.656997]},"properties":{"type":"pakketpunt","locatieNaam":"Tabaccheria Edicola San Zeno","straatNaam":"VIA SAN ZENO","straatNr":"37","vervoerder":"DPD","puntType":"pickup_point","bezettingsgraad":50,"latitude":45.656997,"longitude":12.23829,"canPickup":true,"canDropoff":true,"openingstijden":{"ma":"06:00 - 12:30, 15:30 - 19:30","di":"06:00 - 12:30, 15:30 - 19:30","wo":"06:00 - 12:30","do":"06:00 - 12:30","vr":"06:00 - 12:30, 15:30 - 19:30","za":"06:00 - 12:30, 15:30 - 19:30","zo":"gesloten"}}},{"type":"Feature","geometry":{"type":"Point","coordinates":[12.2466236,45.6740123]},"properties":{"type":"pakketpunt","locatieNaam":"Caffeteca Treviso","straatNaam":"VIA MONTELLO","straatNr":"58","vervoerder":"DPD","puntType":"pickup_point","bezettingsgraad":50,"latitude":45.6740123,"longitude":12.2466236,"canPickup":true,"canDropoff":true,"openingstijden":{"ma":"07:30 - 13:00, 15:00 - 19:30","di":"07:30 - 13:00, 15:00 - 19:30","wo":"07:30 - 13:00, 15:00 - 19:30","do":"07:30 - 13:00, 15:00 - 19:30","vr":"07:30 - 13:00, 15:00 - 19:30","za":"07:30 - 13:00, 15:00 - 19:30","zo":"09:00 - 12:00"}}},{"type":"Feature","geometry":{"type":"Point","coordinates":[12.232214,45.69294]},"properties":{"type":"pakketpunt","locatieNaam":"BRT LOCKER - GNP Treviso","straatNaam":"STRADA SAN PELAIO","straatNr":"102","vervoerder":"DPD","puntType":"dpd_box","bezettingsgraad":50,"latitude":45.69294,"longitude":12.232214,"canPickup":true,"canDropoff":true,"openingstijden":{"ma":"00:00 - 23:45","di":"00:00 - 23:45","wo":"00:00 - 23:45","do":"00:00 - 23:45","vr":"00:00 - 23:45","za":"00:00 - 23:45","zo":"00:00 - 23:45"}}},{"type":"Feature","geometry":{"type":"Point","coordinates":[12.22241,45.67655]},"properties":{"type":"pakketpunt","locatieNaam":"InPost Locker 24/7","straatNaam":"Viale Europa","straatNr":"22","vervoerder":"InPost","puntType":"automaat","bezettingsgraad":50,"latitude":45.67655,"longitude":12.22241,"canPickup":true,"canDropoff":true,"openingstijden":null}},{"type":"Feature","geometry":{"type":"Point","coordinates":[12.186,45.65008]},"properties":{"type":"pakketpunt","locatieNaam":"InPost Locker 24/7","straatNaam":"Via Noalese","straatNr":"127","vervoerder":"InPost","puntType":"automaat","bezettingsgraad":50,"latitude":45.65008,"longitude":12.186,"canPickup":true,"canDropoff":true,"openingstijden":null}},{"type":"Feature","geometry":{"type":"Point","coordinates":[12.24189,45.65114]},"properties":{"type":"pakketpunt","locatieNaam":"ENI","straatNaam":"Via Terraglio","straatNr":"120","vervoerder":"InPost","puntType":"automaat","bezettingsgraad":50,"latitude":45.65114,"longitude":12.24189,"canPickup":true,"canDropoff":true,"openingstijden":null}},{"type":"Feature","geometry":{"type":"Point","coordinates":[12.27527,45.66171]},"properties":{"type":"pakketpunt","locatieNaam":"InPost Locker 24/7","straatNaam":"Via Postumia","straatNr":"28","vervoerder":"InPost","puntType":"automaat","bezettingsgraad":50,"latitude":45.66171,"longitude":12.27527,"canPickup":true,"canDropoff":true,"openingstijden":null}},{"type":"Feature","geometry":{"type":"Point","coordinates":[12.25092,45.67805]},"properties":{"type":"pakketpunt","locatieNaam":"InPost Locker 24/7","straatNaam":"Via Brigata Treviso","straatNr":"3","vervoerder":"InPost","puntType":"automaat","bezettingsgraad":50,"latitude":45.67805,"longitude":12.25092,"canPickup":true,"canDropoff":true,"openingstijden":null}},{"type":"Feature","geometry":{"type":"Point","coordinates":[12.22324,45.66496]},"properties":{"type":"pakketpunt","locatieNaam":"InPost Locker 24/7","straatNaam":"Via Carlo Cattaneo","straatNr":"40","vervoerder":"InPost","puntType":"automaat","bezettingsgraad":50,"latitude":45.66496,"longitude":12.22324,"canPickup":true,"canDropoff":true,"openingstijden":"24/7"}},{"type":"Feature","geometry":{"type":"Point","coordinates":[12.24488,45.68233]},"properties":{"type":"pakketpunt","locatieNaam":"InPost Locker 24/7","straatNaam":"Strada Comunale delle Corti","straatNr":"81","vervoerder":"InPost","puntType":"automaat","bezettingsgraad":50,"latitude":45.68233,"longitude":12.24488,"canPickup":true,"canDropoff":true,"openingstijden":null}},{"type":"Feature","geometry":{"type":"Point","coordinates":[12.20688,45.65595]},"properties":{"type":"pakketpunt","locatieNaam":"InPost Locker 24/7","straatNaam":"Via Noalese","straatNr":"72","vervoerder":"InPost","puntType":"automaat","bezettingsgraad":50,"latitude":45.65595,"longitude":12.20688,"canPickup":true,"canDropoff":true,"openingstijden":null}},{"type":"Feature","geometry":{"type":"Point","coordinates":[12.26179,45.66432]},"properties":{"type":"pakketpunt","locatieNaam":"InPost Point","straatNaam":"Viale IV Novembre","straatNr":"78","vervoerder":"InPost","puntType":"servicepunt","bezettingsgraad":50,"latitude":45.66432,"longitude":12.26179,"canPickup":true,"canDropoff":true,"openingstijden":"Lun: 16:00 - 19:00 Mar-Ven: 09:00 - 12:00 - 16:00 - 19:00 Sab: 09:00 - 12:00"}},{"type":"Feature","geometry":{"type":"Point","coordinates":[12.23834,45.65718]},"properties":{"type":"pakketpunt","locatieNaam":"InPost Point","straatNaam":"Via San Zeno","straatNr":"37","vervoerder":"InPost","puntType":"servicepunt","bezettingsgraad":50,"latitude":45.65718,"longitude":12.23834,"canPickup":true,"canDropoff":true,"openingstijden":"Lun-Mar: 06:00 - 12:00 - 15:30 - 19:00 Mer: 06:00 - 12:00 Gio-Sab: 06:00 - 12:00 - 15:30 - 19:00"}},{"type":"Feature","geometry":{"type":"Point","coordinates":[12.24597,45.66677]},"properties":{"type":"pakketpunt","locatieNaam":"InPost Point","straatNaam":"Piazza San Vito","straatNr":"17","vervoerder":"InPost","puntType":"servicepunt","bezettingsgraad":50,"latitude":45.66677,"longitude":12.24597,"canPickup":true,"canDropoff":true,"openingstijden":"Lun-Sab: 08:00 - 13:00 - 15:00 - 19:30"}},{"type":"Feature","geometry":{"type":"Point","coordinates":[12.24596,45.6859]},"properties":{"type":"pakketpunt","locatieNaam":"InPost Point","straatNaam":"Viale della Repubblica","straatNr":"220/F","vervoerder":"InPost","puntType":"servicepunt","bezettingsgraad":50,"latitude":45.6859,"longitude":12.24596,"canPickup":true,"canDropoff":true,"openingstijden":"Lun-Ven: 09:30 - 13:00 - 14:30 - 19:00 Sab: 09:30 - 12:30"}},{"type":"Feature","geometry":{"type":"Point","coordinates":[12.24662,45.67404]},"properties":{"type":"pakketpunt","locatieNaam":"InPost Point","straatNaam":"Via Montello","straatNr":"58a","vervoerder":"InPost","puntType":"servicepunt","bezettingsgraad":50,"latitude":45.67404,"longitude":12.24662,"canPickup":true,"canDropoff":true,"openingstijden":"Lun-Gio: 07:30 - 13:00 - 15:00 - 19:30 Ven-Sab: 07:00 - 13:00 - 15:00 - 19:30 Dom: 09:00 - 19:30"}},{"type":"Feature","geometry":{"type":"Point","coordinates":[12.2410396,45.6438439]},"properties":{"type":"pakketpunt","locatieNaam":"tabaccheria","straatNaam":"Strada Terraglio","straatNr":"17","vervoerder":"GLS","puntType":"parcel_shop","bezettingsgraad":50,"latitude":45.6438439,"longitude":12.2410396,"canPickup":true,"canDropoff":true,"openingstijden":"za: 08:00 - 13:00, 15:30 - 19:30; ma: 07:00 - 13:00, 15:30 - 19:30"}},{"type":"Feature","geometry":{"type":"Point","coordinates":[12.242231,45.6528488]},"properties":{"type":"pakketpunt","locatieNaam":"tabaccheria basso","straatNaam":"Via Terraglio","straatNr":"82","vervoerder":"GLS","puntType":"parcel_shop","bezettingsgraad":50,"latitude":45.6528488,"longitude":12.242231,"canPickup":true,"canDropoff":true,"openingstijden":"za: 07:30 - 12:30, 15:30 - 19:00; ma: 07:00 - 12:30, 15:30 - 19:00"}},{"type":"Feature","geometry":{"type":"Point","coordinates":[12.23829,45.656997]},"properties":{"type":"pakketpunt","locatieNaam":"il gazzettino","straatNaam":"Strada San Zeno","straatNr":"37 a","vervoerder":"GLS","puntType":"parcel_shop","bezettingsgraad":50,"latitude":45.656997,"longitude":12.23829,"canPickup":true,"canDropoff":true,"openingstijden":"za: 06:00 - 12:30, 15:30 - 19:30; ma: 06:00 - 12:30, 15:30 - 19:30"}},{"type":"Feature","geometry":{"type":"Point","coordinates":[12.2461842,45.6587931]},"properties":{"type":"pakketpunt","locatieNaam":"TODOS","straatNaam":"Via Terraglio","straatNr":"6g","vervoerder":"GLS","puntType":"parcel_shop","bezettingsgraad":50,"latitude":45.6587931,"longitude":12.2461842,"canPickup":true,"canDropoff":true,"openingstijden":"za: 09:00 - 13:00, 15:00 - 18:00; ma: 09:00 - 13:00, 15:00 - 18:00"}},{"type":"Feature","geometry":{"type":"Point","coordinates":[12.262409,45.6640068]},"properties":{"type":"pakketpunt","locatieNaam":"IMMAGINE FOTOSTUDIO di Scialpi Rosa","straatNaam":"Viale 4 Novembre","straatNr":"78/E","vervoerder":"GLS","puntType":"parcel_shop","bezettingsgraad":50,"latitude":45.6640068,"longitude":12.262409,"canPickup":true,"canDropoff":true,"openingstijden":"za: 08:30 - 12:00; ma: 15:30 - 19:30"}},{"type":"Feature","geometry":{"type":"Point","coordinates":[12.2459504,45.6665874]},"properties":{"type":"pakketpunt","locatieNaam":"tabaccheria","straatNaam":"Piazza San Vito","straatNr":"17","vervoerder":"GLS","puntType":"parcel_shop","bezettingsgraad":50,"latitude":45.6665874,"longitude":12.2459504,"canPickup":true,"canDropoff":true,"openingstijden":"za: 08:00 - 13:00, 15:00 - 19:30; ma: 08:00 - 13:00, 15:00 - 19:30"}},{"type":"Feature","geometry":{"type":"Point","coordinates":[12.2488856,45.6713523]},"properties":{"type":"pakketpunt","locatieNaam":"sali e tabacchi","straatNaam":"Via Montello","straatNr":"6/d","vervoerder":"GLS","puntType":"parcel_shop","bezettingsgraad":50,"latitude":45.6713523,"longitude":12.2488856,"canPickup":true,"canDropoff":true,"openingstijden":"za: 07:00 - 12:30, 15:00 - 19:30; ma: 07:00 - 12:30, 15:00 - 19:30"}},{"type":"Feature","geometry":{"type":"Point","coordinates":[12.2466188,45.6740439]},"properties":{"type":"pakketpunt","locatieNaam":"Tabaccheria Granziera Fiorella","straatNaam":"Via Montello","straatNr":"58 A","vervoerder":"GLS","puntType":"parcel_shop","bezettingsgraad":50,"latitude":45.6740439,"longitude":12.2466188,"canPickup":true,"canDropoff":true,"openingstijden":"za: 07:30 - 13:00, 15:00 - 19:30; zo: 09:00 - 12:30"}},{"type":"Feature","geometry":{"type":"Point","coordinates":[12.2535353,45.6749316]},"properties":{"type":"pakketpunt","locatieNaam":"ELETTRONICA TREVISO MEROTTO","straatNaam":"Via Marconi","straatNr":"31","vervoerder":"GLS","puntType":"parcel_shop","bezettingsgraad":50,"latitude":45.6749316,"longitude":12.2535353,"canPickup":true,"canDropoff":true,"openingstijden":"za: 09:00 - 12:30; ma: 09:00 - 12:30, 15:00 - 19:00"}},{"type":"Feature","geometry":{"type":"Point","coordinates":[12.2530691,45.6792718]},"properties":{"type":"pakketpunt","locatieNaam":"NIROB MONEY TRANSFER & TICKETS","straatNaam":"Piazza Martiri Di Belfiore","straatNr":"4","vervoerder":"GLS","puntType":"parcel_shop","bezettingsgraad":50,"latitude":45.6792718,"longitude":12.2530691,"canPickup":true,"canDropoff":true,"openingstijden":"za: 10:00 - 13:30, 16:00 - 21:00; ma: 10:00 - 13:30, 16:00 - 21:00"}},{"type":"Feature","geometry":{"type":"Point","coordinates":[12.2196041,45.6850092]},"properties":{"type":"pakketpunt","locatieNaam":"cartolibreria kikka","straatNaam":"Via Santa Bona Nuova","straatNr":"110","vervoerder":"GLS","puntType":"parcel_shop","bezettingsgraad":50,"latitude":45.6850092,"longitude":12.2196041,"canPickup":true,"canDropoff":true,"openingstijden":"ma: 08:30 - 12:30, 16:00 - 19:00; di: 08:30 - 12:30, 16:00 - 19:00"}},{"type":"Feature","geometry":{"type":"Point","coordinates":[12.2459567,45.6858018]},"properties":{"type":"pakketpunt","locatieNaam":"LA TELEFONICA","straatNaam":"Viale Della Repubblica","straatNr":"220 F","vervoerder":"GLS","puntType":"parcel_shop","bezettingsgraad":50,"latitude":45.6858018,"longitude":12.2459567,"canPickup":true,"canDropoff":true,"openingstijden":"ma: 09:30 - 13:00, 14:30 - 19:00; di: 09:30 - 13:00, 14:30 - 19:00"}},{"type":"Feature","geometry":{"type":"Point","coordinates":[12.195936,45.641991]},"properties":{"type":"pakketpunt","locatieNaam":"TABACCHERIA N. 30","straatNaam":"STRADA DI CANIZZANO 55","straatNr":"","vervoerder":"DHL","puntType":"parcelShop","bezettingsgraad":50,"latitude":45.641991,"longitude":12.195936,"canPickup":true,"canDropoff":true,"openingstijden":{"ma":"06:30 - 13:00, 15:00 - 19:30","di":"06:30 - 13:00, 15:00 - 19:30","wo":"06:30 - 13:00, 15:00 - 19:30","do":"06:30 - 13:00, 15:00 - 19:30","vr":"06:30 - 13:00, 15:00 - 19:30","za":"06:30 - 13:00, 15:00 - 19:30","zo":"06:30 - 13:00"}}},{"type":"Feature","geometry":{"type":"Point","coordinates":[12.205546,45.655421]},"properties":{"type":"pakketpunt","locatieNaam":"DHL STORE TREVISO AIRPORT","straatNaam":"Via Noalese 67/a","straatNr":"","vervoerder":"DHL","puntType":"parcelShop","bezettingsgraad":50,"latitude":45.655421,"longitude":12.205546,"canPickup":false,"canDropoff":true,"openingstijden":{"ma":"09:30 - 19:00","di":"09:30 - 19:00","wo":"09:30 - 19:00","do":"09:30 - 19:00","vr":"09:30 - 19:00","za":"gesloten","zo":"gesloten"}}},{"type":"Feature","geometry":{"type":"Point","coordinates":[12.186385,45.639103]},"properties":{"type":"pakketpunt","locatieNaam":"Ufficio Postale TREVISO 8","straatNaam":"STRADA CANIZZANO 119-F","straatNr":"","vervoerder":"DHL","puntType":"postOffice","bezettingsgraad":50,"latitude":45.639103,"longitude":12.186385,"canPickup":true,"canDropoff":true,"openingstijden":{"ma":"08:20 - 13:45","di":"08:20 - 13:45","wo":"08:20 - 13:45","do":"08:20 - 13:45","vr":"08:20 - 13:45","za":"08:20 - 12:45","zo":"gesloten"}}},{"type":"Feature","geometry":{"type":"Point","coordinates":[12.192145,45.667761]},"properties":{"type":"pakketpunt","locatieNaam":"TABACCHERIA N. 72","straatNaam":"VIA CASTELLANA 106","straatNr":"","vervoerder":"DHL","puntType":"parcelShop","bezettingsgraad":50,"latitude":45.667761,"longitude":12.192145,"canPickup":true,"canDropoff":true,"openingstijden":{"ma":"07:45 - 13:00, 16:00 - 19:30","di":"07:45 - 13:00, 16:00 - 19:30","wo":"07:45 - 13:00","do":"07:45 - 13:00, 16:00 - 19:30","vr":"07:45 - 13:00, 16:00 - 19:30","za":"07:45 - 13:00, 16:00 - 19:30","zo":"gesloten"}}},{"type":"Feature","geometry":{"type":"Point","coordinates":[12.218612,45.661169]},"properties":{"type":"pakketpunt","locatieNaam":"Ufficio Postale TREVISO 7","straatNaam":"VIA ALBERTINO DA CORONA 1-O","straatNr":"","vervoerder":"DHL","puntType":"postOffice","bezettingsgraad":50,"latitude":45.661169,"longitude":12.218612,"canPickup":true,"canDropoff":true,"openingstijden":{"ma":"08:20 - 13:35","di":"08:20 - 13:35","wo":"08:20 - 13:35","do":"08:20 - 13:35","vr":"08:20 - 13:35","za":"08:20 - 12:35","zo":"gesloten"}}},{"type":"Feature","geometry":{"type":"Point","coordinates":[12.22711,45.657086]},"properties":{"type":"pakketpunt","locatieNaam":"BP COMPUTER","straatNaam":"Sant`Angelo, 51","straatNr":"","vervoerder":"DHL","puntType":"parcelShop","bezettingsgraad":50,"latitude":45.657086,"longitude":12.22711,"canPickup":false,"canDropoff":true,"openingstijden":{"ma":"09:00 - 19:00","di":"09:00 - 19:00","wo":"09:00 - 19:00","do":"09:00 - 19:00","vr":"09:00 - 19:00","za":"gesloten","zo":"gesloten"}}},{"type":"Feature","geometry":{"type":"Point","coordinates":[12.223509,45.669065]},"properties":{"type":"pakketpunt","locatieNaam":"TABACCHERIA N. 71","straatNaam":"VIA CASTELLANA 1-A","straatNr":"","vervoerder":"DHL","puntType":"parcelShop","bezettingsgraad":50,"latitude":45.669065,"longitude":12.223509,"canPickup":true,"canDropoff":true,"openingstijden":{"ma":"08:00 - 12:30, 15:00 - 19:30","di":"08:00 - 12:30, 15:00 - 19:30","wo":"08:00 - 12:30, 15:00 - 19:30","do":"08:00 - 12:30, 15:00 - 19:30","vr":"08:00 - 12:30, 15:00 - 19:30","za":"08:00 - 12:30, 15:00 - 19:30","zo":"gesloten"}}},{"type":"Feature","geometry":{"type":"Point","coordinates":[12.231108,45.657216]},"properties":{"type":"pakketpunt","locatieNaam":"LAVANDERIA AUTOMATICA - WAS","straatNaam":"VIA SANTANGELO 40","straatNr":"","vervoerder":"DHL","puntType":"packStation","bezettingsgraad":50,"latitude":45.657216,"longitude":12.231108,"canPickup":true,"canDropoff":true,"openingstijden":{"ma":"07:00 - 22:00","di":"07:00 - 22:00","wo":"07:00 - 22:00","do":"07:00 - 22:00","vr":"07:00 - 22:00","za":"07:00 - 22:00","zo":"07:00 - 22:00"}}},{"type":"Feature","geometry":{"type":"Point","coordinates":[12.216282,45.678681]},"properties":{"type":"pakketpunt","locatieNaam":"TABACCHERIA N. 87","straatNaam":"VIA ANTONIO MANTIERO 24","straatNr":"","vervoerder":"DHL","puntType":"parcelShop","bezettingsgraad":50,"latitude":45.678681,"longitude":12.216282,"canPickup":true,"canDropoff":true,"openingstijden":{"ma":"07:00 - 13:00, 15:30 - 19:30","di":"07:00 - 13:00, 15:30 - 19:30","wo":"07:00 - 13:00, 15:30 - 19:30","do":"07:00 - 13:00, 15:30 - 19:30","vr":"07:00 - 13:00, 15:30 - 19:30","za":"07:00 - 13:00","zo":"gesloten"}}},{"type":"Feature","geometry":{"type":"Point","coordinates":[12.234246,45.663287]},"properties":{"type":"pakketpunt","locatieNaam":"TABACCHERIA n. 66","straatNaam":"VIALE GIUSEPPE VERDI 1-C","straatNr":"","vervoerder":"DHL","puntType":"parcelShop","bezettingsgraad":50,"latitude":45.663287,"longitude":12.234246,"canPickup":true,"canDropoff":true,"openingstijden":{"ma":"07:30 - 13:30, 15:30 - 19:30","di":"07:30 - 13:30, 15:30 - 19:30","wo":"07:30 - 13:30, 15:30 - 19:30","do":"07:30 - 13:30, 15:30 - 19:30","vr":"07:30 - 13:30, 15:30 - 19:30","za":"07:30 - 13:30, 15:30 - 19:30","zo":"gesloten"}}},{"type":"Feature","geometry":{"type":"Point","coordinates":[12.238327,45.657057]},"properties":{"type":"pakketpunt","locatieNaam":"TABACCHERIA N. 86","straatNaam":"STRADA SAN ZENO 37","straatNr":"","vervoerder":"DHL","puntType":"parcelShop","bezettingsgraad":50,"latitude":45.657057,"longitude":12.238327,"canPickup":true,"canDropoff":true,"openingstijden":{"ma":"06:00 - 12:30, 15:30 - 19:00","di":"06:00 - 12:30, 15:30 - 19:00","wo":"06:00 - 12:00","do":"06:00 - 12:30, 15:30 - 19:00","vr":"06:00 - 12:30, 15:30 - 19:00","za":"06:00 - 12:30, 15:30 - 19:00","zo":"gesloten"}}},{"type":"Feature","geometry":{"type":"Point","coordinates":[12.23702,45.667196]},"properties":{"type":"pakketpunt","locatieNaam":"Ufficio Postale TREVISO 2","straatNaam":"BORGO CAMILLO BENSO DI CAVOUR 63","straatNr":"","vervoerder":"DHL","puntType":"postOffice","bezettingsgraad":50,"latitude":45.667196,"longitude":12.23702,"canPickup":true,"canDropoff":true,"openingstijden":{"ma":"08:20 - 13:35","di":"08:20 - 13:35","wo":"08:20 - 13:35","do":"08:20 - 13:35","vr":"08:20 - 13:35","za":"08:20 - 12:35","zo":"gesloten"}}},{"type":"Feature","geometry":{"type":"Point","coordinates":[12.222244,45.682704]},"properties":{"type":"pakketpunt","locatieNaam":"TABACCHERIA n. 52","straatNaam":"STRADA DI SANTA BONA NUOVA 78-B","straatNr":"","vervoerder":"DHL","puntType":"parcelShop","bezettingsgraad":50,"latitude":45.682704,"longitude":12.222244,"canPickup":true,"canDropoff":true,"openingstijden":{"ma":"08:30 - 12:30, 16:30 - 19:30","di":"08:30 - 12:30, 16:30 - 19:30","wo":"08:30 - 12:30, 16:30 - 19:30","do":"08:30 - 12:30, 16:30 - 19:30","vr":"08:30 - 12:30, 16:30 - 19:30","za":"08:30 - 12:30, 16:30 - 19:30","zo":"gesloten"}}},{"type":"Feature","geometry":{"type":"Point","coordinates":[12.220364,45.684147]},"properties":{"type":"pakketpunt","locatieNaam":"Ufficio Postale TREVISO 10","straatNaam":"VIA SANTA BONA NUOVA 106","straatNr":"","vervoerder":"DHL","puntType":"postOffice","bezettingsgraad":50,"latitude":45.684147,"longitude":12.220364,"canPickup":true,"canDropoff":true,"openingstijden":{"ma":"08:20 - 13:35","di":"08:20 - 13:35","wo":"08:20 - 13:35","do":"08:20 - 13:35","vr":"08:20 - 13:35","za":"08:20 - 12:35","zo":"gesloten"}}},{"type":"Feature","geometry":{"type":"Point","coordinates":[12.240995,45.66578]},"properties":{"type":"pakketpunt","locatieNaam":"TABACCHERIA n. 56","straatNaam":"VIALE CESARE BATTISTI 22","straatNr":"","vervoerder":"DHL","puntType":"parcelShop","bezettingsgraad":50,"latitude":45.66578,"longitude":12.240995,"canPickup":true,"canDropoff":true,"openingstijden":{"ma":"07:30 - 12:45, 15:30 - 19:30","di":"07:30 - 12:45, 15:30 - 19:30","wo":"07:30 - 12:45, 15:30 - 19:30","do":"07:30 - 12:45, 15:30 - 19:30","vr":"07:30 - 12:45, 15:30 - 19:30","za":"07:30 - 12:45, 15:30 - 19:30","zo":"gesloten"}}},{"type":"Feature","geometry":{"type":"Point","coordinates":[12.242548,45.662866]},"properties":{"type":"pakketpunt","locatieNaam":"Ufficio Postale TREVISO CENTRO","straatNaam":"PIAZZA DELLA VITTORIA 1","straatNr":"","vervoerder":"DHL","puntType":"postOffice","bezettingsgraad":50,"latitude":45.662866,"longitude":12.242548,"canPickup":true,"canDropoff":true,"openingstijden":{"ma":"08:20 - 19:05","di":"08:20 - 19:05","wo":"08:20 - 19:05","do":"08:20 - 19:05","vr":"08:20 - 19:05","za":"08:20 - 12:35","zo":"gesloten"}}},{"type":"Feature","geometry":{"type":"Point","coordinates":[12.24216,45.66404]},"properties":{"type":"pakketpunt","locatieNaam":"DHL STORE TREVISO","straatNaam":"Via D'annunzio 3/a","straatNr":"","vervoerder":"DHL","puntType":"parcelShop","bezettingsgraad":50,"latitude":45.66404,"longitude":12.24216,"canPickup":false,"canDropoff":true,"openingstijden":{"ma":"09:30 - 18:30","di":"09:30 - 18:30","wo":"09:30 - 18:30","do":"09:30 - 18:30","vr":"09:30 - 18:30","za":"gesloten","zo":"gesloten"}}},{"type":"Feature","geometry":{"type":"Point","coordinates":[12.233518,45.677262]},"properties":{"type":"pakketpunt","locatieNaam":"TABACCHERIA N. 104","straatNaam":"STRADA DI SANTA BONA VECCHIA 35-A","straatNr":"","vervoerder":"DHL","puntType":"parcelShop","bezettingsgraad":50,"latitude":45.677262,"longitude":12.233518,"canPickup":true,"canDropoff":true,"openingstijden":{"ma":"07:00 - 12:30, 15:00 - 19:00","di":"07:00 - 12:30, 15:00 - 19:00","wo":"07:00 - 12:30, 15:00 - 19:00","do":"07:00 - 12:30, 15:00 - 19:00","vr":"07:00 - 12:30, 15:00 - 19:00","za":"07:00 - 12:30, 15:00 - 19:00","zo":"gesloten"}}},{"type":"Feature","geometry":{"type":"Point","coordinates":[12.243919,45.664609]},"properties":{"type":"pakketpunt","locatieNaam":"TABACCHERIA N. 11","straatNaam":"VIA DANIELE MANIN 47-B","straatNr":"","vervoerder":"DHL","puntType":"parcelShop","bezettingsgraad":50,"latitude":45.664609,"longitude":12.243919,"canPickup":true,"canDropoff":true,"openingstijden":{"ma":"08:30 - 19:30","di":"08:30 - 19:30","wo":"08:30 - 19:30","do":"08:30 - 19:30","vr":"08:30 - 19:30","za":"08:30 - 19:30","zo":"gesloten"}}},{"type":"Feature","geometry":{"type":"Point","coordinates":[12.242725,45.667166]},"properties":{"type":"pakketpunt","locatieNaam":"TABACCHERIA N. 37","straatNaam":"VIA ANTONIO CANOVA 8","straatNr":"","vervoerder":"DHL","puntType":"parcelShop","bezettingsgraad":50,"latitude":45.667166,"longitude":12.242725,"canPickup":true,"canDropoff":true,"openingstijden":{"ma":"08:00 - 12:30, 15:30 - 19:30","di":"08:00 - 12:30, 15:30 - 19:30","wo":"08:00 - 12:30, 15:30 - 19:30","do":"08:00 - 12:30, 15:30 - 19:30","vr":"08:00 - 12:30, 15:30 - 19:30","za":"08:00 - 12:30, 15:30 - 19:30","zo":"gesloten"}}},{"type":"Feature","geometry":{"type":"Point","coordinates":[12.24611,45.658754]},"properties":{"type":"pakketpunt","locatieNaam":"TODOS","straatNaam":"VIA TERRAGLIO 6-G","straatNr":"","vervoerder":"DHL","puntType":"parcelShop","bezettingsgraad":50,"latitude":45.658754,"longitude":12.24611,"canPickup":true,"canDropoff":true,"openingstijden":{"ma":"09:00 - 13:00, 15:00 - 19:30","di":"09:00 - 13:00, 15:00 - 19:30","wo":"09:00 - 13:00, 15:00 - 19:30","do":"09:00 - 13:00, 15:00 - 19:30","vr":"09:00 - 13:00, 15:00 - 19:30","za":"09:00 - 13:00","zo":"gesloten"}}},{"type":"Feature","geometry":{"type":"Point","coordinates":[12.245672,45.661898]},"properties":{"type":"pakketpunt","locatieNaam":"TABACCHERIA N. 17","straatNaam":"VIA ROMA 28","straatNr":"","vervoerder":"DHL","puntType":"parcelShop","bezettingsgraad":50,"latitude":45.661898,"longitude":12.245672,"canPickup":true,"canDropoff":true,"openingstijden":{"ma":"08:30 - 12:30, 15:30 - 19:30","di":"08:30 - 12:30, 15:30 - 19:30","wo":"08:30 - 12:30, 15:30 - 19:30","do":"08:30 - 12:30, 15:30 - 19:30","vr":"08:30 - 12:30, 15:30 - 19:30","za":"08:30 - 12:30, 16:00 - 19:30","zo":"gesloten"}}},{"type":"Feature","geometry":{"type":"Point","coordinates":[12.213296,45.689861]},"properties":{"type":"pakketpunt","locatieNaam":"TABACCHERIA N. 27","straatNaam":"STRADA DI SANTA BONA NUOVA 91-C","straatNr":"","vervoerder":"DHL","puntType":"parcelShop","bezettingsgraad":50,"latitude":45.689861,"longitude":12.213296,"canPickup":true,"canDropoff":true,"openingstijden":{"ma":"00:07 - 13:00","di":"gesloten","wo":"07:00 - 20:00","do":"07:00 - 20:00","vr":"07:00 - 20:00","za":"07:00 - 20:00","zo":"08:00 - 19:00"}}},{"type":"Feature","geometry":{"type":"Point","coordinates":[12.241852,45.669953]},"properties":{"type":"pakketpunt","locatieNaam":"ECOSTORE - TREVISO","straatNaam":"VIALE FRATELLI CAIROLI 127","straatNr":"","vervoerder":"DHL","puntType":"parcelShop","bezettingsgraad":50,"latitude":45.669953,"longitude":12.241852,"canPickup":true,"canDropoff":true,"openingstijden":{"ma":"09:00 - 12:00, 15:30 - 18:30","di":"09:00 - 12:00, 15:30 - 18:30","wo":"09:00 - 12:00, 15:30 - 18:30","do":"09:00 - 12:00, 15:30 - 18:30","vr":"09:00 - 12:00, 15:30 - 18:30","za":"09:00 - 12:00","zo":"gesloten"}}},{"type":"Feature","geometry":{"type":"Point","coordinates":[12.245646,45.664365]},"properties":{"type":"pakketpunt","locatieNaam":"TABACCHERIA N. 4","straatNaam":"CORSO DEL POPOLO 75","straatNr":"","vervoerder":"DHL","puntType":"parcelShop","bezettingsgraad":50,"latitude":45.664365,"longitude":12.245646,"canPickup":true,"canDropoff":true,"openingstijden":{"ma":"15:30 - 19:30","di":"08:40 - 12:45, 15:30 - 19:30","wo":"08:40 - 12:45, 15:30 - 19:30","do":"08:40 - 12:45, 15:30 - 19:30","vr":"08:40 - 12:45, 15:30 - 19:30","za":"08:40 - 12:45, 15:30 - 19:30","zo":"gesloten"}}},{"type":"Feature","geometry":{"type":"Point","coordinates":[12.245089,45.66833]},"properties":{"type":"pakketpunt","locatieNaam":"TABACCHERIA N. 70","straatNaam":"PIAZZA SILVIO TRENTIN 16","straatNr":"","vervoerder":"DHL","puntType":"parcelShop","bezettingsgraad":50,"latitude":45.66833,"longitude":12.245089,"canPickup":true,"canDropoff":true,"openingstijden":{"ma":"08:00 - 12:45, 16:00 - 19:30","di":"08:00 - 12:45, 16:00 - 19:30","wo":"08:00 - 12:45, 16:00 - 19:30","do":"08:00 - 12:45, 16:00 - 19:30","vr":"08:00 - 12:45, 16:00 - 19:30","za":"08:00 - 12:45, 16:00 - 19:30","zo":"gesloten"}}},{"type":"Feature","geometry":{"type":"Point","coordinates":[12.246904,45.665145]},"properties":{"type":"pakketpunt","locatieNaam":"TABACCHERIA N. 5","straatNaam":"VIA MARTIRI DELLA LIBERTA 40","straatNr":"","vervoerder":"DHL","puntType":"parcelShop","bezettingsgraad":50,"latitude":45.665145,"longitude":12.246904,"canPickup":true,"canDropoff":true,"openingstijden":{"ma":"07:45 - 12:30, 15:30 - 19:30","di":"07:45 - 12:30, 15:30 - 19:30","wo":"07:45 - 12:30","do":"07:45 - 12:30, 15:30 - 19:30","vr":"07:45 - 12:30, 15:30 - 19:30","za":"08:30 - 12:45, 15:30 - 19:30","zo":"gesloten"}}},{"type":"Feature","geometry":{"type":"Point","coordinates":[12.236364,45.679485]},"properties":{"type":"pakketpunt","locatieNaam":"CAF DELLA MARCA","straatNaam":"VIA PISA 13-B","straatNr":"","vervoerder":"DHL","puntType":"parcelShop","bezettingsgraad":50,"latitude":45.679485,"longitude":12.236364,"canPickup":true,"canDropoff":true,"openingstijden":{"ma":"09:30 - 12:30, 15:30 - 20:00","di":"09:30 - 12:30, 15:30 - 20:00","wo":"09:30 - 12:30, 15:30 - 20:00","do":"09:30 - 12:30, 15:30 - 20:00","vr":"15:30 - 20:00","za":"09:30 - 12:30, 15:30 - 20:00","zo":"gesloten"}}},{"type":"Feature","geometry":{"type":"Point","coordinates":[12.249356,45.659365]},"properties":{"type":"pakketpunt","locatieNaam":"TABACCHERIA N. 20","straatNaam":"VIA SANTANTONINO 18","straatNr":"","vervoerder":"DHL","puntType":"parcelShop","bezettingsgraad":50,"latitude":45.659365,"longitude":12.249356,"canPickup":true,"canDropoff":true,"openingstijden":{"ma":"07:30 - 13:00, 15:30 - 19:30","di":"07:30 - 13:00, 15:30 - 19:30","wo":"07:30 - 13:00, 15:30 - 19:30","do":"07:30 - 13:00, 15:30 - 19:30","vr":"07:30 - 13:00, 15:30 - 19:30","za":"07:30 - 13:00, 15:30 - 19:30","zo":"gesloten"}}},{"type":"Feature","geometry":{"type":"Point","coordinates":[12.247217,45.667116]},"properties":{"type":"pakketpunt","locatieNaam":"Ufficio Postale TREVISO 3","straatNaam":"VIA TEATRO DOLFIN 12","straatNr":"","vervoerder":"DHL","puntType":"postOffice","bezettingsgraad":50,"latitude":45.667116,"longitude":12.247217,"canPickup":true,"canDropoff":true,"openingstijden":{"ma":"08:20 - 13:35","di":"08:20 - 13:35","wo":"08:20 - 13:35","do":"08:20 - 13:35","vr":"08:20 - 13:35","za":"08:20 - 12:35","zo":"gesloten"}}},{"type":"Feature","geometry":{"type":"Point","coordinates":[12.239993,45.679485]},"properties":{"type":"pakketpunt","locatieNaam":"ENERGY SAVING GROUP","straatNaam":"Viale Della Repubblica 150","straatNr":"","vervoerder":"DHL","puntType":"parcelShop","bezettingsgraad":50,"latitude":45.679485,"longitude":12.239993,"canPickup":false,"canDropoff":true,"openingstijden":{"ma":"09:00 - 19:30","di":"09:00 - 19:30","wo":"09:00 - 19:30","do":"09:00 - 19:30","vr":"09:00 - 19:30","za":"09:00 - 19:30","zo":"gesloten"}}},{"type":"Feature","geometry":{"type":"Point","coordinates":[12.248978,45.66885]},"properties":{"type":"pakketpunt","locatieNaam":"TABACCHERIA N. 12","straatNaam":"VIA ALESSANDRO MANZONI 33","straatNr":"","vervoerder":"DHL","puntType":"parcelShop","bezettingsgraad":50,"latitude":45.66885,"longitude":12.248978,"canPickup":true,"canDropoff":true,"openingstijden":{"ma":"07:30 - 19:30","di":"07:30 - 19:30","wo":"07:30 - 19:30","do":"07:30 - 19:30","vr":"07:30 - 19:30","za":"07:30 - 19:30","zo":"gesloten"}}},{"type":"Feature","geometry":{"type":"Point","coordinates":[12.246571,45.674029]},"properties":{"type":"pakketpunt","locatieNaam":"TABACCHERIA N. 48","straatNaam":"VIA MONTELLO 58-A","straatNr":"","vervoerder":"DHL","puntType":"parcelShop","bezettingsgraad":50,"latitude":45.674029,"longitude":12.246571,"canPickup":true,"canDropoff":true,"openingstijden":{"ma":"07:00 - 13:00, 15:00 - 20:00","di":"07:00 - 13:00, 15:00 - 20:00","wo":"07:00 - 13:00, 15:00 - 20:00","do":"07:00 - 13:00, 15:00 - 20:00","vr":"07:00 - 13:00, 15:00 - 20:00","za":"07:00 - 13:00, 15:00 - 20:00","zo":"08:00 - 15:00"}}},{"type":"Feature","geometry":{"type":"Point","coordinates":[12.248792,45.671338]},"properties":{"type":"pakketpunt","locatieNaam":"TABACCHERIA N. 95","straatNaam":"VIA MONTELLO 6-D","straatNr":"","vervoerder":"DHL","puntType":"parcelShop","bezettingsgraad":50,"latitude":45.671338,"longitude":12.248792,"canPickup":true,"canDropoff":true,"openingstijden":{"ma":"07:30 - 13:00, 15:30 - 19:30","di":"07:30 - 13:00, 15:30 - 19:30","wo":"07:30 - 13:00, 15:30 - 19:30","do":"07:30 - 13:00, 15:30 - 19:30","vr":"07:30 - 13:00, 15:30 - 19:30","za":"07:30 - 13:00, 15:30 - 19:30","zo":"gesloten"}}},{"type":"Feature","geometry":{"type":"Point","coordinates":[12.255546,45.65421]},"properties":{"type":"pakketpunt","locatieNaam":"TABACCHERIA N. 8","straatNaam":"VIA SANTANTONINO 205","straatNr":"","vervoerder":"DHL","puntType":"parcelShop","bezettingsgraad":50,"latitude":45.65421,"longitude":12.255546,"canPickup":true,"canDropoff":true,"openingstijden":{"ma":"07:30 - 19:20","di":"07:30 - 19:20","wo":"07:30 - 19:20","do":"07:30 - 19:20","vr":"07:30 - 19:20","za":"07:30 - 13:00","zo":"gesloten"}}},{"type":"Feature","geometry":{"type":"Point","coordinates":[12.253131,45.665743]},"properties":{"type":"pakketpunt","locatieNaam":"TABACCHERIA N. 16","straatNaam":"VIA CARLO ALBERTO 63","straatNr":"","vervoerder":"DHL","puntType":"parcelShop","bezettingsgraad":50,"latitude":45.665743,"longitude":12.253131,"canPickup":true,"canDropoff":true,"openingstijden":{"ma":"08:00 - 12:30, 15:30 - 19:30","di":"08:00 - 12:30, 15:30 - 19:30","wo":"08:00 - 12:30, 15:30 - 19:30","do":"08:00 - 12:30, 15:30 - 19:30","vr":"08:00 - 12:30, 15:30 - 19:30","za":"08:00 - 12:30, 15:30 - 19:30","zo":"08:00 - 12:30"}}},{"type":"Feature","geometry":{"type":"Point","coordinates":[12.255119,45.660453]},"properties":{"type":"pakketpunt","locatieNaam":"Ufficio Postale TREVISO 1","straatNaam":"VIA MONSIGNORE ANGELO MARCHESAN 2-A","straatNr":"","vervoerder":"DHL","puntType":"postOffice","bezettingsgraad":50,"latitude":45.660453,"longitude":12.255119,"canPickup":true,"canDropoff":true,"openingstijden":{"ma":"08:20 - 13:35","di":"08:20 - 13:35","wo":"08:20 - 13:35","do":"08:20 - 13:35","vr":"08:20 - 13:35","za":"08:20 - 12:35","zo":"gesloten"}}},{"type":"Feature","geometry":{"type":"Point","coordinates":[12.279274,45.659919]},"properties":{"type":"pakketpunt","locatieNaam":"TABACCHERIA N. 25","straatNaam":"VIA CALLALTA 100","straatNr":"","vervoerder":"DHL","puntType":"parcelShop","bezettingsgraad":50,"latitude":45.659919,"longitude":12.279274,"canPickup":true,"canDropoff":true,"openingstijden":{"ma":"08:00 - 13:00, 15:00 - 19:00","di":"08:00 - 13:00, 15:00 - 19:00","wo":"08:00 - 13:00, 15:00 - 19:00","do":"08:00 - 13:00, 15:00 - 19:00","vr":"08:00 - 13:00, 15:00 - 19:00","za":"07:00 - 13:00","zo":"gesloten"}}},{"type":"Feature","geometry":{"type":"Point","coordinates":[12.262496,45.663993]},"properties":{"type":"pakketpunt","locatieNaam":"IMMAGINE FOTOSTUDIO","straatNaam":"VIALE QUATTRO NOVEMBRE 78-E","straatNr":"","vervoerder":"DHL","puntType":"parcelShop","bezettingsgraad":50,"latitude":45.663993,"longitude":12.262496,"canPickup":true,"canDropoff":true,"openingstijden":{"ma":"16:00 - 19:00","di":"08:45 - 12:00, 16:00 - 19:00","wo":"08:45 - 12:00, 16:00 - 19:00","do":"08:45 - 12:00, 16:00 - 19:00","vr":"08:45 - 12:00, 16:00 - 19:00","za":"08:45 - 11:45","zo":"gesloten"}}},{"type":"Feature","geometry":{"type":"Point","coordinates":[12.262402,45.666717]},"properties":{"type":"pakketpunt","locatieNaam":"Ufficio Postale TREVISO 4","straatNaam":"VICOLO PAOLO VERONESE 2","straatNr":"","vervoerder":"DHL","puntType":"postOffice","bezettingsgraad":50,"latitude":45.666717,"longitude":12.262402,"canPickup":true,"canDropoff":true,"openingstijden":{"ma":"08:20 - 13:35","di":"08:20 - 13:35","wo":"08:20 - 13:35","do":"08:20 - 13:35","vr":"08:20 - 13:35","za":"08:20 - 12:35","zo":"gesloten"}}},{"type":"Feature","geometry":{"type":"Point","coordinates":[12.256087,45.674337]},"properties":{"type":"pakketpunt","locatieNaam":"TABACCHERIA n. 96","straatNaam":"VIA EUGENIO ROTA 11-F","straatNr":"","vervoerder":"DHL","puntType":"parcelShop","bezettingsgraad":50,"latitude":45.674337,"longitude":12.256087,"canPickup":true,"canDropoff":true,"openingstijden":{"ma":"08:00 - 12:45, 16:00 - 19:30","di":"08:00 - 12:45, 16:00 - 19:30","wo":"08:00 - 12:45, 16:00 - 19:30","do":"08:00 - 12:45, 16:00 - 19:30","vr":"08:00 - 12:45, 16:00 - 19:30","za":"08:00 - 12:45","zo":"gesloten"}}},{"type":"Feature","geometry":{"type":"Point","coordinates":[12.253289,45.668789]},"properties":{"type":"pakketpunt","locatieNaam":"TABACCHERIA N. 13","straatNaam":"BORGO CAVALLI 33","straatNr":"","vervoerder":"DHL","puntType":"parcelShop","bezettingsgraad":50,"latitude":45.668789,"longitude":12.253289,"canPickup":true,"canDropoff":true,"openingstijden":{"ma":"07:30 - 13:00","di":"07:30 - 13:00","wo":"07:30 - 13:00","do":"07:30 - 13:00","vr":"07:30 - 13:00","za":"07:30 - 13:00","zo":"gesloten"}}},{"type":"Feature","geometry":{"type":"Point","coordinates":[12.2536,45.67526]},"properties":{"type":"pakketpunt","locatieNaam":"ELETTRONICA TREVISO","straatNaam":"Via Guglielmo Marconi, 31","straatNr":"","vervoerder":"DHL","puntType":"parcelShop","bezettingsgraad":50,"latitude":45.67526,"longitude":12.2536,"canPickup":false,"canDropoff":true,"openingstijden":{"ma":"09:00 - 19:00","di":"09:00 - 19:00","wo":"09:00 - 19:00","do":"09:00 - 19:00","vr":"09:00 - 19:00","za":"09:00 - 12:30","zo":"gesloten"}}},{"type":"Feature","geometry":{"type":"Point","coordinates":[12.253676,45.676068]},"properties":{"type":"pakketpunt","locatieNaam":"TABACCHERIA N. 58","straatNaam":"VIA GUGLIELMO CIARDI 8","straatNr":"","vervoerder":"DHL","puntType":"parcelShop","bezettingsgraad":50,"latitude":45.676068,"longitude":12.253676,"canPickup":true,"canDropoff":true,"openingstijden":{"ma":"08:00 - 12:30, 15:00 - 19:30","di":"08:00 - 12:30, 15:00 - 19:30","wo":"08:00 - 12:30, 15:00 - 19:30","do":"08:00 - 12:30, 15:00 - 19:30","vr":"08:00 - 12:30, 15:00 - 19:30","za":"08:00 - 12:30, 15:00 - 19:30","zo":"gesloten"}}},{"type":"Feature","geometry":{"type":"Point","coordinates":[12.259315,45.700932]},"properties":{"type":"pakketpunt","locatieNaam":"STAZIONE DI SERVIZIO ENI","straatNaam":"VIALE GIAN GIACOMO FELISSENT 118","straatNr":"","vervoerder":"DHL","puntType":"packStation","bezettingsgraad":50,"latitude":45.700932,"longitude":12.259315,"canPickup":true,"canDropoff":true,"openingstijden":{"ma":"00:01 - 23:59","di":"00:01 - 23:59","wo":"00:01 - 23:59","do":"00:01 - 23:59","vr":"00:01 - 23:59","za":"00:01 - 23:59","zo":"00:01 - 23:59"}}},{"type":"Feature","geometry":{"type":"Point","coordinates":[12.233469,45.691379]},"properties":{"type":"pakketpunt","locatieNaam":"2M EDICOLA","straatNaam":"Via San Pelaio 135 A","straatNr":"","vervoerder":"DHL","puntType":"parcelShop","bezettingsgraad":50,"latitude":45.691379,"longitude":12.233469,"canPickup":false,"canDropoff":true,"openingstijden":{"ma":"06:30 - 19:30","di":"06:30 - 19:30","wo":"06:30 - 19:30","do":"06:30 - 19:30","vr":"06:30 - 19:30","za":"06:30 - 19:30","zo":"gesloten"}}},{"type":"Feature","geometry":{"type":"Point","coordinates":[12.243631,45.683404]},"properties":{"type":"pakketpunt","locatieNaam":"TABACCHERIA N. 65","straatNaam":"VIALE DELLA REPUBBLICA 188","straatNr":"","vervoerder":"DHL","puntType":"parcelShop","bezettingsgraad":50,"latitude":45.683404,"longitude":12.243631,"canPickup":true,"canDropoff":true,"openingstijden":{"ma":"07:00 - 21:00","di":"07:00 - 21:00","wo":"07:00 - 21:00","do":"07:00 - 21:00","vr":"07:00 - 21:00","za":"07:00 - 21:00","zo":"07:00 - 20:00"}}},{"type":"Feature","geometry":{"type":"Point","coordinates":[12.245646,45.685607]},"properties":{"type":"pakketpunt","locatieNaam":"LA TELEFONICA","straatNaam":"VIALE DELLA REPUBBLICA 220","straatNr":"","vervoerder":"DHL","puntType":"packStation","bezettingsgraad":50,"latitude":45.685607,"longitude":12.245646,"canPickup":true,"canDropoff":true,"openingstijden":{"ma":"09:00 - 13:00, 14:30 - 19:00","di":"09:00 - 13:00, 14:30 - 19:00","wo":"09:00 - 13:00, 14:30 - 19:00","do":"09:00 - 13:00, 14:30 - 19:00","vr":"09:00 - 13:00, 14:30 - 19:00","za":"09:00 - 12:30","zo":"gesloten"}}},{"type":"Feature","geometry":{"type":"Point","coordinates":[12.252624,45.67868]},"properties":{"type":"pakketpunt","locatieNaam":"Ufficio Postale TREVISO 6","straatNaam":"PIAZZA MARTIRI DI BELFIORE 14","straatNr":"","vervoerder":"DHL","puntType":"postOffice","bezettingsgraad":50,"latitude":45.67868,"longitude":12.252624,"canPickup":true,"canDropoff":true,"openingstijden":{"ma":"08:20 - 13:35","di":"08:20 - 13:35","wo":"08:20 - 13:35","do":"08:20 - 13:35","vr":"08:20 - 13:35","za":"08:20 - 12:35","zo":"gesloten"}}},{"type":"Feature","geometry":{"type":"Point","coordinates":[12.245891,45.666936]},"properties":{"type":"pakketpunt","locatieNaam":"Amazon Locker - ognibene","straatNaam":"Occhiali24 Treviso","straatNr":"","vervoerder":"Amazon","puntType":"locker","bezettingsgraad":50,"latitude":45.666936,"longitude":12.245891,"canPickup":true,"canDropoff":false,"openingstijden":null}},{"type":"Feature","geometry":{"type":"Point","coordinates":[12.241237,45.649319]},"properties":{"type":"pakketpunt","locatieNaam":"Amazon Locker - orietto","straatNaam":"Conad Treviso Ghirada","straatNr":"","vervoerder":"Amazon","puntType":"locker","bezettingsgraad":50,"latitude":45.649319,"longitude":12.241237,"canPickup":true,"canDropoff":false,"openingstijden":null}},{"type":"Feature","geometry":{"type":"Point","coordinates":[12.259818,45.6646486]},"properties":{"type":"pakketpunt","locatieNaam":"Amazon Locker - guerrino","straatNaam":"Conad Treviso","straatNr":"","vervoerder":"Amazon","puntType":"locker","bezettingsgraad":50,"latitude":45.6646486,"longitude":12.259818,"canPickup":true,"canDropoff":false,"openingstijden":null}},{"type":"Feature","geometry":{"type":"Point","coordinates":[12.283596,45.66226]},"properties":{"type":"pakketpunt","locatieNaam":"Amazon Locker - emmanuele","straatNaam":"Â CADORO POSTUMIA","straatNr":"","vervoerder":"Amazon","puntType":"locker","bezettingsgraad":50,"latitude":45.66226,"longitude":12.283596,"canPickup":true,"canDropoff":false,"openingstijden":null}},{"type":"Feature","geometry":{"type":"Point","coordinates":[12.242375,45.652834]},"properties":{"type":"pakketpunt","locatieNaam":"Amazon Counter (fermopoint)","straatNaam":"Tabaccheria di Basso Matteo","straatNr":"","vervoerder":"Amazon","puntType":"helix","bezettingsgraad":50,"latitude":45.652834,"longitude":12.242375,"canPickup":true,"canDropoff":false,"openingstijden":null}},{"type":"Feature","geometry":{"type":"Point","coordinates":[12.23829,45.656997]},"properties":{"type":"pakketpunt","locatieNaam":"Amazon Counter","straatNaam":"Tabaccheria Edicola San Zeno (fermopoint)","straatNr":"","vervoerder":"Amazon","puntType":"helix","bezettingsgraad":50,"latitude":45.656997,"longitude":12.23829,"canPickup":true,"canDropoff":false,"openingstijden":null}},{"type":"Feature","geometry":{"type":"Point","coordinates":[12.220544,45.703131]},"properties":{"type":"pakketpunt","locatieNaam":"Amazon Locker - calice","straatNaam":"Spak Supermercato - Treviso","straatNr":"","vervoerder":"Amazon","puntType":"locker","bezettingsgraad":50,"latitude":45.703131,"longitude":12.220544,"canPickup":true,"canDropoff":false,"openingstijden":null}},{"type":"Feature","geometry":{"type":"Point","coordinates":[12.2259772,45.6697766]},"properties":{"type":"pakketpunt","locatieNaam":"Amazon Locker - fabio","straatNaam":"PAM Treviso Stiore","straatNr":"","vervoerder":"Amazon","puntType":"locker","bezettingsgraad":50,"latitude":45.6697766,"longitude":12.2259772,"canPickup":true,"canDropoff":false,"openingstijden":null}},{"type":"Feature","geometry":{"type":"Point","coordinates":[12.225133,45.668277]},"properties":{"type":"pakketpunt","locatieNaam":"Amazon Locker - Quaglia","straatNaam":"Eni Station pv.52779","straatNr":"","vervoerder":"Amazon","puntType":"locker","bezettingsgraad":50,"latitude":45.668277,"longitude":12.225133,"canPickup":true,"canDropoff":false,"openingstijden":null}},{"type":"Feature","geometry":{"type":"Point","coordinates":[12.2342,45.6632]},"properties":{"type":"pakketpunt","locatieNaam":"PuntoPoste TABACCHERIA n. 66","straatNaam":"VIALE GIUSEPPE VERDI 1/C","straatNr":"","vervoerder":"Amazon","puntType":"3p","bezettingsgraad":50,"latitude":45.6632,"longitude":12.2342,"canPickup":true,"canDropoff":false,"openingstijden":null}},{"type":"Feature","geometry":{"type":"Point","coordinates":[12.2224432,45.6764921]},"properties":{"type":"pakketpunt","locatieNaam":"Amazon Locker - morano","straatNaam":"Stazione Tamoil - PV 6974","straatNr":"","vervoerder":"Amazon","puntType":"locker","bezettingsgraad":50,"latitude":45.6764921,"longitude":12.2224432,"canPickup":true,"canDropoff":false,"openingstijden":null}},{"type":"Feature","geometry":{"type":"Point","coordinates":[12.241843,45.651141]},"properties":{"type":"pakketpunt","locatieNaam":"Amazon Locker - croce","straatNaam":"Eni Station pv.3625","straatNr":"","vervoerder":"Amazon","puntType":"locker","bezettingsgraad":50,"latitude":45.651141,"longitude":12.241843,"canPickup":true,"canDropoff":false,"openingstijden":null}},{"type":"Feature","geometry":{"type":"Point","coordinates":[12.2487643,45.6713684]},"properties":{"type":"pakketpunt","locatieNaam":"Amazon Counter - TABACCHERIA ANDREA ROCCARO","straatNaam":"VIA MONTELLO 6","straatNr":"","vervoerder":"Amazon","puntType":"helix","bezettingsgraad":50,"latitude":45.6713684,"longitude":12.2487643,"canPickup":true,"canDropoff":false,"openingstijden":null}},{"type":"Feature","geometry":{"type":"Point","coordinates":[12.2456,45.6618]},"properties":{"type":"pakketpunt","locatieNaam":"PuntoPoste TABACCHERIA N. 17","straatNaam":"VIA ROMA 28","straatNr":"","vervoerder":"Amazon","puntType":"3p","bezettingsgraad":50,"latitude":45.6618,"longitude":12.2456,"canPickup":true,"canDropoff":false,"openingstijden":null}},{"type":"Feature","geometry":{"type":"Point","coordinates":[12.2461,45.6587]},"properties":{"type":"pakketpunt","locatieNaam":"PuntoPoste TODOS","straatNaam":"VIA TERRAGLIO 6/G","straatNr":"","vervoerder":"Amazon","puntType":"3p","bezettingsgraad":50,"latitude":45.6587,"longitude":12.2461,"canPickup":true,"canDropoff":false,"openingstijden":null}},{"type":"Feature","geometry":{"type":"Point","coordinates":[12.2457,45.666901]},"properties":{"type":"pakketpunt","locatieNaam":"Amazon Counter - Tabaccheria Novello","straatNaam":"P.za S. Vito, 17","straatNr":"","vervoerder":"Amazon","puntType":"helix","bezettingsgraad":50,"latitude":45.666901,"longitude":12.2457,"canPickup":true,"canDropoff":false,"openingstijden":null}},{"type":"Feature","geometry":{"type":"Point","coordinates":[12.2448439177736,45.6644482636937]},"properties":{"type":"pakketpunt","locatieNaam":"Amazon Counter (fermopoint)","straatNaam":"Comix League Treviso","straatNr":"","vervoerder":"Amazon","puntType":"helix","bezettingsgraad":50,"latitude":45.6644482636937,"longitude":12.2448439177736,"canPickup":true,"canDropoff":false,"openingstijden":null}},{"type":"Feature","geometry":{"type":"Point","coordinates":[12.2456343,45.6652747]},"properties":{"type":"pakketpunt","locatieNaam":"Giunti al Punto","straatNaam":"Via Xx Settembre 27","straatNr":"","vervoerder":"Amazon","puntType":"helix","bezettingsgraad":50,"latitude":45.6652747,"longitude":12.2456343,"canPickup":true,"canDropoff":false,"openingstijden":null}},{"type":"Feature","geometry":{"type":"Point","coordinates":[12.2235,45.669]},"properties":{"type":"pakketpunt","locatieNaam":"PuntoPoste TABACCHERIA N. 71","straatNaam":"VIA CASTELLANA 1/A","straatNr":"","vervoerder":"Amazon","puntType":"3p","bezettingsgraad":50,"latitude":45.669,"longitude":12.2235,"canPickup":true,"canDropoff":false,"openingstijden":null}},{"type":"Feature","geometry":{"type":"Point","coordinates":[12.1959,45.6419]},"properties":{"type":"pakketpunt","locatieNaam":"PuntoPoste TABACCHERIA N. 30","straatNaam":"STRADA DI CANIZZANO 55","straatNr":"","vervoerder":"Amazon","puntType":"3p","bezettingsgraad":50,"latitude":45.6419,"longitude":12.1959,"canPickup":true,"canDropoff":false,"openingstijden":null}},{"type":"Feature","geometry":{"type":"Point","coordinates":[12.1863,45.6391]},"properties":{"type":"pakketpunt","locatieNaam":"Ufficio Postale TREVISO 8","straatNaam":"STRADA CANIZZANO 119-F","straatNr":"","vervoerder":"Amazon","puntType":"3p","bezettingsgraad":50,"latitude":45.6391,"longitude":12.1863,"canPickup":true,"canDropoff":false,"openingstijden":null}},{"type":"Feature","geometry":{"type":"Point","coordinates":[12.176425,45.641041]},"properties":{"type":"pakketpunt","locatieNaam":"Amazon Counter - Brugnaro Angelo SAS","straatNaam":"Strada di Canizzano 174","straatNr":"","vervoerder":"Amazon","puntType":"helix","bezettingsgraad":50,"latitude":45.641041,"longitude":12.176425,"canPickup":true,"canDropoff":false,"openingstijden":null}},{"type":"Feature","geometry":{"type":"Point","coordinates":[12.2493,45.6593]},"properties":{"type":"pakketpunt","locatieNaam":"PuntoPoste TABACCHERIA N. 20","straatNaam":"VIA SANT'ANTONINO 18","straatNr":"","vervoerder":"Amazon","puntType":"3p","bezettingsgraad":50,"latitude":45.6593,"longitude":12.2493,"canPickup":true,"canDropoff":false,"openingstijden":null}},{"type":"Feature","geometry":{"type":"Point","coordinates":[12.2551,45.6604]},"properties":{"type":"pakketpunt","locatieNaam":"Ufficio Postale TREVISO 1","straatNaam":"VIA MONSIGNORE ANGELO MARCHESAN 2-A","straatNr":"","vervoerder":"Amazon","puntType":"3p","bezettingsgraad":50,"latitude":45.6604,"longitude":12.2551,"canPickup":true,"canDropoff":false,"openingstijden":null}},{"type":"Feature","geometry":{"type":"Point","coordinates":[12.2203,45.6841]},"properties":{"type":"pakketpunt","locatieNaam":"Ufficio Postale TREVISO 10","straatNaam":"VIA SANTA BONA NUOVA 106","straatNr":"","vervoerder":"Amazon","puntType":"3p","bezettingsgraad":50,"latitude":45.6841,"longitude":12.2203,"canPickup":true,"canDropoff":false,"openingstijden":null}},{"type":"Feature","geometry":{"type":"Point","coordinates":[12.219843,45.684743]},"properties":{"type":"pakketpunt","locatieNaam":"Amazon Counter","straatNaam":"Cartolibreria da Kikka (fermopoint)","straatNr":"","vervoerder":"Amazon","puntType":"helix","bezettingsgraad":50,"latitude":45.684743,"longitude":12.219843,"canPickup":true,"canDropoff":false,"openingstijden":null}},{"type":"Feature","geometry":{"type":"Point","coordinates":[12.1921,45.6677]},"properties":{"type":"pakketpunt","locatieNaam":"PuntoPoste TABACCHERIA N. 72","straatNaam":"VIA CASTELLANA 106","straatNr":"","vervoerder":"Amazon","puntType":"3p","bezettingsgraad":50,"latitude":45.6677,"longitude":12.1921,"canPickup":true,"canDropoff":false,"openingstijden":null}},{"type":"Feature","geometry":{"type":"Point","coordinates":[12.2284718625656,45.667874131183]},"properties":{"type":"pakketpunt","locatieNaam":"Amazon Counter (fermopoint)","straatNaam":"Smart Service Delivery","straatNr":"","vervoerder":"Amazon","puntType":"helix","bezettingsgraad":50,"latitude":45.667874131183,"longitude":12.2284718625656,"canPickup":true,"canDropoff":false,"openingstijden":null}},{"type":"Feature","geometry":{"type":"Point","coordinates":[12.2132,45.6898]},"properties":{"type":"pakketpunt","locatieNaam":"PuntoPoste TABACCHERIA N. 27","straatNaam":"STRADA DI SANTA BONA NUOVA 91/C","straatNr":"","vervoerder":"Amazon","puntType":"3p","bezettingsgraad":50,"latitude":45.6898,"longitude":12.2132,"canPickup":true,"canDropoff":false,"openingstijden":null}},{"type":"Feature","geometry":{"type":"Point","coordinates":[12.2526,45.6786]},"properties":{"type":"pakketpunt","locatieNaam":"Ufficio Postale TREVISO 6","straatNaam":"PIAZZA MARTIRI DI BELFIORE 14","straatNr":"","vervoerder":"Amazon","puntType":"3p","bezettingsgraad":50,"latitude":45.6786,"longitude":12.2526,"canPickup":true,"canDropoff":false,"openingstijden":null}},{"type":"Feature","geometry":{"type":"Point","coordinates":[12.2529316,45.6793071]},"properties":{"type":"pakketpunt","locatieNaam":"Amazon Counter - TABACCHERIA SCHIAVON GERMANO","straatNaam":"PIAZZA MARTIRI BELFIORE 3","straatNr":"","vervoerder":"Amazon","puntType":"helix","bezettingsgraad":50,"latitude":45.6793071,"longitude":12.2529316,"canPickup":true,"canDropoff":false,"openingstijden":null}},{"type":"Feature","geometry":{"type":"Point","coordinates":[12.253352,45.683195]},"properties":{"type":"pakketpunt","locatieNaam":"Amazon Counter - BAR AL PORTICO DA NADIA","straatNaam":"VIA BRIGATA TREVISO 54","straatNr":"","vervoerder":"Amazon","puntType":"helix","bezettingsgraad":50,"latitude":45.683195,"longitude":12.253352,"canPickup":true,"canDropoff":false,"openingstijden":null}},{"type":"Feature","geometry":{"type":"Point","coordinates":[12.253574,45.674821]},"properties":{"type":"pakketpunt","locatieNaam":"Amazon Counter (fermopoint)","straatNaam":"Elettronica Treviso di Merotto","straatNr":"","vervoerder":"Amazon","puntType":"helix","bezettingsgraad":50,"latitude":45.674821,"longitude":12.253574,"canPickup":true,"canDropoff":false,"openingstijden":null}},{"type":"Feature","geometry":{"type":"Point","coordinates":[12.25512,45.68505]},"properties":{"type":"pakketpunt","locatieNaam":"Amazon Locker - Dalia","straatNaam":"Â CADORO CAL DI BREDA","straatNr":"","vervoerder":"Amazon","puntType":"locker","bezettingsgraad":50,"latitude":45.68505,"longitude":12.25512,"canPickup":true,"canDropoff":false,"openingstijden":null}},{"type":"Feature","geometry":{"type":"Point","coordinates":[12.256,45.6743]},"properties":{"type":"pakketpunt","locatieNaam":"PuntoPoste TABACCHERIA n. 96","straatNaam":"VIA EUGENIO ROTA 11/F","straatNr":"","vervoerder":"Amazon","puntType":"3p","bezettingsgraad":50,"latitude":45.6743,"longitude":12.256,"canPickup":true,"canDropoff":false,"openingstijden":null}},{"type":"Feature","geometry":{"type":"Point","coordinates":[12.2436,45.6834]},"properties":{"type":"pakketpunt","locatieNaam":"PuntoPoste TABACCHERIA N. 65","straatNaam":"VIALE DELLA REPUBBLICA 188","straatNr":"","vervoerder":"Amazon","puntType":"3p","bezettingsgraad":50,"latitude":45.6834,"longitude":12.2436,"canPickup":true,"canDropoff":false,"openingstijden":null}},{"type":"Feature","geometry":{"type":"Point","coordinates":[12.246527,45.674015]},"properties":{"type":"pakketpunt","locatieNaam":"Amazon Counter - TABACCHERIA FIORELLA","straatNaam":"VIA MONTELLO 58","straatNr":"","vervoerder":"Amazon","puntType":"helix","bezettingsgraad":50,"latitude":45.674015,"longitude":12.246527,"canPickup":true,"canDropoff":false,"openingstijden":null}},{"type":"Feature","geometry":{"type":"Point","coordinates":[12.2487,45.6713]},"properties":{"type":"pakketpunt","locatieNaam":"PuntoPoste TABACCHERIA N. 95","straatNaam":"VIA MONTELLO 6/D","straatNr":"","vervoerder":"Amazon","puntType":"3p","bezettingsgraad":50,"latitude":45.6713,"longitude":12.2487,"canPickup":true,"canDropoff":false,"openingstijden":null}},{"type":"Feature","geometry":{"type":"Point","coordinates":[12.2489,45.6688]},"properties":{"type":"pakketpunt","locatieNaam":"PuntoPoste TABACCHERIA N. 12","straatNaam":"VIA ALESSANDRO MANZONI 33","straatNr":"","vervoerder":"Amazon","puntType":"3p","bezettingsgraad":50,"latitude":45.6688,"longitude":12.2489,"canPickup":true,"canDropoff":false,"openingstijden":null}},{"type":"Feature","geometry":{"type":"Point","coordinates":[12.2465,45.674]},"properties":{"type":"pakketpunt","locatieNaam":"PuntoPoste TABACCHERIA N. 48","straatNaam":"VIA MONTELLO 58/A","straatNr":"","vervoerder":"Amazon","puntType":"3p","bezettingsgraad":50,"latitude":45.674,"longitude":12.2465,"canPickup":true,"canDropoff":false,"openingstijden":null}},{"type":"Feature","geometry":{"type":"Point","coordinates":[12.24224467489233,45.65283629473247]},"properties":{"type":"pakketpunt","locatieNaam":"FedEx OnSite","straatNaam":"via terraglio, 82","straatNr":"","vervoerder":"FedEx","puntType":"servicepunt","bezettingsgraad":50,"latitude":45.65283629473247,"longitude":12.24224467489233,"canPickup":true,"canDropoff":true,"openingstijden":{"ma":"07:00 - 12:30, 15:30 - 19:00","di":"07:00 - 12:30, 15:30 - 19:00","wo":"07:00 - 12:30, 15:30 - 19:00","do":"07:00 - 12:30, 15:30 - 19:00","vr":"07:00 - 12:30, 15:30 - 19:00","za":"07:30 - 12:30, 15:30 - 19:00","zo":"gesloten"}}},{"type":"Feature","geometry":{"type":"Point","coordinates":[12.238282227739855,45.65700175469925]},"properties":{"type":"pakketpunt","locatieNaam":"FedEx OnSite","straatNaam":"strada san zeno, 37 a","straatNr":"","vervoerder":"FedEx","puntType":"servicepunt","bezettingsgraad":50,"latitude":45.65700175469925,"longitude":12.238282227739855,"canPickup":true,"canDropoff":true,"openingstijden":{"ma":"06:00 - 12:30, 15:30 - 19:30","di":"06:00 - 12:30, 15:30 - 19:30","wo":"06:00 - 12:30","do":"06:00 - 12:30, 15:30 - 19:30","vr":"06:00 - 12:30, 15:30 - 19:30","za":"06:00 - 12:30, 15:30 - 19:30","zo":"gesloten"}}},{"type":"Feature","geometry":{"type":"Point","coordinates":[12.246145878521553,45.658867283328625]},"properties":{"type":"pakketpunt","locatieNaam":"FedEx OnSite","straatNaam":"via terraglio, 6g","straatNr":"","vervoerder":"FedEx","puntType":"servicepunt","bezettingsgraad":50,"latitude":45.658867283328625,"longitude":12.246145878521553,"canPickup":true,"canDropoff":true,"openingstijden":{"ma":"09:00 - 13:00, 15:00 - 18:00","di":"09:00 - 13:00, 15:00 - 18:00","wo":"09:00 - 13:00, 15:00 - 18:00","do":"09:00 - 13:00, 15:00 - 18:00","vr":"09:00 - 13:00, 15:00 - 18:00","za":"09:00 - 13:00, 15:00 - 18:00","zo":"gesloten"}}},{"type":"Feature","geometry":{"type":"Point","coordinates":[12.21991458843294,45.684787350673155]},"properties":{"type":"pakketpunt","locatieNaam":"FedEx OnSite","straatNaam":"VIA  SANTA BONA NUOVA, 110","straatNr":"","vervoerder":"FedEx","puntType":"servicepunt","bezettingsgraad":50,"latitude":45.684787350673155,"longitude":12.21991458843294,"canPickup":true,"canDropoff":true,"openingstijden":{"ma":"08:30 - 12:30, 16:00 - 19:00","di":"08:30 - 12:30, 16:00 - 19:00","wo":"08:30 - 12:30, 16:00 - 19:00","do":"08:30 - 12:30, 16:00 - 19:00","vr":"08:30 - 12:30, 16:00 - 19:00","za":"gesloten","zo":"gesloten"}}},{"type":"Feature","geometry":{"type":"Point","coordinates":[12.245845,45.666664]},"properties":{"type":"pakketpunt","locatieNaam":"FedEx OnSite","straatNaam":"PIAZZA SAN VITO 17","straatNr":"","vervoerder":"FedEx","puntType":"servicepunt","bezettingsgraad":50,"latitude":45.666664,"longitude":12.245845,"canPickup":true,"canDropoff":true,"openingstijden":{"ma":"08:30 - 13:00, 16:00 - 19:30","di":"08:30 - 13:00, 16:00 - 19:30","wo":"08:30 - 13:00, 16:00 - 19:30","do":"08:30 - 13:00, 16:00 - 19:30","vr":"08:30 - 13:00, 16:00 - 19:30","za":"08:30 - 13:00, 16:00 - 19:30","zo":"gesloten"}}},{"type":"Feature","geometry":{"type":"Point","coordinates":[12.241918,45.66989]},"properties":{"type":"pakketpunt","locatieNaam":"FedEx OnSite","straatNaam":"VIALE FRATELLI CAIROLI 127","straatNr":"","vervoerder":"FedEx","puntType":"servicepunt","bezettingsgraad":50,"latitude":45.66989,"longitude":12.241918,"canPickup":true,"canDropoff":true,"openingstijden":{"ma":"09:00 - 12:00, 15:30 - 18:30","di":"09:00 - 12:00, 15:30 - 18:30","wo":"09:00 - 12:00, 15:30 - 18:30","do":"09:00 - 12:00, 15:30 - 18:30","vr":"09:00 - 12:00, 15:30 - 18:30","za":"09:00 - 12:00","zo":"gesloten"}}},{"type":"Feature","geometry":{"type":"Point","coordinates":[12.248886,45.671352]},"properties":{"type":"pakketpunt","locatieNaam":"FedEx OnSite","straatNaam":"via montello, 6/d","straatNr":"","vervoerder":"FedEx","puntType":"servicepunt","bezettingsgraad":50,"latitude":45.671352,"longitude":12.248886,"canPickup":true,"canDropoff":true,"openingstijden":{"ma":"07:00 - 12:30, 15:00 - 19:30","di":"07:00 - 12:30, 15:00 - 19:30","wo":"07:00 - 12:30, 15:00 - 19:30","do":"07:00 - 12:30, 15:00 - 19:30","vr":"07:00 - 12:30, 15:00 - 19:30","za":"07:00 - 12:30, 15:00 - 19:30","zo":"gesloten"}}},{"type":"Feature","geometry":{"type":"Point","coordinates":[12.246691929275446,45.67402793251286]},"properties":{"type":"pakketpunt","locatieNaam":"FedEx OnSite","straatNaam":"via Montello, 58 A","straatNr":"","vervoerder":"FedEx","puntType":"servicepunt","bezettingsgraad":50,"latitude":45.67402793251286,"longitude":12.246691929275446,"canPickup":true,"canDropoff":true,"openingstijden":{"ma":"07:30 - 13:00, 15:00 - 19:30","di":"07:30 - 13:00, 15:00 - 19:30","wo":"07:30 - 13:00, 15:00 - 19:30","do":"07:30 - 13:00, 15:00 - 19:30","vr":"07:30 - 13:00, 15:00 - 19:30","za":"07:30 - 13:00, 15:00 - 19:30","zo":"09:00 - 12:30"}}},{"type":"Feature","geometry":{"type":"Point","coordinates":[12.26181819535162,45.66413777257188]},"properties":{"type":"pakketpunt","locatieNaam":"FedEx OnSite","straatNaam":"Viale 4 novembre, 78/E","straatNr":"","vervoerder":"FedEx","puntType":"servicepunt","bezettingsgraad":50,"latitude":45.66413777257188,"longitude":12.26181819535162,"canPickup":true,"canDropoff":true,"openingstijden":{"ma":"15:30 - 19:30","di":"08:30 - 12:30, 15:30 - 19:30","wo":"08:30 - 12:30, 15:30 - 19:30","do":"08:30 - 12:30, 15:30 - 19:30","vr":"08:30 - 12:30, 15:30 - 19:30","za":"08:30 - 12:00","zo":"gesloten"}}},{"type":"Feature","geometry":{"type":"Point","coordinates":[12.253531071704229,45.67491360209676]},"properties":{"type":"pakketpunt","locatieNaam":"FedEx OnSite","straatNaam":"VIA MARCONI , 31","straatNr":"","vervoerder":"FedEx","puntType":"servicepunt","bezettingsgraad":50,"latitude":45.67491360209676,"longitude":12.253531071704229,"canPickup":true,"canDropoff":true,"openingstijden":{"ma":"09:00 - 12:30, 15:00 - 19:00","di":"09:00 - 12:30, 15:00 - 19:00","wo":"09:00 - 12:30, 15:00 - 19:00","do":"09:00 - 12:30, 15:00 - 19:00","vr":"09:00 - 12:30, 15:00 - 19:00","za":"09:00 - 12:30","zo":"gesloten"}}},{"type":"Feature","geometry":{"type":"Point","coordinates":[12.246146661312824,45.68570034693786]},"properties":{"type":"pakketpunt","locatieNaam":"FedEx OnSite","straatNaam":"Viale della Repubblica, 220 F","straatNr":"","vervoerder":"FedEx","puntType":"servicepunt","bezettingsgraad":50,"latitude":45.68570034693786,"longitude":12.246146661312824,"canPickup":true,"canDropoff":true,"openingstijden":{"ma":"09:30 - 13:00, 14:30 - 19:00","di":"09:30 - 13:00, 14:30 - 19:00","wo":"09:30 - 13:00, 14:30 - 19:00","do":"09:30 - 13:00, 14:30 - 19:00","vr":"09:30 - 13:00, 14:30 - 19:00","za":"gesloten","zo":"gesloten"}}},{"type":"Feature","geometry":{"type":"Polygon","coordinates":[[[12.1810618,45.6143583],[12.1834173,45.6142527],[12.1835072,45.6139779],[12.1834746,45.6136556],[12.1853569,45.6136502],[12.1854329,45.6140615],[12.1855371,45.6141259],[12.1913542,45.613906],[12.1913536,45.6141251],[12.1950564,45.6140393],[12.1952561,45.6165492],[12.1955004,45.6170527],[12.1956356,45.6177577],[12.1956775,45.6199496],[12.1948539,45.6200974],[12.194868,45.620681],[12.1946929,45.6217445],[12.1952662,45.6217731],[12.1952094,45.623016],[12.1953247,45.6230306],[12.1953897,45.6236172],[12.1953297,45.6241381],[12.1955785,45.6241579],[12.1955708,45.6254842],[12.1962,45.6254889],[12.1962235,45.6257913],[12.1963577,45.6258053],[12.196261,45.6282373],[12.1963609,45.6283192],[12.1963575,45.6290414],[12.1962732,45.630245],[12.1966231,45.6303645],[12.19677,45.630601],[12.197467,45.6304568],[12.1976664,45.6305002],[12.1977881,45.6310651],[12.1984071,45.6307804],[12.1988507,45.6309819],[12.1989324,45.6310776],[12.1988222,45.6314864],[12.1996285,45.6316999],[12.1997176,45.6322591],[12.2001231,45.6326868],[12.1998608,45.6317625],[12.2002074,45.6311555],[12.2003044,45.6304998],[12.2020231,45.6305585],[12.2019388,45.6299725],[12.2039261,45.6293952],[12.205721,45.6292312],[12.2057451,45.6284282],[12.207885,45.6290701],[12.2083386,45.6284466],[12.2085072,45.6277288],[12.2087378,45.6273166],[12.2088241,45.626942],[12.2100632,45.6269472],[12.2102287,45.627063],[12.2107772,45.6268782],[12.2110507,45.6266609],[12.2116318,45.626493],[12.2118695,45.6265399],[12.2123721,45.6261067],[12.213282,45.6263374],[12.2132246,45.6271101],[12.2135676,45.6273323],[12.2142641,45.6274018],[12.2149714,45.6276649],[12.2152631,45.627991],[12.2161346,45.6277881],[12.2172133,45.6276552],[12.2169349,45.6282292],[12.2163792,45.6289647],[12.2157376,45.6302977],[12.2150203,45.6330592],[12.2150171,45.6335742],[12.2154526,45.6334148],[12.2164063,45.6328709],[12.2170906,45.6327268],[12.2173164,45.6325644],[12.2176295,45.6324842],[12.2184495,45.6324923],[12.2189028,45.632201],[12.2191825,45.6324249],[12.2193032,45.632426],[12.2195103,45.6322685],[12.2196051,45.6320385],[12.2195751,45.6318477],[12.2202247,45.6319854],[12.2204876,45.6322499],[12.2208098,45.6323299],[12.2214809,45.6321773],[12.2221945,45.6315464],[12.2227,45.6315121],[12.222752,45.6316444],[12.2226185,45.6319735],[12.222741,45.6321171],[12.2235568,45.6320495],[12.2236196,45.6319274],[12.2235656,45.6307655],[12.2242946,45.6306246],[12.2250398,45.6308798],[12.2266189,45.6308286],[12.2268193,45.6308898],[12.2276347,45.6329282],[12.2278627,45.6331357],[12.2283781,45.6333707],[12.2289458,45.6335197],[12.2284428,45.6329499],[12.2285634,45.6328351],[12.229207,45.6328704],[12.229373,45.6327721],[12.2297883,45.6322611],[12.230011,45.6321567],[12.2303267,45.632121],[12.2306437,45.6322191],[12.2308728,45.6324488],[12.2312801,45.632571],[12.2314611,45.6325057],[12.2316818,45.6322543],[12.2317522,45.6320428],[12.2319181,45.6319445],[12.2328786,45.6319663],[12.2329128,45.6331109],[12.2332747,45.6345248],[12.2342712,45.6346169],[12.2341375,45.6356844],[12.2354549,45.6359265],[12.235506,45.6356096],[12.236753,45.6355064],[12.2368839,45.6360626],[12.2386905,45.637781],[12.2387287,45.638513],[12.23924,45.6399445],[12.23958,45.6404609],[12.239716,45.6405084],[12.2408166,45.6403518],[12.2415285,45.6460238],[12.2428414,45.645439],[12.2439232,45.6453037],[12.244626,45.6450386],[12.2459559,45.6449673],[12.2468903,45.6445307],[12.2501965,45.6439514],[12.2509866,45.6432824],[12.2511201,45.6432753],[12.2513238,45.6426127],[12.2520091,45.6426313],[12.2528927,45.6424627],[12.2529317,45.6422048],[12.2536607,45.6421553],[12.254785,45.6415871],[12.2556976,45.641546],[12.2555624,45.6410703],[12.2561063,45.6402406],[12.2583317,45.6393579],[12.2628075,45.6394132],[12.2637793,45.6396497],[12.2643513,45.6396749],[12.2657189,45.6399633],[12.2666512,45.6404463],[12.2675092,45.6404859],[12.2676606,45.6404055],[12.2678188,45.6400725],[12.2688313,45.6396207],[12.2693134,45.6392105],[12.2692358,45.6389861],[12.268953,45.6387521],[12.2687019,45.6383214],[12.2690819,45.6379141],[12.2691594,45.6373047],[12.2692743,45.6370599],[12.2692475,45.636785],[12.2697549,45.6365326],[12.2698314,45.6359988],[12.2701552,45.6356422],[12.2710287,45.6348422],[12.2714808,45.6346556],[12.2722051,45.6348953],[12.2722252,45.6353327],[12.2725444,45.6365618],[12.2730768,45.6375724],[12.2732343,45.6375943],[12.2737068,45.637392],[12.2740691,45.6369588],[12.2742776,45.6368432],[12.2747067,45.6368196],[12.2749511,45.6369485],[12.2751303,45.6371623],[12.2759008,45.6373592],[12.2769366,45.6374968],[12.2771053,45.6377109],[12.2774479,45.6378635],[12.2774857,45.6382361],[12.2776733,45.6383138],[12.2779406,45.6382834],[12.2781021,45.6384689],[12.2784437,45.6385119],[12.2788469,45.6387797],[12.2792904,45.6388161],[12.2799422,45.6386425],[12.2799171,45.6388585],[12.2802154,45.6390801],[12.2802376,45.6391853],[12.2799349,45.6397159],[12.2800241,45.6400456],[12.2797865,45.6402148],[12.2794863,45.6402347],[12.2792846,45.6405614],[12.2791647,45.6409947],[12.2793693,45.641272],[12.2793765,45.6413964],[12.2789249,45.642235],[12.2786228,45.6423154],[12.2792535,45.6426069],[12.2803551,45.6434982],[12.2816315,45.64342],[12.2826652,45.6435148],[12.2830271,45.64363],[12.2834912,45.6439263],[12.2838979,45.6444509],[12.2835036,45.6445236],[12.2830297,45.6456366],[12.2826856,45.6467517],[12.2821818,45.6466621],[12.2817092,45.6474976],[12.2814324,45.6481113],[12.281992,45.6486267],[12.2821381,45.6489929],[12.281927,45.6493045],[12.2812442,45.6497658],[12.2809639,45.6504822],[12.280519,45.6510795],[12.2808293,45.6517857],[12.2813769,45.6534393],[12.2814482,45.65381],[12.2813996,45.6544367],[12.2815926,45.654867],[12.282712,45.6548884],[12.2828966,45.6551813],[12.2829345,45.6554267],[12.2836668,45.6554245],[12.2839797,45.6558675],[12.2866403,45.6576781],[12.2882487,45.6582309],[12.2882192,45.6584248],[12.287962,45.6588349],[12.2876297,45.6590663],[12.2868809,45.6586852],[12.2850724,45.6601187],[12.284634,45.6599383],[12.2840055,45.6606104],[12.2843407,45.6607322],[12.2842654,45.6613466],[12.2845269,45.66181],[12.2851005,45.6625002],[12.2857681,45.6630944],[12.2854501,45.6634651],[12.2852073,45.6634228],[12.2847077,45.6638973],[12.2843887,45.664453],[12.2848047,45.6646516],[12.2843601,45.6656669],[12.2846438,45.6658067],[12.2846616,45.6659105],[12.284391,45.6666949],[12.2835866,45.6664674],[12.2834466,45.6665782],[12.2835185,45.6668062],[12.283459,45.6670914],[12.2836797,45.6674577],[12.2840116,45.6677194],[12.2840463,45.6680141],[12.2836206,45.6681497],[12.281867,45.6697258],[12.2811926,45.6695152],[12.2807323,45.6694586],[12.2795693,45.6690113],[12.2794679,45.6688787],[12.2792705,45.6700141],[12.2789284,45.6710456],[12.2771197,45.6705601],[12.2769251,45.670737],[12.2768466,45.6709772],[12.277058,45.6713388],[12.2781562,45.6718269],[12.2785589,45.6726479],[12.2784456,45.6729071],[12.2786092,45.6733313],[12.2785766,45.6734763],[12.277973,45.6737928],[12.277201,45.6744911],[12.2762016,45.6749299],[12.2763252,45.6760924],[12.2765736,45.6763074],[12.2783357,45.6763063],[12.2783859,45.6765399],[12.2787435,45.6765618],[12.2787919,45.6769186],[12.2790392,45.6775422],[12.2791736,45.6777],[12.2794155,45.6778577],[12.280394,45.6781545],[12.2804639,45.6785827],[12.2806682,45.6786578],[12.2808348,45.6794053],[12.2804424,45.6806674],[12.2803994,45.6812684],[12.2806037,45.6816515],[12.2804262,45.6818393],[12.2803564,45.6821999],[12.281152,45.6823727],[12.2808241,45.6828873],[12.2805976,45.6830255],[12.2799746,45.6827633],[12.2784209,45.6823652],[12.2765768,45.6817417],[12.2762693,45.6815539],[12.2758591,45.6818068],[12.2759107,45.6818893],[12.2758591,45.6821366],[12.2742882,45.6835432],[12.2733369,45.6838574],[12.2732084,45.6841055],[12.2733147,45.6847024],[12.2732557,45.6849239],[12.2728132,45.6853052],[12.2724814,45.6857225],[12.2723929,45.6859904],[12.2727837,45.6860522],[12.274883,45.6867618],[12.2744578,45.6874845],[12.2760139,45.6881182],[12.2757116,45.6889218],[12.2751511,45.6888755],[12.2749403,45.689473],[12.2747823,45.6896173],[12.2748413,45.6907404],[12.2739858,45.6908419],[12.2735507,45.6909825],[12.2736726,45.6919642],[12.274657,45.6925336],[12.2773996,45.692196],[12.2776694,45.6920703],[12.2780516,45.6928162],[12.2759833,45.6936328],[12.2760845,45.6941039],[12.2762081,45.6942373],[12.2764667,45.6943002],[12.2768039,45.6948733],[12.2771155,45.6950717],[12.2764442,45.6952109],[12.2760233,45.6955326],[12.2745108,45.6949041],[12.2744283,45.6944539],[12.2738727,45.6944473],[12.2730505,45.6947178],[12.2735267,45.6951724],[12.2733564,45.6953765],[12.27386,45.6956979],[12.2739426,45.6963764],[12.2744092,45.6963055],[12.2756434,45.6967683],[12.2752309,45.6973591],[12.2730197,45.699051],[12.2693879,45.6980523],[12.2680876,45.697894],[12.2670934,45.6973625],[12.266364,45.6974177],[12.266291,45.6972437],[12.2649499,45.6974582],[12.2648111,45.6969928],[12.2643036,45.6966934],[12.2640882,45.6964414],[12.2639336,45.6971401],[12.2638202,45.697377],[12.2636821,45.6974199],[12.2641159,45.6999323],[12.2623737,45.7001447],[12.2625446,45.7005489],[12.2616173,45.7006898],[12.261662,45.7008925],[12.2605927,45.7011417],[12.2609815,45.7020396],[12.2610878,45.7020308],[12.2614185,45.702775],[12.2600951,45.7030315],[12.2602725,45.7034003],[12.2595122,45.7034566],[12.2594747,45.7028109],[12.2592564,45.701318],[12.2590289,45.7003695],[12.2588959,45.6990649],[12.2593329,45.6959902],[12.2589289,45.693021],[12.2571357,45.6896084],[12.2556131,45.6863422],[12.2554313,45.6861115],[12.2547347,45.6867054],[12.2533567,45.6876111],[12.2536666,45.6886005],[12.2528361,45.6886854],[12.252814,45.6890853],[12.2526291,45.6895804],[12.2522514,45.6901969],[12.2522348,45.6903562],[12.2517115,45.6904845],[12.2514825,45.6904457],[12.2509116,45.6903122],[12.2501587,45.6899434],[12.2488546,45.690897],[12.2487333,45.6918283],[12.2492444,45.6923808],[12.2482696,45.6928758],[12.2470861,45.6939031],[12.2466048,45.6929709],[12.2457032,45.6931644],[12.2442408,45.6932876],[12.2439142,45.6934603],[12.2433996,45.6935158],[12.2434919,45.6937717],[12.2421025,45.6940494],[12.2422787,45.6948564],[12.2417752,45.6949932],[12.2412144,45.6947007],[12.2410624,45.6947594],[12.2392246,45.6946618],[12.2393183,45.6948248],[12.2390799,45.6950675],[12.2391204,45.6964296],[12.2385998,45.6983911],[12.2382655,45.6988766],[12.2381566,45.6997712],[12.2382672,45.700054],[12.2384288,45.7002255],[12.238862,45.7003856],[12.2390679,45.7006052],[12.2397043,45.7015661],[12.2412108,45.7020018],[12.2413242,45.7021526],[12.241528,45.7029609],[12.241814,45.7033945],[12.2418233,45.7037353],[12.2411586,45.7036747],[12.2406706,45.7038696],[12.2407112,45.7039632],[12.2396926,45.7042753],[12.2379651,45.7055068],[12.2373006,45.7056795],[12.2369707,45.7056508],[12.2369475,45.7055081],[12.2358472,45.7057721],[12.2355795,45.705943],[12.2350345,45.7065525],[12.234353,45.70617],[12.2333838,45.7068158],[12.2327569,45.7071218],[12.2314401,45.7075015],[12.2305604,45.7076376],[12.230568,45.7077693],[12.2302346,45.7078344],[12.229938,45.7078497],[12.2300409,45.7070548],[12.229677,45.7070199],[12.2290935,45.7064465],[12.2291358,45.7062334],[12.2287224,45.7061166],[12.2284864,45.7065783],[12.2269662,45.7061826],[12.2268356,45.7054637],[12.2264881,45.7045952],[12.2259155,45.7055006],[12.2243129,45.7050492],[12.2244653,45.7047669],[12.2219649,45.7039613],[12.220613,45.7036471],[12.2194957,45.7031829],[12.218382,45.7026079],[12.2179516,45.7029709],[12.2168362,45.702194],[12.2163087,45.7025042],[12.2151559,45.7016821],[12.2152446,45.7015858],[12.2143674,45.7009852],[12.2140013,45.7010863],[12.2096141,45.7012626],[12.2089875,45.7020097],[12.2092253,45.7023532],[12.2085477,45.7034178],[12.2085306,45.7039884],[12.2083402,45.7045565],[12.2059788,45.7039262],[12.2048268,45.7034618],[12.2012683,45.7015705],[12.200753,45.7012306],[12.1998423,45.7020378],[12.1987286,45.7014622],[12.1999687,45.7004329],[12.1980502,45.6991316],[12.1972464,45.6996406],[12.1965987,45.6992771],[12.1958089,45.6993886],[12.1953397,45.6991964],[12.1943871,45.6990239],[12.1930975,45.7002592],[12.192972,45.7002314],[12.1928972,45.7003099],[12.1906786,45.6996564],[12.1888363,45.6989905],[12.1900195,45.6978228],[12.1900749,45.6977409],[12.1898939,45.6976311],[12.1910299,45.6966939],[12.1918279,45.6962158],[12.1937575,45.6946817],[12.1939326,45.6946844],[12.1943525,45.694956],[12.1959143,45.6938726],[12.1952883,45.6934344],[12.1939843,45.6927223],[12.1934734,45.6930583],[12.1922423,45.6924436],[12.1945343,45.6902789],[12.1939892,45.6900146],[12.1947772,45.6892668],[12.1945259,45.6890785],[12.195636,45.6881187],[12.1939005,45.6870241],[12.193278,45.6865513],[12.1928317,45.6860047],[12.1914187,45.6850657],[12.1923156,45.6844911],[12.1907219,45.6831704],[12.1915042,45.6828995],[12.1910052,45.6824767],[12.190515,45.68208],[12.1900031,45.6824341],[12.1897021,45.6822319],[12.1893488,45.682552],[12.1873023,45.6811443],[12.188041,45.6806832],[12.1868649,45.6798065],[12.1881953,45.6789901],[12.1871803,45.6782409],[12.1874105,45.6780622],[12.1870825,45.6777898],[12.1860718,45.6784615],[12.1839268,45.6768611],[12.1836159,45.6768075],[12.1834406,45.6764631],[12.1832004,45.6762339],[12.1823484,45.6760014],[12.1818658,45.675496],[12.1819341,45.6754481],[12.181762,45.6752078],[12.1828443,45.6747372],[12.1830184,45.6749161],[12.1836426,45.6746536],[12.1837747,45.6747687],[12.1839868,45.6746556],[12.1837209,45.6742168],[12.1845801,45.6736734],[12.1857225,45.6731316],[12.1865848,45.6726141],[12.1861029,45.6718421],[12.1857293,45.6718745],[12.184638,45.6706987],[12.1823198,45.6689826],[12.1863004,45.6683718],[12.1890111,45.6681592],[12.1918587,45.6675568],[12.1925433,45.6675377],[12.1922027,45.6667774],[12.1916587,45.6661486],[12.1912194,45.6663491],[12.1903524,45.6656069],[12.1899968,45.6658454],[12.1890227,45.6650735],[12.1891921,45.6648469],[12.1883211,45.6642863],[12.189435,45.6633009],[12.188137,45.6625639],[12.1890953,45.6612031],[12.1878804,45.6608312],[12.187275,45.6605557],[12.1860951,45.6599552],[12.1862424,45.6597628],[12.1845678,45.6590632],[12.1853589,45.6579664],[12.1843931,45.6575039],[12.185356,45.6560546],[12.1855871,45.6558195],[12.1849486,45.6556342],[12.185072,45.6554425],[12.1840916,45.655063],[12.1843496,45.6543721],[12.1831788,45.6540988],[12.1834071,45.6533911],[12.1832928,45.6526432],[12.1836064,45.6520864],[12.1815503,45.6517553],[12.1816067,45.6514375],[12.1824834,45.6512788],[12.1836577,45.6508469],[12.1852885,45.6500499],[12.1855201,45.650077],[12.1859308,45.6485306],[12.184588,45.6481814],[12.184528,45.6483075],[12.1836701,45.6481398],[12.1831538,45.6479946],[12.1829912,45.6478311],[12.1825991,45.6476806],[12.1824789,45.647842],[12.1812407,45.6473093],[12.1810714,45.6471963],[12.1811748,45.6457216],[12.1772409,45.6453209],[12.177131,45.6439712],[12.1772243,45.6432491],[12.1775794,45.6424935],[12.1774753,45.6423485],[12.1774922,45.6421396],[12.1772432,45.6419717],[12.1773785,45.641737],[12.1755894,45.6412051],[12.1750232,45.6408545],[12.1749138,45.6407005],[12.1746714,45.6406501],[12.1746194,45.6404935],[12.1744556,45.6403939],[12.1735445,45.639962],[12.1725344,45.6392183],[12.1724485,45.638629],[12.1726778,45.6375143],[12.1724666,45.6374227],[12.1721793,45.6365783],[12.1721565,45.6354939],[12.1718739,45.6339717],[12.1723004,45.6335464],[12.1711148,45.6335121],[12.1707911,45.6310872],[12.1696757,45.6305962],[12.1703094,45.6295139],[12.1707822,45.6298235],[12.1715479,45.6300611],[12.1721275,45.6301425],[12.1727952,45.6297474],[12.1732616,45.6296045],[12.1732328,45.6285866],[12.1736061,45.6284082],[12.1738337,45.6281142],[12.1745396,45.6278861],[12.1756022,45.627017],[12.1760366,45.62682],[12.1761458,45.626632],[12.1764337,45.6265534],[12.1769095,45.626241],[12.177025,45.6263353],[12.1770739,45.6269458],[12.1772055,45.6270698],[12.177646,45.6270643],[12.178292,45.6273893],[12.179106,45.6272087],[12.1787846,45.6270328],[12.1786891,45.6268707],[12.1785838,45.6264467],[12.1784364,45.6262995],[12.1782941,45.6259],[12.1782509,45.625308],[12.1786345,45.6253108],[12.1787297,45.6251334],[12.1791724,45.6238959],[12.1791763,45.6233721],[12.179531,45.6232882],[12.1798958,45.6234697],[12.1799784,45.6233228],[12.1804932,45.623443],[12.1806729,45.6233184],[12.1806883,45.6232508],[12.1804105,45.6229996],[12.1807951,45.6225989],[12.1808433,45.6223488],[12.1810866,45.6220765],[12.1811782,45.6218333],[12.1811881,45.6208254],[12.1812177,45.62067],[12.1813371,45.6205793],[12.1812815,45.6200194],[12.1808204,45.6199146],[12.1808082,45.6194452],[12.1808075,45.6182478],[12.1809795,45.6182396],[12.180859,45.6157753],[12.1813325,45.6156747],[12.1812303,45.6146297],[12.1810829,45.6145666],[12.1810618,45.6143583]]]},"properties":{"type":"boundary","gemeente":"Treviso"}}]}