{"type":"FeatureCollection","metadata":{"gemeente":"Trieste","slug":"trieste","generated_at":"2026-09-26T14:28:09.769427Z","total_points":294,"providers":["PosteItaliane","DPD","InPost","GLS","DHL","Amazon","FedEx"],"bounds":[13.69313171,45.61159,13.86326426,45.73492561]},"features":[{"type":"Feature","geometry":{"type":"Point","coordinates":[13.76613009,45.66651042]},"properties":{"type":"pakketpunt","locatieNaam":"Tabaccheria N. 184","straatNaam":"Salita Di Gretta","straatNr":"34/a","vervoerder":"PosteItaliane","puntType":"servicepunt","bezettingsgraad":50,"latitude":45.66651042,"longitude":13.76613009,"canPickup":true,"canDropoff":true,"openingstijden":{"za":"06:30 - 20:00","zo":"07:00 - 13:30","ma":"06:30 - 20:00","di":"06:30 - 20:00","wo":"06:30 - 20:00","do":"06:30 - 20:00","vr":"06:30 - 20:00"}}},{"type":"Feature","geometry":{"type":"Point","coordinates":[13.77199432,45.66520583]},"properties":{"type":"pakketpunt","locatieNaam":"Tabaccheria N. 181","straatNaam":"Piazza Tra I Rivi","straatNr":"1","vervoerder":"PosteItaliane","puntType":"servicepunt","bezettingsgraad":50,"latitude":45.66520583,"longitude":13.77199432,"canPickup":true,"canDropoff":true,"openingstijden":{"za":"08:00 - 19:00","zo":"gesloten","ma":"08:00 - 19:00","di":"08:00 - 19:00","wo":"08:00 - 19:00","do":"08:00 - 19:00","vr":"08:00 - 19:00"}}},{"type":"Feature","geometry":{"type":"Point","coordinates":[13.78044486,45.64494315]},"properties":{"type":"pakketpunt","locatieNaam":"Tabaccheria N. 93","straatNaam":"Via Della Scalinata","straatNr":"1/g","vervoerder":"PosteItaliane","puntType":"servicepunt","bezettingsgraad":50,"latitude":45.64494315,"longitude":13.78044486,"canPickup":true,"canDropoff":true,"openingstijden":{"za":"08:00 - 09:00","zo":"gesloten","ma":"gesloten","di":"gesloten","wo":"gesloten","do":"gesloten","vr":"09:00 - 12:30, 16:30 - 19:30"}}},{"type":"Feature","geometry":{"type":"Point","coordinates":[13.78143166,45.64142011]},"properties":{"type":"pakketpunt","locatieNaam":"Tabaccheria N. 26","straatNaam":"Via Dell' Istria","straatNr":"13/a","vervoerder":"PosteItaliane","puntType":"servicepunt","bezettingsgraad":50,"latitude":45.64142011,"longitude":13.78143166,"canPickup":true,"canDropoff":true,"openingstijden":{"za":"07:00 - 13:00, 16:00 - 19:30","zo":"gesloten","ma":"07:00 - 13:00, 16:00 - 19:30","di":"07:00 - 13:00, 16:00 - 19:30","wo":"07:00 - 13:00, 16:00 - 19:30","do":"07:00 - 13:00, 16:00 - 19:30","vr":"07:00 - 13:00, 16:00 - 19:30"}}},{"type":"Feature","geometry":{"type":"Point","coordinates":[13.77843423,45.64298005]},"properties":{"type":"pakketpunt","locatieNaam":"Tabaccheria N. 90","straatNaam":"Via San Marco","straatNr":"2/a","vervoerder":"PosteItaliane","puntType":"servicepunt","bezettingsgraad":50,"latitude":45.64298005,"longitude":13.77843423,"canPickup":true,"canDropoff":true,"openingstijden":{"za":"09:00 - 13:00, 16:00 - 20:00","zo":"09:00 - 13:00","ma":"09:03 - 12:00","di":"09:00 - 13:00, 16:00 - 20:00","wo":"09:00 - 13:00, 16:00 - 20:00","do":"09:00 - 13:00, 16:00 - 20:00","vr":"09:00 - 13:00, 16:00 - 20:00"}}},{"type":"Feature","geometry":{"type":"Point","coordinates":[13.78493618,45.625971]},"properties":{"type":"pakketpunt","locatieNaam":"Trieste 15","straatNaam":"Via Dei Soncini","straatNr":"145","vervoerder":"PosteItaliane","puntType":"postkantoor","bezettingsgraad":50,"latitude":45.625971,"longitude":13.78493618,"canPickup":true,"canDropoff":true,"openingstijden":{"za":"08:20 - 12:35","zo":"gesloten","ma":"08:20 - 13:35","di":"08:20 - 13:35","wo":"08:20 - 13:35","do":"08:20 - 13:35","vr":"08:20 - 13:35"}}},{"type":"Feature","geometry":{"type":"Point","coordinates":[13.80192737,45.65552487]},"properties":{"type":"pakketpunt","locatieNaam":"Trieste 14","straatNaam":"Viale Raffaello Sanzio","straatNr":"30","vervoerder":"PosteItaliane","puntType":"postkantoor","bezettingsgraad":50,"latitude":45.65552487,"longitude":13.80192737,"canPickup":true,"canDropoff":true,"openingstijden":{"za":"08:20 - 12:35","zo":"gesloten","ma":"08:20 - 13:35","di":"08:20 - 13:35","wo":"08:20 - 13:35","do":"08:20 - 13:35","vr":"08:20 - 13:35"}}},{"type":"Feature","geometry":{"type":"Point","coordinates":[13.75341626,45.68160643]},"properties":{"type":"pakketpunt","locatieNaam":"Trieste 13","straatNaam":"Viale Miramare","straatNr":"119","vervoerder":"PosteItaliane","puntType":"postkantoor","bezettingsgraad":50,"latitude":45.68160643,"longitude":13.75341626,"canPickup":true,"canDropoff":true,"openingstijden":{"za":"08:20 - 12:45","zo":"gesloten","ma":"08:20 - 13:45","di":"08:20 - 13:45","wo":"08:20 - 13:45","do":"08:20 - 13:45","vr":"08:20 - 13:45"}}},{"type":"Feature","geometry":{"type":"Point","coordinates":[13.77880826,45.64116229]},"properties":{"type":"pakketpunt","locatieNaam":"Trieste 12","straatNaam":"Via Cristoforo Colombo","straatNr":"16","vervoerder":"PosteItaliane","puntType":"postkantoor","bezettingsgraad":50,"latitude":45.64116229,"longitude":13.77880826,"canPickup":true,"canDropoff":true,"openingstijden":{"za":"08:20 - 12:35","zo":"gesloten","ma":"08:20 - 13:35","di":"08:20 - 13:35","wo":"08:20 - 13:35","do":"08:20 - 13:35","vr":"08:20 - 13:35"}}},{"type":"Feature","geometry":{"type":"Point","coordinates":[13.8240254,45.61943388]},"properties":{"type":"pakketpunt","locatieNaam":"Trieste 19","straatNaam":"Piazza Venticinque Aprile","straatNr":"5","vervoerder":"PosteItaliane","puntType":"postkantoor","bezettingsgraad":50,"latitude":45.61943388,"longitude":13.8240254,"canPickup":true,"canDropoff":true,"openingstijden":{"za":"08:20 - 12:35","zo":"gesloten","ma":"08:20 - 13:35","di":"08:20 - 13:35","wo":"08:20 - 13:35","do":"08:20 - 13:35","vr":"08:20 - 13:35"}}},{"type":"Feature","geometry":{"type":"Point","coordinates":[13.7956531,45.62535795]},"properties":{"type":"pakketpunt","locatieNaam":"Trieste 18","straatNaam":"Strada Vecchia Dell' Istria","straatNr":"4","vervoerder":"PosteItaliane","puntType":"postkantoor","bezettingsgraad":50,"latitude":45.62535795,"longitude":13.7956531,"canPickup":true,"canDropoff":true,"openingstijden":{"za":"08:20 - 12:35","zo":"gesloten","ma":"08:20 - 13:35","di":"08:20 - 13:35","wo":"08:20 - 13:35","do":"08:20 - 13:35","vr":"08:20 - 13:35"}}},{"type":"Feature","geometry":{"type":"Point","coordinates":[13.69313171,45.73492561]},"properties":{"type":"pakketpunt","locatieNaam":"Santa Croce Di Trieste","straatNaam":"Localita' Santa Croce","straatNr":"274","vervoerder":"PosteItaliane","puntType":"postkantoor","bezettingsgraad":50,"latitude":45.73492561,"longitude":13.69313171,"canPickup":true,"canDropoff":true,"openingstijden":{"za":"08:20 - 12:45","zo":"gesloten","ma":"08:20 - 13:45","di":"08:20 - 13:45","wo":"gesloten","do":"08:20 - 13:45","vr":"gesloten"}}},{"type":"Feature","geometry":{"type":"Point","coordinates":[13.79117042,45.64114069]},"properties":{"type":"pakketpunt","locatieNaam":"Trieste 4","straatNaam":"Via Delle Settefontane","straatNr":"67","vervoerder":"PosteItaliane","puntType":"postkantoor","bezettingsgraad":50,"latitude":45.64114069,"longitude":13.79117042,"canPickup":true,"canDropoff":true,"openingstijden":{"za":"08:20 - 12:35","zo":"gesloten","ma":"08:20 - 19:05","di":"08:20 - 19:05","wo":"08:20 - 19:05","do":"08:20 - 19:05","vr":"08:20 - 19:05"}}},{"type":"Feature","geometry":{"type":"Point","coordinates":[13.75542268,45.64624206]},"properties":{"type":"pakketpunt","locatieNaam":"Trieste 11","straatNaam":"Via Giulio Cesare","straatNr":"1","vervoerder":"PosteItaliane","puntType":"postkantoor","bezettingsgraad":50,"latitude":45.64624206,"longitude":13.75542268,"canPickup":true,"canDropoff":true,"openingstijden":{"za":"08:20 - 12:35","zo":"gesloten","ma":"08:20 - 13:35","di":"08:20 - 13:35","wo":"08:20 - 13:35","do":"08:20 - 13:35","vr":"08:20 - 13:35"}}},{"type":"Feature","geometry":{"type":"Point","coordinates":[13.79318916,45.65057202]},"properties":{"type":"pakketpunt","locatieNaam":"Trieste 16","straatNaam":"Via Leopoldo Mauroner","straatNr":"2","vervoerder":"PosteItaliane","puntType":"postkantoor","bezettingsgraad":50,"latitude":45.65057202,"longitude":13.79318916,"canPickup":true,"canDropoff":true,"openingstijden":{"za":"08:20 - 12:35","zo":"gesloten","ma":"08:20 - 13:35","di":"08:20 - 13:35","wo":"08:20 - 13:35","do":"08:20 - 13:35","vr":"08:20 - 13:35"}}},{"type":"Feature","geometry":{"type":"Point","coordinates":[13.77353134,45.64545836]},"properties":{"type":"pakketpunt","locatieNaam":"Trieste 5","straatNaam":"Via Donato Bramante","straatNr":"8","vervoerder":"PosteItaliane","puntType":"postkantoor","bezettingsgraad":50,"latitude":45.64545836,"longitude":13.77353134,"canPickup":true,"canDropoff":true,"openingstijden":{"za":"08:20 - 12:35","zo":"gesloten","ma":"08:20 - 13:35","di":"08:20 - 13:35","wo":"08:20 - 13:35","do":"08:20 - 13:35","vr":"08:20 - 13:35"}}},{"type":"Feature","geometry":{"type":"Point","coordinates":[13.7885561,45.68815415]},"properties":{"type":"pakketpunt","locatieNaam":"Villa Opicina","straatNaam":"Via Di Prosecco","straatNr":"1","vervoerder":"PosteItaliane","puntType":"postkantoor","bezettingsgraad":50,"latitude":45.68815415,"longitude":13.7885561,"canPickup":true,"canDropoff":true,"openingstijden":{"za":"08:20 - 12:35","zo":"gesloten","ma":"08:20 - 13:35","di":"gesloten","wo":"08:20 - 13:35","do":"08:20 - 13:35","vr":"08:20 - 13:35"}}},{"type":"Feature","geometry":{"type":"Point","coordinates":[13.86326426,45.64220206]},"properties":{"type":"pakketpunt","locatieNaam":"Basovizza","straatNaam":"Via Srecko Kosovel","straatNr":"13","vervoerder":"PosteItaliane","puntType":"postkantoor","bezettingsgraad":50,"latitude":45.64220206,"longitude":13.86326426,"canPickup":true,"canDropoff":true,"openingstijden":{"za":"08:20 - 12:45","zo":"gesloten","ma":"08:20 - 13:45","di":"08:20 - 13:45","wo":"08:20 - 13:45","do":"08:20 - 13:45","vr":"08:20 - 13:45"}}},{"type":"Feature","geometry":{"type":"Point","coordinates":[13.78164215,45.63262011]},"properties":{"type":"pakketpunt","locatieNaam":"Trieste 10","straatNaam":"Via Bartolomeo D'alviano","straatNr":"41/b","vervoerder":"PosteItaliane","puntType":"postkantoor","bezettingsgraad":50,"latitude":45.63262011,"longitude":13.78164215,"canPickup":true,"canDropoff":true,"openingstijden":{"za":"08:20 - 12:35","zo":"gesloten","ma":"08:20 - 13:35","di":"08:20 - 13:35","wo":"08:20 - 13:35","do":"08:20 - 13:35","vr":"08:20 - 13:35"}}},{"type":"Feature","geometry":{"type":"Point","coordinates":[13.76920747,45.65061536]},"properties":{"type":"pakketpunt","locatieNaam":"Trieste 3","straatNaam":"Piazza Giuseppe Verdi","straatNr":"2","vervoerder":"PosteItaliane","puntType":"postkantoor","bezettingsgraad":50,"latitude":45.65061536,"longitude":13.76920747,"canPickup":true,"canDropoff":true,"openingstijden":{"za":"08:20 - 12:35","zo":"gesloten","ma":"08:20 - 19:05","di":"08:20 - 19:05","wo":"08:20 - 19:05","do":"08:20 - 19:05","vr":"08:20 - 19:05"}}},{"type":"Feature","geometry":{"type":"Point","coordinates":[13.803303,45.61835532]},"properties":{"type":"pakketpunt","locatieNaam":"Trieste 17","straatNaam":"Via Giovanni E Sebastiano Caboto","straatNr":"14","vervoerder":"PosteItaliane","puntType":"postkantoor","bezettingsgraad":50,"latitude":45.61835532,"longitude":13.803303,"canPickup":true,"canDropoff":true,"openingstijden":{"ma":"gesloten","di":"gesloten","wo":"gesloten","do":"gesloten","vr":"gesloten","za":"gesloten","zo":"gesloten"}}},{"type":"Feature","geometry":{"type":"Point","coordinates":[13.77420906,45.64988454]},"properties":{"type":"pakketpunt","locatieNaam":"Trieste 21","straatNaam":"Via Santa Caterina Da Siena","straatNr":"1/a","vervoerder":"PosteItaliane","puntType":"postkantoor","bezettingsgraad":50,"latitude":45.64988454,"longitude":13.77420906,"canPickup":true,"canDropoff":true,"openingstijden":{"za":"08:20 - 12:35","zo":"gesloten","ma":"08:20 - 13:35","di":"08:20 - 13:35","wo":"08:20 - 13:35","do":"08:20 - 13:35","vr":"08:20 - 13:35"}}},{"type":"Feature","geometry":{"type":"Point","coordinates":[13.7832762,45.64676439]},"properties":{"type":"pakketpunt","locatieNaam":"Trieste 6","straatNaam":"Via Giovanni Pascoli","straatNr":"16","vervoerder":"PosteItaliane","puntType":"postkantoor","bezettingsgraad":50,"latitude":45.64676439,"longitude":13.7832762,"canPickup":true,"canDropoff":true,"openingstijden":{"za":"08:20 - 12:35","zo":"gesloten","ma":"08:20 - 13:35","di":"08:20 - 13:35","wo":"08:20 - 13:35","do":"08:20 - 13:35","vr":"08:20 - 13:35"}}},{"type":"Feature","geometry":{"type":"Point","coordinates":[13.73433018,45.70665954]},"properties":{"type":"pakketpunt","locatieNaam":"Prosecco","straatNaam":"Via San Nazario","straatNr":"13","vervoerder":"PosteItaliane","puntType":"postkantoor","bezettingsgraad":50,"latitude":45.70665954,"longitude":13.73433018,"canPickup":true,"canDropoff":true,"openingstijden":{"za":"08:20 - 12:45","zo":"gesloten","ma":"08:20 - 13:45","di":"08:20 - 13:45","wo":"08:20 - 13:45","do":"08:20 - 13:45","vr":"08:20 - 13:45"}}},{"type":"Feature","geometry":{"type":"Point","coordinates":[13.8250917,45.6397033]},"properties":{"type":"pakketpunt","locatieNaam":"Trieste 20","straatNaam":"Via Louis Pasteur","straatNr":"41/a","vervoerder":"PosteItaliane","puntType":"postkantoor","bezettingsgraad":50,"latitude":45.6397033,"longitude":13.8250917,"canPickup":true,"canDropoff":true,"openingstijden":{"za":"08:20 - 12:45","zo":"gesloten","ma":"08:20 - 13:45","di":"08:20 - 13:45","wo":"08:20 - 13:45","do":"08:20 - 13:45","vr":"08:20 - 13:45"}}},{"type":"Feature","geometry":{"type":"Point","coordinates":[13.78247232,45.65392359]},"properties":{"type":"pakketpunt","locatieNaam":"Trieste 7","straatNaam":"Via Guglielmo Marconi","straatNr":"6","vervoerder":"PosteItaliane","puntType":"postkantoor","bezettingsgraad":50,"latitude":45.65392359,"longitude":13.78247232,"canPickup":true,"canDropoff":true,"openingstijden":{"za":"08:20 - 12:35","zo":"gesloten","ma":"08:20 - 19:05","di":"08:20 - 19:05","wo":"08:20 - 19:05","do":"08:20 - 19:05","vr":"08:20 - 19:05"}}},{"type":"Feature","geometry":{"type":"Point","coordinates":[13.77347693,45.6547216]},"properties":{"type":"pakketpunt","locatieNaam":"Trieste Centro","straatNaam":"Piazza Vittorio Veneto","straatNr":"1","vervoerder":"PosteItaliane","puntType":"postkantoor","bezettingsgraad":50,"latitude":45.6547216,"longitude":13.77347693,"canPickup":true,"canDropoff":true,"openingstijden":{"za":"08:20 - 12:35","zo":"gesloten","ma":"08:20 - 19:05","di":"08:20 - 19:05","wo":"08:20 - 19:05","do":"08:20 - 19:05","vr":"08:20 - 19:05"}}},{"type":"Feature","geometry":{"type":"Point","coordinates":[13.77279118,45.66677822]},"properties":{"type":"pakketpunt","locatieNaam":"Trieste 9","straatNaam":"Via Dei Moreri","straatNr":"5","vervoerder":"PosteItaliane","puntType":"postkantoor","bezettingsgraad":50,"latitude":45.66677822,"longitude":13.77279118,"canPickup":true,"canDropoff":true,"openingstijden":{"za":"08:20 - 12:35","zo":"gesloten","ma":"08:20 - 13:35","di":"08:20 - 13:35","wo":"08:20 - 13:35","do":"08:20 - 13:35","vr":"08:20 - 13:35"}}},{"type":"Feature","geometry":{"type":"Point","coordinates":[13.79413715,45.65521751]},"properties":{"type":"pakketpunt","locatieNaam":"Tabaccheria N. 165","straatNaam":"Via Giulia","straatNr":"75/3","vervoerder":"PosteItaliane","puntType":"servicepunt","bezettingsgraad":50,"latitude":45.65521751,"longitude":13.79413715,"canPickup":true,"canDropoff":true,"openingstijden":{"za":"06:30 - 20:00","zo":"07:30 - 20:00","ma":"06:30 - 20:00","di":"06:30 - 20:00","wo":"06:30 - 20:00","do":"06:30 - 20:00","vr":"06:30 - 20:00"}}},{"type":"Feature","geometry":{"type":"Point","coordinates":[13.7768881,45.69021434]},"properties":{"type":"pakketpunt","locatieNaam":"Tabaccheria N. 294","straatNaam":"Largo San Tommaso","straatNr":"13","vervoerder":"PosteItaliane","puntType":"servicepunt","bezettingsgraad":50,"latitude":45.69021434,"longitude":13.7768881,"canPickup":true,"canDropoff":true,"openingstijden":{"za":"07:30 - 13:00, 16:00 - 19:30","zo":"08:00 - 13:00","ma":"07:30 - 13:00","di":"07:30 - 13:00, 16:00 - 19:30","wo":"07:30 - 13:00, 16:00 - 19:30","do":"07:30 - 13:00, 16:00 - 19:30","vr":"07:30 - 13:00, 16:00 - 19:30"}}},{"type":"Feature","geometry":{"type":"Point","coordinates":[13.78631526,45.65400577]},"properties":{"type":"pakketpunt","locatieNaam":"Kipoint Via Giulia","straatNaam":"Via Giulia","straatNr":"10/c","vervoerder":"PosteItaliane","puntType":"servicepunt","bezettingsgraad":50,"latitude":45.65400577,"longitude":13.78631526,"canPickup":true,"canDropoff":true,"openingstijden":{"za":"08:30 - 08:31","zo":"gesloten","ma":"08:30 - 17:30","di":"08:30 - 17:30","wo":"08:30 - 17:30","do":"08:30 - 17:30","vr":"08:30 - 17:30"}}},{"type":"Feature","geometry":{"type":"Point","coordinates":[13.76689994,45.64488772]},"properties":{"type":"pakketpunt","locatieNaam":"Parcheggio Garage San Vito","straatNaam":"Via Tigor","straatNr":"18/1","vervoerder":"PosteItaliane","puntType":"automaat","bezettingsgraad":50,"latitude":45.64488772,"longitude":13.76689994,"canPickup":true,"canDropoff":true,"openingstijden":{"za":"06:45 - 21:00","zo":"08:00 - 13:00","ma":"06:45 - 21:00","di":"06:45 - 21:00","wo":"06:45 - 21:00","do":"06:45 - 21:00","vr":"06:45 - 21:00"}}},{"type":"Feature","geometry":{"type":"Point","coordinates":[13.77955777,45.6482307]},"properties":{"type":"pakketpunt","locatieNaam":"Il Mercatissimo","straatNaam":"Via Gabriele Foschiatti","straatNr":"1","vervoerder":"PosteItaliane","puntType":"automaat","bezettingsgraad":50,"latitude":45.6482307,"longitude":13.77955777,"canPickup":true,"canDropoff":true,"openingstijden":{"za":"09:00 - 12:30","zo":"gesloten","ma":"gesloten","di":"09:00 - 12:30","wo":"09:00 - 12:30","do":"09:00 - 12:30","vr":"09:00 - 12:30"}}},{"type":"Feature","geometry":{"type":"Point","coordinates":[13.78683338,45.65625748]},"properties":{"type":"pakketpunt","locatieNaam":"Tabaccheria N. 177","straatNaam":"Via Fabio Severo","straatNr":"65","vervoerder":"PosteItaliane","puntType":"servicepunt","bezettingsgraad":50,"latitude":45.65625748,"longitude":13.78683338,"canPickup":true,"canDropoff":true,"openingstijden":{"za":"06:30 - 20:00","zo":"06:30 - 13:00","ma":"06:30 - 20:00","di":"06:30 - 20:00","wo":"06:30 - 20:00","do":"06:30 - 12:30, 16:30 - 20:00","vr":"06:30 - 20:00"}}},{"type":"Feature","geometry":{"type":"Point","coordinates":[13.7781364,45.6502533]},"properties":{"type":"pakketpunt","locatieNaam":"Tabaccheria N. 7","straatNaam":"Largo Santorio Santorio","straatNr":"4","vervoerder":"PosteItaliane","puntType":"servicepunt","bezettingsgraad":50,"latitude":45.6502533,"longitude":13.7781364,"canPickup":true,"canDropoff":true,"openingstijden":{"za":"08:00 - 13:00","zo":"gesloten","ma":"08:00 - 19:30","di":"08:00 - 19:30","wo":"08:00 - 19:30","do":"08:00 - 20:00","vr":"08:00 - 20:00"}}},{"type":"Feature","geometry":{"type":"Point","coordinates":[13.77687804,45.65303736]},"properties":{"type":"pakketpunt","locatieNaam":"Colorificio Varesano","straatNaam":"Via Del Coroneo","straatNr":"1/b","vervoerder":"PosteItaliane","puntType":"servicepunt","bezettingsgraad":50,"latitude":45.65303736,"longitude":13.77687804,"canPickup":true,"canDropoff":true,"openingstijden":{"za":"08:00 - 12:30, 15:30 - 18:30","zo":"gesloten","ma":"08:00 - 12:30, 15:30 - 18:30","di":"08:00 - 12:30, 15:30 - 18:30","wo":"08:00 - 12:30, 15:30 - 18:30","do":"08:00 - 12:30, 15:30 - 18:30","vr":"08:00 - 12:30, 15:30 - 18:30"}}},{"type":"Feature","geometry":{"type":"Point","coordinates":[13.78090714,45.63489205]},"properties":{"type":"pakketpunt","locatieNaam":"Centro Commerciale Torri D' Europa","straatNaam":"Via Bartolomeo D'alviano","straatNr":"23","vervoerder":"PosteItaliane","puntType":"automaat","bezettingsgraad":50,"latitude":45.63489205,"longitude":13.78090714,"canPickup":true,"canDropoff":true,"openingstijden":{"za":"09:00 - 20:00","zo":"09:00 - 20:00","ma":"09:00 - 20:00","di":"09:00 - 20:00","wo":"09:00 - 20:00","do":"09:00 - 20:00","vr":"09:00 - 20:00"}}},{"type":"Feature","geometry":{"type":"Point","coordinates":[13.77067375,45.66448226]},"properties":{"type":"pakketpunt","locatieNaam":"Tabaccheria N. 59","straatNaam":"Via Lionello Stock","straatNr":"5/e","vervoerder":"PosteItaliane","puntType":"servicepunt","bezettingsgraad":50,"latitude":45.66448226,"longitude":13.77067375,"canPickup":true,"canDropoff":true,"openingstijden":{"za":"07:00 - 20:00","zo":"gesloten","ma":"07:00 - 20:00","di":"07:00 - 20:00","wo":"07:00 - 20:00","do":"07:00 - 20:00","vr":"07:00 - 20:00"}}},{"type":"Feature","geometry":{"type":"Point","coordinates":[13.7818934,45.63517225]},"properties":{"type":"pakketpunt","locatieNaam":"Tabaccheria N. 234","straatNaam":"Via Lorenzo Lorenzetti","straatNr":"32","vervoerder":"PosteItaliane","puntType":"servicepunt","bezettingsgraad":50,"latitude":45.63517225,"longitude":13.7818934,"canPickup":true,"canDropoff":true,"openingstijden":{"za":"08:00 - 13:00, 16:00 - 19:00","zo":"gesloten","ma":"08:00 - 13:00, 16:00 - 19:00","di":"08:00 - 13:00, 16:00 - 19:00","wo":"08:00 - 13:00, 16:00 - 19:00","do":"08:00 - 13:00, 16:00 - 19:00","vr":"08:00 - 13:00, 16:00 - 19:00"}}},{"type":"Feature","geometry":{"type":"Point","coordinates":[13.78955723,45.62368608]},"properties":{"type":"pakketpunt","locatieNaam":"Tabaccheria N. 277","straatNaam":"Via Del Carpineto","straatNr":"20/1","vervoerder":"PosteItaliane","puntType":"servicepunt","bezettingsgraad":50,"latitude":45.62368608,"longitude":13.78955723,"canPickup":true,"canDropoff":true,"openingstijden":{"za":"07:00 - 13:00, 16:30 - 19:30","zo":"gesloten","ma":"07:00 - 13:00, 16:30 - 19:30","di":"07:00 - 13:00, 16:30 - 19:30","wo":"07:00 - 13:00, 16:30 - 19:30","do":"07:00 - 13:00, 16:30 - 19:30","vr":"07:00 - 13:00, 16:30 - 19:30"}}},{"type":"Feature","geometry":{"type":"Point","coordinates":[13.79234209,45.63054034]},"properties":{"type":"pakketpunt","locatieNaam":"Tabaccheria N. 146","straatNaam":"Via Dei Soncini","straatNr":"6","vervoerder":"PosteItaliane","puntType":"servicepunt","bezettingsgraad":50,"latitude":45.63054034,"longitude":13.79234209,"canPickup":true,"canDropoff":true,"openingstijden":{"za":"08:30 - 12:00","zo":"gesloten","ma":"08:30 - 12:00, 16:00 - 19:00","di":"08:30 - 12:00, 16:00 - 19:00","wo":"08:30 - 12:00, 16:00 - 19:00","do":"08:30 - 12:00, 16:00 - 19:00","vr":"08:30 - 12:00, 16:00 - 19:00"}}},{"type":"Feature","geometry":{"type":"Point","coordinates":[13.78064572,45.65072976]},"properties":{"type":"pakketpunt","locatieNaam":"Tabaccheria N. 107","straatNaam":"Via Della Ginnastica","straatNr":"22/b","vervoerder":"PosteItaliane","puntType":"servicepunt","bezettingsgraad":50,"latitude":45.65072976,"longitude":13.78064572,"canPickup":true,"canDropoff":true,"openingstijden":{"za":"06:00 - 13:00, 15:30 - 20:00","zo":"gesloten","ma":"06:00 - 13:00, 15:30 - 20:00","di":"06:00 - 13:00, 15:30 - 20:00","wo":"06:00 - 13:00, 15:30 - 20:00","do":"06:00 - 13:00, 15:30 - 20:00","vr":"06:00 - 13:00, 15:30 - 20:00"}}},{"type":"Feature","geometry":{"type":"Point","coordinates":[13.77451478,45.65356751]},"properties":{"type":"pakketpunt","locatieNaam":"Sigarette Elettroniche Lounge Bar","straatNaam":"Via Milano","straatNr":"25/d","vervoerder":"PosteItaliane","puntType":"automaat","bezettingsgraad":50,"latitude":45.65356751,"longitude":13.77451478,"canPickup":true,"canDropoff":true,"openingstijden":{"za":"09:30 - 13:00","zo":"gesloten","ma":"09:30 - 13:00","di":"09:30 - 13:00","wo":"09:30 - 13:00","do":"09:30 - 13:00","vr":"09:30 - 13:00"}}},{"type":"Feature","geometry":{"type":"Point","coordinates":[13.77704851,45.65139994]},"properties":{"type":"pakketpunt","locatieNaam":"Tabaccheria N. 13","straatNaam":"Via Giosue' Carducci","straatNr":"17","vervoerder":"PosteItaliane","puntType":"servicepunt","bezettingsgraad":50,"latitude":45.65139994,"longitude":13.77704851,"canPickup":true,"canDropoff":true,"openingstijden":{"za":"04:30 - 20:30","zo":"04:30 - 20:30","ma":"04:30 - 20:30","di":"04:30 - 20:30","wo":"04:30 - 20:30","do":"04:30 - 20:30","vr":"04:30 - 20:30"}}},{"type":"Feature","geometry":{"type":"Point","coordinates":[13.783031,45.64265961]},"properties":{"type":"pakketpunt","locatieNaam":"Tabaccheria N. 136","straatNaam":"Via Del Molino A Vento","straatNr":"26","vervoerder":"PosteItaliane","puntType":"servicepunt","bezettingsgraad":50,"latitude":45.64265961,"longitude":13.783031,"canPickup":true,"canDropoff":true,"openingstijden":{"za":"08:00 - 12:30","zo":"gesloten","ma":"08:00 - 12:30, 15:40 - 18:30","di":"08:00 - 12:30, 15:40 - 18:30","wo":"08:00 - 12:30, 15:40 - 18:30","do":"08:00 - 12:30, 15:40 - 18:30","vr":"08:00 - 12:30, 15:40 - 18:30"}}},{"type":"Feature","geometry":{"type":"Point","coordinates":[13.77984699,45.65430569]},"properties":{"type":"pakketpunt","locatieNaam":"Tabaccheria N. 112","straatNaam":"Via Del Coroneo","straatNr":"19/a","vervoerder":"PosteItaliane","puntType":"servicepunt","bezettingsgraad":50,"latitude":45.65430569,"longitude":13.77984699,"canPickup":true,"canDropoff":true,"openingstijden":{"za":"07:00 - 13:30, 16:00 - 20:00","zo":"gesloten","ma":"07:00 - 13:30, 16:00 - 20:00","di":"07:00 - 13:30, 16:00 - 20:00","wo":"07:00 - 13:30, 16:00 - 20:00","do":"07:00 - 13:30, 16:00 - 20:00","vr":"07:00 - 13:30, 16:00 - 20:00"}}},{"type":"Feature","geometry":{"type":"Point","coordinates":[13.76831194,45.63932101]},"properties":{"type":"pakketpunt","locatieNaam":"Tabaccheria N. 88","straatNaam":"Via Giovanni Schiaparelli","straatNr":"20/d","vervoerder":"PosteItaliane","puntType":"servicepunt","bezettingsgraad":50,"latitude":45.63932101,"longitude":13.76831194,"canPickup":true,"canDropoff":true,"openingstijden":{"za":"08:30 - 12:30, 16:30 - 18:45","zo":"gesloten","ma":"08:30 - 12:30, 16:30 - 18:45","di":"08:30 - 12:30, 16:30 - 18:45","wo":"08:30 - 12:30, 16:30 - 18:45","do":"08:30 - 12:30, 16:30 - 18:45","vr":"08:30 - 12:30, 16:30 - 18:45"}}},{"type":"Feature","geometry":{"type":"Point","coordinates":[13.77626285,45.64148483]},"properties":{"type":"pakketpunt","locatieNaam":"Tabaccheria N. 24","straatNaam":"Via San Marco","straatNr":"38/a","vervoerder":"PosteItaliane","puntType":"servicepunt","bezettingsgraad":50,"latitude":45.64148483,"longitude":13.77626285,"canPickup":true,"canDropoff":true,"openingstijden":{"za":"07:15 - 12:30","zo":"gesloten","ma":"07:15 - 12:30, 16:00 - 18:30","di":"07:15 - 12:30, 16:00 - 18:30","wo":"07:15 - 12:30, 16:00 - 18:30","do":"07:15 - 12:30, 16:00 - 18:30","vr":"07:15 - 12:30, 16:00 - 18:30"}}},{"type":"Feature","geometry":{"type":"Point","coordinates":[13.77550146,45.6538968]},"properties":{"type":"pakketpunt","locatieNaam":"Tabaccheria N. 64","straatNaam":"Piazza Guglielmo Oberdan","straatNr":"2","vervoerder":"PosteItaliane","puntType":"servicepunt","bezettingsgraad":50,"latitude":45.6538968,"longitude":13.77550146,"canPickup":true,"canDropoff":true,"openingstijden":{"za":"07:00 - 13:00, 16:00 - 19:00","zo":"gesloten","ma":"07:00 - 13:00, 16:00 - 19:00","di":"07:00 - 13:00, 16:00 - 19:00","wo":"07:00 - 13:00, 16:00 - 19:00","do":"07:00 - 13:00, 16:00 - 19:00","vr":"07:00 - 13:00, 16:00 - 19:00"}}},{"type":"Feature","geometry":{"type":"Point","coordinates":[13.76535164,45.64167525]},"properties":{"type":"pakketpunt","locatieNaam":"Tabaccheria N. 134","straatNaam":"Via Arturo Colautti","straatNr":"6","vervoerder":"PosteItaliane","puntType":"servicepunt","bezettingsgraad":50,"latitude":45.64167525,"longitude":13.76535164,"canPickup":true,"canDropoff":true,"openingstijden":{"za":"08:00 - 13:00, 16:30 - 19:00","zo":"gesloten","ma":"08:00 - 13:00, 16:30 - 19:00","di":"08:00 - 13:00, 16:30 - 19:00","wo":"08:00 - 13:00, 16:30 - 19:00","do":"08:00 - 13:00, 16:30 - 19:00","vr":"08:00 - 13:00, 16:30 - 19:00"}}},{"type":"Feature","geometry":{"type":"Point","coordinates":[13.78193499,45.65331633]},"properties":{"type":"pakketpunt","locatieNaam":"Tabaccheria N. 15","straatNaam":"Via Cesare Battisti","straatNr":"31","vervoerder":"PosteItaliane","puntType":"servicepunt","bezettingsgraad":50,"latitude":45.65331633,"longitude":13.78193499,"canPickup":true,"canDropoff":true,"openingstijden":{"za":"07:15 - 13:00","zo":"gesloten","ma":"07:15 - 13:00, 15:30 - 19:30","di":"07:15 - 13:00, 15:30 - 19:30","wo":"07:15 - 13:00, 15:30 - 19:30","do":"07:15 - 13:00, 15:30 - 19:30","vr":"07:15 - 13:00, 15:30 - 19:30"}}},{"type":"Feature","geometry":{"type":"Point","coordinates":[13.78893055,45.63046072]},"properties":{"type":"pakketpunt","locatieNaam":"Tabaccheria N. 155","straatNaam":"Via Antonio Baiamonti","straatNr":"56/12","vervoerder":"PosteItaliane","puntType":"servicepunt","bezettingsgraad":50,"latitude":45.63046072,"longitude":13.78893055,"canPickup":true,"canDropoff":true,"openingstijden":{"za":"gesloten","zo":"gesloten","ma":"07:30 - 13:00, 15:30 - 19:30","di":"07:30 - 13:00, 15:30 - 19:30","wo":"07:30 - 13:00, 15:30 - 19:30","do":"07:30 - 13:00, 15:30 - 19:30","vr":"07:30 - 10:30"}}},{"type":"Feature","geometry":{"type":"Point","coordinates":[13.78815221,45.68943513]},"properties":{"type":"pakketpunt","locatieNaam":"Tabaccheria N. 196","straatNaam":"Via Di Prosecco","straatNr":"15","vervoerder":"PosteItaliane","puntType":"servicepunt","bezettingsgraad":50,"latitude":45.68943513,"longitude":13.78815221,"canPickup":true,"canDropoff":true,"openingstijden":{"za":"07:00 - 13:00, 16:30 - 19:30","zo":"gesloten","ma":"07:00 - 13:00, 16:30 - 19:30","di":"07:00 - 13:00, 16:30 - 19:30","wo":"07:00 - 13:00, 16:30 - 19:30","do":"07:00 - 13:00, 16:30 - 19:30","vr":"07:00 - 13:00, 16:30 - 19:30"}}},{"type":"Feature","geometry":{"type":"Point","coordinates":[13.7728222,45.64565176]},"properties":{"type":"pakketpunt","locatieNaam":"Tabaccheria N. 86","straatNaam":"Via San Giusto","straatNr":"3/e","vervoerder":"PosteItaliane","puntType":"servicepunt","bezettingsgraad":50,"latitude":45.64565176,"longitude":13.7728222,"canPickup":true,"canDropoff":true,"openingstijden":{"za":"07:00 - 13:00, 16:00 - 19:00","zo":"08:00 - 13:00","ma":"gesloten","di":"07:00 - 13:00, 16:00 - 19:00","wo":"07:00 - 13:00, 16:00 - 19:00","do":"07:00 - 13:00, 16:00 - 19:00","vr":"07:00 - 13:00, 16:00 - 19:00"}}},{"type":"Feature","geometry":{"type":"Point","coordinates":[13.76683083,45.66944473]},"properties":{"type":"pakketpunt","locatieNaam":"Tabaccheria N. 245","straatNaam":"Via Venzone","straatNr":"7/a","vervoerder":"PosteItaliane","puntType":"servicepunt","bezettingsgraad":50,"latitude":45.66944473,"longitude":13.76683083,"canPickup":true,"canDropoff":true,"openingstijden":{"za":"07:00 - 13:00, 16:00 - 19:00","zo":"gesloten","ma":"07:00 - 13:00, 16:00 - 19:00","di":"07:00 - 13:00, 16:00 - 19:00","wo":"07:00 - 13:00, 16:00 - 19:00","do":"07:00 - 13:00, 16:00 - 19:00","vr":"07:00 - 13:00, 16:00 - 19:00"}}},{"type":"Feature","geometry":{"type":"Point","coordinates":[13.7628955,45.66993543]},"properties":{"type":"pakketpunt","locatieNaam":"Tabaccheria N. 186","straatNaam":"Strada Del Friuli","straatNr":"43","vervoerder":"PosteItaliane","puntType":"servicepunt","bezettingsgraad":50,"latitude":45.66993543,"longitude":13.7628955,"canPickup":true,"canDropoff":true,"openingstijden":{"za":"06:30 - 13:00","zo":"gesloten","ma":"06:30 - 13:00","di":"06:30 - 13:00","wo":"06:30 - 13:00","do":"06:30 - 13:00","vr":"06:30 - 13:00"}}},{"type":"Feature","geometry":{"type":"Point","coordinates":[13.78033399,45.64667165]},"properties":{"type":"pakketpunt","locatieNaam":"Tabaccheria N. 94","straatNaam":"Via Alfredo Oriani","straatNr":"8","vervoerder":"PosteItaliane","puntType":"servicepunt","bezettingsgraad":50,"latitude":45.64667165,"longitude":13.78033399,"canPickup":true,"canDropoff":true,"openingstijden":{"za":"gesloten","zo":"gesloten","ma":"07:00 - 12:00","di":"07:00 - 12:00","wo":"07:00 - 12:00","do":"07:00 - 12:00","vr":"07:00 - 12:00"}}},{"type":"Feature","geometry":{"type":"Point","coordinates":[13.77229766,45.66709312]},"properties":{"type":"pakketpunt","locatieNaam":"Tabaccheria N. 236","straatNaam":"Via Dei Moreri","straatNr":"6","vervoerder":"PosteItaliane","puntType":"servicepunt","bezettingsgraad":50,"latitude":45.66709312,"longitude":13.77229766,"canPickup":true,"canDropoff":true,"openingstijden":{"za":"06:30 - 13:00, 16:00 - 19:30","zo":"gesloten","ma":"06:30 - 13:00, 16:00 - 19:30","di":"06:30 - 13:00, 16:00 - 19:30","wo":"06:30 - 13:00, 16:00 - 19:30","do":"06:30 - 13:00, 16:00 - 19:30","vr":"06:30 - 13:00, 16:00 - 19:30"}}},{"type":"Feature","geometry":{"type":"Point","coordinates":[13.77468528,45.65511871]},"properties":{"type":"pakketpunt","locatieNaam":"Tabaccheria N. 63","straatNaam":"Piazza Dalmazia","straatNr":"1/c","vervoerder":"PosteItaliane","puntType":"servicepunt","bezettingsgraad":50,"latitude":45.65511871,"longitude":13.77468528,"canPickup":true,"canDropoff":true,"openingstijden":{"za":"07:00 - 13:00","zo":"gesloten","ma":"07:00 - 14:00","di":"07:00 - 14:00","wo":"07:00 - 14:00","do":"07:00 - 14:00","vr":"07:00 - 14:00"}}},{"type":"Feature","geometry":{"type":"Point","coordinates":[13.7854924209,45.6496724559]},"properties":{"type":"pakketpunt","locatieNaam":"Alimentari Cenni","straatNaam":"VIA ROSSETTI","straatNr":"37","vervoerder":"DPD","puntType":"pickup_point","bezettingsgraad":50,"latitude":45.6496724559,"longitude":13.7854924209,"canPickup":true,"canDropoff":true,"openingstijden":{"ma":"07:30 - 13:30","di":"07:30 - 13:30","wo":"07:30 - 13:30","do":"07:30 - 13:30","vr":"07:30 - 13:30","za":"07:30 - 13:30","zo":"gesloten"}}},{"type":"Feature","geometry":{"type":"Point","coordinates":[13.7733783,45.6404799]},"properties":{"type":"pakketpunt","locatieNaam":"Elettronica Kalcic","straatNaam":"VIA DANDOLO","straatNr":"5/a","vervoerder":"DPD","puntType":"pickup_point","bezettingsgraad":50,"latitude":45.6404799,"longitude":13.7733783,"canPickup":true,"canDropoff":true,"openingstijden":{"ma":"09:00 - 12:30, 14:30 - 18:00","di":"09:00 - 12:30, 14:30 - 18:00","wo":"09:00 - 12:30, 14:30 - 18:00","do":"09:00 - 12:30, 14:30 - 18:00","vr":"09:00 - 12:30, 14:30 - 18:00","za":"09:00 - 12:30","zo":"gesloten"}}},{"type":"Feature","geometry":{"type":"Point","coordinates":[13.7919593,45.6315783]},"properties":{"type":"pakketpunt","locatieNaam":"Puff Store","straatNaam":"VIA DELL'ISTRIA","straatNr":"103","vervoerder":"DPD","puntType":"pickup_point","bezettingsgraad":50,"latitude":45.6315783,"longitude":13.7919593,"canPickup":true,"canDropoff":true,"openingstijden":{"ma":"09:30 - 12:30, 15:30 - 19:00","di":"09:30 - 12:30, 15:30 - 19:00","wo":"09:30 - 12:30, 15:30 - 19:00","do":"09:30 - 12:30, 15:30 - 19:00","vr":"09:30 - 12:30, 15:30 - 19:00","za":"09:30 - 12:30","zo":"gesloten"}}},{"type":"Feature","geometry":{"type":"Point","coordinates":[13.7958283,45.6407496]},"properties":{"type":"pakketpunt","locatieNaam":"Tabacchi 208","straatNaam":"VIA LAMARMORA","straatNr":"18/B","vervoerder":"DPD","puntType":"pickup_point","bezettingsgraad":50,"latitude":45.6407496,"longitude":13.7958283,"canPickup":true,"canDropoff":true,"openingstijden":{"ma":"07:00 - 13:00, 16:00 - 18:30","di":"07:00 - 13:00, 16:00 - 18:30","wo":"07:00 - 13:00, 16:00 - 18:30","do":"07:00 - 13:00, 16:00 - 18:30","vr":"07:00 - 13:00, 16:00 - 18:30","za":"07:00 - 13:00","zo":"07:00 - 13:00"}}},{"type":"Feature","geometry":{"type":"Point","coordinates":[13.7995258951,45.6197757915]},"properties":{"type":"pakketpunt","locatieNaam":"La. Se.","straatNaam":"VIA PIGAFETTA","straatNr":"6/1","vervoerder":"DPD","puntType":"pickup_point","bezettingsgraad":50,"latitude":45.6197757915,"longitude":13.7995258951,"canPickup":true,"canDropoff":true,"openingstijden":{"ma":"08:30 - 15:00","di":"08:30 - 15:00","wo":"08:30 - 15:00","do":"08:30 - 15:00","vr":"08:30 - 15:00","za":"gesloten","zo":"gesloten"}}},{"type":"Feature","geometry":{"type":"Point","coordinates":[13.78974664,45.6227904]},"properties":{"type":"pakketpunt","locatieNaam":"ACSNC - Trieste","straatNaam":"VIA VALMAURA","straatNr":"31","vervoerder":"DPD","puntType":"pickup_point","bezettingsgraad":50,"latitude":45.6227904,"longitude":13.78974664,"canPickup":true,"canDropoff":true,"openingstijden":{"ma":"08:30 - 12:30, 15:00 - 19:00","di":"08:30 - 12:30, 15:00 - 19:00","wo":"08:30 - 12:30, 15:00 - 19:00","do":"08:30 - 12:30, 15:00 - 19:00","vr":"08:30 - 12:30, 15:00 - 19:00","za":"gesloten","zo":"gesloten"}}},{"type":"Feature","geometry":{"type":"Point","coordinates":[13.7881331,45.6894459]},"properties":{"type":"pakketpunt","locatieNaam":"Tabacchi 196","straatNaam":"VIA DI PROSECCO","straatNr":"15","vervoerder":"DPD","puntType":"pickup_point","bezettingsgraad":50,"latitude":45.6894459,"longitude":13.7881331,"canPickup":true,"canDropoff":true,"openingstijden":{"ma":"07:00 - 13:00, 16:30 - 19:30","di":"07:00 - 13:00, 16:30 - 19:30","wo":"07:00 - 13:00, 16:30 - 19:30","do":"07:00 - 13:00, 16:30 - 19:30","vr":"07:00 - 13:00, 16:30 - 19:30","za":"07:00 - 13:00, 16:30 - 19:30","zo":"gesloten"}}},{"type":"Feature","geometry":{"type":"Point","coordinates":[13.7868416,45.6541686]},"properties":{"type":"pakketpunt","locatieNaam":"KiPoint-Trieste","straatNaam":"VIA GIULIA","straatNr":"10 C","vervoerder":"DPD","puntType":"pickup_point","bezettingsgraad":50,"latitude":45.6541686,"longitude":13.7868416,"canPickup":true,"canDropoff":true,"openingstijden":{"ma":"08:30 - 17:30","di":"08:30 - 17:30","wo":"08:30 - 17:30","do":"08:30 - 17:30","vr":"08:30 - 17:30","za":"gesloten","zo":"gesloten"}}},{"type":"Feature","geometry":{"type":"Point","coordinates":[13.7949096,45.6553043]},"properties":{"type":"pakketpunt","locatieNaam":"Mondadori Point-Trieste","straatNaam":"VIA GIULIA","straatNr":"75-3","vervoerder":"DPD","puntType":"pickup_point","bezettingsgraad":50,"latitude":45.6553043,"longitude":13.7949096,"canPickup":true,"canDropoff":true,"openingstijden":{"ma":"08:00 - 19:30","di":"08:00 - 19:30","wo":"08:00 - 19:30","do":"08:00 - 19:30","vr":"08:00 - 19:30","za":"08:00 - 19:30","zo":"10:00 - 13:00, 16:00 - 19:30"}}},{"type":"Feature","geometry":{"type":"Point","coordinates":[13.7773728,45.6529644]},"properties":{"type":"pakketpunt","locatieNaam":"Colorificio Varesano","straatNaam":"VIA DEL CORONEO","straatNr":"1","vervoerder":"DPD","puntType":"pickup_point","bezettingsgraad":50,"latitude":45.6529644,"longitude":13.7773728,"canPickup":true,"canDropoff":true,"openingstijden":{"ma":"08:30 - 12:30, 15:30 - 18:00","di":"08:30 - 12:30, 15:30 - 18:00","wo":"08:30 - 12:30, 15:30 - 18:00","do":"08:30 - 12:30, 15:30 - 18:00","vr":"08:30 - 12:30, 15:30 - 18:00","za":"09:30 - 12:30","zo":"gesloten"}}},{"type":"Feature","geometry":{"type":"Point","coordinates":[13.7833523,45.6443005]},"properties":{"type":"pakketpunt","locatieNaam":"Posta Express-Trieste","straatNaam":"VIA DELLE SETTEFONTANE","straatNr":"5","vervoerder":"DPD","puntType":"pickup_point","bezettingsgraad":50,"latitude":45.6443005,"longitude":13.7833523,"canPickup":true,"canDropoff":true,"openingstijden":{"ma":"09:00 - 13:00, 15:00 - 18:30","di":"09:00 - 13:00, 15:00 - 18:30","wo":"09:00 - 13:00, 15:00 - 18:30","do":"09:00 - 13:00, 15:00 - 18:30","vr":"09:00 - 13:00, 15:00 - 18:30","za":"gesloten","zo":"gesloten"}}},{"type":"Feature","geometry":{"type":"Point","coordinates":[13.77846072,45.64979833]},"properties":{"type":"pakketpunt","locatieNaam":"Fontana","straatNaam":"VIA DELLA SORGENTE","straatNr":"4","vervoerder":"DPD","puntType":"pickup_point","bezettingsgraad":50,"latitude":45.64979833,"longitude":13.77846072,"canPickup":true,"canDropoff":true,"openingstijden":{"ma":"09:00 - 13:00, 15:00 - 19:00","di":"09:00 - 13:00, 15:00 - 19:00","wo":"09:00 - 13:00, 15:00 - 19:00","do":"09:00 - 13:00, 15:00 - 19:00","vr":"09:00 - 13:00, 15:00 - 19:00","za":"09:00 - 13:00, 15:00 - 19:00","zo":"gesloten"}}},{"type":"Feature","geometry":{"type":"Point","coordinates":[13.76510599,45.64157716]},"properties":{"type":"pakketpunt","locatieNaam":"Bar Neri","straatNaam":"VIA COMBI","straatNr":"18","vervoerder":"DPD","puntType":"pickup_point","bezettingsgraad":50,"latitude":45.64157716,"longitude":13.76510599,"canPickup":true,"canDropoff":true,"openingstijden":{"ma":"06:00 - 19:00","di":"06:00 - 19:00","wo":"06:00 - 19:00","do":"06:00 - 19:00","vr":"06:00 - 19:00","za":"06:00 - 19:00","zo":"06:00 - 13:00"}}},{"type":"Feature","geometry":{"type":"Point","coordinates":[13.773478,45.6528888]},"properties":{"type":"pakketpunt","locatieNaam":"Elma Mini Market","straatNaam":"VIA DI TORRE BIANCA","straatNr":"21B","vervoerder":"DPD","puntType":"pickup_point","bezettingsgraad":50,"latitude":45.6528888,"longitude":13.773478,"canPickup":true,"canDropoff":true,"openingstijden":{"ma":"09:30 - 21:00","di":"09:30 - 21:00","wo":"09:30 - 21:00","do":"09:30 - 21:00","vr":"09:30 - 21:00","za":"09:30 - 21:00","zo":"09:30 - 21:00"}}},{"type":"Feature","geometry":{"type":"Point","coordinates":[13.78383292,45.62518949]},"properties":{"type":"pakketpunt","locatieNaam":"L'Angolo Bar","straatNaam":"VIA DI SERVOLA","straatNr":"116","vervoerder":"DPD","puntType":"pickup_point","bezettingsgraad":50,"latitude":45.62518949,"longitude":13.78383292,"canPickup":true,"canDropoff":true,"openingstijden":{"ma":"07:00 - 20:00","di":"07:00 - 20:00","wo":"07:00 - 20:00","do":"07:00 - 20:00","vr":"07:00 - 20:00","za":"07:00 - 20:00","zo":"08:00 - 13:00"}}},{"type":"Feature","geometry":{"type":"Point","coordinates":[13.77719,45.69012966]},"properties":{"type":"pakketpunt","locatieNaam":"Il Salice Parafarmacia Erboristeria","straatNaam":"LARGO SAN TOMMASO","straatNr":"9","vervoerder":"DPD","puntType":"pickup_point","bezettingsgraad":50,"latitude":45.69012966,"longitude":13.77719,"canPickup":true,"canDropoff":true,"openingstijden":{"ma":"08:30 - 13:00","di":"08:30 - 13:00, 17:00 - 19:00","wo":"08:30 - 13:00, 17:00 - 19:00","do":"08:30 - 13:00, 17:00 - 19:00","vr":"08:30 - 13:00, 17:00 - 19:00","za":"08:45 - 13:00","zo":"gesloten"}}},{"type":"Feature","geometry":{"type":"Point","coordinates":[13.7783032,45.6430801]},"properties":{"type":"pakketpunt","locatieNaam":"Spring Assist","straatNaam":"VIA SAN MARCO","straatNr":"3A","vervoerder":"DPD","puntType":"pickup_point","bezettingsgraad":50,"latitude":45.6430801,"longitude":13.7783032,"canPickup":true,"canDropoff":true,"openingstijden":{"ma":"09:30 - 12:00, 13:00 - 17:30","di":"09:30 - 12:00, 13:00 - 17:30","wo":"09:30 - 12:00, 13:00 - 17:30","do":"09:30 - 12:00, 13:00 - 17:30","vr":"09:30 - 12:00, 13:00 - 17:30","za":"gesloten","zo":"gesloten"}}},{"type":"Feature","geometry":{"type":"Point","coordinates":[13.7870904,45.6428822]},"properties":{"type":"pakketpunt","locatieNaam":"Il Matitone-Trieste","straatNaam":"VIA DELLE SETTEFONTANE","straatNr":"36 D","vervoerder":"DPD","puntType":"pickup_point","bezettingsgraad":50,"latitude":45.6428822,"longitude":13.7870904,"canPickup":true,"canDropoff":true,"openingstijden":{"ma":"08:00 - 12:30, 16:00 - 19:00","di":"08:00 - 12:30, 16:00 - 19:00","wo":"08:00 - 12:30, 16:00 - 19:00","do":"08:00 - 12:30, 16:00 - 19:00","vr":"08:00 - 12:30, 16:00 - 19:00","za":"09:00 - 12:30","zo":"gesloten"}}},{"type":"Feature","geometry":{"type":"Point","coordinates":[13.7950927,45.65783]},"properties":{"type":"pakketpunt","locatieNaam":"Goblin","straatNaam":"VIA DELLO SCOGLIO","straatNr":"137","vervoerder":"DPD","puntType":"pickup_point","bezettingsgraad":50,"latitude":45.65783,"longitude":13.7950927,"canPickup":true,"canDropoff":true,"openingstijden":{"ma":"gesloten","di":"09:00 - 11:30, 16:00 - 23:30","wo":"09:00 - 11:30, 16:00 - 23:30","do":"09:00 - 11:30, 16:00 - 23:30","vr":"09:00 - 11:30, 16:00 - 23:30","za":"09:00 - 11:30, 16:00 - 23:30","zo":"09:00 - 11:30, 16:00 - 23:30"}}},{"type":"Feature","geometry":{"type":"Point","coordinates":[13.7807931,45.6506883]},"properties":{"type":"pakketpunt","locatieNaam":"Europe & Green","straatNaam":"VIA GINNASTICA","straatNr":"19 A","vervoerder":"DPD","puntType":"pickup_point","bezettingsgraad":50,"latitude":45.6506883,"longitude":13.7807931,"canPickup":true,"canDropoff":true,"openingstijden":{"ma":"09:00 - 17:00","di":"09:00 - 17:00","wo":"09:00 - 17:00","do":"09:00 - 17:00","vr":"09:00 - 17:00","za":"gesloten","zo":"gesloten"}}},{"type":"Feature","geometry":{"type":"Point","coordinates":[13.7639676,45.6467883]},"properties":{"type":"pakketpunt","locatieNaam":"Urbanwear","straatNaam":"VIA TORINO","straatNr":"13","vervoerder":"DPD","puntType":"pickup_point","bezettingsgraad":50,"latitude":45.6467883,"longitude":13.7639676,"canPickup":true,"canDropoff":true,"openingstijden":{"ma":"gesloten","di":"09:00 - 12:30, 15:30 - 19:30","wo":"09:00 - 12:30, 15:30 - 19:30","do":"09:00 - 12:30, 15:30 - 19:30","vr":"09:00 - 12:30, 15:30 - 19:30","za":"09:00 - 12:30, 15:30 - 19:30","zo":"gesloten"}}},{"type":"Feature","geometry":{"type":"Point","coordinates":[13.7507465,45.6838336]},"properties":{"type":"pakketpunt","locatieNaam":"Bar Franza","straatNaam":"VIALE MIRAMARE","straatNr":"157 B","vervoerder":"DPD","puntType":"pickup_point","bezettingsgraad":50,"latitude":45.6838336,"longitude":13.7507465,"canPickup":true,"canDropoff":true,"openingstijden":{"ma":"06:15 - 21:00","di":"06:15 - 21:00","wo":"06:15 - 21:00","do":"06:15 - 21:00","vr":"06:15 - 21:00","za":"06:15 - 21:00","zo":"06:15 - 21:00"}}},{"type":"Feature","geometry":{"type":"Point","coordinates":[13.7726245,45.649812]},"properties":{"type":"pakketpunt","locatieNaam":"AC Consulting Italia Spa","straatNaam":"CORSO ITALIA","straatNr":"11","vervoerder":"DPD","puntType":"pickup_point","bezettingsgraad":50,"latitude":45.649812,"longitude":13.7726245,"canPickup":true,"canDropoff":true,"openingstijden":{"ma":"08:00 - 18:00","di":"08:00 - 18:00","wo":"08:00 - 18:00","do":"08:00 - 16:00","vr":"08:00 - 16:00","za":"gesloten","zo":"gesloten"}}},{"type":"Feature","geometry":{"type":"Point","coordinates":[13.80475157,45.62195517]},"properties":{"type":"pakketpunt","locatieNaam":"Autoscuola Corner","straatNaam":"VIA FLAVIA","straatNr":"22","vervoerder":"DPD","puntType":"pickup_point","bezettingsgraad":50,"latitude":45.62195517,"longitude":13.80475157,"canPickup":true,"canDropoff":true,"openingstijden":{"ma":"10:00 - 14:00, 15:00 - 18:00","di":"10:00 - 14:00, 15:00 - 18:00","wo":"10:00 - 14:00, 15:00 - 18:00","do":"10:00 - 14:00, 15:00 - 18:00","vr":"10:00 - 14:00, 15:00 - 18:00","za":"gesloten","zo":"gesloten"}}},{"type":"Feature","geometry":{"type":"Point","coordinates":[13.82460822,45.61418981]},"properties":{"type":"pakketpunt","locatieNaam":"BRT LOCKER - CONAD via Morpurgo","straatNaam":"VIA EDGARDO MORPURGO - TRIESTE","straatNr":"","vervoerder":"DPD","puntType":"dpd_box","bezettingsgraad":50,"latitude":45.61418981,"longitude":13.82460822,"canPickup":true,"canDropoff":true,"openingstijden":{"ma":"07:30 - 20:30","di":"07:30 - 20:30","wo":"07:30 - 20:30","do":"07:30 - 20:30","vr":"07:30 - 20:30","za":"07:30 - 20:30","zo":"08:30 - 19:00"}}},{"type":"Feature","geometry":{"type":"Point","coordinates":[13.7923714,45.6306091]},"properties":{"type":"pakketpunt","locatieNaam":"Rivendita Tabacchi 146","straatNaam":"VIA DEI SONCINI","straatNr":"6","vervoerder":"DPD","puntType":"pickup_point","bezettingsgraad":50,"latitude":45.6306091,"longitude":13.7923714,"canPickup":true,"canDropoff":true,"openingstijden":{"ma":"08:30 - 12:30, 16:00 - 19:00","di":"08:30 - 12:30, 16:00 - 19:00","wo":"08:30 - 12:30, 16:00 - 19:00","do":"08:30 - 12:30, 16:00 - 19:00","vr":"08:30 - 12:30, 16:00 - 19:00","za":"08:30 - 12:30","zo":"gesloten"}}},{"type":"Feature","geometry":{"type":"Point","coordinates":[13.7831731,45.6440884]},"properties":{"type":"pakketpunt","locatieNaam":"Agenzia Hera Est Energy","straatNaam":"VIALE G. D'ANNUNZIO","straatNr":"18 A","vervoerder":"DPD","puntType":"pickup_point","bezettingsgraad":50,"latitude":45.6440884,"longitude":13.7831731,"canPickup":true,"canDropoff":true,"openingstijden":{"ma":"09:00 - 13:00, 15:00 - 18:00","di":"09:00 - 13:00, 15:00 - 18:00","wo":"09:00 - 13:00, 15:00 - 18:00","do":"09:00 - 13:00, 15:00 - 18:00","vr":"09:00 - 13:00, 15:00 - 18:00","za":"gesloten","zo":"gesloten"}}},{"type":"Feature","geometry":{"type":"Point","coordinates":[13.8249712,45.6191891]},"properties":{"type":"pakketpunt","locatieNaam":"Gamestrust TS Studio","straatNaam":"PIAZZA XXV APRILE","straatNr":"10","vervoerder":"DPD","puntType":"pickup_point","bezettingsgraad":50,"latitude":45.6191891,"longitude":13.8249712,"canPickup":true,"canDropoff":true,"openingstijden":{"ma":"16:30 - 20:00","di":"10:30 - 13:00, 16:30 - 20:00","wo":"08:30 - 13:00, 16:30 - 20:00","do":"16:30 - 20:00","vr":"08:30 - 13:00, 15:00 - 19:00","za":"10:30 - 13:00, 16:30 - 20:00","zo":"16:30 - 20:00"}}},{"type":"Feature","geometry":{"type":"Point","coordinates":[13.7752371,45.651659]},"properties":{"type":"pakketpunt","locatieNaam":"Mr.Casa","straatNaam":"VIA DELLA ZONTA","straatNr":"1","vervoerder":"DPD","puntType":"pickup_point","bezettingsgraad":50,"latitude":45.651659,"longitude":13.7752371,"canPickup":true,"canDropoff":true,"openingstijden":{"ma":"09:30 - 13:00, 16:00 - 19:30","di":"09:30 - 13:00, 16:00 - 19:30","wo":"09:30 - 13:00, 16:00 - 19:30","do":"09:30 - 13:00, 16:00 - 19:30","vr":"09:30 - 13:00, 16:00 - 19:30","za":"09:30 - 13:00, 16:00 - 19:30","zo":"gesloten"}}},{"type":"Feature","geometry":{"type":"Point","coordinates":[13.7789238,45.6472477]},"properties":{"type":"pakketpunt","locatieNaam":"Mamylow","straatNaam":"VIA PONDARES","straatNr":"4-A","vervoerder":"DPD","puntType":"pickup_point","bezettingsgraad":50,"latitude":45.6472477,"longitude":13.7789238,"canPickup":true,"canDropoff":true,"openingstijden":{"ma":"07:00 - 17:00","di":"07:00 - 17:00","wo":"07:00 - 17:00","do":"07:00 - 17:00","vr":"07:00 - 17:00","za":"08:00 - 12:00","zo":"gesloten"}}},{"type":"Feature","geometry":{"type":"Point","coordinates":[13.79684,45.61595]},"properties":{"type":"pakketpunt","locatieNaam":"","straatNaam":"Via di Giarizzole","straatNr":"38","vervoerder":"InPost","puntType":"automaat","bezettingsgraad":50,"latitude":45.61595,"longitude":13.79684,"canPickup":true,"canDropoff":true,"openingstijden":null}},{"type":"Feature","geometry":{"type":"Point","coordinates":[13.78037,45.64508]},"properties":{"type":"pakketpunt","locatieNaam":"InPost Point","straatNaam":"Via della Scalinata","straatNr":"1g","vervoerder":"InPost","puntType":"servicepunt","bezettingsgraad":50,"latitude":45.64508,"longitude":13.78037,"canPickup":true,"canDropoff":true,"openingstijden":"Lun-Sab: 08:00 - 12:30 - 16:30 - 19:30"}},{"type":"Feature","geometry":{"type":"Point","coordinates":[13.79227,45.63052]},"properties":{"type":"pakketpunt","locatieNaam":"InPost Point","straatNaam":"Via dei Soncini","straatNr":"6","vervoerder":"InPost","puntType":"servicepunt","bezettingsgraad":50,"latitude":45.63052,"longitude":13.79227,"canPickup":true,"canDropoff":true,"openingstijden":"Lun-Sab: 08:00 - 12:30 - 16:00 - 19:00"}},{"type":"Feature","geometry":{"type":"Point","coordinates":[13.78997,45.62237]},"properties":{"type":"pakketpunt","locatieNaam":"InPost Point","straatNaam":"Via Valmaura","straatNr":"4","vervoerder":"InPost","puntType":"servicepunt","bezettingsgraad":50,"latitude":45.62237,"longitude":13.78997,"canPickup":true,"canDropoff":true,"openingstijden":"Lun-Sab: 08:00 - 19:30"}},{"type":"Feature","geometry":{"type":"Point","coordinates":[13.7868,45.65435]},"properties":{"type":"pakketpunt","locatieNaam":"InPost Point","straatNaam":"Via Giulia","straatNr":"10c","vervoerder":"InPost","puntType":"servicepunt","bezettingsgraad":50,"latitude":45.65435,"longitude":13.7868,"canPickup":true,"canDropoff":true,"openingstijden":"Lun-Ven: 08:30 - 17:30"}},{"type":"Feature","geometry":{"type":"Point","coordinates":[13.77711,45.65333]},"properties":{"type":"pakketpunt","locatieNaam":"InPost Point","straatNaam":"Via del Coroneo","straatNr":"4","vervoerder":"InPost","puntType":"servicepunt","bezettingsgraad":50,"latitude":45.65333,"longitude":13.77711,"canPickup":true,"canDropoff":true,"openingstijden":"Lun-Ven: 08:45 - 12:15 - 15:00 - 18:30 Sab: 08:45 - 12:00"}},{"type":"Feature","geometry":{"type":"Point","coordinates":[13.75072,45.68394]},"properties":{"type":"pakketpunt","locatieNaam":"InPost Point","straatNaam":"Viale Miramare","straatNr":"157","vervoerder":"InPost","puntType":"servicepunt","bezettingsgraad":50,"latitude":45.68394,"longitude":13.75072,"canPickup":true,"canDropoff":true,"openingstijden":"Lun-Sab: 06:00 - 21:00 Dom: 07:00 - 21:00"}},{"type":"Feature","geometry":{"type":"Point","coordinates":[13.7871,45.64301]},"properties":{"type":"pakketpunt","locatieNaam":"InPost Point","straatNaam":"Via delle Settefontane","straatNr":"36d","vervoerder":"InPost","puntType":"servicepunt","bezettingsgraad":50,"latitude":45.64301,"longitude":13.7871,"canPickup":true,"canDropoff":true,"openingstijden":"Lun-Ven: 08:00 - 12:30 - 16:00 - 19:00 - Sab: 09:00 - 12:30"}},{"type":"Feature","geometry":{"type":"Point","coordinates":[13.77716,45.69014]},"properties":{"type":"pakketpunt","locatieNaam":"InPost Point","straatNaam":"Largo San Tommaso, 9, Trieste, Province of Trieste, Italy","straatNr":"9","vervoerder":"InPost","puntType":"servicepunt","bezettingsgraad":50,"latitude":45.69014,"longitude":13.77716,"canPickup":true,"canDropoff":true,"openingstijden":"Lun 08:30-13:00; Mar-Ven 08:30-13:00, 16:00-19:00; Sab 09:00-13:00"}},{"type":"Feature","geometry":{"type":"Point","coordinates":[13.78201,45.65678]},"properties":{"type":"pakketpunt","locatieNaam":"InPost Locker","straatNaam":"Via Fabio Severo","straatNr":"28-30","vervoerder":"InPost","puntType":"automaat","bezettingsgraad":50,"latitude":45.65678,"longitude":13.78201,"canPickup":true,"canDropoff":true,"openingstijden":null}},{"type":"Feature","geometry":{"type":"Point","coordinates":[13.75659,45.64428]},"properties":{"type":"pakketpunt","locatieNaam":"","straatNaam":"Via Guido Reni","straatNr":"1","vervoerder":"InPost","puntType":"automaat","bezettingsgraad":50,"latitude":45.64428,"longitude":13.75659,"canPickup":true,"canDropoff":true,"openingstijden":null}},{"type":"Feature","geometry":{"type":"Point","coordinates":[13.79207,45.63982]},"properties":{"type":"pakketpunt","locatieNaam":"InPost Locker 24/7","straatNaam":"Via Pollaiuolo","straatNr":"4","vervoerder":"InPost","puntType":"automaat","bezettingsgraad":50,"latitude":45.63982,"longitude":13.79207,"canPickup":true,"canDropoff":true,"openingstijden":null}},{"type":"Feature","geometry":{"type":"Point","coordinates":[13.77338,45.64048]},"properties":{"type":"pakketpunt","locatieNaam":"InPost Locker","straatNaam":"Via Dandolo Enrico","straatNr":"5A","vervoerder":"InPost","puntType":"automaat","bezettingsgraad":50,"latitude":45.64048,"longitude":13.77338,"canPickup":true,"canDropoff":true,"openingstijden":null}},{"type":"Feature","geometry":{"type":"Point","coordinates":[13.77306,45.64953]},"properties":{"type":"pakketpunt","locatieNaam":"InPost Locker","straatNaam":"Corso Italia","straatNr":"9","vervoerder":"InPost","puntType":"automaat","bezettingsgraad":50,"latitude":45.64953,"longitude":13.77306,"canPickup":true,"canDropoff":true,"openingstijden":null}},{"type":"Feature","geometry":{"type":"Point","coordinates":[13.78335,45.6443]},"properties":{"type":"pakketpunt","locatieNaam":"","straatNaam":"Via delle Settefontane","straatNr":"5","vervoerder":"InPost","puntType":"automaat","bezettingsgraad":50,"latitude":45.6443,"longitude":13.78335,"canPickup":true,"canDropoff":true,"openingstijden":null}},{"type":"Feature","geometry":{"type":"Point","coordinates":[13.81939,45.61159]},"properties":{"type":"pakketpunt","locatieNaam":"InPost Locker 24/7","straatNaam":"Via Flavia","straatNr":"120/1","vervoerder":"InPost","puntType":"automaat","bezettingsgraad":50,"latitude":45.61159,"longitude":13.81939,"canPickup":true,"canDropoff":true,"openingstijden":null}},{"type":"Feature","geometry":{"type":"Point","coordinates":[13.78889,45.64004]},"properties":{"type":"pakketpunt","locatieNaam":"InPost Locker 24/7","straatNaam":"Piazza Foraggi","straatNr":"9","vervoerder":"InPost","puntType":"automaat","bezettingsgraad":50,"latitude":45.64004,"longitude":13.78889,"canPickup":true,"canDropoff":true,"openingstijden":null}},{"type":"Feature","geometry":{"type":"Point","coordinates":[13.78055,45.63367]},"properties":{"type":"pakketpunt","locatieNaam":"InPost Locker 24/7","straatNaam":"Via Bartolomeo d'Alviano","straatNr":"23","vervoerder":"InPost","puntType":"automaat","bezettingsgraad":50,"latitude":45.63367,"longitude":13.78055,"canPickup":true,"canDropoff":true,"openingstijden":"24/7"}},{"type":"Feature","geometry":{"type":"Point","coordinates":[13.8255888,45.6129938]},"properties":{"type":"pakketpunt","locatieNaam":"Q8","straatNaam":"Strada Della Rosandra","straatNr":"62","vervoerder":"GLS","puntType":"parcel_shop","bezettingsgraad":50,"latitude":45.6129938,"longitude":13.8255888,"canPickup":true,"canDropoff":true,"openingstijden":"za: 07:00 - 13:00; ma: 07:00 - 19:00"}},{"type":"Feature","geometry":{"type":"Point","coordinates":[13.8249712,45.6191891]},"properties":{"type":"pakketpunt","locatieNaam":"GAMESTRUST TS STUDIO","straatNaam":"Piazza Xxv Aprile","straatNr":"10","vervoerder":"GLS","puntType":"parcel_shop","bezettingsgraad":50,"latitude":45.6191891,"longitude":13.8249712,"canPickup":true,"canDropoff":true,"openingstijden":"za: 10:30 - 13:00, 16:30 - 20:00; zo: 16:30 - 20:00"}},{"type":"Feature","geometry":{"type":"Point","coordinates":[13.7992161,45.6199118]},"properties":{"type":"pakketpunt","locatieNaam":"La.Se.","straatNaam":"Via A. Pigafetta","straatNr":"6/1","vervoerder":"GLS","puntType":"parcel_shop","bezettingsgraad":50,"latitude":45.6199118,"longitude":13.7992161,"canPickup":true,"canDropoff":true,"openingstijden":"ma: 08:30 - 15:00; di: 08:30 - 15:00"}},{"type":"Feature","geometry":{"type":"Point","coordinates":[13.7897088,45.6228371]},"properties":{"type":"pakketpunt","locatieNaam":"AC SNC","straatNaam":"Valmaura","straatNr":"31","vervoerder":"GLS","puntType":"parcel_shop","bezettingsgraad":50,"latitude":45.6228371,"longitude":13.7897088,"canPickup":true,"canDropoff":true,"openingstijden":"ma: 08:30 - 12:30, 15:00 - 19:00; di: 08:30 - 12:30, 15:00 - 19:00"}},{"type":"Feature","geometry":{"type":"Point","coordinates":[13.7838464,45.6252008]},"properties":{"type":"pakketpunt","locatieNaam":"L'angolo Bar Tabacchi","straatNaam":"Via Di Servola","straatNr":"116","vervoerder":"GLS","puntType":"parcel_shop","bezettingsgraad":50,"latitude":45.6252008,"longitude":13.7838464,"canPickup":true,"canDropoff":true,"openingstijden":"za: 07:00 - 20:00; zo: 08:00 - 13:00"}},{"type":"Feature","geometry":{"type":"Point","coordinates":[13.80521,45.6268554]},"properties":{"type":"pakketpunt","locatieNaam":"Venite e Vedete di SANTAROSSA LORENZO","straatNaam":"Via Pagano","straatNr":"3a","vervoerder":"GLS","puntType":"parcel_shop","bezettingsgraad":50,"latitude":45.6268554,"longitude":13.80521,"canPickup":true,"canDropoff":true,"openingstijden":"za: 06:30 - 13:00, 16:30 - 19:30; zo: 06:30 - 13:00, 16:30 - 19:30"}},{"type":"Feature","geometry":{"type":"Point","coordinates":[13.792328,45.6306343]},"properties":{"type":"pakketpunt","locatieNaam":"Rivendita tabacchi 146","straatNaam":"Via Dei Soncini","straatNr":"6","vervoerder":"GLS","puntType":"parcel_shop","bezettingsgraad":50,"latitude":45.6306343,"longitude":13.792328,"canPickup":true,"canDropoff":true,"openingstijden":"za: 08:30 - 12:30; ma: 08:30 - 12:30, 16:00 - 19:00"}},{"type":"Feature","geometry":{"type":"Point","coordinates":[13.7806413,45.6339539]},"properties":{"type":"pakketpunt","locatieNaam":"GLS Locker TS001A presso cc Torri d'Europa (ingresso parcheggio coperto, settore F)","straatNaam":"Via Bartolomeo D'Alviano","straatNr":"23","vervoerder":"GLS","puntType":"locker","bezettingsgraad":50,"latitude":45.6339539,"longitude":13.7806413,"canPickup":true,"canDropoff":false,"openingstijden":"za: 09:00 - 20:00; zo: 10:00 - 20:00"}},{"type":"Feature","geometry":{"type":"Point","coordinates":[13.7733783,45.6404799]},"properties":{"type":"pakketpunt","locatieNaam":"KALCIC","straatNaam":"Via Dandolo","straatNr":"5a","vervoerder":"GLS","puntType":"parcel_shop","bezettingsgraad":50,"latitude":45.6404799,"longitude":13.7733783,"canPickup":true,"canDropoff":true,"openingstijden":"za: 09:00 - 12:30; ma: 09:00 - 12:30, 14:30 - 18:00"}},{"type":"Feature","geometry":{"type":"Point","coordinates":[13.7833523,45.6443005]},"properties":{"type":"pakketpunt","locatieNaam":"PostaExpress/MM Solutions","straatNaam":"Via Delle Settefontane","straatNr":"5","vervoerder":"GLS","puntType":"parcel_shop","bezettingsgraad":50,"latitude":45.6443005,"longitude":13.7833523,"canPickup":true,"canDropoff":true,"openingstijden":"ma: 09:00 - 13:00, 14:00 - 18:00; di: 09:00 - 13:00, 14:00 - 18:00"}},{"type":"Feature","geometry":{"type":"Point","coordinates":[13.8026516,45.6446013]},"properties":{"type":"pakketpunt","locatieNaam":"Bar Altrove","straatNaam":"Via San Pasquale","straatNr":"46/B","vervoerder":"GLS","puntType":"parcel_shop","bezettingsgraad":50,"latitude":45.6446013,"longitude":13.8026516,"canPickup":true,"canDropoff":true,"openingstijden":"za: 07:00 - 19:00; zo: 08:00 - 20:00"}},{"type":"Feature","geometry":{"type":"Point","coordinates":[13.7605259,45.645603]},"properties":{"type":"pakketpunt","locatieNaam":"Adria Marine","straatNaam":"Via Lazzaretto Vecchio","straatNr":"13/B","vervoerder":"GLS","puntType":"parcel_shop","bezettingsgraad":50,"latitude":45.645603,"longitude":13.7605259,"canPickup":true,"canDropoff":true,"openingstijden":"za: 08:30 - 12:30, 15:30 - 18:00; di: 08:30 - 12:30, 15:30 - 19:00"}},{"type":"Feature","geometry":{"type":"Point","coordinates":[13.7639676,45.6467883]},"properties":{"type":"pakketpunt","locatieNaam":"Urbanwear","straatNaam":"Via Torino","straatNr":"13","vervoerder":"GLS","puntType":"parcel_shop","bezettingsgraad":50,"latitude":45.6467883,"longitude":13.7639676,"canPickup":true,"canDropoff":true,"openingstijden":"za: 09:00 - 12:30, 15:30 - 19:30; di: 09:00 - 12:30, 15:30 - 19:30"}},{"type":"Feature","geometry":{"type":"Point","coordinates":[13.7793768,45.6472619]},"properties":{"type":"pakketpunt","locatieNaam":"Arif","straatNaam":"Largo Della Barriera Vecchia","straatNr":"8","vervoerder":"GLS","puntType":"parcel_shop","bezettingsgraad":50,"latitude":45.6472619,"longitude":13.7793768,"canPickup":true,"canDropoff":true,"openingstijden":"za: 10:30 - 14:00, 17:00 - 23:00; ma: 10:30 - 14:00, 17:00 - 23:00"}},{"type":"Feature","geometry":{"type":"Point","coordinates":[13.778723,45.6473302]},"properties":{"type":"pakketpunt","locatieNaam":"BREM Cafe'","straatNaam":"Via Pondares","straatNr":"4/A","vervoerder":"GLS","puntType":"parcel_shop","bezettingsgraad":50,"latitude":45.6473302,"longitude":13.778723,"canPickup":true,"canDropoff":true,"openingstijden":"ma: 07:00 - 15:00; di: 07:00 - 15:00"}},{"type":"Feature","geometry":{"type":"Point","coordinates":[13.7726245,45.649812]},"properties":{"type":"pakketpunt","locatieNaam":"AC CONSULTING ITALIA SPA","straatNaam":"Corso Italia","straatNr":"11","vervoerder":"GLS","puntType":"parcel_shop","bezettingsgraad":50,"latitude":45.649812,"longitude":13.7726245,"canPickup":true,"canDropoff":true,"openingstijden":"ma: 08:00 - 18:00; di: 08:00 - 18:00"}},{"type":"Feature","geometry":{"type":"Point","coordinates":[13.779206,45.650231]},"properties":{"type":"pakketpunt","locatieNaam":"CENTROCONTABILE BUFFETTI","straatNaam":"Via Del Toro","straatNr":"18","vervoerder":"GLS","puntType":"parcel_shop","bezettingsgraad":50,"latitude":45.650231,"longitude":13.779206,"canPickup":true,"canDropoff":true,"openingstijden":"ma: 09:00 - 13:00, 16:00 - 19:00; di: 09:00 - 13:00, 16:00 - 19:00"}},{"type":"Feature","geometry":{"type":"Point","coordinates":[13.7790309,45.6517733]},"properties":{"type":"pakketpunt","locatieNaam":"Foto Video Viale","straatNaam":"Viale Xx Settembre","straatNr":"12/B","vervoerder":"GLS","puntType":"parcel_shop","bezettingsgraad":50,"latitude":45.6517733,"longitude":13.7790309,"canPickup":true,"canDropoff":true,"openingstijden":"za: 09:00 - 12:30; ma: 09:00 - 12:30, 16:00 - 19:30"}},{"type":"Feature","geometry":{"type":"Point","coordinates":[13.7773728,45.6529644]},"properties":{"type":"pakketpunt","locatieNaam":"mrs lima Begum","straatNaam":"Via Del Coroneo","straatNr":"1","vervoerder":"GLS","puntType":"parcel_shop","bezettingsgraad":50,"latitude":45.6529644,"longitude":13.7773728,"canPickup":true,"canDropoff":true,"openingstijden":"za: 08:30 - 20:00; zo: 08:30 - 18:30"}},{"type":"Feature","geometry":{"type":"Point","coordinates":[13.7767788,45.6529838]},"properties":{"type":"pakketpunt","locatieNaam":"colori varesano vip","straatNaam":"Via Coroneo","straatNr":"1B","vervoerder":"GLS","puntType":"parcel_shop","bezettingsgraad":50,"latitude":45.6529838,"longitude":13.7767788,"canPickup":true,"canDropoff":true,"openingstijden":"za: 09:00 - 12:00; ma: 08:00 - 12:30, 15:30 - 18:00"}},{"type":"Feature","geometry":{"type":"Point","coordinates":[13.777023,45.6532655]},"properties":{"type":"pakketpunt","locatieNaam":"AUTOFORNITURE","straatNaam":"Via Del Coroneo","straatNr":"4A","vervoerder":"GLS","puntType":"parcel_shop","bezettingsgraad":50,"latitude":45.6532655,"longitude":13.777023,"canPickup":true,"canDropoff":true,"openingstijden":"za: 08:30 - 12:30; ma: 08:30 - 12:30, 14:30 - 18:30"}},{"type":"Feature","geometry":{"type":"Point","coordinates":[13.7880268,45.6543981]},"properties":{"type":"pakketpunt","locatieNaam":"Teloassicuro.it","straatNaam":"Via Giulia","straatNr":"20D","vervoerder":"GLS","puntType":"parcel_shop","bezettingsgraad":50,"latitude":45.6543981,"longitude":13.7880268,"canPickup":true,"canDropoff":true,"openingstijden":"za: 09:30 - 12:00; ma: 09:30 - 13:00, 16:00 - 19:30"}},{"type":"Feature","geometry":{"type":"Point","coordinates":[13.7949096,45.6553043]},"properties":{"type":"pakketpunt","locatieNaam":"Mondadori point","straatNaam":"Via Giulia","straatNr":"75/3","vervoerder":"GLS","puntType":"parcel_shop","bezettingsgraad":50,"latitude":45.6553043,"longitude":13.7949096,"canPickup":true,"canDropoff":true,"openingstijden":"za: 08:30 - 19:30; zo: 09:30 - 19:30"}},{"type":"Feature","geometry":{"type":"Point","coordinates":[13.7847512,45.656688]},"properties":{"type":"pakketpunt","locatieNaam":"Sailpost","straatNaam":"Via Fabio Severo","straatNr":"46","vervoerder":"GLS","puntType":"parcel_shop","bezettingsgraad":50,"latitude":45.656688,"longitude":13.7847512,"canPickup":true,"canDropoff":true,"openingstijden":"ma: 08:30 - 12:00; di: 08:30 - 12:00"}},{"type":"Feature","geometry":{"type":"Point","coordinates":[13.7950927,45.65783]},"properties":{"type":"pakketpunt","locatieNaam":"Bar Goblin","straatNaam":"Via Dello Scoglio","straatNr":"137","vervoerder":"GLS","puntType":"parcel_shop","bezettingsgraad":50,"latitude":45.65783,"longitude":13.7950927,"canPickup":true,"canDropoff":true,"openingstijden":"za: 09:00 - 12:00, 16:30 - 23:30; zo: 09:00 - 12:00, 16:30 - 23:30"}},{"type":"Feature","geometry":{"type":"Point","coordinates":[13.7727433,45.6668561]},"properties":{"type":"pakketpunt","locatieNaam":"Tabaccheria Busecchian","straatNaam":"Via Dei Moreri","straatNr":"6","vervoerder":"GLS","puntType":"parcel_shop","bezettingsgraad":50,"latitude":45.6668561,"longitude":13.7727433,"canPickup":true,"canDropoff":true,"openingstijden":"za: 07:00 - 13:00, 16:00 - 19:30; ma: 07:00 - 13:00, 16:00 - 19:30"}},{"type":"Feature","geometry":{"type":"Point","coordinates":[13.7881331,45.6894459]},"properties":{"type":"pakketpunt","locatieNaam":"Tabacchi 196","straatNaam":"Via Di Prosecco","straatNr":"15","vervoerder":"GLS","puntType":"parcel_shop","bezettingsgraad":50,"latitude":45.6894459,"longitude":13.7881331,"canPickup":true,"canDropoff":true,"openingstijden":"za: 07:00 - 13:00, 16:30 - 19:30; ma: 07:00 - 13:00, 16:30 - 19:30"}},{"type":"Feature","geometry":{"type":"Point","coordinates":[13.7771251,45.6901399]},"properties":{"type":"pakketpunt","locatieNaam":"Il Salice Parafarmacia Erboristeria","straatNaam":"Largo San Tommaso","straatNr":"9","vervoerder":"GLS","puntType":"parcel_shop","bezettingsgraad":50,"latitude":45.6901399,"longitude":13.7771251,"canPickup":true,"canDropoff":true,"openingstijden":"za: 08:30 - 13:00; ma: 08:30 - 13:00"}},{"type":"Feature","geometry":{"type":"Point","coordinates":[13.824025,45.619434]},"properties":{"type":"pakketpunt","locatieNaam":"Ufficio Postale TRIESTE 19","straatNaam":"PIAZZA VENTICINQUE APRILE 5","straatNr":"","vervoerder":"DHL","puntType":"postOffice","bezettingsgraad":50,"latitude":45.619434,"longitude":13.824025,"canPickup":true,"canDropoff":true,"openingstijden":{"ma":"08:20 - 13:35","di":"08:20 - 13:35","wo":"08:20 - 13:35","do":"08:20 - 13:35","vr":"08:20 - 13:35","za":"08:20 - 12:35","zo":"gesloten"}}},{"type":"Feature","geometry":{"type":"Point","coordinates":[13.813038,45.620919]},"properties":{"type":"pakketpunt","locatieNaam":"SDA Trieste","straatNaam":"VIA BRIGATA CASALE 4","straatNr":"","vervoerder":"DHL","puntType":"parcelShop","bezettingsgraad":50,"latitude":45.620919,"longitude":13.813038,"canPickup":false,"canDropoff":true,"openingstijden":{"ma":"11:00 - 17:30","di":"11:00 - 17:30","wo":"11:30 - 17:30","do":"11:00 - 17:30","vr":"11:00 - 17:30","za":"09:30 - 12:00","zo":"gesloten"}}},{"type":"Feature","geometry":{"type":"Point","coordinates":[13.755423,45.646242]},"properties":{"type":"pakketpunt","locatieNaam":"Ufficio Postale TRIESTE 11","straatNaam":"VIA GIULIO CESARE 1","straatNr":"","vervoerder":"DHL","puntType":"postOffice","bezettingsgraad":50,"latitude":45.646242,"longitude":13.755423,"canPickup":true,"canDropoff":true,"openingstijden":{"ma":"08:20 - 13:35","di":"08:20 - 13:35","wo":"08:20 - 13:35","do":"08:20 - 13:35","vr":"08:20 - 13:35","za":"08:20 - 12:35","zo":"gesloten"}}},{"type":"Feature","geometry":{"type":"Point","coordinates":[13.7599,45.6451]},"properties":{"type":"pakketpunt","locatieNaam":"COPYRIGHT","straatNaam":"Via Lazzaretto Vecchio 15/a","straatNr":"","vervoerder":"DHL","puntType":"parcelShop","bezettingsgraad":50,"latitude":45.6451,"longitude":13.7599,"canPickup":false,"canDropoff":true,"openingstijden":{"ma":"11:00 - 19:00","di":"11:00 - 19:00","wo":"11:00 - 19:00","do":"11:00 - 19:00","vr":"11:00 - 19:00","za":"11:00 - 13:00","zo":"gesloten"}}},{"type":"Feature","geometry":{"type":"Point","coordinates":[13.7669,45.644888]},"properties":{"type":"pakketpunt","locatieNaam":"PARCHEGGIO GARAGE SAN VITO","straatNaam":"VIA TIGOR 18-1","straatNr":"","vervoerder":"DHL","puntType":"packStation","bezettingsgraad":50,"latitude":45.644888,"longitude":13.7669,"canPickup":true,"canDropoff":true,"openingstijden":{"ma":"06:45 - 21:00","di":"06:45 - 21:00","wo":"06:45 - 21:00","do":"06:45 - 21:00","vr":"06:45 - 21:00","za":"06:45 - 21:00","zo":"08:00 - 13:00, 17:00 - 21:00"}}},{"type":"Feature","geometry":{"type":"Point","coordinates":[13.765352,45.641675]},"properties":{"type":"pakketpunt","locatieNaam":"TABACCHERIA N. 134","straatNaam":"VIA ARTURO COLAUTTI 6","straatNr":"","vervoerder":"DHL","puntType":"parcelShop","bezettingsgraad":50,"latitude":45.641675,"longitude":13.765352,"canPickup":true,"canDropoff":true,"openingstijden":{"ma":"08:00 - 13:00, 16:30 - 19:00","di":"08:00 - 13:00, 16:30 - 19:00","wo":"08:00 - 13:00, 16:30 - 19:00","do":"08:00 - 13:00, 16:30 - 19:00","vr":"08:00 - 13:00, 16:30 - 19:00","za":"08:00 - 13:00, 16:30 - 19:00","zo":"gesloten"}}},{"type":"Feature","geometry":{"type":"Point","coordinates":[13.769207,45.650615]},"properties":{"type":"pakketpunt","locatieNaam":"Ufficio Postale TRIESTE 3","straatNaam":"PIAZZA GIUSEPPE VERDI 2","straatNr":"","vervoerder":"DHL","puntType":"postOffice","bezettingsgraad":50,"latitude":45.650615,"longitude":13.769207,"canPickup":true,"canDropoff":true,"openingstijden":{"ma":"08:20 - 19:05","di":"08:20 - 19:05","wo":"08:20 - 19:05","do":"08:20 - 19:05","vr":"08:20 - 19:05","za":"08:20 - 12:35","zo":"gesloten"}}},{"type":"Feature","geometry":{"type":"Point","coordinates":[13.76613,45.66651]},"properties":{"type":"pakketpunt","locatieNaam":"TABACCHERIA N. 184","straatNaam":"SALITA DI GRETTA 34-A","straatNr":"","vervoerder":"DHL","puntType":"parcelShop","bezettingsgraad":50,"latitude":45.66651,"longitude":13.76613,"canPickup":true,"canDropoff":true,"openingstijden":{"ma":"06:30 - 20:00","di":"06:30 - 20:00","wo":"06:30 - 20:00","do":"06:30 - 20:00","vr":"06:30 - 20:00","za":"06:30 - 20:00","zo":"07:00 - 13:30"}}},{"type":"Feature","geometry":{"type":"Point","coordinates":[13.762896,45.669935]},"properties":{"type":"pakketpunt","locatieNaam":"TABACCHERIA N. 186","straatNaam":"STRADA DEL FRIULI 43","straatNr":"","vervoerder":"DHL","puntType":"parcelShop","bezettingsgraad":50,"latitude":45.669935,"longitude":13.762896,"canPickup":true,"canDropoff":true,"openingstijden":{"ma":"06:30 - 13:00","di":"06:30 - 13:00","wo":"06:30 - 13:00","do":"06:30 - 13:00","vr":"06:30 - 13:00","za":"06:30 - 13:00","zo":"gesloten"}}},{"type":"Feature","geometry":{"type":"Point","coordinates":[13.768312,45.639321]},"properties":{"type":"pakketpunt","locatieNaam":"TABACCHERIA N. 88","straatNaam":"VIA GIOVANNI SCHIAPARELLI 20-D","straatNr":"","vervoerder":"DHL","puntType":"parcelShop","bezettingsgraad":50,"latitude":45.639321,"longitude":13.768312,"canPickup":true,"canDropoff":true,"openingstijden":{"ma":"08:30 - 12:30, 16:30 - 18:45","di":"08:30 - 12:30, 16:30 - 18:45","wo":"08:30 - 12:30, 16:30 - 18:45","do":"08:30 - 12:30, 16:30 - 18:45","vr":"08:30 - 12:30, 16:30 - 18:45","za":"08:30 - 12:30, 16:30 - 18:45","zo":"gesloten"}}},{"type":"Feature","geometry":{"type":"Point","coordinates":[13.773477,45.654722]},"properties":{"type":"pakketpunt","locatieNaam":"Ufficio Postale TRIESTE CENTRO","straatNaam":"PIAZZA VITTORIO VENETO 1","straatNr":"","vervoerder":"DHL","puntType":"postOffice","bezettingsgraad":50,"latitude":45.654722,"longitude":13.773477,"canPickup":true,"canDropoff":true,"openingstijden":{"ma":"08:20 - 19:05","di":"08:20 - 19:05","wo":"08:20 - 19:05","do":"08:20 - 19:05","vr":"08:20 - 19:05","za":"08:20 - 12:35","zo":"gesloten"}}},{"type":"Feature","geometry":{"type":"Point","coordinates":[13.772822,45.645652]},"properties":{"type":"pakketpunt","locatieNaam":"TABACCHERIA N. 86","straatNaam":"VIA SAN GIUSTO 3-E","straatNr":"","vervoerder":"DHL","puntType":"parcelShop","bezettingsgraad":50,"latitude":45.645652,"longitude":13.772822,"canPickup":true,"canDropoff":true,"openingstijden":{"ma":"gesloten","di":"07:00 - 13:00, 16:00 - 19:00","wo":"07:00 - 13:00, 16:00 - 19:00","do":"07:00 - 13:00, 16:00 - 19:00","vr":"07:00 - 13:00, 16:00 - 19:00","za":"07:00 - 13:00, 16:00 - 19:00","zo":"08:00 - 13:00"}}},{"type":"Feature","geometry":{"type":"Point","coordinates":[13.774036,45.652941]},"properties":{"type":"pakketpunt","locatieNaam":"DHL STORE TRIESTE","straatNaam":"Via Fabio Filzi 9","straatNr":"","vervoerder":"DHL","puntType":"parcelShop","bezettingsgraad":50,"latitude":45.652941,"longitude":13.774036,"canPickup":false,"canDropoff":true,"openingstijden":{"ma":"09:00 - 19:00","di":"09:00 - 19:00","wo":"09:00 - 19:00","do":"09:00 - 19:00","vr":"09:00 - 19:00","za":"10:00 - 13:00","zo":"gesloten"}}},{"type":"Feature","geometry":{"type":"Point","coordinates":[13.774209,45.649885]},"properties":{"type":"pakketpunt","locatieNaam":"Ufficio Postale TRIESTE 21","straatNaam":"VIA SANTA CATERINA DA SIENA 1-A","straatNr":"","vervoerder":"DHL","puntType":"postOffice","bezettingsgraad":50,"latitude":45.649885,"longitude":13.774209,"canPickup":true,"canDropoff":true,"openingstijden":{"ma":"08:20 - 13:35","di":"08:20 - 13:35","wo":"08:20 - 13:35","do":"08:20 - 13:35","vr":"08:20 - 13:35","za":"08:20 - 12:35","zo":"gesloten"}}},{"type":"Feature","geometry":{"type":"Point","coordinates":[13.774515,45.653568]},"properties":{"type":"pakketpunt","locatieNaam":"SIGARETTE ELETTRONICHE LOUN","straatNaam":"VIA MILANO 25-D","straatNr":"","vervoerder":"DHL","puntType":"packStation","bezettingsgraad":50,"latitude":45.653568,"longitude":13.774515,"canPickup":true,"canDropoff":true,"openingstijden":{"ma":"09:30 - 13:00, 16:00 - 19:30","di":"09:30 - 13:00, 16:00 - 19:30","wo":"09:30 - 13:00, 16:00 - 19:30","do":"09:30 - 13:00, 16:00 - 19:30","vr":"09:30 - 13:00, 16:00 - 19:30","za":"09:30 - 13:00, 16:00 - 19:30","zo":"gesloten"}}},{"type":"Feature","geometry":{"type":"Point","coordinates":[13.773531,45.645458]},"properties":{"type":"pakketpunt","locatieNaam":"Ufficio Postale TRIESTE 5","straatNaam":"VIA DONATO BRAMANTE 8","straatNr":"","vervoerder":"DHL","puntType":"postOffice","bezettingsgraad":50,"latitude":45.645458,"longitude":13.773531,"canPickup":true,"canDropoff":true,"openingstijden":{"ma":"08:20 - 13:35","di":"08:20 - 13:35","wo":"08:20 - 13:35","do":"08:20 - 13:35","vr":"08:20 - 13:35","za":"08:20 - 12:35","zo":"gesloten"}}},{"type":"Feature","geometry":{"type":"Point","coordinates":[13.770674,45.664482]},"properties":{"type":"pakketpunt","locatieNaam":"TABACCHERIA N. 59","straatNaam":"VIA LIONELLO STOCK 5-E","straatNr":"","vervoerder":"DHL","puntType":"parcelShop","bezettingsgraad":50,"latitude":45.664482,"longitude":13.770674,"canPickup":true,"canDropoff":true,"openingstijden":{"ma":"07:00 - 20:00","di":"07:00 - 20:00","wo":"07:00 - 20:00","do":"07:00 - 20:00","vr":"07:00 - 20:00","za":"07:00 - 20:00","zo":"gesloten"}}},{"type":"Feature","geometry":{"type":"Point","coordinates":[13.774685,45.655119]},"properties":{"type":"pakketpunt","locatieNaam":"TABACCHERIA N. 63","straatNaam":"PIAZZA DALMAZIA 1-C","straatNr":"","vervoerder":"DHL","puntType":"parcelShop","bezettingsgraad":50,"latitude":45.655119,"longitude":13.774685,"canPickup":true,"canDropoff":true,"openingstijden":{"ma":"07:00 - 14:00","di":"07:00 - 14:00","wo":"07:00 - 14:00","do":"07:00 - 14:00","vr":"07:00 - 14:00","za":"07:00 - 13:00","zo":"gesloten"}}},{"type":"Feature","geometry":{"type":"Point","coordinates":[13.766831,45.669445]},"properties":{"type":"pakketpunt","locatieNaam":"TABACCHERIA N. 245","straatNaam":"VIA VENZONE 7-A","straatNr":"","vervoerder":"DHL","puntType":"parcelShop","bezettingsgraad":50,"latitude":45.669445,"longitude":13.766831,"canPickup":true,"canDropoff":true,"openingstijden":{"ma":"07:00 - 13:00, 16:00 - 19:00","di":"07:00 - 13:00, 16:00 - 19:00","wo":"07:00 - 13:00, 16:00 - 19:00","do":"07:00 - 13:00, 16:00 - 19:00","vr":"07:00 - 13:00, 16:00 - 19:00","za":"07:00 - 13:00, 16:00 - 19:00","zo":"gesloten"}}},{"type":"Feature","geometry":{"type":"Point","coordinates":[13.775501,45.653897]},"properties":{"type":"pakketpunt","locatieNaam":"TABACCHERIA N. 64","straatNaam":"PIAZZA GUGLIELMO OBERDAN 2","straatNr":"","vervoerder":"DHL","puntType":"parcelShop","bezettingsgraad":50,"latitude":45.653897,"longitude":13.775501,"canPickup":true,"canDropoff":true,"openingstijden":{"ma":"07:00 - 13:00, 16:00 - 19:00","di":"07:00 - 13:00, 16:00 - 19:00","wo":"07:00 - 13:00, 16:00 - 19:00","do":"07:00 - 13:00, 16:00 - 19:00","vr":"07:00 - 13:00, 16:00 - 19:00","za":"07:00 - 13:00, 16:00 - 19:00","zo":"gesloten"}}},{"type":"Feature","geometry":{"type":"Point","coordinates":[13.771994,45.665206]},"properties":{"type":"pakketpunt","locatieNaam":"TABACCHERIA n. 181","straatNaam":"PIAZZA TRA I RIVI 1","straatNr":"","vervoerder":"DHL","puntType":"parcelShop","bezettingsgraad":50,"latitude":45.665206,"longitude":13.771994,"canPickup":true,"canDropoff":true,"openingstijden":{"ma":"08:00 - 19:00","di":"08:00 - 19:00","wo":"08:00 - 19:00","do":"08:00 - 19:00","vr":"08:00 - 19:00","za":"08:00 - 19:00","zo":"gesloten"}}},{"type":"Feature","geometry":{"type":"Point","coordinates":[13.776878,45.653037]},"properties":{"type":"pakketpunt","locatieNaam":"COLORIFICIO VARESANO","straatNaam":"VIA DEL CORONEO 1-B","straatNr":"","vervoerder":"DHL","puntType":"parcelShop","bezettingsgraad":50,"latitude":45.653037,"longitude":13.776878,"canPickup":true,"canDropoff":true,"openingstijden":{"ma":"08:00 - 12:30, 15:30 - 18:30","di":"08:00 - 12:30, 15:30 - 18:30","wo":"08:00 - 12:30, 15:30 - 18:30","do":"08:00 - 12:30, 15:30 - 18:30","vr":"08:00 - 12:30, 15:30 - 18:30","za":"08:00 - 12:30, 15:30 - 18:30","zo":"gesloten"}}},{"type":"Feature","geometry":{"type":"Point","coordinates":[13.777049,45.6514]},"properties":{"type":"pakketpunt","locatieNaam":"TABACCHERIA N. 13","straatNaam":"VIA GIOSUE CARDUCCI 17","straatNr":"","vervoerder":"DHL","puntType":"parcelShop","bezettingsgraad":50,"latitude":45.6514,"longitude":13.777049,"canPickup":true,"canDropoff":true,"openingstijden":{"ma":"04:30 - 20:30","di":"04:30 - 20:30","wo":"04:30 - 20:30","do":"04:30 - 20:30","vr":"04:30 - 20:30","za":"04:30 - 20:30","zo":"04:30 - 20:30"}}},{"type":"Feature","geometry":{"type":"Point","coordinates":[13.772298,45.667093]},"properties":{"type":"pakketpunt","locatieNaam":"TABACCHERIA N. 236","straatNaam":"VIA DEI MORERI 6","straatNr":"","vervoerder":"DHL","puntType":"parcelShop","bezettingsgraad":50,"latitude":45.667093,"longitude":13.772298,"canPickup":true,"canDropoff":true,"openingstijden":{"ma":"06:30 - 13:00, 16:00 - 19:30","di":"06:30 - 13:00, 16:00 - 19:30","wo":"06:30 - 13:00, 16:00 - 19:30","do":"06:30 - 13:00, 16:00 - 19:30","vr":"06:30 - 13:00, 16:00 - 19:30","za":"06:30 - 13:00, 16:00 - 19:30","zo":"gesloten"}}},{"type":"Feature","geometry":{"type":"Point","coordinates":[13.772791,45.666778]},"properties":{"type":"pakketpunt","locatieNaam":"Ufficio Postale TRIESTE 9","straatNaam":"VIA DEI MORERI 5","straatNr":"","vervoerder":"DHL","puntType":"postOffice","bezettingsgraad":50,"latitude":45.666778,"longitude":13.772791,"canPickup":true,"canDropoff":true,"openingstijden":{"ma":"08:20 - 13:35","di":"08:20 - 13:35","wo":"08:20 - 13:35","do":"08:20 - 13:35","vr":"08:20 - 13:35","za":"08:20 - 12:35","zo":"gesloten"}}},{"type":"Feature","geometry":{"type":"Point","coordinates":[13.778136,45.650253]},"properties":{"type":"pakketpunt","locatieNaam":"TABACCHERIA N. 7","straatNaam":"LARGO SANTORIO SANTORIO 4","straatNr":"","vervoerder":"DHL","puntType":"parcelShop","bezettingsgraad":50,"latitude":45.650253,"longitude":13.778136,"canPickup":true,"canDropoff":true,"openingstijden":{"ma":"08:00 - 19:30","di":"08:00 - 19:30","wo":"08:00 - 19:30","do":"08:00 - 20:00","vr":"08:00 - 20:00","za":"08:00 - 13:00","zo":"gesloten"}}},{"type":"Feature","geometry":{"type":"Point","coordinates":[13.776263,45.641485]},"properties":{"type":"pakketpunt","locatieNaam":"TABACCHERIA N. 24","straatNaam":"VIA SAN MARCO 38-A","straatNr":"","vervoerder":"DHL","puntType":"parcelShop","bezettingsgraad":50,"latitude":45.641485,"longitude":13.776263,"canPickup":true,"canDropoff":true,"openingstijden":{"ma":"07:15 - 12:30, 16:00 - 18:30","di":"07:15 - 12:30, 16:00 - 18:30","wo":"07:15 - 12:30, 16:00 - 18:30","do":"07:15 - 12:30, 16:00 - 18:30","vr":"07:15 - 12:30, 16:00 - 18:30","za":"07:15 - 12:30","zo":"gesloten"}}},{"type":"Feature","geometry":{"type":"Point","coordinates":[13.779223,45.655809]},"properties":{"type":"pakketpunt","locatieNaam":"MAGIC DATA","straatNaam":"Fabio Severo, 4 B","straatNr":"","vervoerder":"DHL","puntType":"parcelShop","bezettingsgraad":50,"latitude":45.655809,"longitude":13.779223,"canPickup":false,"canDropoff":true,"openingstijden":{"ma":"08:30 - 19:00","di":"08:30 - 19:00","wo":"08:30 - 19:00","do":"08:30 - 19:00","vr":"08:30 - 19:00","za":"08:30 - 12:30","zo":"gesloten"}}},{"type":"Feature","geometry":{"type":"Point","coordinates":[13.778373,45.644296]},"properties":{"type":"pakketpunt","locatieNaam":"NUOVA EDILCOLOR","straatNaam":"Via San Giacomo In Monte 18","straatNr":"","vervoerder":"DHL","puntType":"parcelShop","bezettingsgraad":50,"latitude":45.644296,"longitude":13.778373,"canPickup":false,"canDropoff":true,"openingstijden":{"ma":"08:30 - 19:00","di":"08:30 - 19:00","wo":"08:30 - 19:00","do":"08:30 - 19:00","vr":"08:30 - 19:00","za":"08:30 - 13:00","zo":"gesloten"}}},{"type":"Feature","geometry":{"type":"Point","coordinates":[13.779558,45.648231]},"properties":{"type":"pakketpunt","locatieNaam":"IL MERCATISSIMO","straatNaam":"VIA GABRIELE FOSCHIATTI 1","straatNr":"","vervoerder":"DHL","puntType":"packStation","bezettingsgraad":50,"latitude":45.648231,"longitude":13.779558,"canPickup":true,"canDropoff":true,"openingstijden":{"ma":"gesloten","di":"09:00 - 12:30, 16:00 - 19:30","wo":"09:00 - 12:30, 16:00 - 19:30","do":"09:00 - 12:30, 16:00 - 19:30","vr":"09:00 - 12:30, 16:00 - 19:30","za":"09:00 - 12:30, 16:00 - 19:30","zo":"gesloten"}}},{"type":"Feature","geometry":{"type":"Point","coordinates":[13.779847,45.654306]},"properties":{"type":"pakketpunt","locatieNaam":"TABACCHERIA n. 112","straatNaam":"VIA DEL CORONEO 19-A","straatNr":"","vervoerder":"DHL","puntType":"parcelShop","bezettingsgraad":50,"latitude":45.654306,"longitude":13.779847,"canPickup":true,"canDropoff":true,"openingstijden":{"ma":"07:00 - 13:30, 16:00 - 20:00","di":"07:00 - 13:30, 16:00 - 20:00","wo":"07:00 - 13:30, 16:00 - 20:00","do":"07:00 - 13:30, 16:00 - 20:00","vr":"07:00 - 13:30, 16:00 - 20:00","za":"07:00 - 13:30, 16:00 - 20:00","zo":"gesloten"}}},{"type":"Feature","geometry":{"type":"Point","coordinates":[13.778434,45.64298]},"properties":{"type":"pakketpunt","locatieNaam":"TABACCHERIA N. 90","straatNaam":"VIA SAN MARCO 2-A","straatNr":"","vervoerder":"DHL","puntType":"parcelShop","bezettingsgraad":50,"latitude":45.64298,"longitude":13.778434,"canPickup":true,"canDropoff":true,"openingstijden":{"ma":"09:03 - 12:00","di":"09:00 - 13:00, 16:00 - 20:00","wo":"09:00 - 13:00, 16:00 - 20:00","do":"09:00 - 13:00, 16:00 - 20:00","vr":"09:00 - 13:00, 16:00 - 20:00","za":"09:00 - 13:00, 16:00 - 20:00","zo":"09:00 - 13:00"}}},{"type":"Feature","geometry":{"type":"Point","coordinates":[13.753416,45.681606]},"properties":{"type":"pakketpunt","locatieNaam":"Ufficio Postale TRIESTE 13","straatNaam":"VIALE MIRAMARE 119","straatNr":"","vervoerder":"DHL","puntType":"postOffice","bezettingsgraad":50,"latitude":45.681606,"longitude":13.753416,"canPickup":true,"canDropoff":true,"openingstijden":{"ma":"08:20 - 13:45","di":"08:20 - 13:45","wo":"08:20 - 13:45","do":"08:20 - 13:45","vr":"08:20 - 13:45","za":"08:20 - 12:45","zo":"gesloten"}}},{"type":"Feature","geometry":{"type":"Point","coordinates":[13.780646,45.65073]},"properties":{"type":"pakketpunt","locatieNaam":"TABACCHERIA N. 107","straatNaam":"VIA DELLA GINNASTICA 22-B","straatNr":"","vervoerder":"DHL","puntType":"parcelShop","bezettingsgraad":50,"latitude":45.65073,"longitude":13.780646,"canPickup":true,"canDropoff":true,"openingstijden":{"ma":"06:00 - 13:00, 15:30 - 20:00","di":"06:00 - 13:00, 15:30 - 20:00","wo":"06:00 - 13:00, 15:30 - 20:00","do":"06:00 - 13:00, 15:30 - 20:00","vr":"06:00 - 13:00, 15:30 - 20:00","za":"06:00 - 13:00, 15:30 - 20:00","zo":"gesloten"}}},{"type":"Feature","geometry":{"type":"Point","coordinates":[13.780334,45.646672]},"properties":{"type":"pakketpunt","locatieNaam":"TABACCHERIA N. 94","straatNaam":"VIA ALFREDO ORIANI 8","straatNr":"","vervoerder":"DHL","puntType":"parcelShop","bezettingsgraad":50,"latitude":45.646672,"longitude":13.780334,"canPickup":true,"canDropoff":true,"openingstijden":{"ma":"07:00 - 12:00","di":"07:00 - 12:00","wo":"07:00 - 12:00","do":"07:00 - 12:00","vr":"07:00 - 12:00","za":"gesloten","zo":"gesloten"}}},{"type":"Feature","geometry":{"type":"Point","coordinates":[13.778808,45.641162]},"properties":{"type":"pakketpunt","locatieNaam":"Ufficio Postale TRIESTE 12","straatNaam":"VIA CRISTOFORO COLOMBO 16","straatNr":"","vervoerder":"DHL","puntType":"postOffice","bezettingsgraad":50,"latitude":45.641162,"longitude":13.778808,"canPickup":true,"canDropoff":true,"openingstijden":{"ma":"08:20 - 13:35","di":"10:30 - 13:35","wo":"08:20 - 13:35","do":"08:20 - 13:35","vr":"08:20 - 13:35","za":"08:20 - 12:35","zo":"gesloten"}}},{"type":"Feature","geometry":{"type":"Point","coordinates":[13.781935,45.653316]},"properties":{"type":"pakketpunt","locatieNaam":"TABACCHERIA N. 15","straatNaam":"VIA CESARE BATTISTI 31","straatNr":"","vervoerder":"DHL","puntType":"parcelShop","bezettingsgraad":50,"latitude":45.653316,"longitude":13.781935,"canPickup":true,"canDropoff":true,"openingstijden":{"ma":"07:15 - 13:00, 15:30 - 19:30","di":"07:15 - 13:00, 15:30 - 19:30","wo":"07:15 - 13:00, 15:30 - 19:30","do":"07:15 - 13:00, 15:30 - 19:30","vr":"07:15 - 13:00, 15:30 - 19:30","za":"07:15 - 13:00","zo":"gesloten"}}},{"type":"Feature","geometry":{"type":"Point","coordinates":[13.782472,45.653924]},"properties":{"type":"pakketpunt","locatieNaam":"Ufficio Postale TRIESTE 7","straatNaam":"VIA GUGLIELMO MARCONI 6","straatNr":"","vervoerder":"DHL","puntType":"postOffice","bezettingsgraad":50,"latitude":45.653924,"longitude":13.782472,"canPickup":true,"canDropoff":true,"openingstijden":{"ma":"08:20 - 19:05","di":"08:20 - 19:05","wo":"08:20 - 19:05","do":"08:20 - 19:05","vr":"08:20 - 19:05","za":"08:20 - 12:35","zo":"gesloten"}}},{"type":"Feature","geometry":{"type":"Point","coordinates":[13.781432,45.64142]},"properties":{"type":"pakketpunt","locatieNaam":"TABACCHERIA N. 26","straatNaam":"VIA DELL ISTRIA 13-A","straatNr":"","vervoerder":"DHL","puntType":"parcelShop","bezettingsgraad":50,"latitude":45.64142,"longitude":13.781432,"canPickup":true,"canDropoff":true,"openingstijden":{"ma":"07:00 - 13:00, 16:00 - 19:30","di":"07:00 - 13:00, 16:00 - 19:30","wo":"07:00 - 13:00, 16:00 - 19:30","do":"07:00 - 13:00, 16:00 - 19:30","vr":"07:00 - 13:00, 16:00 - 19:30","za":"07:00 - 13:00, 16:00 - 19:30","zo":"gesloten"}}},{"type":"Feature","geometry":{"type":"Point","coordinates":[13.783276,45.646764]},"properties":{"type":"pakketpunt","locatieNaam":"Ufficio Postale TRIESTE 6","straatNaam":"VIA GIOVANNI PASCOLI 16","straatNr":"","vervoerder":"DHL","puntType":"postOffice","bezettingsgraad":50,"latitude":45.646764,"longitude":13.783276,"canPickup":true,"canDropoff":true,"openingstijden":{"ma":"08:20 - 13:35","di":"08:20 - 13:35","wo":"08:20 - 13:35","do":"08:20 - 13:35","vr":"08:20 - 13:35","za":"08:20 - 12:35","zo":"gesloten"}}},{"type":"Feature","geometry":{"type":"Point","coordinates":[13.783031,45.64266]},"properties":{"type":"pakketpunt","locatieNaam":"TABACCHERIA n. 136","straatNaam":"VIA DEL MOLINO A VENTO 26","straatNr":"","vervoerder":"DHL","puntType":"parcelShop","bezettingsgraad":50,"latitude":45.64266,"longitude":13.783031,"canPickup":true,"canDropoff":true,"openingstijden":{"ma":"08:00 - 12:30, 15:40 - 18:30","di":"08:00 - 12:30, 15:40 - 18:30","wo":"08:00 - 12:30, 15:40 - 18:30","do":"08:00 - 12:30, 15:40 - 18:30","vr":"08:00 - 12:30, 15:40 - 18:30","za":"08:00 - 12:30","zo":"gesloten"}}},{"type":"Feature","geometry":{"type":"Point","coordinates":[13.786315,45.654006]},"properties":{"type":"pakketpunt","locatieNaam":"Kipoint via Giulia","straatNaam":"VIA GIULIA 10-C","straatNr":"","vervoerder":"DHL","puntType":"parcelShop","bezettingsgraad":50,"latitude":45.654006,"longitude":13.786315,"canPickup":true,"canDropoff":true,"openingstijden":{"ma":"08:30 - 17:30","di":"08:30 - 17:30","wo":"08:30 - 17:30","do":"08:30 - 17:30","vr":"08:30 - 17:30","za":"08:30 - 08:31","zo":"gesloten"}}},{"type":"Feature","geometry":{"type":"Point","coordinates":[13.780907,45.634892]},"properties":{"type":"pakketpunt","locatieNaam":"CENTRO COMMERCIALE TORRI D'","straatNaam":"VIA BARTOLOMEO DALVIANO 23","straatNr":"","vervoerder":"DHL","puntType":"packStation","bezettingsgraad":50,"latitude":45.634892,"longitude":13.780907,"canPickup":true,"canDropoff":true,"openingstijden":{"ma":"09:00 - 20:00","di":"09:00 - 20:00","wo":"09:00 - 20:00","do":"09:00 - 20:00","vr":"09:00 - 20:00","za":"09:00 - 20:00","zo":"09:00 - 20:00"}}},{"type":"Feature","geometry":{"type":"Point","coordinates":[13.786833,45.656257]},"properties":{"type":"pakketpunt","locatieNaam":"TABACCHERIA N. 177","straatNaam":"VIA FABIO SEVERO 65","straatNr":"","vervoerder":"DHL","puntType":"parcelShop","bezettingsgraad":50,"latitude":45.656257,"longitude":13.786833,"canPickup":true,"canDropoff":true,"openingstijden":{"ma":"06:30 - 20:00","di":"06:30 - 20:00","wo":"06:30 - 20:00","do":"06:30 - 12:30, 16:30 - 20:00","vr":"06:30 - 20:00","za":"06:30 - 20:00","zo":"06:30 - 13:00"}}},{"type":"Feature","geometry":{"type":"Point","coordinates":[13.781893,45.635172]},"properties":{"type":"pakketpunt","locatieNaam":"TABACCHERIA N. 234","straatNaam":"VIA LORENZO LORENZETTI 32","straatNr":"","vervoerder":"DHL","puntType":"parcelShop","bezettingsgraad":50,"latitude":45.635172,"longitude":13.781893,"canPickup":true,"canDropoff":true,"openingstijden":{"ma":"08:00 - 13:00, 16:00 - 19:00","di":"08:00 - 13:00, 16:00 - 19:00","wo":"08:00 - 13:00, 16:00 - 19:00","do":"08:00 - 13:00, 16:00 - 19:00","vr":"08:00 - 13:00, 16:00 - 19:00","za":"08:00 - 13:00, 16:00 - 19:00","zo":"gesloten"}}},{"type":"Feature","geometry":{"type":"Point","coordinates":[13.781642,45.63262]},"properties":{"type":"pakketpunt","locatieNaam":"Ufficio Postale TRIESTE 10","straatNaam":"VIA BARTOLOMEO DALVIANO 41-B","straatNr":"","vervoerder":"DHL","puntType":"postOffice","bezettingsgraad":50,"latitude":45.63262,"longitude":13.781642,"canPickup":true,"canDropoff":true,"openingstijden":{"ma":"08:20 - 13:35","di":"08:20 - 13:35","wo":"08:20 - 13:35","do":"08:20 - 13:35","vr":"08:20 - 13:35","za":"08:20 - 12:35","zo":"gesloten"}}},{"type":"Feature","geometry":{"type":"Point","coordinates":[13.793189,45.650572]},"properties":{"type":"pakketpunt","locatieNaam":"Ufficio Postale TRIESTE 16","straatNaam":"VIA LEOPOLDO MAURONER 2","straatNr":"","vervoerder":"DHL","puntType":"postOffice","bezettingsgraad":50,"latitude":45.650572,"longitude":13.793189,"canPickup":true,"canDropoff":true,"openingstijden":{"ma":"08:20 - 13:45","di":"10:30 - 13:35","wo":"08:20 - 13:35","do":"08:20 - 13:35","vr":"08:20 - 13:35","za":"08:20 - 12:35","zo":"gesloten"}}},{"type":"Feature","geometry":{"type":"Point","coordinates":[13.79117,45.641141]},"properties":{"type":"pakketpunt","locatieNaam":"Ufficio Postale TRIESTE 4","straatNaam":"VIA DELLE SETTEFONTANE 67","straatNr":"","vervoerder":"DHL","puntType":"postOffice","bezettingsgraad":50,"latitude":45.641141,"longitude":13.79117,"canPickup":true,"canDropoff":true,"openingstijden":{"ma":"08:20 - 19:05","di":"08:20 - 19:05","wo":"08:20 - 19:05","do":"08:20 - 19:05","vr":"08:20 - 19:05","za":"08:20 - 12:35","zo":"gesloten"}}},{"type":"Feature","geometry":{"type":"Point","coordinates":[13.794137,45.655218]},"properties":{"type":"pakketpunt","locatieNaam":"TABACCHERIA N. 165","straatNaam":"VIA GIULIA 75-3","straatNr":"","vervoerder":"DHL","puntType":"parcelShop","bezettingsgraad":50,"latitude":45.655218,"longitude":13.794137,"canPickup":true,"canDropoff":true,"openingstijden":{"ma":"06:30 - 20:00","di":"06:30 - 20:00","wo":"06:30 - 20:00","do":"06:30 - 20:00","vr":"06:30 - 20:00","za":"06:30 - 20:00","zo":"07:30 - 20:00"}}},{"type":"Feature","geometry":{"type":"Point","coordinates":[13.794464,45.654865]},"properties":{"type":"pakketpunt","locatieNaam":"MONDO MICHELA","straatNaam":"Giulia, 75 3 C O Centro Comm Giulia","straatNr":"","vervoerder":"DHL","puntType":"parcelShop","bezettingsgraad":50,"latitude":45.654865,"longitude":13.794464,"canPickup":false,"canDropoff":true,"openingstijden":{"ma":"07:00 - 19:30","di":"07:00 - 19:30","wo":"07:00 - 19:30","do":"07:00 - 19:30","vr":"07:00 - 19:30","za":"07:00 - 19:30","zo":"07:30 - 19:30"}}},{"type":"Feature","geometry":{"type":"Point","coordinates":[13.788931,45.630461]},"properties":{"type":"pakketpunt","locatieNaam":"TABACCHERIA N. 155","straatNaam":"VIA ANTONIO BAIAMONTI 56-12","straatNr":"","vervoerder":"DHL","puntType":"parcelShop","bezettingsgraad":50,"latitude":45.630461,"longitude":13.788931,"canPickup":true,"canDropoff":true,"openingstijden":{"ma":"07:30 - 13:00, 15:30 - 19:30","di":"07:30 - 13:00, 15:30 - 19:30","wo":"07:30 - 13:00, 15:30 - 19:30","do":"07:30 - 13:00, 15:30 - 19:30","vr":"07:30 - 10:30","za":"gesloten","zo":"gesloten"}}},{"type":"Feature","geometry":{"type":"Point","coordinates":[13.784936,45.625971]},"properties":{"type":"pakketpunt","locatieNaam":"Ufficio Postale TRIESTE 15","straatNaam":"VIA DEI SONCINI 145","straatNr":"","vervoerder":"DHL","puntType":"postOffice","bezettingsgraad":50,"latitude":45.625971,"longitude":13.784936,"canPickup":true,"canDropoff":true,"openingstijden":{"ma":"08:20 - 13:35","di":"08:20 - 13:35","wo":"08:20 - 13:35","do":"08:20 - 13:35","vr":"08:20 - 13:35","za":"08:20 - 12:35","zo":"gesloten"}}},{"type":"Feature","geometry":{"type":"Point","coordinates":[13.863264,45.642202]},"properties":{"type":"pakketpunt","locatieNaam":"Ufficio Postale BASOVIZZA","straatNaam":"VIA SRECKO KOSOVEL 13","straatNr":"","vervoerder":"DHL","puntType":"postOffice","bezettingsgraad":50,"latitude":45.642202,"longitude":13.863264,"canPickup":true,"canDropoff":true,"openingstijden":{"ma":"08:20 - 13:45","di":"08:20 - 13:45","wo":"08:20 - 13:45","do":"08:20 - 13:45","vr":"08:20 - 13:45","za":"08:20 - 12:45","zo":"gesloten"}}},{"type":"Feature","geometry":{"type":"Point","coordinates":[13.825092,45.639703]},"properties":{"type":"pakketpunt","locatieNaam":"Ufficio Postale TRIESTE 20","straatNaam":"VIA LOUIS PASTEUR 41-A","straatNr":"","vervoerder":"DHL","puntType":"postOffice","bezettingsgraad":50,"latitude":45.639703,"longitude":13.825092,"canPickup":true,"canDropoff":true,"openingstijden":{"ma":"08:20 - 13:45","di":"08:20 - 13:45","wo":"08:20 - 13:45","do":"08:20 - 13:45","vr":"08:20 - 13:45","za":"08:20 - 12:45","zo":"gesloten"}}},{"type":"Feature","geometry":{"type":"Point","coordinates":[13.801927,45.655525]},"properties":{"type":"pakketpunt","locatieNaam":"Ufficio Postale TRIESTE 14","straatNaam":"VIALE RAFFAELLO SANZIO 30","straatNr":"","vervoerder":"DHL","puntType":"postOffice","bezettingsgraad":50,"latitude":45.655525,"longitude":13.801927,"canPickup":true,"canDropoff":true,"openingstijden":{"ma":"08:20 - 13:35","di":"08:20 - 13:35","wo":"08:20 - 13:35","do":"08:20 - 13:35","vr":"08:20 - 13:35","za":"08:20 - 12:35","zo":"gesloten"}}},{"type":"Feature","geometry":{"type":"Point","coordinates":[13.796107,45.642207]},"properties":{"type":"pakketpunt","locatieNaam":"RIVENDITA GIORNALI 733","straatNaam":"Via Pasquale Revoltella, 38 B","straatNr":"","vervoerder":"DHL","puntType":"parcelShop","bezettingsgraad":50,"latitude":45.642207,"longitude":13.796107,"canPickup":false,"canDropoff":true,"openingstijden":{"ma":"06:00 - 16:00","di":"06:00 - 16:00","wo":"06:00 - 16:00","do":"06:00 - 16:00","vr":"06:00 - 16:00","za":"06:00 - 13:00","zo":"gesloten"}}},{"type":"Feature","geometry":{"type":"Point","coordinates":[13.795653,45.625358]},"properties":{"type":"pakketpunt","locatieNaam":"Ufficio Postale TRIESTE 18","straatNaam":"STRADA VECCHIA DELL ISTRIA 4","straatNr":"","vervoerder":"DHL","puntType":"postOffice","bezettingsgraad":50,"latitude":45.625358,"longitude":13.795653,"canPickup":true,"canDropoff":true,"openingstijden":{"ma":"08:20 - 13:35","di":"08:20 - 13:35","wo":"08:20 - 13:35","do":"08:20 - 13:35","vr":"08:20 - 13:35","za":"08:20 - 12:35","zo":"gesloten"}}},{"type":"Feature","geometry":{"type":"Point","coordinates":[13.792342,45.63054]},"properties":{"type":"pakketpunt","locatieNaam":"TABACCHERIA N. 146","straatNaam":"VIA DEI SONCINI 6","straatNr":"","vervoerder":"DHL","puntType":"parcelShop","bezettingsgraad":50,"latitude":45.63054,"longitude":13.792342,"canPickup":true,"canDropoff":true,"openingstijden":{"ma":"08:30 - 12:00, 16:00 - 19:00","di":"08:30 - 12:00, 16:00 - 19:00","wo":"08:30 - 12:00, 16:00 - 19:00","do":"08:30 - 12:00, 16:00 - 19:00","vr":"08:30 - 12:00, 16:00 - 19:00","za":"08:30 - 12:00","zo":"gesloten"}}},{"type":"Feature","geometry":{"type":"Point","coordinates":[13.789557,45.623686]},"properties":{"type":"pakketpunt","locatieNaam":"TABACCHERIA N. 277","straatNaam":"VIA DEL CARPINETO 20-1","straatNr":"","vervoerder":"DHL","puntType":"parcelShop","bezettingsgraad":50,"latitude":45.623686,"longitude":13.789557,"canPickup":true,"canDropoff":true,"openingstijden":{"ma":"07:00 - 13:00, 16:30 - 19:30","di":"07:00 - 13:00, 16:30 - 19:30","wo":"07:00 - 13:00, 16:30 - 19:30","do":"07:00 - 13:00, 16:30 - 19:30","vr":"07:00 - 13:00, 16:30 - 19:30","za":"07:00 - 13:00, 16:30 - 19:30","zo":"gesloten"}}},{"type":"Feature","geometry":{"type":"Point","coordinates":[13.788556,45.688154]},"properties":{"type":"pakketpunt","locatieNaam":"Ufficio Postale VILLA OPICINA","straatNaam":"VIA DI PROSECCO 1","straatNr":"","vervoerder":"DHL","puntType":"postOffice","bezettingsgraad":50,"latitude":45.688154,"longitude":13.788556,"canPickup":true,"canDropoff":true,"openingstijden":{"ma":"08:20 - 13:35","di":"08:20 - 13:35","wo":"08:20 - 13:35","do":"08:20 - 13:35","vr":"08:20 - 13:35","za":"08:20 - 12:35","zo":"gesloten"}}},{"type":"Feature","geometry":{"type":"Point","coordinates":[13.788152,45.689435]},"properties":{"type":"pakketpunt","locatieNaam":"TABACCHERIA N. 196","straatNaam":"VIA DI PROSECCO 15","straatNr":"","vervoerder":"DHL","puntType":"parcelShop","bezettingsgraad":50,"latitude":45.689435,"longitude":13.788152,"canPickup":true,"canDropoff":true,"openingstijden":{"ma":"07:00 - 13:00, 16:30 - 19:30","di":"07:00 - 13:00, 16:30 - 19:30","wo":"07:00 - 13:00, 16:30 - 19:30","do":"07:00 - 13:00, 16:30 - 19:30","vr":"07:00 - 13:00, 16:30 - 19:30","za":"07:00 - 13:00, 16:30 - 19:30","zo":"gesloten"}}},{"type":"Feature","geometry":{"type":"Point","coordinates":[13.73433,45.70666]},"properties":{"type":"pakketpunt","locatieNaam":"Ufficio Postale PROSECCO","straatNaam":"VIA SAN NAZARIO 13","straatNr":"","vervoerder":"DHL","puntType":"postOffice","bezettingsgraad":50,"latitude":45.70666,"longitude":13.73433,"canPickup":true,"canDropoff":true,"openingstijden":{"ma":"08:20 - 13:45","di":"08:20 - 13:45","wo":"08:20 - 13:45","do":"08:20 - 13:45","vr":"08:20 - 13:45","za":"08:20 - 12:45","zo":"gesloten"}}},{"type":"Feature","geometry":{"type":"Point","coordinates":[13.776888,45.690214]},"properties":{"type":"pakketpunt","locatieNaam":"TABACCHERIA N. 294","straatNaam":"LARGO SAN TOMMASO 13","straatNr":"","vervoerder":"DHL","puntType":"parcelShop","bezettingsgraad":50,"latitude":45.690214,"longitude":13.776888,"canPickup":true,"canDropoff":true,"openingstijden":{"ma":"07:30 - 13:00","di":"07:30 - 13:00, 16:00 - 19:30","wo":"07:30 - 13:00, 16:00 - 19:30","do":"07:30 - 13:00, 16:00 - 19:30","vr":"07:30 - 13:00, 16:00 - 19:30","za":"07:30 - 13:00, 16:00 - 19:30","zo":"08:00 - 13:00"}}},{"type":"Feature","geometry":{"type":"Point","coordinates":[13.7596,45.6422]},"properties":{"type":"pakketpunt","locatieNaam":"Amazon Locker - pileria","straatNaam":"Maxì Supermercato Trieste","straatNr":"","vervoerder":"Amazon","puntType":"locker","bezettingsgraad":50,"latitude":45.6422,"longitude":13.7596,"canPickup":true,"canDropoff":false,"openingstijden":null}},{"type":"Feature","geometry":{"type":"Point","coordinates":[13.78057,45.634299]},"properties":{"type":"pakketpunt","locatieNaam":"Amazon Locker - azeglio","straatNaam":"Centro Commerciale Torri d'Europa","straatNr":"","vervoerder":"Amazon","puntType":"locker","bezettingsgraad":50,"latitude":45.634299,"longitude":13.78057,"canPickup":true,"canDropoff":false,"openingstijden":null}},{"type":"Feature","geometry":{"type":"Point","coordinates":[13.7884369,45.6308971]},"properties":{"type":"pakketpunt","locatieNaam":"Amazon Locker - anfiteatro","straatNaam":"Maxì Bosco Supermercato","straatNr":"","vervoerder":"Amazon","puntType":"locker","bezettingsgraad":50,"latitude":45.6308971,"longitude":13.7884369,"canPickup":true,"canDropoff":false,"openingstijden":null}},{"type":"Feature","geometry":{"type":"Point","coordinates":[13.7932459,45.6277036]},"properties":{"type":"pakketpunt","locatieNaam":"Amazon Locker - velma","straatNaam":"Cadoro Trieste","straatNr":"","vervoerder":"Amazon","puntType":"locker","bezettingsgraad":50,"latitude":45.6277036,"longitude":13.7932459,"canPickup":true,"canDropoff":false,"openingstijden":null}},{"type":"Feature","geometry":{"type":"Point","coordinates":[13.77458,45.63979]},"properties":{"type":"pakketpunt","locatieNaam":"Amazon Locker - polissena","straatNaam":"PAM Elisi","straatNr":"","vervoerder":"Amazon","puntType":"locker","bezettingsgraad":50,"latitude":45.63979,"longitude":13.77458,"canPickup":true,"canDropoff":false,"openingstijden":null}},{"type":"Feature","geometry":{"type":"Point","coordinates":[13.7961777,45.6554637]},"properties":{"type":"pakketpunt","locatieNaam":"Amazon Locker - bandino","straatNaam":"Bricocenter Trieste","straatNr":"","vervoerder":"Amazon","puntType":"locker","bezettingsgraad":50,"latitude":45.6554637,"longitude":13.7961777,"canPickup":true,"canDropoff":false,"openingstijden":null}},{"type":"Feature","geometry":{"type":"Point","coordinates":[13.787591,45.644375]},"properties":{"type":"pakketpunt","locatieNaam":"Amazon Locker - celsino","straatNaam":"EUROSPESA","straatNr":"","vervoerder":"Amazon","puntType":"locker","bezettingsgraad":50,"latitude":45.644375,"longitude":13.787591,"canPickup":true,"canDropoff":false,"openingstijden":null}},{"type":"Feature","geometry":{"type":"Point","coordinates":[13.758613,45.643316]},"properties":{"type":"pakketpunt","locatieNaam":"Amazon Locker - valeriana","straatNaam":"Audace Fight & Fitness Trieste","straatNr":"","vervoerder":"Amazon","puntType":"locker","bezettingsgraad":50,"latitude":45.643316,"longitude":13.758613,"canPickup":true,"canDropoff":false,"openingstijden":null}},{"type":"Feature","geometry":{"type":"Point","coordinates":[13.7583799,45.6434278]},"properties":{"type":"pakketpunt","locatieNaam":"Amazon Locker - tranquillino","straatNaam":"sede di Androna C.po Marzio, 10","straatNr":"","vervoerder":"Amazon","puntType":"locker","bezettingsgraad":50,"latitude":45.6434278,"longitude":13.7583799,"canPickup":true,"canDropoff":false,"openingstijden":null}},{"type":"Feature","geometry":{"type":"Point","coordinates":[13.800755,45.690331]},"properties":{"type":"pakketpunt","locatieNaam":"Amazon Locker - diamanta","straatNaam":"Conad Trieste - Opicina Per Vienna","straatNr":"","vervoerder":"Amazon","puntType":"locker","bezettingsgraad":50,"latitude":45.690331,"longitude":13.800755,"canPickup":true,"canDropoff":false,"openingstijden":null}},{"type":"Feature","geometry":{"type":"Point","coordinates":[13.7934291,45.6547851]},"properties":{"type":"pakketpunt","locatieNaam":"Amazon Locker - vittoria","straatNaam":"Campus X - Trieste","straatNr":"","vervoerder":"Amazon","puntType":"locker","bezettingsgraad":50,"latitude":45.6547851,"longitude":13.7934291,"canPickup":true,"canDropoff":false,"openingstijden":null}},{"type":"Feature","geometry":{"type":"Point","coordinates":[13.799362,45.639641]},"properties":{"type":"pakketpunt","locatieNaam":"Amazon Locker - alvisio","straatNaam":"Centro Discount Trieste","straatNr":"","vervoerder":"Amazon","puntType":"locker","bezettingsgraad":50,"latitude":45.639641,"longitude":13.799362,"canPickup":true,"canDropoff":false,"openingstijden":null}},{"type":"Feature","geometry":{"type":"Point","coordinates":[13.773425,45.653008]},"properties":{"type":"pakketpunt","locatieNaam":"Amazon Counter","straatNaam":"Elma Mini Market (fermopoint)","straatNr":"","vervoerder":"Amazon","puntType":"helix","bezettingsgraad":50,"latitude":45.653008,"longitude":13.773425,"canPickup":true,"canDropoff":false,"openingstijden":null}},{"type":"Feature","geometry":{"type":"Point","coordinates":[13.79482,45.65813]},"properties":{"type":"pakketpunt","locatieNaam":"Amazon Locker - melisenda","straatNaam":"Eni Station pv.4051_MOVE","straatNr":"","vervoerder":"Amazon","puntType":"locker","bezettingsgraad":50,"latitude":45.65813,"longitude":13.79482,"canPickup":true,"canDropoff":false,"openingstijden":null}},{"type":"Feature","geometry":{"type":"Point","coordinates":[13.7725904,45.6530611]},"properties":{"type":"pakketpunt","locatieNaam":"Amazon Counter - ROMA 20","straatNaam":"VIA ROMA 20","straatNr":"","vervoerder":"Amazon","puntType":"helix","bezettingsgraad":50,"latitude":45.6530611,"longitude":13.7725904,"canPickup":true,"canDropoff":false,"openingstijden":null}},{"type":"Feature","geometry":{"type":"Point","coordinates":[13.7838329245369,45.625189493597]},"properties":{"type":"pakketpunt","locatieNaam":"Amazon Counter","straatNaam":"L'Angolo Bar (fermopoint)","straatNr":"","vervoerder":"Amazon","puntType":"helix","bezettingsgraad":50,"latitude":45.625189493597,"longitude":13.7838329245369,"canPickup":true,"canDropoff":false,"openingstijden":null}},{"type":"Feature","geometry":{"type":"Point","coordinates":[13.762859,45.647459]},"properties":{"type":"pakketpunt","locatieNaam":"Amazon Counter - Colorificio Italia","straatNaam":"Riva Nazario Sauro, 20","straatNr":"","vervoerder":"Amazon","puntType":"helix","bezettingsgraad":50,"latitude":45.647459,"longitude":13.762859,"canPickup":true,"canDropoff":false,"openingstijden":null}},{"type":"Feature","geometry":{"type":"Point","coordinates":[13.8246905,45.6145856]},"properties":{"type":"pakketpunt","locatieNaam":"Amazon Locker - settimo","straatNaam":"Conad Trieste","straatNr":"","vervoerder":"Amazon","puntType":"locker","bezettingsgraad":50,"latitude":45.6145856,"longitude":13.8246905,"canPickup":true,"canDropoff":false,"openingstijden":null}},{"type":"Feature","geometry":{"type":"Point","coordinates":[13.8188423,45.6185962]},"properties":{"type":"pakketpunt","locatieNaam":"Amazon Locker - giovannica","straatNaam":"ENI Station pv.4004","straatNr":"","vervoerder":"Amazon","puntType":"locker","bezettingsgraad":50,"latitude":45.6185962,"longitude":13.8188423,"canPickup":true,"canDropoff":false,"openingstijden":null}},{"type":"Feature","geometry":{"type":"Point","coordinates":[13.795863,45.659442]},"properties":{"type":"pakketpunt","locatieNaam":"Amazon Locker - Bignonia","straatNaam":"Edificio A - Centrale","straatNr":"","vervoerder":"Amazon","puntType":"locker","bezettingsgraad":50,"latitude":45.659442,"longitude":13.795863,"canPickup":true,"canDropoff":false,"openingstijden":null}},{"type":"Feature","geometry":{"type":"Point","coordinates":[13.824471,45.61939]},"properties":{"type":"pakketpunt","locatieNaam":"Amazon Counter (fermopoint)","straatNaam":"Gamestrust TS Studio","straatNr":"","vervoerder":"Amazon","puntType":"helix","bezettingsgraad":50,"latitude":45.61939,"longitude":13.824471,"canPickup":true,"canDropoff":false,"openingstijden":null}},{"type":"Feature","geometry":{"type":"Point","coordinates":[13.772918,45.64947]},"properties":{"type":"pakketpunt","locatieNaam":"Amazon Locker - burrasca","straatNaam":"Galleria Commerciale - Rossoni","straatNr":"","vervoerder":"Amazon","puntType":"locker","bezettingsgraad":50,"latitude":45.64947,"longitude":13.772918,"canPickup":true,"canDropoff":false,"openingstijden":null}},{"type":"Feature","geometry":{"type":"Point","coordinates":[13.8051635,45.6266761]},"properties":{"type":"pakketpunt","locatieNaam":"Amazon Counter - VENITE VEDETE","straatNaam":"VIA GIUSEPPE PAGANO 3/A.","straatNr":"","vervoerder":"Amazon","puntType":"helix","bezettingsgraad":50,"latitude":45.6266761,"longitude":13.8051635,"canPickup":true,"canDropoff":false,"openingstijden":null}},{"type":"Feature","geometry":{"type":"Point","coordinates":[13.7706787,45.6650624]},"properties":{"type":"pakketpunt","locatieNaam":"Amazon Locker - marica","straatNaam":"PAM Trieste 4 - Stock","straatNr":"","vervoerder":"Amazon","puntType":"locker","bezettingsgraad":50,"latitude":45.6650624,"longitude":13.7706787,"canPickup":true,"canDropoff":false,"openingstijden":null}},{"type":"Feature","geometry":{"type":"Point","coordinates":[13.771371,45.666832]},"properties":{"type":"pakketpunt","locatieNaam":"Amazon Locker - bonarina","straatNaam":"City Trieste Montorsino","straatNr":"","vervoerder":"Amazon","puntType":"locker","bezettingsgraad":50,"latitude":45.666832,"longitude":13.771371,"canPickup":true,"canDropoff":false,"openingstijden":null}},{"type":"Feature","geometry":{"type":"Point","coordinates":[13.769472,45.663637]},"properties":{"type":"pakketpunt","locatieNaam":"Amazon Counter - PRIMAEDICOLA","straatNaam":"VANELLA CALOGERO","straatNr":"","vervoerder":"Amazon","puntType":"helix","bezettingsgraad":50,"latitude":45.663637,"longitude":13.769472,"canPickup":true,"canDropoff":false,"openingstijden":null}},{"type":"Feature","geometry":{"type":"Point","coordinates":[13.772637,45.658235]},"properties":{"type":"pakketpunt","locatieNaam":"Amazon Counter - CAFFE DELL'ACCADEMIA","straatNaam":"VIALE MIRAMARE 5","straatNr":"","vervoerder":"Amazon","puntType":"helix","bezettingsgraad":50,"latitude":45.658235,"longitude":13.772637,"canPickup":true,"canDropoff":false,"openingstijden":null}},{"type":"Feature","geometry":{"type":"Point","coordinates":[13.7728522,45.6576418]},"properties":{"type":"pakketpunt","locatieNaam":"Amazon Locker - ivano","straatNaam":"PAM Miramare","straatNr":"","vervoerder":"Amazon","puntType":"locker","bezettingsgraad":50,"latitude":45.6576418,"longitude":13.7728522,"canPickup":true,"canDropoff":false,"openingstijden":null}},{"type":"Feature","geometry":{"type":"Point","coordinates":[13.7719,45.6652]},"properties":{"type":"pakketpunt","locatieNaam":"PuntoPoste TABACCHERIA n. 181","straatNaam":"PIAZZA TRA I RIVI 1","straatNr":"","vervoerder":"Amazon","puntType":"3p","bezettingsgraad":50,"latitude":45.6652,"longitude":13.7719,"canPickup":true,"canDropoff":false,"openingstijden":null}},{"type":"Feature","geometry":{"type":"Point","coordinates":[13.767483,45.664795]},"properties":{"type":"pakketpunt","locatieNaam":"Amazon Counter - Enilive Station (n.04044)","straatNaam":"VIALE MIRAMARE 49","straatNr":"","vervoerder":"Amazon","puntType":"helix","bezettingsgraad":50,"latitude":45.664795,"longitude":13.767483,"canPickup":true,"canDropoff":false,"openingstijden":null}},{"type":"Feature","geometry":{"type":"Point","coordinates":[13.7722,45.667]},"properties":{"type":"pakketpunt","locatieNaam":"PuntoPoste TABACCHERIA N. 236","straatNaam":"VIA DEI MORERI 6","straatNr":"","vervoerder":"Amazon","puntType":"3p","bezettingsgraad":50,"latitude":45.667,"longitude":13.7722,"canPickup":true,"canDropoff":false,"openingstijden":null}},{"type":"Feature","geometry":{"type":"Point","coordinates":[13.7713008767212,45.6666265235063]},"properties":{"type":"pakketpunt","locatieNaam":"Amazon Counter (fermopoint)","straatNaam":"L'Acquerello","straatNr":"","vervoerder":"Amazon","puntType":"helix","bezettingsgraad":50,"latitude":45.6666265235063,"longitude":13.7713008767212,"canPickup":true,"canDropoff":false,"openingstijden":null}},{"type":"Feature","geometry":{"type":"Point","coordinates":[13.773241,45.65541]},"properties":{"type":"pakketpunt","locatieNaam":"Amazon Counter - Sen Minimarket","straatNaam":"Via Della Geppa, 10 B","straatNr":"","vervoerder":"Amazon","puntType":"helix","bezettingsgraad":50,"latitude":45.65541,"longitude":13.773241,"canPickup":true,"canDropoff":false,"openingstijden":null}},{"type":"Feature","geometry":{"type":"Point","coordinates":[13.774832,45.6565]},"properties":{"type":"pakketpunt","locatieNaam":"Amazon Counter - CAFE' DE LUXE","straatNaam":"VIA UDINE 3","straatNr":"","vervoerder":"Amazon","puntType":"helix","bezettingsgraad":50,"latitude":45.6565,"longitude":13.774832,"canPickup":true,"canDropoff":false,"openingstijden":null}},{"type":"Feature","geometry":{"type":"Point","coordinates":[13.777183,45.653082]},"properties":{"type":"pakketpunt","locatieNaam":"Amazon Counter - LIMA MULTISERVICE","straatNaam":"VIA DEL CORONEO 1","straatNr":"","vervoerder":"Amazon","puntType":"helix","bezettingsgraad":50,"latitude":45.653082,"longitude":13.777183,"canPickup":true,"canDropoff":false,"openingstijden":null}},{"type":"Feature","geometry":{"type":"Point","coordinates":[13.7746,45.6551]},"properties":{"type":"pakketpunt","locatieNaam":"PuntoPoste TABACCHERIA N. 63","straatNaam":"PIAZZA DALMAZIA 1/C","straatNr":"","vervoerder":"Amazon","puntType":"3p","bezettingsgraad":50,"latitude":45.6551,"longitude":13.7746,"canPickup":true,"canDropoff":false,"openingstijden":null}},{"type":"Feature","geometry":{"type":"Point","coordinates":[13.7554,45.6462]},"properties":{"type":"pakketpunt","locatieNaam":"Ufficio Postale TRIESTE 11","straatNaam":"VIA GIULIO CESARE 1","straatNr":"","vervoerder":"Amazon","puntType":"3p","bezettingsgraad":50,"latitude":45.6462,"longitude":13.7554,"canPickup":true,"canDropoff":false,"openingstijden":null}},{"type":"Feature","geometry":{"type":"Point","coordinates":[13.7639676,45.6467883]},"properties":{"type":"pakketpunt","locatieNaam":"Amazon Counter","straatNaam":"Urbanwear (fermopoint)","straatNr":"","vervoerder":"Amazon","puntType":"helix","bezettingsgraad":50,"latitude":45.6467883,"longitude":13.7639676,"canPickup":true,"canDropoff":false,"openingstijden":null}},{"type":"Feature","geometry":{"type":"Point","coordinates":[13.7733783,45.6404799]},"properties":{"type":"pakketpunt","locatieNaam":"Amazon Counter (fermopoint)","straatNaam":"Elettronica Kalcic","straatNr":"","vervoerder":"Amazon","puntType":"helix","bezettingsgraad":50,"latitude":45.6404799,"longitude":13.7733783,"canPickup":true,"canDropoff":false,"openingstijden":null}},{"type":"Feature","geometry":{"type":"Point","coordinates":[13.796274,45.642203]},"properties":{"type":"pakketpunt","locatieNaam":"Amazon Counter - EDICOLA","straatNaam":"VIA REVOLTELLA 38","straatNr":"","vervoerder":"Amazon","puntType":"helix","bezettingsgraad":50,"latitude":45.642203,"longitude":13.796274,"canPickup":true,"canDropoff":false,"openingstijden":null}},{"type":"Feature","geometry":{"type":"Point","coordinates":[13.7958283,45.6407496]},"properties":{"type":"pakketpunt","locatieNaam":"Amazon Counter","straatNaam":"Tabacchi 208 (fermopoint)","straatNr":"","vervoerder":"Amazon","puntType":"helix","bezettingsgraad":50,"latitude":45.6407496,"longitude":13.7958283,"canPickup":true,"canDropoff":false,"openingstijden":null}},{"type":"Feature","geometry":{"type":"Point","coordinates":[13.7933762,45.639838]},"properties":{"type":"pakketpunt","locatieNaam":"Amazon Counter - SVAPO WEB IPPODROMO","straatNaam":"VIA DELL' IPPODROMO 16","straatNr":"","vervoerder":"Amazon","puntType":"helix","bezettingsgraad":50,"latitude":45.639838,"longitude":13.7933762,"canPickup":true,"canDropoff":false,"openingstijden":null}},{"type":"Feature","geometry":{"type":"Point","coordinates":[13.7833523,45.6443005]},"properties":{"type":"pakketpunt","locatieNaam":"Amazon Counter (fermopoint)","straatNaam":"Posta Express-Trieste","straatNr":"","vervoerder":"Amazon","puntType":"helix","bezettingsgraad":50,"latitude":45.6443005,"longitude":13.7833523,"canPickup":true,"canDropoff":false,"openingstijden":null}},{"type":"Feature","geometry":{"type":"Point","coordinates":[13.782942,45.644213]},"properties":{"type":"pakketpunt","locatieNaam":"Amazon Counter - TABACCHERIA VIRGILI DEBORA","straatNaam":"VIALE GABRIELE D'ANNUNZIO 16/A","straatNr":"","vervoerder":"Amazon","puntType":"helix","bezettingsgraad":50,"latitude":45.644213,"longitude":13.782942,"canPickup":true,"canDropoff":false,"openingstijden":null}},{"type":"Feature","geometry":{"type":"Point","coordinates":[13.783079,45.644022]},"properties":{"type":"pakketpunt","locatieNaam":"Amazon Counter (fermopoint)","straatNaam":"Agenzia Hera Est Energy","straatNr":"","vervoerder":"Amazon","puntType":"helix","bezettingsgraad":50,"latitude":45.644022,"longitude":13.783079,"canPickup":true,"canDropoff":false,"openingstijden":null}},{"type":"Feature","geometry":{"type":"Point","coordinates":[13.7833366,45.6523844]},"properties":{"type":"pakketpunt","locatieNaam":"Amazon Counter - Bar tabaccheria da Fabry ","straatNaam":"Viale ventisettembre, 41","straatNr":"","vervoerder":"Amazon","puntType":"helix","bezettingsgraad":50,"latitude":45.6523844,"longitude":13.7833366,"canPickup":true,"canDropoff":false,"openingstijden":null}},{"type":"Feature","geometry":{"type":"Point","coordinates":[13.750749,45.683732]},"properties":{"type":"pakketpunt","locatieNaam":"Amazon Counter - BAR FRANZA DI DERSCHITZ TATIANA","straatNaam":"VIALE MIRAMARE 157/B SNC","straatNr":"","vervoerder":"Amazon","puntType":"helix","bezettingsgraad":50,"latitude":45.683732,"longitude":13.750749,"canPickup":true,"canDropoff":false,"openingstijden":null}},{"type":"Feature","geometry":{"type":"Point","coordinates":[13.77498,45.67952]},"properties":{"type":"pakketpunt","locatieNaam":"Amazon Locker - edoarda","straatNaam":"SISSA - Scuola Internazionale Superiore di Studi Avanzati","straatNr":"","vervoerder":"Amazon","puntType":"locker","bezettingsgraad":50,"latitude":45.67952,"longitude":13.77498,"canPickup":true,"canDropoff":false,"openingstijden":null}},{"type":"Feature","geometry":{"type":"Point","coordinates":[13.7771899981649,45.690129663462]},"properties":{"type":"pakketpunt","locatieNaam":"Amazon Counter (fermopoint)","straatNaam":"Il Salice","straatNr":"","vervoerder":"Amazon","puntType":"helix","bezettingsgraad":50,"latitude":45.690129663462,"longitude":13.7771899981649,"canPickup":true,"canDropoff":false,"openingstijden":null}},{"type":"Feature","geometry":{"type":"Point","coordinates":[13.7881,45.6894]},"properties":{"type":"pakketpunt","locatieNaam":"PuntoPoste TABACCHERIA N. 196","straatNaam":"VIA DI PROSECCO 15","straatNr":"","vervoerder":"Amazon","puntType":"3p","bezettingsgraad":50,"latitude":45.6894,"longitude":13.7881,"canPickup":true,"canDropoff":false,"openingstijden":null}},{"type":"Feature","geometry":{"type":"Point","coordinates":[13.782313,45.6833323]},"properties":{"type":"pakketpunt","locatieNaam":"Amazon Locker - bottega.","straatNaam":"Garage Caf?","straatNr":"","vervoerder":"Amazon","puntType":"locker","bezettingsgraad":50,"latitude":45.6833323,"longitude":13.782313,"canPickup":true,"canDropoff":false,"openingstijden":null}},{"type":"Feature","geometry":{"type":"Point","coordinates":[13.7768,45.6902]},"properties":{"type":"pakketpunt","locatieNaam":"PuntoPoste TABACCHERIA N. 294","straatNaam":"LARGO SAN TOMMASO 13","straatNr":"","vervoerder":"Amazon","puntType":"3p","bezettingsgraad":50,"latitude":45.6902,"longitude":13.7768,"canPickup":true,"canDropoff":false,"openingstijden":null}},{"type":"Feature","geometry":{"type":"Point","coordinates":[13.7818,45.6351]},"properties":{"type":"pakketpunt","locatieNaam":"PuntoPoste TABACCHERIA N. 234","straatNaam":"VIA LORENZO LORENZETTI 32","straatNr":"","vervoerder":"Amazon","puntType":"3p","bezettingsgraad":50,"latitude":45.6351,"longitude":13.7818,"canPickup":true,"canDropoff":false,"openingstijden":null}},{"type":"Feature","geometry":{"type":"Point","coordinates":[13.7816,45.6326]},"properties":{"type":"pakketpunt","locatieNaam":"Ufficio Postale TRIESTE 10","straatNaam":"VIA BARTOLOMEO DALVIANO 41-B","straatNr":"","vervoerder":"Amazon","puntType":"3p","bezettingsgraad":50,"latitude":45.6326,"longitude":13.7816,"canPickup":true,"canDropoff":false,"openingstijden":null}},{"type":"Feature","geometry":{"type":"Point","coordinates":[13.7814,45.6414]},"properties":{"type":"pakketpunt","locatieNaam":"PuntoPoste TABACCHERIA N. 26","straatNaam":"VIA DELL' ISTRIA 13/A","straatNr":"","vervoerder":"Amazon","puntType":"3p","bezettingsgraad":50,"latitude":45.6414,"longitude":13.7814,"canPickup":true,"canDropoff":false,"openingstijden":null}},{"type":"Feature","geometry":{"type":"Point","coordinates":[13.783,45.6426]},"properties":{"type":"pakketpunt","locatieNaam":"PuntoPoste TABACCHERIA n. 136","straatNaam":"VIA DEL MOLINO A VENTO 26","straatNr":"","vervoerder":"Amazon","puntType":"3p","bezettingsgraad":50,"latitude":45.6426,"longitude":13.783,"canPickup":true,"canDropoff":false,"openingstijden":null}},{"type":"Feature","geometry":{"type":"Point","coordinates":[13.7784,45.6429]},"properties":{"type":"pakketpunt","locatieNaam":"PuntoPoste TABACCHERIA N. 90","straatNaam":"VIA SAN MARCO 2/A","straatNr":"","vervoerder":"Amazon","puntType":"3p","bezettingsgraad":50,"latitude":45.6429,"longitude":13.7784,"canPickup":true,"canDropoff":false,"openingstijden":null}},{"type":"Feature","geometry":{"type":"Point","coordinates":[13.7762,45.6414]},"properties":{"type":"pakketpunt","locatieNaam":"PuntoPoste TABACCHERIA N. 24","straatNaam":"VIA SAN MARCO 38/A","straatNr":"","vervoerder":"Amazon","puntType":"3p","bezettingsgraad":50,"latitude":45.6414,"longitude":13.7762,"canPickup":true,"canDropoff":false,"openingstijden":null}},{"type":"Feature","geometry":{"type":"Point","coordinates":[13.7889,45.6304]},"properties":{"type":"pakketpunt","locatieNaam":"PuntoPoste TABACCHERIA N. 155","straatNaam":"VIA ANTONIO BAIAMONTI 56/12","straatNr":"","vervoerder":"Amazon","puntType":"3p","bezettingsgraad":50,"latitude":45.6304,"longitude":13.7889,"canPickup":true,"canDropoff":false,"openingstijden":null}},{"type":"Feature","geometry":{"type":"Point","coordinates":[13.7783032,45.6430801]},"properties":{"type":"pakketpunt","locatieNaam":"Amazon Counter","straatNaam":"Spring Assist (fermopoint)","straatNr":"","vervoerder":"Amazon","puntType":"helix","bezettingsgraad":50,"latitude":45.6430801,"longitude":13.7783032,"canPickup":true,"canDropoff":false,"openingstijden":null}},{"type":"Feature","geometry":{"type":"Point","coordinates":[13.7919593,45.6315783]},"properties":{"type":"pakketpunt","locatieNaam":"Amazon Counter (fermopoint)","straatNaam":"Puff Store-Trieste","straatNr":"","vervoerder":"Amazon","puntType":"helix","bezettingsgraad":50,"latitude":45.6315783,"longitude":13.7919593,"canPickup":true,"canDropoff":false,"openingstijden":null}},{"type":"Feature","geometry":{"type":"Point","coordinates":[13.7819,45.6533]},"properties":{"type":"pakketpunt","locatieNaam":"PuntoPoste TABACCHERIA N. 15","straatNaam":"VIA CESARE BATTISTI 31","straatNr":"","vervoerder":"Amazon","puntType":"3p","bezettingsgraad":50,"latitude":45.6533,"longitude":13.7819,"canPickup":true,"canDropoff":false,"openingstijden":null}},{"type":"Feature","geometry":{"type":"Point","coordinates":[13.7868,45.6562]},"properties":{"type":"pakketpunt","locatieNaam":"PuntoPoste TABACCHERIA N. 177","straatNaam":"VIA FABIO SEVERO 65","straatNr":"","vervoerder":"Amazon","puntType":"3p","bezettingsgraad":50,"latitude":45.6562,"longitude":13.7868,"canPickup":true,"canDropoff":false,"openingstijden":null}},{"type":"Feature","geometry":{"type":"Point","coordinates":[13.7824,45.6539]},"properties":{"type":"pakketpunt","locatieNaam":"Ufficio Postale TRIESTE 7","straatNaam":"VIA GUGLIELMO MARCONI 6","straatNr":"","vervoerder":"Amazon","puntType":"3p","bezettingsgraad":50,"latitude":45.6539,"longitude":13.7824,"canPickup":true,"canDropoff":false,"openingstijden":null}},{"type":"Feature","geometry":{"type":"Point","coordinates":[13.7768,45.653]},"properties":{"type":"pakketpunt","locatieNaam":"PuntoPoste COLORIFICIO VARESANO","straatNaam":"VIA DEL CORONEO 1/B","straatNr":"","vervoerder":"Amazon","puntType":"3p","bezettingsgraad":50,"latitude":45.653,"longitude":13.7768,"canPickup":true,"canDropoff":false,"openingstijden":null}},{"type":"Feature","geometry":{"type":"Point","coordinates":[13.7752074,45.6516302]},"properties":{"type":"pakketpunt","locatieNaam":"Amazon Counter (fermopoint)","straatNaam":"Mr.Casa","straatNr":"","vervoerder":"Amazon","puntType":"helix","bezettingsgraad":50,"latitude":45.6516302,"longitude":13.7752074,"canPickup":true,"canDropoff":false,"openingstijden":null}},{"type":"Feature","geometry":{"type":"Point","coordinates":[13.7807931,45.6506883]},"properties":{"type":"pakketpunt","locatieNaam":"Amazon Counter (fermopoint)","straatNaam":"Europe & Green","straatNr":"","vervoerder":"Amazon","puntType":"helix","bezettingsgraad":50,"latitude":45.6506883,"longitude":13.7807931,"canPickup":true,"canDropoff":false,"openingstijden":null}},{"type":"Feature","geometry":{"type":"Point","coordinates":[13.7768316,45.6530907]},"properties":{"type":"pakketpunt","locatieNaam":"Amazon Counter - Colori varesano vip","straatNaam":"Via del Coroneo 1B","straatNr":"","vervoerder":"Amazon","puntType":"helix","bezettingsgraad":50,"latitude":45.6530907,"longitude":13.7768316,"canPickup":true,"canDropoff":false,"openingstijden":null}},{"type":"Feature","geometry":{"type":"Point","coordinates":[13.8075299,45.6527983]},"properties":{"type":"pakketpunt","locatieNaam":"Amazon Counter - PRIMAEDICOLA","straatNaam":"DELPIANO MONICA","straatNr":"","vervoerder":"Amazon","puntType":"helix","bezettingsgraad":50,"latitude":45.6527983,"longitude":13.8075299,"canPickup":true,"canDropoff":false,"openingstijden":null}},{"type":"Feature","geometry":{"type":"Point","coordinates":[13.8019,45.6555]},"properties":{"type":"pakketpunt","locatieNaam":"Ufficio Postale TRIESTE 14","straatNaam":"VIALE RAFFAELLO SANZIO 30","straatNr":"","vervoerder":"Amazon","puntType":"3p","bezettingsgraad":50,"latitude":45.6555,"longitude":13.8019,"canPickup":true,"canDropoff":false,"openingstijden":null}},{"type":"Feature","geometry":{"type":"Point","coordinates":[13.7936183,45.6549957]},"properties":{"type":"pakketpunt","locatieNaam":"Amazon Counter - TABACCHERIA","straatNaam":"VIA GIULIA 75","straatNr":"","vervoerder":"Amazon","puntType":"helix","bezettingsgraad":50,"latitude":45.6549957,"longitude":13.7936183,"canPickup":true,"canDropoff":false,"openingstijden":null}},{"type":"Feature","geometry":{"type":"Point","coordinates":[13.783877764095815,45.62518105601853]},"properties":{"type":"pakketpunt","locatieNaam":"FedEx OnSite","straatNaam":"Via Di Servola, 116","straatNr":"","vervoerder":"FedEx","puntType":"servicepunt","bezettingsgraad":50,"latitude":45.62518105601853,"longitude":13.783877764095815,"canPickup":true,"canDropoff":true,"openingstijden":{"ma":"07:00 - 20:00","di":"07:00 - 20:00","wo":"07:00 - 20:00","do":"07:00 - 20:00","vr":"07:00 - 20:00","za":"07:00 - 20:00","zo":"08:00 - 13:00"}}},{"type":"Feature","geometry":{"type":"Point","coordinates":[13.789889,45.622728]},"properties":{"type":"pakketpunt","locatieNaam":"FedEx OnSite","straatNaam":"VIA DI VALMAURA 31","straatNr":"","vervoerder":"FedEx","puntType":"servicepunt","bezettingsgraad":50,"latitude":45.622728,"longitude":13.789889,"canPickup":true,"canDropoff":true,"openingstijden":{"ma":"09:00 - 12:30, 15:00 - 19:00","di":"09:00 - 12:30, 15:00 - 19:00","wo":"09:00 - 12:30, 15:00 - 19:00","do":"09:00 - 12:30, 15:00 - 19:00","vr":"09:00 - 12:30, 15:00 - 19:00","za":"09:00 - 12:00","zo":"gesloten"}}},{"type":"Feature","geometry":{"type":"Point","coordinates":[13.760332747285062,45.64554401656173]},"properties":{"type":"pakketpunt","locatieNaam":"FedEx OnSite","straatNaam":"Via Lazzaretto Vecchio, 13/B","straatNr":"","vervoerder":"FedEx","puntType":"servicepunt","bezettingsgraad":50,"latitude":45.64554401656173,"longitude":13.760332747285062,"canPickup":true,"canDropoff":true,"openingstijden":{"ma":"gesloten","di":"08:30 - 12:30, 15:30 - 19:00","wo":"08:30 - 12:30, 15:30 - 19:00","do":"08:30 - 12:30, 15:30 - 19:00","vr":"08:30 - 12:30, 15:30 - 19:00","za":"08:30 - 12:30, 15:30 - 18:00","zo":"gesloten"}}},{"type":"Feature","geometry":{"type":"Point","coordinates":[13.79925093181392,45.61993719271054]},"properties":{"type":"pakketpunt","locatieNaam":"FedEx OnSite","straatNaam":"Via A. Pigafetta, 6/1","straatNr":"","vervoerder":"FedEx","puntType":"servicepunt","bezettingsgraad":50,"latitude":45.61993719271054,"longitude":13.79925093181392,"canPickup":true,"canDropoff":true,"openingstijden":{"ma":"08:30 - 15:00","di":"08:30 - 15:00","wo":"08:30 - 15:00","do":"08:30 - 15:00","vr":"08:30 - 15:00","za":"gesloten","zo":"gesloten"}}},{"type":"Feature","geometry":{"type":"Point","coordinates":[13.763968,45.646788]},"properties":{"type":"pakketpunt","locatieNaam":"FedEx OnSite","straatNaam":"Via Torino, 13","straatNr":"","vervoerder":"FedEx","puntType":"servicepunt","bezettingsgraad":50,"latitude":45.646788,"longitude":13.763968,"canPickup":true,"canDropoff":true,"openingstijden":{"ma":"gesloten","di":"09:00 - 12:30, 15:30 - 19:30","wo":"09:00 - 12:30, 15:30 - 19:30","do":"09:00 - 12:30, 15:30 - 19:30","vr":"09:00 - 12:30, 15:30 - 19:30","za":"09:00 - 12:30, 15:30 - 19:30","zo":"gesloten"}}},{"type":"Feature","geometry":{"type":"Point","coordinates":[13.792329409614732,45.630594509021385]},"properties":{"type":"pakketpunt","locatieNaam":"FedEx OnSite","straatNaam":"Via dei soncini, 6","straatNr":"","vervoerder":"FedEx","puntType":"servicepunt","bezettingsgraad":50,"latitude":45.630594509021385,"longitude":13.792329409614732,"canPickup":true,"canDropoff":true,"openingstijden":{"ma":"08:30 - 12:30, 16:00 - 19:00","di":"08:30 - 12:30, 16:00 - 19:00","wo":"08:30 - 12:30, 16:00 - 19:00","do":"08:30 - 12:30, 16:00 - 19:00","vr":"08:30 - 12:30, 16:00 - 19:00","za":"08:30 - 12:30","zo":"gesloten"}}},{"type":"Feature","geometry":{"type":"Point","coordinates":[13.805223632209023,45.626854620426236]},"properties":{"type":"pakketpunt","locatieNaam":"FedEx OnSite","straatNaam":"Via Pagano, 3a","straatNr":"","vervoerder":"FedEx","puntType":"servicepunt","bezettingsgraad":50,"latitude":45.626854620426236,"longitude":13.805223632209023,"canPickup":true,"canDropoff":true,"openingstijden":{"ma":"06:30 - 13:00, 16:30 - 19:30","di":"06:30 - 13:00, 16:30 - 19:30","wo":"06:30 - 13:00","do":"06:30 - 13:00, 16:30 - 19:30","vr":"06:30 - 13:00, 16:30 - 19:30","za":"06:30 - 13:00, 16:30 - 19:30","zo":"06:30 - 13:00, 16:30 - 19:30"}}},{"type":"Feature","geometry":{"type":"Point","coordinates":[13.825589,45.612994]},"properties":{"type":"pakketpunt","locatieNaam":"FedEx OnSite","straatNaam":"strada della rosandra, 62","straatNr":"","vervoerder":"FedEx","puntType":"servicepunt","bezettingsgraad":50,"latitude":45.612994,"longitude":13.825589,"canPickup":true,"canDropoff":true,"openingstijden":{"ma":"07:00 - 19:00","di":"07:00 - 19:00","wo":"07:00 - 19:00","do":"07:00 - 19:00","vr":"07:00 - 19:00","za":"07:00 - 13:00","zo":"gesloten"}}},{"type":"Feature","geometry":{"type":"Point","coordinates":[13.772625,45.649812]},"properties":{"type":"pakketpunt","locatieNaam":"FedEx OnSite","straatNaam":"Corso Italia, 11","straatNr":"","vervoerder":"FedEx","puntType":"servicepunt","bezettingsgraad":50,"latitude":45.649812,"longitude":13.772625,"canPickup":true,"canDropoff":true,"openingstijden":{"ma":"08:00 - 18:00","di":"08:00 - 18:00","wo":"08:00 - 18:00","do":"08:00 - 16:00","vr":"08:00 - 16:00","za":"gesloten","zo":"gesloten"}}},{"type":"Feature","geometry":{"type":"Point","coordinates":[13.783308612880138,45.64429364436503]},"properties":{"type":"pakketpunt","locatieNaam":"FedEx OnSite","straatNaam":"via delle settefontane, 5","straatNr":"","vervoerder":"FedEx","puntType":"servicepunt","bezettingsgraad":50,"latitude":45.64429364436503,"longitude":13.783308612880138,"canPickup":true,"canDropoff":true,"openingstijden":{"ma":"09:00 - 13:00, 14:00 - 18:00","di":"09:00 - 13:00, 14:00 - 18:00","wo":"09:00 - 13:00, 14:00 - 18:00","do":"09:00 - 13:00, 14:00 - 18:00","vr":"09:00 - 13:00, 14:00 - 18:00","za":"gesloten","zo":"gesloten"}}},{"type":"Feature","geometry":{"type":"Point","coordinates":[13.778830291526587,45.64733896889725]},"properties":{"type":"pakketpunt","locatieNaam":"FedEx OnSite","straatNaam":"Via Pondares, 4/A","straatNr":"","vervoerder":"FedEx","puntType":"servicepunt","bezettingsgraad":50,"latitude":45.64733896889725,"longitude":13.778830291526587,"canPickup":true,"canDropoff":true,"openingstijden":{"ma":"07:00 - 15:00","di":"07:00 - 15:00","wo":"07:00 - 15:00","do":"07:00 - 15:00","vr":"07:00 - 15:00","za":"gesloten","zo":"gesloten"}}},{"type":"Feature","geometry":{"type":"Point","coordinates":[13.779377,45.647262]},"properties":{"type":"pakketpunt","locatieNaam":"FedEx OnSite","straatNaam":"Largo della Barriera Vecchia, 8","straatNr":"","vervoerder":"FedEx","puntType":"servicepunt","bezettingsgraad":50,"latitude":45.647262,"longitude":13.779377,"canPickup":true,"canDropoff":true,"openingstijden":{"ma":"10:30 - 14:00, 17:00 - 23:00","di":"10:30 - 14:00, 17:00 - 23:00","wo":"10:30 - 14:00, 17:00 - 23:00","do":"10:30 - 14:00, 17:00 - 23:00","vr":"10:30 - 14:00, 17:00 - 23:00","za":"10:30 - 14:00, 17:00 - 23:00","zo":"gesloten"}}},{"type":"Feature","geometry":{"type":"Point","coordinates":[13.824971,45.619189]},"properties":{"type":"pakketpunt","locatieNaam":"FedEx OnSite","straatNaam":"Piazza xxv aprile, 10","straatNr":"","vervoerder":"FedEx","puntType":"servicepunt","bezettingsgraad":50,"latitude":45.619189,"longitude":13.824971,"canPickup":true,"canDropoff":true,"openingstijden":{"ma":"16:30 - 20:00","di":"10:30 - 13:00, 16:30 - 20:00","wo":"10:30 - 13:00, 16:30 - 20:00","do":"16:30 - 20:00","vr":"10:30 - 13:00, 16:30 - 20:00","za":"10:30 - 13:00, 16:30 - 20:00","zo":"16:30 - 20:00"}}},{"type":"Feature","geometry":{"type":"Point","coordinates":[13.779205,45.650222]},"properties":{"type":"pakketpunt","locatieNaam":"FedEx OnSite","straatNaam":"VIA DEL TORO 18","straatNr":"","vervoerder":"FedEx","puntType":"servicepunt","bezettingsgraad":50,"latitude":45.650222,"longitude":13.779205,"canPickup":true,"canDropoff":true,"openingstijden":{"ma":"09:00 - 13:00, 15:30 - 19:00","di":"09:00 - 13:00, 15:30 - 19:00","wo":"09:00 - 13:00, 15:30 - 19:00","do":"09:00 - 13:00, 15:30 - 19:00","vr":"09:00 - 13:00, 15:30 - 19:00","za":"09:00 - 13:00","zo":"gesloten"}}},{"type":"Feature","geometry":{"type":"Point","coordinates":[13.779236509937615,45.65031928895336]},"properties":{"type":"pakketpunt","locatieNaam":"FedEx OnSite","straatNaam":"VIA DEL TORO, 18","straatNr":"","vervoerder":"FedEx","puntType":"servicepunt","bezettingsgraad":50,"latitude":45.65031928895336,"longitude":13.779236509937615,"canPickup":true,"canDropoff":true,"openingstijden":{"ma":"09:00 - 13:00, 16:00 - 19:00","di":"09:00 - 13:00, 16:00 - 19:00","wo":"09:00 - 13:00, 16:00 - 19:00","do":"09:00 - 13:00, 16:00 - 19:00","vr":"09:00 - 13:00, 16:00 - 19:00","za":"gesloten","zo":"gesloten"}}},{"type":"Feature","geometry":{"type":"Point","coordinates":[13.778984256861827,45.65181495161668]},"properties":{"type":"pakketpunt","locatieNaam":"FedEx OnSite","straatNaam":"Viale xx Settembre, 12/B","straatNr":"","vervoerder":"FedEx","puntType":"servicepunt","bezettingsgraad":50,"latitude":45.65181495161668,"longitude":13.778984256861827,"canPickup":true,"canDropoff":true,"openingstijden":{"ma":"09:00 - 12:30, 16:00 - 19:30","di":"09:00 - 12:30, 16:00 - 19:30","wo":"09:00 - 12:30, 16:00 - 19:30","do":"09:00 - 12:30, 16:00 - 19:30","vr":"09:00 - 12:30, 16:00 - 19:30","za":"09:00 - 12:30","zo":"gesloten"}}},{"type":"Feature","geometry":{"type":"Point","coordinates":[13.777006814732546,45.653106330715204]},"properties":{"type":"pakketpunt","locatieNaam":"FedEx OnSite","straatNaam":"via coroneo, 1B","straatNr":"","vervoerder":"FedEx","puntType":"servicepunt","bezettingsgraad":50,"latitude":45.653106330715204,"longitude":13.777006814732546,"canPickup":true,"canDropoff":true,"openingstijden":{"ma":"08:00 - 12:30, 15:30 - 18:00","di":"08:00 - 12:30, 15:30 - 18:00","wo":"08:00 - 12:30, 15:30 - 18:00","do":"08:00 - 12:30, 15:30 - 18:00","vr":"08:00 - 12:30, 15:30 - 18:00","za":"09:00 - 12:00","zo":"gesloten"}}},{"type":"Feature","geometry":{"type":"Point","coordinates":[13.777148292363796,45.65304296059357]},"properties":{"type":"pakketpunt","locatieNaam":"FedEx OnSite","straatNaam":"via del coroneo, 1","straatNr":"","vervoerder":"FedEx","puntType":"servicepunt","bezettingsgraad":50,"latitude":45.65304296059357,"longitude":13.777148292363796,"canPickup":true,"canDropoff":true,"openingstijden":{"ma":"08:30 - 20:00","di":"08:30 - 20:00","wo":"08:30 - 20:00","do":"08:30 - 20:30","vr":"08:30 - 20:00","za":"08:30 - 20:00","zo":"08:30 - 18:30"}}},{"type":"Feature","geometry":{"type":"Point","coordinates":[13.77716198410238,45.65337684486614]},"properties":{"type":"pakketpunt","locatieNaam":"FedEx OnSite","straatNaam":"VIA DEL CORONEO, 4A","straatNr":"","vervoerder":"FedEx","puntType":"servicepunt","bezettingsgraad":50,"latitude":45.65337684486614,"longitude":13.77716198410238,"canPickup":true,"canDropoff":true,"openingstijden":{"ma":"08:30 - 12:30, 14:30 - 18:30","di":"08:30 - 12:30, 14:30 - 18:30","wo":"08:30 - 12:30, 14:30 - 18:30","do":"08:30 - 12:30, 14:30 - 18:30","vr":"08:30 - 12:30, 14:30 - 18:30","za":"08:30 - 12:30","zo":"gesloten"}}},{"type":"Feature","geometry":{"type":"Point","coordinates":[13.771993,45.661441]},"properties":{"type":"pakketpunt","locatieNaam":"FedEx OnSite","straatNaam":"Via Udine 57/D","straatNr":"","vervoerder":"FedEx","puntType":"servicepunt","bezettingsgraad":50,"latitude":45.661441,"longitude":13.771993,"canPickup":true,"canDropoff":true,"openingstijden":{"ma":"09:00 - 19:00","di":"09:00 - 19:00","wo":"09:00 - 19:00","do":"09:00 - 19:00","vr":"09:00 - 19:00","za":"09:00 - 19:00","zo":"09:00 - 19:00"}}},{"type":"Feature","geometry":{"type":"Point","coordinates":[13.784754095558531,45.65667766651151]},"properties":{"type":"pakketpunt","locatieNaam":"FedEx OnSite","straatNaam":"VIA FABIO SEVERO , 46","straatNr":"","vervoerder":"FedEx","puntType":"servicepunt","bezettingsgraad":50,"latitude":45.65667766651151,"longitude":13.784754095558531,"canPickup":true,"canDropoff":true,"openingstijden":{"ma":"08:30 - 12:00","di":"08:30 - 12:00","wo":"08:30 - 12:00","do":"08:30 - 12:00","vr":"08:30 - 12:00","za":"gesloten","zo":"gesloten"}}},{"type":"Feature","geometry":{"type":"Point","coordinates":[13.772349578189651,45.66708418368821]},"properties":{"type":"pakketpunt","locatieNaam":"FedEx OnSite","straatNaam":"Via dei Moreri, 6","straatNr":"","vervoerder":"FedEx","puntType":"servicepunt","bezettingsgraad":50,"latitude":45.66708418368821,"longitude":13.772349578189651,"canPickup":true,"canDropoff":true,"openingstijden":{"ma":"07:00 - 13:00, 16:00 - 19:30","di":"07:00 - 13:00, 16:00 - 19:30","wo":"07:00 - 13:00, 16:00 - 19:30","do":"07:00 - 13:00, 16:00 - 19:30","vr":"07:00 - 13:00, 16:00 - 19:30","za":"07:00 - 13:00, 16:00 - 19:30","zo":"gesloten"}}},{"type":"Feature","geometry":{"type":"Point","coordinates":[13.795093,45.65783]},"properties":{"type":"pakketpunt","locatieNaam":"FedEx OnSite","straatNaam":"Via dello scoglio, 137","straatNr":"","vervoerder":"FedEx","puntType":"servicepunt","bezettingsgraad":50,"latitude":45.65783,"longitude":13.795093,"canPickup":true,"canDropoff":true,"openingstijden":{"ma":"gesloten","di":"09:00 - 12:00, 16:30 - 23:30","wo":"09:00 - 12:00, 16:30 - 23:30","do":"09:00 - 12:00, 16:30 - 23:30","vr":"09:00 - 12:00, 16:30 - 23:30","za":"09:00 - 12:00, 16:30 - 23:30","zo":"09:00 - 12:00, 16:30 - 23:30"}}},{"type":"Feature","geometry":{"type":"Point","coordinates":[13.777125,45.69014]},"properties":{"type":"pakketpunt","locatieNaam":"FedEx OnSite","straatNaam":"largo san tommaso , 9","straatNr":"","vervoerder":"FedEx","puntType":"servicepunt","bezettingsgraad":50,"latitude":45.69014,"longitude":13.777125,"canPickup":true,"canDropoff":true,"openingstijden":{"ma":"08:30 - 13:00","di":"08:30 - 13:00, 16:00 - 19:00","wo":"08:30 - 13:00, 16:00 - 19:00","do":"08:30 - 13:00, 16:00 - 19:00","vr":"08:30 - 13:00, 16:00 - 19:00","za":"08:30 - 13:00","zo":"gesloten"}}},{"type":"Feature","geometry":{"type":"Point","coordinates":[13.788138835322439,45.68943936860319]},"properties":{"type":"pakketpunt","locatieNaam":"FedEx OnSite","straatNaam":"via di prosecco, 15","straatNr":"","vervoerder":"FedEx","puntType":"servicepunt","bezettingsgraad":50,"latitude":45.68943936860319,"longitude":13.788138835322439,"canPickup":true,"canDropoff":true,"openingstijden":{"ma":"07:00 - 13:00, 16:30 - 19:30","di":"07:00 - 13:00, 16:30 - 19:30","wo":"07:00 - 13:00, 16:30 - 19:30","do":"07:00 - 13:00, 16:30 - 19:30","vr":"07:00 - 13:00, 16:30 - 19:30","za":"07:00 - 13:00, 16:30 - 19:30","zo":"gesloten"}}},{"type":"Feature","geometry":{"type":"MultiPolygon","coordinates":[[[[13.6683192,45.7415402],[13.6704271,45.7436009],[13.6721106,45.7449263],[13.674081,45.7466197],[13.6742405,45.7464857],[13.6741681,45.7463506],[13.6745266,45.7461051],[13.6750658,45.7460013],[13.6752144,45.7460691],[13.6757234,45.7458828],[13.6773916,45.7448569],[13.6790579,45.7445082],[13.6869307,45.7396547],[13.687969,45.7388383],[13.6879207,45.7388101],[13.6879855,45.7387379],[13.6881357,45.7386689],[13.6882812,45.7387796],[13.6914855,45.7368634],[13.6942929,45.7355514],[13.6944765,45.7356905],[13.6963037,45.7347552],[13.6962464,45.7346332],[13.6968329,45.7342231],[13.696923,45.7340243],[13.6974396,45.7335763],[13.697486,45.7334294],[13.6999103,45.7314151],[13.7004683,45.7308508],[13.7030148,45.7292609],[13.7038909,45.7288593],[13.7048753,45.7282304],[13.705978,45.7277131],[13.7066169,45.7271684],[13.707699,45.7264701],[13.7091827,45.7257646],[13.7118412,45.7243372],[13.7138994,45.7235958],[13.7153395,45.7227377],[13.7167422,45.7217317],[13.7176255,45.7214907],[13.7189715,45.7205313],[13.7197276,45.7202666],[13.71998,45.7200781],[13.7203236,45.7200507],[13.7204711,45.7201114],[13.7217429,45.7195746],[13.7220976,45.7190491],[13.7229102,45.7182199],[13.724277,45.7175095],[13.7244494,45.7175362],[13.727784,45.714899],[13.7288272,45.7147562],[13.7301286,45.7140244],[13.7305709,45.7134678],[13.7304113,45.7133141],[13.7303569,45.7131059],[13.7305453,45.7127138],[13.7309768,45.7125617],[13.7314274,45.7127469],[13.7319808,45.7124228],[13.7335019,45.7121981],[13.7338698,45.7118087],[13.7350954,45.711119],[13.7351842,45.7105014],[13.7355308,45.7100461],[13.7356946,45.7095325],[13.7362756,45.7093961],[13.7371614,45.708793],[13.7378965,45.7084943],[13.7397925,45.7071412],[13.7407453,45.7069602],[13.7424936,45.7070501],[13.7434362,45.7069354],[13.7443075,45.7067224],[13.7448601,45.7064079],[13.7459746,45.7071425],[13.747783,45.7058889],[13.7494282,45.7054602],[13.7522933,45.7042106],[13.7562404,45.7033182],[13.759374,45.7020647],[13.760237,45.7017964],[13.7622581,45.7013234],[13.7636743,45.7011671],[13.7643555,45.7012705],[13.7656219,45.7010719],[13.7695479,45.6997055],[13.7705793,45.7007496],[13.7726366,45.701937],[13.7737222,45.7027616],[13.7739486,45.7027249],[13.7756705,45.7034306],[13.779122,45.7062603],[13.7814249,45.7061975],[13.7868061,45.7057069],[13.7914134,45.7049915],[13.7971481,45.704218],[13.8004327,45.7041625],[13.8008883,45.7046357],[13.8012565,45.7048565],[13.8019779,45.7062671],[13.8022359,45.7065898],[13.8026917,45.7069322],[13.8029204,45.7070556],[13.8035732,45.7069651],[13.8047534,45.7065367],[13.8052657,45.7059119],[13.8054954,45.7052454],[13.8053414,45.7047695],[13.8047244,45.7040128],[13.8070656,45.7031607],[13.8085574,45.7024426],[13.8107045,45.7016318],[13.8112324,45.7013136],[13.8115665,45.7012285],[13.8149784,45.6997177],[13.8179507,45.6985596],[13.8198086,45.6976652],[13.8209743,45.6973381],[13.8213708,45.6971127],[13.8221665,45.6970518],[13.8223439,45.6968798],[13.823861,45.6962565],[13.8243465,45.6963813],[13.8245316,45.6961776],[13.8252111,45.6961257],[13.8256244,45.6955732],[13.8267156,45.6954673],[13.8275052,45.6957345],[13.8280593,45.6956037],[13.8289502,45.6933607],[13.82982,45.6914726],[13.8324095,45.6898119],[13.8331638,45.6887772],[13.8334059,45.6883054],[13.8334525,45.6876382],[13.8336427,45.6870943],[13.8345113,45.6868526],[13.8360541,45.686221],[13.8367214,45.6857302],[13.8377116,45.6852321],[13.8389734,45.68431],[13.8417905,45.6827513],[13.8433476,45.6817575],[13.844114,45.6814128],[13.8451489,45.6807425],[13.8464713,45.6791165],[13.847543,45.6779844],[13.8513827,45.673303],[13.8529005,45.6722399],[13.8540071,45.6710536],[13.8576511,45.6658585],[13.8677041,45.6590231],[13.8709541,45.6570639],[13.8712449,45.6561025],[13.8718398,45.6563004],[13.8735061,45.6554164],[13.8743929,45.6547499],[13.8752478,45.6545532],[13.8792331,45.6521999],[13.8930465,45.6450264],[13.894551,45.6450307],[13.8951108,45.6445915],[13.8952399,45.6442369],[13.8954952,45.6440264],[13.8983086,45.6434615],[13.8974985,45.6427768],[13.8953681,45.6412148],[13.8939525,45.6405285],[13.8845772,45.6349176],[13.8838065,45.6345215],[13.8832562,45.6343482],[13.8802546,45.6325232],[13.8768557,45.6305838],[13.8761623,45.6302938],[13.8754872,45.6295152],[13.874823,45.6297469],[13.8740371,45.6292745],[13.8717703,45.6283171],[13.8715201,45.6280626],[13.870963,45.6283317],[13.8693496,45.6288408],[13.8624622,45.6278986],[13.8623066,45.627768],[13.8613857,45.6277517],[13.8595333,45.6282002],[13.8593896,45.6283054],[13.8585593,45.6285235],[13.8573506,45.6287877],[13.8562323,45.628907],[13.8524612,45.6284088],[13.8507714,45.6287045],[13.8447875,45.6311863],[13.8437477,45.6318634],[13.8436218,45.6320387],[13.8434539,45.6320568],[13.8426784,45.6325628],[13.8416412,45.6333339],[13.8411815,45.63202],[13.8414052,45.6313712],[13.8412118,45.6302821],[13.8407458,45.6298864],[13.84055,45.629389],[13.8403102,45.629149],[13.8399592,45.6290019],[13.8397524,45.6283651],[13.8389889,45.6276478],[13.838966,45.6272884],[13.8387873,45.626846],[13.8382661,45.6263423],[13.8381828,45.6261165],[13.8379345,45.6258664],[13.8375801,45.6252617],[13.8372526,45.6251648],[13.8368826,45.6247575],[13.8366845,45.6242688],[13.8364835,45.6241217],[13.8364241,45.6237929],[13.8360408,45.623446],[13.8360327,45.6230474],[13.8357635,45.6222206],[13.8355352,45.6220949],[13.8355663,45.621786],[13.8351883,45.6214476],[13.8353552,45.6212677],[13.8353416,45.6211789],[13.8346358,45.6203087],[13.8344966,45.6197451],[13.8345422,45.6194986],[13.8346247,45.6194545],[13.8342029,45.619039],[13.833316,45.6185679],[13.832207,45.6170392],[13.8310227,45.6161295],[13.8252647,45.6133609],[13.8252207,45.6133174],[13.8260494,45.6127618],[13.8258196,45.6125787],[13.8260516,45.6124311],[13.8256705,45.612274],[13.824775,45.6128393],[13.8203701,45.6096455],[13.8211868,45.6091],[13.8198575,45.6081535],[13.8193293,45.6082241],[13.8192158,45.6076025],[13.8190577,45.6074033],[13.8179416,45.6074607],[13.8160337,45.6078784],[13.8155336,45.6078795],[13.8145336,45.6080396],[13.8125505,45.6079615],[13.8092303,45.6070365],[13.8072676,45.6068003],[13.8064208,45.6069185],[13.8058555,45.6074034],[13.8044237,45.6095084],[13.805145,45.609676],[13.805494,45.6098097],[13.8054858,45.6098637],[13.8055471,45.609784],[13.8058606,45.6098874],[13.8057973,45.6099701],[13.807514,45.6105937],[13.8099267,45.6113171],[13.8099777,45.6114216],[13.8106451,45.6117074],[13.8105714,45.6118866],[13.8108807,45.6119935],[13.8110567,45.611851],[13.8115938,45.6120364],[13.8118232,45.6120021],[13.8118689,45.6121324],[13.8125522,45.6123841],[13.8128789,45.6123601],[13.8127489,45.6124331],[13.8130021,45.6125701],[13.8127604,45.6129261],[13.8127453,45.6130767],[13.8120086,45.6127774],[13.8119947,45.612836],[13.8124614,45.6129993],[13.8123638,45.6131362],[13.8119126,45.6129777],[13.8118231,45.6129904],[13.8126164,45.6132536],[13.8122088,45.6137332],[13.8122121,45.6138205],[13.8134713,45.614259],[13.8137752,45.6145796],[13.8136944,45.6146327],[13.811713,45.6139833],[13.8113848,45.6138449],[13.8115748,45.6137722],[13.8112819,45.6136704],[13.8112358,45.6137365],[13.8113142,45.6138172],[13.8066598,45.6122572],[13.8068783,45.6119307],[13.8063021,45.6117348],[13.806065,45.6120705],[13.8040464,45.6113914],[13.8031012,45.611226],[13.8028103,45.6112669],[13.8025906,45.6111724],[13.8023575,45.6108898],[13.8017246,45.6106799],[13.8013053,45.6104378],[13.8013383,45.6103933],[13.8011282,45.6103542],[13.8011887,45.6102735],[13.8002594,45.6099561],[13.7998843,45.61003],[13.7996536,45.60995],[13.7993148,45.6100207],[13.7991235,45.6102788],[13.7983769,45.6103412],[13.798383,45.6104363],[13.7982097,45.6104442],[13.7974746,45.6107826],[13.7965369,45.6115267],[13.7962455,45.6116129],[13.7954711,45.6117351],[13.794861,45.6116802],[13.7942364,45.6117971],[13.793535,45.6117606],[13.7930444,45.6118692],[13.7926318,45.6121122],[13.791876,45.6122451],[13.7907744,45.6126836],[13.7905893,45.612648],[13.7902838,45.6124286],[13.7896141,45.6124575],[13.7895655,45.6122649],[13.7895679,45.6124549],[13.7884839,45.612537],[13.7880599,45.6122371],[13.7870664,45.6119997],[13.7870907,45.6119531],[13.7865429,45.6117881],[13.7865275,45.6118487],[13.7863023,45.611785],[13.786013,45.6116383],[13.7859475,45.611769],[13.7861112,45.6117599],[13.7870116,45.6120889],[13.7870416,45.6120337],[13.787908,45.612288],[13.7879846,45.6123723],[13.7882066,45.6123746],[13.7883261,45.6125377],[13.7879731,45.6126061],[13.7876481,45.6127793],[13.7875526,45.6126599],[13.7875015,45.6126859],[13.7876289,45.6127861],[13.7874487,45.6128819],[13.7873474,45.612794],[13.7874011,45.6129028],[13.7866169,45.6133193],[13.7862205,45.6129516],[13.7862818,45.6128665],[13.7861822,45.6128526],[13.785977,45.6129647],[13.7861615,45.6129895],[13.7865501,45.6133519],[13.7857483,45.6137631],[13.7845793,45.6131483],[13.7842389,45.6133665],[13.7835787,45.6127128],[13.7834508,45.6127498],[13.7825852,45.6119102],[13.7822005,45.6118016],[13.7809265,45.6122802],[13.7778239,45.6113774],[13.7778803,45.6112731],[13.7775257,45.6111695],[13.7773845,45.6114222],[13.7777336,45.6115233],[13.7777958,45.6114213],[13.7808337,45.6123106],[13.7773191,45.6136584],[13.7740017,45.6126986],[13.7740598,45.612598],[13.7737088,45.6124964],[13.7735612,45.6127439],[13.7739136,45.6128457],[13.7739758,45.612747],[13.7772354,45.6137504],[13.7822278,45.6118673],[13.7825425,45.6119551],[13.7832113,45.6126837],[13.7832829,45.6128391],[13.7832243,45.6128685],[13.7845528,45.6140826],[13.7843028,45.6142213],[13.7837583,45.6136909],[13.7837734,45.6135912],[13.7833721,45.613892],[13.7826087,45.6140754],[13.7818427,45.6144549],[13.7811288,45.6149476],[13.7807522,45.6153082],[13.7804234,45.6154511],[13.7789806,45.6165227],[13.77832,45.6172066],[13.7783093,45.6173933],[13.7779468,45.6177401],[13.7778454,45.6176924],[13.7752992,45.6203117],[13.7755961,45.6204655],[13.7756373,45.6204214],[13.7755733,45.6203878],[13.7759686,45.6199824],[13.7763972,45.6201599],[13.7764007,45.6202935],[13.7761987,45.6204509],[13.776275,45.6208519],[13.7760264,45.6213975],[13.7767658,45.6215823],[13.7767765,45.6216759],[13.7763113,45.621905],[13.7763175,45.6221783],[13.7735384,45.6239547],[13.7731526,45.6240617],[13.7730544,45.6242518],[13.7727682,45.6242852],[13.772406,45.6246059],[13.7720877,45.6247703],[13.7716344,45.6252333],[13.7720947,45.6258339],[13.7713152,45.6261249],[13.7737434,45.6294238],[13.7733521,45.6295682],[13.7734312,45.6296819],[13.7781616,45.6311761],[13.7770617,45.6332862],[13.7769936,45.6333864],[13.7769156,45.6333496],[13.776569,45.6337597],[13.7767553,45.6339396],[13.7764085,45.6341135],[13.7762431,45.6339529],[13.775377,45.6343702],[13.774238,45.6330296],[13.7740683,45.6331018],[13.7757493,45.6351149],[13.7757757,45.6355109],[13.7757112,45.6355706],[13.7751313,45.6353737],[13.7734055,45.6333787],[13.7732347,45.6334529],[13.7742571,45.6346611],[13.773601,45.6349332],[13.7720513,45.633105],[13.7718463,45.6331882],[13.773716,45.6353942],[13.7700105,45.6355416],[13.7699724,45.6344737],[13.7698552,45.6344775],[13.769932,45.6362008],[13.7698296,45.636373],[13.769665,45.6363752],[13.7695456,45.6362119],[13.7694823,45.6344855],[13.7693859,45.6344855],[13.7694282,45.6355631],[13.7690915,45.6355671],[13.7690375,45.6340654],[13.768881,45.6340551],[13.7689454,45.6355713],[13.7676768,45.6356042],[13.7676385,45.6347246],[13.7674814,45.6347263],[13.7675144,45.6362064],[13.767388,45.6362872],[13.7672323,45.6361921],[13.7671637,45.6351621],[13.7670679,45.6351415],[13.7670767,45.6354992],[13.7668944,45.6355032],[13.7668919,45.6356032],[13.7668129,45.6356043],[13.7668667,45.6367765],[13.7667846,45.6369306],[13.7666477,45.6369332],[13.7665564,45.636803],[13.7664868,45.635514],[13.7663134,45.6355188],[13.7663013,45.6351986],[13.7663824,45.6351557],[13.7662964,45.6350438],[13.7662319,45.6342581],[13.7664399,45.6342302],[13.766442,45.6336475],[13.7660461,45.633654],[13.7659866,45.6304826],[13.7569079,45.6278817],[13.7549276,45.6312325],[13.7627045,45.6334445],[13.7627215,45.6345513],[13.762465,45.6345552],[13.7624033,45.6347352],[13.7622859,45.6347823],[13.7624045,45.6349401],[13.7584494,45.6363951],[13.7575436,45.6364946],[13.7495204,45.6355708],[13.7491589,45.6370569],[13.753716,45.6375707],[13.7538305,45.6380565],[13.7497494,45.6395527],[13.7488423,45.6396649],[13.744243,45.6391242],[13.7438951,45.6408205],[13.7481906,45.6413042],[13.7481438,45.6415719],[13.7482643,45.6415811],[13.7487115,45.6440443],[13.74835,45.6440685],[13.7484018,45.6445209],[13.7509197,45.6459801],[13.7506764,45.6461792],[13.7510446,45.6464013],[13.7514677,45.6463329],[13.7513843,45.6464027],[13.7517587,45.6462653],[13.75191,45.6464668],[13.7515916,45.6465961],[13.7518558,45.6466517],[13.7524336,45.6464571],[13.7526873,45.6466183],[13.7535582,45.6477729],[13.7539741,45.6476314],[13.7544201,45.6481994],[13.7545875,45.6488466],[13.754251,45.6489025],[13.7543434,45.6490015],[13.7532579,45.6490183],[13.753268,45.6490995],[13.7546239,45.6490834],[13.7546431,45.6493639],[13.7554958,45.6493445],[13.7555936,45.6495504],[13.7553595,45.64955],[13.7553559,45.6494817],[13.7547116,45.649487],[13.7547096,45.6496113],[13.754646,45.6496155],[13.7546605,45.649974],[13.7523848,45.6500476],[13.7517906,45.6496273],[13.7511294,45.648482],[13.7510629,45.6485009],[13.7517375,45.6496552],[13.7523571,45.6500947],[13.7558442,45.6500692],[13.7565536,45.649758],[13.7565541,45.6496834],[13.7567544,45.6495912],[13.756718,45.6495538],[13.7573716,45.649325],[13.759467,45.6498007],[13.7594866,45.6497535],[13.7573844,45.6492771],[13.757356,45.6488199],[13.7572637,45.6487585],[13.7571997,45.6487631],[13.7572195,45.6491663],[13.7565276,45.6490881],[13.7559881,45.6487809],[13.7558066,45.6480057],[13.756089,45.6479741],[13.7561538,45.6482957],[13.7562067,45.64829],[13.7558151,45.6468156],[13.7579575,45.6457929],[13.7584309,45.6456725],[13.7590293,45.6456962],[13.7597156,45.6459897],[13.7584698,45.6469885],[13.7587274,45.6468199],[13.7588088,45.646871],[13.7587328,45.6469288],[13.758872,45.6469124],[13.7587938,45.6469684],[13.7589575,45.6469633],[13.7591591,45.6467958],[13.7590285,45.6466652],[13.7592012,45.6467712],[13.7599703,45.6461521],[13.7603452,45.6463912],[13.7593355,45.6472013],[13.7591338,45.6473162],[13.7589053,45.6472258],[13.7592665,45.6474534],[13.7597589,45.6470765],[13.7598116,45.6471089],[13.7597154,45.647183],[13.7599348,45.6473278],[13.7602146,45.6470958],[13.760549,45.6473007],[13.7606506,45.6472235],[13.7612578,45.6475953],[13.7595347,45.6489031],[13.7597273,45.6490231],[13.7614485,45.6477172],[13.7625031,45.6483791],[13.7614283,45.6492097],[13.7616589,45.6493741],[13.7630269,45.6483287],[13.7641248,45.6491503],[13.7620544,45.6507808],[13.7629063,45.6513051],[13.7647776,45.6498351],[13.7650034,45.6498225],[13.7674596,45.6513756],[13.7650964,45.652709],[13.7652875,45.652868],[13.7676959,45.651515],[13.7685472,45.652112],[13.7691162,45.6530004],[13.7694183,45.6529169],[13.7694641,45.6529985],[13.7690031,45.653186],[13.7685537,45.6540367],[13.7665902,45.6538573],[13.7664469,45.6546194],[13.7681523,45.6547723],[13.7668016,45.6572832],[13.7642895,45.6565647],[13.7639183,45.6572026],[13.7664244,45.6579151],[13.7648671,45.6602642],[13.7625116,45.6596152],[13.7602172,45.6636209],[13.7605906,45.6637246],[13.7605637,45.6637902],[13.7619307,45.6641629],[13.7608601,45.6660847],[13.759155,45.6656142],[13.7599338,45.664314],[13.7596765,45.6642383],[13.7585445,45.6661778],[13.7588344,45.6662591],[13.7585717,45.6670257],[13.758656,45.667505],[13.758628,45.6681287],[13.758478,45.6683288],[13.7585309,45.6683927],[13.7577014,45.6697665],[13.7567775,45.6715487],[13.756706,45.671531],[13.7568608,45.6716064],[13.7567663,45.6718034],[13.7565537,45.6719686],[13.7566335,45.6719862],[13.7564623,45.6729142],[13.7560236,45.6737357],[13.7556688,45.6739843],[13.7554897,45.6738982],[13.7557246,45.6736759],[13.7556641,45.6736135],[13.7553735,45.6738427],[13.7547701,45.6739267],[13.7542165,45.6738925],[13.7539588,45.6739885],[13.7530814,45.6750336],[13.7528438,45.6756409],[13.7526029,45.6758017],[13.7525198,45.6757455],[13.7526043,45.6756424],[13.7525479,45.6756471],[13.7520214,45.6761554],[13.7519581,45.6764104],[13.7521503,45.6769141],[13.7522904,45.6767904],[13.7523644,45.6768103],[13.7523228,45.6769027],[13.7523785,45.6768178],[13.7527196,45.6769064],[13.7525919,45.676965],[13.7528473,45.6769364],[13.7528258,45.6772606],[13.7531817,45.6776169],[13.7533689,45.6776543],[13.7535203,45.6778009],[13.7535257,45.6778976],[13.7532025,45.6783791],[13.7535716,45.677945],[13.7539621,45.6780917],[13.7537142,45.6785318],[13.753776,45.6787287],[13.753683,45.6789276],[13.7538716,45.6789529],[13.7537768,45.6790957],[13.75357,45.6790911],[13.7536691,45.6791379],[13.7535686,45.6793453],[13.7534321,45.6793449],[13.7533822,45.679488],[13.7532057,45.6795097],[13.7531028,45.6796499],[13.7531393,45.6797026],[13.7532331,45.6795779],[13.7533687,45.6795498],[13.7536945,45.6796651],[13.7537394,45.6797933],[13.7533834,45.6801786],[13.7532936,45.680381],[13.7533821,45.6804971],[13.7532426,45.680602],[13.7528336,45.6806733],[13.7527236,45.6806199],[13.752796,45.6804775],[13.7527236,45.680432],[13.7525551,45.6806536],[13.7524622,45.6806027],[13.7523684,45.6806593],[13.7522998,45.6807525],[13.7523572,45.6807883],[13.7521893,45.680964],[13.7520631,45.6809134],[13.7519982,45.6809941],[13.751696,45.6808667],[13.7519565,45.6805627],[13.7519029,45.680499],[13.7509324,45.6815035],[13.7506551,45.6814632],[13.7497157,45.6824282],[13.749796,45.6824359],[13.750676,45.6815762],[13.7509349,45.6816452],[13.7515824,45.6809778],[13.7520014,45.6811459],[13.7514883,45.6817237],[13.7511146,45.6815965],[13.7514587,45.681765],[13.7506412,45.6825596],[13.7502657,45.6823703],[13.7505822,45.6825738],[13.7484834,45.6845678],[13.7462791,45.6861339],[13.7461103,45.6864478],[13.7461999,45.6867335],[13.745923,45.6868345],[13.74579,45.6867144],[13.7459422,45.6869886],[13.7458174,45.6871834],[13.7454903,45.6874071],[13.745385,45.6873743],[13.7454587,45.6874287],[13.7449405,45.6877831],[13.7446872,45.6876743],[13.7447734,45.687871],[13.7440434,45.6883629],[13.7439305,45.6882821],[13.7437401,45.6884286],[13.7438617,45.6884865],[13.7426649,45.6893219],[13.7425686,45.6894605],[13.7423847,45.6894941],[13.7423418,45.6895914],[13.7420552,45.6897484],[13.7420312,45.6898475],[13.7409864,45.6905923],[13.7409191,45.6905525],[13.7409629,45.69061],[13.737978,45.6929219],[13.7376707,45.6932585],[13.7371382,45.692989],[13.7366993,45.6930992],[13.7365525,45.6933328],[13.7366243,45.6934815],[13.7367177,45.6934806],[13.7366678,45.6933289],[13.7367391,45.6931892],[13.7370082,45.6930866],[13.7374463,45.6932248],[13.7372741,45.6932482],[13.7375343,45.6933824],[13.7371978,45.6936387],[13.7369134,45.6934768],[13.7370794,45.6936322],[13.7349731,45.69522],[13.733327,45.6962794],[13.7324023,45.6966103],[13.7313901,45.6968549],[13.7286963,45.6980726],[13.725514,45.6992165],[13.7249462,45.6994896],[13.7250017,45.6995599],[13.724235,45.6997604],[13.7230704,45.7003775],[13.7230691,45.7002833],[13.7235058,45.7000296],[13.7228051,45.7003585],[13.7229663,45.7002167],[13.7229101,45.7002023],[13.7223231,45.7005188],[13.7227872,45.7003688],[13.7225508,45.7004829],[13.7225853,45.7005168],[13.7229556,45.7003059],[13.7230441,45.7003912],[13.7229193,45.7004528],[13.722972,45.700502],[13.7228881,45.7004682],[13.722708,45.7006056],[13.7218674,45.700909],[13.7214107,45.7010314],[13.721355,45.7009775],[13.7206216,45.7010311],[13.7204796,45.7011279],[13.7201957,45.7010816],[13.720233,45.7009325],[13.7201729,45.7009244],[13.7201397,45.7010416],[13.72012,45.7009166],[13.7200339,45.7008762],[13.7200829,45.7010158],[13.7199958,45.7011156],[13.7198417,45.7010946],[13.7197301,45.7009606],[13.7199241,45.7008551],[13.7199286,45.7007709],[13.7196019,45.7009543],[13.7190796,45.7009503],[13.7188778,45.7011192],[13.718745,45.7011574],[13.7186813,45.7010883],[13.7185994,45.7011637],[13.7186853,45.7012805],[13.7182346,45.7015481],[13.7177965,45.7016354],[13.7171016,45.7020081],[13.7164212,45.7020525],[13.7158005,45.70173],[13.7152146,45.7015853],[13.7146638,45.7017264],[13.7145663,45.7016779],[13.7145486,45.7017428],[13.713805,45.7020169],[13.7137651,45.7019051],[13.7133023,45.7022897],[13.7129734,45.7024042],[13.7127119,45.7023974],[13.7125249,45.7022738],[13.7119756,45.7023597],[13.7116987,45.7032007],[13.7118141,45.7032153],[13.7119358,45.7027487],[13.7120451,45.7027443],[13.712252,45.7030006],[13.7122319,45.7036413],[13.7119319,45.7038643],[13.7116698,45.7038888],[13.7114837,45.7040115],[13.7114823,45.7040677],[13.711668,45.7039336],[13.7118863,45.7039097],[13.7114743,45.7041908],[13.7114342,45.7043207],[13.7112511,45.7044598],[13.7112156,45.704286],[13.7111961,45.7043769],[13.7110993,45.7044009],[13.7110358,45.7045999],[13.7110933,45.7046208],[13.7109503,45.7047803],[13.7111045,45.7048909],[13.7109189,45.7051131],[13.7107929,45.7056988],[13.7117681,45.7066274],[13.7118679,45.7072209],[13.7118552,45.706615],[13.7109206,45.7057025],[13.7109922,45.7053368],[13.7110593,45.7053401],[13.7110369,45.7054567],[13.7111418,45.7053575],[13.7111577,45.7054857],[13.711201,45.705251],[13.7119703,45.7053163],[13.7133105,45.7063493],[13.7134696,45.7068237],[13.7127415,45.7069637],[13.7134797,45.7068602],[13.7136961,45.7078875],[13.7133458,45.7084881],[13.7131894,45.7085855],[13.71322,45.7087816],[13.7125272,45.7093534],[13.7127757,45.7095051],[13.7123133,45.7099711],[13.7121317,45.709915],[13.7122803,45.7100055],[13.7122095,45.7101769],[13.7121293,45.7102341],[13.7119072,45.7100963],[13.7120918,45.7102699],[13.7117819,45.7105229],[13.7117108,45.7104829],[13.7112672,45.7108435],[13.7111515,45.7107788],[13.7112407,45.7108673],[13.7109557,45.7110866],[13.7108759,45.7110335],[13.7107189,45.7111306],[13.7094892,45.7120614],[13.7095797,45.7121241],[13.7095204,45.7121743],[13.708921,45.7125649],[13.7087827,45.7126312],[13.7086017,45.7124904],[13.7087637,45.7126395],[13.708438,45.7128514],[13.7083586,45.7128311],[13.7084183,45.7128742],[13.7081544,45.7130373],[13.708059,45.7129992],[13.7081247,45.7130613],[13.7077459,45.7133052],[13.7075632,45.7132024],[13.7077189,45.7133226],[13.7071989,45.7135491],[13.7069824,45.7133873],[13.7071943,45.7135746],[13.7067816,45.7138686],[13.7065769,45.7136996],[13.7063469,45.7136943],[13.7061473,45.7138562],[13.7061743,45.713954],[13.7063149,45.7137876],[13.7064607,45.7137476],[13.7067478,45.7138756],[13.7064941,45.7140508],[13.7063488,45.71399],[13.7064571,45.7140758],[13.7057749,45.7145742],[13.7056287,45.7144793],[13.7057607,45.7145933],[13.7052148,45.7148992],[13.7043727,45.7155317],[13.7042004,45.7154287],[13.7043392,45.7155557],[13.703829,45.7159164],[13.7037394,45.7158652],[13.7038116,45.7159346],[13.7034167,45.7161577],[13.7032234,45.7161554],[13.7032805,45.7162543],[13.7029269,45.7165091],[13.7028671,45.7164623],[13.7028862,45.7165297],[13.7025351,45.7167376],[13.7024283,45.7167911],[13.7023554,45.7167357],[13.7024066,45.7168003],[13.7022896,45.7167919],[13.7023068,45.7168416],[13.7017944,45.7170736],[13.7009048,45.7178529],[13.7001813,45.7181145],[13.6998514,45.7183167],[13.6997962,45.7182806],[13.6998042,45.7183561],[13.6993586,45.7186494],[13.699269,45.7186078],[13.6993362,45.7186641],[13.6987614,45.7190398],[13.6986609,45.7190869],[13.6985411,45.718988],[13.6986392,45.7190979],[13.6983587,45.7192613],[13.6977346,45.719949],[13.6976028,45.7199267],[13.6974339,45.7199594],[13.6977188,45.7199747],[13.6976015,45.7201475],[13.697491,45.7202304],[13.6972252,45.7201315],[13.6974468,45.7202626],[13.6972812,45.7204264],[13.6971297,45.720372],[13.697301,45.720478],[13.6971763,45.7206122],[13.6968824,45.7204839],[13.6970711,45.7206169],[13.6968578,45.7207559],[13.6967737,45.7207347],[13.6968658,45.720801],[13.6967456,45.7207839],[13.6965508,45.7209318],[13.6963377,45.7208652],[13.6963809,45.7209731],[13.6960246,45.7212924],[13.6959551,45.7213354],[13.6957938,45.7212402],[13.6959479,45.7213612],[13.6958356,45.7214204],[13.6957043,45.7213392],[13.6958178,45.7214462],[13.6957331,45.7214958],[13.6955271,45.7215593],[13.6953299,45.7213918],[13.6952929,45.7214124],[13.69546,45.7215616],[13.6952826,45.7217058],[13.6950822,45.7216278],[13.6952899,45.721737],[13.6952358,45.7217855],[13.6951786,45.7218239],[13.6950218,45.7217228],[13.6951338,45.7218221],[13.6947322,45.7221065],[13.6946786,45.7220691],[13.6946919,45.7221363],[13.6943778,45.7223754],[13.6942746,45.722435],[13.6941264,45.7223622],[13.6942602,45.7224671],[13.6939919,45.7226335],[13.6938365,45.7225498],[13.6939891,45.7226572],[13.6938154,45.7227821],[13.6937857,45.7227254],[13.6937341,45.722803],[13.6936772,45.7227637],[13.6937215,45.7228998],[13.6936037,45.7228958],[13.6936656,45.7229567],[13.6933447,45.723315],[13.6931958,45.7232743],[13.693318,45.723381],[13.692979,45.7237956],[13.6926369,45.7246884],[13.692239,45.7251871],[13.6917141,45.7254619],[13.6914467,45.7252778],[13.6916308,45.7254543],[13.6915191,45.7255084],[13.6912622,45.7253706],[13.6905797,45.7258973],[13.6902791,45.7258341],[13.6897374,45.7262182],[13.6896965,45.7263337],[13.6897639,45.7263523],[13.6903344,45.7259551],[13.6905243,45.7260697],[13.6913293,45.7254566],[13.6915907,45.7256251],[13.6910146,45.726052],[13.6908409,45.7259632],[13.6909927,45.7260679],[13.6904833,45.7264495],[13.6902546,45.7262998],[13.6901174,45.7264488],[13.6902692,45.7264092],[13.6905361,45.7265819],[13.6894727,45.7273193],[13.6893331,45.7272184],[13.6894372,45.7273264],[13.6892893,45.7274743],[13.689095,45.7275319],[13.688992,45.7274546],[13.6888209,45.7274395],[13.6886136,45.7275573],[13.6886579,45.7276011],[13.6889098,45.7274648],[13.6890983,45.7275632],[13.6888453,45.7277655],[13.6886545,45.7277114],[13.6887326,45.7277833],[13.6877784,45.7284229],[13.6872821,45.7291428],[13.6860186,45.7299056],[13.6858527,45.7298141],[13.6859929,45.7299162],[13.6852942,45.7303043],[13.6850824,45.7305179],[13.6836509,45.731366],[13.683578,45.7313474],[13.6836494,45.7313998],[13.6834021,45.7315916],[13.6831906,45.7316645],[13.6832378,45.7317004],[13.6826847,45.7320874],[13.6825785,45.7320625],[13.6826574,45.7321077],[13.6825944,45.7321907],[13.6823439,45.7323418],[13.6822549,45.7323129],[13.6823179,45.7323559],[13.682137,45.7324195],[13.6821732,45.7325055],[13.6815148,45.7333371],[13.6812629,45.7335283],[13.6811893,45.7334916],[13.6810223,45.7337941],[13.6803738,45.734332],[13.6801581,45.7342269],[13.6803317,45.7343307],[13.6802779,45.7344285],[13.6791776,45.7352488],[13.6784979,45.7359151],[13.6776441,45.7364428],[13.6770546,45.736929],[13.6769362,45.7368638],[13.6770185,45.7369665],[13.6756749,45.7377433],[13.6755009,45.7377106],[13.6755883,45.7377837],[13.675375,45.7379005],[13.6753047,45.7378634],[13.6753058,45.7379363],[13.6747109,45.7382472],[13.6745786,45.7381469],[13.6746686,45.7382625],[13.6745533,45.738328],[13.6744092,45.7382235],[13.6744936,45.7383608],[13.6737285,45.7387518],[13.6736078,45.7386269],[13.6736916,45.7387799],[13.6723041,45.7395127],[13.6721303,45.7394013],[13.6720819,45.7394182],[13.6720603,45.739469],[13.6721289,45.7394336],[13.6722612,45.7395308],[13.6721846,45.7396574],[13.6717894,45.7398281],[13.6716221,45.7397196],[13.6717685,45.7398593],[13.6714433,45.7399963],[13.6713382,45.7398779],[13.671451,45.740049],[13.6713994,45.7400783],[13.6713081,45.7399897],[13.6713012,45.7400877],[13.6700546,45.740647],[13.6695023,45.7404867],[13.668794,45.7407949],[13.6686661,45.7410051],[13.66885,45.7409999],[13.6687905,45.7409181],[13.6694707,45.7405967],[13.6696894,45.7407983],[13.6689955,45.7411448],[13.6689153,45.7411023],[13.6683192,45.7415402]]],[[[13.753015,45.6798196],[13.7526182,45.6802117],[13.7526,45.6803655],[13.753015,45.6798196]]]]},"properties":{"type":"boundary","gemeente":"Trieste"}}]}