{"type":"FeatureCollection","metadata":{"gemeente":"Verona","slug":"verona","generated_at":"2026-09-26T14:28:12.932046Z","total_points":566,"providers":["PosteItaliane","DPD","InPost","GLS","DHL","Amazon","FedEx"],"bounds":[10.902542,45.35418,11.10832,45.51653]},"features":[{"type":"Feature","geometry":{"type":"Point","coordinates":[10.98315074,45.45501844]},"properties":{"type":"pakketpunt","locatieNaam":"Tabaccheria N. 92","straatNaam":"Via Goffredo Mameli","straatNr":"138/a","vervoerder":"PosteItaliane","puntType":"servicepunt","bezettingsgraad":50,"latitude":45.45501844,"longitude":10.98315074,"canPickup":true,"canDropoff":true,"openingstijden":{"za":"06:40 - 13:00, 16:00 - 19:00","zo":"08:00 - 13:00","ma":"06:40 - 13:00, 16:00 - 19:00","di":"06:40 - 13:00, 16:00 - 19:00","wo":"06:40 - 13:00, 16:00 - 19:00","do":"06:40 - 13:00, 16:00 - 19:00","vr":"06:40 - 13:00, 16:00 - 19:00"}}},{"type":"Feature","geometry":{"type":"Point","coordinates":[10.94717665,45.47812078]},"properties":{"type":"pakketpunt","locatieNaam":"Tabaccheria N. 125","straatNaam":"Largo Stazione Vecchia","straatNr":"14","vervoerder":"PosteItaliane","puntType":"servicepunt","bezettingsgraad":50,"latitude":45.47812078,"longitude":10.94717665,"canPickup":true,"canDropoff":true,"openingstijden":{"za":"07:30 - 20:00","zo":"07:30 - 20:00","ma":"07:30 - 20:00","di":"07:30 - 20:00","wo":"07:30 - 20:00","do":"07:30 - 20:00","vr":"07:30 - 20:00"}}},{"type":"Feature","geometry":{"type":"Point","coordinates":[11.0101921,45.43265602]},"properties":{"type":"pakketpunt","locatieNaam":"Tabaccheria N. 160","straatNaam":"Via Luciano Ligabo'","straatNr":"8","vervoerder":"PosteItaliane","puntType":"servicepunt","bezettingsgraad":50,"latitude":45.43265602,"longitude":11.0101921,"canPickup":true,"canDropoff":true,"openingstijden":{"za":"06:30 - 13:00, 15:00 - 19:30","zo":"06:30 - 12:30","ma":"06:30 - 13:00, 15:00 - 19:30","di":"06:30 - 13:00, 15:00 - 19:30","wo":"06:30 - 13:00, 15:00 - 19:30","do":"06:30 - 13:00, 15:00 - 19:30","vr":"06:30 - 13:00, 15:00 - 19:30"}}},{"type":"Feature","geometry":{"type":"Point","coordinates":[10.99414365,45.44227574]},"properties":{"type":"pakketpunt","locatieNaam":"Tabaccheria N. 21","straatNaam":"Corso Porta Borsari","straatNr":"45","vervoerder":"PosteItaliane","puntType":"servicepunt","bezettingsgraad":50,"latitude":45.44227574,"longitude":10.99414365,"canPickup":true,"canDropoff":true,"openingstijden":{"za":"08:30 - 19:30","zo":"10:00 - 12:30, 15:00 - 19:00","ma":"08:30 - 19:30","di":"08:30 - 19:30","wo":"08:30 - 19:30","do":"08:30 - 19:30","vr":"08:30 - 19:30"}}},{"type":"Feature","geometry":{"type":"Point","coordinates":[11.00328138,45.44530447]},"properties":{"type":"pakketpunt","locatieNaam":"Tabaccheria N. 20","straatNaam":"Interrato Acqua Morta","straatNr":"84","vervoerder":"PosteItaliane","puntType":"servicepunt","bezettingsgraad":50,"latitude":45.44530447,"longitude":11.00328138,"canPickup":true,"canDropoff":true,"openingstijden":{"za":"06:30 - 13:30, 15:30 - 19:30","zo":"07:00 - 12:30","ma":"06:30 - 13:30, 15:30 - 19:30","di":"06:30 - 13:30, 15:30 - 19:30","wo":"06:30 - 13:30, 15:30 - 19:30","do":"06:30 - 13:30, 15:30 - 19:30","vr":"06:30 - 13:30, 15:30 - 19:30"}}},{"type":"Feature","geometry":{"type":"Point","coordinates":[10.95228403,45.44548783]},"properties":{"type":"pakketpunt","locatieNaam":"Tabaccheria N. 110","straatNaam":"Via Gracco Spaziani","straatNr":"12","vervoerder":"PosteItaliane","puntType":"servicepunt","bezettingsgraad":50,"latitude":45.44548783,"longitude":10.95228403,"canPickup":true,"canDropoff":true,"openingstijden":{"za":"08:30 - 20:30","zo":"09:00 - 13:00","ma":"08:30 - 20:30","di":"08:30 - 20:30","wo":"08:30 - 20:30","do":"08:30 - 20:30","vr":"08:30 - 20:30"}}},{"type":"Feature","geometry":{"type":"Point","coordinates":[10.98526227,45.4202545]},"properties":{"type":"pakketpunt","locatieNaam":"Verona 9","straatNaam":"Via Santa Teresa","straatNr":"45/a","vervoerder":"PosteItaliane","puntType":"postkantoor","bezettingsgraad":50,"latitude":45.4202545,"longitude":10.98526227,"canPickup":true,"canDropoff":true,"openingstijden":{"za":"08:20 - 12:45","zo":"gesloten","ma":"08:20 - 13:45","di":"08:20 - 13:45","wo":"08:20 - 13:45","do":"08:20 - 13:45","vr":"08:20 - 13:45"}}},{"type":"Feature","geometry":{"type":"Point","coordinates":[10.95789158,45.45014193]},"properties":{"type":"pakketpunt","locatieNaam":"Verona 24","straatNaam":"Via Trapani","straatNr":"12","vervoerder":"PosteItaliane","puntType":"postkantoor","bezettingsgraad":50,"latitude":45.45014193,"longitude":10.95789158,"canPickup":true,"canDropoff":true,"openingstijden":{"za":"08:20 - 12:35","zo":"gesloten","ma":"08:20 - 13:35","di":"08:20 - 13:35","wo":"08:20 - 13:35","do":"08:20 - 13:35","vr":"08:20 - 13:35"}}},{"type":"Feature","geometry":{"type":"Point","coordinates":[11.05631206,45.4285632]},"properties":{"type":"pakketpunt","locatieNaam":"Verona 29","straatNaam":"Via Dolomiti","straatNr":"40","vervoerder":"PosteItaliane","puntType":"postkantoor","bezettingsgraad":50,"latitude":45.4285632,"longitude":11.05631206,"canPickup":true,"canDropoff":true,"openingstijden":{"za":"08:20 - 12:35","zo":"gesloten","ma":"08:20 - 13:35","di":"08:20 - 13:35","wo":"08:20 - 13:35","do":"08:20 - 13:35","vr":"08:20 - 13:35"}}},{"type":"Feature","geometry":{"type":"Point","coordinates":[10.99071552,45.43930278]},"properties":{"type":"pakketpunt","locatieNaam":"Verona 2","straatNaam":"Via Carlo Cattaneo","straatNr":"23","vervoerder":"PosteItaliane","puntType":"postkantoor","bezettingsgraad":50,"latitude":45.43930278,"longitude":10.99071552,"canPickup":true,"canDropoff":true,"openingstijden":{"za":"08:20 - 12:35","zo":"gesloten","ma":"08:20 - 19:05","di":"08:20 - 19:05","wo":"08:20 - 19:05","do":"08:20 - 19:05","vr":"08:20 - 19:05"}}},{"type":"Feature","geometry":{"type":"Point","coordinates":[10.98111782,45.41872548]},"properties":{"type":"pakketpunt","locatieNaam":"Verona 11","straatNaam":"Viale Del Lavoro","straatNr":"8","vervoerder":"PosteItaliane","puntType":"postkantoor","bezettingsgraad":50,"latitude":45.41872548,"longitude":10.98111782,"canPickup":true,"canDropoff":true,"openingstijden":{"za":"08:20 - 12:45","zo":"gesloten","ma":"08:20 - 13:45","di":"08:20 - 13:45","wo":"08:20 - 13:45","do":"08:20 - 13:45","vr":"08:20 - 13:45"}}},{"type":"Feature","geometry":{"type":"Point","coordinates":[10.97764818,45.45769855]},"properties":{"type":"pakketpunt","locatieNaam":"Verona 26","straatNaam":"Via Goffredo Mameli","straatNr":"73","vervoerder":"PosteItaliane","puntType":"postkantoor","bezettingsgraad":50,"latitude":45.45769855,"longitude":10.97764818,"canPickup":true,"canDropoff":true,"openingstijden":{"za":"08:20 - 12:35","zo":"gesloten","ma":"08:20 - 13:35","di":"08:20 - 13:35","wo":"08:20 - 13:35","do":"08:20 - 13:35","vr":"08:20 - 13:35"}}},{"type":"Feature","geometry":{"type":"Point","coordinates":[10.99697698,45.3800087]},"properties":{"type":"pakketpunt","locatieNaam":"Ca' Di David","straatNaam":"Via Del Tricolore","straatNr":"11/a","vervoerder":"PosteItaliane","puntType":"postkantoor","bezettingsgraad":50,"latitude":45.3800087,"longitude":10.99697698,"canPickup":true,"canDropoff":true,"openingstijden":{"za":"08:20 - 12:35","zo":"gesloten","ma":"08:20 - 13:35","di":"08:20 - 13:35","wo":"08:20 - 13:35","do":"08:20 - 13:35","vr":"08:20 - 13:35"}}},{"type":"Feature","geometry":{"type":"Point","coordinates":[11.01984217,45.4332429]},"properties":{"type":"pakketpunt","locatieNaam":"Verona 13","straatNaam":"Via Paolo Sarpi","straatNr":"17","vervoerder":"PosteItaliane","puntType":"postkantoor","bezettingsgraad":50,"latitude":45.4332429,"longitude":11.01984217,"canPickup":true,"canDropoff":true,"openingstijden":{"za":"08:20 - 12:35","zo":"gesloten","ma":"08:20 - 13:35","di":"08:20 - 13:35","wo":"08:20 - 13:35","do":"08:20 - 13:35","vr":"08:20 - 13:35"}}},{"type":"Feature","geometry":{"type":"Point","coordinates":[11.01881442,45.49429488]},"properties":{"type":"pakketpunt","locatieNaam":"Quinto Di Valpantena","straatNaam":"Via Valpantena","straatNr":"87","vervoerder":"PosteItaliane","puntType":"postkantoor","bezettingsgraad":50,"latitude":45.49429488,"longitude":11.01881442,"canPickup":true,"canDropoff":true,"openingstijden":{"za":"08:20 - 12:35","zo":"gesloten","ma":"08:20 - 13:35","di":"08:20 - 13:35","wo":"08:20 - 13:35","do":"08:20 - 13:35","vr":"08:20 - 13:35"}}},{"type":"Feature","geometry":{"type":"Point","coordinates":[10.99682827,45.43507186]},"properties":{"type":"pakketpunt","locatieNaam":"Verona 10","straatNaam":"Via Del Pontiere","straatNr":"3/e","vervoerder":"PosteItaliane","puntType":"postkantoor","bezettingsgraad":50,"latitude":45.43507186,"longitude":10.99682827,"canPickup":true,"canDropoff":true,"openingstijden":{"za":"08:20 - 12:35","zo":"gesloten","ma":"08:20 - 13:35","di":"08:20 - 13:35","wo":"08:20 - 13:35","do":"08:20 - 13:35","vr":"08:20 - 13:35"}}},{"type":"Feature","geometry":{"type":"Point","coordinates":[11.02886647,45.44893318]},"properties":{"type":"pakketpunt","locatieNaam":"Verona 32","straatNaam":"Via Pietro Zagata","straatNr":"4","vervoerder":"PosteItaliane","puntType":"postkantoor","bezettingsgraad":50,"latitude":45.44893318,"longitude":11.02886647,"canPickup":true,"canDropoff":true,"openingstijden":{"ma":"gesloten","di":"gesloten","wo":"gesloten","do":"gesloten","vr":"gesloten","za":"gesloten","zo":"gesloten"}}},{"type":"Feature","geometry":{"type":"Point","coordinates":[10.97123577,45.43611013]},"properties":{"type":"pakketpunt","locatieNaam":"Verona 25","straatNaam":"Via Adriano Cristofoli","straatNr":"21","vervoerder":"PosteItaliane","puntType":"postkantoor","bezettingsgraad":50,"latitude":45.43611013,"longitude":10.97123577,"canPickup":true,"canDropoff":true,"openingstijden":{"za":"08:20 - 12:35","zo":"gesloten","ma":"08:20 - 13:35","di":"08:20 - 13:35","wo":"08:20 - 13:35","do":"08:20 - 13:35","vr":"08:20 - 13:35"}}},{"type":"Feature","geometry":{"type":"Point","coordinates":[10.9584583,45.42029756]},"properties":{"type":"pakketpunt","locatieNaam":"Verona 15","straatNaam":"Via Ghetto","straatNr":"20","vervoerder":"PosteItaliane","puntType":"postkantoor","bezettingsgraad":50,"latitude":45.42029756,"longitude":10.9584583,"canPickup":true,"canDropoff":true,"openingstijden":{"za":"08:20 - 12:35","zo":"gesloten","ma":"08:20 - 13:35","di":"08:20 - 13:35","wo":"08:20 - 13:35","do":"08:20 - 13:35","vr":"08:20 - 13:35"}}},{"type":"Feature","geometry":{"type":"Point","coordinates":[10.9928587,45.41070661]},"properties":{"type":"pakketpunt","locatieNaam":"Verona 31","straatNaam":"Via Monterotondo","straatNr":"21","vervoerder":"PosteItaliane","puntType":"postkantoor","bezettingsgraad":50,"latitude":45.41070661,"longitude":10.9928587,"canPickup":true,"canDropoff":true,"openingstijden":{"za":"08:20 - 12:35","zo":"gesloten","ma":"08:20 - 13:35","di":"08:20 - 13:35","wo":"08:20 - 13:35","do":"08:20 - 13:35","vr":"08:20 - 13:35"}}},{"type":"Feature","geometry":{"type":"Point","coordinates":[10.9463091,45.4570998]},"properties":{"type":"pakketpunt","locatieNaam":"Verona 23","straatNaam":"Piazza Chievo","straatNr":"10/a","vervoerder":"PosteItaliane","puntType":"postkantoor","bezettingsgraad":50,"latitude":45.4570998,"longitude":10.9463091,"canPickup":true,"canDropoff":true,"openingstijden":{"za":"08:20 - 12:35","zo":"gesloten","ma":"08:20 - 13:35","di":"08:20 - 13:35","wo":"08:20 - 13:35","do":"08:20 - 13:35","vr":"08:20 - 13:35"}}},{"type":"Feature","geometry":{"type":"Point","coordinates":[11.05982549,45.45558287]},"properties":{"type":"pakketpunt","locatieNaam":"Montorio Veronese","straatNaam":"Via Olmo","straatNr":"77","vervoerder":"PosteItaliane","puntType":"postkantoor","bezettingsgraad":50,"latitude":45.45558287,"longitude":11.05982549,"canPickup":true,"canDropoff":true,"openingstijden":{"za":"08:20 - 12:35","zo":"gesloten","ma":"08:20 - 13:35","di":"08:20 - 13:35","wo":"08:20 - 13:35","do":"08:20 - 13:35","vr":"08:20 - 13:35"}}},{"type":"Feature","geometry":{"type":"Point","coordinates":[11.04568683,45.4329296]},"properties":{"type":"pakketpunt","locatieNaam":"Verona 19","straatNaam":"Via Unita' D'italia","straatNr":"186","vervoerder":"PosteItaliane","puntType":"postkantoor","bezettingsgraad":50,"latitude":45.4329296,"longitude":11.04568683,"canPickup":true,"canDropoff":true,"openingstijden":{"za":"08:20 - 12:35","zo":"gesloten","ma":"08:20 - 13:35","di":"08:20 - 13:35","wo":"08:20 - 13:35","do":"08:20 - 13:35","vr":"08:20 - 13:35"}}},{"type":"Feature","geometry":{"type":"Point","coordinates":[10.98780637,45.46535763]},"properties":{"type":"pakketpunt","locatieNaam":"Verona 21","straatNaam":"Via Delle Agostiniane","straatNr":"35","vervoerder":"PosteItaliane","puntType":"postkantoor","bezettingsgraad":50,"latitude":45.46535763,"longitude":10.98780637,"canPickup":true,"canDropoff":true,"openingstijden":{"za":"08:20 - 12:45","zo":"gesloten","ma":"08:20 - 13:45","di":"08:20 - 13:45","wo":"08:20 - 13:45","do":"08:20 - 13:45","vr":"08:20 - 13:45"}}},{"type":"Feature","geometry":{"type":"Point","coordinates":[10.97622296,45.44301608]},"properties":{"type":"pakketpunt","locatieNaam":"Verona 7","straatNaam":"Piazza Bacanal","straatNr":"6","vervoerder":"PosteItaliane","puntType":"postkantoor","bezettingsgraad":50,"latitude":45.44301608,"longitude":10.97622296,"canPickup":true,"canDropoff":true,"openingstijden":{"za":"08:20 - 12:35","zo":"gesloten","ma":"08:20 - 13:35","di":"08:20 - 13:35","wo":"08:20 - 13:35","do":"08:20 - 13:35","vr":"08:20 - 13:35"}}},{"type":"Feature","geometry":{"type":"Point","coordinates":[10.9662012,45.42074343]},"properties":{"type":"pakketpunt","locatieNaam":"Verona 14","straatNaam":"Via Luigi Prina","straatNr":"21","vervoerder":"PosteItaliane","puntType":"postkantoor","bezettingsgraad":50,"latitude":45.42074343,"longitude":10.9662012,"canPickup":true,"canDropoff":true,"openingstijden":{"za":"08:20 - 12:35","zo":"gesloten","ma":"08:20 - 13:35","di":"08:20 - 13:35","wo":"08:20 - 13:35","do":"08:20 - 13:35","vr":"08:20 - 13:35"}}},{"type":"Feature","geometry":{"type":"Point","coordinates":[10.98812069,45.45007259]},"properties":{"type":"pakketpunt","locatieNaam":"Verona 6","straatNaam":"Via Ciro Menotti","straatNr":"18/a","vervoerder":"PosteItaliane","puntType":"postkantoor","bezettingsgraad":50,"latitude":45.45007259,"longitude":10.98812069,"canPickup":true,"canDropoff":true,"openingstijden":{"za":"08:20 - 12:35","zo":"gesloten","ma":"08:20 - 13:35","di":"08:20 - 13:35","wo":"08:20 - 13:35","do":"08:20 - 13:35","vr":"08:20 - 13:35"}}},{"type":"Feature","geometry":{"type":"Point","coordinates":[11.02117387,45.44134403]},"properties":{"type":"pakketpunt","locatieNaam":"Verona 4","straatNaam":"Via Emilio Salgari","straatNr":"1/a","vervoerder":"PosteItaliane","puntType":"postkantoor","bezettingsgraad":50,"latitude":45.44134403,"longitude":11.02117387,"canPickup":true,"canDropoff":true,"openingstijden":{"za":"08:20 - 12:35","zo":"gesloten","ma":"08:20 - 13:35","di":"08:20 - 13:35","wo":"08:20 - 13:35","do":"08:20 - 13:35","vr":"08:20 - 13:35"}}},{"type":"Feature","geometry":{"type":"Point","coordinates":[10.971251,45.444235]},"properties":{"type":"pakketpunt","locatieNaam":"Verona 12","straatNaam":"Via Marco Polo","straatNr":"1/b","vervoerder":"PosteItaliane","puntType":"postkantoor","bezettingsgraad":50,"latitude":45.444235,"longitude":10.971251,"canPickup":true,"canDropoff":true,"openingstijden":{"za":"08:20 - 12:35","zo":"gesloten","ma":"08:20 - 13:35","di":"08:20 - 13:35","wo":"08:20 - 13:35","do":"08:20 - 13:35","vr":"08:20 - 13:35"}}},{"type":"Feature","geometry":{"type":"Point","coordinates":[10.94081439,45.44184369]},"properties":{"type":"pakketpunt","locatieNaam":"Verona 20","straatNaam":"Via Urbano Iii","straatNr":"44","vervoerder":"PosteItaliane","puntType":"postkantoor","bezettingsgraad":50,"latitude":45.44184369,"longitude":10.94081439,"canPickup":true,"canDropoff":true,"openingstijden":{"za":"08:20 - 12:35","zo":"gesloten","ma":"08:20 - 19:05","di":"08:20 - 19:05","wo":"08:20 - 19:05","do":"08:20 - 19:05","vr":"08:20 - 19:05"}}},{"type":"Feature","geometry":{"type":"Point","coordinates":[11.02742328,45.44001443]},"properties":{"type":"pakketpunt","locatieNaam":"Verona 17","straatNaam":"Via Antonio Pisano","straatNr":"55","vervoerder":"PosteItaliane","puntType":"postkantoor","bezettingsgraad":50,"latitude":45.44001443,"longitude":11.02742328,"canPickup":true,"canDropoff":true,"openingstijden":{"za":"08:20 - 12:35","zo":"gesloten","ma":"08:20 - 13:35","di":"08:20 - 13:35","wo":"08:20 - 13:35","do":"08:20 - 13:35","vr":"08:20 - 13:35"}}},{"type":"Feature","geometry":{"type":"Point","coordinates":[11.01612551,45.47296501]},"properties":{"type":"pakketpunt","locatieNaam":"Poiano Di Valpantena","straatNaam":"Via Poiano","straatNr":"42","vervoerder":"PosteItaliane","puntType":"postkantoor","bezettingsgraad":50,"latitude":45.47296501,"longitude":11.01612551,"canPickup":true,"canDropoff":true,"openingstijden":{"za":"08:20 - 12:45","zo":"gesloten","ma":"08:20 - 13:45","di":"08:20 - 13:45","wo":"08:20 - 13:45","do":"08:20 - 13:45","vr":"08:20 - 13:45"}}},{"type":"Feature","geometry":{"type":"Point","coordinates":[10.98568101,45.43391244]},"properties":{"type":"pakketpunt","locatieNaam":"Verona 27","straatNaam":"Via Gian Matteo Giberti","straatNr":"26","vervoerder":"PosteItaliane","puntType":"postkantoor","bezettingsgraad":50,"latitude":45.43391244,"longitude":10.98568101,"canPickup":true,"canDropoff":true,"openingstijden":{"za":"08:20 - 12:35","zo":"gesloten","ma":"08:20 - 13:35","di":"08:20 - 13:35","wo":"08:20 - 13:35","do":"08:20 - 13:35","vr":"08:20 - 13:35"}}},{"type":"Feature","geometry":{"type":"Point","coordinates":[10.98673997,45.40864369]},"properties":{"type":"pakketpunt","locatieNaam":"Verona 16","straatNaam":"Via Umago","straatNr":"3","vervoerder":"PosteItaliane","puntType":"postkantoor","bezettingsgraad":50,"latitude":45.40864369,"longitude":10.98673997,"canPickup":true,"canDropoff":true,"openingstijden":{"za":"08:20 - 12:35","zo":"gesloten","ma":"08:20 - 13:35","di":"08:20 - 13:35","wo":"08:20 - 13:35","do":"08:20 - 13:35","vr":"08:20 - 13:35"}}},{"type":"Feature","geometry":{"type":"Point","coordinates":[10.94999361,45.47559493]},"properties":{"type":"pakketpunt","locatieNaam":"Parona Di Valpolicella","straatNaam":"Piazza Del Porto","straatNr":"23","vervoerder":"PosteItaliane","puntType":"postkantoor","bezettingsgraad":50,"latitude":45.47559493,"longitude":10.94999361,"canPickup":true,"canDropoff":true,"openingstijden":{"za":"08:20 - 12:35","zo":"gesloten","ma":"08:20 - 13:35","di":"08:20 - 13:35","wo":"08:20 - 13:35","do":"08:20 - 13:35","vr":"08:20 - 13:35"}}},{"type":"Feature","geometry":{"type":"Point","coordinates":[11.01360419,45.40415025]},"properties":{"type":"pakketpunt","locatieNaam":"Verona 18","straatNaam":"Via Palazzina","straatNr":"77","vervoerder":"PosteItaliane","puntType":"postkantoor","bezettingsgraad":50,"latitude":45.40415025,"longitude":11.01360419,"canPickup":true,"canDropoff":true,"openingstijden":{"za":"08:20 - 12:45","zo":"gesloten","ma":"08:20 - 13:45","di":"08:20 - 13:45","wo":"08:20 - 13:45","do":"08:20 - 13:45","vr":"08:20 - 13:45"}}},{"type":"Feature","geometry":{"type":"Point","coordinates":[11.00442177,45.44330137]},"properties":{"type":"pakketpunt","locatieNaam":"Verona Centro","straatNaam":"Via Porta Organa","straatNr":"2","vervoerder":"PosteItaliane","puntType":"postkantoor","bezettingsgraad":50,"latitude":45.44330137,"longitude":11.00442177,"canPickup":true,"canDropoff":true,"openingstijden":{"za":"08:20 - 12:35","zo":"gesloten","ma":"08:20 - 19:05","di":"08:20 - 19:05","wo":"08:20 - 19:05","do":"08:20 - 19:05","vr":"08:20 - 19:05"}}},{"type":"Feature","geometry":{"type":"Point","coordinates":[10.96613,45.452871]},"properties":{"type":"pakketpunt","locatieNaam":"Verona 33","straatNaam":"Via Faliero Marin","straatNr":"75","vervoerder":"PosteItaliane","puntType":"postkantoor","bezettingsgraad":50,"latitude":45.452871,"longitude":10.96613,"canPickup":true,"canDropoff":true,"openingstijden":{"za":"08:20 - 12:35","zo":"gesloten","ma":"08:20 - 13:35","di":"08:20 - 13:35","wo":"08:20 - 13:35","do":"08:20 - 13:35","vr":"08:20 - 13:35"}}},{"type":"Feature","geometry":{"type":"Point","coordinates":[10.96019757,45.44799533]},"properties":{"type":"pakketpunt","locatieNaam":"Tabaccheria N. 139","straatNaam":"Via Archimede","straatNr":"70","vervoerder":"PosteItaliane","puntType":"servicepunt","bezettingsgraad":50,"latitude":45.44799533,"longitude":10.96019757,"canPickup":true,"canDropoff":true,"openingstijden":{"za":"07:00 - 12:30, 15:30 - 19:30","zo":"gesloten","ma":"07:00 - 12:30, 15:30 - 19:30","di":"07:00 - 12:30, 15:30 - 19:30","wo":"07:00 - 12:30, 15:30 - 19:30","do":"07:00 - 12:30, 15:30 - 19:30","vr":"07:00 - 12:30, 15:30 - 19:30"}}},{"type":"Feature","geometry":{"type":"Point","coordinates":[10.96815594,45.44080606]},"properties":{"type":"pakketpunt","locatieNaam":"Tabaccheria N. 5","straatNaam":"Via San Marco","straatNr":"55","vervoerder":"PosteItaliane","puntType":"servicepunt","bezettingsgraad":50,"latitude":45.44080606,"longitude":10.96815594,"canPickup":true,"canDropoff":true,"openingstijden":{"za":"06:30 - 12:30, 15:30 - 19:30","zo":"07:00 - 12:00","ma":"06:30 - 12:30, 15:30 - 19:30","di":"06:30 - 12:30, 15:30 - 19:30","wo":"06:30 - 12:30, 15:30 - 19:30","do":"06:30 - 12:30, 15:30 - 19:30","vr":"06:30 - 12:30, 15:30 - 19:30"}}},{"type":"Feature","geometry":{"type":"Point","coordinates":[11.00035946,45.40781294]},"properties":{"type":"pakketpunt","locatieNaam":"Tabaccheria N. 214","straatNaam":"Via Dei Lamberti","straatNr":"29","vervoerder":"PosteItaliane","puntType":"servicepunt","bezettingsgraad":50,"latitude":45.40781294,"longitude":11.00035946,"canPickup":true,"canDropoff":true,"openingstijden":{"za":"07:30 - 13:00, 15:00 - 19:30","zo":"gesloten","ma":"07:30 - 13:00, 15:00 - 19:30","di":"07:30 - 13:00, 15:00 - 19:30","wo":"07:30 - 13:00, 15:00 - 19:30","do":"07:30 - 13:00, 15:00 - 19:30","vr":"07:30 - 13:00, 15:00 - 19:30"}}},{"type":"Feature","geometry":{"type":"Point","coordinates":[10.98414725,45.44912914]},"properties":{"type":"pakketpunt","locatieNaam":"Stazione Di Servizio Eni","straatNaam":"Via Tolosetto Farinati Degli Uberti","straatNr":"16","vervoerder":"PosteItaliane","puntType":"automaat","bezettingsgraad":50,"latitude":45.44912914,"longitude":10.98414725,"canPickup":true,"canDropoff":true,"openingstijden":{"za":"00:01 - 23:59","zo":"00:01 - 23:59","ma":"00:01 - 23:59","di":"00:01 - 23:59","wo":"00:01 - 23:59","do":"00:01 - 23:59","vr":"00:01 - 23:59"}}},{"type":"Feature","geometry":{"type":"Point","coordinates":[10.96807244,45.42932368]},"properties":{"type":"pakketpunt","locatieNaam":"Stazione Di Servizio Tamoil","straatNaam":"Via Albere","straatNr":"96/b","vervoerder":"PosteItaliane","puntType":"automaat","bezettingsgraad":50,"latitude":45.42932368,"longitude":10.96807244,"canPickup":true,"canDropoff":true,"openingstijden":{"za":"00:01 - 23:59","zo":"00:01 - 23:59","ma":"00:01 - 23:59","di":"00:01 - 23:59","wo":"00:01 - 23:59","do":"00:01 - 23:59","vr":"00:01 - 23:59"}}},{"type":"Feature","geometry":{"type":"Point","coordinates":[10.97780536,45.44858612]},"properties":{"type":"pakketpunt","locatieNaam":"Stazione Di Servizio Eni","straatNaam":"Viale Cristoforo Colombo","straatNr":"125","vervoerder":"PosteItaliane","puntType":"automaat","bezettingsgraad":50,"latitude":45.44858612,"longitude":10.97780536,"canPickup":true,"canDropoff":true,"openingstijden":{"za":"00:01 - 23:59","zo":"00:01 - 23:59","ma":"00:01 - 23:59","di":"00:01 - 23:59","wo":"00:01 - 23:59","do":"00:01 - 23:59","vr":"00:01 - 23:59"}}},{"type":"Feature","geometry":{"type":"Point","coordinates":[11.05112612,45.4317867]},"properties":{"type":"pakketpunt","locatieNaam":"Tabaccheria N. 150","straatNaam":"Via Unita' D'italia","straatNr":"272/a","vervoerder":"PosteItaliane","puntType":"servicepunt","bezettingsgraad":50,"latitude":45.4317867,"longitude":11.05112612,"canPickup":true,"canDropoff":true,"openingstijden":{"za":"07:30 - 13:00, 15:30 - 19:30","zo":"08:00 - 12:00","ma":"07:30 - 13:00, 15:30 - 19:30","di":"07:30 - 13:00, 15:30 - 19:30","wo":"07:30 - 13:00, 15:30 - 19:30","do":"07:30 - 13:00, 15:30 - 19:30","vr":"07:30 - 13:00, 15:30 - 19:30"}}},{"type":"Feature","geometry":{"type":"Point","coordinates":[10.98764675,45.41985537]},"properties":{"type":"pakketpunt","locatieNaam":"Tabaccheria N. 60","straatNaam":"Via Tombetta","straatNr":"33","vervoerder":"PosteItaliane","puntType":"servicepunt","bezettingsgraad":50,"latitude":45.41985537,"longitude":10.98764675,"canPickup":true,"canDropoff":true,"openingstijden":{"za":"07:00 - 12:30, 16:00 - 19:30","zo":"gesloten","ma":"06:30 - 12:30, 16:00 - 19:30","di":"06:30 - 12:30, 16:00 - 19:30","wo":"06:30 - 12:30, 16:00 - 19:30","do":"06:30 - 12:30, 16:00 - 19:30","vr":"06:30 - 12:30, 16:00 - 19:30"}}},{"type":"Feature","geometry":{"type":"Point","coordinates":[10.98582546,45.41491902]},"properties":{"type":"pakketpunt","locatieNaam":"Tabaccheria N. 75","straatNaam":"Via Scuderlando","straatNr":"98","vervoerder":"PosteItaliane","puntType":"servicepunt","bezettingsgraad":50,"latitude":45.41491902,"longitude":10.98582546,"canPickup":true,"canDropoff":true,"openingstijden":{"za":"07:00 - 12:30, 15:00 - 19:00","zo":"gesloten","ma":"07:00 - 12:30, 15:00 - 19:00","di":"07:00 - 12:30, 15:00 - 19:00","wo":"07:00 - 12:30, 15:00 - 19:00","do":"07:00 - 12:30, 15:00 - 19:00","vr":"07:00 - 12:30, 15:00 - 19:00"}}},{"type":"Feature","geometry":{"type":"Point","coordinates":[10.992116,45.39627322]},"properties":{"type":"pakketpunt","locatieNaam":"Stazione Di Servizio","straatNaam":"Via Forte Tomba","straatNr":"47","vervoerder":"PosteItaliane","puntType":"automaat","bezettingsgraad":50,"latitude":45.39627322,"longitude":10.992116,"canPickup":true,"canDropoff":true,"openingstijden":{"za":"00:01 - 23:59","zo":"00:01 - 23:59","ma":"00:01 - 23:59","di":"00:01 - 23:59","wo":"00:01 - 23:59","do":"00:01 - 23:59","vr":"00:01 - 23:59"}}},{"type":"Feature","geometry":{"type":"Point","coordinates":[10.9865891,45.45217697]},"properties":{"type":"pakketpunt","locatieNaam":"Tabaccheria Borgo Trento","straatNaam":"Piazzale Aristide Stefani","straatNr":"4","vervoerder":"PosteItaliane","puntType":"automaat","bezettingsgraad":50,"latitude":45.45217697,"longitude":10.9865891,"canPickup":true,"canDropoff":true,"openingstijden":{"za":"00:01 - 23:59","zo":"00:01 - 23:59","ma":"00:01 - 23:59","di":"00:01 - 23:59","wo":"00:01 - 23:59","do":"00:01 - 23:59","vr":"00:01 - 23:59"}}},{"type":"Feature","geometry":{"type":"Point","coordinates":[10.961,45.41695]},"properties":{"type":"pakketpunt","locatieNaam":"Mondo Moto E Bici","straatNaam":"Via Tevere","straatNr":"47","vervoerder":"PosteItaliane","puntType":"automaat","bezettingsgraad":50,"latitude":45.41695,"longitude":10.961,"canPickup":true,"canDropoff":true,"openingstijden":{"za":"00:01 - 23:59","zo":"00:01 - 23:59","ma":"00:01 - 23:59","di":"00:01 - 23:59","wo":"00:01 - 23:59","do":"00:01 - 23:59","vr":"00:01 - 23:59"}}},{"type":"Feature","geometry":{"type":"Point","coordinates":[10.95880879,45.42732506]},"properties":{"type":"pakketpunt","locatieNaam":"Stazione Di Servizio San Marco Petroli","straatNaam":"Via Albere","straatNr":"107/a","vervoerder":"PosteItaliane","puntType":"automaat","bezettingsgraad":50,"latitude":45.42732506,"longitude":10.95880879,"canPickup":true,"canDropoff":true,"openingstijden":{"za":"00:01 - 23:59","zo":"00:01 - 23:59","ma":"00:01 - 23:59","di":"00:01 - 23:59","wo":"00:01 - 23:59","do":"00:01 - 23:59","vr":"00:01 - 23:59"}}},{"type":"Feature","geometry":{"type":"Point","coordinates":[11.02108434,45.4403677]},"properties":{"type":"pakketpunt","locatieNaam":"Tabaccheria N. 98","straatNaam":"Piazza Isotta Nogarola","straatNr":"16","vervoerder":"PosteItaliane","puntType":"servicepunt","bezettingsgraad":50,"latitude":45.4403677,"longitude":11.02108434,"canPickup":true,"canDropoff":true,"openingstijden":{"za":"07:30 - 12:30, 15:00 - 19:30","zo":"gesloten","ma":"07:00 - 12:30, 15:00 - 19:30","di":"07:00 - 12:30, 15:00 - 19:30","wo":"07:00 - 12:30, 15:00 - 19:30","do":"07:00 - 12:30, 15:00 - 19:30","vr":"07:00 - 12:30, 15:00 - 19:30"}}},{"type":"Feature","geometry":{"type":"Point","coordinates":[10.9423125,45.47954469]},"properties":{"type":"pakketpunt","locatieNaam":"Officina Settimo Suono","straatNaam":"Via Dei Reti","straatNr":"18","vervoerder":"PosteItaliane","puntType":"automaat","bezettingsgraad":50,"latitude":45.47954469,"longitude":10.9423125,"canPickup":true,"canDropoff":true,"openingstijden":{"za":"gesloten","zo":"gesloten","ma":"09:00 - 19:30","di":"09:00 - 19:30","wo":"09:00 - 19:30","do":"09:00 - 19:30","vr":"09:00 - 19:30"}}},{"type":"Feature","geometry":{"type":"Point","coordinates":[10.9721703,45.45727492]},"properties":{"type":"pakketpunt","locatieNaam":"Health City Centro Bernstein","straatNaam":"Lungadige Attiraglio","straatNr":"34","vervoerder":"PosteItaliane","puntType":"automaat","bezettingsgraad":50,"latitude":45.45727492,"longitude":10.9721703,"canPickup":true,"canDropoff":true,"openingstijden":{"za":"09:00 - 14:00","zo":"gesloten","ma":"07:00 - 21:00","di":"07:00 - 21:00","wo":"07:00 - 21:00","do":"07:00 - 21:00","vr":"07:00 - 21:00"}}},{"type":"Feature","geometry":{"type":"Point","coordinates":[10.99267,45.43944]},"properties":{"type":"pakketpunt","locatieNaam":"Tabaccheria N. 41","straatNaam":"Piazza Bra'","straatNr":"6/b","vervoerder":"PosteItaliane","puntType":"servicepunt","bezettingsgraad":50,"latitude":45.43944,"longitude":10.99267,"canPickup":true,"canDropoff":true,"openingstijden":{"za":"08:00 - 19:30","zo":"08:00 - 19:30","ma":"gesloten","di":"08:00 - 19:30","wo":"08:00 - 19:30","do":"08:00 - 19:30","vr":"08:00 - 19:30"}}},{"type":"Feature","geometry":{"type":"Point","coordinates":[10.97666585,45.40613843]},"properties":{"type":"pakketpunt","locatieNaam":"Centro Commerciale Adigeo","straatNaam":"Viale Delle Nazioni","straatNr":"1","vervoerder":"PosteItaliane","puntType":"automaat","bezettingsgraad":50,"latitude":45.40613843,"longitude":10.97666585,"canPickup":true,"canDropoff":true,"openingstijden":{"za":"09:00 - 21:00","zo":"09:00 - 21:00","ma":"09:00 - 21:00","di":"09:00 - 21:00","wo":"09:00 - 21:00","do":"09:00 - 21:00","vr":"09:00 - 21:00"}}},{"type":"Feature","geometry":{"type":"Point","coordinates":[10.93617948,45.48082106]},"properties":{"type":"pakketpunt","locatieNaam":"Stazione Di Servizio Ip","straatNaam":"Viale Del Brennero Snc","straatNr":"1","vervoerder":"PosteItaliane","puntType":"automaat","bezettingsgraad":50,"latitude":45.48082106,"longitude":10.93617948,"canPickup":true,"canDropoff":true,"openingstijden":{"za":"00:01 - 23:59","zo":"00:01 - 23:59","ma":"00:01 - 23:59","di":"00:01 - 23:59","wo":"00:01 - 23:59","do":"00:01 - 23:59","vr":"00:01 - 23:59"}}},{"type":"Feature","geometry":{"type":"Point","coordinates":[11.027401,45.4433263]},"properties":{"type":"pakketpunt","locatieNaam":"Tabaccheria N. 242","straatNaam":"Via Plinio","straatNr":"5/a","vervoerder":"PosteItaliane","puntType":"servicepunt","bezettingsgraad":50,"latitude":45.4433263,"longitude":11.027401,"canPickup":true,"canDropoff":true,"openingstijden":{"za":"06:30 - 19:30","zo":"06:30 - 19:30","ma":"06:30 - 19:30","di":"06:30 - 19:30","wo":"gesloten","do":"06:30 - 19:30","vr":"06:30 - 19:30"}}},{"type":"Feature","geometry":{"type":"Point","coordinates":[10.97564778,45.45889197]},"properties":{"type":"pakketpunt","locatieNaam":"Tabaccheria N. 102","straatNaam":"Via Trento","straatNr":"4","vervoerder":"PosteItaliane","puntType":"servicepunt","bezettingsgraad":50,"latitude":45.45889197,"longitude":10.97564778,"canPickup":true,"canDropoff":true,"openingstijden":{"za":"06:30 - 20:00","zo":"07:00 - 14:30","ma":"06:30 - 20:00","di":"06:30 - 20:00","wo":"06:30 - 20:00","do":"06:30 - 20:00","vr":"06:30 - 20:00"}}},{"type":"Feature","geometry":{"type":"Point","coordinates":[10.96396861,45.44459197]},"properties":{"type":"pakketpunt","locatieNaam":"Stazione Di Servizio Ip","straatNaam":"Corso Milano","straatNr":"66/a","vervoerder":"PosteItaliane","puntType":"automaat","bezettingsgraad":50,"latitude":45.44459197,"longitude":10.96396861,"canPickup":true,"canDropoff":true,"openingstijden":{"za":"00:01 - 23:59","zo":"00:01 - 23:59","ma":"00:01 - 23:59","di":"00:01 - 23:59","wo":"00:01 - 23:59","do":"00:01 - 23:59","vr":"00:01 - 23:59"}}},{"type":"Feature","geometry":{"type":"Point","coordinates":[11.01544172,45.47202626]},"properties":{"type":"pakketpunt","locatieNaam":"Tabaccheria N. 130","straatNaam":"Via Poiano","straatNr":"59/61","vervoerder":"PosteItaliane","puntType":"servicepunt","bezettingsgraad":50,"latitude":45.47202626,"longitude":11.01544172,"canPickup":true,"canDropoff":true,"openingstijden":{"za":"07:00 - 12:30, 15:30 - 19:30","zo":"gesloten","ma":"07:00 - 12:30, 15:30 - 19:30","di":"07:00 - 12:30, 15:30 - 19:30","wo":"07:00 - 12:30, 15:30 - 19:30","do":"07:00 - 12:30, 15:30 - 19:30","vr":"07:00 - 12:30, 15:30 - 19:30"}}},{"type":"Feature","geometry":{"type":"Point","coordinates":[10.98661065,45.40908847]},"properties":{"type":"pakketpunt","locatieNaam":"Tabaccheria N. 252","straatNaam":"Via Centro","straatNr":"153","vervoerder":"PosteItaliane","puntType":"servicepunt","bezettingsgraad":50,"latitude":45.40908847,"longitude":10.98661065,"canPickup":true,"canDropoff":true,"openingstijden":{"za":"08:00 - 13:00, 15:00 - 19:30","zo":"gesloten","ma":"08:00 - 13:00, 15:00 - 19:30","di":"08:00 - 13:00, 15:00 - 19:30","wo":"08:00 - 13:00, 15:00 - 19:30","do":"08:00 - 13:00, 15:00 - 19:30","vr":"08:00 - 13:00, 15:00 - 19:30"}}},{"type":"Feature","geometry":{"type":"Point","coordinates":[10.96657584,45.44392755]},"properties":{"type":"pakketpunt","locatieNaam":"Tabaccheria N. 151","straatNaam":"Corso Milano","straatNr":"131","vervoerder":"PosteItaliane","puntType":"servicepunt","bezettingsgraad":50,"latitude":45.44392755,"longitude":10.96657584,"canPickup":true,"canDropoff":true,"openingstijden":{"za":"07:30 - 12:30, 15:00 - 19:30","zo":"gesloten","ma":"07:30 - 12:30, 15:00 - 19:30","di":"07:30 - 12:30, 15:00 - 19:30","wo":"07:30 - 12:30, 15:00 - 19:30","do":"07:30 - 12:30, 15:00 - 19:30","vr":"07:30 - 12:30, 15:00 - 19:30"}}},{"type":"Feature","geometry":{"type":"Point","coordinates":[10.97579456,45.42089655]},"properties":{"type":"pakketpunt","locatieNaam":"Tabaccheria N. 122","straatNaam":"Via Giovanna Murari Bra'","straatNr":"36/a","vervoerder":"PosteItaliane","puntType":"servicepunt","bezettingsgraad":50,"latitude":45.42089655,"longitude":10.97579456,"canPickup":true,"canDropoff":true,"openingstijden":{"za":"07:30 - 12:30, 15:30 - 19:00","zo":"gesloten","ma":"07:30 - 12:30, 15:30 - 19:00","di":"07:30 - 12:30, 15:30 - 19:00","wo":"07:30 - 12:30, 15:30 - 19:00","do":"07:30 - 12:30, 15:30 - 19:00","vr":"07:30 - 12:30, 15:30 - 19:00"}}},{"type":"Feature","geometry":{"type":"Point","coordinates":[10.99299147,45.4260562]},"properties":{"type":"pakketpunt","locatieNaam":"Tabaccheria N. 163","straatNaam":"Via Basso Acquar","straatNr":"33","vervoerder":"PosteItaliane","puntType":"servicepunt","bezettingsgraad":50,"latitude":45.4260562,"longitude":10.99299147,"canPickup":true,"canDropoff":true,"openingstijden":{"za":"06:00 - 12:30","zo":"gesloten","ma":"06:00 - 12:30, 15:30 - 19:30","di":"06:00 - 12:30, 15:30 - 19:30","wo":"06:00 - 12:30, 15:30 - 19:30","do":"06:00 - 12:30, 15:30 - 19:30","vr":"06:00 - 12:30, 15:30 - 19:30"}}},{"type":"Feature","geometry":{"type":"Point","coordinates":[10.97999676,45.43180782]},"properties":{"type":"pakketpunt","locatieNaam":"Ki Point Verona Fs:","straatNaam":"Piazzale Venticinque Aprile Snc","straatNr":"1","vervoerder":"PosteItaliane","puntType":"servicepunt","bezettingsgraad":50,"latitude":45.43180782,"longitude":10.97999676,"canPickup":true,"canDropoff":true,"openingstijden":{"za":"08:00 - 20:00","zo":"08:00 - 20:00","ma":"08:00 - 20:00","di":"08:00 - 20:00","wo":"08:00 - 20:00","do":"08:00 - 20:00","vr":"08:00 - 20:00"}}},{"type":"Feature","geometry":{"type":"Point","coordinates":[10.98803088,45.41560146]},"properties":{"type":"pakketpunt","locatieNaam":"Tabaccheria N. 153","straatNaam":"Via Gorizia","straatNr":"3/a","vervoerder":"PosteItaliane","puntType":"servicepunt","bezettingsgraad":50,"latitude":45.41560146,"longitude":10.98803088,"canPickup":true,"canDropoff":true,"openingstijden":{"za":"08:00 - 12:30, 15:30 - 19:00","zo":"gesloten","ma":"08:00 - 12:30, 15:30 - 19:00","di":"08:00 - 12:30, 15:30 - 19:00","wo":"08:00 - 12:30, 15:30 - 19:00","do":"08:00 - 12:30, 15:30 - 19:00","vr":"08:00 - 12:30, 15:30 - 19:00"}}},{"type":"Feature","geometry":{"type":"Point","coordinates":[11.01281692,45.44015344]},"properties":{"type":"pakketpunt","locatieNaam":"Tabaccheria N. 7","straatNaam":"Vicolo Porta Vescovo","straatNr":"1","vervoerder":"PosteItaliane","puntType":"servicepunt","bezettingsgraad":50,"latitude":45.44015344,"longitude":11.01281692,"canPickup":true,"canDropoff":true,"openingstijden":{"za":"07:00 - 13:30, 14:30 - 19:30","zo":"gesloten","ma":"07:00 - 13:30, 14:30 - 19:30","di":"07:00 - 13:30, 14:30 - 19:30","wo":"07:00 - 13:30, 14:30 - 19:30","do":"07:00 - 13:30, 14:30 - 19:30","vr":"07:00 - 13:30, 14:30 - 19:30"}}},{"type":"Feature","geometry":{"type":"Point","coordinates":[10.97560906,45.4659932]},"properties":{"type":"pakketpunt","locatieNaam":"Tabaccheria N. 101","straatNaam":"Via Fabbricato Scolastico","straatNr":"19/a","vervoerder":"PosteItaliane","puntType":"servicepunt","bezettingsgraad":50,"latitude":45.4659932,"longitude":10.97560906,"canPickup":true,"canDropoff":true,"openingstijden":{"za":"07:00 - 12:30, 16:00 - 19:30","zo":"gesloten","ma":"07:00 - 12:30, 16:00 - 19:30","di":"07:00 - 12:30, 16:00 - 19:30","wo":"07:00 - 12:30, 16:00 - 19:30","do":"07:00 - 12:30, 16:00 - 19:30","vr":"07:00 - 12:30, 16:00 - 19:30"}}},{"type":"Feature","geometry":{"type":"Point","coordinates":[10.9456926,45.43904932]},"properties":{"type":"pakketpunt","locatieNaam":"Tabaccheria N. 103","straatNaam":"Via Beniamino Romagnoli","straatNr":"14","vervoerder":"PosteItaliane","puntType":"servicepunt","bezettingsgraad":50,"latitude":45.43904932,"longitude":10.9456926,"canPickup":true,"canDropoff":true,"openingstijden":{"za":"07:30 - 12:30, 16:00 - 19:30","zo":"gesloten","ma":"07:30 - 12:30, 16:00 - 19:30","di":"07:30 - 12:30, 16:00 - 19:30","wo":"07:30 - 12:30, 16:00 - 19:30","do":"07:30 - 12:30, 16:00 - 19:30","vr":"07:30 - 12:30, 16:00 - 19:30"}}},{"type":"Feature","geometry":{"type":"Point","coordinates":[11.03433692,45.43926481]},"properties":{"type":"pakketpunt","locatieNaam":"Tabaccheria N. 86","straatNaam":"Via Arnoldo Mondadori","straatNr":"4","vervoerder":"PosteItaliane","puntType":"servicepunt","bezettingsgraad":50,"latitude":45.43926481,"longitude":11.03433692,"canPickup":true,"canDropoff":true,"openingstijden":{"za":"07:00 - 13:00, 15:30 - 19:30","zo":"08:00 - 13:00","ma":"07:00 - 13:00, 15:00 - 19:30","di":"07:00 - 13:00, 15:00 - 19:30","wo":"07:00 - 13:00, 15:00 - 19:30","do":"07:00 - 13:00, 15:00 - 19:30","vr":"07:00 - 13:00, 15:00 - 19:30"}}},{"type":"Feature","geometry":{"type":"Point","coordinates":[10.96673837,45.45184063]},"properties":{"type":"pakketpunt","locatieNaam":"Tabaccheria N. 135","straatNaam":"Via Faliero Marin","straatNr":"21","vervoerder":"PosteItaliane","puntType":"servicepunt","bezettingsgraad":50,"latitude":45.45184063,"longitude":10.96673837,"canPickup":true,"canDropoff":true,"openingstijden":{"za":"07:00 - 12:45, 15:30 - 19:30","zo":"07:00 - 12:30","ma":"07:00 - 12:45, 15:30 - 19:30","di":"07:00 - 12:45, 15:30 - 19:30","wo":"07:00 - 12:45, 15:30 - 19:30","do":"07:00 - 12:45, 15:30 - 19:30","vr":"07:00 - 12:45, 15:30 - 19:30"}}},{"type":"Feature","geometry":{"type":"Point","coordinates":[10.956694,45.453884]},"properties":{"type":"pakketpunt","locatieNaam":"Stazione Di Servizio Tamoil","straatNaam":"Via Luigi Galvani","straatNr":"32","vervoerder":"PosteItaliane","puntType":"automaat","bezettingsgraad":50,"latitude":45.453884,"longitude":10.956694,"canPickup":true,"canDropoff":true,"openingstijden":{"za":"00:01 - 23:59","zo":"00:01 - 23:59","ma":"00:01 - 23:59","di":"00:01 - 23:59","wo":"00:01 - 23:59","do":"00:01 - 23:59","vr":"00:01 - 23:59"}}},{"type":"Feature","geometry":{"type":"Point","coordinates":[11.01989827,45.44984183]},"properties":{"type":"pakketpunt","locatieNaam":"Tabaccheria N. 194","straatNaam":"Via Colonnello Giovanni Fincato","straatNr":"47","vervoerder":"PosteItaliane","puntType":"servicepunt","bezettingsgraad":50,"latitude":45.44984183,"longitude":11.01989827,"canPickup":true,"canDropoff":true,"openingstijden":{"za":"08:00 - 12:00, 15:30 - 20:00","zo":"08:00 - 12:00, 15:30 - 20:00","ma":"08:00 - 12:00, 15:30 - 20:00","di":"08:00 - 12:00, 15:30 - 20:00","wo":"08:00 - 12:00, 15:30 - 20:00","do":"08:00 - 12:00, 15:30 - 20:00","vr":"08:00 - 12:00, 15:30 - 20:00"}}},{"type":"Feature","geometry":{"type":"Point","coordinates":[11.01925482,45.49219627]},"properties":{"type":"pakketpunt","locatieNaam":"Tabaccheria N. 128","straatNaam":"Via Valpantena","straatNr":"79/a","vervoerder":"PosteItaliane","puntType":"servicepunt","bezettingsgraad":50,"latitude":45.49219627,"longitude":11.01925482,"canPickup":true,"canDropoff":true,"openingstijden":{"za":"07:00 - 13:00, 15:30 - 20:00","zo":"gesloten","ma":"07:00 - 13:00, 15:30 - 20:00","di":"07:00 - 13:00, 15:30 - 20:00","wo":"07:00 - 13:00, 15:30 - 20:00","do":"07:00 - 13:00, 15:30 - 20:00","vr":"07:00 - 13:00, 15:30 - 20:00"}}},{"type":"Feature","geometry":{"type":"Point","coordinates":[10.99404145,45.43696339]},"properties":{"type":"pakketpunt","locatieNaam":"Tabaccheria N. 39","straatNaam":"Piazza Cittadella","straatNr":"30","vervoerder":"PosteItaliane","puntType":"servicepunt","bezettingsgraad":50,"latitude":45.43696339,"longitude":10.99404145,"canPickup":true,"canDropoff":true,"openingstijden":{"za":"08:00 - 19:30","zo":"gesloten","ma":"07:00 - 19:30","di":"07:00 - 19:30","wo":"07:00 - 19:30","do":"07:00 - 19:30","vr":"07:00 - 19:30"}}},{"type":"Feature","geometry":{"type":"Point","coordinates":[10.97913547,45.45869098]},"properties":{"type":"pakketpunt","locatieNaam":"Tabaccheria N. 200","straatNaam":"Via Alessandro Poerio","straatNr":"7/b","vervoerder":"PosteItaliane","puntType":"servicepunt","bezettingsgraad":50,"latitude":45.45869098,"longitude":10.97913547,"canPickup":true,"canDropoff":true,"openingstijden":{"za":"07:30 - 12:30, 15:30 - 19:30","zo":"gesloten","ma":"07:30 - 12:30, 15:30 - 19:30","di":"07:30 - 12:30, 15:30 - 19:30","wo":"07:30 - 12:30, 15:30 - 19:30","do":"07:30 - 12:30, 15:30 - 19:30","vr":"07:30 - 12:30, 15:30 - 19:30"}}},{"type":"Feature","geometry":{"type":"Point","coordinates":[10.95637,45.42235]},"properties":{"type":"pakketpunt","locatieNaam":"Tabaccheria N. 19","straatNaam":"Via Mantovana","straatNr":"73","vervoerder":"PosteItaliane","puntType":"servicepunt","bezettingsgraad":50,"latitude":45.42235,"longitude":10.95637,"canPickup":true,"canDropoff":true,"openingstijden":{"za":"07:30 - 12:30, 15:00 - 19:30","zo":"gesloten","ma":"07:30 - 12:30, 15:00 - 19:30","di":"07:30 - 12:30, 15:00 - 19:30","wo":"07:30 - 12:30, 15:00 - 19:30","do":"07:30 - 12:30, 15:00 - 19:30","vr":"07:30 - 12:30, 15:00 - 19:30"}}},{"type":"Feature","geometry":{"type":"Point","coordinates":[10.98905007,45.4338754]},"properties":{"type":"pakketpunt","locatieNaam":"Tabaccheria N. 37","straatNaam":"Corso Porta Nuova","straatNr":"58","vervoerder":"PosteItaliane","puntType":"servicepunt","bezettingsgraad":50,"latitude":45.4338754,"longitude":10.98905007,"canPickup":true,"canDropoff":true,"openingstijden":{"za":"07:00 - 13:00, 15:00 - 19:30","zo":"gesloten","ma":"07:00 - 13:00, 15:00 - 19:30","di":"07:00 - 13:00, 15:00 - 19:30","wo":"07:00 - 13:00, 15:00 - 19:30","do":"07:00 - 13:00, 15:00 - 19:30","vr":"07:00 - 13:00, 15:00 - 19:30"}}},{"type":"Feature","geometry":{"type":"Point","coordinates":[10.97515844,45.43576678]},"properties":{"type":"pakketpunt","locatieNaam":"Tabaccheria N. 189","straatNaam":"Via Fra' Giocondo","straatNr":"6/b","vervoerder":"PosteItaliane","puntType":"servicepunt","bezettingsgraad":50,"latitude":45.43576678,"longitude":10.97515844,"canPickup":true,"canDropoff":true,"openingstijden":{"za":"07:30 - 13:00, 15:15 - 19:45","zo":"gesloten","ma":"07:30 - 13:00, 15:15 - 19:45","di":"07:30 - 13:00, 15:15 - 19:45","wo":"07:30 - 13:00, 15:15 - 19:45","do":"07:30 - 13:00, 15:15 - 19:45","vr":"07:30 - 13:00, 15:15 - 19:45"}}},{"type":"Feature","geometry":{"type":"Point","coordinates":[10.97170938,45.43991254]},"properties":{"type":"pakketpunt","locatieNaam":"Tabaccheria N. 218","straatNaam":"Via Baldassare Longhena","straatNr":"29/c","vervoerder":"PosteItaliane","puntType":"servicepunt","bezettingsgraad":50,"latitude":45.43991254,"longitude":10.97170938,"canPickup":true,"canDropoff":true,"openingstijden":{"za":"06:00 - 12:30, 15:30 - 19:30","zo":"06:00 - 12:30","ma":"06:00 - 12:30, 15:30 - 19:30","di":"06:00 - 12:30, 15:30 - 19:30","wo":"06:00 - 12:30, 15:30 - 19:30","do":"06:00 - 12:30, 15:30 - 19:30","vr":"06:00 - 12:30, 15:30 - 19:30"}}},{"type":"Feature","geometry":{"type":"Point","coordinates":[11.06651749,45.46117568]},"properties":{"type":"pakketpunt","locatieNaam":"Tabaccheria N. 96","straatNaam":"Via Olive'","straatNr":"30/c","vervoerder":"PosteItaliane","puntType":"servicepunt","bezettingsgraad":50,"latitude":45.46117568,"longitude":11.06651749,"canPickup":true,"canDropoff":true,"openingstijden":{"za":"07:00 - 12:30, 16:00 - 19:30","zo":"07:00 - 12:30","ma":"07:00 - 12:30, 16:00 - 19:30","di":"07:00 - 12:30, 16:00 - 19:30","wo":"07:00 - 12:30, 16:00 - 19:30","do":"07:00 - 12:30, 16:00 - 19:30","vr":"07:00 - 12:30, 16:00 - 19:30"}}},{"type":"Feature","geometry":{"type":"Point","coordinates":[10.98782409,45.43690128]},"properties":{"type":"pakketpunt","locatieNaam":"Intralot Grgsport","straatNaam":"Via Amatore Sciesa","straatNr":"29/a","vervoerder":"PosteItaliane","puntType":"servicepunt","bezettingsgraad":50,"latitude":45.43690128,"longitude":10.98782409,"canPickup":true,"canDropoff":true,"openingstijden":{"za":"11:00 - 19:00","zo":"11:00 - 19:00","ma":"13:00 - 19:00","di":"11:00 - 19:00","wo":"11:00 - 19:00","do":"11:00 - 19:00","vr":"11:00 - 19:00"}}},{"type":"Feature","geometry":{"type":"Point","coordinates":[11.05914275,45.43109776]},"properties":{"type":"pakketpunt","locatieNaam":"Tabaccheria N. 119","straatNaam":"Via Pietro Sgulmero","straatNr":"25/a","vervoerder":"PosteItaliane","puntType":"servicepunt","bezettingsgraad":50,"latitude":45.43109776,"longitude":11.05914275,"canPickup":true,"canDropoff":true,"openingstijden":{"za":"07:30 - 12:30, 15:30 - 19:30","zo":"gesloten","ma":"07:30 - 12:30, 15:30 - 19:30","di":"07:30 - 12:30, 15:30 - 19:30","wo":"07:30 - 12:30, 15:30 - 19:30","do":"07:30 - 12:30, 15:30 - 19:30","vr":"07:30 - 12:30, 15:30 - 19:30"}}},{"type":"Feature","geometry":{"type":"Point","coordinates":[10.96518008,45.41852969]},"properties":{"type":"pakketpunt","locatieNaam":"Tabaccheria N. 66","straatNaam":"Via Golosine","straatNr":"115","vervoerder":"PosteItaliane","puntType":"servicepunt","bezettingsgraad":50,"latitude":45.41852969,"longitude":10.96518008,"canPickup":true,"canDropoff":true,"openingstijden":{"za":"07:00 - 20:30","zo":"gesloten","ma":"07:00 - 20:30","di":"07:00 - 20:30","wo":"07:00 - 20:30","do":"07:00 - 20:30","vr":"07:00 - 20:30"}}},{"type":"Feature","geometry":{"type":"Point","coordinates":[10.98624159,45.43475565]},"properties":{"type":"pakketpunt","locatieNaam":"Tabaccheria N. 27","straatNaam":"Via Della Valverde","straatNr":"63/a","vervoerder":"PosteItaliane","puntType":"servicepunt","bezettingsgraad":50,"latitude":45.43475565,"longitude":10.98624159,"canPickup":true,"canDropoff":true,"openingstijden":{"za":"07:00 - 13:00, 15:00 - 19:00","zo":"gesloten","ma":"07:00 - 13:00, 15:00 - 19:00","di":"07:00 - 13:00, 15:00 - 19:00","wo":"07:00 - 13:00, 15:00 - 19:00","do":"07:00 - 13:00, 15:00 - 19:00","vr":"07:00 - 13:00, 15:00 - 19:00"}}},{"type":"Feature","geometry":{"type":"Point","coordinates":[11.03096,45.44682]},"properties":{"type":"pakketpunt","locatieNaam":"Tabaccheria N. 168","straatNaam":"Via Montorio","straatNr":"90","vervoerder":"PosteItaliane","puntType":"servicepunt","bezettingsgraad":50,"latitude":45.44682,"longitude":11.03096,"canPickup":true,"canDropoff":true,"openingstijden":{"za":"07:30 - 12:30","zo":"gesloten","ma":"07:30 - 12:30, 15:30 - 19:30","di":"07:30 - 12:30, 15:30 - 19:30","wo":"07:30 - 12:30, 15:30 - 19:30","do":"07:30 - 12:30, 15:30 - 19:30","vr":"07:30 - 12:30, 15:30 - 19:30"}}},{"type":"Feature","geometry":{"type":"Point","coordinates":[10.98448927,45.4057718]},"properties":{"type":"pakketpunt","locatieNaam":"Tabaccheria N. 77","straatNaam":"Via Scuderlando","straatNr":"350","vervoerder":"PosteItaliane","puntType":"servicepunt","bezettingsgraad":50,"latitude":45.4057718,"longitude":10.98448927,"canPickup":true,"canDropoff":true,"openingstijden":{"za":"07:00 - 12:30, 16:00 - 19:00","zo":"gesloten","ma":"07:00 - 12:30, 16:00 - 19:00","di":"07:00 - 12:30, 16:00 - 19:00","wo":"07:00 - 12:30, 16:00 - 19:00","do":"07:00 - 12:30, 16:00 - 19:00","vr":"07:00 - 12:30, 16:00 - 19:00"}}},{"type":"Feature","geometry":{"type":"Point","coordinates":[10.98252137,45.43666414]},"properties":{"type":"pakketpunt","locatieNaam":"Tabaccheria N. 74","straatNaam":"Stradone Porta Palio","straatNr":"74/a","vervoerder":"PosteItaliane","puntType":"servicepunt","bezettingsgraad":50,"latitude":45.43666414,"longitude":10.98252137,"canPickup":true,"canDropoff":true,"openingstijden":{"za":"07:00 - 13:30, 15:30 - 20:00","zo":"gesloten","ma":"07:00 - 13:30, 15:30 - 20:00","di":"07:00 - 13:30, 15:30 - 20:00","wo":"07:00 - 13:30, 15:30 - 20:00","do":"07:00 - 13:30, 15:30 - 20:00","vr":"07:00 - 13:30, 15:30 - 20:00"}}},{"type":"Feature","geometry":{"type":"Point","coordinates":[11.01601783,45.43952846]},"properties":{"type":"pakketpunt","locatieNaam":"Tabaccheria N. 81","straatNaam":"Corso Venezia","straatNr":"3/a","vervoerder":"PosteItaliane","puntType":"servicepunt","bezettingsgraad":50,"latitude":45.43952846,"longitude":11.01601783,"canPickup":true,"canDropoff":true,"openingstijden":{"za":"06:00 - 12:30","zo":"gesloten","ma":"06:00 - 12:30, 15:00 - 19:00","di":"06:00 - 12:30, 15:00 - 19:00","wo":"06:00 - 12:30, 15:00 - 19:00","do":"06:00 - 12:30, 15:00 - 19:00","vr":"06:00 - 12:30, 15:00 - 19:00"}}},{"type":"Feature","geometry":{"type":"Point","coordinates":[11.01813,45.44069]},"properties":{"type":"pakketpunt","locatieNaam":"Tabaccheria N. 62","straatNaam":"Via Filippo Rosa Morando","straatNr":"25","vervoerder":"PosteItaliane","puntType":"servicepunt","bezettingsgraad":50,"latitude":45.44069,"longitude":11.01813,"canPickup":true,"canDropoff":true,"openingstijden":{"za":"06:30 - 12:30, 15:30 - 19:30","zo":"gesloten","ma":"06:30 - 19:30","di":"06:30 - 19:30","wo":"06:30 - 19:30","do":"06:30 - 19:30","vr":"06:30 - 19:30"}}},{"type":"Feature","geometry":{"type":"Point","coordinates":[10.9896071,45.44589931]},"properties":{"type":"pakketpunt","locatieNaam":"Riparo Per Te - Verona","straatNaam":"Via Giuseppe Cesare Abba","straatNr":"13/c","vervoerder":"PosteItaliane","puntType":"servicepunt","bezettingsgraad":50,"latitude":45.44589931,"longitude":10.9896071,"canPickup":true,"canDropoff":true,"openingstijden":{"za":"09:00 - 13:00","zo":"gesloten","ma":"08:30 - 13:00, 15:00 - 19:30","di":"08:30 - 13:00, 15:00 - 19:30","wo":"08:30 - 13:00, 15:00 - 19:30","do":"08:30 - 13:00, 15:00 - 19:30","vr":"08:30 - 13:00, 15:00 - 19:30"}}},{"type":"Feature","geometry":{"type":"Point","coordinates":[10.97453493,45.38880466]},"properties":{"type":"pakketpunt","locatieNaam":"Tabaccheria N. 78","straatNaam":"Via Vigasio","straatNr":"61","vervoerder":"PosteItaliane","puntType":"servicepunt","bezettingsgraad":50,"latitude":45.38880466,"longitude":10.97453493,"canPickup":true,"canDropoff":true,"openingstijden":{"za":"06:30 - 19:30","zo":"07:30 - 12:30","ma":"06:30 - 19:30","di":"06:30 - 19:30","wo":"06:30 - 19:30","do":"06:30 - 19:30","vr":"06:30 - 19:30"}}},{"type":"Feature","geometry":{"type":"Point","coordinates":[11.00341668,45.43905475]},"properties":{"type":"pakketpunt","locatieNaam":"Tabaccheria N. 58","straatNaam":"Via San Paolo","straatNr":"15","vervoerder":"PosteItaliane","puntType":"servicepunt","bezettingsgraad":50,"latitude":45.43905475,"longitude":11.00341668,"canPickup":true,"canDropoff":true,"openingstijden":{"za":"07:00 - 12:30, 15:30 - 19:30","zo":"08:00 - 12:30","ma":"07:00 - 12:30, 15:30 - 19:30","di":"07:00 - 12:30, 15:30 - 19:30","wo":"07:00 - 12:30, 15:30 - 19:30","do":"07:00 - 12:30, 15:30 - 19:30","vr":"07:00 - 12:30, 15:30 - 19:30"}}},{"type":"Feature","geometry":{"type":"Point","coordinates":[10.98762855,45.41358117]},"properties":{"type":"pakketpunt","locatieNaam":"L E C Computer","straatNaam":"Via Fiume","straatNr":"10","vervoerder":"PosteItaliane","puntType":"servicepunt","bezettingsgraad":50,"latitude":45.41358117,"longitude":10.98762855,"canPickup":true,"canDropoff":true,"openingstijden":{"za":"09:30 - 12:30","zo":"gesloten","ma":"15:30 - 19:30","di":"09:30 - 12:30, 15:30 - 19:30","wo":"09:30 - 12:30, 15:30 - 19:30","do":"09:30 - 12:30, 15:30 - 19:30","vr":"09:30 - 12:30, 15:30 - 19:30"}}},{"type":"Feature","geometry":{"type":"Point","coordinates":[10.97303677,45.44806214]},"properties":{"type":"pakketpunt","locatieNaam":"Tabaccheria N. 188","straatNaam":"Via Leone Pancaldo","straatNr":"1/c","vervoerder":"PosteItaliane","puntType":"servicepunt","bezettingsgraad":50,"latitude":45.44806214,"longitude":10.97303677,"canPickup":true,"canDropoff":true,"openingstijden":{"za":"06:00 - 12:45, 15:30 - 19:30","zo":"gesloten","ma":"06:00 - 12:45, 15:30 - 19:30","di":"06:00 - 12:45, 15:30 - 19:30","wo":"06:00 - 12:30, 15:30 - 19:30","do":"06:00 - 12:45, 15:30 - 19:30","vr":"06:00 - 12:45, 15:30 - 19:30"}}},{"type":"Feature","geometry":{"type":"Point","coordinates":[11.01860351,45.44417033]},"properties":{"type":"pakketpunt","locatieNaam":"Tabaccheria N. 69","straatNaam":"Via Colonnello Giovanni Fincato","straatNr":"56","vervoerder":"PosteItaliane","puntType":"servicepunt","bezettingsgraad":50,"latitude":45.44417033,"longitude":11.01860351,"canPickup":true,"canDropoff":true,"openingstijden":{"za":"07:45 - 12:30, 16:00 - 19:00","zo":"gesloten","ma":"07:45 - 12:45, 16:00 - 19:30","di":"07:45 - 12:45, 16:00 - 19:30","wo":"07:45 - 12:45, 16:00 - 19:30","do":"07:45 - 12:45, 16:00 - 19:30","vr":"07:45 - 12:45, 16:00 - 19:30"}}},{"type":"Feature","geometry":{"type":"Point","coordinates":[11.00741244,45.4394725]},"properties":{"type":"pakketpunt","locatieNaam":"Tabaccheria N. 44","straatNaam":"Via Venti Settembre","straatNr":"42/b","vervoerder":"PosteItaliane","puntType":"servicepunt","bezettingsgraad":50,"latitude":45.4394725,"longitude":11.00741244,"canPickup":true,"canDropoff":true,"openingstijden":{"za":"08:00 - 12:50, 16:00 - 19:30","zo":"gesloten","ma":"07:45 - 12:50, 15:45 - 19:30","di":"07:45 - 12:50, 15:45 - 19:30","wo":"07:45 - 12:50, 15:45 - 19:30","do":"07:45 - 12:50, 15:45 - 19:30","vr":"07:45 - 12:50, 15:45 - 19:30"}}},{"type":"Feature","geometry":{"type":"Point","coordinates":[10.98450976,45.43330675]},"properties":{"type":"pakketpunt","locatieNaam":"Tabaccheria N. 193","straatNaam":"Piazza Renato Simoni","straatNr":"15","vervoerder":"PosteItaliane","puntType":"servicepunt","bezettingsgraad":50,"latitude":45.43330675,"longitude":10.98450976,"canPickup":true,"canDropoff":true,"openingstijden":{"za":"08:00 - 13:00","zo":"gesloten","ma":"08:00 - 19:00","di":"08:00 - 19:00","wo":"08:00 - 19:00","do":"08:00 - 19:00","vr":"08:00 - 19:00"}}},{"type":"Feature","geometry":{"type":"Point","coordinates":[10.93116292,45.41737827]},"properties":{"type":"pakketpunt","locatieNaam":"Tabaccheria N. 262","straatNaam":"Via Sommacampagna","straatNr":"59/b","vervoerder":"PosteItaliane","puntType":"servicepunt","bezettingsgraad":50,"latitude":45.41737827,"longitude":10.93116292,"canPickup":true,"canDropoff":true,"openingstijden":{"za":"gesloten","zo":"gesloten","ma":"07:30 - 18:00","di":"07:30 - 18:00","wo":"07:30 - 18:00","do":"07:30 - 18:00","vr":"07:30 - 18:00"}}},{"type":"Feature","geometry":{"type":"Point","coordinates":[11.01975015,45.43457914]},"properties":{"type":"pakketpunt","locatieNaam":"Tabaccheria N. 71","straatNaam":"Via Galileo Galilei","straatNr":"37","vervoerder":"PosteItaliane","puntType":"servicepunt","bezettingsgraad":50,"latitude":45.43457914,"longitude":11.01975015,"canPickup":true,"canDropoff":true,"openingstijden":{"za":"06:30 - 12:30, 16:00 - 19:30","zo":"06:30 - 12:00","ma":"06:30 - 12:30, 15:30 - 19:30","di":"06:30 - 12:30, 15:30 - 19:30","wo":"06:30 - 12:30, 15:30 - 19:30","do":"06:30 - 12:30, 15:30 - 19:30","vr":"06:30 - 12:30, 15:30 - 19:30"}}},{"type":"Feature","geometry":{"type":"Point","coordinates":[11.03026035,45.43819784]},"properties":{"type":"pakketpunt","locatieNaam":"Tabaccheria N. 207","straatNaam":"Via Marcantonio Della Torre","straatNr":"29","vervoerder":"PosteItaliane","puntType":"servicepunt","bezettingsgraad":50,"latitude":45.43819784,"longitude":11.03026035,"canPickup":true,"canDropoff":true,"openingstijden":{"za":"08:00 - 12:30","zo":"gesloten","ma":"08:00 - 12:00, 16:00 - 18:30","di":"08:00 - 12:00, 16:00 - 18:30","wo":"08:00 - 12:00, 16:00 - 18:30","do":"08:00 - 12:00, 16:00 - 18:30","vr":"08:00 - 12:00, 16:00 - 18:30"}}},{"type":"Feature","geometry":{"type":"Point","coordinates":[10.99421737,45.41037709]},"properties":{"type":"pakketpunt","locatieNaam":"Tabaccheria N. 181","straatNaam":"Via Bartolomeo Giuliari","straatNr":"29","vervoerder":"PosteItaliane","puntType":"servicepunt","bezettingsgraad":50,"latitude":45.41037709,"longitude":10.99421737,"canPickup":true,"canDropoff":true,"openingstijden":{"za":"07:30 - 12:30","zo":"gesloten","ma":"07:30 - 12:30, 16:00 - 19:30","di":"07:30 - 12:30, 16:00 - 19:30","wo":"07:30 - 12:30, 16:00 - 19:30","do":"07:30 - 12:30, 16:00 - 19:30","vr":"07:30 - 12:30, 16:00 - 19:30"}}},{"type":"Feature","geometry":{"type":"Point","coordinates":[11.04649678,45.4349526]},"properties":{"type":"pakketpunt","locatieNaam":"Tabaccheria N. 114","straatNaam":"Via Antonio Cernisone","straatNr":"6","vervoerder":"PosteItaliane","puntType":"servicepunt","bezettingsgraad":50,"latitude":45.4349526,"longitude":11.04649678,"canPickup":true,"canDropoff":true,"openingstijden":{"za":"07:30 - 13:00, 15:30 - 19:00","zo":"gesloten","ma":"07:30 - 13:00","di":"07:30 - 13:00, 15:30 - 19:00","wo":"07:30 - 13:00, 15:30 - 19:00","do":"07:30 - 13:00, 15:30 - 19:00","vr":"07:30 - 13:00, 15:30 - 19:00"}}},{"type":"Feature","geometry":{"type":"Point","coordinates":[10.97128031,45.44341863]},"properties":{"type":"pakketpunt","locatieNaam":"Tabaccheria N. 107","straatNaam":"Corso Milano","straatNr":"22","vervoerder":"PosteItaliane","puntType":"servicepunt","bezettingsgraad":50,"latitude":45.44341863,"longitude":10.97128031,"canPickup":true,"canDropoff":true,"openingstijden":{"za":"07:40 - 12:30, 16:00 - 19:00","zo":"gesloten","ma":"07:40 - 12:30, 16:00 - 19:00","di":"07:40 - 12:30, 16:00 - 19:00","wo":"07:40 - 12:30, 16:00 - 19:00","do":"07:40 - 12:30, 16:00 - 19:00","vr":"07:40 - 12:30, 16:00 - 19:00"}}},{"type":"Feature","geometry":{"type":"Point","coordinates":[11.00047339,45.43984009]},"properties":{"type":"pakketpunt","locatieNaam":"Tabaccheria N. 34","straatNaam":"Via Leoni","straatNr":"15","vervoerder":"PosteItaliane","puntType":"servicepunt","bezettingsgraad":50,"latitude":45.43984009,"longitude":11.00047339,"canPickup":true,"canDropoff":true,"openingstijden":{"za":"08:00 - 13:30, 15:30 - 19:30","zo":"gesloten","ma":"08:00 - 13:30, 15:30 - 19:30","di":"08:00 - 13:30, 15:30 - 19:30","wo":"08:00 - 13:30, 15:30 - 19:30","do":"08:00 - 13:30, 15:30 - 19:30","vr":"08:00 - 13:30, 15:30 - 19:30"}}},{"type":"Feature","geometry":{"type":"Point","coordinates":[11.00153079,45.45523511]},"properties":{"type":"pakketpunt","locatieNaam":"Tabaccheria N. 185","straatNaam":"Via Marsala","straatNr":"58/d","vervoerder":"PosteItaliane","puntType":"servicepunt","bezettingsgraad":50,"latitude":45.45523511,"longitude":11.00153079,"canPickup":true,"canDropoff":true,"openingstijden":{"za":"06:30 - 13:00","zo":"07:00 - 12:30","ma":"06:30 - 13:00, 16:30 - 19:30","di":"06:30 - 13:00, 16:30 - 19:30","wo":"06:30 - 13:00, 16:30 - 19:30","do":"06:30 - 13:00, 16:00 - 19:30","vr":"06:30 - 13:00, 16:30 - 19:30"}}},{"type":"Feature","geometry":{"type":"Point","coordinates":[10.97308827,45.41957369]},"properties":{"type":"pakketpunt","locatieNaam":"Tabaccheria N. 148","straatNaam":"Via Gaspare Del Carretto","straatNr":"30","vervoerder":"PosteItaliane","puntType":"servicepunt","bezettingsgraad":50,"latitude":45.41957369,"longitude":10.97308827,"canPickup":true,"canDropoff":true,"openingstijden":{"za":"07:15 - 12:30, 15:30 - 19:30","zo":"gesloten","ma":"07:15 - 12:30, 15:30 - 19:30","di":"07:15 - 12:30, 15:30 - 19:30","wo":"07:15 - 12:30, 15:30 - 19:30","do":"07:15 - 12:30, 15:30 - 19:30","vr":"07:15 - 12:30, 15:30 - 19:30"}}},{"type":"Feature","geometry":{"type":"Point","coordinates":[10.9674141,45.42265602]},"properties":{"type":"pakketpunt","locatieNaam":"Tabaccheria N. 229","straatNaam":"Stradone Santa Lucia","straatNr":"75","vervoerder":"PosteItaliane","puntType":"servicepunt","bezettingsgraad":50,"latitude":45.42265602,"longitude":10.9674141,"canPickup":true,"canDropoff":true,"openingstijden":{"za":"06:30 - 12:45","zo":"06:30 - 12:00","ma":"06:30 - 12:45, 14:30 - 19:00","di":"06:30 - 12:45, 14:30 - 19:00","wo":"06:30 - 12:45, 14:30 - 19:00","do":"06:30 - 12:45, 14:30 - 19:00","vr":"06:30 - 12:45, 14:30 - 19:00"}}},{"type":"Feature","geometry":{"type":"Point","coordinates":[11.01386432,45.43970176]},"properties":{"type":"pakketpunt","locatieNaam":"Tabaccheria N. 26","straatNaam":"Via Venti Settembre","straatNr":"140","vervoerder":"PosteItaliane","puntType":"servicepunt","bezettingsgraad":50,"latitude":45.43970176,"longitude":11.01386432,"canPickup":true,"canDropoff":true,"openingstijden":{"za":"07:00 - 20:00","zo":"07:00 - 13:00","ma":"07:00 - 20:00","di":"07:00 - 20:00","wo":"07:00 - 20:00","do":"07:00 - 20:00","vr":"07:00 - 20:00"}}},{"type":"Feature","geometry":{"type":"Point","coordinates":[11.04133,45.43392]},"properties":{"type":"pakketpunt","locatieNaam":"Tabaccheria N. 115","straatNaam":"Piazza Garibaldi","straatNr":"11","vervoerder":"PosteItaliane","puntType":"servicepunt","bezettingsgraad":50,"latitude":45.43392,"longitude":11.04133,"canPickup":true,"canDropoff":true,"openingstijden":{"za":"07:00 - 13:00, 15:00 - 19:30","zo":"gesloten","ma":"07:00 - 13:00, 15:00 - 19:30","di":"07:00 - 13:00, 15:00 - 19:30","wo":"07:00 - 13:00, 15:00 - 19:30","do":"07:00 - 13:00, 15:00 - 19:30","vr":"07:00 - 13:00, 15:00 - 19:30"}}},{"type":"Feature","geometry":{"type":"Point","coordinates":[10.9966887,45.43512411]},"properties":{"type":"pakketpunt","locatieNaam":"Tabaccheria N. 32","straatNaam":"Via Del Pontiere","straatNr":"10","vervoerder":"PosteItaliane","puntType":"servicepunt","bezettingsgraad":50,"latitude":45.43512411,"longitude":10.9966887,"canPickup":true,"canDropoff":true,"openingstijden":{"za":"09:00 - 12:30, 15:30 - 18:30","zo":"gesloten","ma":"09:00 - 12:30, 15:00 - 18:30","di":"09:00 - 12:30, 15:00 - 18:30","wo":"09:00 - 12:30, 15:00 - 18:30","do":"09:00 - 12:30, 15:00 - 18:30","vr":"09:00 - 12:30, 15:00 - 18:30"}}},{"type":"Feature","geometry":{"type":"Point","coordinates":[11.0195670847,45.4504716086]},"properties":{"type":"pakketpunt","locatieNaam":"Smokie's","straatNaam":"VIA COLONNELLO FINCATO","straatNr":"53/B","vervoerder":"DPD","puntType":"pickup_point","bezettingsgraad":50,"latitude":45.4504716086,"longitude":11.0195670847,"canPickup":true,"canDropoff":true,"openingstijden":{"ma":"09:30 - 12:30, 15:30 - 19:30","di":"09:30 - 12:30, 15:30 - 19:30","wo":"09:30 - 12:30, 15:30 - 19:30","do":"09:30 - 12:30, 15:30 - 19:30","vr":"09:30 - 12:30, 15:30 - 19:30","za":"09:30 - 12:30, 15:30 - 19:30","zo":"gesloten"}}},{"type":"Feature","geometry":{"type":"Point","coordinates":[10.9704552343,45.4303955058]},"properties":{"type":"pakketpunt","locatieNaam":"Q.Mobile - Verona","straatNaam":"VIA ALBERE","straatNr":"68","vervoerder":"DPD","puntType":"pickup_point","bezettingsgraad":50,"latitude":45.4303955058,"longitude":10.9704552343,"canPickup":true,"canDropoff":true,"openingstijden":{"ma":"09:30 - 13:00, 15:00 - 18:30","di":"09:30 - 13:00, 15:00 - 18:30","wo":"09:30 - 13:00, 15:00 - 18:30","do":"09:30 - 13:00, 15:00 - 18:30","vr":"09:30 - 13:00, 15:00 - 18:30","za":"09:30 - 13:00","zo":"gesloten"}}},{"type":"Feature","geometry":{"type":"Point","coordinates":[10.9844643644,45.4332704135]},"properties":{"type":"pakketpunt","locatieNaam":"Tabaccheria Grattacielo - Iqos Prem","straatNaam":"PIAZZA RENATO SIMONI","straatNr":"15","vervoerder":"DPD","puntType":"pickup_point","bezettingsgraad":50,"latitude":45.4332704135,"longitude":10.9844643644,"canPickup":true,"canDropoff":true,"openingstijden":{"ma":"08:00 - 19:00","di":"08:00 - 19:00","wo":"08:00 - 19:00","do":"08:00 - 19:00","vr":"08:00 - 19:00","za":"08:00 - 13:00","zo":"gesloten"}}},{"type":"Feature","geometry":{"type":"Point","coordinates":[11.06265,45.457197]},"properties":{"type":"pakketpunt","locatieNaam":"Servizi Telematici Verona","straatNaam":"PIAZZALE BUCCARI","straatNr":"18","vervoerder":"DPD","puntType":"pickup_point","bezettingsgraad":50,"latitude":45.457197,"longitude":11.06265,"canPickup":true,"canDropoff":true,"openingstijden":{"ma":"08:00 - 12:30, 16:00 - 19:30","di":"08:00 - 12:30, 16:00 - 19:30","wo":"08:00 - 12:30, 16:00 - 19:30","do":"08:00 - 12:30, 16:00 - 19:30","vr":"08:00 - 12:30, 16:00 - 19:30","za":"08:00 - 12:30","zo":"gesloten"}}},{"type":"Feature","geometry":{"type":"Point","coordinates":[10.9989908233,45.409815485]},"properties":{"type":"pakketpunt","locatieNaam":"Shop Bar Lavaggio","straatNaam":"VIA LEGNAGO","straatNr":"124","vervoerder":"DPD","puntType":"pickup_point","bezettingsgraad":50,"latitude":45.409815485,"longitude":10.9989908233,"canPickup":true,"canDropoff":true,"openingstijden":{"ma":"08:00 - 18:00","di":"08:00 - 18:00","wo":"08:00 - 18:00","do":"08:00 - 18:00","vr":"08:00 - 18:00","za":"08:00 - 18:00","zo":"gesloten"}}},{"type":"Feature","geometry":{"type":"Point","coordinates":[10.9942598399,45.4101884829]},"properties":{"type":"pakketpunt","locatieNaam":"Bar Giuliari","straatNaam":"VIA B. GIULIARI","straatNr":"31/C","vervoerder":"DPD","puntType":"pickup_point","bezettingsgraad":50,"latitude":45.4101884829,"longitude":10.9942598399,"canPickup":true,"canDropoff":true,"openingstijden":{"ma":"07:00 - 19:00","di":"07:00 - 19:00","wo":"07:00 - 19:00","do":"07:00 - 19:00","vr":"07:00 - 19:00","za":"07:00 - 12:00","zo":"07:00 - 12:00"}}},{"type":"Feature","geometry":{"type":"Point","coordinates":[10.9894362,45.4454778]},"properties":{"type":"pakketpunt","locatieNaam":"Tabaccheria Gaia","straatNaam":"VIA IV NOVEMBRE","straatNr":"18/B","vervoerder":"DPD","puntType":"pickup_point","bezettingsgraad":50,"latitude":45.4454778,"longitude":10.9894362,"canPickup":true,"canDropoff":true,"openingstijden":{"ma":"08:15 - 12:30, 15:30 - 19:30","di":"08:15 - 12:30, 15:30 - 19:30","wo":"08:15 - 12:30, 15:30 - 19:30","do":"08:15 - 12:30, 15:30 - 19:30","vr":"08:15 - 12:30, 15:30 - 19:30","za":"08:15 - 12:30, 15:30 - 19:30","zo":"gesloten"}}},{"type":"Feature","geometry":{"type":"Point","coordinates":[11.0153767,45.47162388]},"properties":{"type":"pakketpunt","locatieNaam":"Imanetti Edicola Poiano","straatNaam":"VIA POIANO","straatNr":"43","vervoerder":"DPD","puntType":"pickup_point","bezettingsgraad":50,"latitude":45.47162388,"longitude":11.0153767,"canPickup":true,"canDropoff":true,"openingstijden":{"ma":"06:30 - 15:30","di":"06:30 - 15:30","wo":"06:30 - 15:30","do":"06:30 - 15:30","vr":"06:30 - 15:30","za":"06:30 - 13:00","zo":"07:00 - 12:30"}}},{"type":"Feature","geometry":{"type":"Point","coordinates":[10.9791144,45.4586857]},"properties":{"type":"pakketpunt","locatieNaam":"Tabaccheria Fasoli Nicola","straatNaam":"VIA ALESSANDRO POERIO 7 B","straatNr":"","vervoerder":"DPD","puntType":"pickup_point","bezettingsgraad":50,"latitude":45.4586857,"longitude":10.9791144,"canPickup":true,"canDropoff":true,"openingstijden":{"ma":"07:30 - 12:30, 15:30 - 19:30","di":"07:30 - 12:30, 15:30 - 19:30","wo":"07:30 - 12:30, 15:30 - 19:30","do":"07:30 - 12:30, 15:30 - 19:30","vr":"07:30 - 12:30, 15:30 - 19:30","za":"07:30 - 12:30, 15:30 - 19:30","zo":"gesloten"}}},{"type":"Feature","geometry":{"type":"Point","coordinates":[10.996065,45.435778]},"properties":{"type":"pakketpunt","locatieNaam":"Il Fiore Di Verona","straatNaam":"VIA ADIGETTO","straatNr":"9/D","vervoerder":"DPD","puntType":"pickup_point","bezettingsgraad":50,"latitude":45.435778,"longitude":10.996065,"canPickup":true,"canDropoff":true,"openingstijden":{"ma":"09:00 - 13:00, 15:30 - 19:00","di":"09:00 - 13:00, 15:30 - 19:00","wo":"09:00 - 13:00, 15:30 - 19:00","do":"09:00 - 13:00, 15:30 - 19:00","vr":"09:00 - 13:00, 15:30 - 19:00","za":"09:00 - 13:00, 15:30 - 19:00","zo":"gesloten"}}},{"type":"Feature","geometry":{"type":"Point","coordinates":[11.0432578,45.4335884]},"properties":{"type":"pakketpunt","locatieNaam":"MD Travel Agency & Money Transfer","straatNaam":"VIA UNITA' D'ITALIA","straatNr":"130","vervoerder":"DPD","puntType":"pickup_point","bezettingsgraad":50,"latitude":45.4335884,"longitude":11.0432578,"canPickup":true,"canDropoff":true,"openingstijden":{"ma":"09:00 - 13:00, 15:00 - 20:00","di":"09:00 - 13:00, 15:00 - 20:00","wo":"09:00 - 13:00, 15:00 - 20:00","do":"09:00 - 13:00, 15:00 - 20:00","vr":"09:00 - 13:00, 15:00 - 20:00","za":"09:00 - 13:00, 15:00 - 20:00","zo":"gesloten"}}},{"type":"Feature","geometry":{"type":"Point","coordinates":[11.02201156,45.44238134]},"properties":{"type":"pakketpunt","locatieNaam":"Bar Hellas","straatNaam":"VIA G. CAMPAGNA","straatNr":"6","vervoerder":"DPD","puntType":"pickup_point","bezettingsgraad":50,"latitude":45.44238134,"longitude":11.02201156,"canPickup":true,"canDropoff":true,"openingstijden":{"ma":"06:30 - 20:00","di":"06:30 - 20:00","wo":"06:30 - 20:00","do":"06:30 - 20:00","vr":"06:30 - 20:00","za":"07:00 - 21:00","zo":"gesloten"}}},{"type":"Feature","geometry":{"type":"Point","coordinates":[10.96674303,45.45167408]},"properties":{"type":"pakketpunt","locatieNaam":"Menta e Rosmarino Tavola Calda","straatNaam":"VIA MARIN FALIERO","straatNr":"15","vervoerder":"DPD","puntType":"pickup_point","bezettingsgraad":50,"latitude":45.45167408,"longitude":10.96674303,"canPickup":true,"canDropoff":true,"openingstijden":{"ma":"08:00 - 15:00","di":"08:00 - 19:00","wo":"08:00 - 19:00","do":"08:00 - 19:00","vr":"08:00 - 19:00","za":"08:00 - 19:00","zo":"gesloten"}}},{"type":"Feature","geometry":{"type":"Point","coordinates":[10.98690004,45.45727549]},"properties":{"type":"pakketpunt","locatieNaam":"Bar Tabaccheria Yang Ying","straatNaam":"VIA MONTE ORTIGARA","straatNr":"23","vervoerder":"DPD","puntType":"pickup_point","bezettingsgraad":50,"latitude":45.45727549,"longitude":10.98690004,"canPickup":true,"canDropoff":true,"openingstijden":{"ma":"07:00 - 11:30, 14:00 - 20:00","di":"07:00 - 11:30, 14:00 - 20:00","wo":"07:00 - 11:30, 14:00 - 20:00","do":"07:00 - 11:30, 14:00 - 20:00","vr":"07:00 - 11:30, 14:00 - 20:00","za":"07:00 - 14:00","zo":"gesloten"}}},{"type":"Feature","geometry":{"type":"Point","coordinates":[10.99156508,45.42437248]},"properties":{"type":"pakketpunt","locatieNaam":"Tabaccheria Gioca e Vinci","straatNaam":"VIA BASSO ACQUAR","straatNr":"33","vervoerder":"DPD","puntType":"pickup_point","bezettingsgraad":50,"latitude":45.42437248,"longitude":10.99156508,"canPickup":true,"canDropoff":true,"openingstijden":{"ma":"06:00 - 12:30, 15:30 - 19:30","di":"06:00 - 12:30, 15:30 - 19:30","wo":"06:00 - 12:30, 15:30 - 19:30","do":"06:00 - 12:30, 15:30 - 19:30","vr":"06:00 - 12:30, 15:30 - 19:30","za":"06:00 - 12:30","zo":"gesloten"}}},{"type":"Feature","geometry":{"type":"Point","coordinates":[10.985745,45.414903]},"properties":{"type":"pakketpunt","locatieNaam":"Tabaccheria Gaia & Gio","straatNaam":"VIA SCUDERLANDO","straatNr":"98","vervoerder":"DPD","puntType":"pickup_point","bezettingsgraad":50,"latitude":45.414903,"longitude":10.985745,"canPickup":true,"canDropoff":true,"openingstijden":{"ma":"07:00 - 12:30, 15:00 - 19:00","di":"07:00 - 12:30, 15:00 - 19:00","wo":"07:00 - 12:30, 15:00 - 19:00","do":"07:00 - 12:30, 15:00 - 19:00","vr":"07:00 - 12:30, 15:00 - 19:00","za":"07:00 - 12:30, 15:00 - 19:00","zo":"gesloten"}}},{"type":"Feature","geometry":{"type":"Point","coordinates":[11.0010897,45.45103271]},"properties":{"type":"pakketpunt","locatieNaam":"Tabaccheria di Signorini Simone","straatNaam":"VIA MARSALA","straatNr":"2 C","vervoerder":"DPD","puntType":"pickup_point","bezettingsgraad":50,"latitude":45.45103271,"longitude":11.0010897,"canPickup":true,"canDropoff":true,"openingstijden":{"ma":"07:30 - 13:00, 16:00 - 19:30","di":"07:30 - 13:00, 16:00 - 19:30","wo":"07:30 - 13:00, 16:00 - 19:30","do":"07:30 - 13:00, 16:00 - 19:30","vr":"07:30 - 13:00, 16:00 - 19:30","za":"08:00 - 13:00","zo":"gesloten"}}},{"type":"Feature","geometry":{"type":"Point","coordinates":[10.984895,45.437295]},"properties":{"type":"pakketpunt","locatieNaam":"BRT LOCKER - Mondo Moderno Telefoni","straatNaam":"STRADONE PORTA PALIO","straatNr":"41/A","vervoerder":"DPD","puntType":"dpd_box","bezettingsgraad":50,"latitude":45.437295,"longitude":10.984895,"canPickup":true,"canDropoff":false,"openingstijden":{"ma":"09:00 - 13:00, 14:00 - 19:00","di":"09:00 - 13:00, 14:00 - 19:00","wo":"09:00 - 13:00, 14:00 - 19:00","do":"09:00 - 13:00, 14:00 - 19:00","vr":"09:00 - 12:30, 14:00 - 19:00","za":"09:00 - 13:00, 14:00 - 19:00","zo":"gesloten"}}},{"type":"Feature","geometry":{"type":"Point","coordinates":[10.9962474,45.4329225]},"properties":{"type":"pakketpunt","locatieNaam":"Bar Montecchi","straatNaam":"VIA DEL PONTIERE","straatNr":"29","vervoerder":"DPD","puntType":"pickup_point","bezettingsgraad":50,"latitude":45.4329225,"longitude":10.9962474,"canPickup":true,"canDropoff":true,"openingstijden":{"ma":"07:00 - 18:00","di":"07:00 - 18:00","wo":"07:00 - 18:00","do":"07:00 - 18:00","vr":"07:00 - 18:00","za":"gesloten","zo":"gesloten"}}},{"type":"Feature","geometry":{"type":"Point","coordinates":[10.99072,45.43393]},"properties":{"type":"pakketpunt","locatieNaam":"BRT LOCKER - Garage Italia Corso Po","straatNaam":"CORSO PORTA NUOVA","straatNr":"91","vervoerder":"DPD","puntType":"dpd_box","bezettingsgraad":50,"latitude":45.43393,"longitude":10.99072,"canPickup":true,"canDropoff":false,"openingstijden":{"ma":"07:30 - 23:30","di":"07:30 - 23:30","wo":"07:30 - 23:30","do":"07:30 - 23:30","vr":"07:30 - 23:30","za":"07:30 - 23:30","zo":"07:30 - 23:30"}}},{"type":"Feature","geometry":{"type":"Point","coordinates":[10.97127822,45.44344621]},"properties":{"type":"pakketpunt","locatieNaam":"Tabaccheria Morante","straatNaam":"CORSO MILANO","straatNr":"22","vervoerder":"DPD","puntType":"pickup_point","bezettingsgraad":50,"latitude":45.44344621,"longitude":10.97127822,"canPickup":true,"canDropoff":true,"openingstijden":{"ma":"07:45 - 12:30","di":"07:45 - 12:30","wo":"07:45 - 12:30","do":"07:45 - 12:30","vr":"07:45 - 12:30","za":"07:45 - 12:30","zo":"gesloten"}}},{"type":"Feature","geometry":{"type":"Point","coordinates":[10.9645903,45.4217732]},"properties":{"type":"pakketpunt","locatieNaam":"L'Oasi Del Tabacco","straatNaam":"STRADONE SANTA LUCIA","straatNr":"75","vervoerder":"DPD","puntType":"pickup_point","bezettingsgraad":50,"latitude":45.4217732,"longitude":10.9645903,"canPickup":true,"canDropoff":true,"openingstijden":{"ma":"06:30 - 12:45, 14:30 - 19:00","di":"06:30 - 12:45, 14:30 - 19:00","wo":"06:30 - 12:45, 14:30 - 19:00","do":"06:30 - 12:45, 14:30 - 19:00","vr":"06:30 - 12:45, 14:30 - 19:00","za":"06:30 - 12:45","zo":"06:30 - 12:00"}}},{"type":"Feature","geometry":{"type":"Point","coordinates":[10.9457042,45.4566449]},"properties":{"type":"pakketpunt","locatieNaam":"Bar Tito's","straatNaam":"VIA PUGLIE","straatNr":"71A","vervoerder":"DPD","puntType":"pickup_point","bezettingsgraad":50,"latitude":45.4566449,"longitude":10.9457042,"canPickup":true,"canDropoff":true,"openingstijden":{"ma":"gesloten","di":"08:00 - 14:00, 17:00 - 20:00","wo":"08:00 - 14:00, 17:00 - 20:00","do":"08:00 - 14:00, 17:00 - 20:00","vr":"08:00 - 14:00, 17:00 - 20:00","za":"08:00 - 14:00, 17:00 - 20:00","zo":"08:00 - 14:00, 17:00 - 20:00"}}},{"type":"Feature","geometry":{"type":"Point","coordinates":[10.9998307,45.4077017]},"properties":{"type":"pakketpunt","locatieNaam":"Tabaccheria Vaiente","straatNaam":"VIA DEI LAMBERTI","straatNr":"29","vervoerder":"DPD","puntType":"pickup_point","bezettingsgraad":50,"latitude":45.4077017,"longitude":10.9998307,"canPickup":true,"canDropoff":true,"openingstijden":{"ma":"08:00 - 13:00, 15:00 - 19:30","di":"08:00 - 13:00, 15:00 - 19:30","wo":"08:00 - 13:00, 15:00 - 19:30","do":"08:00 - 13:00, 15:00 - 19:30","vr":"08:00 - 13:00, 15:00 - 19:30","za":"08:00 - 13:00, 15:00 - 19:30","zo":"gesloten"}}},{"type":"Feature","geometry":{"type":"Point","coordinates":[11.02070856,45.46564557]},"properties":{"type":"pakketpunt","locatieNaam":"Grandis Biciclette","straatNaam":"STRADA DELLA GIARA","straatNr":"11","vervoerder":"DPD","puntType":"pickup_point","bezettingsgraad":50,"latitude":45.46564557,"longitude":11.02070856,"canPickup":true,"canDropoff":true,"openingstijden":{"ma":"09:00 - 12:30, 16:00 - 19:00","di":"09:00 - 12:30, 16:00 - 19:00","wo":"gesloten","do":"09:00 - 12:30, 16:00 - 19:00","vr":"09:00 - 12:30, 16:00 - 19:00","za":"09:00 - 12:30, 16:00 - 19:00","zo":"gesloten"}}},{"type":"Feature","geometry":{"type":"Point","coordinates":[10.9603138,45.44642665]},"properties":{"type":"pakketpunt","locatieNaam":"Libreria Valerio Friggi","straatNaam":"VIA CATANIA","straatNr":"5 A","vervoerder":"DPD","puntType":"pickup_point","bezettingsgraad":50,"latitude":45.44642665,"longitude":10.9603138,"canPickup":true,"canDropoff":true,"openingstijden":{"ma":"09:00 - 13:00, 15:00 - 19:00","di":"09:00 - 13:00, 15:00 - 19:00","wo":"09:00 - 13:00, 15:00 - 19:00","do":"09:00 - 13:00, 15:00 - 19:00","vr":"09:00 - 13:00, 15:00 - 19:00","za":"gesloten","zo":"gesloten"}}},{"type":"Feature","geometry":{"type":"Point","coordinates":[10.98998393,45.45093472]},"properties":{"type":"pakketpunt","locatieNaam":"Le Figarò","straatNaam":"VIA MAMELI","straatNr":"19c","vervoerder":"DPD","puntType":"pickup_point","bezettingsgraad":50,"latitude":45.45093472,"longitude":10.98998393,"canPickup":true,"canDropoff":true,"openingstijden":{"ma":"gesloten","di":"10:00 - 18:00","wo":"10:00 - 18:00","do":"10:00 - 18:00","vr":"10:00 - 18:00","za":"gesloten","zo":"gesloten"}}},{"type":"Feature","geometry":{"type":"Point","coordinates":[10.9878004,45.4368805]},"properties":{"type":"pakketpunt","locatieNaam":"Intralot-Verona","straatNaam":"VIA AMATORE SCIESA","straatNr":"29 A","vervoerder":"DPD","puntType":"pickup_point","bezettingsgraad":50,"latitude":45.4368805,"longitude":10.9878004,"canPickup":true,"canDropoff":true,"openingstijden":{"ma":"13:00 - 19:00","di":"11:00 - 19:00","wo":"11:00 - 19:00","do":"11:00 - 19:00","vr":"11:00 - 19:00","za":"11:00 - 19:00","zo":"11:00 - 19:00"}}},{"type":"Feature","geometry":{"type":"Point","coordinates":[10.99883161,45.44139484]},"properties":{"type":"pakketpunt","locatieNaam":"Libreria Il Minotauro","straatNaam":"VIA CAPPELLO","straatNr":"35 c","vervoerder":"DPD","puntType":"pickup_point","bezettingsgraad":50,"latitude":45.44139484,"longitude":10.99883161,"canPickup":true,"canDropoff":true,"openingstijden":{"ma":"08:00 - 21:00","di":"08:00 - 21:00","wo":"08:00 - 21:00","do":"08:00 - 21:00","vr":"08:00 - 22:00","za":"08:00 - 22:00","zo":"08:00 - 21:00"}}},{"type":"Feature","geometry":{"type":"Point","coordinates":[10.9877766,45.4135058]},"properties":{"type":"pakketpunt","locatieNaam":"L. & C. Computer","straatNaam":"VIA FIUME","straatNr":"10","vervoerder":"DPD","puntType":"pickup_point","bezettingsgraad":50,"latitude":45.4135058,"longitude":10.9877766,"canPickup":true,"canDropoff":true,"openingstijden":{"ma":"15:30 - 19:30","di":"09:30 - 12:30, 15:30 - 19:30","wo":"09:30 - 12:30, 15:30 - 19:30","do":"09:30 - 12:30, 15:30 - 19:30","vr":"09:30 - 12:30, 15:30 - 19:30","za":"09:30 - 12:30","zo":"gesloten"}}},{"type":"Feature","geometry":{"type":"Point","coordinates":[11.05911435,45.4311666]},"properties":{"type":"pakketpunt","locatieNaam":"Tabaccheria Tre B","straatNaam":"VIA SGULMERO","straatNr":"25 A","vervoerder":"DPD","puntType":"pickup_point","bezettingsgraad":50,"latitude":45.4311666,"longitude":11.05911435,"canPickup":true,"canDropoff":true,"openingstijden":{"ma":"07:30 - 12:30, 15:30 - 19:30","di":"07:30 - 12:30, 15:30 - 19:30","wo":"07:30 - 12:30, 15:30 - 19:30","do":"07:30 - 12:30, 15:30 - 19:30","vr":"07:30 - 12:30, 15:30 - 19:30","za":"07:30 - 12:30, 15:30 - 19:30","zo":"gesloten"}}},{"type":"Feature","geometry":{"type":"Point","coordinates":[11.00752888,45.43947848]},"properties":{"type":"pakketpunt","locatieNaam":"Bar Zia Elena","straatNaam":"VIA XX SETTEMBRE","straatNr":"44","vervoerder":"DPD","puntType":"pickup_point","bezettingsgraad":50,"latitude":45.43947848,"longitude":11.00752888,"canPickup":true,"canDropoff":true,"openingstijden":{"ma":"06:30 - 20:00","di":"06:30 - 20:00","wo":"06:30 - 20:00","do":"06:30 - 20:00","vr":"06:30 - 20:00","za":"gesloten","zo":"gesloten"}}},{"type":"Feature","geometry":{"type":"Point","coordinates":[11.01031384,45.43262401]},"properties":{"type":"pakketpunt","locatieNaam":"Tabaccheria Bragantini","straatNaam":"VIA L. LIGABO","straatNr":"8 B","vervoerder":"DPD","puntType":"pickup_point","bezettingsgraad":50,"latitude":45.43262401,"longitude":11.01031384,"canPickup":true,"canDropoff":true,"openingstijden":{"ma":"06:00 - 13:00, 14:30 - 19:30","di":"06:00 - 13:00, 14:30 - 19:30","wo":"06:00 - 13:00, 14:30 - 19:30","do":"06:00 - 13:00, 14:30 - 19:30","vr":"06:00 - 13:00, 14:30 - 19:30","za":"06:00 - 13:00, 14:30 - 19:30","zo":"06:00 - 12:30"}}},{"type":"Feature","geometry":{"type":"Point","coordinates":[11.0512832,45.43180734]},"properties":{"type":"pakketpunt","locatieNaam":"Tabaccheria Portofranco","straatNaam":"VIA UNITA D'ITALIA","straatNr":"272 A","vervoerder":"DPD","puntType":"pickup_point","bezettingsgraad":50,"latitude":45.43180734,"longitude":11.0512832,"canPickup":true,"canDropoff":true,"openingstijden":{"ma":"07:30 - 13:00, 15:30 - 19:30","di":"07:30 - 13:00, 15:30 - 19:30","wo":"07:30 - 13:00, 15:30 - 19:30","do":"07:30 - 13:00, 15:30 - 19:30","vr":"07:30 - 13:00, 15:30 - 19:30","za":"07:30 - 13:00, 15:30 - 19:30","zo":"08:00 - 12:00"}}},{"type":"Feature","geometry":{"type":"Point","coordinates":[11.00748,45.4344]},"properties":{"type":"pakketpunt","locatieNaam":"BRT LOCKER - Distributore al rispar","straatNaam":"VIA TORBIDO","straatNr":"25A","vervoerder":"DPD","puntType":"dpd_box","bezettingsgraad":50,"latitude":45.4344,"longitude":11.00748,"canPickup":true,"canDropoff":true,"openingstijden":{"ma":"00:00 - 23:45","di":"00:00 - 23:45","wo":"00:00 - 23:45","do":"00:00 - 23:45","vr":"00:00 - 23:45","za":"00:00 - 23:45","zo":"00:00 - 23:45"}}},{"type":"Feature","geometry":{"type":"Point","coordinates":[11.0169667,45.4458103]},"properties":{"type":"pakketpunt","locatieNaam":"Pet Outlet","straatNaam":"VIA CARLO CIPOLLA","straatNr":"56","vervoerder":"DPD","puntType":"pickup_point","bezettingsgraad":50,"latitude":45.4458103,"longitude":11.0169667,"canPickup":true,"canDropoff":true,"openingstijden":{"ma":"gesloten","di":"09:00 - 13:00, 15:00 - 19:00","wo":"09:00 - 13:00, 15:00 - 19:00","do":"09:00 - 13:00, 15:00 - 19:00","vr":"09:00 - 13:00, 15:00 - 19:00","za":"09:00 - 13:00, 15:00 - 19:00","zo":"gesloten"}}},{"type":"Feature","geometry":{"type":"Point","coordinates":[10.986914,45.430148]},"properties":{"type":"pakketpunt","locatieNaam":"BRT LOCKER - Distributore Risparmio","straatNaam":"PIAZZALE DI PORTA NUOVA","straatNr":"","vervoerder":"DPD","puntType":"dpd_box","bezettingsgraad":50,"latitude":45.430148,"longitude":10.986914,"canPickup":true,"canDropoff":true,"openingstijden":{"ma":"00:00 - 23:45","di":"00:00 - 23:45","wo":"00:00 - 23:45","do":"00:00 - 23:45","vr":"00:00 - 23:45","za":"00:00 - 23:45","zo":"00:00 - 23:45"}}},{"type":"Feature","geometry":{"type":"Point","coordinates":[10.96729802,45.44379667]},"properties":{"type":"pakketpunt","locatieNaam":"Smart World","straatNaam":"CORSO MILANO","straatNr":"125","vervoerder":"DPD","puntType":"pickup_point","bezettingsgraad":50,"latitude":45.44379667,"longitude":10.96729802,"canPickup":true,"canDropoff":true,"openingstijden":{"ma":"09:00 - 13:00, 14:00 - 19:30","di":"09:00 - 13:00, 14:00 - 19:30","wo":"09:00 - 13:00, 14:00 - 19:30","do":"09:00 - 13:00, 14:00 - 19:30","vr":"09:00 - 13:00, 14:00 - 19:30","za":"09:00 - 13:00, 14:00 - 19:30","zo":"gesloten"}}},{"type":"Feature","geometry":{"type":"Point","coordinates":[10.9684535,45.4325225]},"properties":{"type":"pakketpunt","locatieNaam":"Mondo Alimentari","straatNaam":"VIA A. DI CAMBIO","straatNr":"36","vervoerder":"DPD","puntType":"pickup_point","bezettingsgraad":50,"latitude":45.4325225,"longitude":10.9684535,"canPickup":true,"canDropoff":true,"openingstijden":{"ma":"10:00 - 12:30, 13:00 - 19:30","di":"10:00 - 12:30, 13:00 - 19:30","wo":"10:00 - 12:30, 13:00 - 19:30","do":"10:00 - 12:30, 13:00 - 19:30","vr":"10:00 - 12:30, 13:00 - 19:30","za":"10:00 - 12:30, 13:00 - 19:30","zo":"gesloten"}}},{"type":"Feature","geometry":{"type":"Point","coordinates":[11.01576971,45.43959625]},"properties":{"type":"pakketpunt","locatieNaam":"Tabaccheria Menini","straatNaam":"CORSO VENEZIA","straatNr":"3 a","vervoerder":"DPD","puntType":"pickup_point","bezettingsgraad":50,"latitude":45.43959625,"longitude":11.01576971,"canPickup":true,"canDropoff":true,"openingstijden":{"ma":"06:00 - 12:30, 15:00 - 19:00","di":"06:00 - 12:30, 15:00 - 19:00","wo":"06:00 - 12:30, 15:00 - 19:00","do":"06:00 - 12:30, 15:00 - 19:00","vr":"06:00 - 12:30, 15:00 - 19:00","za":"06:00 - 12:30","zo":"gesloten"}}},{"type":"Feature","geometry":{"type":"Point","coordinates":[10.9986,45.442209]},"properties":{"type":"pakketpunt","locatieNaam":"BRT LOCKER - Baggy Lockers Vicolo S","straatNaam":"VICOLO STELLA","straatNr":"12","vervoerder":"DPD","puntType":"dpd_box","bezettingsgraad":50,"latitude":45.442209,"longitude":10.9986,"canPickup":true,"canDropoff":true,"openingstijden":{"ma":"06:00 - 23:00","di":"06:00 - 23:00","wo":"06:00 - 23:00","do":"06:00 - 23:00","vr":"06:00 - 23:00","za":"06:00 - 23:00","zo":"06:00 - 23:00"}}},{"type":"Feature","geometry":{"type":"Point","coordinates":[10.9747099,45.4593726]},"properties":{"type":"pakketpunt","locatieNaam":"Easysmoke Sas","straatNaam":"VIA TRENTO","straatNr":"22 B","vervoerder":"DPD","puntType":"pickup_point","bezettingsgraad":50,"latitude":45.4593726,"longitude":10.9747099,"canPickup":true,"canDropoff":true,"openingstijden":{"ma":"10:00 - 12:30, 16:00 - 19:30","di":"10:00 - 12:30, 16:00 - 19:30","wo":"10:00 - 12:30, 16:00 - 19:30","do":"10:00 - 12:30, 16:00 - 19:30","vr":"10:00 - 12:30, 16:00 - 19:30","za":"10:00 - 12:30, 15:30 - 19:00","zo":"gesloten"}}},{"type":"Feature","geometry":{"type":"Point","coordinates":[10.9542765,45.4210328]},"properties":{"type":"pakketpunt","locatieNaam":"Dc MoneyTransfer","straatNaam":"VIA MANTOVANA","straatNr":"89 D","vervoerder":"DPD","puntType":"pickup_point","bezettingsgraad":50,"latitude":45.4210328,"longitude":10.9542765,"canPickup":true,"canDropoff":true,"openingstijden":{"ma":"09:30 - 13:00, 15:00 - 19:30","di":"09:30 - 13:00, 15:00 - 19:30","wo":"09:30 - 13:00, 15:00 - 19:30","do":"09:30 - 13:00, 15:00 - 19:30","vr":"09:30 - 13:00, 15:00 - 19:30","za":"09:30 - 13:00, 15:00 - 19:30","zo":"gesloten"}}},{"type":"Feature","geometry":{"type":"Point","coordinates":[11.0044183,45.4378362]},"properties":{"type":"pakketpunt","locatieNaam":"Bar La Nuova Idea","straatNaam":"VIA DELL'ARTIGLIERE","straatNr":"13 b","vervoerder":"DPD","puntType":"pickup_point","bezettingsgraad":50,"latitude":45.4378362,"longitude":11.0044183,"canPickup":true,"canDropoff":true,"openingstijden":{"ma":"07:00 - 19:00","di":"07:00 - 19:00","wo":"07:00 - 19:00","do":"07:00 - 19:00","vr":"07:00 - 19:00","za":"07:00 - 12:00","zo":"gesloten"}}},{"type":"Feature","geometry":{"type":"Point","coordinates":[10.972954,45.4480351]},"properties":{"type":"pakketpunt","locatieNaam":"Tabaccheria Lamacchia","straatNaam":"VIA L. PANCALDO","straatNr":"1c","vervoerder":"DPD","puntType":"pickup_point","bezettingsgraad":50,"latitude":45.4480351,"longitude":10.972954,"canPickup":true,"canDropoff":true,"openingstijden":{"ma":"06:00 - 12:30, 15:30 - 19:30","di":"06:00 - 12:30, 15:30 - 19:30","wo":"06:00 - 12:30, 15:30 - 19:30","do":"06:00 - 12:30, 15:30 - 19:30","vr":"06:00 - 12:30, 15:30 - 19:30","za":"06:00 - 12:30, 15:30 - 19:30","zo":"gesloten"}}},{"type":"Feature","geometry":{"type":"Point","coordinates":[11.0112773,45.4403983]},"properties":{"type":"pakketpunt","locatieNaam":"UnyFast","straatNaam":"VIA SAN NAZARO","straatNr":"43","vervoerder":"DPD","puntType":"pickup_point","bezettingsgraad":50,"latitude":45.4403983,"longitude":11.0112773,"canPickup":true,"canDropoff":true,"openingstijden":{"ma":"09:30 - 13:30, 14:30 - 18:30","di":"09:30 - 13:30, 14:30 - 18:30","wo":"09:30 - 13:30, 14:30 - 18:30","do":"09:30 - 13:30, 14:30 - 18:30","vr":"09:30 - 13:30, 14:30 - 18:30","za":"10:00 - 17:00","zo":"gesloten"}}},{"type":"Feature","geometry":{"type":"Point","coordinates":[11.0601372,45.429674]},"properties":{"type":"pakketpunt","locatieNaam":"La Capsuleria - Verona","straatNaam":"VIA UNITA D'ITALIA","straatNr":"366","vervoerder":"DPD","puntType":"pickup_point","bezettingsgraad":50,"latitude":45.429674,"longitude":11.0601372,"canPickup":true,"canDropoff":true,"openingstijden":{"ma":"15:30 - 19:00","di":"09:30 - 12:30, 15:30 - 19:00","wo":"09:30 - 12:30, 15:30 - 19:00","do":"09:30 - 12:30, 15:30 - 19:00","vr":"09:30 - 12:30, 15:30 - 19:00","za":"09:30 - 12:30, 15:30 - 19:00","zo":"gesloten"}}},{"type":"Feature","geometry":{"type":"Point","coordinates":[10.985269,45.4342571]},"properties":{"type":"pakketpunt","locatieNaam":"Service Scaligero","straatNaam":"VIA BERNI","straatNr":"11","vervoerder":"DPD","puntType":"pickup_point","bezettingsgraad":50,"latitude":45.4342571,"longitude":10.985269,"canPickup":true,"canDropoff":true,"openingstijden":{"ma":"09:30 - 13:00, 14:00 - 17:00","di":"09:30 - 13:00, 14:00 - 17:00","wo":"09:30 - 13:00, 14:00 - 17:00","do":"09:30 - 13:00, 14:00 - 17:00","vr":"09:30 - 13:00, 14:00 - 17:00","za":"gesloten","zo":"gesloten"}}},{"type":"Feature","geometry":{"type":"Point","coordinates":[10.9569433,45.425127]},"properties":{"type":"pakketpunt","locatieNaam":"Pratica Express","straatNaam":"VIA ALBERE","straatNr":"132","vervoerder":"DPD","puntType":"pickup_point","bezettingsgraad":50,"latitude":45.425127,"longitude":10.9569433,"canPickup":true,"canDropoff":true,"openingstijden":{"ma":"08:30 - 12:30, 14:00 - 18:30","di":"08:30 - 12:30, 14:00 - 18:30","wo":"08:30 - 12:30, 14:00 - 18:30","do":"08:30 - 12:30, 14:00 - 18:30","vr":"08:30 - 12:30, 14:00 - 18:30","za":"gesloten","zo":"gesloten"}}},{"type":"Feature","geometry":{"type":"Point","coordinates":[10.990313,45.42312]},"properties":{"type":"pakketpunt","locatieNaam":"BRT LOCKER - GNP Verona","straatNaam":"VIA BASSO ACQUAR","straatNr":"32","vervoerder":"DPD","puntType":"dpd_box","bezettingsgraad":50,"latitude":45.42312,"longitude":10.990313,"canPickup":true,"canDropoff":true,"openingstijden":{"ma":"00:00 - 23:45","di":"00:00 - 23:45","wo":"00:00 - 23:45","do":"00:00 - 23:45","vr":"00:00 - 23:45","za":"00:00 - 23:45","zo":"00:00 - 23:45"}}},{"type":"Feature","geometry":{"type":"Point","coordinates":[10.999029,45.4450346]},"properties":{"type":"pakketpunt","locatieNaam":"Tabaccheria Busola","straatNaam":"VIA MASSALONGO","straatNr":"3a","vervoerder":"DPD","puntType":"pickup_point","bezettingsgraad":50,"latitude":45.4450346,"longitude":10.999029,"canPickup":true,"canDropoff":true,"openingstijden":{"ma":"08:00 - 18:00","di":"gesloten","wo":"08:00 - 18:00","do":"08:00 - 18:00","vr":"08:00 - 18:00","za":"08:00 - 18:00","zo":"10:00 - 15:00"}}},{"type":"Feature","geometry":{"type":"Point","coordinates":[10.9718644,45.4378781]},"properties":{"type":"pakketpunt","locatieNaam":"Parafarmacia Dott.ssa Isabella","straatNaam":"VIA L. DA VINCI","straatNr":"21","vervoerder":"DPD","puntType":"pickup_point","bezettingsgraad":50,"latitude":45.4378781,"longitude":10.9718644,"canPickup":true,"canDropoff":true,"openingstijden":{"ma":"08:30 - 13:00, 15:30 - 19:00","di":"08:30 - 13:00, 15:30 - 19:00","wo":"08:30 - 13:00, 15:30 - 19:00","do":"08:30 - 13:00, 15:30 - 19:00","vr":"08:30 - 13:00, 15:30 - 19:00","za":"09:00 - 12:30","zo":"gesloten"}}},{"type":"Feature","geometry":{"type":"Point","coordinates":[10.9678936,45.4290511]},"properties":{"type":"pakketpunt","locatieNaam":"Free Servizi - Efficientiamo","straatNaam":"VIA ALBERE","straatNr":"98","vervoerder":"DPD","puntType":"pickup_point","bezettingsgraad":50,"latitude":45.4290511,"longitude":10.9678936,"canPickup":true,"canDropoff":true,"openingstijden":{"ma":"09:00 - 13:00, 14:30 - 18:30","di":"09:00 - 13:00, 14:30 - 18:30","wo":"09:00 - 13:00, 14:30 - 18:30","do":"09:00 - 13:00, 14:30 - 18:30","vr":"09:00 - 13:00, 14:30 - 18:30","za":"08:00 - 13:00","zo":"gesloten"}}},{"type":"Feature","geometry":{"type":"Point","coordinates":[10.9103215,45.4469128]},"properties":{"type":"pakketpunt","locatieNaam":"Dpl Srl","straatNaam":"STRADA BRESCIANA","straatNr":"56","vervoerder":"DPD","puntType":"pickup_point","bezettingsgraad":50,"latitude":45.4469128,"longitude":10.9103215,"canPickup":true,"canDropoff":true,"openingstijden":{"ma":"08:30 - 12:30, 14:30 - 18:00","di":"08:30 - 12:30, 14:30 - 18:00","wo":"08:30 - 12:30, 14:30 - 18:00","do":"08:30 - 12:30, 14:30 - 18:00","vr":"08:30 - 12:30, 14:30 - 18:00","za":"09:00 - 12:00","zo":"gesloten"}}},{"type":"Feature","geometry":{"type":"Point","coordinates":[10.9567399,45.4205522]},"properties":{"type":"pakketpunt","locatieNaam":"Erboristeria L'Elisir Di Turella L.","straatNaam":"P.ZZA DEI CADUTI","straatNr":"21","vervoerder":"DPD","puntType":"pickup_point","bezettingsgraad":50,"latitude":45.4205522,"longitude":10.9567399,"canPickup":true,"canDropoff":true,"openingstijden":{"ma":"09:00 - 12:30, 16:00 - 19:30","di":"09:00 - 12:30, 16:00 - 19:30","wo":"09:00 - 12:30, 16:00 - 19:30","do":"09:00 - 12:30, 16:00 - 19:30","vr":"09:00 - 12:30, 16:00 - 19:30","za":"09:00 - 12:30","zo":"gesloten"}}},{"type":"Feature","geometry":{"type":"Point","coordinates":[10.968645,45.420615]},"properties":{"type":"pakketpunt","locatieNaam":"Svapomonkey","straatNaam":"VIA GOLOSINE","straatNr":"53","vervoerder":"DPD","puntType":"pickup_point","bezettingsgraad":50,"latitude":45.420615,"longitude":10.968645,"canPickup":true,"canDropoff":true,"openingstijden":{"ma":"09:30 - 13:00, 15:00 - 19:30","di":"09:30 - 13:00, 15:00 - 19:30","wo":"09:30 - 13:00, 15:00 - 19:30","do":"09:30 - 13:00, 15:00 - 19:30","vr":"09:30 - 13:00, 15:00 - 19:30","za":"09:30 - 13:00, 15:00 - 19:00","zo":"gesloten"}}},{"type":"Feature","geometry":{"type":"Point","coordinates":[11.0173739,45.4405482]},"properties":{"type":"pakketpunt","locatieNaam":"PostaExpress-Verona","straatNaam":"VIA R. MORANDO","straatNr":"18A","vervoerder":"DPD","puntType":"pickup_point","bezettingsgraad":50,"latitude":45.4405482,"longitude":11.0173739,"canPickup":true,"canDropoff":true,"openingstijden":{"ma":"09:00 - 19:00","di":"09:00 - 19:00","wo":"09:00 - 19:00","do":"09:00 - 19:00","vr":"09:00 - 19:00","za":"09:00 - 14:00","zo":"gesloten"}}},{"type":"Feature","geometry":{"type":"Point","coordinates":[10.97988999,45.43978618]},"properties":{"type":"pakketpunt","locatieNaam":"Tabaccheria 149 - Verona","straatNaam":"VIA M. D'AZEGLIO","straatNr":"13A","vervoerder":"DPD","puntType":"pickup_point","bezettingsgraad":50,"latitude":45.43978618,"longitude":10.97988999,"canPickup":true,"canDropoff":true,"openingstijden":{"ma":"06:30 - 12:30, 15:30 - 19:30","di":"06:30 - 12:30, 15:30 - 19:30","wo":"06:30 - 12:30, 15:30 - 19:30","do":"06:30 - 12:30, 15:30 - 19:30","vr":"06:30 - 12:30, 15:30 - 19:30","za":"06:30 - 12:30, 15:30 - 19:30","zo":"gesloten"}}},{"type":"Feature","geometry":{"type":"Point","coordinates":[10.98773,45.37625]},"properties":{"type":"pakketpunt","locatieNaam":"InPost Locker 24/7","straatNaam":"Via Fracazzole","straatNr":"3B","vervoerder":"InPost","puntType":"automaat","bezettingsgraad":50,"latitude":45.37625,"longitude":10.98773,"canPickup":true,"canDropoff":true,"openingstijden":null}},{"type":"Feature","geometry":{"type":"Point","coordinates":[11.06261,45.45733]},"properties":{"type":"pakketpunt","locatieNaam":"InPost Point","straatNaam":"Piazzale Buccari","straatNr":"18","vervoerder":"InPost","puntType":"servicepunt","bezettingsgraad":50,"latitude":45.45733,"longitude":11.06261,"canPickup":true,"canDropoff":true,"openingstijden":"Lun-Ven: 08:00 - 12:30 - 16:00 - 19:30 - Sab: 08:00 - 12:30"}},{"type":"Feature","geometry":{"type":"Point","coordinates":[10.96468,45.42202]},"properties":{"type":"pakketpunt","locatieNaam":"InPost Point","straatNaam":"Stradone Santa Lucia","straatNr":"75","vervoerder":"InPost","puntType":"servicepunt","bezettingsgraad":50,"latitude":45.42202,"longitude":10.96468,"canPickup":true,"canDropoff":true,"openingstijden":"Lun-Sab: 6:30 - 12:00 - 14:30 - 19:00 Dom: 6:30 - 12:00"}},{"type":"Feature","geometry":{"type":"Point","coordinates":[10.98451,45.43342]},"properties":{"type":"pakketpunt","locatieNaam":"InPost Point","straatNaam":"Piazza Renato Simoni","straatNr":"15","vervoerder":"InPost","puntType":"servicepunt","bezettingsgraad":50,"latitude":45.43342,"longitude":10.98451,"canPickup":true,"canDropoff":true,"openingstijden":"Lun-Ven: 7:30 - 19:30 Sab: 8:00 - 13:00 - 15:30 - 19:30"}},{"type":"Feature","geometry":{"type":"Point","coordinates":[10.98482,45.43446]},"properties":{"type":"pakketpunt","locatieNaam":"InPost Point","straatNaam":"Via Giovanni Della Casa","straatNr":"23","vervoerder":"InPost","puntType":"servicepunt","bezettingsgraad":50,"latitude":45.43446,"longitude":10.98482,"canPickup":true,"canDropoff":true,"openingstijden":"Lun-Sab: 09:00 - 19:00"}},{"type":"Feature","geometry":{"type":"Point","coordinates":[10.9943,45.43748]},"properties":{"type":"pakketpunt","locatieNaam":"InPost Point","straatNaam":"Via Adigetto","straatNr":"9/D","vervoerder":"InPost","puntType":"servicepunt","bezettingsgraad":50,"latitude":45.43748,"longitude":10.9943,"canPickup":true,"canDropoff":true,"openingstijden":"Lun-Sab: 09:00 - 13:00 - 15:30 - 19:00 Dom: 09:00 - 13:00"}},{"type":"Feature","geometry":{"type":"Point","coordinates":[10.97901,45.45942]},"properties":{"type":"pakketpunt","locatieNaam":"InPost Point","straatNaam":"Via Alessandro Poerio","straatNr":"7/B","vervoerder":"InPost","puntType":"servicepunt","bezettingsgraad":50,"latitude":45.45942,"longitude":10.97901,"canPickup":true,"canDropoff":true,"openingstijden":"Lun-Sab: 07:30 - 12:30 - 15:30 - 19:30"}},{"type":"Feature","geometry":{"type":"Point","coordinates":[10.9918,45.4163]},"properties":{"type":"pakketpunt","locatieNaam":"InPost Locker 24/7","straatNaam":"Via Campagnol di Tombetta","straatNr":"6","vervoerder":"InPost","puntType":"automaat","bezettingsgraad":50,"latitude":45.4163,"longitude":10.9918,"canPickup":true,"canDropoff":true,"openingstijden":null}},{"type":"Feature","geometry":{"type":"Point","coordinates":[10.97958,45.41496]},"properties":{"type":"pakketpunt","locatieNaam":"InPost Locker 24/7","straatNaam":"Viale del Lavoro","straatNr":"22","vervoerder":"InPost","puntType":"automaat","bezettingsgraad":50,"latitude":45.41496,"longitude":10.97958,"canPickup":true,"canDropoff":true,"openingstijden":null}},{"type":"Feature","geometry":{"type":"Point","coordinates":[11.0567,45.43055]},"properties":{"type":"pakketpunt","locatieNaam":"InPost Locker 24/7 ","straatNaam":"Via Unita D'Italia","straatNr":"344","vervoerder":"InPost","puntType":"automaat","bezettingsgraad":50,"latitude":45.43055,"longitude":11.0567,"canPickup":true,"canDropoff":true,"openingstijden":null}},{"type":"Feature","geometry":{"type":"Point","coordinates":[10.98404,45.44932]},"properties":{"type":"pakketpunt","locatieNaam":"InPost Locker 24/7","straatNaam":"Via Farinata Degli Uberti","straatNr":"16","vervoerder":"InPost","puntType":"automaat","bezettingsgraad":50,"latitude":45.44932,"longitude":10.98404,"canPickup":true,"canDropoff":true,"openingstijden":null}},{"type":"Feature","geometry":{"type":"Point","coordinates":[10.99395,45.38945]},"properties":{"type":"pakketpunt","locatieNaam":"InPost Locker 24/7","straatNaam":"Via Forte Tomba","straatNr":"30","vervoerder":"InPost","puntType":"automaat","bezettingsgraad":50,"latitude":45.38945,"longitude":10.99395,"canPickup":true,"canDropoff":true,"openingstijden":null}},{"type":"Feature","geometry":{"type":"Point","coordinates":[10.98217,45.42283]},"properties":{"type":"pakketpunt","locatieNaam":"InPost Locker 24/7","straatNaam":"Stradone Santa Lucia","straatNr":"2","vervoerder":"InPost","puntType":"automaat","bezettingsgraad":50,"latitude":45.42283,"longitude":10.98217,"canPickup":true,"canDropoff":true,"openingstijden":null}},{"type":"Feature","geometry":{"type":"Point","coordinates":[10.97101,45.44264]},"properties":{"type":"pakketpunt","locatieNaam":"InPost Locker 24/7","straatNaam":"Via Alessandro Manzoni","straatNr":"11","vervoerder":"InPost","puntType":"automaat","bezettingsgraad":50,"latitude":45.44264,"longitude":10.97101,"canPickup":true,"canDropoff":true,"openingstijden":null}},{"type":"Feature","geometry":{"type":"Point","coordinates":[10.95822,45.44614]},"properties":{"type":"pakketpunt","locatieNaam":"InPost Locker 24/7","straatNaam":"Corso Milano","straatNr":"92","vervoerder":"InPost","puntType":"automaat","bezettingsgraad":50,"latitude":45.44614,"longitude":10.95822,"canPickup":true,"canDropoff":true,"openingstijden":null}},{"type":"Feature","geometry":{"type":"Point","coordinates":[10.98784,45.43696]},"properties":{"type":"pakketpunt","locatieNaam":"InPost Locker","straatNaam":"Via Amatore Sciesa","straatNr":"29A","vervoerder":"InPost","puntType":"automaat","bezettingsgraad":50,"latitude":45.43696,"longitude":10.98784,"canPickup":true,"canDropoff":true,"openingstijden":null}},{"type":"Feature","geometry":{"type":"Point","coordinates":[10.92668,45.45188]},"properties":{"type":"pakketpunt","locatieNaam":"InPost Locker 24/7","straatNaam":"Via Gardesane","straatNr":"51A","vervoerder":"InPost","puntType":"automaat","bezettingsgraad":50,"latitude":45.45188,"longitude":10.92668,"canPickup":true,"canDropoff":true,"openingstijden":null}},{"type":"Feature","geometry":{"type":"Point","coordinates":[11.01242,45.43553]},"properties":{"type":"pakketpunt","locatieNaam":"InPost Locker 24/7","straatNaam":"Via Torbido","straatNr":"15","vervoerder":"InPost","puntType":"automaat","bezettingsgraad":50,"latitude":45.43553,"longitude":11.01242,"canPickup":true,"canDropoff":true,"openingstijden":null}},{"type":"Feature","geometry":{"type":"Point","coordinates":[10.9476,45.4411]},"properties":{"type":"pakketpunt","locatieNaam":"InPost Locker 24/7","straatNaam":"Via Don Giacomo Trevisani","straatNr":"74","vervoerder":"InPost","puntType":"automaat","bezettingsgraad":50,"latitude":45.4411,"longitude":10.9476,"canPickup":true,"canDropoff":true,"openingstijden":null}},{"type":"Feature","geometry":{"type":"Point","coordinates":[10.95888,45.42734]},"properties":{"type":"pakketpunt","locatieNaam":"InPost Locker 24/7","straatNaam":"Via Albere","straatNr":"107A","vervoerder":"InPost","puntType":"automaat","bezettingsgraad":50,"latitude":45.42734,"longitude":10.95888,"canPickup":true,"canDropoff":true,"openingstijden":null}},{"type":"Feature","geometry":{"type":"Point","coordinates":[10.97601,45.40539]},"properties":{"type":"pakketpunt","locatieNaam":"InPost Locker ","straatNaam":"Via Delle Nazioni","straatNr":"1","vervoerder":"InPost","puntType":"automaat","bezettingsgraad":50,"latitude":45.40539,"longitude":10.97601,"canPickup":true,"canDropoff":true,"openingstijden":null}},{"type":"Feature","geometry":{"type":"Point","coordinates":[10.98809,45.40149]},"properties":{"type":"pakketpunt","locatieNaam":"InPost Locker 24/7 ","straatNaam":"Via Pasteur","straatNr":"9","vervoerder":"InPost","puntType":"automaat","bezettingsgraad":50,"latitude":45.40149,"longitude":10.98809,"canPickup":true,"canDropoff":true,"openingstijden":null}},{"type":"Feature","geometry":{"type":"Point","coordinates":[11.01526,45.43822]},"properties":{"type":"pakketpunt","locatieNaam":"InPost Locker 24/7","straatNaam":"Via Torbido","straatNr":"6B","vervoerder":"InPost","puntType":"automaat","bezettingsgraad":50,"latitude":45.43822,"longitude":11.01526,"canPickup":true,"canDropoff":true,"openingstijden":null}},{"type":"Feature","geometry":{"type":"Point","coordinates":[10.93623,45.41059]},"properties":{"type":"pakketpunt","locatieNaam":"","straatNaam":"Via Mantovana","straatNr":"106D","vervoerder":"InPost","puntType":"automaat","bezettingsgraad":50,"latitude":45.41059,"longitude":10.93623,"canPickup":true,"canDropoff":true,"openingstijden":null}},{"type":"Feature","geometry":{"type":"Point","coordinates":[11.03295,45.43638]},"properties":{"type":"pakketpunt","locatieNaam":"InPost Locker 24/7","straatNaam":"Via Unità D'Italia","straatNr":"17","vervoerder":"InPost","puntType":"automaat","bezettingsgraad":50,"latitude":45.43638,"longitude":11.03295,"canPickup":true,"canDropoff":true,"openingstijden":null}},{"type":"Feature","geometry":{"type":"Point","coordinates":[10.99898,45.40983]},"properties":{"type":"pakketpunt","locatieNaam":"InPost Locker 24/7","straatNaam":"Via Legnago","straatNr":"snc","vervoerder":"InPost","puntType":"automaat","bezettingsgraad":50,"latitude":45.40983,"longitude":10.99898,"canPickup":true,"canDropoff":true,"openingstijden":null}},{"type":"Feature","geometry":{"type":"Point","coordinates":[10.99983,45.4077]},"properties":{"type":"pakketpunt","locatieNaam":"InPost Locker 24/7","straatNaam":"Via dei Lamberti","straatNr":"29","vervoerder":"InPost","puntType":"automaat","bezettingsgraad":50,"latitude":45.4077,"longitude":10.99983,"canPickup":true,"canDropoff":true,"openingstijden":null}},{"type":"Feature","geometry":{"type":"Point","coordinates":[10.96663,45.44012]},"properties":{"type":"pakketpunt","locatieNaam":"InPost Locker 24/7","straatNaam":"Via Don Luigi Sturzo","straatNr":"9","vervoerder":"InPost","puntType":"automaat","bezettingsgraad":50,"latitude":45.44012,"longitude":10.96663,"canPickup":true,"canDropoff":true,"openingstijden":null}},{"type":"Feature","geometry":{"type":"Point","coordinates":[10.96822,45.42904]},"properties":{"type":"pakketpunt","locatieNaam":"InPost Locker 24/7","straatNaam":"Via Albere","straatNr":"96/B","vervoerder":"InPost","puntType":"automaat","bezettingsgraad":50,"latitude":45.42904,"longitude":10.96822,"canPickup":true,"canDropoff":true,"openingstijden":"24/7"}},{"type":"Feature","geometry":{"type":"Point","coordinates":[11.01737,45.44055]},"properties":{"type":"pakketpunt","locatieNaam":"InPost Locker","straatNaam":"Via Filippo Rosa Morando","straatNr":"18A","vervoerder":"InPost","puntType":"automaat","bezettingsgraad":50,"latitude":45.44055,"longitude":11.01737,"canPickup":true,"canDropoff":true,"openingstijden":null}},{"type":"Feature","geometry":{"type":"Point","coordinates":[10.99913,45.41407]},"properties":{"type":"pakketpunt","locatieNaam":"InPost Locker 24/7","straatNaam":"Via del Pestrino","straatNr":"2","vervoerder":"InPost","puntType":"automaat","bezettingsgraad":50,"latitude":45.41407,"longitude":10.99913,"canPickup":true,"canDropoff":true,"openingstijden":"24/7"}},{"type":"Feature","geometry":{"type":"Point","coordinates":[10.94047,45.44865]},"properties":{"type":"pakketpunt","locatieNaam":"InPost Locker 24/7","straatNaam":"Via Bionde","straatNr":"8","vervoerder":"InPost","puntType":"automaat","bezettingsgraad":50,"latitude":45.44865,"longitude":10.94047,"canPickup":true,"canDropoff":true,"openingstijden":"24/7"}},{"type":"Feature","geometry":{"type":"Point","coordinates":[10.96389,45.41337]},"properties":{"type":"pakketpunt","locatieNaam":"InPost Locker 24/7","straatNaam":"Via Tevere","straatNr":"17","vervoerder":"InPost","puntType":"automaat","bezettingsgraad":50,"latitude":45.41337,"longitude":10.96389,"canPickup":true,"canDropoff":true,"openingstijden":"24/7"}},{"type":"Feature","geometry":{"type":"Point","coordinates":[11.04355,45.43917]},"properties":{"type":"pakketpunt","locatieNaam":"InPost Locker 24/7","straatNaam":"Via Monti Lessini","straatNr":"175","vervoerder":"InPost","puntType":"automaat","bezettingsgraad":50,"latitude":45.43917,"longitude":11.04355,"canPickup":true,"canDropoff":true,"openingstijden":null}},{"type":"Feature","geometry":{"type":"Point","coordinates":[10.99489,45.35418]},"properties":{"type":"pakketpunt","locatieNaam":"InPost Locker 24/7","straatNaam":"Via Belfiore","straatNr":"219","vervoerder":"InPost","puntType":"automaat","bezettingsgraad":50,"latitude":45.35418,"longitude":10.99489,"canPickup":true,"canDropoff":true,"openingstijden":null}},{"type":"Feature","geometry":{"type":"Point","coordinates":[11.00408,45.40007]},"properties":{"type":"pakketpunt","locatieNaam":"InPost Locker 24/7","straatNaam":"Tangenziale Sud","straatNr":"11","vervoerder":"InPost","puntType":"automaat","bezettingsgraad":50,"latitude":45.40007,"longitude":11.00408,"canPickup":true,"canDropoff":true,"openingstijden":null}},{"type":"Feature","geometry":{"type":"Point","coordinates":[10.96508,45.44439]},"properties":{"type":"pakketpunt","locatieNaam":"InPost Locker 24/7","straatNaam":"C.so Milano","straatNr":"66","vervoerder":"InPost","puntType":"automaat","bezettingsgraad":50,"latitude":45.44439,"longitude":10.96508,"canPickup":true,"canDropoff":true,"openingstijden":null}},{"type":"Feature","geometry":{"type":"Point","coordinates":[10.97617,45.45869]},"properties":{"type":"pakketpunt","locatieNaam":"InPost Locker 24/7","straatNaam":"Via Goffredo Mameli","straatNr":"168","vervoerder":"InPost","puntType":"automaat","bezettingsgraad":50,"latitude":45.45869,"longitude":10.97617,"canPickup":true,"canDropoff":true,"openingstijden":null}},{"type":"Feature","geometry":{"type":"Point","coordinates":[10.93613,45.48094]},"properties":{"type":"pakketpunt","locatieNaam":"InPost Locker 24/7","straatNaam":"Viale del Brennero","straatNr":"","vervoerder":"InPost","puntType":"automaat","bezettingsgraad":50,"latitude":45.48094,"longitude":10.93613,"canPickup":true,"canDropoff":true,"openingstijden":null}},{"type":"Feature","geometry":{"type":"Point","coordinates":[11.00625,45.40347]},"properties":{"type":"pakketpunt","locatieNaam":"InPost Locker 24/7","straatNaam":"Via Legnago","straatNr":"147","vervoerder":"InPost","puntType":"automaat","bezettingsgraad":50,"latitude":45.40347,"longitude":11.00625,"canPickup":true,"canDropoff":true,"openingstijden":null}},{"type":"Feature","geometry":{"type":"Point","coordinates":[11.02356,45.38317]},"properties":{"type":"pakketpunt","locatieNaam":"InPost Locker 24/7","straatNaam":"Strada Rodigina","straatNr":"112","vervoerder":"InPost","puntType":"automaat","bezettingsgraad":50,"latitude":45.38317,"longitude":11.02356,"canPickup":true,"canDropoff":true,"openingstijden":null}},{"type":"Feature","geometry":{"type":"Point","coordinates":[11.02475,45.4376]},"properties":{"type":"pakketpunt","locatieNaam":"InPost Locker 24/7","straatNaam":"C.so Venezia","straatNr":"22","vervoerder":"InPost","puntType":"automaat","bezettingsgraad":50,"latitude":45.4376,"longitude":11.02475,"canPickup":true,"canDropoff":true,"openingstijden":null}},{"type":"Feature","geometry":{"type":"Point","coordinates":[10.9871,45.43015]},"properties":{"type":"pakketpunt","locatieNaam":"InPost Locker 24/7","straatNaam":"Piazzale Porta Nuova","straatNr":"3","vervoerder":"InPost","puntType":"automaat","bezettingsgraad":50,"latitude":45.43015,"longitude":10.9871,"canPickup":true,"canDropoff":true,"openingstijden":null}},{"type":"Feature","geometry":{"type":"Point","coordinates":[11.00754,45.43418]},"properties":{"type":"pakketpunt","locatieNaam":"InPost Locker 24/7","straatNaam":"Via Francesco Torbido","straatNr":"25","vervoerder":"InPost","puntType":"automaat","bezettingsgraad":50,"latitude":45.43418,"longitude":11.00754,"canPickup":true,"canDropoff":true,"openingstijden":null}},{"type":"Feature","geometry":{"type":"Point","coordinates":[10.98909,45.40917]},"properties":{"type":"pakketpunt","locatieNaam":"InPost Locker 24/7","straatNaam":"Via San Giacomo","straatNr":"42","vervoerder":"InPost","puntType":"automaat","bezettingsgraad":50,"latitude":45.40917,"longitude":10.98909,"canPickup":true,"canDropoff":true,"openingstijden":null}},{"type":"Feature","geometry":{"type":"Point","coordinates":[10.97518,45.43602]},"properties":{"type":"pakketpunt","locatieNaam":"il Quadrifoglio","straatNaam":"Via Fra Giocondo","straatNr":"6 B","vervoerder":"InPost","puntType":"automaat","bezettingsgraad":50,"latitude":45.43602,"longitude":10.97518,"canPickup":true,"canDropoff":true,"openingstijden":null}},{"type":"Feature","geometry":{"type":"Point","coordinates":[10.98944,45.44564]},"properties":{"type":"pakketpunt","locatieNaam":"InPost Point","straatNaam":"Via IV Novembre","straatNr":"18","vervoerder":"InPost","puntType":"servicepunt","bezettingsgraad":50,"latitude":45.44564,"longitude":10.98944,"canPickup":true,"canDropoff":true,"openingstijden":"Lun-Ven: 08:15 - 12:30 - 15:30 - 19:30 Sab: 08:30 - 12:30 - 16:00 - 19:30"}},{"type":"Feature","geometry":{"type":"Point","coordinates":[11.00158,45.45541]},"properties":{"type":"pakketpunt","locatieNaam":"InPost Point","straatNaam":"Via Marsala","straatNr":"58/D","vervoerder":"InPost","puntType":"servicepunt","bezettingsgraad":50,"latitude":45.45541,"longitude":11.00158,"canPickup":true,"canDropoff":true,"openingstijden":"Lun-Sab: 06:00 - 13:00 - 17:00 - 19:30 Dom: 06:00 - 13:00"}},{"type":"Feature","geometry":{"type":"Point","coordinates":[10.98577,45.41509]},"properties":{"type":"pakketpunt","locatieNaam":"InPost Point","straatNaam":"Via Scuderlando","straatNr":"98","vervoerder":"InPost","puntType":"servicepunt","bezettingsgraad":50,"latitude":45.41509,"longitude":10.98577,"canPickup":true,"canDropoff":true,"openingstijden":"Lun-Ven: 08:00 - 12:30 - 15:30 - 19:30 Sab: 09:00 - 12:00"}},{"type":"Feature","geometry":{"type":"Point","coordinates":[10.97302,45.44824]},"properties":{"type":"pakketpunt","locatieNaam":"InPost Point","straatNaam":"Via Leone Pancaldo","straatNr":"1c","vervoerder":"InPost","puntType":"servicepunt","bezettingsgraad":50,"latitude":45.44824,"longitude":10.97302,"canPickup":true,"canDropoff":true,"openingstijden":"Lun-Ven: 06:30 - 12:30 - 16:00 - 19:00 Sab-Dom: 08:30 - 12:00"}},{"type":"Feature","geometry":{"type":"Point","coordinates":[11.01537,45.47186]},"properties":{"type":"pakketpunt","locatieNaam":"InPost Point","straatNaam":"Via Poiano","straatNr":"43","vervoerder":"InPost","puntType":"servicepunt","bezettingsgraad":50,"latitude":45.47186,"longitude":11.01537,"canPickup":true,"canDropoff":true,"openingstijden":"Lun-Ven: 06:15 - 18:00 - Sab: 06:15 - 13:00 - Dom: 07:00 - 12:30"}},{"type":"Feature","geometry":{"type":"Point","coordinates":[11.01642,45.44008]},"properties":{"type":"pakketpunt","locatieNaam":"InPost Point","straatNaam":"Corso Venezia","straatNr":"3a","vervoerder":"InPost","puntType":"servicepunt","bezettingsgraad":50,"latitude":45.44008,"longitude":11.01642,"canPickup":true,"canDropoff":true,"openingstijden":"Lun-Ven: 06:00 - 12:30 - 15:00 - 19:00 Sab: 06:00 - 12:30"}},{"type":"Feature","geometry":{"type":"Point","coordinates":[10.98488,45.43802]},"properties":{"type":"pakketpunt","locatieNaam":"InPost Point","straatNaam":"Stradone Porta Palio","straatNr":"42","vervoerder":"InPost","puntType":"servicepunt","bezettingsgraad":50,"latitude":45.43802,"longitude":10.98488,"canPickup":true,"canDropoff":true,"openingstijden":"Lun-Ven: 09:00 - 13:00 - 15:00 - 19:00"}},{"type":"Feature","geometry":{"type":"Point","coordinates":[11.01727,45.44302]},"properties":{"type":"pakketpunt","locatieNaam":"InPost Point","straatNaam":"Via Colonnello Giovanni Fincato","straatNr":"3","vervoerder":"InPost","puntType":"servicepunt","bezettingsgraad":50,"latitude":45.44302,"longitude":11.01727,"canPickup":true,"canDropoff":true,"openingstijden":"Lun: 15:00 - 19:00 Mar-Ven: 09:00 - 13:00 - 15:00 - 19:00 Sab: 09:00 - 13:00"}},{"type":"Feature","geometry":{"type":"Point","coordinates":[11.02197,45.44261]},"properties":{"type":"pakketpunt","locatieNaam":"InPost Point","straatNaam":"Via Girolamo Campagna","straatNr":"6","vervoerder":"InPost","puntType":"servicepunt","bezettingsgraad":50,"latitude":45.44261,"longitude":11.02197,"canPickup":true,"canDropoff":true,"openingstijden":"Lun-Sab: 07:00 - 20:00"}},{"type":"Feature","geometry":{"type":"Point","coordinates":[11.0122,45.4403]},"properties":{"type":"pakketpunt","locatieNaam":"InPost Point","straatNaam":"Via S. Nazaro","straatNr":"63a","vervoerder":"InPost","puntType":"servicepunt","bezettingsgraad":50,"latitude":45.4403,"longitude":11.0122,"canPickup":true,"canDropoff":true,"openingstijden":"Lun-Dom: 09:00 - 20:00"}},{"type":"Feature","geometry":{"type":"Point","coordinates":[10.99427,45.41016]},"properties":{"type":"pakketpunt","locatieNaam":"InPost Point","straatNaam":"Via B. Giuliari","straatNr":"31c","vervoerder":"InPost","puntType":"servicepunt","bezettingsgraad":50,"latitude":45.41016,"longitude":10.99427,"canPickup":true,"canDropoff":true,"openingstijden":"Lun-Sab: 07:00 - 19:30 Dom: 07:00 - 12:30"}},{"type":"Feature","geometry":{"type":"Point","coordinates":[10.96638,45.45262]},"properties":{"type":"pakketpunt","locatieNaam":"InPost Point","straatNaam":"Via Marin Faliero","straatNr":"21","vervoerder":"InPost","puntType":"servicepunt","bezettingsgraad":50,"latitude":45.45262,"longitude":10.96638,"canPickup":true,"canDropoff":true,"openingstijden":"Lun-Sab: 07:00 - 12:45 - 15:30 - 19:30 Dom: 07:00 - 12:00"}},{"type":"Feature","geometry":{"type":"Point","coordinates":[11.04328,45.43368]},"properties":{"type":"pakketpunt","locatieNaam":"InPost Point","straatNaam":"Via Unità d'Italia","straatNr":"130","vervoerder":"InPost","puntType":"servicepunt","bezettingsgraad":50,"latitude":45.43368,"longitude":11.04328,"canPickup":true,"canDropoff":true,"openingstijden":"Lun-Ven: 09:00 - 13:00 - 15:00 - 19:30 Sab: 09:00 - 13:30"}},{"type":"Feature","geometry":{"type":"Point","coordinates":[11.00752,45.43951]},"properties":{"type":"pakketpunt","locatieNaam":"InPost Point","straatNaam":"Via XX Settembre, 44, Verona, VR, Italia","straatNr":"44","vervoerder":"InPost","puntType":"servicepunt","bezettingsgraad":50,"latitude":45.43951,"longitude":11.00752,"canPickup":true,"canDropoff":true,"openingstijden":"Lun-Ven 06:30-20:00; Sab 06:30-14:00"}},{"type":"Feature","geometry":{"type":"Point","coordinates":[11.01951,45.4509]},"properties":{"type":"pakketpunt","locatieNaam":"InPost Point","straatNaam":"Via Colonnello Giovanni Fincato, 53b, Verona, VR, Italy","straatNr":"53/B","vervoerder":"InPost","puntType":"servicepunt","bezettingsgraad":50,"latitude":45.4509,"longitude":11.01951,"canPickup":true,"canDropoff":true,"openingstijden":"Lun-Sab 09:30-12:30, 15:30-19:30"}},{"type":"Feature","geometry":{"type":"Point","coordinates":[11.02341,45.44998]},"properties":{"type":"pakketpunt","locatieNaam":"InPost Point","straatNaam":"Via Giuseppe Verdi, 7a, Verona, VR, Italy","straatNr":"7/a","vervoerder":"InPost","puntType":"servicepunt","bezettingsgraad":50,"latitude":45.44998,"longitude":11.02341,"canPickup":true,"canDropoff":true,"openingstijden":"Lun-Sab 06:00-20:00; Dom 06:00-12:30"}},{"type":"Feature","geometry":{"type":"Point","coordinates":[11.05129,45.43181]},"properties":{"type":"pakketpunt","locatieNaam":"InPost Point","straatNaam":"Via Unità d'Italia, 272/A, Verona, VR, Italia","straatNr":"272/A","vervoerder":"InPost","puntType":"servicepunt","bezettingsgraad":50,"latitude":45.43181,"longitude":11.05129,"canPickup":true,"canDropoff":true,"openingstijden":"Lun-Sab 07:30-13:30, 15:30-19:30; Dom 08:00-12:00"}},{"type":"Feature","geometry":{"type":"Point","coordinates":[10.97645,45.42064]},"properties":{"type":"pakketpunt","locatieNaam":"InPost Point","straatNaam":"Via Roveggia, 20, Verona, VR, Italia","straatNr":"20","vervoerder":"InPost","puntType":"servicepunt","bezettingsgraad":50,"latitude":45.42064,"longitude":10.97645,"canPickup":true,"canDropoff":true,"openingstijden":"Lun–Sab 09:30-20:00"}},{"type":"Feature","geometry":{"type":"Point","coordinates":[10.98393726,45.38779068]},"properties":{"type":"pakketpunt","locatieNaam":"GLS Locker VR001A presso sede GLS di Verona - Strada delle Trincee","straatNaam":"Strada Delle Trincee","straatNr":"10","vervoerder":"GLS","puntType":"locker","bezettingsgraad":50,"latitude":45.38779068,"longitude":10.98393726,"canPickup":true,"canDropoff":false,"openingstijden":"za: 08:30 - 12:00; ma: 07:30 - 20:00"}},{"type":"Feature","geometry":{"type":"Point","coordinates":[10.97609711,45.40522766]},"properties":{"type":"pakketpunt","locatieNaam":"GLS Locker VR003A presso CC Adigeo (parcheggio interrato, ingresso Giulietta)","straatNaam":"Via Delle Nazioni","straatNr":"1","vervoerder":"GLS","puntType":"locker","bezettingsgraad":50,"latitude":45.40522766,"longitude":10.97609711,"canPickup":true,"canDropoff":false,"openingstijden":"za: 09:00 - 21:00; zo: 09:00 - 21:00"}},{"type":"Feature","geometry":{"type":"Point","coordinates":[10.9998307,45.4077017]},"properties":{"type":"pakketpunt","locatieNaam":"TABACCHERIA VAIENTE PAOLO","straatNaam":"Via Dei Lamberti","straatNr":"29","vervoerder":"GLS","puntType":"parcel_shop","bezettingsgraad":50,"latitude":45.4077017,"longitude":10.9998307,"canPickup":true,"canDropoff":true,"openingstijden":"za: 08:00 - 12:30, 15:30 - 19:00; ma: 08:00 - 12:30, 15:30 - 19:00"}},{"type":"Feature","geometry":{"type":"Point","coordinates":[10.9867029,45.4091304]},"properties":{"type":"pakketpunt","locatieNaam":"TABACCHERIA 252 - RICEVITORIA LOTTO 61","straatNaam":"Via Centro","straatNr":"153","vervoerder":"GLS","puntType":"parcel_shop","bezettingsgraad":50,"latitude":45.4091304,"longitude":10.9867029,"canPickup":true,"canDropoff":true,"openingstijden":"za: 08:00 - 13:00, 15:00 - 19:30; ma: 08:00 - 13:00, 15:00 - 19:30"}},{"type":"Feature","geometry":{"type":"Point","coordinates":[10.9989298,45.4097891]},"properties":{"type":"pakketpunt","locatieNaam":"Bar Lavaggio","straatNaam":"Via Legnago","straatNr":"124","vervoerder":"GLS","puntType":"parcel_shop","bezettingsgraad":50,"latitude":45.4097891,"longitude":10.9989298,"canPickup":true,"canDropoff":true,"openingstijden":"za: 08:30 - 15:00; ma: 08:00 - 18:00"}},{"type":"Feature","geometry":{"type":"Point","coordinates":[10.9943186,45.4101521]},"properties":{"type":"pakketpunt","locatieNaam":"Bar Giuliari","straatNaam":"Via Bartolomeo Giuliari","straatNr":"31 C","vervoerder":"GLS","puntType":"parcel_shop","bezettingsgraad":50,"latitude":45.4101521,"longitude":10.9943186,"canPickup":true,"canDropoff":true,"openingstijden":"za: 06:30 - 19:30; zo: 07:00 - 12:00"}},{"type":"Feature","geometry":{"type":"Point","coordinates":[10.9877015,45.4135171]},"properties":{"type":"pakketpunt","locatieNaam":"L.& C. COMPUTER","straatNaam":"Via Fiume","straatNr":"10","vervoerder":"GLS","puntType":"parcel_shop","bezettingsgraad":50,"latitude":45.4135171,"longitude":10.9877015,"canPickup":true,"canDropoff":true,"openingstijden":"za: 09:30 - 12:30; ma: 15:30 - 19:30"}},{"type":"Feature","geometry":{"type":"Point","coordinates":[10.985745,45.414903]},"properties":{"type":"pakketpunt","locatieNaam":"Tabaccheria","straatNaam":"Via Scuderlando","straatNr":"98","vervoerder":"GLS","puntType":"parcel_shop","bezettingsgraad":50,"latitude":45.414903,"longitude":10.985745,"canPickup":true,"canDropoff":true,"openingstijden":"za: 07:00 - 12:30, 15:00 - 19:00; ma: 07:00 - 12:30, 15:00 - 19:00"}},{"type":"Feature","geometry":{"type":"Point","coordinates":[10.9640863,45.4187927]},"properties":{"type":"pakketpunt","locatieNaam":"MARTIN SCHOOL & OFFICE STORE DI PAOLA OLIVIERI","straatNaam":"Via Arno","straatNr":"1","vervoerder":"GLS","puntType":"parcel_shop","bezettingsgraad":50,"latitude":45.4187927,"longitude":10.9640863,"canPickup":true,"canDropoff":true,"openingstijden":"za: 09:00 - 12:30; ma: 09:00 - 12:30, 16:00 - 19:00"}},{"type":"Feature","geometry":{"type":"Point","coordinates":[10.9543672,45.4210956]},"properties":{"type":"pakketpunt","locatieNaam":"DCMONEY TRANSFER","straatNaam":"Via Mantovana","straatNr":"89/D","vervoerder":"GLS","puntType":"parcel_shop","bezettingsgraad":50,"latitude":45.4210956,"longitude":10.9543672,"canPickup":true,"canDropoff":true,"openingstijden":"za: 09:30 - 13:00, 15:30 - 18:00; ma: 09:30 - 13:00, 15:30 - 19:30"}},{"type":"Feature","geometry":{"type":"Point","coordinates":[10.9645994,45.4217828]},"properties":{"type":"pakketpunt","locatieNaam":"L'OASI DEL TABACCO","straatNaam":"Stradone Santa Lucia","straatNr":"75","vervoerder":"GLS","puntType":"parcel_shop","bezettingsgraad":50,"latitude":45.4217828,"longitude":10.9645994,"canPickup":true,"canDropoff":true,"openingstijden":"za: 06:30 - 12:30, 14:30 - 19:00; zo: 06:30 - 12:00"}},{"type":"Feature","geometry":{"type":"Point","coordinates":[10.99276,45.42595]},"properties":{"type":"pakketpunt","locatieNaam":"TABACCHERIA","straatNaam":"Via Basso Acquar","straatNr":"33","vervoerder":"GLS","puntType":"parcel_shop","bezettingsgraad":50,"latitude":45.42595,"longitude":10.99276,"canPickup":true,"canDropoff":true,"openingstijden":"za: 06:00 - 12:30; ma: 06:00 - 12:30, 15:30 - 19:30"}},{"type":"Feature","geometry":{"type":"Point","coordinates":[10.9561459,45.4262645]},"properties":{"type":"pakketpunt","locatieNaam":"Pratica Express","straatNaam":"Via Albere","straatNr":"132","vervoerder":"GLS","puntType":"parcel_shop","bezettingsgraad":50,"latitude":45.4262645,"longitude":10.9561459,"canPickup":true,"canDropoff":true,"openingstijden":"ma: 08:30 - 12:30, 14:00 - 18:30; di: 08:30 - 12:30, 14:00 - 18:30"}},{"type":"Feature","geometry":{"type":"Point","coordinates":[11.0601361,45.4296599]},"properties":{"type":"pakketpunt","locatieNaam":"La Capsuleria","straatNaam":"Via Unita'  D'Italia","straatNr":"366","vervoerder":"GLS","puntType":"parcel_shop","bezettingsgraad":50,"latitude":45.4296599,"longitude":11.0601361,"canPickup":true,"canDropoff":true,"openingstijden":"za: 09:30 - 12:30, 15:00 - 19:00; ma: 09:00 - 13:00, 15:00 - 19:00"}},{"type":"Feature","geometry":{"type":"Point","coordinates":[10.9684535,45.4325225]},"properties":{"type":"pakketpunt","locatieNaam":"MONDO ALIMENTARI SAS","straatNaam":"Via Arnolfo Di Cambio","straatNr":"36","vervoerder":"GLS","puntType":"parcel_shop","bezettingsgraad":50,"latitude":45.4325225,"longitude":10.9684535,"canPickup":true,"canDropoff":true,"openingstijden":"za: 10:00 - 19:30; ma: 10:00 - 19:30"}},{"type":"Feature","geometry":{"type":"Point","coordinates":[11.0432578,45.4335884]},"properties":{"type":"pakketpunt","locatieNaam":"MD Travel Agency & Money Transfer","straatNaam":"Via Unita' D'Italia","straatNr":"130","vervoerder":"GLS","puntType":"parcel_shop","bezettingsgraad":50,"latitude":45.4335884,"longitude":11.0432578,"canPickup":true,"canDropoff":true,"openingstijden":"za: 09:00 - 13:30, 15:00 - 20:00; ma: 09:00 - 13:30, 15:00 - 20:00"}},{"type":"Feature","geometry":{"type":"Point","coordinates":[10.9849093,45.4342078]},"properties":{"type":"pakketpunt","locatieNaam":"TECH SERVICE CENTER","straatNaam":"Via Giovanni Della Casa","straatNr":"23","vervoerder":"GLS","puntType":"parcel_shop","bezettingsgraad":50,"latitude":45.4342078,"longitude":10.9849093,"canPickup":true,"canDropoff":true,"openingstijden":"za: 09:00 - 18:30; ma: 09:00 - 19:00"}},{"type":"Feature","geometry":{"type":"Point","coordinates":[10.9852679,45.4342451]},"properties":{"type":"pakketpunt","locatieNaam":"Service Scaligero","straatNaam":"Via Berni","straatNr":"11","vervoerder":"GLS","puntType":"parcel_shop","bezettingsgraad":50,"latitude":45.4342451,"longitude":10.9852679,"canPickup":true,"canDropoff":true,"openingstijden":"ma: 09:30 - 13:00, 14:00 - 17:00; di: 09:30 - 13:00, 14:00 - 17:00"}},{"type":"Feature","geometry":{"type":"Point","coordinates":[10.9706543,45.4346394]},"properties":{"type":"pakketpunt","locatieNaam":"Edicola Stadio","straatNaam":"Piazzale Olimpia","straatNr":"1/A","vervoerder":"GLS","puntType":"parcel_shop","bezettingsgraad":50,"latitude":45.4346394,"longitude":10.9706543,"canPickup":true,"canDropoff":true,"openingstijden":"za: 06:00 - 13:00; zo: 06:00 - 13:00"}},{"type":"Feature","geometry":{"type":"Point","coordinates":[10.9878004,45.4368805]},"properties":{"type":"pakketpunt","locatieNaam":"Intralot","straatNaam":"Via Amatore Sciesa","straatNr":"29/A","vervoerder":"GLS","puntType":"parcel_shop","bezettingsgraad":50,"latitude":45.4368805,"longitude":10.9878004,"canPickup":true,"canDropoff":true,"openingstijden":"za: 11:00 - 19:00; ma: 13:00 - 19:00"}},{"type":"Feature","geometry":{"type":"Point","coordinates":[11.0093016,45.4388909]},"properties":{"type":"pakketpunt","locatieNaam":"Oro nero cafe","straatNaam":"Via Cantarane","straatNr":"6a","vervoerder":"GLS","puntType":"parcel_shop","bezettingsgraad":50,"latitude":45.4388909,"longitude":11.0093016,"canPickup":true,"canDropoff":true,"openingstijden":"za: 00:00 - 02:00, 07:00 - 23:59; zo: 00:00 - 02:00, 08:00 - 12:00"}},{"type":"Feature","geometry":{"type":"Point","coordinates":[10.98682,45.439019]},"properties":{"type":"pakketpunt","locatieNaam":"lovepet","straatNaam":"Stradone Porta Palio","straatNr":"2B","vervoerder":"GLS","puntType":"parcel_shop","bezettingsgraad":50,"latitude":45.439019,"longitude":10.98682,"canPickup":true,"canDropoff":true,"openingstijden":"za: 09:30 - 12:30, 15:30 - 19:00; ma: 09:30 - 12:30, 15:30 - 19:30"}},{"type":"Feature","geometry":{"type":"Point","coordinates":[11.0075203,45.4395123]},"properties":{"type":"pakketpunt","locatieNaam":"Bar zia elena","straatNaam":"Via Xx Settembre","straatNr":"44","vervoerder":"GLS","puntType":"parcel_shop","bezettingsgraad":50,"latitude":45.4395123,"longitude":11.0075203,"canPickup":true,"canDropoff":true,"openingstijden":"ma: 06:30 - 20:00; di: 06:30 - 20:00"}},{"type":"Feature","geometry":{"type":"Point","coordinates":[11.016432,45.4398658]},"properties":{"type":"pakketpunt","locatieNaam":"L'Arena","straatNaam":"Corso Venezia","straatNr":"3A","vervoerder":"GLS","puntType":"parcel_shop","bezettingsgraad":50,"latitude":45.4398658,"longitude":11.016432,"canPickup":true,"canDropoff":true,"openingstijden":"za: 06:00 - 12:30; ma: 06:00 - 12:30, 15:00 - 19:00"}},{"type":"Feature","geometry":{"type":"Point","coordinates":[10.9998654,45.4400098]},"properties":{"type":"pakketpunt","locatieNaam":"Leoni Store","straatNaam":"Via Leoni","straatNr":"6c","vervoerder":"GLS","puntType":"parcel_shop","bezettingsgraad":50,"latitude":45.4400098,"longitude":10.9998654,"canPickup":true,"canDropoff":true,"openingstijden":"za: 10:00 - 13:30, 15:00 - 19:30; ma: 15:00 - 19:30"}},{"type":"Feature","geometry":{"type":"Point","coordinates":[11.0145641,45.4402108]},"properties":{"type":"pakketpunt","locatieNaam":"FAST X EXCHANGE DI DIAS MAHATHELGE","straatNaam":"Salita San Sepolcro","straatNr":"5","vervoerder":"GLS","puntType":"parcel_shop","bezettingsgraad":50,"latitude":45.4402108,"longitude":11.0145641,"canPickup":true,"canDropoff":true,"openingstijden":"za: 09:00 - 13:00, 15:00 - 18:00; zo: 09:00 - 13:00"}},{"type":"Feature","geometry":{"type":"Point","coordinates":[11.0112773,45.4403983]},"properties":{"type":"pakketpunt","locatieNaam":"UNYFAST","straatNaam":"Via San Nazaro","straatNr":"43","vervoerder":"GLS","puntType":"parcel_shop","bezettingsgraad":50,"latitude":45.4403983,"longitude":11.0112773,"canPickup":true,"canDropoff":true,"openingstijden":"za: 10:00 - 17:00; ma: 09:30 - 13:30, 14:30 - 18:30"}},{"type":"Feature","geometry":{"type":"Point","coordinates":[11.0173739,45.4405482]},"properties":{"type":"pakketpunt","locatieNaam":"POSTAEXPRESS","straatNaam":"Via Rosa Morando","straatNr":"18/A","vervoerder":"GLS","puntType":"parcel_shop","bezettingsgraad":50,"latitude":45.4405482,"longitude":11.0173739,"canPickup":true,"canDropoff":true,"openingstijden":"za: 09:00 - 14:00; ma: 09:00 - 19:00"}},{"type":"Feature","geometry":{"type":"Point","coordinates":[10.9410394,45.4412179]},"properties":{"type":"pakketpunt","locatieNaam":"Silvana Gordi","straatNaam":"Via Urbano Iii","straatNr":"20","vervoerder":"GLS","puntType":"parcel_shop","bezettingsgraad":50,"latitude":45.4412179,"longitude":10.9410394,"canPickup":true,"canDropoff":true,"openingstijden":"za: 07:30 - 12:30, 16:00 - 19:00; ma: 07:30 - 12:30, 15:30 - 19:30"}},{"type":"Feature","geometry":{"type":"Point","coordinates":[11.0237064,45.4413975]},"properties":{"type":"pakketpunt","locatieNaam":"Computer lab","straatNaam":"Via Paolo Caliari","straatNr":"2 b","vervoerder":"GLS","puntType":"parcel_shop","bezettingsgraad":50,"latitude":45.4413975,"longitude":11.0237064,"canPickup":true,"canDropoff":true,"openingstijden":"ma: 09:30 - 12:00, 16:00 - 19:30; di: 09:30 - 12:00, 16:00 - 19:30"}},{"type":"Feature","geometry":{"type":"Point","coordinates":[10.9988524,45.4414066]},"properties":{"type":"pakketpunt","locatieNaam":"Libreria Il Minotauro","straatNaam":"Via Cappello","straatNr":"35c","vervoerder":"GLS","puntType":"parcel_shop","bezettingsgraad":50,"latitude":45.4414066,"longitude":10.9988524,"canPickup":true,"canDropoff":true,"openingstijden":"za: 10:00 - 21:00; zo: 10:00 - 21:00"}},{"type":"Feature","geometry":{"type":"Point","coordinates":[11.0219998,45.442486]},"properties":{"type":"pakketpunt","locatieNaam":"Bar Hellas","straatNaam":"Via Gerolamo Campagna","straatNr":"6","vervoerder":"GLS","puntType":"parcel_shop","bezettingsgraad":50,"latitude":45.442486,"longitude":11.0219998,"canPickup":true,"canDropoff":true,"openingstijden":"za: 07:00 - 20:00; ma: 07:00 - 20:00"}},{"type":"Feature","geometry":{"type":"Point","coordinates":[10.9665947,45.4428557]},"properties":{"type":"pakketpunt","locatieNaam":"Acasa di Bostan Ioan ovidiu","straatNaam":"Via Guglielmo Bravo","straatNr":"4 C","vervoerder":"GLS","puntType":"parcel_shop","bezettingsgraad":50,"latitude":45.4428557,"longitude":10.9665947,"canPickup":true,"canDropoff":true,"openingstijden":"za: 09:00 - 20:00; ma: 09:00 - 20:00"}},{"type":"Feature","geometry":{"type":"Point","coordinates":[10.9722164,45.4430854]},"properties":{"type":"pakketpunt","locatieNaam":"Riparo Point","straatNaam":"Corso Milano","straatNr":"17","vervoerder":"GLS","puntType":"parcel_shop","bezettingsgraad":50,"latitude":45.4430854,"longitude":10.9722164,"canPickup":true,"canDropoff":true,"openingstijden":"za: 09:00 - 12:30, 15:30 - 19:30; ma: 09:00 - 12:30, 15:30 - 19:30"}},{"type":"Feature","geometry":{"type":"Point","coordinates":[10.989677,45.4458633]},"properties":{"type":"pakketpunt","locatieNaam":"Riparo per te","straatNaam":"Via Giuseppe Cesare Abba","straatNr":"13c","vervoerder":"GLS","puntType":"parcel_shop","bezettingsgraad":50,"latitude":45.4458633,"longitude":10.989677,"canPickup":true,"canDropoff":true,"openingstijden":"za: 09:00 - 13:00; ma: 08:30 - 13:00, 15:00 - 19:30"}},{"type":"Feature","geometry":{"type":"Point","coordinates":[10.985765,45.446346]},"properties":{"type":"pakketpunt","locatieNaam":"Caffe' del Borgo","straatNaam":"Via Aspromonte","straatNr":"2","vervoerder":"GLS","puntType":"parcel_shop","bezettingsgraad":50,"latitude":45.446346,"longitude":10.985765,"canPickup":true,"canDropoff":true,"openingstijden":"za: 07:00 - 12:30; ma: 07:00 - 20:30"}},{"type":"Feature","geometry":{"type":"Point","coordinates":[10.9602615,45.4464831]},"properties":{"type":"pakketpunt","locatieNaam":"LIBRERIA VALERIO FRIGGI SRL","straatNaam":"Via Catania","straatNr":"5/A","vervoerder":"GLS","puntType":"parcel_shop","bezettingsgraad":50,"latitude":45.4464831,"longitude":10.9602615,"canPickup":true,"canDropoff":true,"openingstijden":"ma: 09:00 - 13:00, 15:00 - 19:00; di: 09:00 - 13:00, 15:00 - 19:00"}},{"type":"Feature","geometry":{"type":"Point","coordinates":[11.0195267,45.4504706]},"properties":{"type":"pakketpunt","locatieNaam":"Smokie - La Piazzetta","straatNaam":"Via Fincato","straatNr":"53 B","vervoerder":"GLS","puntType":"parcel_shop","bezettingsgraad":50,"latitude":45.4504706,"longitude":11.0195267,"canPickup":true,"canDropoff":true,"openingstijden":"za: 09:30 - 12:30, 15:30 - 19:30; ma: 09:30 - 12:30, 15:30 - 19:30"}},{"type":"Feature","geometry":{"type":"Point","coordinates":[11.001151,45.451013]},"properties":{"type":"pakketpunt","locatieNaam":"Tabaccheria Edicola","straatNaam":"Via Marsala","straatNr":"2/C","vervoerder":"GLS","puntType":"parcel_shop","bezettingsgraad":50,"latitude":45.451013,"longitude":11.001151,"canPickup":true,"canDropoff":true,"openingstijden":"za: 08:00 - 13:00; ma: 07:30 - 13:00, 16:00 - 19:30"}},{"type":"Feature","geometry":{"type":"Point","coordinates":[10.9666867,45.4516929]},"properties":{"type":"pakketpunt","locatieNaam":"Menta E Rosmarino","straatNaam":"Via Marin Faliero","straatNr":"15","vervoerder":"GLS","puntType":"parcel_shop","bezettingsgraad":50,"latitude":45.4516929,"longitude":10.9666867,"canPickup":true,"canDropoff":true,"openingstijden":"za: 07:30 - 14:00; ma: 07:30 - 15:00"}},{"type":"Feature","geometry":{"type":"Point","coordinates":[10.9659719,45.4523263]},"properties":{"type":"pakketpunt","locatieNaam":"Pet4You","straatNaam":"Via Marin Faliero","straatNr":"69","vervoerder":"GLS","puntType":"parcel_shop","bezettingsgraad":50,"latitude":45.4523263,"longitude":10.9659719,"canPickup":true,"canDropoff":true,"openingstijden":"za: 09:30 - 13:00, 14:30 - 19:00; di: 09:30 - 13:00, 14:30 - 19:00"}},{"type":"Feature","geometry":{"type":"Point","coordinates":[10.9457042,45.4566449]},"properties":{"type":"pakketpunt","locatieNaam":"Tito’s bar","straatNaam":"Via Puglie","straatNr":"71a","vervoerder":"GLS","puntType":"parcel_shop","bezettingsgraad":50,"latitude":45.4566449,"longitude":10.9457042,"canPickup":true,"canDropoff":true,"openingstijden":"za: 08:00 - 14:00, 16:00 - 20:00; zo: 08:00 - 14:00, 16:00 - 20:00"}},{"type":"Feature","geometry":{"type":"Point","coordinates":[10.9791266,45.4586741]},"properties":{"type":"pakketpunt","locatieNaam":"TABACCHERIA","straatNaam":"Via Poerio","straatNr":"7/B","vervoerder":"GLS","puntType":"parcel_shop","bezettingsgraad":50,"latitude":45.4586741,"longitude":10.9791266,"canPickup":true,"canDropoff":true,"openingstijden":"za: 08:00 - 12:30, 15:30 - 19:30; ma: 07:30 - 12:30, 15:30 - 19:30"}},{"type":"Feature","geometry":{"type":"Point","coordinates":[10.9735953,45.459427]},"properties":{"type":"pakketpunt","locatieNaam":"Immobiliare Bazzoni","straatNaam":"Largo Ca Di Cozzi","straatNr":"34","vervoerder":"GLS","puntType":"parcel_shop","bezettingsgraad":50,"latitude":45.459427,"longitude":10.9735953,"canPickup":true,"canDropoff":true,"openingstijden":"ma: 09:00 - 12:30, 14:00 - 19:00; di: 09:00 - 12:30, 14:00 - 19:00"}},{"type":"Feature","geometry":{"type":"Point","coordinates":[10.9730647,45.4596543]},"properties":{"type":"pakketpunt","locatieNaam":"foto ottica nodari","straatNaam":"Via Ca' Di Cozzi","straatNr":"1","vervoerder":"GLS","puntType":"parcel_shop","bezettingsgraad":50,"latitude":45.4596543,"longitude":10.9730647,"canPickup":true,"canDropoff":true,"openingstijden":"za: 08:30 - 12:30; ma: 08:30 - 12:30"}},{"type":"Feature","geometry":{"type":"Point","coordinates":[11.06265,45.457197]},"properties":{"type":"pakketpunt","locatieNaam":"SERVIZI TELEMATICI VERONA","straatNaam":"Piazzale Buccari","straatNr":"18","vervoerder":"GLS","puntType":"parcel_shop","bezettingsgraad":50,"latitude":45.457197,"longitude":11.06265,"canPickup":true,"canDropoff":true,"openingstijden":"za: 08:00 - 12:30; ma: 08:00 - 12:30, 16:00 - 19:30"}},{"type":"Feature","geometry":{"type":"Point","coordinates":[10.989261,45.4712325]},"properties":{"type":"pakketpunt","locatieNaam":"Bar caffetteria la svolta cafe'","straatNaam":"Via Podgora","straatNr":"5","vervoerder":"GLS","puntType":"parcel_shop","bezettingsgraad":50,"latitude":45.4712325,"longitude":10.989261,"canPickup":true,"canDropoff":true,"openingstijden":"za: 08:30 - 14:00; zo: 08:30 - 14:00"}},{"type":"Feature","geometry":{"type":"Point","coordinates":[11.0153675,45.4716808]},"properties":{"type":"pakketpunt","locatieNaam":"Edicola alimentari","straatNaam":"Via Poiano","straatNr":"43","vervoerder":"GLS","puntType":"parcel_shop","bezettingsgraad":50,"latitude":45.4716808,"longitude":11.0153675,"canPickup":true,"canDropoff":true,"openingstijden":"za: 06:00 - 13:00; zo: 07:00 - 12:30"}},{"type":"Feature","geometry":{"type":"Point","coordinates":[10.9420454,45.4797619]},"properties":{"type":"pakketpunt","locatieNaam":"Settimo Suono","straatNaam":"Via Dei Reti","straatNr":"18","vervoerder":"GLS","puntType":"parcel_shop","bezettingsgraad":50,"latitude":45.4797619,"longitude":10.9420454,"canPickup":true,"canDropoff":true,"openingstijden":"za: 09:30 - 12:30; ma: 09:30 - 12:30, 15:30 - 19:30"}},{"type":"Feature","geometry":{"type":"Point","coordinates":[10.996977,45.380009]},"properties":{"type":"pakketpunt","locatieNaam":"Ufficio Postale CA' DI DAVID","straatNaam":"VIA DEL TRICOLORE 11-A","straatNr":"","vervoerder":"DHL","puntType":"postOffice","bezettingsgraad":50,"latitude":45.380009,"longitude":10.996977,"canPickup":true,"canDropoff":true,"openingstijden":{"ma":"08:20 - 13:35","di":"08:20 - 13:35","wo":"08:20 - 13:35","do":"08:20 - 13:35","vr":"08:20 - 13:35","za":"08:20 - 12:35","zo":"gesloten"}}},{"type":"Feature","geometry":{"type":"Point","coordinates":[10.995132,45.383561]},"properties":{"type":"pakketpunt","locatieNaam":"TABACCHERIA FILIPPI SIMONE LUIGI -","straatNaam":"Belfiore 55  Loc. Ca Di David","straatNr":"","vervoerder":"DHL","puntType":"parcelShop","bezettingsgraad":50,"latitude":45.383561,"longitude":10.995132,"canPickup":false,"canDropoff":true,"openingstijden":{"ma":"07:00 - 19:30","di":"07:00 - 19:30","wo":"07:00 - 19:30","do":"07:00 - 19:30","vr":"07:00 - 19:30","za":"gesloten","zo":"gesloten"}}},{"type":"Feature","geometry":{"type":"Point","coordinates":[10.95173,45.400205]},"properties":{"type":"pakketpunt","locatieNaam":"SDA Verona","straatNaam":"STRADA DELL ALPO 54-A","straatNr":"","vervoerder":"DHL","puntType":"parcelShop","bezettingsgraad":50,"latitude":45.400205,"longitude":10.95173,"canPickup":false,"canDropoff":true,"openingstijden":{"ma":"08:30 - 18:00","di":"08:30 - 18:00","wo":"08:30 - 18:00","do":"08:30 - 18:00","vr":"08:30 - 18:00","za":"09:00 - 12:00","zo":"gesloten"}}},{"type":"Feature","geometry":{"type":"Point","coordinates":[11.013604,45.40415]},"properties":{"type":"pakketpunt","locatieNaam":"Ufficio Postale VERONA 18","straatNaam":"VIA PALAZZINA 77","straatNr":"","vervoerder":"DHL","puntType":"postOffice","bezettingsgraad":50,"latitude":45.40415,"longitude":11.013604,"canPickup":true,"canDropoff":true,"openingstijden":{"ma":"08:20 - 13:45","di":"08:20 - 13:45","wo":"08:20 - 13:45","do":"08:20 - 13:45","vr":"08:20 - 13:45","za":"08:20 - 12:45","zo":"gesloten"}}},{"type":"Feature","geometry":{"type":"Point","coordinates":[10.940814,45.441844]},"properties":{"type":"pakketpunt","locatieNaam":"Ufficio Postale VERONA 20","straatNaam":"VIA URBANO III 44","straatNr":"","vervoerder":"DHL","puntType":"postOffice","bezettingsgraad":50,"latitude":45.441844,"longitude":10.940814,"canPickup":true,"canDropoff":true,"openingstijden":{"ma":"08:20 - 19:05","di":"08:20 - 19:05","wo":"08:20 - 19:05","do":"08:20 - 19:05","vr":"08:20 - 19:05","za":"08:20 - 12:35","zo":"gesloten"}}},{"type":"Feature","geometry":{"type":"Point","coordinates":[10.945693,45.439049]},"properties":{"type":"pakketpunt","locatieNaam":"TABACCHERIA N. 103","straatNaam":"VIA BENIAMINO ROMAGNOLI 14","straatNr":"","vervoerder":"DHL","puntType":"parcelShop","bezettingsgraad":50,"latitude":45.439049,"longitude":10.945693,"canPickup":true,"canDropoff":true,"openingstijden":{"ma":"07:30 - 12:30, 16:00 - 19:30","di":"07:30 - 12:30, 16:00 - 19:30","wo":"07:30 - 12:30, 16:00 - 19:30","do":"07:30 - 12:30, 16:00 - 19:30","vr":"07:30 - 12:30, 16:00 - 19:30","za":"07:30 - 12:30, 16:00 - 19:30","zo":"gesloten"}}},{"type":"Feature","geometry":{"type":"Point","coordinates":[10.952284,45.445488]},"properties":{"type":"pakketpunt","locatieNaam":"TABACCHERIA N. 110","straatNaam":"VIA GRACCO SPAZIANI 12","straatNr":"","vervoerder":"DHL","puntType":"parcelShop","bezettingsgraad":50,"latitude":45.445488,"longitude":10.952284,"canPickup":true,"canDropoff":true,"openingstijden":{"ma":"08:30 - 20:30","di":"08:30 - 20:30","wo":"08:30 - 20:30","do":"08:30 - 20:30","vr":"08:30 - 20:30","za":"08:30 - 20:30","zo":"09:00 - 13:00"}}},{"type":"Feature","geometry":{"type":"Point","coordinates":[10.9564,45.426486]},"properties":{"type":"pakketpunt","locatieNaam":"PRATICA EXPRESS","straatNaam":"Via Albere 132","straatNr":"","vervoerder":"DHL","puntType":"parcelShop","bezettingsgraad":50,"latitude":45.426486,"longitude":10.9564,"canPickup":false,"canDropoff":true,"openingstijden":{"ma":"08:30 - 18:30","di":"08:30 - 18:30","wo":"08:30 - 18:30","do":"08:30 - 18:30","vr":"08:30 - 18:30","za":"gesloten","zo":"gesloten"}}},{"type":"Feature","geometry":{"type":"Point","coordinates":[10.931163,45.417378]},"properties":{"type":"pakketpunt","locatieNaam":"TABACCHERIA N. 262","straatNaam":"VIA SOMMACAMPAGNA 59-B","straatNr":"","vervoerder":"DHL","puntType":"parcelShop","bezettingsgraad":50,"latitude":45.417378,"longitude":10.931163,"canPickup":true,"canDropoff":true,"openingstijden":{"ma":"07:30 - 18:00","di":"07:30 - 18:00","wo":"07:30 - 18:00","do":"07:30 - 18:00","vr":"07:30 - 18:00","za":"gesloten","zo":"gesloten"}}},{"type":"Feature","geometry":{"type":"Point","coordinates":[10.958809,45.427325]},"properties":{"type":"pakketpunt","locatieNaam":"STAZIONE DI SERVIZIO SAN MA","straatNaam":"VIA ALBERE 107-A","straatNr":"","vervoerder":"DHL","puntType":"packStation","bezettingsgraad":50,"latitude":45.427325,"longitude":10.958809,"canPickup":true,"canDropoff":true,"openingstijden":{"ma":"00:01 - 23:59","di":"00:01 - 23:59","wo":"00:01 - 23:59","do":"00:01 - 23:59","vr":"00:01 - 23:59","za":"00:01 - 23:59","zo":"00:01 - 23:59"}}},{"type":"Feature","geometry":{"type":"Point","coordinates":[10.95637,45.42235]},"properties":{"type":"pakketpunt","locatieNaam":"TABACCHERIA N. 19","straatNaam":"VIA MANTOVANA 73","straatNr":"","vervoerder":"DHL","puntType":"parcelShop","bezettingsgraad":50,"latitude":45.42235,"longitude":10.95637,"canPickup":true,"canDropoff":true,"openingstijden":{"ma":"07:30 - 12:30, 15:00 - 19:30","di":"07:30 - 12:30, 15:00 - 19:30","wo":"07:30 - 12:30, 15:00 - 19:30","do":"07:30 - 12:30, 15:00 - 19:30","vr":"07:30 - 12:30, 15:00 - 19:30","za":"07:30 - 12:30, 15:00 - 19:30","zo":"gesloten"}}},{"type":"Feature","geometry":{"type":"Point","coordinates":[10.9603,45.446356]},"properties":{"type":"pakketpunt","locatieNaam":"LIBRERIA VALERIO FRIGGI SRL","straatNaam":"Via Catania, 5","straatNr":"","vervoerder":"DHL","puntType":"parcelShop","bezettingsgraad":50,"latitude":45.446356,"longitude":10.9603,"canPickup":false,"canDropoff":true,"openingstijden":{"ma":"09:00 - 19:00","di":"09:00 - 19:00","wo":"09:00 - 19:00","do":"09:00 - 19:00","vr":"09:00 - 19:00","za":"gesloten","zo":"gesloten"}}},{"type":"Feature","geometry":{"type":"Point","coordinates":[10.957892,45.450142]},"properties":{"type":"pakketpunt","locatieNaam":"Ufficio Postale VERONA 24","straatNaam":"VIA TRAPANI 12","straatNr":"","vervoerder":"DHL","puntType":"postOffice","bezettingsgraad":50,"latitude":45.450142,"longitude":10.957892,"canPickup":true,"canDropoff":true,"openingstijden":{"ma":"08:20 - 13:35","di":"08:20 - 13:35","wo":"08:20 - 13:35","do":"08:20 - 13:35","vr":"08:20 - 13:35","za":"08:20 - 12:35","zo":"gesloten"}}},{"type":"Feature","geometry":{"type":"Point","coordinates":[10.960198,45.447995]},"properties":{"type":"pakketpunt","locatieNaam":"TABACCHERIA N. 139","straatNaam":"VIA ARCHIMEDE 70","straatNr":"","vervoerder":"DHL","puntType":"parcelShop","bezettingsgraad":50,"latitude":45.447995,"longitude":10.960198,"canPickup":true,"canDropoff":true,"openingstijden":{"ma":"07:00 - 12:30, 15:30 - 19:30","di":"07:00 - 12:30, 15:30 - 19:30","wo":"07:00 - 12:30, 15:30 - 19:30","do":"07:00 - 12:30, 15:30 - 19:30","vr":"07:00 - 12:30, 15:30 - 19:30","za":"07:00 - 12:30, 15:30 - 19:30","zo":"gesloten"}}},{"type":"Feature","geometry":{"type":"Point","coordinates":[10.963969,45.444592]},"properties":{"type":"pakketpunt","locatieNaam":"STAZIONE DI SERVIZIO IP","straatNaam":"CORSO MILANO 66-A","straatNr":"","vervoerder":"DHL","puntType":"packStation","bezettingsgraad":50,"latitude":45.444592,"longitude":10.963969,"canPickup":true,"canDropoff":true,"openingstijden":{"ma":"00:01 - 23:59","di":"00:01 - 23:59","wo":"00:01 - 23:59","do":"00:01 - 23:59","vr":"00:01 - 23:59","za":"00:01 - 23:59","zo":"00:01 - 23:59"}}},{"type":"Feature","geometry":{"type":"Point","coordinates":[10.946309,45.4571]},"properties":{"type":"pakketpunt","locatieNaam":"Ufficio Postale VERONA 23","straatNaam":"PIAZZA CHIEVO 10-A","straatNr":"","vervoerder":"DHL","puntType":"postOffice","bezettingsgraad":50,"latitude":45.4571,"longitude":10.946309,"canPickup":true,"canDropoff":true,"openingstijden":{"ma":"08:20 - 13:35","di":"08:20 - 13:35","wo":"08:20 - 13:35","do":"08:20 - 13:35","vr":"08:20 - 13:35","za":"08:20 - 12:35","zo":"gesloten"}}},{"type":"Feature","geometry":{"type":"Point","coordinates":[10.958458,45.420298]},"properties":{"type":"pakketpunt","locatieNaam":"Ufficio Postale VERONA 15","straatNaam":"VIA GHETTO 20","straatNr":"","vervoerder":"DHL","puntType":"postOffice","bezettingsgraad":50,"latitude":45.420298,"longitude":10.958458,"canPickup":true,"canDropoff":true,"openingstijden":{"ma":"08:20 - 13:35","di":"08:20 - 13:35","wo":"08:20 - 13:35","do":"08:20 - 13:35","vr":"08:20 - 13:35","za":"08:20 - 12:35","zo":"gesloten"}}},{"type":"Feature","geometry":{"type":"Point","coordinates":[10.965512,45.443834]},"properties":{"type":"pakketpunt","locatieNaam":"DISTRIBUTORE ENI 55702","straatNaam":"Corso Milano 147","straatNr":"","vervoerder":"DHL","puntType":"parcelShop","bezettingsgraad":50,"latitude":45.443834,"longitude":10.965512,"canPickup":false,"canDropoff":true,"openingstijden":{"ma":"08:00 - 18:30","di":"08:00 - 18:30","wo":"08:00 - 18:30","do":"08:00 - 18:30","vr":"08:00 - 18:30","za":"08:00 - 12:00","zo":"gesloten"}}},{"type":"Feature","geometry":{"type":"Point","coordinates":[10.956694,45.453884]},"properties":{"type":"pakketpunt","locatieNaam":"STAZIONE DI SERVIZIO TAMOIL","straatNaam":"VIA LUIGI GALVANI 32","straatNr":"","vervoerder":"DHL","puntType":"packStation","bezettingsgraad":50,"latitude":45.453884,"longitude":10.956694,"canPickup":true,"canDropoff":true,"openingstijden":{"ma":"00:01 - 23:59","di":"00:01 - 23:59","wo":"00:01 - 23:59","do":"00:01 - 23:59","vr":"00:01 - 23:59","za":"00:01 - 23:59","zo":"00:01 - 23:59"}}},{"type":"Feature","geometry":{"type":"Point","coordinates":[10.966576,45.443928]},"properties":{"type":"pakketpunt","locatieNaam":"TABACCHERIA N. 151","straatNaam":"CORSO MILANO 131","straatNr":"","vervoerder":"DHL","puntType":"parcelShop","bezettingsgraad":50,"latitude":45.443928,"longitude":10.966576,"canPickup":true,"canDropoff":true,"openingstijden":{"ma":"07:30 - 12:30, 15:00 - 19:30","di":"07:30 - 12:30, 15:00 - 19:30","wo":"07:30 - 12:30, 15:00 - 19:30","do":"07:30 - 12:30, 15:00 - 19:30","vr":"07:30 - 12:30, 15:00 - 19:30","za":"07:30 - 12:30, 15:00 - 19:30","zo":"gesloten"}}},{"type":"Feature","geometry":{"type":"Point","coordinates":[10.968156,45.440806]},"properties":{"type":"pakketpunt","locatieNaam":"TABACCHERIA N. 5","straatNaam":"VIA SAN MARCO 55","straatNr":"","vervoerder":"DHL","puntType":"parcelShop","bezettingsgraad":50,"latitude":45.440806,"longitude":10.968156,"canPickup":true,"canDropoff":true,"openingstijden":{"ma":"06:30 - 12:30, 15:30 - 19:30","di":"06:30 - 12:30, 15:30 - 19:30","wo":"06:30 - 12:30, 15:30 - 19:30","do":"06:30 - 12:30, 15:30 - 19:30","vr":"06:30 - 12:30, 15:30 - 19:30","za":"06:30 - 12:30, 15:30 - 19:30","zo":"07:00 - 12:00"}}},{"type":"Feature","geometry":{"type":"Point","coordinates":[10.968072,45.429324]},"properties":{"type":"pakketpunt","locatieNaam":"STAZIONE DI SERVIZIO TAMOIL","straatNaam":"VIA ALBERE 96-B","straatNr":"","vervoerder":"DHL","puntType":"packStation","bezettingsgraad":50,"latitude":45.429324,"longitude":10.968072,"canPickup":true,"canDropoff":true,"openingstijden":{"ma":"00:01 - 23:59","di":"00:01 - 23:59","wo":"00:01 - 23:59","do":"00:01 - 23:59","vr":"00:01 - 23:59","za":"00:01 - 23:59","zo":"00:01 - 23:59"}}},{"type":"Feature","geometry":{"type":"Point","coordinates":[10.971236,45.43611]},"properties":{"type":"pakketpunt","locatieNaam":"Ufficio Postale VERONA 25","straatNaam":"VIA ADRIANO CRISTOFOLI 21","straatNr":"","vervoerder":"DHL","puntType":"postOffice","bezettingsgraad":50,"latitude":45.43611,"longitude":10.971236,"canPickup":true,"canDropoff":true,"openingstijden":{"ma":"08:20 - 13:35","di":"08:20 - 13:35","wo":"08:20 - 13:35","do":"08:20 - 13:35","vr":"08:20 - 13:35","za":"08:20 - 12:35","zo":"gesloten"}}},{"type":"Feature","geometry":{"type":"Point","coordinates":[10.971709,45.439913]},"properties":{"type":"pakketpunt","locatieNaam":"TABACCHERIA N. 218","straatNaam":"VIA BALDASSARE LONGHENA 29-C","straatNr":"","vervoerder":"DHL","puntType":"parcelShop","bezettingsgraad":50,"latitude":45.439913,"longitude":10.971709,"canPickup":true,"canDropoff":true,"openingstijden":{"ma":"06:00 - 12:30, 15:30 - 19:30","di":"06:00 - 12:30, 15:30 - 19:30","wo":"06:00 - 12:30, 15:30 - 19:30","do":"06:00 - 12:30, 15:30 - 19:30","vr":"06:00 - 12:30, 15:30 - 19:30","za":"06:00 - 12:30, 15:30 - 19:30","zo":"06:00 - 12:30"}}},{"type":"Feature","geometry":{"type":"Point","coordinates":[10.961,45.41695]},"properties":{"type":"pakketpunt","locatieNaam":"MONDO MOTO E BICI","straatNaam":"VIA TEVERE 47","straatNr":"","vervoerder":"DHL","puntType":"packStation","bezettingsgraad":50,"latitude":45.41695,"longitude":10.961,"canPickup":true,"canDropoff":true,"openingstijden":{"ma":"00:01 - 23:59","di":"00:01 - 23:59","wo":"00:01 - 23:59","do":"00:01 - 23:59","vr":"00:01 - 23:59","za":"00:01 - 23:59","zo":"00:01 - 23:59"}}},{"type":"Feature","geometry":{"type":"Point","coordinates":[10.967414,45.422656]},"properties":{"type":"pakketpunt","locatieNaam":"TABACCHERIA N. 229","straatNaam":"STRADONE SANTA LUCIA 75","straatNr":"","vervoerder":"DHL","puntType":"parcelShop","bezettingsgraad":50,"latitude":45.422656,"longitude":10.967414,"canPickup":true,"canDropoff":true,"openingstijden":{"ma":"06:30 - 12:45, 14:30 - 19:00","di":"06:30 - 12:45, 14:30 - 19:00","wo":"06:30 - 12:45, 14:30 - 19:00","do":"06:30 - 12:45, 14:30 - 19:00","vr":"06:30 - 12:45, 14:30 - 19:00","za":"06:30 - 12:45","zo":"06:30 - 12:00"}}},{"type":"Feature","geometry":{"type":"Point","coordinates":[10.97128,45.443419]},"properties":{"type":"pakketpunt","locatieNaam":"TABACCHERIA N. 107","straatNaam":"CORSO MILANO 22","straatNr":"","vervoerder":"DHL","puntType":"parcelShop","bezettingsgraad":50,"latitude":45.443419,"longitude":10.97128,"canPickup":true,"canDropoff":true,"openingstijden":{"ma":"07:40 - 12:30, 16:00 - 19:00","di":"07:40 - 12:30, 16:00 - 19:00","wo":"07:40 - 12:30, 16:00 - 19:00","do":"07:40 - 12:30, 16:00 - 19:00","vr":"07:40 - 12:30, 16:00 - 19:00","za":"07:40 - 12:30, 16:00 - 19:00","zo":"gesloten"}}},{"type":"Feature","geometry":{"type":"Point","coordinates":[10.966201,45.420743]},"properties":{"type":"pakketpunt","locatieNaam":"Ufficio Postale VERONA 14","straatNaam":"VIA LUIGI PRINA 21","straatNr":"","vervoerder":"DHL","puntType":"postOffice","bezettingsgraad":50,"latitude":45.420743,"longitude":10.966201,"canPickup":true,"canDropoff":true,"openingstijden":{"ma":"08:20 - 13:35","di":"08:20 - 13:35","wo":"08:20 - 13:35","do":"08:20 - 13:35","vr":"08:20 - 13:35","za":"08:20 - 12:35","zo":"gesloten"}}},{"type":"Feature","geometry":{"type":"Point","coordinates":[10.971251,45.444235]},"properties":{"type":"pakketpunt","locatieNaam":"Ufficio Postale VERONA 12","straatNaam":"VIA MARCO POLO 1-B","straatNr":"","vervoerder":"DHL","puntType":"postOffice","bezettingsgraad":50,"latitude":45.444235,"longitude":10.971251,"canPickup":true,"canDropoff":true,"openingstijden":{"ma":"08:20 - 13:35","di":"08:20 - 13:35","wo":"08:20 - 13:35","do":"08:20 - 13:35","vr":"08:20 - 13:35","za":"08:20 - 12:35","zo":"gesloten"}}},{"type":"Feature","geometry":{"type":"Point","coordinates":[10.966738,45.451841]},"properties":{"type":"pakketpunt","locatieNaam":"TABACCHERIA N. 135","straatNaam":"VIA FALIERO MARIN 21","straatNr":"","vervoerder":"DHL","puntType":"parcelShop","bezettingsgraad":50,"latitude":45.451841,"longitude":10.966738,"canPickup":true,"canDropoff":true,"openingstijden":{"ma":"07:00 - 12:45, 15:30 - 19:30","di":"07:00 - 12:45, 15:30 - 19:30","wo":"07:00 - 12:45, 15:30 - 19:30","do":"07:00 - 12:45, 15:30 - 19:30","vr":"07:00 - 12:45, 15:30 - 19:30","za":"07:00 - 12:45, 15:30 - 19:30","zo":"07:00 - 12:30"}}},{"type":"Feature","geometry":{"type":"Point","coordinates":[10.96518,45.41853]},"properties":{"type":"pakketpunt","locatieNaam":"TABACCHERIA N. 66","straatNaam":"VIA GOLOSINE 115","straatNr":"","vervoerder":"DHL","puntType":"parcelShop","bezettingsgraad":50,"latitude":45.41853,"longitude":10.96518,"canPickup":true,"canDropoff":true,"openingstijden":{"ma":"07:00 - 20:30","di":"07:00 - 20:30","wo":"07:00 - 20:30","do":"07:00 - 20:30","vr":"07:00 - 20:30","za":"07:00 - 20:30","zo":"gesloten"}}},{"type":"Feature","geometry":{"type":"Point","coordinates":[10.96613,45.452871]},"properties":{"type":"pakketpunt","locatieNaam":"Ufficio Postale VERONA 33","straatNaam":"VIA MARIN FALIERO 75","straatNr":"","vervoerder":"DHL","puntType":"postOffice","bezettingsgraad":50,"latitude":45.452871,"longitude":10.96613,"canPickup":true,"canDropoff":true,"openingstijden":{"ma":"08:20 - 13:35","di":"08:20 - 13:35","wo":"08:20 - 13:35","do":"08:20 - 13:35","vr":"08:20 - 13:35","za":"08:20 - 12:35","zo":"gesloten"}}},{"type":"Feature","geometry":{"type":"Point","coordinates":[10.975158,45.435767]},"properties":{"type":"pakketpunt","locatieNaam":"TABACCHERIA N. 189","straatNaam":"VIA FRA GIOCONDO 6-B","straatNr":"","vervoerder":"DHL","puntType":"parcelShop","bezettingsgraad":50,"latitude":45.435767,"longitude":10.975158,"canPickup":true,"canDropoff":true,"openingstijden":{"ma":"07:30 - 13:00, 15:15 - 19:45","di":"07:30 - 13:00, 15:15 - 19:45","wo":"07:30 - 13:00, 15:15 - 19:45","do":"07:30 - 13:00, 15:15 - 19:45","vr":"07:30 - 13:00, 15:15 - 19:45","za":"07:30 - 13:00, 15:15 - 19:45","zo":"gesloten"}}},{"type":"Feature","geometry":{"type":"Point","coordinates":[10.973037,45.448062]},"properties":{"type":"pakketpunt","locatieNaam":"TABACCHERIA N. 188","straatNaam":"VIA LEONE PANCALDO 1-C","straatNr":"","vervoerder":"DHL","puntType":"parcelShop","bezettingsgraad":50,"latitude":45.448062,"longitude":10.973037,"canPickup":true,"canDropoff":true,"openingstijden":{"ma":"06:00 - 12:45, 15:30 - 19:30","di":"06:00 - 12:45, 15:30 - 19:30","wo":"06:00 - 12:30, 15:30 - 19:30","do":"06:00 - 12:45, 15:30 - 19:30","vr":"06:00 - 12:45, 15:30 - 19:30","za":"06:00 - 12:45, 15:30 - 19:30","zo":"gesloten"}}},{"type":"Feature","geometry":{"type":"Point","coordinates":[10.976223,45.443016]},"properties":{"type":"pakketpunt","locatieNaam":"Ufficio Postale VERONA 7","straatNaam":"PIAZZA BACANAL 6","straatNr":"","vervoerder":"DHL","puntType":"postOffice","bezettingsgraad":50,"latitude":45.443016,"longitude":10.976223,"canPickup":true,"canDropoff":true,"openingstijden":{"ma":"08:20 - 13:35","di":"08:20 - 13:35","wo":"08:20 - 13:35","do":"08:20 - 13:35","vr":"08:20 - 13:35","za":"08:20 - 12:35","zo":"gesloten"}}},{"type":"Feature","geometry":{"type":"Point","coordinates":[10.973088,45.419574]},"properties":{"type":"pakketpunt","locatieNaam":"TABACCHERIA N. 148","straatNaam":"VIA GASPARE DEL CARRETTO 30","straatNr":"","vervoerder":"DHL","puntType":"parcelShop","bezettingsgraad":50,"latitude":45.419574,"longitude":10.973088,"canPickup":true,"canDropoff":true,"openingstijden":{"ma":"07:15 - 12:30, 15:30 - 19:30","di":"07:15 - 12:30, 15:30 - 19:30","wo":"07:15 - 12:30, 15:30 - 19:30","do":"07:15 - 12:30, 15:30 - 19:30","vr":"07:15 - 12:30, 15:30 - 19:30","za":"07:15 - 12:30, 15:30 - 19:30","zo":"gesloten"}}},{"type":"Feature","geometry":{"type":"Point","coordinates":[10.979997,45.431808]},"properties":{"type":"pakketpunt","locatieNaam":"Ki Point Verona FS:","straatNaam":"PIAZZALE VENTICINQUE APRILE SNC 1","straatNr":"","vervoerder":"DHL","puntType":"parcelShop","bezettingsgraad":50,"latitude":45.431808,"longitude":10.979997,"canPickup":true,"canDropoff":true,"openingstijden":{"ma":"08:00 - 20:00","di":"08:00 - 20:00","wo":"08:00 - 20:00","do":"08:00 - 20:00","vr":"08:00 - 20:00","za":"08:00 - 20:00","zo":"08:00 - 20:00"}}},{"type":"Feature","geometry":{"type":"Point","coordinates":[10.97456,45.41981]},"properties":{"type":"pakketpunt","locatieNaam":"CEYLON MARKET","straatNaam":"Via Del Carretto 19/b","straatNr":"","vervoerder":"DHL","puntType":"parcelShop","bezettingsgraad":50,"latitude":45.41981,"longitude":10.97456,"canPickup":false,"canDropoff":true,"openingstijden":{"ma":"09:00 - 19:30","di":"09:00 - 19:30","wo":"09:00 - 19:30","do":"09:00 - 19:30","vr":"09:00 - 19:30","za":"09:00 - 19:30","zo":"gesloten"}}},{"type":"Feature","geometry":{"type":"Point","coordinates":[10.975795,45.420897]},"properties":{"type":"pakketpunt","locatieNaam":"TABACCHERIA N. 122","straatNaam":"VIA GIOVANNA MURARI BRA 36-A","straatNr":"","vervoerder":"DHL","puntType":"parcelShop","bezettingsgraad":50,"latitude":45.420897,"longitude":10.975795,"canPickup":true,"canDropoff":true,"openingstijden":{"ma":"07:30 - 12:30, 15:30 - 19:00","di":"07:30 - 12:30, 15:30 - 19:00","wo":"07:30 - 12:30, 15:30 - 19:00","do":"07:30 - 12:30, 15:30 - 19:00","vr":"07:30 - 12:30, 15:30 - 19:00","za":"07:30 - 12:30, 15:30 - 19:00","zo":"gesloten"}}},{"type":"Feature","geometry":{"type":"Point","coordinates":[10.977805,45.448586]},"properties":{"type":"pakketpunt","locatieNaam":"STAZIONE DI SERVIZIO ENI","straatNaam":"VIALE CRISTOFORO COLOMBO 125","straatNr":"","vervoerder":"DHL","puntType":"packStation","bezettingsgraad":50,"latitude":45.448586,"longitude":10.977805,"canPickup":true,"canDropoff":true,"openingstijden":{"ma":"00:01 - 23:59","di":"00:01 - 23:59","wo":"00:01 - 23:59","do":"00:01 - 23:59","vr":"00:01 - 23:59","za":"00:01 - 23:59","zo":"00:01 - 23:59"}}},{"type":"Feature","geometry":{"type":"Point","coordinates":[10.982521,45.436664]},"properties":{"type":"pakketpunt","locatieNaam":"TABACCHERIA N. 74","straatNaam":"STRADONE PORTA PALIO 74-A","straatNr":"","vervoerder":"DHL","puntType":"parcelShop","bezettingsgraad":50,"latitude":45.436664,"longitude":10.982521,"canPickup":true,"canDropoff":true,"openingstijden":{"ma":"07:00 - 13:30, 15:30 - 20:00","di":"07:00 - 13:30, 15:30 - 20:00","wo":"07:00 - 13:30, 15:30 - 20:00","do":"07:00 - 13:30, 15:30 - 20:00","vr":"07:00 - 13:30, 15:30 - 20:00","za":"07:00 - 13:30, 15:30 - 20:00","zo":"gesloten"}}},{"type":"Feature","geometry":{"type":"Point","coordinates":[10.97217,45.457275]},"properties":{"type":"pakketpunt","locatieNaam":"HEALTH CITY CENTRO BERNSTEI","straatNaam":"LUNGADIGE ATTIRAGLIO 34","straatNr":"","vervoerder":"DHL","puntType":"packStation","bezettingsgraad":50,"latitude":45.457275,"longitude":10.97217,"canPickup":true,"canDropoff":true,"openingstijden":{"ma":"07:00 - 21:00","di":"07:00 - 21:00","wo":"07:00 - 21:00","do":"07:00 - 21:00","vr":"07:00 - 21:00","za":"09:00 - 14:00","zo":"gesloten"}}},{"type":"Feature","geometry":{"type":"Point","coordinates":[10.966412,45.409169]},"properties":{"type":"pakketpunt","locatieNaam":"VISA SELF STORAGE","straatNaam":"Pacinotti, 30","straatNr":"","vervoerder":"DHL","puntType":"parcelShop","bezettingsgraad":50,"latitude":45.409169,"longitude":10.966412,"canPickup":false,"canDropoff":true,"openingstijden":{"ma":"09:00 - 18:00","di":"09:00 - 18:00","wo":"09:00 - 18:00","do":"09:00 - 18:00","vr":"09:00 - 18:00","za":"gesloten","zo":"gesloten"}}},{"type":"Feature","geometry":{"type":"Point","coordinates":[10.98451,45.433307]},"properties":{"type":"pakketpunt","locatieNaam":"TABACCHERIA N. 193","straatNaam":"PIAZZA RENATO SIMONI 15","straatNr":"","vervoerder":"DHL","puntType":"parcelShop","bezettingsgraad":50,"latitude":45.433307,"longitude":10.98451,"canPickup":true,"canDropoff":true,"openingstijden":{"ma":"08:00 - 19:00","di":"08:00 - 19:00","wo":"08:00 - 19:00","do":"08:00 - 19:00","vr":"08:00 - 19:00","za":"08:00 - 13:00","zo":"gesloten"}}},{"type":"Feature","geometry":{"type":"Point","coordinates":[10.984942,45.437819]},"properties":{"type":"pakketpunt","locatieNaam":"DHL STORE VERONA","straatNaam":"Stradone Porta Palio, 40","straatNr":"","vervoerder":"DHL","puntType":"parcelShop","bezettingsgraad":50,"latitude":45.437819,"longitude":10.984942,"canPickup":false,"canDropoff":true,"openingstijden":{"ma":"09:30 - 18:00","di":"09:30 - 18:00","wo":"09:30 - 18:00","do":"09:30 - 18:00","vr":"09:30 - 18:00","za":"09:30 - 13:30","zo":"gesloten"}}},{"type":"Feature","geometry":{"type":"Point","coordinates":[10.985681,45.433912]},"properties":{"type":"pakketpunt","locatieNaam":"Ufficio Postale VERONA 27","straatNaam":"VIA GIAN MATTEO GIBERTI 26","straatNr":"","vervoerder":"DHL","puntType":"postOffice","bezettingsgraad":50,"latitude":45.433912,"longitude":10.985681,"canPickup":true,"canDropoff":true,"openingstijden":{"ma":"08:20 - 13:35","di":"08:20 - 13:35","wo":"08:20 - 13:35","do":"08:20 - 13:35","vr":"08:20 - 13:35","za":"08:20 - 12:35","zo":"gesloten"}}},{"type":"Feature","geometry":{"type":"Point","coordinates":[10.986242,45.434756]},"properties":{"type":"pakketpunt","locatieNaam":"TABACCHERIA N. 27","straatNaam":"VIA DELLA VALVERDE 63-A","straatNr":"","vervoerder":"DHL","puntType":"parcelShop","bezettingsgraad":50,"latitude":45.434756,"longitude":10.986242,"canPickup":true,"canDropoff":true,"openingstijden":{"ma":"07:00 - 13:00, 15:00 - 19:00","di":"07:00 - 13:00, 15:00 - 19:00","wo":"07:00 - 13:00, 15:00 - 19:00","do":"07:00 - 13:00, 15:00 - 19:00","vr":"07:00 - 13:00, 15:00 - 19:00","za":"07:00 - 13:00, 15:00 - 19:00","zo":"gesloten"}}},{"type":"Feature","geometry":{"type":"Point","coordinates":[10.98501,45.445468]},"properties":{"type":"pakketpunt","locatieNaam":"TABACCHERIA  RISORGIMENTO","straatNaam":"Via Risorgimento, 23 A","straatNr":"","vervoerder":"DHL","puntType":"parcelShop","bezettingsgraad":50,"latitude":45.445468,"longitude":10.98501,"canPickup":false,"canDropoff":true,"openingstijden":{"ma":"07:30 - 19:30","di":"07:30 - 19:30","wo":"07:30 - 19:30","do":"07:30 - 19:30","vr":"07:30 - 19:30","za":"07:30 - 19:30","zo":"gesloten"}}},{"type":"Feature","geometry":{"type":"Point","coordinates":[10.975648,45.458892]},"properties":{"type":"pakketpunt","locatieNaam":"TABACCHERIA n. 102","straatNaam":"VIA TRENTO 4","straatNr":"","vervoerder":"DHL","puntType":"parcelShop","bezettingsgraad":50,"latitude":45.458892,"longitude":10.975648,"canPickup":true,"canDropoff":true,"openingstijden":{"ma":"06:30 - 20:00","di":"06:30 - 20:00","wo":"06:30 - 20:00","do":"06:30 - 20:00","vr":"06:30 - 20:00","za":"06:30 - 20:00","zo":"07:00 - 14:30"}}},{"type":"Feature","geometry":{"type":"Point","coordinates":[10.981118,45.418725]},"properties":{"type":"pakketpunt","locatieNaam":"Ufficio Postale VERONA 11","straatNaam":"VIALE DEL LAVORO 8","straatNr":"","vervoerder":"DHL","puntType":"postOffice","bezettingsgraad":50,"latitude":45.418725,"longitude":10.981118,"canPickup":true,"canDropoff":true,"openingstijden":{"ma":"08:20 - 13:45","di":"08:20 - 13:45","wo":"08:20 - 13:45","do":"08:20 - 13:45","vr":"08:20 - 13:45","za":"08:20 - 12:45","zo":"gesloten"}}},{"type":"Feature","geometry":{"type":"Point","coordinates":[10.977648,45.457699]},"properties":{"type":"pakketpunt","locatieNaam":"Ufficio Postale VERONA 26","straatNaam":"VIA GOFFREDO MAMELI 73","straatNr":"","vervoerder":"DHL","puntType":"postOffice","bezettingsgraad":50,"latitude":45.457699,"longitude":10.977648,"canPickup":true,"canDropoff":true,"openingstijden":{"ma":"08:20 - 13:35","di":"08:20 - 13:35","wo":"08:20 - 13:35","do":"08:20 - 13:35","vr":"08:20 - 13:35","za":"08:20 - 12:35","zo":"gesloten"}}},{"type":"Feature","geometry":{"type":"Point","coordinates":[11.059143,45.431098]},"properties":{"type":"pakketpunt","locatieNaam":"TABACCHERIA n. 119","straatNaam":"VIA PIETRO SGULMERO 25-A","straatNr":"","vervoerder":"DHL","puntType":"parcelShop","bezettingsgraad":50,"latitude":45.431098,"longitude":11.059143,"canPickup":true,"canDropoff":true,"openingstijden":{"ma":"07:30 - 12:30, 15:30 - 19:30","di":"07:30 - 12:30, 15:30 - 19:30","wo":"07:30 - 12:30, 15:30 - 19:30","do":"07:30 - 12:30, 15:30 - 19:30","vr":"07:30 - 12:30, 15:30 - 19:30","za":"07:30 - 12:30, 15:30 - 19:30","zo":"gesloten"}}},{"type":"Feature","geometry":{"type":"Point","coordinates":[11.057,45.4283]},"properties":{"type":"pakketpunt","locatieNaam":"EUROBAR","straatNaam":"Via Dolomiti 44/a","straatNr":"","vervoerder":"DHL","puntType":"parcelShop","bezettingsgraad":50,"latitude":45.4283,"longitude":11.057,"canPickup":false,"canDropoff":true,"openingstijden":{"ma":"08:00 - 18:00","di":"08:00 - 18:00","wo":"08:30 - 18:00","do":"08:00 - 18:00","vr":"08:30 - 18:00","za":"08:30 - 12:30","zo":"gesloten"}}},{"type":"Feature","geometry":{"type":"Point","coordinates":[11.056312,45.428563]},"properties":{"type":"pakketpunt","locatieNaam":"Ufficio Postale VERONA 29","straatNaam":"VIA DOLOMITI 40","straatNr":"","vervoerder":"DHL","puntType":"postOffice","bezettingsgraad":50,"latitude":45.428563,"longitude":11.056312,"canPickup":true,"canDropoff":true,"openingstijden":{"ma":"08:20 - 13:35","di":"08:20 - 13:35","wo":"08:20 - 13:35","do":"08:20 - 13:35","vr":"08:20 - 13:35","za":"08:20 - 12:35","zo":"gesloten"}}},{"type":"Feature","geometry":{"type":"Point","coordinates":[11.051126,45.431787]},"properties":{"type":"pakketpunt","locatieNaam":"TABACCHERIA N. 150","straatNaam":"VIA UNITA DITALIA 272-A","straatNr":"","vervoerder":"DHL","puntType":"parcelShop","bezettingsgraad":50,"latitude":45.431787,"longitude":11.051126,"canPickup":true,"canDropoff":true,"openingstijden":{"ma":"07:30 - 13:00, 15:30 - 19:30","di":"07:30 - 13:00, 15:30 - 19:30","wo":"07:30 - 13:00, 15:30 - 19:30","do":"07:30 - 13:00, 15:30 - 19:30","vr":"07:30 - 13:00, 15:30 - 19:30","za":"07:30 - 13:00, 15:30 - 19:30","zo":"08:00 - 12:00"}}},{"type":"Feature","geometry":{"type":"Point","coordinates":[11.0626,45.4572]},"properties":{"type":"pakketpunt","locatieNaam":"SERVIZI TELEMATICI VERONA","straatNaam":"Piazzale Buccari, 18","straatNr":"","vervoerder":"DHL","puntType":"parcelShop","bezettingsgraad":50,"latitude":45.4572,"longitude":11.0626,"canPickup":false,"canDropoff":true,"openingstijden":{"ma":"08:00 - 19:30","di":"08:00 - 19:30","wo":"08:00 - 19:30","do":"08:00 - 19:30","vr":"08:00 - 19:30","za":"08:00 - 12:30","zo":"gesloten"}}},{"type":"Feature","geometry":{"type":"Point","coordinates":[11.059825,45.455583]},"properties":{"type":"pakketpunt","locatieNaam":"Ufficio Postale MONTORIO VERONESE","straatNaam":"VIA OLMO 77","straatNr":"","vervoerder":"DHL","puntType":"postOffice","bezettingsgraad":50,"latitude":45.455583,"longitude":11.059825,"canPickup":true,"canDropoff":true,"openingstijden":{"ma":"08:20 - 13:35","di":"08:20 - 13:35","wo":"08:20 - 13:35","do":"08:20 - 13:35","vr":"08:20 - 13:35","za":"08:20 - 12:35","zo":"gesloten"}}},{"type":"Feature","geometry":{"type":"Point","coordinates":[11.064004,45.458572]},"properties":{"type":"pakketpunt","locatieNaam":"AGENZIA DI SIKDER","straatNaam":"Via Olmo 6/a - Zona Montornio","straatNr":"","vervoerder":"DHL","puntType":"parcelShop","bezettingsgraad":50,"latitude":45.458572,"longitude":11.064004,"canPickup":false,"canDropoff":true,"openingstijden":{"ma":"09:00 - 18:00","di":"09:00 - 18:00","wo":"09:00 - 18:00","do":"09:00 - 18:00","vr":"09:00 - 18:00","za":"gesloten","zo":"gesloten"}}},{"type":"Feature","geometry":{"type":"Point","coordinates":[11.046497,45.434953]},"properties":{"type":"pakketpunt","locatieNaam":"TABACCHERIA N. 114","straatNaam":"VIA ANTONIO CERNISONE 6","straatNr":"","vervoerder":"DHL","puntType":"parcelShop","bezettingsgraad":50,"latitude":45.434953,"longitude":11.046497,"canPickup":true,"canDropoff":true,"openingstijden":{"ma":"07:30 - 13:00","di":"07:30 - 13:00, 15:30 - 19:00","wo":"07:30 - 13:00, 15:30 - 19:00","do":"07:30 - 13:00, 15:30 - 19:00","vr":"07:30 - 13:00, 15:30 - 19:00","za":"07:30 - 13:00, 15:30 - 19:00","zo":"gesloten"}}},{"type":"Feature","geometry":{"type":"Point","coordinates":[11.066517,45.461176]},"properties":{"type":"pakketpunt","locatieNaam":"TABACCHERIA N. 96","straatNaam":"VIA OLIVE 30-C","straatNr":"","vervoerder":"DHL","puntType":"parcelShop","bezettingsgraad":50,"latitude":45.461176,"longitude":11.066517,"canPickup":true,"canDropoff":true,"openingstijden":{"ma":"07:00 - 12:30, 16:00 - 19:30","di":"07:00 - 12:30, 16:00 - 19:30","wo":"07:00 - 12:30, 16:00 - 19:30","do":"07:00 - 12:30, 16:00 - 19:30","vr":"07:00 - 12:30, 16:00 - 19:30","za":"07:00 - 12:30, 16:00 - 19:30","zo":"07:00 - 12:30"}}},{"type":"Feature","geometry":{"type":"Point","coordinates":[11.045687,45.43293]},"properties":{"type":"pakketpunt","locatieNaam":"Ufficio Postale VERONA 19","straatNaam":"VIA UNITA DITALIA 186","straatNr":"","vervoerder":"DHL","puntType":"postOffice","bezettingsgraad":50,"latitude":45.43293,"longitude":11.045687,"canPickup":true,"canDropoff":true,"openingstijden":{"ma":"08:20 - 13:35","di":"08:20 - 13:35","wo":"08:20 - 13:35","do":"08:20 - 13:35","vr":"08:20 - 13:35","za":"08:20 - 12:35","zo":"gesloten"}}},{"type":"Feature","geometry":{"type":"Point","coordinates":[11.043258,45.433588]},"properties":{"type":"pakketpunt","locatieNaam":"MD TRAVEL AGENCY","straatNaam":"Via Unita' D'Italia 130","straatNr":"","vervoerder":"DHL","puntType":"parcelShop","bezettingsgraad":50,"latitude":45.433588,"longitude":11.043258,"canPickup":false,"canDropoff":true,"openingstijden":{"ma":"09:00 - 20:30","di":"09:00 - 20:30","wo":"09:00 - 20:30","do":"09:00 - 20:30","vr":"09:00 - 20:30","za":"09:00 - 20:30","zo":"gesloten"}}},{"type":"Feature","geometry":{"type":"Point","coordinates":[11.04133,45.43392]},"properties":{"type":"pakketpunt","locatieNaam":"TABACCHERIA N. 115","straatNaam":"PIAZZA GARIBALDI 11","straatNr":"","vervoerder":"DHL","puntType":"parcelShop","bezettingsgraad":50,"latitude":45.43392,"longitude":11.04133,"canPickup":true,"canDropoff":true,"openingstijden":{"ma":"07:00 - 13:00, 15:00 - 19:30","di":"07:00 - 13:00, 15:00 - 19:30","wo":"07:00 - 13:00, 15:00 - 19:30","do":"07:00 - 13:00, 15:00 - 19:30","vr":"07:00 - 13:00, 15:00 - 19:30","za":"07:00 - 13:00, 15:00 - 19:30","zo":"gesloten"}}},{"type":"Feature","geometry":{"type":"Point","coordinates":[11.034337,45.439265]},"properties":{"type":"pakketpunt","locatieNaam":"TABACCHERIA N. 86","straatNaam":"VIA ARNOLDO MONDADORI 4","straatNr":"","vervoerder":"DHL","puntType":"parcelShop","bezettingsgraad":50,"latitude":45.439265,"longitude":11.034337,"canPickup":true,"canDropoff":true,"openingstijden":{"ma":"07:00 - 13:00, 15:00 - 19:30","di":"07:00 - 13:00, 15:00 - 19:30","wo":"07:00 - 13:00, 15:00 - 19:30","do":"07:00 - 13:00, 15:00 - 19:30","vr":"07:00 - 13:00, 15:00 - 19:30","za":"07:00 - 13:00, 15:30 - 19:30","zo":"08:00 - 13:00"}}},{"type":"Feature","geometry":{"type":"Point","coordinates":[11.03026,45.438198]},"properties":{"type":"pakketpunt","locatieNaam":"TABACCHERIA N. 207","straatNaam":"VIA MARCANTONIO DELLA TORRE 29","straatNr":"","vervoerder":"DHL","puntType":"parcelShop","bezettingsgraad":50,"latitude":45.438198,"longitude":11.03026,"canPickup":true,"canDropoff":true,"openingstijden":{"ma":"08:00 - 12:00, 16:00 - 18:30","di":"08:00 - 12:00, 16:00 - 18:30","wo":"08:00 - 12:00, 16:00 - 18:30","do":"08:00 - 12:00, 16:00 - 18:30","vr":"08:00 - 12:00, 16:00 - 18:30","za":"08:00 - 12:30","zo":"gesloten"}}},{"type":"Feature","geometry":{"type":"Point","coordinates":[11.03096,45.44682]},"properties":{"type":"pakketpunt","locatieNaam":"TABACCHERIA N. 168","straatNaam":"VIA MONTORIO 90","straatNr":"","vervoerder":"DHL","puntType":"parcelShop","bezettingsgraad":50,"latitude":45.44682,"longitude":11.03096,"canPickup":true,"canDropoff":true,"openingstijden":{"ma":"07:30 - 12:30, 15:30 - 19:30","di":"07:30 - 12:30, 15:30 - 19:30","wo":"07:30 - 12:30, 15:30 - 19:30","do":"07:30 - 12:30, 15:30 - 19:30","vr":"07:30 - 12:30, 15:30 - 19:30","za":"07:30 - 12:30","zo":"gesloten"}}},{"type":"Feature","geometry":{"type":"Point","coordinates":[11.027423,45.440014]},"properties":{"type":"pakketpunt","locatieNaam":"Ufficio Postale VERONA 17","straatNaam":"VIA ANTONIO PISANO 55","straatNr":"","vervoerder":"DHL","puntType":"postOffice","bezettingsgraad":50,"latitude":45.440014,"longitude":11.027423,"canPickup":true,"canDropoff":true,"openingstijden":{"ma":"08:20 - 13:35","di":"08:20 - 13:35","wo":"08:20 - 13:35","do":"08:20 - 13:35","vr":"08:20 - 13:35","za":"08:20 - 12:35","zo":"gesloten"}}},{"type":"Feature","geometry":{"type":"Point","coordinates":[11.027401,45.443326]},"properties":{"type":"pakketpunt","locatieNaam":"TABACCHERIA N. 242","straatNaam":"VIA PLINIO 5-A","straatNr":"","vervoerder":"DHL","puntType":"parcelShop","bezettingsgraad":50,"latitude":45.443326,"longitude":11.027401,"canPickup":true,"canDropoff":true,"openingstijden":{"ma":"06:30 - 19:30","di":"06:30 - 19:30","wo":"gesloten","do":"06:30 - 19:30","vr":"06:30 - 19:30","za":"06:30 - 19:30","zo":"06:30 - 19:30"}}},{"type":"Feature","geometry":{"type":"Point","coordinates":[11.021084,45.440368]},"properties":{"type":"pakketpunt","locatieNaam":"TABACCHERIA n. 98","straatNaam":"PIAZZA ISOTTA NOGAROLA 16","straatNr":"","vervoerder":"DHL","puntType":"parcelShop","bezettingsgraad":50,"latitude":45.440368,"longitude":11.021084,"canPickup":true,"canDropoff":true,"openingstijden":{"ma":"07:00 - 12:30, 15:00 - 19:30","di":"07:00 - 12:30, 15:00 - 19:30","wo":"07:00 - 12:30, 15:00 - 19:30","do":"07:00 - 12:30, 15:00 - 19:30","vr":"07:00 - 12:30, 15:00 - 19:30","za":"07:30 - 12:30, 15:00 - 19:30","zo":"gesloten"}}},{"type":"Feature","geometry":{"type":"Point","coordinates":[11.021174,45.441344]},"properties":{"type":"pakketpunt","locatieNaam":"Ufficio Postale VERONA 4","straatNaam":"VIA EMILIO SALGARI 1-A","straatNr":"","vervoerder":"DHL","puntType":"postOffice","bezettingsgraad":50,"latitude":45.441344,"longitude":11.021174,"canPickup":true,"canDropoff":true,"openingstijden":{"ma":"08:20 - 13:35","di":"08:20 - 13:35","wo":"08:20 - 13:35","do":"08:20 - 13:35","vr":"08:20 - 13:35","za":"08:20 - 12:35","zo":"gesloten"}}},{"type":"Feature","geometry":{"type":"Point","coordinates":[11.019842,45.433243]},"properties":{"type":"pakketpunt","locatieNaam":"Ufficio Postale VERONA 13","straatNaam":"VIA PAOLO SARPI 17","straatNr":"","vervoerder":"DHL","puntType":"postOffice","bezettingsgraad":50,"latitude":45.433243,"longitude":11.019842,"canPickup":true,"canDropoff":true,"openingstijden":{"ma":"08:20 - 13:35","di":"08:20 - 13:35","wo":"08:20 - 13:35","do":"08:20 - 13:35","vr":"08:20 - 13:35","za":"08:20 - 12:35","zo":"gesloten"}}},{"type":"Feature","geometry":{"type":"Point","coordinates":[11.01975,45.434579]},"properties":{"type":"pakketpunt","locatieNaam":"TABACCHERIA N. 71","straatNaam":"VIA GALILEO GALILEI 37","straatNr":"","vervoerder":"DHL","puntType":"parcelShop","bezettingsgraad":50,"latitude":45.434579,"longitude":11.01975,"canPickup":true,"canDropoff":true,"openingstijden":{"ma":"06:30 - 12:30, 15:30 - 19:30","di":"06:30 - 12:30, 15:30 - 19:30","wo":"06:30 - 12:30, 15:30 - 19:30","do":"06:30 - 12:30, 15:30 - 19:30","vr":"06:30 - 12:30, 15:30 - 19:30","za":"06:30 - 12:30, 16:00 - 19:30","zo":"06:30 - 12:00"}}},{"type":"Feature","geometry":{"type":"Point","coordinates":[11.01813,45.44069]},"properties":{"type":"pakketpunt","locatieNaam":"TABACCHERIA N. 62","straatNaam":"VIA FILIPPO ROSA MORANDO 25","straatNr":"","vervoerder":"DHL","puntType":"parcelShop","bezettingsgraad":50,"latitude":45.44069,"longitude":11.01813,"canPickup":true,"canDropoff":true,"openingstijden":{"ma":"06:30 - 19:30","di":"06:30 - 19:30","wo":"06:30 - 19:30","do":"06:30 - 19:30","vr":"06:30 - 19:30","za":"06:30 - 12:30, 15:30 - 19:30","zo":"gesloten"}}},{"type":"Feature","geometry":{"type":"Point","coordinates":[11.018604,45.44417]},"properties":{"type":"pakketpunt","locatieNaam":"TABACCHERIA N. 69","straatNaam":"VIA COLONNELLO GIOVANNI FINCATO 56","straatNr":"","vervoerder":"DHL","puntType":"parcelShop","bezettingsgraad":50,"latitude":45.44417,"longitude":11.018604,"canPickup":true,"canDropoff":true,"openingstijden":{"ma":"07:45 - 12:45, 16:00 - 19:30","di":"07:45 - 12:45, 16:00 - 19:30","wo":"07:45 - 12:45, 16:00 - 19:30","do":"07:45 - 12:45, 16:00 - 19:30","vr":"07:45 - 12:45, 16:00 - 19:30","za":"07:45 - 12:30, 16:00 - 19:00","zo":"gesloten"}}},{"type":"Feature","geometry":{"type":"Point","coordinates":[11.019898,45.449842]},"properties":{"type":"pakketpunt","locatieNaam":"TABACCHERIA N. 194","straatNaam":"VIA COLONNELLO GIOVANNI FINCATO 47","straatNr":"","vervoerder":"DHL","puntType":"parcelShop","bezettingsgraad":50,"latitude":45.449842,"longitude":11.019898,"canPickup":true,"canDropoff":true,"openingstijden":{"ma":"08:00 - 12:00, 15:30 - 20:00","di":"08:00 - 12:00, 15:30 - 20:00","wo":"08:00 - 12:00, 15:30 - 20:00","do":"08:00 - 12:00, 15:30 - 20:00","vr":"08:00 - 12:00, 15:30 - 20:00","za":"08:00 - 12:00, 15:30 - 20:00","zo":"08:00 - 12:00, 15:30 - 20:00"}}},{"type":"Feature","geometry":{"type":"Point","coordinates":[11.016018,45.439528]},"properties":{"type":"pakketpunt","locatieNaam":"TABACCHERIA N. 81","straatNaam":"CORSO VENEZIA 3-A","straatNr":"","vervoerder":"DHL","puntType":"parcelShop","bezettingsgraad":50,"latitude":45.439528,"longitude":11.016018,"canPickup":true,"canDropoff":true,"openingstijden":{"ma":"06:00 - 12:30, 15:00 - 19:00","di":"06:00 - 12:30, 15:00 - 19:00","wo":"06:00 - 12:30, 15:00 - 19:00","do":"06:00 - 12:30, 15:00 - 19:00","vr":"06:00 - 12:30, 15:00 - 19:00","za":"06:00 - 12:30","zo":"gesloten"}}},{"type":"Feature","geometry":{"type":"Point","coordinates":[11.0159,45.4395]},"properties":{"type":"pakketpunt","locatieNaam":"TABACCHERIA EDICOLA DI MENINI","straatNaam":"Corso Venezia 3/a","straatNr":"","vervoerder":"DHL","puntType":"parcelShop","bezettingsgraad":50,"latitude":45.4395,"longitude":11.0159,"canPickup":false,"canDropoff":true,"openingstijden":{"ma":"06:00 - 19:00","di":"06:00 - 19:00","wo":"06:00 - 19:00","do":"06:00 - 19:00","vr":"06:00 - 19:00","za":"06:00 - 12:30","zo":"gesloten"}}},{"type":"Feature","geometry":{"type":"Point","coordinates":[11.013864,45.439702]},"properties":{"type":"pakketpunt","locatieNaam":"TABACCHERIA N. 26","straatNaam":"VIA VENTI SETTEMBRE 140","straatNr":"","vervoerder":"DHL","puntType":"parcelShop","bezettingsgraad":50,"latitude":45.439702,"longitude":11.013864,"canPickup":true,"canDropoff":true,"openingstijden":{"ma":"07:00 - 20:00","di":"07:00 - 20:00","wo":"07:00 - 20:00","do":"07:00 - 20:00","vr":"07:00 - 20:00","za":"07:00 - 20:00","zo":"07:00 - 13:00"}}},{"type":"Feature","geometry":{"type":"Point","coordinates":[11.012817,45.440153]},"properties":{"type":"pakketpunt","locatieNaam":"TABACCHERIA N. 7","straatNaam":"VICOLO PORTA VESCOVO 1","straatNr":"","vervoerder":"DHL","puntType":"parcelShop","bezettingsgraad":50,"latitude":45.440153,"longitude":11.012817,"canPickup":true,"canDropoff":true,"openingstijden":{"ma":"07:00 - 13:30, 14:30 - 19:30","di":"07:00 - 13:30, 14:30 - 19:30","wo":"07:00 - 13:30, 14:30 - 19:30","do":"07:00 - 13:30, 14:30 - 19:30","vr":"07:00 - 13:30, 14:30 - 19:30","za":"07:00 - 13:30, 14:30 - 19:30","zo":"gesloten"}}},{"type":"Feature","geometry":{"type":"Point","coordinates":[11.012824,45.440309]},"properties":{"type":"pakketpunt","locatieNaam":"CORALBA VIAGGI","straatNaam":"Vicolo Porta Vescovo, 1","straatNr":"","vervoerder":"DHL","puntType":"parcelShop","bezettingsgraad":50,"latitude":45.440309,"longitude":11.012824,"canPickup":false,"canDropoff":true,"openingstijden":{"ma":"10:00 - 19:00","di":"10:00 - 19:00","wo":"10:00 - 19:00","do":"10:00 - 19:00","vr":"10:00 - 19:00","za":"10:00 - 13:30","zo":"gesloten"}}},{"type":"Feature","geometry":{"type":"Point","coordinates":[11.010192,45.432656]},"properties":{"type":"pakketpunt","locatieNaam":"TABACCHERIA N. 160","straatNaam":"VIA LUCIANO LIGABO 8","straatNr":"","vervoerder":"DHL","puntType":"parcelShop","bezettingsgraad":50,"latitude":45.432656,"longitude":11.010192,"canPickup":true,"canDropoff":true,"openingstijden":{"ma":"06:30 - 13:00, 15:00 - 19:30","di":"06:30 - 13:00, 15:00 - 19:30","wo":"06:30 - 13:00, 15:00 - 19:30","do":"06:30 - 13:00, 15:00 - 19:30","vr":"06:30 - 13:00, 15:00 - 19:30","za":"06:30 - 13:00, 15:00 - 19:30","zo":"06:30 - 12:30"}}},{"type":"Feature","geometry":{"type":"Point","coordinates":[11.007412,45.439473]},"properties":{"type":"pakketpunt","locatieNaam":"TABACCHERIA N. 44","straatNaam":"VIA VENTI SETTEMBRE 42-B","straatNr":"","vervoerder":"DHL","puntType":"parcelShop","bezettingsgraad":50,"latitude":45.439473,"longitude":11.007412,"canPickup":true,"canDropoff":true,"openingstijden":{"ma":"07:45 - 12:50, 15:45 - 19:30","di":"07:45 - 12:50, 15:45 - 19:30","wo":"07:45 - 12:50, 15:45 - 19:30","do":"07:45 - 12:50, 15:45 - 19:30","vr":"07:45 - 12:50, 15:45 - 19:30","za":"08:00 - 12:50, 16:00 - 19:30","zo":"gesloten"}}},{"type":"Feature","geometry":{"type":"Point","coordinates":[11.004422,45.443301]},"properties":{"type":"pakketpunt","locatieNaam":"Ufficio Postale VERONA CENTRO","straatNaam":"VIA PORTA ORGANA 2","straatNr":"","vervoerder":"DHL","puntType":"postOffice","bezettingsgraad":50,"latitude":45.443301,"longitude":11.004422,"canPickup":true,"canDropoff":true,"openingstijden":{"ma":"08:20 - 19:05","di":"08:20 - 19:05","wo":"08:20 - 19:05","do":"08:20 - 19:05","vr":"08:20 - 19:05","za":"08:20 - 12:35","zo":"gesloten"}}},{"type":"Feature","geometry":{"type":"Point","coordinates":[11.003417,45.439055]},"properties":{"type":"pakketpunt","locatieNaam":"TABACCHERIA N. 58","straatNaam":"VIA SAN PAOLO 15","straatNr":"","vervoerder":"DHL","puntType":"parcelShop","bezettingsgraad":50,"latitude":45.439055,"longitude":11.003417,"canPickup":true,"canDropoff":true,"openingstijden":{"ma":"07:00 - 12:30, 15:30 - 19:30","di":"07:00 - 12:30, 15:30 - 19:30","wo":"07:00 - 12:30, 15:30 - 19:30","do":"07:00 - 12:30, 15:30 - 19:30","vr":"07:00 - 12:30, 15:30 - 19:30","za":"07:00 - 12:30, 15:30 - 19:30","zo":"08:00 - 12:30"}}},{"type":"Feature","geometry":{"type":"Point","coordinates":[11.003281,45.445304]},"properties":{"type":"pakketpunt","locatieNaam":"TABACCHERIA N. 20","straatNaam":"INTERRATO ACQUA MORTA 84","straatNr":"","vervoerder":"DHL","puntType":"parcelShop","bezettingsgraad":50,"latitude":45.445304,"longitude":11.003281,"canPickup":true,"canDropoff":true,"openingstijden":{"ma":"06:30 - 13:30, 15:30 - 19:30","di":"06:30 - 13:30, 15:30 - 19:30","wo":"06:30 - 13:30, 15:30 - 19:30","do":"06:30 - 13:30, 15:30 - 19:30","vr":"06:30 - 13:30, 15:30 - 19:30","za":"06:30 - 13:30, 15:30 - 19:30","zo":"07:00 - 12:30"}}},{"type":"Feature","geometry":{"type":"Point","coordinates":[10.936179,45.480821]},"properties":{"type":"pakketpunt","locatieNaam":"STAZIONE DI SERVIZIO IP","straatNaam":"VIALE DEL BRENNERO SNC 1","straatNr":"","vervoerder":"DHL","puntType":"packStation","bezettingsgraad":50,"latitude":45.480821,"longitude":10.936179,"canPickup":true,"canDropoff":true,"openingstijden":{"ma":"00:01 - 23:59","di":"00:01 - 23:59","wo":"00:01 - 23:59","do":"00:01 - 23:59","vr":"00:01 - 23:59","za":"00:01 - 23:59","zo":"00:01 - 23:59"}}},{"type":"Feature","geometry":{"type":"Point","coordinates":[10.942313,45.479545]},"properties":{"type":"pakketpunt","locatieNaam":"OFFICINA SETTIMO SUONO","straatNaam":"VIA DEI RETI 18","straatNr":"","vervoerder":"DHL","puntType":"packStation","bezettingsgraad":50,"latitude":45.479545,"longitude":10.942313,"canPickup":true,"canDropoff":true,"openingstijden":{"ma":"09:00 - 19:30","di":"09:00 - 19:30","wo":"09:00 - 19:30","do":"09:00 - 19:30","vr":"09:00 - 19:30","za":"gesloten","zo":"gesloten"}}},{"type":"Feature","geometry":{"type":"Point","coordinates":[10.947177,45.478121]},"properties":{"type":"pakketpunt","locatieNaam":"TABACCHERIA N. 125","straatNaam":"LARGO STAZIONE VECCHIA 14","straatNr":"","vervoerder":"DHL","puntType":"parcelShop","bezettingsgraad":50,"latitude":45.478121,"longitude":10.947177,"canPickup":true,"canDropoff":true,"openingstijden":{"ma":"07:30 - 20:00","di":"07:30 - 20:00","wo":"07:30 - 20:00","do":"07:30 - 20:00","vr":"07:30 - 20:00","za":"07:30 - 20:00","zo":"07:30 - 20:00"}}},{"type":"Feature","geometry":{"type":"Point","coordinates":[10.949994,45.475595]},"properties":{"type":"pakketpunt","locatieNaam":"Ufficio Postale PARONA DI VALPOLICE","straatNaam":"PIAZZA DEL PORTO 23","straatNr":"","vervoerder":"DHL","puntType":"postOffice","bezettingsgraad":50,"latitude":45.475595,"longitude":10.949994,"canPickup":true,"canDropoff":true,"openingstijden":{"ma":"08:20 - 13:35","di":"08:20 - 13:35","wo":"08:20 - 13:35","do":"08:20 - 13:35","vr":"08:20 - 13:35","za":"08:20 - 12:35","zo":"gesloten"}}},{"type":"Feature","geometry":{"type":"Point","coordinates":[11.018814,45.494295]},"properties":{"type":"pakketpunt","locatieNaam":"Ufficio Postale QUINTO DI VALPANTEN","straatNaam":"VIA VALPANTENA 87","straatNr":"","vervoerder":"DHL","puntType":"postOffice","bezettingsgraad":50,"latitude":45.494295,"longitude":11.018814,"canPickup":true,"canDropoff":true,"openingstijden":{"ma":"08:20 - 13:35","di":"08:20 - 13:35","wo":"08:20 - 13:35","do":"08:20 - 13:35","vr":"08:20 - 13:35","za":"08:20 - 12:35","zo":"gesloten"}}},{"type":"Feature","geometry":{"type":"Point","coordinates":[11.019255,45.492196]},"properties":{"type":"pakketpunt","locatieNaam":"TABACCHERIA N. 128","straatNaam":"VIA VALPANTENA 79-A","straatNr":"","vervoerder":"DHL","puntType":"parcelShop","bezettingsgraad":50,"latitude":45.492196,"longitude":11.019255,"canPickup":true,"canDropoff":true,"openingstijden":{"ma":"07:00 - 13:00, 15:30 - 20:00","di":"07:00 - 13:00, 15:30 - 20:00","wo":"07:00 - 13:00, 15:30 - 20:00","do":"07:00 - 13:00, 15:30 - 20:00","vr":"07:00 - 13:00, 15:30 - 20:00","za":"07:00 - 13:00, 15:30 - 20:00","zo":"gesloten"}}},{"type":"Feature","geometry":{"type":"Point","coordinates":[10.975609,45.465993]},"properties":{"type":"pakketpunt","locatieNaam":"TABACCHERIA N. 101","straatNaam":"VIA FABBRICATO SCOLASTICO 19-A","straatNr":"","vervoerder":"DHL","puntType":"parcelShop","bezettingsgraad":50,"latitude":45.465993,"longitude":10.975609,"canPickup":true,"canDropoff":true,"openingstijden":{"ma":"07:00 - 12:30, 16:00 - 19:30","di":"07:00 - 12:30, 16:00 - 19:30","wo":"07:00 - 12:30, 16:00 - 19:30","do":"07:00 - 12:30, 16:00 - 19:30","vr":"07:00 - 12:30, 16:00 - 19:30","za":"07:00 - 12:30, 16:00 - 19:30","zo":"gesloten"}}},{"type":"Feature","geometry":{"type":"Point","coordinates":[10.987806,45.465358]},"properties":{"type":"pakketpunt","locatieNaam":"Ufficio Postale VERONA 21","straatNaam":"VIA DELLE AGOSTINIANE 35","straatNr":"","vervoerder":"DHL","puntType":"postOffice","bezettingsgraad":50,"latitude":45.465358,"longitude":10.987806,"canPickup":true,"canDropoff":true,"openingstijden":{"ma":"08:20 - 13:45","di":"08:20 - 13:45","wo":"08:20 - 13:45","do":"08:20 - 13:45","vr":"08:20 - 13:45","za":"08:20 - 12:45","zo":"gesloten"}}},{"type":"Feature","geometry":{"type":"Point","coordinates":[11.016126,45.472965]},"properties":{"type":"pakketpunt","locatieNaam":"Ufficio Postale POIANO DI VALPANTEN","straatNaam":"VIA POIANO 42","straatNr":"","vervoerder":"DHL","puntType":"postOffice","bezettingsgraad":50,"latitude":45.472965,"longitude":11.016126,"canPickup":true,"canDropoff":true,"openingstijden":{"ma":"08:20 - 13:45","di":"08:20 - 13:45","wo":"08:20 - 13:45","do":"08:20 - 13:45","vr":"08:20 - 13:45","za":"08:20 - 12:45","zo":"gesloten"}}},{"type":"Feature","geometry":{"type":"Point","coordinates":[11.015442,45.472026]},"properties":{"type":"pakketpunt","locatieNaam":"TABACCHERIA N. 130","straatNaam":"VIA POIANO 59-61","straatNr":"","vervoerder":"DHL","puntType":"parcelShop","bezettingsgraad":50,"latitude":45.472026,"longitude":11.015442,"canPickup":true,"canDropoff":true,"openingstijden":{"ma":"07:00 - 12:30, 15:30 - 19:30","di":"07:00 - 12:30, 15:30 - 19:30","wo":"07:00 - 12:30, 15:30 - 19:30","do":"07:00 - 12:30, 15:30 - 19:30","vr":"07:00 - 12:30, 15:30 - 19:30","za":"07:00 - 12:30, 15:30 - 19:30","zo":"gesloten"}}},{"type":"Feature","geometry":{"type":"Point","coordinates":[11.01534,45.47167]},"properties":{"type":"pakketpunt","locatieNaam":"ALIMENTARI EDICOLA IMANETTI","straatNaam":"Via Poiano 43","straatNr":"","vervoerder":"DHL","puntType":"parcelShop","bezettingsgraad":50,"latitude":45.47167,"longitude":11.01534,"canPickup":false,"canDropoff":true,"openingstijden":{"ma":"10:00 - 19:00","di":"10:00 - 19:00","wo":"10:00 - 19:00","do":"10:00 - 19:00","vr":"10:00 - 19:00","za":"10:00 - 14:00","zo":"gesloten"}}},{"type":"Feature","geometry":{"type":"Point","coordinates":[10.992116,45.396273]},"properties":{"type":"pakketpunt","locatieNaam":"STAZIONE DI SERVIZIO","straatNaam":"VIA FORTE TOMBA 47","straatNr":"","vervoerder":"DHL","puntType":"packStation","bezettingsgraad":50,"latitude":45.396273,"longitude":10.992116,"canPickup":true,"canDropoff":true,"openingstijden":{"ma":"00:01 - 23:59","di":"00:01 - 23:59","wo":"00:01 - 23:59","do":"00:01 - 23:59","vr":"00:01 - 23:59","za":"00:01 - 23:59","zo":"00:01 - 23:59"}}},{"type":"Feature","geometry":{"type":"Point","coordinates":[10.9791,45.4587]},"properties":{"type":"pakketpunt","locatieNaam":"TABACCHERIA FASOLI NICOLA","straatNaam":"Via Alessandro Poerio 7/b","straatNr":"","vervoerder":"DHL","puntType":"parcelShop","bezettingsgraad":50,"latitude":45.4587,"longitude":10.9791,"canPickup":false,"canDropoff":true,"openingstijden":{"ma":"07:30 - 19:30","di":"07:30 - 19:30","wo":"07:30 - 19:30","do":"07:30 - 19:30","vr":"07:30 - 19:30","za":"07:30 - 19:30","zo":"gesloten"}}},{"type":"Feature","geometry":{"type":"Point","coordinates":[10.979135,45.458691]},"properties":{"type":"pakketpunt","locatieNaam":"TABACCHERIA N. 200","straatNaam":"VIA ALESSANDRO POERIO 7-B","straatNr":"","vervoerder":"DHL","puntType":"parcelShop","bezettingsgraad":50,"latitude":45.458691,"longitude":10.979135,"canPickup":true,"canDropoff":true,"openingstijden":{"ma":"07:30 - 12:30, 15:30 - 19:30","di":"07:30 - 12:30, 15:30 - 19:30","wo":"07:30 - 12:30, 15:30 - 19:30","do":"07:30 - 12:30, 15:30 - 19:30","vr":"07:30 - 12:30, 15:30 - 19:30","za":"07:30 - 12:30, 15:30 - 19:30","zo":"gesloten"}}},{"type":"Feature","geometry":{"type":"Point","coordinates":[10.983151,45.455018]},"properties":{"type":"pakketpunt","locatieNaam":"TABACCHERIA N. 92","straatNaam":"VIA GOFFREDO MAMELI 138-A","straatNr":"","vervoerder":"DHL","puntType":"parcelShop","bezettingsgraad":50,"latitude":45.455018,"longitude":10.983151,"canPickup":true,"canDropoff":true,"openingstijden":{"ma":"06:40 - 13:00, 16:00 - 19:00","di":"06:40 - 13:00, 16:00 - 19:00","wo":"06:40 - 13:00, 16:00 - 19:00","do":"06:40 - 13:00, 16:00 - 19:00","vr":"06:40 - 13:00, 16:00 - 19:00","za":"06:40 - 13:00, 16:00 - 19:00","zo":"08:00 - 13:00"}}},{"type":"Feature","geometry":{"type":"Point","coordinates":[10.986589,45.452177]},"properties":{"type":"pakketpunt","locatieNaam":"TABACCHERIA BORGO TRENTO","straatNaam":"PIAZZALE ARISTIDE STEFANI 4","straatNr":"","vervoerder":"DHL","puntType":"packStation","bezettingsgraad":50,"latitude":45.452177,"longitude":10.986589,"canPickup":true,"canDropoff":true,"openingstijden":{"ma":"00:01 - 23:59","di":"00:01 - 23:59","wo":"00:01 - 23:59","do":"00:01 - 23:59","vr":"00:01 - 23:59","za":"00:01 - 23:59","zo":"00:01 - 23:59"}}},{"type":"Feature","geometry":{"type":"Point","coordinates":[10.986586,45.452143]},"properties":{"type":"pakketpunt","locatieNaam":"TOTORICEVITORIA BORGO TRENTO","straatNaam":"Piazzale Aristide Stefani, 4","straatNr":"","vervoerder":"DHL","puntType":"parcelShop","bezettingsgraad":50,"latitude":45.452143,"longitude":10.986586,"canPickup":false,"canDropoff":true,"openingstijden":{"ma":"06:30 - 19:30","di":"06:30 - 19:30","wo":"06:30 - 19:30","do":"06:30 - 19:30","vr":"06:30 - 19:30","za":"07:00 - 19:30","zo":"gesloten"}}},{"type":"Feature","geometry":{"type":"Point","coordinates":[10.988121,45.450073]},"properties":{"type":"pakketpunt","locatieNaam":"Ufficio Postale VERONA 6","straatNaam":"VIA CIRO MENOTTI 18-A","straatNr":"","vervoerder":"DHL","puntType":"postOffice","bezettingsgraad":50,"latitude":45.450073,"longitude":10.988121,"canPickup":true,"canDropoff":true,"openingstijden":{"ma":"08:20 - 13:35","di":"08:20 - 13:35","wo":"08:20 - 13:35","do":"08:20 - 13:35","vr":"08:20 - 13:35","za":"08:20 - 12:35","zo":"gesloten"}}},{"type":"Feature","geometry":{"type":"Point","coordinates":[11.001436,45.455197]},"properties":{"type":"pakketpunt","locatieNaam":"TABACCHERIA ORSINI","straatNaam":"Via Marsala 58/d","straatNr":"","vervoerder":"DHL","puntType":"parcelShop","bezettingsgraad":50,"latitude":45.455197,"longitude":11.001436,"canPickup":false,"canDropoff":true,"openingstijden":{"ma":"06:00 - 19:30","di":"06:00 - 19:30","wo":"06:00 - 19:30","do":"06:00 - 19:30","vr":"06:00 - 19:30","za":"06:00 - 19:30","zo":"gesloten"}}},{"type":"Feature","geometry":{"type":"Point","coordinates":[11.001531,45.455235]},"properties":{"type":"pakketpunt","locatieNaam":"TABACCHERIA N. 185","straatNaam":"VIA MARSALA 58-D","straatNr":"","vervoerder":"DHL","puntType":"parcelShop","bezettingsgraad":50,"latitude":45.455235,"longitude":11.001531,"canPickup":true,"canDropoff":true,"openingstijden":{"ma":"06:30 - 13:00, 16:30 - 19:30","di":"06:30 - 13:00, 16:30 - 19:30","wo":"06:30 - 13:00, 16:30 - 19:30","do":"06:30 - 13:00, 16:00 - 19:30","vr":"06:30 - 13:00, 16:30 - 19:30","za":"06:30 - 13:00","zo":"07:00 - 12:30"}}},{"type":"Feature","geometry":{"type":"Point","coordinates":[11.001037,45.451104]},"properties":{"type":"pakketpunt","locatieNaam":"EDICOLA TABACCHERIA DI SIGNORINI SI","straatNaam":"Via Marsala 2c","straatNr":"","vervoerder":"DHL","puntType":"parcelShop","bezettingsgraad":50,"latitude":45.451104,"longitude":11.001037,"canPickup":false,"canDropoff":true,"openingstijden":{"ma":"07:30 - 19:30","di":"07:30 - 19:30","wo":"07:30 - 19:30","do":"07:30 - 19:30","vr":"07:30 - 19:30","za":"08:00 - 13:00","zo":"gesloten"}}},{"type":"Feature","geometry":{"type":"Point","coordinates":[10.989607,45.445899]},"properties":{"type":"pakketpunt","locatieNaam":"RIPARO PER TE - VERONA","straatNaam":"VIA GIUSEPPE CESARE ABBA 13-C","straatNr":"","vervoerder":"DHL","puntType":"parcelShop","bezettingsgraad":50,"latitude":45.445899,"longitude":10.989607,"canPickup":true,"canDropoff":true,"openingstijden":{"ma":"08:30 - 13:00, 15:00 - 19:30","di":"08:30 - 13:00, 15:00 - 19:30","wo":"08:30 - 13:00, 15:00 - 19:30","do":"08:30 - 13:00, 15:00 - 19:30","vr":"08:30 - 13:00, 15:00 - 19:30","za":"09:00 - 13:00","zo":"gesloten"}}},{"type":"Feature","geometry":{"type":"Point","coordinates":[10.994144,45.442276]},"properties":{"type":"pakketpunt","locatieNaam":"TABACCHERIA N. 21","straatNaam":"CORSO PORTA BORSARI 45","straatNr":"","vervoerder":"DHL","puntType":"parcelShop","bezettingsgraad":50,"latitude":45.442276,"longitude":10.994144,"canPickup":true,"canDropoff":true,"openingstijden":{"ma":"08:30 - 19:30","di":"08:30 - 19:30","wo":"08:30 - 19:30","do":"08:30 - 19:30","vr":"08:30 - 19:30","za":"08:30 - 19:30","zo":"10:00 - 12:30, 15:00 - 19:00"}}},{"type":"Feature","geometry":{"type":"Point","coordinates":[10.990716,45.439303]},"properties":{"type":"pakketpunt","locatieNaam":"Ufficio Postale VERONA 2","straatNaam":"VIA CARLO CATTANEO 23","straatNr":"","vervoerder":"DHL","puntType":"postOffice","bezettingsgraad":50,"latitude":45.439303,"longitude":10.990716,"canPickup":true,"canDropoff":true,"openingstijden":{"ma":"08:20 - 19:05","di":"08:20 - 19:05","wo":"08:20 - 19:05","do":"08:20 - 19:05","vr":"08:20 - 19:05","za":"08:20 - 12:35","zo":"gesloten"}}},{"type":"Feature","geometry":{"type":"Point","coordinates":[10.99267,45.43944]},"properties":{"type":"pakketpunt","locatieNaam":"TABACCHERIA n. 41","straatNaam":"PIAZZA BRA 6-B","straatNr":"","vervoerder":"DHL","puntType":"parcelShop","bezettingsgraad":50,"latitude":45.43944,"longitude":10.99267,"canPickup":true,"canDropoff":true,"openingstijden":{"ma":"gesloten","di":"08:00 - 19:30","wo":"08:00 - 19:30","do":"08:00 - 19:30","vr":"08:00 - 19:30","za":"08:00 - 19:30","zo":"08:00 - 19:30"}}},{"type":"Feature","geometry":{"type":"Point","coordinates":[10.987824,45.436901]},"properties":{"type":"pakketpunt","locatieNaam":"INTRALOT GRGSPORT","straatNaam":"VIA AMATORE SCIESA 29-A","straatNr":"","vervoerder":"DHL","puntType":"parcelShop","bezettingsgraad":50,"latitude":45.436901,"longitude":10.987824,"canPickup":true,"canDropoff":true,"openingstijden":{"ma":"13:00 - 19:00","di":"11:00 - 19:00","wo":"11:00 - 19:00","do":"11:00 - 19:00","vr":"11:00 - 19:00","za":"11:00 - 19:00","zo":"11:00 - 19:00"}}},{"type":"Feature","geometry":{"type":"Point","coordinates":[11.000473,45.43984]},"properties":{"type":"pakketpunt","locatieNaam":"TABACCHERIA N. 34","straatNaam":"VIA LEONI 15","straatNr":"","vervoerder":"DHL","puntType":"parcelShop","bezettingsgraad":50,"latitude":45.43984,"longitude":11.000473,"canPickup":true,"canDropoff":true,"openingstijden":{"ma":"08:00 - 13:30, 15:30 - 19:30","di":"08:00 - 13:30, 15:30 - 19:30","wo":"08:00 - 13:30, 15:30 - 19:30","do":"08:00 - 13:30, 15:30 - 19:30","vr":"08:00 - 13:30, 15:30 - 19:30","za":"08:00 - 13:30, 15:30 - 19:30","zo":"gesloten"}}},{"type":"Feature","geometry":{"type":"Point","coordinates":[10.976666,45.406138]},"properties":{"type":"pakketpunt","locatieNaam":"CENTRO COMMERCIALE ADIGEO","straatNaam":"VIALE DELLE NAZIONI 1","straatNr":"","vervoerder":"DHL","puntType":"packStation","bezettingsgraad":50,"latitude":45.406138,"longitude":10.976666,"canPickup":true,"canDropoff":true,"openingstijden":{"ma":"09:00 - 21:00","di":"09:00 - 21:00","wo":"09:00 - 21:00","do":"09:00 - 21:00","vr":"09:00 - 21:00","za":"09:00 - 21:00","zo":"09:00 - 21:00"}}},{"type":"Feature","geometry":{"type":"Point","coordinates":[10.984489,45.405772]},"properties":{"type":"pakketpunt","locatieNaam":"TABACCHERIA N. 77","straatNaam":"VIA SCUDERLANDO 350","straatNr":"","vervoerder":"DHL","puntType":"parcelShop","bezettingsgraad":50,"latitude":45.405772,"longitude":10.984489,"canPickup":true,"canDropoff":true,"openingstijden":{"ma":"07:00 - 12:30, 16:00 - 19:00","di":"07:00 - 12:30, 16:00 - 19:00","wo":"07:00 - 12:30, 16:00 - 19:00","do":"07:00 - 12:30, 16:00 - 19:00","vr":"07:00 - 12:30, 16:00 - 19:00","za":"07:00 - 12:30, 16:00 - 19:00","zo":"gesloten"}}},{"type":"Feature","geometry":{"type":"Point","coordinates":[10.98674,45.408644]},"properties":{"type":"pakketpunt","locatieNaam":"Ufficio Postale VERONA 16","straatNaam":"VIA UMAGO 3","straatNr":"","vervoerder":"DHL","puntType":"postOffice","bezettingsgraad":50,"latitude":45.408644,"longitude":10.98674,"canPickup":true,"canDropoff":true,"openingstijden":{"ma":"08:20 - 13:35","di":"08:20 - 13:35","wo":"08:20 - 13:35","do":"08:20 - 13:35","vr":"08:20 - 13:35","za":"08:20 - 12:35","zo":"gesloten"}}},{"type":"Feature","geometry":{"type":"Point","coordinates":[10.986611,45.409088]},"properties":{"type":"pakketpunt","locatieNaam":"TABACCHERIA N. 252","straatNaam":"VIA CENTRO 153","straatNr":"","vervoerder":"DHL","puntType":"parcelShop","bezettingsgraad":50,"latitude":45.409088,"longitude":10.986611,"canPickup":true,"canDropoff":true,"openingstijden":{"ma":"08:00 - 13:00, 15:00 - 19:30","di":"08:00 - 13:00, 15:00 - 19:30","wo":"08:00 - 13:00, 15:00 - 19:30","do":"08:00 - 13:00, 15:00 - 19:30","vr":"08:00 - 13:00, 15:00 - 19:30","za":"08:00 - 13:00, 15:00 - 19:30","zo":"gesloten"}}},{"type":"Feature","geometry":{"type":"Point","coordinates":[10.987629,45.413581]},"properties":{"type":"pakketpunt","locatieNaam":"L E C COMPUTER","straatNaam":"VIA FIUME 10","straatNr":"","vervoerder":"DHL","puntType":"parcelShop","bezettingsgraad":50,"latitude":45.413581,"longitude":10.987629,"canPickup":true,"canDropoff":true,"openingstijden":{"ma":"15:30 - 19:30","di":"09:30 - 12:30, 15:30 - 19:30","wo":"09:30 - 12:30, 15:30 - 19:30","do":"09:30 - 12:30, 15:30 - 19:30","vr":"09:30 - 12:30, 15:30 - 19:30","za":"09:30 - 12:30","zo":"gesloten"}}},{"type":"Feature","geometry":{"type":"Point","coordinates":[10.985747,45.414898]},"properties":{"type":"pakketpunt","locatieNaam":"TABACCHERIA GAIA & GIO'","straatNaam":"Via Scuderlando 98","straatNr":"","vervoerder":"DHL","puntType":"parcelShop","bezettingsgraad":50,"latitude":45.414898,"longitude":10.985747,"canPickup":false,"canDropoff":true,"openingstijden":{"ma":"07:00 - 19:30","di":"07:00 - 19:30","wo":"07:00 - 19:30","do":"07:00 - 19:30","vr":"07:00 - 19:30","za":"07:00 - 19:30","zo":"gesloten"}}},{"type":"Feature","geometry":{"type":"Point","coordinates":[10.985825,45.414919]},"properties":{"type":"pakketpunt","locatieNaam":"TABACCHERIA N. 75","straatNaam":"VIA SCUDERLANDO 98","straatNr":"","vervoerder":"DHL","puntType":"parcelShop","bezettingsgraad":50,"latitude":45.414919,"longitude":10.985825,"canPickup":true,"canDropoff":true,"openingstijden":{"ma":"07:00 - 12:30, 15:00 - 19:00","di":"07:00 - 12:30, 15:00 - 19:00","wo":"07:00 - 12:30, 15:00 - 19:00","do":"07:00 - 12:30, 15:00 - 19:00","vr":"07:00 - 12:30, 15:00 - 19:00","za":"07:00 - 12:30, 15:00 - 19:00","zo":"gesloten"}}},{"type":"Feature","geometry":{"type":"Point","coordinates":[10.992859,45.410707]},"properties":{"type":"pakketpunt","locatieNaam":"Ufficio Postale VERONA 31","straatNaam":"VIA MONTEROTONDO 21","straatNr":"","vervoerder":"DHL","puntType":"postOffice","bezettingsgraad":50,"latitude":45.410707,"longitude":10.992859,"canPickup":true,"canDropoff":true,"openingstijden":{"ma":"08:20 - 13:35","di":"08:20 - 13:35","wo":"08:20 - 13:35","do":"08:20 - 13:35","vr":"08:20 - 13:35","za":"08:20 - 12:35","zo":"gesloten"}}},{"type":"Feature","geometry":{"type":"Point","coordinates":[10.994217,45.410377]},"properties":{"type":"pakketpunt","locatieNaam":"TABACCHERIA N. 181","straatNaam":"VIA BARTOLOMEO GIULIARI 29","straatNr":"","vervoerder":"DHL","puntType":"parcelShop","bezettingsgraad":50,"latitude":45.410377,"longitude":10.994217,"canPickup":true,"canDropoff":true,"openingstijden":{"ma":"07:30 - 12:30, 16:00 - 19:30","di":"07:30 - 12:30, 16:00 - 19:30","wo":"07:30 - 12:30, 16:00 - 19:30","do":"07:30 - 12:30, 16:00 - 19:30","vr":"07:30 - 12:30, 16:00 - 19:30","za":"07:30 - 12:30","zo":"gesloten"}}},{"type":"Feature","geometry":{"type":"Point","coordinates":[10.988031,45.415601]},"properties":{"type":"pakketpunt","locatieNaam":"TABACCHERIA N. 153","straatNaam":"VIA GORIZIA 3-A","straatNr":"","vervoerder":"DHL","puntType":"parcelShop","bezettingsgraad":50,"latitude":45.415601,"longitude":10.988031,"canPickup":true,"canDropoff":true,"openingstijden":{"ma":"08:00 - 12:30, 15:30 - 19:00","di":"08:00 - 12:30, 15:30 - 19:00","wo":"08:00 - 12:30, 15:30 - 19:00","do":"08:00 - 12:30, 15:30 - 19:00","vr":"08:00 - 12:30, 15:30 - 19:00","za":"08:00 - 12:30, 15:30 - 19:00","zo":"gesloten"}}},{"type":"Feature","geometry":{"type":"Point","coordinates":[10.990685,45.416384]},"properties":{"type":"pakketpunt","locatieNaam":"REHMAN MULTISERVIZI","straatNaam":"Via Centro 2d","straatNr":"","vervoerder":"DHL","puntType":"parcelShop","bezettingsgraad":50,"latitude":45.416384,"longitude":10.990685,"canPickup":false,"canDropoff":true,"openingstijden":{"ma":"09:00 - 20:00","di":"09:00 - 20:00","wo":"09:00 - 20:00","do":"09:00 - 20:00","vr":"09:00 - 20:00","za":"09:00 - 20:00","zo":"gesloten"}}},{"type":"Feature","geometry":{"type":"Point","coordinates":[11.00035,45.40782]},"properties":{"type":"pakketpunt","locatieNaam":"TABACCHERIA PAOLO VAIENTE","straatNaam":"Dei Lamberti 29","straatNr":"","vervoerder":"DHL","puntType":"parcelShop","bezettingsgraad":50,"latitude":45.40782,"longitude":11.00035,"canPickup":false,"canDropoff":true,"openingstijden":{"ma":"08:00 - 19:30","di":"08:00 - 19:30","wo":"08:00 - 19:30","do":"08:00 - 19:30","vr":"08:00 - 19:30","za":"08:00 - 19:30","zo":"gesloten"}}},{"type":"Feature","geometry":{"type":"Point","coordinates":[11.000359,45.407813]},"properties":{"type":"pakketpunt","locatieNaam":"TABACCHERIA N. 214","straatNaam":"VIA DEI LAMBERTI 29","straatNr":"","vervoerder":"DHL","puntType":"parcelShop","bezettingsgraad":50,"latitude":45.407813,"longitude":11.000359,"canPickup":true,"canDropoff":true,"openingstijden":{"ma":"07:30 - 13:00, 15:00 - 19:30","di":"07:30 - 13:00, 15:00 - 19:30","wo":"07:30 - 13:00, 15:00 - 19:30","do":"07:30 - 13:00, 15:00 - 19:30","vr":"07:30 - 13:00, 15:00 - 19:30","za":"07:30 - 13:00, 15:00 - 19:30","zo":"gesloten"}}},{"type":"Feature","geometry":{"type":"Point","coordinates":[10.985262,45.420255]},"properties":{"type":"pakketpunt","locatieNaam":"Ufficio Postale VERONA 9","straatNaam":"VIA SANTA TERESA 45-A","straatNr":"","vervoerder":"DHL","puntType":"postOffice","bezettingsgraad":50,"latitude":45.420255,"longitude":10.985262,"canPickup":true,"canDropoff":true,"openingstijden":{"ma":"08:20 - 13:45","di":"08:20 - 13:45","wo":"08:20 - 13:45","do":"08:20 - 13:45","vr":"08:20 - 13:45","za":"08:20 - 12:45","zo":"gesloten"}}},{"type":"Feature","geometry":{"type":"Point","coordinates":[10.987647,45.419855]},"properties":{"type":"pakketpunt","locatieNaam":"TABACCHERIA N. 60","straatNaam":"VIA TOMBETTA 33","straatNr":"","vervoerder":"DHL","puntType":"parcelShop","bezettingsgraad":50,"latitude":45.419855,"longitude":10.987647,"canPickup":true,"canDropoff":true,"openingstijden":{"ma":"06:30 - 12:30, 16:00 - 19:30","di":"06:30 - 12:30, 16:00 - 19:30","wo":"06:30 - 12:30, 16:00 - 19:30","do":"06:30 - 12:30, 16:00 - 19:30","vr":"06:30 - 12:30, 16:00 - 19:30","za":"07:00 - 12:30, 16:00 - 19:30","zo":"gesloten"}}},{"type":"Feature","geometry":{"type":"Point","coordinates":[10.992991,45.426056]},"properties":{"type":"pakketpunt","locatieNaam":"TABACCHERIA N. 163","straatNaam":"VIA BASSO ACQUAR 33","straatNr":"","vervoerder":"DHL","puntType":"parcelShop","bezettingsgraad":50,"latitude":45.426056,"longitude":10.992991,"canPickup":true,"canDropoff":true,"openingstijden":{"ma":"06:00 - 12:30, 15:30 - 19:30","di":"06:00 - 12:30, 15:30 - 19:30","wo":"06:00 - 12:30, 15:30 - 19:30","do":"06:00 - 12:30, 15:30 - 19:30","vr":"06:00 - 12:30, 15:30 - 19:30","za":"06:00 - 12:30","zo":"gesloten"}}},{"type":"Feature","geometry":{"type":"Point","coordinates":[10.98905,45.433875]},"properties":{"type":"pakketpunt","locatieNaam":"TABACCHERIA N. 37","straatNaam":"CORSO PORTA NUOVA 58","straatNr":"","vervoerder":"DHL","puntType":"parcelShop","bezettingsgraad":50,"latitude":45.433875,"longitude":10.98905,"canPickup":true,"canDropoff":true,"openingstijden":{"ma":"07:00 - 13:00, 15:00 - 19:30","di":"07:00 - 13:00, 15:00 - 19:30","wo":"07:00 - 13:00, 15:00 - 19:30","do":"07:00 - 13:00, 15:00 - 19:30","vr":"07:00 - 13:00, 15:00 - 19:30","za":"07:00 - 13:00, 15:00 - 19:30","zo":"gesloten"}}},{"type":"Feature","geometry":{"type":"Point","coordinates":[10.996828,45.435072]},"properties":{"type":"pakketpunt","locatieNaam":"Ufficio Postale VERONA 10","straatNaam":"VIA DEL PONTIERE 3-E","straatNr":"","vervoerder":"DHL","puntType":"postOffice","bezettingsgraad":50,"latitude":45.435072,"longitude":10.996828,"canPickup":true,"canDropoff":true,"openingstijden":{"ma":"08:20 - 13:35","di":"08:20 - 13:35","wo":"08:20 - 13:35","do":"08:20 - 13:35","vr":"08:20 - 13:35","za":"08:20 - 12:35","zo":"gesloten"}}},{"type":"Feature","geometry":{"type":"Point","coordinates":[10.996689,45.435124]},"properties":{"type":"pakketpunt","locatieNaam":"TABACCHERIA N. 32","straatNaam":"VIA DEL PONTIERE 10","straatNr":"","vervoerder":"DHL","puntType":"parcelShop","bezettingsgraad":50,"latitude":45.435124,"longitude":10.996689,"canPickup":true,"canDropoff":true,"openingstijden":{"ma":"09:00 - 12:30, 15:00 - 18:30","di":"09:00 - 12:30, 15:00 - 18:30","wo":"09:00 - 12:30, 15:00 - 18:30","do":"09:00 - 12:30, 15:00 - 18:30","vr":"09:00 - 12:30, 15:00 - 18:30","za":"09:00 - 12:30, 15:30 - 18:30","zo":"gesloten"}}},{"type":"Feature","geometry":{"type":"Point","coordinates":[10.994041,45.436963]},"properties":{"type":"pakketpunt","locatieNaam":"TABACCHERIA N. 39","straatNaam":"PIAZZA CITTADELLA 30","straatNr":"","vervoerder":"DHL","puntType":"parcelShop","bezettingsgraad":50,"latitude":45.436963,"longitude":10.994041,"canPickup":true,"canDropoff":true,"openingstijden":{"ma":"07:00 - 19:30","di":"07:00 - 19:30","wo":"07:00 - 19:30","do":"07:00 - 19:30","vr":"07:00 - 19:30","za":"08:00 - 19:30","zo":"gesloten"}}},{"type":"Feature","geometry":{"type":"Point","coordinates":[10.999609,45.4135278]},"properties":{"type":"pakketpunt","locatieNaam":"Amazon Locker - zenzero","straatNaam":"Migross Pestrino","straatNr":"","vervoerder":"Amazon","puntType":"locker","bezettingsgraad":50,"latitude":45.4135278,"longitude":10.999609,"canPickup":true,"canDropoff":false,"openingstijden":null}},{"type":"Feature","geometry":{"type":"Point","coordinates":[10.9878423,45.4016089]},"properties":{"type":"pakketpunt","locatieNaam":"Amazon Locker - fulgero","straatNaam":"Stazione Esso Verona - 105321","straatNr":"","vervoerder":"Amazon","puntType":"locker","bezettingsgraad":50,"latitude":45.4016089,"longitude":10.9878423,"canPickup":true,"canDropoff":false,"openingstijden":null}},{"type":"Feature","geometry":{"type":"Point","coordinates":[10.99252,45.3926583]},"properties":{"type":"pakketpunt","locatieNaam":"Amazon Locker - efeso","straatNaam":"2 F S.R.L.","straatNr":"","vervoerder":"Amazon","puntType":"locker","bezettingsgraad":50,"latitude":45.3926583,"longitude":10.99252,"canPickup":true,"canDropoff":false,"openingstijden":null}},{"type":"Feature","geometry":{"type":"Point","coordinates":[10.9770453,45.4067251]},"properties":{"type":"pakketpunt","locatieNaam":"Amazon Locker - varia","straatNaam":"CC Adigeo Verona","straatNr":"","vervoerder":"Amazon","puntType":"locker","bezettingsgraad":50,"latitude":45.4067251,"longitude":10.9770453,"canPickup":true,"canDropoff":false,"openingstijden":null}},{"type":"Feature","geometry":{"type":"Point","coordinates":[10.991858,45.396563]},"properties":{"type":"pakketpunt","locatieNaam":"Amazon Locker - ombra","straatNaam":"Vega Carburanti-Verona 59","straatNr":"","vervoerder":"Amazon","puntType":"locker","bezettingsgraad":50,"latitude":45.396563,"longitude":10.991858,"canPickup":true,"canDropoff":false,"openingstijden":null}},{"type":"Feature","geometry":{"type":"Point","coordinates":[10.972387,45.384448]},"properties":{"type":"pakketpunt","locatieNaam":"Amazon Locker - mogano","straatNaam":"Scat - Verona S19","straatNr":"","vervoerder":"Amazon","puntType":"locker","bezettingsgraad":50,"latitude":45.384448,"longitude":10.972387,"canPickup":true,"canDropoff":false,"openingstijden":null}},{"type":"Feature","geometry":{"type":"Point","coordinates":[10.995152,45.383517]},"properties":{"type":"pakketpunt","locatieNaam":"Amazon Counter - PRIMAEDICOLA","straatNaam":"FILIPPI SIMONE LUIGI","straatNr":"","vervoerder":"Amazon","puntType":"helix","bezettingsgraad":50,"latitude":45.383517,"longitude":10.995152,"canPickup":true,"canDropoff":false,"openingstijden":null}},{"type":"Feature","geometry":{"type":"Point","coordinates":[10.902542,45.457592]},"properties":{"type":"pakketpunt","locatieNaam":"Amazon Locker - giovanmaria","straatNaam":"ENI Station pv.55602","straatNr":"","vervoerder":"Amazon","puntType":"locker","bezettingsgraad":50,"latitude":45.457592,"longitude":10.902542,"canPickup":true,"canDropoff":false,"openingstijden":null}},{"type":"Feature","geometry":{"type":"Point","coordinates":[10.940431,45.447966]},"properties":{"type":"pakketpunt","locatieNaam":"Amazon Locker - lia","straatNaam":"Migross Bionde","straatNr":"","vervoerder":"Amazon","puntType":"locker","bezettingsgraad":50,"latitude":45.447966,"longitude":10.940431,"canPickup":true,"canDropoff":false,"openingstijden":null}},{"type":"Feature","geometry":{"type":"Point","coordinates":[11.029003,45.439865]},"properties":{"type":"pakketpunt","locatieNaam":"Amazon Locker - pigna","straatNaam":"CONAD DAO - VERONA VIA PISANO","straatNr":"","vervoerder":"Amazon","puntType":"locker","bezettingsgraad":50,"latitude":45.439865,"longitude":11.029003,"canPickup":true,"canDropoff":false,"openingstijden":null}},{"type":"Feature","geometry":{"type":"Point","coordinates":[11.0153767,45.4716238813649]},"properties":{"type":"pakketpunt","locatieNaam":"Amazon Counter (fermopoint)","straatNaam":"Edicola Alimentari Poiano","straatNr":"","vervoerder":"Amazon","puntType":"helix","bezettingsgraad":50,"latitude":45.4716238813649,"longitude":11.0153767,"canPickup":true,"canDropoff":false,"openingstijden":null}},{"type":"Feature","geometry":{"type":"Point","coordinates":[11.0256261,45.4399439]},"properties":{"type":"pakketpunt","locatieNaam":"Amazon Locker - aysel","straatNaam":"Eni Station pv.52871","straatNr":"","vervoerder":"Amazon","puntType":"locker","bezettingsgraad":50,"latitude":45.4399439,"longitude":11.0256261,"canPickup":true,"canDropoff":false,"openingstijden":null}},{"type":"Feature","geometry":{"type":"Point","coordinates":[11.0153985,45.4382082]},"properties":{"type":"pakketpunt","locatieNaam":"Amazon Locker - fulghesu","straatNaam":"Stazione Retitalia Verona - 95133","straatNr":"","vervoerder":"Amazon","puntType":"locker","bezettingsgraad":50,"latitude":45.4382082,"longitude":11.0153985,"canPickup":true,"canDropoff":false,"openingstijden":null}},{"type":"Feature","geometry":{"type":"Point","coordinates":[11.0108467,45.4343267]},"properties":{"type":"pakketpunt","locatieNaam":"Amazon Locker - milia","straatNaam":"Stazione Tamoil - PV 6998","straatNr":"","vervoerder":"Amazon","puntType":"locker","bezettingsgraad":50,"latitude":45.4343267,"longitude":11.0108467,"canPickup":true,"canDropoff":false,"openingstijden":null}},{"type":"Feature","geometry":{"type":"Point","coordinates":[11.007401,45.434167]},"properties":{"type":"pakketpunt","locatieNaam":"Amazon Locker - eutropio","straatNaam":"Al Risparmio Verona Torbido","straatNr":"","vervoerder":"Amazon","puntType":"locker","bezettingsgraad":50,"latitude":45.434167,"longitude":11.007401,"canPickup":true,"canDropoff":false,"openingstijden":null}},{"type":"Feature","geometry":{"type":"Point","coordinates":[10.99211,45.43542]},"properties":{"type":"pakketpunt","locatieNaam":"Amazon Locker - leonello","straatNaam":"Burger King Franchisee VERONA ARENA","straatNr":"","vervoerder":"Amazon","puntType":"locker","bezettingsgraad":50,"latitude":45.43542,"longitude":10.99211,"canPickup":true,"canDropoff":false,"openingstijden":null}},{"type":"Feature","geometry":{"type":"Point","coordinates":[11.056362,45.430431]},"properties":{"type":"pakketpunt","locatieNaam":"Amazon Locker - caruso","straatNaam":"ENI Station pv.2003","straatNr":"","vervoerder":"Amazon","puntType":"locker","bezettingsgraad":50,"latitude":45.430431,"longitude":11.056362,"canPickup":true,"canDropoff":false,"openingstijden":null}},{"type":"Feature","geometry":{"type":"Point","coordinates":[11.024078,45.440225]},"properties":{"type":"pakketpunt","locatieNaam":"Amazon Counter - PRIMAEDICOLA","straatNaam":"MERUZZI GIANLUCA","straatNr":"","vervoerder":"Amazon","puntType":"helix","bezettingsgraad":50,"latitude":45.440225,"longitude":11.024078,"canPickup":true,"canDropoff":false,"openingstijden":null}},{"type":"Feature","geometry":{"type":"Point","coordinates":[10.99073,45.4379]},"properties":{"type":"pakketpunt","locatieNaam":"Amazon Locker - scudo","straatNaam":"PAM Verona-Bra","straatNr":"","vervoerder":"Amazon","puntType":"locker","bezettingsgraad":50,"latitude":45.4379,"longitude":10.99073,"canPickup":true,"canDropoff":false,"openingstijden":null}},{"type":"Feature","geometry":{"type":"Point","coordinates":[10.97804,45.448611]},"properties":{"type":"pakketpunt","locatieNaam":"Amazon Locker - bertino","straatNaam":"Eni Station pv.52863","straatNr":"","vervoerder":"Amazon","puntType":"locker","bezettingsgraad":50,"latitude":45.448611,"longitude":10.97804,"canPickup":true,"canDropoff":false,"openingstijden":null}},{"type":"Feature","geometry":{"type":"Point","coordinates":[10.9901624,45.4506807]},"properties":{"type":"pakketpunt","locatieNaam":"Amazon Locker - orlando","straatNaam":"Eni Station pv.56057","straatNr":"","vervoerder":"Amazon","puntType":"locker","bezettingsgraad":50,"latitude":45.4506807,"longitude":10.9901624,"canPickup":true,"canDropoff":false,"openingstijden":null}},{"type":"Feature","geometry":{"type":"Point","coordinates":[10.991932,45.435508]},"properties":{"type":"pakketpunt","locatieNaam":"Amazon Locker - tanina","straatNaam":"SABA - Verona (Arena)","straatNr":"","vervoerder":"Amazon","puntType":"locker","bezettingsgraad":50,"latitude":45.435508,"longitude":10.991932,"canPickup":true,"canDropoff":false,"openingstijden":null}},{"type":"Feature","geometry":{"type":"Point","coordinates":[10.9791854,45.4575161]},"properties":{"type":"pakketpunt","locatieNaam":"Amazon Locker - andina","straatNaam":"Eni Station pv. 3851","straatNr":"","vervoerder":"Amazon","puntType":"locker","bezettingsgraad":50,"latitude":45.4575161,"longitude":10.9791854,"canPickup":true,"canDropoff":false,"openingstijden":null}},{"type":"Feature","geometry":{"type":"Point","coordinates":[10.9870654,45.430043]},"properties":{"type":"pakketpunt","locatieNaam":"Amazon Locker - evandro","straatNaam":"Al Risparmio Verona Porta Nuova","straatNr":"","vervoerder":"Amazon","puntType":"locker","bezettingsgraad":50,"latitude":45.430043,"longitude":10.9870654,"canPickup":true,"canDropoff":false,"openingstijden":null}},{"type":"Feature","geometry":{"type":"Point","coordinates":[10.952295,45.420593]},"properties":{"type":"pakketpunt","locatieNaam":"Amazon Locker - clodomira","straatNaam":"Eni Station pv.57208","straatNr":"","vervoerder":"Amazon","puntType":"locker","bezettingsgraad":50,"latitude":45.420593,"longitude":10.952295,"canPickup":true,"canDropoff":false,"openingstijden":null}},{"type":"Feature","geometry":{"type":"Point","coordinates":[10.9795459,45.415181]},"properties":{"type":"pakketpunt","locatieNaam":"Amazon Locker - benedino","straatNaam":"Eni Station pv.3838","straatNr":"","vervoerder":"Amazon","puntType":"locker","bezettingsgraad":50,"latitude":45.415181,"longitude":10.9795459,"canPickup":true,"canDropoff":false,"openingstijden":null}},{"type":"Feature","geometry":{"type":"Point","coordinates":[10.977775,45.4094648]},"properties":{"type":"pakketpunt","locatieNaam":"Amazon Locker - arsenale","straatNaam":"Stazione Esso Verona - 106254","straatNr":"","vervoerder":"Amazon","puntType":"locker","bezettingsgraad":50,"latitude":45.4094648,"longitude":10.977775,"canPickup":true,"canDropoff":false,"openingstijden":null}},{"type":"Feature","geometry":{"type":"Point","coordinates":[10.98932,45.40907]},"properties":{"type":"pakketpunt","locatieNaam":"Amazon Locker - pinetto","straatNaam":"Stazione ESSO - Veronavia San Giacomo","straatNr":"","vervoerder":"Amazon","puntType":"locker","bezettingsgraad":50,"latitude":45.40907,"longitude":10.98932,"canPickup":true,"canDropoff":false,"openingstijden":null}},{"type":"Feature","geometry":{"type":"Point","coordinates":[10.993945,45.389446]},"properties":{"type":"pakketpunt","locatieNaam":"Amazon Counter - Enilive Station (n.53924)","straatNaam":"VIA FORTE TOMBA 30","straatNr":"","vervoerder":"Amazon","puntType":"helix","bezettingsgraad":50,"latitude":45.389446,"longitude":10.993945,"canPickup":true,"canDropoff":false,"openingstijden":null}},{"type":"Feature","geometry":{"type":"Point","coordinates":[10.990965,45.40171]},"properties":{"type":"pakketpunt","locatieNaam":"Amazon Locker - Coniglio","straatNaam":"Ondablu Verona","straatNr":"","vervoerder":"Amazon","puntType":"locker","bezettingsgraad":50,"latitude":45.40171,"longitude":10.990965,"canPickup":true,"canDropoff":false,"openingstijden":null}},{"type":"Feature","geometry":{"type":"Point","coordinates":[10.9057352,45.4455787]},"properties":{"type":"pakketpunt","locatieNaam":"Amazon Locker - martano","straatNaam":"Associazione Verona In Camper - PV 2181","straatNr":"","vervoerder":"Amazon","puntType":"locker","bezettingsgraad":50,"latitude":45.4455787,"longitude":10.9057352,"canPickup":true,"canDropoff":false,"openingstijden":null}},{"type":"Feature","geometry":{"type":"Point","coordinates":[10.910395,45.446838]},"properties":{"type":"pakketpunt","locatieNaam":"Amazon Counter","straatNaam":"Dpl Srl (fermopoint)","straatNr":"","vervoerder":"Amazon","puntType":"helix","bezettingsgraad":50,"latitude":45.446838,"longitude":10.910395,"canPickup":true,"canDropoff":false,"openingstijden":null}},{"type":"Feature","geometry":{"type":"Point","coordinates":[10.955778,45.445714]},"properties":{"type":"pakketpunt","locatieNaam":"Amazon Locker - ermello","straatNaam":"Al Risparmio Verona Corso Milano","straatNr":"","vervoerder":"Amazon","puntType":"locker","bezettingsgraad":50,"latitude":45.445714,"longitude":10.955778,"canPickup":true,"canDropoff":false,"openingstijden":null}},{"type":"Feature","geometry":{"type":"Point","coordinates":[10.965504,45.44387]},"properties":{"type":"pakketpunt","locatieNaam":"Amazon Locker - arcisa","straatNaam":"Eni Station Pv.55702","straatNr":"","vervoerder":"Amazon","puntType":"locker","bezettingsgraad":50,"latitude":45.44387,"longitude":10.965504,"canPickup":true,"canDropoff":false,"openingstijden":null}},{"type":"Feature","geometry":{"type":"Point","coordinates":[10.968224,45.443929]},"properties":{"type":"pakketpunt","locatieNaam":"Amazon Locker - anca","straatNaam":"Eni Station pv. 3835","straatNr":"","vervoerder":"Amazon","puntType":"locker","bezettingsgraad":50,"latitude":45.443929,"longitude":10.968224,"canPickup":true,"canDropoff":false,"openingstijden":null}},{"type":"Feature","geometry":{"type":"Point","coordinates":[10.9569886,45.4668511]},"properties":{"type":"pakketpunt","locatieNaam":"Amazon Locker - amarilda","straatNaam":"Burger King Franchisee PARONA","straatNr":"","vervoerder":"Amazon","puntType":"locker","bezettingsgraad":50,"latitude":45.4668511,"longitude":10.9569886,"canPickup":true,"canDropoff":false,"openingstijden":null}},{"type":"Feature","geometry":{"type":"Point","coordinates":[10.936021,45.480979]},"properties":{"type":"pakketpunt","locatieNaam":"Amazon Locker - tarciso","straatNaam":"Stazione Ip - Verona - Viale Brennero","straatNr":"","vervoerder":"Amazon","puntType":"locker","bezettingsgraad":50,"latitude":45.480979,"longitude":10.936021,"canPickup":true,"canDropoff":false,"openingstijden":null}},{"type":"Feature","geometry":{"type":"Point","coordinates":[10.97178,45.450146]},"properties":{"type":"pakketpunt","locatieNaam":"Amazon Locker - Terenzia","straatNaam":"Q8 Stazione di benzina pv. 2714","straatNr":"","vervoerder":"Amazon","puntType":"locker","bezettingsgraad":50,"latitude":45.450146,"longitude":10.97178,"canPickup":true,"canDropoff":false,"openingstijden":null}},{"type":"Feature","geometry":{"type":"Point","coordinates":[10.9652555,45.4444197]},"properties":{"type":"pakketpunt","locatieNaam":"Amazon Locker - speme","straatNaam":"Stazione Ip - Verona - Corso Milano 66 A","straatNr":"","vervoerder":"Amazon","puntType":"locker","bezettingsgraad":50,"latitude":45.4444197,"longitude":10.9652555,"canPickup":true,"canDropoff":false,"openingstijden":null}},{"type":"Feature","geometry":{"type":"Point","coordinates":[10.988537,45.447817]},"properties":{"type":"pakketpunt","locatieNaam":"Amazon Counter - PRIMAEDICOLA","straatNaam":"I.P. GROUP SAS","straatNr":"","vervoerder":"Amazon","puntType":"helix","bezettingsgraad":50,"latitude":45.447817,"longitude":10.988537,"canPickup":true,"canDropoff":false,"openingstijden":null}},{"type":"Feature","geometry":{"type":"Point","coordinates":[10.977247,45.441223]},"properties":{"type":"pakketpunt","locatieNaam":"Amazon Locker - averino","straatNaam":"Conad - Verona Fossetto","straatNr":"","vervoerder":"Amazon","puntType":"locker","bezettingsgraad":50,"latitude":45.441223,"longitude":10.977247,"canPickup":true,"canDropoff":false,"openingstijden":null}},{"type":"Feature","geometry":{"type":"Point","coordinates":[10.98936,45.44547]},"properties":{"type":"pakketpunt","locatieNaam":"Amazon Counter","straatNaam":"Tabaccheria Gaia (fermopoint)","straatNr":"","vervoerder":"Amazon","puntType":"helix","bezettingsgraad":50,"latitude":45.44547,"longitude":10.98936,"canPickup":true,"canDropoff":false,"openingstijden":null}},{"type":"Feature","geometry":{"type":"Point","coordinates":[10.97797,45.448555]},"properties":{"type":"pakketpunt","locatieNaam":"Amazon Counter - Enilive Station (n.52863)","straatNaam":"VIALE CRISTOFORO COLOMBO 125","straatNr":"","vervoerder":"Amazon","puntType":"helix","bezettingsgraad":50,"latitude":45.448555,"longitude":10.97797,"canPickup":true,"canDropoff":false,"openingstijden":null}},{"type":"Feature","geometry":{"type":"Point","coordinates":[10.9979911,45.4409231]},"properties":{"type":"pakketpunt","locatieNaam":"Amazon Locker - bocciolo","straatNaam":"Fermopoint/Baggy Lockers","straatNr":"","vervoerder":"Amazon","puntType":"locker","bezettingsgraad":50,"latitude":45.4409231,"longitude":10.9979911,"canPickup":true,"canDropoff":false,"openingstijden":null}},{"type":"Feature","geometry":{"type":"Point","coordinates":[10.989709,45.445899]},"properties":{"type":"pakketpunt","locatieNaam":"Amazon Counter - RIPAROPERTE","straatNaam":"Via Giuseppe Cesare Abba, 13 C","straatNr":"","vervoerder":"Amazon","puntType":"helix","bezettingsgraad":50,"latitude":45.445899,"longitude":10.989709,"canPickup":true,"canDropoff":false,"openingstijden":null}},{"type":"Feature","geometry":{"type":"Point","coordinates":[10.9798899914017,45.4397861819947]},"properties":{"type":"pakketpunt","locatieNaam":"Amazon Counter (fermopoint)","straatNaam":"Tabaccheria 149 - Verona","straatNr":"","vervoerder":"Amazon","puntType":"helix","bezettingsgraad":50,"latitude":45.4397861819947,"longitude":10.9798899914017,"canPickup":true,"canDropoff":false,"openingstijden":null}},{"type":"Feature","geometry":{"type":"Point","coordinates":[11.063679,45.459339]},"properties":{"type":"pakketpunt","locatieNaam":"Amazon Locker - felicietta","straatNaam":"Sigma Montorio","straatNr":"","vervoerder":"Amazon","puntType":"locker","bezettingsgraad":50,"latitude":45.459339,"longitude":11.063679,"canPickup":true,"canDropoff":false,"openingstijden":null}},{"type":"Feature","geometry":{"type":"Point","coordinates":[11.050295,45.430191]},"properties":{"type":"pakketpunt","locatieNaam":"Amazon Counter - PRIMAEDICOLA","straatNaam":"BORSI PAOLO","straatNr":"","vervoerder":"Amazon","puntType":"helix","bezettingsgraad":50,"latitude":45.430191,"longitude":11.050295,"canPickup":true,"canDropoff":false,"openingstijden":null}},{"type":"Feature","geometry":{"type":"Point","coordinates":[11.062594,45.457199]},"properties":{"type":"pakketpunt","locatieNaam":"Amazon Counter","straatNaam":"Servizi Telematici Verona (fermopoint)","straatNr":"","vervoerder":"Amazon","puntType":"helix","bezettingsgraad":50,"latitude":45.457199,"longitude":11.062594,"canPickup":true,"canDropoff":false,"openingstijden":null}},{"type":"Feature","geometry":{"type":"Point","coordinates":[11.0591,45.431]},"properties":{"type":"pakketpunt","locatieNaam":"PuntoPoste TABACCHERIA n. 119","straatNaam":"VIA PIETRO SGULMERO 25/A","straatNr":"","vervoerder":"Amazon","puntType":"3p","bezettingsgraad":50,"latitude":45.431,"longitude":11.0591,"canPickup":true,"canDropoff":false,"openingstijden":null}},{"type":"Feature","geometry":{"type":"Point","coordinates":[11.0665,45.4611]},"properties":{"type":"pakketpunt","locatieNaam":"PuntoPoste TABACCHERIA N. 96","straatNaam":"VIA OLIVE' 30/C","straatNr":"","vervoerder":"Amazon","puntType":"3p","bezettingsgraad":50,"latitude":45.4611,"longitude":11.0665,"canPickup":true,"canDropoff":false,"openingstijden":null}},{"type":"Feature","geometry":{"type":"Point","coordinates":[11.05706,45.428352]},"properties":{"type":"pakketpunt","locatieNaam":"Amazon Counter - Eurobar","straatNaam":"Via Dolomiti 44","straatNr":"","vervoerder":"Amazon","puntType":"helix","bezettingsgraad":50,"latitude":45.428352,"longitude":11.05706,"canPickup":true,"canDropoff":false,"openingstijden":null}},{"type":"Feature","geometry":{"type":"Point","coordinates":[11.0591956,45.4310648]},"properties":{"type":"pakketpunt","locatieNaam":"Amazon Counter","straatNaam":"Tabaccheria Tre B (fermopoint)","straatNr":"","vervoerder":"Amazon","puntType":"helix","bezettingsgraad":50,"latitude":45.4310648,"longitude":11.0591956,"canPickup":true,"canDropoff":false,"openingstijden":null}},{"type":"Feature","geometry":{"type":"Point","coordinates":[11.10832,45.51653]},"properties":{"type":"pakketpunt","locatieNaam":"Amazon Counter - Bar-Trattoria","straatNaam":"via Moruri, 38","straatNr":"","vervoerder":"Amazon","puntType":"helix","bezettingsgraad":50,"latitude":45.51653,"longitude":11.10832,"canPickup":true,"canDropoff":false,"openingstijden":null}},{"type":"Feature","geometry":{"type":"Point","coordinates":[11.021884,45.442488]},"properties":{"type":"pakketpunt","locatieNaam":"Amazon Counter","straatNaam":"Bar Hellas (fermopoint)","straatNr":"","vervoerder":"Amazon","puntType":"helix","bezettingsgraad":50,"latitude":45.442488,"longitude":11.021884,"canPickup":true,"canDropoff":false,"openingstijden":null}},{"type":"Feature","geometry":{"type":"Point","coordinates":[11.0413,45.4339]},"properties":{"type":"pakketpunt","locatieNaam":"PuntoPoste TABACCHERIA N. 115","straatNaam":"PIAZZA GARIBALDI 11","straatNr":"","vervoerder":"Amazon","puntType":"3p","bezettingsgraad":50,"latitude":45.4339,"longitude":11.0413,"canPickup":true,"canDropoff":false,"openingstijden":null}},{"type":"Feature","geometry":{"type":"Point","coordinates":[11.0186,45.4441]},"properties":{"type":"pakketpunt","locatieNaam":"PuntoPoste TABACCHERIA N. 69","straatNaam":"VIA COLONNELLO GIOVANNI FINCATO 56","straatNr":"","vervoerder":"Amazon","puntType":"3p","bezettingsgraad":50,"latitude":45.4441,"longitude":11.0186,"canPickup":true,"canDropoff":false,"openingstijden":null}},{"type":"Feature","geometry":{"type":"Point","coordinates":[11.0464,45.4349]},"properties":{"type":"pakketpunt","locatieNaam":"PuntoPoste TABACCHERIA N. 114","straatNaam":"VIA ANTONIO CERNISONE 6","straatNr":"","vervoerder":"Amazon","puntType":"3p","bezettingsgraad":50,"latitude":45.4349,"longitude":11.0464,"canPickup":true,"canDropoff":false,"openingstijden":null}},{"type":"Feature","geometry":{"type":"Point","coordinates":[11.043143,45.433731]},"properties":{"type":"pakketpunt","locatieNaam":"Amazon Counter (fermopoint)","straatNaam":"MD Travel Agency & Money Transfer","straatNr":"","vervoerder":"Amazon","puntType":"helix","bezettingsgraad":50,"latitude":45.433731,"longitude":11.043143,"canPickup":true,"canDropoff":false,"openingstijden":null}},{"type":"Feature","geometry":{"type":"Point","coordinates":[11.0343,45.4392]},"properties":{"type":"pakketpunt","locatieNaam":"PuntoPoste TABACCHERIA N. 86","straatNaam":"VIA ARNOLDO MONDADORI 4","straatNr":"","vervoerder":"Amazon","puntType":"3p","bezettingsgraad":50,"latitude":45.4392,"longitude":11.0343,"canPickup":true,"canDropoff":false,"openingstijden":null}},{"type":"Feature","geometry":{"type":"Point","coordinates":[11.0211,45.4413]},"properties":{"type":"pakketpunt","locatieNaam":"Ufficio Postale VERONA 4","straatNaam":"VIA EMILIO SALGARI 1-A","straatNr":"","vervoerder":"Amazon","puntType":"3p","bezettingsgraad":50,"latitude":45.4413,"longitude":11.0211,"canPickup":true,"canDropoff":false,"openingstijden":null}},{"type":"Feature","geometry":{"type":"Point","coordinates":[10.928975,45.4059133]},"properties":{"type":"pakketpunt","locatieNaam":"Amazon Counter - TABACCHERIA SARTORI","straatNaam":"VIA MANTOVANA 170","straatNr":"","vervoerder":"Amazon","puntType":"helix","bezettingsgraad":50,"latitude":45.4059133,"longitude":10.928975,"canPickup":true,"canDropoff":false,"openingstijden":null}},{"type":"Feature","geometry":{"type":"Point","coordinates":[10.963761,45.414038]},"properties":{"type":"pakketpunt","locatieNaam":"Amazon Locker - gianno","straatNaam":"Migross Verona Tevere","straatNr":"","vervoerder":"Amazon","puntType":"locker","bezettingsgraad":50,"latitude":45.414038,"longitude":10.963761,"canPickup":true,"canDropoff":false,"openingstijden":null}},{"type":"Feature","geometry":{"type":"Point","coordinates":[10.97402,45.41898]},"properties":{"type":"pakketpunt","locatieNaam":"Amazon Locker - pensiero","straatNaam":"Fermopoint/Buona Frutta Verona","straatNr":"","vervoerder":"Amazon","puntType":"locker","bezettingsgraad":50,"latitude":45.41898,"longitude":10.97402,"canPickup":true,"canDropoff":false,"openingstijden":null}},{"type":"Feature","geometry":{"type":"Point","coordinates":[10.9637725,45.4095484]},"properties":{"type":"pakketpunt","locatieNaam":"Amazon Locker - benedetto","straatNaam":"Giustacchini Office Store Verona","straatNr":"","vervoerder":"Amazon","puntType":"locker","bezettingsgraad":50,"latitude":45.4095484,"longitude":10.9637725,"canPickup":true,"canDropoff":false,"openingstijden":null}},{"type":"Feature","geometry":{"type":"Point","coordinates":[10.9820408,45.4228676]},"properties":{"type":"pakketpunt","locatieNaam":"Amazon Locker - anteo","straatNaam":"Eni Station Pv.55567","straatNr":"","vervoerder":"Amazon","puntType":"locker","bezettingsgraad":50,"latitude":45.4228676,"longitude":10.9820408,"canPickup":true,"canDropoff":false,"openingstijden":null}},{"type":"Feature","geometry":{"type":"Point","coordinates":[10.994483,45.387522]},"properties":{"type":"pakketpunt","locatieNaam":"Amazon Locker - fantina","straatNaam":"Palestra Centro DR Candidavid  - PV 1190","straatNr":"","vervoerder":"Amazon","puntType":"locker","bezettingsgraad":50,"latitude":45.387522,"longitude":10.994483,"canPickup":true,"canDropoff":false,"openingstijden":null}},{"type":"Feature","geometry":{"type":"Point","coordinates":[10.991683,45.416256]},"properties":{"type":"pakketpunt","locatieNaam":"Amazon Locker - ughetta","straatNaam":"Eni Station pv.3826_MOVE","straatNr":"","vervoerder":"Amazon","puntType":"locker","bezettingsgraad":50,"latitude":45.416256,"longitude":10.991683,"canPickup":true,"canDropoff":false,"openingstijden":null}},{"type":"Feature","geometry":{"type":"Point","coordinates":[11.000515,45.407855]},"properties":{"type":"pakketpunt","locatieNaam":"Amazon Counter - VAIENTE PAOLO","straatNaam":"VIA DEI LAMBERTI 29","straatNr":"","vervoerder":"Amazon","puntType":"helix","bezettingsgraad":50,"latitude":45.407855,"longitude":11.000515,"canPickup":true,"canDropoff":false,"openingstijden":null}},{"type":"Feature","geometry":{"type":"Point","coordinates":[10.9779256,45.4060182]},"properties":{"type":"pakketpunt","locatieNaam":"Giunti al Punto","straatNaam":"Via Delle Nazioni, 1","straatNr":"","vervoerder":"Amazon","puntType":"helix","bezettingsgraad":50,"latitude":45.4060182,"longitude":10.9779256,"canPickup":true,"canDropoff":false,"openingstijden":null}},{"type":"Feature","geometry":{"type":"Point","coordinates":[10.9559869,45.4262909]},"properties":{"type":"pakketpunt","locatieNaam":"Amazon Counter - Pratica Express","straatNaam":"Via Albere, 132","straatNr":"","vervoerder":"Amazon","puntType":"helix","bezettingsgraad":50,"latitude":45.4262909,"longitude":10.9559869,"canPickup":true,"canDropoff":false,"openingstijden":null}},{"type":"Feature","geometry":{"type":"Point","coordinates":[10.9679606,45.4290367]},"properties":{"type":"pakketpunt","locatieNaam":"Amazon Counter","straatNaam":"Free Servizi - Efficientiamo (fermopoint)","straatNr":"","vervoerder":"Amazon","puntType":"helix","bezettingsgraad":50,"latitude":45.4290367,"longitude":10.9679606,"canPickup":true,"canDropoff":false,"openingstijden":null}},{"type":"Feature","geometry":{"type":"Point","coordinates":[10.954408,45.42122]},"properties":{"type":"pakketpunt","locatieNaam":"Amazon Counter (fermopoint)","straatNaam":"Dc MoneyTransfer","straatNr":"","vervoerder":"Amazon","puntType":"helix","bezettingsgraad":50,"latitude":45.42122,"longitude":10.954408,"canPickup":true,"canDropoff":false,"openingstijden":null}},{"type":"Feature","geometry":{"type":"Point","coordinates":[10.9567399,45.4205522]},"properties":{"type":"pakketpunt","locatieNaam":"Amazon Counter","straatNaam":"Erboristeria L'Elisir Di Turella L. (fermopoint)","straatNr":"","vervoerder":"Amazon","puntType":"helix","bezettingsgraad":50,"latitude":45.4205522,"longitude":10.9567399,"canPickup":true,"canDropoff":false,"openingstijden":null}},{"type":"Feature","geometry":{"type":"Point","coordinates":[10.970693,45.430553]},"properties":{"type":"pakketpunt","locatieNaam":"Amazon Counter (fermopoint)","straatNaam":"Q.Mobile - Verona","straatNr":"","vervoerder":"Amazon","puntType":"helix","bezettingsgraad":50,"latitude":45.430553,"longitude":10.970693,"canPickup":true,"canDropoff":false,"openingstijden":null}},{"type":"Feature","geometry":{"type":"Point","coordinates":[11.0101,45.4326]},"properties":{"type":"pakketpunt","locatieNaam":"PuntoPoste TABACCHERIA N. 160","straatNaam":"VIA LUCIANO LIGABO' 8","straatNr":"","vervoerder":"Amazon","puntType":"3p","bezettingsgraad":50,"latitude":45.4326,"longitude":11.0101,"canPickup":true,"canDropoff":false,"openingstijden":null}},{"type":"Feature","geometry":{"type":"Point","coordinates":[10.9916971,45.4259175]},"properties":{"type":"pakketpunt","locatieNaam":"Amazon Locker - tarcisa","straatNaam":"Vecomp Verona","straatNr":"","vervoerder":"Amazon","puntType":"locker","bezettingsgraad":50,"latitude":45.4259175,"longitude":10.9916971,"canPickup":true,"canDropoff":false,"openingstijden":null}},{"type":"Feature","geometry":{"type":"Point","coordinates":[11.000235,45.4400661]},"properties":{"type":"pakketpunt","locatieNaam":"Giunti al Punto","straatNaam":"Via Leoni 9","straatNr":"","vervoerder":"Amazon","puntType":"helix","bezettingsgraad":50,"latitude":45.4400661,"longitude":11.000235,"canPickup":true,"canDropoff":false,"openingstijden":null}},{"type":"Feature","geometry":{"type":"Point","coordinates":[11.001686,45.432195]},"properties":{"type":"pakketpunt","locatieNaam":"Amazon Locker - fortunatella","straatNaam":"AGSM Energia Verona","straatNr":"","vervoerder":"Amazon","puntType":"locker","bezettingsgraad":50,"latitude":45.432195,"longitude":11.001686,"canPickup":true,"canDropoff":false,"openingstijden":null}},{"type":"Feature","geometry":{"type":"Point","coordinates":[11.019354,45.433828]},"properties":{"type":"pakketpunt","locatieNaam":"Amazon Counter - BUSINESS MART","straatNaam":"VIA P. SARPI 9","straatNr":"","vervoerder":"Amazon","puntType":"helix","bezettingsgraad":50,"latitude":45.433828,"longitude":11.019354,"canPickup":true,"canDropoff":false,"openingstijden":null}},{"type":"Feature","geometry":{"type":"Point","coordinates":[11.0160004,45.439617]},"properties":{"type":"pakketpunt","locatieNaam":"Amazon Counter (fermopoint)","straatNaam":"Tabaccheria Menini","straatNr":"","vervoerder":"Amazon","puntType":"helix","bezettingsgraad":50,"latitude":45.439617,"longitude":11.0160004,"canPickup":true,"canDropoff":false,"openingstijden":null}},{"type":"Feature","geometry":{"type":"Point","coordinates":[10.99885,45.44141]},"properties":{"type":"pakketpunt","locatieNaam":"Amazon Counter - Libreria Il Minotauro","straatNaam":"Via Cappello 35c","straatNr":"","vervoerder":"Amazon","puntType":"helix","bezettingsgraad":50,"latitude":45.44141,"longitude":10.99885,"canPickup":true,"canDropoff":false,"openingstijden":null}},{"type":"Feature","geometry":{"type":"Point","coordinates":[11.0197,45.4345]},"properties":{"type":"pakketpunt","locatieNaam":"PuntoPoste TABACCHERIA N. 71","straatNaam":"VIA GALILEO GALILEI 37","straatNr":"","vervoerder":"Amazon","puntType":"3p","bezettingsgraad":50,"latitude":45.4345,"longitude":11.0197,"canPickup":true,"canDropoff":false,"openingstijden":null}},{"type":"Feature","geometry":{"type":"Point","coordinates":[10.9499,45.4755]},"properties":{"type":"pakketpunt","locatieNaam":"Ufficio Postale PARONA DI VALPOLICELLA","straatNaam":"PIAZZA DEL PORTO 23","straatNr":"","vervoerder":"Amazon","puntType":"3p","bezettingsgraad":50,"latitude":45.4755,"longitude":10.9499,"canPickup":true,"canDropoff":false,"openingstijden":null}},{"type":"Feature","geometry":{"type":"Point","coordinates":[10.974819,45.459298]},"properties":{"type":"pakketpunt","locatieNaam":"Amazon Counter (fermopoint)","straatNaam":"Easysmoke Sas","straatNr":"","vervoerder":"Amazon","puntType":"helix","bezettingsgraad":50,"latitude":45.459298,"longitude":10.974819,"canPickup":true,"canDropoff":false,"openingstijden":null}},{"type":"Feature","geometry":{"type":"Point","coordinates":[10.9736,45.45943]},"properties":{"type":"pakketpunt","locatieNaam":"Amazon Counter - Immobiliare Bazzoni ","straatNaam":"Largo Ca di Cozzi , 34","straatNr":"","vervoerder":"Amazon","puntType":"helix","bezettingsgraad":50,"latitude":45.45943,"longitude":10.9736,"canPickup":true,"canDropoff":false,"openingstijden":null}},{"type":"Feature","geometry":{"type":"Point","coordinates":[10.9791144,45.4586857]},"properties":{"type":"pakketpunt","locatieNaam":"Amazon Counter","straatNaam":"Tabaccheria Fasoli Nicola (fermopoint)","straatNr":"","vervoerder":"Amazon","puntType":"helix","bezettingsgraad":50,"latitude":45.4586857,"longitude":10.9791144,"canPickup":true,"canDropoff":false,"openingstijden":null}},{"type":"Feature","geometry":{"type":"Point","coordinates":[10.9730197,45.4479993]},"properties":{"type":"pakketpunt","locatieNaam":"Amazon Counter - PRIMAEDICOLA","straatNaam":"DAMA SNC","straatNr":"","vervoerder":"Amazon","puntType":"helix","bezettingsgraad":50,"latitude":45.4479993,"longitude":10.9730197,"canPickup":true,"canDropoff":false,"openingstijden":null}},{"type":"Feature","geometry":{"type":"Point","coordinates":[10.973268,45.448048]},"properties":{"type":"pakketpunt","locatieNaam":"Amazon Counter","straatNaam":"Tabaccheria Lamacchia (fermopoint)","straatNr":"","vervoerder":"Amazon","puntType":"helix","bezettingsgraad":50,"latitude":45.448048,"longitude":10.973268,"canPickup":true,"canDropoff":false,"openingstijden":null}},{"type":"Feature","geometry":{"type":"Point","coordinates":[10.9776,45.4576]},"properties":{"type":"pakketpunt","locatieNaam":"Ufficio Postale VERONA 26","straatNaam":"VIA GOFFREDO MAMELI 73","straatNr":"","vervoerder":"Amazon","puntType":"3p","bezettingsgraad":50,"latitude":45.4576,"longitude":10.9776,"canPickup":true,"canDropoff":false,"openingstijden":null}},{"type":"Feature","geometry":{"type":"Point","coordinates":[10.982599,45.4534099]},"properties":{"type":"pakketpunt","locatieNaam":"Giunti al Punto","straatNaam":"Piazzale Aristide Stefani 1","straatNr":"","vervoerder":"Amazon","puntType":"helix","bezettingsgraad":50,"latitude":45.4534099,"longitude":10.982599,"canPickup":true,"canDropoff":false,"openingstijden":null}},{"type":"Feature","geometry":{"type":"Point","coordinates":[10.99135,45.42556]},"properties":{"type":"pakketpunt","locatieNaam":"Amazon Locker - oddone","straatNaam":"Fermopoint/Autolavaggio Verona Carx","straatNr":"","vervoerder":"Amazon","puntType":"locker","bezettingsgraad":50,"latitude":45.42556,"longitude":10.99135,"canPickup":true,"canDropoff":false,"openingstijden":null}},{"type":"Feature","geometry":{"type":"Point","coordinates":[10.9929,45.426]},"properties":{"type":"pakketpunt","locatieNaam":"PuntoPoste TABACCHERIA N. 163","straatNaam":"VIA BASSO ACQUAR 33","straatNr":"","vervoerder":"Amazon","puntType":"3p","bezettingsgraad":50,"latitude":45.426,"longitude":10.9929,"canPickup":true,"canDropoff":false,"openingstijden":null}},{"type":"Feature","geometry":{"type":"Point","coordinates":[10.998899,45.435646]},"properties":{"type":"pakketpunt","locatieNaam":"Amazon Counter - BAR TABACCHI","straatNaam":"VIA PALLONE 4/D","straatNr":"","vervoerder":"Amazon","puntType":"helix","bezettingsgraad":50,"latitude":45.435646,"longitude":10.998899,"canPickup":true,"canDropoff":false,"openingstijden":null}},{"type":"Feature","geometry":{"type":"Point","coordinates":[10.994,45.4369]},"properties":{"type":"pakketpunt","locatieNaam":"PuntoPoste TABACCHERIA N. 39","straatNaam":"PIAZZA CITTADELLA 30","straatNr":"","vervoerder":"Amazon","puntType":"3p","bezettingsgraad":50,"latitude":45.4369,"longitude":10.994,"canPickup":true,"canDropoff":false,"openingstijden":null}},{"type":"Feature","geometry":{"type":"Point","coordinates":[10.996065,45.435778]},"properties":{"type":"pakketpunt","locatieNaam":"Amazon Counter (fermopoint)","straatNaam":"Il Fiore Di Verona","straatNr":"","vervoerder":"Amazon","puntType":"helix","bezettingsgraad":50,"latitude":45.435778,"longitude":10.996065,"canPickup":true,"canDropoff":false,"openingstijden":null}},{"type":"Feature","geometry":{"type":"Point","coordinates":[10.9995478,45.4403257]},"properties":{"type":"pakketpunt","locatieNaam":"Amazon Counter (fermopoint)","straatNaam":"Oblò Smoke","straatNr":"","vervoerder":"Amazon","puntType":"helix","bezettingsgraad":50,"latitude":45.4403257,"longitude":10.9995478,"canPickup":true,"canDropoff":false,"openingstijden":null}},{"type":"Feature","geometry":{"type":"Point","coordinates":[10.9962474,45.4329225]},"properties":{"type":"pakketpunt","locatieNaam":"Amazon Counter (fermopoint)","straatNaam":"Bar Montecchi","straatNr":"","vervoerder":"Amazon","puntType":"helix","bezettingsgraad":50,"latitude":45.4329225,"longitude":10.9962474,"canPickup":true,"canDropoff":false,"openingstijden":null}},{"type":"Feature","geometry":{"type":"Point","coordinates":[11.004412,45.4378341]},"properties":{"type":"pakketpunt","locatieNaam":"Amazon Counter","straatNaam":"Bar La Nuova Idea (fermopoint)","straatNr":"","vervoerder":"Amazon","puntType":"helix","bezettingsgraad":50,"latitude":45.4378341,"longitude":11.004412,"canPickup":true,"canDropoff":false,"openingstijden":null}},{"type":"Feature","geometry":{"type":"Point","coordinates":[10.9968,45.435]},"properties":{"type":"pakketpunt","locatieNaam":"Ufficio Postale VERONA 10","straatNaam":"VIA DEL PONTIERE 3-E","straatNr":"","vervoerder":"Amazon","puntType":"3p","bezettingsgraad":50,"latitude":45.435,"longitude":10.9968,"canPickup":true,"canDropoff":false,"openingstijden":null}},{"type":"Feature","geometry":{"type":"Point","coordinates":[11.014648,45.440198]},"properties":{"type":"pakketpunt","locatieNaam":"Amazon Counter - FASTXEXCHANGE","straatNaam":"Salita Santo Sepolcro, 5","straatNr":"","vervoerder":"Amazon","puntType":"helix","bezettingsgraad":50,"latitude":45.440198,"longitude":11.014648,"canPickup":true,"canDropoff":false,"openingstijden":null}},{"type":"Feature","geometry":{"type":"Point","coordinates":[11.01729,45.440681]},"properties":{"type":"pakketpunt","locatieNaam":"Amazon Counter (fermopoint)","straatNaam":"PostaExpress-Verona","straatNr":"","vervoerder":"Amazon","puntType":"helix","bezettingsgraad":50,"latitude":45.440681,"longitude":11.01729,"canPickup":true,"canDropoff":false,"openingstijden":null}},{"type":"Feature","geometry":{"type":"Point","coordinates":[11.0181,45.4406]},"properties":{"type":"pakketpunt","locatieNaam":"PuntoPoste TABACCHERIA N. 62","straatNaam":"VIA FILIPPO ROSA MORANDO 25","straatNr":"","vervoerder":"Amazon","puntType":"3p","bezettingsgraad":50,"latitude":45.4406,"longitude":11.0181,"canPickup":true,"canDropoff":false,"openingstijden":null}},{"type":"Feature","geometry":{"type":"Point","coordinates":[11.0112773,45.4403983]},"properties":{"type":"pakketpunt","locatieNaam":"Amazon Counter (fermopoint)","straatNaam":"UnyFast","straatNr":"","vervoerder":"Amazon","puntType":"helix","bezettingsgraad":50,"latitude":45.4403983,"longitude":11.0112773,"canPickup":true,"canDropoff":false,"openingstijden":null}},{"type":"Feature","geometry":{"type":"Point","coordinates":[10.941167646667962,45.4412166781254]},"properties":{"type":"pakketpunt","locatieNaam":"FedEx OnSite","straatNaam":"via urbano III, 20","straatNr":"","vervoerder":"FedEx","puntType":"servicepunt","bezettingsgraad":50,"latitude":45.4412166781254,"longitude":10.941167646667962,"canPickup":true,"canDropoff":true,"openingstijden":{"ma":"07:30 - 12:30, 15:30 - 19:30","di":"07:30 - 12:30, 15:30 - 19:30","wo":"07:30 - 12:30, 15:30 - 19:30","do":"07:30 - 12:30, 15:30 - 19:30","vr":"07:30 - 12:30, 15:30 - 19:30","za":"07:30 - 12:30, 16:00 - 19:00","zo":"gesloten"}}},{"type":"Feature","geometry":{"type":"Point","coordinates":[10.954367,45.421096]},"properties":{"type":"pakketpunt","locatieNaam":"FedEx OnSite","straatNaam":"VIA MANTOVANA, 89/D","straatNr":"","vervoerder":"FedEx","puntType":"servicepunt","bezettingsgraad":50,"latitude":45.421096,"longitude":10.954367,"canPickup":true,"canDropoff":true,"openingstijden":{"ma":"09:30 - 13:00, 15:30 - 19:30","di":"08:30 - 13:00, 15:30 - 19:30","wo":"09:30 - 13:00, 15:30 - 19:30","do":"09:30 - 13:00, 15:30 - 19:30","vr":"09:00 - 13:00, 15:30 - 19:30","za":"09:30 - 13:00, 15:30 - 18:00","zo":"gesloten"}}},{"type":"Feature","geometry":{"type":"Point","coordinates":[10.95688948210728,45.425147132829224]},"properties":{"type":"pakketpunt","locatieNaam":"FedEx OnSite","straatNaam":"Via Albere, 132","straatNr":"","vervoerder":"FedEx","puntType":"servicepunt","bezettingsgraad":50,"latitude":45.425147132829224,"longitude":10.95688948210728,"canPickup":true,"canDropoff":true,"openingstijden":{"ma":"08:30 - 12:30, 14:00 - 18:30","di":"08:30 - 12:30, 14:00 - 18:30","wo":"08:30 - 12:30, 14:00 - 18:30","do":"08:30 - 12:30, 14:00 - 18:30","vr":"08:30 - 12:30, 14:00 - 18:30","za":"gesloten","zo":"gesloten"}}},{"type":"Feature","geometry":{"type":"Point","coordinates":[10.964064257115433,45.4187301610002]},"properties":{"type":"pakketpunt","locatieNaam":"FedEx OnSite","straatNaam":"Via Arno, 1","straatNr":"","vervoerder":"FedEx","puntType":"servicepunt","bezettingsgraad":50,"latitude":45.4187301610002,"longitude":10.964064257115433,"canPickup":true,"canDropoff":true,"openingstijden":{"ma":"09:00 - 12:30, 16:00 - 19:00","di":"09:00 - 12:30, 16:00 - 19:00","wo":"09:00 - 12:30, 16:00 - 19:00","do":"09:00 - 12:30, 16:00 - 19:00","vr":"09:00 - 12:30, 16:00 - 19:00","za":"09:00 - 12:30","zo":"gesloten"}}},{"type":"Feature","geometry":{"type":"Point","coordinates":[10.964606931905259,45.4217874391561]},"properties":{"type":"pakketpunt","locatieNaam":"FedEx OnSite","straatNaam":"STRADONE SANTA LUCIA , 75","straatNr":"","vervoerder":"FedEx","puntType":"servicepunt","bezettingsgraad":50,"latitude":45.4217874391561,"longitude":10.964606931905259,"canPickup":true,"canDropoff":true,"openingstijden":{"ma":"06:30 - 12:30, 14:30 - 19:00","di":"06:30 - 12:30, 14:30 - 19:00","wo":"06:30 - 12:30, 14:30 - 19:00","do":"06:30 - 12:30, 14:30 - 19:00","vr":"06:30 - 12:30, 14:30 - 19:00","za":"06:30 - 12:30, 14:30 - 19:00","zo":"06:30 - 12:00"}}},{"type":"Feature","geometry":{"type":"Point","coordinates":[10.945701727405703,45.456626932685865]},"properties":{"type":"pakketpunt","locatieNaam":"FedEx OnSite","straatNaam":"Via puglie, 71a","straatNr":"","vervoerder":"FedEx","puntType":"servicepunt","bezettingsgraad":50,"latitude":45.456626932685865,"longitude":10.945701727405703,"canPickup":true,"canDropoff":true,"openingstijden":{"ma":"gesloten","di":"08:00 - 14:00, 16:00 - 20:00","wo":"08:00 - 14:00, 16:00 - 20:00","do":"08:00 - 14:00, 16:00 - 20:00","vr":"08:00 - 14:00, 16:00 - 20:00","za":"08:00 - 14:00, 16:00 - 20:00","zo":"08:00 - 14:00, 16:00 - 20:00"}}},{"type":"Feature","geometry":{"type":"Point","coordinates":[10.986244497970858,45.391077466402606]},"properties":{"type":"pakketpunt","locatieNaam":"Filiale FedEx","straatNaam":"Strada Della Ferriera 14","straatNr":"","vervoerder":"FedEx","puntType":"servicepunt","bezettingsgraad":50,"latitude":45.391077466402606,"longitude":10.986244497970858,"canPickup":true,"canDropoff":true,"openingstijden":{"ma":"08:30 - 12:30, 14:30 - 19:30","di":"08:30 - 12:30, 14:30 - 19:30","wo":"08:30 - 12:30, 14:30 - 19:30","do":"08:30 - 12:30, 14:30 - 19:30","vr":"08:30 - 12:30, 14:30 - 19:30","za":"gesloten","zo":"gesloten"}}},{"type":"Feature","geometry":{"type":"Point","coordinates":[10.968429298092465,45.432559402766984]},"properties":{"type":"pakketpunt","locatieNaam":"FedEx OnSite","straatNaam":"VIA ARNOLFO DI CAMBIO, 36","straatNr":"","vervoerder":"FedEx","puntType":"servicepunt","bezettingsgraad":50,"latitude":45.432559402766984,"longitude":10.968429298092465,"canPickup":true,"canDropoff":true,"openingstijden":{"ma":"10:00 - 19:30","di":"10:00 - 19:30","wo":"10:00 - 19:30","do":"10:00 - 19:30","vr":"10:00 - 19:30","za":"10:00 - 19:30","zo":"gesloten"}}},{"type":"Feature","geometry":{"type":"Point","coordinates":[10.960259245279422,45.44642245476846]},"properties":{"type":"pakketpunt","locatieNaam":"FedEx OnSite","straatNaam":"VIA CATANIA, 5/A","straatNr":"","vervoerder":"FedEx","puntType":"servicepunt","bezettingsgraad":50,"latitude":45.44642245476846,"longitude":10.960259245279422,"canPickup":true,"canDropoff":true,"openingstijden":{"ma":"09:00 - 13:00, 15:00 - 19:00","di":"09:00 - 13:00, 15:00 - 19:00","wo":"09:00 - 13:00, 15:00 - 19:00","do":"09:00 - 13:00, 15:00 - 19:00","vr":"09:00 - 13:00, 15:00 - 19:00","za":"gesloten","zo":"gesloten"}}},{"type":"Feature","geometry":{"type":"Point","coordinates":[10.942045,45.479762]},"properties":{"type":"pakketpunt","locatieNaam":"FedEx OnSite","straatNaam":"via dei reti, 18","straatNr":"","vervoerder":"FedEx","puntType":"servicepunt","bezettingsgraad":50,"latitude":45.479762,"longitude":10.942045,"canPickup":true,"canDropoff":true,"openingstijden":{"ma":"09:30 - 12:30, 15:30 - 19:30","di":"09:30 - 12:30, 15:30 - 19:30","wo":"09:30 - 12:30, 15:30 - 19:30","do":"09:30 - 12:30, 15:30 - 19:30","vr":"09:30 - 12:30, 15:30 - 19:30","za":"09:30 - 12:30","zo":"gesloten"}}},{"type":"Feature","geometry":{"type":"Point","coordinates":[10.970654,45.434639]},"properties":{"type":"pakketpunt","locatieNaam":"FedEx OnSite","straatNaam":"Piazzale Olimpia, 1/A","straatNr":"","vervoerder":"FedEx","puntType":"servicepunt","bezettingsgraad":50,"latitude":45.434639,"longitude":10.970654,"canPickup":true,"canDropoff":true,"openingstijden":{"ma":"06:00 - 14:30","di":"06:00 - 14:30","wo":"06:00 - 14:30","do":"06:00 - 14:30","vr":"06:00 - 14:30","za":"06:00 - 13:00","zo":"06:00 - 13:00"}}},{"type":"Feature","geometry":{"type":"Point","coordinates":[10.966602470392832,45.44285215736051]},"properties":{"type":"pakketpunt","locatieNaam":"FedEx OnSite","straatNaam":"Via Guglielmo Bravo, 4 C","straatNr":"","vervoerder":"FedEx","puntType":"servicepunt","bezettingsgraad":50,"latitude":45.44285215736051,"longitude":10.966602470392832,"canPickup":true,"canDropoff":true,"openingstijden":{"ma":"09:00 - 20:00","di":"09:00 - 20:00","wo":"09:00 - 20:00","do":"09:00 - 20:00","vr":"09:00 - 20:00","za":"09:00 - 20:00","zo":"gesloten"}}},{"type":"Feature","geometry":{"type":"Point","coordinates":[10.98575379168737,45.41491377393901]},"properties":{"type":"pakketpunt","locatieNaam":"FedEx OnSite","straatNaam":"Via Scuderlando, 98","straatNr":"","vervoerder":"FedEx","puntType":"servicepunt","bezettingsgraad":50,"latitude":45.41491377393901,"longitude":10.98575379168737,"canPickup":true,"canDropoff":true,"openingstijden":{"ma":"07:00 - 12:30, 15:00 - 19:00","di":"07:00 - 12:30, 15:00 - 19:00","wo":"07:00 - 12:30, 15:00 - 19:00","do":"07:00 - 12:30, 15:00 - 19:00","vr":"07:00 - 12:30, 15:00 - 19:00","za":"07:00 - 12:30, 15:00 - 19:00","zo":"gesloten"}}},{"type":"Feature","geometry":{"type":"Point","coordinates":[10.987672277488434,45.41351886658995]},"properties":{"type":"pakketpunt","locatieNaam":"FedEx OnSite","straatNaam":"Via Fiume, 10","straatNr":"","vervoerder":"FedEx","puntType":"servicepunt","bezettingsgraad":50,"latitude":45.41351886658995,"longitude":10.987672277488434,"canPickup":true,"canDropoff":true,"openingstijden":{"ma":"15:30 - 19:30","di":"09:30 - 12:30, 15:30 - 19:30","wo":"09:30 - 12:30, 15:30 - 19:30","do":"09:30 - 12:30, 15:30 - 19:30","vr":"09:30 - 12:30, 15:30 - 19:30","za":"09:30 - 12:30","zo":"gesloten"}}},{"type":"Feature","geometry":{"type":"Point","coordinates":[10.965972,45.452326]},"properties":{"type":"pakketpunt","locatieNaam":"FedEx OnSite","straatNaam":"via marin faliero, 69","straatNr":"","vervoerder":"FedEx","puntType":"servicepunt","bezettingsgraad":50,"latitude":45.452326,"longitude":10.965972,"canPickup":true,"canDropoff":true,"openingstijden":{"ma":"gesloten","di":"09:30 - 13:00, 14:30 - 19:00","wo":"09:30 - 13:00, 14:30 - 19:00","do":"09:30 - 13:00, 14:30 - 19:00","vr":"09:30 - 13:00, 14:30 - 19:00","za":"09:30 - 13:00, 14:30 - 19:00","zo":"gesloten"}}},{"type":"Feature","geometry":{"type":"Point","coordinates":[10.966808503042452,45.451779514708896]},"properties":{"type":"pakketpunt","locatieNaam":"FedEx OnSite","straatNaam":"Via Marin Faliero, 15","straatNr":"","vervoerder":"FedEx","puntType":"servicepunt","bezettingsgraad":50,"latitude":45.451779514708896,"longitude":10.966808503042452,"canPickup":true,"canDropoff":true,"openingstijden":{"ma":"07:30 - 15:00","di":"07:30 - 19:00","wo":"07:30 - 19:00","do":"07:30 - 19:00","vr":"07:30 - 19:00","za":"07:30 - 14:00","zo":"gesloten"}}},{"type":"Feature","geometry":{"type":"Point","coordinates":[10.972216,45.443085]},"properties":{"type":"pakketpunt","locatieNaam":"FedEx OnSite","straatNaam":"Corso Milano, 17","straatNr":"","vervoerder":"FedEx","puntType":"servicepunt","bezettingsgraad":50,"latitude":45.443085,"longitude":10.972216,"canPickup":true,"canDropoff":true,"openingstijden":{"ma":"09:00 - 12:30, 15:30 - 19:30","di":"09:00 - 12:30, 15:30 - 19:30","wo":"09:00 - 12:30, 15:30 - 19:30","do":"09:00 - 12:30, 15:30 - 19:30","vr":"09:00 - 12:30, 15:30 - 19:30","za":"09:00 - 12:30, 15:30 - 19:30","zo":"gesloten"}}},{"type":"Feature","geometry":{"type":"Point","coordinates":[10.994315973016352,45.410153074448125]},"properties":{"type":"pakketpunt","locatieNaam":"FedEx OnSite","straatNaam":"Via Bartolomeo Giuliari, 31 C","straatNr":"","vervoerder":"FedEx","puntType":"servicepunt","bezettingsgraad":50,"latitude":45.410153074448125,"longitude":10.994315973016352,"canPickup":true,"canDropoff":true,"openingstijden":{"ma":"06:30 - 19:30","di":"06:30 - 19:30","wo":"06:30 - 19:30","do":"06:30 - 19:30","vr":"06:30 - 19:30","za":"06:30 - 19:30","zo":"07:00 - 12:00"}}},{"type":"Feature","geometry":{"type":"Point","coordinates":[10.981803,45.436371]},"properties":{"type":"pakketpunt","locatieNaam":"FedEx OnSite","straatNaam":"STRADONE PORTA PALIO 80 D","straatNr":"","vervoerder":"FedEx","puntType":"servicepunt","bezettingsgraad":50,"latitude":45.436371,"longitude":10.981803,"canPickup":true,"canDropoff":true,"openingstijden":{"ma":"08:30 - 12:30, 15:00 - 18:30","di":"08:30 - 12:30, 15:00 - 18:30","wo":"08:30 - 12:30, 15:00 - 18:30","do":"08:30 - 12:30, 15:00 - 18:30","vr":"08:30 - 12:30, 15:00 - 18:30","za":"gesloten","zo":"gesloten"}}},{"type":"Feature","geometry":{"type":"Point","coordinates":[10.979718,45.441714]},"properties":{"type":"pakketpunt","locatieNaam":"FedEx OnSite","straatNaam":"PIAZZA CORRUBBIO 28","straatNr":"","vervoerder":"FedEx","puntType":"servicepunt","bezettingsgraad":50,"latitude":45.441714,"longitude":10.979718,"canPickup":true,"canDropoff":true,"openingstijden":{"ma":"08:10 - 12:30, 15:30 - 19:30","di":"08:10 - 12:30, 15:30 - 19:30","wo":"08:10 - 12:30, 15:30 - 19:30","do":"08:10 - 12:30, 15:30 - 19:30","vr":"08:10 - 12:30, 15:30 - 19:30","za":"08:10 - 12:30, 15:30 - 19:30","zo":"gesloten"}}},{"type":"Feature","geometry":{"type":"Point","coordinates":[10.998737009443662,45.409699264189825]},"properties":{"type":"pakketpunt","locatieNaam":"FedEx OnSite","straatNaam":"Via Legnago, 124","straatNr":"","vervoerder":"FedEx","puntType":"servicepunt","bezettingsgraad":50,"latitude":45.409699264189825,"longitude":10.998737009443662,"canPickup":true,"canDropoff":true,"openingstijden":{"ma":"08:00 - 18:00","di":"08:00 - 18:00","wo":"08:00 - 18:00","do":"08:00 - 18:00","vr":"08:00 - 18:00","za":"08:30 - 15:00","zo":"gesloten"}}},{"type":"Feature","geometry":{"type":"Point","coordinates":[10.984931130228377,45.43419389287476]},"properties":{"type":"pakketpunt","locatieNaam":"FedEx OnSite","straatNaam":"Via Giovanni della Casa, 23","straatNr":"","vervoerder":"FedEx","puntType":"servicepunt","bezettingsgraad":50,"latitude":45.43419389287476,"longitude":10.984931130228377,"canPickup":true,"canDropoff":true,"openingstijden":{"ma":"09:00 - 19:00","di":"09:00 - 19:00","wo":"09:00 - 19:00","do":"09:00 - 19:00","vr":"09:00 - 19:00","za":"09:00 - 18:30","zo":"gesloten"}}},{"type":"Feature","geometry":{"type":"Point","coordinates":[10.98530095445538,45.43418814201049]},"properties":{"type":"pakketpunt","locatieNaam":"FedEx OnSite","straatNaam":"via berni, 11","straatNr":"","vervoerder":"FedEx","puntType":"servicepunt","bezettingsgraad":50,"latitude":45.43418814201049,"longitude":10.98530095445538,"canPickup":true,"canDropoff":true,"openingstijden":{"ma":"09:30 - 13:00, 14:00 - 17:00","di":"09:30 - 13:00, 14:00 - 17:00","wo":"09:30 - 13:00, 14:00 - 17:00","do":"09:30 - 13:00, 14:00 - 17:00","vr":"09:30 - 13:00, 14:00 - 16:30","za":"gesloten","zo":"gesloten"}}},{"type":"Feature","geometry":{"type":"Point","coordinates":[11.000487207316372,45.40793255134583]},"properties":{"type":"pakketpunt","locatieNaam":"FedEx OnSite","straatNaam":"VIA DEI LAMBERTI, 29","straatNr":"","vervoerder":"FedEx","puntType":"servicepunt","bezettingsgraad":50,"latitude":45.40793255134583,"longitude":11.000487207316372,"canPickup":true,"canDropoff":true,"openingstijden":{"ma":"08:00 - 12:30, 15:30 - 19:00","di":"08:00 - 12:30, 15:30 - 19:00","wo":"08:00 - 12:30, 15:30 - 19:00","do":"08:00 - 12:30, 15:30 - 19:00","vr":"08:00 - 12:30, 15:30 - 19:00","za":"08:00 - 12:30, 15:30 - 19:00","zo":"gesloten"}}},{"type":"Feature","geometry":{"type":"Point","coordinates":[10.99296490167115,45.42591926596293]},"properties":{"type":"pakketpunt","locatieNaam":"FedEx OnSite","straatNaam":"Via Basso Acquar, 33","straatNr":"","vervoerder":"FedEx","puntType":"servicepunt","bezettingsgraad":50,"latitude":45.42591926596293,"longitude":10.99296490167115,"canPickup":true,"canDropoff":true,"openingstijden":{"ma":"06:00 - 12:30, 15:30 - 19:30","di":"06:00 - 12:30, 15:30 - 19:30","wo":"06:00 - 12:30, 15:30 - 19:30","do":"06:00 - 12:30, 15:30 - 19:30","vr":"06:00 - 12:30, 15:30 - 19:30","za":"06:00 - 12:30","zo":"gesloten"}}},{"type":"Feature","geometry":{"type":"Point","coordinates":[10.973011915434423,45.45969194965065]},"properties":{"type":"pakketpunt","locatieNaam":"FedEx OnSite","straatNaam":"VIA CA' DI COZZI, 1","straatNr":"","vervoerder":"FedEx","puntType":"servicepunt","bezettingsgraad":50,"latitude":45.45969194965065,"longitude":10.973011915434423,"canPickup":true,"canDropoff":true,"openingstijden":{"ma":"08:30 - 12:30","di":"08:30 - 12:30","wo":"08:30 - 12:30","do":"08:30 - 12:30","vr":"08:30 - 12:30","za":"08:30 - 12:30","zo":"gesloten"}}},{"type":"Feature","geometry":{"type":"Point","coordinates":[10.973595,45.459427]},"properties":{"type":"pakketpunt","locatieNaam":"FedEx OnSite","straatNaam":"Largo Ca di Cozzi, 34","straatNr":"","vervoerder":"FedEx","puntType":"servicepunt","bezettingsgraad":50,"latitude":45.459427,"longitude":10.973595,"canPickup":true,"canDropoff":true,"openingstijden":{"ma":"09:00 - 12:30, 14:00 - 19:00","di":"09:00 - 12:30, 14:00 - 19:00","wo":"09:00 - 12:30, 14:00 - 19:00","do":"09:00 - 12:30, 14:00 - 19:00","vr":"09:00 - 12:30, 15:00 - 18:00","za":"gesloten","zo":"gesloten"}}},{"type":"Feature","geometry":{"type":"Point","coordinates":[10.987798386138156,45.43684583064484]},"properties":{"type":"pakketpunt","locatieNaam":"FedEx OnSite","straatNaam":"Via Amatore Sciesa, 29/A","straatNr":"","vervoerder":"FedEx","puntType":"servicepunt","bezettingsgraad":50,"latitude":45.43684583064484,"longitude":10.987798386138156,"canPickup":true,"canDropoff":true,"openingstijden":{"ma":"13:00 - 19:00","di":"11:00 - 19:00","wo":"11:00 - 19:00","do":"11:00 - 19:00","vr":"11:00 - 19:00","za":"11:00 - 19:00","zo":"gesloten"}}},{"type":"Feature","geometry":{"type":"Point","coordinates":[10.986766518218687,45.43908599049386]},"properties":{"type":"pakketpunt","locatieNaam":"FedEx OnSite","straatNaam":"stradone porta palio , 2B","straatNr":"","vervoerder":"FedEx","puntType":"servicepunt","bezettingsgraad":50,"latitude":45.43908599049386,"longitude":10.986766518218687,"canPickup":true,"canDropoff":true,"openingstijden":{"ma":"09:30 - 12:30, 15:30 - 19:30","di":"09:30 - 12:30, 15:30 - 19:30","wo":"09:30 - 12:30, 15:30 - 19:30","do":"09:30 - 12:30, 15:30 - 19:30","vr":"09:30 - 12:30, 15:30 - 19:30","za":"09:30 - 12:30, 15:30 - 19:00","zo":"gesloten"}}},{"type":"Feature","geometry":{"type":"Point","coordinates":[10.985765,45.446346]},"properties":{"type":"pakketpunt","locatieNaam":"FedEx OnSite","straatNaam":"Via Aspromonte , 2","straatNr":"","vervoerder":"FedEx","puntType":"servicepunt","bezettingsgraad":50,"latitude":45.446346,"longitude":10.985765,"canPickup":true,"canDropoff":true,"openingstijden":{"ma":"07:00 - 20:30","di":"07:00 - 20:30","wo":"07:00 - 20:30","do":"07:00 - 20:30","vr":"07:00 - 20:30","za":"07:00 - 12:30","zo":"gesloten"}}},{"type":"Feature","geometry":{"type":"Point","coordinates":[10.989677,45.445863]},"properties":{"type":"pakketpunt","locatieNaam":"FedEx OnSite","straatNaam":"via giuseppe cesare abba, 13c","straatNr":"","vervoerder":"FedEx","puntType":"servicepunt","bezettingsgraad":50,"latitude":45.445863,"longitude":10.989677,"canPickup":true,"canDropoff":true,"openingstijden":{"ma":"08:30 - 13:00, 15:00 - 19:30","di":"08:30 - 13:00, 15:00 - 19:30","wo":"08:30 - 13:00, 15:00 - 19:30","do":"08:30 - 13:00, 15:00 - 19:30","vr":"08:30 - 13:00, 15:00 - 19:30","za":"09:00 - 13:00","zo":"gesloten"}}},{"type":"Feature","geometry":{"type":"Point","coordinates":[10.99689,45.435605]},"properties":{"type":"pakketpunt","locatieNaam":"FedEx OnSite","straatNaam":"VIA DEL PONTIERE 6","straatNr":"","vervoerder":"FedEx","puntType":"servicepunt","bezettingsgraad":50,"latitude":45.435605,"longitude":10.99689,"canPickup":true,"canDropoff":true,"openingstijden":{"ma":"08:30 - 12:30, 15:00 - 19:00","di":"08:30 - 12:30, 15:00 - 19:00","wo":"08:30 - 12:30, 15:00 - 19:00","do":"08:30 - 12:30, 15:00 - 19:00","vr":"08:30 - 12:30, 15:00 - 19:00","za":"08:30 - 12:30, 15:30 - 19:00","zo":"gesloten"}}},{"type":"Feature","geometry":{"type":"Point","coordinates":[10.998886243623595,45.44142935020135]},"properties":{"type":"pakketpunt","locatieNaam":"FedEx OnSite","straatNaam":"Via Cappello, 35c","straatNr":"","vervoerder":"FedEx","puntType":"servicepunt","bezettingsgraad":50,"latitude":45.44142935020135,"longitude":10.998886243623595,"canPickup":true,"canDropoff":true,"openingstijden":{"ma":"10:00 - 21:00","di":"10:00 - 21:00","wo":"10:00 - 21:00","do":"10:00 - 21:00","vr":"10:00 - 21:00","za":"10:00 - 21:00","zo":"10:00 - 21:00"}}},{"type":"Feature","geometry":{"type":"Point","coordinates":[10.99986184723873,45.439997923105786]},"properties":{"type":"pakketpunt","locatieNaam":"FedEx OnSite","straatNaam":"Via Leoni, 6c","straatNr":"","vervoerder":"FedEx","puntType":"servicepunt","bezettingsgraad":50,"latitude":45.439997923105786,"longitude":10.99986184723873,"canPickup":true,"canDropoff":true,"openingstijden":{"ma":"15:00 - 19:30","di":"10:00 - 13:30, 15:00 - 19:30","wo":"10:00 - 13:30, 15:00 - 19:30","do":"10:00 - 13:30, 15:00 - 19:30","vr":"10:00 - 13:30, 15:00 - 19:30","za":"10:00 - 13:30, 15:00 - 19:30","zo":"gesloten"}}},{"type":"Feature","geometry":{"type":"Point","coordinates":[11.00752,45.439512]},"properties":{"type":"pakketpunt","locatieNaam":"FedEx OnSite","straatNaam":"Via XX settembre, 44","straatNr":"","vervoerder":"FedEx","puntType":"servicepunt","bezettingsgraad":50,"latitude":45.439512,"longitude":11.00752,"canPickup":true,"canDropoff":true,"openingstijden":{"ma":"06:30 - 20:00","di":"06:30 - 20:00","wo":"06:30 - 20:00","do":"06:30 - 20:00","vr":"06:30 - 20:00","za":"gesloten","zo":"gesloten"}}},{"type":"Feature","geometry":{"type":"Point","coordinates":[11.001151,45.451013]},"properties":{"type":"pakketpunt","locatieNaam":"FedEx OnSite","straatNaam":"via Marsala, 2/C","straatNr":"","vervoerder":"FedEx","puntType":"servicepunt","bezettingsgraad":50,"latitude":45.451013,"longitude":11.001151,"canPickup":true,"canDropoff":true,"openingstijden":{"ma":"07:30 - 13:00, 16:00 - 19:30","di":"07:30 - 13:00, 16:00 - 19:30","wo":"07:30 - 13:00, 16:00 - 19:30","do":"07:30 - 13:00, 16:00 - 19:30","vr":"07:30 - 13:00, 16:00 - 19:30","za":"08:00 - 13:00","zo":"gesloten"}}},{"type":"Feature","geometry":{"type":"Point","coordinates":[10.989229406745928,45.471156329111956]},"properties":{"type":"pakketpunt","locatieNaam":"FedEx OnSite","straatNaam":"Via podgora, 5","straatNr":"","vervoerder":"FedEx","puntType":"servicepunt","bezettingsgraad":50,"latitude":45.471156329111956,"longitude":10.989229406745928,"canPickup":true,"canDropoff":true,"openingstijden":{"ma":"07:30 - 21:00","di":"07:30 - 21:00","wo":"07:30 - 21:00","do":"07:30 - 21:00","vr":"07:30 - 21:00","za":"08:30 - 14:00","zo":"08:30 - 14:00"}}},{"type":"Feature","geometry":{"type":"Point","coordinates":[11.011277,45.440398]},"properties":{"type":"pakketpunt","locatieNaam":"FedEx OnSite","straatNaam":"VIA SAN NAZARO, 43","straatNr":"","vervoerder":"FedEx","puntType":"servicepunt","bezettingsgraad":50,"latitude":45.440398,"longitude":11.011277,"canPickup":true,"canDropoff":true,"openingstijden":{"ma":"09:30 - 13:30, 14:30 - 18:30","di":"09:30 - 13:30, 14:30 - 18:30","wo":"09:30 - 13:30, 14:30 - 18:30","do":"09:30 - 13:30, 14:30 - 18:30","vr":"09:30 - 13:30, 14:30 - 18:30","za":"10:00 - 17:00","zo":"gesloten"}}},{"type":"Feature","geometry":{"type":"Point","coordinates":[11.014501264103517,45.440265641941615]},"properties":{"type":"pakketpunt","locatieNaam":"FedEx OnSite","straatNaam":"SALITA SAN SEPOLCRO, 5","straatNr":"","vervoerder":"FedEx","puntType":"servicepunt","bezettingsgraad":50,"latitude":45.440265641941615,"longitude":11.014501264103517,"canPickup":true,"canDropoff":true,"openingstijden":{"ma":"09:00 - 13:00, 15:00 - 19:00","di":"09:00 - 13:00, 15:00 - 19:00","wo":"09:00 - 13:00, 15:00 - 19:00","do":"09:00 - 13:00, 15:00 - 19:00","vr":"09:00 - 13:00, 15:00 - 19:00","za":"09:00 - 13:00, 15:00 - 18:00","zo":"09:00 - 13:00"}}},{"type":"Feature","geometry":{"type":"Point","coordinates":[11.016504708364847,45.43989983400335]},"properties":{"type":"pakketpunt","locatieNaam":"FedEx OnSite","straatNaam":"Corso Venezia, 3A","straatNr":"","vervoerder":"FedEx","puntType":"servicepunt","bezettingsgraad":50,"latitude":45.43989983400335,"longitude":11.016504708364847,"canPickup":true,"canDropoff":true,"openingstijden":{"ma":"06:00 - 12:30, 15:00 - 19:00","di":"06:00 - 12:30, 15:00 - 19:00","wo":"06:00 - 12:30, 15:00 - 19:00","do":"06:00 - 12:30, 15:00 - 19:00","vr":"06:00 - 12:30, 15:00 - 19:00","za":"06:00 - 12:30","zo":"gesloten"}}},{"type":"Feature","geometry":{"type":"Point","coordinates":[11.0173641633085,45.440579639200095]},"properties":{"type":"pakketpunt","locatieNaam":"FedEx OnSite","straatNaam":"VIA ROSA MORANDO, 18/A","straatNr":"","vervoerder":"FedEx","puntType":"servicepunt","bezettingsgraad":50,"latitude":45.440579639200095,"longitude":11.0173641633085,"canPickup":true,"canDropoff":true,"openingstijden":{"ma":"09:00 - 19:00","di":"09:00 - 19:00","wo":"09:00 - 19:00","do":"09:00 - 19:00","vr":"09:00 - 19:00","za":"09:00 - 14:00","zo":"gesloten"}}},{"type":"Feature","geometry":{"type":"Point","coordinates":[11.02201115503568,45.44244893872141]},"properties":{"type":"pakketpunt","locatieNaam":"FedEx OnSite","straatNaam":"Via Gerolamo Campagna, 6","straatNr":"","vervoerder":"FedEx","puntType":"servicepunt","bezettingsgraad":50,"latitude":45.44244893872141,"longitude":11.02201115503568,"canPickup":true,"canDropoff":true,"openingstijden":{"ma":"07:00 - 20:00","di":"07:00 - 20:00","wo":"07:00 - 20:00","do":"07:00 - 20:00","vr":"07:00 - 20:00","za":"07:00 - 20:00","zo":"gesloten"}}},{"type":"Feature","geometry":{"type":"Point","coordinates":[11.019483275760255,45.45044049257758]},"properties":{"type":"pakketpunt","locatieNaam":"FedEx OnSite","straatNaam":"VIA FINCATO, 53 B","straatNr":"","vervoerder":"FedEx","puntType":"servicepunt","bezettingsgraad":50,"latitude":45.45044049257758,"longitude":11.019483275760255,"canPickup":true,"canDropoff":true,"openingstijden":{"ma":"09:30 - 12:30, 15:30 - 19:30","di":"09:30 - 12:30, 15:30 - 19:30","wo":"09:30 - 12:30, 15:30 - 19:30","do":"09:30 - 12:30, 15:30 - 19:30","vr":"09:30 - 12:30, 15:30 - 19:30","za":"09:30 - 12:30, 15:30 - 19:30","zo":"gesloten"}}},{"type":"Feature","geometry":{"type":"Point","coordinates":[11.015316249073788,45.471675080930716]},"properties":{"type":"pakketpunt","locatieNaam":"FedEx OnSite","straatNaam":"Via Poiano, 43","straatNr":"","vervoerder":"FedEx","puntType":"servicepunt","bezettingsgraad":50,"latitude":45.471675080930716,"longitude":11.015316249073788,"canPickup":true,"canDropoff":true,"openingstijden":{"ma":"06:00 - 15:30","di":"06:00 - 15:30","wo":"06:00 - 15:30","do":"06:00 - 15:30","vr":"06:00 - 15:30","za":"06:00 - 13:00","zo":"07:00 - 12:30"}}},{"type":"Feature","geometry":{"type":"Point","coordinates":[11.043259568373838,45.43357479754447]},"properties":{"type":"pakketpunt","locatieNaam":"FedEx OnSite","straatNaam":"Via Unità d'Italia, 130","straatNr":"","vervoerder":"FedEx","puntType":"servicepunt","bezettingsgraad":50,"latitude":45.43357479754447,"longitude":11.043259568373838,"canPickup":true,"canDropoff":true,"openingstijden":{"ma":"09:00 - 13:30, 15:00 - 20:00","di":"09:00 - 13:30, 15:00 - 20:00","wo":"09:00 - 13:30, 15:00 - 20:00","do":"09:00 - 13:30, 15:00 - 20:00","vr":"09:00 - 13:30, 15:00 - 20:00","za":"09:00 - 13:30, 15:00 - 20:00","zo":"gesloten"}}},{"type":"Feature","geometry":{"type":"Point","coordinates":[11.060136,45.42966]},"properties":{"type":"pakketpunt","locatieNaam":"FedEx OnSite","straatNaam":"Via Unità  d'Italia, 366","straatNr":"","vervoerder":"FedEx","puntType":"servicepunt","bezettingsgraad":50,"latitude":45.42966,"longitude":11.060136,"canPickup":true,"canDropoff":true,"openingstijden":{"ma":"09:00 - 13:00, 15:00 - 19:00","di":"09:00 - 12:30, 15:30 - 19:00","wo":"09:00 - 12:30, 15:30 - 19:00","do":"09:00 - 12:30, 15:30 - 19:00","vr":"09:00 - 12:30, 15:30 - 19:00","za":"09:30 - 12:30, 15:00 - 19:00","zo":"gesloten"}}},{"type":"Feature","geometry":{"type":"Point","coordinates":[11.062632150314501,45.457213212521275]},"properties":{"type":"pakketpunt","locatieNaam":"FedEx OnSite","straatNaam":"PIAZZALE BUCCARI 18","straatNr":"","vervoerder":"FedEx","puntType":"servicepunt","bezettingsgraad":50,"latitude":45.457213212521275,"longitude":11.062632150314501,"canPickup":true,"canDropoff":true,"openingstijden":{"ma":"08:00 - 12:30, 16:00 - 19:30","di":"08:00 - 12:30, 16:00 - 19:30","wo":"08:00 - 12:30, 16:00 - 19:30","do":"08:00 - 12:30, 16:00 - 19:30","vr":"08:00 - 12:30, 16:00 - 19:30","za":"08:00 - 12:30","zo":"gesloten"}}},{"type":"Feature","geometry":{"type":"Polygon","coordinates":[[[10.8909074,45.4439649],[10.8911908,45.4440945],[10.9007008,45.4377482],[10.9029938,45.436048],[10.9042008,45.4349928],[10.9049615,45.4342148],[10.9059867,45.432995],[10.9064607,45.4323093],[10.9064199,45.4317122],[10.9057199,45.4306013],[10.9057278,45.4302221],[10.9058859,45.4300009],[10.9063002,45.4296951],[10.9065869,45.4296028],[10.907084,45.4296091],[10.9078758,45.4297562],[10.909101,45.4271044],[10.9057763,45.427139],[10.911511,45.4151694],[10.9151567,45.408171],[10.9152892,45.407825],[10.9153006,45.4068483],[10.9168081,45.4042144],[10.919342,45.3990982],[10.9207848,45.3964342],[10.9215266,45.3953522],[10.9232418,45.3931292],[10.9296462,45.3851639],[10.9296815,45.3850536],[10.9267127,45.3818675],[10.9288476,45.3748379],[10.9295242,45.375855],[10.9301313,45.376544],[10.9337397,45.3790884],[10.9360153,45.3813399],[10.9377193,45.3828057],[10.9376361,45.3835591],[10.9388023,45.3837472],[10.9407015,45.385278],[10.9408589,45.3852755],[10.9485921,45.3815374],[10.9460372,45.3762604],[10.9441758,45.3730422],[10.9434698,45.372149],[10.953705,45.3716674],[10.9539226,45.3717312],[10.9539709,45.3724388],[10.9561487,45.3724352],[10.9567331,45.377587],[10.9587927,45.3776192],[10.9680984,45.3781676],[10.9658258,45.3744359],[10.9708715,45.3567138],[10.9710101,45.3558848],[10.9710602,45.3545682],[10.971778,45.3545727],[10.9727652,45.3543972],[10.9737504,45.3546695],[10.9744379,45.3547511],[10.9792762,45.3535626],[10.980182,45.3554394],[10.9814307,45.3576275],[10.9809866,45.3586136],[10.984836,45.3591148],[10.9870511,45.357038],[10.9876318,45.3570643],[10.9897913,45.3579207],[10.9909666,45.3580014],[10.9909313,45.3576815],[10.9900956,45.3563635],[10.9894925,45.3548558],[10.9886559,45.3541957],[10.9881097,45.3536316],[10.9873293,45.3518403],[10.9870338,45.3514399],[10.9869747,45.3510441],[10.9873424,45.3509848],[10.9873445,45.3505021],[10.9874398,45.3501475],[10.9887842,45.3494402],[10.9892335,45.3499642],[10.9900922,45.3505928],[10.994583,45.3506843],[10.9960335,45.3508377],[10.9964239,45.3518499],[10.9968128,45.3520934],[10.9961252,45.3534461],[10.9957692,45.3534166],[10.9951534,45.3550276],[10.994995,45.3549935],[10.9944154,45.356778],[10.9938069,45.356643],[10.9931587,45.3584412],[10.9926096,45.3610195],[10.9926045,45.3627553],[10.9917949,45.3640948],[10.9931399,45.3648774],[10.9954895,45.3664537],[10.9966328,45.3676443],[10.9990045,45.3672055],[11.000626,45.3674095],[11.0022313,45.3676592],[11.004235,45.3685827],[11.0046319,45.3686591],[11.0085193,45.3687853],[11.008475,45.3692029],[11.0089177,45.3694591],[11.0177482,45.3705677],[11.0183892,45.3691948],[11.0184921,45.3687623],[11.0194712,45.369134],[11.0212171,45.369337],[11.0208739,45.3702],[11.0203462,45.371084],[11.0259673,45.3728569],[11.0259373,45.372993],[11.0248297,45.3742815],[11.0239172,45.37516],[11.0260999,45.3755894],[11.0273608,45.3761461],[11.0269731,45.3765471],[11.0254941,45.3772263],[11.0251737,45.3775523],[11.0242075,45.3788875],[11.0220508,45.38017],[11.0197672,45.3808387],[11.0179745,45.381131],[11.0175982,45.3832738],[11.0164463,45.3854405],[11.0148398,45.3881202],[11.0163009,45.3890552],[11.0201546,45.3843551],[11.0222652,45.3822604],[11.0243373,45.3830122],[11.0213731,45.386169],[11.0193969,45.3881135],[11.011718,45.3963797],[11.0105769,45.3977302],[11.0128465,45.399097],[11.0129339,45.399097],[11.0139307,45.398127],[11.014846,45.3991027],[11.0175269,45.4016034],[11.0182341,45.4011648],[11.0208003,45.4032186],[11.0233752,45.4046798],[11.0251252,45.4032875],[11.0252885,45.4033157],[11.0294908,45.4054607],[11.0309209,45.4061151],[11.0309392,45.405803],[11.0312476,45.4053507],[11.0314641,45.4048064],[11.0314829,45.4041205],[11.0320897,45.4016625],[11.032084,45.4008071],[11.0317527,45.3991026],[11.0315758,45.3975192],[11.031587,45.396152],[11.0322246,45.3951134],[11.0334461,45.3942256],[11.0340614,45.393909],[11.0349425,45.3936132],[11.0367305,45.3935732],[11.0384269,45.394002],[11.0401026,45.3955252],[11.041501,45.396375],[11.0423664,45.3966482],[11.0489733,45.3962255],[11.053348,45.3948989],[11.0566671,45.3935494],[11.057934,45.3927602],[11.059826,45.3938392],[11.0608398,45.3941538],[11.0615948,45.3938932],[11.0617951,45.3937366],[11.062139,45.3936628],[11.062316,45.3934796],[11.0628015,45.3932188],[11.0638973,45.3930955],[11.0658846,45.3936963],[11.0674035,45.3939097],[11.0679859,45.3940702],[11.0688554,45.3939599],[11.0692576,45.3936466],[11.0695811,45.3938027],[11.0700235,45.3938037],[11.0713974,45.3942189],[11.0712189,45.3955692],[11.0712802,45.3967233],[11.0706755,45.3970024],[11.0700815,45.3974036],[11.069623,45.3978831],[11.0694394,45.3979714],[11.0692124,45.3985189],[11.0688454,45.3990995],[11.0683666,45.3996209],[11.0679158,45.3999781],[11.0672805,45.4003253],[11.0667696,45.4008581],[11.0661355,45.4012366],[11.0658787,45.4018634],[11.0659089,45.4021672],[11.0657537,45.4032038],[11.0653488,45.4039364],[11.0668171,45.4045566],[11.067661,45.4050402],[11.0685584,45.4053772],[11.070454,45.4063821],[11.071592,45.4068394],[11.0755677,45.4078377],[11.0780418,45.4089254],[11.0786797,45.4094231],[11.0795215,45.4102494],[11.0805427,45.4115402],[11.0811264,45.4125689],[11.0813215,45.4126588],[11.0813981,45.4143409],[11.0812717,45.4149148],[11.0806229,45.4161322],[11.0798571,45.4169775],[11.0789082,45.4176598],[11.0774773,45.4184756],[11.0745088,45.420421],[11.0729665,45.4210206],[11.0716798,45.4213453],[11.0689986,45.4222773],[11.0696579,45.4233565],[11.0718236,45.4260816],[11.0726128,45.4272625],[11.0714045,45.4275337],[11.071725,45.42944],[11.0721439,45.4328202],[11.0667726,45.4368977],[11.0767286,45.4382967],[11.0779485,45.4385551],[11.0765199,45.4402542],[11.0760459,45.4414164],[11.0748544,45.4431423],[11.0746156,45.4442794],[11.0741809,45.445711],[11.0780025,45.4460572],[11.0779172,45.4465472],[11.0786591,45.446648],[11.0787797,45.4467166],[11.0787355,45.446994],[11.0795396,45.4469022],[11.0823354,45.4469539],[11.0847692,45.4471536],[11.0846693,45.4488209],[11.0848647,45.4490665],[11.0858602,45.4496001],[11.0875746,45.4502238],[11.0878606,45.450458],[11.0886148,45.450526],[11.0890796,45.4509963],[11.0890088,45.4517408],[11.0891166,45.4519972],[11.0896425,45.4526678],[11.0899297,45.4534121],[11.0902176,45.4556367],[11.0904843,45.456312],[11.091155,45.4570242],[11.0917147,45.4571525],[11.0919459,45.4573561],[11.0925442,45.4582837],[11.0927244,45.4590425],[11.0926372,45.4598316],[11.0927239,45.4604788],[11.0927026,45.4611154],[11.0924816,45.4616737],[11.0924366,45.462632],[11.0923008,45.4630753],[11.092358,45.4648632],[11.0915696,45.4665406],[11.0909278,45.4675854],[11.0917314,45.4678699],[11.0908862,45.4687011],[11.0896637,45.4694645],[11.0893029,45.4697954],[11.0889044,45.4699956],[11.0878186,45.4703012],[11.0872909,45.4705733],[11.0872402,45.4706823],[11.0881306,45.4736998],[11.0889035,45.4759089],[11.0888732,45.4765734],[11.0887488,45.4770698],[11.0883715,45.4775475],[11.0890652,45.4793952],[11.0889451,45.4817828],[11.0893945,45.4832568],[11.0895536,45.4845894],[11.089308,45.4850725],[11.0893206,45.4866007],[11.089561,45.487461],[11.0904411,45.4894749],[11.0922935,45.4925507],[11.0921759,45.4937711],[11.0922438,45.4971865],[11.0923393,45.4978305],[11.0930895,45.4983893],[11.093164,45.4991027],[11.0935799,45.4998276],[11.0937661,45.5003274],[11.0939337,45.5009295],[11.0939075,45.5011265],[11.0932952,45.5017981],[11.0940254,45.5037027],[11.0958783,45.5036294],[11.0969875,45.5036955],[11.0976402,45.5044146],[11.0990181,45.5044914],[11.0989569,45.5049485],[11.1007293,45.5060164],[11.1012171,45.5053078],[11.1037624,45.5055125],[11.1051544,45.5059664],[11.1055718,45.5063674],[11.1075765,45.5064641],[11.1084094,45.5066138],[11.1099445,45.5073086],[11.1105393,45.5073683],[11.1108836,45.5067096],[11.1119428,45.5069337],[11.112419,45.5074122],[11.1130171,45.5078571],[11.1143077,45.5079904],[11.1157283,45.5086086],[11.1161093,45.5086331],[11.1163581,45.5084084],[11.117823,45.5084205],[11.118624,45.5089087],[11.1195137,45.5096782],[11.1202123,45.5101213],[11.1201991,45.5103652],[11.120434,45.5106674],[11.1196918,45.5111449],[11.1196074,45.5112801],[11.1198844,45.5118096],[11.1209301,45.5113735],[11.1220294,45.5123592],[11.1223925,45.5110161],[11.1238851,45.5118154],[11.1238713,45.5122825],[11.1234668,45.512696],[11.1234197,45.5131177],[11.1230703,45.5138807],[11.1217379,45.5145366],[11.1216652,45.5150475],[11.1215136,45.5152054],[11.1205954,45.5155029],[11.1203199,45.5157148],[11.1201667,45.5159686],[11.1200608,45.5165803],[11.1196954,45.5169116],[11.1196201,45.5175627],[11.118266,45.5187692],[11.1181002,45.5191082],[11.1177452,45.5194432],[11.1180144,45.5201101],[11.118016,45.5207118],[11.118376,45.521342],[11.1182591,45.5215267],[11.1179423,45.5217578],[11.1177754,45.5220709],[11.1178298,45.5227499],[11.1176532,45.5233586],[11.1176853,45.5239338],[11.1176199,45.5241491],[11.1171004,45.5245127],[11.1170587,45.5248014],[11.1169634,45.5249175],[11.1159866,45.5251977],[11.115813,45.5253302],[11.1156234,45.5258057],[11.1150985,45.5260923],[11.1150318,45.5264147],[11.1144528,45.5266579],[11.1143708,45.5269917],[11.1140265,45.5274758],[11.1122598,45.5283252],[11.1122486,45.5287277],[11.1121552,45.5288294],[11.1111129,45.5294652],[11.1110482,45.5296361],[11.1110892,45.5300968],[11.1107683,45.5304312],[11.1105807,45.5308923],[11.1100135,45.5315968],[11.109963,45.53193],[11.1097089,45.5323696],[11.1096557,45.5329131],[11.110041,45.5331017],[11.1100958,45.5333037],[11.1094318,45.5338767],[11.1090945,45.5345474],[11.1090591,45.5353557],[11.1094347,45.5358507],[11.1094146,45.5360173],[11.1086848,45.5363038],[11.1072022,45.5376052],[11.1068541,45.5380571],[11.1066474,45.5387106],[11.1061927,45.5390512],[11.1056119,45.5393084],[11.0999713,45.5384216],[11.0947865,45.5373597],[11.0917069,45.5370612],[11.0917647,45.5365999],[11.0915298,45.5358153],[11.0909683,45.5358124],[11.0910645,45.5368889],[11.0907725,45.5370914],[11.0903104,45.5372445],[11.0900113,45.53725],[11.089876,45.5371341],[11.0898318,45.5369509],[11.0900663,45.5362103],[11.0900315,45.535777],[11.0890372,45.5357031],[11.0892211,45.5361205],[11.0891924,45.5363577],[11.088844,45.5365482],[11.0872404,45.5366958],[11.0860569,45.5370725],[11.0852043,45.5377981],[11.0845227,45.5380867],[11.083943,45.5380973],[11.0830147,45.5377855],[11.0827088,45.5376069],[11.0825502,45.5378728],[11.0823231,45.5378904],[11.0801855,45.5375029],[11.0785357,45.5367616],[11.0772056,45.5356233],[11.0745484,45.5342968],[11.0736082,45.5342468],[11.0736861,45.5346366],[11.0741019,45.5351321],[11.0747505,45.5354668],[11.0746397,45.5359159],[11.0740783,45.5362167],[11.0742319,45.5365046],[11.0742081,45.5371532],[11.0744863,45.5377965],[11.0740618,45.5383631],[11.0740879,45.5386421],[11.0757267,45.5399536],[11.0757998,45.5402094],[11.0757572,45.5407802],[11.076133,45.5410528],[11.07736,45.5415341],[11.0769416,45.5416354],[11.0762344,45.5415971],[11.0760242,45.5416667],[11.074129,45.5415706],[11.0729062,45.5418375],[11.0725704,45.5417892],[11.0725989,45.5415579],[11.0722623,45.541064],[11.0723006,45.5408156],[11.0725616,45.5405443],[11.0726465,45.5402713],[11.072463,45.5400698],[11.0716969,45.5396933],[11.071585,45.5391667],[11.0713907,45.5388607],[11.0714331,45.5387218],[11.0716945,45.5384599],[11.0717326,45.5382068],[11.0712452,45.537849],[11.0709063,45.537479],[11.0708196,45.5368662],[11.0705644,45.5365565],[11.0697189,45.5363962],[11.0695617,45.5366247],[11.0684411,45.5375747],[11.0652892,45.5382479],[11.0659338,45.5373606],[11.0660612,45.5369584],[11.0659409,45.5365208],[11.0653054,45.5359992],[11.0637785,45.5352137],[11.0633955,45.5348541],[11.0629165,45.534203],[11.0629136,45.5341231],[11.0637437,45.5340015],[11.0645172,45.5336343],[11.0649503,45.5332932],[11.0654333,45.5327581],[11.0655657,45.5324891],[11.0655301,45.5317767],[11.0658576,45.5313976],[11.0657572,45.5307263],[11.0655397,45.5304837],[11.0656638,45.5302482],[11.0654239,45.529133],[11.0653977,45.5281605],[11.0655308,45.5279115],[11.065893,45.527705],[11.0661857,45.5274132],[11.0662481,45.5270456],[11.0661312,45.5267011],[11.0655024,45.5258395],[11.0653067,45.5248967],[11.0652136,45.5239055],[11.0655443,45.5230997],[11.0655938,45.5223791],[11.0657739,45.5216029],[11.0657187,45.5211307],[11.0652126,45.5205134],[11.0644193,45.5187818],[11.0642522,45.5186182],[11.0639775,45.5186231],[11.0632867,45.5189156],[11.0616979,45.5197972],[11.0609016,45.5200582],[11.0601,45.5201726],[11.0605989,45.5195572],[11.0614772,45.5181685],[11.0617482,45.5172839],[11.0618162,45.5165496],[11.0614042,45.5153909],[11.0607703,45.5146426],[11.0617223,45.513979],[11.0621679,45.5134645],[11.0625147,45.5120587],[11.0625215,45.5117254],[11.0619012,45.5103105],[11.0615859,45.5092033],[11.0613328,45.5087614],[11.0609965,45.5083809],[11.0605595,45.5080889],[11.0599503,45.50776],[11.058847,45.5073934],[11.0580204,45.5096741],[11.0546394,45.5084488],[11.0510126,45.5093204],[11.050055,45.509051],[11.0489976,45.5102095],[11.0484502,45.5105326],[11.0485139,45.5099383],[11.0480458,45.5098401],[11.047838,45.5106435],[11.0474978,45.5106696],[11.0477735,45.5117376],[11.0466003,45.5117986],[11.0469567,45.5127385],[11.046213,45.5129242],[11.0457141,45.5123441],[11.0449959,45.5118813],[11.0442053,45.5116423],[11.0434818,45.5115462],[11.0422065,45.5117219],[11.040438,45.5117316],[11.0401271,45.5118899],[11.0394184,45.5120291],[11.0388785,45.5123748],[11.0382307,45.5125814],[11.0379259,45.5125401],[11.0375841,45.5122597],[11.0361034,45.5116797],[11.0356,45.5116487],[11.0343569,45.5121373],[11.0332311,45.5121974],[11.0304166,45.5116877],[11.0279483,45.5115782],[11.0261577,45.5113367],[11.0260712,45.511305],[11.0265897,45.5109625],[11.0258489,45.5098628],[11.0230964,45.5102848],[11.021219,45.5097383],[11.0204392,45.509433],[11.0207304,45.5082032],[11.0170139,45.5079667],[11.0169427,45.5086276],[11.0133668,45.5085508],[11.0133115,45.5083318],[11.0119625,45.5082424],[11.0086341,45.5081943],[11.005577,45.5083146],[11.0056173,45.5089138],[11.0031292,45.5087775],[11.0021887,45.5100535],[11.0017574,45.5104542],[11.0012068,45.5106971],[11.0012595,45.5116635],[11.0011795,45.5123304],[11.0009443,45.5126476],[11.0004931,45.5130221],[11.0003541,45.5133777],[10.9986161,45.5133671],[10.9981745,45.5130799],[10.9987351,45.5126658],[10.9987414,45.5125055],[10.9984549,45.5118619],[10.9962015,45.5118423],[10.9956917,45.511769],[10.9956471,45.5115867],[10.9956999,45.5114974],[10.9958742,45.511293],[10.9960871,45.5111911],[10.9961098,45.5106457],[10.9963574,45.5102633],[10.9932394,45.5104197],[10.9921337,45.5099841],[10.9913895,45.5099465],[10.9901966,45.5094196],[10.9886388,45.5090761],[10.9879194,45.5090633],[10.9867871,45.5092347],[10.9841217,45.5092101],[10.9838124,45.5096325],[10.9836947,45.5112595],[10.9835271,45.511547],[10.9837089,45.5120355],[10.9831526,45.5122197],[10.9791091,45.5125072],[10.9792578,45.5138089],[10.9787053,45.5142169],[10.9781821,45.5144797],[10.9777868,45.5144744],[10.9774303,45.5141063],[10.9764291,45.5124933],[10.9763212,45.511372],[10.9757198,45.5108752],[10.9745811,45.511221],[10.9741293,45.5110719],[10.9734063,45.511024],[10.9725066,45.5108342],[10.9690697,45.5120296],[10.9685401,45.5114579],[10.9682116,45.5109619],[10.9680368,45.5105195],[10.9664709,45.5106364],[10.9664964,45.5098872],[10.9662903,45.5089005],[10.9662671,45.5082367],[10.9674913,45.505414],[10.967905,45.5039819],[10.9668585,45.504012],[10.965762,45.503101],[10.9658293,45.5020734],[10.9655316,45.5014143],[10.9651544,45.5009377],[10.9642275,45.5004585],[10.9635707,45.4996154],[10.9632358,45.4989165],[10.9633297,45.4987958],[10.9637708,45.4986692],[10.9638227,45.4978536],[10.9640104,45.4976123],[10.9641872,45.4975716],[10.964473,45.4975918],[10.9670041,45.4991007],[10.967334,45.4985584],[10.966776,45.4981847],[10.9662501,45.4976929],[10.9660924,45.4973378],[10.9660676,45.4966279],[10.9652386,45.4961924],[10.9641708,45.4957865],[10.9629535,45.4956797],[10.9614461,45.4949646],[10.9605619,45.4944073],[10.9596821,45.4931295],[10.9599922,45.4927267],[10.960455,45.4915295],[10.9609545,45.4908711],[10.9613512,45.4900421],[10.9602364,45.4890005],[10.9606675,45.4888653],[10.9607508,45.4883324],[10.9605265,45.4879376],[10.9603235,45.4879513],[10.9589817,45.4888637],[10.9576722,45.4883955],[10.9576636,45.4881452],[10.9551438,45.4884029],[10.953623,45.4887612],[10.9532097,45.4885741],[10.9521278,45.4885977],[10.9511236,45.4881344],[10.9490164,45.4875009],[10.945549,45.4870336],[10.9415948,45.4861097],[10.9417562,45.4857946],[10.9390218,45.4850594],[10.9395462,45.4836194],[10.9393891,45.4830599],[10.938026,45.4835686],[10.9360166,45.4847826],[10.935449,45.4845049],[10.9344263,45.4842195],[10.9352164,45.4828879],[10.9346062,45.4820788],[10.9327584,45.4828404],[10.9330539,45.4818557],[10.9316883,45.4811662],[10.9313653,45.4813498],[10.9308943,45.4817821],[10.9310862,45.4810351],[10.9310415,45.4804104],[10.9288853,45.4814663],[10.9281451,45.4816574],[10.9272455,45.4817212],[10.9264712,45.4816227],[10.9260244,45.4814515],[10.9249791,45.4810174],[10.9243677,45.4806074],[10.923,45.4794747],[10.9222575,45.4787203],[10.9218181,45.4780973],[10.921576,45.4775655],[10.9208358,45.4748674],[10.9206381,45.4738831],[10.9204539,45.4732978],[10.9202005,45.4728714],[10.9191719,45.4716069],[10.9186168,45.4710909],[10.9172741,45.4702414],[10.9162287,45.4697967],[10.9156092,45.4695923],[10.9131996,45.4692002],[10.9121429,45.469143],[10.911032,45.4692128],[10.9087993,45.4696698],[10.9072726,45.4702051],[10.9065304,45.4706202],[10.9060275,45.4700563],[10.9062657,45.4698889],[10.9052315,45.4695475],[10.9030017,45.4691668],[10.9029743,45.469005],[10.9020947,45.4686743],[10.9017359,45.467995],[10.9012058,45.4680969],[10.9006517,45.4680073],[10.8982271,45.4669591],[10.8968144,45.4664422],[10.8937917,45.4656277],[10.8936478,45.4659183],[10.891983,45.4655136],[10.8894915,45.4650604],[10.8876695,45.464369],[10.8843546,45.4628475],[10.88071,45.4617905],[10.8787562,45.4615435],[10.8775135,45.4615099],[10.8773649,45.4608908],[10.8768795,45.4609168],[10.8768521,45.4608633],[10.8774251,45.4592325],[10.8780923,45.45851],[10.8787284,45.4576258],[10.8807847,45.4559526],[10.8775171,45.4539077],[10.8775013,45.4538179],[10.8800352,45.4526593],[10.8814399,45.4517985],[10.8820931,45.4518148],[10.8823588,45.4517203],[10.8835447,45.450827],[10.8841392,45.4506191],[10.8859505,45.4478423],[10.8856054,45.4474298],[10.8909074,45.4439649]]]},"properties":{"type":"boundary","gemeente":"Verona"}}]}